0.0797885 0 2.39804
0.0797763 0.0013925 2.39804
0.0797399 0.00278458 2.39804
0.0796791 0.00417581 2.39804
0.0795941 0.00556576 2.39804
0.0794848 0.00695402 2.39804
0.0793514 0.00834016 2.39804
0.0791937 0.00972377 2.39804
0.079012 0.0111044 2.39804
0.0788061 0.0124817 2.39804
0.0785763 0.0138551 2.39804
0.0783225 0.0152244 2.39804
0.0780449 0.016589 2.39804
0.0777435 0.0179485 2.39804
0.0774184 0.0193026 2.39804
0.0770697 0.0206508 2.39804
0.0766976 0.0219927 2.39804
0.0763021 0.0233279 2.39804
0.0758833 0.024656 2.39804
0.0754415 0.0259766 2.39804
0.0749766 0.0272893 2.39804
0.0744889 0.0285936 2.39804
0.0739786 0.0298893 2.39804
0.0734457 0.0311758 2.39804
0.0728904 0.0324529 2.39804
0.0723129 0.0337201 2.39804
0.0717134 0.034977 2.39804
0.071092 0.0362232 2.39804
0.070449 0.0374584 2.39804
0.0697846 0.0386822 2.39804
0.0690988 0.0398942 2.39804
0.0683921 0.0410941 2.39804
0.0676644 0.0422814 2.39804
0.0669162 0.0434559 2.39804
0.0661476 0.0446171 2.39804
0.0653589 0.0457648 2.39804
0.0645502 0.0468985 2.39804
0.0637219 0.0480179 2.39804
0.0628742 0.0491227 2.39804
0.0620073 0.0502125 2.39804
0.0611215 0.051287 2.39804
0.0602171 0.0523459 2.39804
0.0592944 0.0533889 2.39804
0.0583536 0.0544156 2.39804
0.057395 0.0554257 2.39804
0.056419 0.056419 2.39804
0.0554257 0.057395 2.39804
0.0544156 0.0583536 2.39804
0.0533889 0.0592944 2.39804
0.0523459 0.0602171 2.39804
0.051287 0.0611215 2.39804
0.0502125 0.0620073 2.39804
0.0491227 0.0628742 2.39804
0.0480179 0.0637219 2.39804
0.0468985 0.0645502 2.39804
0.0457648 0.0653589 2.39804
0.0446171 0.0661476 2.39804
0.0434559 0.0669162 2.39804
0.0422814 0.0676644 2.39804
0.0410941 0.0683921 2.39804
0.0398942 0.0690988 2.39804
0.0386822 0.0697846 2.39804
0.0374584 0.070449 2.39804
0.0362232 0.071092 2.39804
0.034977 0.0717134 2.39804
0.0337201 0.0723129 2.39804
0.0324529 0.0728904 2.39804
0.0311758 0.0734457 2.39804
0.0298893 0.0739786 2.39804
0.0285936 0.0744889 2.39804
0.0272893 0.0749766 2.39804
0.0259766 0.0754415 2.39804
0.024656 0.0758833 2.39804
0.0233279 0.0763021 2.39804
0.0219927 0.0766976 2.39804
0.0206508 0.0770697 2.39804
0.0193026 0.0774184 2.39804
0.0179485 0.0777435 2.39804
0.016589 0.0780449 2.39804
0.0152244 0.0783225 2.39804
0.0138551 0.0785763 2.39804
0.0124817 0.0788061 2.39804
0.0111044 0.079012 2.39804
0.00972377 0.0791937 2.39804
0.00834016 0.0793514 2.39804
0.00695402 0.0794848 2.39804
0.00556576 0.0795941 2.39804
0.00417581 0.0796791 2.39804
0.00278458 0.0797399 2.39804
0.0013925 0.0797763 2.39804
4.88563e-18 0.0797885 2.39804
-0.0013925 0.0797763 2.39804
-0.00278458 0.0797399 2.39804
-0.00417581 0.0796791 2.39804
-0.00556576 0.0795941 2.39804
-0.00695402 0.0794848 2.39804
-0.00834016 0.0793514 2.39804
-0.00972377 0.0791937 2.39804
-0.0111044 0.079012 2.39804
-0.0124817 0.0788061 2.39804
-0.0138551 0.0785763 2.39804
-0.0152244 0.0783225 2.39804
-0.016589 0.0780449 2.39804
-0.0179485 0.0777435 2.39804
-0.0193026 0.0774184 2.39804
-0.0206508 0.0770697 2.39804
-0.0219927 0.0766976 2.39804
-0.0233279 0.0763021 2.39804
-0.024656 0.0758833 2.39804
-0.0259766 0.0754415 2.39804
-0.0272893 0.0749766 2.39804
-0.0285936 0.0744889 2.39804
-0.0298893 0.0739786 2.39804
-0.0311758 0.0734457 2.39804
-0.0324529 0.0728904 2.39804
-0.0337201 0.0723129 2.39804
-0.034977 0.0717134 2.39804
-0.0362232 0.071092 2.39804
-0.0374584 0.070449 2.39804
-0.0386822 0.0697846 2.39804
-0.0398942 0.0690988 2.39804
-0.0410941 0.0683921 2.39804
-0.0422814 0.0676644 2.39804
-0.0434559 0.0669162 2.39804
-0.0446171 0.0661476 2.39804
-0.0457648 0.0653589 2.39804
-0.0468985 0.0645502 2.39804
-0.0480179 0.0637219 2.39804
-0.0491227 0.0628742 2.39804
-0.0502125 0.0620073 2.39804
-0.051287 0.0611215 2.39804
-0.0523459 0.0602171 2.39804
-0.0533889 0.0592944 2.39804
-0.0544156 0.0583536 2.39804
-0.0554257 0.057395 2.39804
-0.056419 0.056419 2.39804
-0.057395 0.0554257 2.39804
-0.0583536 0.0544156 2.39804
-0.0592944 0.0533889 2.39804
-0.0602171 0.0523459 2.39804
-0.0611215 0.051287 2.39804
-0.0620073 0.0502125 2.39804
-0.0628742 0.0491227 2.39804
-0.0637219 0.0480179 2.39804
-0.0645502 0.0468985 2.39804
-0.0653589 0.0457648 2.39804
-0.0661476 0.0446171 2.39804
-0.0669162 0.0434559 2.39804
-0.0676644 0.0422814 2.39804
-0.0683921 0.0410941 2.39804
-0.0690988 0.0398942 2.39804
-0.0697846 0.0386822 2.39804
-0.070449 0.0374584 2.39804
-0.071092 0.0362232 2.39804
-0.0717134 0.034977 2.39804
-0.0723129 0.0337201 2.39804
-0.0728904 0.0324529 2.39804
-0.0734457 0.0311758 2.39804
-0.0739786 0.0298893 2.39804
-0.0744889 0.0285936 2.39804
-0.0749766 0.0272893 2.39804
-0.0754415 0.0259766 2.39804
-0.0758833 0.024656 2.39804
-0.0763021 0.0233279 2.39804
-0.0766976 0.0219927 2.39804
-0.0770697 0.0206508 2.39804
-0.0774184 0.0193026 2.39804
-0.0777435 0.0179485 2.39804
-0.0780449 0.016589 2.39804
-0.0783225 0.0152244 2.39804
-0.0785763 0.0138551 2.39804
-0.0788061 0.0124817 2.39804
-0.079012 0.0111044 2.39804
-0.0791937 0.00972377 2.39804
-0.0793514 0.00834016 2.39804
-0.0794848 0.00695402 2.39804
-0.0795941 0.00556576 2.39804
-0.0796791 0.00417581 2.39804
-0.0797399 0.00278458 2.39804
-0.0797763 0.0013925 2.39804
-0.0797885 9.77127e-18 2.39804
-0.0797763 -0.0013925 2.39804
-0.0797399 -0.00278458 2.39804
-0.0796791 -0.00417581 2.39804
-0.0795941 -0.00556576 2.39804
-0.0794848 -0.00695402 2.39804
-0.0793514 -0.00834016 2.39804
-0.0791937 -0.00972377 2.39804
-0.079012 -0.0111044 2.39804
-0.0788061 -0.0124817 2.39804
-0.0785763 -0.0138551 2.39804
-0.0783225 -0.0152244 2.39804
-0.0780449 -0.016589 2.39804
-0.0777435 -0.0179485 2.39804
-0.0774184 -0.0193026 2.39804
-0.0770697 -0.0206508 2.39804
-0.0766976 -0.0219927 2.39804
-0.0763021 -0.0233279 2.39804
-0.0758833 -0.024656 2.39804
-0.0754415 -0.0259766 2.39804
-0.0749766 -0.0272893 2.39804
-0.0744889 -0.0285936 2.39804
-0.0739786 -0.0298893 2.39804
-0.0734457 -0.0311758 2.39804
-0.0728904 -0.0324529 2.39804
-0.0723129 -0.0337201 2.39804
-0.0717134 -0.034977 2.39804
-0.071092 -0.0362232 2.39804
-0.070449 -0.0374584 2.39804
-0.0697846 -0.0386822 2.39804
-0.0690988 -0.0398942 2.39804
-0.0683921 -0.0410941 2.39804
-0.0676644 -0.0422814 2.39804
-0.0669162 -0.0434559 2.39804
-0.0661476 -0.0446171 2.39804
-0.0653589 -0.0457648 2.39804
-0.0645502 -0.0468985 2.39804
-0.0637219 -0.0480179 2.39804
-0.0628742 -0.0491227 2.39804
-0.0620073 -0.0502125 2.39804
-0.0611215 -0.051287 2.39804
-0.0602171 -0.0523459 2.39804
-0.0592944 -0.0533889 2.39804
-0.0583536 -0.0544156 2.39804
-0.057395 -0.0554257 2.39804
-0.056419 -0.056419 2.39804
-0.0554257 -0.057395 2.39804
-0.0544156 -0.0583536 2.39804
-0.0533889 -0.0592944 2.39804
-0.0523459 -0.0602171 2.39804
-0.051287 -0.0611215 2.39804
-0.0502125 -0.0620073 2.39804
-0.0491227 -0.0628742 2.39804
-0.0480179 -0.0637219 2.39804
-0.0468985 -0.0645502 2.39804
-0.0457648 -0.0653589 2.39804
-0.0446171 -0.0661476 2.39804
-0.0434559 -0.0669162 2.39804
-0.0422814 -0.0676644 2.39804
-0.0410941 -0.0683921 2.39804
-0.0398942 -0.0690988 2.39804
-0.0386822 -0.0697846 2.39804
-0.0374584 -0.070449 2.39804
-0.0362232 -0.071092 2.39804
-0.034977 -0.0717134 2.39804
-0.0337201 -0.0723129 2.39804
-0.0324529 -0.0728904 2.39804
-0.0311758 -0.0734457 2.39804
-0.0298893 -0.0739786 2.39804
-0.0285936 -0.0744889 2.39804
-0.0272893 -0.0749766 2.39804
-0.0259766 -0.0754415 2.39804
-0.024656 -0.0758833 2.39804
-0.0233279 -0.0763021 2.39804
-0.0219927 -0.0766976 2.39804
-0.0206508 -0.0770697 2.39804
-0.0193026 -0.0774184 2.39804
-0.0179485 -0.0777435 2.39804
-0.016589 -0.0780449 2.39804
-0.0152244 -0.0783225 2.39804
-0.0138551 -0.0785763 2.39804
-0.0124817 -0.0788061 2.39804
-0.0111044 -0.079012 2.39804
-0.00972377 -0.0791937 2.39804
-0.00834016 -0.0793514 2.39804
-0.00695402 -0.0794848 2.39804
-0.00556576 -0.0795941 2.39804
-0.00417581 -0.0796791 2.39804
-0.00278458 -0.0797399 2.39804
-0.0013925 -0.0797763 2.39804
-1.46569e-17 -0.0797885 2.39804
0.0013925 -0.0797763 2.39804
0.00278458 -0.0797399 2.39804
0.00417581 -0.0796791 2.39804
0.00556576 -0.0795941 2.39804
0.00695402 -0.0794848 2.39804
0.00834016 -0.0793514 2.39804
0.00972377 -0.0791937 2.39804
0.0111044 -0.079012 2.39804
0.0124817 -0.0788061 2.39804
0.0138551 -0.0785763 2.39804
0.0152244 -0.0783225 2.39804
0.016589 -0.0780449 2.39804
0.0179485 -0.0777435 2.39804
0.0193026 -0.0774184 2.39804
0.0206508 -0.0770697 2.39804
0.0219927 -0.0766976 2.39804
0.0233279 -0.0763021 2.39804
0.024656 -0.0758833 2.39804
0.0259766 -0.0754415 2.39804
0.0272893 -0.0749766 2.39804
0.0285936 -0.0744889 2.39804
0.0298893 -0.0739786 2.39804
0.0311758 -0.0734457 2.39804
0.0324529 -0.0728904 2.39804
0.0337201 -0.0723129 2.39804
0.034977 -0.0717134 2.39804
0.0362232 -0.071092 2.39804
0.0374584 -0.070449 2.39804
0.0386822 -0.0697846 2.39804
0.0398942 -0.0690988 2.39804
0.0410941 -0.0683921 2.39804
0.0422814 -0.0676644 2.39804
0.0434559 -0.0669162 2.39804
0.0446171 -0.0661476 2.39804
0.0457648 -0.0653589 2.39804
0.0468985 -0.0645502 2.39804
0.0480179 -0.0637219 2.39804
0.0491227 -0.0628742 2.39804
0.0502125 -0.0620073 2.39804
0.051287 -0.0611215 2.39804
0.0523459 -0.0602171 2.39804
0.0533889 -0.0592944 2.39804
0.0544156 -0.0583536 2.39804
0.0554257 -0.057395 2.39804
0.056419 -0.056419 2.39804
0.057395 -0.0554257 2.39804
0.0583536 -0.0544156 2.39804
0.0592944 -0.0533889 2.39804
0.0602171 -0.0523459 2.39804
0.0611215 -0.051287 2.39804
0.0620073 -0.0502125 2.39804
0.0628742 -0.0491227 2.39804
0.0637219 -0.0480179 2.39804
0.0645502 -0.0468985 2.39804
0.0653589 -0.0457648 2.39804
0.0661476 -0.0446171 2.39804
0.0669162 -0.0434559 2.39804
0.0676644 -0.0422814 2.39804
0.0683921 -0.0410941 2.39804
0.0690988 -0.0398942 2.39804
0.0697846 -0.0386822 2.39804
0.070449 -0.0374584 2.39804
0.071092 -0.0362232 2.39804
0.0717134 -0.034977 2.39804
0.0723129 -0.0337201 2.39804
0.0728904 -0.0324529 2.39804
0.0734457 -0.0311758 2.39804
0.0739786 -0.0298893 2.39804
0.0744889 -0.0285936 2.39804
0.0749766 -0.0272893 2.39804
0.0754415 -0.0259766 2.39804
0.0758833 -0.024656 2.39804
0.0763021 -0.0233279 2.39804
0.0766976 -0.0219927 2.39804
0.0770697 -0.0206508 2.39804
0.0774184 -0.0193026 2.39804
0.0777435 -0.0179485 2.39804
0.0780449 -0.016589 2.39804
0.0783225 -0.0152244 2.39804
0.0785763 -0.0138551 2.39804
0.0788061 -0.0124817 2.39804
0.079012 -0.0111044 2.39804
0.0791937 -0.00972377 2.39804
0.0793514 -0.00834016 2.39804
0.0794848 -0.00695402 2.39804
0.0795941 -0.00556576 2.39804
0.0796791 -0.00417581 2.39804
0.0797399 -0.00278458 2.39804
0.0797763 -0.0013925 2.39804

0.159577 0 2.36588
0.159553 0.002785 2.36588
0.15948 0.00556915 2.36588
0.159358 0.00835161 2.36588
0.159188 0.0111315 2.36588
0.15897 0.013908 2.36588
0.158703 0.0166803 2.36588
0.158387 0.0194475 2.36588
0.158024 0.0222088 2.36588
0.157612 0.0249633 2.36588
0.157153 0.0277102 2.36588
0.156645 0.0304487 2.36588
0.15609 0.0331779 2.36588
0.155487 0.035897 2.36588
0.154837 0.0386051 2.36588
0.154139 0.0413015 2.36588
0.153395 0.0439854 2.36588
0.152604 0.0466558 2.36588
0.151767 0.049312 2.36588
0.150883 0.0519532 2.36588
0.149953 0.0545785 2.36588
0.148978 0.0571873 2.36588
0.147957 0.0597786 2.36588
0.146891 0.0623517 2.36588
0.145781 0.0649058 2.36588
0.144626 0.0674401 2.36588
0.143427 0.0699539 2.36588
0.142184 0.0724464 2.36588
0.140898 0.0749168 2.36588
0.139569 0.0773644 2.36588
0.138198 0.0797885 2.38544
0.136784 0.0821882 2.38544
0.135329 0.0845629 2.38544
0.133832 0.0869118 2.38544
0.132295 0.0892343 2.38544
0.130718 0.0915296 2.38544
0.1291 0.093797 2.38544
0.127444 0.0960358 2.38544
0.125748 0.0982454 2.38544
0.124015 0.100425 2.38544
0.122243 0.102574 2.38544
0.120434 0.104692 2.38544
0.118589 0.106778 2.38544
0.116707 0.108831 2.38544
0.11479 0.110851 2.38544
0.112838 0.112838 2.38544
0.110851 0.11479 2.38544
0.108831 0.116707 2.38544
0.106778 0.118589 2.38544
0.104692 0.120434 2.38544
0.102574 0.122243 2.38544
0.100425 0.124015 2.38544
0.0982454 0.125748 2.38544
0.0960358 0.127444 2.38544
0.093797 0.1291 2.38544
0.0915296 0.130718 2.38544
0.0892343 0.132295 2.38544
0.0869118 0.133832 2.38544
0.0845629 0.135329 2.38544
0.0821882 0.136784 2.38544
0.0797885 0.138198 2.38544
0.0773644 0.139569 2.38544
0.0749168 0.140898 2.38544
0.0724464 0.142184 2.38544
0.0699539 0.143427 2.38544
0.0674401 0.144626 2.38544
0.0649058 0.145781 2.38544
0.0623517 0.146891 2.38544
0.0597786 0.147957 2.38544
0.0571873 0.148978 2.38544
0.0545785 0.149953 2.38544
0.0519532 0.150883 2.38544
0.049312 0.151767 2.38544
0.0466558 0.152604 2.38544
0.0439854 0.153395 2.38544
0.0413015 0.154139 2.38544
0.0386051 0.154837 2.38544
0.035897 0.155487 2.38544
0.0331779 0.15609 2.38544
0.0304487 0.156645 2.38544
0.0277102 0.157153 2.38544
0.0249633 0.157612 2.38544
0.0222088 0.158024 2.38544
0.0194475 0.158387 2.38544
0.0166803 0.158703 2.38544
0.013908 0.15897 2.38544
0.0111315 0.159188 2.38544
0.00835161 0.159358 2.38544
0.00556915 0.15948 2.38544
0.002785 0.159553 2.38544
9.77127e-18 0.159577 2.41557
-0.002785 0.159553 2.41557
-0.00556915 0.15948 2.41557
-0.00835161 0.159358 2.41557
-0.0111315 0.159188 2.41557
-0.013908 0.15897 2.41557
-0.0166803 0.158703 2.41557
-0.0194475 0.158387 2.41557
-0.0222088 0.158024 2.41557
-0.0249633 0.157612 2.41557
-0.0277102 0.157153 2.41557
-0.0304487 0.156645 2.41557
-0.0331779 0.15609 2.41557
-0.035897 0.155487 2.41557
-0.0386051 0.154837 2.41557
-0.0413015 0.154139 2.41557
-0.0439854 0.153395 2.41557
-0.0466558 0.152604 2.41557
-0.049312 0.151767 2.41557
-0.0519532 0.150883 2.41557
-0.0545785 0.149953 2.41557
-0.0571873 0.148978 2.41557
-0.0597786 0.147957 2.41557
-0.0623517 0.146891 2.41557
-0.0649058 0.145781 2.41557
-0.0674401 0.144626 2.41557
-0.0699539 0.143427 2.41557
-0.0724464 0.142184 2.41557
-0.0749168 0.140898 2.41557
-0.0773644 0.139569 2.41557
-0.0797885 0.138198 2.41557
-0.0821882 0.136784 2.41557
-0.0845629 0.135329 2.41557
-0.0869118 0.133832 2.41557
-0.0892343 0.132295 2.41557
-0.0915296 0.130718 2.41557
-0.093797 0.1291 2.41557
-0.0960358 0.127444 2.41557
-0.0982454 0.125748 2.41557
-0.100425 0.124015 2.41557
-0.102574 0.122243 2.41557
-0.104692 0.120434 2.41557
-0.106778 0.118589 2.41557
-0.108831 0.116707 2.41557
-0.110851 0.11479 2.41557
-0.112838 0.112838 2.41557
-0.11479 0.110851 2.41557
-0.116707 0.108831 2.41557
-0.118589 0.106778 2.41557
-0.120434 0.104692 2.41557
-0.122243 0.102574 2.41557
-0.124015 0.100425 2.41557
-0.125748 0.0982454 2.41557
-0.127444 0.0960358 2.41557
-0.1291 0.093797 2.41557
-0.130718 0.0915296 2.41557
-0.132295 0.0892343 2.41557
-0.133832 0.0869118 2.41557
-0.135329 0.0845629 2.41557
-0.136784 0.0821882 2.41557
-0.138198 0.0797885 2.4253
-0.139569 0.0773644 2.4253
-0.140898 0.0749168 2.4253
-0.142184 0.0724464 2.4253
-0.143427 0.0699539 2.4253
-0.144626 0.0674401 2.4253
-0.145781 0.0649058 2.4253
-0.146891 0.0623517 2.4253
-0.147957 0.0597786 2.4253
-0.148978 0.0571873 2.4253
-0.149953 0.0545785 2.4253
-0.150883 0.0519532 2.4253
-0.151767 0.049312 2.4253
-0.152604 0.0466558 2.4253
-0.153395 0.0439854 2.4253
-0.154139 0.0413015 2.4253
-0.154837 0.0386051 2.4253
-0.155487 0.035897 2.4253
-0.15609 0.0331779 2.4253
-0.156645 0.0304487 2.4253
-0.157153 0.0277102 2.4253
-0.157612 0.0249633 2.4253
-0.158024 0.0222088 2.4253
-0.158387 0.0194475 2.4253
-0.158703 0.0166803 2.4253
-0.15897 0.013908 2.4253
-0.159188 0.0111315 2.4253
-0.159358 0.00835161 2.4253
-0.15948 0.00556915 2.4253
-0.159553 0.002785 2.4253
-0.159577 1.95425e-17 2.4253
-0.159553 -0.002785 2.4253
-0.15948 -0.00556915 2.4253
-0.159358 -0.00835161 2.4253
-0.159188 -0.0111315 2.4253
-0.15897 -0.013908 2.4253
-0.158703 -0.0166803 2.4253
-0.158387 -0.0194475 2.4253
-0.158024 -0.0222088 2.4253
-0.157612 -0.0249633 2.4253
-0.157153 -0.0277102 2.4253
-0.156645 -0.0304487 2.4253
-0.15609 -0.0331779 2.4253
-0.155487 -0.035897 2.4253
-0.154837 -0.0386051 2.4253
-0.154139 -0.0413015 2.4253
-0.153395 -0.0439854 2.4253
-0.152604 -0.0466558 2.4253
-0.151767 -0.049312 2.4253
-0.150883 -0.0519532 2.4253
-0.149953 -0.0545785 2.4253
-0.148978 -0.0571873 2.4253
-0.147957 -0.0597786 2.4253
-0.146891 -0.0623517 2.4253
-0.145781 -0.0649058 2.4253
-0.144626 -0.0674401 2.4253
-0.143427 -0.0699539 2.4253
-0.142184 -0.0724464 2.4253
-0.140898 -0.0749168 2.4253
-0.139569 -0.0773644 2.4253
-0.138198 -0.0797885 2.4253
-0.136784 -0.0821882 2.41315
-0.135329 -0.0845629 2.41315
-0.133832 -0.0869118 2.41315
-0.132295 -0.0892343 2.41315
-0.130718 -0.0915296 2.41315
-0.1291 -0.093797 2.41315
-0.127444 -0.0960358 2.41315
-0.125748 -0.0982454 2.41315
-0.124015 -0.100425 2.41315
-0.122243 -0.102574 2.41315
-0.120434 -0.104692 2.41315
-0.118589 -0.106778 2.41315
-0.116707 -0.108831 2.41315
-0.11479 -0.110851 2.41315
-0.112838 -0.112838 2.41315
-0.110851 -0.11479 2.41315
-0.108831 -0.116707 2.41315
-0.106778 -0.118589 2.41315
-0.104692 -0.120434 2.41315
-0.102574 -0.122243 2.41315
-0.100425 -0.124015 2.41315
-0.0982454 -0.125748 2.41315
-0.0960358 -0.127444 2.41315
-0.093797 -0.1291 2.41315
-0.0915296 -0.130718 2.41315
-0.0892343 -0.132295 2.41315
-0.0869118 -0.133832 2.41315
-0.0845629 -0.135329 2.41315
-0.0821882 -0.136784 2.41315
-0.0797885 -0.138198 2.41315
-0.0773644 -0.139569 2.41315
-0.0749168 -0.140898 2.41315
-0.0724464 -0.142184 2.41315
-0.0699539 -0.143427 2.41315
-0.0674401 -0.144626 2.41315
-0.0649058 -0.145781 2.41315
-0.0623517 -0.146891 2.41315
-0.0597786 -0.147957 2.41315
-0.0571873 -0.148978 2.41315
-0.0545785 -0.149953 2.41315
-0.0519532 -0.150883 2.41315
-0.049312 -0.151767 2.41315
-0.0466558 -0.152604 2.41315
-0.0439854 -0.153395 2.41315
-0.0413015 -0.154139 2.41315
-0.0386051 -0.154837 2.41315
-0.035897 -0.155487 2.41315
-0.0331779 -0.15609 2.41315
-0.0304487 -0.156645 2.41315
-0.0277102 -0.157153 2.41315
-0.0249633 -0.157612 2.41315
-0.0222088 -0.158024 2.41315
-0.0194475 -0.158387 2.41315
-0.0166803 -0.158703 2.41315
-0.013908 -0.15897 2.41315
-0.0111315 -0.159188 2.41315
-0.00835161 -0.159358 2.41315
-0.00556915 -0.15948 2.41315
-0.002785 -0.159553 2.41315
-2.93138e-17 -0.159577 2.41315
0.002785 -0.159553 2.38291
0.00556915 -0.15948 2.38291
0.00835161 -0.159358 2.38291
0.0111315 -0.159188 2.38291
0.013908 -0.15897 2.38291
0.0166803 -0.158703 2.38291
0.0194475 -0.158387 2.38291
0.0222088 -0.158024 2.38291
0.0249633 -0.157612 2.38291
0.0277102 -0.157153 2.38291
0.0304487 -0.156645 2.38291
0.0331779 -0.15609 2.38291
0.035897 -0.155487 2.38291
0.0386051 -0.154837 2.38291
0.0413015 -0.154139 2.38291
0.0439854 -0.153395 2.38291
0.0466558 -0.152604 2.38291
0.049312 -0.151767 2.38291
0.0519532 -0.150883 2.38291
0.0545785 -0.149953 2.38291
0.0571873 -0.148978 2.38291
0.0597786 -0.147957 2.38291
0.0623517 -0.146891 2.38291
0.0649058 -0.145781 2.38291
0.0674401 -0.144626 2.38291
0.0699539 -0.143427 2.38291
0.0724464 -0.142184 2.38291
0.0749168 -0.140898 2.38291
0.0773644 -0.139569 2.38291
0.0797885 -0.138198 2.38291
0.0821882 -0.136784 2.38291
0.0845629 -0.135329 2.38291
0.0869118 -0.133832 2.38291
0.0892343 -0.132295 2.38291
0.0915296 -0.130718 2.38291
0.093797 -0.1291 2.38291
0.0960358 -0.127444 2.38291
0.0982454 -0.125748 2.38291
0.100425 -0.124015 2.38291
0.102574 -0.122243 2.38291
0.104692 -0.120434 2.38291
0.106778 -0.118589 2.38291
0.108831 -0.116707 2.38291
0.110851 -0.11479 2.38291
0.112838 -0.112838 2.38291
0.11479 -0.110851 2.38291
0.116707 -0.108831 2.38291
0.118589 -0.106778 2.38291
0.120434 -0.104692 2.38291
0.122243 -0.102574 2.38291
0.124015 -0.100425 2.38291
0.125748 -0.0982454 2.38291
0.127444 -0.0960358 2.38291
0.1291 -0.093797 2.38291
0.130718 -0.0915296 2.38291
0.132295 -0.0892343 2.38291
0.133832 -0.0869118 2.38291
0.135329 -0.0845629 2.38291
0.136784 -0.0821882 2.38291
0.138198 -0.0797885 2.38291
0.139569 -0.0773644 2.39804
0.140898 -0.0749168 2.39804
0.142184 -0.0724464 2.39804
0.143427 -0.0699539 2.39804
0.144626 -0.0674401 2.39804
0.145781 -0.0649058 2.39804
0.146891 -0.0623517 2.39804
0.147957 -0.0597786 2.39804
0.148978 -0.0571873 2.39804
0.149953 -0.0545785 2.39804
0.150883 -0.0519532 2.39804
0.151767 -0.049312 2.39804
0.152604 -0.0466558 2.39804
0.153395 -0.0439854 2.39804
0.154139 -0.0413015 2.39804
0.154837 -0.0386051 2.39804
0.155487 -0.035897 2.39804
0.15609 -0.0331779 2.39804
0.156645 -0.0304487 2.39804
0.157153 -0.0277102 2.39804
0.157612 -0.0249633 2.39804
0.158024 -0.0222088 2.39804
0.158387 -0.0194475 2.39804
0.158703 -0.0166803 2.39804
0.15897 -0.013908 2.39804
0.159188 -0.0111315 2.39804
0.159358 -0.00835161 2.39804
0.15948 -0.00556915 2.39804
0.159553 -0.002785 2.39804

0.239365 0 2.36588
0.239329 0.0041775 2.36588
0.23922 0.00835373 2.36588
0.239037 0.0125274 2.36588
0.238782 0.0166973 2.36588
0.238455 0.0208621 2.36588
0.238054 0.0250205 2.36588
0.237581 0.0291713 2.36588
0.237036 0.0333132 2.36588
0.236418 0.037445 2.36588
0.235729 0.0415654 2.36588
0.234968 0.0456731 2.36588
0.234135 0.0497669 2.36588
0.23323 0.0538455 2.36588
0.232255 0.0579077 2.36588
0.231209 0.0619523 2.36588
0.230093 0.065978 2.36588
0.228906 0.0699837 2.36588
0.22765 0.073968 2.36588
0.226324 0.0779297 2.36588
0.22493 0.0818678 2.36588
0.223467 0.0857809 2.36588
0.221936 0.0896678 2.36588
0.220337 0.0935275 2.36588
0.218671 0.0973587 2.36588
0.216939 0.10116 2.36588
0.21514 0.104931 2.36588
0.213276 0.10867 2.36588
0.211347 0.112375 2.36588
0.209354 0.116047 2.36588
0.207296 0.119683 2.38544
0.205176 0.123282 2.38544
0.202993 0.126844 2.38544
0.200749 0.130368 2.38544
0.198443 0.133851 2.38544
0.196077 0.137294 2.38544
0.193651 0.140695 2.38544
0.191166 0.144054 2.38544
0.188622 0.147368 2.38544
0.186022 0.150638 2.38544
0.183365 0.153861 2.38544
0.180651 0.157038 2.38544
0.177883 0.160167 2.38544
0.175061 0.163247 2.38544
0.172185 0.166277 2.38544
0.169257 0.169257 2.38544
0.166277 0.172185 2.38544
0.163247 0.175061 2.38544
0.160167 0.177883 2.38544
0.157038 0.180651 2.38544
0.153861 0.183365 2.38544
0.150638 0.186022 2.38544
0.147368 0.188622 2.38544
0.144054 0.191166 2.38544
0.140695 0.193651 2.38544
0.137294 0.196077 2.38544
0.133851 0.198443 2.38544
0.130368 0.200749 2.38544
0.126844 0.202993 2.38544
0.123282 0.205176 2.38544
0.119683 0.207296 2.38544
0.116047 0.209354 2.38544
0.112375 0.211347 2.38544
0.10867 0.213276 2.38544
0.104931 0.21514 2.38544
0.10116 0.216939 2.38544
0.0973587 0.218671 2.38544
0.0935275 0.220337 2.38544
0.0896678 0.221936 2.38544
0.0857809 0.223467 2.38544
0.0818678 0.22493 2.38544
0.0779297 0.226324 2.38544
0.073968 0.22765 2.38544
0.0699837 0.228906 2.38544
0.065978 0.230093 2.38544
0.0619523 0.231209 2.38544
0.0579077 0.232255 2.38544
0.0538455 0.23323 2.38544
0.0497669 0.234135 2.38544
0.0456731 0.234968 2.38544
0.0415654 0.235729 2.38544
0.037445 0.236418 2.38544
0.0333132 0.237036 2.38544
0.0291713 0.237581 2.38544
0.0250205 0.238054 2.38544
0.0208621 0.238455 2.38544
0.0166973 0.238782 2.38544
0.0125274 0.239037 2.38544
0.00835373 0.23922 2.38544
0.0041775 0.239329 2.38544
1.46569e-17 0.239365 2.41557
-0.0041775 0.239329 2.41557
-0.00835373 0.23922 2.41557
-0.0125274 0.239037 2.41557
-0.0166973 0.238782 2.41557
-0.0208621 0.238455 2.41557
-0.0250205 0.238054 2.41557
-0.0291713 0.237581 2.41557
-0.0333132 0.237036 2.41557
-0.037445 0.236418 2.41557
-0.0415654 0.235729 2.41557
-0.0456731 0.234968 2.41557
-0.0497669 0.234135 2.41557
-0.0538455 0.23323 2.41557
-0.0579077 0.232255 2.41557
-0.0619523 0.231209 2.41557
-0.065978 0.230093 2.41557
-0.0699837 0.228906 2.41557
-0.073968 0.22765 2.41557
-0.0779297 0.226324 2.41557
-0.0818678 0.22493 2.41557
-0.0857809 0.223467 2.41557
-0.0896678 0.221936 2.41557
-0.0935275 0.220337 2.41557
-0.0973587 0.218671 2.41557
-0.10116 0.216939 2.41557
-0.104931 0.21514 2.41557
-0.10867 0.213276 2.41557
-0.112375 0.211347 2.41557
-0.116047 0.209354 2.41557
-0.119683 0.207296 2.41557
-0.123282 0.205176 2.41557
-0.126844 0.202993 2.41557
-0.130368 0.200749 2.41557
-0.133851 0.198443 2.41557
-0.137294 0.196077 2.41557
-0.140695 0.193651 2.41557
-0.144054 0.191166 2.41557
-0.147368 0.188622 2.41557
-0.150638 0.186022 2.41557
-0.153861 0.183365 2.41557
-0.157038 0.180651 2.41557
-0.160167 0.177883 2.41557
-0.163247 0.175061 2.41557
-0.166277 0.172185 2.41557
-0.169257 0.169257 2.41557
-0.172185 0.166277 2.41557
-0.175061 0.163247 2.41557
-0.177883 0.160167 2.41557
-0.180651 0.157038 2.41557
-0.183365 0.153861 2.41557
-0.186022 0.150638 2.41557
-0.188622 0.147368 2.41557
-0.191166 0.144054 2.41557
-0.193651 0.140695 2.41557
-0.196077 0.137294 2.41557
-0.198443 0.133851 2.41557
-0.200749 0.130368 2.41557
-0.202993 0.126844 2.41557
-0.205176 0.123282 2.41557
-0.207296 0.119683 2.4253
-0.209354 0.116047 2.4253
-0.211347 0.112375 2.4253
-0.213276 0.10867 2.4253
-0.21514 0.104931 2.4253
-0.216939 0.10116 2.4253
-0.218671 0.0973587 2.4253
-0.220337 0.0935275 2.4253
-0.221936 0.0896678 2.4253
-0.223467 0.0857809 2.4253
-0.22493 0.0818678 2.4253
-0.226324 0.0779297 2.4253
-0.22765 0.073968 2.4253
-0.228906 0.0699837 2.4253
-0.230093 0.065978 2.4253
-0.231209 0.0619523 2.4253
-0.232255 0.0579077 2.4253
-0.23323 0.0538455 2.4253
-0.234135 0.0497669 2.4253
-0.234968 0.0456731 2.4253
-0.235729 0.0415654 2.4253
-0.236418 0.037445 2.4253
-0.237036 0.0333132 2.4253
-0.237581 0.0291713 2.4253
-0.238054 0.0250205 2.4253
-0.238455 0.0208621 2.4253
-0.238782 0.0166973 2.4253
-0.239037 0.0125274 2.4253
-0.23922 0.00835373 2.4253
-0.239329 0.0041775 2.4253
-0.239365 2.93138e-17 2.4253
-0.239329 -0.0041775 2.4253
-0.23922 -0.00835373 2.4253
-0.239037 -0.0125274 2.4253
-0.238782 -0.0166973 2.4253
-0.238455 -0.0208621 2.4253
-0.238054 -0.0250205 2.4253
-0.237581 -0.0291713 2.4253
-0.237036 -0.0333132 2.4253
-0.236418 -0.037445 2.4253
-0.235729 -0.0415654 2.4253
-0.234968 -0.0456731 2.4253
-0.234135 -0.0497669 2.4253
-0.23323 -0.0538455 2.4253
-0.232255 -0.0579077 2.4253
-0.231209 -0.0619523 2.4253
-0.230093 -0.065978 2.4253
-0.228906 -0.0699837 2.4253
-0.22765 -0.073968 2.4253
-0.226324 -0.0779297 2.4253
-0.22493 -0.0818678 2.4253
-0.223467 -0.0857809 2.4253
-0.221936 -0.0896678 2.4253
-0.220337 -0.0935275 2.4253
-0.218671 -0.0973587 2.4253
-0.216939 -0.10116 2.4253
-0.21514 -0.104931 2.4253
-0.213276 -0.10867 2.4253
-0.211347 -0.112375 2.4253
-0.209354 -0.116047 2.4253
-0.207296 -0.119683 2.4253
-0.205176 -0.123282 2.41315
-0.202993 -0.126844 2.41315
-0.200749 -0.130368 2.41315
-0.198443 -0.133851 2.41315
-0.196077 -0.137294 2.41315
-0.193651 -0.140695 2.41315
-0.191166 -0.144054 2.41315
-0.188622 -0.147368 2.41315
-0.186022 -0.150638 2.41315
-0.183365 -0.153861 2.41315
-0.180651 -0.157038 2.41315
-0.177883 -0.160167 2.41315
-0.175061 -0.163247 2.41315
-0.172185 -0.166277 2.41315
-0.169257 -0.169257 2.41315
-0.166277 -0.172185 2.41315
-0.163247 -0.175061 2.41315
-0.160167 -0.177883 2.41315
-0.157038 -0.180651 2.41315
-0.153861 -0.183365 2.41315
-0.150638 -0.186022 2.41315
-0.147368 -0.188622 2.41315
-0.144054 -0.191166 2.41315
-0.140695 -0.193651 2.41315
-0.137294 -0.196077 2.41315
-0.133851 -0.198443 2.41315
-0.130368 -0.200749 2.41315
-0.126844 -0.202993 2.41315
-0.123282 -0.205176 2.41315
-0.119683 -0.207296 2.41315
-0.116047 -0.209354 2.41315
-0.112375 -0.211347 2.41315
-0.10867 -0.213276 2.41315
-0.104931 -0.21514 2.41315
-0.10116 -0.216939 2.41315
-0.0973587 -0.218671 2.41315
-0.0935275 -0.220337 2.41315
-0.0896678 -0.221936 2.41315
-0.0857809 -0.223467 2.41315
-0.0818678 -0.22493 2.41315
-0.0779297 -0.226324 2.41315
-0.073968 -0.22765 2.41315
-0.0699837 -0.228906 2.41315
-0.065978 -0.230093 2.41315
-0.0619523 -0.231209 2.41315
-0.0579077 -0.232255 2.41315
-0.0538455 -0.23323 2.41315
-0.0497669 -0.234135 2.41315
-0.0456731 -0.234968 2.41315
-0.0415654 -0.235729 2.41315
-0.037445 -0.236418 2.41315
-0.0333132 -0.237036 2.41315
-0.0291713 -0.237581 2.41315
-0.0250205 -0.238054 2.41315
-0.0208621 -0.238455 2.41315
-0.0166973 -0.238782 2.41315
-0.0125274 -0.239037 2.41315
-0.00835373 -0.23922 2.41315
-0.0041775 -0.239329 2.41315
-4.39707e-17 -0.239365 2.41315
0.0041775 -0.239329 2.38291
0.00835373 -0.23922 2.38291
0.0125274 -0.239037 2.38291
0.0166973 -0.238782 2.38291
0.0208621 -0.238455 2.38291
0.0250205 -0.238054 2.38291
0.0291713 -0.237581 2.38291
0.0333132 -0.237036 2.38291
0.037445 -0.236418 2.38291
0.0415654 -0.235729 2.38291
0.0456731 -0.234968 2.38291
0.0497669 -0.234135 2.38291
0.0538455 -0.23323 2.38291
0.0579077 -0.232255 2.38291
0.0619523 -0.231209 2.38291
0.065978 -0.230093 2.38291
0.0699837 -0.228906 2.38291
0.073968 -0.22765 2.38291
0.0779297 -0.226324 2.38291
0.0818678 -0.22493 2.38291
0.0857809 -0.223467 2.38291
0.0896678 -0.221936 2.38291
0.0935275 -0.220337 2.38291
0.0973587 -0.218671 2.38291
0.10116 -0.216939 2.38291
0.104931 -0.21514 2.38291
0.10867 -0.213276 2.38291
0.112375 -0.211347 2.38291
0.116047 -0.209354 2.38291
0.119683 -0.207296 2.38291
0.123282 -0.205176 2.38291
0.126844 -0.202993 2.38291
0.130368 -0.200749 2.38291
0.133851 -0.198443 2.38291
0.137294 -0.196077 2.38291
0.140695 -0.193651 2.38291
0.144054 -0.191166 2.38291
0.147368 -0.188622 2.38291
0.150638 -0.186022 2.38291
0.153861 -0.183365 2.38291
0.157038 -0.180651 2.38291
0.160167 -0.177883 2.38291
0.163247 -0.175061 2.38291
0.166277 -0.172185 2.38291
0.169257 -0.169257 2.38291
0.172185 -0.166277 2.38291
0.175061 -0.163247 2.38291
0.177883 -0.160167 2.38291
0.180651 -0.157038 2.38291
0.183365 -0.153861 2.38291
0.186022 -0.150638 2.38291
0.188622 -0.147368 2.38291
0.191166 -0.144054 2.38291
0.193651 -0.140695 2.38291
0.196077 -0.137294 2.38291
0.198443 -0.133851 2.38291
0.200749 -0.130368 2.38291
0.202993 -0.126844 2.38291
0.205176 -0.123282 2.38291
0.207296 -0.119683 2.38291
0.209354 -0.116047 2.39804
0.211347 -0.112375 2.39804
0.213276 -0.10867 2.39804
0.21514 -0.104931 2.39804
0.216939 -0.10116 2.39804
0.218671 -0.0973587 2.39804
0.220337 -0.0935275 2.39804
0.221936 -0.0896678 2.39804
0.223467 -0.0857809 2.39804
0.22493 -0.0818678 2.39804
0.226324 -0.0779297 2.39804
0.22765 -0.073968 2.39804
0.228906 -0.0699837 2.39804
0.230093 -0.065978 2.39804
0.231209 -0.0619523 2.39804
0.232255 -0.0579077 2.39804
0.23323 -0.0538455 2.39804
0.234135 -0.0497669 2.39804
0.234968 -0.0456731 2.39804
0.235729 -0.0415654 2.39804
0.236418 -0.037445 2.39804
0.237036 -0.0333132 2.39804
0.237581 -0.0291713 2.39804
0.238054 -0.0250205 2.39804
0.238455 -0.0208621 2.39804
0.238782 -0.0166973 2.39804
0.239037 -0.0125274 2.39804
0.23922 -0.00835373 2.39804
0.239329 -0.0041775 2.39804

0.319154 0 2.33018
0.319105 0.00557 2.33018
0.318959 0.0111383 2.33018
0.318716 0.0167032 2.33018
0.318376 0.022263 2.33018
0.317939 0.0278161 2.33018
0.317405 0.0333607 2.33018
0.316775 0.0388951 2.33018
0.316048 0.0444176 2.33018
0.315225 0.0499267 2.33018
0.314305 0.0554205 2.33018
0.31329 0.0608974 2.33018
0.31218 0.0663558 2.33018
0.310974 0.071794 2.33018
0.309674 0.0772103 2.33018
0.308279 0.0826031 2.34323
0.30679 0.0879707 2.34323
0.305208 0.0933115 2.34323
0.303533 0.098624 2.34323
0.301766 0.103906 2.34323
0.299906 0.109157 2.34323
0.297956 0.114375 2.34323
0.295914 0.119557 2.34323
0.293783 0.124703 2.34323
0.291562 0.129812 2.34323
0.289252 0.13488 2.34323
0.286854 0.139908 2.34323
0.284368 0.144893 2.34323
0.281796 0.149834 2.34323
0.279138 0.154729 2.34323
0.276395 0.159577 2.34323
0.273568 0.164376 2.34323
0.270658 0.169126 2.34323
0.267665 0.173824 2.34323
0.264591 0.178469 2.34323
0.261436 0.183059 2.34323
0.258201 0.187594 2.34323
0.254888 0.192072 2.34323
0.251497 0.196491 2.34323
0.248029 0.20085 2.34323
0.244486 0.205148 2.34323
0.240868 0.209384 2.34323
0.237178 0.213556 2.34323
0.233414 0.217662 2.34323
0.22958 0.221703 2.34323
0.225676 0.225676 2.37431
0.221703 0.22958 2.37431
0.217662 0.233414 2.37431
0.213556 0.237178 2.37431
0.209384 0.240868 2.37431
0.205148 0.244486 2.37431
0.20085 0.248029 2.37431
0.196491 0.251497 2.37431
0.192072 0.254888 2.37431
0.187594 0.258201 2.37431
0.183059 0.261436 2.37431
0.178469 0.264591 2.37431
0.173824 0.267665 2.37431
0.169126 0.270658 2.37431
0.164376 0.273568 2.37431
0.159577 0.276395 2.37431
0.154729 0.279138 2.37431
0.149834 0.281796 2.37431
0.144893 0.284368 2.37431
0.139908 0.286854 2.37431
0.13488 0.289252 2.37431
0.129812 0.291562 2.37431
0.124703 0.293783 2.37431
0.119557 0.295914 2.37431
0.114375 0.297956 2.37431
0.109157 0.299906 2.37431
0.103906 0.301766 2.37431
0.098624 0.303533 2.37431
0.0933115 0.305208 2.37431
0.0879707 0.30679 2.37431
0.0826031 0.308279 2.4101
0.0772103 0.309674 2.4101
0.071794 0.310974 2.4101
0.0663558 0.31218 2.4101
0.0608974 0.31329 2.4101
0.0554205 0.314305 2.4101
0.0499267 0.315225 2.4101
0.0444176 0.316048 2.4101
0.0388951 0.316775 2.4101
0.0333607 0.317405 2.4101
0.0278161 0.317939 2.4101
0.022263 0.318376 2.4101
0.0167032 0.318716 2.4101
0.0111383 0.318959 2.4101
0.00557 0.319105 2.4101
1.95425e-17 0.319154 2.4101
-0.00557 0.319105 2.4101
-0.0111383 0.318959 2.4101
-0.0167032 0.318716 2.4101
-0.022263 0.318376 2.4101
-0.0278161 0.317939 2.4101
-0.0333607 0.317405 2.4101
-0.0388951 0.316775 2.4101
-0.0444176 0.316048 2.4101
-0.0499267 0.315225 2.4101
-0.0554205 0.314305 2.4101
-0.0608974 0.31329 2.4101
-0.0663558 0.31218 2.4101
-0.071794 0.310974 2.4101
-0.0772103 0.309674 2.4101
-0.0826031 0.308279 2.43586
-0.0879707 0.30679 2.43586
-0.0933115 0.305208 2.43586
-0.098624 0.303533 2.43586
-0.103906 0.301766 2.43586
-0.109157 0.299906 2.43586
-0.114375 0.297956 2.43586
-0.119557 0.295914 2.43586
-0.124703 0.293783 2.43586
-0.129812 0.291562 2.43586
-0.13488 0.289252 2.43586
-0.139908 0.286854 2.43586
-0.144893 0.284368 2.43586
-0.149834 0.281796 2.43586
-0.154729 0.279138 2.43586
-0.159577 0.276395 2.43586
-0.164376 0.273568 2.43586
-0.169126 0.270658 2.43586
-0.173824 0.267665 2.43586
-0.178469 0.264591 2.43586
-0.183059 0.261436 2.43586
-0.187594 0.258201 2.43586
-0.192072 0.254888 2.43586
-0.196491 0.251497 2.43586
-0.20085 0.248029 2.43586
-0.205148 0.244486 2.43586
-0.209384 0.240868 2.43586
-0.213556 0.237178 2.43586
-0.217662 0.233414 2.43586
-0.221703 0.22958 2.43586
-0.225676 0.225676 2.4465
-0.22958 0.221703 2.4465
-0.233414 0.217662 2.4465
-0.237178 0.213556 2.4465
-0.240868 0.209384 2.4465
-0.244486 0.205148 2.4465
-0.248029 0.20085 2.4465
-0.251497 0.196491 2.4465
-0.254888 0.192072 2.4465
-0.258201 0.187594 2.4465
-0.261436 0.183059 2.4465
-0.264591 0.178469 2.4465
-0.267665 0.173824 2.4465
-0.270658 0.169126 2.4465
-0.273568 0.164376 2.4465
-0.276395 0.159577 2.4465
-0.279138 0.154729 2.4465
-0.281796 0.149834 2.4465
-0.284368 0.144893 2.4465
-0.286854 0.139908 2.4465
-0.289252 0.13488 2.4465
-0.291562 0.129812 2.4465
-0.293783 0.124703 2.4465
-0.295914 0.119557 2.4465
-0.297956 0.114375 2.4465
-0.299906 0.109157 2.4465
-0.301766 0.103906 2.4465
-0.303533 0.098624 2.4465
-0.305208 0.0933115 2.4465
-0.30679 0.0879707 2.4465
-0.308279 0.0826031 2.44763
-0.309674 0.0772103 2.44763
-0.310974 0.071794 2.44763
-0.31218 0.0663558 2.44763
-0.31329 0.0608974 2.44763
-0.314305 0.0554205 2.44763
-0.315225 0.0499267 2.44763
-0.316048 0.0444176 2.44763
-0.316775 0.0388951 2.44763
-0.317405 0.0333607 2.44763
-0.317939 0.0278161 2.44763
-0.318376 0.022263 2.44763
-0.318716 0.0167032 2.44763
-0.318959 0.0111383 2.44763
-0.319105 0.00557 2.44763
-0.319154 3.90851e-17 2.44763
-0.319105 -0.00557 2.44763
-0.318959 -0.0111383 2.44763
-0.318716 -0.0167032 2.44763
-0.318376 -0.022263 2.44763
-0.317939 -0.0278161 2.44763
-0.317405 -0.0333607 2.44763
-0.316775 -0.0388951 2.44763
-0.316048 -0.0444176 2.44763
-0.315225 -0.0499267 2.44763
-0.314305 -0.0554205 2.44763
-0.31329 -0.0608974 2.44763
-0.31218 -0.0663558 2.44763
-0.310974 -0.071794 2.44763
-0.309674 -0.0772103 2.44763
-0.308279 -0.0826031 2.44763
-0.30679 -0.0879707 2.44388
-0.305208 -0.0933115 2.44388
-0.303533 -0.098624 2.44388
-0.301766 -0.103906 2.44388
-0.299906 -0.109157 2.44388
-0.297956 -0.114375 2.44388
-0.295914 -0.119557 2.44388
-0.293783 -0.124703 2.44388
-0.291562 -0.129812 2.44388
-0.289252 -0.13488 2.44388
-0.286854 -0.139908 2.44388
-0.284368 -0.144893 2.44388
-0.281796 -0.149834 2.44388
-0.279138 -0.154729 2.44388
-0.276395 -0.159577 2.44388
-0.273568 -0.164376 2.44388
-0.270658 -0.169126 2.44388
-0.267665 -0.173824 2.44388
-0.264591 -0.178469 2.44388
-0.261436 -0.183059 2.44388
-0.258201 -0.187594 2.44388
-0.254888 -0.192072 2.44388
-0.251497 -0.196491 2.44388
-0.248029 -0.20085 2.44388
-0.244486 -0.205148 2.44388
-0.240868 -0.209384 2.44388
-0.237178 -0.213556 2.44388
-0.233414 -0.217662 2.44388
-0.22958 -0.221703 2.44388
-0.225676 -0.225676 2.44388
-0.221703 -0.22958 2.43112
-0.217662 -0.233414 2.43112
-0.213556 -0.237178 2.43112
-0.209384 -0.240868 2.43112
-0.205148 -0.244486 2.43112
-0.20085 -0.248029 2.43112
-0.196491 -0.251497 2.43112
-0.192072 -0.254888 2.43112
-0.187594 -0.258201 2.43112
-0.183059 -0.261436 2.43112
-0.178469 -0.264591 2.43112
-0.173824 -0.267665 2.43112
-0.169126 -0.270658 2.43112
-0.164376 -0.273568 2.43112
-0.159577 -0.276395 2.43112
-0.154729 -0.279138 2.43112
-0.149834 -0.281796 2.43112
-0.144893 -0.284368 2.43112
-0.139908 -0.286854 2.43112
-0.13488 -0.289252 2.43112
-0.129812 -0.291562 2.43112
-0.124703 -0.293783 2.43112
-0.119557 -0.295914 2.43112
-0.114375 -0.297956 2.43112
-0.109157 -0.299906 2.43112
-0.103906 -0.301766 2.43112
-0.098624 -0.303533 2.43112
-0.0933115 -0.305208 2.43112
-0.0879707 -0.30679 2.43112
-0.0826031 -0.308279 2.43112
-0.0772103 -0.309674 2.40434
-0.071794 -0.310974 2.40434
-0.0663558 -0.31218 2.40434
-0.0608974 -0.31329 2.40434
-0.0554205 -0.314305 2.40434
-0.0499267 -0.315225 2.40434
-0.0444176 -0.316048 2.40434
-0.0388951 -0.316775 2.40434
-0.0333607 -0.317405 2.40434
-0.0278161 -0.317939 2.40434
-0.022263 -0.318376 2.40434
-0.0167032 -0.318716 2.40434
-0.0111383 -0.318959 2.40434
-0.00557 -0.319105 2.40434
-5.86276e-17 -0.319154 2.40434
0.00557 -0.319105 2.40434
0.0111383 -0.318959 2.40434
0.0167032 -0.318716 2.40434
0.022263 -0.318376 2.40434
0.0278161 -0.317939 2.40434
0.0333607 -0.317405 2.40434
0.0388951 -0.316775 2.40434
0.0444176 -0.316048 2.40434
0.0499267 -0.315225 2.40434
0.0554205 -0.314305 2.40434
0.0608974 -0.31329 2.40434
0.0663558 -0.31218 2.40434
0.071794 -0.310974 2.40434
0.0772103 -0.309674 2.40434
0.0826031 -0.308279 2.40434
0.0879707 -0.30679 2.36915
0.0933115 -0.305208 2.36915
0.098624 -0.303533 2.36915
0.103906 -0.301766 2.36915
0.109157 -0.299906 2.36915
0.114375 -0.297956 2.36915
0.119557 -0.295914 2.36915
0.124703 -0.293783 2.36915
0.129812 -0.291562 2.36915
0.13488 -0.289252 2.36915
0.139908 -0.286854 2.36915
0.144893 -0.284368 2.36915
0.149834 -0.281796 2.36915
0.154729 -0.279138 2.36915
0.159577 -0.276395 2.36915
0.164376 -0.273568 2.36915
0.169126 -0.270658 2.36915
0.173824 -0.267665 2.36915
0.178469 -0.264591 2.36915
0.183059 -0.261436 2.36915
0.187594 -0.258201 2.36915
0.192072 -0.254888 2.36915
0.196491 -0.251497 2.36915
0.20085 -0.248029 2.36915
0.205148 -0.244486 2.36915
0.209384 -0.240868 2.36915
0.213556 -0.237178 2.36915
0.217662 -0.233414 2.36915
0.221703 -0.22958 2.36915
0.225676 -0.225676 2.36915
0.22958 -0.221703 2.3402
0.233414 -0.217662 2.3402
0.237178 -0.213556 2.3402
0.240868 -0.209384 2.3402
0.244486 -0.205148 2.3402
0.248029 -0.20085 2.3402
0.251497 -0.196491 2.3402
0.254888 -0.192072 2.3402
0.258201 -0.187594 2.3402
0.261436 -0.183059 2.3402
0.264591 -0.178469 2.3402
0.267665 -0.173824 2.3402
0.270658 -0.169126 2.3402
0.273568 -0.164376 2.3402
0.276395 -0.159577 2.3402
0.279138 -0.154729 2.3402
0.281796 -0.149834 2.3402
0.284368 -0.144893 2.3402
0.286854 -0.139908 2.3402
0.289252 -0.13488 2.3402
0.291562 -0.129812 2.3402
0.293783 -0.124703 2.3402
0.295914 -0.119557 2.3402
0.297956 -0.114375 2.3402
0.299906 -0.109157 2.3402
0.301766 -0.103906 2.3402
0.303533 -0.098624 2.3402
0.305208 -0.0933115 2.3402
0.30679 -0.0879707 2.3402
0.308279 -0.0826031 2.3402
0.309674 -0.0772103 2.36588
0.310974 -0.071794 2.36588
0.31218 -0.0663558 2.36588
0.31329 -0.0608974 2.36588
0.314305 -0.0554205 2.36588
0.315225 -0.0499267 2.36588
0.316048 -0.0444176 2.36588
0.316775 -0.0388951 2.36588
0.317405 -0.0333607 2.36588
0.317939 -0.0278161 2.36588
0.318376 -0.022263 2.36588
0.318716 -0.0167032 2.36588
0.318959 -0.0111383 2.36588
0.319105 -0.00557 2.36588

0.398942 0 2.33018
0.398882 0.0069625 2.33018
0.398699 0.0139229 2.33018
0.398396 0.020879 2.33018
0.39797 0.0278288 2.33018
0.397424 0.0347701 2.33018
0.396757 0.0417008 2.33018
0.395969 0.0486188 2.33018
0.39506 0.055522 2.33018
0.394031 0.0624083 2.33018
0.392881 0.0692756 2.33018
0.391613 0.0761218 2.33018
0.390224 0.0829448 2.33018
0.388717 0.0897425 2.33018
0.387092 0.0965129 2.33018
0.385349 0.103254 2.34323
0.383488 0.109963 2.34323
0.38151 0.116639 2.34323
0.379417 0.12328 2.34323
0.377207 0.129883 2.34323
0.374883 0.136446 2.34323
0.372445 0.142968 2.34323
0.369893 0.149446 2.34323
0.367228 0.155879 2.34323
0.364452 0.162264 2.34323
0.361564 0.1686 2.34323
0.358567 0.174885 2.34323
0.35546 0.181116 2.34323
0.352245 0.187292 2.34323
0.348923 0.193411 2.34323
0.345494 0.199471 2.34323
0.34196 0.20547 2.34323
0.338322 0.211407 2.34323
0.334581 0.21728 2.34323
0.330738 0.223086 2.34323
0.326794 0.228824 2.34323
0.322751 0.234492 2.34323
0.318609 0.240089 2.34323
0.314371 0.245613 2.34323
0.310036 0.251063 2.34323
0.305608 0.256435 2.34323
0.301086 0.26173 2.34323
0.296472 0.266944 2.34323
0.291768 0.272078 2.34323
0.286975 0.277129 2.34323
0.282095 0.282095 2.37431
0.277129 0.286975 2.37431
0.272078 0.291768 2.37431
0.266944 0.296472 2.37431
0.26173 0.301086 2.37431
0.256435 0.305608 2.37431
0.251063 0.310036 2.37431
0.245613 0.314371 2.37431
0.240089 0.318609 2.37431
0.234492 0.322751 2.37431
0.228824 0.326794 2.37431
0.223086 0.330738 2.37431
0.21728 0.334581 2.37431
0.211407 0.338322 2.37431
0.20547 0.34196 2.37431
0.199471 0.345494 2.37431
0.193411 0.348923 2.37431
0.187292 0.352245 2.37431
0.181116 0.35546 2.37431
0.174885 0.358567 2.37431
0.1686 0.361564 2.37431
0.162264 0.364452 2.37431
0.155879 0.367228 2.37431
0.149446 0.369893 2.37431
0.142968 0.372445 2.37431
0.136446 0.374883 2.37431
0.129883 0.377207 2.37431
0.12328 0.379417 2.37431
0.116639 0.38151 2.37431
0.109963 0.383488 2.37431
0.103254 0.385349 2.4101
0.0965129 0.387092 2.4101
0.0897425 0.388717 2.4101
0.0829448 0.390224 2.4101
0.0761218 0.391613 2.4101
0.0692756 0.392881 2.4101
0.0624083 0.394031 2.4101
0.055522 0.39506 2.4101
0.0486188 0.395969 2.4101
0.0417008 0.396757 2.4101
0.0347701 0.397424 2.4101
0.0278288 0.39797 2.4101
0.020879 0.398396 2.4101
0.0139229 0.398699 2.4101
0.0069625 0.398882 2.4101
2.44282e-17 0.398942 2.4101
-0.0069625 0.398882 2.4101
-0.0139229 0.398699 2.4101
-0.020879 0.398396 2.4101
-0.0278288 0.39797 2.4101
-0.0347701 0.397424 2.4101
-0.0417008 0.396757 2.4101
-0.0486188 0.395969 2.4101
-0.055522 0.39506 2.4101
-0.0624083 0.394031 2.4101
-0.0692756 0.392881 2.4101
-0.0761218 0.391613 2.4101
-0.0829448 0.390224 2.4101
-0.0897425 0.388717 2.4101
-0.0965129 0.387092 2.4101
-0.103254 0.385349 2.43586
-0.109963 0.383488 2.43586
-0.116639 0.38151 2.43586
-0.12328 0.379417 2.43586
-0.129883 0.377207 2.43586
-0.136446 0.374883 2.43586
-0.142968 0.372445 2.43586
-0.149446 0.369893 2.43586
-0.155879 0.367228 2.43586
-0.162264 0.364452 2.43586
-0.1686 0.361564 2.43586
-0.174885 0.358567 2.43586
-0.181116 0.35546 2.43586
-0.187292 0.352245 2.43586
-0.193411 0.348923 2.43586
-0.199471 0.345494 2.43586
-0.20547 0.34196 2.43586
-0.211407 0.338322 2.43586
-0.21728 0.334581 2.43586
-0.223086 0.330738 2.43586
-0.228824 0.326794 2.43586
-0.234492 0.322751 2.43586
-0.240089 0.318609 2.43586
-0.245613 0.314371 2.43586
-0.251063 0.310036 2.43586
-0.256435 0.305608 2.43586
-0.26173 0.301086 2.43586
-0.266944 0.296472 2.43586
-0.272078 0.291768 2.43586
-0.277129 0.286975 2.43586
-0.282095 0.282095 2.4465
-0.286975 0.277129 2.4465
-0.291768 0.272078 2.4465
-0.296472 0.266944 2.4465
-0.301086 0.26173 2.4465
-0.305608 0.256435 2.4465
-0.310036 0.251063 2.4465
-0.314371 0.245613 2.4465
-0.318609 0.240089 2.4465
-0.322751 0.234492 2.4465
-0.326794 0.228824 2.4465
-0.330738 0.223086 2.4465
-0.334581 0.21728 2.4465
-0.338322 0.211407 2.4465
-0.34196 0.20547 2.4465
-0.345494 0.199471 2.4465
-0.348923 0.193411 2.4465
-0.352245 0.187292 2.4465
-0.35546 0.181116 2.4465
-0.358567 0.174885 2.4465
-0.361564 0.1686 2.4465
-0.364452 0.162264 2.4465
-0.367228 0.155879 2.4465
-0.369893 0.149446 2.4465
-0.372445 0.142968 2.4465
-0.374883 0.136446 2.4465
-0.377207 0.129883 2.4465
-0.379417 0.12328 2.4465
-0.38151 0.116639 2.4465
-0.383488 0.109963 2.4465
-0.385349 0.103254 2.44763
-0.387092 0.0965129 2.44763
-0.388717 0.0897425 2.44763
-0.390224 0.0829448 2.44763
-0.391613 0.0761218 2.44763
-0.392881 0.0692756 2.44763
-0.394031 0.0624083 2.44763
-0.39506 0.055522 2.44763
-0.395969 0.0486188 2.44763
-0.396757 0.0417008 2.44763
-0.397424 0.0347701 2.44763
-0.39797 0.0278288 2.44763
-0.398396 0.020879 2.44763
-0.398699 0.0139229 2.44763
-0.398882 0.0069625 2.44763
-0.398942 4.88563e-17 2.44763
-0.398882 -0.0069625 2.44763
-0.398699 -0.0139229 2.44763
-0.398396 -0.020879 2.44763
-0.39797 -0.0278288 2.44763
-0.397424 -0.0347701 2.44763
-0.396757 -0.0417008 2.44763
-0.395969 -0.0486188 2.44763
-0.39506 -0.055522 2.44763
-0.394031 -0.0624083 2.44763
-0.392881 -0.0692756 2.44763
-0.391613 -0.0761218 2.44763
-0.390224 -0.0829448 2.44763
-0.388717 -0.0897425 2.44763
-0.387092 -0.0965129 2.44763
-0.385349 -0.103254 2.44763
-0.383488 -0.109963 2.44388
-0.38151 -0.116639 2.44388
-0.379417 -0.12328 2.44388
-0.377207 -0.129883 2.44388
-0.374883 -0.136446 2.44388
-0.372445 -0.142968 2.44388
-0.369893 -0.149446 2.44388
-0.367228 -0.155879 2.44388
-0.364452 -0.162264 2.44388
-0.361564 -0.1686 2.44388
-0.358567 -0.174885 2.44388
-0.35546 -0.181116 2.44388
-0.352245 -0.187292 2.44388
-0.348923 -0.193411 2.44388
-0.345494 -0.199471 2.44388
-0.34196 -0.20547 2.44388
-0.338322 -0.211407 2.44388
-0.334581 -0.21728 2.44388
-0.330738 -0.223086 2.44388
-0.326794 -0.228824 2.44388
-0.322751 -0.234492 2.44388
-0.318609 -0.240089 2.44388
-0.314371 -0.245613 2.44388
-0.310036 -0.251063 2.44388
-0.305608 -0.256435 2.44388
-0.301086 -0.26173 2.44388
-0.296472 -0.266944 2.44388
-0.291768 -0.272078 2.44388
-0.286975 -0.277129 2.44388
-0.282095 -0.282095 2.44388
-0.277129 -0.286975 2.43112
-0.272078 -0.291768 2.43112
-0.266944 -0.296472 2.43112
-0.26173 -0.301086 2.43112
-0.256435 -0.305608 2.43112
-0.251063 -0.310036 2.43112
-0.245613 -0.314371 2.43112
-0.240089 -0.318609 2.43112
-0.234492 -0.322751 2.43112
-0.228824 -0.326794 2.43112
-0.223086 -0.330738 2.43112
-0.21728 -0.334581 2.43112
-0.211407 -0.338322 2.43112
-0.20547 -0.34196 2.43112
-0.199471 -0.345494 2.43112
-0.193411 -0.348923 2.43112
-0.187292 -0.352245 2.43112
-0.181116 -0.35546 2.43112
-0.174885 -0.358567 2.43112
-0.1686 -0.361564 2.43112
-0.162264 -0.364452 2.43112
-0.155879 -0.367228 2.43112
-0.149446 -0.369893 2.43112
-0.142968 -0.372445 2.43112
-0.136446 -0.374883 2.43112
-0.129883 -0.377207 2.43112
-0.12328 -0.379417 2.43112
-0.116639 -0.38151 2.43112
-0.109963 -0.383488 2.43112
-0.103254 -0.385349 2.43112
-0.0965129 -0.387092 2.40434
-0.0897425 -0.388717 2.40434
-0.0829448 -0.390224 2.40434
-0.0761218 -0.391613 2.40434
-0.0692756 -0.392881 2.40434
-0.0624083 -0.394031 2.40434
-0.055522 -0.39506 2.40434
-0.0486188 -0.395969 2.40434
-0.0417008 -0.396757 2.40434
-0.0347701 -0.397424 2.40434
-0.0278288 -0.39797 2.40434
-0.020879 -0.398396 2.40434
-0.0139229 -0.398699 2.40434
-0.0069625 -0.398882 2.40434
-7.32845e-17 -0.398942 2.40434
0.0069625 -0.398882 2.40434
0.0139229 -0.398699 2.40434
0.020879 -0.398396 2.40434
0.0278288 -0.39797 2.40434
0.0347701 -0.397424 2.40434
0.0417008 -0.396757 2.40434
0.0486188 -0.395969 2.40434
0.055522 -0.39506 2.40434
0.0624083 -0.394031 2.40434
0.0692756 -0.392881 2.40434
0.0761218 -0.391613 2.40434
0.0829448 -0.390224 2.40434
0.0897425 -0.388717 2.40434
0.0965129 -0.387092 2.40434
0.103254 -0.385349 2.40434
0.109963 -0.383488 2.36915
0.116639 -0.38151 2.36915
0.12328 -0.379417 2.36915
0.129883 -0.377207 2.36915
0.136446 -0.374883 2.36915
0.142968 -0.372445 2.36915
0.149446 -0.369893 2.36915
0.155879 -0.367228 2.36915
0.162264 -0.364452 2.36915
0.1686 -0.361564 2.36915
0.174885 -0.358567 2.36915
0.181116 -0.35546 2.36915
0.187292 -0.352245 2.36915
0.193411 -0.348923 2.36915
0.199471 -0.345494 2.36915
0.20547 -0.34196 2.36915
0.211407 -0.338322 2.36915
0.21728 -0.334581 2.36915
0.223086 -0.330738 2.36915
0.228824 -0.326794 2.36915
0.234492 -0.322751 2.36915
0.240089 -0.318609 2.36915
0.245613 -0.314371 2.36915
0.251063 -0.310036 2.36915
0.256435 -0.305608 2.36915
0.26173 -0.301086 2.36915
0.266944 -0.296472 2.36915
0.272078 -0.291768 2.36915
0.277129 -0.286975 2.36915
0.282095 -0.282095 2.36915
0.286975 -0.277129 2.3402
0.291768 -0.272078 2.3402
0.296472 -0.266944 2.3402
0.301086 -0.26173 2.3402
0.305608 -0.256435 2.3402
0.310036 -0.251063 2.3402
0.314371 -0.245613 2.3402
0.318609 -0.240089 2.3402
0.322751 -0.234492 2.3402
0.326794 -0.228824 2.3402
0.330738 -0.223086 2.3402
0.334581 -0.21728 2.3402
0.338322 -0.211407 2.3402
0.34196 -0.20547 2.3402
0.345494 -0.199471 2.3402
0.348923 -0.193411 2.3402
0.352245 -0.187292 2.3402
0.35546 -0.181116 2.3402
0.358567 -0.174885 2.3402
0.361564 -0.1686 2.3402
0.364452 -0.162264 2.3402
0.367228 -0.155879 2.3402
0.369893 -0.149446 2.3402
0.372445 -0.142968 2.3402
0.374883 -0.136446 2.3402
0.377207 -0.129883 2.3402
0.379417 -0.12328 2.3402
0.38151 -0.116639 2.3402
0.383488 -0.109963 2.3402
0.385349 -0.103254 2.3402
0.387092 -0.0965129 2.36588
0.388717 -0.0897425 2.36588
0.390224 -0.0829448 2.36588
0.391613 -0.0761218 2.36588
0.392881 -0.0692756 2.36588
0.394031 -0.0624083 2.36588
0.39506 -0.055522 2.36588
0.395969 -0.0486188 2.36588
0.396757 -0.0417008 2.36588
0.397424 -0.0347701 2.36588
0.39797 -0.0278288 2.36588
0.398396 -0.020879 2.36588
0.398699 -0.0139229 2.36588
0.398882 -0.0069625 2.36588

0.478731 0 2.33018
0.478658 0.008355 2.33018
0.478439 0.0167075 2.33018
0.478075 0.0250548 2.33018
0.477565 0.0333946 2.33018
0.476909 0.0417241 2.33018
0.476108 0.050041 2.33018
0.475162 0.0583426 2.33018
0.474072 0.0666264 2.33018
0.472837 0.07489 2.33018
0.471458 0.0831307 2.33018
0.469935 0.0913461 2.33018
0.468269 0.0995337 2.33018
0.466461 0.107691 2.33018
0.46451 0.115815 2.33018
0.462418 0.123905 2.34323
0.460186 0.131956 2.34323
0.457812 0.139967 2.34323
0.4553 0.147936 2.34323
0.452649 0.155859 2.34323
0.44986 0.163736 2.34323
0.446934 0.171562 2.34323
0.443871 0.179336 2.34323
0.440674 0.187055 2.34323
0.437342 0.194717 2.34323
0.433877 0.20232 2.34323
0.43028 0.209862 2.34323
0.426552 0.217339 2.34323
0.422694 0.22475 2.34323
0.418707 0.232093 2.34323
0.414593 0.239365 2.34323
0.410352 0.246565 2.34323
0.405987 0.253689 2.34323
0.401497 0.260735 2.34323
0.396886 0.267703 2.34323
0.392153 0.274589 2.34323
0.387301 0.281391 2.34323
0.382331 0.288107 2.34323
0.377245 0.294736 2.34323
0.372044 0.301275 2.34323
0.366729 0.307722 2.34323
0.361303 0.314076 2.34323
0.355766 0.320333 2.34323
0.350121 0.326494 2.34323
0.34437 0.332554 2.34323
0.338514 0.338514 2.37431
0.332554 0.34437 2.37431
0.326494 0.350121 2.37431
0.320333 0.355766 2.37431
0.314076 0.361303 2.37431
0.307722 0.366729 2.37431
0.301275 0.372044 2.37431
0.294736 0.377245 2.37431
0.288107 0.382331 2.37431
0.281391 0.387301 2.37431
0.274589 0.392153 2.37431
0.267703 0.396886 2.37431
0.260735 0.401497 2.37431
0.253689 0.405987 2.37431
0.246565 0.410352 2.37431
0.239365 0.414593 2.37431
0.232093 0.418707 2.37431
0.22475 0.422694 2.37431
0.217339 0.426552 2.37431
0.209862 0.43028 2.37431
0.20232 0.433877 2.37431
0.194717 0.437342 2.37431
0.187055 0.440674 2.37431
0.179336 0.443871 2.37431
0.171562 0.446934 2.37431
0.163736 0.44986 2.37431
0.155859 0.452649 2.37431
0.147936 0.4553 2.37431
0.139967 0.457812 2.37431
0.131956 0.460186 2.37431
0.123905 0.462418 2.4101
0.115815 0.46451 2.4101
0.107691 0.466461 2.4101
0.0995337 0.468269 2.4101
0.0913461 0.469935 2.4101
0.0831307 0.471458 2.4101
0.07489 0.472837 2.4101
0.0666264 0.474072 2.4101
0.0583426 0.475162 2.4101
0.050041 0.476108 2.4101
0.0417241 0.476909 2.4101
0.0333946 0.477565 2.4101
0.0250548 0.478075 2.4101
0.0167075 0.478439 2.4101
0.008355 0.478658 2.4101
2.93138e-17 0.478731 2.4101
-0.008355 0.478658 2.4101
-0.0167075 0.478439 2.4101
-0.0250548 0.478075 2.4101
-0.0333946 0.477565 2.4101
-0.0417241 0.476909 2.4101
-0.050041 0.476108 2.4101
-0.0583426 0.475162 2.4101
-0.0666264 0.474072 2.4101
-0.07489 0.472837 2.4101
-0.0831307 0.471458 2.4101
-0.0913461 0.469935 2.4101
-0.0995337 0.468269 2.4101
-0.107691 0.466461 2.4101
-0.115815 0.46451 2.4101
-0.123905 0.462418 2.43586
-0.131956 0.460186 2.43586
-0.139967 0.457812 2.43586
-0.147936 0.4553 2.43586
-0.155859 0.452649 2.43586
-0.163736 0.44986 2.43586
-0.171562 0.446934 2.43586
-0.179336 0.443871 2.43586
-0.187055 0.440674 2.43586
-0.194717 0.437342 2.43586
-0.20232 0.433877 2.43586
-0.209862 0.43028 2.43586
-0.217339 0.426552 2.43586
-0.22475 0.422694 2.43586
-0.232093 0.418707 2.43586
-0.239365 0.414593 2.43586
-0.246565 0.410352 2.43586
-0.253689 0.405987 2.43586
-0.260735 0.401497 2.43586
-0.267703 0.396886 2.43586
-0.274589 0.392153 2.43586
-0.281391 0.387301 2.43586
-0.288107 0.382331 2.43586
-0.294736 0.377245 2.43586
-0.301275 0.372044 2.43586
-0.307722 0.366729 2.43586
-0.314076 0.361303 2.43586
-0.320333 0.355766 2.43586
-0.326494 0.350121 2.43586
-0.332554 0.34437 2.43586
-0.338514 0.338514 2.4465
-0.34437 0.332554 2.4465
-0.350121 0.326494 2.4465
-0.355766 0.320333 2.4465
-0.361303 0.314076 2.4465
-0.366729 0.307722 2.4465
-0.372044 0.301275 2.4465
-0.377245 0.294736 2.4465
-0.382331 0.288107 2.4465
-0.387301 0.281391 2.4465
-0.392153 0.274589 2.4465
-0.396886 0.267703 2.4465
-0.401497 0.260735 2.4465
-0.405987 0.253689 2.4465
-0.410352 0.246565 2.4465
-0.414593 0.239365 2.4465
-0.418707 0.232093 2.4465
-0.422694 0.22475 2.4465
-0.426552 0.217339 2.4465
-0.43028 0.209862 2.4465
-0.433877 0.20232 2.4465
-0.437342 0.194717 2.4465
-0.440674 0.187055 2.4465
-0.443871 0.179336 2.4465
-0.446934 0.171562 2.4465
-0.44986 0.163736 2.4465
-0.452649 0.155859 2.4465
-0.4553 0.147936 2.4465
-0.457812 0.139967 2.4465
-0.460186 0.131956 2.4465
-0.462418 0.123905 2.44763
-0.46451 0.115815 2.44763
-0.466461 0.107691 2.44763
-0.468269 0.0995337 2.44763
-0.469935 0.0913461 2.44763
-0.471458 0.0831307 2.44763
-0.472837 0.07489 2.44763
-0.474072 0.0666264 2.44763
-0.475162 0.0583426 2.44763
-0.476108 0.050041 2.44763
-0.476909 0.0417241 2.44763
-0.477565 0.0333946 2.44763
-0.478075 0.0250548 2.44763
-0.478439 0.0167075 2.44763
-0.478658 0.008355 2.44763
-0.478731 5.86276e-17 2.44763
-0.478658 -0.008355 2.44763
-0.478439 -0.0167075 2.44763
-0.478075 -0.0250548 2.44763
-0.477565 -0.0333946 2.44763
-0.476909 -0.0417241 2.44763
-0.476108 -0.050041 2.44763
-0.475162 -0.0583426 2.44763
-0.474072 -0.0666264 2.44763
-0.472837 -0.07489 2.44763
-0.471458 -0.0831307 2.44763
-0.469935 -0.0913461 2.44763
-0.468269 -0.0995337 2.44763
-0.466461 -0.107691 2.44763
-0.46451 -0.115815 2.44763
-0.462418 -0.123905 2.44763
-0.460186 -0.131956 2.44388
-0.457812 -0.139967 2.44388
-0.4553 -0.147936 2.44388
-0.452649 -0.155859 2.44388
-0.44986 -0.163736 2.44388
-0.446934 -0.171562 2.44388
-0.443871 -0.179336 2.44388
-0.440674 -0.187055 2.44388
-0.437342 -0.194717 2.44388
-0.433877 -0.20232 2.44388
-0.43028 -0.209862 2.44388
-0.426552 -0.217339 2.44388
-0.422694 -0.22475 2.44388
-0.418707 -0.232093 2.44388
-0.414593 -0.239365 2.44388
-0.410352 -0.246565 2.44388
-0.405987 -0.253689 2.44388
-0.401497 -0.260735 2.44388
-0.396886 -0.267703 2.44388
-0.392153 -0.274589 2.44388
-0.387301 -0.281391 2.44388
-0.382331 -0.288107 2.44388
-0.377245 -0.294736 2.44388
-0.372044 -0.301275 2.44388
-0.366729 -0.307722 2.44388
-0.361303 -0.314076 2.44388
-0.355766 -0.320333 2.44388
-0.350121 -0.326494 2.44388
-0.34437 -0.332554 2.44388
-0.338514 -0.338514 2.44388
-0.332554 -0.34437 2.43112
-0.326494 -0.350121 2.43112
-0.320333 -0.355766 2.43112
-0.314076 -0.361303 2.43112
-0.307722 -0.366729 2.43112
-0.301275 -0.372044 2.43112
-0.294736 -0.377245 2.43112
-0.288107 -0.382331 2.43112
-0.281391 -0.387301 2.43112
-0.274589 -0.392153 2.43112
-0.267703 -0.396886 2.43112
-0.260735 -0.401497 2.43112
-0.253689 -0.405987 2.43112
-0.246565 -0.410352 2.43112
-0.239365 -0.414593 2.43112
-0.232093 -0.418707 2.43112
-0.22475 -0.422694 2.43112
-0.217339 -0.426552 2.43112
-0.209862 -0.43028 2.43112
-0.20232 -0.433877 2.43112
-0.194717 -0.437342 2.43112
-0.187055 -0.440674 2.43112
-0.179336 -0.443871 2.43112
-0.171562 -0.446934 2.43112
-0.163736 -0.44986 2.43112
-0.155859 -0.452649 2.43112
-0.147936 -0.4553 2.43112
-0.139967 -0.457812 2.43112
-0.131956 -0.460186 2.43112
-0.123905 -0.462418 2.43112
-0.115815 -0.46451 2.40434
-0.107691 -0.466461 2.40434
-0.0995337 -0.468269 2.40434
-0.0913461 -0.469935 2.40434
-0.0831307 -0.471458 2.40434
-0.07489 -0.472837 2.40434
-0.0666264 -0.474072 2.40434
-0.0583426 -0.475162 2.40434
-0.050041 -0.476108 2.40434
-0.0417241 -0.476909 2.40434
-0.0333946 -0.477565 2.40434
-0.0250548 -0.478075 2.40434
-0.0167075 -0.478439 2.40434
-0.008355 -0.478658 2.40434
-8.79414e-17 -0.478731 2.40434
0.008355 -0.478658 2.40434
0.0167075 -0.478439 2.40434
0.0250548 -0.478075 2.40434
0.0333946 -0.477565 2.40434
0.0417241 -0.476909 2.40434
0.050041 -0.476108 2.40434
0.0583426 -0.475162 2.40434
0.0666264 -0.474072 2.40434
0.07489 -0.472837 2.40434
0.0831307 -0.471458 2.40434
0.0913461 -0.469935 2.40434
0.0995337 -0.468269 2.40434
0.107691 -0.466461 2.40434
0.115815 -0.46451 2.40434
0.123905 -0.462418 2.40434
0.131956 -0.460186 2.36915
0.139967 -0.457812 2.36915
0.147936 -0.4553 2.36915
0.155859 -0.452649 2.36915
0.163736 -0.44986 2.36915
0.171562 -0.446934 2.36915
0.179336 -0.443871 2.36915
0.187055 -0.440674 2.36915
0.194717 -0.437342 2.36915
0.20232 -0.433877 2.36915
0.209862 -0.43028 2.36915
0.217339 -0.426552 2.36915
0.22475 -0.422694 2.36915
0.232093 -0.418707 2.36915
0.239365 -0.414593 2.36915
0.246565 -0.410352 2.36915
0.253689 -0.405987 2.36915
0.260735 -0.401497 2.36915
0.267703 -0.396886 2.36915
0.274589 -0.392153 2.36915
0.281391 -0.387301 2.36915
0.288107 -0.382331 2.36915
0.294736 -0.377245 2.36915
0.301275 -0.372044 2.36915
0.307722 -0.366729 2.36915
0.314076 -0.361303 2.36915
0.320333 -0.355766 2.36915
0.326494 -0.350121 2.36915
0.332554 -0.34437 2.36915
0.338514 -0.338514 2.36915
0.34437 -0.332554 2.3402
0.350121 -0.326494 2.3402
0.355766 -0.320333 2.3402
0.361303 -0.314076 2.3402
0.366729 -0.307722 2.3402
0.372044 -0.301275 2.3402
0.377245 -0.294736 2.3402
0.382331 -0.288107 2.3402
0.387301 -0.281391 2.3402
0.392153 -0.274589 2.3402
0.396886 -0.267703 2.3402
0.401497 -0.260735 2.3402
0.405987 -0.253689 2.3402
0.410352 -0.246565 2.3402
0.414593 -0.239365 2.3402
0.418707 -0.232093 2.3402
0.422694 -0.22475 2.3402
0.426552 -0.217339 2.3402
0.43028 -0.209862 2.3402
0.433877 -0.20232 2.3402
0.437342 -0.194717 2.3402
0.440674 -0.187055 2.3402
0.443871 -0.179336 2.3402
0.446934 -0.171562 2.3402
0.44986 -0.163736 2.3402
0.452649 -0.155859 2.3402
0.4553 -0.147936 2.3402
0.457812 -0.139967 2.3402
0.460186 -0.131956 2.3402
0.462418 -0.123905 2.3402
0.46451 -0.115815 2.36588
0.466461 -0.107691 2.36588
0.468269 -0.0995337 2.36588
0.469935 -0.0913461 2.36588
0.471458 -0.0831307 2.36588
0.472837 -0.07489 2.36588
0.474072 -0.0666264 2.36588
0.475162 -0.0583426 2.36588
0.476108 -0.050041 2.36588
0.476909 -0.0417241 2.36588
0.477565 -0.0333946 2.36588
0.478075 -0.0250548 2.36588
0.478439 -0.0167075 2.36588
0.478658 -0.008355 2.36588

0.558519 0 2.29147
0.558434 0.0097475 2.29147
0.558179 0.019492 2.29147
0.557754 0.0292306 2.29147
0.557159 0.0389603 2.29147
0.556394 0.0486782 2.29147
0.55546 0.0583812 2.29147
0.554356 0.0680664 2.29147
0.553084 0.0777308 2.29147
0.551643 0.0873717 2.29147
0.550034 0.0969858 2.30148
0.548258 0.10657 2.30148
0.546314 0.116123 2.30148
0.544204 0.125639 2.30148
0.541929 0.135118 2.30148
0.539488 0.144555 2.30148
0.536883 0.153949 2.30148
0.534115 0.163295 2.30148
0.531183 0.172592 2.30148
0.52809 0.181836 2.30148
0.524836 0.191025 2.30148
0.521423 0.200155 2.30148
0.51785 0.209225 2.30148
0.51412 0.218231 2.30148
0.510233 0.22717 2.30148
0.50619 0.23604 2.30148
0.501994 0.244839 2.30148
0.497644 0.253562 2.30148
0.493143 0.262209 2.30148
0.488492 0.270775 2.30148
0.483692 0.27926 2.32708
0.478744 0.287659 2.32708
0.473651 0.29597 2.32708
0.468414 0.304191 2.32708
0.463033 0.31232 2.32708
0.457512 0.320353 2.32708
0.451852 0.328289 2.32708
0.446053 0.336125 2.32708
0.440119 0.343859 2.32708
0.434051 0.351488 2.32708
0.427851 0.359009 2.32708
0.42152 0.366422 2.32708
0.415061 0.373722 2.32708
0.408475 0.380909 2.32708
0.401765 0.38798 2.32708
0.394933 0.394933 2.32708
0.38798 0.401765 2.32708
0.380909 0.408475 2.32708
0.373722 0.415061 2.32708
0.366422 0.42152 2.32708
0.359009 0.427851 2.36403
0.351488 0.434051 2.36403
0.343859 0.440119 2.36403
0.336125 0.446053 2.36403
0.328289 0.451852 2.36403
0.320353 0.457512 2.36403
0.31232 0.463033 2.36403
0.304191 0.468414 2.36403
0.29597 0.473651 2.36403
0.287659 0.478744 2.36403
0.27926 0.483692 2.36403
0.270775 0.488492 2.36403
0.262209 0.493143 2.36403
0.253562 0.497644 2.36403
0.244839 0.501994 2.36403
0.23604 0.50619 2.36403
0.22717 0.510233 2.36403
0.218231 0.51412 2.36403
0.209225 0.51785 2.36403
0.200155 0.521423 2.36403
0.191025 0.524836 2.40443
0.181836 0.52809 2.40443
0.172592 0.531183 2.40443
0.163295 0.534115 2.40443
0.153949 0.536883 2.40443
0.144555 0.539488 2.40443
0.135118 0.541929 2.40443
0.125639 0.544204 2.40443
0.116123 0.546314 2.40443
0.10657 0.548258 2.40443
0.0969858 0.550034 2.40443
0.0873717 0.551643 2.40443
0.0777308 0.553084 2.40443
0.0680664 0.554356 2.40443
0.0583812 0.55546 2.40443
0.0486782 0.556394 2.40443
0.0389603 0.557159 2.40443
0.0292306 0.557754 2.40443
0.019492 0.558179 2.40443
0.0097475 0.558434 2.40443
3.41994e-17 0.558519 2.43864
-0.0097475 0.558434 2.43864
-0.019492 0.558179 2.43864
-0.0292306 0.557754 2.43864
-0.0389603 0.557159 2.43864
-0.0486782 0.556394 2.43864
-0.0583812 0.55546 2.43864
-0.0680664 0.554356 2.43864
-0.0777308 0.553084 2.43864
-0.0873717 0.551643 2.43864
-0.0969858 0.550034 2.43864
-0.10657 0.548258 2.43864
-0.116123 0.546314 2.43864
-0.125639 0.544204 2.43864
-0.135118 0.541929 2.43864
-0.144555 0.539488 2.43864
-0.153949 0.536883 2.43864
-0.163295 0.534115 2.43864
-0.172592 0.531183 2.43864
-0.181836 0.52809 2.43864
-0.191025 0.524836 2.45974
-0.200155 0.521423 2.45974
-0.209225 0.51785 2.45974
-0.218231 0.51412 2.45974
-0.22717 0.510233 2.45974
-0.23604 0.50619 2.45974
-0.244839 0.501994 2.45974
-0.253562 0.497644 2.45974
-0.262209 0.493143 2.45974
-0.270775 0.488492 2.45974
-0.27926 0.483692 2.45974
-0.287659 0.478744 2.45974
-0.29597 0.473651 2.45974
-0.304191 0.468414 2.45974
-0.31232 0.463033 2.45974
-0.320353 0.457512 2.45974
-0.328289 0.451852 2.45974
-0.336125 0.446053 2.45974
-0.343859 0.440119 2.45974
-0.351488 0.434051 2.45974
-0.359009 0.427851 2.46716
-0.366422 0.42152 2.46716
-0.373722 0.415061 2.46716
-0.380909 0.408475 2.46716
-0.38798 0.401765 2.46716
-0.394933 0.394933 2.46716
-0.401765 0.38798 2.46716
-0.408475 0.380909 2.46716
-0.415061 0.373722 2.46716
-0.42152 0.366422 2.46716
-0.427851 0.359009 2.46716
-0.434051 0.351488 2.46716
-0.440119 0.343859 2.46716
-0.446053 0.336125 2.46716
-0.451852 0.328289 2.46716
-0.457512 0.320353 2.46716
-0.463033 0.31232 2.46716
-0.468414 0.304191 2.46716
-0.473651 0.29597 2.46716
-0.478744 0.287659 2.46716
-0.483692 0.27926 2.46625
-0.488492 0.270775 2.46625
-0.493143 0.262209 2.46625
-0.497644 0.253562 2.46625
-0.501994 0.244839 2.46625
-0.50619 0.23604 2.46625
-0.510233 0.22717 2.46625
-0.51412 0.218231 2.46625
-0.51785 0.209225 2.46625
-0.521423 0.200155 2.46625
-0.524836 0.191025 2.46625
-0.52809 0.181836 2.46625
-0.531183 0.172592 2.46625
-0.534115 0.163295 2.46625
-0.536883 0.153949 2.46625
-0.539488 0.144555 2.46625
-0.541929 0.135118 2.46625
-0.544204 0.125639 2.46625
-0.546314 0.116123 2.46625
-0.548258 0.10657 2.46625
-0.550034 0.0969858 2.46408
-0.551643 0.0873717 2.46408
-0.553084 0.0777308 2.46408
-0.554356 0.0680664 2.46408
-0.55546 0.0583812 2.46408
-0.556394 0.0486782 2.46408
-0.557159 0.0389603 2.46408
-0.557754 0.0292306 2.46408
-0.558179 0.019492 2.46408
-0.558434 0.0097475 2.46408
-0.558519 6.83989e-17 2.46408
-0.558434 -0.0097475 2.46408
-0.558179 -0.019492 2.46408
-0.557754 -0.0292306 2.46408
-0.557159 -0.0389603 2.46408
-0.556394 -0.0486782 2.46408
-0.55546 -0.0583812 2.46408
-0.554356 -0.0680664 2.46408
-0.553084 -0.0777308 2.46408
-0.551643 -0.0873717 2.46408
-0.550034 -0.0969858 2.46408
-0.548258 -0.10657 2.46376
-0.546314 -0.116123 2.46376
-0.544204 -0.125639 2.46376
-0.541929 -0.135118 2.46376
-0.539488 -0.144555 2.46376
-0.536883 -0.153949 2.46376
-0.534115 -0.163295 2.46376
-0.531183 -0.172592 2.46376
-0.52809 -0.181836 2.46376
-0.524836 -0.191025 2.46376
-0.521423 -0.200155 2.46376
-0.51785 -0.209225 2.46376
-0.51412 -0.218231 2.46376
-0.510233 -0.22717 2.46376
-0.50619 -0.23604 2.46376
-0.501994 -0.244839 2.46376
-0.497644 -0.253562 2.46376
-0.493143 -0.262209 2.46376
-0.488492 -0.270775 2.46376
-0.483692 -0.27926 2.46376
-0.478744 -0.287659 2.46229
-0.473651 -0.29597 2.46229
-0.468414 -0.304191 2.46229
-0.463033 -0.31232 2.46229
-0.457512 -0.320353 2.46229
-0.451852 -0.328289 2.46229
-0.446053 -0.336125 2.46229
-0.440119 -0.343859 2.46229
-0.434051 -0.351488 2.46229
-0.427851 -0.359009 2.46229
-0.42152 -0.366422 2.46229
-0.415061 -0.373722 2.46229
-0.408475 -0.380909 2.46229
-0.401765 -0.38798 2.46229
-0.394933 -0.394933 2.46229
-0.38798 -0.401765 2.46229
-0.380909 -0.408475 2.46229
-0.373722 -0.415061 2.46229
-0.366422 -0.42152 2.46229
-0.359009 -0.427851 2.46229
-0.351488 -0.434051 2.45278
-0.343859 -0.440119 2.45278
-0.336125 -0.446053 2.45278
-0.328289 -0.451852 2.45278
-0.320353 -0.457512 2.45278
-0.31232 -0.463033 2.45278
-0.304191 -0.468414 2.45278
-0.29597 -0.473651 2.45278
-0.287659 -0.478744 2.45278
-0.27926 -0.483692 2.45278
-0.270775 -0.488492 2.45278
-0.262209 -0.493143 2.45278
-0.253562 -0.497644 2.45278
-0.244839 -0.501994 2.45278
-0.23604 -0.50619 2.45278
-0.22717 -0.510233 2.45278
-0.218231 -0.51412 2.45278
-0.209225 -0.51785 2.45278
-0.200155 -0.521423 2.45278
-0.191025 -0.524836 2.45278
-0.181836 -0.52809 2.43027
-0.172592 -0.531183 2.43027
-0.163295 -0.534115 2.43027
-0.153949 -0.536883 2.43027
-0.144555 -0.539488 2.43027
-0.135118 -0.541929 2.43027
-0.125639 -0.544204 2.43027
-0.116123 -0.546314 2.43027
-0.10657 -0.548258 2.43027
-0.0969858 -0.550034 2.43027
-0.0873717 -0.551643 2.43027
-0.0777308 -0.553084 2.43027
-0.0680664 -0.554356 2.43027
-0.0583812 -0.55546 2.43027
-0.0486782 -0.556394 2.43027
-0.0389603 -0.557159 2.43027
-0.0292306 -0.557754 2.43027
-0.019492 -0.558179 2.43027
-0.0097475 -0.558434 2.43027
-1.02598e-16 -0.558519 2.43027
0.0097475 -0.558434 2.39569
0.019492 -0.558179 2.39569
0.0292306 -0.557754 2.39569
0.0389603 -0.557159 2.39569
0.0486782 -0.556394 2.39569
0.0583812 -0.55546 2.39569
0.0680664 -0.554356 2.39569
0.0777308 -0.553084 2.39569
0.0873717 -0.551643 2.39569
0.0969858 -0.550034 2.39569
0.10657 -0.548258 2.39569
0.116123 -0.546314 2.39569
0.125639 -0.544204 2.39569
0.135118 -0.541929 2.39569
0.144555 -0.539488 2.39569
0.153949 -0.536883 2.39569
0.163295 -0.534115 2.39569
0.172592 -0.531183 2.39569
0.181836 -0.52809 2.39569
0.191025 -0.524836 2.39569
0.200155 -0.521423 2.35615
0.209225 -0.51785 2.35615
0.218231 -0.51412 2.35615
0.22717 -0.510233 2.35615
0.23604 -0.50619 2.35615
0.244839 -0.501994 2.35615
0.253562 -0.497644 2.35615
0.262209 -0.493143 2.35615
0.270775 -0.488492 2.35615
0.27926 -0.483692 2.35615
0.287659 -0.478744 2.35615
0.29597 -0.473651 2.35615
0.304191 -0.468414 2.35615
0.31232 -0.463033 2.35615
0.320353 -0.457512 2.35615
0.328289 -0.451852 2.35615
0.336125 -0.446053 2.35615
0.343859 -0.440119 2.35615
0.351488 -0.434051 2.35615
0.359009 -0.427851 2.35615
0.366422 -0.42152 2.32115
0.373722 -0.415061 2.32115
0.380909 -0.408475 2.32115
0.38798 -0.401765 2.32115
0.394933 -0.394933 2.32115
0.401765 -0.38798 2.32115
0.408475 -0.380909 2.32115
0.415061 -0.373722 2.32115
0.42152 -0.366422 2.32115
0.427851 -0.359009 2.32115
0.434051 -0.351488 2.32115
0.440119 -0.343859 2.32115
0.446053 -0.336125 2.32115
0.451852 -0.328289 2.32115
0.457512 -0.320353 2.32115
0.463033 -0.31232 2.32115
0.468414 -0.304191 2.32115
0.473651 -0.29597 2.32115
0.478744 -0.287659 2.32115
0.483692 -0.27926 2.32115
0.488492 -0.270775 2.29831
0.493143 -0.262209 2.29831
0.497644 -0.253562 2.29831
0.501994 -0.244839 2.29831
0.50619 -0.23604 2.29831
0.510233 -0.22717 2.29831
0.51412 -0.218231 2.29831
0.51785 -0.209225 2.29831
0.521423 -0.200155 2.29831
0.524836 -0.191025 2.29831
0.52809 -0.181836 2.29831
0.531183 -0.172592 2.29831
0.534115 -0.163295 2.29831
0.536883 -0.153949 2.29831
0.539488 -0.144555 2.29831
0.541929 -0.135118 2.29831
0.544204 -0.125639 2.29831
0.546314 -0.116123 2.29831
0.548258 -0.10657 2.29831
0.550034 -0.0969858 2.29831
0.551643 -0.0873717 2.33018
0.553084 -0.0777308 2.33018
0.554356 -0.0680664 2.33018
0.55546 -0.0583812 2.33018
0.556394 -0.0486782 2.33018
0.557159 -0.0389603 2.33018
0.557754 -0.0292306 2.33018
0.558179 -0.019492 2.33018
0.558434 -0.0097475 2.33018

0.638308 0 2.29147
0.63821 0.01114 2.29147
0.637919 0.0222766 2.29147
0.637433 0.0334064 2.29147
0.636753 0.0445261 2.29147
0.635879 0.0556322 2.29147
0.634811 0.0667213 2.29147
0.63355 0.0777901 2.29147
0.632096 0.0888353 2.29147
0.630449 0.0998533 2.29147
0.62861 0.110841 2.30148
0.62658 0.121795 2.30148
0.624359 0.132712 2.30148
0.621948 0.143588 2.30148
0.619347 0.154421 2.30148
0.616558 0.165206 2.30148
0.613581 0.175941 2.30148
0.610417 0.186623 2.30148
0.607067 0.197248 2.30148
0.603532 0.207813 2.30148
0.599813 0.218314 2.30148
0.595912 0.228749 2.30148
0.591829 0.239114 2.30148
0.587565 0.249407 2.30148
0.583123 0.259623 2.30148
0.578503 0.26976 2.30148
0.573707 0.279816 2.30148
0.568736 0.289786 2.30148
0.563592 0.299667 2.30148
0.558276 0.309458 2.30148
0.552791 0.319154 2.32708
0.547136 0.328753 2.32708
0.541316 0.338252 2.32708
0.53533 0.347647 2.32708
0.529181 0.356937 2.32708
0.522871 0.366118 2.32708
0.516402 0.375188 2.32708
0.509775 0.384143 2.32708
0.502993 0.392981 2.32708
0.496058 0.4017 2.32708
0.488972 0.410296 2.32708
0.481737 0.418767 2.32708
0.474355 0.427111 2.32708
0.466829 0.435325 2.32708
0.45916 0.443406 2.32708
0.451352 0.451352 2.32708
0.443406 0.45916 2.32708
0.435325 0.466829 2.32708
0.427111 0.474355 2.32708
0.418767 0.481737 2.32708
0.410296 0.488972 2.36403
0.4017 0.496058 2.36403
0.392981 0.502993 2.36403
0.384143 0.509775 2.36403
0.375188 0.516402 2.36403
0.366118 0.522871 2.36403
0.356937 0.529181 2.36403
0.347647 0.53533 2.36403
0.338252 0.541316 2.36403
0.328753 0.547136 2.36403
0.319154 0.552791 2.36403
0.309458 0.558276 2.36403
0.299667 0.563592 2.36403
0.289786 0.568736 2.36403
0.279816 0.573707 2.36403
0.26976 0.578503 2.36403
0.259623 0.583123 2.36403
0.249407 0.587565 2.36403
0.239114 0.591829 2.36403
0.228749 0.595912 2.36403
0.218314 0.599813 2.40443
0.207813 0.603532 2.40443
0.197248 0.607067 2.40443
0.186623 0.610417 2.40443
0.175941 0.613581 2.40443
0.165206 0.616558 2.40443
0.154421 0.619347 2.40443
0.143588 0.621948 2.40443
0.132712 0.624359 2.40443
0.121795 0.62658 2.40443
0.110841 0.62861 2.40443
0.0998533 0.630449 2.40443
0.0888353 0.632096 2.40443
0.0777901 0.63355 2.40443
0.0667213 0.634811 2.40443
0.0556322 0.635879 2.40443
0.0445261 0.636753 2.40443
0.0334064 0.637433 2.40443
0.0222766 0.637919 2.40443
0.01114 0.63821 2.40443
3.90851e-17 0.638308 2.43864
-0.01114 0.63821 2.43864
-0.0222766 0.637919 2.43864
-0.0334064 0.637433 2.43864
-0.0445261 0.636753 2.43864
-0.0556322 0.635879 2.43864
-0.0667213 0.634811 2.43864
-0.0777901 0.63355 2.43864
-0.0888353 0.632096 2.43864
-0.0998533 0.630449 2.43864
-0.110841 0.62861 2.43864
-0.121795 0.62658 2.43864
-0.132712 0.624359 2.43864
-0.143588 0.621948 2.43864
-0.154421 0.619347 2.43864
-0.165206 0.616558 2.43864
-0.175941 0.613581 2.43864
-0.186623 0.610417 2.43864
-0.197248 0.607067 2.43864
-0.207813 0.603532 2.43864
-0.218314 0.599813 2.45974
-0.228749 0.595912 2.45974
-0.239114 0.591829 2.45974
-0.249407 0.587565 2.45974
-0.259623 0.583123 2.45974
-0.26976 0.578503 2.45974
-0.279816 0.573707 2.45974
-0.289786 0.568736 2.45974
-0.299667 0.563592 2.45974
-0.309458 0.558276 2.45974
-0.319154 0.552791 2.45974
-0.328753 0.547136 2.45974
-0.338252 0.541316 2.45974
-0.347647 0.53533 2.45974
-0.356937 0.529181 2.45974
-0.366118 0.522871 2.45974
-0.375188 0.516402 2.45974
-0.384143 0.509775 2.45974
-0.392981 0.502993 2.45974
-0.4017 0.496058 2.45974
-0.410296 0.488972 2.46716
-0.418767 0.481737 2.46716
-0.427111 0.474355 2.46716
-0.435325 0.466829 2.46716
-0.443406 0.45916 2.46716
-0.451352 0.451352 2.46716
-0.45916 0.443406 2.46716
-0.466829 0.435325 2.46716
-0.474355 0.427111 2.46716
-0.481737 0.418767 2.46716
-0.488972 0.410296 2.46716
-0.496058 0.4017 2.46716
-0.502993 0.392981 2.46716
-0.509775 0.384143 2.46716
-0.516402 0.375188 2.46716
-0.522871 0.366118 2.46716
-0.529181 0.356937 2.46716
-0.53533 0.347647 2.46716
-0.541316 0.338252 2.46716
-0.547136 0.328753 2.46716
-0.552791 0.319154 2.46625
-0.558276 0.309458 2.46625
-0.563592 0.299667 2.46625
-0.568736 0.289786 2.46625
-0.573707 0.279816 2.46625
-0.578503 0.26976 2.46625
-0.583123 0.259623 2.46625
-0.587565 0.249407 2.46625
-0.591829 0.239114 2.46625
-0.595912 0.228749 2.46625
-0.599813 0.218314 2.46625
-0.603532 0.207813 2.46625
-0.607067 0.197248 2.46625
-0.610417 0.186623 2.46625
-0.613581 0.175941 2.46625
-0.616558 0.165206 2.46625
-0.619347 0.154421 2.46625
-0.621948 0.143588 2.46625
-0.624359 0.132712 2.46625
-0.62658 0.121795 2.46625
-0.62861 0.110841 2.46408
-0.630449 0.0998533 2.46408
-0.632096 0.0888353 2.46408
-0.63355 0.0777901 2.46408
-0.634811 0.0667213 2.46408
-0.635879 0.0556322 2.46408
-0.636753 0.0445261 2.46408
-0.637433 0.0334064 2.46408
-0.637919 0.0222766 2.46408
-0.63821 0.01114 2.46408
-0.638308 7.81701e-17 2.46408
-0.63821 -0.01114 2.46408
-0.637919 -0.0222766 2.46408
-0.637433 -0.0334064 2.46408
-0.636753 -0.0445261 2.46408
-0.635879 -0.0556322 2.46408
-0.634811 -0.0667213 2.46408
-0.63355 -0.0777901 2.46408
-0.632096 -0.0888353 2.46408
-0.630449 -0.0998533 2.46408
-0.62861 -0.110841 2.46408
-0.62658 -0.121795 2.46376
-0.624359 -0.132712 2.46376
-0.621948 -0.143588 2.46376
-0.619347 -0.154421 2.46376
-0.616558 -0.165206 2.46376
-0.613581 -0.175941 2.46376
-0.610417 -0.186623 2.46376
-0.607067 -0.197248 2.46376
-0.603532 -0.207813 2.46376
-0.599813 -0.218314 2.46376
-0.595912 -0.228749 2.46376
-0.591829 -0.239114 2.46376
-0.587565 -0.249407 2.46376
-0.583123 -0.259623 2.46376
-0.578503 -0.26976 2.46376
-0.573707 -0.279816 2.46376
-0.568736 -0.289786 2.46376
-0.563592 -0.299667 2.46376
-0.558276 -0.309458 2.46376
-0.552791 -0.319154 2.46376
-0.547136 -0.328753 2.46229
-0.541316 -0.338252 2.46229
-0.53533 -0.347647 2.46229
-0.529181 -0.356937 2.46229
-0.522871 -0.366118 2.46229
-0.516402 -0.375188 2.46229
-0.509775 -0.384143 2.46229
-0.502993 -0.392981 2.46229
-0.496058 -0.4017 2.46229
-0.488972 -0.410296 2.46229
-0.481737 -0.418767 2.46229
-0.474355 -0.427111 2.46229
-0.466829 -0.435325 2.46229
-0.45916 -0.443406 2.46229
-0.451352 -0.451352 2.46229
-0.443406 -0.45916 2.46229
-0.435325 -0.466829 2.46229
-0.427111 -0.474355 2.46229
-0.418767 -0.481737 2.46229
-0.410296 -0.488972 2.46229
-0.4017 -0.496058 2.45278
-0.392981 -0.502993 2.45278
-0.384143 -0.509775 2.45278
-0.375188 -0.516402 2.45278
-0.366118 -0.522871 2.45278
-0.356937 -0.529181 2.45278
-0.347647 -0.53533 2.45278
-0.338252 -0.541316 2.45278
-0.328753 -0.547136 2.45278
-0.319154 -0.552791 2.45278
-0.309458 -0.558276 2.45278
-0.299667 -0.563592 2.45278
-0.289786 -0.568736 2.45278
-0.279816 -0.573707 2.45278
-0.26976 -0.578503 2.45278
-0.259623 -0.583123 2.45278
-0.249407 -0.587565 2.45278
-0.239114 -0.591829 2.45278
-0.228749 -0.595912 2.45278
-0.218314 -0.599813 2.45278
-0.207813 -0.603532 2.43027
-0.197248 -0.607067 2.43027
-0.186623 -0.610417 2.43027
-0.175941 -0.613581 2.43027
-0.165206 -0.616558 2.43027
-0.154421 -0.619347 2.43027
-0.143588 -0.621948 2.43027
-0.132712 -0.624359 2.43027
-0.121795 -0.62658 2.43027
-0.110841 -0.62861 2.43027
-0.0998533 -0.630449 2.43027
-0.0888353 -0.632096 2.43027
-0.0777901 -0.63355 2.43027
-0.0667213 -0.634811 2.43027
-0.0556322 -0.635879 2.43027
-0.0445261 -0.636753 2.43027
-0.0334064 -0.637433 2.43027
-0.0222766 -0.637919 2.43027
-0.01114 -0.63821 2.43027
-1.17255e-16 -0.638308 2.43027
0.01114 -0.63821 2.39569
0.0222766 -0.637919 2.39569
0.0334064 -0.637433 2.39569
0.0445261 -0.636753 2.39569
0.0556322 -0.635879 2.39569
0.0667213 -0.634811 2.39569
0.0777901 -0.63355 2.39569
0.0888353 -0.632096 2.39569
0.0998533 -0.630449 2.39569
0.110841 -0.62861 2.39569
0.121795 -0.62658 2.39569
0.132712 -0.624359 2.39569
0.143588 -0.621948 2.39569
0.154421 -0.619347 2.39569
0.165206 -0.616558 2.39569
0.175941 -0.613581 2.39569
0.186623 -0.610417 2.39569
0.197248 -0.607067 2.39569
0.207813 -0.603532 2.39569
0.218314 -0.599813 2.39569
0.228749 -0.595912 2.35615
0.239114 -0.591829 2.35615
0.249407 -0.587565 2.35615
0.259623 -0.583123 2.35615
0.26976 -0.578503 2.35615
0.279816 -0.573707 2.35615
0.289786 -0.568736 2.35615
0.299667 -0.563592 2.35615
0.309458 -0.558276 2.35615
0.319154 -0.552791 2.35615
0.328753 -0.547136 2.35615
0.338252 -0.541316 2.35615
0.347647 -0.53533 2.35615
0.356937 -0.529181 2.35615
0.366118 -0.522871 2.35615
0.375188 -0.516402 2.35615
0.384143 -0.509775 2.35615
0.392981 -0.502993 2.35615
0.4017 -0.496058 2.35615
0.410296 -0.488972 2.35615
0.418767 -0.481737 2.32115
0.427111 -0.474355 2.32115
0.435325 -0.466829 2.32115
0.443406 -0.45916 2.32115
0.451352 -0.451352 2.32115
0.45916 -0.443406 2.32115
0.466829 -0.435325 2.32115
0.474355 -0.427111 2.32115
0.481737 -0.418767 2.32115
0.488972 -0.410296 2.32115
0.496058 -0.4017 2.32115
0.502993 -0.392981 2.32115
0.509775 -0.384143 2.32115
0.516402 -0.375188 2.32115
0.522871 -0.366118 2.32115
0.529181 -0.356937 2.32115
0.53533 -0.347647 2.32115
0.541316 -0.338252 2.32115
0.547136 -0.328753 2.32115
0.552791 -0.319154 2.32115
0.558276 -0.309458 2.29831
0.563592 -0.299667 2.29831
0.568736 -0.289786 2.29831
0.573707 -0.279816 2.29831
0.578503 -0.26976 2.29831
0.583123 -0.259623 2.29831
0.587565 -0.249407 2.29831
0.591829 -0.239114 2.29831
0.595912 -0.228749 2.29831
0.599813 -0.218314 2.29831
0.603532 -0.207813 2.29831
0.607067 -0.197248 2.29831
0.610417 -0.186623 2.29831
0.613581 -0.175941 2.29831
0.616558 -0.165206 2.29831
0.619347 -0.154421 2.29831
0.621948 -0.143588 2.29831
0.624359 -0.132712 2.29831
0.62658 -0.121795 2.29831
0.62861 -0.110841 2.29831
0.630449 -0.0998533 2.33018
0.632096 -0.0888353 2.33018
0.63355 -0.0777901 2.33018
0.634811 -0.0667213 2.33018
0.635879 -0.0556322 2.33018
0.636753 -0.0445261 2.33018
0.637433 -0.0334064 2.33018
0.637919 -0.0222766 2.33018
0.63821 -0.01114 2.33018

0.718096 0 2.25056
0.717987 0.0125325 2.25056
0.717659 0.0250612 2.25056
0.717112 0.0375822 2.25056
0.716347 0.0500919 2.25056
0.715364 0.0625862 2.25056
0.714162 0.0750615 2.25056
0.712744 0.0875139 2.25056
0.711108 0.0999397 2.25863
0.709255 0.112335 2.25863
0.707187 0.124696 2.25863
0.704903 0.137019 2.25863
0.702404 0.149301 2.25863
0.699691 0.161536 2.25863
0.696766 0.173723 2.25863
0.693628 0.185857 2.25863
0.690278 0.197934 2.25863
0.686719 0.209951 2.25863
0.68295 0.221904 2.25863
0.678973 0.233789 2.25863
0.67479 0.245603 2.25863
0.6704 0.257343 2.25863
0.665807 0.269004 2.25863
0.661011 0.280583 2.27946
0.656013 0.292076 2.27946
0.650816 0.303481 2.27946
0.645421 0.314793 2.27946
0.639828 0.326009 2.27946
0.634041 0.337126 2.27946
0.628061 0.34814 2.27946
0.621889 0.359048 2.27946
0.615528 0.369847 2.27946
0.60898 0.380533 2.27946
0.602246 0.391103 2.27946
0.595329 0.401554 2.27946
0.58823 0.411883 2.27946
0.580952 0.422086 2.27946
0.573497 0.432161 2.27946
0.565867 0.442104 2.31219
0.558065 0.451913 2.31219
0.550094 0.461583 2.31219
0.541954 0.471113 2.31219
0.533649 0.4805 2.31219
0.525182 0.48974 2.31219
0.516555 0.498831 2.31219
0.507771 0.507771 2.31219
0.498831 0.516555 2.31219
0.48974 0.525182 2.31219
0.4805 0.533649 2.31219
0.471113 0.541954 2.31219
0.461583 0.550094 2.31219
0.451913 0.558065 2.31219
0.442104 0.565867 2.31219
0.432161 0.573497 2.35386
0.422086 0.580952 2.35386
0.411883 0.58823 2.35386
0.401554 0.595329 2.35386
0.391103 0.602246 2.35386
0.380533 0.60898 2.35386
0.369847 0.615528 2.35386
0.359048 0.621889 2.35386
0.34814 0.628061 2.35386
0.337126 0.634041 2.35386
0.326009 0.639828 2.35386
0.314793 0.645421 2.35386
0.303481 0.650816 2.35386
0.292076 0.656013 2.35386
0.280583 0.661011 2.35386
0.269004 0.665807 2.39897
0.257343 0.6704 2.39897
0.245603 0.67479 2.39897
0.233789 0.678973 2.39897
0.221904 0.68295 2.39897
0.209951 0.686719 2.39897
0.197934 0.690278 2.39897
0.185857 0.693628 2.39897
0.173723 0.696766 2.39897
0.161536 0.699691 2.39897
0.149301 0.702404 2.39897
0.137019 0.704903 2.39897
0.124696 0.707187 2.39897
0.112335 0.709255 2.39897
0.0999397 0.711108 2.39897
0.0875139 0.712744 2.44029
0.0750615 0.714162 2.44029
0.0625862 0.715364 2.44029
0.0500919 0.716347 2.44029
0.0375822 0.717112 2.44029
0.0250612 0.717659 2.44029
0.0125325 0.717987 2.44029
4.39707e-17 0.718096 2.44029
-0.0125325 0.717987 2.44029
-0.0250612 0.717659 2.44029
-0.0375822 0.717112 2.44029
-0.0500919 0.716347 2.44029
-0.0625862 0.715364 2.44029
-0.0750615 0.714162 2.44029
-0.0875139 0.712744 2.44029
-0.0999397 0.711108 2.47114
-0.112335 0.709255 2.47114
-0.124696 0.707187 2.47114
-0.137019 0.704903 2.47114
-0.149301 0.702404 2.47114
-0.161536 0.699691 2.47114
-0.173723 0.696766 2.47114
-0.185857 0.693628 2.47114
-0.197934 0.690278 2.47114
-0.209951 0.686719 2.47114
-0.221904 0.68295 2.47114
-0.233789 0.678973 2.47114
-0.245603 0.67479 2.47114
-0.257343 0.6704 2.47114
-0.269004 0.665807 2.47114
-0.280583 0.661011 2.48787
-0.292076 0.656013 2.48787
-0.303481 0.650816 2.48787
-0.314793 0.645421 2.48787
-0.326009 0.639828 2.48787
-0.337126 0.634041 2.48787
-0.34814 0.628061 2.48787
-0.359048 0.621889 2.48787
-0.369847 0.615528 2.48787
-0.380533 0.60898 2.48787
-0.391103 0.602246 2.48787
-0.401554 0.595329 2.48787
-0.411883 0.58823 2.48787
-0.422086 0.580952 2.48787
-0.432161 0.573497 2.48787
-0.442104 0.565867 2.49118
-0.451913 0.558065 2.49118
-0.461583 0.550094 2.49118
-0.471113 0.541954 2.49118
-0.4805 0.533649 2.49118
-0.48974 0.525182 2.49118
-0.498831 0.516555 2.49118
-0.507771 0.507771 2.49118
-0.516555 0.498831 2.49118
-0.525182 0.48974 2.49118
-0.533649 0.4805 2.49118
-0.541954 0.471113 2.49118
-0.550094 0.461583 2.49118
-0.558065 0.451913 2.49118
-0.565867 0.442104 2.49118
-0.573497 0.432161 2.48567
-0.580952 0.422086 2.48567
-0.58823 0.411883 2.48567
-0.595329 0.401554 2.48567
-0.602246 0.391103 2.48567
-0.60898 0.380533 2.48567
-0.615528 0.369847 2.48567
-0.621889 0.359048 2.48567
-0.628061 0.34814 2.48567
-0.634041 0.337126 2.48567
-0.639828 0.326009 2.48567
-0.645421 0.314793 2.48567
-0.650816 0.303481 2.48567
-0.656013 0.292076 2.48567
-0.661011 0.280583 2.48567
-0.665807 0.269004 2.47804
-0.6704 0.257343 2.47804
-0.67479 0.245603 2.47804
-0.678973 0.233789 2.47804
-0.68295 0.221904 2.47804
-0.686719 0.209951 2.47804
-0.690278 0.197934 2.47804
-0.693628 0.185857 2.47804
-0.696766 0.173723 2.47804
-0.699691 0.161536 2.47804
-0.702404 0.149301 2.47804
-0.704903 0.137019 2.47804
-0.707187 0.124696 2.47804
-0.709255 0.112335 2.47804
-0.711108 0.0999397 2.47804
-0.712744 0.0875139 2.47401
-0.714162 0.0750615 2.47401
-0.715364 0.0625862 2.47401
-0.716347 0.0500919 2.47401
-0.717112 0.0375822 2.47401
-0.717659 0.0250612 2.47401
-0.717987 0.0125325 2.47401
-0.718096 8.79414e-17 2.47401
-0.717987 -0.0125325 2.47401
-0.717659 -0.0250612 2.47401
-0.717112 -0.0375822 2.47401
-0.716347 -0.0500919 2.47401
-0.715364 -0.0625862 2.47401
-0.714162 -0.0750615 2.47401
-0.712744 -0.0875139 2.47401
-0.711108 -0.0999397 2.47575
-0.709255 -0.112335 2.47575
-0.707187 -0.124696 2.47575
-0.704903 -0.137019 2.47575
-0.702404 -0.149301 2.47575
-0.699691 -0.161536 2.47575
-0.696766 -0.173723 2.47575
-0.693628 -0.185857 2.47575
-0.690278 -0.197934 2.47575
-0.686719 -0.209951 2.47575
-0.68295 -0.221904 2.47575
-0.678973 -0.233789 2.47575
-0.67479 -0.245603 2.47575
-0.6704 -0.257343 2.47575
-0.665807 -0.269004 2.47575
-0.661011 -0.280583 2.48105
-0.656013 -0.292076 2.48105
-0.650816 -0.303481 2.48105
-0.645421 -0.314793 2.48105
-0.639828 -0.326009 2.48105
-0.634041 -0.337126 2.48105
-0.628061 -0.34814 2.48105
-0.621889 -0.359048 2.48105
-0.615528 -0.369847 2.48105
-0.60898 -0.380533 2.48105
-0.602246 -0.391103 2.48105
-0.595329 -0.401554 2.48105
-0.58823 -0.411883 2.48105
-0.580952 -0.422086 2.48105
-0.573497 -0.432161 2.48105
-0.565867 -0.442104 2.48424
-0.558065 -0.451913 2.48424
-0.550094 -0.461583 2.48424
-0.541954 -0.471113 2.48424
-0.533649 -0.4805 2.48424
-0.525182 -0.48974 2.48424
-0.516555 -0.498831 2.48424
-0.507771 -0.507771 2.48424
-0.498831 -0.516555 2.48424
-0.48974 -0.525182 2.48424
-0.4805 -0.533649 2.48424
-0.471113 -0.541954 2.48424
-0.461583 -0.550094 2.48424
-0.451913 -0.558065 2.48424
-0.442104 -0.565867 2.48424
-0.432161 -0.573497 2.47879
-0.422086 -0.580952 2.47879
-0.411883 -0.58823 2.47879
-0.401554 -0.595329 2.47879
-0.391103 -0.602246 2.47879
-0.380533 -0.60898 2.47879
-0.369847 -0.615528 2.47879
-0.359048 -0.621889 2.47879
-0.34814 -0.628061 2.47879
-0.337126 -0.634041 2.47879
-0.326009 -0.639828 2.47879
-0.314793 -0.645421 2.47879
-0.303481 -0.650816 2.47879
-0.292076 -0.656013 2.47879
-0.280583 -0.661011 2.47879
-0.269004 -0.665807 2.46037
-0.257343 -0.6704 2.46037
-0.245603 -0.67479 2.46037
-0.233789 -0.678973 2.46037
-0.221904 -0.68295 2.46037
-0.209951 -0.686719 2.46037
-0.197934 -0.690278 2.46037
-0.185857 -0.693628 2.46037
-0.173723 -0.696766 2.46037
-0.161536 -0.699691 2.46037
-0.149301 -0.702404 2.46037
-0.137019 -0.704903 2.46037
-0.124696 -0.707187 2.46037
-0.112335 -0.709255 2.46037
-0.0999397 -0.711108 2.46037
-0.0875139 -0.712744 2.42857
-0.0750615 -0.714162 2.42857
-0.0625862 -0.715364 2.42857
-0.0500919 -0.716347 2.42857
-0.0375822 -0.717112 2.42857
-0.0250612 -0.717659 2.42857
-0.0125325 -0.717987 2.42857
-1.31912e-16 -0.718096 2.42857
0.0125325 -0.717987 2.42857
0.0250612 -0.717659 2.42857
0.0375822 -0.717112 2.42857
0.0500919 -0.716347 2.42857
0.0625862 -0.715364 2.42857
0.0750615 -0.714162 2.42857
0.0875139 -0.712744 2.42857
0.0999397 -0.711108 2.38725
0.112335 -0.709255 2.38725
0.124696 -0.707187 2.38725
0.137019 -0.704903 2.38725
0.149301 -0.702404 2.38725
0.161536 -0.699691 2.38725
0.173723 -0.696766 2.38725
0.185857 -0.693628 2.38725
0.197934 -0.690278 2.38725
0.209951 -0.686719 2.38725
0.221904 -0.68295 2.38725
0.233789 -0.678973 2.38725
0.245603 -0.67479 2.38725
0.257343 -0.6704 2.38725
0.269004 -0.665807 2.38725
0.280583 -0.661011 2.34314
0.292076 -0.656013 2.34314
0.303481 -0.650816 2.34314
0.314793 -0.645421 2.34314
0.326009 -0.639828 2.34314
0.337126 -0.634041 2.34314
0.34814 -0.628061 2.34314
0.359048 -0.621889 2.34314
0.369847 -0.615528 2.34314
0.380533 -0.60898 2.34314
0.391103 -0.602246 2.34314
0.401554 -0.595329 2.34314
0.411883 -0.58823 2.34314
0.422086 -0.580952 2.34314
0.432161 -0.573497 2.34314
0.442104 -0.565867 2.30336
0.451913 -0.558065 2.30336
0.461583 -0.550094 2.30336
0.471113 -0.541954 2.30336
0.4805 -0.533649 2.30336
0.48974 -0.525182 2.30336
0.498831 -0.516555 2.30336
0.507771 -0.507771 2.30336
0.516555 -0.498831 2.30336
0.525182 -0.48974 2.30336
0.533649 -0.4805 2.30336
0.541954 -0.471113 2.30336
0.550094 -0.461583 2.30336
0.558065 -0.451913 2.30336
0.565867 -0.442104 2.30336
0.573497 -0.432161 2.27321
0.580952 -0.422086 2.27321
0.58823 -0.411883 2.27321
0.595329 -0.401554 2.27321
0.602246 -0.391103 2.27321
0.60898 -0.380533 2.27321
0.615528 -0.369847 2.27321
0.621889 -0.359048 2.27321
0.628061 -0.34814 2.27321
0.634041 -0.337126 2.27321
0.639828 -0.326009 2.27321
0.645421 -0.314793 2.27321
0.650816 -0.303481 2.27321
0.656013 -0.292076 2.27321
0.661011 -0.280583 2.27321
0.665807 -0.269004 2.2554
0.6704 -0.257343 2.2554
0.67479 -0.245603 2.2554
0.678973 -0.233789 2.2554
0.68295 -0.221904 2.2554
0.686719 -0.209951 2.2554
0.690278 -0.197934 2.2554
0.693628 -0.185857 2.2554
0.696766 -0.173723 2.2554
0.699691 -0.161536 2.2554
0.702404 -0.149301 2.2554
0.704903 -0.137019 2.2554
0.707187 -0.124696 2.2554
0.709255 -0.112335 2.2554
0.711108 -0.0999397 2.2554
0.712744 -0.0875139 2.29147
0.714162 -0.0750615 2.29147
0.715364 -0.0625862 2.29147
0.716347 -0.0500919 2.29147
0.717112 -0.0375822 2.29147
0.717659 -0.0250612 2.29147
0.717987 -0.0125325 2.29147

0.797885 0 2.25056
0.797763 0.013925 2.25056
0.797399 0.0278458 2.25056
0.796791 0.0417581 2.25056
0.795941 0.0556576 2.25056
0.794848 0.0695402 2.25056
0.793514 0.0834016 2.25056
0.791937 0.0972377 2.25056
0.79012 0.111044 2.25863
0.788061 0.124817 2.25863
0.785763 0.138551 2.25863
0.783225 0.152244 2.25863
0.780449 0.16589 2.25863
0.777435 0.179485 2.25863
0.774184 0.193026 2.25863
0.770697 0.206508 2.25863
0.766976 0.219927 2.25863
0.763021 0.233279 2.25863
0.758833 0.24656 2.25863
0.754415 0.259766 2.25863
0.749766 0.272893 2.25863
0.744889 0.285936 2.25863
0.739786 0.298893 2.25863
0.734457 0.311758 2.27946
0.728904 0.324529 2.27946
0.723129 0.337201 2.27946
0.717134 0.34977 2.27946
0.71092 0.362232 2.27946
0.70449 0.374584 2.27946
0.697846 0.386822 2.27946
0.690988 0.398942 2.27946
0.683921 0.410941 2.27946
0.676644 0.422814 2.27946
0.669162 0.434559 2.27946
0.661476 0.446171 2.27946
0.653589 0.457648 2.27946
0.645502 0.468985 2.27946
0.637219 0.480179 2.27946
0.628742 0.491227 2.31219
0.620073 0.502125 2.31219
0.611215 0.51287 2.31219
0.602171 0.523459 2.31219
0.592944 0.533889 2.31219
0.583536 0.544156 2.31219
0.57395 0.554257 2.31219
0.56419 0.56419 2.31219
0.554257 0.57395 2.31219
0.544156 0.583536 2.31219
0.533889 0.592944 2.31219
0.523459 0.602171 2.31219
0.51287 0.611215 2.31219
0.502125 0.620073 2.31219
0.491227 0.628742 2.31219
0.480179 0.637219 2.35386
0.468985 0.645502 2.35386
0.457648 0.653589 2.35386
0.446171 0.661476 2.35386
0.434559 0.669162 2.35386
0.422814 0.676644 2.35386
0.410941 0.683921 2.35386
0.398942 0.690988 2.35386
0.386822 0.697846 2.35386
0.374584 0.70449 2.35386
0.362232 0.71092 2.35386
0.34977 0.717134 2.35386
0.337201 0.723129 2.35386
0.324529 0.728904 2.35386
0.311758 0.734457 2.35386
0.298893 0.739786 2.39897
0.285936 0.744889 2.39897
0.272893 0.749766 2.39897
0.259766 0.754415 2.39897
0.24656 0.758833 2.39897
0.233279 0.763021 2.39897
0.219927 0.766976 2.39897
0.206508 0.770697 2.39897
0.193026 0.774184 2.39897
0.179485 0.777435 2.39897
0.16589 0.780449 2.39897
0.152244 0.783225 2.39897
0.138551 0.785763 2.39897
0.124817 0.788061 2.39897
0.111044 0.79012 2.39897
0.0972377 0.791937 2.44029
0.0834016 0.793514 2.44029
0.0695402 0.794848 2.44029
0.0556576 0.795941 2.44029
0.0417581 0.796791 2.44029
0.0278458 0.797399 2.44029
0.013925 0.797763 2.44029
4.88563e-17 0.797885 2.44029
-0.013925 0.797763 2.44029
-0.0278458 0.797399 2.44029
-0.0417581 0.796791 2.44029
-0.0556576 0.795941 2.44029
-0.0695402 0.794848 2.44029
-0.0834016 0.793514 2.44029
-0.0972377 0.791937 2.44029
-0.111044 0.79012 2.47114
-0.124817 0.788061 2.47114
-0.138551 0.785763 2.47114
-0.152244 0.783225 2.47114
-0.16589 0.780449 2.47114
-0.179485 0.777435 2.47114
-0.193026 0.774184 2.47114
-0.206508 0.770697 2.47114
-0.219927 0.766976 2.47114
-0.233279 0.763021 2.47114
-0.24656 0.758833 2.47114
-0.259766 0.754415 2.47114
-0.272893 0.749766 2.47114
-0.285936 0.744889 2.47114
-0.298893 0.739786 2.47114
-0.311758 0.734457 2.48787
-0.324529 0.728904 2.48787
-0.337201 0.723129 2.48787
-0.34977 0.717134 2.48787
-0.362232 0.71092 2.48787
-0.374584 0.70449 2.48787
-0.386822 0.697846 2.48787
-0.398942 0.690988 2.48787
-0.410941 0.683921 2.48787
-0.422814 0.676644 2.48787
-0.434559 0.669162 2.48787
-0.446171 0.661476 2.48787
-0.457648 0.653589 2.48787
-0.468985 0.645502 2.48787
-0.480179 0.637219 2.48787
-0.491227 0.628742 2.49118
-0.502125 0.620073 2.49118
-0.51287 0.611215 2.49118
-0.523459 0.602171 2.49118
-0.533889 0.592944 2.49118
-0.544156 0.583536 2.49118
-0.554257 0.57395 2.49118
-0.56419 0.56419 2.49118
-0.57395 0.554257 2.49118
-0.583536 0.544156 2.49118
-0.592944 0.533889 2.49118
-0.602171 0.523459 2.49118
-0.611215 0.51287 2.49118
-0.620073 0.502125 2.49118
-0.628742 0.491227 2.49118
-0.637219 0.480179 2.48567
-0.645502 0.468985 2.48567
-0.653589 0.457648 2.48567
-0.661476 0.446171 2.48567
-0.669162 0.434559 2.48567
-0.676644 0.422814 2.48567
-0.683921 0.410941 2.48567
-0.690988 0.398942 2.48567
-0.697846 0.386822 2.48567
-0.70449 0.374584 2.48567
-0.71092 0.362232 2.48567
-0.717134 0.34977 2.48567
-0.723129 0.337201 2.48567
-0.728904 0.324529 2.48567
-0.734457 0.311758 2.48567
-0.739786 0.298893 2.47804
-0.744889 0.285936 2.47804
-0.749766 0.272893 2.47804
-0.754415 0.259766 2.47804
-0.758833 0.24656 2.47804
-0.763021 0.233279 2.47804
-0.766976 0.219927 2.47804
-0.770697 0.206508 2.47804
-0.774184 0.193026 2.47804
-0.777435 0.179485 2.47804
-0.780449 0.16589 2.47804
-0.783225 0.152244 2.47804
-0.785763 0.138551 2.47804
-0.788061 0.124817 2.47804
-0.79012 0.111044 2.47804
-0.791937 0.0972377 2.47401
-0.793514 0.0834016 2.47401
-0.794848 0.0695402 2.47401
-0.795941 0.0556576 2.47401
-0.796791 0.0417581 2.47401
-0.797399 0.0278458 2.47401
-0.797763 0.013925 2.47401
-0.797885 9.77127e-17 2.47401
-0.797763 -0.013925 2.47401
-0.797399 -0.0278458 2.47401
-0.796791 -0.0417581 2.47401
-0.795941 -0.0556576 2.47401
-0.794848 -0.0695402 2.47401
-0.793514 -0.0834016 2.47401
-0.791937 -0.0972377 2.47401
-0.79012 -0.111044 2.47575
-0.788061 -0.124817 2.47575
-0.785763 -0.138551 2.47575
-0.783225 -0.152244 2.47575
-0.780449 -0.16589 2.47575
-0.777435 -0.179485 2.47575
-0.774184 -0.193026 2.47575
-0.770697 -0.206508 2.47575
-0.766976 -0.219927 2.47575
-0.763021 -0.233279 2.47575
-0.758833 -0.24656 2.47575
-0.754415 -0.259766 2.47575
-0.749766 -0.272893 2.47575
-0.744889 -0.285936 2.47575
-0.739786 -0.298893 2.47575
-0.734457 -0.311758 2.48105
-0.728904 -0.324529 2.48105
-0.723129 -0.337201 2.48105
-0.717134 -0.34977 2.48105
-0.71092 -0.362232 2.48105
-0.70449 -0.374584 2.48105
-0.697846 -0.386822 2.48105
-0.690988 -0.398942 2.48105
-0.683921 -0.410941 2.48105
-0.676644 -0.422814 2.48105
-0.669162 -0.434559 2.48105
-0.661476 -0.446171 2.48105
-0.653589 -0.457648 2.48105
-0.645502 -0.468985 2.48105
-0.637219 -0.480179 2.48105
-0.628742 -0.491227 2.48424
-0.620073 -0.502125 2.48424
-0.611215 -0.51287 2.48424
-0.602171 -0.523459 2.48424
-0.592944 -0.533889 2.48424
-0.583536 -0.544156 2.48424
-0.57395 -0.554257 2.48424
-0.56419 -0.56419 2.48424
-0.554257 -0.57395 2.48424
-0.544156 -0.583536 2.48424
-0.533889 -0.592944 2.48424
-0.523459 -0.602171 2.48424
-0.51287 -0.611215 2.48424
-0.502125 -0.620073 2.48424
-0.491227 -0.628742 2.48424
-0.480179 -0.637219 2.47879
-0.468985 -0.645502 2.47879
-0.457648 -0.653589 2.47879
-0.446171 -0.661476 2.47879
-0.434559 -0.669162 2.47879
-0.422814 -0.676644 2.47879
-0.410941 -0.683921 2.47879
-0.398942 -0.690988 2.47879
-0.386822 -0.697846 2.47879
-0.374584 -0.70449 2.47879
-0.362232 -0.71092 2.47879
-0.34977 -0.717134 2.47879
-0.337201 -0.723129 2.47879
-0.324529 -0.728904 2.47879
-0.311758 -0.734457 2.47879
-0.298893 -0.739786 2.46037
-0.285936 -0.744889 2.46037
-0.272893 -0.749766 2.46037
-0.259766 -0.754415 2.46037
-0.24656 -0.758833 2.46037
-0.233279 -0.763021 2.46037
-0.219927 -0.766976 2.46037
-0.206508 -0.770697 2.46037
-0.193026 -0.774184 2.46037
-0.179485 -0.777435 2.46037
-0.16589 -0.780449 2.46037
-0.152244 -0.783225 2.46037
-0.138551 -0.785763 2.46037
-0.124817 -0.788061 2.46037
-0.111044 -0.79012 2.46037
-0.0972377 -0.791937 2.42857
-0.0834016 -0.793514 2.42857
-0.0695402 -0.794848 2.42857
-0.0556576 -0.795941 2.42857
-0.0417581 -0.796791 2.42857
-0.0278458 -0.797399 2.42857
-0.013925 -0.797763 2.42857
-1.46569e-16 -0.797885 2.42857
0.013925 -0.797763 2.42857
0.0278458 -0.797399 2.42857
0.0417581 -0.796791 2.42857
0.0556576 -0.795941 2.42857
0.0695402 -0.794848 2.42857
0.0834016 -0.793514 2.42857
0.0972377 -0.791937 2.42857
0.111044 -0.79012 2.38725
0.124817 -0.788061 2.38725
0.138551 -0.785763 2.38725
0.152244 -0.783225 2.38725
0.16589 -0.780449 2.38725
0.179485 -0.777435 2.38725
0.193026 -0.774184 2.38725
0.206508 -0.770697 2.38725
0.219927 -0.766976 2.38725
0.233279 -0.763021 2.38725
0.24656 -0.758833 2.38725
0.259766 -0.754415 2.38725
0.272893 -0.749766 2.38725
0.285936 -0.744889 2.38725
0.298893 -0.739786 2.38725
0.311758 -0.734457 2.34314
0.324529 -0.728904 2.34314
0.337201 -0.723129 2.34314
0.34977 -0.717134 2.34314
0.362232 -0.71092 2.34314
0.374584 -0.70449 2.34314
0.386822 -0.697846 2.34314
0.398942 -0.690988 2.34314
0.410941 -0.683921 2.34314
0.422814 -0.676644 2.34314
0.434559 -0.669162 2.34314
0.446171 -0.661476 2.34314
0.457648 -0.653589 2.34314
0.468985 -0.645502 2.34314
0.480179 -0.637219 2.34314
0.491227 -0.628742 2.30336
0.502125 -0.620073 2.30336
0.51287 -0.611215 2.30336
0.523459 -0.602171 2.30336
0.533889 -0.592944 2.30336
0.544156 -0.583536 2.30336
0.554257 -0.57395 2.30336
0.56419 -0.56419 2.30336
0.57395 -0.554257 2.30336
0.583536 -0.544156 2.30336
0.592944 -0.533889 2.30336
0.602171 -0.523459 2.30336
0.611215 -0.51287 2.30336
0.620073 -0.502125 2.30336
0.628742 -0.491227 2.30336
0.637219 -0.480179 2.27321
0.645502 -0.468985 2.27321
0.653589 -0.457648 2.27321
0.661476 -0.446171 2.27321
0.669162 -0.434559 2.27321
0.676644 -0.422814 2.27321
0.683921 -0.410941 2.27321
0.690988 -0.398942 2.27321
0.697846 -0.386822 2.27321
0.70449 -0.374584 2.27321
0.71092 -0.362232 2.27321
0.717134 -0.34977 2.27321
0.723129 -0.337201 2.27321
0.728904 -0.324529 2.27321
0.734457 -0.311758 2.27321
0.739786 -0.298893 2.2554
0.744889 -0.285936 2.2554
0.749766 -0.272893 2.2554
0.754415 -0.259766 2.2554
0.758833 -0.24656 2.2554
0.763021 -0.233279 2.2554
0.766976 -0.219927 2.2554
0.770697 -0.206508 2.2554
0.774184 -0.193026 2.2554
0.777435 -0.179485 2.2554
0.780449 -0.16589 2.2554
0.783225 -0.152244 2.2554
0.785763 -0.138551 2.2554
0.788061 -0.124817 2.2554
0.79012 -0.111044 2.2554
0.791937 -0.0972377 2.29147
0.793514 -0.0834016 2.29147
0.794848 -0.0695402 2.29147
0.795941 -0.0556576 2.29147
0.796791 -0.0417581 2.29147
0.797399 -0.0278458 2.29147
0.797763 -0.013925 2.29147

0.877673 0 2.25056
0.877539 0.0153175 2.25056
0.877138 0.0306303 2.25056
0.87647 0.0459339 2.25056
0.875535 0.0612234 2.25056
0.874333 0.0764942 2.25056
0.872865 0.0917418 2.25056
0.871131 0.106961 2.25056
0.869132 0.122148 2.25863
0.866867 0.137298 2.25863
0.864339 0.152406 2.25863
0.861548 0.167468 2.25863
0.858494 0.182478 2.25863
0.855178 0.197433 2.25863
0.851602 0.212328 2.25863
0.847767 0.227158 2.25863
0.843673 0.241919 2.25863
0.839323 0.256607 2.25863
0.834717 0.271216 2.25863
0.829856 0.285742 2.25863
0.824743 0.300182 2.25863
0.819378 0.31453 2.25863
0.813764 0.328782 2.25863
0.807902 0.342934 2.27946
0.801794 0.356982 2.27946
0.795442 0.370921 2.27946
0.788847 0.384747 2.27946
0.782012 0.398455 2.27946
0.774939 0.412043 2.27946
0.76763 0.425504 2.27946
0.760087 0.438837 2.27946
0.752313 0.452035 2.27946
0.744309 0.465096 2.27946
0.736079 0.478015 2.27946
0.727624 0.490789 2.27946
0.718948 0.503413 2.27946
0.710052 0.515883 2.27946
0.700941 0.528197 2.27946
0.691616 0.540349 2.31219
0.68208 0.552338 2.31219
0.672337 0.564157 2.31219
0.662388 0.575805 2.31219
0.652238 0.587278 2.31219
0.641889 0.598572 2.31219
0.631345 0.609683 2.31219
0.620609 0.620609 2.31219
0.609683 0.631345 2.31219
0.598572 0.641889 2.31219
0.587278 0.652238 2.31219
0.575805 0.662388 2.31219
0.564157 0.672337 2.31219
0.552338 0.68208 2.31219
0.540349 0.691616 2.31219
0.528197 0.700941 2.35386
0.515883 0.710052 2.35386
0.503413 0.718948 2.35386
0.490789 0.727624 2.35386
0.478015 0.736079 2.35386
0.465096 0.744309 2.35386
0.452035 0.752313 2.35386
0.438837 0.760087 2.35386
0.425504 0.76763 2.35386
0.412043 0.774939 2.35386
0.398455 0.782012 2.35386
0.384747 0.788847 2.35386
0.370921 0.795442 2.35386
0.356982 0.801794 2.35386
0.342934 0.807902 2.35386
0.328782 0.813764 2.39897
0.31453 0.819378 2.39897
0.300182 0.824743 2.39897
0.285742 0.829856 2.39897
0.271216 0.834717 2.39897
0.256607 0.839323 2.39897
0.241919 0.843673 2.39897
0.227158 0.847767 2.39897
0.212328 0.851602 2.39897
0.197433 0.855178 2.39897
0.182478 0.858494 2.39897
0.167468 0.861548 2.39897
0.152406 0.864339 2.39897
0.137298 0.866867 2.39897
0.122148 0.869132 2.39897
0.106961 0.871131 2.44029
0.0917418 0.872865 2.44029
0.0764942 0.874333 2.44029
0.0612234 0.875535 2.44029
0.0459339 0.87647 2.44029
0.0306303 0.877138 2.44029
0.0153175 0.877539 2.44029
5.3742e-17 0.877673 2.44029
-0.0153175 0.877539 2.44029
-0.0306303 0.877138 2.44029
-0.0459339 0.87647 2.44029
-0.0612234 0.875535 2.44029
-0.0764942 0.874333 2.44029
-0.0917418 0.872865 2.44029
-0.106961 0.871131 2.44029
-0.122148 0.869132 2.47114
-0.137298 0.866867 2.47114
-0.152406 0.864339 2.47114
-0.167468 0.861548 2.47114
-0.182478 0.858494 2.47114
-0.197433 0.855178 2.47114
-0.212328 0.851602 2.47114
-0.227158 0.847767 2.47114
-0.241919 0.843673 2.47114
-0.256607 0.839323 2.47114
-0.271216 0.834717 2.47114
-0.285742 0.829856 2.47114
-0.300182 0.824743 2.47114
-0.31453 0.819378 2.47114
-0.328782 0.813764 2.47114
-0.342934 0.807902 2.48787
-0.356982 0.801794 2.48787
-0.370921 0.795442 2.48787
-0.384747 0.788847 2.48787
-0.398455 0.782012 2.48787
-0.412043 0.774939 2.48787
-0.425504 0.76763 2.48787
-0.438837 0.760087 2.48787
-0.452035 0.752313 2.48787
-0.465096 0.744309 2.48787
-0.478015 0.736079 2.48787
-0.490789 0.727624 2.48787
-0.503413 0.718948 2.48787
-0.515883 0.710052 2.48787
-0.528197 0.700941 2.48787
-0.540349 0.691616 2.49118
-0.552338 0.68208 2.49118
-0.564157 0.672337 2.49118
-0.575805 0.662388 2.49118
-0.587278 0.652238 2.49118
-0.598572 0.641889 2.49118
-0.609683 0.631345 2.49118
-0.620609 0.620609 2.49118
-0.631345 0.609683 2.49118
-0.641889 0.598572 2.49118
-0.652238 0.587278 2.49118
-0.662388 0.575805 2.49118
-0.672337 0.564157 2.49118
-0.68208 0.552338 2.49118
-0.691616 0.540349 2.49118
-0.700941 0.528197 2.48567
-0.710052 0.515883 2.48567
-0.718948 0.503413 2.48567
-0.727624 0.490789 2.48567
-0.736079 0.478015 2.48567
-0.744309 0.465096 2.48567
-0.752313 0.452035 2.48567
-0.760087 0.438837 2.48567
-0.76763 0.425504 2.48567
-0.774939 0.412043 2.48567
-0.782012 0.398455 2.48567
-0.788847 0.384747 2.48567
-0.795442 0.370921 2.48567
-0.801794 0.356982 2.48567
-0.807902 0.342934 2.48567
-0.813764 0.328782 2.47804
-0.819378 0.31453 2.47804
-0.824743 0.300182 2.47804
-0.829856 0.285742 2.47804
-0.834717 0.271216 2.47804
-0.839323 0.256607 2.47804
-0.843673 0.241919 2.47804
-0.847767 0.227158 2.47804
-0.851602 0.212328 2.47804
-0.855178 0.197433 2.47804
-0.858494 0.182478 2.47804
-0.861548 0.167468 2.47804
-0.864339 0.152406 2.47804
-0.866867 0.137298 2.47804
-0.869132 0.122148 2.47804
-0.871131 0.106961 2.47401
-0.872865 0.0917418 2.47401
-0.874333 0.0764942 2.47401
-0.875535 0.0612234 2.47401
-0.87647 0.0459339 2.47401
-0.877138 0.0306303 2.47401
-0.877539 0.0153175 2.47401
-0.877673 1.07484e-16 2.47401
-0.877539 -0.0153175 2.47401
-0.877138 -0.0306303 2.47401
-0.87647 -0.0459339 2.47401
-0.875535 -0.0612234 2.47401
-0.874333 -0.0764942 2.47401
-0.872865 -0.0917418 2.47401
-0.871131 -0.106961 2.47401
-0.869132 -0.122148 2.47575
-0.866867 -0.137298 2.47575
-0.864339 -0.152406 2.47575
-0.861548 -0.167468 2.47575
-0.858494 -0.182478 2.47575
-0.855178 -0.197433 2.47575
-0.851602 -0.212328 2.47575
-0.847767 -0.227158 2.47575
-0.843673 -0.241919 2.47575
-0.839323 -0.256607 2.47575
-0.834717 -0.271216 2.47575
-0.829856 -0.285742 2.47575
-0.824743 -0.300182 2.47575
-0.819378 -0.31453 2.47575
-0.813764 -0.328782 2.47575
-0.807902 -0.342934 2.48105
-0.801794 -0.356982 2.48105
-0.795442 -0.370921 2.48105
-0.788847 -0.384747 2.48105
-0.782012 -0.398455 2.48105
-0.774939 -0.412043 2.48105
-0.76763 -0.425504 2.48105
-0.760087 -0.438837 2.48105
-0.752313 -0.452035 2.48105
-0.744309 -0.465096 2.48105
-0.736079 -0.478015 2.48105
-0.727624 -0.490789 2.48105
-0.718948 -0.503413 2.48105
-0.710052 -0.515883 2.48105
-0.700941 -0.528197 2.48105
-0.691616 -0.540349 2.48424
-0.68208 -0.552338 2.48424
-0.672337 -0.564157 2.48424
-0.662388 -0.575805 2.48424
-0.652238 -0.587278 2.48424
-0.641889 -0.598572 2.48424
-0.631345 -0.609683 2.48424
-0.620609 -0.620609 2.48424
-0.609683 -0.631345 2.48424
-0.598572 -0.641889 2.48424
-0.587278 -0.652238 2.48424
-0.575805 -0.662388 2.48424
-0.564157 -0.672337 2.48424
-0.552338 -0.68208 2.48424
-0.540349 -0.691616 2.48424
-0.528197 -0.700941 2.47879
-0.515883 -0.710052 2.47879
-0.503413 -0.718948 2.47879
-0.490789 -0.727624 2.47879
-0.478015 -0.736079 2.47879
-0.465096 -0.744309 2.47879
-0.452035 -0.752313 2.47879
-0.438837 -0.760087 2.47879
-0.425504 -0.76763 2.47879
-0.412043 -0.774939 2.47879
-0.398455 -0.782012 2.47879
-0.384747 -0.788847 2.47879
-0.370921 -0.795442 2.47879
-0.356982 -0.801794 2.47879
-0.342934 -0.807902 2.47879
-0.328782 -0.813764 2.46037
-0.31453 -0.819378 2.46037
-0.300182 -0.824743 2.46037
-0.285742 -0.829856 2.46037
-0.271216 -0.834717 2.46037
-0.256607 -0.839323 2.46037
-0.241919 -0.843673 2.46037
-0.227158 -0.847767 2.46037
-0.212328 -0.851602 2.46037
-0.197433 -0.855178 2.46037
-0.182478 -0.858494 2.46037
-0.167468 -0.861548 2.46037
-0.152406 -0.864339 2.46037
-0.137298 -0.866867 2.46037
-0.122148 -0.869132 2.46037
-0.106961 -0.871131 2.42857
-0.0917418 -0.872865 2.42857
-0.0764942 -0.874333 2.42857
-0.0612234 -0.875535 2.42857
-0.0459339 -0.87647 2.42857
-0.0306303 -0.877138 2.42857
-0.0153175 -0.877539 2.42857
-1.61226e-16 -0.877673 2.42857
0.0153175 -0.877539 2.42857
0.0306303 -0.877138 2.42857
0.0459339 -0.87647 2.42857
0.0612234 -0.875535 2.42857
0.0764942 -0.874333 2.42857
0.0917418 -0.872865 2.42857
0.106961 -0.871131 2.42857
0.122148 -0.869132 2.38725
0.137298 -0.866867 2.38725
0.152406 -0.864339 2.38725
0.167468 -0.861548 2.38725
0.182478 -0.858494 2.38725
0.197433 -0.855178 2.38725
0.212328 -0.851602 2.38725
0.227158 -0.847767 2.38725
0.241919 -0.843673 2.38725
0.256607 -0.839323 2.38725
0.271216 -0.834717 2.38725
0.285742 -0.829856 2.38725
0.300182 -0.824743 2.38725
0.31453 -0.819378 2.38725
0.328782 -0.813764 2.38725
0.342934 -0.807902 2.34314
0.356982 -0.801794 2.34314
0.370921 -0.795442 2.34314
0.384747 -0.788847 2.34314
0.398455 -0.782012 2.34314
0.412043 -0.774939 2.34314
0.425504 -0.76763 2.34314
0.438837 -0.760087 2.34314
0.452035 -0.752313 2.34314
0.465096 -0.744309 2.34314
0.478015 -0.736079 2.34314
0.490789 -0.727624 2.34314
0.503413 -0.718948 2.34314
0.515883 -0.710052 2.34314
0.528197 -0.700941 2.34314
0.540349 -0.691616 2.30336
0.552338 -0.68208 2.30336
0.564157 -0.672337 2.30336
0.575805 -0.662388 2.30336
0.587278 -0.652238 2.30336
0.598572 -0.641889 2.30336
0.609683 -0.631345 2.30336
0.620609 -0.620609 2.30336
0.631345 -0.609683 2.30336
0.641889 -0.598572 2.30336
0.652238 -0.587278 2.30336
0.662388 -0.575805 2.30336
0.672337 -0.564157 2.30336
0.68208 -0.552338 2.30336
0.691616 -0.540349 2.30336
0.700941 -0.528197 2.27321
0.710052 -0.515883 2.27321
0.718948 -0.503413 2.27321
0.727624 -0.490789 2.27321
0.736079 -0.478015 2.27321
0.744309 -0.465096 2.27321
0.752313 -0.452035 2.27321
0.760087 -0.438837 2.27321
0.76763 -0.425504 2.27321
0.774939 -0.412043 2.27321
0.782012 -0.398455 2.27321
0.788847 -0.384747 2.27321
0.795442 -0.370921 2.27321
0.801794 -0.356982 2.27321
0.807902 -0.342934 2.27321
0.813764 -0.328782 2.2554
0.819378 -0.31453 2.2554
0.824743 -0.300182 2.2554
0.829856 -0.285742 2.2554
0.834717 -0.271216 2.2554
0.839323 -0.256607 2.2554
0.843673 -0.241919 2.2554
0.847767 -0.227158 2.2554
0.851602 -0.212328 2.2554
0.855178 -0.197433 2.2554
0.858494 -0.182478 2.2554
0.861548 -0.167468 2.2554
0.864339 -0.152406 2.2554
0.866867 -0.137298 2.2554
0.869132 -0.122148 2.2554
0.871131 -0.106961 2.29147
0.872865 -0.0917418 2.29147
0.874333 -0.0764942 2.29147
0.875535 -0.0612234 2.29147
0.87647 -0.0459339 2.29147
0.877138 -0.0306303 2.29147
0.877539 -0.0153175 2.29147

0.957461 0 2.2083
0.957316 0.01671 2.2083
0.956878 0.0334149 2.2083
0.956149 0.0501097 2.2083
0.955129 0.0667891 2.2083
0.953818 0.0834483 2.2083
0.952216 0.100082 2.21487
0.950325 0.116685 2.21487
0.948144 0.133253 2.21487
0.945674 0.14978 2.21487
0.942915 0.166261 2.21487
0.93987 0.182692 2.21487
0.936539 0.199067 2.21487
0.932922 0.215382 2.21487
0.929021 0.231631 2.21487
0.924837 0.247809 2.21487
0.920371 0.263912 2.21487
0.915625 0.279935 2.21487
0.9106 0.295872 2.23162
0.905298 0.311719 2.23162
0.899719 0.327471 2.23162
0.893867 0.343124 2.23162
0.887743 0.358671 2.23162
0.881348 0.37411 2.23162
0.874685 0.389435 2.23162
0.867755 0.404641 2.23162
0.860561 0.419723 2.23162
0.853104 0.434678 2.23162
0.845388 0.449501 2.23162
0.837415 0.464187 2.23162
0.829186 0.478731 2.25909
0.820705 0.493129 2.25909
0.811973 0.507377 2.25909
0.802995 0.521471 2.25909
0.793772 0.535406 2.25909
0.784307 0.549177 2.25909
0.774603 0.562782 2.25909
0.764663 0.576215 2.25909
0.75449 0.589472 2.25909
0.744087 0.60255 2.25909
0.733458 0.615444 2.25909
0.722605 0.628151 2.25909
0.711533 0.640667 2.29696
0.700243 0.652987 2.29696
0.68874 0.665109 2.29696
0.677028 0.677028 2.29696
0.665109 0.68874 2.29696
0.652987 0.700243 2.29696
0.640667 0.711533 2.29696
0.628151 0.722605 2.29696
0.615444 0.733458 2.29696
0.60255 0.744087 2.29696
0.589472 0.75449 2.29696
0.576215 0.764663 2.29696
0.562782 0.774603 2.34306
0.549177 0.784307 2.34306
0.535406 0.793772 2.34306
0.521471 0.802995 2.34306
0.507377 0.811973 2.34306
0.493129 0.820705 2.34306
0.478731 0.829186 2.34306
0.464187 0.837415 2.34306
0.449501 0.845388 2.34306
0.434678 0.853104 2.34306
0.419723 0.860561 2.34306
0.404641 0.867755 2.34306
0.389435 0.874685 2.39307
0.37411 0.881348 2.39307
0.358671 0.887743 2.39307
0.343124 0.893867 2.39307
0.327471 0.899719 2.39307
0.311719 0.905298 2.39307
0.295872 0.9106 2.39307
0.279935 0.915625 2.39307
0.263912 0.920371 2.39307
0.247809 0.924837 2.39307
0.231631 0.929021 2.39307
0.215382 0.932922 2.39307
0.199067 0.936539 2.44115
0.182692 0.93987 2.44115
0.166261 0.942915 2.44115
0.14978 0.945674 2.44115
0.133253 0.948144 2.44115
0.116685 0.950325 2.44115
0.100082 0.952216 2.44115
0.0834483 0.953818 2.44115
0.0667891 0.955129 2.44115
0.0501097 0.956149 2.44115
0.0334149 0.956878 2.44115
0.01671 0.957316 2.44115
5.86276e-17 0.957461 2.48116
-0.01671 0.957316 2.48116
-0.0334149 0.956878 2.48116
-0.0501097 0.956149 2.48116
-0.0667891 0.955129 2.48116
-0.0834483 0.953818 2.48116
-0.100082 0.952216 2.48116
-0.116685 0.950325 2.48116
-0.133253 0.948144 2.48116
-0.14978 0.945674 2.48116
-0.166261 0.942915 2.48116
-0.182692 0.93987 2.48116
-0.199067 0.936539 2.50841
-0.215382 0.932922 2.50841
-0.231631 0.929021 2.50841
-0.247809 0.924837 2.50841
-0.263912 0.920371 2.50841
-0.279935 0.915625 2.50841
-0.295872 0.9106 2.50841
-0.311719 0.905298 2.50841
-0.327471 0.899719 2.50841
-0.343124 0.893867 2.50841
-0.358671 0.887743 2.50841
-0.37411 0.881348 2.50841
-0.389435 0.874685 2.52088
-0.404641 0.867755 2.52088
-0.419723 0.860561 2.52088
-0.434678 0.853104 2.52088
-0.449501 0.845388 2.52088
-0.464187 0.837415 2.52088
-0.478731 0.829186 2.52088
-0.493129 0.820705 2.52088
-0.507377 0.811973 2.52088
-0.521471 0.802995 2.52088
-0.535406 0.793772 2.52088
-0.549177 0.784307 2.52088
-0.562782 0.774603 2.51971
-0.576215 0.764663 2.51971
-0.589472 0.75449 2.51971
-0.60255 0.744087 2.51971
-0.615444 0.733458 2.51971
-0.628151 0.722605 2.51971
-0.640667 0.711533 2.51971
-0.652987 0.700243 2.51971
-0.665109 0.68874 2.51971
-0.677028 0.677028 2.51971
-0.68874 0.665109 2.51971
-0.700243 0.652987 2.51971
-0.711533 0.640667 2.50888
-0.722605 0.628151 2.50888
-0.733458 0.615444 2.50888
-0.744087 0.60255 2.50888
-0.75449 0.589472 2.50888
-0.764663 0.576215 2.50888
-0.774603 0.562782 2.50888
-0.784307 0.549177 2.50888
-0.793772 0.535406 2.50888
-0.802995 0.521471 2.50888
-0.811973 0.507377 2.50888
-0.820705 0.493129 2.50888
-0.829186 0.478731 2.4943
-0.837415 0.464187 2.4943
-0.845388 0.449501 2.4943
-0.853104 0.434678 2.4943
-0.860561 0.419723 2.4943
-0.867755 0.404641 2.4943
-0.874685 0.389435 2.4943
-0.881348 0.37411 2.4943
-0.887743 0.358671 2.4943
-0.893867 0.343124 2.4943
-0.899719 0.327471 2.4943
-0.905298 0.311719 2.4943
-0.9106 0.295872 2.48208
-0.915625 0.279935 2.48208
-0.920371 0.263912 2.48208
-0.924837 0.247809 2.48208
-0.929021 0.231631 2.48208
-0.932922 0.215382 2.48208
-0.936539 0.199067 2.48208
-0.93987 0.182692 2.48208
-0.942915 0.166261 2.48208
-0.945674 0.14978 2.48208
-0.948144 0.133253 2.48208
-0.950325 0.116685 2.48208
-0.952216 0.100082 2.47679
-0.953818 0.0834483 2.47679
-0.955129 0.0667891 2.47679
-0.956149 0.0501097 2.47679
-0.956878 0.0334149 2.47679
-0.957316 0.01671 2.47679
-0.957461 1.17255e-16 2.47679
-0.957316 -0.01671 2.47679
-0.956878 -0.0334149 2.47679
-0.956149 -0.0501097 2.47679
-0.955129 -0.0667891 2.47679
-0.953818 -0.0834483 2.47679
-0.952216 -0.100082 2.47679
-0.950325 -0.116685 2.48003
-0.948144 -0.133253 2.48003
-0.945674 -0.14978 2.48003
-0.942915 -0.166261 2.48003
-0.93987 -0.182692 2.48003
-0.936539 -0.199067 2.48003
-0.932922 -0.215382 2.48003
-0.929021 -0.231631 2.48003
-0.924837 -0.247809 2.48003
-0.920371 -0.263912 2.48003
-0.915625 -0.279935 2.48003
-0.9106 -0.295872 2.48003
-0.905298 -0.311719 2.49009
-0.899719 -0.327471 2.49009
-0.893867 -0.343124 2.49009
-0.887743 -0.358671 2.49009
-0.881348 -0.37411 2.49009
-0.874685 -0.389435 2.49009
-0.867755 -0.404641 2.49009
-0.860561 -0.419723 2.49009
-0.853104 -0.434678 2.49009
-0.845388 -0.449501 2.49009
-0.837415 -0.464187 2.49009
-0.829186 -0.478731 2.49009
-0.820705 -0.493129 2.5024
-0.811973 -0.507377 2.5024
-0.802995 -0.521471 2.5024
-0.793772 -0.535406 2.5024
-0.784307 -0.549177 2.5024
-0.774603 -0.562782 2.5024
-0.764663 -0.576215 2.5024
-0.75449 -0.589472 2.5024
-0.744087 -0.60255 2.5024
-0.733458 -0.615444 2.5024
-0.722605 -0.628151 2.5024
-0.711533 -0.640667 2.5024
-0.700243 -0.652987 2.51088
-0.68874 -0.665109 2.51088
-0.677028 -0.677028 2.51088
-0.665109 -0.68874 2.51088
-0.652987 -0.700243 2.51088
-0.640667 -0.711533 2.51088
-0.628151 -0.722605 2.51088
-0.615444 -0.733458 2.51088
-0.60255 -0.744087 2.51088
-0.589472 -0.75449 2.51088
-0.576215 -0.764663 2.51088
-0.562782 -0.774603 2.51088
-0.549177 -0.784307 2.50979
-0.535406 -0.793772 2.50979
-0.521471 -0.802995 2.50979
-0.507377 -0.811973 2.50979
-0.493129 -0.820705 2.50979
-0.478731 -0.829186 2.50979
-0.464187 -0.837415 2.50979
-0.449501 -0.845388 2.50979
-0.434678 -0.853104 2.50979
-0.419723 -0.860561 2.50979
-0.404641 -0.867755 2.50979
-0.389435 -0.874685 2.50979
-0.37411 -0.881348 2.49537
-0.358671 -0.887743 2.49537
-0.343124 -0.893867 2.49537
-0.327471 -0.899719 2.49537
-0.311719 -0.905298 2.49537
-0.295872 -0.9106 2.49537
-0.279935 -0.915625 2.49537
-0.263912 -0.920371 2.49537
-0.247809 -0.924837 2.49537
-0.231631 -0.929021 2.49537
-0.215382 -0.932922 2.49537
-0.199067 -0.936539 2.49537
-0.182692 -0.93987 2.46673
-0.166261 -0.942915 2.46673
-0.14978 -0.945674 2.46673
-0.133253 -0.948144 2.46673
-0.116685 -0.950325 2.46673
-0.100082 -0.952216 2.46673
-0.0834483 -0.953818 2.46673
-0.0667891 -0.955129 2.46673
-0.0501097 -0.956149 2.46673
-0.0334149 -0.956878 2.46673
-0.01671 -0.957316 2.46673
-1.75883e-16 -0.957461 2.46673
0.01671 -0.957316 2.4261
0.0334149 -0.956878 2.4261
0.0501097 -0.956149 2.4261
0.0667891 -0.955129 2.4261
0.0834483 -0.953818 2.4261
0.100082 -0.952216 2.4261
0.116685 -0.950325 2.4261
0.133253 -0.948144 2.4261
0.14978 -0.945674 2.4261
0.166261 -0.942915 2.4261
0.182692 -0.93987 2.4261
0.199067 -0.936539 2.4261
0.215382 -0.932922 2.37829
0.231631 -0.929021 2.37829
0.247809 -0.924837 2.37829
0.263912 -0.920371 2.37829
0.279935 -0.915625 2.37829
0.295872 -0.9106 2.37829
0.311719 -0.905298 2.37829
0.327471 -0.899719 2.37829
0.343124 -0.893867 2.37829
0.358671 -0.887743 2.37829
0.37411 -0.881348 2.37829
0.389435 -0.874685 2.37829
0.404641 -0.867755 2.3294
0.419723 -0.860561 2.3294
0.434678 -0.853104 2.3294
0.449501 -0.845388 2.3294
0.464187 -0.837415 2.3294
0.478731 -0.829186 2.3294
0.493129 -0.820705 2.3294
0.507377 -0.811973 2.3294
0.521471 -0.802995 2.3294
0.535406 -0.793772 2.3294
0.549177 -0.784307 2.3294
0.562782 -0.774603 2.3294
0.576215 -0.764663 2.2852
0.589472 -0.75449 2.2852
0.60255 -0.744087 2.2852
0.615444 -0.733458 2.2852
0.628151 -0.722605 2.2852
0.640667 -0.711533 2.2852
0.652987 -0.700243 2.2852
0.665109 -0.68874 2.2852
0.677028 -0.677028 2.2852
0.68874 -0.665109 2.2852
0.700243 -0.652987 2.2852
0.711533 -0.640667 2.2852
0.722605 -0.628151 2.24981
0.733458 -0.615444 2.24981
0.744087 -0.60255 2.24981
0.75449 -0.589472 2.24981
0.764663 -0.576215 2.24981
0.774603 -0.562782 2.24981
0.784307 -0.549177 2.24981
0.793772 -0.535406 2.24981
0.802995 -0.521471 2.24981
0.811973 -0.507377 2.24981
0.820705 -0.493129 2.24981
0.829186 -0.478731 2.24981
0.837415 -0.464187 2.22524
0.845388 -0.449501 2.22524
0.853104 -0.434678 2.22524
0.860561 -0.419723 2.22524
0.867755 -0.404641 2.22524
0.874685 -0.389435 2.22524
0.881348 -0.37411 2.22524
0.887743 -0.358671 2.22524
0.893867 -0.343124 2.22524
0.899719 -0.327471 2.22524
0.905298 -0.311719 2.22524
0.9106 -0.295872 2.22524
0.915625 -0.279935 2.21162
0.920371 -0.263912 2.21162
0.924837 -0.247809 2.21162
0.929021 -0.231631 2.21162
0.932922 -0.215382 2.21162
0.936539 -0.199067 2.21162
0.93987 -0.182692 2.21162
0.942915 -0.166261 2.21162
0.945674 -0.14978 2.21162
0.948144 -0.133253 2.21162
0.950325 -0.116685 2.21162
0.952216 -0.100082 2.21162
0.953818 -0.0834483 2.25056
0.955129 -0.0667891 2.25056
0.956149 -0.0501097 2.25056
0.956878 -0.0334149 2.25056
0.957316 -0.01671 2.25056

1.03725 0 2.2083
1.03709 0.0181025 2.2083
1.03662 0.0361995 2.2083
1.03583 0.0542855 2.2083
1.03472 0.0723549 2.2083
1.0333 0.0904023 2.2083
1.03157 0.108422 2.21487
1.02952 0.126409 2.21487
1.02716 0.144357 2.21487
1.02448 0.162262 2.21487
1.02149 0.180117 2.21487
1.01819 0.197917 2.21487
1.01458 0.215656 2.21487
1.01067 0.23333 2.21487
1.00644 0.250933 2.21487
1.00191 0.26846 2.21487
0.997069 0.285905 2.21487
0.991927 0.303263 2.21487
0.986483 0.320528 2.23162
0.980739 0.337696 2.23162
0.974696 0.35476 2.23162
0.968356 0.371717 2.23162
0.961721 0.388561 2.23162
0.954794 0.405286 2.23162
0.947575 0.421888 2.23162
0.940068 0.438361 2.23162
0.932274 0.4547 2.23162
0.924196 0.470902 2.23162
0.915837 0.486959 2.23162
0.907199 0.502869 2.23162
0.898285 0.518625 2.25909
0.889097 0.534223 2.25909
0.879638 0.549659 2.25909
0.869911 0.564927 2.25909
0.859919 0.580023 2.25909
0.849665 0.594942 2.25909
0.839153 0.60968 2.25909
0.828385 0.624233 2.25909
0.817364 0.638595 2.25909
0.806095 0.652763 2.25909
0.79458 0.666731 2.25909
0.782822 0.680497 2.25909
0.770827 0.694056 2.29696
0.758597 0.707403 2.29696
0.746135 0.720534 2.29696
0.733446 0.733446 2.29696
0.720534 0.746135 2.29696
0.707403 0.758597 2.29696
0.694056 0.770827 2.29696
0.680497 0.782822 2.29696
0.666731 0.79458 2.29696
0.652763 0.806095 2.29696
0.638595 0.817364 2.29696
0.624233 0.828385 2.29696
0.60968 0.839153 2.34306
0.594942 0.849665 2.34306
0.580023 0.859919 2.34306
0.564927 0.869911 2.34306
0.549659 0.879638 2.34306
0.534223 0.889097 2.34306
0.518625 0.898285 2.34306
0.502869 0.907199 2.34306
0.486959 0.915837 2.34306
0.470902 0.924196 2.34306
0.4547 0.932274 2.34306
0.438361 0.940068 2.34306
0.421888 0.947575 2.39307
0.405286 0.954794 2.39307
0.388561 0.961721 2.39307
0.371717 0.968356 2.39307
0.35476 0.974696 2.39307
0.337696 0.980739 2.39307
0.320528 0.986483 2.39307
0.303263 0.991927 2.39307
0.285905 0.997069 2.39307
0.26846 1.00191 2.39307
0.250933 1.00644 2.39307
0.23333 1.01067 2.39307
0.215656 1.01458 2.44115
0.197917 1.01819 2.44115
0.180117 1.02149 2.44115
0.162262 1.02448 2.44115
0.144357 1.02716 2.44115
0.126409 1.02952 2.44115
0.108422 1.03157 2.44115
0.0904023 1.0333 2.44115
0.0723549 1.03472 2.44115
0.0542855 1.03583 2.44115
0.0361995 1.03662 2.44115
0.0181025 1.03709 2.44115
6.35132e-17 1.03725 2.48116
-0.0181025 1.03709 2.48116
-0.0361995 1.03662 2.48116
-0.0542855 1.03583 2.48116
-0.0723549 1.03472 2.48116
-0.0904023 1.0333 2.48116
-0.108422 1.03157 2.48116
-0.126409 1.02952 2.48116
-0.144357 1.02716 2.48116
-0.162262 1.02448 2.48116
-0.180117 1.02149 2.48116
-0.197917 1.01819 2.48116
-0.215656 1.01458 2.50841
-0.23333 1.01067 2.50841
-0.250933 1.00644 2.50841
-0.26846 1.00191 2.50841
-0.285905 0.997069 2.50841
-0.303263 0.991927 2.50841
-0.320528 0.986483 2.50841
-0.337696 0.980739 2.50841
-0.35476 0.974696 2.50841
-0.371717 0.968356 2.50841
-0.388561 0.961721 2.50841
-0.405286 0.954794 2.50841
-0.421888 0.947575 2.52088
-0.438361 0.940068 2.52088
-0.4547 0.932274 2.52088
-0.470902 0.924196 2.52088
-0.486959 0.915837 2.52088
-0.502869 0.907199 2.52088
-0.518625 0.898285 2.52088
-0.534223 0.889097 2.52088
-0.549659 0.879638 2.52088
-0.564927 0.869911 2.52088
-0.580023 0.859919 2.52088
-0.594942 0.849665 2.52088
-0.60968 0.839153 2.51971
-0.624233 0.828385 2.51971
-0.638595 0.817364 2.51971
-0.652763 0.806095 2.51971
-0.666731 0.79458 2.51971
-0.680497 0.782822 2.51971
-0.694056 0.770827 2.51971
-0.707403 0.758597 2.51971
-0.720534 0.746135 2.51971
-0.733446 0.733446 2.51971
-0.746135 0.720534 2.51971
-0.758597 0.707403 2.51971
-0.770827 0.694056 2.50888
-0.782822 0.680497 2.50888
-0.79458 0.666731 2.50888
-0.806095 0.652763 2.50888
-0.817364 0.638595 2.50888
-0.828385 0.624233 2.50888
-0.839153 0.60968 2.50888
-0.849665 0.594942 2.50888
-0.859919 0.580023 2.50888
-0.869911 0.564927 2.50888
-0.879638 0.549659 2.50888
-0.889097 0.534223 2.50888
-0.898285 0.518625 2.4943
-0.907199 0.502869 2.4943
-0.915837 0.486959 2.4943
-0.924196 0.470902 2.4943
-0.932274 0.4547 2.4943
-0.940068 0.438361 2.4943
-0.947575 0.421888 2.4943
-0.954794 0.405286 2.4943
-0.961721 0.388561 2.4943
-0.968356 0.371717 2.4943
-0.974696 0.35476 2.4943
-0.980739 0.337696 2.4943
-0.986483 0.320528 2.48208
-0.991927 0.303263 2.48208
-0.997069 0.285905 2.48208
-1.00191 0.26846 2.48208
-1.00644 0.250933 2.48208
-1.01067 0.23333 2.48208
-1.01458 0.215656 2.48208
-1.01819 0.197917 2.48208
-1.02149 0.180117 2.48208
-1.02448 0.162262 2.48208
-1.02716 0.144357 2.48208
-1.02952 0.126409 2.48208
-1.03157 0.108422 2.47679
-1.0333 0.0904023 2.47679
-1.03472 0.0723549 2.47679
-1.03583 0.0542855 2.47679
-1.03662 0.0361995 2.47679
-1.03709 0.0181025 2.47679
-1.03725 1.27026e-16 2.47679
-1.03709 -0.0181025 2.47679
-1.03662 -0.0361995 2.47679
-1.03583 -0.0542855 2.47679
-1.03472 -0.0723549 2.47679
-1.0333 -0.0904023 2.47679
-1.03157 -0.108422 2.47679
-1.02952 -0.126409 2.48003
-1.02716 -0.144357 2.48003
-1.02448 -0.162262 2.48003
-1.02149 -0.180117 2.48003
-1.01819 -0.197917 2.48003
-1.01458 -0.215656 2.48003
-1.01067 -0.23333 2.48003
-1.00644 -0.250933 2.48003
-1.00191 -0.26846 2.48003
-0.997069 -0.285905 2.48003
-0.991927 -0.303263 2.48003
-0.986483 -0.320528 2.48003
-0.980739 -0.337696 2.49009
-0.974696 -0.35476 2.49009
-0.968356 -0.371717 2.49009
-0.961721 -0.388561 2.49009
-0.954794 -0.405286 2.49009
-0.947575 -0.421888 2.49009
-0.940068 -0.438361 2.49009
-0.932274 -0.4547 2.49009
-0.924196 -0.470902 2.49009
-0.915837 -0.486959 2.49009
-0.907199 -0.502869 2.49009
-0.898285 -0.518625 2.49009
-0.889097 -0.534223 2.5024
-0.879638 -0.549659 2.5024
-0.869911 -0.564927 2.5024
-0.859919 -0.580023 2.5024
-0.849665 -0.594942 2.5024
-0.839153 -0.60968 2.5024
-0.828385 -0.624233 2.5024
-0.817364 -0.638595 2.5024
-0.806095 -0.652763 2.5024
-0.79458 -0.666731 2.5024
-0.782822 -0.680497 2.5024
-0.770827 -0.694056 2.5024
-0.758597 -0.707403 2.51088
-0.746135 -0.720534 2.51088
-0.733446 -0.733446 2.51088
-0.720534 -0.746135 2.51088
-0.707403 -0.758597 2.51088
-0.694056 -0.770827 2.51088
-0.680497 -0.782822 2.51088
-0.666731 -0.79458 2.51088
-0.652763 -0.806095 2.51088
-0.638595 -0.817364 2.51088
-0.624233 -0.828385 2.51088
-0.60968 -0.839153 2.51088
-0.594942 -0.849665 2.50979
-0.580023 -0.859919 2.50979
-0.564927 -0.869911 2.50979
-0.549659 -0.879638 2.50979
-0.534223 -0.889097 2.50979
-0.518625 -0.898285 2.50979
-0.502869 -0.907199 2.50979
-0.486959 -0.915837 2.50979
-0.470902 -0.924196 2.50979
-0.4547 -0.932274 2.50979
-0.438361 -0.940068 2.50979
-0.421888 -0.947575 2.50979
-0.405286 -0.954794 2.49537
-0.388561 -0.961721 2.49537
-0.371717 -0.968356 2.49537
-0.35476 -0.974696 2.49537
-0.337696 -0.980739 2.49537
-0.320528 -0.986483 2.49537
-0.303263 -0.991927 2.49537
-0.285905 -0.997069 2.49537
-0.26846 -1.00191 2.49537
-0.250933 -1.00644 2.49537
-0.23333 -1.01067 2.49537
-0.215656 -1.01458 2.49537
-0.197917 -1.01819 2.46673
-0.180117 -1.02149 2.46673
-0.162262 -1.02448 2.46673
-0.144357 -1.02716 2.46673
-0.126409 -1.02952 2.46673
-0.108422 -1.03157 2.46673
-0.0904023 -1.0333 2.46673
-0.0723549 -1.03472 2.46673
-0.0542855 -1.03583 2.46673
-0.0361995 -1.03662 2.46673
-0.0181025 -1.03709 2.46673
-1.9054e-16 -1.03725 2.46673
0.0181025 -1.03709 2.4261
0.0361995 -1.03662 2.4261
0.0542855 -1.03583 2.4261
0.0723549 -1.03472 2.4261
0.0904023 -1.0333 2.4261
0.108422 -1.03157 2.4261
0.126409 -1.02952 2.4261
0.144357 -1.02716 2.4261
0.162262 -1.02448 2.4261
0.180117 -1.02149 2.4261
0.197917 -1.01819 2.4261
0.215656 -1.01458 2.4261
0.23333 -1.01067 2.37829
0.250933 -1.00644 2.37829
0.26846 -1.00191 2.37829
0.285905 -0.997069 2.37829
0.303263 -0.991927 2.37829
0.320528 -0.986483 2.37829
0.337696 -0.980739 2.37829
0.35476 -0.974696 2.37829
0.371717 -0.968356 2.37829
0.388561 -0.961721 2.37829
0.405286 -0.954794 2.37829
0.421888 -0.947575 2.37829
0.438361 -0.940068 2.3294
0.4547 -0.932274 2.3294
0.470902 -0.924196 2.3294
0.486959 -0.915837 2.3294
0.502869 -0.907199 2.3294
0.518625 -0.898285 2.3294
0.534223 -0.889097 2.3294
0.549659 -0.879638 2.3294
0.564927 -0.869911 2.3294
0.580023 -0.859919 2.3294
0.594942 -0.849665 2.3294
0.60968 -0.839153 2.3294
0.624233 -0.828385 2.2852
0.638595 -0.817364 2.2852
0.652763 -0.806095 2.2852
0.666731 -0.79458 2.2852
0.680497 -0.782822 2.2852
0.694056 -0.770827 2.2852
0.707403 -0.758597 2.2852
0.720534 -0.746135 2.2852
0.733446 -0.733446 2.2852
0.746135 -0.720534 2.2852
0.758597 -0.707403 2.2852
0.770827 -0.694056 2.2852
0.782822 -0.680497 2.24981
0.79458 -0.666731 2.24981
0.806095 -0.652763 2.24981
0.817364 -0.638595 2.24981
0.828385 -0.624233 2.24981
0.839153 -0.60968 2.24981
0.849665 -0.594942 2.24981
0.859919 -0.580023 2.24981
0.869911 -0.564927 2.24981
0.879638 -0.549659 2.24981
0.889097 -0.534223 2.24981
0.898285 -0.518625 2.24981
0.907199 -0.502869 2.22524
0.915837 -0.486959 2.22524
0.924196 -0.470902 2.22524
0.932274 -0.4547 2.22524
0.940068 -0.438361 2.22524
0.947575 -0.421888 2.22524
0.954794 -0.405286 2.22524
0.961721 -0.388561 2.22524
0.968356 -0.371717 2.22524
0.974696 -0.35476 2.22524
0.980739 -0.337696 2.22524
0.986483 -0.320528 2.22524
0.991927 -0.303263 2.21162
0.997069 -0.285905 2.21162
1.00191 -0.26846 2.21162
1.00644 -0.250933 2.21162
1.01067 -0.23333 2.21162
1.01458 -0.215656 2.21162
1.01819 -0.197917 2.21162
1.02149 -0.180117 2.21162
1.02448 -0.162262 2.21162
1.02716 -0.144357 2.21162
1.02952 -0.126409 2.21162
1.03157 -0.108422 2.21162
1.0333 -0.0904023 2.25056
1.03472 -0.0723549 2.25056
1.03583 -0.0542855 2.25056
1.03662 -0.0361995 2.25056
1.03709 -0.0181025 2.25056

1.11704 0 2.16559
1.11687 0.019495 2.16559
1.11636 0.0389841 2.16559
1.11551 0.0584613 2.16559
1.11432 0.0779207 2.16559
1.11279 0.0973563 2.17086
1.11092 0.116762 2.17086
1.10871 0.136133 2.17086
1.10617 0.155462 2.17086
1.10329 0.174743 2.17086
1.10007 0.193972 2.17086
1.09652 0.213141 2.17086
1.09263 0.232245 2.17086
1.08841 0.251279 2.17086
1.08386 0.270236 2.17086
1.07898 0.289111 2.18393
1.07377 0.307898 2.18393
1.06823 0.32659 2.18393
1.06237 0.345184 2.18393
1.05618 0.363672 2.18393
1.04967 0.38205 2.18393
1.04285 0.400311 2.18393
1.0357 0.41845 2.18393
1.02824 0.436462 2.18393
1.02047 0.45434 2.18393
1.01238 0.472081 2.206
1.00399 0.489677 2.206
0.995288 0.507125 2.206
0.986286 0.524418 2.206
0.976984 0.541551 2.206
0.967384 0.558519 2.206
0.957489 0.575317 2.206
0.947302 0.59194 2.206
0.936827 0.608383 2.206
0.926067 0.62464 2.206
0.915024 0.640707 2.23814
0.903703 0.656579 2.23814
0.892107 0.67225 2.23814
0.880238 0.687718 2.23814
0.868102 0.702975 2.23814
0.855701 0.718018 2.23814
0.84304 0.732843 2.23814
0.830121 0.747445 2.23814
0.81695 0.761818 2.23814
0.80353 0.77596 2.23814
0.789865 0.789865 2.28035
0.77596 0.80353 2.28035
0.761818 0.81695 2.28035
0.747445 0.830121 2.28035
0.732843 0.84304 2.28035
0.718018 0.855701 2.28035
0.702975 0.868102 2.28035
0.687718 0.880238 2.28035
0.67225 0.892107 2.28035
0.656579 0.903703 2.28035
0.640707 0.915024 2.33086
0.62464 0.926067 2.33086
0.608383 0.936827 2.33086
0.59194 0.947302 2.33086
0.575317 0.957489 2.33086
0.558519 0.967384 2.33086
0.541551 0.976984 2.33086
0.524418 0.986286 2.33086
0.507125 0.995288 2.33086
0.489677 1.00399 2.33086
0.472081 1.01238 2.38603
0.45434 1.02047 2.38603
0.436462 1.02824 2.38603
0.41845 1.0357 2.38603
0.400311 1.04285 2.38603
0.38205 1.04967 2.38603
0.363672 1.05618 2.38603
0.345184 1.06237 2.38603
0.32659 1.06823 2.38603
0.307898 1.07377 2.38603
0.289111 1.07898 2.44082
0.270236 1.08386 2.44082
0.251279 1.08841 2.44082
0.232245 1.09263 2.44082
0.213141 1.09652 2.44082
0.193972 1.10007 2.44082
0.174743 1.10329 2.44082
0.155462 1.10617 2.44082
0.136133 1.10871 2.44082
0.116762 1.11092 2.44082
0.0973563 1.11279 2.48965
0.0779207 1.11432 2.48965
0.0584613 1.11551 2.48965
0.0389841 1.11636 2.48965
0.019495 1.11687 2.48965
6.83989e-17 1.11704 2.48965
-0.019495 1.11687 2.48965
-0.0389841 1.11636 2.48965
-0.0584613 1.11551 2.48965
-0.0779207 1.11432 2.48965
-0.0973563 1.11279 2.52755
-0.116762 1.11092 2.52755
-0.136133 1.10871 2.52755
-0.155462 1.10617 2.52755
-0.174743 1.10329 2.52755
-0.193972 1.10007 2.52755
-0.213141 1.09652 2.52755
-0.232245 1.09263 2.52755
-0.251279 1.08841 2.52755
-0.270236 1.08386 2.52755
-0.289111 1.07898 2.55116
-0.307898 1.07377 2.55116
-0.32659 1.06823 2.55116
-0.345184 1.06237 2.55116
-0.363672 1.05618 2.55116
-0.38205 1.04967 2.55116
-0.400311 1.04285 2.55116
-0.41845 1.0357 2.55116
-0.436462 1.02824 2.55116
-0.45434 1.02047 2.55116
-0.472081 1.01238 2.55939
-0.489677 1.00399 2.55939
-0.507125 0.995288 2.55939
-0.524418 0.986286 2.55939
-0.541551 0.976984 2.55939
-0.558519 0.967384 2.55939
-0.575317 0.957489 2.55939
-0.59194 0.947302 2.55939
-0.608383 0.936827 2.55939
-0.62464 0.926067 2.55939
-0.640707 0.915024 2.55353
-0.656579 0.903703 2.55353
-0.67225 0.892107 2.55353
-0.687718 0.880238 2.55353
-0.702975 0.868102 2.55353
-0.718018 0.855701 2.55353
-0.732843 0.84304 2.55353
-0.747445 0.830121 2.55353
-0.761818 0.81695 2.55353
-0.77596 0.80353 2.55353
-0.789865 0.789865 2.53708
-0.80353 0.77596 2.53708
-0.81695 0.761818 2.53708
-0.830121 0.747445 2.53708
-0.84304 0.732843 2.53708
-0.855701 0.718018 2.53708
-0.868102 0.702975 2.53708
-0.880238 0.687718 2.53708
-0.892107 0.67225 2.53708
-0.903703 0.656579 2.53708
-0.915024 0.640707 2.51521
-0.926067 0.62464 2.51521
-0.936827 0.608383 2.51521
-0.947302 0.59194 2.51521
-0.957489 0.575317 2.51521
-0.967384 0.558519 2.51521
-0.976984 0.541551 2.51521
-0.986286 0.524418 2.51521
-0.995288 0.507125 2.51521
-1.00399 0.489677 2.51521
-1.01238 0.472081 2.49375
-1.02047 0.45434 2.49375
-1.02824 0.436462 2.49375
-1.0357 0.41845 2.49375
-1.04285 0.400311 2.49375
-1.04967 0.38205 2.49375
-1.05618 0.363672 2.49375
-1.06237 0.345184 2.49375
-1.06823 0.32659 2.49375
-1.07377 0.307898 2.49375
-1.07898 0.289111 2.47803
-1.08386 0.270236 2.47803
-1.08841 0.251279 2.47803
-1.09263 0.232245 2.47803
-1.09652 0.213141 2.47803
-1.10007 0.193972 2.47803
-1.10329 0.174743 2.47803
-1.10617 0.155462 2.47803
-1.10871 0.136133 2.47803
-1.11092 0.116762 2.47803
-1.11279 0.0973563 2.47177
-1.11432 0.0779207 2.47177
-1.11551 0.0584613 2.47177
-1.11636 0.0389841 2.47177
-1.11687 0.019495 2.47177
-1.11704 1.36798e-16 2.47177
-1.11687 -0.019495 2.47177
-1.11636 -0.0389841 2.47177
-1.11551 -0.0584613 2.47177
-1.11432 -0.0779207 2.47177
-1.11279 -0.0973563 2.47177
-1.11092 -0.116762 2.47623
-1.10871 -0.136133 2.47623
-1.10617 -0.155462 2.47623
-1.10329 -0.174743 2.47623
-1.10007 -0.193972 2.47623
-1.09652 -0.213141 2.47623
-1.09263 -0.232245 2.47623
-1.08841 -0.251279 2.47623
-1.08386 -0.270236 2.47623
-1.07898 -0.289111 2.47623
-1.07377 -0.307898 2.49004
-1.06823 -0.32659 2.49004
-1.06237 -0.345184 2.49004
-1.05618 -0.363672 2.49004
-1.04967 -0.38205 2.49004
-1.04285 -0.400311 2.49004
-1.0357 -0.41845 2.49004
-1.02824 -0.436462 2.49004
-1.02047 -0.45434 2.49004
-1.01238 -0.472081 2.49004
-1.00399 -0.489677 2.50941
-0.995288 -0.507125 2.50941
-0.986286 -0.524418 2.50941
-0.976984 -0.541551 2.50941
-0.967384 -0.558519 2.50941
-0.957489 -0.575317 2.50941
-0.947302 -0.59194 2.50941
-0.936827 -0.608383 2.50941
-0.926067 -0.62464 2.50941
-0.915024 -0.640707 2.50941
-0.903703 -0.656579 2.52897
-0.892107 -0.67225 2.52897
-0.880238 -0.687718 2.52897
-0.868102 -0.702975 2.52897
-0.855701 -0.718018 2.52897
-0.84304 -0.732843 2.52897
-0.830121 -0.747445 2.52897
-0.81695 -0.761818 2.52897
-0.80353 -0.77596 2.52897
-0.789865 -0.789865 2.52897
-0.77596 -0.80353 2.54297
-0.761818 -0.81695 2.54297
-0.747445 -0.830121 2.54297
-0.732843 -0.84304 2.54297
-0.718018 -0.855701 2.54297
-0.702975 -0.868102 2.54297
-0.687718 -0.880238 2.54297
-0.67225 -0.892107 2.54297
-0.656579 -0.903703 2.54297
-0.640707 -0.915024 2.54297
-0.62464 -0.926067 2.54639
-0.608383 -0.936827 2.54639
-0.59194 -0.947302 2.54639
-0.575317 -0.957489 2.54639
-0.558519 -0.967384 2.54639
-0.541551 -0.976984 2.54639
-0.524418 -0.986286 2.54639
-0.507125 -0.995288 2.54639
-0.489677 -1.00399 2.54639
-0.472081 -1.01238 2.54639
-0.45434 -1.02047 2.53595
-0.436462 -1.02824 2.53595
-0.41845 -1.0357 2.53595
-0.400311 -1.04285 2.53595
-0.38205 -1.04967 2.53595
-0.363672 -1.05618 2.53595
-0.345184 -1.06237 2.53595
-0.32659 -1.06823 2.53595
-0.307898 -1.07377 2.53595
-0.289111 -1.07898 2.53595
-0.270236 -1.08386 2.51056
-0.251279 -1.08841 2.51056
-0.232245 -1.09263 2.51056
-0.213141 -1.09652 2.51056
-0.193972 -1.10007 2.51056
-0.174743 -1.10329 2.51056
-0.155462 -1.10617 2.51056
-0.136133 -1.10871 2.51056
-0.116762 -1.11092 2.51056
-0.0973563 -1.11279 2.51056
-0.0779207 -1.11432 2.47153
-0.0584613 -1.11551 2.47153
-0.0389841 -1.11636 2.47153
-0.019495 -1.11687 2.47153
-2.05197e-16 -1.11704 2.47153
0.019495 -1.11687 2.47153
0.0389841 -1.11636 2.47153
0.0584613 -1.11551 2.47153
0.0779207 -1.11432 2.47153
0.0973563 -1.11279 2.47153
0.116762 -1.11092 2.42237
0.136133 -1.10871 2.42237
0.155462 -1.10617 2.42237
0.174743 -1.10329 2.42237
0.193972 -1.10007 2.42237
0.213141 -1.09652 2.42237
0.232245 -1.09263 2.42237
0.251279 -1.08841 2.42237
0.270236 -1.08386 2.42237
0.289111 -1.07898 2.42237
0.307898 -1.07377 2.36807
0.32659 -1.06823 2.36807
0.345184 -1.06237 2.36807
0.363672 -1.05618 2.36807
0.38205 -1.04967 2.36807
0.400311 -1.04285 2.36807
0.41845 -1.0357 2.36807
0.436462 -1.02824 2.36807
0.45434 -1.02047 2.36807
0.472081 -1.01238 2.36807
0.489677 -1.00399 2.31417
0.507125 -0.995288 2.31417
0.524418 -0.986286 2.31417
0.541551 -0.976984 2.31417
0.558519 -0.967384 2.31417
0.575317 -0.957489 2.31417
0.59194 -0.947302 2.31417
0.608383 -0.936827 2.31417
0.62464 -0.926067 2.31417
0.640707 -0.915024 2.31417
0.656579 -0.903703 2.26561
0.67225 -0.892107 2.26561
0.687718 -0.880238 2.26561
0.702975 -0.868102 2.26561
0.718018 -0.855701 2.26561
0.732843 -0.84304 2.26561
0.747445 -0.830121 2.26561
0.761818 -0.81695 2.26561
0.77596 -0.80353 2.26561
0.789865 -0.789865 2.26561
0.80353 -0.77596 2.22586
0.81695 -0.761818 2.22586
0.830121 -0.747445 2.22586
0.84304 -0.732843 2.22586
0.855701 -0.718018 2.22586
0.868102 -0.702975 2.22586
0.880238 -0.687718 2.22586
0.892107 -0.67225 2.22586
0.903703 -0.656579 2.22586
0.915024 -0.640707 2.22586
0.926067 -0.62464 2.19654
0.936827 -0.608383 2.19654
0.947302 -0.59194 2.19654
0.957489 -0.575317 2.19654
0.967384 -0.558519 2.19654
0.976984 -0.541551 2.19654
0.986286 -0.524418 2.19654
0.995288 -0.507125 2.19654
1.00399 -0.489677 2.19654
1.01238 -0.472081 2.19654
1.02047 -0.45434 2.17753
1.02824 -0.436462 2.17753
1.0357 -0.41845 2.17753
1.04285 -0.400311 2.17753
1.04967 -0.38205 2.17753
1.05618 -0.363672 2.17753
1.06237 -0.345184 2.17753
1.06823 -0.32659 2.17753
1.07377 -0.307898 2.17753
1.07898 -0.289111 2.17753
1.08386 -0.270236 2.16763
1.08841 -0.251279 2.16763
1.09263 -0.232245 2.16763
1.09652 -0.213141 2.16763
1.10007 -0.193972 2.16763
1.10329 -0.174743 2.16763
1.10617 -0.155462 2.16763
1.10871 -0.136133 2.16763
1.11092 -0.116762 2.16763
1.11279 -0.0973563 2.16763
1.11432 -0.0779207 2.2083
1.11551 -0.0584613 2.2083
1.11636 -0.0389841 2.2083
1.11687 -0.019495 2.2083

1.19683 0 2.16559
1.19664 0.0208875 2.16559
1.1961 0.0417687 2.16559
1.19519 0.0626371 2.16559
1.19391 0.0834864 2.16559
1.19227 0.10431 2.17086
1.19027 0.125102 2.17086
1.18791 0.145857 2.17086
1.18518 0.166566 2.17086
1.18209 0.187225 2.17086
1.17864 0.207827 2.17086
1.17484 0.228365 2.17086
1.17067 0.248834 2.17086
1.16615 0.269227 2.17086
1.16128 0.289539 2.17086
1.15605 0.309762 2.18393
1.15046 0.32989 2.18393
1.14453 0.349918 2.18393
1.13825 0.36984 2.18393
1.13162 0.389649 2.18393
1.12465 0.409339 2.18393
1.11733 0.428904 2.18393
1.10968 0.448339 2.18393
1.10168 0.467638 2.18393
1.09336 0.486793 2.18393
1.08469 0.505801 2.206
1.0757 0.524654 2.206
1.06638 0.543348 2.206
1.05674 0.561876 2.206
1.04677 0.580233 2.206
1.03648 0.598413 2.206
1.02588 0.616411 2.206
1.01497 0.634222 2.206
1.00374 0.651839 2.206
0.992214 0.669257 2.206
0.980383 0.686472 2.23814
0.968253 0.703477 2.23814
0.955828 0.720268 2.23814
0.943112 0.73684 2.23814
0.930109 0.753188 2.23814
0.916823 0.769305 2.23814
0.903257 0.785189 2.23814
0.889416 0.800833 2.23814
0.875304 0.816234 2.23814
0.860925 0.831386 2.23814
0.846284 0.846284 2.28035
0.831386 0.860925 2.28035
0.816234 0.875304 2.28035
0.800833 0.889416 2.28035
0.785189 0.903257 2.28035
0.769305 0.916823 2.28035
0.753188 0.930109 2.28035
0.73684 0.943112 2.28035
0.720268 0.955828 2.28035
0.703477 0.968253 2.28035
0.686472 0.980383 2.33086
0.669257 0.992214 2.33086
0.651839 1.00374 2.33086
0.634222 1.01497 2.33086
0.616411 1.02588 2.33086
0.598413 1.03648 2.33086
0.580233 1.04677 2.33086
0.561876 1.05674 2.33086
0.543348 1.06638 2.33086
0.524654 1.0757 2.33086
0.505801 1.08469 2.38603
0.486793 1.09336 2.38603
0.467638 1.10168 2.38603
0.448339 1.10968 2.38603
0.428904 1.11733 2.38603
0.409339 1.12465 2.38603
0.389649 1.13162 2.38603
0.36984 1.13825 2.38603
0.349918 1.14453 2.38603
0.32989 1.15046 2.38603
0.309762 1.15605 2.44082
0.289539 1.16128 2.44082
0.269227 1.16615 2.44082
0.248834 1.17067 2.44082
0.228365 1.17484 2.44082
0.207827 1.17864 2.44082
0.187225 1.18209 2.44082
0.166566 1.18518 2.44082
0.145857 1.18791 2.44082
0.125102 1.19027 2.44082
0.10431 1.19227 2.48965
0.0834864 1.19391 2.48965
0.0626371 1.19519 2.48965
0.0417687 1.1961 2.48965
0.0208875 1.19664 2.48965
7.32845e-17 1.19683 2.48965
-0.0208875 1.19664 2.48965
-0.0417687 1.1961 2.48965
-0.0626371 1.19519 2.48965
-0.0834864 1.19391 2.48965
-0.10431 1.19227 2.52755
-0.125102 1.19027 2.52755
-0.145857 1.18791 2.52755
-0.166566 1.18518 2.52755
-0.187225 1.18209 2.52755
-0.207827 1.17864 2.52755
-0.228365 1.17484 2.52755
-0.248834 1.17067 2.52755
-0.269227 1.16615 2.52755
-0.289539 1.16128 2.52755
-0.309762 1.15605 2.55116
-0.32989 1.15046 2.55116
-0.349918 1.14453 2.55116
-0.36984 1.13825 2.55116
-0.389649 1.13162 2.55116
-0.409339 1.12465 2.55116
-0.428904 1.11733 2.55116
-0.448339 1.10968 2.55116
-0.467638 1.10168 2.55116
-0.486793 1.09336 2.55116
-0.505801 1.08469 2.55939
-0.524654 1.0757 2.55939
-0.543348 1.06638 2.55939
-0.561876 1.05674 2.55939
-0.580233 1.04677 2.55939
-0.598413 1.03648 2.55939
-0.616411 1.02588 2.55939
-0.634222 1.01497 2.55939
-0.651839 1.00374 2.55939
-0.669257 0.992214 2.55939
-0.686472 0.980383 2.55353
-0.703477 0.968253 2.55353
-0.720268 0.955828 2.55353
-0.73684 0.943112 2.55353
-0.753188 0.930109 2.55353
-0.769305 0.916823 2.55353
-0.785189 0.903257 2.55353
-0.800833 0.889416 2.55353
-0.816234 0.875304 2.55353
-0.831386 0.860925 2.55353
-0.846284 0.846284 2.53708
-0.860925 0.831386 2.53708
-0.875304 0.816234 2.53708
-0.889416 0.800833 2.53708
-0.903257 0.785189 2.53708
-0.916823 0.769305 2.53708
-0.930109 0.753188 2.53708
-0.943112 0.73684 2.53708
-0.955828 0.720268 2.53708
-0.968253 0.703477 2.53708
-0.980383 0.686472 2.51521
-0.992214 0.669257 2.51521
-1.00374 0.651839 2.51521
-1.01497 0.634222 2.51521
-1.02588 0.616411 2.51521
-1.03648 0.598413 2.51521
-1.04677 0.580233 2.51521
-1.05674 0.561876 2.51521
-1.06638 0.543348 2.51521
-1.0757 0.524654 2.51521
-1.08469 0.505801 2.49375
-1.09336 0.486793 2.49375
-1.10168 0.467638 2.49375
-1.10968 0.448339 2.49375
-1.11733 0.428904 2.49375
-1.12465 0.409339 2.49375
-1.13162 0.389649 2.49375
-1.13825 0.36984 2.49375
-1.14453 0.349918 2.49375
-1.15046 0.32989 2.49375
-1.15605 0.309762 2.47803
-1.16128 0.289539 2.47803
-1.16615 0.269227 2.47803
-1.17067 0.248834 2.47803
-1.17484 0.228365 2.47803
-1.17864 0.207827 2.47803
-1.18209 0.187225 2.47803
-1.18518 0.166566 2.47803
-1.18791 0.145857 2.47803
-1.19027 0.125102 2.47803
-1.19227 0.10431 2.47177
-1.19391 0.0834864 2.47177
-1.19519 0.0626371 2.47177
-1.1961 0.0417687 2.47177
-1.19664 0.0208875 2.47177
-1.19683 1.46569e-16 2.47177
-1.19664 -0.0208875 2.47177
-1.1961 -0.0417687 2.47177
-1.19519 -0.0626371 2.47177
-1.19391 -0.0834864 2.47177
-1.19227 -0.10431 2.47177
-1.19027 -0.125102 2.47623
-1.18791 -0.145857 2.47623
-1.18518 -0.166566 2.47623
-1.18209 -0.187225 2.47623
-1.17864 -0.207827 2.47623
-1.17484 -0.228365 2.47623
-1.17067 -0.248834 2.47623
-1.16615 -0.269227 2.47623
-1.16128 -0.289539 2.47623
-1.15605 -0.309762 2.47623
-1.15046 -0.32989 2.49004
-1.14453 -0.349918 2.49004
-1.13825 -0.36984 2.49004
-1.13162 -0.389649 2.49004
-1.12465 -0.409339 2.49004
-1.11733 -0.428904 2.49004
-1.10968 -0.448339 2.49004
-1.10168 -0.467638 2.49004
-1.09336 -0.486793 2.49004
-1.08469 -0.505801 2.49004
-1.0757 -0.524654 2.50941
-1.06638 -0.543348 2.50941
-1.05674 -0.561876 2.50941
-1.04677 -0.580233 2.50941
-1.03648 -0.598413 2.50941
-1.02588 -0.616411 2.50941
-1.01497 -0.634222 2.50941
-1.00374 -0.651839 2.50941
-0.992214 -0.669257 2.50941
-0.980383 -0.686472 2.50941
-0.968253 -0.703477 2.52897
-0.955828 -0.720268 2.52897
-0.943112 -0.73684 2.52897
-0.930109 -0.753188 2.52897
-0.916823 -0.769305 2.52897
-0.903257 -0.785189 2.52897
-0.889416 -0.800833 2.52897
-0.875304 -0.816234 2.52897
-0.860925 -0.831386 2.52897
-0.846284 -0.846284 2.52897
-0.831386 -0.860925 2.54297
-0.816234 -0.875304 2.54297
-0.800833 -0.889416 2.54297
-0.785189 -0.903257 2.54297
-0.769305 -0.916823 2.54297
-0.753188 -0.930109 2.54297
-0.73684 -0.943112 2.54297
-0.720268 -0.955828 2.54297
-0.703477 -0.968253 2.54297
-0.686472 -0.980383 2.54297
-0.669257 -0.992214 2.54639
-0.651839 -1.00374 2.54639
-0.634222 -1.01497 2.54639
-0.616411 -1.02588 2.54639
-0.598413 -1.03648 2.54639
-0.580233 -1.04677 2.54639
-0.561876 -1.05674 2.54639
-0.543348 -1.06638 2.54639
-0.524654 -1.0757 2.54639
-0.505801 -1.08469 2.54639
-0.486793 -1.09336 2.53595
-0.467638 -1.10168 2.53595
-0.448339 -1.10968 2.53595
-0.428904 -1.11733 2.53595
-0.409339 -1.12465 2.53595
-0.389649 -1.13162 2.53595
-0.36984 -1.13825 2.53595
-0.349918 -1.14453 2.53595
-0.32989 -1.15046 2.53595
-0.309762 -1.15605 2.53595
-0.289539 -1.16128 2.51056
-0.269227 -1.16615 2.51056
-0.248834 -1.17067 2.51056
-0.228365 -1.17484 2.51056
-0.207827 -1.17864 2.51056
-0.187225 -1.18209 2.51056
-0.166566 -1.18518 2.51056
-0.145857 -1.18791 2.51056
-0.125102 -1.19027 2.51056
-0.10431 -1.19227 2.51056
-0.0834864 -1.19391 2.47153
-0.0626371 -1.19519 2.47153
-0.0417687 -1.1961 2.47153
-0.0208875 -1.19664 2.47153
-2.19854e-16 -1.19683 2.47153
0.0208875 -1.19664 2.47153
0.0417687 -1.1961 2.47153
0.0626371 -1.19519 2.47153
0.0834864 -1.19391 2.47153
0.10431 -1.19227 2.47153
0.125102 -1.19027 2.42237
0.145857 -1.18791 2.42237
0.166566 -1.18518 2.42237
0.187225 -1.18209 2.42237
0.207827 -1.17864 2.42237
0.228365 -1.17484 2.42237
0.248834 -1.17067 2.42237
0.269227 -1.16615 2.42237
0.289539 -1.16128 2.42237
0.309762 -1.15605 2.42237
0.32989 -1.15046 2.36807
0.349918 -1.14453 2.36807
0.36984 -1.13825 2.36807
0.389649 -1.13162 2.36807
0.409339 -1.12465 2.36807
0.428904 -1.11733 2.36807
0.448339 -1.10968 2.36807
0.467638 -1.10168 2.36807
0.486793 -1.09336 2.36807
0.505801 -1.08469 2.36807
0.524654 -1.0757 2.31417
0.543348 -1.06638 2.31417
0.561876 -1.05674 2.31417
0.580233 -1.04677 2.31417
0.598413 -1.03648 2.31417
0.616411 -1.02588 2.31417
0.634222 -1.01497 2.31417
0.651839 -1.00374 2.31417
0.669257 -0.992214 2.31417
0.686472 -0.980383 2.31417
0.703477 -0.968253 2.26561
0.720268 -0.955828 2.26561
0.73684 -0.943112 2.26561
0.753188 -0.930109 2.26561
0.769305 -0.916823 2.26561
0.785189 -0.903257 2.26561
0.800833 -0.889416 2.26561
0.816234 -0.875304 2.26561
0.831386 -0.860925 2.26561
0.846284 -0.846284 2.26561
0.860925 -0.831386 2.22586
0.875304 -0.816234 2.22586
0.889416 -0.800833 2.22586
0.903257 -0.785189 2.22586
0.916823 -0.769305 2.22586
0.930109 -0.753188 2.22586
0.943112 -0.73684 2.22586
0.955828 -0.720268 2.22586
0.968253 -0.703477 2.22586
0.980383 -0.686472 2.22586
0.992214 -0.669257 2.19654
1.00374 -0.651839 2.19654
1.01497 -0.634222 2.19654
1.02588 -0.616411 2.19654
1.03648 -0.598413 2.19654
1.04677 -0.580233 2.19654
1.05674 -0.561876 2.19654
1.06638 -0.543348 2.19654
1.0757 -0.524654 2.19654
1.08469 -0.505801 2.19654
1.09336 -0.486793 2.17753
1.10168 -0.467638 2.17753
1.10968 -0.448339 2.17753
1.11733 -0.428904 2.17753
1.12465 -0.409339 2.17753
1.13162 -0.389649 2.17753
1.13825 -0.36984 2.17753
1.14453 -0.349918 2.17753
1.15046 -0.32989 2.17753
1.15605 -0.309762 2.17753
1.16128 -0.289539 2.16763
1.16615 -0.269227 2.16763
1.17067 -0.248834 2.16763
1.17484 -0.228365 2.16763
1.17864 -0.207827 2.16763
1.18209 -0.187225 2.16763
1.18518 -0.166566 2.16763
1.18791 -0.145857 2.16763
1.19027 -0.125102 2.16763
1.19227 -0.10431 2.16763
1.19391 -0.0834864 2.2083
1.19519 -0.0626371 2.2083
1.1961 -0.0417687 2.2083
1.19664 -0.0208875 2.2083

1.27662 0 2.16559
1.27642 0.02228 2.16559
1.27584 0.0445532 2.16559
1.27487 0.0668129 2.16559
1.27351 0.0890522 2.16559
1.27176 0.111264 2.17086
1.26962 0.133443 2.17086
1.2671 0.15558 2.17086
1.26419 0.177671 2.17086
1.2609 0.199707 2.17086
1.25722 0.221682 2.17086
1.25316 0.24359 2.17086
1.24872 0.265423 2.17086
1.2439 0.287176 2.17086
1.23869 0.308841 2.17086
1.23312 0.330412 2.18393
1.22716 0.351883 2.18393
1.22083 0.373246 2.18393
1.21413 0.394496 2.18393
1.20706 0.415625 2.18393
1.19963 0.436628 2.18393
1.19182 0.457498 2.18393
1.18366 0.478229 2.18393
1.17513 0.498813 2.18393
1.16625 0.519246 2.18393
1.15701 0.539521 2.206
1.14741 0.559631 2.206
1.13747 0.579571 2.206
1.12718 0.599335 2.206
1.11655 0.618915 2.206
1.10558 0.638308 2.206
1.09427 0.657505 2.206
1.08263 0.676503 2.206
1.07066 0.695295 2.206
1.05836 0.713874 2.206
1.04574 0.732236 2.23814
1.0328 0.750376 2.23814
1.01955 0.768286 2.23814
1.00599 0.785963 2.23814
0.992116 0.8034 2.23814
0.977944 0.820592 2.23814
0.963474 0.837535 2.23814
0.94871 0.854222 2.23814
0.933657 0.87065 2.23814
0.91832 0.886812 2.23814
0.902703 0.902703 2.28035
0.886812 0.91832 2.28035
0.87065 0.933657 2.28035
0.854222 0.94871 2.28035
0.837535 0.963474 2.28035
0.820592 0.977944 2.28035
0.8034 0.992116 2.28035
0.785963 1.00599 2.28035
0.768286 1.01955 2.28035
0.750376 1.0328 2.28035
0.732236 1.04574 2.33086
0.713874 1.05836 2.33086
0.695295 1.07066 2.33086
0.676503 1.08263 2.33086
0.657505 1.09427 2.33086
0.638308 1.10558 2.33086
0.618915 1.11655 2.33086
0.599335 1.12718 2.33086
0.579571 1.13747 2.33086
0.559631 1.14741 2.33086
0.539521 1.15701 2.38603
0.519246 1.16625 2.38603
0.498813 1.17513 2.38603
0.478229 1.18366 2.38603
0.457498 1.19182 2.38603
0.436628 1.19963 2.38603
0.415625 1.20706 2.38603
0.394496 1.21413 2.38603
0.373246 1.22083 2.38603
0.351883 1.22716 2.38603
0.330412 1.23312 2.44082
0.308841 1.23869 2.44082
0.287176 1.2439 2.44082
0.265423 1.24872 2.44082
0.24359 1.25316 2.44082
0.221682 1.25722 2.44082
0.199707 1.2609 2.44082
0.177671 1.26419 2.44082
0.15558 1.2671 2.44082
0.133443 1.26962 2.44082
0.111264 1.27176 2.48965
0.0890522 1.27351 2.48965
0.0668129 1.27487 2.48965
0.0445532 1.27584 2.48965
0.02228 1.27642 2.48965
7.81701e-17 1.27662 2.48965
-0.02228 1.27642 2.48965
-0.0445532 1.27584 2.48965
-0.0668129 1.27487 2.48965
-0.0890522 1.27351 2.48965
-0.111264 1.27176 2.52755
-0.133443 1.26962 2.52755
-0.15558 1.2671 2.52755
-0.177671 1.26419 2.52755
-0.199707 1.2609 2.52755
-0.221682 1.25722 2.52755
-0.24359 1.25316 2.52755
-0.265423 1.24872 2.52755
-0.287176 1.2439 2.52755
-0.308841 1.23869 2.52755
-0.330412 1.23312 2.55116
-0.351883 1.22716 2.55116
-0.373246 1.22083 2.55116
-0.394496 1.21413 2.55116
-0.415625 1.20706 2.55116
-0.436628 1.19963 2.55116
-0.457498 1.19182 2.55116
-0.478229 1.18366 2.55116
-0.498813 1.17513 2.55116
-0.519246 1.16625 2.55116
-0.539521 1.15701 2.55939
-0.559631 1.14741 2.55939
-0.579571 1.13747 2.55939
-0.599335 1.12718 2.55939
-0.618915 1.11655 2.55939
-0.638308 1.10558 2.55939
-0.657505 1.09427 2.55939
-0.676503 1.08263 2.55939
-0.695295 1.07066 2.55939
-0.713874 1.05836 2.55939
-0.732236 1.04574 2.55353
-0.750376 1.0328 2.55353
-0.768286 1.01955 2.55353
-0.785963 1.00599 2.55353
-0.8034 0.992116 2.55353
-0.820592 0.977944 2.55353
-0.837535 0.963474 2.55353
-0.854222 0.94871 2.55353
-0.87065 0.933657 2.55353
-0.886812 0.91832 2.55353
-0.902703 0.902703 2.53708
-0.91832 0.886812 2.53708
-0.933657 0.87065 2.53708
-0.94871 0.854222 2.53708
-0.963474 0.837535 2.53708
-0.977944 0.820592 2.53708
-0.992116 0.8034 2.53708
-1.00599 0.785963 2.53708
-1.01955 0.768286 2.53708
-1.0328 0.750376 2.53708
-1.04574 0.732236 2.51521
-1.05836 0.713874 2.51521
-1.07066 0.695295 2.51521
-1.08263 0.676503 2.51521
-1.09427 0.657505 2.51521
-1.10558 0.638308 2.51521
-1.11655 0.618915 2.51521
-1.12718 0.599335 2.51521
-1.13747 0.579571 2.51521
-1.14741 0.559631 2.51521
-1.15701 0.539521 2.49375
-1.16625 0.519246 2.49375
-1.17513 0.498813 2.49375
-1.18366 0.478229 2.49375
-1.19182 0.457498 2.49375
-1.19963 0.436628 2.49375
-1.20706 0.415625 2.49375
-1.21413 0.394496 2.49375
-1.22083 0.373246 2.49375
-1.22716 0.351883 2.49375
-1.23312 0.330412 2.47803
-1.23869 0.308841 2.47803
-1.2439 0.287176 2.47803
-1.24872 0.265423 2.47803
-1.25316 0.24359 2.47803
-1.25722 0.221682 2.47803
-1.2609 0.199707 2.47803
-1.26419 0.177671 2.47803
-1.2671 0.15558 2.47803
-1.26962 0.133443 2.47803
-1.27176 0.111264 2.47177
-1.27351 0.0890522 2.47177
-1.27487 0.0668129 2.47177
-1.27584 0.0445532 2.47177
-1.27642 0.02228 2.47177
-1.27662 1.5634e-16 2.47177
-1.27642 -0.02228 2.47177
-1.27584 -0.0445532 2.47177
-1.27487 -0.0668129 2.47177
-1.27351 -0.0890522 2.47177
-1.27176 -0.111264 2.47177
-1.26962 -0.133443 2.47623
-1.2671 -0.15558 2.47623
-1.26419 -0.177671 2.47623
-1.2609 -0.199707 2.47623
-1.25722 -0.221682 2.47623
-1.25316 -0.24359 2.47623
-1.24872 -0.265423 2.47623
-1.2439 -0.287176 2.47623
-1.23869 -0.308841 2.47623
-1.23312 -0.330412 2.47623
-1.22716 -0.351883 2.49004
-1.22083 -0.373246 2.49004
-1.21413 -0.394496 2.49004
-1.20706 -0.415625 2.49004
-1.19963 -0.436628 2.49004
-1.19182 -0.457498 2.49004
-1.18366 -0.478229 2.49004
-1.17513 -0.498813 2.49004
-1.16625 -0.519246 2.49004
-1.15701 -0.539521 2.49004
-1.14741 -0.559631 2.50941
-1.13747 -0.579571 2.50941
-1.12718 -0.599335 2.50941
-1.11655 -0.618915 2.50941
-1.10558 -0.638308 2.50941
-1.09427 -0.657505 2.50941
-1.08263 -0.676503 2.50941
-1.07066 -0.695295 2.50941
-1.05836 -0.713874 2.50941
-1.04574 -0.732236 2.50941
-1.0328 -0.750376 2.52897
-1.01955 -0.768286 2.52897
-1.00599 -0.785963 2.52897
-0.992116 -0.8034 2.52897
-0.977944 -0.820592 2.52897
-0.963474 -0.837535 2.52897
-0.94871 -0.854222 2.52897
-0.933657 -0.87065 2.52897
-0.91832 -0.886812 2.52897
-0.902703 -0.902703 2.52897
-0.886812 -0.91832 2.54297
-0.87065 -0.933657 2.54297
-0.854222 -0.94871 2.54297
-0.837535 -0.963474 2.54297
-0.820592 -0.977944 2.54297
-0.8034 -0.992116 2.54297
-0.785963 -1.00599 2.54297
-0.768286 -1.01955 2.54297
-0.750376 -1.0328 2.54297
-0.732236 -1.04574 2.54297
-0.713874 -1.05836 2.54639
-0.695295 -1.07066 2.54639
-0.676503 -1.08263 2.54639
-0.657505 -1.09427 2.54639
-0.638308 -1.10558 2.54639
-0.618915 -1.11655 2.54639
-0.599335 -1.12718 2.54639
-0.579571 -1.13747 2.54639
-0.559631 -1.14741 2.54639
-0.539521 -1.15701 2.54639
-0.519246 -1.16625 2.53595
-0.498813 -1.17513 2.53595
-0.478229 -1.18366 2.53595
-0.457498 -1.19182 2.53595
-0.436628 -1.19963 2.53595
-0.415625 -1.20706 2.53595
-0.394496 -1.21413 2.53595
-0.373246 -1.22083 2.53595
-0.351883 -1.22716 2.53595
-0.330412 -1.23312 2.53595
-0.308841 -1.23869 2.51056
-0.287176 -1.2439 2.51056
-0.265423 -1.24872 2.51056
-0.24359 -1.25316 2.51056
-0.221682 -1.25722 2.51056
-0.199707 -1.2609 2.51056
-0.177671 -1.26419 2.51056
-0.15558 -1.2671 2.51056
-0.133443 -1.26962 2.51056
-0.111264 -1.27176 2.51056
-0.0890522 -1.27351 2.47153
-0.0668129 -1.27487 2.47153
-0.0445532 -1.27584 2.47153
-0.02228 -1.27642 2.47153
-2.3451e-16 -1.27662 2.47153
0.02228 -1.27642 2.47153
0.0445532 -1.27584 2.47153
0.0668129 -1.27487 2.47153
0.0890522 -1.27351 2.47153
0.111264 -1.27176 2.47153
0.133443 -1.26962 2.42237
0.15558 -1.2671 2.42237
0.177671 -1.26419 2.42237
0.199707 -1.2609 2.42237
0.221682 -1.25722 2.42237
0.24359 -1.25316 2.42237
0.265423 -1.24872 2.42237
0.287176 -1.2439 2.42237
0.308841 -1.23869 2.42237
0.330412 -1.23312 2.42237
0.351883 -1.22716 2.36807
0.373246 -1.22083 2.36807
0.394496 -1.21413 2.36807
0.415625 -1.20706 2.36807
0.436628 -1.19963 2.36807
0.457498 -1.19182 2.36807
0.478229 -1.18366 2.36807
0.498813 -1.17513 2.36807
0.519246 -1.16625 2.36807
0.539521 -1.15701 2.36807
0.559631 -1.14741 2.31417
0.579571 -1.13747 2.31417
0.599335 -1.12718 2.31417
0.618915 -1.11655 2.31417
0.638308 -1.10558 2.31417
0.657505 -1.09427 2.31417
0.676503 -1.08263 2.31417
0.695295 -1.07066 2.31417
0.713874 -1.05836 2.31417
0.732236 -1.04574 2.31417
0.750376 -1.0328 2.26561
0.768286 -1.01955 2.26561
0.785963 -1.00599 2.26561
0.8034 -0.992116 2.26561
0.820592 -0.977944 2.26561
0.837535 -0.963474 2.26561
0.854222 -0.94871 2.26561
0.87065 -0.933657 2.26561
0.886812 -0.91832 2.26561
0.902703 -0.902703 2.26561
0.91832 -0.886812 2.22586
0.933657 -0.87065 2.22586
0.94871 -0.854222 2.22586
0.963474 -0.837535 2.22586
0.977944 -0.820592 2.22586
0.992116 -0.8034 2.22586
1.00599 -0.785963 2.22586
1.01955 -0.768286 2.22586
1.0328 -0.750376 2.22586
1.04574 -0.732236 2.22586
1.05836 -0.713874 2.19654
1.07066 -0.695295 2.19654
1.08263 -0.676503 2.19654
1.09427 -0.657505 2.19654
1.10558 -0.638308 2.19654
1.11655 -0.618915 2.19654
1.12718 -0.599335 2.19654
1.13747 -0.579571 2.19654
1.14741 -0.559631 2.19654
1.15701 -0.539521 2.19654
1.16625 -0.519246 2.17753
1.17513 -0.498813 2.17753
1.18366 -0.478229 2.17753
1.19182 -0.457498 2.17753
1.19963 -0.436628 2.17753
1.20706 -0.415625 2.17753
1.21413 -0.394496 2.17753
1.22083 -0.373246 2.17753
1.22716 -0.351883 2.17753
1.23312 -0.330412 2.17753
1.23869 -0.308841 2.16763
1.2439 -0.287176 2.16763
1.24872 -0.265423 2.16763
1.25316 -0.24359 2.16763
1.25722 -0.221682 2.16763
1.2609 -0.199707 2.16763
1.26419 -0.177671 2.16763
1.2671 -0.15558 2.16763
1.26962 -0.133443 2.16763
1.27176 -0.111264 2.16763
1.27351 -0.0890522 2.2083
1.27487 -0.0668129 2.2083
1.27584 -0.0445532 2.2083
1.27642 -0.02228 2.2083

1.3564 0 2.12336
1.3562 0.0236725 2.12336
1.35558 0.0473378 2.12336
1.35454 0.0709887 2.12336
1.3531 0.0946179 2.12336
1.35124 0.118218 2.12743
1.34897 0.141783 2.12743
1.34629 0.165304 2.12743
1.3432 0.188775 2.12743
1.3397 0.212188 2.12743
1.3358 0.235537 2.12743
1.33148 0.258814 2.12743
1.32676 0.282012 2.12743
1.32164 0.305124 2.13705
1.31611 0.328144 2.13705
1.31019 0.351063 2.13705
1.30386 0.373876 2.13705
1.29714 0.396574 2.13705
1.29002 0.419152 2.13705
1.2825 0.441602 2.13705
1.2746 0.463917 2.13705
1.26631 0.486092 2.13705
1.25764 0.508118 2.15373
1.24858 0.529989 2.15373
1.23914 0.551699 2.15373
1.22932 0.573241 2.15373
1.21913 0.594608 2.15373
1.20856 0.615794 2.15373
1.19763 0.636793 2.15373
1.18634 0.657598 2.15373
1.17468 0.678202 2.17934
1.16266 0.6986 2.17934
1.1503 0.718784 2.17934
1.13758 0.73875 2.17934
1.12451 0.758491 2.17934
1.1111 0.778001 2.17934
1.09735 0.797274 2.17934
1.08327 0.816304 2.17934
1.06886 0.835086 2.17934
1.05412 0.853613 2.21521
1.03907 0.87188 2.21521
1.02369 0.889881 2.21521
1.008 0.907611 2.21521
0.992011 0.925065 2.21521
0.975715 0.942237 2.21521
0.959122 0.959122 2.21521
0.942237 0.975715 2.21521
0.925065 0.992011 2.21521
0.907611 1.008 2.26146
0.889881 1.02369 2.26146
0.87188 1.03907 2.26146
0.853613 1.05412 2.26146
0.835086 1.06886 2.26146
0.816304 1.08327 2.26146
0.797274 1.09735 2.26146
0.778001 1.1111 2.26146
0.758491 1.12451 2.31651
0.73875 1.13758 2.31651
0.718784 1.1503 2.31651
0.6986 1.16266 2.31651
0.678202 1.17468 2.31651
0.657598 1.18634 2.31651
0.636793 1.19763 2.31651
0.615794 1.20856 2.31651
0.594608 1.21913 2.31651
0.573241 1.22932 2.37713
0.551699 1.23914 2.37713
0.529989 1.24858 2.37713
0.508118 1.25764 2.37713
0.486092 1.26631 2.37713
0.463917 1.2746 2.37713
0.441602 1.2825 2.37713
0.419152 1.29002 2.37713
0.396574 1.29714 2.43876
0.373876 1.30386 2.43876
0.351063 1.31019 2.43876
0.328144 1.31611 2.43876
0.305124 1.32164 2.43876
0.282012 1.32676 2.43876
0.258814 1.33148 2.43876
0.235537 1.3358 2.43876
0.212188 1.3397 2.43876
0.188775 1.3432 2.49626
0.165304 1.34629 2.49626
0.141783 1.34897 2.49626
0.118218 1.35124 2.49626
0.0946179 1.3531 2.49626
0.0709887 1.35454 2.49626
0.0473378 1.35558 2.49626
0.0236725 1.3562 2.49626
8.30558e-17 1.3564 2.54469
-0.0236725 1.3562 2.54469
-0.0473378 1.35558 2.54469
-0.0709887 1.35454 2.54469
-0.0946179 1.3531 2.54469
-0.118218 1.35124 2.54469
-0.141783 1.34897 2.54469
-0.165304 1.34629 2.54469
-0.188775 1.3432 2.54469
-0.212188 1.3397 2.58008
-0.235537 1.3358 2.58008
-0.258814 1.33148 2.58008
-0.282012 1.32676 2.58008
-0.305124 1.32164 2.58008
-0.328144 1.31611 2.58008
-0.351063 1.31019 2.58008
-0.373876 1.30386 2.58008
-0.396574 1.29714 2.58008
-0.419152 1.29002 2.60003
-0.441602 1.2825 2.60003
-0.463917 1.2746 2.60003
-0.486092 1.26631 2.60003
-0.508118 1.25764 2.60003
-0.529989 1.24858 2.60003
-0.551699 1.23914 2.60003
-0.573241 1.22932 2.60003
-0.594608 1.21913 2.60398
-0.615794 1.20856 2.60398
-0.636793 1.19763 2.60398
-0.657598 1.18634 2.60398
-0.678202 1.17468 2.60398
-0.6986 1.16266 2.60398
-0.718784 1.1503 2.60398
-0.73875 1.13758 2.60398
-0.758491 1.12451 2.60398
-0.778001 1.1111 2.5933
-0.797274 1.09735 2.5933
-0.816304 1.08327 2.5933
-0.835086 1.06886 2.5933
-0.853613 1.05412 2.5933
-0.87188 1.03907 2.5933
-0.889881 1.02369 2.5933
-0.907611 1.008 2.5933
-0.925065 0.992011 2.57108
-0.942237 0.975715 2.57108
-0.959122 0.959122 2.57108
-0.975715 0.942237 2.57108
-0.992011 0.925065 2.57108
-1.008 0.907611 2.57108
-1.02369 0.889881 2.57108
-1.03907 0.87188 2.57108
-1.05412 0.853613 2.57108
-1.06886 0.835086 2.54188
-1.08327 0.816304 2.54188
-1.09735 0.797274 2.54188
-1.1111 0.778001 2.54188
-1.12451 0.758491 2.54188
-1.13758 0.73875 2.54188
-1.1503 0.718784 2.54188
-1.16266 0.6986 2.54188
-1.17468 0.678202 2.51104
-1.18634 0.657598 2.51104
-1.19763 0.636793 2.51104
-1.20856 0.615794 2.51104
-1.21913 0.594608 2.51104
-1.22932 0.573241 2.51104
-1.23914 0.551699 2.51104
-1.24858 0.529989 2.51104
-1.25764 0.508118 2.51104
-1.26631 0.486092 2.48398
-1.2746 0.463917 2.48398
-1.2825 0.441602 2.48398
-1.29002 0.419152 2.48398
-1.29714 0.396574 2.48398
-1.30386 0.373876 2.48398
-1.31019 0.351063 2.48398
-1.31611 0.328144 2.48398
-1.32164 0.305124 2.48398
-1.32676 0.282012 2.46537
-1.33148 0.258814 2.46537
-1.3358 0.235537 2.46537
-1.3397 0.212188 2.46537
-1.3432 0.188775 2.46537
-1.34629 0.165304 2.46537
-1.34897 0.141783 2.46537
-1.35124 0.118218 2.46537
-1.3531 0.0946179 2.45832
-1.35454 0.0709887 2.45832
-1.35558 0.0473378 2.45832
-1.3562 0.0236725 2.45832
-1.3564 1.66112e-16 2.45832
-1.3562 -0.0236725 2.45832
-1.35558 -0.0473378 2.45832
-1.35454 -0.0709887 2.45832
-1.3531 -0.0946179 2.45832
-1.35124 -0.118218 2.46386
-1.34897 -0.141783 2.46386
-1.34629 -0.165304 2.46386
-1.3432 -0.188775 2.46386
-1.3397 -0.212188 2.46386
-1.3358 -0.235537 2.46386
-1.33148 -0.258814 2.46386
-1.32676 -0.282012 2.46386
-1.32164 -0.305124 2.48084
-1.31611 -0.328144 2.48084
-1.31019 -0.351063 2.48084
-1.30386 -0.373876 2.48084
-1.29714 -0.396574 2.48084
-1.29002 -0.419152 2.48084
-1.2825 -0.441602 2.48084
-1.2746 -0.463917 2.48084
-1.26631 -0.486092 2.48084
-1.25764 -0.508118 2.50604
-1.24858 -0.529989 2.50604
-1.23914 -0.551699 2.50604
-1.22932 -0.573241 2.50604
-1.21913 -0.594608 2.50604
-1.20856 -0.615794 2.50604
-1.19763 -0.636793 2.50604
-1.18634 -0.657598 2.50604
-1.17468 -0.678202 2.50604
-1.16266 -0.6986 2.53474
-1.1503 -0.718784 2.53474
-1.13758 -0.73875 2.53474
-1.12451 -0.758491 2.53474
-1.1111 -0.778001 2.53474
-1.09735 -0.797274 2.53474
-1.08327 -0.816304 2.53474
-1.06886 -0.835086 2.53474
-1.05412 -0.853613 2.56154
-1.03907 -0.87188 2.56154
-1.02369 -0.889881 2.56154
-1.008 -0.907611 2.56154
-0.992011 -0.925065 2.56154
-0.975715 -0.942237 2.56154
-0.959122 -0.959122 2.56154
-0.942237 -0.975715 2.56154
-0.925065 -0.992011 2.56154
-0.907611 -1.008 2.58115
-0.889881 -1.02369 2.58115
-0.87188 -1.03907 2.58115
-0.853613 -1.05412 2.58115
-0.835086 -1.06886 2.58115
-0.816304 -1.08327 2.58115
-0.797274 -1.09735 2.58115
-0.778001 -1.1111 2.58115
-0.758491 -1.12451 2.58918
-0.73875 -1.13758 2.58918
-0.718784 -1.1503 2.58918
-0.6986 -1.16266 2.58918
-0.678202 -1.17468 2.58918
-0.657598 -1.18634 2.58918
-0.636793 -1.19763 2.58918
-0.615794 -1.20856 2.58918
-0.594608 -1.21913 2.58918
-0.573241 -1.22932 2.58273
-0.551699 -1.23914 2.58273
-0.529989 -1.24858 2.58273
-0.508118 -1.25764 2.58273
-0.486092 -1.26631 2.58273
-0.463917 -1.2746 2.58273
-0.441602 -1.2825 2.58273
-0.419152 -1.29002 2.58273
-0.396574 -1.29714 2.56065
-0.373876 -1.30386 2.56065
-0.351063 -1.31019 2.56065
-0.328144 -1.31611 2.56065
-0.305124 -1.32164 2.56065
-0.282012 -1.32676 2.56065
-0.258814 -1.33148 2.56065
-0.235537 -1.3358 2.56065
-0.212188 -1.3397 2.56065
-0.188775 -1.3432 2.52368
-0.165304 -1.34629 2.52368
-0.141783 -1.34897 2.52368
-0.118218 -1.35124 2.52368
-0.0946179 -1.3531 2.52368
-0.0709887 -1.35454 2.52368
-0.0473378 -1.35558 2.52368
-0.0236725 -1.3562 2.52368
-2.49167e-16 -1.3564 2.52368
0.0236725 -1.3562 2.47438
0.0473378 -1.35558 2.47438
0.0709887 -1.35454 2.47438
0.0946179 -1.3531 2.47438
0.118218 -1.35124 2.47438
0.141783 -1.34897 2.47438
0.165304 -1.34629 2.47438
0.188775 -1.3432 2.47438
0.212188 -1.3397 2.4168
0.235537 -1.3358 2.4168
0.258814 -1.33148 2.4168
0.282012 -1.32676 2.4168
0.305124 -1.32164 2.4168
0.328144 -1.31611 2.4168
0.351063 -1.31019 2.4168
0.373876 -1.30386 2.4168
0.396574 -1.29714 2.4168
0.419152 -1.29002 2.35587
0.441602 -1.2825 2.35587
0.463917 -1.2746 2.35587
0.486092 -1.26631 2.35587
0.508118 -1.25764 2.35587
0.529989 -1.24858 2.35587
0.551699 -1.23914 2.35587
0.573241 -1.22932 2.35587
0.594608 -1.21913 2.29669
0.615794 -1.20856 2.29669
0.636793 -1.19763 2.29669
0.657598 -1.18634 2.29669
0.678202 -1.17468 2.29669
0.6986 -1.16266 2.29669
0.718784 -1.1503 2.29669
0.73875 -1.13758 2.29669
0.758491 -1.12451 2.29669
0.778001 -1.1111 2.24367
0.797274 -1.09735 2.24367
0.816304 -1.08327 2.24367
0.835086 -1.06886 2.24367
0.853613 -1.05412 2.24367
0.87188 -1.03907 2.24367
0.889881 -1.02369 2.24367
0.907611 -1.008 2.24367
0.925065 -0.992011 2.19992
0.942237 -0.975715 2.19992
0.959122 -0.959122 2.19992
0.975715 -0.942237 2.19992
0.992011 -0.925065 2.19992
1.008 -0.907611 2.19992
1.02369 -0.889881 2.19992
1.03907 -0.87188 2.19992
1.05412 -0.853613 2.19992
1.06886 -0.835086 2.16686
1.08327 -0.816304 2.16686
1.09735 -0.797274 2.16686
1.1111 -0.778001 2.16686
1.12451 -0.758491 2.16686
1.13758 -0.73875 2.16686
1.1503 -0.718784 2.16686
1.16266 -0.6986 2.16686
1.17468 -0.678202 2.16686
1.18634 -0.657598 2.14427
1.19763 -0.636793 2.14427
1.20856 -0.615794 2.14427
1.21913 -0.594608 2.14427
1.22932 -0.573241 2.14427
1.23914 -0.551699 2.14427
1.24858 -0.529989 2.14427
1.25764 -0.508118 2.14427
1.26631 -0.486092 2.13069
1.2746 -0.463917 2.13069
1.2825 -0.441602 2.13069
1.29002 -0.419152 2.13069
1.29714 -0.396574 2.13069
1.30386 -0.373876 2.13069
1.31019 -0.351063 2.13069
1.31611 -0.328144 2.13069
1.32164 -0.305124 2.13069
1.32676 -0.282012 2.12424
1.33148 -0.258814 2.12424
1.3358 -0.235537 2.12424
1.3397 -0.212188 2.12424
1.3432 -0.188775 2.12424
1.34629 -0.165304 2.12424
1.34897 -0.141783 2.12424
1.35124 -0.118218 2.12424
1.3531 -0.0946179 2.16559
1.35454 -0.0709887 2.16559
1.35558 -0.0473378 2.16559
1.3562 -0.0236725 2.16559

1.43619 0 2.12336
1.43597 0.025065 2.12336
1.43532 0.0501224 2.12336
1.43422 0.0751645 2.12336
1.43269 0.100184 2.12336
1.43073 0.125172 2.12743
1.42832 0.150123 2.12743
1.42549 0.175028 2.12743
1.42222 0.199879 2.12743
1.41851 0.22467 2.12743
1.41437 0.249392 2.12743
1.40981 0.274038 2.12743
1.40481 0.298601 2.12743
1.39938 0.323073 2.13705
1.39353 0.347446 2.13705
1.38726 0.371714 2.13705
1.38056 0.395868 2.13705
1.37344 0.419902 2.13705
1.3659 0.443808 2.13705
1.35795 0.467578 2.13705
1.34958 0.491207 2.13705
1.3408 0.514685 2.13705
1.33161 0.538007 2.15373
1.32202 0.561165 2.15373
1.31203 0.584152 2.15373
1.30163 0.606961 2.15373
1.29084 0.629585 2.15373
1.27966 0.652018 2.15373
1.26808 0.674251 2.15373
1.25612 0.69628 2.15373
1.24378 0.718096 2.17934
1.23106 0.739694 2.17934
1.21796 0.761066 2.17934
1.20449 0.782206 2.17934
1.19066 0.803108 2.17934
1.17646 0.823766 2.17934
1.1619 0.844173 2.17934
1.14699 0.864322 2.17934
1.13173 0.884208 2.17934
1.11613 0.903825 2.21521
1.10019 0.923167 2.21521
1.08391 0.942227 2.21521
1.0673 0.961 2.21521
1.05036 0.979481 2.21521
1.03311 0.997663 2.21521
1.01554 1.01554 2.21521
0.997663 1.03311 2.21521
0.979481 1.05036 2.21521
0.961 1.0673 2.26146
0.942227 1.08391 2.26146
0.923167 1.10019 2.26146
0.903825 1.11613 2.26146
0.884208 1.13173 2.26146
0.864322 1.14699 2.26146
0.844173 1.1619 2.26146
0.823766 1.17646 2.26146
0.803108 1.19066 2.31651
0.782206 1.20449 2.31651
0.761066 1.21796 2.31651
0.739694 1.23106 2.31651
0.718096 1.24378 2.31651
0.69628 1.25612 2.31651
0.674251 1.26808 2.31651
0.652018 1.27966 2.31651
0.629585 1.29084 2.31651
0.606961 1.30163 2.37713
0.584152 1.31203 2.37713
0.561165 1.32202 2.37713
0.538007 1.33161 2.37713
0.514685 1.3408 2.37713
0.491207 1.34958 2.37713
0.467578 1.35795 2.37713
0.443808 1.3659 2.37713
0.419902 1.37344 2.43876
0.395868 1.38056 2.43876
0.371714 1.38726 2.43876
0.347446 1.39353 2.43876
0.323073 1.39938 2.43876
0.298601 1.40481 2.43876
0.274038 1.40981 2.43876
0.249392 1.41437 2.43876
0.22467 1.41851 2.43876
0.199879 1.42222 2.49626
0.175028 1.42549 2.49626
0.150123 1.42832 2.49626
0.125172 1.43073 2.49626
0.100184 1.43269 2.49626
0.0751645 1.43422 2.49626
0.0501224 1.43532 2.49626
0.025065 1.43597 2.49626
8.79414e-17 1.43619 2.54469
-0.025065 1.43597 2.54469
-0.0501224 1.43532 2.54469
-0.0751645 1.43422 2.54469
-0.100184 1.43269 2.54469
-0.125172 1.43073 2.54469
-0.150123 1.42832 2.54469
-0.175028 1.42549 2.54469
-0.199879 1.42222 2.54469
-0.22467 1.41851 2.58008
-0.249392 1.41437 2.58008
-0.274038 1.40981 2.58008
-0.298601 1.40481 2.58008
-0.323073 1.39938 2.58008
-0.347446 1.39353 2.58008
-0.371714 1.38726 2.58008
-0.395868 1.38056 2.58008
-0.419902 1.37344 2.58008
-0.443808 1.3659 2.60003
-0.467578 1.35795 2.60003
-0.491207 1.34958 2.60003
-0.514685 1.3408 2.60003
-0.538007 1.33161 2.60003
-0.561165 1.32202 2.60003
-0.584152 1.31203 2.60003
-0.606961 1.30163 2.60003
-0.629585 1.29084 2.60398
-0.652018 1.27966 2.60398
-0.674251 1.26808 2.60398
-0.69628 1.25612 2.60398
-0.718096 1.24378 2.60398
-0.739694 1.23106 2.60398
-0.761066 1.21796 2.60398
-0.782206 1.20449 2.60398
-0.803108 1.19066 2.60398
-0.823766 1.17646 2.5933
-0.844173 1.1619 2.5933
-0.864322 1.14699 2.5933
-0.884208 1.13173 2.5933
-0.903825 1.11613 2.5933
-0.923167 1.10019 2.5933
-0.942227 1.08391 2.5933
-0.961 1.0673 2.5933
-0.979481 1.05036 2.57108
-0.997663 1.03311 2.57108
-1.01554 1.01554 2.57108
-1.03311 0.997663 2.57108
-1.05036 0.979481 2.57108
-1.0673 0.961 2.57108
-1.08391 0.942227 2.57108
-1.10019 0.923167 2.57108
-1.11613 0.903825 2.57108
-1.13173 0.884208 2.54188
-1.14699 0.864322 2.54188
-1.1619 0.844173 2.54188
-1.17646 0.823766 2.54188
-1.19066 0.803108 2.54188
-1.20449 0.782206 2.54188
-1.21796 0.761066 2.54188
-1.23106 0.739694 2.54188
-1.24378 0.718096 2.51104
-1.25612 0.69628 2.51104
-1.26808 0.674251 2.51104
-1.27966 0.652018 2.51104
-1.29084 0.629585 2.51104
-1.30163 0.606961 2.51104
-1.31203 0.584152 2.51104
-1.32202 0.561165 2.51104
-1.33161 0.538007 2.51104
-1.3408 0.514685 2.48398
-1.34958 0.491207 2.48398
-1.35795 0.467578 2.48398
-1.3659 0.443808 2.48398
-1.37344 0.419902 2.48398
-1.38056 0.395868 2.48398
-1.38726 0.371714 2.48398
-1.39353 0.347446 2.48398
-1.39938 0.323073 2.48398
-1.40481 0.298601 2.46537
-1.40981 0.274038 2.46537
-1.41437 0.249392 2.46537
-1.41851 0.22467 2.46537
-1.42222 0.199879 2.46537
-1.42549 0.175028 2.46537
-1.42832 0.150123 2.46537
-1.43073 0.125172 2.46537
-1.43269 0.100184 2.45832
-1.43422 0.0751645 2.45832
-1.43532 0.0501224 2.45832
-1.43597 0.025065 2.45832
-1.43619 1.75883e-16 2.45832
-1.43597 -0.025065 2.45832
-1.43532 -0.0501224 2.45832
-1.43422 -0.0751645 2.45832
-1.43269 -0.100184 2.45832
-1.43073 -0.125172 2.46386
-1.42832 -0.150123 2.46386
-1.42549 -0.175028 2.46386
-1.42222 -0.199879 2.46386
-1.41851 -0.22467 2.46386
-1.41437 -0.249392 2.46386
-1.40981 -0.274038 2.46386
-1.40481 -0.298601 2.46386
-1.39938 -0.323073 2.48084
-1.39353 -0.347446 2.48084
-1.38726 -0.371714 2.48084
-1.38056 -0.395868 2.48084
-1.37344 -0.419902 2.48084
-1.3659 -0.443808 2.48084
-1.35795 -0.467578 2.48084
-1.34958 -0.491207 2.48084
-1.3408 -0.514685 2.48084
-1.33161 -0.538007 2.50604
-1.32202 -0.561165 2.50604
-1.31203 -0.584152 2.50604
-1.30163 -0.606961 2.50604
-1.29084 -0.629585 2.50604
-1.27966 -0.652018 2.50604
-1.26808 -0.674251 2.50604
-1.25612 -0.69628 2.50604
-1.24378 -0.718096 2.50604
-1.23106 -0.739694 2.53474
-1.21796 -0.761066 2.53474
-1.20449 -0.782206 2.53474
-1.19066 -0.803108 2.53474
-1.17646 -0.823766 2.53474
-1.1619 -0.844173 2.53474
-1.14699 -0.864322 2.53474
-1.13173 -0.884208 2.53474
-1.11613 -0.903825 2.56154
-1.10019 -0.923167 2.56154
-1.08391 -0.942227 2.56154
-1.0673 -0.961 2.56154
-1.05036 -0.979481 2.56154
-1.03311 -0.997663 2.56154
-1.01554 -1.01554 2.56154
-0.997663 -1.03311 2.56154
-0.979481 -1.05036 2.56154
-0.961 -1.0673 2.58115
-0.942227 -1.08391 2.58115
-0.923167 -1.10019 2.58115
-0.903825 -1.11613 2.58115
-0.884208 -1.13173 2.58115
-0.864322 -1.14699 2.58115
-0.844173 -1.1619 2.58115
-0.823766 -1.17646 2.58115
-0.803108 -1.19066 2.58918
-0.782206 -1.20449 2.58918
-0.761066 -1.21796 2.58918
-0.739694 -1.23106 2.58918
-0.718096 -1.24378 2.58918
-0.69628 -1.25612 2.58918
-0.674251 -1.26808 2.58918
-0.652018 -1.27966 2.58918
-0.629585 -1.29084 2.58918
-0.606961 -1.30163 2.58273
-0.584152 -1.31203 2.58273
-0.561165 -1.32202 2.58273
-0.538007 -1.33161 2.58273
-0.514685 -1.3408 2.58273
-0.491207 -1.34958 2.58273
-0.467578 -1.35795 2.58273
-0.443808 -1.3659 2.58273
-0.419902 -1.37344 2.56065
-0.395868 -1.38056 2.56065
-0.371714 -1.38726 2.56065
-0.347446 -1.39353 2.56065
-0.323073 -1.39938 2.56065
-0.298601 -1.40481 2.56065
-0.274038 -1.40981 2.56065
-0.249392 -1.41437 2.56065
-0.22467 -1.41851 2.56065
-0.199879 -1.42222 2.52368
-0.175028 -1.42549 2.52368
-0.150123 -1.42832 2.52368
-0.125172 -1.43073 2.52368
-0.100184 -1.43269 2.52368
-0.0751645 -1.43422 2.52368
-0.0501224 -1.43532 2.52368
-0.025065 -1.43597 2.52368
-2.63824e-16 -1.43619 2.52368
0.025065 -1.43597 2.47438
0.0501224 -1.43532 2.47438
0.0751645 -1.43422 2.47438
0.100184 -1.43269 2.47438
0.125172 -1.43073 2.47438
0.150123 -1.42832 2.47438
0.175028 -1.42549 2.47438
0.199879 -1.42222 2.47438
0.22467 -1.41851 2.4168
0.249392 -1.41437 2.4168
0.274038 -1.40981 2.4168
0.298601 -1.40481 2.4168
0.323073 -1.39938 2.4168
0.347446 -1.39353 2.4168
0.371714 -1.38726 2.4168
0.395868 -1.38056 2.4168
0.419902 -1.37344 2.4168
0.443808 -1.3659 2.35587
0.467578 -1.35795 2.35587
0.491207 -1.34958 2.35587
0.514685 -1.3408 2.35587
0.538007 -1.33161 2.35587
0.561165 -1.32202 2.35587
0.584152 -1.31203 2.35587
0.606961 -1.30163 2.35587
0.629585 -1.29084 2.29669
0.652018 -1.27966 2.29669
0.674251 -1.26808 2.29669
0.69628 -1.25612 2.29669
0.718096 -1.24378 2.29669
0.739694 -1.23106 2.29669
0.761066 -1.21796 2.29669
0.782206 -1.20449 2.29669
0.803108 -1.19066 2.29669
0.823766 -1.17646 2.24367
0.844173 -1.1619 2.24367
0.864322 -1.14699 2.24367
0.884208 -1.13173 2.24367
0.903825 -1.11613 2.24367
0.923167 -1.10019 2.24367
0.942227 -1.08391 2.24367
0.961 -1.0673 2.24367
0.979481 -1.05036 2.19992
0.997663 -1.03311 2.19992
1.01554 -1.01554 2.19992
1.03311 -0.997663 2.19992
1.05036 -0.979481 2.19992
1.0673 -0.961 2.19992
1.08391 -0.942227 2.19992
1.10019 -0.923167 2.19992
1.11613 -0.903825 2.19992
1.13173 -0.884208 2.16686
1.14699 -0.864322 2.16686
1.1619 -0.844173 2.16686
1.17646 -0.823766 2.16686
1.19066 -0.803108 2.16686
1.20449 -0.782206 2.16686
1.21796 -0.761066 2.16686
1.23106 -0.739694 2.16686
1.24378 -0.718096 2.16686
1.25612 -0.69628 2.14427
1.26808 -0.674251 2.14427
1.27966 -0.652018 2.14427
1.29084 -0.629585 2.14427
1.30163 -0.606961 2.14427
1.31203 -0.584152 2.14427
1.32202 -0.561165 2.14427
1.33161 -0.538007 2.14427
1.3408 -0.514685 2.13069
1.34958 -0.491207 2.13069
1.35795 -0.467578 2.13069
1.3659 -0.443808 2.13069
1.37344 -0.419902 2.13069
1.38056 -0.395868 2.13069
1.38726 -0.371714 2.13069
1.39353 -0.347446 2.13069
1.39938 -0.323073 2.13069
1.40481 -0.298601 2.12424
1.40981 -0.274038 2.12424
1.41437 -0.249392 2.12424
1.41851 -0.22467 2.12424
1.42222 -0.199879 2.12424
1.42549 -0.175028 2.12424
1.42832 -0.150123 2.12424
1.43073 -0.125172 2.12424
1.43269 -0.100184 2.16559
1.43422 -0.0751645 2.16559
1.43532 -0.0501224 2.16559
1.43597 -0.025065 2.16559

1.51598 0 2.08261
1.51575 0.0264575 2.08261
1.51506 0.052907 2.08261
1.5139 0.0793403 2.08261
1.51229 0.105749 2.08552
1.51021 0.132126 2.08552
1.50768 0.158463 2.08552
1.50468 0.184752 2.08552
1.50123 0.210984 2.08552
1.49732 0.237152 2.08552
1.49295 0.263247 2.08552
1.48813 0.289263 2.08552
1.48285 0.31519 2.09178
1.47713 0.341021 2.09178
1.47095 0.366749 2.09178
1.46432 0.392365 2.09178
1.45725 0.417861 2.09178
1.44974 0.44323 2.09178
1.44178 0.468464 2.09178
1.43339 0.493555 2.10309
1.42456 0.518496 2.10309
1.41529 0.543279 2.10309
1.40559 0.567896 2.10309
1.39547 0.592341 2.10309
1.38492 0.616605 2.10309
1.37395 0.640681 2.10309
1.36255 0.664562 2.10309
1.35075 0.688241 2.12174
1.33853 0.71171 2.12174
1.32591 0.734962 2.12174
1.31288 0.75799 2.12174
1.29945 0.780788 2.12174
1.28562 0.803347 2.12174
1.27141 0.825662 2.12174
1.2568 0.847726 2.14996
1.24182 0.869531 2.14996
1.22645 0.891071 2.14996
1.21072 0.91234 2.14996
1.19461 0.933331 2.14996
1.17814 0.954038 2.14996
1.16131 0.974454 2.14996
1.14413 0.994573 2.14996
1.12659 1.01439 2.18915
1.10872 1.0339 2.18915
1.09051 1.05309 2.18915
1.07196 1.07196 2.18915
1.05309 1.09051 2.18915
1.0339 1.10872 2.18915
1.01439 1.12659 2.18915
0.994573 1.14413 2.23942
0.974454 1.16131 2.23942
0.954038 1.17814 2.23942
0.933331 1.19461 2.23942
0.91234 1.21072 2.23942
0.891071 1.22645 2.23942
0.869531 1.24182 2.23942
0.847726 1.2568 2.23942
0.825662 1.27141 2.29926
0.803347 1.28562 2.29926
0.780788 1.29945 2.29926
0.75799 1.31288 2.29926
0.734962 1.32591 2.29926
0.71171 1.33853 2.29926
0.688241 1.35075 2.29926
0.664562 1.36255 2.36565
0.640681 1.37395 2.36565
0.616605 1.38492 2.36565
0.592341 1.39547 2.36565
0.567896 1.40559 2.36565
0.543279 1.41529 2.36565
0.518496 1.42456 2.36565
0.493555 1.43339 2.36565
0.468464 1.44178 2.43437
0.44323 1.44974 2.43437
0.417861 1.45725 2.43437
0.392365 1.46432 2.43437
0.366749 1.47095 2.43437
0.341021 1.47713 2.43437
0.31519 1.48285 2.43437
0.289263 1.48813 2.50058
0.263247 1.49295 2.50058
0.237152 1.49732 2.50058
0.210984 1.50123 2.50058
0.184752 1.50468 2.50058
0.158463 1.50768 2.50058
0.132126 1.51021 2.50058
0.105749 1.51229 2.50058
0.0793403 1.5139 2.55945
0.052907 1.51506 2.55945
0.0264575 1.51575 2.55945
9.2827e-17 1.51598 2.55945
-0.0264575 1.51575 2.55945
-0.052907 1.51506 2.55945
-0.0793403 1.5139 2.55945
-0.105749 1.51229 2.60675
-0.132126 1.51021 2.60675
-0.158463 1.50768 2.60675
-0.184752 1.50468 2.60675
-0.210984 1.50123 2.60675
-0.237152 1.49732 2.60675
-0.263247 1.49295 2.60675
-0.289263 1.48813 2.60675
-0.31519 1.48285 2.63937
-0.341021 1.47713 2.63937
-0.366749 1.47095 2.63937
-0.392365 1.46432 2.63937
-0.417861 1.45725 2.63937
-0.44323 1.44974 2.63937
-0.468464 1.44178 2.63937
-0.493555 1.43339 2.65557
-0.518496 1.42456 2.65557
-0.543279 1.41529 2.65557
-0.567896 1.40559 2.65557
-0.592341 1.39547 2.65557
-0.616605 1.38492 2.65557
-0.640681 1.37395 2.65557
-0.664562 1.36255 2.65557
-0.688241 1.35075 2.65519
-0.71171 1.33853 2.65519
-0.734962 1.32591 2.65519
-0.75799 1.31288 2.65519
-0.780788 1.29945 2.65519
-0.803347 1.28562 2.65519
-0.825662 1.27141 2.65519
-0.847726 1.2568 2.63959
-0.869531 1.24182 2.63959
-0.891071 1.22645 2.63959
-0.91234 1.21072 2.63959
-0.933331 1.19461 2.63959
-0.954038 1.17814 2.63959
-0.974454 1.16131 2.63959
-0.994573 1.14413 2.63959
-1.01439 1.12659 2.61154
-1.0339 1.10872 2.61154
-1.05309 1.09051 2.61154
-1.07196 1.07196 2.61154
-1.09051 1.05309 2.61154
-1.10872 1.0339 2.61154
-1.12659 1.01439 2.61154
-1.14413 0.994573 2.57505
-1.16131 0.974454 2.57505
-1.17814 0.954038 2.57505
-1.19461 0.933331 2.57505
-1.21072 0.91234 2.57505
-1.22645 0.891071 2.57505
-1.24182 0.869531 2.57505
-1.2568 0.847726 2.57505
-1.27141 0.825662 2.53497
-1.28562 0.803347 2.53497
-1.29945 0.780788 2.53497
-1.31288 0.75799 2.53497
-1.32591 0.734962 2.53497
-1.33853 0.71171 2.53497
-1.35075 0.688241 2.53497
-1.36255 0.664562 2.49652
-1.37395 0.640681 2.49652
-1.38492 0.616605 2.49652
-1.39547 0.592341 2.49652
-1.40559 0.567896 2.49652
-1.41529 0.543279 2.49652
-1.42456 0.518496 2.49652
-1.43339 0.493555 2.49652
-1.44178 0.468464 2.46467
-1.44974 0.44323 2.46467
-1.45725 0.417861 2.46467
-1.46432 0.392365 2.46467
-1.47095 0.366749 2.46467
-1.47713 0.341021 2.46467
-1.48285 0.31519 2.46467
-1.48813 0.289263 2.44353
-1.49295 0.263247 2.44353
-1.49732 0.237152 2.44353
-1.50123 0.210984 2.44353
-1.50468 0.184752 2.44353
-1.50768 0.158463 2.44353
-1.51021 0.132126 2.44353
-1.51229 0.105749 2.44353
-1.5139 0.0793403 2.43579
-1.51506 0.052907 2.43579
-1.51575 0.0264575 2.43579
-1.51598 1.85654e-16 2.43579
-1.51575 -0.0264575 2.43579
-1.51506 -0.052907 2.43579
-1.5139 -0.0793403 2.43579
-1.51229 -0.105749 2.44233
-1.51021 -0.132126 2.44233
-1.50768 -0.158463 2.44233
-1.50468 -0.184752 2.44233
-1.50123 -0.210984 2.44233
-1.49732 -0.237152 2.44233
-1.49295 -0.263247 2.44233
-1.48813 -0.289263 2.44233
-1.48285 -0.31519 2.46214
-1.47713 -0.341021 2.46214
-1.47095 -0.366749 2.46214
-1.46432 -0.392365 2.46214
-1.45725 -0.417861 2.46214
-1.44974 -0.44323 2.46214
-1.44178 -0.468464 2.46214
-1.43339 -0.493555 2.49242
-1.42456 -0.518496 2.49242
-1.41529 -0.543279 2.49242
-1.40559 -0.567896 2.49242
-1.39547 -0.592341 2.49242
-1.38492 -0.616605 2.49242
-1.37395 -0.640681 2.49242
-1.36255 -0.664562 2.49242
-1.35075 -0.688241 2.52899
-1.33853 -0.71171 2.52899
-1.32591 -0.734962 2.52899
-1.31288 -0.75799 2.52899
-1.29945 -0.780788 2.52899
-1.28562 -0.803347 2.52899
-1.27141 -0.825662 2.52899
-1.2568 -0.847726 2.56682
-1.24182 -0.869531 2.56682
-1.22645 -0.891071 2.56682
-1.21072 -0.91234 2.56682
-1.19461 -0.933331 2.56682
-1.17814 -0.954038 2.56682
-1.16131 -0.974454 2.56682
-1.14413 -0.994573 2.56682
-1.12659 -1.01439 2.60075
-1.10872 -1.0339 2.60075
-1.09051 -1.05309 2.60075
-1.07196 -1.07196 2.60075
-1.05309 -1.09051 2.60075
-1.0339 -1.10872 2.60075
-1.01439 -1.12659 2.60075
-0.994573 -1.14413 2.62601
-0.974454 -1.16131 2.62601
-0.954038 -1.17814 2.62601
-0.933331 -1.19461 2.62601
-0.91234 -1.21072 2.62601
-0.891071 -1.22645 2.62601
-0.869531 -1.24182 2.62601
-0.847726 -1.2568 2.62601
-0.825662 -1.27141 2.63871
-0.803347 -1.28562 2.63871
-0.780788 -1.29945 2.63871
-0.75799 -1.31288 2.63871
-0.734962 -1.32591 2.63871
-0.71171 -1.33853 2.63871
-0.688241 -1.35075 2.63871
-0.664562 -1.36255 2.6363
-0.640681 -1.37395 2.6363
-0.616605 -1.38492 2.6363
-0.592341 -1.39547 2.6363
-0.567896 -1.40559 2.6363
-0.543279 -1.41529 2.6363
-0.518496 -1.42456 2.6363
-0.493555 -1.43339 2.6363
-0.468464 -1.44178 2.61759
-0.44323 -1.44974 2.61759
-0.417861 -1.45725 2.61759
-0.392365 -1.46432 2.61759
-0.366749 -1.47095 2.61759
-0.341021 -1.47713 2.61759
-0.31519 -1.48285 2.61759
-0.289263 -1.48813 2.58296
-0.263247 -1.49295 2.58296
-0.237152 -1.49732 2.58296
-0.210984 -1.50123 2.58296
-0.184752 -1.50468 2.58296
-0.158463 -1.50768 2.58296
-0.132126 -1.51021 2.58296
-0.105749 -1.51229 2.58296
-0.0793403 -1.5139 2.53429
-0.052907 -1.51506 2.53429
-0.0264575 -1.51575 2.53429
-2.78481e-16 -1.51598 2.53429
0.0264575 -1.51575 2.53429
0.052907 -1.51506 2.53429
0.0793403 -1.5139 2.53429
0.105749 -1.51229 2.47481
0.132126 -1.51021 2.47481
0.158463 -1.50768 2.47481
0.184752 -1.50468 2.47481
0.210984 -1.50123 2.47481
0.237152 -1.49732 2.47481
0.263247 -1.49295 2.47481
0.289263 -1.48813 2.47481
0.31519 -1.48285 2.40877
0.341021 -1.47713 2.40877
0.366749 -1.47095 2.40877
0.392365 -1.46432 2.40877
0.417861 -1.45725 2.40877
0.44323 -1.44974 2.40877
0.468464 -1.44178 2.40877
0.493555 -1.43339 2.34099
0.518496 -1.42456 2.34099
0.543279 -1.41529 2.34099
0.567896 -1.40559 2.34099
0.592341 -1.39547 2.34099
0.616605 -1.38492 2.34099
0.640681 -1.37395 2.34099
0.664562 -1.36255 2.34099
0.688241 -1.35075 2.27621
0.71171 -1.33853 2.27621
0.734962 -1.32591 2.27621
0.75799 -1.31288 2.27621
0.780788 -1.29945 2.27621
0.803347 -1.28562 2.27621
0.825662 -1.27141 2.27621
0.847726 -1.2568 2.21853
0.869531 -1.24182 2.21853
0.891071 -1.22645 2.21853
0.91234 -1.21072 2.21853
0.933331 -1.19461 2.21853
0.954038 -1.17814 2.21853
0.974454 -1.16131 2.21853
0.994573 -1.14413 2.21853
1.01439 -1.12659 2.17083
1.0339 -1.10872 2.17083
1.05309 -1.09051 2.17083
1.07196 -1.07196 2.17083
1.09051 -1.05309 2.17083
1.10872 -1.0339 2.17083
1.12659 -1.01439 2.17083
1.14413 -0.994573 2.13449
1.16131 -0.974454 2.13449
1.17814 -0.954038 2.13449
1.19461 -0.933331 2.13449
1.21072 -0.91234 2.13449
1.22645 -0.891071 2.13449
1.24182 -0.869531 2.13449
1.2568 -0.847726 2.13449
1.27141 -0.825662 2.1093
1.28562 -0.803347 2.1093
1.29945 -0.780788 2.1093
1.31288 -0.75799 2.1093
1.32591 -0.734962 2.1093
1.33853 -0.71171 2.1093
1.35075 -0.688241 2.1093
1.36255 -0.664562 2.09374
1.37395 -0.640681 2.09374
1.38492 -0.616605 2.09374
1.39547 -0.592341 2.09374
1.40559 -0.567896 2.09374
1.41529 -0.543279 2.09374
1.42456 -0.518496 2.09374
1.43339 -0.493555 2.09374
1.44178 -0.468464 2.08555
1.44974 -0.44323 2.08555
1.45725 -0.417861 2.08555
1.46432 -0.392365 2.08555
1.47095 -0.366749 2.08555
1.47713 -0.341021 2.08555
1.48285 -0.31519 2.08555
1.48813 -0.289263 2.08241
1.49295 -0.263247 2.08241
1.49732 -0.237152 2.08241
1.50123 -0.210984 2.08241
1.50468 -0.184752 2.08241
1.50768 -0.158463 2.08241
1.51021 -0.132126 2.08241
1.51229 -0.105749 2.08241
1.5139 -0.0793403 2.12336
1.51506 -0.052907 2.12336
1.51575 -0.0264575 2.12336

1.59577 0 2.08261
1.59553 0.02785 2.08261
1.5948 0.0556915 2.08261
1.59358 0.0835161 2.08261
1.59188 0.111315 2.08552
1.5897 0.13908 2.08552
1.58703 0.166803 2.08552
1.58387 0.194475 2.08552
1.58024 0.222088 2.08552
1.57612 0.249633 2.08552
1.57153 0.277102 2.08552
1.56645 0.304487 2.08552
1.5609 0.331779 2.09178
1.55487 0.35897 2.09178
1.54837 0.386051 2.09178
1.54139 0.413015 2.09178
1.53395 0.439854 2.09178
1.52604 0.466558 2.09178
1.51767 0.49312 2.09178
1.50883 0.519532 2.10309
1.49953 0.545785 2.10309
1.48978 0.571873 2.10309
1.47957 0.597786 2.10309
1.46891 0.623517 2.10309
1.45781 0.649058 2.10309
1.44626 0.674401 2.10309
1.43427 0.699539 2.10309
1.42184 0.724464 2.12174
1.40898 0.749168 2.12174
1.39569 0.773644 2.12174
1.38198 0.797885 2.12174
1.36784 0.821882 2.12174
1.35329 0.845629 2.12174
1.33832 0.869118 2.12174
1.32295 0.892343 2.14996
1.30718 0.915296 2.14996
1.291 0.93797 2.14996
1.27444 0.960358 2.14996
1.25748 0.982454 2.14996
1.24015 1.00425 2.14996
1.22243 1.02574 2.14996
1.20434 1.04692 2.14996
1.18589 1.06778 2.18915
1.16707 1.08831 2.18915
1.1479 1.10851 2.18915
1.12838 1.12838 2.18915
1.10851 1.1479 2.18915
1.08831 1.16707 2.18915
1.06778 1.18589 2.18915
1.04692 1.20434 2.23942
1.02574 1.22243 2.23942
1.00425 1.24015 2.23942
0.982454 1.25748 2.23942
0.960358 1.27444 2.23942
0.93797 1.291 2.23942
0.915296 1.30718 2.23942
0.892343 1.32295 2.23942
0.869118 1.33832 2.29926
0.845629 1.35329 2.29926
0.821882 1.36784 2.29926
0.797885 1.38198 2.29926
0.773644 1.39569 2.29926
0.749168 1.40898 2.29926
0.724464 1.42184 2.29926
0.699539 1.43427 2.36565
0.674401 1.44626 2.36565
0.649058 1.45781 2.36565
0.623517 1.46891 2.36565
0.597786 1.47957 2.36565
0.571873 1.48978 2.36565
0.545785 1.49953 2.36565
0.519532 1.50883 2.36565
0.49312 1.51767 2.43437
0.466558 1.52604 2.43437
0.439854 1.53395 2.43437
0.413015 1.54139 2.43437
0.386051 1.54837 2.43437
0.35897 1.55487 2.43437
0.331779 1.5609 2.43437
0.304487 1.56645 2.50058
0.277102 1.57153 2.50058
0.249633 1.57612 2.50058
0.222088 1.58024 2.50058
0.194475 1.58387 2.50058
0.166803 1.58703 2.50058
0.13908 1.5897 2.50058
0.111315 1.59188 2.50058
0.0835161 1.59358 2.55945
0.0556915 1.5948 2.55945
0.02785 1.59553 2.55945
9.77127e-17 1.59577 2.55945
-0.02785 1.59553 2.55945
-0.0556915 1.5948 2.55945
-0.0835161 1.59358 2.55945
-0.111315 1.59188 2.60675
-0.13908 1.5897 2.60675
-0.166803 1.58703 2.60675
-0.194475 1.58387 2.60675
-0.222088 1.58024 2.60675
-0.249633 1.57612 2.60675
-0.277102 1.57153 2.60675
-0.304487 1.56645 2.60675
-0.331779 1.5609 2.63937
-0.35897 1.55487 2.63937
-0.386051 1.54837 2.63937
-0.413015 1.54139 2.63937
-0.439854 1.53395 2.63937
-0.466558 1.52604 2.63937
-0.49312 1.51767 2.63937
-0.519532 1.50883 2.65557
-0.545785 1.49953 2.65557
-0.571873 1.48978 2.65557
-0.597786 1.47957 2.65557
-0.623517 1.46891 2.65557
-0.649058 1.45781 2.65557
-0.674401 1.44626 2.65557
-0.699539 1.43427 2.65557
-0.724464 1.42184 2.65519
-0.749168 1.40898 2.65519
-0.773644 1.39569 2.65519
-0.797885 1.38198 2.65519
-0.821882 1.36784 2.65519
-0.845629 1.35329 2.65519
-0.869118 1.33832 2.65519
-0.892343 1.32295 2.63959
-0.915296 1.30718 2.63959
-0.93797 1.291 2.63959
-0.960358 1.27444 2.63959
-0.982454 1.25748 2.63959
-1.00425 1.24015 2.63959
-1.02574 1.22243 2.63959
-1.04692 1.20434 2.63959
-1.06778 1.18589 2.61154
-1.08831 1.16707 2.61154
-1.10851 1.1479 2.61154
-1.12838 1.12838 2.61154
-1.1479 1.10851 2.61154
-1.16707 1.08831 2.61154
-1.18589 1.06778 2.61154
-1.20434 1.04692 2.57505
-1.22243 1.02574 2.57505
-1.24015 1.00425 2.57505
-1.25748 0.982454 2.57505
-1.27444 0.960358 2.57505
-1.291 0.93797 2.57505
-1.30718 0.915296 2.57505
-1.32295 0.892343 2.57505
-1.33832 0.869118 2.53497
-1.35329 0.845629 2.53497
-1.36784 0.821882 2.53497
-1.38198 0.797885 2.53497
-1.39569 0.773644 2.53497
-1.40898 0.749168 2.53497
-1.42184 0.724464 2.53497
-1.43427 0.699539 2.49652
-1.44626 0.674401 2.49652
-1.45781 0.649058 2.49652
-1.46891 0.623517 2.49652
-1.47957 0.597786 2.49652
-1.48978 0.571873 2.49652
-1.49953 0.545785 2.49652
-1.50883 0.519532 2.49652
-1.51767 0.49312 2.46467
-1.52604 0.466558 2.46467
-1.53395 0.439854 2.46467
-1.54139 0.413015 2.46467
-1.54837 0.386051 2.46467
-1.55487 0.35897 2.46467
-1.5609 0.331779 2.46467
-1.56645 0.304487 2.44353
-1.57153 0.277102 2.44353
-1.57612 0.249633 2.44353
-1.58024 0.222088 2.44353
-1.58387 0.194475 2.44353
-1.58703 0.166803 2.44353
-1.5897 0.13908 2.44353
-1.59188 0.111315 2.44353
-1.59358 0.0835161 2.43579
-1.5948 0.0556915 2.43579
-1.59553 0.02785 2.43579
-1.59577 1.95425e-16 2.43579
-1.59553 -0.02785 2.43579
-1.5948 -0.0556915 2.43579
-1.59358 -0.0835161 2.43579
-1.59188 -0.111315 2.44233
-1.5897 -0.13908 2.44233
-1.58703 -0.166803 2.44233
-1.58387 -0.194475 2.44233
-1.58024 -0.222088 2.44233
-1.57612 -0.249633 2.44233
-1.57153 -0.277102 2.44233
-1.56645 -0.304487 2.44233
-1.5609 -0.331779 2.46214
-1.55487 -0.35897 2.46214
-1.54837 -0.386051 2.46214
-1.54139 -0.413015 2.46214
-1.53395 -0.439854 2.46214
-1.52604 -0.466558 2.46214
-1.51767 -0.49312 2.46214
-1.50883 -0.519532 2.49242
-1.49953 -0.545785 2.49242
-1.48978 -0.571873 2.49242
-1.47957 -0.597786 2.49242
-1.46891 -0.623517 2.49242
-1.45781 -0.649058 2.49242
-1.44626 -0.674401 2.49242
-1.43427 -0.699539 2.49242
-1.42184 -0.724464 2.52899
-1.40898 -0.749168 2.52899
-1.39569 -0.773644 2.52899
-1.38198 -0.797885 2.52899
-1.36784 -0.821882 2.52899
-1.35329 -0.845629 2.52899
-1.33832 -0.869118 2.52899
-1.32295 -0.892343 2.56682
-1.30718 -0.915296 2.56682
-1.291 -0.93797 2.56682
-1.27444 -0.960358 2.56682
-1.25748 -0.982454 2.56682
-1.24015 -1.00425 2.56682
-1.22243 -1.02574 2.56682
-1.20434 -1.04692 2.56682
-1.18589 -1.06778 2.60075
-1.16707 -1.08831 2.60075
-1.1479 -1.10851 2.60075
-1.12838 -1.12838 2.60075
-1.10851 -1.1479 2.60075
-1.08831 -1.16707 2.60075
-1.06778 -1.18589 2.60075
-1.04692 -1.20434 2.62601
-1.02574 -1.22243 2.62601
-1.00425 -1.24015 2.62601
-0.982454 -1.25748 2.62601
-0.960358 -1.27444 2.62601
-0.93797 -1.291 2.62601
-0.915296 -1.30718 2.62601
-0.892343 -1.32295 2.62601
-0.869118 -1.33832 2.63871
-0.845629 -1.35329 2.63871
-0.821882 -1.36784 2.63871
-0.797885 -1.38198 2.63871
-0.773644 -1.39569 2.63871
-0.749168 -1.40898 2.63871
-0.724464 -1.42184 2.63871
-0.699539 -1.43427 2.6363
-0.674401 -1.44626 2.6363
-0.649058 -1.45781 2.6363
-0.623517 -1.46891 2.6363
-0.597786 -1.47957 2.6363
-0.571873 -1.48978 2.6363
-0.545785 -1.49953 2.6363
-0.519532 -1.50883 2.6363
-0.49312 -1.51767 2.61759
-0.466558 -1.52604 2.61759
-0.439854 -1.53395 2.61759
-0.413015 -1.54139 2.61759
-0.386051 -1.54837 2.61759
-0.35897 -1.55487 2.61759
-0.331779 -1.5609 2.61759
-0.304487 -1.56645 2.58296
-0.277102 -1.57153 2.58296
-0.249633 -1.57612 2.58296
-0.222088 -1.58024 2.58296
-0.194475 -1.58387 2.58296
-0.166803 -1.58703 2.58296
-0.13908 -1.5897 2.58296
-0.111315 -1.59188 2.58296
-0.0835161 -1.59358 2.53429
-0.0556915 -1.5948 2.53429
-0.02785 -1.59553 2.53429
-2.93138e-16 -1.59577 2.53429
0.02785 -1.59553 2.53429
0.0556915 -1.5948 2.53429
0.0835161 -1.59358 2.53429
0.111315 -1.59188 2.47481
0.13908 -1.5897 2.47481
0.166803 -1.58703 2.47481
0.194475 -1.58387 2.47481
0.222088 -1.58024 2.47481
0.249633 -1.57612 2.47481
0.277102 -1.57153 2.47481
0.304487 -1.56645 2.47481
0.331779 -1.5609 2.40877
0.35897 -1.55487 2.40877
0.386051 -1.54837 2.40877
0.413015 -1.54139 2.40877
0.439854 -1.53395 2.40877
0.466558 -1.52604 2.40877
0.49312 -1.51767 2.40877
0.519532 -1.50883 2.34099
0.545785 -1.49953 2.34099
0.571873 -1.48978 2.34099
0.597786 -1.47957 2.34099
0.623517 -1.46891 2.34099
0.649058 -1.45781 2.34099
0.674401 -1.44626 2.34099
0.699539 -1.43427 2.34099
0.724464 -1.42184 2.27621
0.749168 -1.40898 2.27621
0.773644 -1.39569 2.27621
0.797885 -1.38198 2.27621
0.821882 -1.36784 2.27621
0.845629 -1.35329 2.27621
0.869118 -1.33832 2.27621
0.892343 -1.32295 2.21853
0.915296 -1.30718 2.21853
0.93797 -1.291 2.21853
0.960358 -1.27444 2.21853
0.982454 -1.25748 2.21853
1.00425 -1.24015 2.21853
1.02574 -1.22243 2.21853
1.04692 -1.20434 2.21853
1.06778 -1.18589 2.17083
1.08831 -1.16707 2.17083
1.10851 -1.1479 2.17083
1.12838 -1.12838 2.17083
1.1479 -1.10851 2.17083
1.16707 -1.08831 2.17083
1.18589 -1.06778 2.17083
1.20434 -1.04692 2.13449
1.22243 -1.02574 2.13449
1.24015 -1.00425 2.13449
1.25748 -0.982454 2.13449
1.27444 -0.960358 2.13449
1.291 -0.93797 2.13449
1.30718 -0.915296 2.13449
1.32295 -0.892343 2.13449
1.33832 -0.869118 2.1093
1.35329 -0.845629 2.1093
1.36784 -0.821882 2.1093
1.38198 -0.797885 2.1093
1.39569 -0.773644 2.1093
1.40898 -0.749168 2.1093
1.42184 -0.724464 2.1093
1.43427 -0.699539 2.09374
1.44626 -0.674401 2.09374
1.45781 -0.649058 2.09374
1.46891 -0.623517 2.09374
1.47957 -0.597786 2.09374
1.48978 -0.571873 2.09374
1.49953 -0.545785 2.09374
1.50883 -0.519532 2.09374
1.51767 -0.49312 2.08555
1.52604 -0.466558 2.08555
1.53395 -0.439854 2.08555
1.54139 -0.413015 2.08555
1.54837 -0.386051 2.08555
1.55487 -0.35897 2.08555
1.5609 -0.331779 2.08555
1.56645 -0.304487 2.08241
1.57153 -0.277102 2.08241
1.57612 -0.249633 2.08241
1.58024 -0.222088 2.08241
1.58387 -0.194475 2.08241
1.58703 -0.166803 2.08241
1.5897 -0.13908 2.08241
1.59188 -0.111315 2.08241
1.59358 -0.0835161 2.12336
1.5948 -0.0556915 2.12336
1.59553 -0.02785 2.12336

1.67556 0 2.08261
1.6753 0.0292425 2.08261
1.67454 0.0584761 2.08261
1.67326 0.0876919 2.08261
1.67148 0.116881 2.08552
1.66918 0.146034 2.08552
1.66638 0.175143 2.08552
1.66307 0.204199 2.08552
1.65925 0.233193 2.08552
1.65493 0.262115 2.08552
1.6501 0.290958 2.08552
1.64477 0.319711 2.08552
1.63894 0.348368 2.09178
1.63261 0.376918 2.09178
1.62579 0.405354 2.09178
1.61846 0.433666 2.09178
1.61065 0.461846 2.09178
1.60234 0.489886 2.09178
1.59355 0.517776 2.09178
1.58427 0.545508 2.10309
1.57451 0.573074 2.10309
1.56427 0.600466 2.10309
1.55355 0.627675 2.10309
1.54236 0.654693 2.10309
1.5307 0.681511 2.10309
1.51857 0.708121 2.10309
1.50598 0.734516 2.10309
1.49293 0.760687 2.12174
1.47943 0.786627 2.12174
1.46548 0.812326 2.12174
1.45108 0.837779 2.12174
1.43623 0.862976 2.12174
1.42095 0.88791 2.12174
1.40524 0.912574 2.12174
1.3891 0.93696 2.14996
1.37254 0.96106 2.14996
1.35555 0.984868 2.14996
1.33816 1.00838 2.14996
1.32036 1.03158 2.14996
1.30215 1.05446 2.14996
1.28355 1.07703 2.14996
1.26456 1.09926 2.14996
1.24518 1.12117 2.18915
1.22543 1.14273 2.18915
1.2053 1.16394 2.18915
1.1848 1.1848 2.18915
1.16394 1.2053 2.18915
1.14273 1.22543 2.18915
1.12117 1.24518 2.18915
1.09926 1.26456 2.23942
1.07703 1.28355 2.23942
1.05446 1.30215 2.23942
1.03158 1.32036 2.23942
1.00838 1.33816 2.23942
0.984868 1.35555 2.23942
0.96106 1.37254 2.23942
0.93696 1.3891 2.23942
0.912574 1.40524 2.29926
0.88791 1.42095 2.29926
0.862976 1.43623 2.29926
0.837779 1.45108 2.29926
0.812326 1.46548 2.29926
0.786627 1.47943 2.29926
0.760687 1.49293 2.29926
0.734516 1.50598 2.36565
0.708121 1.51857 2.36565
0.681511 1.5307 2.36565
0.654693 1.54236 2.36565
0.627675 1.55355 2.36565
0.600466 1.56427 2.36565
0.573074 1.57451 2.36565
0.545508 1.58427 2.36565
0.517776 1.59355 2.43437
0.489886 1.60234 2.43437
0.461846 1.61065 2.43437
0.433666 1.61846 2.43437
0.405354 1.62579 2.43437
0.376918 1.63261 2.43437
0.348368 1.63894 2.43437
0.319711 1.64477 2.50058
0.290958 1.6501 2.50058
0.262115 1.65493 2.50058
0.233193 1.65925 2.50058
0.204199 1.66307 2.50058
0.175143 1.66638 2.50058
0.146034 1.66918 2.50058
0.116881 1.67148 2.50058
0.0876919 1.67326 2.55945
0.0584761 1.67454 2.55945
0.0292425 1.6753 2.55945
1.02598e-16 1.67556 2.55945
-0.0292425 1.6753 2.55945
-0.0584761 1.67454 2.55945
-0.0876919 1.67326 2.55945
-0.116881 1.67148 2.60675
-0.146034 1.66918 2.60675
-0.175143 1.66638 2.60675
-0.204199 1.66307 2.60675
-0.233193 1.65925 2.60675
-0.262115 1.65493 2.60675
-0.290958 1.6501 2.60675
-0.319711 1.64477 2.60675
-0.348368 1.63894 2.63937
-0.376918 1.63261 2.63937
-0.405354 1.62579 2.63937
-0.433666 1.61846 2.63937
-0.461846 1.61065 2.63937
-0.489886 1.60234 2.63937
-0.517776 1.59355 2.63937
-0.545508 1.58427 2.65557
-0.573074 1.57451 2.65557
-0.600466 1.56427 2.65557
-0.627675 1.55355 2.65557
-0.654693 1.54236 2.65557
-0.681511 1.5307 2.65557
-0.708121 1.51857 2.65557
-0.734516 1.50598 2.65557
-0.760687 1.49293 2.65519
-0.786627 1.47943 2.65519
-0.812326 1.46548 2.65519
-0.837779 1.45108 2.65519
-0.862976 1.43623 2.65519
-0.88791 1.42095 2.65519
-0.912574 1.40524 2.65519
-0.93696 1.3891 2.63959
-0.96106 1.37254 2.63959
-0.984868 1.35555 2.63959
-1.00838 1.33816 2.63959
-1.03158 1.32036 2.63959
-1.05446 1.30215 2.63959
-1.07703 1.28355 2.63959
-1.09926 1.26456 2.63959
-1.12117 1.24518 2.61154
-1.14273 1.22543 2.61154
-1.16394 1.2053 2.61154
-1.1848 1.1848 2.61154
-1.2053 1.16394 2.61154
-1.22543 1.14273 2.61154
-1.24518 1.12117 2.61154
-1.26456 1.09926 2.57505
-1.28355 1.07703 2.57505
-1.30215 1.05446 2.57505
-1.32036 1.03158 2.57505
-1.33816 1.00838 2.57505
-1.35555 0.984868 2.57505
-1.37254 0.96106 2.57505
-1.3891 0.93696 2.57505
-1.40524 0.912574 2.53497
-1.42095 0.88791 2.53497
-1.43623 0.862976 2.53497
-1.45108 0.837779 2.53497
-1.46548 0.812326 2.53497
-1.47943 0.786627 2.53497
-1.49293 0.760687 2.53497
-1.50598 0.734516 2.49652
-1.51857 0.708121 2.49652
-1.5307 0.681511 2.49652
-1.54236 0.654693 2.49652
-1.55355 0.627675 2.49652
-1.56427 0.600466 2.49652
-1.57451 0.573074 2.49652
-1.58427 0.545508 2.49652
-1.59355 0.517776 2.46467
-1.60234 0.489886 2.46467
-1.61065 0.461846 2.46467
-1.61846 0.433666 2.46467
-1.62579 0.405354 2.46467
-1.63261 0.376918 2.46467
-1.63894 0.348368 2.46467
-1.64477 0.319711 2.44353
-1.6501 0.290958 2.44353
-1.65493 0.262115 2.44353
-1.65925 0.233193 2.44353
-1.66307 0.204199 2.44353
-1.66638 0.175143 2.44353
-1.66918 0.146034 2.44353
-1.67148 0.116881 2.44353
-1.67326 0.0876919 2.43579
-1.67454 0.0584761 2.43579
-1.6753 0.0292425 2.43579
-1.67556 2.05197e-16 2.43579
-1.6753 -0.0292425 2.43579
-1.67454 -0.0584761 2.43579
-1.67326 -0.0876919 2.43579
-1.67148 -0.116881 2.44233
-1.66918 -0.146034 2.44233
-1.66638 -0.175143 2.44233
-1.66307 -0.204199 2.44233
-1.65925 -0.233193 2.44233
-1.65493 -0.262115 2.44233
-1.6501 -0.290958 2.44233
-1.64477 -0.319711 2.44233
-1.63894 -0.348368 2.46214
-1.63261 -0.376918 2.46214
-1.62579 -0.405354 2.46214
-1.61846 -0.433666 2.46214
-1.61065 -0.461846 2.46214
-1.60234 -0.489886 2.46214
-1.59355 -0.517776 2.46214
-1.58427 -0.545508 2.49242
-1.57451 -0.573074 2.49242
-1.56427 -0.600466 2.49242
-1.55355 -0.627675 2.49242
-1.54236 -0.654693 2.49242
-1.5307 -0.681511 2.49242
-1.51857 -0.708121 2.49242
-1.50598 -0.734516 2.49242
-1.49293 -0.760687 2.52899
-1.47943 -0.786627 2.52899
-1.46548 -0.812326 2.52899
-1.45108 -0.837779 2.52899
-1.43623 -0.862976 2.52899
-1.42095 -0.88791 2.52899
-1.40524 -0.912574 2.52899
-1.3891 -0.93696 2.56682
-1.37254 -0.96106 2.56682
-1.35555 -0.984868 2.56682
-1.33816 -1.00838 2.56682
-1.32036 -1.03158 2.56682
-1.30215 -1.05446 2.56682
-1.28355 -1.07703 2.56682
-1.26456 -1.09926 2.56682
-1.24518 -1.12117 2.60075
-1.22543 -1.14273 2.60075
-1.2053 -1.16394 2.60075
-1.1848 -1.1848 2.60075
-1.16394 -1.2053 2.60075
-1.14273 -1.22543 2.60075
-1.12117 -1.24518 2.60075
-1.09926 -1.26456 2.62601
-1.07703 -1.28355 2.62601
-1.05446 -1.30215 2.62601
-1.03158 -1.32036 2.62601
-1.00838 -1.33816 2.62601
-0.984868 -1.35555 2.62601
-0.96106 -1.37254 2.62601
-0.93696 -1.3891 2.62601
-0.912574 -1.40524 2.63871
-0.88791 -1.42095 2.63871
-0.862976 -1.43623 2.63871
-0.837779 -1.45108 2.63871
-0.812326 -1.46548 2.63871
-0.786627 -1.47943 2.63871
-0.760687 -1.49293 2.63871
-0.734516 -1.50598 2.6363
-0.708121 -1.51857 2.6363
-0.681511 -1.5307 2.6363
-0.654693 -1.54236 2.6363
-0.627675 -1.55355 2.6363
-0.600466 -1.56427 2.6363
-0.573074 -1.57451 2.6363
-0.545508 -1.58427 2.6363
-0.517776 -1.59355 2.61759
-0.489886 -1.60234 2.61759
-0.461846 -1.61065 2.61759
-0.433666 -1.61846 2.61759
-0.405354 -1.62579 2.61759
-0.376918 -1.63261 2.61759
-0.348368 -1.63894 2.61759
-0.319711 -1.64477 2.58296
-0.290958 -1.6501 2.58296
-0.262115 -1.65493 2.58296
-0.233193 -1.65925 2.58296
-0.204199 -1.66307 2.58296
-0.175143 -1.66638 2.58296
-0.146034 -1.66918 2.58296
-0.116881 -1.67148 2.58296
-0.0876919 -1.67326 2.53429
-0.0584761 -1.67454 2.53429
-0.0292425 -1.6753 2.53429
-3.07795e-16 -1.67556 2.53429
0.0292425 -1.6753 2.53429
0.0584761 -1.67454 2.53429
0.0876919 -1.67326 2.53429
0.116881 -1.67148 2.47481
0.146034 -1.66918 2.47481
0.175143 -1.66638 2.47481
0.204199 -1.66307 2.47481
0.233193 -1.65925 2.47481
0.262115 -1.65493 2.47481
0.290958 -1.6501 2.47481
0.319711 -1.64477 2.47481
0.348368 -1.63894 2.40877
0.376918 -1.63261 2.40877
0.405354 -1.62579 2.40877
0.433666 -1.61846 2.40877
0.461846 -1.61065 2.40877
0.489886 -1.60234 2.40877
0.517776 -1.59355 2.40877
0.545508 -1.58427 2.34099
0.573074 -1.57451 2.34099
0.600466 -1.56427 2.34099
0.627675 -1.55355 2.34099
0.654693 -1.54236 2.34099
0.681511 -1.5307 2.34099
0.708121 -1.51857 2.34099
0.734516 -1.50598 2.34099
0.760687 -1.49293 2.27621
0.786627 -1.47943 2.27621
0.812326 -1.46548 2.27621
0.837779 -1.45108 2.27621
0.862976 -1.43623 2.27621
0.88791 -1.42095 2.27621
0.912574 -1.40524 2.27621
0.93696 -1.3891 2.21853
0.96106 -1.37254 2.21853
0.984868 -1.35555 2.21853
1.00838 -1.33816 2.21853
1.03158 -1.32036 2.21853
1.05446 -1.30215 2.21853
1.07703 -1.28355 2.21853
1.09926 -1.26456 2.21853
1.12117 -1.24518 2.17083
1.14273 -1.22543 2.17083
1.16394 -1.2053 2.17083
1.1848 -1.1848 2.17083
1.2053 -1.16394 2.17083
1.22543 -1.14273 2.17083
1.24518 -1.12117 2.17083
1.26456 -1.09926 2.13449
1.28355 -1.07703 2.13449
1.30215 -1.05446 2.13449
1.32036 -1.03158 2.13449
1.33816 -1.00838 2.13449
1.35555 -0.984868 2.13449
1.37254 -0.96106 2.13449
1.3891 -0.93696 2.13449
1.40524 -0.912574 2.1093
1.42095 -0.88791 2.1093
1.43623 -0.862976 2.1093
1.45108 -0.837779 2.1093
1.46548 -0.812326 2.1093
1.47943 -0.786627 2.1093
1.49293 -0.760687 2.1093
1.50598 -0.734516 2.09374
1.51857 -0.708121 2.09374
1.5307 -0.681511 2.09374
1.54236 -0.654693 2.09374
1.55355 -0.627675 2.09374
1.56427 -0.600466 2.09374
1.57451 -0.573074 2.09374
1.58427 -0.545508 2.09374
1.59355 -0.517776 2.08555
1.60234 -0.489886 2.08555
1.61065 -0.461846 2.08555
1.61846 -0.433666 2.08555
1.62579 -0.405354 2.08555
1.63261 -0.376918 2.08555
1.63894 -0.348368 2.08555
1.64477 -0.319711 2.08241
1.6501 -0.290958 2.08241
1.65493 -0.262115 2.08241
1.65925 -0.233193 2.08241
1.66307 -0.204199 2.08241
1.66638 -0.175143 2.08241
1.66918 -0.146034 2.08241
1.67148 -0.116881 2.08241
1.67326 -0.0876919 2.12336
1.67454 -0.0584761 2.12336
1.6753 -0.0292425 2.12336

1.75535 0 2.04441
1.75508 0.030635 2.04441
1.75428 0.0612607 2.04441
1.75294 0.0918677 2.04441
1.75107 0.122447 2.04617
1.74867 0.152988 2.04617
1.74573 0.183484 2.04617
1.74226 0.213923 2.04617
1.73826 0.244297 2.04617
1.73373 0.274597 2.04617
1.72868 0.304813 2.04909
1.7231 0.334936 2.04909
1.71699 0.364957 2.04909
1.71036 0.394867 2.04909
1.7032 0.424657 2.04909
1.69553 0.454317 2.04909
1.68735 0.483839 2.04909
1.67865 0.513214 2.05497
1.66943 0.542432 2.05497
1.65971 0.571485 2.05497
1.64949 0.600364 2.05497
1.63876 0.62906 2.05497
1.62753 0.657564 2.05497
1.6158 0.685868 2.05497
1.60359 0.713964 2.06639
1.59088 0.741841 2.06639
1.57769 0.769493 2.06639
1.56402 0.79691 2.06639
1.54988 0.824085 2.06639
1.53526 0.851009 2.06639
1.52017 0.877673 2.08612
1.50463 0.90407 2.08612
1.48862 0.930192 2.08612
1.47216 0.95603 2.08612
1.45525 0.981577 2.08612
1.4379 1.00683 2.08612
1.4201 1.03177 2.08612
1.40188 1.05639 2.1165
1.38323 1.0807 2.1165
1.36416 1.10468 2.1165
1.34467 1.12831 2.1165
1.32478 1.15161 2.1165
1.30448 1.17456 2.1165
1.28378 1.19714 2.1165
1.26269 1.21937 2.15892
1.24122 1.24122 2.15892
1.21937 1.26269 2.15892
1.19714 1.28378 2.15892
1.17456 1.30448 2.15892
1.15161 1.32478 2.15892
1.12831 1.34467 2.21338
1.10468 1.36416 2.21338
1.0807 1.38323 2.21338
1.05639 1.40188 2.21338
1.03177 1.4201 2.21338
1.00683 1.4379 2.21338
0.981577 1.45525 2.21338
0.95603 1.47216 2.27834
0.930192 1.48862 2.27834
0.90407 1.50463 2.27834
0.877673 1.52017 2.27834
0.851009 1.53526 2.27834
0.824085 1.54988 2.27834
0.79691 1.56402 2.27834
0.769493 1.57769 2.35089
0.741841 1.59088 2.35089
0.713964 1.60359 2.35089
0.685868 1.6158 2.35089
0.657564 1.62753 2.35089
0.62906 1.63876 2.35089
0.600364 1.64949 2.42703
0.571485 1.65971 2.42703
0.542432 1.66943 2.42703
0.513214 1.67865 2.42703
0.483839 1.68735 2.42703
0.454317 1.69553 2.42703
0.424657 1.7032 2.42703
0.394867 1.71036 2.50212
0.364957 1.71699 2.50212
0.334936 1.7231 2.50212
0.304813 1.72868 2.50212
0.274597 1.73373 2.50212
0.244297 1.73826 2.50212
0.213923 1.74226 2.50212
0.183484 1.74573 2.57145
0.152988 1.74867 2.57145
0.122447 1.75107 2.57145
0.0918677 1.75294 2.57145
0.0612607 1.75428 2.57145
0.030635 1.75508 2.57145
1.07484e-16 1.75535 2.6307
-0.030635 1.75508 2.6307
-0.0612607 1.75428 2.6307
-0.0918677 1.75294 2.6307
-0.122447 1.75107 2.6307
-0.152988 1.74867 2.6307
-0.183484 1.74573 2.6307
-0.213923 1.74226 2.67634
-0.244297 1.73826 2.67634
-0.274597 1.73373 2.67634
-0.304813 1.72868 2.67634
-0.334936 1.7231 2.67634
-0.364957 1.71699 2.67634
-0.394867 1.71036 2.67634
-0.424657 1.7032 2.70595
-0.454317 1.69553 2.70595
-0.483839 1.68735 2.70595
-0.513214 1.67865 2.70595
-0.542432 1.66943 2.70595
-0.571485 1.65971 2.70595
-0.600364 1.64949 2.71831
-0.62906 1.63876 2.71831
-0.657564 1.62753 2.71831
-0.685868 1.6158 2.71831
-0.713964 1.60359 2.71831
-0.741841 1.59088 2.71831
-0.769493 1.57769 2.71831
-0.79691 1.56402 2.71354
-0.824085 1.54988 2.71354
-0.851009 1.53526 2.71354
-0.877673 1.52017 2.71354
-0.90407 1.50463 2.71354
-0.930192 1.48862 2.71354
-0.95603 1.47216 2.71354
-0.981577 1.45525 2.69295
-1.00683 1.4379 2.69295
-1.03177 1.4201 2.69295
-1.05639 1.40188 2.69295
-1.0807 1.38323 2.69295
-1.10468 1.36416 2.69295
-1.12831 1.34467 2.65903
-1.15161 1.32478 2.65903
-1.17456 1.30448 2.65903
-1.19714 1.28378 2.65903
-1.21937 1.26269 2.65903
-1.24122 1.24122 2.65903
-1.26269 1.21937 2.65903
-1.28378 1.19714 2.61534
-1.30448 1.17456 2.61534
-1.32478 1.15161 2.61534
-1.34467 1.12831 2.61534
-1.36416 1.10468 2.61534
-1.38323 1.0807 2.61534
-1.40188 1.05639 2.61534
-1.4201 1.03177 2.56625
-1.4379 1.00683 2.56625
-1.45525 0.981577 2.56625
-1.47216 0.95603 2.56625
-1.48862 0.930192 2.56625
-1.50463 0.90407 2.56625
-1.52017 0.877673 2.51664
-1.53526 0.851009 2.51664
-1.54988 0.824085 2.51664
-1.56402 0.79691 2.51664
-1.57769 0.769493 2.51664
-1.59088 0.741841 2.51664
-1.60359 0.713964 2.51664
-1.6158 0.685868 2.47148
-1.62753 0.657564 2.47148
-1.63876 0.62906 2.47148
-1.64949 0.600364 2.47148
-1.65971 0.571485 2.47148
-1.66943 0.542432 2.47148
-1.67865 0.513214 2.47148
-1.68735 0.483839 2.43532
-1.69553 0.454317 2.43532
-1.7032 0.424657 2.43532
-1.71036 0.394867 2.43532
-1.71699 0.364957 2.43532
-1.7231 0.334936 2.43532
-1.72868 0.304813 2.41188
-1.73373 0.274597 2.41188
-1.73826 0.244297 2.41188
-1.74226 0.213923 2.41188
-1.74573 0.183484 2.41188
-1.74867 0.152988 2.41188
-1.75107 0.122447 2.41188
-1.75294 0.0918677 2.40352
-1.75428 0.0612607 2.40352
-1.75508 0.030635 2.40352
-1.75535 2.14968e-16 2.40352
-1.75508 -0.030635 2.40352
-1.75428 -0.0612607 2.40352
-1.75294 -0.0918677 2.40352
-1.75107 -0.122447 2.41101
-1.74867 -0.152988 2.41101
-1.74573 -0.183484 2.41101
-1.74226 -0.213923 2.41101
-1.73826 -0.244297 2.41101
-1.73373 -0.274597 2.41101
-1.72868 -0.304813 2.41101
-1.7231 -0.334936 2.43346
-1.71699 -0.364957 2.43346
-1.71036 -0.394867 2.43346
-1.7032 -0.424657 2.43346
-1.69553 -0.454317 2.43346
-1.68735 -0.483839 2.43346
-1.67865 -0.513214 2.46837
-1.66943 -0.542432 2.46837
-1.65971 -0.571485 2.46837
-1.64949 -0.600364 2.46837
-1.63876 -0.62906 2.46837
-1.62753 -0.657564 2.46837
-1.6158 -0.685868 2.46837
-1.60359 -0.713964 2.51195
-1.59088 -0.741841 2.51195
-1.57769 -0.769493 2.51195
-1.56402 -0.79691 2.51195
-1.54988 -0.824085 2.51195
-1.53526 -0.851009 2.51195
-1.52017 -0.877673 2.51195
-1.50463 -0.90407 2.55958
-1.48862 -0.930192 2.55958
-1.47216 -0.95603 2.55958
-1.45525 -0.981577 2.55958
-1.4379 -1.00683 2.55958
-1.4201 -1.03177 2.55958
-1.40188 -1.05639 2.60627
-1.38323 -1.0807 2.60627
-1.36416 -1.10468 2.60627
-1.34467 -1.12831 2.60627
-1.32478 -1.15161 2.60627
-1.30448 -1.17456 2.60627
-1.28378 -1.19714 2.60627
-1.26269 -1.21937 2.6472
-1.24122 -1.24122 2.6472
-1.21937 -1.26269 2.6472
-1.19714 -1.28378 2.6472
-1.17456 -1.30448 2.6472
-1.15161 -1.32478 2.6472
-1.12831 -1.34467 2.6472
-1.10468 -1.36416 2.67808
-1.0807 -1.38323 2.67808
-1.05639 -1.40188 2.67808
-1.03177 -1.4201 2.67808
-1.00683 -1.4379 2.67808
-0.981577 -1.45525 2.67808
-0.95603 -1.47216 2.6955
-0.930192 -1.48862 2.6955
-0.90407 -1.50463 2.6955
-0.877673 -1.52017 2.6955
-0.851009 -1.53526 2.6955
-0.824085 -1.54988 2.6955
-0.79691 -1.56402 2.6955
-0.769493 -1.57769 2.69715
-0.741841 -1.59088 2.69715
-0.713964 -1.60359 2.69715
-0.685868 -1.6158 2.69715
-0.657564 -1.62753 2.69715
-0.62906 -1.63876 2.69715
-0.600364 -1.64949 2.69715
-0.571485 -1.65971 2.6819
-0.542432 -1.66943 2.6819
-0.513214 -1.67865 2.6819
-0.483839 -1.68735 2.6819
-0.454317 -1.69553 2.6819
-0.424657 -1.7032 2.6819
-0.394867 -1.71036 2.64985
-0.364957 -1.71699 2.64985
-0.334936 -1.7231 2.64985
-0.304813 -1.72868 2.64985
-0.274597 -1.73373 2.64985
-0.244297 -1.73826 2.64985
-0.213923 -1.74226 2.64985
-0.183484 -1.74573 2.60235
-0.152988 -1.74867 2.60235
-0.122447 -1.75107 2.60235
-0.0918677 -1.75294 2.60235
-0.0612607 -1.75428 2.60235
-0.030635 -1.75508 2.60235
-3.22452e-16 -1.75535 2.60235
0.030635 -1.75508 2.54198
0.0612607 -1.75428 2.54198
0.0918677 -1.75294 2.54198
0.122447 -1.75107 2.54198
0.152988 -1.74867 2.54198
0.183484 -1.74573 2.54198
0.213923 -1.74226 2.47231
0.244297 -1.73826 2.47231
0.274597 -1.73373 2.47231
0.304813 -1.72868 2.47231
0.334936 -1.7231 2.47231
0.364957 -1.71699 2.47231
0.394867 -1.71036 2.47231
0.424657 -1.7032 2.39766
0.454317 -1.69553 2.39766
0.483839 -1.68735 2.39766
0.513214 -1.67865 2.39766
0.542432 -1.66943 2.39766
0.571485 -1.65971 2.39766
0.600364 -1.64949 2.39766
0.62906 -1.63876 2.3227
0.657564 -1.62753 2.3227
0.685868 -1.6158 2.3227
0.713964 -1.60359 2.3227
0.741841 -1.59088 2.3227
0.769493 -1.57769 2.3227
0.79691 -1.56402 2.25197
0.824085 -1.54988 2.25197
0.851009 -1.53526 2.25197
0.877673 -1.52017 2.25197
0.90407 -1.50463 2.25197
0.930192 -1.48862 2.25197
0.95603 -1.47216 2.25197
0.981577 -1.45525 2.18933
1.00683 -1.4379 2.18933
1.03177 -1.4201 2.18933
1.05639 -1.40188 2.18933
1.0807 -1.38323 2.18933
1.10468 -1.36416 2.18933
1.12831 -1.34467 2.18933
1.15161 -1.32478 2.13757
1.17456 -1.30448 2.13757
1.19714 -1.28378 2.13757
1.21937 -1.26269 2.13757
1.24122 -1.24122 2.13757
1.26269 -1.21937 2.13757
1.28378 -1.19714 2.09808
1.30448 -1.17456 2.09808
1.32478 -1.15161 2.09808
1.34467 -1.12831 2.09808
1.36416 -1.10468 2.09808
1.38323 -1.0807 2.09808
1.40188 -1.05639 2.09808
1.4201 -1.03177 2.07076
1.4379 -1.00683 2.07076
1.45525 -0.981577 2.07076
1.47216 -0.95603 2.07076
1.48862 -0.930192 2.07076
1.50463 -0.90407 2.07076
1.52017 -0.877673 2.07076
1.53526 -0.851009 2.05415
1.54988 -0.824085 2.05415
1.56402 -0.79691 2.05415
1.57769 -0.769493 2.05415
1.59088 -0.741841 2.05415
1.60359 -0.713964 2.05415
1.6158 -0.685868 2.04583
1.62753 -0.657564 2.04583
1.63876 -0.62906 2.04583
1.64949 -0.600364 2.04583
1.65971 -0.571485 2.04583
1.66943 -0.542432 2.04583
1.67865 -0.513214 2.04583
1.68735 -0.483839 2.04303
1.69553 -0.454317 2.04303
1.7032 -0.424657 2.04303
1.71036 -0.394867 2.04303
1.71699 -0.364957 2.04303
1.7231 -0.334936 2.04303
1.72868 -0.304813 2.04303
1.73373 -0.274597 2.04315
1.73826 -0.244297 2.04315
1.74226 -0.213923 2.04315
1.74573 -0.183484 2.04315
1.74867 -0.152988 2.04315
1.75107 -0.122447 2.04315
1.75294 -0.0918677 2.08261
1.75428 -0.0612607 2.08261
1.75508 -0.030635 2.08261

1.83513 0 2.04441
1.83485 0.0320275 2.04441
1.83402 0.0640453 2.04441
1.83262 0.0960435 2.04441
1.83066 0.128013 2.04617
1.82815 0.159943 2.04617
1.82508 0.191824 2.04617
1.82146 0.223647 2.04617
1.81728 0.255401 2.04617
1.81254 0.287078 2.04617
1.80725 0.318668 2.04909
1.80142 0.35016 2.04909
1.79503 0.381546 2.04909
1.7881 0.412815 2.04909
1.78062 0.443959 2.04909
1.7726 0.474968 2.04909
1.76404 0.505832 2.04909
1.75495 0.536541 2.05497
1.74532 0.567088 2.05497
1.73515 0.597461 2.05497
1.72446 0.627653 2.05497
1.71325 0.657653 2.05497
1.70151 0.687453 2.05497
1.68925 0.717044 2.05497
1.67648 0.746416 2.06639
1.6632 0.775561 2.06639
1.64941 0.80447 2.06639
1.63512 0.833134 2.06639
1.62033 0.861543 2.06639
1.60504 0.889691 2.06639
1.58927 0.917567 2.08612
1.57302 0.945164 2.08612
1.55628 0.972473 2.08612
1.53907 0.999486 2.08612
1.5214 1.02619 2.08612
1.50325 1.05259 2.08612
1.48465 1.07866 2.08612
1.4656 1.10441 2.1165
1.44611 1.12982 2.1165
1.42617 1.15489 2.1165
1.40579 1.1796 2.1165
1.38499 1.20396 2.1165
1.36377 1.22794 2.1165
1.34213 1.25156 2.1165
1.32009 1.27479 2.15892
1.29764 1.29764 2.15892
1.27479 1.32009 2.15892
1.25156 1.34213 2.15892
1.22794 1.36377 2.15892
1.20396 1.38499 2.15892
1.1796 1.40579 2.21338
1.15489 1.42617 2.21338
1.12982 1.44611 2.21338
1.10441 1.4656 2.21338
1.07866 1.48465 2.21338
1.05259 1.50325 2.21338
1.02619 1.5214 2.21338
0.999486 1.53907 2.27834
0.972473 1.55628 2.27834
0.945164 1.57302 2.27834
0.917567 1.58927 2.27834
0.889691 1.60504 2.27834
0.861543 1.62033 2.27834
0.833134 1.63512 2.27834
0.80447 1.64941 2.35089
0.775561 1.6632 2.35089
0.746416 1.67648 2.35089
0.717044 1.68925 2.35089
0.687453 1.70151 2.35089
0.657653 1.71325 2.35089
0.627653 1.72446 2.42703
0.597461 1.73515 2.42703
0.567088 1.74532 2.42703
0.536541 1.75495 2.42703
0.505832 1.76404 2.42703
0.474968 1.7726 2.42703
0.443959 1.78062 2.42703
0.412815 1.7881 2.50212
0.381546 1.79503 2.50212
0.35016 1.80142 2.50212
0.318668 1.80725 2.50212
0.287078 1.81254 2.50212
0.255401 1.81728 2.50212
0.223647 1.82146 2.50212
0.191824 1.82508 2.57145
0.159943 1.82815 2.57145
0.128013 1.83066 2.57145
0.0960435 1.83262 2.57145
0.0640453 1.83402 2.57145
0.0320275 1.83485 2.57145
1.1237e-16 1.83513 2.6307
-0.0320275 1.83485 2.6307
-0.0640453 1.83402 2.6307
-0.0960435 1.83262 2.6307
-0.128013 1.83066 2.6307
-0.159943 1.82815 2.6307
-0.191824 1.82508 2.6307
-0.223647 1.82146 2.67634
-0.255401 1.81728 2.67634
-0.287078 1.81254 2.67634
-0.318668 1.80725 2.67634
-0.35016 1.80142 2.67634
-0.381546 1.79503 2.67634
-0.412815 1.7881 2.67634
-0.443959 1.78062 2.70595
-0.474968 1.7726 2.70595
-0.505832 1.76404 2.70595
-0.536541 1.75495 2.70595
-0.567088 1.74532 2.70595
-0.597461 1.73515 2.70595
-0.627653 1.72446 2.71831
-0.657653 1.71325 2.71831
-0.687453 1.70151 2.71831
-0.717044 1.68925 2.71831
-0.746416 1.67648 2.71831
-0.775561 1.6632 2.71831
-0.80447 1.64941 2.71831
-0.833134 1.63512 2.71354
-0.861543 1.62033 2.71354
-0.889691 1.60504 2.71354
-0.917567 1.58927 2.71354
-0.945164 1.57302 2.71354
-0.972473 1.55628 2.71354
-0.999486 1.53907 2.71354
-1.02619 1.5214 2.69295
-1.05259 1.50325 2.69295
-1.07866 1.48465 2.69295
-1.10441 1.4656 2.69295
-1.12982 1.44611 2.69295
-1.15489 1.42617 2.69295
-1.1796 1.40579 2.65903
-1.20396 1.38499 2.65903
-1.22794 1.36377 2.65903
-1.25156 1.34213 2.65903
-1.27479 1.32009 2.65903
-1.29764 1.29764 2.65903
-1.32009 1.27479 2.65903
-1.34213 1.25156 2.61534
-1.36377 1.22794 2.61534
-1.38499 1.20396 2.61534
-1.40579 1.1796 2.61534
-1.42617 1.15489 2.61534
-1.44611 1.12982 2.61534
-1.4656 1.10441 2.61534
-1.48465 1.07866 2.56625
-1.50325 1.05259 2.56625
-1.5214 1.02619 2.56625
-1.53907 0.999486 2.56625
-1.55628 0.972473 2.56625
-1.57302 0.945164 2.56625
-1.58927 0.917567 2.51664
-1.60504 0.889691 2.51664
-1.62033 0.861543 2.51664
-1.63512 0.833134 2.51664
-1.64941 0.80447 2.51664
-1.6632 0.775561 2.51664
-1.67648 0.746416 2.51664
-1.68925 0.717044 2.47148
-1.70151 0.687453 2.47148
-1.71325 0.657653 2.47148
-1.72446 0.627653 2.47148
-1.73515 0.597461 2.47148
-1.74532 0.567088 2.47148
-1.75495 0.536541 2.47148
-1.76404 0.505832 2.43532
-1.7726 0.474968 2.43532
-1.78062 0.443959 2.43532
-1.7881 0.412815 2.43532
-1.79503 0.381546 2.43532
-1.80142 0.35016 2.43532
-1.80725 0.318668 2.41188
-1.81254 0.287078 2.41188
-1.81728 0.255401 2.41188
-1.82146 0.223647 2.41188
-1.82508 0.191824 2.41188
-1.82815 0.159943 2.41188
-1.83066 0.128013 2.41188
-1.83262 0.0960435 2.40352
-1.83402 0.0640453 2.40352
-1.83485 0.0320275 2.40352
-1.83513 2.24739e-16 2.40352
-1.83485 -0.0320275 2.40352
-1.83402 -0.0640453 2.40352
-1.83262 -0.0960435 2.40352
-1.83066 -0.128013 2.41101
-1.82815 -0.159943 2.41101
-1.82508 -0.191824 2.41101
-1.82146 -0.223647 2.41101
-1.81728 -0.255401 2.41101
-1.81254 -0.287078 2.41101
-1.80725 -0.318668 2.41101
-1.80142 -0.35016 2.43346
-1.79503 -0.381546 2.43346
-1.7881 -0.412815 2.43346
-1.78062 -0.443959 2.43346
-1.7726 -0.474968 2.43346
-1.76404 -0.505832 2.43346
-1.75495 -0.536541 2.46837
-1.74532 -0.567088 2.46837
-1.73515 -0.597461 2.46837
-1.72446 -0.627653 2.46837
-1.71325 -0.657653 2.46837
-1.70151 -0.687453 2.46837
-1.68925 -0.717044 2.46837
-1.67648 -0.746416 2.51195
-1.6632 -0.775561 2.51195
-1.64941 -0.80447 2.51195
-1.63512 -0.833134 2.51195
-1.62033 -0.861543 2.51195
-1.60504 -0.889691 2.51195
-1.58927 -0.917567 2.51195
-1.57302 -0.945164 2.55958
-1.55628 -0.972473 2.55958
-1.53907 -0.999486 2.55958
-1.5214 -1.02619 2.55958
-1.50325 -1.05259 2.55958
-1.48465 -1.07866 2.55958
-1.4656 -1.10441 2.60627
-1.44611 -1.12982 2.60627
-1.42617 -1.15489 2.60627
-1.40579 -1.1796 2.60627
-1.38499 -1.20396 2.60627
-1.36377 -1.22794 2.60627
-1.34213 -1.25156 2.60627
-1.32009 -1.27479 2.6472
-1.29764 -1.29764 2.6472
-1.27479 -1.32009 2.6472
-1.25156 -1.34213 2.6472
-1.22794 -1.36377 2.6472
-1.20396 -1.38499 2.6472
-1.1796 -1.40579 2.6472
-1.15489 -1.42617 2.67808
-1.12982 -1.44611 2.67808
-1.10441 -1.4656 2.67808
-1.07866 -1.48465 2.67808
-1.05259 -1.50325 2.67808
-1.02619 -1.5214 2.67808
-0.999486 -1.53907 2.6955
-0.972473 -1.55628 2.6955
-0.945164 -1.57302 2.6955
-0.917567 -1.58927 2.6955
-0.889691 -1.60504 2.6955
-0.861543 -1.62033 2.6955
-0.833134 -1.63512 2.6955
-0.80447 -1.64941 2.69715
-0.775561 -1.6632 2.69715
-0.746416 -1.67648 2.69715
-0.717044 -1.68925 2.69715
-0.687453 -1.70151 2.69715
-0.657653 -1.71325 2.69715
-0.627653 -1.72446 2.69715
-0.597461 -1.73515 2.6819
-0.567088 -1.74532 2.6819
-0.536541 -1.75495 2.6819
-0.505832 -1.76404 2.6819
-0.474968 -1.7726 2.6819
-0.443959 -1.78062 2.6819
-0.412815 -1.7881 2.64985
-0.381546 -1.79503 2.64985
-0.35016 -1.80142 2.64985
-0.318668 -1.80725 2.64985
-0.287078 -1.81254 2.64985
-0.255401 -1.81728 2.64985
-0.223647 -1.82146 2.64985
-0.191824 -1.82508 2.60235
-0.159943 -1.82815 2.60235
-0.128013 -1.83066 2.60235
-0.0960435 -1.83262 2.60235
-0.0640453 -1.83402 2.60235
-0.0320275 -1.83485 2.60235
-3.37109e-16 -1.83513 2.60235
0.0320275 -1.83485 2.54198
0.0640453 -1.83402 2.54198
0.0960435 -1.83262 2.54198
0.128013 -1.83066 2.54198
0.159943 -1.82815 2.54198
0.191824 -1.82508 2.54198
0.223647 -1.82146 2.47231
0.255401 -1.81728 2.47231
0.287078 -1.81254 2.47231
0.318668 -1.80725 2.47231
0.35016 -1.80142 2.47231
0.381546 -1.79503 2.47231
0.412815 -1.7881 2.47231
0.443959 -1.78062 2.39766
0.474968 -1.7726 2.39766
0.505832 -1.76404 2.39766
0.536541 -1.75495 2.39766
0.567088 -1.74532 2.39766
0.597461 -1.73515 2.39766
0.627653 -1.72446 2.39766
0.657653 -1.71325 2.3227
0.687453 -1.70151 2.3227
0.717044 -1.68925 2.3227
0.746416 -1.67648 2.3227
0.775561 -1.6632 2.3227
0.80447 -1.64941 2.3227
0.833134 -1.63512 2.25197
0.861543 -1.62033 2.25197
0.889691 -1.60504 2.25197
0.917567 -1.58927 2.25197
0.945164 -1.57302 2.25197
0.972473 -1.55628 2.25197
0.999486 -1.53907 2.25197
1.02619 -1.5214 2.18933
1.05259 -1.50325 2.18933
1.07866 -1.48465 2.18933
1.10441 -1.4656 2.18933
1.12982 -1.44611 2.18933
1.15489 -1.42617 2.18933
1.1796 -1.40579 2.18933
1.20396 -1.38499 2.13757
1.22794 -1.36377 2.13757
1.25156 -1.34213 2.13757
1.27479 -1.32009 2.13757
1.29764 -1.29764 2.13757
1.32009 -1.27479 2.13757
1.34213 -1.25156 2.09808
1.36377 -1.22794 2.09808
1.38499 -1.20396 2.09808
1.40579 -1.1796 2.09808
1.42617 -1.15489 2.09808
1.44611 -1.12982 2.09808
1.4656 -1.10441 2.09808
1.48465 -1.07866 2.07076
1.50325 -1.05259 2.07076
1.5214 -1.02619 2.07076
1.53907 -0.999486 2.07076
1.55628 -0.972473 2.07076
1.57302 -0.945164 2.07076
1.58927 -0.917567 2.07076
1.60504 -0.889691 2.05415
1.62033 -0.861543 2.05415
1.63512 -0.833134 2.05415
1.64941 -0.80447 2.05415
1.6632 -0.775561 2.05415
1.67648 -0.746416 2.05415
1.68925 -0.717044 2.04583
1.70151 -0.687453 2.04583
1.71325 -0.657653 2.04583
1.72446 -0.627653 2.04583
1.73515 -0.597461 2.04583
1.74532 -0.567088 2.04583
1.75495 -0.536541 2.04583
1.76404 -0.505832 2.04303
1.7726 -0.474968 2.04303
1.78062 -0.443959 2.04303
1.7881 -0.412815 2.04303
1.79503 -0.381546 2.04303
1.80142 -0.35016 2.04303
1.80725 -0.318668 2.04303
1.81254 -0.287078 2.04315
1.81728 -0.255401 2.04315
1.82146 -0.223647 2.04315
1.82508 -0.191824 2.04315
1.82815 -0.159943 2.04315
1.83066 -0.128013 2.04315
1.83262 -0.0960435 2.08261
1.83402 -0.0640453 2.08261
1.83485 -0.0320275 2.08261

1.91492 0 2.0099
1.91463 0.03342 2.0099
1.91376 0.0668298 2.0099
1.9123 0.100219 2.01048
1.91026 0.133578 2.01048
1.90764 0.166897 2.01048
1.90443 0.200164 2.01048
1.90065 0.23337 2.01048
1.89629 0.266506 2.01048
1.89135 0.29956 2.01002
1.88583 0.332523 2.01002
1.87974 0.365385 2.01002
1.87308 0.398135 2.01002
1.86584 0.430764 2.01002
1.85804 0.463262 2.01002
1.84967 0.495619 2.01038
1.84074 0.527824 2.01038
1.83125 0.559869 2.01038
1.8212 0.591744 2.01038
1.8106 0.623438 2.01038
1.79944 0.654942 2.01038
1.78773 0.686247 2.01431
1.77549 0.717343 2.01431
1.7627 0.74822 2.01431
1.74937 0.778869 2.01431
1.73551 0.809281 2.01431
1.72112 0.839447 2.01431
1.70621 0.869357 2.02495
1.69078 0.899002 2.02495
1.67483 0.928373 2.02495
1.65837 0.957461 2.02495
1.64141 0.986258 2.02495
1.62395 1.01475 2.02495
1.60599 1.04294 2.04534
1.58754 1.07081 2.04534
1.56861 1.09835 2.04534
1.54921 1.12556 2.04534
1.52933 1.15243 2.04534
1.50898 1.17894 2.04534
1.48817 1.2051 2.07779
1.46692 1.23089 2.07779
1.44521 1.2563 2.07779
1.42307 1.28133 2.07779
1.40049 1.30597 2.07779
1.37748 1.33022 2.07779
1.35406 1.35406 2.12356
1.33022 1.37748 2.12356
1.30597 1.40049 2.12356
1.28133 1.42307 2.12356
1.2563 1.44521 2.12356
1.23089 1.46692 2.12356
1.2051 1.48817 2.18249
1.17894 1.50898 2.18249
1.15243 1.52933 2.18249
1.12556 1.54921 2.18249
1.09835 1.56861 2.18249
1.07081 1.58754 2.18249
1.04294 1.60599 2.25299
1.01475 1.62395 2.25299
0.986258 1.64141 2.25299
0.957461 1.65837 2.25299
0.928373 1.67483 2.25299
0.899002 1.69078 2.25299
0.869357 1.70621 2.33217
0.839447 1.72112 2.33217
0.809281 1.73551 2.33217
0.778869 1.74937 2.33217
0.74822 1.7627 2.33217
0.717343 1.77549 2.33217
0.686247 1.78773 2.41613
0.654942 1.79944 2.41613
0.623438 1.8106 2.41613
0.591744 1.8212 2.41613
0.559869 1.83125 2.41613
0.527824 1.84074 2.41613
0.495619 1.84967 2.50039
0.463262 1.85804 2.50039
0.430764 1.86584 2.50039
0.398135 1.87308 2.50039
0.365385 1.87974 2.50039
0.332523 1.88583 2.50039
0.29956 1.89135 2.58031
0.266506 1.89629 2.58031
0.23337 1.90065 2.58031
0.200164 1.90443 2.58031
0.166897 1.90764 2.58031
0.133578 1.91026 2.58031
0.100219 1.9123 2.65155
0.0668298 1.91376 2.65155
0.03342 1.91463 2.65155
1.17255e-16 1.91492 2.65155
-0.03342 1.91463 2.65155
-0.0668298 1.91376 2.65155
-0.100219 1.9123 2.71037
-0.133578 1.91026 2.71037
-0.166897 1.90764 2.71037
-0.200164 1.90443 2.71037
-0.23337 1.90065 2.71037
-0.266506 1.89629 2.71037
-0.29956 1.89135 2.7539
-0.332523 1.88583 2.7539
-0.365385 1.87974 2.7539
-0.398135 1.87308 2.7539
-0.430764 1.86584 2.7539
-0.463262 1.85804 2.7539
-0.495619 1.84967 2.78029
-0.527824 1.84074 2.78029
-0.559869 1.83125 2.78029
-0.591744 1.8212 2.78029
-0.623438 1.8106 2.78029
-0.654942 1.79944 2.78029
-0.686247 1.78773 2.78872
-0.717343 1.77549 2.78872
-0.74822 1.7627 2.78872
-0.778869 1.74937 2.78872
-0.809281 1.73551 2.78872
-0.839447 1.72112 2.78872
-0.869357 1.70621 2.77949
-0.899002 1.69078 2.77949
-0.928373 1.67483 2.77949
-0.957461 1.65837 2.77949
-0.986258 1.64141 2.77949
-1.01475 1.62395 2.77949
-1.04294 1.60599 2.75387
-1.07081 1.58754 2.75387
-1.09835 1.56861 2.75387
-1.12556 1.54921 2.75387
-1.15243 1.52933 2.75387
-1.17894 1.50898 2.75387
-1.2051 1.48817 2.7141
-1.23089 1.46692 2.7141
-1.2563 1.44521 2.7141
-1.28133 1.42307 2.7141
-1.30597 1.40049 2.7141
-1.33022 1.37748 2.7141
-1.35406 1.35406 2.66333
-1.37748 1.33022 2.66333
-1.40049 1.30597 2.66333
-1.42307 1.28133 2.66333
-1.44521 1.2563 2.66333
-1.46692 1.23089 2.66333
-1.48817 1.2051 2.60549
-1.50898 1.17894 2.60549
-1.52933 1.15243 2.60549
-1.54921 1.12556 2.60549
-1.56861 1.09835 2.60549
-1.58754 1.07081 2.60549
-1.60599 1.04294 2.54507
-1.62395 1.01475 2.54507
-1.64141 0.986258 2.54507
-1.65837 0.957461 2.54507
-1.67483 0.928373 2.54507
-1.69078 0.899002 2.54507
-1.70621 0.869357 2.48685
-1.72112 0.839447 2.48685
-1.73551 0.809281 2.48685
-1.74937 0.778869 2.48685
-1.7627 0.74822 2.48685
-1.77549 0.717343 2.48685
-1.78773 0.686247 2.43554
-1.79944 0.654942 2.43554
-1.8106 0.623438 2.43554
-1.8212 0.591744 2.43554
-1.83125 0.559869 2.43554
-1.84074 0.527824 2.43554
-1.84967 0.495619 2.39539
-1.85804 0.463262 2.39539
-1.86584 0.430764 2.39539
-1.87308 0.398135 2.39539
-1.87974 0.365385 2.39539
-1.88583 0.332523 2.39539
-1.89135 0.29956 2.36977
-1.89629 0.266506 2.36977
-1.90065 0.23337 2.36977
-1.90443 0.200164 2.36977
-1.90764 0.166897 2.36977
-1.91026 0.133578 2.36977
-1.9123 0.100219 2.36083
-1.91376 0.0668298 2.36083
-1.91463 0.03342 2.36083
-1.91492 2.3451e-16 2.36083
-1.91463 -0.03342 2.36083
-1.91376 -0.0668298 2.36083
-1.9123 -0.100219 2.36083
-1.91026 -0.133578 2.36925
-1.90764 -0.166897 2.36925
-1.90443 -0.200164 2.36925
-1.90065 -0.23337 2.36925
-1.89629 -0.266506 2.36925
-1.89135 -0.29956 2.36925
-1.88583 -0.332523 2.39423
-1.87974 -0.365385 2.39423
-1.87308 -0.398135 2.39423
-1.86584 -0.430764 2.39423
-1.85804 -0.463262 2.39423
-1.84967 -0.495619 2.39423
-1.84074 -0.527824 2.43348
-1.83125 -0.559869 2.43348
-1.8212 -0.591744 2.43348
-1.8106 -0.623438 2.43348
-1.79944 -0.654942 2.43348
-1.78773 -0.686247 2.43348
-1.77549 -0.717343 2.48354
-1.7627 -0.74822 2.48354
-1.74937 -0.778869 2.48354
-1.73551 -0.809281 2.48354
-1.72112 -0.839447 2.48354
-1.70621 -0.869357 2.48354
-1.69078 -0.899002 2.5401
-1.67483 -0.928373 2.5401
-1.65837 -0.957461 2.5401
-1.64141 -0.986258 2.5401
-1.62395 -1.01475 2.5401
-1.60599 -1.04294 2.5401
-1.58754 -1.07081 2.59839
-1.56861 -1.09835 2.59839
-1.54921 -1.12556 2.59839
-1.52933 -1.15243 2.59839
-1.50898 -1.17894 2.59839
-1.48817 -1.2051 2.59839
-1.46692 -1.23089 2.65365
-1.44521 -1.2563 2.65365
-1.42307 -1.28133 2.65365
-1.40049 -1.30597 2.65365
-1.37748 -1.33022 2.65365
-1.35406 -1.35406 2.65365
-1.33022 -1.37748 2.70142
-1.30597 -1.40049 2.70142
-1.28133 -1.42307 2.70142
-1.2563 -1.44521 2.70142
-1.23089 -1.46692 2.70142
-1.2051 -1.48817 2.70142
-1.17894 -1.50898 2.73788
-1.15243 -1.52933 2.73788
-1.12556 -1.54921 2.73788
-1.09835 -1.56861 2.73788
-1.07081 -1.58754 2.73788
-1.04294 -1.60599 2.73788
-1.01475 -1.62395 2.76002
-0.986258 -1.64141 2.76002
-0.957461 -1.65837 2.76002
-0.928373 -1.67483 2.76002
-0.899002 -1.69078 2.76002
-0.869357 -1.70621 2.76002
-0.839447 -1.72112 2.76577
-0.809281 -1.73551 2.76577
-0.778869 -1.74937 2.76577
-0.74822 -1.7627 2.76577
-0.717343 -1.77549 2.76577
-0.686247 -1.78773 2.76577
-0.654942 -1.79944 2.75405
-0.623438 -1.8106 2.75405
-0.591744 -1.8212 2.75405
-0.559869 -1.83125 2.75405
-0.527824 -1.84074 2.75405
-0.495619 -1.84967 2.75405
-0.463262 -1.85804 2.72478
-0.430764 -1.86584 2.72478
-0.398135 -1.87308 2.72478
-0.365385 -1.87974 2.72478
-0.332523 -1.88583 2.72478
-0.29956 -1.89135 2.72478
-0.266506 -1.89629 2.67891
-0.23337 -1.90065 2.67891
-0.200164 -1.90443 2.67891
-0.166897 -1.90764 2.67891
-0.133578 -1.91026 2.67891
-0.100219 -1.9123 2.67891
-0.0668298 -1.91376 2.61845
-0.03342 -1.91463 2.61845
-3.51766e-16 -1.91492 2.61845
0.03342 -1.91463 2.61845
0.0668298 -1.91376 2.61845
0.100219 -1.9123 2.61845
0.133578 -1.91026 2.54635
0.166897 -1.90764 2.54635
0.200164 -1.90443 2.54635
0.23337 -1.90065 2.54635
0.266506 -1.89629 2.54635
0.29956 -1.89135 2.54635
0.332523 -1.88583 2.46637
0.365385 -1.87974 2.46637
0.398135 -1.87308 2.46637
0.430764 -1.86584 2.46637
0.463262 -1.85804 2.46637
0.495619 -1.84967 2.46637
0.527824 -1.84074 2.38285
0.559869 -1.83125 2.38285
0.591744 -1.8212 2.38285
0.623438 -1.8106 2.38285
0.654942 -1.79944 2.38285
0.686247 -1.78773 2.38285
0.717343 -1.77549 2.30033
0.74822 -1.7627 2.30033
0.778869 -1.74937 2.30033
0.809281 -1.73551 2.30033
0.839447 -1.72112 2.30033
0.869357 -1.70621 2.30033
0.899002 -1.69078 2.22321
0.928373 -1.67483 2.22321
0.957461 -1.65837 2.22321
0.986258 -1.64141 2.22321
1.01475 -1.62395 2.22321
1.04294 -1.60599 2.22321
1.07081 -1.58754 2.15523
1.09835 -1.56861 2.15523
1.12556 -1.54921 2.15523
1.15243 -1.52933 2.15523
1.17894 -1.50898 2.15523
1.2051 -1.48817 2.15523
1.23089 -1.46692 2.09915
1.2563 -1.44521 2.09915
1.28133 -1.42307 2.09915
1.30597 -1.40049 2.09915
1.33022 -1.37748 2.09915
1.35406 -1.35406 2.09915
1.37748 -1.33022 2.05644
1.40049 -1.30597 2.05644
1.42307 -1.28133 2.05644
1.44521 -1.2563 2.05644
1.46692 -1.23089 2.05644
1.48817 -1.2051 2.05644
1.50898 -1.17894 2.02714
1.52933 -1.15243 2.02714
1.54921 -1.12556 2.02714
1.56861 -1.09835 2.02714
1.58754 -1.07081 2.02714
1.60599 -1.04294 2.02714
1.62395 -1.01475 2.00993
1.64141 -0.986258 2.00993
1.65837 -0.957461 2.00993
1.67483 -0.928373 2.00993
1.69078 -0.899002 2.00993
1.70621 -0.869357 2.00993
1.72112 -0.839447 2.00242
1.73551 -0.809281 2.00242
1.74937 -0.778869 2.00242
1.7627 -0.74822 2.00242
1.77549 -0.717343 2.00242
1.78773 -0.686247 2.00242
1.79944 -0.654942 2.00156
1.8106 -0.623438 2.00156
1.8212 -0.591744 2.00156
1.83125 -0.559869 2.00156
1.84074 -0.527824 2.00156
1.84967 -0.495619 2.00156
1.85804 -0.463262 2.00419
1.86584 -0.430764 2.00419
1.87308 -0.398135 2.00419
1.87974 -0.365385 2.00419
1.88583 -0.332523 2.00419
1.89135 -0.29956 2.00419
1.89629 -0.266506 2.00758
1.90065 -0.23337 2.00758
1.90443 -0.200164 2.00758
1.90764 -0.166897 2.00758
1.91026 -0.133578 2.00758
1.9123 -0.100219 2.00758
1.91376 -0.0668298 2.04441
1.91463 -0.03342 2.04441

1.99471 0 2.0099
1.99441 0.0348125 2.0099
1.9935 0.0696144 2.0099
1.99198 0.104395 2.01048
1.98985 0.139144 2.01048
1.98712 0.173851 2.01048
1.98378 0.208504 2.01048
1.97984 0.243094 2.01048
1.9753 0.27761 2.01048
1.97015 0.312042 2.01002
1.96441 0.346378 2.01002
1.95806 0.380609 2.01002
1.95112 0.414724 2.01002
1.94359 0.448712 2.01002
1.93546 0.482564 2.01002
1.92674 0.516269 2.01038
1.91744 0.549817 2.01038
1.90755 0.583197 2.01038
1.89708 0.6164 2.01038
1.88604 0.649415 2.01038
1.87442 0.682231 2.01038
1.86222 0.714841 2.01431
1.84946 0.747232 2.01431
1.83614 0.779396 2.01431
1.82226 0.811322 2.01431
1.80782 0.843001 2.01431
1.79283 0.874424 2.01431
1.7773 0.90558 2.02495
1.76123 0.93646 2.02495
1.74461 0.967055 2.02495
1.72747 0.997356 2.02495
1.7098 1.02735 2.02495
1.69161 1.05704 2.02495
1.67291 1.0864 2.04534
1.65369 1.11543 2.04534
1.63397 1.14412 2.04534
1.61376 1.17246 2.04534
1.59305 1.20045 2.04534
1.57185 1.22807 2.04534
1.55018 1.25531 2.07779
1.52804 1.28218 2.07779
1.50543 1.30865 2.07779
1.48236 1.33472 2.07779
1.45884 1.36039 2.07779
1.43488 1.38564 2.07779
1.41047 1.41047 2.12356
1.38564 1.43488 2.12356
1.36039 1.45884 2.12356
1.33472 1.48236 2.12356
1.30865 1.50543 2.12356
1.28218 1.52804 2.12356
1.25531 1.55018 2.18249
1.22807 1.57185 2.18249
1.20045 1.59305 2.18249
1.17246 1.61376 2.18249
1.14412 1.63397 2.18249
1.11543 1.65369 2.18249
1.0864 1.67291 2.25299
1.05704 1.69161 2.25299
1.02735 1.7098 2.25299
0.997356 1.72747 2.25299
0.967055 1.74461 2.25299
0.93646 1.76123 2.25299
0.90558 1.7773 2.33217
0.874424 1.79283 2.33217
0.843001 1.80782 2.33217
0.811322 1.82226 2.33217
0.779396 1.83614 2.33217
0.747232 1.84946 2.33217
0.714841 1.86222 2.41613
0.682231 1.87442 2.41613
0.649415 1.88604 2.41613
0.6164 1.89708 2.41613
0.583197 1.90755 2.41613
0.549817 1.91744 2.41613
0.516269 1.92674 2.50039
0.482564 1.93546 2.50039
0.448712 1.94359 2.50039
0.414724 1.95112 2.50039
0.380609 1.95806 2.50039
0.346378 1.96441 2.50039
0.312042 1.97015 2.58031
0.27761 1.9753 2.58031
0.243094 1.97984 2.58031
0.208504 1.98378 2.58031
0.173851 1.98712 2.58031
0.139144 1.98985 2.58031
0.104395 1.99198 2.65155
0.0696144 1.9935 2.65155
0.0348125 1.99441 2.65155
1.22141e-16 1.99471 2.65155
-0.0348125 1.99441 2.65155
-0.0696144 1.9935 2.65155
-0.104395 1.99198 2.71037
-0.139144 1.98985 2.71037
-0.173851 1.98712 2.71037
-0.208504 1.98378 2.71037
-0.243094 1.97984 2.71037
-0.27761 1.9753 2.71037
-0.312042 1.97015 2.7539
-0.346378 1.96441 2.7539
-0.380609 1.95806 2.7539
-0.414724 1.95112 2.7539
-0.448712 1.94359 2.7539
-0.482564 1.93546 2.7539
-0.516269 1.92674 2.78029
-0.549817 1.91744 2.78029
-0.583197 1.90755 2.78029
-0.6164 1.89708 2.78029
-0.649415 1.88604 2.78029
-0.682231 1.87442 2.78029
-0.714841 1.86222 2.78872
-0.747232 1.84946 2.78872
-0.779396 1.83614 2.78872
-0.811322 1.82226 2.78872
-0.843001 1.80782 2.78872
-0.874424 1.79283 2.78872
-0.90558 1.7773 2.77949
-0.93646 1.76123 2.77949
-0.967055 1.74461 2.77949
-0.997356 1.72747 2.77949
-1.02735 1.7098 2.77949
-1.05704 1.69161 2.77949
-1.0864 1.67291 2.75387
-1.11543 1.65369 2.75387
-1.14412 1.63397 2.75387
-1.17246 1.61376 2.75387
-1.20045 1.59305 2.75387
-1.22807 1.57185 2.75387
-1.25531 1.55018 2.7141
-1.28218 1.52804 2.7141
-1.30865 1.50543 2.7141
-1.33472 1.48236 2.7141
-1.36039 1.45884 2.7141
-1.38564 1.43488 2.7141
-1.41047 1.41047 2.66333
-1.43488 1.38564 2.66333
-1.45884 1.36039 2.66333
-1.48236 1.33472 2.66333
-1.50543 1.30865 2.66333
-1.52804 1.28218 2.66333
-1.55018 1.25531 2.60549
-1.57185 1.22807 2.60549
-1.59305 1.20045 2.60549
-1.61376 1.17246 2.60549
-1.63397 1.14412 2.60549
-1.65369 1.11543 2.60549
-1.67291 1.0864 2.54507
-1.69161 1.05704 2.54507
-1.7098 1.02735 2.54507
-1.72747 0.997356 2.54507
-1.74461 0.967055 2.54507
-1.76123 0.93646 2.54507
-1.7773 0.90558 2.48685
-1.79283 0.874424 2.48685
-1.80782 0.843001 2.48685
-1.82226 0.811322 2.48685
-1.83614 0.779396 2.48685
-1.84946 0.747232 2.48685
-1.86222 0.714841 2.43554
-1.87442 0.682231 2.43554
-1.88604 0.649415 2.43554
-1.89708 0.6164 2.43554
-1.90755 0.583197 2.43554
-1.91744 0.549817 2.43554
-1.92674 0.516269 2.39539
-1.93546 0.482564 2.39539
-1.94359 0.448712 2.39539
-1.95112 0.414724 2.39539
-1.95806 0.380609 2.39539
-1.96441 0.346378 2.39539
-1.97015 0.312042 2.36977
-1.9753 0.27761 2.36977
-1.97984 0.243094 2.36977
-1.98378 0.208504 2.36977
-1.98712 0.173851 2.36977
-1.98985 0.139144 2.36977
-1.99198 0.104395 2.36083
-1.9935 0.0696144 2.36083
-1.99441 0.0348125 2.36083
-1.99471 2.44282e-16 2.36083
-1.99441 -0.0348125 2.36083
-1.9935 -0.0696144 2.36083
-1.99198 -0.104395 2.36083
-1.98985 -0.139144 2.36925
-1.98712 -0.173851 2.36925
-1.98378 -0.208504 2.36925
-1.97984 -0.243094 2.36925
-1.9753 -0.27761 2.36925
-1.97015 -0.312042 2.36925
-1.96441 -0.346378 2.39423
-1.95806 -0.380609 2.39423
-1.95112 -0.414724 2.39423
-1.94359 -0.448712 2.39423
-1.93546 -0.482564 2.39423
-1.92674 -0.516269 2.39423
-1.91744 -0.549817 2.43348
-1.90755 -0.583197 2.43348
-1.89708 -0.6164 2.43348
-1.88604 -0.649415 2.43348
-1.87442 -0.682231 2.43348
-1.86222 -0.714841 2.43348
-1.84946 -0.747232 2.48354
-1.83614 -0.779396 2.48354
-1.82226 -0.811322 2.48354
-1.80782 -0.843001 2.48354
-1.79283 -0.874424 2.48354
-1.7773 -0.90558 2.48354
-1.76123 -0.93646 2.5401
-1.74461 -0.967055 2.5401
-1.72747 -0.997356 2.5401
-1.7098 -1.02735 2.5401
-1.69161 -1.05704 2.5401
-1.67291 -1.0864 2.5401
-1.65369 -1.11543 2.59839
-1.63397 -1.14412 2.59839
-1.61376 -1.17246 2.59839
-1.59305 -1.20045 2.59839
-1.57185 -1.22807 2.59839
-1.55018 -1.25531 2.59839
-1.52804 -1.28218 2.65365
-1.50543 -1.30865 2.65365
-1.48236 -1.33472 2.65365
-1.45884 -1.36039 2.65365
-1.43488 -1.38564 2.65365
-1.41047 -1.41047 2.65365
-1.38564 -1.43488 2.70142
-1.36039 -1.45884 2.70142
-1.33472 -1.48236 2.70142
-1.30865 -1.50543 2.70142
-1.28218 -1.52804 2.70142
-1.25531 -1.55018 2.70142
-1.22807 -1.57185 2.73788
-1.20045 -1.59305 2.73788
-1.17246 -1.61376 2.73788
-1.14412 -1.63397 2.73788
-1.11543 -1.65369 2.73788
-1.0864 -1.67291 2.73788
-1.05704 -1.69161 2.76002
-1.02735 -1.7098 2.76002
-0.997356 -1.72747 2.76002
-0.967055 -1.74461 2.76002
-0.93646 -1.76123 2.76002
-0.90558 -1.7773 2.76002
-0.874424 -1.79283 2.76577
-0.843001 -1.80782 2.76577
-0.811322 -1.82226 2.76577
-0.779396 -1.83614 2.76577
-0.747232 -1.84946 2.76577
-0.714841 -1.86222 2.76577
-0.682231 -1.87442 2.75405
-0.649415 -1.88604 2.75405
-0.6164 -1.89708 2.75405
-0.583197 -1.90755 2.75405
-0.549817 -1.91744 2.75405
-0.516269 -1.92674 2.75405
-0.482564 -1.93546 2.72478
-0.448712 -1.94359 2.72478
-0.414724 -1.95112 2.72478
-0.380609 -1.95806 2.72478
-0.346378 -1.96441 2.72478
-0.312042 -1.97015 2.72478
-0.27761 -1.9753 2.67891
-0.243094 -1.97984 2.67891
-0.208504 -1.98378 2.67891
-0.173851 -1.98712 2.67891
-0.139144 -1.98985 2.67891
-0.104395 -1.99198 2.67891
-0.0696144 -1.9935 2.61845
-0.0348125 -1.99441 2.61845
-3.66423e-16 -1.99471 2.61845
0.0348125 -1.99441 2.61845
0.0696144 -1.9935 2.61845
0.104395 -1.99198 2.61845
0.139144 -1.98985 2.54635
0.173851 -1.98712 2.54635
0.208504 -1.98378 2.54635
0.243094 -1.97984 2.54635
0.27761 -1.9753 2.54635
0.312042 -1.97015 2.54635
0.346378 -1.96441 2.46637
0.380609 -1.95806 2.46637
0.414724 -1.95112 2.46637
0.448712 -1.94359 2.46637
0.482564 -1.93546 2.46637
0.516269 -1.92674 2.46637
0.549817 -1.91744 2.38285
0.583197 -1.90755 2.38285
0.6164 -1.89708 2.38285
0.649415 -1.88604 2.38285
0.682231 -1.87442 2.38285
0.714841 -1.86222 2.38285
0.747232 -1.84946 2.30033
0.779396 -1.83614 2.30033
0.811322 -1.82226 2.30033
0.843001 -1.80782 2.30033
0.874424 -1.79283 2.30033
0.90558 -1.7773 2.30033
0.93646 -1.76123 2.22321
0.967055 -1.74461 2.22321
0.997356 -1.72747 2.22321
1.02735 -1.7098 2.22321
1.05704 -1.69161 2.22321
1.0864 -1.67291 2.22321
1.11543 -1.65369 2.15523
1.14412 -1.63397 2.15523
1.17246 -1.61376 2.15523
1.20045 -1.59305 2.15523
1.22807 -1.57185 2.15523
1.25531 -1.55018 2.15523
1.28218 -1.52804 2.09915
1.30865 -1.50543 2.09915
1.33472 -1.48236 2.09915
1.36039 -1.45884 2.09915
1.38564 -1.43488 2.09915
1.41047 -1.41047 2.09915
1.43488 -1.38564 2.05644
1.45884 -1.36039 2.05644
1.48236 -1.33472 2.05644
1.50543 -1.30865 2.05644
1.52804 -1.28218 2.05644
1.55018 -1.25531 2.05644
1.57185 -1.22807 2.02714
1.59305 -1.20045 2.02714
1.61376 -1.17246 2.02714
1.63397 -1.14412 2.02714
1.65369 -1.11543 2.02714
1.67291 -1.0864 2.02714
1.69161 -1.05704 2.00993
1.7098 -1.02735 2.00993
1.72747 -0.997356 2.00993
1.74461 -0.967055 2.00993
1.76123 -0.93646 2.00993
1.7773 -0.90558 2.00993
1.79283 -0.874424 2.00242
1.80782 -0.843001 2.00242
1.82226 -0.811322 2.00242
1.83614 -0.779396 2.00242
1.84946 -0.747232 2.00242
1.86222 -0.714841 2.00242
1.87442 -0.682231 2.00156
1.88604 -0.649415 2.00156
1.89708 -0.6164 2.00156
1.90755 -0.583197 2.00156
1.91744 -0.549817 2.00156
1.92674 -0.516269 2.00156
1.93546 -0.482564 2.00419
1.94359 -0.448712 2.00419
1.95112 -0.414724 2.00419
1.95806 -0.380609 2.00419
1.96441 -0.346378 2.00419
1.97015 -0.312042 2.00419
1.9753 -0.27761 2.00758
1.97984 -0.243094 2.00758
1.98378 -0.208504 2.00758
1.98712 -0.173851 2.00758
1.98985 -0.139144 2.00758
1.99198 -0.104395 2.00758
1.9935 -0.0696144 2.04441
1.99441 -0.0348125 2.04441

2.0745 0 2.0099
2.07418 0.036205 2.0099
2.07324 0.072399 2.0099
2.07166 0.108571 2.01048
2.06945 0.14471 2.01048
2.06661 0.180805 2.01048
2.06314 0.216844 2.01048
2.05904 0.252818 2.01048
2.05431 0.288715 2.01048
2.04896 0.324523 2.01002
2.04298 0.360233 2.01002
2.03639 0.395833 2.01002
2.02917 0.431313 2.01002
2.02133 0.466661 2.01002
2.01288 0.501867 2.01002
2.00381 0.53692 2.01038
1.99414 0.57181 2.01038
1.98385 0.606525 2.01038
1.97297 0.641056 2.01038
1.96148 0.675391 2.01038
1.94939 0.709521 2.01038
1.93671 0.743434 2.01431
1.92344 0.777121 2.01431
1.90959 0.810572 2.01431
1.89515 0.843775 2.01431
1.88014 0.876722 2.01431
1.86455 0.909401 2.01431
1.84839 0.941803 2.02495
1.83167 0.973919 2.02495
1.8144 1.00574 2.02495
1.79657 1.03725 2.02495
1.77819 1.06845 2.02495
1.75928 1.09932 2.02495
1.73982 1.12985 2.04534
1.71984 1.16005 2.04534
1.69933 1.18988 2.04534
1.67831 1.21936 2.04534
1.65677 1.24847 2.04534
1.63473 1.27719 2.04534
1.61219 1.30553 2.07779
1.58916 1.33346 2.07779
1.56564 1.36099 2.07779
1.54165 1.38811 2.07779
1.51719 1.41481 2.07779
1.49227 1.44107 2.07779
1.46689 1.46689 2.12356
1.44107 1.49227 2.12356
1.41481 1.51719 2.12356
1.38811 1.54165 2.12356
1.36099 1.56564 2.12356
1.33346 1.58916 2.12356
1.30553 1.61219 2.18249
1.27719 1.63473 2.18249
1.24847 1.65677 2.18249
1.21936 1.67831 2.18249
1.18988 1.69933 2.18249
1.16005 1.71984 2.18249
1.12985 1.73982 2.25299
1.09932 1.75928 2.25299
1.06845 1.77819 2.25299
1.03725 1.79657 2.25299
1.00574 1.8144 2.25299
0.973919 1.83167 2.25299
0.941803 1.84839 2.33217
0.909401 1.86455 2.33217
0.876722 1.88014 2.33217
0.843775 1.89515 2.33217
0.810572 1.90959 2.33217
0.777121 1.92344 2.33217
0.743434 1.93671 2.41613
0.709521 1.94939 2.41613
0.675391 1.96148 2.41613
0.641056 1.97297 2.41613
0.606525 1.98385 2.41613
0.57181 1.99414 2.41613
0.53692 2.00381 2.50039
0.501867 2.01288 2.50039
0.466661 2.02133 2.50039
0.431313 2.02917 2.50039
0.395833 2.03639 2.50039
0.360233 2.04298 2.50039
0.324523 2.04896 2.58031
0.288715 2.05431 2.58031
0.252818 2.05904 2.58031
0.216844 2.06314 2.58031
0.180805 2.06661 2.58031
0.14471 2.06945 2.58031
0.108571 2.07166 2.65155
0.072399 2.07324 2.65155
0.036205 2.07418 2.65155
1.27026e-16 2.0745 2.65155
-0.036205 2.07418 2.65155
-0.072399 2.07324 2.65155
-0.108571 2.07166 2.71037
-0.14471 2.06945 2.71037
-0.180805 2.06661 2.71037
-0.216844 2.06314 2.71037
-0.252818 2.05904 2.71037
-0.288715 2.05431 2.71037
-0.324523 2.04896 2.7539
-0.360233 2.04298 2.7539
-0.395833 2.03639 2.7539
-0.431313 2.02917 2.7539
-0.466661 2.02133 2.7539
-0.501867 2.01288 2.7539
-0.53692 2.00381 2.78029
-0.57181 1.99414 2.78029
-0.606525 1.98385 2.78029
-0.641056 1.97297 2.78029
-0.675391 1.96148 2.78029
-0.709521 1.94939 2.78029
-0.743434 1.93671 2.78872
-0.777121 1.92344 2.78872
-0.810572 1.90959 2.78872
-0.843775 1.89515 2.78872
-0.876722 1.88014 2.78872
-0.909401 1.86455 2.78872
-0.941803 1.84839 2.77949
-0.973919 1.83167 2.77949
-1.00574 1.8144 2.77949
-1.03725 1.79657 2.77949
-1.06845 1.77819 2.77949
-1.09932 1.75928 2.77949
-1.12985 1.73982 2.75387
-1.16005 1.71984 2.75387
-1.18988 1.69933 2.75387
-1.21936 1.67831 2.75387
-1.24847 1.65677 2.75387
-1.27719 1.63473 2.75387
-1.30553 1.61219 2.7141
-1.33346 1.58916 2.7141
-1.36099 1.56564 2.7141
-1.38811 1.54165 2.7141
-1.41481 1.51719 2.7141
-1.44107 1.49227 2.7141
-1.46689 1.46689 2.66333
-1.49227 1.44107 2.66333
-1.51719 1.41481 2.66333
-1.54165 1.38811 2.66333
-1.56564 1.36099 2.66333
-1.58916 1.33346 2.66333
-1.61219 1.30553 2.60549
-1.63473 1.27719 2.60549
-1.65677 1.24847 2.60549
-1.67831 1.21936 2.60549
-1.69933 1.18988 2.60549
-1.71984 1.16005 2.60549
-1.73982 1.12985 2.54507
-1.75928 1.09932 2.54507
-1.77819 1.06845 2.54507
-1.79657 1.03725 2.54507
-1.8144 1.00574 2.54507
-1.83167 0.973919 2.54507
-1.84839 0.941803 2.48685
-1.86455 0.909401 2.48685
-1.88014 0.876722 2.48685
-1.89515 0.843775 2.48685
-1.90959 0.810572 2.48685
-1.92344 0.777121 2.48685
-1.93671 0.743434 2.43554
-1.94939 0.709521 2.43554
-1.96148 0.675391 2.43554
-1.97297 0.641056 2.43554
-1.98385 0.606525 2.43554
-1.99414 0.57181 2.43554
-2.00381 0.53692 2.39539
-2.01288 0.501867 2.39539
-2.02133 0.466661 2.39539
-2.02917 0.431313 2.39539
-2.03639 0.395833 2.39539
-2.04298 0.360233 2.39539
-2.04896 0.324523 2.36977
-2.05431 0.288715 2.36977
-2.05904 0.252818 2.36977
-2.06314 0.216844 2.36977
-2.06661 0.180805 2.36977
-2.06945 0.14471 2.36977
-2.07166 0.108571 2.36083
-2.07324 0.072399 2.36083
-2.07418 0.036205 2.36083
-2.0745 2.54053e-16 2.36083
-2.07418 -0.036205 2.36083
-2.07324 -0.072399 2.36083
-2.07166 -0.108571 2.36083
-2.06945 -0.14471 2.36925
-2.06661 -0.180805 2.36925
-2.06314 -0.216844 2.36925
-2.05904 -0.252818 2.36925
-2.05431 -0.288715 2.36925
-2.04896 -0.324523 2.36925
-2.04298 -0.360233 2.39423
-2.03639 -0.395833 2.39423
-2.02917 -0.431313 2.39423
-2.02133 -0.466661 2.39423
-2.01288 -0.501867 2.39423
-2.00381 -0.53692 2.39423
-1.99414 -0.57181 2.43348
-1.98385 -0.606525 2.43348
-1.97297 -0.641056 2.43348
-1.96148 -0.675391 2.43348
-1.94939 -0.709521 2.43348
-1.93671 -0.743434 2.43348
-1.92344 -0.777121 2.48354
-1.90959 -0.810572 2.48354
-1.89515 -0.843775 2.48354
-1.88014 -0.876722 2.48354
-1.86455 -0.909401 2.48354
-1.84839 -0.941803 2.48354
-1.83167 -0.973919 2.5401
-1.8144 -1.00574 2.5401
-1.79657 -1.03725 2.5401
-1.77819 -1.06845 2.5401
-1.75928 -1.09932 2.5401
-1.73982 -1.12985 2.5401
-1.71984 -1.16005 2.59839
-1.69933 -1.18988 2.59839
-1.67831 -1.21936 2.59839
-1.65677 -1.24847 2.59839
-1.63473 -1.27719 2.59839
-1.61219 -1.30553 2.59839
-1.58916 -1.33346 2.65365
-1.56564 -1.36099 2.65365
-1.54165 -1.38811 2.65365
-1.51719 -1.41481 2.65365
-1.49227 -1.44107 2.65365
-1.46689 -1.46689 2.65365
-1.44107 -1.49227 2.70142
-1.41481 -1.51719 2.70142
-1.38811 -1.54165 2.70142
-1.36099 -1.56564 2.70142
-1.33346 -1.58916 2.70142
-1.30553 -1.61219 2.70142
-1.27719 -1.63473 2.73788
-1.24847 -1.65677 2.73788
-1.21936 -1.67831 2.73788
-1.18988 -1.69933 2.73788
-1.16005 -1.71984 2.73788
-1.12985 -1.73982 2.73788
-1.09932 -1.75928 2.76002
-1.06845 -1.77819 2.76002
-1.03725 -1.79657 2.76002
-1.00574 -1.8144 2.76002
-0.973919 -1.83167 2.76002
-0.941803 -1.84839 2.76002
-0.909401 -1.86455 2.76577
-0.876722 -1.88014 2.76577
-0.843775 -1.89515 2.76577
-0.810572 -1.90959 2.76577
-0.777121 -1.92344 2.76577
-0.743434 -1.93671 2.76577
-0.709521 -1.94939 2.75405
-0.675391 -1.96148 2.75405
-0.641056 -1.97297 2.75405
-0.606525 -1.98385 2.75405
-0.57181 -1.99414 2.75405
-0.53692 -2.00381 2.75405
-0.501867 -2.01288 2.72478
-0.466661 -2.02133 2.72478
-0.431313 -2.02917 2.72478
-0.395833 -2.03639 2.72478
-0.360233 -2.04298 2.72478
-0.324523 -2.04896 2.72478
-0.288715 -2.05431 2.67891
-0.252818 -2.05904 2.67891
-0.216844 -2.06314 2.67891
-0.180805 -2.06661 2.67891
-0.14471 -2.06945 2.67891
-0.108571 -2.07166 2.67891
-0.072399 -2.07324 2.61845
-0.036205 -2.07418 2.61845
-3.81079e-16 -2.0745 2.61845
0.036205 -2.07418 2.61845
0.072399 -2.07324 2.61845
0.108571 -2.07166 2.61845
0.14471 -2.06945 2.54635
0.180805 -2.06661 2.54635
0.216844 -2.06314 2.54635
0.252818 -2.05904 2.54635
0.288715 -2.05431 2.54635
0.324523 -2.04896 2.54635
0.360233 -2.04298 2.46637
0.395833 -2.03639 2.46637
0.431313 -2.02917 2.46637
0.466661 -2.02133 2.46637
0.501867 -2.01288 2.46637
0.53692 -2.00381 2.46637
0.57181 -1.99414 2.38285
0.606525 -1.98385 2.38285
0.641056 -1.97297 2.38285
0.675391 -1.96148 2.38285
0.709521 -1.94939 2.38285
0.743434 -1.93671 2.38285
0.777121 -1.92344 2.30033
0.810572 -1.90959 2.30033
0.843775 -1.89515 2.30033
0.876722 -1.88014 2.30033
0.909401 -1.86455 2.30033
0.941803 -1.84839 2.30033
0.973919 -1.83167 2.22321
1.00574 -1.8144 2.22321
1.03725 -1.79657 2.22321
1.06845 -1.77819 2.22321
1.09932 -1.75928 2.22321
1.12985 -1.73982 2.22321
1.16005 -1.71984 2.15523
1.18988 -1.69933 2.15523
1.21936 -1.67831 2.15523
1.24847 -1.65677 2.15523
1.27719 -1.63473 2.15523
1.30553 -1.61219 2.15523
1.33346 -1.58916 2.09915
1.36099 -1.56564 2.09915
1.38811 -1.54165 2.09915
1.41481 -1.51719 2.09915
1.44107 -1.49227 2.09915
1.46689 -1.46689 2.09915
1.49227 -1.44107 2.05644
1.51719 -1.41481 2.05644
1.54165 -1.38811 2.05644
1.56564 -1.36099 2.05644
1.58916 -1.33346 2.05644
1.61219 -1.30553 2.05644
1.63473 -1.27719 2.02714
1.65677 -1.24847 2.02714
1.67831 -1.21936 2.02714
1.69933 -1.18988 2.02714
1.71984 -1.16005 2.02714
1.73982 -1.12985 2.02714
1.75928 -1.09932 2.00993
1.77819 -1.06845 2.00993
1.79657 -1.03725 2.00993
1.8144 -1.00574 2.00993
1.83167 -0.973919 2.00993
1.84839 -0.941803 2.00993
1.86455 -0.909401 2.00242
1.88014 -0.876722 2.00242
1.89515 -0.843775 2.00242
1.90959 -0.810572 2.00242
1.92344 -0.777121 2.00242
1.93671 -0.743434 2.00242
1.94939 -0.709521 2.00156
1.96148 -0.675391 2.00156
1.97297 -0.641056 2.00156
1.98385 -0.606525 2.00156
1.99414 -0.57181 2.00156
2.00381 -0.53692 2.00156
2.01288 -0.501867 2.00419
2.02133 -0.466661 2.00419
2.02917 -0.431313 2.00419
2.03639 -0.395833 2.00419
2.04298 -0.360233 2.00419
2.04896 -0.324523 2.00419
2.05431 -0.288715 2.00758
2.05904 -0.252818 2.00758
2.06314 -0.216844 2.00758
2.06661 -0.180805 2.00758
2.06945 -0.14471 2.00758
2.07166 -0.108571 2.00758
2.07324 -0.072399 2.04441
2.07418 -0.036205 2.04441

2.15429 0 1.98025
2.15396 0.0375975 1.98025
2.15298 0.0751836 1.98025
2.15134 0.112747 1.97964
2.14904 0.150276 1.97964
2.14609 0.187759 1.97964
2.14249 0.225184 1.97964
2.13823 0.262542 1.97964
2.13332 0.299819 1.97964
2.12777 0.337005 1.97573
2.12156 0.374088 1.97573
2.11471 0.411058 1.97573
2.10721 0.447902 1.97573
2.09907 0.484609 1.97573
2.0903 0.52117 1.97043
2.08088 0.557571 1.97043
2.07083 0.593802 1.97043
2.06016 0.629853 1.97043
2.04885 0.665712 1.97043
2.03692 0.701368 1.97043
2.02437 0.73681 1.9666
2.0112 0.772028 1.9666
1.99742 0.807011 1.9666
1.98303 0.841748 1.9666
1.96804 0.876228 1.9666
1.95245 0.910442 1.96766
1.93626 0.944378 1.96766
1.91948 0.978026 1.96766
1.90212 1.01138 1.96766
1.88418 1.04442 1.96766
1.86567 1.07714 1.97712
1.84659 1.10954 1.97712
1.82694 1.1416 1.97712
1.80674 1.17331 1.97712
1.78599 1.20466 1.97712
1.76469 1.23565 1.97712
1.74286 1.26626 1.99806
1.72049 1.29648 1.99806
1.6976 1.32631 1.99806
1.6742 1.35574 1.99806
1.65028 1.38475 1.99806
1.62586 1.41334 2.03271
1.60095 1.4415 2.03271
1.57555 1.46922 2.03271
1.54967 1.49649 2.03271
1.52331 1.52331 2.03271
1.49649 1.54967 2.03271
1.46922 1.57555 2.0821
1.4415 1.60095 2.0821
1.41334 1.62586 2.0821
1.38475 1.65028 2.0821
1.35574 1.6742 2.0821
1.32631 1.6976 2.14592
1.29648 1.72049 2.14592
1.26626 1.74286 2.14592
1.23565 1.76469 2.14592
1.20466 1.78599 2.14592
1.17331 1.80674 2.14592
1.1416 1.82694 2.22246
1.10954 1.84659 2.22246
1.07714 1.86567 2.22246
1.04442 1.88418 2.22246
1.01138 1.90212 2.22246
0.978026 1.91948 2.30878
0.944378 1.93626 2.30878
0.910442 1.95245 2.30878
0.876228 1.96804 2.30878
0.841748 1.98303 2.30878
0.807011 1.99742 2.30878
0.772028 2.0112 2.40105
0.73681 2.02437 2.40105
0.701368 2.03692 2.40105
0.665712 2.04885 2.40105
0.629853 2.06016 2.40105
0.593802 2.07083 2.49486
0.557571 2.08088 2.49486
0.52117 2.0903 2.49486
0.484609 2.09907 2.49486
0.447902 2.10721 2.49486
0.411058 2.11471 2.49486
0.374088 2.12156 2.58564
0.337005 2.12777 2.58564
0.299819 2.13332 2.58564
0.262542 2.13823 2.58564
0.225184 2.14249 2.58564
0.187759 2.14609 2.66902
0.150276 2.14904 2.66902
0.112747 2.15134 2.66902
0.0751836 2.15298 2.66902
0.0375975 2.15396 2.66902
1.31912e-16 2.15429 2.74113
-0.0375975 2.15396 2.74113
-0.0751836 2.15298 2.74113
-0.112747 2.15134 2.74113
-0.150276 2.14904 2.74113
-0.187759 2.14609 2.74113
-0.225184 2.14249 2.79884
-0.262542 2.13823 2.79884
-0.299819 2.13332 2.79884
-0.337005 2.12777 2.79884
-0.374088 2.12156 2.79884
-0.411058 2.11471 2.83986
-0.447902 2.10721 2.83986
-0.484609 2.09907 2.83986
-0.52117 2.0903 2.83986
-0.557571 2.08088 2.83986
-0.593802 2.07083 2.83986
-0.629853 2.06016 2.86281
-0.665712 2.04885 2.86281
-0.701368 2.03692 2.86281
-0.73681 2.02437 2.86281
-0.772028 2.0112 2.86281
-0.807011 1.99742 2.86721
-0.841748 1.98303 2.86721
-0.876228 1.96804 2.86721
-0.910442 1.95245 2.86721
-0.944378 1.93626 2.86721
-0.978026 1.91948 2.86721
-1.01138 1.90212 2.85346
-1.04442 1.88418 2.85346
-1.07714 1.86567 2.85346
-1.10954 1.84659 2.85346
-1.1416 1.82694 2.85346
-1.17331 1.80674 2.8228
-1.20466 1.78599 2.8228
-1.23565 1.76469 2.8228
-1.26626 1.74286 2.8228
-1.29648 1.72049 2.8228
-1.32631 1.6976 2.8228
-1.35574 1.6742 2.77722
-1.38475 1.65028 2.77722
-1.41334 1.62586 2.77722
-1.4415 1.60095 2.77722
-1.46922 1.57555 2.77722
-1.49649 1.54967 2.71952
-1.52331 1.52331 2.71952
-1.54967 1.49649 2.71952
-1.57555 1.46922 2.71952
-1.60095 1.4415 2.71952
-1.62586 1.41334 2.71952
-1.65028 1.38475 2.6532
-1.6742 1.35574 2.6532
-1.6976 1.32631 2.6532
-1.72049 1.29648 2.6532
-1.74286 1.26626 2.6532
-1.76469 1.23565 2.58237
-1.78599 1.20466 2.58237
-1.80674 1.17331 2.58237
-1.82694 1.1416 2.58237
-1.84659 1.10954 2.58237
-1.86567 1.07714 2.51152
-1.88418 1.04442 2.51152
-1.90212 1.01138 2.51152
-1.91948 0.978026 2.51152
-1.93626 0.944378 2.51152
-1.95245 0.910442 2.51152
-1.96804 0.876228 2.4453
-1.98303 0.841748 2.4453
-1.99742 0.807011 2.4453
-2.0112 0.772028 2.4453
-2.02437 0.73681 2.4453
-2.03692 0.701368 2.38822
-2.04885 0.665712 2.38822
-2.06016 0.629853 2.38822
-2.07083 0.593802 2.38822
-2.08088 0.557571 2.38822
-2.0903 0.52117 2.38822
-2.09907 0.484609 2.34425
-2.10721 0.447902 2.34425
-2.11471 0.411058 2.34425
-2.12156 0.374088 2.34425
-2.12777 0.337005 2.34425
-2.13332 0.299819 2.31653
-2.13823 0.262542 2.31653
-2.14249 0.225184 2.31653
-2.14609 0.187759 2.31653
-2.14904 0.150276 2.31653
-2.15134 0.112747 2.31653
-2.15298 0.0751836 2.30702
-2.15396 0.0375975 2.30702
-2.15429 2.63824e-16 2.30702
-2.15396 -0.0375975 2.30702
-2.15298 -0.0751836 2.30702
-2.15134 -0.112747 2.31637
-2.14904 -0.150276 2.31637
-2.14609 -0.187759 2.31637
-2.14249 -0.225184 2.31637
-2.13823 -0.262542 2.31637
-2.13332 -0.299819 2.31637
-2.12777 -0.337005 2.34382
-2.12156 -0.374088 2.34382
-2.11471 -0.411058 2.34382
-2.10721 -0.447902 2.34382
-2.09907 -0.484609 2.34382
-2.0903 -0.52117 2.38726
-2.08088 -0.557571 2.38726
-2.07083 -0.593802 2.38726
-2.06016 -0.629853 2.38726
-2.04885 -0.665712 2.38726
-2.03692 -0.701368 2.38726
-2.02437 -0.73681 2.44347
-2.0112 -0.772028 2.44347
-1.99742 -0.807011 2.44347
-1.98303 -0.841748 2.44347
-1.96804 -0.876228 2.44347
-1.95245 -0.910442 2.50839
-1.93626 -0.944378 2.50839
-1.91948 -0.978026 2.50839
-1.90212 -1.01138 2.50839
-1.88418 -1.04442 2.50839
-1.86567 -1.07714 2.50839
-1.84659 -1.10954 2.57745
-1.82694 -1.1416 2.57745
-1.80674 -1.17331 2.57745
-1.78599 -1.20466 2.57745
-1.76469 -1.23565 2.57745
-1.74286 -1.26626 2.64597
-1.72049 -1.29648 2.64597
-1.6976 -1.32631 2.64597
-1.6742 -1.35574 2.64597
-1.65028 -1.38475 2.64597
-1.62586 -1.41334 2.70946
-1.60095 -1.4415 2.70946
-1.57555 -1.46922 2.70946
-1.54967 -1.49649 2.70946
-1.52331 -1.52331 2.70946
-1.49649 -1.54967 2.70946
-1.46922 -1.57555 2.76389
-1.4415 -1.60095 2.76389
-1.41334 -1.62586 2.76389
-1.38475 -1.65028 2.76389
-1.35574 -1.6742 2.76389
-1.32631 -1.6976 2.80585
-1.29648 -1.72049 2.80585
-1.26626 -1.74286 2.80585
-1.23565 -1.76469 2.80585
-1.20466 -1.78599 2.80585
-1.17331 -1.80674 2.80585
-1.1416 -1.82694 2.83269
-1.10954 -1.84659 2.83269
-1.07714 -1.86567 2.83269
-1.04442 -1.88418 2.83269
-1.01138 -1.90212 2.83269
-0.978026 -1.91948 2.84258
-0.944378 -1.93626 2.84258
-0.910442 -1.95245 2.84258
-0.876228 -1.96804 2.84258
-0.841748 -1.98303 2.84258
-0.807011 -1.99742 2.84258
-0.772028 -2.0112 2.83447
-0.73681 -2.02437 2.83447
-0.701368 -2.03692 2.83447
-0.665712 -2.04885 2.83447
-0.629853 -2.06016 2.83447
-0.593802 -2.07083 2.80816
-0.557571 -2.08088 2.80816
-0.52117 -2.0903 2.80816
-0.484609 -2.09907 2.80816
-0.447902 -2.10721 2.80816
-0.411058 -2.11471 2.80816
-0.374088 -2.12156 2.7643
-0.337005 -2.12777 2.7643
-0.299819 -2.13332 2.7643
-0.262542 -2.13823 2.7643
-0.225184 -2.14249 2.7643
-0.187759 -2.14609 2.70443
-0.150276 -2.14904 2.70443
-0.112747 -2.15134 2.70443
-0.0751836 -2.15298 2.70443
-0.0375975 -2.15396 2.70443
-3.95736e-16 -2.15429 2.70443
0.0375975 -2.15396 2.63093
0.0751836 -2.15298 2.63093
0.112747 -2.15134 2.63093
0.150276 -2.14904 2.63093
0.187759 -2.14609 2.63093
0.225184 -2.14249 2.547
0.262542 -2.13823 2.547
0.299819 -2.13332 2.547
0.337005 -2.12777 2.547
0.374088 -2.12156 2.547
0.411058 -2.11471 2.45648
0.447902 -2.10721 2.45648
0.484609 -2.09907 2.45648
0.52117 -2.0903 2.45648
0.557571 -2.08088 2.45648
0.593802 -2.07083 2.45648
0.629853 -2.06016 2.36372
0.665712 -2.04885 2.36372
0.701368 -2.03692 2.36372
0.73681 -2.02437 2.36372
0.772028 -2.0112 2.36372
0.807011 -1.99742 2.27318
0.841748 -1.98303 2.27318
0.876228 -1.96804 2.27318
0.910442 -1.95245 2.27318
0.944378 -1.93626 2.27318
0.978026 -1.91948 2.27318
1.01138 -1.90212 2.18917
1.04442 -1.88418 2.18917
1.07714 -1.86567 2.18917
1.10954 -1.84659 2.18917
1.1416 -1.82694 2.18917
1.17331 -1.80674 2.11539
1.20466 -1.78599 2.11539
1.23565 -1.76469 2.11539
1.26626 -1.74286 2.11539
1.29648 -1.72049 2.11539
1.32631 -1.6976 2.11539
1.35574 -1.6742 2.05462
1.38475 -1.65028 2.05462
1.41334 -1.62586 2.05462
1.4415 -1.60095 2.05462
1.46922 -1.57555 2.05462
1.49649 -1.54967 2.00845
1.52331 -1.52331 2.00845
1.54967 -1.49649 2.00845
1.57555 -1.46922 2.00845
1.60095 -1.4415 2.00845
1.62586 -1.41334 2.00845
1.65028 -1.38475 1.97709
1.6742 -1.35574 1.97709
1.6976 -1.32631 1.97709
1.72049 -1.29648 1.97709
1.74286 -1.26626 1.97709
1.76469 -1.23565 1.95942
1.78599 -1.20466 1.95942
1.80674 -1.17331 1.95942
1.82694 -1.1416 1.95942
1.84659 -1.10954 1.95942
1.86567 -1.07714 1.95942
1.88418 -1.04442 1.95316
1.90212 -1.01138 1.95316
1.91948 -0.978026 1.95316
1.93626 -0.944378 1.95316
1.95245 -0.910442 1.95316
1.96804 -0.876228 1.95519
1.98303 -0.841748 1.95519
1.99742 -0.807011 1.95519
2.0112 -0.772028 1.95519
2.02437 -0.73681 1.95519
2.03692 -0.701368 1.962
2.04885 -0.665712 1.962
2.06016 -0.629853 1.962
2.07083 -0.593802 1.962
2.08088 -0.557571 1.962
2.0903 -0.52117 1.962
2.09907 -0.484609 1.97017
2.10721 -0.447902 1.97017
2.11471 -0.411058 1.97017
2.12156 -0.374088 1.97017
2.12777 -0.337005 1.97017
2.13332 -0.299819 1.97688
2.13823 -0.262542 1.97688
2.14249 -0.225184 1.97688
2.14609 -0.187759 1.97688
2.14904 -0.150276 1.97688
2.15134 -0.112747 1.97688
2.15298 -0.0751836 2.0099
2.15396 -0.0375975 2.0099

2.23408 0 1.98025
2.23374 0.03899 1.98025
2.23272 0.0779682 1.98025
2.23102 0.116923 1.97964
2.22863 0.155841 1.97964
2.22558 0.194713 1.97964
2.22184 0.233525 1.97964
2.21742 0.272265 1.97964
2.21233 0.310923 1.97964
2.20657 0.349487 1.97573
2.20014 0.387943 1.97573
2.19303 0.426282 1.97573
2.18526 0.464491 1.97573
2.17682 0.502558 1.97573
2.16772 0.540472 1.97043
2.15795 0.578222 1.97043
2.14753 0.615795 1.97043
2.13646 0.653181 1.97043
2.12473 0.690368 1.97043
2.11236 0.727344 1.97043
2.09935 0.764099 1.9666
2.08569 0.800622 1.9666
2.0714 0.8369 1.9666
2.05648 0.872923 1.9666
2.04093 0.908681 1.9666
2.02476 0.944162 1.96766
2.00797 0.979355 1.96766
1.99058 1.01425 1.96766
1.97257 1.04884 1.96766
1.95397 1.0831 1.96766
1.93477 1.11704 1.97712
1.91498 1.15063 1.97712
1.8946 1.18388 1.97712
1.87365 1.21677 1.97712
1.85213 1.24928 1.97712
1.83005 1.28141 1.97712
1.80741 1.31316 1.99806
1.78421 1.3445 1.99806
1.76048 1.37544 1.99806
1.7362 1.40595 1.99806
1.7114 1.43604 1.99806
1.68608 1.46569 2.03271
1.66024 1.49489 2.03271
1.6339 1.52364 2.03271
1.60706 1.55192 2.03271
1.57973 1.57973 2.03271
1.55192 1.60706 2.03271
1.52364 1.6339 2.0821
1.49489 1.66024 2.0821
1.46569 1.68608 2.0821
1.43604 1.7114 2.0821
1.40595 1.7362 2.0821
1.37544 1.76048 2.14592
1.3445 1.78421 2.14592
1.31316 1.80741 2.14592
1.28141 1.83005 2.14592
1.24928 1.85213 2.14592
1.21677 1.87365 2.14592
1.18388 1.8946 2.22246
1.15063 1.91498 2.22246
1.11704 1.93477 2.22246
1.0831 1.95397 2.22246
1.04884 1.97257 2.22246
1.01425 1.99058 2.30878
0.979355 2.00797 2.30878
0.944162 2.02476 2.30878
0.908681 2.04093 2.30878
0.872923 2.05648 2.30878
0.8369 2.0714 2.30878
0.800622 2.08569 2.40105
0.764099 2.09935 2.40105
0.727344 2.11236 2.40105
0.690368 2.12473 2.40105
0.653181 2.13646 2.40105
0.615795 2.14753 2.49486
0.578222 2.15795 2.49486
0.540472 2.16772 2.49486
0.502558 2.17682 2.49486
0.464491 2.18526 2.49486
0.426282 2.19303 2.49486
0.387943 2.20014 2.58564
0.349487 2.20657 2.58564
0.310923 2.21233 2.58564
0.272265 2.21742 2.58564
0.233525 2.22184 2.58564
0.194713 2.22558 2.66902
0.155841 2.22863 2.66902
0.116923 2.23102 2.66902
0.0779682 2.23272 2.66902
0.03899 2.23374 2.66902
1.36798e-16 2.23408 2.74113
-0.03899 2.23374 2.74113
-0.0779682 2.23272 2.74113
-0.116923 2.23102 2.74113
-0.155841 2.22863 2.74113
-0.194713 2.22558 2.74113
-0.233525 2.22184 2.79884
-0.272265 2.21742 2.79884
-0.310923 2.21233 2.79884
-0.349487 2.20657 2.79884
-0.387943 2.20014 2.79884
-0.426282 2.19303 2.83986
-0.464491 2.18526 2.83986
-0.502558 2.17682 2.83986
-0.540472 2.16772 2.83986
-0.578222 2.15795 2.83986
-0.615795 2.14753 2.83986
-0.653181 2.13646 2.86281
-0.690368 2.12473 2.86281
-0.727344 2.11236 2.86281
-0.764099 2.09935 2.86281
-0.800622 2.08569 2.86281
-0.8369 2.0714 2.86721
-0.872923 2.05648 2.86721
-0.908681 2.04093 2.86721
-0.944162 2.02476 2.86721
-0.979355 2.00797 2.86721
-1.01425 1.99058 2.86721
-1.04884 1.97257 2.85346
-1.0831 1.95397 2.85346
-1.11704 1.93477 2.85346
-1.15063 1.91498 2.85346
-1.18388 1.8946 2.85346
-1.21677 1.87365 2.8228
-1.24928 1.85213 2.8228
-1.28141 1.83005 2.8228
-1.31316 1.80741 2.8228
-1.3445 1.78421 2.8228
-1.37544 1.76048 2.8228
-1.40595 1.7362 2.77722
-1.43604 1.7114 2.77722
-1.46569 1.68608 2.77722
-1.49489 1.66024 2.77722
-1.52364 1.6339 2.77722
-1.55192 1.60706 2.71952
-1.57973 1.57973 2.71952
-1.60706 1.55192 2.71952
-1.6339 1.52364 2.71952
-1.66024 1.49489 2.71952
-1.68608 1.46569 2.71952
-1.7114 1.43604 2.6532
-1.7362 1.40595 2.6532
-1.76048 1.37544 2.6532
-1.78421 1.3445 2.6532
-1.80741 1.31316 2.6532
-1.83005 1.28141 2.58237
-1.85213 1.24928 2.58237
-1.87365 1.21677 2.58237
-1.8946 1.18388 2.58237
-1.91498 1.15063 2.58237
-1.93477 1.11704 2.51152
-1.95397 1.0831 2.51152
-1.97257 1.04884 2.51152
-1.99058 1.01425 2.51152
-2.00797 0.979355 2.51152
-2.02476 0.944162 2.51152
-2.04093 0.908681 2.4453
-2.05648 0.872923 2.4453
-2.0714 0.8369 2.4453
-2.08569 0.800622 2.4453
-2.09935 0.764099 2.4453
-2.11236 0.727344 2.38822
-2.12473 0.690368 2.38822
-2.13646 0.653181 2.38822
-2.14753 0.615795 2.38822
-2.15795 0.578222 2.38822
-2.16772 0.540472 2.38822
-2.17682 0.502558 2.34425
-2.18526 0.464491 2.34425
-2.19303 0.426282 2.34425
-2.20014 0.387943 2.34425
-2.20657 0.349487 2.34425
-2.21233 0.310923 2.31653
-2.21742 0.272265 2.31653
-2.22184 0.233525 2.31653
-2.22558 0.194713 2.31653
-2.22863 0.155841 2.31653
-2.23102 0.116923 2.31653
-2.23272 0.0779682 2.30702
-2.23374 0.03899 2.30702
-2.23408 2.73595e-16 2.30702
-2.23374 -0.03899 2.30702
-2.23272 -0.0779682 2.30702
-2.23102 -0.116923 2.31637
-2.22863 -0.155841 2.31637
-2.22558 -0.194713 2.31637
-2.22184 -0.233525 2.31637
-2.21742 -0.272265 2.31637
-2.21233 -0.310923 2.31637
-2.20657 -0.349487 2.34382
-2.20014 -0.387943 2.34382
-2.19303 -0.426282 2.34382
-2.18526 -0.464491 2.34382
-2.17682 -0.502558 2.34382
-2.16772 -0.540472 2.38726
-2.15795 -0.578222 2.38726
-2.14753 -0.615795 2.38726
-2.13646 -0.653181 2.38726
-2.12473 -0.690368 2.38726
-2.11236 -0.727344 2.38726
-2.09935 -0.764099 2.44347
-2.08569 -0.800622 2.44347
-2.0714 -0.8369 2.44347
-2.05648 -0.872923 2.44347
-2.04093 -0.908681 2.44347
-2.02476 -0.944162 2.50839
-2.00797 -0.979355 2.50839
-1.99058 -1.01425 2.50839
-1.97257 -1.04884 2.50839
-1.95397 -1.0831 2.50839
-1.93477 -1.11704 2.50839
-1.91498 -1.15063 2.57745
-1.8946 -1.18388 2.57745
-1.87365 -1.21677 2.57745
-1.85213 -1.24928 2.57745
-1.83005 -1.28141 2.57745
-1.80741 -1.31316 2.64597
-1.78421 -1.3445 2.64597
-1.76048 -1.37544 2.64597
-1.7362 -1.40595 2.64597
-1.7114 -1.43604 2.64597
-1.68608 -1.46569 2.70946
-1.66024 -1.49489 2.70946
-1.6339 -1.52364 2.70946
-1.60706 -1.55192 2.70946
-1.57973 -1.57973 2.70946
-1.55192 -1.60706 2.70946
-1.52364 -1.6339 2.76389
-1.49489 -1.66024 2.76389
-1.46569 -1.68608 2.76389
-1.43604 -1.7114 2.76389
-1.40595 -1.7362 2.76389
-1.37544 -1.76048 2.80585
-1.3445 -1.78421 2.80585
-1.31316 -1.80741 2.80585
-1.28141 -1.83005 2.80585
-1.24928 -1.85213 2.80585
-1.21677 -1.87365 2.80585
-1.18388 -1.8946 2.83269
-1.15063 -1.91498 2.83269
-1.11704 -1.93477 2.83269
-1.0831 -1.95397 2.83269
-1.04884 -1.97257 2.83269
-1.01425 -1.99058 2.84258
-0.979355 -2.00797 2.84258
-0.944162 -2.02476 2.84258
-0.908681 -2.04093 2.84258
-0.872923 -2.05648 2.84258
-0.8369 -2.0714 2.84258
-0.800622 -2.08569 2.83447
-0.764099 -2.09935 2.83447
-0.727344 -2.11236 2.83447
-0.690368 -2.12473 2.83447
-0.653181 -2.13646 2.83447
-0.615795 -2.14753 2.80816
-0.578222 -2.15795 2.80816
-0.540472 -2.16772 2.80816
-0.502558 -2.17682 2.80816
-0.464491 -2.18526 2.80816
-0.426282 -2.19303 2.80816
-0.387943 -2.20014 2.7643
-0.349487 -2.20657 2.7643
-0.310923 -2.21233 2.7643
-0.272265 -2.21742 2.7643
-0.233525 -2.22184 2.7643
-0.194713 -2.22558 2.70443
-0.155841 -2.22863 2.70443
-0.116923 -2.23102 2.70443
-0.0779682 -2.23272 2.70443
-0.03899 -2.23374 2.70443
-4.10393e-16 -2.23408 2.70443
0.03899 -2.23374 2.63093
0.0779682 -2.23272 2.63093
0.116923 -2.23102 2.63093
0.155841 -2.22863 2.63093
0.194713 -2.22558 2.63093
0.233525 -2.22184 2.547
0.272265 -2.21742 2.547
0.310923 -2.21233 2.547
0.349487 -2.20657 2.547
0.387943 -2.20014 2.547
0.426282 -2.19303 2.45648
0.464491 -2.18526 2.45648
0.502558 -2.17682 2.45648
0.540472 -2.16772 2.45648
0.578222 -2.15795 2.45648
0.615795 -2.14753 2.45648
0.653181 -2.13646 2.36372
0.690368 -2.12473 2.36372
0.727344 -2.11236 2.36372
0.764099 -2.09935 2.36372
0.800622 -2.08569 2.36372
0.8369 -2.0714 2.27318
0.872923 -2.05648 2.27318
0.908681 -2.04093 2.27318
0.944162 -2.02476 2.27318
0.979355 -2.00797 2.27318
1.01425 -1.99058 2.27318
1.04884 -1.97257 2.18917
1.0831 -1.95397 2.18917
1.11704 -1.93477 2.18917
1.15063 -1.91498 2.18917
1.18388 -1.8946 2.18917
1.21677 -1.87365 2.11539
1.24928 -1.85213 2.11539
1.28141 -1.83005 2.11539
1.31316 -1.80741 2.11539
1.3445 -1.78421 2.11539
1.37544 -1.76048 2.11539
1.40595 -1.7362 2.05462
1.43604 -1.7114 2.05462
1.46569 -1.68608 2.05462
1.49489 -1.66024 2.05462
1.52364 -1.6339 2.05462
1.55192 -1.60706 2.00845
1.57973 -1.57973 2.00845
1.60706 -1.55192 2.00845
1.6339 -1.52364 2.00845
1.66024 -1.49489 2.00845
1.68608 -1.46569 2.00845
1.7114 -1.43604 1.97709
1.7362 -1.40595 1.97709
1.76048 -1.37544 1.97709
1.78421 -1.3445 1.97709
1.80741 -1.31316 1.97709
1.83005 -1.28141 1.95942
1.85213 -1.24928 1.95942
1.87365 -1.21677 1.95942
1.8946 -1.18388 1.95942
1.91498 -1.15063 1.95942
1.93477 -1.11704 1.95942
1.95397 -1.0831 1.95316
1.97257 -1.04884 1.95316
1.99058 -1.01425 1.95316
2.00797 -0.979355 1.95316
2.02476 -0.944162 1.95316
2.04093 -0.908681 1.95519
2.05648 -0.872923 1.95519
2.0714 -0.8369 1.95519
2.08569 -0.800622 1.95519
2.09935 -0.764099 1.95519
2.11236 -0.727344 1.962
2.12473 -0.690368 1.962
2.13646 -0.653181 1.962
2.14753 -0.615795 1.962
2.15795 -0.578222 1.962
2.16772 -0.540472 1.962
2.17682 -0.502558 1.97017
2.18526 -0.464491 1.97017
2.19303 -0.426282 1.97017
2.20014 -0.387943 1.97017
2.20657 -0.349487 1.97017
2.21233 -0.310923 1.97688
2.21742 -0.272265 1.97688
2.22184 -0.233525 1.97688
2.22558 -0.194713 1.97688
2.22863 -0.155841 1.97688
2.23102 -0.116923 1.97688
2.23272 -0.0779682 2.0099
2.23374 -0.03899 2.0099

2.31387 0 1.95673
2.31351 0.0403825 1.95673
2.31246 0.0807527 1.95673
2.31069 0.121098 1.95489
2.30823 0.161407 1.95489
2.30506 0.201667 1.95489
2.30119 0.241865 1.95489
2.29662 0.281989 1.95489
2.29135 0.322028 1.94745
2.28538 0.361968 1.94745
2.27871 0.401798 1.94745
2.27135 0.441506 1.94745
2.2633 0.48108 1.94745
2.25456 0.520506 1.93632
2.24513 0.559775 1.93632
2.23502 0.598872 1.93632
2.22423 0.637788 1.93632
2.21276 0.676509 1.93632
2.20062 0.715024 1.92445
2.1878 0.753321 1.92445
2.17432 0.791389 1.92445
2.16018 0.829215 1.92445
2.14538 0.866789 1.92445
2.12992 0.904099 1.91545
2.11382 0.941134 1.91545
2.09707 0.977882 1.91545
2.07969 1.01433 1.91545
2.06167 1.05047 1.91545
2.04302 1.08629 1.91321
2.02375 1.12178 1.91321
2.00387 1.15693 1.91321
1.98337 1.19173 1.91321
1.96227 1.22616 1.91321
1.94057 1.26022 1.92139
1.91828 1.2939 1.92139
1.89541 1.32718 1.92139
1.87196 1.36006 1.92139
1.84793 1.39252 1.92139
1.82335 1.42456 1.94302
1.79821 1.45616 1.94302
1.77252 1.48732 1.94302
1.7463 1.51803 1.94302
1.71954 1.54828 1.94302
1.69225 1.57805 1.98015
1.66446 1.60735 1.98015
1.63615 1.63615 1.98015
1.60735 1.66446 1.98015
1.57805 1.69225 1.98015
1.54828 1.71954 2.0336
1.51803 1.7463 2.0336
1.48732 1.77252 2.0336
1.45616 1.79821 2.0336
1.42456 1.82335 2.0336
1.39252 1.84793 2.10282
1.36006 1.87196 2.10282
1.32718 1.89541 2.10282
1.2939 1.91828 2.10282
1.26022 1.94057 2.10282
1.22616 1.96227 2.18597
1.19173 1.98337 2.18597
1.15693 2.00387 2.18597
1.12178 2.02375 2.18597
1.08629 2.04302 2.18597
1.05047 2.06167 2.28005
1.01433 2.07969 2.28005
0.977882 2.09707 2.28005
0.941134 2.11382 2.28005
0.904099 2.12992 2.28005
0.866789 2.14538 2.3812
0.829215 2.16018 2.3812
0.791389 2.17432 2.3812
0.753321 2.1878 2.3812
0.715024 2.20062 2.3812
0.676509 2.21276 2.48506
0.637788 2.22423 2.48506
0.598872 2.23502 2.48506
0.559775 2.24513 2.48506
0.520506 2.25456 2.48506
0.48108 2.2633 2.58706
0.441506 2.27135 2.58706
0.401798 2.27871 2.58706
0.361968 2.28538 2.58706
0.322028 2.29135 2.58706
0.281989 2.29662 2.68282
0.241865 2.30119 2.68282
0.201667 2.30506 2.68282
0.161407 2.30823 2.68282
0.121098 2.31069 2.68282
0.0807527 2.31246 2.76838
0.0403825 2.31351 2.76838
1.41683e-16 2.31387 2.76838
-0.0403825 2.31351 2.76838
-0.0807527 2.31246 2.76838
-0.121098 2.31069 2.84043
-0.161407 2.30823 2.84043
-0.201667 2.30506 2.84043
-0.241865 2.30119 2.84043
-0.281989 2.29662 2.84043
-0.322028 2.29135 2.8964
-0.361968 2.28538 2.8964
-0.401798 2.27871 2.8964
-0.441506 2.27135 2.8964
-0.48108 2.2633 2.8964
-0.520506 2.25456 2.93454
-0.559775 2.24513 2.93454
-0.598872 2.23502 2.93454
-0.637788 2.22423 2.93454
-0.676509 2.21276 2.93454
-0.715024 2.20062 2.95385
-0.753321 2.1878 2.95385
-0.791389 2.17432 2.95385
-0.829215 2.16018 2.95385
-0.866789 2.14538 2.95385
-0.904099 2.12992 2.95411
-0.941134 2.11382 2.95411
-0.977882 2.09707 2.95411
-1.01433 2.07969 2.95411
-1.05047 2.06167 2.95411
-1.08629 2.04302 2.93583
-1.12178 2.02375 2.93583
-1.15693 2.00387 2.93583
-1.19173 1.98337 2.93583
-1.22616 1.96227 2.93583
-1.26022 1.94057 2.90013
-1.2939 1.91828 2.90013
-1.32718 1.89541 2.90013
-1.36006 1.87196 2.90013
-1.39252 1.84793 2.90013
-1.42456 1.82335 2.84883
-1.45616 1.79821 2.84883
-1.48732 1.77252 2.84883
-1.51803 1.7463 2.84883
-1.54828 1.71954 2.84883
-1.57805 1.69225 2.78438
-1.60735 1.66446 2.78438
-1.63615 1.63615 2.78438
-1.66446 1.60735 2.78438
-1.69225 1.57805 2.78438
-1.71954 1.54828 2.7099
-1.7463 1.51803 2.7099
-1.77252 1.48732 2.7099
-1.79821 1.45616 2.7099
-1.82335 1.42456 2.7099
-1.84793 1.39252 2.62908
-1.87196 1.36006 2.62908
-1.89541 1.32718 2.62908
-1.91828 1.2939 2.62908
-1.94057 1.26022 2.62908
-1.96227 1.22616 2.5461
-1.98337 1.19173 2.5461
-2.00387 1.15693 2.5461
-2.02375 1.12178 2.5461
-2.04302 1.08629 2.5461
-2.06167 1.05047 2.46542
-2.07969 1.01433 2.46542
-2.09707 0.977882 2.46542
-2.11382 0.941134 2.46542
-2.12992 0.904099 2.46542
-2.14538 0.866789 2.39159
-2.16018 0.829215 2.39159
-2.17432 0.791389 2.39159
-2.1878 0.753321 2.39159
-2.20062 0.715024 2.39159
-2.21276 0.676509 2.32893
-2.22423 0.637788 2.32893
-2.23502 0.598872 2.32893
-2.24513 0.559775 2.32893
-2.25456 0.520506 2.32893
-2.2633 0.48108 2.28122
-2.27135 0.441506 2.28122
-2.27871 0.401798 2.28122
-2.28538 0.361968 2.28122
-2.29135 0.322028 2.28122
-2.29662 0.281989 2.25142
-2.30119 0.241865 2.25142
-2.30506 0.201667 2.25142
-2.30823 0.161407 2.25142
-2.31069 0.121098 2.25142
-2.31246 0.0807527 2.24136
-2.31351 0.0403825 2.24136
-2.31387 2.83367e-16 2.24136
-2.31351 -0.0403825 2.24136
-2.31246 -0.0807527 2.24136
-2.31069 -0.121098 2.25164
-2.30823 -0.161407 2.25164
-2.30506 -0.201667 2.25164
-2.30119 -0.241865 2.25164
-2.29662 -0.281989 2.25164
-2.29135 -0.322028 2.28155
-2.28538 -0.361968 2.28155
-2.27871 -0.401798 2.28155
-2.27135 -0.441506 2.28155
-2.2633 -0.48108 2.28155
-2.25456 -0.520506 2.32912
-2.24513 -0.559775 2.32912
-2.23502 -0.598872 2.32912
-2.22423 -0.637788 2.32912
-2.21276 -0.676509 2.32912
-2.20062 -0.715024 2.39131
-2.1878 -0.753321 2.39131
-2.17432 -0.791389 2.39131
-2.16018 -0.829215 2.39131
-2.14538 -0.866789 2.39131
-2.12992 -0.904099 2.46424
-2.11382 -0.941134 2.46424
-2.09707 -0.977882 2.46424
-2.07969 -1.01433 2.46424
-2.06167 -1.05047 2.46424
-2.04302 -1.08629 2.54351
-2.02375 -1.12178 2.54351
-2.00387 -1.15693 2.54351
-1.98337 -1.19173 2.54351
-1.96227 -1.22616 2.54351
-1.94057 -1.26022 2.62453
-1.91828 -1.2939 2.62453
-1.89541 -1.32718 2.62453
-1.87196 -1.36006 2.62453
-1.84793 -1.39252 2.62453
-1.82335 -1.42456 2.70281
-1.79821 -1.45616 2.70281
-1.77252 -1.48732 2.70281
-1.7463 -1.51803 2.70281
-1.71954 -1.54828 2.70281
-1.69225 -1.57805 2.77419
-1.66446 -1.60735 2.77419
-1.63615 -1.63615 2.77419
-1.60735 -1.66446 2.77419
-1.57805 -1.69225 2.77419
-1.54828 -1.71954 2.83506
-1.51803 -1.7463 2.83506
-1.48732 -1.77252 2.83506
-1.45616 -1.79821 2.83506
-1.42456 -1.82335 2.83506
-1.39252 -1.84793 2.88241
-1.36006 -1.87196 2.88241
-1.32718 -1.89541 2.88241
-1.2939 -1.91828 2.88241
-1.26022 -1.94057 2.88241
-1.22616 -1.96227 2.9139
-1.19173 -1.98337 2.9139
-1.15693 -2.00387 2.9139
-1.12178 -2.02375 2.9139
-1.08629 -2.04302 2.9139
-1.05047 -2.06167 2.92791
-1.01433 -2.07969 2.92791
-0.977882 -2.09707 2.92791
-0.941134 -2.11382 2.92791
-0.904099 -2.12992 2.92791
-0.866789 -2.14538 2.92349
-0.829215 -2.16018 2.92349
-0.791389 -2.17432 2.92349
-0.753321 -2.1878 2.92349
-0.715024 -2.20062 2.92349
-0.676509 -2.21276 2.90033
-0.637788 -2.22423 2.90033
-0.598872 -2.23502 2.90033
-0.559775 -2.24513 2.90033
-0.520506 -2.25456 2.90033
-0.48108 -2.2633 2.85884
-0.441506 -2.27135 2.85884
-0.401798 -2.27871 2.85884
-0.361968 -2.28538 2.85884
-0.322028 -2.29135 2.85884
-0.281989 -2.29662 2.80016
-0.241865 -2.30119 2.80016
-0.201667 -2.30506 2.80016
-0.161407 -2.30823 2.80016
-0.121098 -2.31069 2.80016
-0.0807527 -2.31246 2.72617
-0.0403825 -2.31351 2.72617
-4.2505e-16 -2.31387 2.72617
0.0403825 -2.31351 2.72617
0.0807527 -2.31246 2.72617
0.121098 -2.31069 2.63951
0.161407 -2.30823 2.63951
0.201667 -2.30506 2.63951
0.241865 -2.30119 2.63951
0.281989 -2.29662 2.63951
0.322028 -2.29135 2.54353
0.361968 -2.28538 2.54353
0.401798 -2.27871 2.54353
0.441506 -2.27135 2.54353
0.48108 -2.2633 2.54353
0.520506 -2.25456 2.44214
0.559775 -2.24513 2.44214
0.598872 -2.23502 2.44214
0.637788 -2.22423 2.44214
0.676509 -2.21276 2.44214
0.715024 -2.20062 2.33967
0.753321 -2.1878 2.33967
0.791389 -2.17432 2.33967
0.829215 -2.16018 2.33967
0.866789 -2.14538 2.33967
0.904099 -2.12992 2.24058
0.941134 -2.11382 2.24058
0.977882 -2.09707 2.24058
1.01433 -2.07969 2.24058
1.05047 -2.06167 2.24058
1.08629 -2.04302 2.14911
1.12178 -2.02375 2.14911
1.15693 -2.00387 2.14911
1.19173 -1.98337 2.14911
1.22616 -1.96227 2.14911
1.26022 -1.94057 2.06897
1.2939 -1.91828 2.06897
1.32718 -1.89541 2.06897
1.36006 -1.87196 2.06897
1.39252 -1.84793 2.06897
1.42456 -1.82335 2.00303
1.45616 -1.79821 2.00303
1.48732 -1.77252 2.00303
1.51803 -1.7463 2.00303
1.54828 -1.71954 2.00303
1.57805 -1.69225 1.95301
1.60735 -1.66446 1.95301
1.63615 -1.63615 1.95301
1.66446 -1.60735 1.95301
1.69225 -1.57805 1.95301
1.71954 -1.54828 1.91933
1.7463 -1.51803 1.91933
1.77252 -1.48732 1.91933
1.79821 -1.45616 1.91933
1.82335 -1.42456 1.91933
1.84793 -1.39252 1.90111
1.87196 -1.36006 1.90111
1.89541 -1.32718 1.90111
1.91828 -1.2939 1.90111
1.94057 -1.26022 1.90111
1.96227 -1.22616 1.89623
1.98337 -1.19173 1.89623
2.00387 -1.15693 1.89623
2.02375 -1.12178 1.89623
2.04302 -1.08629 1.89623
2.06167 -1.05047 1.90162
2.07969 -1.01433 1.90162
2.09707 -0.977882 1.90162
2.11382 -0.941134 1.90162
2.12992 -0.904099 1.90162
2.14538 -0.866789 1.91361
2.16018 -0.829215 1.91361
2.17432 -0.791389 1.91361
2.1878 -0.753321 1.91361
2.20062 -0.715024 1.91361
2.21276 -0.676509 1.92833
2.22423 -0.637788 1.92833
2.23502 -0.598872 1.92833
2.24513 -0.559775 1.92833
2.25456 -0.520506 1.92833
2.2633 -0.48108 1.9422
2.27135 -0.441506 1.9422
2.27871 -0.401798 1.9422
2.28538 -0.361968 1.9422
2.29135 -0.322028 1.9422
2.29662 -0.281989 1.95229
2.30119 -0.241865 1.95229
2.30506 -0.201667 1.95229
2.30823 -0.161407 1.95229
2.31069 -0.121098 1.95229
2.31246 -0.0807527 1.98025
2.31351 -0.0403825 1.98025

2.39365 0 1.95673
2.39329 0.041775 1.95673
2.3922 0.0835373 1.95673
2.39037 0.125274 1.95489
2.38782 0.166973 1.95489
2.38455 0.208621 1.95489
2.38054 0.250205 1.95489
2.37581 0.291713 1.95489
2.37036 0.333132 1.94745
2.36418 0.37445 1.94745
2.35729 0.415654 1.94745
2.34968 0.456731 1.94745
2.34135 0.497669 1.94745
2.3323 0.538455 1.93632
2.32255 0.579077 1.93632
2.31209 0.619523 1.93632
2.30093 0.65978 1.93632
2.28906 0.699837 1.93632
2.2765 0.73968 1.92445
2.26324 0.779297 1.92445
2.2493 0.818678 1.92445
2.23467 0.857809 1.92445
2.21936 0.896678 1.92445
2.20337 0.935275 1.91545
2.18671 0.973587 1.91545
2.16939 1.0116 1.91545
2.1514 1.04931 1.91545
2.13276 1.0867 1.91545
2.11347 1.12375 1.91321
2.09354 1.16047 1.91321
2.07296 1.19683 1.91321
2.05176 1.23282 1.91321
2.02993 1.26844 1.91321
2.00749 1.30368 1.92139
1.98443 1.33851 1.92139
1.96077 1.37294 1.92139
1.93651 1.40695 1.92139
1.91166 1.44054 1.92139
1.88622 1.47368 1.94302
1.86022 1.50638 1.94302
1.83365 1.53861 1.94302
1.80651 1.57038 1.94302
1.77883 1.60167 1.94302
1.75061 1.63247 1.98015
1.72185 1.66277 1.98015
1.69257 1.69257 1.98015
1.66277 1.72185 1.98015
1.63247 1.75061 1.98015
1.60167 1.77883 2.0336
1.57038 1.80651 2.0336
1.53861 1.83365 2.0336
1.50638 1.86022 2.0336
1.47368 1.88622 2.0336
1.44054 1.91166 2.10282
1.40695 1.93651 2.10282
1.37294 1.96077 2.10282
1.33851 1.98443 2.10282
1.30368 2.00749 2.10282
1.26844 2.02993 2.18597
1.23282 2.05176 2.18597
1.19683 2.07296 2.18597
1.16047 2.09354 2.18597
1.12375 2.11347 2.18597
1.0867 2.13276 2.28005
1.04931 2.1514 2.28005
1.0116 2.16939 2.28005
0.973587 2.18671 2.28005
0.935275 2.20337 2.28005
0.896678 2.21936 2.3812
0.857809 2.23467 2.3812
0.818678 2.2493 2.3812
0.779297 2.26324 2.3812
0.73968 2.2765 2.3812
0.699837 2.28906 2.48506
0.65978 2.30093 2.48506
0.619523 2.31209 2.48506
0.579077 2.32255 2.48506
0.538455 2.3323 2.48506
0.497669 2.34135 2.58706
0.456731 2.34968 2.58706
0.415654 2.35729 2.58706
0.37445 2.36418 2.58706
0.333132 2.37036 2.58706
0.291713 2.37581 2.68282
0.250205 2.38054 2.68282
0.208621 2.38455 2.68282
0.166973 2.38782 2.68282
0.125274 2.39037 2.68282
0.0835373 2.3922 2.76838
0.041775 2.39329 2.76838
1.46569e-16 2.39365 2.76838
-0.041775 2.39329 2.76838
-0.0835373 2.3922 2.76838
-0.125274 2.39037 2.84043
-0.166973 2.38782 2.84043
-0.208621 2.38455 2.84043
-0.250205 2.38054 2.84043
-0.291713 2.37581 2.84043
-0.333132 2.37036 2.8964
-0.37445 2.36418 2.8964
-0.415654 2.35729 2.8964
-0.456731 2.34968 2.8964
-0.497669 2.34135 2.8964
-0.538455 2.3323 2.93454
-0.579077 2.32255 2.93454
-0.619523 2.31209 2.93454
-0.65978 2.30093 2.93454
-0.699837 2.28906 2.93454
-0.73968 2.2765 2.95385
-0.779297 2.26324 2.95385
-0.818678 2.2493 2.95385
-0.857809 2.23467 2.95385
-0.896678 2.21936 2.95385
-0.935275 2.20337 2.95411
-0.973587 2.18671 2.95411
-1.0116 2.16939 2.95411
-1.04931 2.1514 2.95411
-1.0867 2.13276 2.95411
-1.12375 2.11347 2.93583
-1.16047 2.09354 2.93583
-1.19683 2.07296 2.93583
-1.23282 2.05176 2.93583
-1.26844 2.02993 2.93583
-1.30368 2.00749 2.90013
-1.33851 1.98443 2.90013
-1.37294 1.96077 2.90013
-1.40695 1.93651 2.90013
-1.44054 1.91166 2.90013
-1.47368 1.88622 2.84883
-1.50638 1.86022 2.84883
-1.53861 1.83365 2.84883
-1.57038 1.80651 2.84883
-1.60167 1.77883 2.84883
-1.63247 1.75061 2.78438
-1.66277 1.72185 2.78438
-1.69257 1.69257 2.78438
-1.72185 1.66277 2.78438
-1.75061 1.63247 2.78438
-1.77883 1.60167 2.7099
-1.80651 1.57038 2.7099
-1.83365 1.53861 2.7099
-1.86022 1.50638 2.7099
-1.88622 1.47368 2.7099
-1.91166 1.44054 2.62908
-1.93651 1.40695 2.62908
-1.96077 1.37294 2.62908
-1.98443 1.33851 2.62908
-2.00749 1.30368 2.62908
-2.02993 1.26844 2.5461
-2.05176 1.23282 2.5461
-2.07296 1.19683 2.5461
-2.09354 1.16047 2.5461
-2.11347 1.12375 2.5461
-2.13276 1.0867 2.46542
-2.1514 1.04931 2.46542
-2.16939 1.0116 2.46542
-2.18671 0.973587 2.46542
-2.20337 0.935275 2.46542
-2.21936 0.896678 2.39159
-2.23467 0.857809 2.39159
-2.2493 0.818678 2.39159
-2.26324 0.779297 2.39159
-2.2765 0.73968 2.39159
-2.28906 0.699837 2.32893
-2.30093 0.65978 2.32893
-2.31209 0.619523 2.32893
-2.32255 0.579077 2.32893
-2.3323 0.538455 2.32893
-2.34135 0.497669 2.28122
-2.34968 0.456731 2.28122
-2.35729 0.415654 2.28122
-2.36418 0.37445 2.28122
-2.37036 0.333132 2.28122
-2.37581 0.291713 2.25142
-2.38054 0.250205 2.25142
-2.38455 0.208621 2.25142
-2.38782 0.166973 2.25142
-2.39037 0.125274 2.25142
-2.3922 0.0835373 2.24136
-2.39329 0.041775 2.24136
-2.39365 2.93138e-16 2.24136
-2.39329 -0.041775 2.24136
-2.3922 -0.0835373 2.24136
-2.39037 -0.125274 2.25164
-2.38782 -0.166973 2.25164
-2.38455 -0.208621 2.25164
-2.38054 -0.250205 2.25164
-2.37581 -0.291713 2.25164
-2.37036 -0.333132 2.28155
-2.36418 -0.37445 2.28155
-2.35729 -0.415654 2.28155
-2.34968 -0.456731 2.28155
-2.34135 -0.497669 2.28155
-2.3323 -0.538455 2.32912
-2.32255 -0.579077 2.32912
-2.31209 -0.619523 2.32912
-2.30093 -0.65978 2.32912
-2.28906 -0.699837 2.32912
-2.2765 -0.73968 2.39131
-2.26324 -0.779297 2.39131
-2.2493 -0.818678 2.39131
-2.23467 -0.857809 2.39131
-2.21936 -0.896678 2.39131
-2.20337 -0.935275 2.46424
-2.18671 -0.973587 2.46424
-2.16939 -1.0116 2.46424
-2.1514 -1.04931 2.46424
-2.13276 -1.0867 2.46424
-2.11347 -1.12375 2.54351
-2.09354 -1.16047 2.54351
-2.07296 -1.19683 2.54351
-2.05176 -1.23282 2.54351
-2.02993 -1.26844 2.54351
-2.00749 -1.30368 2.62453
-1.98443 -1.33851 2.62453
-1.96077 -1.37294 2.62453
-1.93651 -1.40695 2.62453
-1.91166 -1.44054 2.62453
-1.88622 -1.47368 2.70281
-1.86022 -1.50638 2.70281
-1.83365 -1.53861 2.70281
-1.80651 -1.57038 2.70281
-1.77883 -1.60167 2.70281
-1.75061 -1.63247 2.77419
-1.72185 -1.66277 2.77419
-1.69257 -1.69257 2.77419
-1.66277 -1.72185 2.77419
-1.63247 -1.75061 2.77419
-1.60167 -1.77883 2.83506
-1.57038 -1.80651 2.83506
-1.53861 -1.83365 2.83506
-1.50638 -1.86022 2.83506
-1.47368 -1.88622 2.83506
-1.44054 -1.91166 2.88241
-1.40695 -1.93651 2.88241
-1.37294 -1.96077 2.88241
-1.33851 -1.98443 2.88241
-1.30368 -2.00749 2.88241
-1.26844 -2.02993 2.9139
-1.23282 -2.05176 2.9139
-1.19683 -2.07296 2.9139
-1.16047 -2.09354 2.9139
-1.12375 -2.11347 2.9139
-1.0867 -2.13276 2.92791
-1.04931 -2.1514 2.92791
-1.0116 -2.16939 2.92791
-0.973587 -2.18671 2.92791
-0.935275 -2.20337 2.92791
-0.896678 -2.21936 2.92349
-0.857809 -2.23467 2.92349
-0.818678 -2.2493 2.92349
-0.779297 -2.26324 2.92349
-0.73968 -2.2765 2.92349
-0.699837 -2.28906 2.90033
-0.65978 -2.30093 2.90033
-0.619523 -2.31209 2.90033
-0.579077 -2.32255 2.90033
-0.538455 -2.3323 2.90033
-0.497669 -2.34135 2.85884
-0.456731 -2.34968 2.85884
-0.415654 -2.35729 2.85884
-0.37445 -2.36418 2.85884
-0.333132 -2.37036 2.85884
-0.291713 -2.37581 2.80016
-0.250205 -2.38054 2.80016
-0.208621 -2.38455 2.80016
-0.166973 -2.38782 2.80016
-0.125274 -2.39037 2.80016
-0.0835373 -2.3922 2.72617
-0.041775 -2.39329 2.72617
-4.39707e-16 -2.39365 2.72617
0.041775 -2.39329 2.72617
0.0835373 -2.3922 2.72617
0.125274 -2.39037 2.63951
0.166973 -2.38782 2.63951
0.208621 -2.38455 2.63951
0.250205 -2.38054 2.63951
0.291713 -2.37581 2.63951
0.333132 -2.37036 2.54353
0.37445 -2.36418 2.54353
0.415654 -2.35729 2.54353
0.456731 -2.34968 2.54353
0.497669 -2.34135 2.54353
0.538455 -2.3323 2.44214
0.579077 -2.32255 2.44214
0.619523 -2.31209 2.44214
0.65978 -2.30093 2.44214
0.699837 -2.28906 2.44214
0.73968 -2.2765 2.33967
0.779297 -2.26324 2.33967
0.818678 -2.2493 2.33967
0.857809 -2.23467 2.33967
0.896678 -2.21936 2.33967
0.935275 -2.20337 2.24058
0.973587 -2.18671 2.24058
1.0116 -2.16939 2.24058
1.04931 -2.1514 2.24058
1.0867 -2.13276 2.24058
1.12375 -2.11347 2.14911
1.16047 -2.09354 2.14911
1.19683 -2.07296 2.14911
1.23282 -2.05176 2.14911
1.26844 -2.02993 2.14911
1.30368 -2.00749 2.06897
1.33851 -1.98443 2.06897
1.37294 -1.96077 2.06897
1.40695 -1.93651 2.06897
1.44054 -1.91166 2.06897
1.47368 -1.88622 2.00303
1.50638 -1.86022 2.00303
1.53861 -1.83365 2.00303
1.57038 -1.80651 2.00303
1.60167 -1.77883 2.00303
1.63247 -1.75061 1.95301
1.66277 -1.72185 1.95301
1.69257 -1.69257 1.95301
1.72185 -1.66277 1.95301
1.75061 -1.63247 1.95301
1.77883 -1.60167 1.91933
1.80651 -1.57038 1.91933
1.83365 -1.53861 1.91933
1.86022 -1.50638 1.91933
1.88622 -1.47368 1.91933
1.91166 -1.44054 1.90111
1.93651 -1.40695 1.90111
1.96077 -1.37294 1.90111
1.98443 -1.33851 1.90111
2.00749 -1.30368 1.90111
2.02993 -1.26844 1.89623
2.05176 -1.23282 1.89623
2.07296 -1.19683 1.89623
2.09354 -1.16047 1.89623
2.11347 -1.12375 1.89623
2.13276 -1.0867 1.90162
2.1514 -1.04931 1.90162
2.16939 -1.0116 1.90162
2.18671 -0.973587 1.90162
2.20337 -0.935275 1.90162
2.21936 -0.896678 1.91361
2.23467 -0.857809 1.91361
2.2493 -0.818678 1.91361
2.26324 -0.779297 1.91361
2.2765 -0.73968 1.91361
2.28906 -0.699837 1.92833
2.30093 -0.65978 1.92833
2.31209 -0.619523 1.92833
2.32255 -0.579077 1.92833
2.3323 -0.538455 1.92833
2.34135 -0.497669 1.9422
2.34968 -0.456731 1.9422
2.35729 -0.415654 1.9422
2.36418 -0.37445 1.9422
2.37036 -0.333132 1.9422
2.37581 -0.291713 1.95229
2.38054 -0.250205 1.95229
2.38455 -0.208621 1.95229
2.38782 -0.166973 1.95229
2.39037 -0.125274 1.95229
2.3922 -0.0835373 1.98025
2.39329 -0.041775 1.98025

2.47344 0 1.95673
2.47307 0.0431675 1.95673
2.47194 0.0863219 1.95673
2.47005 0.12945 1.95489
2.46742 0.172539 1.95489
2.46403 0.215575 1.95489
2.45989 0.258545 1.95489
2.45501 0.301437 1.95489
2.44937 0.344237 1.94745
2.44299 0.386932 1.94745
2.43586 0.429509 1.94745
2.428 0.471955 1.94745
2.41939 0.514258 1.94745
2.41005 0.556403 1.93632
2.39997 0.59838 1.93632
2.38916 0.640174 1.93632
2.37763 0.681773 1.93632
2.36536 0.723164 1.93632
2.35238 0.764336 1.92445
2.33869 0.805274 1.92445
2.32428 0.845967 1.92445
2.30916 0.886402 1.92445
2.29334 0.926568 1.92445
2.27682 0.966451 1.91545
2.2596 1.00604 1.91545
2.2417 1.04532 1.91545
2.22312 1.08429 1.91545
2.20385 1.12292 1.91545
2.18392 1.16121 1.91321
2.16332 1.19915 1.91321
2.14206 1.23672 1.91321
2.12015 1.27392 1.91321
2.0976 1.31072 1.91321
2.0744 1.34713 1.92139
2.05058 1.38313 1.92139
2.02613 1.41871 1.92139
2.00106 1.45385 1.92139
1.97538 1.48855 1.92139
1.9491 1.5228 1.94302
1.92223 1.55659 1.94302
1.89477 1.5899 1.94302
1.86673 1.62272 1.94302
1.83813 1.65506 1.94302
1.80896 1.68688 1.98015
1.77925 1.7182 1.98015
1.74899 1.74899 1.98015
1.7182 1.77925 1.98015
1.68688 1.80896 1.98015
1.65506 1.83813 2.0336
1.62272 1.86673 2.0336
1.5899 1.89477 2.0336
1.55659 1.92223 2.0336
1.5228 1.9491 2.0336
1.48855 1.97538 2.10282
1.45385 2.00106 2.10282
1.41871 2.02613 2.10282
1.38313 2.05058 2.10282
1.34713 2.0744 2.10282
1.31072 2.0976 2.18597
1.27392 2.12015 2.18597
1.23672 2.14206 2.18597
1.19915 2.16332 2.18597
1.16121 2.18392 2.18597
1.12292 2.20385 2.28005
1.08429 2.22312 2.28005
1.04532 2.2417 2.28005
1.00604 2.2596 2.28005
0.966451 2.27682 2.28005
0.926568 2.29334 2.3812
0.886402 2.30916 2.3812
0.845967 2.32428 2.3812
0.805274 2.33869 2.3812
0.764336 2.35238 2.3812
0.723164 2.36536 2.48506
0.681773 2.37763 2.48506
0.640174 2.38916 2.48506
0.59838 2.39997 2.48506
0.556403 2.41005 2.48506
0.514258 2.41939 2.58706
0.471955 2.428 2.58706
0.429509 2.43586 2.58706
0.386932 2.44299 2.58706
0.344237 2.44937 2.58706
0.301437 2.45501 2.68282
0.258545 2.45989 2.68282
0.215575 2.46403 2.68282
0.172539 2.46742 2.68282
0.12945 2.47005 2.68282
0.0863219 2.47194 2.76838
0.0431675 2.47307 2.76838
1.51455e-16 2.47344 2.76838
-0.0431675 2.47307 2.76838
-0.0863219 2.47194 2.76838
-0.12945 2.47005 2.84043
-0.172539 2.46742 2.84043
-0.215575 2.46403 2.84043
-0.258545 2.45989 2.84043
-0.301437 2.45501 2.84043
-0.344237 2.44937 2.8964
-0.386932 2.44299 2.8964
-0.429509 2.43586 2.8964
-0.471955 2.428 2.8964
-0.514258 2.41939 2.8964
-0.556403 2.41005 2.93454
-0.59838 2.39997 2.93454
-0.640174 2.38916 2.93454
-0.681773 2.37763 2.93454
-0.723164 2.36536 2.93454
-0.764336 2.35238 2.95385
-0.805274 2.33869 2.95385
-0.845967 2.32428 2.95385
-0.886402 2.30916 2.95385
-0.926568 2.29334 2.95385
-0.966451 2.27682 2.95411
-1.00604 2.2596 2.95411
-1.04532 2.2417 2.95411
-1.08429 2.22312 2.95411
-1.12292 2.20385 2.95411
-1.16121 2.18392 2.93583
-1.19915 2.16332 2.93583
-1.23672 2.14206 2.93583
-1.27392 2.12015 2.93583
-1.31072 2.0976 2.93583
-1.34713 2.0744 2.90013
-1.38313 2.05058 2.90013
-1.41871 2.02613 2.90013
-1.45385 2.00106 2.90013
-1.48855 1.97538 2.90013
-1.5228 1.9491 2.84883
-1.55659 1.92223 2.84883
-1.5899 1.89477 2.84883
-1.62272 1.86673 2.84883
-1.65506 1.83813 2.84883
-1.68688 1.80896 2.78438
-1.7182 1.77925 2.78438
-1.74899 1.74899 2.78438
-1.77925 1.7182 2.78438
-1.80896 1.68688 2.78438
-1.83813 1.65506 2.7099
-1.86673 1.62272 2.7099
-1.89477 1.5899 2.7099
-1.92223 1.55659 2.7099
-1.9491 1.5228 2.7099
-1.97538 1.48855 2.62908
-2.00106 1.45385 2.62908
-2.02613 1.41871 2.62908
-2.05058 1.38313 2.62908
-2.0744 1.34713 2.62908
-2.0976 1.31072 2.5461
-2.12015 1.27392 2.5461
-2.14206 1.23672 2.5461
-2.16332 1.19915 2.5461
-2.18392 1.16121 2.5461
-2.20385 1.12292 2.46542
-2.22312 1.08429 2.46542
-2.2417 1.04532 2.46542
-2.2596 1.00604 2.46542
-2.27682 0.966451 2.46542
-2.29334 0.926568 2.39159
-2.30916 0.886402 2.39159
-2.32428 0.845967 2.39159
-2.33869 0.805274 2.39159
-2.35238 0.764336 2.39159
-2.36536 0.723164 2.32893
-2.37763 0.681773 2.32893
-2.38916 0.640174 2.32893
-2.39997 0.59838 2.32893
-2.41005 0.556403 2.32893
-2.41939 0.514258 2.28122
-2.428 0.471955 2.28122
-2.43586 0.429509 2.28122
-2.44299 0.386932 2.28122
-2.44937 0.344237 2.28122
-2.45501 0.301437 2.25142
-2.45989 0.258545 2.25142
-2.46403 0.215575 2.25142
-2.46742 0.172539 2.25142
-2.47005 0.12945 2.25142
-2.47194 0.0863219 2.24136
-2.47307 0.0431675 2.24136
-2.47344 3.02909e-16 2.24136
-2.47307 -0.0431675 2.24136
-2.47194 -0.0863219 2.24136
-2.47005 -0.12945 2.25164
-2.46742 -0.172539 2.25164
-2.46403 -0.215575 2.25164
-2.45989 -0.258545 2.25164
-2.45501 -0.301437 2.25164
-2.44937 -0.344237 2.28155
-2.44299 -0.386932 2.28155
-2.43586 -0.429509 2.28155
-2.428 -0.471955 2.28155
-2.41939 -0.514258 2.28155
-2.41005 -0.556403 2.32912
-2.39997 -0.59838 2.32912
-2.38916 -0.640174 2.32912
-2.37763 -0.681773 2.32912
-2.36536 -0.723164 2.32912
-2.35238 -0.764336 2.39131
-2.33869 -0.805274 2.39131
-2.32428 -0.845967 2.39131
-2.30916 -0.886402 2.39131
-2.29334 -0.926568 2.39131
-2.27682 -0.966451 2.46424
-2.2596 -1.00604 2.46424
-2.2417 -1.04532 2.46424
-2.22312 -1.08429 2.46424
-2.20385 -1.12292 2.46424
-2.18392 -1.16121 2.54351
-2.16332 -1.19915 2.54351
-2.14206 -1.23672 2.54351
-2.12015 -1.27392 2.54351
-2.0976 -1.31072 2.54351
-2.0744 -1.34713 2.62453
-2.05058 -1.38313 2.62453
-2.02613 -1.41871 2.62453
-2.00106 -1.45385 2.62453
-1.97538 -1.48855 2.62453
-1.9491 -1.5228 2.70281
-1.92223 -1.55659 2.70281
-1.89477 -1.5899 2.70281
-1.86673 -1.62272 2.70281
-1.83813 -1.65506 2.70281
-1.80896 -1.68688 2.77419
-1.77925 -1.7182 2.77419
-1.74899 -1.74899 2.77419
-1.7182 -1.77925 2.77419
-1.68688 -1.80896 2.77419
-1.65506 -1.83813 2.83506
-1.62272 -1.86673 2.83506
-1.5899 -1.89477 2.83506
-1.55659 -1.92223 2.83506
-1.5228 -1.9491 2.83506
-1.48855 -1.97538 2.88241
-1.45385 -2.00106 2.88241
-1.41871 -2.02613 2.88241
-1.38313 -2.05058 2.88241
-1.34713 -2.0744 2.88241
-1.31072 -2.0976 2.9139
-1.27392 -2.12015 2.9139
-1.23672 -2.14206 2.9139
-1.19915 -2.16332 2.9139
-1.16121 -2.18392 2.9139
-1.12292 -2.20385 2.92791
-1.08429 -2.22312 2.92791
-1.04532 -2.2417 2.92791
-1.00604 -2.2596 2.92791
-0.966451 -2.27682 2.92791
-0.926568 -2.29334 2.92349
-0.886402 -2.30916 2.92349
-0.845967 -2.32428 2.92349
-0.805274 -2.33869 2.92349
-0.764336 -2.35238 2.92349
-0.723164 -2.36536 2.90033
-0.681773 -2.37763 2.90033
-0.640174 -2.38916 2.90033
-0.59838 -2.39997 2.90033
-0.556403 -2.41005 2.90033
-0.514258 -2.41939 2.85884
-0.471955 -2.428 2.85884
-0.429509 -2.43586 2.85884
-0.386932 -2.44299 2.85884
-0.344237 -2.44937 2.85884
-0.301437 -2.45501 2.80016
-0.258545 -2.45989 2.80016
-0.215575 -2.46403 2.80016
-0.172539 -2.46742 2.80016
-0.12945 -2.47005 2.80016
-0.0863219 -2.47194 2.72617
-0.0431675 -2.47307 2.72617
-4.54364e-16 -2.47344 2.72617
0.0431675 -2.47307 2.72617
0.0863219 -2.47194 2.72617
0.12945 -2.47005 2.63951
0.172539 -2.46742 2.63951
0.215575 -2.46403 2.63951
0.258545 -2.45989 2.63951
0.301437 -2.45501 2.63951
0.344237 -2.44937 2.54353
0.386932 -2.44299 2.54353
0.429509 -2.43586 2.54353
0.471955 -2.428 2.54353
0.514258 -2.41939 2.54353
0.556403 -2.41005 2.44214
0.59838 -2.39997 2.44214
0.640174 -2.38916 2.44214
0.681773 -2.37763 2.44214
0.723164 -2.36536 2.44214
0.764336 -2.35238 2.33967
0.805274 -2.33869 2.33967
0.845967 -2.32428 2.33967
0.886402 -2.30916 2.33967
0.926568 -2.29334 2.33967
0.966451 -2.27682 2.24058
1.00604 -2.2596 2.24058
1.04532 -2.2417 2.24058
1.08429 -2.22312 2.24058
1.12292 -2.20385 2.24058
1.16121 -2.18392 2.14911
1.19915 -2.16332 2.14911
1.23672 -2.14206 2.14911
1.27392 -2.12015 2.14911
1.31072 -2.0976 2.14911
1.34713 -2.0744 2.06897
1.38313 -2.05058 2.06897
1.41871 -2.02613 2.06897
1.45385 -2.00106 2.06897
1.48855 -1.97538 2.06897
1.5228 -1.9491 2.00303
1.55659 -1.92223 2.00303
1.5899 -1.89477 2.00303
1.62272 -1.86673 2.00303
1.65506 -1.83813 2.00303
1.68688 -1.80896 1.95301
1.7182 -1.77925 1.95301
1.74899 -1.74899 1.95301
1.77925 -1.7182 1.95301
1.80896 -1.68688 1.95301
1.83813 -1.65506 1.91933
1.86673 -1.62272 1.91933
1.89477 -1.5899 1.91933
1.92223 -1.55659 1.91933
1.9491 -1.5228 1.91933
1.97538 -1.48855 1.90111
2.00106 -1.45385 1.90111
2.02613 -1.41871 1.90111
2.05058 -1.38313 1.90111
2.0744 -1.34713 1.90111
2.0976 -1.31072 1.89623
2.12015 -1.27392 1.89623
2.14206 -1.23672 1.89623
2.16332 -1.19915 1.89623
2.18392 -1.16121 1.89623
2.20385 -1.12292 1.90162
2.22312 -1.08429 1.90162
2.2417 -1.04532 1.90162
2.2596 -1.00604 1.90162
2.27682 -0.966451 1.90162
2.29334 -0.926568 1.91361
2.30916 -0.886402 1.91361
2.32428 -0.845967 1.91361
2.33869 -0.805274 1.91361
2.35238 -0.764336 1.91361
2.36536 -0.723164 1.92833
2.37763 -0.681773 1.92833
2.38916 -0.640174 1.92833
2.39997 -0.59838 1.92833
2.41005 -0.556403 1.92833
2.41939 -0.514258 1.9422
2.428 -0.471955 1.9422
2.43586 -0.429509 1.9422
2.44299 -0.386932 1.9422
2.44937 -0.344237 1.9422
2.45501 -0.301437 1.95229
2.45989 -0.258545 1.95229
2.46403 -0.215575 1.95229
2.46742 -0.172539 1.95229
2.47005 -0.12945 1.95229
2.47194 -0.0863219 1.98025
2.47307 -0.0431675 1.98025

2.55323 0 1.9407
2.55284 0.04456 1.9407
2.55168 0.0891065 1.9407
2.54973 0.133626 1.93758
2.54701 0.178104 1.93758
2.54351 0.222529 1.93758
2.53924 0.266885 1.93758
2.5342 0.311161 1.92647
2.52838 0.355341 1.92647
2.5218 0.399413 1.92647
2.51444 0.443364 1.92647
2.50632 0.487179 1.92647
2.49744 0.530846 1.90931
2.48779 0.574352 1.90931
2.47739 0.617682 1.90931
2.46623 0.660825 1.90931
2.45432 0.703766 1.90931
2.44167 0.746492 1.8891
2.42827 0.788992 1.8891
2.41413 0.831251 1.8891
2.39925 0.873256 1.8891
2.38365 0.914996 1.8696
2.36731 0.956457 1.8696
2.35026 0.997627 1.8696
2.33249 1.03849 1.8696
2.31401 1.07904 1.8696
2.29483 1.11926 1.85496
2.27495 1.15914 1.85496
2.25437 1.19867 1.85496
2.23311 1.23783 1.85496
2.21116 1.27662 1.84931
2.18855 1.31501 1.84931
2.16526 1.35301 1.84931
2.14132 1.39059 1.84931
2.11672 1.42775 1.84931
2.09148 1.46447 1.85635
2.06561 1.50075 1.85635
2.0391 1.53657 1.85635
2.01197 1.57193 1.85635
1.98423 1.6068 1.85635
1.95589 1.64118 1.879
1.92695 1.67507 1.879
1.89742 1.70844 1.879
1.86731 1.7413 1.879
1.83664 1.77362 1.91906
1.80541 1.80541 1.91906
1.77362 1.83664 1.91906
1.7413 1.86731 1.91906
1.70844 1.89742 1.91906
1.67507 1.92695 1.97709
1.64118 1.95589 1.97709
1.6068 1.98423 1.97709
1.57193 2.01197 1.97709
1.53657 2.0391 1.97709
1.50075 2.06561 2.05233
1.46447 2.09148 2.05233
1.42775 2.11672 2.05233
1.39059 2.14132 2.05233
1.35301 2.16526 2.14277
1.31501 2.18855 2.14277
1.27662 2.21116 2.14277
1.23783 2.23311 2.14277
1.19867 2.25437 2.14277
1.15914 2.27495 2.24528
1.11926 2.29483 2.24528
1.07904 2.31401 2.24528
1.03849 2.33249 2.24528
0.997627 2.35026 2.35598
0.956457 2.36731 2.35598
0.914996 2.38365 2.35598
0.873256 2.39925 2.35598
0.831251 2.41413 2.35598
0.788992 2.42827 2.47047
0.746492 2.44167 2.47047
0.703766 2.45432 2.47047
0.660825 2.46623 2.47047
0.617682 2.47739 2.47047
0.574352 2.48779 2.58417
0.530846 2.49744 2.58417
0.487179 2.50632 2.58417
0.443364 2.51444 2.58417
0.399413 2.5218 2.69267
0.355341 2.52838 2.69267
0.311161 2.5342 2.69267
0.266885 2.53924 2.69267
0.222529 2.54351 2.69267
0.178104 2.54701 2.79193
0.133626 2.54973 2.79193
0.0891065 2.55168 2.79193
0.04456 2.55284 2.79193
1.5634e-16 2.55323 2.87851
-0.04456 2.55284 2.87851
-0.0891065 2.55168 2.87851
-0.133626 2.54973 2.87851
-0.178104 2.54701 2.87851
-0.222529 2.54351 2.94964
-0.266885 2.53924 2.94964
-0.311161 2.5342 2.94964
-0.355341 2.52838 2.94964
-0.399413 2.5218 2.94964
-0.443364 2.51444 3.00331
-0.487179 2.50632 3.00331
-0.530846 2.49744 3.00331
-0.574352 2.48779 3.00331
-0.617682 2.47739 3.03821
-0.660825 2.46623 3.03821
-0.703766 2.45432 3.03821
-0.746492 2.44167 3.03821
-0.788992 2.42827 3.03821
-0.831251 2.41413 3.05369
-0.873256 2.39925 3.05369
-0.914996 2.38365 3.05369
-0.956457 2.36731 3.05369
-0.997627 2.35026 3.05369
-1.03849 2.33249 3.04973
-1.07904 2.31401 3.04973
-1.11926 2.29483 3.04973
-1.15914 2.27495 3.04973
-1.19867 2.25437 3.02689
-1.23783 2.23311 3.02689
-1.27662 2.21116 3.02689
-1.31501 2.18855 3.02689
-1.35301 2.16526 3.02689
-1.39059 2.14132 2.98622
-1.42775 2.11672 2.98622
-1.46447 2.09148 2.98622
-1.50075 2.06561 2.98622
-1.53657 2.0391 2.92932
-1.57193 2.01197 2.92932
-1.6068 1.98423 2.92932
-1.64118 1.95589 2.92932
-1.67507 1.92695 2.92932
-1.70844 1.89742 2.85835
-1.7413 1.86731 2.85835
-1.77362 1.83664 2.85835
-1.80541 1.80541 2.85835
-1.83664 1.77362 2.85835
-1.86731 1.7413 2.77605
-1.89742 1.70844 2.77605
-1.92695 1.67507 2.77605
-1.95589 1.64118 2.77605
-1.98423 1.6068 2.68571
-2.01197 1.57193 2.68571
-2.0391 1.53657 2.68571
-2.06561 1.50075 2.68571
-2.09148 1.46447 2.68571
-2.11672 1.42775 2.59114
-2.14132 1.39059 2.59114
-2.16526 1.35301 2.59114
-2.18855 1.31501 2.59114
-2.21116 1.27662 2.49656
-2.23311 1.23783 2.49656
-2.25437 1.19867 2.49656
-2.27495 1.15914 2.49656
-2.29483 1.11926 2.49656
-2.31401 1.07904 2.40642
-2.33249 1.03849 2.40642
-2.35026 0.997627 2.40642
-2.36731 0.956457 2.40642
-2.38365 0.914996 2.40642
-2.39925 0.873256 2.32517
-2.41413 0.831251 2.32517
-2.42827 0.788992 2.32517
-2.44167 0.746492 2.32517
-2.45432 0.703766 2.25701
-2.46623 0.660825 2.25701
-2.47739 0.617682 2.25701
-2.48779 0.574352 2.25701
-2.49744 0.530846 2.25701
-2.50632 0.487179 2.20558
-2.51444 0.443364 2.20558
-2.5218 0.399413 2.20558
-2.52838 0.355341 2.20558
-2.5342 0.311161 2.20558
-2.53924 0.266885 2.17367
-2.54351 0.222529 2.17367
-2.54701 0.178104 2.17367
-2.54973 0.133626 2.17367
-2.55168 0.0891065 2.16305
-2.55284 0.04456 2.16305
-2.55323 3.12681e-16 2.16305
-2.55284 -0.04456 2.16305
-2.55168 -0.0891065 2.16305
-2.54973 -0.133626 2.17428
-2.54701 -0.178104 2.17428
-2.54351 -0.222529 2.17428
-2.53924 -0.266885 2.17428
-2.5342 -0.311161 2.20668
-2.52838 -0.355341 2.20668
-2.5218 -0.399413 2.20668
-2.51444 -0.443364 2.20668
-2.50632 -0.487179 2.20668
-2.49744 -0.530846 2.2584
-2.48779 -0.574352 2.2584
-2.47739 -0.617682 2.2584
-2.46623 -0.660825 2.2584
-2.45432 -0.703766 2.2584
-2.44167 -0.746492 2.3265
-2.42827 -0.788992 2.3265
-2.41413 -0.831251 2.3265
-2.39925 -0.873256 2.3265
-2.38365 -0.914996 2.40727
-2.36731 -0.956457 2.40727
-2.35026 -0.997627 2.40727
-2.33249 -1.03849 2.40727
-2.31401 -1.07904 2.40727
-2.29483 -1.11926 2.49642
-2.27495 -1.15914 2.49642
-2.25437 -1.19867 2.49642
-2.23311 -1.23783 2.49642
-2.21116 -1.27662 2.49642
-2.18855 -1.31501 2.58944
-2.16526 -1.35301 2.58944
-2.14132 -1.39059 2.58944
-2.11672 -1.42775 2.58944
-2.09148 -1.46447 2.68184
-2.06561 -1.50075 2.68184
-2.0391 -1.53657 2.68184
-2.01197 -1.57193 2.68184
-1.98423 -1.6068 2.68184
-1.95589 -1.64118 2.76938
-1.92695 -1.67507 2.76938
-1.89742 -1.70844 2.76938
-1.86731 -1.7413 2.76938
-1.83664 -1.77362 2.84829
-1.80541 -1.80541 2.84829
-1.77362 -1.83664 2.84829
-1.7413 -1.86731 2.84829
-1.70844 -1.89742 2.84829
-1.67507 -1.92695 2.91534
-1.64118 -1.95589 2.91534
-1.6068 -1.98423 2.91534
-1.57193 -2.01197 2.91534
-1.53657 -2.0391 2.91534
-1.50075 -2.06561 2.96791
-1.46447 -2.09148 2.96791
-1.42775 -2.11672 2.96791
-1.39059 -2.14132 2.96791
-1.35301 -2.16526 3.00396
-1.31501 -2.18855 3.00396
-1.27662 -2.21116 3.00396
-1.23783 -2.23311 3.00396
-1.19867 -2.25437 3.00396
-1.15914 -2.27495 3.02208
-1.11926 -2.29483 3.02208
-1.07904 -2.31401 3.02208
-1.03849 -2.33249 3.02208
-0.997627 -2.35026 3.0214
-0.956457 -2.36731 3.0214
-0.914996 -2.38365 3.0214
-0.873256 -2.39925 3.0214
-0.831251 -2.41413 3.0214
-0.788992 -2.42827 3.00155
-0.746492 -2.44167 3.00155
-0.703766 -2.45432 3.00155
-0.660825 -2.46623 3.00155
-0.617682 -2.47739 3.00155
-0.574352 -2.48779 2.96275
-0.530846 -2.49744 2.96275
-0.487179 -2.50632 2.96275
-0.443364 -2.51444 2.96275
-0.399413 -2.5218 2.90581
-0.355341 -2.52838 2.90581
-0.311161 -2.5342 2.90581
-0.266885 -2.53924 2.90581
-0.222529 -2.54351 2.90581
-0.178104 -2.54701 2.83216
-0.133626 -2.54973 2.83216
-0.0891065 -2.55168 2.83216
-0.04456 -2.55284 2.83216
-4.69021e-16 -2.55323 2.83216
0.04456 -2.55284 2.74393
0.0891065 -2.55168 2.74393
0.133626 -2.54973 2.74393
0.178104 -2.54701 2.74393
0.222529 -2.54351 2.64391
0.266885 -2.53924 2.64391
0.311161 -2.5342 2.64391
0.355341 -2.52838 2.64391
0.399413 -2.5218 2.64391
0.443364 -2.51444 2.53556
0.487179 -2.50632 2.53556
0.530846 -2.49744 2.53556
0.574352 -2.48779 2.53556
0.617682 -2.47739 2.42285
0.660825 -2.46623 2.42285
0.703766 -2.45432 2.42285
0.746492 -2.44167 2.42285
0.788992 -2.42827 2.42285
0.831251 -2.41413 2.31012
0.873256 -2.39925 2.31012
0.914996 -2.38365 2.31012
0.956457 -2.36731 2.31012
0.997627 -2.35026 2.31012
1.03849 -2.33249 2.20184
1.07904 -2.31401 2.20184
1.11926 -2.29483 2.20184
1.15914 -2.27495 2.20184
1.19867 -2.25437 2.10226
1.23783 -2.23311 2.10226
1.27662 -2.21116 2.10226
1.31501 -2.18855 2.10226
1.35301 -2.16526 2.10226
1.39059 -2.14132 2.01514
1.42775 -2.11672 2.01514
1.46447 -2.09148 2.01514
1.50075 -2.06561 2.01514
1.53657 -2.0391 1.94345
1.57193 -2.01197 1.94345
1.6068 -1.98423 1.94345
1.64118 -1.95589 1.94345
1.67507 -1.92695 1.94345
1.70844 -1.89742 1.88907
1.7413 -1.86731 1.88907
1.77362 -1.83664 1.88907
1.80541 -1.80541 1.88907
1.83664 -1.77362 1.88907
1.86731 -1.7413 1.85267
1.89742 -1.70844 1.85267
1.92695 -1.67507 1.85267
1.95589 -1.64118 1.85267
1.98423 -1.6068 1.8336
2.01197 -1.57193 1.8336
2.0391 -1.53657 1.8336
2.06561 -1.50075 1.8336
2.09148 -1.46447 1.8336
2.11672 -1.42775 1.82999
2.14132 -1.39059 1.82999
2.16526 -1.35301 1.82999
2.18855 -1.31501 1.82999
2.21116 -1.27662 1.82999
2.23311 -1.23783 1.83888
2.25437 -1.19867 1.83888
2.27495 -1.15914 1.83888
2.29483 -1.11926 1.83888
2.31401 -1.07904 1.85658
2.33249 -1.03849 1.85658
2.35026 -0.997627 1.85658
2.36731 -0.956457 1.85658
2.38365 -0.914996 1.85658
2.39925 -0.873256 1.87894
2.41413 -0.831251 1.87894
2.42827 -0.788992 1.87894
2.44167 -0.746492 1.87894
2.45432 -0.703766 1.90185
2.46623 -0.660825 1.90185
2.47739 -0.617682 1.90185
2.48779 -0.574352 1.90185
2.49744 -0.530846 1.90185
2.50632 -0.487179 1.92157
2.51444 -0.443364 1.92157
2.5218 -0.399413 1.92157
2.52838 -0.355341 1.92157
2.5342 -0.311161 1.92157
2.53924 -0.266885 1.93515
2.54351 -0.222529 1.93515
2.54701 -0.178104 1.93515
2.54973 -0.133626 1.93515
2.55168 -0.0891065 1.95673
2.55284 -0.04456 1.95673

2.63302 0 1.9407
2.63262 0.0459525 1.9407
2.63142 0.091891 1.9407
2.62941 0.137802 1.93758
2.62661 0.18367 1.93758
2.623 0.229483 1.93758
2.6186 0.275225 1.93758
2.61339 0.320884 1.92647
2.60739 0.366445 1.92647
2.6006 0.411895 1.92647
2.59302 0.457219 1.92647
2.58464 0.502404 1.92647
2.57548 0.547435 1.90931
2.56553 0.5923 1.90931
2.55481 0.636985 1.90931
2.5433 0.681475 1.90931
2.53102 0.725758 1.90931
2.51797 0.76982 1.8891
2.50415 0.813648 1.8891
2.48957 0.857227 1.8891
2.47423 0.900546 1.8891
2.45814 0.94359 1.8696
2.44129 0.986346 1.8696
2.42371 1.0288 1.8696
2.40538 1.07095 1.8696
2.38633 1.11276 1.8696
2.36654 1.15424 1.85496
2.34604 1.19537 1.85496
2.32482 1.23613 1.85496
2.30289 1.27651 1.85496
2.28026 1.31651 1.84931
2.25694 1.35611 1.84931
2.23293 1.39529 1.84931
2.20824 1.43404 1.84931
2.18287 1.47237 1.84931
2.15684 1.51024 1.85635
2.13016 1.54765 1.85635
2.10282 1.58459 1.85635
2.07485 1.62105 1.85635
2.04624 1.65701 1.85635
2.01701 1.69247 1.879
1.98716 1.72742 1.879
1.95671 1.76183 1.879
1.92567 1.79571 1.879
1.89404 1.82905 1.91906
1.86183 1.86183 1.91906
1.82905 1.89404 1.91906
1.79571 1.92567 1.91906
1.76183 1.95671 1.91906
1.72742 1.98716 1.97709
1.69247 2.01701 1.97709
1.65701 2.04624 1.97709
1.62105 2.07485 1.97709
1.58459 2.10282 1.97709
1.54765 2.13016 2.05233
1.51024 2.15684 2.05233
1.47237 2.18287 2.05233
1.43404 2.20824 2.05233
1.39529 2.23293 2.14277
1.35611 2.25694 2.14277
1.31651 2.28026 2.14277
1.27651 2.30289 2.14277
1.23613 2.32482 2.14277
1.19537 2.34604 2.24528
1.15424 2.36654 2.24528
1.11276 2.38633 2.24528
1.07095 2.40538 2.24528
1.0288 2.42371 2.35598
0.986346 2.44129 2.35598
0.94359 2.45814 2.35598
0.900546 2.47423 2.35598
0.857227 2.48957 2.35598
0.813648 2.50415 2.47047
0.76982 2.51797 2.47047
0.725758 2.53102 2.47047
0.681475 2.5433 2.47047
0.636985 2.55481 2.47047
0.5923 2.56553 2.58417
0.547435 2.57548 2.58417
0.502404 2.58464 2.58417
0.457219 2.59302 2.58417
0.411895 2.6006 2.69267
0.366445 2.60739 2.69267
0.320884 2.61339 2.69267
0.275225 2.6186 2.69267
0.229483 2.623 2.69267
0.18367 2.62661 2.79193
0.137802 2.62941 2.79193
0.091891 2.63142 2.79193
0.0459525 2.63262 2.79193
1.61226e-16 2.63302 2.87851
-0.0459525 2.63262 2.87851
-0.091891 2.63142 2.87851
-0.137802 2.62941 2.87851
-0.18367 2.62661 2.87851
-0.229483 2.623 2.94964
-0.275225 2.6186 2.94964
-0.320884 2.61339 2.94964
-0.366445 2.60739 2.94964
-0.411895 2.6006 2.94964
-0.457219 2.59302 3.00331
-0.502404 2.58464 3.00331
-0.547435 2.57548 3.00331
-0.5923 2.56553 3.00331
-0.636985 2.55481 3.03821
-0.681475 2.5433 3.03821
-0.725758 2.53102 3.03821
-0.76982 2.51797 3.03821
-0.813648 2.50415 3.03821
-0.857227 2.48957 3.05369
-0.900546 2.47423 3.05369
-0.94359 2.45814 3.05369
-0.986346 2.44129 3.05369
-1.0288 2.42371 3.05369
-1.07095 2.40538 3.04973
-1.11276 2.38633 3.04973
-1.15424 2.36654 3.04973
-1.19537 2.34604 3.04973
-1.23613 2.32482 3.02689
-1.27651 2.30289 3.02689
-1.31651 2.28026 3.02689
-1.35611 2.25694 3.02689
-1.39529 2.23293 3.02689
-1.43404 2.20824 2.98622
-1.47237 2.18287 2.98622
-1.51024 2.15684 2.98622
-1.54765 2.13016 2.98622
-1.58459 2.10282 2.92932
-1.62105 2.07485 2.92932
-1.65701 2.04624 2.92932
-1.69247 2.01701 2.92932
-1.72742 1.98716 2.92932
-1.76183 1.95671 2.85835
-1.79571 1.92567 2.85835
-1.82905 1.89404 2.85835
-1.86183 1.86183 2.85835
-1.89404 1.82905 2.85835
-1.92567 1.79571 2.77605
-1.95671 1.76183 2.77605
-1.98716 1.72742 2.77605
-2.01701 1.69247 2.77605
-2.04624 1.65701 2.68571
-2.07485 1.62105 2.68571
-2.10282 1.58459 2.68571
-2.13016 1.54765 2.68571
-2.15684 1.51024 2.68571
-2.18287 1.47237 2.59114
-2.20824 1.43404 2.59114
-2.23293 1.39529 2.59114
-2.25694 1.35611 2.59114
-2.28026 1.31651 2.49656
-2.30289 1.27651 2.49656
-2.32482 1.23613 2.49656
-2.34604 1.19537 2.49656
-2.36654 1.15424 2.49656
-2.38633 1.11276 2.40642
-2.40538 1.07095 2.40642
-2.42371 1.0288 2.40642
-2.44129 0.986346 2.40642
-2.45814 0.94359 2.40642
-2.47423 0.900546 2.32517
-2.48957 0.857227 2.32517
-2.50415 0.813648 2.32517
-2.51797 0.76982 2.32517
-2.53102 0.725758 2.25701
-2.5433 0.681475 2.25701
-2.55481 0.636985 2.25701
-2.56553 0.5923 2.25701
-2.57548 0.547435 2.25701
-2.58464 0.502404 2.20558
-2.59302 0.457219 2.20558
-2.6006 0.411895 2.20558
-2.60739 0.366445 2.20558
-2.61339 0.320884 2.20558
-2.6186 0.275225 2.17367
-2.623 0.229483 2.17367
-2.62661 0.18367 2.17367
-2.62941 0.137802 2.17367
-2.63142 0.091891 2.16305
-2.63262 0.0459525 2.16305
-2.63302 3.22452e-16 2.16305
-2.63262 -0.0459525 2.16305
-2.63142 -0.091891 2.16305
-2.62941 -0.137802 2.17428
-2.62661 -0.18367 2.17428
-2.623 -0.229483 2.17428
-2.6186 -0.275225 2.17428
-2.61339 -0.320884 2.20668
-2.60739 -0.366445 2.20668
-2.6006 -0.411895 2.20668
-2.59302 -0.457219 2.20668
-2.58464 -0.502404 2.20668
-2.57548 -0.547435 2.2584
-2.56553 -0.5923 2.2584
-2.55481 -0.636985 2.2584
-2.5433 -0.681475 2.2584
-2.53102 -0.725758 2.2584
-2.51797 -0.76982 2.3265
-2.50415 -0.813648 2.3265
-2.48957 -0.857227 2.3265
-2.47423 -0.900546 2.3265
-2.45814 -0.94359 2.40727
-2.44129 -0.986346 2.40727
-2.42371 -1.0288 2.40727
-2.40538 -1.07095 2.40727
-2.38633 -1.11276 2.40727
-2.36654 -1.15424 2.49642
-2.34604 -1.19537 2.49642
-2.32482 -1.23613 2.49642
-2.30289 -1.27651 2.49642
-2.28026 -1.31651 2.49642
-2.25694 -1.35611 2.58944
-2.23293 -1.39529 2.58944
-2.20824 -1.43404 2.58944
-2.18287 -1.47237 2.58944
-2.15684 -1.51024 2.68184
-2.13016 -1.54765 2.68184
-2.10282 -1.58459 2.68184
-2.07485 -1.62105 2.68184
-2.04624 -1.65701 2.68184
-2.01701 -1.69247 2.76938
-1.98716 -1.72742 2.76938
-1.95671 -1.76183 2.76938
-1.92567 -1.79571 2.76938
-1.89404 -1.82905 2.84829
-1.86183 -1.86183 2.84829
-1.82905 -1.89404 2.84829
-1.79571 -1.92567 2.84829
-1.76183 -1.95671 2.84829
-1.72742 -1.98716 2.91534
-1.69247 -2.01701 2.91534
-1.65701 -2.04624 2.91534
-1.62105 -2.07485 2.91534
-1.58459 -2.10282 2.91534
-1.54765 -2.13016 2.96791
-1.51024 -2.15684 2.96791
-1.47237 -2.18287 2.96791
-1.43404 -2.20824 2.96791
-1.39529 -2.23293 3.00396
-1.35611 -2.25694 3.00396
-1.31651 -2.28026 3.00396
-1.27651 -2.30289 3.00396
-1.23613 -2.32482 3.00396
-1.19537 -2.34604 3.02208
-1.15424 -2.36654 3.02208
-1.11276 -2.38633 3.02208
-1.07095 -2.40538 3.02208
-1.0288 -2.42371 3.0214
-0.986346 -2.44129 3.0214
-0.94359 -2.45814 3.0214
-0.900546 -2.47423 3.0214
-0.857227 -2.48957 3.0214
-0.813648 -2.50415 3.00155
-0.76982 -2.51797 3.00155
-0.725758 -2.53102 3.00155
-0.681475 -2.5433 3.00155
-0.636985 -2.55481 3.00155
-0.5923 -2.56553 2.96275
-0.547435 -2.57548 2.96275
-0.502404 -2.58464 2.96275
-0.457219 -2.59302 2.96275
-0.411895 -2.6006 2.90581
-0.366445 -2.60739 2.90581
-0.320884 -2.61339 2.90581
-0.275225 -2.6186 2.90581
-0.229483 -2.623 2.90581
-0.18367 -2.62661 2.83216
-0.137802 -2.62941 2.83216
-0.091891 -2.63142 2.83216
-0.0459525 -2.63262 2.83216
-4.83678e-16 -2.63302 2.83216
0.0459525 -2.63262 2.74393
0.091891 -2.63142 2.74393
0.137802 -2.62941 2.74393
0.18367 -2.62661 2.74393
0.229483 -2.623 2.64391
0.275225 -2.6186 2.64391
0.320884 -2.61339 2.64391
0.366445 -2.60739 2.64391
0.411895 -2.6006 2.64391
0.457219 -2.59302 2.53556
0.502404 -2.58464 2.53556
0.547435 -2.57548 2.53556
0.5923 -2.56553 2.53556
0.636985 -2.55481 2.42285
0.681475 -2.5433 2.42285
0.725758 -2.53102 2.42285
0.76982 -2.51797 2.42285
0.813648 -2.50415 2.42285
0.857227 -2.48957 2.31012
0.900546 -2.47423 2.31012
0.94359 -2.45814 2.31012
0.986346 -2.44129 2.31012
1.0288 -2.42371 2.31012
1.07095 -2.40538 2.20184
1.11276 -2.38633 2.20184
1.15424 -2.36654 2.20184
1.19537 -2.34604 2.20184
1.23613 -2.32482 2.10226
1.27651 -2.30289 2.10226
1.31651 -2.28026 2.10226
1.35611 -2.25694 2.10226
1.39529 -2.23293 2.10226
1.43404 -2.20824 2.01514
1.47237 -2.18287 2.01514
1.51024 -2.15684 2.01514
1.54765 -2.13016 2.01514
1.58459 -2.10282 1.94345
1.62105 -2.07485 1.94345
1.65701 -2.04624 1.94345
1.69247 -2.01701 1.94345
1.72742 -1.98716 1.94345
1.76183 -1.95671 1.88907
1.79571 -1.92567 1.88907
1.82905 -1.89404 1.88907
1.86183 -1.86183 1.88907
1.89404 -1.82905 1.88907
1.92567 -1.79571 1.85267
1.95671 -1.76183 1.85267
1.98716 -1.72742 1.85267
2.01701 -1.69247 1.85267
2.04624 -1.65701 1.8336
2.07485 -1.62105 1.8336
2.10282 -1.58459 1.8336
2.13016 -1.54765 1.8336
2.15684 -1.51024 1.8336
2.18287 -1.47237 1.82999
2.20824 -1.43404 1.82999
2.23293 -1.39529 1.82999
2.25694 -1.35611 1.82999
2.28026 -1.31651 1.82999
2.30289 -1.27651 1.83888
2.32482 -1.23613 1.83888
2.34604 -1.19537 1.83888
2.36654 -1.15424 1.83888
2.38633 -1.11276 1.85658
2.40538 -1.07095 1.85658
2.42371 -1.0288 1.85658
2.44129 -0.986346 1.85658
2.45814 -0.94359 1.85658
2.47423 -0.900546 1.87894
2.48957 -0.857227 1.87894
2.50415 -0.813648 1.87894
2.51797 -0.76982 1.87894
2.53102 -0.725758 1.90185
2.5433 -0.681475 1.90185
2.55481 -0.636985 1.90185
2.56553 -0.5923 1.90185
2.57548 -0.547435 1.90185
2.58464 -0.502404 1.92157
2.59302 -0.457219 1.92157
2.6006 -0.411895 1.92157
2.60739 -0.366445 1.92157
2.61339 -0.320884 1.92157
2.6186 -0.275225 1.93515
2.623 -0.229483 1.93515
2.62661 -0.18367 1.93515
2.62941 -0.137802 1.93515
2.63142 -0.091891 1.95673
2.63262 -0.0459525 1.95673

2.71281 0 1.93355
2.71239 0.047345 1.93355
2.71115 0.0946756 1.93355
2.70909 0.141977 1.9291
2.7062 0.189236 1.9291
2.70248 0.236437 1.9291
2.69795 0.283566 1.9291
2.69259 0.330608 1.91421
2.68641 0.37755 1.91421
2.67941 0.424377 1.91421
2.67159 0.471074 1.91421
2.66297 0.517628 1.8908
2.65353 0.564024 1.8908
2.64328 0.610249 1.8908
2.63223 0.656288 1.8908
2.62037 0.702126 1.86193
2.60772 0.747751 1.86193
2.59427 0.793148 1.86193
2.58003 0.838304 1.86193
2.56501 0.883204 1.86193
2.54921 0.927835 1.83145
2.53262 0.972183 1.83145
2.51527 1.01624 1.83145
2.49715 1.05998 1.83145
2.47827 1.1034 1.80374
2.45864 1.14648 1.80374
2.43826 1.18922 1.80374
2.41713 1.23159 1.80374
2.39527 1.27359 1.78331
2.37267 1.3152 1.78331
2.34936 1.3564 1.78331
2.32533 1.3972 1.78331
2.30059 1.43757 1.78331
2.27515 1.4775 1.77441
2.24902 1.51698 1.77441
2.2222 1.556 1.77441
2.19471 1.59455 1.77441
2.16654 1.63261 1.78067
2.13772 1.67017 1.78067
2.10825 1.70723 1.78067
2.07813 1.74376 1.78067
2.04738 1.77976 1.8048
2.01601 1.81522 1.8048
1.98402 1.85013 1.8048
1.95143 1.88447 1.8048
1.91824 1.91824 1.84836
1.88447 1.95143 1.84836
1.85013 1.98402 1.84836
1.81522 2.01601 1.84836
1.77976 2.04738 1.84836
1.74376 2.07813 1.91164
1.70723 2.10825 1.91164
1.67017 2.13772 1.91164
1.63261 2.16654 1.91164
1.59455 2.19471 1.99362
1.556 2.2222 1.99362
1.51698 2.24902 1.99362
1.4775 2.27515 1.99362
1.43757 2.30059 2.09209
1.3972 2.32533 2.09209
1.3564 2.34936 2.09209
1.3152 2.37267 2.09209
1.27359 2.39527 2.09209
1.23159 2.41713 2.20383
1.18922 2.43826 2.20383
1.14648 2.45864 2.20383
1.1034 2.47827 2.20383
1.05998 2.49715 2.32482
1.01624 2.51527 2.32482
0.972183 2.53262 2.32482
0.927835 2.54921 2.32482
0.883204 2.56501 2.45062
0.838304 2.58003 2.45062
0.793148 2.59427 2.45062
0.747751 2.60772 2.45062
0.702126 2.62037 2.57662
0.656288 2.63223 2.57662
0.610249 2.64328 2.57662
0.564024 2.65353 2.57662
0.517628 2.66297 2.57662
0.471074 2.67159 2.69834
0.424377 2.67941 2.69834
0.37755 2.68641 2.69834
0.330608 2.69259 2.69834
0.283566 2.69795 2.81165
0.236437 2.70248 2.81165
0.189236 2.7062 2.81165
0.141977 2.70909 2.81165
0.0946756 2.71115 2.913
0.047345 2.71239 2.913
1.66112e-16 2.71281 2.913
-0.047345 2.71239 2.913
-0.0946756 2.71115 2.913
-0.141977 2.70909 2.99949
-0.189236 2.7062 2.99949
-0.236437 2.70248 2.99949
-0.283566 2.69795 2.99949
-0.330608 2.69259 3.06891
-0.37755 2.68641 3.06891
-0.424377 2.67941 3.06891
-0.471074 2.67159 3.06891
-0.517628 2.66297 3.11974
-0.564024 2.65353 3.11974
-0.610249 2.64328 3.11974
-0.656288 2.63223 3.11974
-0.702126 2.62037 3.15106
-0.747751 2.60772 3.15106
-0.793148 2.59427 3.15106
-0.838304 2.58003 3.15106
-0.883204 2.56501 3.15106
-0.927835 2.54921 3.16253
-0.972183 2.53262 3.16253
-1.01624 2.51527 3.16253
-1.05998 2.49715 3.16253
-1.1034 2.47827 3.15428
-1.14648 2.45864 3.15428
-1.18922 2.43826 3.15428
-1.23159 2.41713 3.15428
-1.27359 2.39527 3.1269
-1.3152 2.37267 3.1269
-1.3564 2.34936 3.1269
-1.3972 2.32533 3.1269
-1.43757 2.30059 3.1269
-1.4775 2.27515 3.08135
-1.51698 2.24902 3.08135
-1.556 2.2222 3.08135
-1.59455 2.19471 3.08135
-1.63261 2.16654 3.01903
-1.67017 2.13772 3.01903
-1.70723 2.10825 3.01903
-1.74376 2.07813 3.01903
-1.77976 2.04738 2.94181
-1.81522 2.01601 2.94181
-1.85013 1.98402 2.94181
-1.88447 1.95143 2.94181
-1.91824 1.91824 2.85206
-1.95143 1.88447 2.85206
-1.98402 1.85013 2.85206
-2.01601 1.81522 2.85206
-2.04738 1.77976 2.85206
-2.07813 1.74376 2.7527
-2.10825 1.70723 2.7527
-2.13772 1.67017 2.7527
-2.16654 1.63261 2.7527
-2.19471 1.59455 2.64715
-2.2222 1.556 2.64715
-2.24902 1.51698 2.64715
-2.27515 1.4775 2.64715
-2.30059 1.43757 2.53932
-2.32533 1.3972 2.53932
-2.34936 1.3564 2.53932
-2.37267 1.3152 2.53932
-2.39527 1.27359 2.53932
-2.41713 1.23159 2.43347
-2.43826 1.18922 2.43347
-2.45864 1.14648 2.43347
-2.47827 1.1034 2.43347
-2.49715 1.05998 2.33404
-2.51527 1.01624 2.33404
-2.53262 0.972183 2.33404
-2.54921 0.927835 2.33404
-2.56501 0.883204 2.24543
-2.58003 0.838304 2.24543
-2.59427 0.793148 2.24543
-2.60772 0.747751 2.24543
-2.62037 0.702126 2.17175
-2.63223 0.656288 2.17175
-2.64328 0.610249 2.17175
-2.65353 0.564024 2.17175
-2.66297 0.517628 2.17175
-2.67159 0.471074 2.11652
-2.67941 0.424377 2.11652
-2.68641 0.37755 2.11652
-2.69259 0.330608 2.11652
-2.69795 0.283566 2.08247
-2.70248 0.236437 2.08247
-2.7062 0.189236 2.08247
-2.70909 0.141977 2.08247
-2.71115 0.0946756 2.07127
-2.71239 0.047345 2.07127
-2.71281 3.32223e-16 2.07127
-2.71239 -0.047345 2.07127
-2.71115 -0.0946756 2.07127
-2.70909 -0.141977 2.08347
-2.7062 -0.189236 2.08347
-2.70248 -0.236437 2.08347
-2.69795 -0.283566 2.08347
-2.69259 -0.330608 2.11843
-2.68641 -0.37755 2.11843
-2.67941 -0.424377 2.11843
-2.67159 -0.471074 2.11843
-2.66297 -0.517628 2.17435
-2.65353 -0.564024 2.17435
-2.64328 -0.610249 2.17435
-2.63223 -0.656288 2.17435
-2.62037 -0.702126 2.17435
-2.60772 -0.747751 2.24841
-2.59427 -0.793148 2.24841
-2.58003 -0.838304 2.24841
-2.56501 -0.883204 2.24841
-2.54921 -0.927835 2.33699
-2.53262 -0.972183 2.33699
-2.51527 -1.01624 2.33699
-2.49715 -1.05998 2.33699
-2.47827 -1.1034 2.43589
-2.45864 -1.14648 2.43589
-2.43826 -1.18922 2.43589
-2.41713 -1.23159 2.43589
-2.39527 -1.27359 2.54063
-2.37267 -1.3152 2.54063
-2.34936 -1.3564 2.54063
-2.32533 -1.3972 2.54063
-2.30059 -1.43757 2.54063
-2.27515 -1.4775 2.64671
-2.24902 -1.51698 2.64671
-2.2222 -1.556 2.64671
-2.19471 -1.59455 2.64671
-2.16654 -1.63261 2.74985
-2.13772 -1.67017 2.74985
-2.10825 -1.70723 2.74985
-2.07813 -1.74376 2.74985
-2.04738 -1.77976 2.84612
-2.01601 -1.81522 2.84612
-1.98402 -1.85013 2.84612
-1.95143 -1.88447 2.84612
-1.91824 -1.91824 2.84612
-1.88447 -1.95143 2.93215
-1.85013 -1.98402 2.93215
-1.81522 -2.01601 2.93215
-1.77976 -2.04738 2.93215
-1.74376 -2.07813 3.00508
-1.70723 -2.10825 3.00508
-1.67017 -2.13772 3.00508
-1.63261 -2.16654 3.00508
-1.59455 -2.19471 3.06265
-1.556 -2.2222 3.06265
-1.51698 -2.24902 3.06265
-1.4775 -2.27515 3.06265
-1.43757 -2.30059 3.10314
-1.3972 -2.32533 3.10314
-1.3564 -2.34936 3.10314
-1.3152 -2.37267 3.10314
-1.27359 -2.39527 3.10314
-1.23159 -2.41713 3.12532
-1.18922 -2.43826 3.12532
-1.14648 -2.45864 3.12532
-1.1034 -2.47827 3.12532
-1.05998 -2.49715 3.1284
-1.01624 -2.51527 3.1284
-0.972183 -2.53262 3.1284
-0.927835 -2.54921 3.1284
-0.883204 -2.56501 3.11202
-0.838304 -2.58003 3.11202
-0.793148 -2.59427 3.11202
-0.747751 -2.60772 3.11202
-0.702126 -2.62037 3.11202
-0.656288 -2.63223 3.07621
-0.610249 -2.64328 3.07621
-0.564024 -2.65353 3.07621
-0.517628 -2.66297 3.07621
-0.471074 -2.67159 3.02151
-0.424377 -2.67941 3.02151
-0.37755 -2.68641 3.02151
-0.330608 -2.69259 3.02151
-0.283566 -2.69795 2.94897
-0.236437 -2.70248 2.94897
-0.189236 -2.7062 2.94897
-0.141977 -2.70909 2.94897
-0.0946756 -2.71115 2.86023
-0.047345 -2.71239 2.86023
-4.98335e-16 -2.71281 2.86023
0.047345 -2.71239 2.86023
0.0946756 -2.71115 2.86023
0.141977 -2.70909 2.75756
0.189236 -2.7062 2.75756
0.236437 -2.70248 2.75756
0.283566 -2.69795 2.75756
0.330608 -2.69259 2.64387
0.37755 -2.68641 2.64387
0.424377 -2.67941 2.64387
0.471074 -2.67159 2.64387
0.517628 -2.66297 2.52272
0.564024 -2.65353 2.52272
0.610249 -2.64328 2.52272
0.656288 -2.63223 2.52272
0.702126 -2.62037 2.52272
0.747751 -2.60772 2.39813
0.793148 -2.59427 2.39813
0.838304 -2.58003 2.39813
0.883204 -2.56501 2.39813
0.927835 -2.54921 2.2745
0.972183 -2.53262 2.2745
1.01624 -2.51527 2.2745
1.05998 -2.49715 2.2745
1.1034 -2.47827 2.15631
1.14648 -2.45864 2.15631
1.18922 -2.43826 2.15631
1.23159 -2.41713 2.15631
1.27359 -2.39527 2.04788
1.3152 -2.37267 2.04788
1.3564 -2.34936 2.04788
1.3972 -2.32533 2.04788
1.43757 -2.30059 2.04788
1.4775 -2.27515 1.95305
1.51698 -2.24902 1.95305
1.556 -2.2222 1.95305
1.59455 -2.19471 1.95305
1.63261 -2.16654 1.87492
1.67017 -2.13772 1.87492
1.70723 -2.10825 1.87492
1.74376 -2.07813 1.87492
1.77976 -2.04738 1.81558
1.81522 -2.01601 1.81558
1.85013 -1.98402 1.81558
1.88447 -1.95143 1.81558
1.91824 -1.91824 1.81558
1.95143 -1.88447 1.77591
1.98402 -1.85013 1.77591
2.01601 -1.81522 1.77591
2.04738 -1.77976 1.77591
2.07813 -1.74376 1.75555
2.10825 -1.70723 1.75555
2.13772 -1.67017 1.75555
2.16654 -1.63261 1.75555
2.19471 -1.59455 1.75289
2.2222 -1.556 1.75289
2.24902 -1.51698 1.75289
2.27515 -1.4775 1.75289
2.30059 -1.43757 1.76516
2.32533 -1.3972 1.76516
2.34936 -1.3564 1.76516
2.37267 -1.3152 1.76516
2.39527 -1.27359 1.76516
2.41713 -1.23159 1.78873
2.43826 -1.18922 1.78873
2.45864 -1.14648 1.78873
2.47827 -1.1034 1.78873
2.49715 -1.05998 1.81934
2.51527 -1.01624 1.81934
2.53262 -0.972183 1.81934
2.54921 -0.927835 1.81934
2.56501 -0.883204 1.85252
2.58003 -0.838304 1.85252
2.59427 -0.793148 1.85252
2.60772 -0.747751 1.85252
2.62037 -0.702126 1.85252
2.63223 -0.656288 1.88391
2.64328 -0.610249 1.88391
2.65353 -0.564024 1.88391
2.66297 -0.517628 1.88391
2.67159 -0.471074 1.90969
2.67941 -0.424377 1.90969
2.68641 -0.37755 1.90969
2.69259 -0.330608 1.90969
2.69795 -0.283566 1.92687
2.70248 -0.236437 1.92687
2.7062 -0.189236 1.92687
2.70909 -0.141977 1.92687
2.71115 -0.0946756 1.9407
2.71239 -0.047345 1.9407

2.7926 0 1.93355
2.79217 0.0487375 1.93355
2.79089 0.0974602 1.93355
2.78877 0.146153 1.9291
2.78579 0.194802 1.9291
2.78197 0.243391 1.9291
2.7773 0.291906 1.9291
2.77178 0.340332 1.91421
2.76542 0.388654 1.91421
2.75821 0.436858 1.91421
2.75017 0.484929 1.91421
2.74129 0.532852 1.8908
2.73157 0.580613 1.8908
2.72102 0.628197 1.8908
2.70964 0.67559 1.8908
2.69744 0.722777 1.86193
2.68442 0.769744 1.86193
2.67057 0.816476 1.86193
2.65592 0.86296 1.86193
2.64045 0.90918 1.86193
2.62418 0.955124 1.83145
2.60711 1.00078 1.83145
2.58925 1.04612 1.83145
2.5706 1.09115 1.83145
2.55116 1.13585 1.80374
2.53095 1.1802 1.80374
2.50997 1.22419 1.80374
2.48822 1.26781 1.80374
2.46572 1.31104 1.78331
2.44246 1.35388 1.78331
2.41846 1.3963 1.78331
2.39372 1.43829 1.78331
2.36826 1.47985 1.78331
2.34207 1.52096 1.77441
2.31517 1.5616 1.77441
2.28756 1.60177 1.77441
2.25926 1.64145 1.77441
2.23027 1.68063 1.78067
2.2006 1.71929 1.78067
2.17025 1.75744 1.78067
2.13925 1.79505 1.78067
2.1076 1.83211 1.8048
2.0753 1.86861 1.8048
2.04238 1.90455 1.8048
2.00883 1.9399 1.8048
1.97466 1.97466 1.84836
1.9399 2.00883 1.84836
1.90455 2.04238 1.84836
1.86861 2.0753 1.84836
1.83211 2.1076 1.84836
1.79505 2.13925 1.91164
1.75744 2.17025 1.91164
1.71929 2.2006 1.91164
1.68063 2.23027 1.91164
1.64145 2.25926 1.99362
1.60177 2.28756 1.99362
1.5616 2.31517 1.99362
1.52096 2.34207 1.99362
1.47985 2.36826 2.09209
1.43829 2.39372 2.09209
1.3963 2.41846 2.09209
1.35388 2.44246 2.09209
1.31104 2.46572 2.09209
1.26781 2.48822 2.20383
1.22419 2.50997 2.20383
1.1802 2.53095 2.20383
1.13585 2.55116 2.20383
1.09115 2.5706 2.32482
1.04612 2.58925 2.32482
1.00078 2.60711 2.32482
0.955124 2.62418 2.32482
0.90918 2.64045 2.45062
0.86296 2.65592 2.45062
0.816476 2.67057 2.45062
0.769744 2.68442 2.45062
0.722777 2.69744 2.57662
0.67559 2.70964 2.57662
0.628197 2.72102 2.57662
0.580613 2.73157 2.57662
0.532852 2.74129 2.57662
0.484929 2.75017 2.69834
0.436858 2.75821 2.69834
0.388654 2.76542 2.69834
0.340332 2.77178 2.69834
0.291906 2.7773 2.81165
0.243391 2.78197 2.81165
0.194802 2.78579 2.81165
0.146153 2.78877 2.81165
0.0974602 2.79089 2.913
0.0487375 2.79217 2.913
1.70997e-16 2.7926 2.913
-0.0487375 2.79217 2.913
-0.0974602 2.79089 2.913
-0.146153 2.78877 2.99949
-0.194802 2.78579 2.99949
-0.243391 2.78197 2.99949
-0.291906 2.7773 2.99949
-0.340332 2.77178 3.06891
-0.388654 2.76542 3.06891
-0.436858 2.75821 3.06891
-0.484929 2.75017 3.06891
-0.532852 2.74129 3.11974
-0.580613 2.73157 3.11974
-0.628197 2.72102 3.11974
-0.67559 2.70964 3.11974
-0.722777 2.69744 3.15106
-0.769744 2.68442 3.15106
-0.816476 2.67057 3.15106
-0.86296 2.65592 3.15106
-0.90918 2.64045 3.15106
-0.955124 2.62418 3.16253
-1.00078 2.60711 3.16253
-1.04612 2.58925 3.16253
-1.09115 2.5706 3.16253
-1.13585 2.55116 3.15428
-1.1802 2.53095 3.15428
-1.22419 2.50997 3.15428
-1.26781 2.48822 3.15428
-1.31104 2.46572 3.1269
-1.35388 2.44246 3.1269
-1.3963 2.41846 3.1269
-1.43829 2.39372 3.1269
-1.47985 2.36826 3.1269
-1.52096 2.34207 3.08135
-1.5616 2.31517 3.08135
-1.60177 2.28756 3.08135
-1.64145 2.25926 3.08135
-1.68063 2.23027 3.01903
-1.71929 2.2006 3.01903
-1.75744 2.17025 3.01903
-1.79505 2.13925 3.01903
-1.83211 2.1076 2.94181
-1.86861 2.0753 2.94181
-1.90455 2.04238 2.94181
-1.9399 2.00883 2.94181
-1.97466 1.97466 2.85206
-2.00883 1.9399 2.85206
-2.04238 1.90455 2.85206
-2.0753 1.86861 2.85206
-2.1076 1.83211 2.85206
-2.13925 1.79505 2.7527
-2.17025 1.75744 2.7527
-2.2006 1.71929 2.7527
-2.23027 1.68063 2.7527
-2.25926 1.64145 2.64715
-2.28756 1.60177 2.64715
-2.31517 1.5616 2.64715
-2.34207 1.52096 2.64715
-2.36826 1.47985 2.53932
-2.39372 1.43829 2.53932
-2.41846 1.3963 2.53932
-2.44246 1.35388 2.53932
-2.46572 1.31104 2.53932
-2.48822 1.26781 2.43347
-2.50997 1.22419 2.43347
-2.53095 1.1802 2.43347
-2.55116 1.13585 2.43347
-2.5706 1.09115 2.33404
-2.58925 1.04612 2.33404
-2.60711 1.00078 2.33404
-2.62418 0.955124 2.33404
-2.64045 0.90918 2.24543
-2.65592 0.86296 2.24543
-2.67057 0.816476 2.24543
-2.68442 0.769744 2.24543
-2.69744 0.722777 2.17175
-2.70964 0.67559 2.17175
-2.72102 0.628197 2.17175
-2.73157 0.580613 2.17175
-2.74129 0.532852 2.17175
-2.75017 0.484929 2.11652
-2.75821 0.436858 2.11652
-2.76542 0.388654 2.11652
-2.77178 0.340332 2.11652
-2.7773 0.291906 2.08247
-2.78197 0.243391 2.08247
-2.78579 0.194802 2.08247
-2.78877 0.146153 2.08247
-2.79089 0.0974602 2.07127
-2.79217 0.0487375 2.07127
-2.7926 3.41994e-16 2.07127
-2.79217 -0.0487375 2.07127
-2.79089 -0.0974602 2.07127
-2.78877 -0.146153 2.08347
-2.78579 -0.194802 2.08347
-2.78197 -0.243391 2.08347
-2.7773 -0.291906 2.08347
-2.77178 -0.340332 2.11843
-2.76542 -0.388654 2.11843
-2.75821 -0.436858 2.11843
-2.75017 -0.484929 2.11843
-2.74129 -0.532852 2.17435
-2.73157 -0.580613 2.17435
-2.72102 -0.628197 2.17435
-2.70964 -0.67559 2.17435
-2.69744 -0.722777 2.17435
-2.68442 -0.769744 2.24841
-2.67057 -0.816476 2.24841
-2.65592 -0.86296 2.24841
-2.64045 -0.90918 2.24841
-2.62418 -0.955124 2.33699
-2.60711 -1.00078 2.33699
-2.58925 -1.04612 2.33699
-2.5706 -1.09115 2.33699
-2.55116 -1.13585 2.43589
-2.53095 -1.1802 2.43589
-2.50997 -1.22419 2.43589
-2.48822 -1.26781 2.43589
-2.46572 -1.31104 2.54063
-2.44246 -1.35388 2.54063
-2.41846 -1.3963 2.54063
-2.39372 -1.43829 2.54063
-2.36826 -1.47985 2.54063
-2.34207 -1.52096 2.64671
-2.31517 -1.5616 2.64671
-2.28756 -1.60177 2.64671
-2.25926 -1.64145 2.64671
-2.23027 -1.68063 2.74985
-2.2006 -1.71929 2.74985
-2.17025 -1.75744 2.74985
-2.13925 -1.79505 2.74985
-2.1076 -1.83211 2.84612
-2.0753 -1.86861 2.84612
-2.04238 -1.90455 2.84612
-2.00883 -1.9399 2.84612
-1.97466 -1.97466 2.84612
-1.9399 -2.00883 2.93215
-1.90455 -2.04238 2.93215
-1.86861 -2.0753 2.93215
-1.83211 -2.1076 2.93215
-1.79505 -2.13925 3.00508
-1.75744 -2.17025 3.00508
-1.71929 -2.2006 3.00508
-1.68063 -2.23027 3.00508
-1.64145 -2.25926 3.06265
-1.60177 -2.28756 3.06265
-1.5616 -2.31517 3.06265
-1.52096 -2.34207 3.06265
-1.47985 -2.36826 3.10314
-1.43829 -2.39372 3.10314
-1.3963 -2.41846 3.10314
-1.35388 -2.44246 3.10314
-1.31104 -2.46572 3.10314
-1.26781 -2.48822 3.12532
-1.22419 -2.50997 3.12532
-1.1802 -2.53095 3.12532
-1.13585 -2.55116 3.12532
-1.09115 -2.5706 3.1284
-1.04612 -2.58925 3.1284
-1.00078 -2.60711 3.1284
-0.955124 -2.62418 3.1284
-0.90918 -2.64045 3.11202
-0.86296 -2.65592 3.11202
-0.816476 -2.67057 3.11202
-0.769744 -2.68442 3.11202
-0.722777 -2.69744 3.11202
-0.67559 -2.70964 3.07621
-0.628197 -2.72102 3.07621
-0.580613 -2.73157 3.07621
-0.532852 -2.74129 3.07621
-0.484929 -2.75017 3.02151
-0.436858 -2.75821 3.02151
-0.388654 -2.76542 3.02151
-0.340332 -2.77178 3.02151
-0.291906 -2.7773 2.94897
-0.243391 -2.78197 2.94897
-0.194802 -2.78579 2.94897
-0.146153 -2.78877 2.94897
-0.0974602 -2.79089 2.86023
-0.0487375 -2.79217 2.86023
-5.12992e-16 -2.7926 2.86023
0.0487375 -2.79217 2.86023
0.0974602 -2.79089 2.86023
0.146153 -2.78877 2.75756
0.194802 -2.78579 2.75756
0.243391 -2.78197 2.75756
0.291906 -2.7773 2.75756
0.340332 -2.77178 2.64387
0.388654 -2.76542 2.64387
0.436858 -2.75821 2.64387
0.484929 -2.75017 2.64387
0.532852 -2.74129 2.52272
0.580613 -2.73157 2.52272
0.628197 -2.72102 2.52272
0.67559 -2.70964 2.52272
0.722777 -2.69744 2.52272
0.769744 -2.68442 2.39813
0.816476 -2.67057 2.39813
0.86296 -2.65592 2.39813
0.90918 -2.64045 2.39813
0.955124 -2.62418 2.2745
1.00078 -2.60711 2.2745
1.04612 -2.58925 2.2745
1.09115 -2.5706 2.2745
1.13585 -2.55116 2.15631
1.1802 -2.53095 2.15631
1.22419 -2.50997 2.15631
1.26781 -2.48822 2.15631
1.31104 -2.46572 2.04788
1.35388 -2.44246 2.04788
1.3963 -2.41846 2.04788
1.43829 -2.39372 2.04788
1.47985 -2.36826 2.04788
1.52096 -2.34207 1.95305
1.5616 -2.31517 1.95305
1.60177 -2.28756 1.95305
1.64145 -2.25926 1.95305
1.68063 -2.23027 1.87492
1.71929 -2.2006 1.87492
1.75744 -2.17025 1.87492
1.79505 -2.13925 1.87492
1.83211 -2.1076 1.81558
1.86861 -2.0753 1.81558
1.90455 -2.04238 1.81558
1.9399 -2.00883 1.81558
1.97466 -1.97466 1.81558
2.00883 -1.9399 1.77591
2.04238 -1.90455 1.77591
2.0753 -1.86861 1.77591
2.1076 -1.83211 1.77591
2.13925 -1.79505 1.75555
2.17025 -1.75744 1.75555
2.2006 -1.71929 1.75555
2.23027 -1.68063 1.75555
2.25926 -1.64145 1.75289
2.28756 -1.60177 1.75289
2.31517 -1.5616 1.75289
2.34207 -1.52096 1.75289
2.36826 -1.47985 1.76516
2.39372 -1.43829 1.76516
2.41846 -1.3963 1.76516
2.44246 -1.35388 1.76516
2.46572 -1.31104 1.76516
2.48822 -1.26781 1.78873
2.50997 -1.22419 1.78873
2.53095 -1.1802 1.78873
2.55116 -1.13585 1.78873
2.5706 -1.09115 1.81934
2.58925 -1.04612 1.81934
2.60711 -1.00078 1.81934
2.62418 -0.955124 1.81934
2.64045 -0.90918 1.85252
2.65592 -0.86296 1.85252
2.67057 -0.816476 1.85252
2.68442 -0.769744 1.85252
2.69744 -0.722777 1.85252
2.70964 -0.67559 1.88391
2.72102 -0.628197 1.88391
2.73157 -0.580613 1.88391
2.74129 -0.532852 1.88391
2.75017 -0.484929 1.90969
2.75821 -0.436858 1.90969
2.76542 -0.388654 1.90969
2.77178 -0.340332 1.90969
2.7773 -0.291906 1.92687
2.78197 -0.243391 1.92687
2.78579 -0.194802 1.92687
2.78877 -0.146153 1.92687
2.79089 -0.0974602 1.9407
2.79217 -0.0487375 1.9407

2.87238 0 1.93355
2.87195 0.05013 1.93355
2.87063 0.100245 1.93355
2.86845 0.150329 1.9291
2.86539 0.200367 1.9291
2.86145 0.250345 1.9291
2.85665 0.300246 1.9291
2.85097 0.350056 1.91421
2.84443 0.399759 1.91421
2.83702 0.44934 1.91421
2.82875 0.498784 1.91421
2.81961 0.548077 1.8908
2.80962 0.597202 1.8908
2.79877 0.646146 1.8908
2.78706 0.694893 1.8908
2.77451 0.743428 1.86193
2.76111 0.791736 1.86193
2.74687 0.839804 1.86193
2.7318 0.887616 1.86193
2.71589 0.935157 1.86193
2.69916 0.982413 1.83145
2.6816 1.02937 1.83145
2.66323 1.07601 1.83145
2.64404 1.12233 1.83145
2.62405 1.1683 1.80374
2.60326 1.21392 1.80374
2.58168 1.25917 1.80374
2.55931 1.30404 1.80374
2.53616 1.3485 1.78331
2.51224 1.39256 1.78331
2.48756 1.43619 1.78331
2.46211 1.47939 1.78331
2.43592 1.52213 1.78331
2.40898 1.56441 1.77441
2.38131 1.60622 1.77441
2.35292 1.64753 1.77441
2.32381 1.68835 1.77441
2.29399 1.72864 1.78067
2.26347 1.76842 1.78067
2.23226 1.80765 1.78067
2.20037 1.84633 1.78067
2.16782 1.88445 1.8048
2.1346 1.922 1.8048
2.10073 1.95896 1.8048
2.06622 1.99533 1.8048
2.03108 2.03108 1.84836
1.99533 2.06622 1.84836
1.95896 2.10073 1.84836
1.922 2.1346 1.84836
1.88445 2.16782 1.84836
1.84633 2.20037 1.91164
1.80765 2.23226 1.91164
1.76842 2.26347 1.91164
1.72864 2.29399 1.91164
1.68835 2.32381 1.99362
1.64753 2.35292 1.99362
1.60622 2.38131 1.99362
1.56441 2.40898 1.99362
1.52213 2.43592 2.09209
1.47939 2.46211 2.09209
1.43619 2.48756 2.09209
1.39256 2.51224 2.09209
1.3485 2.53616 2.09209
1.30404 2.55931 2.20383
1.25917 2.58168 2.20383
1.21392 2.60326 2.20383
1.1683 2.62405 2.20383
1.12233 2.64404 2.32482
1.07601 2.66323 2.32482
1.02937 2.6816 2.32482
0.982413 2.69916 2.32482
0.935157 2.71589 2.45062
0.887616 2.7318 2.45062
0.839804 2.74687 2.45062
0.791736 2.76111 2.45062
0.743428 2.77451 2.57662
0.694893 2.78706 2.57662
0.646146 2.79877 2.57662
0.597202 2.80962 2.57662
0.548077 2.81961 2.57662
0.498784 2.82875 2.69834
0.44934 2.83702 2.69834
0.399759 2.84443 2.69834
0.350056 2.85097 2.69834
0.300246 2.85665 2.81165
0.250345 2.86145 2.81165
0.200367 2.86539 2.81165
0.150329 2.86845 2.81165
0.100245 2.87063 2.913
0.05013 2.87195 2.913
1.75883e-16 2.87238 2.913
-0.05013 2.87195 2.913
-0.100245 2.87063 2.913
-0.150329 2.86845 2.99949
-0.200367 2.86539 2.99949
-0.250345 2.86145 2.99949
-0.300246 2.85665 2.99949
-0.350056 2.85097 3.06891
-0.399759 2.84443 3.06891
-0.44934 2.83702 3.06891
-0.498784 2.82875 3.06891
-0.548077 2.81961 3.11974
-0.597202 2.80962 3.11974
-0.646146 2.79877 3.11974
-0.694893 2.78706 3.11974
-0.743428 2.77451 3.15106
-0.791736 2.76111 3.15106
-0.839804 2.74687 3.15106
-0.887616 2.7318 3.15106
-0.935157 2.71589 3.15106
-0.982413 2.69916 3.16253
-1.02937 2.6816 3.16253
-1.07601 2.66323 3.16253
-1.12233 2.64404 3.16253
-1.1683 2.62405 3.15428
-1.21392 2.60326 3.15428
-1.25917 2.58168 3.15428
-1.30404 2.55931 3.15428
-1.3485 2.53616 3.1269
-1.39256 2.51224 3.1269
-1.43619 2.48756 3.1269
-1.47939 2.46211 3.1269
-1.52213 2.43592 3.1269
-1.56441 2.40898 3.08135
-1.60622 2.38131 3.08135
-1.64753 2.35292 3.08135
-1.68835 2.32381 3.08135
-1.72864 2.29399 3.01903
-1.76842 2.26347 3.01903
-1.80765 2.23226 3.01903
-1.84633 2.20037 3.01903
-1.88445 2.16782 2.94181
-1.922 2.1346 2.94181
-1.95896 2.10073 2.94181
-1.99533 2.06622 2.94181
-2.03108 2.03108 2.85206
-2.06622 1.99533 2.85206
-2.10073 1.95896 2.85206
-2.1346 1.922 2.85206
-2.16782 1.88445 2.85206
-2.20037 1.84633 2.7527
-2.23226 1.80765 2.7527
-2.26347 1.76842 2.7527
-2.29399 1.72864 2.7527
-2.32381 1.68835 2.64715
-2.35292 1.64753 2.64715
-2.38131 1.60622 2.64715
-2.40898 1.56441 2.64715
-2.43592 1.52213 2.53932
-2.46211 1.47939 2.53932
-2.48756 1.43619 2.53932
-2.51224 1.39256 2.53932
-2.53616 1.3485 2.53932
-2.55931 1.30404 2.43347
-2.58168 1.25917 2.43347
-2.60326 1.21392 2.43347
-2.62405 1.1683 2.43347
-2.64404 1.12233 2.33404
-2.66323 1.07601 2.33404
-2.6816 1.02937 2.33404
-2.69916 0.982413 2.33404
-2.71589 0.935157 2.24543
-2.7318 0.887616 2.24543
-2.74687 0.839804 2.24543
-2.76111 0.791736 2.24543
-2.77451 0.743428 2.17175
-2.78706 0.694893 2.17175
-2.79877 0.646146 2.17175
-2.80962 0.597202 2.17175
-2.81961 0.548077 2.17175
-2.82875 0.498784 2.11652
-2.83702 0.44934 2.11652
-2.84443 0.399759 2.11652
-2.85097 0.350056 2.11652
-2.85665 0.300246 2.08247
-2.86145 0.250345 2.08247
-2.86539 0.200367 2.08247
-2.86845 0.150329 2.08247
-2.87063 0.100245 2.07127
-2.87195 0.05013 2.07127
-2.87238 3.51766e-16 2.07127
-2.87195 -0.05013 2.07127
-2.87063 -0.100245 2.07127
-2.86845 -0.150329 2.08347
-2.86539 -0.200367 2.08347
-2.86145 -0.250345 2.08347
-2.85665 -0.300246 2.08347
-2.85097 -0.350056 2.11843
-2.84443 -0.399759 2.11843
-2.83702 -0.44934 2.11843
-2.82875 -0.498784 2.11843
-2.81961 -0.548077 2.17435
-2.80962 -0.597202 2.17435
-2.79877 -0.646146 2.17435
-2.78706 -0.694893 2.17435
-2.77451 -0.743428 2.17435
-2.76111 -0.791736 2.24841
-2.74687 -0.839804 2.24841
-2.7318 -0.887616 2.24841
-2.71589 -0.935157 2.24841
-2.69916 -0.982413 2.33699
-2.6816 -1.02937 2.33699
-2.66323 -1.07601 2.33699
-2.64404 -1.12233 2.33699
-2.62405 -1.1683 2.43589
-2.60326 -1.21392 2.43589
-2.58168 -1.25917 2.43589
-2.55931 -1.30404 2.43589
-2.53616 -1.3485 2.54063
-2.51224 -1.39256 2.54063
-2.48756 -1.43619 2.54063
-2.46211 -1.47939 2.54063
-2.43592 -1.52213 2.54063
-2.40898 -1.56441 2.64671
-2.38131 -1.60622 2.64671
-2.35292 -1.64753 2.64671
-2.32381 -1.68835 2.64671
-2.29399 -1.72864 2.74985
-2.26347 -1.76842 2.74985
-2.23226 -1.80765 2.74985
-2.20037 -1.84633 2.74985
-2.16782 -1.88445 2.84612
-2.1346 -1.922 2.84612
-2.10073 -1.95896 2.84612
-2.06622 -1.99533 2.84612
-2.03108 -2.03108 2.84612
-1.99533 -2.06622 2.93215
-1.95896 -2.10073 2.93215
-1.922 -2.1346 2.93215
-1.88445 -2.16782 2.93215
-1.84633 -2.20037 3.00508
-1.80765 -2.23226 3.00508
-1.76842 -2.26347 3.00508
-1.72864 -2.29399 3.00508
-1.68835 -2.32381 3.06265
-1.64753 -2.35292 3.06265
-1.60622 -2.38131 3.06265
-1.56441 -2.40898 3.06265
-1.52213 -2.43592 3.10314
-1.47939 -2.46211 3.10314
-1.43619 -2.48756 3.10314
-1.39256 -2.51224 3.10314
-1.3485 -2.53616 3.10314
-1.30404 -2.55931 3.12532
-1.25917 -2.58168 3.12532
-1.21392 -2.60326 3.12532
-1.1683 -2.62405 3.12532
-1.12233 -2.64404 3.1284
-1.07601 -2.66323 3.1284
-1.02937 -2.6816 3.1284
-0.982413 -2.69916 3.1284
-0.935157 -2.71589 3.11202
-0.887616 -2.7318 3.11202
-0.839804 -2.74687 3.11202
-0.791736 -2.76111 3.11202
-0.743428 -2.77451 3.11202
-0.694893 -2.78706 3.07621
-0.646146 -2.79877 3.07621
-0.597202 -2.80962 3.07621
-0.548077 -2.81961 3.07621
-0.498784 -2.82875 3.02151
-0.44934 -2.83702 3.02151
-0.399759 -2.84443 3.02151
-0.350056 -2.85097 3.02151
-0.300246 -2.85665 2.94897
-0.250345 -2.86145 2.94897
-0.200367 -2.86539 2.94897
-0.150329 -2.86845 2.94897
-0.100245 -2.87063 2.86023
-0.05013 -2.87195 2.86023
-5.27648e-16 -2.87238 2.86023
0.05013 -2.87195 2.86023
0.100245 -2.87063 2.86023
0.150329 -2.86845 2.75756
0.200367 -2.86539 2.75756
0.250345 -2.86145 2.75756
0.300246 -2.85665 2.75756
0.350056 -2.85097 2.64387
0.399759 -2.84443 2.64387
0.44934 -2.83702 2.64387
0.498784 -2.82875 2.64387
0.548077 -2.81961 2.52272
0.597202 -2.80962 2.52272
0.646146 -2.79877 2.52272
0.694893 -2.78706 2.52272
0.743428 -2.77451 2.52272
0.791736 -2.76111 2.39813
0.839804 -2.74687 2.39813
0.887616 -2.7318 2.39813
0.935157 -2.71589 2.39813
0.982413 -2.69916 2.2745
1.02937 -2.6816 2.2745
1.07601 -2.66323 2.2745
1.12233 -2.64404 2.2745
1.1683 -2.62405 2.15631
1.21392 -2.60326 2.15631
1.25917 -2.58168 2.15631
1.30404 -2.55931 2.15631
1.3485 -2.53616 2.04788
1.39256 -2.51224 2.04788
1.43619 -2.48756 2.04788
1.47939 -2.46211 2.04788
1.52213 -2.43592 2.04788
1.56441 -2.40898 1.95305
1.60622 -2.38131 1.95305
1.64753 -2.35292 1.95305
1.68835 -2.32381 1.95305
1.72864 -2.29399 1.87492
1.76842 -2.26347 1.87492
1.80765 -2.23226 1.87492
1.84633 -2.20037 1.87492
1.88445 -2.16782 1.81558
1.922 -2.1346 1.81558
1.95896 -2.10073 1.81558
1.99533 -2.06622 1.81558
2.03108 -2.03108 1.81558
2.06622 -1.99533 1.77591
2.10073 -1.95896 1.77591
2.1346 -1.922 1.77591
2.16782 -1.88445 1.77591
2.20037 -1.84633 1.75555
2.23226 -1.80765 1.75555
2.26347 -1.76842 1.75555
2.29399 -1.72864 1.75555
2.32381 -1.68835 1.75289
2.35292 -1.64753 1.75289
2.38131 -1.60622 1.75289
2.40898 -1.56441 1.75289
2.43592 -1.52213 1.76516
2.46211 -1.47939 1.76516
2.48756 -1.43619 1.76516
2.51224 -1.39256 1.76516
2.53616 -1.3485 1.76516
2.55931 -1.30404 1.78873
2.58168 -1.25917 1.78873
2.60326 -1.21392 1.78873
2.62405 -1.1683 1.78873
2.64404 -1.12233 1.81934
2.66323 -1.07601 1.81934
2.6816 -1.02937 1.81934
2.69916 -0.982413 1.81934
2.71589 -0.935157 1.85252
2.7318 -0.887616 1.85252
2.74687 -0.839804 1.85252
2.76111 -0.791736 1.85252
2.77451 -0.743428 1.85252
2.78706 -0.694893 1.88391
2.79877 -0.646146 1.88391
2.80962 -0.597202 1.88391
2.81961 -0.548077 1.88391
2.82875 -0.498784 1.90969
2.83702 -0.44934 1.90969
2.84443 -0.399759 1.90969
2.85097 -0.350056 1.90969
2.85665 -0.300246 1.92687
2.86145 -0.250345 1.92687
2.86539 -0.200367 1.92687
2.86845 -0.150329 1.92687
2.87063 -0.100245 1.9407
2.87195 -0.05013 1.9407

2.95217 0 1.93678
2.95172 0.0515225 1.93678
2.95037 0.103029 1.93095
2.94813 0.154505 1.93095
2.94498 0.205933 1.93095
2.94094 0.257299 1.93095
2.936 0.308586 1.91213
2.93017 0.359779 1.91213
2.92344 0.410863 1.91213
2.91583 0.461822 1.91213
2.90732 0.512639 1.88224
2.89793 0.563301 1.88224
2.88766 0.613791 1.88224
2.87651 0.664094 1.88224
2.86448 0.714195 1.84436
2.85158 0.764079 1.84436
2.83781 0.813729 1.84436
2.82318 0.863132 1.84436
2.80768 0.912272 1.80243
2.79133 0.961133 1.80243
2.77414 1.0097 1.80243
2.75609 1.05796 1.80243
2.73721 1.1059 1.761
2.71749 1.15351 1.761
2.69694 1.20076 1.761
2.67558 1.24764 1.761
2.6534 1.29415 1.7249
2.63041 1.34026 1.7249
2.60661 1.38596 1.7249
2.58203 1.43124 1.7249
2.55666 1.47609 1.69882
2.53051 1.52048 1.69882
2.50358 1.56441 1.69882
2.4759 1.60787 1.69882
2.44746 1.65083 1.68702
2.41828 1.6933 1.68702
2.38836 1.73524 1.68702
2.35771 1.77666 1.68702
2.32634 1.81754 1.69301
2.29427 1.85786 1.69301
2.2615 1.89762 1.69301
2.22803 1.9368 1.69301
2.19389 1.97539 1.71924
2.15908 2.01338 1.71924
2.12362 2.05075 1.71924
2.0875 2.0875 1.71924
2.05075 2.12362 1.767
2.01338 2.15908 1.767
1.97539 2.19389 1.767
1.9368 2.22803 1.767
1.89762 2.2615 1.83627
1.85786 2.29427 1.83627
1.81754 2.32634 1.83627
1.77666 2.35771 1.83627
1.73524 2.38836 1.92581
1.6933 2.41828 1.92581
1.65083 2.44746 1.92581
1.60787 2.4759 1.92581
1.56441 2.50358 2.03319
1.52048 2.53051 2.03319
1.47609 2.55666 2.03319
1.43124 2.58203 2.03319
1.38596 2.60661 2.15501
1.34026 2.63041 2.15501
1.29415 2.6534 2.15501
1.24764 2.67558 2.15501
1.20076 2.69694 2.28714
1.15351 2.71749 2.28714
1.1059 2.73721 2.28714
1.05796 2.75609 2.28714
1.0097 2.77414 2.42506
0.961133 2.79133 2.42506
0.912272 2.80768 2.42506
0.863132 2.82318 2.42506
0.813729 2.83781 2.56406
0.764079 2.85158 2.56406
0.714195 2.86448 2.56406
0.664094 2.87651 2.56406
0.613791 2.88766 2.69957
0.563301 2.89793 2.69957
0.512639 2.90732 2.69957
0.461822 2.91583 2.69957
0.410863 2.92344 2.82741
0.359779 2.93017 2.82741
0.308586 2.936 2.82741
0.257299 2.94094 2.82741
0.205933 2.94498 2.94389
0.154505 2.94813 2.94389
0.103029 2.95037 2.94389
0.0515225 2.95172 2.94389
1.80768e-16 2.95217 3.04598
-0.0515225 2.95172 3.04598
-0.103029 2.95037 3.04598
-0.154505 2.94813 3.04598
-0.205933 2.94498 3.13134
-0.257299 2.94094 3.13134
-0.308586 2.936 3.13134
-0.359779 2.93017 3.13134
-0.410863 2.92344 3.1983
-0.461822 2.91583 3.1983
-0.512639 2.90732 3.1983
-0.563301 2.89793 3.1983
-0.613791 2.88766 3.24576
-0.664094 2.87651 3.24576
-0.714195 2.86448 3.24576
-0.764079 2.85158 3.24576
-0.813729 2.83781 3.2732
-0.863132 2.82318 3.2732
-0.912272 2.80768 3.2732
-0.961133 2.79133 3.2732
-1.0097 2.77414 3.28049
-1.05796 2.75609 3.28049
-1.1059 2.73721 3.28049
-1.15351 2.71749 3.28049
-1.20076 2.69694 3.26791
-1.24764 2.67558 3.26791
-1.29415 2.6534 3.26791
-1.34026 2.63041 3.26791
-1.38596 2.60661 3.23603
-1.43124 2.58203 3.23603
-1.47609 2.55666 3.23603
-1.52048 2.53051 3.23603
-1.56441 2.50358 3.18574
-1.60787 2.4759 3.18574
-1.65083 2.44746 3.18574
-1.6933 2.41828 3.18574
-1.73524 2.38836 3.11823
-1.77666 2.35771 3.11823
-1.81754 2.32634 3.11823
-1.85786 2.29427 3.11823
-1.89762 2.2615 3.03508
-1.9368 2.22803 3.03508
-1.97539 2.19389 3.03508
-2.01338 2.15908 3.03508
-2.05075 2.12362 2.93833
-2.0875 2.0875 2.93833
-2.12362 2.05075 2.93833
-2.15908 2.01338 2.93833
-2.19389 1.97539 2.8305
-2.22803 1.9368 2.8305
-2.2615 1.89762 2.8305
-2.29427 1.85786 2.8305
-2.32634 1.81754 2.71463
-2.35771 1.77666 2.71463
-2.38836 1.73524 2.71463
-2.41828 1.6933 2.71463
-2.44746 1.65083 2.59427
-2.4759 1.60787 2.59427
-2.50358 1.56441 2.59427
-2.53051 1.52048 2.59427
-2.55666 1.47609 2.47342
-2.58203 1.43124 2.47342
-2.60661 1.38596 2.47342
-2.63041 1.34026 2.47342
-2.6534 1.29415 2.35641
-2.67558 1.24764 2.35641
-2.69694 1.20076 2.35641
-2.71749 1.15351 2.35641
-2.73721 1.1059 2.24769
-2.75609 1.05796 2.24769
-2.77414 1.0097 2.24769
-2.79133 0.961133 2.24769
-2.80768 0.912272 2.15165
-2.82318 0.863132 2.15165
-2.83781 0.813729 2.15165
-2.85158 0.764079 2.15165
-2.86448 0.714195 2.07234
-2.87651 0.664094 2.07234
-2.88766 0.613791 2.07234
-2.89793 0.563301 2.07234
-2.90732 0.512639 2.01322
-2.91583 0.461822 2.01322
-2.92344 0.410863 2.01322
-2.93017 0.359779 2.01322
-2.936 0.308586 1.97694
-2.94094 0.257299 1.97694
-2.94498 0.205933 1.97694
-2.94813 0.154505 1.97694
-2.95037 0.103029 1.96514
-2.95172 0.0515225 1.96514
-2.95217 3.61537e-16 1.96514
-2.95172 -0.0515225 1.96514
-2.95037 -0.103029 1.96514
-2.94813 -0.154505 1.97835
-2.94498 -0.205933 1.97835
-2.94094 -0.257299 1.97835
-2.936 -0.308586 1.97835
-2.93017 -0.359779 2.01595
-2.92344 -0.410863 2.01595
-2.91583 -0.461822 2.01595
-2.90732 -0.512639 2.01595
-2.89793 -0.563301 2.07618
-2.88766 -0.613791 2.07618
-2.87651 -0.664094 2.07618
-2.86448 -0.714195 2.07618
-2.85158 -0.764079 2.15631
-2.83781 -0.813729 2.15631
-2.82318 -0.863132 2.15631
-2.80768 -0.912272 2.15631
-2.79133 -0.961133 2.25278
-2.77414 -1.0097 2.25278
-2.75609 -1.05796 2.25278
-2.73721 -1.1059 2.25278
-2.71749 -1.15351 2.36144
-2.69694 -1.20076 2.36144
-2.67558 -1.24764 2.36144
-2.6534 -1.29415 2.36144
-2.63041 -1.34026 2.47783
-2.60661 -1.38596 2.47783
-2.58203 -1.43124 2.47783
-2.55666 -1.47609 2.47783
-2.53051 -1.52048 2.59742
-2.50358 -1.56441 2.59742
-2.4759 -1.60787 2.59742
-2.44746 -1.65083 2.59742
-2.41828 -1.6933 2.71582
-2.38836 -1.73524 2.71582
-2.35771 -1.77666 2.71582
-2.32634 -1.81754 2.71582
-2.29427 -1.85786 2.82901
-2.2615 -1.89762 2.82901
-2.22803 -1.9368 2.82901
-2.19389 -1.97539 2.82901
-2.15908 -2.01338 2.93344
-2.12362 -2.05075 2.93344
-2.0875 -2.0875 2.93344
-2.05075 -2.12362 2.93344
-2.01338 -2.15908 3.02611
-1.97539 -2.19389 3.02611
-1.9368 -2.22803 3.02611
-1.89762 -2.2615 3.02611
-1.85786 -2.29427 3.10456
-1.81754 -2.32634 3.10456
-1.77666 -2.35771 3.10456
-1.73524 -2.38836 3.10456
-1.6933 -2.41828 3.16688
-1.65083 -2.44746 3.16688
-1.60787 -2.4759 3.16688
-1.56441 -2.50358 3.16688
-1.52048 -2.53051 3.21163
-1.47609 -2.55666 3.21163
-1.43124 -2.58203 3.21163
-1.38596 -2.60661 3.21163
-1.34026 -2.63041 3.23778
-1.29415 -2.6534 3.23778
-1.24764 -2.67558 3.23778
-1.20076 -2.69694 3.23778
-1.15351 -2.71749 3.24465
-1.1059 -2.73721 3.24465
-1.05796 -2.75609 3.24465
-1.0097 -2.77414 3.24465
-0.961133 -2.79133 3.23184
-0.912272 -2.80768 3.23184
-0.863132 -2.82318 3.23184
-0.813729 -2.83781 3.23184
-0.764079 -2.85158 3.19931
-0.714195 -2.86448 3.19931
-0.664094 -2.87651 3.19931
-0.613791 -2.88766 3.19931
-0.563301 -2.89793 3.14733
-0.512639 -2.90732 3.14733
-0.461822 -2.91583 3.14733
-0.410863 -2.92344 3.14733
-0.359779 -2.93017 3.07662
-0.308586 -2.936 3.07662
-0.257299 -2.94094 3.07662
-0.205933 -2.94498 3.07662
-0.154505 -2.94813 2.98837
-0.103029 -2.95037 2.98837
-0.0515225 -2.95172 2.98837
-5.42305e-16 -2.95217 2.98837
0.0515225 -2.95172 2.88435
0.103029 -2.95037 2.88435
0.154505 -2.94813 2.88435
0.205933 -2.94498 2.88435
0.257299 -2.94094 2.76694
0.308586 -2.936 2.76694
0.359779 -2.93017 2.76694
0.410863 -2.92344 2.76694
0.461822 -2.91583 2.63917
0.512639 -2.90732 2.63917
0.563301 -2.89793 2.63917
0.613791 -2.88766 2.63917
0.664094 -2.87651 2.50466
0.714195 -2.86448 2.50466
0.764079 -2.85158 2.50466
0.813729 -2.83781 2.50466
0.863132 -2.82318 2.36753
0.912272 -2.80768 2.36753
0.961133 -2.79133 2.36753
1.0097 -2.77414 2.36753
1.05796 -2.75609 2.23224
1.1059 -2.73721 2.23224
1.15351 -2.71749 2.23224
1.20076 -2.69694 2.23224
1.24764 -2.67558 2.10334
1.29415 -2.6534 2.10334
1.34026 -2.63041 2.10334
1.38596 -2.60661 2.10334
1.43124 -2.58203 1.98522
1.47609 -2.55666 1.98522
1.52048 -2.53051 1.98522
1.56441 -2.50358 1.98522
1.60787 -2.4759 1.88186
1.65083 -2.44746 1.88186
1.6933 -2.41828 1.88186
1.73524 -2.38836 1.88186
1.77666 -2.35771 1.79651
1.81754 -2.32634 1.79651
1.85786 -2.29427 1.79651
1.89762 -2.2615 1.79651
1.9368 -2.22803 1.73146
1.97539 -2.19389 1.73146
2.01338 -2.15908 1.73146
2.05075 -2.12362 1.73146
2.0875 -2.0875 1.68787
2.12362 -2.05075 1.68787
2.15908 -2.01338 1.68787
2.19389 -1.97539 1.68787
2.22803 -1.9368 1.66564
2.2615 -1.89762 1.66564
2.29427 -1.85786 1.66564
2.32634 -1.81754 1.66564
2.35771 -1.77666 1.66345
2.38836 -1.73524 1.66345
2.41828 -1.6933 1.66345
2.44746 -1.65083 1.66345
2.4759 -1.60787 1.67877
2.50358 -1.56441 1.67877
2.53051 -1.52048 1.67877
2.55666 -1.47609 1.67877
2.58203 -1.43124 1.7081
2.60661 -1.38596 1.7081
2.63041 -1.34026 1.7081
2.6534 -1.29415 1.7081
2.67558 -1.24764 1.74719
2.69694 -1.20076 1.74719
2.71749 -1.15351 1.74719
2.73721 -1.1059 1.74719
2.75609 -1.05796 1.79134
2.77414 -1.0097 1.79134
2.79133 -0.961133 1.79134
2.80768 -0.912272 1.79134
2.82318 -0.863132 1.83577
2.83781 -0.813729 1.83577
2.85158 -0.764079 1.83577
2.86448 -0.714195 1.83577
2.87651 -0.664094 1.87597
2.88766 -0.613791 1.87597
2.89793 -0.563301 1.87597
2.90732 -0.512639 1.87597
2.91583 -0.461822 1.90802
2.92344 -0.410863 1.90802
2.93017 -0.359779 1.90802
2.936 -0.308586 1.90802
2.94094 -0.257299 1.92893
2.94498 -0.205933 1.92893
2.94813 -0.154505 1.92893
2.95037 -0.103029 1.92893
2.95172 -0.0515225 1.93355

3.03196 0 1.93678
3.0315 0.052915 1.93678
3.03011 0.105814 1.93095
3.02781 0.158681 1.93095
3.02458 0.211499 1.93095
3.02042 0.264253 1.93095
3.01535 0.316926 1.91213
3.00936 0.369503 1.91213
3.00245 0.421967 1.91213
2.99463 0.474303 1.91213
2.9859 0.526495 1.88224
2.97626 0.578525 1.88224
2.96571 0.63038 1.88224
2.95425 0.682043 1.88224
2.9419 0.733498 1.84436
2.92865 0.784729 1.84436
2.91451 0.835722 1.84436
2.89948 0.88646 1.84436
2.88357 0.936928 1.80243
2.86678 0.98711 1.80243
2.84911 1.03699 1.80243
2.83058 1.08656 1.80243
2.81119 1.13579 1.761
2.79094 1.18468 1.761
2.76983 1.23321 1.761
2.74789 1.28136 1.761
2.72511 1.32912 1.7249
2.7015 1.37648 1.7249
2.67706 1.42342 1.7249
2.65181 1.46992 1.7249
2.62576 1.51598 1.69882
2.5989 1.56158 1.69882
2.57125 1.60669 1.69882
2.54282 1.65132 1.69882
2.51361 1.69545 1.68702
2.48364 1.73906 1.68702
2.45291 1.78214 1.68702
2.42143 1.82468 1.68702
2.38922 1.86666 1.69301
2.35628 1.90808 1.69301
2.32262 1.94891 1.69301
2.28825 1.98915 1.69301
2.25319 2.02878 1.71924
2.21744 2.06779 1.71924
2.18101 2.10618 1.71924
2.14392 2.14392 1.71924
2.10618 2.18101 1.767
2.06779 2.21744 1.767
2.02878 2.25319 1.767
1.98915 2.28825 1.767
1.94891 2.32262 1.83627
1.90808 2.35628 1.83627
1.86666 2.38922 1.83627
1.82468 2.42143 1.83627
1.78214 2.45291 1.92581
1.73906 2.48364 1.92581
1.69545 2.51361 1.92581
1.65132 2.54282 1.92581
1.60669 2.57125 2.03319
1.56158 2.5989 2.03319
1.51598 2.62576 2.03319
1.46992 2.65181 2.03319
1.42342 2.67706 2.15501
1.37648 2.7015 2.15501
1.32912 2.72511 2.15501
1.28136 2.74789 2.15501
1.23321 2.76983 2.28714
1.18468 2.79094 2.28714
1.13579 2.81119 2.28714
1.08656 2.83058 2.28714
1.03699 2.84911 2.42506
0.98711 2.86678 2.42506
0.936928 2.88357 2.42506
0.88646 2.89948 2.42506
0.835722 2.91451 2.56406
0.784729 2.92865 2.56406
0.733498 2.9419 2.56406
0.682043 2.95425 2.56406
0.63038 2.96571 2.69957
0.578525 2.97626 2.69957
0.526495 2.9859 2.69957
0.474303 2.99463 2.69957
0.421967 3.00245 2.82741
0.369503 3.00936 2.82741
0.316926 3.01535 2.82741
0.264253 3.02042 2.82741
0.211499 3.02458 2.94389
0.158681 3.02781 2.94389
0.105814 3.03011 2.94389
0.052915 3.0315 2.94389
1.85654e-16 3.03196 3.04598
-0.052915 3.0315 3.04598
-0.105814 3.03011 3.04598
-0.158681 3.02781 3.04598
-0.211499 3.02458 3.13134
-0.264253 3.02042 3.13134
-0.316926 3.01535 3.13134
-0.369503 3.00936 3.13134
-0.421967 3.00245 3.1983
-0.474303 2.99463 3.1983
-0.526495 2.9859 3.1983
-0.578525 2.97626 3.1983
-0.63038 2.96571 3.24576
-0.682043 2.95425 3.24576
-0.733498 2.9419 3.24576
-0.784729 2.92865 3.24576
-0.835722 2.91451 3.2732
-0.88646 2.89948 3.2732
-0.936928 2.88357 3.2732
-0.98711 2.86678 3.2732
-1.03699 2.84911 3.28049
-1.08656 2.83058 3.28049
-1.13579 2.81119 3.28049
-1.18468 2.79094 3.28049
-1.23321 2.76983 3.26791
-1.28136 2.74789 3.26791
-1.32912 2.72511 3.26791
-1.37648 2.7015 3.26791
-1.42342 2.67706 3.23603
-1.46992 2.65181 3.23603
-1.51598 2.62576 3.23603
-1.56158 2.5989 3.23603
-1.60669 2.57125 3.18574
-1.65132 2.54282 3.18574
-1.69545 2.51361 3.18574
-1.73906 2.48364 3.18574
-1.78214 2.45291 3.11823
-1.82468 2.42143 3.11823
-1.86666 2.38922 3.11823
-1.90808 2.35628 3.11823
-1.94891 2.32262 3.03508
-1.98915 2.28825 3.03508
-2.02878 2.25319 3.03508
-2.06779 2.21744 3.03508
-2.10618 2.18101 2.93833
-2.14392 2.14392 2.93833
-2.18101 2.10618 2.93833
-2.21744 2.06779 2.93833
-2.25319 2.02878 2.8305
-2.28825 1.98915 2.8305
-2.32262 1.94891 2.8305
-2.35628 1.90808 2.8305
-2.38922 1.86666 2.71463
-2.42143 1.82468 2.71463
-2.45291 1.78214 2.71463
-2.48364 1.73906 2.71463
-2.51361 1.69545 2.59427
-2.54282 1.65132 2.59427
-2.57125 1.60669 2.59427
-2.5989 1.56158 2.59427
-2.62576 1.51598 2.47342
-2.65181 1.46992 2.47342
-2.67706 1.42342 2.47342
-2.7015 1.37648 2.47342
-2.72511 1.32912 2.35641
-2.74789 1.28136 2.35641
-2.76983 1.23321 2.35641
-2.79094 1.18468 2.35641
-2.81119 1.13579 2.24769
-2.83058 1.08656 2.24769
-2.84911 1.03699 2.24769
-2.86678 0.98711 2.24769
-2.88357 0.936928 2.15165
-2.89948 0.88646 2.15165
-2.91451 0.835722 2.15165
-2.92865 0.784729 2.15165
-2.9419 0.733498 2.07234
-2.95425 0.682043 2.07234
-2.96571 0.63038 2.07234
-2.97626 0.578525 2.07234
-2.9859 0.526495 2.01322
-2.99463 0.474303 2.01322
-3.00245 0.421967 2.01322
-3.00936 0.369503 2.01322
-3.01535 0.316926 1.97694
-3.02042 0.264253 1.97694
-3.02458 0.211499 1.97694
-3.02781 0.158681 1.97694
-3.03011 0.105814 1.96514
-3.0315 0.052915 1.96514
-3.03196 3.71308e-16 1.96514
-3.0315 -0.052915 1.96514
-3.03011 -0.105814 1.96514
-3.02781 -0.158681 1.97835
-3.02458 -0.211499 1.97835
-3.02042 -0.264253 1.97835
-3.01535 -0.316926 1.97835
-3.00936 -0.369503 2.01595
-3.00245 -0.421967 2.01595
-2.99463 -0.474303 2.01595
-2.9859 -0.526495 2.01595
-2.97626 -0.578525 2.07618
-2.96571 -0.63038 2.07618
-2.95425 -0.682043 2.07618
-2.9419 -0.733498 2.07618
-2.92865 -0.784729 2.15631
-2.91451 -0.835722 2.15631
-2.89948 -0.88646 2.15631
-2.88357 -0.936928 2.15631
-2.86678 -0.98711 2.25278
-2.84911 -1.03699 2.25278
-2.83058 -1.08656 2.25278
-2.81119 -1.13579 2.25278
-2.79094 -1.18468 2.36144
-2.76983 -1.23321 2.36144
-2.74789 -1.28136 2.36144
-2.72511 -1.32912 2.36144
-2.7015 -1.37648 2.47783
-2.67706 -1.42342 2.47783
-2.65181 -1.46992 2.47783
-2.62576 -1.51598 2.47783
-2.5989 -1.56158 2.59742
-2.57125 -1.60669 2.59742
-2.54282 -1.65132 2.59742
-2.51361 -1.69545 2.59742
-2.48364 -1.73906 2.71582
-2.45291 -1.78214 2.71582
-2.42143 -1.82468 2.71582
-2.38922 -1.86666 2.71582
-2.35628 -1.90808 2.82901
-2.32262 -1.94891 2.82901
-2.28825 -1.98915 2.82901
-2.25319 -2.02878 2.82901
-2.21744 -2.06779 2.93344
-2.18101 -2.10618 2.93344
-2.14392 -2.14392 2.93344
-2.10618 -2.18101 2.93344
-2.06779 -2.21744 3.02611
-2.02878 -2.25319 3.02611
-1.98915 -2.28825 3.02611
-1.94891 -2.32262 3.02611
-1.90808 -2.35628 3.10456
-1.86666 -2.38922 3.10456
-1.82468 -2.42143 3.10456
-1.78214 -2.45291 3.10456
-1.73906 -2.48364 3.16688
-1.69545 -2.51361 3.16688
-1.65132 -2.54282 3.16688
-1.60669 -2.57125 3.16688
-1.56158 -2.5989 3.21163
-1.51598 -2.62576 3.21163
-1.46992 -2.65181 3.21163
-1.42342 -2.67706 3.21163
-1.37648 -2.7015 3.23778
-1.32912 -2.72511 3.23778
-1.28136 -2.74789 3.23778
-1.23321 -2.76983 3.23778
-1.18468 -2.79094 3.24465
-1.13579 -2.81119 3.24465
-1.08656 -2.83058 3.24465
-1.03699 -2.84911 3.24465
-0.98711 -2.86678 3.23184
-0.936928 -2.88357 3.23184
-0.88646 -2.89948 3.23184
-0.835722 -2.91451 3.23184
-0.784729 -2.92865 3.19931
-0.733498 -2.9419 3.19931
-0.682043 -2.95425 3.19931
-0.63038 -2.96571 3.19931
-0.578525 -2.97626 3.14733
-0.526495 -2.9859 3.14733
-0.474303 -2.99463 3.14733
-0.421967 -3.00245 3.14733
-0.369503 -3.00936 3.07662
-0.316926 -3.01535 3.07662
-0.264253 -3.02042 3.07662
-0.211499 -3.02458 3.07662
-0.158681 -3.02781 2.98837
-0.105814 -3.03011 2.98837
-0.052915 -3.0315 2.98837
-5.56962e-16 -3.03196 2.98837
0.052915 -3.0315 2.88435
0.105814 -3.03011 2.88435
0.158681 -3.02781 2.88435
0.211499 -3.02458 2.88435
0.264253 -3.02042 2.76694
0.316926 -3.01535 2.76694
0.369503 -3.00936 2.76694
0.421967 -3.00245 2.76694
0.474303 -2.99463 2.63917
0.526495 -2.9859 2.63917
0.578525 -2.97626 2.63917
0.63038 -2.96571 2.63917
0.682043 -2.95425 2.50466
0.733498 -2.9419 2.50466
0.784729 -2.92865 2.50466
0.835722 -2.91451 2.50466
0.88646 -2.89948 2.36753
0.936928 -2.88357 2.36753
0.98711 -2.86678 2.36753
1.03699 -2.84911 2.36753
1.08656 -2.83058 2.23224
1.13579 -2.81119 2.23224
1.18468 -2.79094 2.23224
1.23321 -2.76983 2.23224
1.28136 -2.74789 2.10334
1.32912 -2.72511 2.10334
1.37648 -2.7015 2.10334
1.42342 -2.67706 2.10334
1.46992 -2.65181 1.98522
1.51598 -2.62576 1.98522
1.56158 -2.5989 1.98522
1.60669 -2.57125 1.98522
1.65132 -2.54282 1.88186
1.69545 -2.51361 1.88186
1.73906 -2.48364 1.88186
1.78214 -2.45291 1.88186
1.82468 -2.42143 1.79651
1.86666 -2.38922 1.79651
1.90808 -2.35628 1.79651
1.94891 -2.32262 1.79651
1.98915 -2.28825 1.73146
2.02878 -2.25319 1.73146
2.06779 -2.21744 1.73146
2.10618 -2.18101 1.73146
2.14392 -2.14392 1.68787
2.18101 -2.10618 1.68787
2.21744 -2.06779 1.68787
2.25319 -2.02878 1.68787
2.28825 -1.98915 1.66564
2.32262 -1.94891 1.66564
2.35628 -1.90808 1.66564
2.38922 -1.86666 1.66564
2.42143 -1.82468 1.66345
2.45291 -1.78214 1.66345
2.48364 -1.73906 1.66345
2.51361 -1.69545 1.66345
2.54282 -1.65132 1.67877
2.57125 -1.60669 1.67877
2.5989 -1.56158 1.67877
2.62576 -1.51598 1.67877
2.65181 -1.46992 1.7081
2.67706 -1.42342 1.7081
2.7015 -1.37648 1.7081
2.72511 -1.32912 1.7081
2.74789 -1.28136 1.74719
2.76983 -1.23321 1.74719
2.79094 -1.18468 1.74719
2.81119 -1.13579 1.74719
2.83058 -1.08656 1.79134
2.84911 -1.03699 1.79134
2.86678 -0.98711 1.79134
2.88357 -0.936928 1.79134
2.89948 -0.88646 1.83577
2.91451 -0.835722 1.83577
2.92865 -0.784729 1.83577
2.9419 -0.733498 1.83577
2.95425 -0.682043 1.87597
2.96571 -0.63038 1.87597
2.97626 -0.578525 1.87597
2.9859 -0.526495 1.87597
2.99463 -0.474303 1.90802
3.00245 -0.421967 1.90802
3.00936 -0.369503 1.90802
3.01535 -0.316926 1.90802
3.02042 -0.264253 1.92893
3.02458 -0.211499 1.92893
3.02781 -0.158681 1.92893
3.03011 -0.105814 1.92893
3.0315 -0.052915 1.93355

3.11175 0 1.95196
3.11128 0.0543075 1.95196
3.10985 0.108599 1.9447
3.10749 0.162856 1.9447
3.10417 0.217065 1.9447
3.09991 0.271207 1.9447
3.0947 0.325266 1.9218
3.08856 0.379227 1.9218
3.08147 0.433072 1.9218
3.07344 0.486785 1.9218
3.06448 0.54035 1.88518
3.05458 0.59375 1.88518
3.04375 0.646969 1.88518
3.032 0.699991 1.88518
3.01932 0.7528 1.83792
3.00572 0.80538 1.83792
2.99121 0.857714 1.83792
2.97578 0.909788 1.78405
2.95945 0.961584 1.78405
2.94222 1.01309 1.78405
2.92409 1.06428 1.78405
2.90507 1.11515 1.72826
2.88516 1.16568 1.72826
2.86438 1.21586 1.72826
2.84272 1.26566 1.72826
2.8202 1.31508 1.67562
2.79682 1.3641 1.67562
2.77259 1.4127 1.67562
2.74751 1.46088 1.67562
2.7216 1.50861 1.63121
2.69485 1.55587 1.63121
2.66729 1.60267 1.63121
2.63891 1.64898 1.59984
2.60973 1.69478 1.59984
2.57976 1.74007 1.59984
2.549 1.78483 1.59984
2.51746 1.82904 1.58569
2.48515 1.8727 1.58569
2.45209 1.91578 1.58569
2.41828 1.95829 1.58569
2.38374 2.00019 1.59205
2.34847 2.04149 1.59205
2.31248 2.08217 1.59205
2.27579 2.12221 1.59205
2.23841 2.1616 1.62112
2.20034 2.20034 1.62112
2.1616 2.23841 1.62112
2.12221 2.27579 1.67388
2.08217 2.31248 1.67388
2.04149 2.34847 1.67388
2.00019 2.38374 1.67388
1.95829 2.41828 1.75004
1.91578 2.45209 1.75004
1.8727 2.48515 1.75004
1.82904 2.51746 1.75004
1.78483 2.549 1.84806
1.74007 2.57976 1.84806
1.69478 2.60973 1.84806
1.64898 2.63891 1.84806
1.60267 2.66729 1.96529
1.55587 2.69485 1.96529
1.50861 2.7216 1.96529
1.46088 2.74751 2.09816
1.4127 2.77259 2.09816
1.3641 2.79682 2.09816
1.31508 2.8202 2.09816
1.26566 2.84272 2.24239
1.21586 2.86438 2.24239
1.16568 2.88516 2.24239
1.11515 2.90507 2.24239
1.06428 2.92409 2.39331
1.01309 2.94222 2.39331
0.961584 2.95945 2.39331
0.909788 2.97578 2.39331
0.857714 2.99121 2.54613
0.80538 3.00572 2.54613
0.7528 3.01932 2.54613
0.699991 3.032 2.69617
0.646969 3.04375 2.69617
0.59375 3.05458 2.69617
0.54035 3.06448 2.69617
0.486785 3.07344 2.83912
0.433072 3.08147 2.83912
0.379227 3.08856 2.83912
0.325266 3.0947 2.83912
0.271207 3.09991 2.97119
0.217065 3.10417 2.97119
0.162856 3.10749 2.97119
0.108599 3.10985 2.97119
0.0543075 3.11128 3.08922
1.9054e-16 3.11175 3.08922
-0.0543075 3.11128 3.08922
-0.108599 3.10985 3.19076
-0.162856 3.10749 3.19076
-0.217065 3.10417 3.19076
-0.271207 3.09991 3.19076
-0.325266 3.0947 3.274
-0.379227 3.08856 3.274
-0.433072 3.08147 3.274
-0.486785 3.07344 3.274
-0.54035 3.06448 3.33776
-0.59375 3.05458 3.33776
-0.646969 3.04375 3.33776
-0.699991 3.032 3.33776
-0.7528 3.01932 3.38138
-0.80538 3.00572 3.38138
-0.857714 2.99121 3.38138
-0.909788 2.97578 3.40463
-0.961584 2.95945 3.40463
-1.01309 2.94222 3.40463
-1.06428 2.92409 3.40463
-1.11515 2.90507 3.40762
-1.16568 2.88516 3.40762
-1.21586 2.86438 3.40762
-1.26566 2.84272 3.40762
-1.31508 2.8202 3.39068
-1.3641 2.79682 3.39068
-1.4127 2.77259 3.39068
-1.46088 2.74751 3.39068
-1.50861 2.7216 3.35441
-1.55587 2.69485 3.35441
-1.60267 2.66729 3.35441
-1.64898 2.63891 3.29956
-1.69478 2.60973 3.29956
-1.74007 2.57976 3.29956
-1.78483 2.549 3.29956
-1.82904 2.51746 3.22714
-1.8727 2.48515 3.22714
-1.91578 2.45209 3.22714
-1.95829 2.41828 3.22714
-2.00019 2.38374 3.13846
-2.04149 2.34847 3.13846
-2.08217 2.31248 3.13846
-2.12221 2.27579 3.13846
-2.1616 2.23841 3.0352
-2.20034 2.20034 3.0352
-2.23841 2.1616 3.0352
-2.27579 2.12221 2.9195
-2.31248 2.08217 2.9195
-2.34847 2.04149 2.9195
-2.38374 2.00019 2.9195
-2.41828 1.95829 2.79401
-2.45209 1.91578 2.79401
-2.48515 1.8727 2.79401
-2.51746 1.82904 2.79401
-2.549 1.78483 2.66192
-2.57976 1.74007 2.66192
-2.60973 1.69478 2.66192
-2.63891 1.64898 2.66192
-2.66729 1.60267 2.52689
-2.69485 1.55587 2.52689
-2.7216 1.50861 2.52689
-2.74751 1.46088 2.39306
-2.77259 1.4127 2.39306
-2.79682 1.3641 2.39306
-2.8202 1.31508 2.39306
-2.84272 1.26566 2.26482
-2.86438 1.21586 2.26482
-2.88516 1.16568 2.26482
-2.90507 1.11515 2.26482
-2.92409 1.06428 2.14668
-2.94222 1.01309 2.14668
-2.95945 0.961584 2.14668
-2.97578 0.909788 2.14668
-2.99121 0.857714 2.04304
-3.00572 0.80538 2.04304
-3.01932 0.7528 2.04304
-3.032 0.699991 1.95792
-3.04375 0.646969 1.95792
-3.05458 0.59375 1.95792
-3.06448 0.54035 1.95792
-3.07344 0.486785 1.89476
-3.08147 0.433072 1.89476
-3.08856 0.379227 1.89476
-3.0947 0.325266 1.89476
-3.09991 0.271207 1.85614
-3.10417 0.217065 1.85614
-3.10749 0.162856 1.85614
-3.10985 0.108599 1.85614
-3.11128 0.0543075 1.84371
-3.11175 3.81079e-16 1.84371
-3.11128 -0.0543075 1.84371
-3.10985 -0.108599 1.85796
-3.10749 -0.162856 1.85796
-3.10417 -0.217065 1.85796
-3.09991 -0.271207 1.85796
-3.0947 -0.325266 1.8983
-3.08856 -0.379227 1.8983
-3.08147 -0.433072 1.8983
-3.07344 -0.486785 1.8983
-3.06448 -0.54035 1.96301
-3.05458 -0.59375 1.96301
-3.04375 -0.646969 1.96301
-3.032 -0.699991 1.96301
-3.01932 -0.7528 2.0494
-3.00572 -0.80538 2.0494
-2.99121 -0.857714 2.0494
-2.97578 -0.909788 2.15394
-2.95945 -0.961584 2.15394
-2.94222 -1.01309 2.15394
-2.92409 -1.06428 2.15394
-2.90507 -1.11515 2.27252
-2.88516 -1.16568 2.27252
-2.86438 -1.21586 2.27252
-2.84272 -1.26566 2.27252
-2.8202 -1.31508 2.40065
-2.79682 -1.3641 2.40065
-2.77259 -1.4127 2.40065
-2.74751 -1.46088 2.40065
-2.7216 -1.50861 2.53374
-2.69485 -1.55587 2.53374
-2.66729 -1.60267 2.53374
-2.63891 -1.64898 2.66732
-2.60973 -1.69478 2.66732
-2.57976 -1.74007 2.66732
-2.549 -1.78483 2.66732
-2.51746 -1.82904 2.79722
-2.48515 -1.8727 2.79722
-2.45209 -1.91578 2.79722
-2.41828 -1.95829 2.79722
-2.38374 -2.00019 2.91973
-2.34847 -2.04149 2.91973
-2.31248 -2.08217 2.91973
-2.27579 -2.12221 2.91973
-2.23841 -2.1616 3.03168
-2.20034 -2.20034 3.03168
-2.1616 -2.23841 3.03168
-2.12221 -2.27579 3.13047
-2.08217 -2.31248 3.13047
-2.04149 -2.34847 3.13047
-2.00019 -2.38374 3.13047
-1.95829 -2.41828 3.21403
-1.91578 -2.45209 3.21403
-1.8727 -2.48515 3.21403
-1.82904 -2.51746 3.21403
-1.78483 -2.549 3.28078
-1.74007 -2.57976 3.28078
-1.69478 -2.60973 3.28078
-1.64898 -2.63891 3.28078
-1.60267 -2.66729 3.32956
-1.55587 -2.69485 3.32956
-1.50861 -2.7216 3.32956
-1.46088 -2.74751 3.35955
-1.4127 -2.77259 3.35955
-1.3641 -2.79682 3.35955
-1.31508 -2.8202 3.35955
-1.26566 -2.84272 3.37018
-1.21586 -2.86438 3.37018
-1.16568 -2.88516 3.37018
-1.11515 -2.90507 3.37018
-1.06428 -2.92409 3.36106
-1.01309 -2.94222 3.36106
-0.961584 -2.95945 3.36106
-0.909788 -2.97578 3.36106
-0.857714 -2.99121 3.33205
-0.80538 -3.00572 3.33205
-0.7528 -3.01932 3.33205
-0.699991 -3.032 3.28324
-0.646969 -3.04375 3.28324
-0.59375 -3.05458 3.28324
-0.54035 -3.06448 3.28324
-0.486785 -3.07344 3.21503
-0.433072 -3.08147 3.21503
-0.379227 -3.08856 3.21503
-0.325266 -3.0947 3.21503
-0.271207 -3.09991 3.12823
-0.217065 -3.10417 3.12823
-0.162856 -3.10749 3.12823
-0.108599 -3.10985 3.12823
-0.0543075 -3.11128 3.02411
-5.71619e-16 -3.11175 3.02411
0.0543075 -3.11128 3.02411
0.108599 -3.10985 2.90453
0.162856 -3.10749 2.90453
0.217065 -3.10417 2.90453
0.271207 -3.09991 2.90453
0.325266 -3.0947 2.77198
0.379227 -3.08856 2.77198
0.433072 -3.08147 2.77198
0.486785 -3.07344 2.77198
0.54035 -3.06448 2.62958
0.59375 -3.05458 2.62958
0.646969 -3.04375 2.62958
0.699991 -3.032 2.62958
0.7528 -3.01932 2.48105
0.80538 -3.00572 2.48105
0.857714 -2.99121 2.48105
0.909788 -2.97578 2.3306
0.961584 -2.95945 2.3306
1.01309 -2.94222 2.3306
1.06428 -2.92409 2.3306
1.11515 -2.90507 2.18279
1.16568 -2.88516 2.18279
1.21586 -2.86438 2.18279
1.26566 -2.84272 2.18279
1.31508 -2.8202 2.04226
1.3641 -2.79682 2.04226
1.4127 -2.77259 2.04226
1.46088 -2.74751 2.04226
1.50861 -2.7216 1.91353
1.55587 -2.69485 1.91353
1.60267 -2.66729 1.91353
1.64898 -2.63891 1.80072
1.69478 -2.60973 1.80072
1.74007 -2.57976 1.80072
1.78483 -2.549 1.80072
1.82904 -2.51746 1.70726
1.8727 -2.48515 1.70726
1.91578 -2.45209 1.70726
1.95829 -2.41828 1.70726
2.00019 -2.38374 1.63568
2.04149 -2.34847 1.63568
2.08217 -2.31248 1.63568
2.12221 -2.27579 1.63568
2.1616 -2.23841 1.58738
2.20034 -2.20034 1.58738
2.23841 -2.1616 1.58738
2.27579 -2.12221 1.56257
2.31248 -2.08217 1.56257
2.34847 -2.04149 1.56257
2.38374 -2.00019 1.56257
2.41828 -1.95829 1.56022
2.45209 -1.91578 1.56022
2.48515 -1.8727 1.56022
2.51746 -1.82904 1.56022
2.549 -1.78483 1.57808
2.57976 -1.74007 1.57808
2.60973 -1.69478 1.57808
2.63891 -1.64898 1.57808
2.66729 -1.60267 1.61284
2.69485 -1.55587 1.61284
2.7216 -1.50861 1.61284
2.74751 -1.46088 1.66033
2.77259 -1.4127 1.66033
2.79682 -1.3641 1.66033
2.8202 -1.31508 1.66033
2.84272 -1.26566 1.71576
2.86438 -1.21586 1.71576
2.88516 -1.16568 1.71576
2.90507 -1.11515 1.71576
2.92409 -1.06428 1.77406
2.94222 -1.01309 1.77406
2.95945 -0.961584 1.77406
2.97578 -0.909788 1.77406
2.99121 -0.857714 1.83021
3.00572 -0.80538 1.83021
3.01932 -0.7528 1.83021
3.032 -0.699991 1.87956
3.04375 -0.646969 1.87956
3.05458 -0.59375 1.87956
3.06448 -0.54035 1.87956
3.07344 -0.486785 1.91813
3.08147 -0.433072 1.91813
3.08856 -0.379227 1.91813
3.0947 -0.325266 1.91813
3.09991 -0.271207 1.94289
3.10417 -0.217065 1.94289
3.10749 -0.162856 1.94289
3.10985 -0.108599 1.94289
3.11128 -0.0543075 1.93678

3.19154 0 1.95196
3.19105 0.0557 1.95196
3.18959 0.111383 1.9447
3.18716 0.167032 1.9447
3.18376 0.22263 1.9447
3.17939 0.278161 1.9447
3.17405 0.333607 1.9218
3.16775 0.388951 1.9218
3.16048 0.444176 1.9218
3.15225 0.499267 1.9218
3.14305 0.554205 1.88518
3.1329 0.608974 1.88518
3.1218 0.663558 1.88518
3.10974 0.71794 1.88518
3.09674 0.772103 1.83792
3.08279 0.826031 1.83792
3.0679 0.879707 1.83792
3.05208 0.933115 1.78405
3.03533 0.98624 1.78405
3.01766 1.03906 1.78405
2.99906 1.09157 1.78405
2.97956 1.14375 1.72826
2.95914 1.19557 1.72826
2.93783 1.24703 1.72826
2.91562 1.29812 1.72826
2.89252 1.3488 1.67562
2.86854 1.39908 1.67562
2.84368 1.44893 1.67562
2.81796 1.49834 1.67562
2.79138 1.54729 1.63121
2.76395 1.59577 1.63121
2.73568 1.64376 1.63121
2.70658 1.69126 1.59984
2.67665 1.73824 1.59984
2.64591 1.78469 1.59984
2.61436 1.83059 1.59984
2.58201 1.87594 1.58569
2.54888 1.92072 1.58569
2.51497 1.96491 1.58569
2.48029 2.0085 1.58569
2.44486 2.05148 1.59205
2.40868 2.09384 1.59205
2.37178 2.13556 1.59205
2.33414 2.17662 1.59205
2.2958 2.21703 1.62112
2.25676 2.25676 1.62112
2.21703 2.2958 1.62112
2.17662 2.33414 1.67388
2.13556 2.37178 1.67388
2.09384 2.40868 1.67388
2.05148 2.44486 1.67388
2.0085 2.48029 1.75004
1.96491 2.51497 1.75004
1.92072 2.54888 1.75004
1.87594 2.58201 1.75004
1.83059 2.61436 1.84806
1.78469 2.64591 1.84806
1.73824 2.67665 1.84806
1.69126 2.70658 1.84806
1.64376 2.73568 1.96529
1.59577 2.76395 1.96529
1.54729 2.79138 1.96529
1.49834 2.81796 2.09816
1.44893 2.84368 2.09816
1.39908 2.86854 2.09816
1.3488 2.89252 2.09816
1.29812 2.91562 2.24239
1.24703 2.93783 2.24239
1.19557 2.95914 2.24239
1.14375 2.97956 2.24239
1.09157 2.99906 2.39331
1.03906 3.01766 2.39331
0.98624 3.03533 2.39331
0.933115 3.05208 2.39331
0.879707 3.0679 2.54613
0.826031 3.08279 2.54613
0.772103 3.09674 2.54613
0.71794 3.10974 2.69617
0.663558 3.1218 2.69617
0.608974 3.1329 2.69617
0.554205 3.14305 2.69617
0.499267 3.15225 2.83912
0.444176 3.16048 2.83912
0.388951 3.16775 2.83912
0.333607 3.17405 2.83912
0.278161 3.17939 2.97119
0.22263 3.18376 2.97119
0.167032 3.18716 2.97119
0.111383 3.18959 2.97119
0.0557 3.19105 3.08922
1.95425e-16 3.19154 3.08922
-0.0557 3.19105 3.08922
-0.111383 3.18959 3.19076
-0.167032 3.18716 3.19076
-0.22263 3.18376 3.19076
-0.278161 3.17939 3.19076
-0.333607 3.17405 3.274
-0.388951 3.16775 3.274
-0.444176 3.16048 3.274
-0.499267 3.15225 3.274
-0.554205 3.14305 3.33776
-0.608974 3.1329 3.33776
-0.663558 3.1218 3.33776
-0.71794 3.10974 3.33776
-0.772103 3.09674 3.38138
-0.826031 3.08279 3.38138
-0.879707 3.0679 3.38138
-0.933115 3.05208 3.40463
-0.98624 3.03533 3.40463
-1.03906 3.01766 3.40463
-1.09157 2.99906 3.40463
-1.14375 2.97956 3.40762
-1.19557 2.95914 3.40762
-1.24703 2.93783 3.40762
-1.29812 2.91562 3.40762
-1.3488 2.89252 3.39068
-1.39908 2.86854 3.39068
-1.44893 2.84368 3.39068
-1.49834 2.81796 3.39068
-1.54729 2.79138 3.35441
-1.59577 2.76395 3.35441
-1.64376 2.73568 3.35441
-1.69126 2.70658 3.29956
-1.73824 2.67665 3.29956
-1.78469 2.64591 3.29956
-1.83059 2.61436 3.29956
-1.87594 2.58201 3.22714
-1.92072 2.54888 3.22714
-1.96491 2.51497 3.22714
-2.0085 2.48029 3.22714
-2.05148 2.44486 3.13846
-2.09384 2.40868 3.13846
-2.13556 2.37178 3.13846
-2.17662 2.33414 3.13846
-2.21703 2.2958 3.0352
-2.25676 2.25676 3.0352
-2.2958 2.21703 3.0352
-2.33414 2.17662 2.9195
-2.37178 2.13556 2.9195
-2.40868 2.09384 2.9195
-2.44486 2.05148 2.9195
-2.48029 2.0085 2.79401
-2.51497 1.96491 2.79401
-2.54888 1.92072 2.79401
-2.58201 1.87594 2.79401
-2.61436 1.83059 2.66192
-2.64591 1.78469 2.66192
-2.67665 1.73824 2.66192
-2.70658 1.69126 2.66192
-2.73568 1.64376 2.52689
-2.76395 1.59577 2.52689
-2.79138 1.54729 2.52689
-2.81796 1.49834 2.39306
-2.84368 1.44893 2.39306
-2.86854 1.39908 2.39306
-2.89252 1.3488 2.39306
-2.91562 1.29812 2.26482
-2.93783 1.24703 2.26482
-2.95914 1.19557 2.26482
-2.97956 1.14375 2.26482
-2.99906 1.09157 2.14668
-3.01766 1.03906 2.14668
-3.03533 0.98624 2.14668
-3.05208 0.933115 2.14668
-3.0679 0.879707 2.04304
-3.08279 0.826031 2.04304
-3.09674 0.772103 2.04304
-3.10974 0.71794 1.95792
-3.1218 0.663558 1.95792
-3.1329 0.608974 1.95792
-3.14305 0.554205 1.95792
-3.15225 0.499267 1.89476
-3.16048 0.444176 1.89476
-3.16775 0.388951 1.89476
-3.17405 0.333607 1.89476
-3.17939 0.278161 1.85614
-3.18376 0.22263 1.85614
-3.18716 0.167032 1.85614
-3.18959 0.111383 1.85614
-3.19105 0.0557 1.84371
-3.19154 3.90851e-16 1.84371
-3.19105 -0.0557 1.84371
-3.18959 -0.111383 1.85796
-3.18716 -0.167032 1.85796
-3.18376 -0.22263 1.85796
-3.17939 -0.278161 1.85796
-3.17405 -0.333607 1.8983
-3.16775 -0.388951 1.8983
-3.16048 -0.444176 1.8983
-3.15225 -0.499267 1.8983
-3.14305 -0.554205 1.96301
-3.1329 -0.608974 1.96301
-3.1218 -0.663558 1.96301
-3.10974 -0.71794 1.96301
-3.09674 -0.772103 2.0494
-3.08279 -0.826031 2.0494
-3.0679 -0.879707 2.0494
-3.05208 -0.933115 2.15394
-3.03533 -0.98624 2.15394
-3.01766 -1.03906 2.15394
-2.99906 -1.09157 2.15394
-2.97956 -1.14375 2.27252
-2.95914 -1.19557 2.27252
-2.93783 -1.24703 2.27252
-2.91562 -1.29812 2.27252
-2.89252 -1.3488 2.40065
-2.86854 -1.39908 2.40065
-2.84368 -1.44893 2.40065
-2.81796 -1.49834 2.40065
-2.79138 -1.54729 2.53374
-2.76395 -1.59577 2.53374
-2.73568 -1.64376 2.53374
-2.70658 -1.69126 2.66732
-2.67665 -1.73824 2.66732
-2.64591 -1.78469 2.66732
-2.61436 -1.83059 2.66732
-2.58201 -1.87594 2.79722
-2.54888 -1.92072 2.79722
-2.51497 -1.96491 2.79722
-2.48029 -2.0085 2.79722
-2.44486 -2.05148 2.91973
-2.40868 -2.09384 2.91973
-2.37178 -2.13556 2.91973
-2.33414 -2.17662 2.91973
-2.2958 -2.21703 3.03168
-2.25676 -2.25676 3.03168
-2.21703 -2.2958 3.03168
-2.17662 -2.33414 3.13047
-2.13556 -2.37178 3.13047
-2.09384 -2.40868 3.13047
-2.05148 -2.44486 3.13047
-2.0085 -2.48029 3.21403
-1.96491 -2.51497 3.21403
-1.92072 -2.54888 3.21403
-1.87594 -2.58201 3.21403
-1.83059 -2.61436 3.28078
-1.78469 -2.64591 3.28078
-1.73824 -2.67665 3.28078
-1.69126 -2.70658 3.28078
-1.64376 -2.73568 3.32956
-1.59577 -2.76395 3.32956
-1.54729 -2.79138 3.32956
-1.49834 -2.81796 3.35955
-1.44893 -2.84368 3.35955
-1.39908 -2.86854 3.35955
-1.3488 -2.89252 3.35955
-1.29812 -2.91562 3.37018
-1.24703 -2.93783 3.37018
-1.19557 -2.95914 3.37018
-1.14375 -2.97956 3.37018
-1.09157 -2.99906 3.36106
-1.03906 -3.01766 3.36106
-0.98624 -3.03533 3.36106
-0.933115 -3.05208 3.36106
-0.879707 -3.0679 3.33205
-0.826031 -3.08279 3.33205
-0.772103 -3.09674 3.33205
-0.71794 -3.10974 3.28324
-0.663558 -3.1218 3.28324
-0.608974 -3.1329 3.28324
-0.554205 -3.14305 3.28324
-0.499267 -3.15225 3.21503
-0.444176 -3.16048 3.21503
-0.388951 -3.16775 3.21503
-0.333607 -3.17405 3.21503
-0.278161 -3.17939 3.12823
-0.22263 -3.18376 3.12823
-0.167032 -3.18716 3.12823
-0.111383 -3.18959 3.12823
-0.0557 -3.19105 3.02411
-5.86276e-16 -3.19154 3.02411
0.0557 -3.19105 3.02411
0.111383 -3.18959 2.90453
0.167032 -3.18716 2.90453
0.22263 -3.18376 2.90453
0.278161 -3.17939 2.90453
0.333607 -3.17405 2.77198
0.388951 -3.16775 2.77198
0.444176 -3.16048 2.77198
0.499267 -3.15225 2.77198
0.554205 -3.14305 2.62958
0.608974 -3.1329 2.62958
0.663558 -3.1218 2.62958
0.71794 -3.10974 2.62958
0.772103 -3.09674 2.48105
0.826031 -3.08279 2.48105
0.879707 -3.0679 2.48105
0.933115 -3.05208 2.3306
0.98624 -3.03533 2.3306
1.03906 -3.01766 2.3306
1.09157 -2.99906 2.3306
1.14375 -2.97956 2.18279
1.19557 -2.95914 2.18279
1.24703 -2.93783 2.18279
1.29812 -2.91562 2.18279
1.3488 -2.89252 2.04226
1.39908 -2.86854 2.04226
1.44893 -2.84368 2.04226
1.49834 -2.81796 2.04226
1.54729 -2.79138 1.91353
1.59577 -2.76395 1.91353
1.64376 -2.73568 1.91353
1.69126 -2.70658 1.80072
1.73824 -2.67665 1.80072
1.78469 -2.64591 1.80072
1.83059 -2.61436 1.80072
1.87594 -2.58201 1.70726
1.92072 -2.54888 1.70726
1.96491 -2.51497 1.70726
2.0085 -2.48029 1.70726
2.05148 -2.44486 1.63568
2.09384 -2.40868 1.63568
2.13556 -2.37178 1.63568
2.17662 -2.33414 1.63568
2.21703 -2.2958 1.58738
2.25676 -2.25676 1.58738
2.2958 -2.21703 1.58738
2.33414 -2.17662 1.56257
2.37178 -2.13556 1.56257
2.40868 -2.09384 1.56257
2.44486 -2.05148 1.56257
2.48029 -2.0085 1.56022
2.51497 -1.96491 1.56022
2.54888 -1.92072 1.56022
2.58201 -1.87594 1.56022
2.61436 -1.83059 1.57808
2.64591 -1.78469 1.57808
2.67665 -1.73824 1.57808
2.70658 -1.69126 1.57808
2.73568 -1.64376 1.61284
2.76395 -1.59577 1.61284
2.79138 -1.54729 1.61284
2.81796 -1.49834 1.66033
2.84368 -1.44893 1.66033
2.86854 -1.39908 1.66033
2.89252 -1.3488 1.66033
2.91562 -1.29812 1.71576
2.93783 -1.24703 1.71576
2.95914 -1.19557 1.71576
2.97956 -1.14375 1.71576
2.99906 -1.09157 1.77406
3.01766 -1.03906 1.77406
3.03533 -0.98624 1.77406
3.05208 -0.933115 1.77406
3.0679 -0.879707 1.83021
3.08279 -0.826031 1.83021
3.09674 -0.772103 1.83021
3.10974 -0.71794 1.87956
3.1218 -0.663558 1.87956
3.1329 -0.608974 1.87956
3.14305 -0.554205 1.87956
3.15225 -0.499267 1.91813
3.16048 -0.444176 1.91813
3.16775 -0.388951 1.91813
3.17405 -0.333607 1.91813
3.17939 -0.278161 1.94289
3.18376 -0.22263 1.94289
3.18716 -0.167032 1.94289
3.18959 -0.111383 1.94289
3.19105 -0.0557 1.93678

3.27133 0 1.95196
3.27083 0.0570925 1.95196
3.26933 0.114168 1.9447
3.26684 0.171208 1.9447
3.26336 0.228196 1.9447
3.25888 0.285115 1.9447
3.25341 0.341947 1.9218
3.24694 0.398674 1.9218
3.23949 0.455281 1.9218
3.23105 0.511748 1.9218
3.22163 0.56806 1.88518
3.21122 0.624199 1.88518
3.19984 0.680147 1.88518
3.18748 0.735888 1.88518
3.17415 0.791406 1.83792
3.15986 0.846682 1.83792
3.1446 0.9017 1.83792
3.12839 0.956443 1.78405
3.11122 1.0109 1.78405
3.0931 1.06504 1.78405
3.07404 1.11886 1.78405
3.05405 1.17234 1.72826
3.03312 1.22546 1.72826
3.01127 1.27821 1.72826
2.98851 1.33057 1.72826
2.96483 1.38252 1.67562
2.94025 1.43406 1.67562
2.91477 1.48515 1.67562
2.88841 1.53579 1.67562
2.86117 1.58597 1.63121
2.83305 1.63566 1.63121
2.80407 1.68486 1.63121
2.77424 1.73354 1.59984
2.74357 1.78169 1.59984
2.71205 1.8293 1.59984
2.67971 1.87636 1.59984
2.64656 1.92284 1.58569
2.6126 1.96873 1.58569
2.57784 2.01403 1.58569
2.5423 2.05871 1.58569
2.50598 2.10277 1.59205
2.4689 2.14618 1.59205
2.43107 2.18894 1.59205
2.3925 2.23104 1.59205
2.3532 2.27245 1.62112
2.31318 2.31318 1.62112
2.27245 2.3532 1.62112
2.23104 2.3925 1.67388
2.18894 2.43107 1.67388
2.14618 2.4689 1.67388
2.10277 2.50598 1.67388
2.05871 2.5423 1.75004
2.01403 2.57784 1.75004
1.96873 2.6126 1.75004
1.92284 2.64656 1.75004
1.87636 2.67971 1.84806
1.8293 2.71205 1.84806
1.78169 2.74357 1.84806
1.73354 2.77424 1.84806
1.68486 2.80407 1.96529
1.63566 2.83305 1.96529
1.58597 2.86117 1.96529
1.53579 2.88841 2.09816
1.48515 2.91477 2.09816
1.43406 2.94025 2.09816
1.38252 2.96483 2.09816
1.33057 2.98851 2.24239
1.27821 3.01127 2.24239
1.22546 3.03312 2.24239
1.17234 3.05405 2.24239
1.11886 3.07404 2.39331
1.06504 3.0931 2.39331
1.0109 3.11122 2.39331
0.956443 3.12839 2.39331
0.9017 3.1446 2.54613
0.846682 3.15986 2.54613
0.791406 3.17415 2.54613
0.735888 3.18748 2.69617
0.680147 3.19984 2.69617
0.624199 3.21122 2.69617
0.56806 3.22163 2.69617
0.511748 3.23105 2.83912
0.455281 3.23949 2.83912
0.398674 3.24694 2.83912
0.341947 3.25341 2.83912
0.285115 3.25888 2.97119
0.228196 3.26336 2.97119
0.171208 3.26684 2.97119
0.114168 3.26933 2.97119
0.0570925 3.27083 3.08922
2.00311e-16 3.27133 3.08922
-0.0570925 3.27083 3.08922
-0.114168 3.26933 3.19076
-0.171208 3.26684 3.19076
-0.228196 3.26336 3.19076
-0.285115 3.25888 3.19076
-0.341947 3.25341 3.274
-0.398674 3.24694 3.274
-0.455281 3.23949 3.274
-0.511748 3.23105 3.274
-0.56806 3.22163 3.33776
-0.624199 3.21122 3.33776
-0.680147 3.19984 3.33776
-0.735888 3.18748 3.33776
-0.791406 3.17415 3.38138
-0.846682 3.15986 3.38138
-0.9017 3.1446 3.38138
-0.956443 3.12839 3.40463
-1.0109 3.11122 3.40463
-1.06504 3.0931 3.40463
-1.11886 3.07404 3.40463
-1.17234 3.05405 3.40762
-1.22546 3.03312 3.40762
-1.27821 3.01127 3.40762
-1.33057 2.98851 3.40762
-1.38252 2.96483 3.39068
-1.43406 2.94025 3.39068
-1.48515 2.91477 3.39068
-1.53579 2.88841 3.39068
-1.58597 2.86117 3.35441
-1.63566 2.83305 3.35441
-1.68486 2.80407 3.35441
-1.73354 2.77424 3.29956
-1.78169 2.74357 3.29956
-1.8293 2.71205 3.29956
-1.87636 2.67971 3.29956
-1.92284 2.64656 3.22714
-1.96873 2.6126 3.22714
-2.01403 2.57784 3.22714
-2.05871 2.5423 3.22714
-2.10277 2.50598 3.13846
-2.14618 2.4689 3.13846
-2.18894 2.43107 3.13846
-2.23104 2.3925 3.13846
-2.27245 2.3532 3.0352
-2.31318 2.31318 3.0352
-2.3532 2.27245 3.0352
-2.3925 2.23104 2.9195
-2.43107 2.18894 2.9195
-2.4689 2.14618 2.9195
-2.50598 2.10277 2.9195
-2.5423 2.05871 2.79401
-2.57784 2.01403 2.79401
-2.6126 1.96873 2.79401
-2.64656 1.92284 2.79401
-2.67971 1.87636 2.66192
-2.71205 1.8293 2.66192
-2.74357 1.78169 2.66192
-2.77424 1.73354 2.66192
-2.80407 1.68486 2.52689
-2.83305 1.63566 2.52689
-2.86117 1.58597 2.52689
-2.88841 1.53579 2.39306
-2.91477 1.48515 2.39306
-2.94025 1.43406 2.39306
-2.96483 1.38252 2.39306
-2.98851 1.33057 2.26482
-3.01127 1.27821 2.26482
-3.03312 1.22546 2.26482
-3.05405 1.17234 2.26482
-3.07404 1.11886 2.14668
-3.0931 1.06504 2.14668
-3.11122 1.0109 2.14668
-3.12839 0.956443 2.14668
-3.1446 0.9017 2.04304
-3.15986 0.846682 2.04304
-3.17415 0.791406 2.04304
-3.18748 0.735888 1.95792
-3.19984 0.680147 1.95792
-3.21122 0.624199 1.95792
-3.22163 0.56806 1.95792
-3.23105 0.511748 1.89476
-3.23949 0.455281 1.89476
-3.24694 0.398674 1.89476
-3.25341 0.341947 1.89476
-3.25888 0.285115 1.85614
-3.26336 0.228196 1.85614
-3.26684 0.171208 1.85614
-3.26933 0.114168 1.85614
-3.27083 0.0570925 1.84371
-3.27133 4.00622e-16 1.84371
-3.27083 -0.0570925 1.84371
-3.26933 -0.114168 1.85796
-3.26684 -0.171208 1.85796
-3.26336 -0.228196 1.85796
-3.25888 -0.285115 1.85796
-3.25341 -0.341947 1.8983
-3.24694 -0.398674 1.8983
-3.23949 -0.455281 1.8983
-3.23105 -0.511748 1.8983
-3.22163 -0.56806 1.96301
-3.21122 -0.624199 1.96301
-3.19984 -0.680147 1.96301
-3.18748 -0.735888 1.96301
-3.17415 -0.791406 2.0494
-3.15986 -0.846682 2.0494
-3.1446 -0.9017 2.0494
-3.12839 -0.956443 2.15394
-3.11122 -1.0109 2.15394
-3.0931 -1.06504 2.15394
-3.07404 -1.11886 2.15394
-3.05405 -1.17234 2.27252
-3.03312 -1.22546 2.27252
-3.01127 -1.27821 2.27252
-2.98851 -1.33057 2.27252
-2.96483 -1.38252 2.40065
-2.94025 -1.43406 2.40065
-2.91477 -1.48515 2.40065
-2.88841 -1.53579 2.40065
-2.86117 -1.58597 2.53374
-2.83305 -1.63566 2.53374
-2.80407 -1.68486 2.53374
-2.77424 -1.73354 2.66732
-2.74357 -1.78169 2.66732
-2.71205 -1.8293 2.66732
-2.67971 -1.87636 2.66732
-2.64656 -1.92284 2.79722
-2.6126 -1.96873 2.79722
-2.57784 -2.01403 2.79722
-2.5423 -2.05871 2.79722
-2.50598 -2.10277 2.91973
-2.4689 -2.14618 2.91973
-2.43107 -2.18894 2.91973
-2.3925 -2.23104 2.91973
-2.3532 -2.27245 3.03168
-2.31318 -2.31318 3.03168
-2.27245 -2.3532 3.03168
-2.23104 -2.3925 3.13047
-2.18894 -2.43107 3.13047
-2.14618 -2.4689 3.13047
-2.10277 -2.50598 3.13047
-2.05871 -2.5423 3.21403
-2.01403 -2.57784 3.21403
-1.96873 -2.6126 3.21403
-1.92284 -2.64656 3.21403
-1.87636 -2.67971 3.28078
-1.8293 -2.71205 3.28078
-1.78169 -2.74357 3.28078
-1.73354 -2.77424 3.28078
-1.68486 -2.80407 3.32956
-1.63566 -2.83305 3.32956
-1.58597 -2.86117 3.32956
-1.53579 -2.88841 3.35955
-1.48515 -2.91477 3.35955
-1.43406 -2.94025 3.35955
-1.38252 -2.96483 3.35955
-1.33057 -2.98851 3.37018
-1.27821 -3.01127 3.37018
-1.22546 -3.03312 3.37018
-1.17234 -3.05405 3.37018
-1.11886 -3.07404 3.36106
-1.06504 -3.0931 3.36106
-1.0109 -3.11122 3.36106
-0.956443 -3.12839 3.36106
-0.9017 -3.1446 3.33205
-0.846682 -3.15986 3.33205
-0.791406 -3.17415 3.33205
-0.735888 -3.18748 3.28324
-0.680147 -3.19984 3.28324
-0.624199 -3.21122 3.28324
-0.56806 -3.22163 3.28324
-0.511748 -3.23105 3.21503
-0.455281 -3.23949 3.21503
-0.398674 -3.24694 3.21503
-0.341947 -3.25341 3.21503
-0.285115 -3.25888 3.12823
-0.228196 -3.26336 3.12823
-0.171208 -3.26684 3.12823
-0.114168 -3.26933 3.12823
-0.0570925 -3.27083 3.02411
-6.00933e-16 -3.27133 3.02411
0.0570925 -3.27083 3.02411
0.114168 -3.26933 2.90453
0.171208 -3.26684 2.90453
0.228196 -3.26336 2.90453
0.285115 -3.25888 2.90453
0.341947 -3.25341 2.77198
0.398674 -3.24694 2.77198
0.455281 -3.23949 2.77198
0.511748 -3.23105 2.77198
0.56806 -3.22163 2.62958
0.624199 -3.21122 2.62958
0.680147 -3.19984 2.62958
0.735888 -3.18748 2.62958
0.791406 -3.17415 2.48105
0.846682 -3.15986 2.48105
0.9017 -3.1446 2.48105
0.956443 -3.12839 2.3306
1.0109 -3.11122 2.3306
1.06504 -3.0931 2.3306
1.11886 -3.07404 2.3306
1.17234 -3.05405 2.18279
1.22546 -3.03312 2.18279
1.27821 -3.01127 2.18279
1.33057 -2.98851 2.18279
1.38252 -2.96483 2.04226
1.43406 -2.94025 2.04226
1.48515 -2.91477 2.04226
1.53579 -2.88841 2.04226
1.58597 -2.86117 1.91353
1.63566 -2.83305 1.91353
1.68486 -2.80407 1.91353
1.73354 -2.77424 1.80072
1.78169 -2.74357 1.80072
1.8293 -2.71205 1.80072
1.87636 -2.67971 1.80072
1.92284 -2.64656 1.70726
1.96873 -2.6126 1.70726
2.01403 -2.57784 1.70726
2.05871 -2.5423 1.70726
2.10277 -2.50598 1.63568
2.14618 -2.4689 1.63568
2.18894 -2.43107 1.63568
2.23104 -2.3925 1.63568
2.27245 -2.3532 1.58738
2.31318 -2.31318 1.58738
2.3532 -2.27245 1.58738
2.3925 -2.23104 1.56257
2.43107 -2.18894 1.56257
2.4689 -2.14618 1.56257
2.50598 -2.10277 1.56257
2.5423 -2.05871 1.56022
2.57784 -2.01403 1.56022
2.6126 -1.96873 1.56022
2.64656 -1.92284 1.56022
2.67971 -1.87636 1.57808
2.71205 -1.8293 1.57808
2.74357 -1.78169 1.57808
2.77424 -1.73354 1.57808
2.80407 -1.68486 1.61284
2.83305 -1.63566 1.61284
2.86117 -1.58597 1.61284
2.88841 -1.53579 1.66033
2.91477 -1.48515 1.66033
2.94025 -1.43406 1.66033
2.96483 -1.38252 1.66033
2.98851 -1.33057 1.71576
3.01127 -1.27821 1.71576
3.03312 -1.22546 1.71576
3.05405 -1.17234 1.71576
3.07404 -1.11886 1.77406
3.0931 -1.06504 1.77406
3.11122 -1.0109 1.77406
3.12839 -0.956443 1.77406
3.1446 -0.9017 1.83021
3.15986 -0.846682 1.83021
3.17415 -0.791406 1.83021
3.18748 -0.735888 1.87956
3.19984 -0.680147 1.87956
3.21122 -0.624199 1.87956
3.22163 -0.56806 1.87956
3.23105 -0.511748 1.91813
3.23949 -0.455281 1.91813
3.24694 -0.398674 1.91813
3.25341 -0.341947 1.91813
3.25888 -0.285115 1.94289
3.26336 -0.228196 1.94289
3.26684 -0.171208 1.94289
3.26933 -0.114168 1.94289
3.27083 -0.0570925 1.93678

3.35112 0 1.98075
3.3506 0.058485 1.98075
3.34907 0.116952 1.972
3.34652 0.175384 1.972
3.34295 0.233762 1.972
3.33836 0.292069 1.972
3.33276 0.350287 1.94486
3.32614 0.408398 1.94486
3.3185 0.466385 1.94486
3.30986 0.52423 1.90124
3.3002 0.581915 1.90124
3.28955 0.639423 1.90124
3.27789 0.696736 1.90124
3.26523 0.753837 1.84424
3.25157 0.810708 1.84424
3.23693 0.867332 1.84424
3.2213 0.923693 1.77793
3.20469 0.979771 1.77793
3.1871 1.03555 1.77793
3.16854 1.09102 1.77793
3.14902 1.14615 1.70712
3.12854 1.20093 1.70712
3.1071 1.25535 1.70712
3.08472 1.30939 1.63709
3.0614 1.36302 1.63709
3.03714 1.41624 1.63709
3.01196 1.46903 1.63709
2.98587 1.52137 1.57325
2.95886 1.57325 1.57325
2.93095 1.62465 1.57325
2.90215 1.67556 1.52089
2.87247 1.72595 1.52089
2.84191 1.77582 1.52089
2.81048 1.82515 1.52089
2.7782 1.87392 1.48477
2.74507 1.92212 1.48477
2.71111 1.96974 1.48477
2.67632 2.01675 1.48477
2.64071 2.06315 1.46895
2.60431 2.10893 1.46895
2.5671 2.15406 1.46895
2.52912 2.19853 1.47647
2.49036 2.24233 1.47647
2.45085 2.28546 1.47647
2.41059 2.32788 1.47647
2.3696 2.3696 1.50925
2.32788 2.41059 1.50925
2.28546 2.45085 1.50925
2.24233 2.49036 1.56794
2.19853 2.52912 1.56794
2.15406 2.5671 1.56794
2.10893 2.60431 1.56794
2.06315 2.64071 1.65196
2.01675 2.67632 1.65196
1.96974 2.71111 1.65196
1.92212 2.74507 1.75948
1.87392 2.7782 1.75948
1.82515 2.81048 1.75948
1.77582 2.84191 1.75948
1.72595 2.87247 1.88764
1.67556 2.90215 1.88764
1.62465 2.93095 1.88764
1.57325 2.95886 2.03262
1.52137 2.98587 2.03262
1.46903 3.01196 2.03262
1.41624 3.03714 2.03262
1.36302 3.0614 2.19
1.30939 3.08472 2.19
1.25535 3.1071 2.19
1.20093 3.12854 2.35495
1.14615 3.14902 2.35495
1.09102 3.16854 2.35495
1.03555 3.1871 2.35495
0.979771 3.20469 2.52254
0.923693 3.2213 2.52254
0.867332 3.23693 2.52254
0.810708 3.25157 2.68794
0.753837 3.26523 2.68794
0.696736 3.27789 2.68794
0.639423 3.28955 2.68794
0.581915 3.3002 2.84673
0.52423 3.30986 2.84673
0.466385 3.3185 2.84673
0.408398 3.32614 2.99497
0.350287 3.33276 2.99497
0.292069 3.33836 2.99497
0.233762 3.34295 2.99497
0.175384 3.34652 3.12939
0.116952 3.34907 3.12939
0.058485 3.3506 3.12939
2.05197e-16 3.35112 3.24741
-0.058485 3.3506 3.24741
-0.116952 3.34907 3.24741
-0.175384 3.34652 3.24741
-0.233762 3.34295 3.34713
-0.292069 3.33836 3.34713
-0.350287 3.33276 3.34713
-0.408398 3.32614 3.34713
-0.466385 3.3185 3.42729
-0.52423 3.30986 3.42729
-0.581915 3.3002 3.42729
-0.639423 3.28955 3.48717
-0.696736 3.27789 3.48717
-0.753837 3.26523 3.48717
-0.810708 3.25157 3.48717
-0.867332 3.23693 3.52649
-0.923693 3.2213 3.52649
-0.979771 3.20469 3.52649
-1.03555 3.1871 3.54529
-1.09102 3.16854 3.54529
-1.14615 3.14902 3.54529
-1.20093 3.12854 3.54529
-1.25535 3.1071 3.54385
-1.30939 3.08472 3.54385
-1.36302 3.0614 3.54385
-1.41624 3.03714 3.52259
-1.46903 3.01196 3.52259
-1.52137 2.98587 3.52259
-1.57325 2.95886 3.52259
-1.62465 2.93095 3.48205
-1.67556 2.90215 3.48205
-1.72595 2.87247 3.48205
-1.77582 2.84191 3.42289
-1.82515 2.81048 3.42289
-1.87392 2.7782 3.42289
-1.92212 2.74507 3.42289
-1.96974 2.71111 3.34591
-2.01675 2.67632 3.34591
-2.06315 2.64071 3.34591
-2.10893 2.60431 3.25214
-2.15406 2.5671 3.25214
-2.19853 2.52912 3.25214
-2.24233 2.49036 3.25214
-2.28546 2.45085 3.14293
-2.32788 2.41059 3.14293
-2.3696 2.3696 3.14293
-2.41059 2.32788 3.02004
-2.45085 2.28546 3.02004
-2.49036 2.24233 3.02004
-2.52912 2.19853 3.02004
-2.5671 2.15406 2.88573
-2.60431 2.10893 2.88573
-2.64071 2.06315 2.88573
-2.67632 2.01675 2.74276
-2.71111 1.96974 2.74276
-2.74507 1.92212 2.74276
-2.7782 1.87392 2.74276
-2.81048 1.82515 2.59448
-2.84191 1.77582 2.59448
-2.87247 1.72595 2.59448
-2.90215 1.67556 2.44472
-2.93095 1.62465 2.44472
-2.95886 1.57325 2.44472
-2.98587 1.52137 2.44472
-3.01196 1.46903 2.29773
-3.03714 1.41624 2.29773
-3.0614 1.36302 2.29773
-3.08472 1.30939 2.29773
-3.1071 1.25535 2.15804
-3.12854 1.20093 2.15804
-3.14902 1.14615 2.15804
-3.16854 1.09102 2.03022
-3.1871 1.03555 2.03022
-3.20469 0.979771 2.03022
-3.2213 0.923693 2.03022
-3.23693 0.867332 1.91871
-3.25157 0.810708 1.91871
-3.26523 0.753837 1.91871
-3.27789 0.696736 1.82755
-3.28955 0.639423 1.82755
-3.3002 0.581915 1.82755
-3.30986 0.52423 1.82755
-3.3185 0.466385 1.76014
-3.32614 0.408398 1.76014
-3.33276 0.350287 1.76014
-3.33836 0.292069 1.71907
-3.34295 0.233762 1.71907
-3.34652 0.175384 1.71907
-3.34907 0.116952 1.71907
-3.3506 0.058485 1.70595
-3.35112 4.10393e-16 1.70595
-3.3506 -0.058485 1.70595
-3.34907 -0.116952 1.72129
-3.34652 -0.175384 1.72129
-3.34295 -0.233762 1.72129
-3.33836 -0.292069 1.72129
-3.33276 -0.350287 1.7645
-3.32614 -0.408398 1.7645
-3.3185 -0.466385 1.7645
-3.30986 -0.52423 1.83388
-3.3002 -0.581915 1.83388
-3.28955 -0.639423 1.83388
-3.27789 -0.696736 1.83388
-3.26523 -0.753837 1.92677
-3.25157 -0.810708 1.92677
-3.23693 -0.867332 1.92677
-3.2213 -0.923693 2.03966
-3.20469 -0.979771 2.03966
-3.1871 -1.03555 2.03966
-3.16854 -1.09102 2.03966
-3.14902 -1.14615 2.16843
-3.12854 -1.20093 2.16843
-3.1071 -1.25535 2.16843
-3.08472 -1.30939 2.30855
-3.0614 -1.36302 2.30855
-3.03714 -1.41624 2.30855
-3.01196 -1.46903 2.30855
-2.98587 -1.52137 2.45535
-2.95886 -1.57325 2.45535
-2.93095 -1.62465 2.45535
-2.90215 -1.67556 2.45535
-2.87247 -1.72595 2.60422
-2.84191 -1.77582 2.60422
-2.81048 -1.82515 2.60422
-2.7782 -1.87392 2.75086
-2.74507 -1.92212 2.75086
-2.71111 -1.96974 2.75086
-2.67632 -2.01675 2.75086
-2.64071 -2.06315 2.89137
-2.60431 -2.10893 2.89137
-2.5671 -2.15406 2.89137
-2.52912 -2.19853 3.02239
-2.49036 -2.24233 3.02239
-2.45085 -2.28546 3.02239
-2.41059 -2.32788 3.02239
-2.3696 -2.3696 3.14116
-2.32788 -2.41059 3.14116
-2.28546 -2.45085 3.14116
-2.24233 -2.49036 3.24547
-2.19853 -2.52912 3.24547
-2.15406 -2.5671 3.24547
-2.10893 -2.60431 3.24547
-2.06315 -2.64071 3.33365
-2.01675 -2.67632 3.33365
-1.96974 -2.71111 3.33365
-1.92212 -2.74507 3.40445
-1.87392 -2.7782 3.40445
-1.82515 -2.81048 3.40445
-1.77582 -2.84191 3.40445
-1.72595 -2.87247 3.45699
-1.67556 -2.90215 3.45699
-1.62465 -2.93095 3.45699
-1.57325 -2.95886 3.49064
-1.52137 -2.98587 3.49064
-1.46903 -3.01196 3.49064
-1.41624 -3.03714 3.49064
-1.36302 -3.0614 3.50496
-1.30939 -3.08472 3.50496
-1.25535 -3.1071 3.50496
-1.20093 -3.12854 3.49959
-1.14615 -3.14902 3.49959
-1.09102 -3.16854 3.49959
-1.03555 -3.1871 3.49959
-0.979771 -3.20469 3.47433
-0.923693 -3.2213 3.47433
-0.867332 -3.23693 3.47433
-0.810708 -3.25157 3.4291
-0.753837 -3.26523 3.4291
-0.696736 -3.27789 3.4291
-0.639423 -3.28955 3.4291
-0.581915 -3.3002 3.36404
-0.52423 -3.30986 3.36404
-0.466385 -3.3185 3.36404
-0.408398 -3.32614 3.27959
-0.350287 -3.33276 3.27959
-0.292069 -3.33836 3.27959
-0.233762 -3.34295 3.27959
-0.175384 -3.34652 3.17659
-0.116952 -3.34907 3.17659
-0.058485 -3.3506 3.17659
-6.1559e-16 -3.35112 3.17659
0.058485 -3.3506 3.05636
0.116952 -3.34907 3.05636
0.175384 -3.34652 3.05636
0.233762 -3.34295 2.92085
0.292069 -3.33836 2.92085
0.350287 -3.33276 2.92085
0.408398 -3.32614 2.92085
0.466385 -3.3185 2.77263
0.52423 -3.30986 2.77263
0.581915 -3.3002 2.77263
0.639423 -3.28955 2.61493
0.696736 -3.27789 2.61493
0.753837 -3.26523 2.61493
0.810708 -3.25157 2.61493
0.867332 -3.23693 2.45158
0.923693 -3.2213 2.45158
0.979771 -3.20469 2.45158
1.03555 -3.1871 2.28691
1.09102 -3.16854 2.28691
1.14615 -3.14902 2.28691
1.20093 -3.12854 2.28691
1.25535 -3.1071 2.1256
1.30939 -3.08472 2.1256
1.36302 -3.0614 2.1256
1.41624 -3.03714 1.97244
1.46903 -3.01196 1.97244
1.52137 -2.98587 1.97244
1.57325 -2.95886 1.97244
1.62465 -2.93095 1.83207
1.67556 -2.90215 1.83207
1.72595 -2.87247 1.83207
1.77582 -2.84191 1.70878
1.82515 -2.81048 1.70878
1.87392 -2.7782 1.70878
1.92212 -2.74507 1.70878
1.96974 -2.71111 1.60622
2.01675 -2.67632 1.60622
2.06315 -2.64071 1.60622
2.10893 -2.60431 1.52715
2.15406 -2.5671 1.52715
2.19853 -2.52912 1.52715
2.24233 -2.49036 1.52715
2.28546 -2.45085 1.47324
2.32788 -2.41059 1.47324
2.3696 -2.3696 1.47324
2.41059 -2.32788 1.44502
2.45085 -2.28546 1.44502
2.49036 -2.24233 1.44502
2.52912 -2.19853 1.44502
2.5671 -2.15406 1.44176
2.60431 -2.10893 1.44176
2.64071 -2.06315 1.44176
2.67632 -2.01675 1.4615
2.71111 -1.96974 1.4615
2.74507 -1.92212 1.4615
2.7782 -1.87392 1.4615
2.81048 -1.82515 1.50118
2.84191 -1.77582 1.50118
2.87247 -1.72595 1.50118
2.90215 -1.67556 1.50118
2.93095 -1.62465 1.55674
2.95886 -1.57325 1.55674
2.98587 -1.52137 1.55674
3.01196 -1.46903 1.62344
3.03714 -1.41624 1.62344
3.0614 -1.36302 1.62344
3.08472 -1.30939 1.62344
3.1071 -1.25535 1.69602
3.12854 -1.20093 1.69602
3.14902 -1.14615 1.69602
3.16854 -1.09102 1.7691
3.1871 -1.03555 1.7691
3.20469 -0.979771 1.7691
3.2213 -0.923693 1.7691
3.23693 -0.867332 1.83745
3.25157 -0.810708 1.83745
3.26523 -0.753837 1.83745
3.27789 -0.696736 1.89631
3.28955 -0.639423 1.89631
3.3002 -0.581915 1.89631
3.30986 -0.52423 1.89631
3.3185 -0.466385 1.94164
3.32614 -0.408398 1.94164
3.33276 -0.350287 1.94164
3.33836 -0.292069 1.97042
3.34295 -0.233762 1.97042
3.34652 -0.175384 1.97042
3.34907 -0.116952 1.97042
3.3506 -0.058485 1.95196

3.4309 0 1.98075
3.43038 0.0598775 1.98075
3.42881 0.119737 1.972
3.4262 0.17956 1.972
3.42255 0.239328 1.972
3.41785 0.299023 1.972
3.41211 0.358627 1.94486
3.40533 0.418122 1.94486
3.39751 0.477489 1.94486
3.38866 0.536712 1.90124
3.37878 0.59577 1.90124
3.36787 0.654647 1.90124
3.35593 0.713325 1.90124
3.34297 0.771785 1.84424
3.32899 0.830011 1.84424
3.314 0.887983 1.84424
3.298 0.945685 1.77793
3.28099 1.0031 1.77793
3.26298 1.06021 1.77793
3.24398 1.11699 1.77793
3.22399 1.17344 1.70712
3.20302 1.22953 1.70712
3.18108 1.28524 1.70712
3.15816 1.34056 1.63709
3.13429 1.39547 1.63709
3.10945 1.44996 1.63709
3.08368 1.50401 1.63709
3.05696 1.5576 1.57325
3.02931 1.61071 1.57325
3.00074 1.66334 1.57325
2.97125 1.71545 1.52089
2.94086 1.76705 1.52089
2.90957 1.8181 1.52089
2.8774 1.8686 1.52089
2.84435 1.91854 1.48477
2.81043 1.96789 1.48477
2.77566 2.01663 1.48477
2.74004 2.06477 1.48477
2.70359 2.11228 1.46895
2.66631 2.15914 1.46895
2.62822 2.20534 1.46895
2.58934 2.25088 1.47647
2.54966 2.29572 1.47647
2.5092 2.33987 1.47647
2.46799 2.38331 1.47647
2.42602 2.42602 1.50925
2.38331 2.46799 1.50925
2.33987 2.5092 1.50925
2.29572 2.54966 1.56794
2.25088 2.58934 1.56794
2.20534 2.62822 1.56794
2.15914 2.66631 1.56794
2.11228 2.70359 1.65196
2.06477 2.74004 1.65196
2.01663 2.77566 1.65196
1.96789 2.81043 1.75948
1.91854 2.84435 1.75948
1.8686 2.8774 1.75948
1.8181 2.90957 1.75948
1.76705 2.94086 1.88764
1.71545 2.97125 1.88764
1.66334 3.00074 1.88764
1.61071 3.02931 2.03262
1.5576 3.05696 2.03262
1.50401 3.08368 2.03262
1.44996 3.10945 2.03262
1.39547 3.13429 2.19
1.34056 3.15816 2.19
1.28524 3.18108 2.19
1.22953 3.20302 2.35495
1.17344 3.22399 2.35495
1.11699 3.24398 2.35495
1.06021 3.26298 2.35495
1.0031 3.28099 2.52254
0.945685 3.298 2.52254
0.887983 3.314 2.52254
0.830011 3.32899 2.68794
0.771785 3.34297 2.68794
0.713325 3.35593 2.68794
0.654647 3.36787 2.68794
0.59577 3.37878 2.84673
0.536712 3.38866 2.84673
0.477489 3.39751 2.84673
0.418122 3.40533 2.99497
0.358627 3.41211 2.99497
0.299023 3.41785 2.99497
0.239328 3.42255 2.99497
0.17956 3.4262 3.12939
0.119737 3.42881 3.12939
0.0598775 3.43038 3.12939
2.10082e-16 3.4309 3.24741
-0.0598775 3.43038 3.24741
-0.119737 3.42881 3.24741
-0.17956 3.4262 3.24741
-0.239328 3.42255 3.34713
-0.299023 3.41785 3.34713
-0.358627 3.41211 3.34713
-0.418122 3.40533 3.34713
-0.477489 3.39751 3.42729
-0.536712 3.38866 3.42729
-0.59577 3.37878 3.42729
-0.654647 3.36787 3.48717
-0.713325 3.35593 3.48717
-0.771785 3.34297 3.48717
-0.830011 3.32899 3.48717
-0.887983 3.314 3.52649
-0.945685 3.298 3.52649
-1.0031 3.28099 3.52649
-1.06021 3.26298 3.54529
-1.11699 3.24398 3.54529
-1.17344 3.22399 3.54529
-1.22953 3.20302 3.54529
-1.28524 3.18108 3.54385
-1.34056 3.15816 3.54385
-1.39547 3.13429 3.54385
-1.44996 3.10945 3.52259
-1.50401 3.08368 3.52259
-1.5576 3.05696 3.52259
-1.61071 3.02931 3.52259
-1.66334 3.00074 3.48205
-1.71545 2.97125 3.48205
-1.76705 2.94086 3.48205
-1.8181 2.90957 3.42289
-1.8686 2.8774 3.42289
-1.91854 2.84435 3.42289
-1.96789 2.81043 3.42289
-2.01663 2.77566 3.34591
-2.06477 2.74004 3.34591
-2.11228 2.70359 3.34591
-2.15914 2.66631 3.25214
-2.20534 2.62822 3.25214
-2.25088 2.58934 3.25214
-2.29572 2.54966 3.25214
-2.33987 2.5092 3.14293
-2.38331 2.46799 3.14293
-2.42602 2.42602 3.14293
-2.46799 2.38331 3.02004
-2.5092 2.33987 3.02004
-2.54966 2.29572 3.02004
-2.58934 2.25088 3.02004
-2.62822 2.20534 2.88573
-2.66631 2.15914 2.88573
-2.70359 2.11228 2.88573
-2.74004 2.06477 2.74276
-2.77566 2.01663 2.74276
-2.81043 1.96789 2.74276
-2.84435 1.91854 2.74276
-2.8774 1.8686 2.59448
-2.90957 1.8181 2.59448
-2.94086 1.76705 2.59448
-2.97125 1.71545 2.44472
-3.00074 1.66334 2.44472
-3.02931 1.61071 2.44472
-3.05696 1.5576 2.44472
-3.08368 1.50401 2.29773
-3.10945 1.44996 2.29773
-3.13429 1.39547 2.29773
-3.15816 1.34056 2.29773
-3.18108 1.28524 2.15804
-3.20302 1.22953 2.15804
-3.22399 1.17344 2.15804
-3.24398 1.11699 2.03022
-3.26298 1.06021 2.03022
-3.28099 1.0031 2.03022
-3.298 0.945685 2.03022
-3.314 0.887983 1.91871
-3.32899 0.830011 1.91871
-3.34297 0.771785 1.91871
-3.35593 0.713325 1.82755
-3.36787 0.654647 1.82755
-3.37878 0.59577 1.82755
-3.38866 0.536712 1.82755
-3.39751 0.477489 1.76014
-3.40533 0.418122 1.76014
-3.41211 0.358627 1.76014
-3.41785 0.299023 1.71907
-3.42255 0.239328 1.71907
-3.4262 0.17956 1.71907
-3.42881 0.119737 1.71907
-3.43038 0.0598775 1.70595
-3.4309 4.20165e-16 1.70595
-3.43038 -0.0598775 1.70595
-3.42881 -0.119737 1.72129
-3.4262 -0.17956 1.72129
-3.42255 -0.239328 1.72129
-3.41785 -0.299023 1.72129
-3.41211 -0.358627 1.7645
-3.40533 -0.418122 1.7645
-3.39751 -0.477489 1.7645
-3.38866 -0.536712 1.83388
-3.37878 -0.59577 1.83388
-3.36787 -0.654647 1.83388
-3.35593 -0.713325 1.83388
-3.34297 -0.771785 1.92677
-3.32899 -0.830011 1.92677
-3.314 -0.887983 1.92677
-3.298 -0.945685 2.03966
-3.28099 -1.0031 2.03966
-3.26298 -1.06021 2.03966
-3.24398 -1.11699 2.03966
-3.22399 -1.17344 2.16843
-3.20302 -1.22953 2.16843
-3.18108 -1.28524 2.16843
-3.15816 -1.34056 2.30855
-3.13429 -1.39547 2.30855
-3.10945 -1.44996 2.30855
-3.08368 -1.50401 2.30855
-3.05696 -1.5576 2.45535
-3.02931 -1.61071 2.45535
-3.00074 -1.66334 2.45535
-2.97125 -1.71545 2.45535
-2.94086 -1.76705 2.60422
-2.90957 -1.8181 2.60422
-2.8774 -1.8686 2.60422
-2.84435 -1.91854 2.75086
-2.81043 -1.96789 2.75086
-2.77566 -2.01663 2.75086
-2.74004 -2.06477 2.75086
-2.70359 -2.11228 2.89137
-2.66631 -2.15914 2.89137
-2.62822 -2.20534 2.89137
-2.58934 -2.25088 3.02239
-2.54966 -2.29572 3.02239
-2.5092 -2.33987 3.02239
-2.46799 -2.38331 3.02239
-2.42602 -2.42602 3.14116
-2.38331 -2.46799 3.14116
-2.33987 -2.5092 3.14116
-2.29572 -2.54966 3.24547
-2.25088 -2.58934 3.24547
-2.20534 -2.62822 3.24547
-2.15914 -2.66631 3.24547
-2.11228 -2.70359 3.33365
-2.06477 -2.74004 3.33365
-2.01663 -2.77566 3.33365
-1.96789 -2.81043 3.40445
-1.91854 -2.84435 3.40445
-1.8686 -2.8774 3.40445
-1.8181 -2.90957 3.40445
-1.76705 -2.94086 3.45699
-1.71545 -2.97125 3.45699
-1.66334 -3.00074 3.45699
-1.61071 -3.02931 3.49064
-1.5576 -3.05696 3.49064
-1.50401 -3.08368 3.49064
-1.44996 -3.10945 3.49064
-1.39547 -3.13429 3.50496
-1.34056 -3.15816 3.50496
-1.28524 -3.18108 3.50496
-1.22953 -3.20302 3.49959
-1.17344 -3.22399 3.49959
-1.11699 -3.24398 3.49959
-1.06021 -3.26298 3.49959
-1.0031 -3.28099 3.47433
-0.945685 -3.298 3.47433
-0.887983 -3.314 3.47433
-0.830011 -3.32899 3.4291
-0.771785 -3.34297 3.4291
-0.713325 -3.35593 3.4291
-0.654647 -3.36787 3.4291
-0.59577 -3.37878 3.36404
-0.536712 -3.38866 3.36404
-0.477489 -3.39751 3.36404
-0.418122 -3.40533 3.27959
-0.358627 -3.41211 3.27959
-0.299023 -3.41785 3.27959
-0.239328 -3.42255 3.27959
-0.17956 -3.4262 3.17659
-0.119737 -3.42881 3.17659
-0.0598775 -3.43038 3.17659
-6.30247e-16 -3.4309 3.17659
0.0598775 -3.43038 3.05636
0.119737 -3.42881 3.05636
0.17956 -3.4262 3.05636
0.239328 -3.42255 2.92085
0.299023 -3.41785 2.92085
0.358627 -3.41211 2.92085
0.418122 -3.40533 2.92085
0.477489 -3.39751 2.77263
0.536712 -3.38866 2.77263
0.59577 -3.37878 2.77263
0.654647 -3.36787 2.61493
0.713325 -3.35593 2.61493
0.771785 -3.34297 2.61493
0.830011 -3.32899 2.61493
0.887983 -3.314 2.45158
0.945685 -3.298 2.45158
1.0031 -3.28099 2.45158
1.06021 -3.26298 2.28691
1.11699 -3.24398 2.28691
1.17344 -3.22399 2.28691
1.22953 -3.20302 2.28691
1.28524 -3.18108 2.1256
1.34056 -3.15816 2.1256
1.39547 -3.13429 2.1256
1.44996 -3.10945 1.97244
1.50401 -3.08368 1.97244
1.5576 -3.05696 1.97244
1.61071 -3.02931 1.97244
1.66334 -3.00074 1.83207
1.71545 -2.97125 1.83207
1.76705 -2.94086 1.83207
1.8181 -2.90957 1.70878
1.8686 -2.8774 1.70878
1.91854 -2.84435 1.70878
1.96789 -2.81043 1.70878
2.01663 -2.77566 1.60622
2.06477 -2.74004 1.60622
2.11228 -2.70359 1.60622
2.15914 -2.66631 1.52715
2.20534 -2.62822 1.52715
2.25088 -2.58934 1.52715
2.29572 -2.54966 1.52715
2.33987 -2.5092 1.47324
2.38331 -2.46799 1.47324
2.42602 -2.42602 1.47324
2.46799 -2.38331 1.44502
2.5092 -2.33987 1.44502
2.54966 -2.29572 1.44502
2.58934 -2.25088 1.44502
2.62822 -2.20534 1.44176
2.66631 -2.15914 1.44176
2.70359 -2.11228 1.44176
2.74004 -2.06477 1.4615
2.77566 -2.01663 1.4615
2.81043 -1.96789 1.4615
2.84435 -1.91854 1.4615
2.8774 -1.8686 1.50118
2.90957 -1.8181 1.50118
2.94086 -1.76705 1.50118
2.97125 -1.71545 1.50118
3.00074 -1.66334 1.55674
3.02931 -1.61071 1.55674
3.05696 -1.5576 1.55674
3.08368 -1.50401 1.62344
3.10945 -1.44996 1.62344
3.13429 -1.39547 1.62344
3.15816 -1.34056 1.62344
3.18108 -1.28524 1.69602
3.20302 -1.22953 1.69602
3.22399 -1.17344 1.69602
3.24398 -1.11699 1.7691
3.26298 -1.06021 1.7691
3.28099 -1.0031 1.7691
3.298 -0.945685 1.7691
3.314 -0.887983 1.83745
3.32899 -0.830011 1.83745
3.34297 -0.771785 1.83745
3.35593 -0.713325 1.89631
3.36787 -0.654647 1.89631
3.37878 -0.59577 1.89631
3.38866 -0.536712 1.89631
3.39751 -0.477489 1.94164
3.40533 -0.418122 1.94164
3.41211 -0.358627 1.94164
3.41785 -0.299023 1.97042
3.42255 -0.239328 1.97042
3.4262 -0.17956 1.97042
3.42881 -0.119737 1.97042
3.43038 -0.0598775 1.95196

3.51069 0 2.02488
3.51016 0.06127 2.02488
3.50855 0.122521 2.01459
3.50588 0.183735 2.01459
3.50214 0.244893 2.01459
3.49733 0.305977 1.98304
3.49146 0.366967 1.98304
3.48452 0.427846 1.98304
3.47653 0.488594 1.98304
3.46747 0.549193 1.93215
3.45736 0.609625 1.93215
3.44619 0.669872 1.93215
3.43398 0.729914 1.86503
3.42071 0.789734 1.86503
3.40641 0.849313 1.86503
3.39107 0.908634 1.78577
3.37469 0.967678 1.78577
3.35729 1.02643 1.78577
3.33887 1.08486 1.78577
3.31942 1.14297 1.69928
3.29897 1.20073 1.69928
3.27751 1.25812 1.69928
3.25506 1.31513 1.61102
3.23161 1.37174 1.61102
3.20718 1.42793 1.61102
3.18177 1.48368 1.52668
3.15539 1.53899 1.52668
3.12805 1.59382 1.52668
3.09976 1.64817 1.52668
3.07052 1.70202 1.45196
3.04035 1.75535 1.45196
3.00925 1.80814 1.45196
2.97724 1.86038 1.39217
2.94431 1.91206 1.39217
2.9105 1.96315 1.39217
2.87579 2.01365 1.35202
2.84021 2.06353 1.35202
2.80376 2.11279 1.35202
2.76646 2.1614 1.35202
2.72832 2.20935 1.33535
2.68935 2.25663 1.33535
2.64955 2.30322 1.33535
2.60895 2.34911 1.34494
2.56756 2.39429 1.34494
2.52538 2.43873 1.34494
2.48243 2.48243 1.38241
2.43873 2.52538 1.38241
2.39429 2.56756 1.38241
2.34911 2.60895 1.38241
2.30322 2.64955 1.44808
2.25663 2.68935 1.44808
2.20935 2.72832 1.44808
2.1614 2.76646 1.54104
2.11279 2.80376 1.54104
2.06353 2.84021 1.54104
2.01365 2.87579 1.65922
1.96315 2.9105 1.65922
1.91206 2.94431 1.65922
1.86038 2.97724 1.65922
1.80814 3.00925 1.79946
1.75535 3.04035 1.79946
1.70202 3.07052 1.79946
1.64817 3.09976 1.95775
1.59382 3.12805 1.95775
1.53899 3.15539 1.95775
1.48368 3.18177 2.12945
1.42793 3.20718 2.12945
1.37174 3.23161 2.12945
1.31513 3.25506 2.12945
1.25812 3.27751 2.30956
1.20073 3.29897 2.30956
1.14297 3.31942 2.30956
1.08486 3.33887 2.49297
1.02643 3.35729 2.49297
0.967678 3.37469 2.49297
0.908634 3.39107 2.67472
0.849313 3.40641 2.67472
0.789734 3.42071 2.67472
0.729914 3.43398 2.67472
0.669872 3.44619 2.8502
0.609625 3.45736 2.8502
0.549193 3.46747 2.8502
0.488594 3.47653 3.01534
0.427846 3.48452 3.01534
0.366967 3.49146 3.01534
0.305977 3.49733 3.16672
0.244893 3.50214 3.16672
0.183735 3.50588 3.16672
0.122521 3.50855 3.16672
0.06127 3.51016 3.30164
2.14968e-16 3.51069 3.30164
-0.06127 3.51016 3.30164
-0.122521 3.50855 3.41811
-0.183735 3.50588 3.41811
-0.244893 3.50214 3.41811
-0.305977 3.49733 3.5148
-0.366967 3.49146 3.5148
-0.427846 3.48452 3.5148
-0.488594 3.47653 3.5148
-0.549193 3.46747 3.59096
-0.609625 3.45736 3.59096
-0.669872 3.44619 3.59096
-0.729914 3.43398 3.6463
-0.789734 3.42071 3.6463
-0.849313 3.40641 3.6463
-0.908634 3.39107 3.68089
-0.967678 3.37469 3.68089
-1.02643 3.35729 3.68089
-1.08486 3.33887 3.68089
-1.14297 3.31942 3.695
-1.20073 3.29897 3.695
-1.25812 3.27751 3.695
-1.31513 3.25506 3.68905
-1.37174 3.23161 3.68905
-1.42793 3.20718 3.68905
-1.48368 3.18177 3.66352
-1.53899 3.15539 3.66352
-1.59382 3.12805 3.66352
-1.64817 3.09976 3.66352
-1.70202 3.07052 3.61891
-1.75535 3.04035 3.61891
-1.80814 3.00925 3.61891
-1.86038 2.97724 3.55574
-1.91206 2.94431 3.55574
-1.96315 2.9105 3.55574
-2.01365 2.87579 3.47461
-2.06353 2.84021 3.47461
-2.11279 2.80376 3.47461
-2.1614 2.76646 3.47461
-2.20935 2.72832 3.37627
-2.25663 2.68935 3.37627
-2.30322 2.64955 3.37627
-2.34911 2.60895 3.26176
-2.39429 2.56756 3.26176
-2.43873 2.52538 3.26176
-2.48243 2.48243 3.13244
-2.52538 2.43873 3.13244
-2.56756 2.39429 3.13244
-2.60895 2.34911 3.13244
-2.64955 2.30322 2.99015
-2.68935 2.25663 2.99015
-2.72832 2.20935 2.99015
-2.76646 2.1614 2.83727
-2.80376 2.11279 2.83727
-2.84021 2.06353 2.83727
-2.87579 2.01365 2.67674
-2.9105 1.96315 2.67674
-2.94431 1.91206 2.67674
-2.97724 1.86038 2.67674
-3.00925 1.80814 2.51207
-3.04035 1.75535 2.51207
-3.07052 1.70202 2.51207
-3.09976 1.64817 2.34729
-3.12805 1.59382 2.34729
-3.15539 1.53899 2.34729
-3.18177 1.48368 2.18681
-3.20718 1.42793 2.18681
-3.23161 1.37174 2.18681
-3.25506 1.31513 2.18681
-3.27751 1.25812 2.03529
-3.29897 1.20073 2.03529
-3.31942 1.14297 2.03529
-3.33887 1.08486 1.89743
-3.35729 1.02643 1.89743
-3.37469 0.967678 1.89743
-3.39107 0.908634 1.7777
-3.40641 0.849313 1.7777
-3.42071 0.789734 1.7777
-3.43398 0.729914 1.7777
-3.44619 0.669872 1.68018
-3.45736 0.609625 1.68018
-3.46747 0.549193 1.68018
-3.47653 0.488594 1.6083
-3.48452 0.427846 1.6083
-3.49146 0.366967 1.6083
-3.49733 0.305977 1.56463
-3.50214 0.244893 1.56463
-3.50588 0.183735 1.56463
-3.50855 0.122521 1.56463
-3.51016 0.06127 1.55078
-3.51069 4.29936e-16 1.55078
-3.51016 -0.06127 1.55078
-3.50855 -0.122521 1.56725
-3.50588 -0.183735 1.56725
-3.50214 -0.244893 1.56725
-3.49733 -0.305977 1.56725
-3.49146 -0.366967 1.61347
-3.48452 -0.427846 1.61347
-3.47653 -0.488594 1.61347
-3.46747 -0.549193 1.68775
-3.45736 -0.609625 1.68775
-3.44619 -0.669872 1.68775
-3.43398 -0.729914 1.78744
-3.42071 -0.789734 1.78744
-3.40641 -0.849313 1.78744
-3.39107 -0.908634 1.78744
-3.37469 -0.967678 1.90904
-3.35729 -1.02643 1.90904
-3.33887 -1.08486 1.90904
-3.31942 -1.14297 2.04837
-3.29897 -1.20073 2.04837
-3.27751 -1.25812 2.04837
-3.25506 -1.31513 2.20087
-3.23161 -1.37174 2.20087
-3.20718 -1.42793 2.20087
-3.18177 -1.48368 2.20087
-3.15539 -1.53899 2.36174
-3.12805 -1.59382 2.36174
-3.09976 -1.64817 2.36174
-3.07052 -1.70202 2.52623
-3.04035 -1.75535 2.52623
-3.00925 -1.80814 2.52623
-2.97724 -1.86038 2.68986
-2.94431 -1.91206 2.68986
-2.9105 -1.96315 2.68986
-2.87579 -2.01365 2.68986
-2.84021 -2.06353 2.84852
-2.80376 -2.11279 2.84852
-2.76646 -2.1614 2.84852
-2.72832 -2.20935 2.99866
-2.68935 -2.25663 2.99866
-2.64955 -2.30322 2.99866
-2.60895 -2.34911 3.13731
-2.56756 -2.39429 3.13731
-2.52538 -2.43873 3.13731
-2.48243 -2.48243 3.13731
-2.43873 -2.52538 3.26212
-2.39429 -2.56756 3.26212
-2.34911 -2.60895 3.26212
-2.30322 -2.64955 3.37129
-2.25663 -2.68935 3.37129
-2.20935 -2.72832 3.37129
-2.1614 -2.76646 3.46352
-2.11279 -2.80376 3.46352
-2.06353 -2.84021 3.46352
-2.01365 -2.87579 3.46352
-1.96315 -2.9105 3.53792
-1.91206 -2.94431 3.53792
-1.86038 -2.97724 3.53792
-1.80814 -3.00925 3.59387
-1.75535 -3.04035 3.59387
-1.70202 -3.07052 3.59387
-1.64817 -3.09976 3.63096
-1.59382 -3.12805 3.63096
-1.53899 -3.15539 3.63096
-1.48368 -3.18177 3.63096
-1.42793 -3.20718 3.64886
-1.37174 -3.23161 3.64886
-1.31513 -3.25506 3.64886
-1.25812 -3.27751 3.64728
-1.20073 -3.29897 3.64728
-1.14297 -3.31942 3.64728
-1.08486 -3.33887 3.62597
-1.02643 -3.35729 3.62597
-0.967678 -3.37469 3.62597
-0.908634 -3.39107 3.62597
-0.849313 -3.40641 3.5847
-0.789734 -3.42071 3.5847
-0.729914 -3.43398 3.5847
-0.669872 -3.44619 3.5234
-0.609625 -3.45736 3.5234
-0.549193 -3.46747 3.5234
-0.488594 -3.47653 3.44217
-0.427846 -3.48452 3.44217
-0.366967 -3.49146 3.44217
-0.305977 -3.49733 3.44217
-0.244893 -3.50214 3.34144
-0.183735 -3.50588 3.34144
-0.122521 -3.50855 3.34144
-0.06127 -3.51016 3.22204
-6.44904e-16 -3.51069 3.22204
0.06127 -3.51016 3.22204
0.122521 -3.50855 3.08536
0.183735 -3.50588 3.08536
0.244893 -3.50214 3.08536
0.305977 -3.49733 3.08536
0.366967 -3.49146 2.93341
0.427846 -3.48452 2.93341
0.488594 -3.47653 2.93341
0.549193 -3.46747 2.76886
0.609625 -3.45736 2.76886
0.669872 -3.44619 2.76886
0.729914 -3.43398 2.59505
0.789734 -3.42071 2.59505
0.849313 -3.40641 2.59505
0.908634 -3.39107 2.59505
0.967678 -3.37469 2.41596
1.02643 -3.35729 2.41596
1.08486 -3.33887 2.41596
1.14297 -3.31942 2.23606
1.20073 -3.29897 2.23606
1.25812 -3.27751 2.23606
1.31513 -3.25506 2.06017
1.37174 -3.23161 2.06017
1.42793 -3.20718 2.06017
1.48368 -3.18177 2.06017
1.53899 -3.15539 1.89323
1.59382 -3.12805 1.89323
1.64817 -3.09976 1.89323
1.70202 -3.07052 1.74008
1.75535 -3.04035 1.74008
1.80814 -3.00925 1.74008
1.86038 -2.97724 1.60519
1.91206 -2.94431 1.60519
1.96315 -2.9105 1.60519
2.01365 -2.87579 1.60519
2.06353 -2.84021 1.49242
2.11279 -2.80376 1.49242
2.1614 -2.76646 1.49242
2.20935 -2.72832 1.4048
2.25663 -2.68935 1.4048
2.30322 -2.64955 1.4048
2.34911 -2.60895 1.34428
2.39429 -2.56756 1.34428
2.43873 -2.52538 1.34428
2.48243 -2.48243 1.34428
2.52538 -2.43873 1.3117
2.56756 -2.39429 1.3117
2.60895 -2.34911 1.3117
2.64955 -2.30322 1.30664
2.68935 -2.25663 1.30664
2.72832 -2.20935 1.30664
2.76646 -2.1614 1.32746
2.80376 -2.11279 1.32746
2.84021 -2.06353 1.32746
2.87579 -2.01365 1.32746
2.9105 -1.96315 1.37136
2.94431 -1.91206 1.37136
2.97724 -1.86038 1.37136
3.00925 -1.80814 1.43449
3.04035 -1.75535 1.43449
3.07052 -1.70202 1.43449
3.09976 -1.64817 1.51217
3.12805 -1.59382 1.51217
3.15539 -1.53899 1.51217
3.18177 -1.48368 1.51217
3.20718 -1.42793 1.5991
3.23161 -1.37174 1.5991
3.25506 -1.31513 1.5991
3.27751 -1.25812 1.68965
3.29897 -1.20073 1.68965
3.31942 -1.14297 1.68965
3.33887 -1.08486 1.77815
3.35729 -1.02643 1.77815
3.37469 -0.967678 1.77815
3.39107 -0.908634 1.77815
3.40641 -0.849313 1.8592
3.42071 -0.789734 1.8592
3.43398 -0.729914 1.8592
3.44619 -0.669872 1.92794
3.45736 -0.609625 1.92794
3.46747 -0.549193 1.92794
3.47653 -0.488594 1.9803
3.48452 -0.427846 1.9803
3.49146 -0.366967 1.9803
3.49733 -0.305977 1.9803
3.50214 -0.244893 2.01324
3.50588 -0.183735 2.01324
3.50855 -0.122521 2.01324
3.51016 -0.06127 1.98075

3.59048 0 2.02488
3.58993 0.0626625 2.02488
3.58829 0.125306 2.01459
3.58556 0.187911 2.01459
3.58173 0.250459 2.01459
3.57682 0.312931 1.98304
3.57081 0.375307 1.98304
3.56372 0.43757 1.98304
3.55554 0.499698 1.98304
3.54628 0.561675 1.93215
3.53593 0.62348 1.93215
3.52451 0.685096 1.93215
3.51202 0.746503 1.86503
3.49846 0.807682 1.86503
3.48383 0.868616 1.86503
3.46814 0.929285 1.78577
3.45139 0.989671 1.78577
3.43359 1.04975 1.78577
3.41475 1.10952 1.78577
3.39487 1.16895 1.69928
3.37395 1.22802 1.69928
3.352 1.28671 1.69928
3.32904 1.34502 1.61102
3.30505 1.40291 1.61102
3.28007 1.46038 1.61102
3.25408 1.5174 1.52668
3.2271 1.57396 1.52668
3.19914 1.63004 1.52668
3.17021 1.68563 1.52668
3.14031 1.7407 1.45196
3.10945 1.79524 1.45196
3.07764 1.84923 1.45196
3.0449 1.90266 1.39217
3.01123 1.95552 1.39217
2.97664 2.00777 1.39217
2.94115 2.05942 1.35202
2.90476 2.11043 1.35202
2.86749 2.16081 1.35202
2.82934 2.21052 1.35202
2.79033 2.25956 1.33535
2.75047 2.30792 1.33535
2.70977 2.35557 1.33535
2.66825 2.4025 1.34494
2.62591 2.4487 1.34494
2.58278 2.49416 1.34494
2.53885 2.53885 1.38241
2.49416 2.58278 1.38241
2.4487 2.62591 1.38241
2.4025 2.66825 1.38241
2.35557 2.70977 1.44808
2.30792 2.75047 1.44808
2.25956 2.79033 1.44808
2.21052 2.82934 1.54104
2.16081 2.86749 1.54104
2.11043 2.90476 1.54104
2.05942 2.94115 1.65922
2.00777 2.97664 1.65922
1.95552 3.01123 1.65922
1.90266 3.0449 1.65922
1.84923 3.07764 1.79946
1.79524 3.10945 1.79946
1.7407 3.14031 1.79946
1.68563 3.17021 1.95775
1.63004 3.19914 1.95775
1.57396 3.2271 1.95775
1.5174 3.25408 2.12945
1.46038 3.28007 2.12945
1.40291 3.30505 2.12945
1.34502 3.32904 2.12945
1.28671 3.352 2.30956
1.22802 3.37395 2.30956
1.16895 3.39487 2.30956
1.10952 3.41475 2.49297
1.04975 3.43359 2.49297
0.989671 3.45139 2.49297
0.929285 3.46814 2.67472
0.868616 3.48383 2.67472
0.807682 3.49846 2.67472
0.746503 3.51202 2.67472
0.685096 3.52451 2.8502
0.62348 3.53593 2.8502
0.561675 3.54628 2.8502
0.499698 3.55554 3.01534
0.43757 3.56372 3.01534
0.375307 3.57081 3.01534
0.312931 3.57682 3.16672
0.250459 3.58173 3.16672
0.187911 3.58556 3.16672
0.125306 3.58829 3.16672
0.0626625 3.58993 3.30164
2.19854e-16 3.59048 3.30164
-0.0626625 3.58993 3.30164
-0.125306 3.58829 3.41811
-0.187911 3.58556 3.41811
-0.250459 3.58173 3.41811
-0.312931 3.57682 3.5148
-0.375307 3.57081 3.5148
-0.43757 3.56372 3.5148
-0.499698 3.55554 3.5148
-0.561675 3.54628 3.59096
-0.62348 3.53593 3.59096
-0.685096 3.52451 3.59096
-0.746503 3.51202 3.6463
-0.807682 3.49846 3.6463
-0.868616 3.48383 3.6463
-0.929285 3.46814 3.68089
-0.989671 3.45139 3.68089
-1.04975 3.43359 3.68089
-1.10952 3.41475 3.68089
-1.16895 3.39487 3.695
-1.22802 3.37395 3.695
-1.28671 3.352 3.695
-1.34502 3.32904 3.68905
-1.40291 3.30505 3.68905
-1.46038 3.28007 3.68905
-1.5174 3.25408 3.66352
-1.57396 3.2271 3.66352
-1.63004 3.19914 3.66352
-1.68563 3.17021 3.66352
-1.7407 3.14031 3.61891
-1.79524 3.10945 3.61891
-1.84923 3.07764 3.61891
-1.90266 3.0449 3.55574
-1.95552 3.01123 3.55574
-2.00777 2.97664 3.55574
-2.05942 2.94115 3.47461
-2.11043 2.90476 3.47461
-2.16081 2.86749 3.47461
-2.21052 2.82934 3.47461
-2.25956 2.79033 3.37627
-2.30792 2.75047 3.37627
-2.35557 2.70977 3.37627
-2.4025 2.66825 3.26176
-2.4487 2.62591 3.26176
-2.49416 2.58278 3.26176
-2.53885 2.53885 3.13244
-2.58278 2.49416 3.13244
-2.62591 2.4487 3.13244
-2.66825 2.4025 3.13244
-2.70977 2.35557 2.99015
-2.75047 2.30792 2.99015
-2.79033 2.25956 2.99015
-2.82934 2.21052 2.83727
-2.86749 2.16081 2.83727
-2.90476 2.11043 2.83727
-2.94115 2.05942 2.67674
-2.97664 2.00777 2.67674
-3.01123 1.95552 2.67674
-3.0449 1.90266 2.67674
-3.07764 1.84923 2.51207
-3.10945 1.79524 2.51207
-3.14031 1.7407 2.51207
-3.17021 1.68563 2.34729
-3.19914 1.63004 2.34729
-3.2271 1.57396 2.34729
-3.25408 1.5174 2.18681
-3.28007 1.46038 2.18681
-3.30505 1.40291 2.18681
-3.32904 1.34502 2.18681
-3.352 1.28671 2.03529
-3.37395 1.22802 2.03529
-3.39487 1.16895 2.03529
-3.41475 1.10952 1.89743
-3.43359 1.04975 1.89743
-3.45139 0.989671 1.89743
-3.46814 0.929285 1.7777
-3.48383 0.868616 1.7777
-3.49846 0.807682 1.7777
-3.51202 0.746503 1.7777
-3.52451 0.685096 1.68018
-3.53593 0.62348 1.68018
-3.54628 0.561675 1.68018
-3.55554 0.499698 1.6083
-3.56372 0.43757 1.6083
-3.57081 0.375307 1.6083
-3.57682 0.312931 1.56463
-3.58173 0.250459 1.56463
-3.58556 0.187911 1.56463
-3.58829 0.125306 1.56463
-3.58993 0.0626625 1.55078
-3.59048 4.39707e-16 1.55078
-3.58993 -0.0626625 1.55078
-3.58829 -0.125306 1.56725
-3.58556 -0.187911 1.56725
-3.58173 -0.250459 1.56725
-3.57682 -0.312931 1.56725
-3.57081 -0.375307 1.61347
-3.56372 -0.43757 1.61347
-3.55554 -0.499698 1.61347
-3.54628 -0.561675 1.68775
-3.53593 -0.62348 1.68775
-3.52451 -0.685096 1.68775
-3.51202 -0.746503 1.78744
-3.49846 -0.807682 1.78744
-3.48383 -0.868616 1.78744
-3.46814 -0.929285 1.78744
-3.45139 -0.989671 1.90904
-3.43359 -1.04975 1.90904
-3.41475 -1.10952 1.90904
-3.39487 -1.16895 2.04837
-3.37395 -1.22802 2.04837
-3.352 -1.28671 2.04837
-3.32904 -1.34502 2.20087
-3.30505 -1.40291 2.20087
-3.28007 -1.46038 2.20087
-3.25408 -1.5174 2.20087
-3.2271 -1.57396 2.36174
-3.19914 -1.63004 2.36174
-3.17021 -1.68563 2.36174
-3.14031 -1.7407 2.52623
-3.10945 -1.79524 2.52623
-3.07764 -1.84923 2.52623
-3.0449 -1.90266 2.68986
-3.01123 -1.95552 2.68986
-2.97664 -2.00777 2.68986
-2.94115 -2.05942 2.68986
-2.90476 -2.11043 2.84852
-2.86749 -2.16081 2.84852
-2.82934 -2.21052 2.84852
-2.79033 -2.25956 2.99866
-2.75047 -2.30792 2.99866
-2.70977 -2.35557 2.99866
-2.66825 -2.4025 3.13731
-2.62591 -2.4487 3.13731
-2.58278 -2.49416 3.13731
-2.53885 -2.53885 3.13731
-2.49416 -2.58278 3.26212
-2.4487 -2.62591 3.26212
-2.4025 -2.66825 3.26212
-2.35557 -2.70977 3.37129
-2.30792 -2.75047 3.37129
-2.25956 -2.79033 3.37129
-2.21052 -2.82934 3.46352
-2.16081 -2.86749 3.46352
-2.11043 -2.90476 3.46352
-2.05942 -2.94115 3.46352
-2.00777 -2.97664 3.53792
-1.95552 -3.01123 3.53792
-1.90266 -3.0449 3.53792
-1.84923 -3.07764 3.59387
-1.79524 -3.10945 3.59387
-1.7407 -3.14031 3.59387
-1.68563 -3.17021 3.63096
-1.63004 -3.19914 3.63096
-1.57396 -3.2271 3.63096
-1.5174 -3.25408 3.63096
-1.46038 -3.28007 3.64886
-1.40291 -3.30505 3.64886
-1.34502 -3.32904 3.64886
-1.28671 -3.352 3.64728
-1.22802 -3.37395 3.64728
-1.16895 -3.39487 3.64728
-1.10952 -3.41475 3.62597
-1.04975 -3.43359 3.62597
-0.989671 -3.45139 3.62597
-0.929285 -3.46814 3.62597
-0.868616 -3.48383 3.5847
-0.807682 -3.49846 3.5847
-0.746503 -3.51202 3.5847
-0.685096 -3.52451 3.5234
-0.62348 -3.53593 3.5234
-0.561675 -3.54628 3.5234
-0.499698 -3.55554 3.44217
-0.43757 -3.56372 3.44217
-0.375307 -3.57081 3.44217
-0.312931 -3.57682 3.44217
-0.250459 -3.58173 3.34144
-0.187911 -3.58556 3.34144
-0.125306 -3.58829 3.34144
-0.0626625 -3.58993 3.22204
-6.59561e-16 -3.59048 3.22204
0.0626625 -3.58993 3.22204
0.125306 -3.58829 3.08536
0.187911 -3.58556 3.08536
0.250459 -3.58173 3.08536
0.312931 -3.57682 3.08536
0.375307 -3.57081 2.93341
0.43757 -3.56372 2.93341
0.499698 -3.55554 2.93341
0.561675 -3.54628 2.76886
0.62348 -3.53593 2.76886
0.685096 -3.52451 2.76886
0.746503 -3.51202 2.59505
0.807682 -3.49846 2.59505
0.868616 -3.48383 2.59505
0.929285 -3.46814 2.59505
0.989671 -3.45139 2.41596
1.04975 -3.43359 2.41596
1.10952 -3.41475 2.41596
1.16895 -3.39487 2.23606
1.22802 -3.37395 2.23606
1.28671 -3.352 2.23606
1.34502 -3.32904 2.06017
1.40291 -3.30505 2.06017
1.46038 -3.28007 2.06017
1.5174 -3.25408 2.06017
1.57396 -3.2271 1.89323
1.63004 -3.19914 1.89323
1.68563 -3.17021 1.89323
1.7407 -3.14031 1.74008
1.79524 -3.10945 1.74008
1.84923 -3.07764 1.74008
1.90266 -3.0449 1.60519
1.95552 -3.01123 1.60519
2.00777 -2.97664 1.60519
2.05942 -2.94115 1.60519
2.11043 -2.90476 1.49242
2.16081 -2.86749 1.49242
2.21052 -2.82934 1.49242
2.25956 -2.79033 1.4048
2.30792 -2.75047 1.4048
2.35557 -2.70977 1.4048
2.4025 -2.66825 1.34428
2.4487 -2.62591 1.34428
2.49416 -2.58278 1.34428
2.53885 -2.53885 1.34428
2.58278 -2.49416 1.3117
2.62591 -2.4487 1.3117
2.66825 -2.4025 1.3117
2.70977 -2.35557 1.30664
2.75047 -2.30792 1.30664
2.79033 -2.25956 1.30664
2.82934 -2.21052 1.32746
2.86749 -2.16081 1.32746
2.90476 -2.11043 1.32746
2.94115 -2.05942 1.32746
2.97664 -2.00777 1.37136
3.01123 -1.95552 1.37136
3.0449 -1.90266 1.37136
3.07764 -1.84923 1.43449
3.10945 -1.79524 1.43449
3.14031 -1.7407 1.43449
3.17021 -1.68563 1.51217
3.19914 -1.63004 1.51217
3.2271 -1.57396 1.51217
3.25408 -1.5174 1.51217
3.28007 -1.46038 1.5991
3.30505 -1.40291 1.5991
3.32904 -1.34502 1.5991
3.352 -1.28671 1.68965
3.37395 -1.22802 1.68965
3.39487 -1.16895 1.68965
3.41475 -1.10952 1.77815
3.43359 -1.04975 1.77815
3.45139 -0.989671 1.77815
3.46814 -0.929285 1.77815
3.48383 -0.868616 1.8592
3.49846 -0.807682 1.8592
3.51202 -0.746503 1.8592
3.52451 -0.685096 1.92794
3.53593 -0.62348 1.92794
3.54628 -0.561675 1.92794
3.55554 -0.499698 1.9803
3.56372 -0.43757 1.9803
3.57081 -0.375307 1.9803
3.57682 -0.312931 1.9803
3.58173 -0.250459 2.01324
3.58556 -0.187911 2.01324
3.58829 -0.125306 2.01324
3.58993 -0.0626625 1.98075

3.67027 0 2.02488
3.66971 0.064055 2.02488
3.66803 0.128091 2.01459
3.66524 0.192087 2.01459
3.66133 0.256025 2.01459
3.6563 0.319885 1.98304
3.65016 0.383648 1.98304
3.64291 0.447293 1.98304
3.63455 0.510803 1.98304
3.62508 0.574157 1.93215
3.61451 0.637336 1.93215
3.60284 0.70032 1.93215
3.59006 0.763092 1.86503
3.5762 0.825631 1.86503
3.56125 0.887918 1.86503
3.54521 0.949936 1.78577
3.52809 1.01166 1.78577
3.5099 1.07308 1.78577
3.49063 1.13418 1.78577
3.47031 1.19492 1.69928
3.44892 1.25531 1.69928
3.42649 1.31531 1.69928
3.40301 1.37491 1.61102
3.3785 1.43409 1.61102
3.35296 1.49283 1.61102
3.32639 1.55112 1.52668
3.29882 1.60894 1.52668
3.27023 1.66627 1.52668
3.24066 1.72309 1.52668
3.21009 1.77938 1.45196
3.17855 1.83513 1.45196
3.14603 1.89033 1.45196
3.11256 1.94495 1.39217
3.07815 1.99897 1.39217
3.04279 2.05239 1.39217
3.00651 2.10518 1.35202
2.96931 2.15733 1.35202
2.93121 2.20882 1.35202
2.89221 2.25964 1.35202
2.85233 2.30978 1.33535
2.81159 2.3592 1.33535
2.76999 2.40791 1.33535
2.72754 2.45589 1.34494
2.68426 2.50312 1.34494
2.64017 2.54958 1.34494
2.59527 2.59527 1.38241
2.54958 2.64017 1.38241
2.50312 2.68426 1.38241
2.45589 2.72754 1.38241
2.40791 2.76999 1.44808
2.3592 2.81159 1.44808
2.30978 2.85233 1.44808
2.25964 2.89221 1.54104
2.20882 2.93121 1.54104
2.15733 2.96931 1.54104
2.10518 3.00651 1.65922
2.05239 3.04279 1.65922
1.99897 3.07815 1.65922
1.94495 3.11256 1.65922
1.89033 3.14603 1.79946
1.83513 3.17855 1.79946
1.77938 3.21009 1.79946
1.72309 3.24066 1.95775
1.66627 3.27023 1.95775
1.60894 3.29882 1.95775
1.55112 3.32639 2.12945
1.49283 3.35296 2.12945
1.43409 3.3785 2.12945
1.37491 3.40301 2.12945
1.31531 3.42649 2.30956
1.25531 3.44892 2.30956
1.19492 3.47031 2.30956
1.13418 3.49063 2.49297
1.07308 3.5099 2.49297
1.01166 3.52809 2.49297
0.949936 3.54521 2.67472
0.887918 3.56125 2.67472
0.825631 3.5762 2.67472
0.763092 3.59006 2.67472
0.70032 3.60284 2.8502
0.637336 3.61451 2.8502
0.574157 3.62508 2.8502
0.510803 3.63455 3.01534
0.447293 3.64291 3.01534
0.383648 3.65016 3.01534
0.319885 3.6563 3.16672
0.256025 3.66133 3.16672
0.192087 3.66524 3.16672
0.128091 3.66803 3.16672
0.064055 3.66971 3.30164
2.24739e-16 3.67027 3.30164
-0.064055 3.66971 3.30164
-0.128091 3.66803 3.41811
-0.192087 3.66524 3.41811
-0.256025 3.66133 3.41811
-0.319885 3.6563 3.5148
-0.383648 3.65016 3.5148
-0.447293 3.64291 3.5148
-0.510803 3.63455 3.5148
-0.574157 3.62508 3.59096
-0.637336 3.61451 3.59096
-0.70032 3.60284 3.59096
-0.763092 3.59006 3.6463
-0.825631 3.5762 3.6463
-0.887918 3.56125 3.6463
-0.949936 3.54521 3.68089
-1.01166 3.52809 3.68089
-1.07308 3.5099 3.68089
-1.13418 3.49063 3.68089
-1.19492 3.47031 3.695
-1.25531 3.44892 3.695
-1.31531 3.42649 3.695
-1.37491 3.40301 3.68905
-1.43409 3.3785 3.68905
-1.49283 3.35296 3.68905
-1.55112 3.32639 3.66352
-1.60894 3.29882 3.66352
-1.66627 3.27023 3.66352
-1.72309 3.24066 3.66352
-1.77938 3.21009 3.61891
-1.83513 3.17855 3.61891
-1.89033 3.14603 3.61891
-1.94495 3.11256 3.55574
-1.99897 3.07815 3.55574
-2.05239 3.04279 3.55574
-2.10518 3.00651 3.47461
-2.15733 2.96931 3.47461
-2.20882 2.93121 3.47461
-2.25964 2.89221 3.47461
-2.30978 2.85233 3.37627
-2.3592 2.81159 3.37627
-2.40791 2.76999 3.37627
-2.45589 2.72754 3.26176
-2.50312 2.68426 3.26176
-2.54958 2.64017 3.26176
-2.59527 2.59527 3.13244
-2.64017 2.54958 3.13244
-2.68426 2.50312 3.13244
-2.72754 2.45589 3.13244
-2.76999 2.40791 2.99015
-2.81159 2.3592 2.99015
-2.85233 2.30978 2.99015
-2.89221 2.25964 2.83727
-2.93121 2.20882 2.83727
-2.96931 2.15733 2.83727
-3.00651 2.10518 2.67674
-3.04279 2.05239 2.67674
-3.07815 1.99897 2.67674
-3.11256 1.94495 2.67674
-3.14603 1.89033 2.51207
-3.17855 1.83513 2.51207
-3.21009 1.77938 2.51207
-3.24066 1.72309 2.34729
-3.27023 1.66627 2.34729
-3.29882 1.60894 2.34729
-3.32639 1.55112 2.18681
-3.35296 1.49283 2.18681
-3.3785 1.43409 2.18681
-3.40301 1.37491 2.18681
-3.42649 1.31531 2.03529
-3.44892 1.25531 2.03529
-3.47031 1.19492 2.03529
-3.49063 1.13418 1.89743
-3.5099 1.07308 1.89743
-3.52809 1.01166 1.89743
-3.54521 0.949936 1.7777
-3.56125 0.887918 1.7777
-3.5762 0.825631 1.7777
-3.59006 0.763092 1.7777
-3.60284 0.70032 1.68018
-3.61451 0.637336 1.68018
-3.62508 0.574157 1.68018
-3.63455 0.510803 1.6083
-3.64291 0.447293 1.6083
-3.65016 0.383648 1.6083
-3.6563 0.319885 1.56463
-3.66133 0.256025 1.56463
-3.66524 0.192087 1.56463
-3.66803 0.128091 1.56463
-3.66971 0.064055 1.55078
-3.67027 4.49478e-16 1.55078
-3.66971 -0.064055 1.55078
-3.66803 -0.128091 1.56725
-3.66524 -0.192087 1.56725
-3.66133 -0.256025 1.56725
-3.6563 -0.319885 1.56725
-3.65016 -0.383648 1.61347
-3.64291 -0.447293 1.61347
-3.63455 -0.510803 1.61347
-3.62508 -0.574157 1.68775
-3.61451 -0.637336 1.68775
-3.60284 -0.70032 1.68775
-3.59006 -0.763092 1.78744
-3.5762 -0.825631 1.78744
-3.56125 -0.887918 1.78744
-3.54521 -0.949936 1.78744
-3.52809 -1.01166 1.90904
-3.5099 -1.07308 1.90904
-3.49063 -1.13418 1.90904
-3.47031 -1.19492 2.04837
-3.44892 -1.25531 2.04837
-3.42649 -1.31531 2.04837
-3.40301 -1.37491 2.20087
-3.3785 -1.43409 2.20087
-3.35296 -1.49283 2.20087
-3.32639 -1.55112 2.20087
-3.29882 -1.60894 2.36174
-3.27023 -1.66627 2.36174
-3.24066 -1.72309 2.36174
-3.21009 -1.77938 2.52623
-3.17855 -1.83513 2.52623
-3.14603 -1.89033 2.52623
-3.11256 -1.94495 2.68986
-3.07815 -1.99897 2.68986
-3.04279 -2.05239 2.68986
-3.00651 -2.10518 2.68986
-2.96931 -2.15733 2.84852
-2.93121 -2.20882 2.84852
-2.89221 -2.25964 2.84852
-2.85233 -2.30978 2.99866
-2.81159 -2.3592 2.99866
-2.76999 -2.40791 2.99866
-2.72754 -2.45589 3.13731
-2.68426 -2.50312 3.13731
-2.64017 -2.54958 3.13731
-2.59527 -2.59527 3.13731
-2.54958 -2.64017 3.26212
-2.50312 -2.68426 3.26212
-2.45589 -2.72754 3.26212
-2.40791 -2.76999 3.37129
-2.3592 -2.81159 3.37129
-2.30978 -2.85233 3.37129
-2.25964 -2.89221 3.46352
-2.20882 -2.93121 3.46352
-2.15733 -2.96931 3.46352
-2.10518 -3.00651 3.46352
-2.05239 -3.04279 3.53792
-1.99897 -3.07815 3.53792
-1.94495 -3.11256 3.53792
-1.89033 -3.14603 3.59387
-1.83513 -3.17855 3.59387
-1.77938 -3.21009 3.59387
-1.72309 -3.24066 3.63096
-1.66627 -3.27023 3.63096
-1.60894 -3.29882 3.63096
-1.55112 -3.32639 3.63096
-1.49283 -3.35296 3.64886
-1.43409 -3.3785 3.64886
-1.37491 -3.40301 3.64886
-1.31531 -3.42649 3.64728
-1.25531 -3.44892 3.64728
-1.19492 -3.47031 3.64728
-1.13418 -3.49063 3.62597
-1.07308 -3.5099 3.62597
-1.01166 -3.52809 3.62597
-0.949936 -3.54521 3.62597
-0.887918 -3.56125 3.5847
-0.825631 -3.5762 3.5847
-0.763092 -3.59006 3.5847
-0.70032 -3.60284 3.5234
-0.637336 -3.61451 3.5234
-0.574157 -3.62508 3.5234
-0.510803 -3.63455 3.44217
-0.447293 -3.64291 3.44217
-0.383648 -3.65016 3.44217
-0.319885 -3.6563 3.44217
-0.256025 -3.66133 3.34144
-0.192087 -3.66524 3.34144
-0.128091 -3.66803 3.34144
-0.064055 -3.66971 3.22204
-6.74217e-16 -3.67027 3.22204
0.064055 -3.66971 3.22204
0.128091 -3.66803 3.08536
0.192087 -3.66524 3.08536
0.256025 -3.66133 3.08536
0.319885 -3.6563 3.08536
0.383648 -3.65016 2.93341
0.447293 -3.64291 2.93341
0.510803 -3.63455 2.93341
0.574157 -3.62508 2.76886
0.637336 -3.61451 2.76886
0.70032 -3.60284 2.76886
0.763092 -3.59006 2.59505
0.825631 -3.5762 2.59505
0.887918 -3.56125 2.59505
0.949936 -3.54521 2.59505
1.01166 -3.52809 2.41596
1.07308 -3.5099 2.41596
1.13418 -3.49063 2.41596
1.19492 -3.47031 2.23606
1.25531 -3.44892 2.23606
1.31531 -3.42649 2.23606
1.37491 -3.40301 2.06017
1.43409 -3.3785 2.06017
1.49283 -3.35296 2.06017
1.55112 -3.32639 2.06017
1.60894 -3.29882 1.89323
1.66627 -3.27023 1.89323
1.72309 -3.24066 1.89323
1.77938 -3.21009 1.74008
1.83513 -3.17855 1.74008
1.89033 -3.14603 1.74008
1.94495 -3.11256 1.60519
1.99897 -3.07815 1.60519
2.05239 -3.04279 1.60519
2.10518 -3.00651 1.60519
2.15733 -2.96931 1.49242
2.20882 -2.93121 1.49242
2.25964 -2.89221 1.49242
2.30978 -2.85233 1.4048
2.3592 -2.81159 1.4048
2.40791 -2.76999 1.4048
2.45589 -2.72754 1.34428
2.50312 -2.68426 1.34428
2.54958 -2.64017 1.34428
2.59527 -2.59527 1.34428
2.64017 -2.54958 1.3117
2.68426 -2.50312 1.3117
2.72754 -2.45589 1.3117
2.76999 -2.40791 1.30664
2.81159 -2.3592 1.30664
2.85233 -2.30978 1.30664
2.89221 -2.25964 1.32746
2.93121 -2.20882 1.32746
2.96931 -2.15733 1.32746
3.00651 -2.10518 1.32746
3.04279 -2.05239 1.37136
3.07815 -1.99897 1.37136
3.11256 -1.94495 1.37136
3.14603 -1.89033 1.43449
3.17855 -1.83513 1.43449
3.21009 -1.77938 1.43449
3.24066 -1.72309 1.51217
3.27023 -1.66627 1.51217
3.29882 -1.60894 1.51217
3.32639 -1.55112 1.51217
3.35296 -1.49283 1.5991
3.3785 -1.43409 1.5991
3.40301 -1.37491 1.5991
3.42649 -1.31531 1.68965
3.44892 -1.25531 1.68965
3.47031 -1.19492 1.68965
3.49063 -1.13418 1.77815
3.5099 -1.07308 1.77815
3.52809 -1.01166 1.77815
3.54521 -0.949936 1.77815
3.56125 -0.887918 1.8592
3.5762 -0.825631 1.8592
3.59006 -0.763092 1.8592
3.60284 -0.70032 1.92794
3.61451 -0.637336 1.92794
3.62508 -0.574157 1.92794
3.63455 -0.510803 1.9803
3.64291 -0.447293 1.9803
3.65016 -0.383648 1.9803
3.6563 -0.319885 1.9803
3.66133 -0.256025 2.01324
3.66524 -0.192087 2.01324
3.66803 -0.128091 2.01324
3.66971 -0.064055 1.98075

3.75006 0 2.08617
3.74949 0.0654475 2.08617
3.74777 0.130875 2.07428
3.74492 0.196263 2.07428
3.74092 0.261591 2.07428
3.73579 0.326839 2.03817
3.72951 0.391988 2.03817
3.72211 0.457017 2.03817
3.71356 0.521907 1.97974
3.70389 0.586638 1.97974
3.69309 0.651191 1.97974
3.68116 0.715545 1.97974
3.66811 0.779681 1.90209
3.65394 0.843579 1.90209
3.63866 0.907221 1.90209
3.62228 0.970586 1.80936
3.60479 1.03366 1.80936
3.5862 1.09641 1.80936
3.56652 1.15883 1.70653
3.54575 1.2209 1.70653
3.5239 1.2826 1.70653
3.50098 1.3439 1.59919
3.47699 1.4048 1.59919
3.45195 1.46526 1.59919
3.42585 1.52529 1.49331
3.39871 1.58484 1.49331
3.37053 1.64392 1.49331
3.34133 1.70249 1.39492
3.3111 1.76055 1.39492
3.27987 1.81806 1.39492
3.24765 1.87503 1.30981
3.21443 1.93142 1.30981
3.18023 1.98723 1.30981
3.14506 2.04243 1.30981
3.10894 2.09701 1.24331
3.07187 2.15094 1.24331
3.03386 2.20423 1.24331
2.99493 2.25684 1.19997
2.95509 2.30877 1.19997
2.91434 2.35999 1.19997
2.87271 2.41049 1.18341
2.8302 2.46026 1.18341
2.78684 2.50928 1.18341
2.74262 2.55753 1.19612
2.69757 2.60501 1.19612
2.65169 2.65169 1.19612
2.60501 2.69757 1.23937
2.55753 2.74262 1.23937
2.50928 2.78684 1.23937
2.46026 2.8302 1.31317
2.41049 2.87271 1.31317
2.35999 2.91434 1.31317
2.30877 2.95509 1.31317
2.25684 2.99493 1.4163
2.20423 3.03386 1.4163
2.15094 3.07187 1.4163
2.09701 3.10894 1.54637
2.04243 3.14506 1.54637
1.98723 3.18023 1.54637
1.93142 3.21443 1.69999
1.87503 3.24765 1.69999
1.81806 3.27987 1.69999
1.76055 3.3111 1.87288
1.70249 3.34133 1.87288
1.64392 3.37053 1.87288
1.58484 3.39871 2.06019
1.52529 3.42585 2.06019
1.46526 3.45195 2.06019
1.4048 3.47699 2.25672
1.3439 3.50098 2.25672
1.2826 3.5239 2.25672
1.2209 3.54575 2.25672
1.15883 3.56652 2.45716
1.09641 3.5862 2.45716
1.03366 3.60479 2.45716
0.970586 3.62228 2.65636
0.907221 3.63866 2.65636
0.843579 3.65394 2.65636
0.779681 3.66811 2.84953
0.715545 3.68116 2.84953
0.651191 3.69309 2.84953
0.586638 3.70389 3.03243
0.521907 3.71356 3.03243
0.457017 3.72211 3.03243
0.391988 3.72951 3.20149
0.326839 3.73579 3.20149
0.261591 3.74092 3.20149
0.196263 3.74492 3.35386
0.130875 3.74777 3.35386
0.0654475 3.74949 3.35386
2.29625e-16 3.75006 3.48746
-0.0654475 3.74949 3.48746
-0.130875 3.74777 3.48746
-0.196263 3.74492 3.48746
-0.261591 3.74092 3.60088
-0.326839 3.73579 3.60088
-0.391988 3.72951 3.60088
-0.457017 3.72211 3.69336
-0.521907 3.71356 3.69336
-0.586638 3.70389 3.69336
-0.651191 3.69309 3.76463
-0.715545 3.68116 3.76463
-0.779681 3.66811 3.76463
-0.843579 3.65394 3.81481
-0.907221 3.63866 3.81481
-0.970586 3.62228 3.81481
-1.03366 3.60479 3.84426
-1.09641 3.5862 3.84426
-1.15883 3.56652 3.84426
-1.2209 3.54575 3.85347
-1.2826 3.5239 3.85347
-1.3439 3.50098 3.85347
-1.4048 3.47699 3.85347
-1.46526 3.45195 3.84299
-1.52529 3.42585 3.84299
-1.58484 3.39871 3.84299
-1.64392 3.37053 3.8133
-1.70249 3.34133 3.8133
-1.76055 3.3111 3.8133
-1.81806 3.27987 3.76485
-1.87503 3.24765 3.76485
-1.93142 3.21443 3.76485
-1.98723 3.18023 3.69804
-2.04243 3.14506 3.69804
-2.09701 3.10894 3.69804
-2.15094 3.07187 3.61324
-2.20423 3.03386 3.61324
-2.25684 2.99493 3.61324
-2.30877 2.95509 3.51094
-2.35999 2.91434 3.51094
-2.41049 2.87271 3.51094
-2.46026 2.8302 3.51094
-2.50928 2.78684 3.39184
-2.55753 2.74262 3.39184
-2.60501 2.69757 3.39184
-2.65169 2.65169 3.25692
-2.69757 2.60501 3.25692
-2.74262 2.55753 3.25692
-2.78684 2.50928 3.10761
-2.8302 2.46026 3.10761
-2.87271 2.41049 3.10761
-2.91434 2.35999 2.94586
-2.95509 2.30877 2.94586
-2.99493 2.25684 2.94586
-3.03386 2.20423 2.7742
-3.07187 2.15094 2.7742
-3.10894 2.09701 2.7742
-3.14506 2.04243 2.59577
-3.18023 1.98723 2.59577
-3.21443 1.93142 2.59577
-3.24765 1.87503 2.41429
-3.27987 1.81806 2.41429
-3.3111 1.76055 2.41429
-3.34133 1.70249 2.41429
-3.37053 1.64392 2.23401
-3.39871 1.58484 2.23401
-3.42585 1.52529 2.23401
-3.45195 1.46526 2.05953
-3.47699 1.4048 2.05953
-3.50098 1.3439 2.05953
-3.5239 1.2826 1.8957
-3.54575 1.2209 1.8957
-3.56652 1.15883 1.8957
-3.5862 1.09641 1.7473
-3.60479 1.03366 1.7473
-3.62228 0.970586 1.7473
-3.63866 0.907221 1.61894
-3.65394 0.843579 1.61894
-3.66811 0.779681 1.61894
-3.68116 0.715545 1.51472
-3.69309 0.651191 1.51472
-3.70389 0.586638 1.51472
-3.71356 0.521907 1.51472
-3.72211 0.457017 1.4381
-3.72951 0.391988 1.4381
-3.73579 0.326839 1.4381
-3.74092 0.261591 1.39166
-3.74492 0.196263 1.39166
-3.74777 0.130875 1.39166
-3.74949 0.0654475 1.37701
-3.75006 4.5925e-16 1.37701
-3.74949 -0.0654475 1.37701
-3.74777 -0.130875 1.39467
-3.74492 -0.196263 1.39467
-3.74092 -0.261591 1.39467
-3.73579 -0.326839 1.44406
-3.72951 -0.391988 1.44406
-3.72211 -0.457017 1.44406
-3.71356 -0.521907 1.5235
-3.70389 -0.586638 1.5235
-3.69309 -0.651191 1.5235
-3.68116 -0.715545 1.5235
-3.66811 -0.779681 1.63034
-3.65394 -0.843579 1.63034
-3.63866 -0.907221 1.63034
-3.62228 -0.970586 1.76105
-3.60479 -1.03366 1.76105
-3.5862 -1.09641 1.76105
-3.56652 -1.15883 1.91143
-3.54575 -1.2209 1.91143
-3.5239 -1.2826 1.91143
-3.50098 -1.3439 2.07681
-3.47699 -1.4048 2.07681
-3.45195 -1.46526 2.07681
-3.42585 -1.52529 2.25227
-3.39871 -1.58484 2.25227
-3.37053 -1.64392 2.25227
-3.34133 -1.70249 2.43289
-3.3111 -1.76055 2.43289
-3.27987 -1.81806 2.43289
-3.24765 -1.87503 2.43289
-3.21443 -1.93142 2.61398
-3.18023 -1.98723 2.61398
-3.14506 -2.04243 2.61398
-3.10894 -2.09701 2.79119
-3.07187 -2.15094 2.79119
-3.03386 -2.20423 2.79119
-2.99493 -2.25684 2.96075
-2.95509 -2.30877 2.96075
-2.91434 -2.35999 2.96075
-2.87271 -2.41049 3.11945
-2.8302 -2.46026 3.11945
-2.78684 -2.50928 3.11945
-2.74262 -2.55753 3.26476
-2.69757 -2.60501 3.26476
-2.65169 -2.65169 3.26476
-2.60501 -2.69757 3.39474
-2.55753 -2.74262 3.39474
-2.50928 -2.78684 3.39474
-2.46026 -2.8302 3.50801
-2.41049 -2.87271 3.50801
-2.35999 -2.91434 3.50801
-2.30877 -2.95509 3.50801
-2.25684 -2.99493 3.60368
-2.20423 -3.03386 3.60368
-2.15094 -3.07187 3.60368
-2.09701 -3.10894 3.68115
-2.04243 -3.14506 3.68115
-1.98723 -3.18023 3.68115
-1.93142 -3.21443 3.74011
-1.87503 -3.24765 3.74011
-1.81806 -3.27987 3.74011
-1.76055 -3.3111 3.78035
-1.70249 -3.34133 3.78035
-1.64392 -3.37053 3.78035
-1.58484 -3.39871 3.80168
-1.52529 -3.42585 3.80168
-1.46526 -3.45195 3.80168
-1.4048 -3.47699 3.80387
-1.3439 -3.50098 3.80387
-1.2826 -3.5239 3.80387
-1.2209 -3.54575 3.80387
-1.15883 -3.56652 3.78666
-1.09641 -3.5862 3.78666
-1.03366 -3.60479 3.78666
-0.970586 -3.62228 3.74971
-0.907221 -3.63866 3.74971
-0.843579 -3.65394 3.74971
-0.779681 -3.66811 3.69274
-0.715545 -3.68116 3.69274
-0.651191 -3.69309 3.69274
-0.586638 -3.70389 3.61556
-0.521907 -3.71356 3.61556
-0.457017 -3.72211 3.61556
-0.391988 -3.72951 3.51822
-0.326839 -3.73579 3.51822
-0.261591 -3.74092 3.51822
-0.196263 -3.74492 3.40108
-0.130875 -3.74777 3.40108
-0.0654475 -3.74949 3.40108
-6.88874e-16 -3.75006 3.40108
0.0654475 -3.74949 3.265
0.130875 -3.74777 3.265
0.196263 -3.74492 3.265
0.261591 -3.74092 3.1114
0.326839 -3.73579 3.1114
0.391988 -3.72951 3.1114
0.457017 -3.72211 2.94236
0.521907 -3.71356 2.94236
0.586638 -3.70389 2.94236
0.651191 -3.69309 2.76067
0.715545 -3.68116 2.76067
0.779681 -3.66811 2.76067
0.843579 -3.65394 2.56982
0.907221 -3.63866 2.56982
0.970586 -3.62228 2.56982
1.03366 -3.60479 2.37393
1.09641 -3.5862 2.37393
1.15883 -3.56652 2.37393
1.2209 -3.54575 2.17765
1.2826 -3.5239 2.17765
1.3439 -3.50098 2.17765
1.4048 -3.47699 2.17765
1.46526 -3.45195 1.98596
1.52529 -3.42585 1.98596
1.58484 -3.39871 1.98596
1.64392 -3.37053 1.80401
1.70249 -3.34133 1.80401
1.76055 -3.3111 1.80401
1.81806 -3.27987 1.63681
1.87503 -3.24765 1.63681
1.93142 -3.21443 1.63681
1.98723 -3.18023 1.48907
2.04243 -3.14506 1.48907
2.09701 -3.10894 1.48907
2.15094 -3.07187 1.36489
2.20423 -3.03386 1.36489
2.25684 -2.99493 1.36489
2.30877 -2.95509 1.26753
2.35999 -2.91434 1.26753
2.41049 -2.87271 1.26753
2.46026 -2.8302 1.26753
2.50928 -2.78684 1.19928
2.55753 -2.74262 1.19928
2.60501 -2.69757 1.19928
2.65169 -2.65169 1.16127
2.69757 -2.60501 1.16127
2.74262 -2.55753 1.16127
2.78684 -2.50928 1.1534
2.8302 -2.46026 1.1534
2.87271 -2.41049 1.1534
2.91434 -2.35999 1.17436
2.95509 -2.30877 1.17436
2.99493 -2.25684 1.17436
3.03386 -2.20423 1.22166
3.07187 -2.15094 1.22166
3.10894 -2.09701 1.22166
3.14506 -2.04243 1.29166
3.18023 -1.98723 1.29166
3.21443 -1.93142 1.29166
3.24765 -1.87503 1.29166
3.27987 -1.81806 1.37984
3.3111 -1.76055 1.37984
3.34133 -1.70249 1.37984
3.37053 -1.64392 1.4809
3.39871 -1.58484 1.4809
3.42585 -1.52529 1.4809
3.45195 -1.46526 1.58909
3.47699 -1.4048 1.58909
3.50098 -1.3439 1.58909
3.5239 -1.2826 1.69843
3.54575 -1.2209 1.69843
3.56652 -1.15883 1.69843
3.5862 -1.09641 1.80299
3.60479 -1.03366 1.80299
3.62228 -0.970586 1.80299
3.63866 -0.907221 1.89725
3.65394 -0.843579 1.89725
3.66811 -0.779681 1.89725
3.68116 -0.715545 1.97624
3.69309 -0.651191 1.97624
3.70389 -0.586638 1.97624
3.71356 -0.521907 1.97624
3.72211 -0.457017 2.0359
3.72951 -0.391988 2.0359
3.73579 -0.326839 2.0359
3.74092 -0.261591 2.07317
3.74492 -0.196263 2.07317
3.74777 -0.130875 2.07317
3.74949 -0.0654475 2.02488

3.82985 0 2.08617
3.82926 0.06684 2.08617
3.82751 0.13366 2.07428
3.8246 0.200439 2.07428
3.82052 0.267157 2.07428
3.81527 0.333793 2.03817
3.80887 0.400328 2.03817
3.8013 0.466741 2.03817
3.79257 0.533012 1.97974
3.78269 0.59912 1.97974
3.77166 0.665046 1.97974
3.75948 0.730769 1.97974
3.74615 0.79627 1.90209
3.73169 0.861528 1.90209
3.71608 0.926524 1.90209
3.69935 0.991237 1.80936
3.68148 1.05565 1.80936
3.6625 1.11974 1.80936
3.6424 1.18349 1.70653
3.62119 1.24688 1.70653
3.59888 1.30988 1.70653
3.57547 1.37249 1.59919
3.55097 1.43469 1.59919
3.52539 1.49644 1.59919
3.49874 1.55774 1.49331
3.47102 1.61856 1.49331
3.44224 1.67889 1.49331
3.41242 1.73871 1.39492
3.38155 1.798 1.39492
3.34966 1.85675 1.39492
3.31674 1.91492 1.30981
3.28282 1.97252 1.30981
3.24789 2.02951 1.30981
3.21198 2.08588 1.30981
3.17509 2.14162 1.24331
3.13723 2.19671 1.24331
3.09841 2.25113 1.24331
3.05865 2.30486 1.19997
3.01796 2.35789 1.19997
2.97635 2.4102 1.19997
2.93383 2.46178 1.18341
2.89042 2.5126 1.18341
2.84613 2.56267 1.18341
2.80097 2.61195 1.19612
2.75496 2.66043 1.19612
2.70811 2.70811 1.19612
2.66043 2.75496 1.23937
2.61195 2.80097 1.23937
2.56267 2.84613 1.23937
2.5126 2.89042 1.31317
2.46178 2.93383 1.31317
2.4102 2.97635 1.31317
2.35789 3.01796 1.31317
2.30486 3.05865 1.4163
2.25113 3.09841 1.4163
2.19671 3.13723 1.4163
2.14162 3.17509 1.54637
2.08588 3.21198 1.54637
2.02951 3.24789 1.54637
1.97252 3.28282 1.69999
1.91492 3.31674 1.69999
1.85675 3.34966 1.69999
1.798 3.38155 1.87288
1.73871 3.41242 1.87288
1.67889 3.44224 1.87288
1.61856 3.47102 2.06019
1.55774 3.49874 2.06019
1.49644 3.52539 2.06019
1.43469 3.55097 2.25672
1.37249 3.57547 2.25672
1.30988 3.59888 2.25672
1.24688 3.62119 2.25672
1.18349 3.6424 2.45716
1.11974 3.6625 2.45716
1.05565 3.68148 2.45716
0.991237 3.69935 2.65636
0.926524 3.71608 2.65636
0.861528 3.73169 2.65636
0.79627 3.74615 2.84953
0.730769 3.75948 2.84953
0.665046 3.77166 2.84953
0.59912 3.78269 3.03243
0.533012 3.79257 3.03243
0.466741 3.8013 3.03243
0.400328 3.80887 3.20149
0.333793 3.81527 3.20149
0.267157 3.82052 3.20149
0.200439 3.8246 3.35386
0.13366 3.82751 3.35386
0.06684 3.82926 3.35386
2.3451e-16 3.82985 3.48746
-0.06684 3.82926 3.48746
-0.13366 3.82751 3.48746
-0.200439 3.8246 3.48746
-0.267157 3.82052 3.60088
-0.333793 3.81527 3.60088
-0.400328 3.80887 3.60088
-0.466741 3.8013 3.69336
-0.533012 3.79257 3.69336
-0.59912 3.78269 3.69336
-0.665046 3.77166 3.76463
-0.730769 3.75948 3.76463
-0.79627 3.74615 3.76463
-0.861528 3.73169 3.81481
-0.926524 3.71608 3.81481
-0.991237 3.69935 3.81481
-1.05565 3.68148 3.84426
-1.11974 3.6625 3.84426
-1.18349 3.6424 3.84426
-1.24688 3.62119 3.85347
-1.30988 3.59888 3.85347
-1.37249 3.57547 3.85347
-1.43469 3.55097 3.85347
-1.49644 3.52539 3.84299
-1.55774 3.49874 3.84299
-1.61856 3.47102 3.84299
-1.67889 3.44224 3.8133
-1.73871 3.41242 3.8133
-1.798 3.38155 3.8133
-1.85675 3.34966 3.76485
-1.91492 3.31674 3.76485
-1.97252 3.28282 3.76485
-2.02951 3.24789 3.69804
-2.08588 3.21198 3.69804
-2.14162 3.17509 3.69804
-2.19671 3.13723 3.61324
-2.25113 3.09841 3.61324
-2.30486 3.05865 3.61324
-2.35789 3.01796 3.51094
-2.4102 2.97635 3.51094
-2.46178 2.93383 3.51094
-2.5126 2.89042 3.51094
-2.56267 2.84613 3.39184
-2.61195 2.80097 3.39184
-2.66043 2.75496 3.39184
-2.70811 2.70811 3.25692
-2.75496 2.66043 3.25692
-2.80097 2.61195 3.25692
-2.84613 2.56267 3.10761
-2.89042 2.5126 3.10761
-2.93383 2.46178 3.10761
-2.97635 2.4102 2.94586
-3.01796 2.35789 2.94586
-3.05865 2.30486 2.94586
-3.09841 2.25113 2.7742
-3.13723 2.19671 2.7742
-3.17509 2.14162 2.7742
-3.21198 2.08588 2.59577
-3.24789 2.02951 2.59577
-3.28282 1.97252 2.59577
-3.31674 1.91492 2.41429
-3.34966 1.85675 2.41429
-3.38155 1.798 2.41429
-3.41242 1.73871 2.41429
-3.44224 1.67889 2.23401
-3.47102 1.61856 2.23401
-3.49874 1.55774 2.23401
-3.52539 1.49644 2.05953
-3.55097 1.43469 2.05953
-3.57547 1.37249 2.05953
-3.59888 1.30988 1.8957
-3.62119 1.24688 1.8957
-3.6424 1.18349 1.8957
-3.6625 1.11974 1.7473
-3.68148 1.05565 1.7473
-3.69935 0.991237 1.7473
-3.71608 0.926524 1.61894
-3.73169 0.861528 1.61894
-3.74615 0.79627 1.61894
-3.75948 0.730769 1.51472
-3.77166 0.665046 1.51472
-3.78269 0.59912 1.51472
-3.79257 0.533012 1.51472
-3.8013 0.466741 1.4381
-3.80887 0.400328 1.4381
-3.81527 0.333793 1.4381
-3.82052 0.267157 1.39166
-3.8246 0.200439 1.39166
-3.82751 0.13366 1.39166
-3.82926 0.06684 1.37701
-3.82985 4.69021e-16 1.37701
-3.82926 -0.06684 1.37701
-3.82751 -0.13366 1.39467
-3.8246 -0.200439 1.39467
-3.82052 -0.267157 1.39467
-3.81527 -0.333793 1.44406
-3.80887 -0.400328 1.44406
-3.8013 -0.466741 1.44406
-3.79257 -0.533012 1.5235
-3.78269 -0.59912 1.5235
-3.77166 -0.665046 1.5235
-3.75948 -0.730769 1.5235
-3.74615 -0.79627 1.63034
-3.73169 -0.861528 1.63034
-3.71608 -0.926524 1.63034
-3.69935 -0.991237 1.76105
-3.68148 -1.05565 1.76105
-3.6625 -1.11974 1.76105
-3.6424 -1.18349 1.91143
-3.62119 -1.24688 1.91143
-3.59888 -1.30988 1.91143
-3.57547 -1.37249 2.07681
-3.55097 -1.43469 2.07681
-3.52539 -1.49644 2.07681
-3.49874 -1.55774 2.25227
-3.47102 -1.61856 2.25227
-3.44224 -1.67889 2.25227
-3.41242 -1.73871 2.43289
-3.38155 -1.798 2.43289
-3.34966 -1.85675 2.43289
-3.31674 -1.91492 2.43289
-3.28282 -1.97252 2.61398
-3.24789 -2.02951 2.61398
-3.21198 -2.08588 2.61398
-3.17509 -2.14162 2.79119
-3.13723 -2.19671 2.79119
-3.09841 -2.25113 2.79119
-3.05865 -2.30486 2.96075
-3.01796 -2.35789 2.96075
-2.97635 -2.4102 2.96075
-2.93383 -2.46178 3.11945
-2.89042 -2.5126 3.11945
-2.84613 -2.56267 3.11945
-2.80097 -2.61195 3.26476
-2.75496 -2.66043 3.26476
-2.70811 -2.70811 3.26476
-2.66043 -2.75496 3.39474
-2.61195 -2.80097 3.39474
-2.56267 -2.84613 3.39474
-2.5126 -2.89042 3.50801
-2.46178 -2.93383 3.50801
-2.4102 -2.97635 3.50801
-2.35789 -3.01796 3.50801
-2.30486 -3.05865 3.60368
-2.25113 -3.09841 3.60368
-2.19671 -3.13723 3.60368
-2.14162 -3.17509 3.68115
-2.08588 -3.21198 3.68115
-2.02951 -3.24789 3.68115
-1.97252 -3.28282 3.74011
-1.91492 -3.31674 3.74011
-1.85675 -3.34966 3.74011
-1.798 -3.38155 3.78035
-1.73871 -3.41242 3.78035
-1.67889 -3.44224 3.78035
-1.61856 -3.47102 3.80168
-1.55774 -3.49874 3.80168
-1.49644 -3.52539 3.80168
-1.43469 -3.55097 3.80387
-1.37249 -3.57547 3.80387
-1.30988 -3.59888 3.80387
-1.24688 -3.62119 3.80387
-1.18349 -3.6424 3.78666
-1.11974 -3.6625 3.78666
-1.05565 -3.68148 3.78666
-0.991237 -3.69935 3.74971
-0.926524 -3.71608 3.74971
-0.861528 -3.73169 3.74971
-0.79627 -3.74615 3.69274
-0.730769 -3.75948 3.69274
-0.665046 -3.77166 3.69274
-0.59912 -3.78269 3.61556
-0.533012 -3.79257 3.61556
-0.466741 -3.8013 3.61556
-0.400328 -3.80887 3.51822
-0.333793 -3.81527 3.51822
-0.267157 -3.82052 3.51822
-0.200439 -3.8246 3.40108
-0.13366 -3.82751 3.40108
-0.06684 -3.82926 3.40108
-7.03531e-16 -3.82985 3.40108
0.06684 -3.82926 3.265
0.13366 -3.82751 3.265
0.200439 -3.8246 3.265
0.267157 -3.82052 3.1114
0.333793 -3.81527 3.1114
0.400328 -3.80887 3.1114
0.466741 -3.8013 2.94236
0.533012 -3.79257 2.94236
0.59912 -3.78269 2.94236
0.665046 -3.77166 2.76067
0.730769 -3.75948 2.76067
0.79627 -3.74615 2.76067
0.861528 -3.73169 2.56982
0.926524 -3.71608 2.56982
0.991237 -3.69935 2.56982
1.05565 -3.68148 2.37393
1.11974 -3.6625 2.37393
1.18349 -3.6424 2.37393
1.24688 -3.62119 2.17765
1.30988 -3.59888 2.17765
1.37249 -3.57547 2.17765
1.43469 -3.55097 2.17765
1.49644 -3.52539 1.98596
1.55774 -3.49874 1.98596
1.61856 -3.47102 1.98596
1.67889 -3.44224 1.80401
1.73871 -3.41242 1.80401
1.798 -3.38155 1.80401
1.85675 -3.34966 1.63681
1.91492 -3.31674 1.63681
1.97252 -3.28282 1.63681
2.02951 -3.24789 1.48907
2.08588 -3.21198 1.48907
2.14162 -3.17509 1.48907
2.19671 -3.13723 1.36489
2.25113 -3.09841 1.36489
2.30486 -3.05865 1.36489
2.35789 -3.01796 1.26753
2.4102 -2.97635 1.26753
2.46178 -2.93383 1.26753
2.5126 -2.89042 1.26753
2.56267 -2.84613 1.19928
2.61195 -2.80097 1.19928
2.66043 -2.75496 1.19928
2.70811 -2.70811 1.16127
2.75496 -2.66043 1.16127
2.80097 -2.61195 1.16127
2.84613 -2.56267 1.1534
2.89042 -2.5126 1.1534
2.93383 -2.46178 1.1534
2.97635 -2.4102 1.17436
3.01796 -2.35789 1.17436
3.05865 -2.30486 1.17436
3.09841 -2.25113 1.22166
3.13723 -2.19671 1.22166
3.17509 -2.14162 1.22166
3.21198 -2.08588 1.29166
3.24789 -2.02951 1.29166
3.28282 -1.97252 1.29166
3.31674 -1.91492 1.29166
3.34966 -1.85675 1.37984
3.38155 -1.798 1.37984
3.41242 -1.73871 1.37984
3.44224 -1.67889 1.4809
3.47102 -1.61856 1.4809
3.49874 -1.55774 1.4809
3.52539 -1.49644 1.58909
3.55097 -1.43469 1.58909
3.57547 -1.37249 1.58909
3.59888 -1.30988 1.69843
3.62119 -1.24688 1.69843
3.6424 -1.18349 1.69843
3.6625 -1.11974 1.80299
3.68148 -1.05565 1.80299
3.69935 -0.991237 1.80299
3.71608 -0.926524 1.89725
3.73169 -0.861528 1.89725
3.74615 -0.79627 1.89725
3.75948 -0.730769 1.97624
3.77166 -0.665046 1.97624
3.78269 -0.59912 1.97624
3.79257 -0.533012 1.97624
3.8013 -0.466741 2.0359
3.80887 -0.400328 2.0359
3.81527 -0.333793 2.0359
3.82052 -0.267157 2.07317
3.8246 -0.200439 2.07317
3.82751 -0.13366 2.07317
3.82926 -0.06684 2.02488

3.90963 0 2.16652
3.90904 0.0682325 2.16652
3.90725 0.136444 2.15298
3.90428 0.204614 2.15298
3.90011 0.272722 2.15298
3.89476 0.340747 2.11213
3.88822 0.408668 2.11213
3.88049 0.476465 2.11213
3.87159 0.544116 2.04588
3.8615 0.611602 2.04588
3.85024 0.678901 2.04588
3.8378 0.745993 1.95732
3.8242 0.812859 1.95732
3.80943 0.879476 1.95732
3.7935 0.945826 1.8506
3.77642 1.01189 1.8506
3.75818 1.07764 1.8506
3.7388 1.14307 1.73075
3.71828 1.20814 1.73075
3.69663 1.27285 1.73075
3.67385 1.33717 1.60351
3.64996 1.40109 1.60351
3.62495 1.46457 1.60351
3.59884 1.52762 1.47504
3.57163 1.59019 1.47504
3.54333 1.65228 1.47504
3.51396 1.71387 1.35169
3.48351 1.77494 1.35169
3.452 1.83546 1.35169
3.41944 1.89543 1.23969
3.38584 1.95482 1.23969
3.35121 2.01361 1.23969
3.31556 2.07179 1.1449
3.2789 2.12934 1.1449
3.24123 2.18624 1.1449
3.20258 2.24247 1.07256
3.16296 2.29803 1.07256
3.12237 2.35288 1.07256
3.08083 2.40701 1.02704
3.03836 2.46041 1.02704
2.99495 2.51306 1.02704
2.95064 2.56495 1.01167
2.90542 2.61606 1.01167
2.85933 2.66636 1.01167
2.81236 2.71586 1.02864
2.76453 2.76453 1.02864
2.71586 2.81236 1.02864
2.66636 2.85933 1.07888
2.61606 2.90542 1.07888
2.56495 2.95064 1.07888
2.51306 2.99495 1.16209
2.46041 3.03836 1.16209
2.40701 3.08083 1.16209
2.35288 3.12237 1.2767
2.29803 3.16296 1.2767
2.24247 3.20258 1.2767
2.18624 3.24123 1.42005
2.12934 3.2789 1.42005
2.07179 3.31556 1.42005
2.01361 3.35121 1.58844
1.95482 3.38584 1.58844
1.89543 3.41944 1.58844
1.83546 3.452 1.77736
1.77494 3.48351 1.77736
1.71387 3.51396 1.77736
1.65228 3.54333 1.9817
1.59019 3.57163 1.9817
1.52762 3.59884 1.9817
1.46457 3.62495 2.19604
1.40109 3.64996 2.19604
1.33717 3.67385 2.19604
1.27285 3.69663 2.41484
1.20814 3.71828 2.41484
1.14307 3.7388 2.41484
1.07764 3.75818 2.63274
1.01189 3.77642 2.63274
0.945826 3.7935 2.63274
0.879476 3.80943 2.84475
0.812859 3.8242 2.84475
0.745993 3.8378 2.84475
0.678901 3.85024 3.04643
0.611602 3.8615 3.04643
0.544116 3.87159 3.04643
0.476465 3.88049 3.23402
0.408668 3.88822 3.23402
0.340747 3.89476 3.23402
0.272722 3.90011 3.40454
0.204614 3.90428 3.40454
0.136444 3.90725 3.40454
0.0682325 3.90904 3.55577
2.39396e-16 3.90963 3.55577
-0.0682325 3.90904 3.55577
-0.136444 3.90725 3.68624
-0.204614 3.90428 3.68624
-0.272722 3.90011 3.68624
-0.340747 3.89476 3.79516
-0.408668 3.88822 3.79516
-0.476465 3.88049 3.79516
-0.544116 3.87159 3.88229
-0.611602 3.8615 3.88229
-0.678901 3.85024 3.88229
-0.745993 3.8378 3.94783
-0.812859 3.8242 3.94783
-0.879476 3.80943 3.94783
-0.945826 3.7935 3.99224
-1.01189 3.77642 3.99224
-1.07764 3.75818 3.99224
-1.14307 3.7388 4.01618
-1.20814 3.71828 4.01618
-1.27285 3.69663 4.01618
-1.33717 3.67385 4.02032
-1.40109 3.64996 4.02032
-1.46457 3.62495 4.02032
-1.52762 3.59884 4.0053
-1.59019 3.57163 4.0053
-1.65228 3.54333 4.0053
-1.71387 3.51396 3.97161
-1.77494 3.48351 3.97161
-1.83546 3.452 3.97161
-1.89543 3.41944 3.91963
-1.95482 3.38584 3.91963
-2.01361 3.35121 3.91963
-2.07179 3.31556 3.8496
-2.12934 3.2789 3.8496
-2.18624 3.24123 3.8496
-2.24247 3.20258 3.7617
-2.29803 3.16296 3.7617
-2.35288 3.12237 3.7617
-2.40701 3.08083 3.65613
-2.46041 3.03836 3.65613
-2.51306 2.99495 3.65613
-2.56495 2.95064 3.53325
-2.61606 2.90542 3.53325
-2.66636 2.85933 3.53325
-2.71586 2.81236 3.39366
-2.76453 2.76453 3.39366
-2.81236 2.71586 3.39366
-2.85933 2.66636 3.23838
-2.90542 2.61606 3.23838
-2.95064 2.56495 3.23838
-2.99495 2.51306 3.06891
-3.03836 2.46041 3.06891
-3.08083 2.40701 3.06891
-3.12237 2.35288 2.88734
-3.16296 2.29803 2.88734
-3.20258 2.24247 2.88734
-3.24123 2.18624 2.69641
-3.2789 2.12934 2.69641
-3.31556 2.07179 2.69641
-3.35121 2.01361 2.49949
-3.38584 1.95482 2.49949
-3.41944 1.89543 2.49949
-3.452 1.83546 2.30057
-3.48351 1.77494 2.30057
-3.51396 1.71387 2.30057
-3.54333 1.65228 2.10413
-3.57163 1.59019 2.10413
-3.59884 1.52762 2.10413
-3.62495 1.46457 1.91502
-3.64996 1.40109 1.91502
-3.67385 1.33717 1.91502
-3.69663 1.27285 1.73824
-3.71828 1.20814 1.73824
-3.7388 1.14307 1.73824
-3.75818 1.07764 1.57876
-3.77642 1.01189 1.57876
-3.7935 0.945826 1.57876
-3.80943 0.879476 1.44126
-3.8242 0.812859 1.44126
-3.8378 0.745993 1.44126
-3.85024 0.678901 1.32994
-3.8615 0.611602 1.32994
-3.87159 0.544116 1.32994
-3.88049 0.476465 1.24828
-3.88822 0.408668 1.24828
-3.89476 0.340747 1.24828
-3.90011 0.272722 1.19889
-3.90428 0.204614 1.19889
-3.90725 0.136444 1.19889
-3.90904 0.0682325 1.18338
-3.90963 4.78792e-16 1.18338
-3.90904 -0.0682325 1.18338
-3.90725 -0.136444 1.20227
-3.90428 -0.204614 1.20227
-3.90011 -0.272722 1.20227
-3.89476 -0.340747 1.255
-3.88822 -0.408668 1.255
-3.88049 -0.476465 1.255
-3.87159 -0.544116 1.33989
-3.8615 -0.611602 1.33989
-3.85024 -0.678901 1.33989
-3.8378 -0.745993 1.45428
-3.8242 -0.812859 1.45428
-3.80943 -0.879476 1.45428
-3.7935 -0.945826 1.5946
-3.77642 -1.01189 1.5946
-3.75818 -1.07764 1.5946
-3.7388 -1.14307 1.75659
-3.71828 -1.20814 1.75659
-3.69663 -1.27285 1.75659
-3.67385 -1.33717 1.93547
-3.64996 -1.40109 1.93547
-3.62495 -1.46457 1.93547
-3.59884 -1.52762 2.12618
-3.57163 -1.59019 2.12618
-3.54333 -1.65228 2.12618
-3.51396 -1.71387 2.32361
-3.48351 -1.77494 2.32361
-3.452 -1.83546 2.32361
-3.41944 -1.89543 2.52281
-3.38584 -1.95482 2.52281
-3.35121 -2.01361 2.52281
-3.31556 -2.07179 2.71922
-3.2789 -2.12934 2.71922
-3.24123 -2.18624 2.71922
-3.20258 -2.24247 2.90875
-3.16296 -2.29803 2.90875
-3.12237 -2.35288 2.90875
-3.08083 -2.40701 3.08795
-3.03836 -2.46041 3.08795
-2.99495 -2.51306 3.08795
-2.95064 -2.56495 3.25406
-2.90542 -2.61606 3.25406
-2.85933 -2.66636 3.25406
-2.81236 -2.71586 3.40495
-2.76453 -2.76453 3.40495
-2.71586 -2.81236 3.40495
-2.66636 -2.85933 3.53914
-2.61606 -2.90542 3.53914
-2.56495 -2.95064 3.53914
-2.51306 -2.99495 3.65569
-2.46041 -3.03836 3.65569
-2.40701 -3.08083 3.65569
-2.35288 -3.12237 3.75405
-2.29803 -3.16296 3.75405
-2.24247 -3.20258 3.75405
-2.18624 -3.24123 3.834
-2.12934 -3.2789 3.834
-2.07179 -3.31556 3.834
-2.01361 -3.35121 3.89549
-1.95482 -3.38584 3.89549
-1.89543 -3.41944 3.89549
-1.83546 -3.452 3.93852
-1.77494 -3.48351 3.93852
-1.71387 -3.51396 3.93852
-1.65228 -3.54333 3.96308
-1.59019 -3.57163 3.96308
-1.52762 -3.59884 3.96308
-1.46457 -3.62495 3.96899
-1.40109 -3.64996 3.96899
-1.33717 -3.67385 3.96899
-1.27285 -3.69663 3.95599
-1.20814 -3.71828 3.95599
-1.14307 -3.7388 3.95599
-1.07764 -3.75818 3.92368
-1.01189 -3.77642 3.92368
-0.945826 -3.7935 3.92368
-0.879476 -3.80943 3.87158
-0.812859 -3.8242 3.87158
-0.745993 -3.8378 3.87158
-0.678901 -3.85024 3.79925
-0.611602 -3.8615 3.79925
-0.544116 -3.87159 3.79925
-0.476465 -3.88049 3.70637
-0.408668 -3.88822 3.70637
-0.340747 -3.89476 3.70637
-0.272722 -3.90011 3.59289
-0.204614 -3.90428 3.59289
-0.136444 -3.90725 3.59289
-0.0682325 -3.90904 3.45913
-7.18188e-16 -3.90963 3.45913
0.0682325 -3.90904 3.45913
0.136444 -3.90725 3.30594
0.204614 -3.90428 3.30594
0.272722 -3.90011 3.30594
0.340747 -3.89476 3.1348
0.408668 -3.88822 3.1348
0.476465 -3.88049 3.1348
0.544116 -3.87159 2.94788
0.611602 -3.8615 2.94788
0.678901 -3.85024 2.94788
0.745993 -3.8378 2.74811
0.812859 -3.8242 2.74811
0.879476 -3.80943 2.74811
0.945826 -3.7935 2.53913
1.01189 -3.77642 2.53913
1.07764 -3.75818 2.53913
1.14307 -3.7388 2.32524
1.20814 -3.71828 2.32524
1.27285 -3.69663 2.32524
1.33717 -3.67385 2.11129
1.40109 -3.64996 2.11129
1.46457 -3.62495 2.11129
1.52762 -3.59884 1.90247
1.59019 -3.57163 1.90247
1.65228 -3.54333 1.90247
1.71387 -3.51396 1.70413
1.77494 -3.48351 1.70413
1.83546 -3.452 1.70413
1.89543 -3.41944 1.52151
1.95482 -3.38584 1.52151
2.01361 -3.35121 1.52151
2.07179 -3.31556 1.35955
2.12934 -3.2789 1.35955
2.18624 -3.24123 1.35955
2.24247 -3.20258 1.22262
2.29803 -3.16296 1.22262
2.35288 -3.12237 1.22262
2.40701 -3.08083 1.11426
2.46041 -3.03836 1.11426
2.51306 -2.99495 1.11426
2.56495 -2.95064 1.03703
2.61606 -2.90542 1.03703
2.66636 -2.85933 1.03703
2.71586 -2.81236 0.992387
2.76453 -2.76453 0.992387
2.81236 -2.71586 0.992387
2.85933 -2.66636 0.980586
2.90542 -2.61606 0.980586
2.95064 -2.56495 0.980586
2.99495 -2.51306 1.00064
3.03836 -2.46041 1.00064
3.08083 -2.40701 1.00064
3.12237 -2.35288 1.05035
3.16296 -2.29803 1.05035
3.20258 -2.24247 1.05035
3.24123 -2.18624 1.12637
3.2789 -2.12934 1.12637
3.31556 -2.07179 1.12637
3.35121 -2.01361 1.22436
3.38584 -1.95482 1.22436
3.41944 -1.89543 1.22436
3.452 -1.83546 1.33911
3.48351 -1.77494 1.33911
3.51396 -1.71387 1.33911
3.54333 -1.65228 1.46481
3.57163 -1.59019 1.46481
3.59884 -1.52762 1.46481
3.62495 -1.46457 1.59527
3.64996 -1.40109 1.59527
3.67385 -1.33717 1.59527
3.69663 -1.27285 1.72421
3.71828 -1.20814 1.72421
3.7388 -1.14307 1.72421
3.75818 -1.07764 1.8455
3.77642 -1.01189 1.8455
3.7935 -0.945826 1.8455
3.80943 -0.879476 1.95347
3.8242 -0.812859 1.95347
3.8378 -0.745993 1.95347
3.85024 -0.678901 2.04312
3.8615 -0.611602 2.04312
3.87159 -0.544116 2.04312
3.88049 -0.476465 2.11035
3.88822 -0.408668 2.11035
3.89476 -0.340747 2.11035
3.90011 -0.272722 2.15211
3.90428 -0.204614 2.15211
3.90725 -0.136444 2.15211
3.90904 -0.0682325 2.08617

3.98942 0 2.16652
3.98882 0.069625 2.16652
3.98699 0.139229 2.15298
3.98396 0.20879 2.15298
3.9797 0.278288 2.15298
3.97424 0.347701 2.11213
3.96757 0.417008 2.11213
3.95969 0.486188 2.11213
3.9506 0.55522 2.04588
3.94031 0.624083 2.04588
3.92881 0.692756 2.04588
3.91613 0.761218 1.95732
3.90224 0.829448 1.95732
3.88717 0.897425 1.95732
3.87092 0.965129 1.8506
3.85349 1.03254 1.8506
3.83488 1.09963 1.8506
3.8151 1.16639 1.73075
3.79417 1.2328 1.73075
3.77207 1.29883 1.73075
3.74883 1.36446 1.60351
3.72445 1.42968 1.60351
3.69893 1.49446 1.60351
3.67228 1.55879 1.47504
3.64452 1.62264 1.47504
3.61564 1.686 1.47504
3.58567 1.74885 1.35169
3.5546 1.81116 1.35169
3.52245 1.87292 1.35169
3.48923 1.93411 1.23969
3.45494 1.99471 1.23969
3.4196 2.0547 1.23969
3.38322 2.11407 1.1449
3.34581 2.1728 1.1449
3.30738 2.23086 1.1449
3.26794 2.28824 1.07256
3.22751 2.34492 1.07256
3.18609 2.40089 1.07256
3.14371 2.45613 1.02704
3.10036 2.51063 1.02704
3.05608 2.56435 1.02704
3.01086 2.6173 1.01167
2.96472 2.66944 1.01167
2.91768 2.72078 1.01167
2.86975 2.77129 1.02864
2.82095 2.82095 1.02864
2.77129 2.86975 1.02864
2.72078 2.91768 1.07888
2.66944 2.96472 1.07888
2.6173 3.01086 1.07888
2.56435 3.05608 1.16209
2.51063 3.10036 1.16209
2.45613 3.14371 1.16209
2.40089 3.18609 1.2767
2.34492 3.22751 1.2767
2.28824 3.26794 1.2767
2.23086 3.30738 1.42005
2.1728 3.34581 1.42005
2.11407 3.38322 1.42005
2.0547 3.4196 1.58844
1.99471 3.45494 1.58844
1.93411 3.48923 1.58844
1.87292 3.52245 1.77736
1.81116 3.5546 1.77736
1.74885 3.58567 1.77736
1.686 3.61564 1.9817
1.62264 3.64452 1.9817
1.55879 3.67228 1.9817
1.49446 3.69893 2.19604
1.42968 3.72445 2.19604
1.36446 3.74883 2.19604
1.29883 3.77207 2.41484
1.2328 3.79417 2.41484
1.16639 3.8151 2.41484
1.09963 3.83488 2.63274
1.03254 3.85349 2.63274
0.965129 3.87092 2.63274
0.897425 3.88717 2.84475
0.829448 3.90224 2.84475
0.761218 3.91613 2.84475
0.692756 3.92881 3.04643
0.624083 3.94031 3.04643
0.55522 3.9506 3.04643
0.486188 3.95969 3.23402
0.417008 3.96757 3.23402
0.347701 3.97424 3.23402
0.278288 3.9797 3.40454
0.20879 3.98396 3.40454
0.139229 3.98699 3.40454
0.069625 3.98882 3.55577
2.44282e-16 3.98942 3.55577
-0.069625 3.98882 3.55577
-0.139229 3.98699 3.68624
-0.20879 3.98396 3.68624
-0.278288 3.9797 3.68624
-0.347701 3.97424 3.79516
-0.417008 3.96757 3.79516
-0.486188 3.95969 3.79516
-0.55522 3.9506 3.88229
-0.624083 3.94031 3.88229
-0.692756 3.92881 3.88229
-0.761218 3.91613 3.94783
-0.829448 3.90224 3.94783
-0.897425 3.88717 3.94783
-0.965129 3.87092 3.99224
-1.03254 3.85349 3.99224
-1.09963 3.83488 3.99224
-1.16639 3.8151 4.01618
-1.2328 3.79417 4.01618
-1.29883 3.77207 4.01618
-1.36446 3.74883 4.02032
-1.42968 3.72445 4.02032
-1.49446 3.69893 4.02032
-1.55879 3.67228 4.0053
-1.62264 3.64452 4.0053
-1.686 3.61564 4.0053
-1.74885 3.58567 3.97161
-1.81116 3.5546 3.97161
-1.87292 3.52245 3.97161
-1.93411 3.48923 3.91963
-1.99471 3.45494 3.91963
-2.0547 3.4196 3.91963
-2.11407 3.38322 3.8496
-2.1728 3.34581 3.8496
-2.23086 3.30738 3.8496
-2.28824 3.26794 3.7617
-2.34492 3.22751 3.7617
-2.40089 3.18609 3.7617
-2.45613 3.14371 3.65613
-2.51063 3.10036 3.65613
-2.56435 3.05608 3.65613
-2.6173 3.01086 3.53325
-2.66944 2.96472 3.53325
-2.72078 2.91768 3.53325
-2.77129 2.86975 3.39366
-2.82095 2.82095 3.39366
-2.86975 2.77129 3.39366
-2.91768 2.72078 3.23838
-2.96472 2.66944 3.23838
-3.01086 2.6173 3.23838
-3.05608 2.56435 3.06891
-3.10036 2.51063 3.06891
-3.14371 2.45613 3.06891
-3.18609 2.40089 2.88734
-3.22751 2.34492 2.88734
-3.26794 2.28824 2.88734
-3.30738 2.23086 2.69641
-3.34581 2.1728 2.69641
-3.38322 2.11407 2.69641
-3.4196 2.0547 2.49949
-3.45494 1.99471 2.49949
-3.48923 1.93411 2.49949
-3.52245 1.87292 2.30057
-3.5546 1.81116 2.30057
-3.58567 1.74885 2.30057
-3.61564 1.686 2.10413
-3.64452 1.62264 2.10413
-3.67228 1.55879 2.10413
-3.69893 1.49446 1.91502
-3.72445 1.42968 1.91502
-3.74883 1.36446 1.91502
-3.77207 1.29883 1.73824
-3.79417 1.2328 1.73824
-3.8151 1.16639 1.73824
-3.83488 1.09963 1.57876
-3.85349 1.03254 1.57876
-3.87092 0.965129 1.57876
-3.88717 0.897425 1.44126
-3.90224 0.829448 1.44126
-3.91613 0.761218 1.44126
-3.92881 0.692756 1.32994
-3.94031 0.624083 1.32994
-3.9506 0.55522 1.32994
-3.95969 0.486188 1.24828
-3.96757 0.417008 1.24828
-3.97424 0.347701 1.24828
-3.9797 0.278288 1.19889
-3.98396 0.20879 1.19889
-3.98699 0.139229 1.19889
-3.98882 0.069625 1.18338
-3.98942 4.88563e-16 1.18338
-3.98882 -0.069625 1.18338
-3.98699 -0.139229 1.20227
-3.98396 -0.20879 1.20227
-3.9797 -0.278288 1.20227
-3.97424 -0.347701 1.255
-3.96757 -0.417008 1.255
-3.95969 -0.486188 1.255
-3.9506 -0.55522 1.33989
-3.94031 -0.624083 1.33989
-3.92881 -0.692756 1.33989
-3.91613 -0.761218 1.45428
-3.90224 -0.829448 1.45428
-3.88717 -0.897425 1.45428
-3.87092 -0.965129 1.5946
-3.85349 -1.03254 1.5946
-3.83488 -1.09963 1.5946
-3.8151 -1.16639 1.75659
-3.79417 -1.2328 1.75659
-3.77207 -1.29883 1.75659
-3.74883 -1.36446 1.93547
-3.72445 -1.42968 1.93547
-3.69893 -1.49446 1.93547
-3.67228 -1.55879 2.12618
-3.64452 -1.62264 2.12618
-3.61564 -1.686 2.12618
-3.58567 -1.74885 2.32361
-3.5546 -1.81116 2.32361
-3.52245 -1.87292 2.32361
-3.48923 -1.93411 2.52281
-3.45494 -1.99471 2.52281
-3.4196 -2.0547 2.52281
-3.38322 -2.11407 2.71922
-3.34581 -2.1728 2.71922
-3.30738 -2.23086 2.71922
-3.26794 -2.28824 2.90875
-3.22751 -2.34492 2.90875
-3.18609 -2.40089 2.90875
-3.14371 -2.45613 3.08795
-3.10036 -2.51063 3.08795
-3.05608 -2.56435 3.08795
-3.01086 -2.6173 3.25406
-2.96472 -2.66944 3.25406
-2.91768 -2.72078 3.25406
-2.86975 -2.77129 3.40495
-2.82095 -2.82095 3.40495
-2.77129 -2.86975 3.40495
-2.72078 -2.91768 3.53914
-2.66944 -2.96472 3.53914
-2.6173 -3.01086 3.53914
-2.56435 -3.05608 3.65569
-2.51063 -3.10036 3.65569
-2.45613 -3.14371 3.65569
-2.40089 -3.18609 3.75405
-2.34492 -3.22751 3.75405
-2.28824 -3.26794 3.75405
-2.23086 -3.30738 3.834
-2.1728 -3.34581 3.834
-2.11407 -3.38322 3.834
-2.0547 -3.4196 3.89549
-1.99471 -3.45494 3.89549
-1.93411 -3.48923 3.89549
-1.87292 -3.52245 3.93852
-1.81116 -3.5546 3.93852
-1.74885 -3.58567 3.93852
-1.686 -3.61564 3.96308
-1.62264 -3.64452 3.96308
-1.55879 -3.67228 3.96308
-1.49446 -3.69893 3.96899
-1.42968 -3.72445 3.96899
-1.36446 -3.74883 3.96899
-1.29883 -3.77207 3.95599
-1.2328 -3.79417 3.95599
-1.16639 -3.8151 3.95599
-1.09963 -3.83488 3.92368
-1.03254 -3.85349 3.92368
-0.965129 -3.87092 3.92368
-0.897425 -3.88717 3.87158
-0.829448 -3.90224 3.87158
-0.761218 -3.91613 3.87158
-0.692756 -3.92881 3.79925
-0.624083 -3.94031 3.79925
-0.55522 -3.9506 3.79925
-0.486188 -3.95969 3.70637
-0.417008 -3.96757 3.70637
-0.347701 -3.97424 3.70637
-0.278288 -3.9797 3.59289
-0.20879 -3.98396 3.59289
-0.139229 -3.98699 3.59289
-0.069625 -3.98882 3.45913
-7.32845e-16 -3.98942 3.45913
0.069625 -3.98882 3.45913
0.139229 -3.98699 3.30594
0.20879 -3.98396 3.30594
0.278288 -3.9797 3.30594
0.347701 -3.97424 3.1348
0.417008 -3.96757 3.1348
0.486188 -3.95969 3.1348
0.55522 -3.9506 2.94788
0.624083 -3.94031 2.94788
0.692756 -3.92881 2.94788
0.761218 -3.91613 2.74811
0.829448 -3.90224 2.74811
0.897425 -3.88717 2.74811
0.965129 -3.87092 2.53913
1.03254 -3.85349 2.53913
1.09963 -3.83488 2.53913
1.16639 -3.8151 2.32524
1.2328 -3.79417 2.32524
1.29883 -3.77207 2.32524
1.36446 -3.74883 2.11129
1.42968 -3.72445 2.11129
1.49446 -3.69893 2.11129
1.55879 -3.67228 1.90247
1.62264 -3.64452 1.90247
1.686 -3.61564 1.90247
1.74885 -3.58567 1.70413
1.81116 -3.5546 1.70413
1.87292 -3.52245 1.70413
1.93411 -3.48923 1.52151
1.99471 -3.45494 1.52151
2.0547 -3.4196 1.52151
2.11407 -3.38322 1.35955
2.1728 -3.34581 1.35955
2.23086 -3.30738 1.35955
2.28824 -3.26794 1.22262
2.34492 -3.22751 1.22262
2.40089 -3.18609 1.22262
2.45613 -3.14371 1.11426
2.51063 -3.10036 1.11426
2.56435 -3.05608 1.11426
2.6173 -3.01086 1.03703
2.66944 -2.96472 1.03703
2.72078 -2.91768 1.03703
2.77129 -2.86975 0.992387
2.82095 -2.82095 0.992387
2.86975 -2.77129 0.992387
2.91768 -2.72078 0.980586
2.96472 -2.66944 0.980586
3.01086 -2.6173 0.980586
3.05608 -2.56435 1.00064
3.10036 -2.51063 1.00064
3.14371 -2.45613 1.00064
3.18609 -2.40089 1.05035
3.22751 -2.34492 1.05035
3.26794 -2.28824 1.05035
3.30738 -2.23086 1.12637
3.34581 -2.1728 1.12637
3.38322 -2.11407 1.12637
3.4196 -2.0547 1.22436
3.45494 -1.99471 1.22436
3.48923 -1.93411 1.22436
3.52245 -1.87292 1.33911
3.5546 -1.81116 1.33911
3.58567 -1.74885 1.33911
3.61564 -1.686 1.46481
3.64452 -1.62264 1.46481
3.67228 -1.55879 1.46481
3.69893 -1.49446 1.59527
3.72445 -1.42968 1.59527
3.74883 -1.36446 1.59527
3.77207 -1.29883 1.72421
3.79417 -1.2328 1.72421
3.8151 -1.16639 1.72421
3.83488 -1.09963 1.8455
3.85349 -1.03254 1.8455
3.87092 -0.965129 1.8455
3.88717 -0.897425 1.95347
3.90224 -0.829448 1.95347
3.91613 -0.761218 1.95347
3.92881 -0.692756 2.04312
3.94031 -0.624083 2.04312
3.9506 -0.55522 2.04312
3.95969 -0.486188 2.11035
3.96757 -0.417008 2.11035
3.97424 -0.347701 2.11035
3.9797 -0.278288 2.15211
3.98396 -0.20879 2.15211
3.98699 -0.139229 2.15211
3.98882 -0.069625 2.08617

4.06921 0 2.16652
4.06859 0.0710175 2.16652
4.06673 0.142013 2.15298
4.06363 0.212966 2.15298
4.0593 0.283854 2.15298
4.05373 0.354655 2.11213
4.04692 0.425348 2.11213
4.03888 0.495912 2.11213
4.02961 0.566325 2.04588
4.01911 0.636565 2.04588
4.00739 0.706611 2.04588
3.99445 0.776442 1.95732
3.98029 0.846037 1.95732
3.96492 0.915373 1.95732
3.94834 0.984431 1.8506
3.93056 1.05319 1.8506
3.91158 1.12163 1.8506
3.89141 1.18972 1.73075
3.87005 1.25746 1.73075
3.84751 1.32481 1.73075
3.82381 1.39175 1.60351
3.79894 1.45827 1.60351
3.77291 1.52435 1.60351
3.74573 1.58997 1.47504
3.71741 1.6551 1.47504
3.68796 1.71972 1.47504
3.65738 1.78382 1.35169
3.62569 1.84738 1.35169
3.5929 1.91038 1.35169
3.55901 1.97279 1.23969
3.52404 2.03461 1.23969
3.48799 2.0958 1.23969
3.45089 2.15635 1.1449
3.41273 2.21625 1.1449
3.37353 2.27547 1.1449
3.3333 2.334 1.07256
3.29206 2.39182 1.07256
3.24982 2.44891 1.07256
3.20658 2.50526 1.02704
3.16237 2.56084 1.02704
3.1172 2.61564 1.02704
3.07107 2.66964 1.01167
3.02401 2.72283 1.01167
2.97603 2.7752 1.01167
2.92715 2.82671 1.02864
2.87737 2.87737 1.02864
2.82671 2.92715 1.02864
2.7752 2.97603 1.07888
2.72283 3.02401 1.07888
2.66964 3.07107 1.07888
2.61564 3.1172 1.16209
2.56084 3.16237 1.16209
2.50526 3.20658 1.16209
2.44891 3.24982 1.2767
2.39182 3.29206 1.2767
2.334 3.3333 1.2767
2.27547 3.37353 1.42005
2.21625 3.41273 1.42005
2.15635 3.45089 1.42005
2.0958 3.48799 1.58844
2.03461 3.52404 1.58844
1.97279 3.55901 1.58844
1.91038 3.5929 1.77736
1.84738 3.62569 1.77736
1.78382 3.65738 1.77736
1.71972 3.68796 1.9817
1.6551 3.71741 1.9817
1.58997 3.74573 1.9817
1.52435 3.77291 2.19604
1.45827 3.79894 2.19604
1.39175 3.82381 2.19604
1.32481 3.84751 2.41484
1.25746 3.87005 2.41484
1.18972 3.89141 2.41484
1.12163 3.91158 2.63274
1.05319 3.93056 2.63274
0.984431 3.94834 2.63274
0.915373 3.96492 2.84475
0.846037 3.98029 2.84475
0.776442 3.99445 2.84475
0.706611 4.00739 3.04643
0.636565 4.01911 3.04643
0.566325 4.02961 3.04643
0.495912 4.03888 3.23402
0.425348 4.04692 3.23402
0.354655 4.05373 3.23402
0.283854 4.0593 3.40454
0.212966 4.06363 3.40454
0.142013 4.06673 3.40454
0.0710175 4.06859 3.55577
2.49167e-16 4.06921 3.55577
-0.0710175 4.06859 3.55577
-0.142013 4.06673 3.68624
-0.212966 4.06363 3.68624
-0.283854 4.0593 3.68624
-0.354655 4.05373 3.79516
-0.425348 4.04692 3.79516
-0.495912 4.03888 3.79516
-0.566325 4.02961 3.88229
-0.636565 4.01911 3.88229
-0.706611 4.00739 3.88229
-0.776442 3.99445 3.94783
-0.846037 3.98029 3.94783
-0.915373 3.96492 3.94783
-0.984431 3.94834 3.99224
-1.05319 3.93056 3.99224
-1.12163 3.91158 3.99224
-1.18972 3.89141 4.01618
-1.25746 3.87005 4.01618
-1.32481 3.84751 4.01618
-1.39175 3.82381 4.02032
-1.45827 3.79894 4.02032
-1.52435 3.77291 4.02032
-1.58997 3.74573 4.0053
-1.6551 3.71741 4.0053
-1.71972 3.68796 4.0053
-1.78382 3.65738 3.97161
-1.84738 3.62569 3.97161
-1.91038 3.5929 3.97161
-1.97279 3.55901 3.91963
-2.03461 3.52404 3.91963
-2.0958 3.48799 3.91963
-2.15635 3.45089 3.8496
-2.21625 3.41273 3.8496
-2.27547 3.37353 3.8496
-2.334 3.3333 3.7617
-2.39182 3.29206 3.7617
-2.44891 3.24982 3.7617
-2.50526 3.20658 3.65613
-2.56084 3.16237 3.65613
-2.61564 3.1172 3.65613
-2.66964 3.07107 3.53325
-2.72283 3.02401 3.53325
-2.7752 2.97603 3.53325
-2.82671 2.92715 3.39366
-2.87737 2.87737 3.39366
-2.92715 2.82671 3.39366
-2.97603 2.7752 3.23838
-3.02401 2.72283 3.23838
-3.07107 2.66964 3.23838
-3.1172 2.61564 3.06891
-3.16237 2.56084 3.06891
-3.20658 2.50526 3.06891
-3.24982 2.44891 2.88734
-3.29206 2.39182 2.88734
-3.3333 2.334 2.88734
-3.37353 2.27547 2.69641
-3.41273 2.21625 2.69641
-3.45089 2.15635 2.69641
-3.48799 2.0958 2.49949
-3.52404 2.03461 2.49949
-3.55901 1.97279 2.49949
-3.5929 1.91038 2.30057
-3.62569 1.84738 2.30057
-3.65738 1.78382 2.30057
-3.68796 1.71972 2.10413
-3.71741 1.6551 2.10413
-3.74573 1.58997 2.10413
-3.77291 1.52435 1.91502
-3.79894 1.45827 1.91502
-3.82381 1.39175 1.91502
-3.84751 1.32481 1.73824
-3.87005 1.25746 1.73824
-3.89141 1.18972 1.73824
-3.91158 1.12163 1.57876
-3.93056 1.05319 1.57876
-3.94834 0.984431 1.57876
-3.96492 0.915373 1.44126
-3.98029 0.846037 1.44126
-3.99445 0.776442 1.44126
-4.00739 0.706611 1.32994
-4.01911 0.636565 1.32994
-4.02961 0.566325 1.32994
-4.03888 0.495912 1.24828
-4.04692 0.425348 1.24828
-4.05373 0.354655 1.24828
-4.0593 0.283854 1.19889
-4.06363 0.212966 1.19889
-4.06673 0.142013 1.19889
-4.06859 0.0710175 1.18338
-4.06921 4.98335e-16 1.18338
-4.06859 -0.0710175 1.18338
-4.06673 -0.142013 1.20227
-4.06363 -0.212966 1.20227
-4.0593 -0.283854 1.20227
-4.05373 -0.354655 1.255
-4.04692 -0.425348 1.255
-4.03888 -0.495912 1.255
-4.02961 -0.566325 1.33989
-4.01911 -0.636565 1.33989
-4.00739 -0.706611 1.33989
-3.99445 -0.776442 1.45428
-3.98029 -0.846037 1.45428
-3.96492 -0.915373 1.45428
-3.94834 -0.984431 1.5946
-3.93056 -1.05319 1.5946
-3.91158 -1.12163 1.5946
-3.89141 -1.18972 1.75659
-3.87005 -1.25746 1.75659
-3.84751 -1.32481 1.75659
-3.82381 -1.39175 1.93547
-3.79894 -1.45827 1.93547
-3.77291 -1.52435 1.93547
-3.74573 -1.58997 2.12618
-3.71741 -1.6551 2.12618
-3.68796 -1.71972 2.12618
-3.65738 -1.78382 2.32361
-3.62569 -1.84738 2.32361
-3.5929 -1.91038 2.32361
-3.55901 -1.97279 2.52281
-3.52404 -2.03461 2.52281
-3.48799 -2.0958 2.52281
-3.45089 -2.15635 2.71922
-3.41273 -2.21625 2.71922
-3.37353 -2.27547 2.71922
-3.3333 -2.334 2.90875
-3.29206 -2.39182 2.90875
-3.24982 -2.44891 2.90875
-3.20658 -2.50526 3.08795
-3.16237 -2.56084 3.08795
-3.1172 -2.61564 3.08795
-3.07107 -2.66964 3.25406
-3.02401 -2.72283 3.25406
-2.97603 -2.7752 3.25406
-2.92715 -2.82671 3.40495
-2.87737 -2.87737 3.40495
-2.82671 -2.92715 3.40495
-2.7752 -2.97603 3.53914
-2.72283 -3.02401 3.53914
-2.66964 -3.07107 3.53914
-2.61564 -3.1172 3.65569
-2.56084 -3.16237 3.65569
-2.50526 -3.20658 3.65569
-2.44891 -3.24982 3.75405
-2.39182 -3.29206 3.75405
-2.334 -3.3333 3.75405
-2.27547 -3.37353 3.834
-2.21625 -3.41273 3.834
-2.15635 -3.45089 3.834
-2.0958 -3.48799 3.89549
-2.03461 -3.52404 3.89549
-1.97279 -3.55901 3.89549
-1.91038 -3.5929 3.93852
-1.84738 -3.62569 3.93852
-1.78382 -3.65738 3.93852
-1.71972 -3.68796 3.96308
-1.6551 -3.71741 3.96308
-1.58997 -3.74573 3.96308
-1.52435 -3.77291 3.96899
-1.45827 -3.79894 3.96899
-1.39175 -3.82381 3.96899
-1.32481 -3.84751 3.95599
-1.25746 -3.87005 3.95599
-1.18972 -3.89141 3.95599
-1.12163 -3.91158 3.92368
-1.05319 -3.93056 3.92368
-0.984431 -3.94834 3.92368
-0.915373 -3.96492 3.87158
-0.846037 -3.98029 3.87158
-0.776442 -3.99445 3.87158
-0.706611 -4.00739 3.79925
-0.636565 -4.01911 3.79925
-0.566325 -4.02961 3.79925
-0.495912 -4.03888 3.70637
-0.425348 -4.04692 3.70637
-0.354655 -4.05373 3.70637
-0.283854 -4.0593 3.59289
-0.212966 -4.06363 3.59289
-0.142013 -4.06673 3.59289
-0.0710175 -4.06859 3.45913
-7.47502e-16 -4.06921 3.45913
0.0710175 -4.06859 3.45913
0.142013 -4.06673 3.30594
0.212966 -4.06363 3.30594
0.283854 -4.0593 3.30594
0.354655 -4.05373 3.1348
0.425348 -4.04692 3.1348
0.495912 -4.03888 3.1348
0.566325 -4.02961 2.94788
0.636565 -4.01911 2.94788
0.706611 -4.00739 2.94788
0.776442 -3.99445 2.74811
0.846037 -3.98029 2.74811
0.915373 -3.96492 2.74811
0.984431 -3.94834 2.53913
1.05319 -3.93056 2.53913
1.12163 -3.91158 2.53913
1.18972 -3.89141 2.32524
1.25746 -3.87005 2.32524
1.32481 -3.84751 2.32524
1.39175 -3.82381 2.11129
1.45827 -3.79894 2.11129
1.52435 -3.77291 2.11129
1.58997 -3.74573 1.90247
1.6551 -3.71741 1.90247
1.71972 -3.68796 1.90247
1.78382 -3.65738 1.70413
1.84738 -3.62569 1.70413
1.91038 -3.5929 1.70413
1.97279 -3.55901 1.52151
2.03461 -3.52404 1.52151
2.0958 -3.48799 1.52151
2.15635 -3.45089 1.35955
2.21625 -3.41273 1.35955
2.27547 -3.37353 1.35955
2.334 -3.3333 1.22262
2.39182 -3.29206 1.22262
2.44891 -3.24982 1.22262
2.50526 -3.20658 1.11426
2.56084 -3.16237 1.11426
2.61564 -3.1172 1.11426
2.66964 -3.07107 1.03703
2.72283 -3.02401 1.03703
2.7752 -2.97603 1.03703
2.82671 -2.92715 0.992387
2.87737 -2.87737 0.992387
2.92715 -2.82671 0.992387
2.97603 -2.7752 0.980586
3.02401 -2.72283 0.980586
3.07107 -2.66964 0.980586
3.1172 -2.61564 1.00064
3.16237 -2.56084 1.00064
3.20658 -2.50526 1.00064
3.24982 -2.44891 1.05035
3.29206 -2.39182 1.05035
3.3333 -2.334 1.05035
3.37353 -2.27547 1.12637
3.41273 -2.21625 1.12637
3.45089 -2.15635 1.12637
3.48799 -2.0958 1.22436
3.52404 -2.03461 1.22436
3.55901 -1.97279 1.22436
3.5929 -1.91038 1.33911
3.62569 -1.84738 1.33911
3.65738 -1.78382 1.33911
3.68796 -1.71972 1.46481
3.71741 -1.6551 1.46481
3.74573 -1.58997 1.46481
3.77291 -1.52435 1.59527
3.79894 -1.45827 1.59527
3.82381 -1.39175 1.59527
3.84751 -1.32481 1.72421
3.87005 -1.25746 1.72421
3.89141 -1.18972 1.72421
3.91158 -1.12163 1.8455
3.93056 -1.05319 1.8455
3.94834 -0.984431 1.8455
3.96492 -0.915373 1.95347
3.98029 -0.846037 1.95347
3.99445 -0.776442 1.95347
4.00739 -0.706611 2.04312
4.01911 -0.636565 2.04312
4.02961 -0.566325 2.04312
4.03888 -0.495912 2.11035
4.04692 -0.425348 2.11035
4.05373 -0.354655 2.11035
4.0593 -0.283854 2.15211
4.06363 -0.212966 2.15211
4.06673 -0.142013 2.15211
4.06859 -0.0710175 2.08617

4.149 0 2.26792
4.14837 0.07241 2.26792
4.14647 0.144798 2.25266
4.14331 0.217142 2.25266
4.13889 0.28942 2.25266
4.13321 0.361609 2.20692
4.12627 0.433689 2.20692
4.11807 0.505636 2.20692
4.10862 0.577429 2.13258
4.09792 0.649047 2.13258
4.08597 0.720466 2.03271
4.07277 0.791666 2.03271
4.05833 0.862626 2.03271
4.04266 0.933322 1.91146
4.02576 1.00373 1.91146
4.00763 1.07384 1.91146
3.98827 1.14362 1.77393
3.96771 1.21305 1.77393
3.94593 1.28211 1.77393
3.92296 1.35078 1.62594
3.89878 1.41904 1.62594
3.87342 1.48687 1.62594
3.84689 1.55424 1.47385
3.81917 1.62114 1.47385
3.7903 1.68755 1.47385
3.76027 1.75344 1.32428
3.7291 1.8188 1.32428
3.69679 1.88361 1.32428
3.66335 1.94784 1.18385
3.6288 2.01147 1.18385
3.59314 2.0745 1.05891
3.55639 2.13689 1.05891
3.51855 2.19863 1.05891
3.47964 2.25971 0.955322
3.43968 2.32009 0.955322
3.39866 2.37977 0.955322
3.35661 2.43872 0.878161
3.31354 2.49693 0.878161
3.26946 2.55438 0.878161
3.22438 2.61105 0.831574
3.17832 2.66693 0.831574
3.13129 2.72199 0.831574
3.08331 2.77622 0.818607
3.03439 2.82961 0.818607
2.98454 2.88214 0.818607
2.93379 2.93379 0.841111
2.88214 2.98454 0.841111
2.82961 3.03439 0.841111
2.77622 3.08331 0.899687
2.72199 3.13129 0.899687
2.66693 3.17832 0.99368
2.61105 3.22438 0.99368
2.55438 3.26946 0.99368
2.49693 3.31354 1.12122
2.43872 3.35661 1.12122
2.37977 3.39866 1.12122
2.32009 3.43968 1.27933
2.25971 3.47964 1.27933
2.19863 3.51855 1.27933
2.13689 3.55639 1.46403
2.0745 3.59314 1.46403
2.01147 3.6288 1.46403
1.94784 3.66335 1.67053
1.88361 3.69679 1.67053
1.8188 3.7291 1.67053
1.75344 3.76027 1.89346
1.68755 3.7903 1.89346
1.62114 3.81917 1.89346
1.55424 3.84689 2.12713
1.48687 3.87342 2.12713
1.41904 3.89878 2.36577
1.35078 3.92296 2.36577
1.28211 3.94593 2.36577
1.21305 3.96771 2.60378
1.14362 3.98827 2.60378
1.07384 4.00763 2.60378
1.00373 4.02576 2.83593
0.933322 4.04266 2.83593
0.862626 4.05833 2.83593
0.791666 4.07277 3.05756
0.720466 4.08597 3.05756
0.649047 4.09792 3.05756
0.577429 4.10862 3.26471
0.505636 4.11807 3.26471
0.433689 4.12627 3.26471
0.361609 4.13321 3.45421
0.28942 4.13889 3.45421
0.217142 4.14331 3.45421
0.144798 4.14647 3.62372
0.07241 4.14837 3.62372
2.54053e-16 4.149 3.77168
-0.07241 4.14837 3.77168
-0.144798 4.14647 3.77168
-0.217142 4.14331 3.89727
-0.28942 4.13889 3.89727
-0.361609 4.13321 3.89727
-0.433689 4.12627 4.00027
-0.505636 4.11807 4.00027
-0.577429 4.10862 4.00027
-0.649047 4.09792 4.08095
-0.720466 4.08597 4.08095
-0.791666 4.07277 4.08095
-0.862626 4.05833 4.13992
-0.933322 4.04266 4.13992
-1.00373 4.02576 4.13992
-1.07384 4.00763 4.17801
-1.14362 3.98827 4.17801
-1.21305 3.96771 4.17801
-1.28211 3.94593 4.1961
-1.35078 3.92296 4.1961
-1.41904 3.89878 4.19505
-1.48687 3.87342 4.19505
-1.55424 3.84689 4.19505
-1.62114 3.81917 4.17553
-1.68755 3.7903 4.17553
-1.75344 3.76027 4.17553
-1.8188 3.7291 4.13806
-1.88361 3.69679 4.13806
-1.94784 3.66335 4.13806
-2.01147 3.6288 4.08291
-2.0745 3.59314 4.08291
-2.13689 3.55639 4.08291
-2.19863 3.51855 4.01019
-2.25971 3.47964 4.01019
-2.32009 3.43968 4.01019
-2.37977 3.39866 3.91982
-2.43872 3.35661 3.91982
-2.49693 3.31354 3.91982
-2.55438 3.26946 3.81175
-2.61105 3.22438 3.81175
-2.66693 3.17832 3.68599
-2.72199 3.13129 3.68599
-2.77622 3.08331 3.68599
-2.82961 3.03439 3.54277
-2.88214 2.98454 3.54277
-2.93379 2.93379 3.54277
-2.98454 2.88214 3.38267
-3.03439 2.82961 3.38267
-3.08331 2.77622 3.38267
-3.13129 2.72199 3.20674
-3.17832 2.66693 3.20674
-3.22438 2.61105 3.20674
-3.26946 2.55438 3.01661
-3.31354 2.49693 3.01661
-3.35661 2.43872 3.01661
-3.39866 2.37977 2.81457
-3.43968 2.32009 2.81457
-3.47964 2.25971 2.81457
-3.51855 2.19863 2.60362
-3.55639 2.13689 2.60362
-3.59314 2.0745 2.38741
-3.6288 2.01147 2.38741
-3.66335 1.94784 2.38741
-3.69679 1.88361 2.17022
-3.7291 1.8188 2.17022
-3.76027 1.75344 2.17022
-3.7903 1.68755 1.9568
-3.81917 1.62114 1.9568
-3.84689 1.55424 1.9568
-3.87342 1.48687 1.75226
-3.89878 1.41904 1.75226
-3.92296 1.35078 1.75226
-3.94593 1.28211 1.56181
-3.96771 1.21305 1.56181
-3.98827 1.14362 1.56181
-4.00763 1.07384 1.39059
-4.02576 1.00373 1.39059
-4.04266 0.933322 1.39059
-4.05833 0.862626 1.2434
-4.07277 0.791666 1.2434
-4.08597 0.720466 1.12453
-4.09792 0.649047 1.12453
-4.10862 0.577429 1.12453
-4.11807 0.505636 1.0375
-4.12627 0.433689 1.0375
-4.13321 0.361609 1.0375
-4.13889 0.28942 0.984948
-4.14331 0.217142 0.984948
-4.14647 0.144798 0.984948
-4.14837 0.07241 0.968502
-4.149 5.08106e-16 0.968502
-4.14837 -0.07241 0.968502
-4.14647 -0.144798 0.988696
-4.14331 -0.217142 0.988696
-4.13889 -0.28942 0.988696
-4.13321 -0.361609 1.04495
-4.12627 -0.433689 1.04495
-4.11807 -0.505636 1.04495
-4.10862 -0.577429 1.13561
-4.09792 -0.649047 1.13561
-4.08597 -0.720466 1.13561
-4.07277 -0.791666 1.25797
-4.05833 -0.862626 1.25797
-4.04266 -0.933322 1.40844
-4.02576 -1.00373 1.40844
-4.00763 -1.07384 1.40844
-3.98827 -1.14362 1.58268
-3.96771 -1.21305 1.58268
-3.94593 -1.28211 1.58268
-3.92296 -1.35078 1.7758
-3.89878 -1.41904 1.7758
-3.87342 -1.48687 1.7758
-3.84689 -1.55424 1.98255
-3.81917 -1.62114 1.98255
-3.7903 -1.68755 1.98255
-3.76027 -1.75344 2.19763
-3.7291 -1.8188 2.19763
-3.69679 -1.88361 2.19763
-3.66335 -1.94784 2.41582
-3.6288 -2.01147 2.41582
-3.59314 -2.0745 2.41582
-3.55639 -2.13689 2.63226
-3.51855 -2.19863 2.63226
-3.47964 -2.25971 2.84257
-3.43968 -2.32009 2.84257
-3.39866 -2.37977 2.84257
-3.35661 -2.43872 3.043
-3.31354 -2.49693 3.043
-3.26946 -2.55438 3.043
-3.22438 -2.61105 3.2305
-3.17832 -2.66693 3.2305
-3.13129 -2.72199 3.2305
-3.08331 -2.77622 3.40272
-3.03439 -2.82961 3.40272
-2.98454 -2.88214 3.40272
-2.93379 -2.93379 3.55802
-2.88214 -2.98454 3.55802
-2.82961 -3.03439 3.55802
-2.77622 -3.08331 3.69537
-2.72199 -3.13129 3.69537
-2.66693 -3.17832 3.69537
-2.61105 -3.22438 3.81425
-2.55438 -3.26946 3.81425
-2.49693 -3.31354 3.9145
-2.43872 -3.35661 3.9145
-2.37977 -3.39866 3.9145
-2.32009 -3.43968 3.99624
-2.25971 -3.47964 3.99624
-2.19863 -3.51855 3.99624
-2.13689 -3.55639 4.0597
-2.0745 -3.59314 4.0597
-2.01147 -3.6288 4.0597
-1.94784 -3.66335 4.10512
-1.88361 -3.69679 4.10512
-1.8188 -3.7291 4.10512
-1.75344 -3.76027 4.13263
-1.68755 -3.7903 4.13263
-1.62114 -3.81917 4.13263
-1.55424 -3.84689 4.14216
-1.48687 -3.87342 4.14216
-1.41904 -3.89878 4.14216
-1.35078 -3.92296 4.13345
-1.28211 -3.94593 4.13345
-1.21305 -3.96771 4.10604
-1.14362 -3.98827 4.10604
-1.07384 -4.00763 4.10604
-1.00373 -4.02576 4.05931
-0.933322 -4.04266 4.05931
-0.862626 -4.05833 4.05931
-0.791666 -4.07277 3.99258
-0.720466 -4.08597 3.99258
-0.649047 -4.09792 3.99258
-0.577429 -4.10862 3.90521
-0.505636 -4.11807 3.90521
-0.433689 -4.12627 3.90521
-0.361609 -4.13321 3.79674
-0.28942 -4.13889 3.79674
-0.217142 -4.14331 3.79674
-0.144798 -4.14647 3.66699
-0.07241 -4.14837 3.66699
-7.62159e-16 -4.149 3.66699
0.07241 -4.14837 3.51625
0.144798 -4.14647 3.51625
0.217142 -4.14331 3.3454
0.28942 -4.13889 3.3454
0.361609 -4.13321 3.3454
0.433689 -4.12627 3.15595
0.505636 -4.11807 3.15595
0.577429 -4.10862 3.15595
0.649047 -4.09792 2.95021
0.720466 -4.08597 2.95021
0.791666 -4.07277 2.95021
0.862626 -4.05833 2.73125
0.933322 -4.04266 2.73125
1.00373 -4.02576 2.73125
1.07384 -4.00763 2.5029
1.14362 -3.98827 2.5029
1.21305 -3.96771 2.5029
1.28211 -3.94593 2.26967
1.35078 -3.92296 2.26967
1.41904 -3.89878 2.26967
1.48687 -3.87342 2.03663
1.55424 -3.84689 2.03663
1.62114 -3.81917 1.8092
1.68755 -3.7903 1.8092
1.75344 -3.76027 1.8092
1.8188 -3.7291 1.59296
1.88361 -3.69679 1.59296
1.94784 -3.66335 1.59296
2.01147 -3.6288 1.39341
2.0745 -3.59314 1.39341
2.13689 -3.55639 1.39341
2.19863 -3.51855 1.21575
2.25971 -3.47964 1.21575
2.32009 -3.43968 1.21575
2.37977 -3.39866 1.06461
2.43872 -3.35661 1.06461
2.49693 -3.31354 1.06461
2.55438 -3.26946 0.94383
2.61105 -3.22438 0.94383
2.66693 -3.17832 0.94383
2.72199 -3.13129 0.856272
2.77622 -3.08331 0.856272
2.82961 -3.03439 0.803709
2.88214 -2.98454 0.803709
2.93379 -2.93379 0.803709
2.98454 -2.88214 0.786726
3.03439 -2.82961 0.786726
3.08331 -2.77622 0.786726
3.13129 -2.72199 0.804679
3.17832 -2.66693 0.804679
3.22438 -2.61105 0.804679
3.26946 -2.55438 0.855698
3.31354 -2.49693 0.855698
3.35661 -2.43872 0.855698
3.39866 -2.37977 0.936737
3.43968 -2.32009 0.936737
3.47964 -2.25971 0.936737
3.51855 -2.19863 1.04367
3.55639 -2.13689 1.04367
3.59314 -2.0745 1.04367
3.6288 -2.01147 1.17145
3.66335 -1.94784 1.17145
3.69679 -1.88361 1.31428
3.7291 -1.8188 1.31428
3.76027 -1.75344 1.31428
3.7903 -1.68755 1.46585
3.81917 -1.62114 1.46585
3.84689 -1.55424 1.46585
3.87342 -1.48687 1.6196
3.89878 -1.41904 1.6196
3.92296 -1.35078 1.6196
3.94593 -1.28211 1.76896
3.96771 -1.21305 1.76896
3.98827 -1.14362 1.76896
4.00763 -1.07384 1.90764
4.02576 -1.00373 1.90764
4.04266 -0.933322 1.90764
4.05833 -0.862626 2.02986
4.07277 -0.791666 2.02986
4.08597 -0.720466 2.02986
4.09792 -0.649047 2.13055
4.10862 -0.577429 2.13055
4.11807 -0.505636 2.20563
4.12627 -0.433689 2.20563
4.13321 -0.361609 2.20563
4.13889 -0.28942 2.25203
4.14331 -0.217142 2.25203
4.14647 -0.144798 2.25203
4.14837 -0.07241 2.16652

4.22879 0 2.26792
4.22814 0.0738025 2.26792
4.22621 0.147583 2.25266
4.22299 0.221318 2.25266
4.21849 0.294985 2.25266
4.2127 0.368563 2.20692
4.20562 0.442029 2.20692
4.19727 0.51536 2.20692
4.18763 0.588534 2.13258
4.17672 0.661528 2.13258
4.16454 0.734321 2.03271
4.15109 0.806891 2.03271
4.13638 0.879214 2.03271
4.1204 0.95127 1.91146
4.10318 1.02304 1.91146
4.0847 1.09449 1.91146
4.06497 1.16561 1.77393
4.04401 1.23638 1.77393
4.02182 1.30677 1.77393
3.9984 1.37676 1.62594
3.97376 1.44633 1.62594
3.94791 1.51546 1.62594
3.92086 1.58413 1.47385
3.89262 1.65232 1.47385
3.86319 1.72 1.47385
3.83258 1.78716 1.32428
3.80081 1.85378 1.32428
3.76788 1.91983 1.32428
3.7338 1.9853 1.18385
3.69858 2.05016 1.18385
3.66224 2.11439 1.05891
3.62478 2.17799 1.05891
3.58622 2.24092 1.05891
3.54656 2.30316 0.955322
3.50582 2.36471 0.955322
3.46402 2.42553 0.955322
3.42116 2.48562 0.878161
3.37726 2.54495 0.878161
3.33233 2.6035 0.878161
3.28639 2.66126 0.831574
3.23944 2.71821 0.831574
3.19151 2.77433 0.831574
3.1426 2.82961 0.818607
3.09274 2.88403 0.818607
3.04194 2.93756 0.818607
2.9902 2.9902 0.841111
2.93756 3.04194 0.841111
2.88403 3.09274 0.841111
2.82961 3.1426 0.899687
2.77433 3.19151 0.899687
2.71821 3.23944 0.99368
2.66126 3.28639 0.99368
2.6035 3.33233 0.99368
2.54495 3.37726 1.12122
2.48562 3.42116 1.12122
2.42553 3.46402 1.12122
2.36471 3.50582 1.27933
2.30316 3.54656 1.27933
2.24092 3.58622 1.27933
2.17799 3.62478 1.46403
2.11439 3.66224 1.46403
2.05016 3.69858 1.46403
1.9853 3.7338 1.67053
1.91983 3.76788 1.67053
1.85378 3.80081 1.67053
1.78716 3.83258 1.89346
1.72 3.86319 1.89346
1.65232 3.89262 1.89346
1.58413 3.92086 2.12713
1.51546 3.94791 2.12713
1.44633 3.97376 2.36577
1.37676 3.9984 2.36577
1.30677 4.02182 2.36577
1.23638 4.04401 2.60378
1.16561 4.06497 2.60378
1.09449 4.0847 2.60378
1.02304 4.10318 2.83593
0.95127 4.1204 2.83593
0.879214 4.13638 2.83593
0.806891 4.15109 3.05756
0.734321 4.16454 3.05756
0.661528 4.17672 3.05756
0.588534 4.18763 3.26471
0.51536 4.19727 3.26471
0.442029 4.20562 3.26471
0.368563 4.2127 3.45421
0.294985 4.21849 3.45421
0.221318 4.22299 3.45421
0.147583 4.22621 3.62372
0.0738025 4.22814 3.62372
2.58939e-16 4.22879 3.77168
-0.0738025 4.22814 3.77168
-0.147583 4.22621 3.77168
-0.221318 4.22299 3.89727
-0.294985 4.21849 3.89727
-0.368563 4.2127 3.89727
-0.442029 4.20562 4.00027
-0.51536 4.19727 4.00027
-0.588534 4.18763 4.00027
-0.661528 4.17672 4.08095
-0.734321 4.16454 4.08095
-0.806891 4.15109 4.08095
-0.879214 4.13638 4.13992
-0.95127 4.1204 4.13992
-1.02304 4.10318 4.13992
-1.09449 4.0847 4.17801
-1.16561 4.06497 4.17801
-1.23638 4.04401 4.17801
-1.30677 4.02182 4.1961
-1.37676 3.9984 4.1961
-1.44633 3.97376 4.19505
-1.51546 3.94791 4.19505
-1.58413 3.92086 4.19505
-1.65232 3.89262 4.17553
-1.72 3.86319 4.17553
-1.78716 3.83258 4.17553
-1.85378 3.80081 4.13806
-1.91983 3.76788 4.13806
-1.9853 3.7338 4.13806
-2.05016 3.69858 4.08291
-2.11439 3.66224 4.08291
-2.17799 3.62478 4.08291
-2.24092 3.58622 4.01019
-2.30316 3.54656 4.01019
-2.36471 3.50582 4.01019
-2.42553 3.46402 3.91982
-2.48562 3.42116 3.91982
-2.54495 3.37726 3.91982
-2.6035 3.33233 3.81175
-2.66126 3.28639 3.81175
-2.71821 3.23944 3.68599
-2.77433 3.19151 3.68599
-2.82961 3.1426 3.68599
-2.88403 3.09274 3.54277
-2.93756 3.04194 3.54277
-2.9902 2.9902 3.54277
-3.04194 2.93756 3.38267
-3.09274 2.88403 3.38267
-3.1426 2.82961 3.38267
-3.19151 2.77433 3.20674
-3.23944 2.71821 3.20674
-3.28639 2.66126 3.20674
-3.33233 2.6035 3.01661
-3.37726 2.54495 3.01661
-3.42116 2.48562 3.01661
-3.46402 2.42553 2.81457
-3.50582 2.36471 2.81457
-3.54656 2.30316 2.81457
-3.58622 2.24092 2.60362
-3.62478 2.17799 2.60362
-3.66224 2.11439 2.38741
-3.69858 2.05016 2.38741
-3.7338 1.9853 2.38741
-3.76788 1.91983 2.17022
-3.80081 1.85378 2.17022
-3.83258 1.78716 2.17022
-3.86319 1.72 1.9568
-3.89262 1.65232 1.9568
-3.92086 1.58413 1.9568
-3.94791 1.51546 1.75226
-3.97376 1.44633 1.75226
-3.9984 1.37676 1.75226
-4.02182 1.30677 1.56181
-4.04401 1.23638 1.56181
-4.06497 1.16561 1.56181
-4.0847 1.09449 1.39059
-4.10318 1.02304 1.39059
-4.1204 0.95127 1.39059
-4.13638 0.879214 1.2434
-4.15109 0.806891 1.2434
-4.16454 0.734321 1.12453
-4.17672 0.661528 1.12453
-4.18763 0.588534 1.12453
-4.19727 0.51536 1.0375
-4.20562 0.442029 1.0375
-4.2127 0.368563 1.0375
-4.21849 0.294985 0.984948
-4.22299 0.221318 0.984948
-4.22621 0.147583 0.984948
-4.22814 0.0738025 0.968502
-4.22879 5.17877e-16 0.968502
-4.22814 -0.0738025 0.968502
-4.22621 -0.147583 0.988696
-4.22299 -0.221318 0.988696
-4.21849 -0.294985 0.988696
-4.2127 -0.368563 1.04495
-4.20562 -0.442029 1.04495
-4.19727 -0.51536 1.04495
-4.18763 -0.588534 1.13561
-4.17672 -0.661528 1.13561
-4.16454 -0.734321 1.13561
-4.15109 -0.806891 1.25797
-4.13638 -0.879214 1.25797
-4.1204 -0.95127 1.40844
-4.10318 -1.02304 1.40844
-4.0847 -1.09449 1.40844
-4.06497 -1.16561 1.58268
-4.04401 -1.23638 1.58268
-4.02182 -1.30677 1.58268
-3.9984 -1.37676 1.7758
-3.97376 -1.44633 1.7758
-3.94791 -1.51546 1.7758
-3.92086 -1.58413 1.98255
-3.89262 -1.65232 1.98255
-3.86319 -1.72 1.98255
-3.83258 -1.78716 2.19763
-3.80081 -1.85378 2.19763
-3.76788 -1.91983 2.19763
-3.7338 -1.9853 2.41582
-3.69858 -2.05016 2.41582
-3.66224 -2.11439 2.41582
-3.62478 -2.17799 2.63226
-3.58622 -2.24092 2.63226
-3.54656 -2.30316 2.84257
-3.50582 -2.36471 2.84257
-3.46402 -2.42553 2.84257
-3.42116 -2.48562 3.043
-3.37726 -2.54495 3.043
-3.33233 -2.6035 3.043
-3.28639 -2.66126 3.2305
-3.23944 -2.71821 3.2305
-3.19151 -2.77433 3.2305
-3.1426 -2.82961 3.40272
-3.09274 -2.88403 3.40272
-3.04194 -2.93756 3.40272
-2.9902 -2.9902 3.55802
-2.93756 -3.04194 3.55802
-2.88403 -3.09274 3.55802
-2.82961 -3.1426 3.69537
-2.77433 -3.19151 3.69537
-2.71821 -3.23944 3.69537
-2.66126 -3.28639 3.81425
-2.6035 -3.33233 3.81425
-2.54495 -3.37726 3.9145
-2.48562 -3.42116 3.9145
-2.42553 -3.46402 3.9145
-2.36471 -3.50582 3.99624
-2.30316 -3.54656 3.99624
-2.24092 -3.58622 3.99624
-2.17799 -3.62478 4.0597
-2.11439 -3.66224 4.0597
-2.05016 -3.69858 4.0597
-1.9853 -3.7338 4.10512
-1.91983 -3.76788 4.10512
-1.85378 -3.80081 4.10512
-1.78716 -3.83258 4.13263
-1.72 -3.86319 4.13263
-1.65232 -3.89262 4.13263
-1.58413 -3.92086 4.14216
-1.51546 -3.94791 4.14216
-1.44633 -3.97376 4.14216
-1.37676 -3.9984 4.13345
-1.30677 -4.02182 4.13345
-1.23638 -4.04401 4.10604
-1.16561 -4.06497 4.10604
-1.09449 -4.0847 4.10604
-1.02304 -4.10318 4.05931
-0.95127 -4.1204 4.05931
-0.879214 -4.13638 4.05931
-0.806891 -4.15109 3.99258
-0.734321 -4.16454 3.99258
-0.661528 -4.17672 3.99258
-0.588534 -4.18763 3.90521
-0.51536 -4.19727 3.90521
-0.442029 -4.20562 3.90521
-0.368563 -4.2127 3.79674
-0.294985 -4.21849 3.79674
-0.221318 -4.22299 3.79674
-0.147583 -4.22621 3.66699
-0.0738025 -4.22814 3.66699
-7.76816e-16 -4.22879 3.66699
0.0738025 -4.22814 3.51625
0.147583 -4.22621 3.51625
0.221318 -4.22299 3.3454
0.294985 -4.21849 3.3454
0.368563 -4.2127 3.3454
0.442029 -4.20562 3.15595
0.51536 -4.19727 3.15595
0.588534 -4.18763 3.15595
0.661528 -4.17672 2.95021
0.734321 -4.16454 2.95021
0.806891 -4.15109 2.95021
0.879214 -4.13638 2.73125
0.95127 -4.1204 2.73125
1.02304 -4.10318 2.73125
1.09449 -4.0847 2.5029
1.16561 -4.06497 2.5029
1.23638 -4.04401 2.5029
1.30677 -4.02182 2.26967
1.37676 -3.9984 2.26967
1.44633 -3.97376 2.26967
1.51546 -3.94791 2.03663
1.58413 -3.92086 2.03663
1.65232 -3.89262 1.8092
1.72 -3.86319 1.8092
1.78716 -3.83258 1.8092
1.85378 -3.80081 1.59296
1.91983 -3.76788 1.59296
1.9853 -3.7338 1.59296
2.05016 -3.69858 1.39341
2.11439 -3.66224 1.39341
2.17799 -3.62478 1.39341
2.24092 -3.58622 1.21575
2.30316 -3.54656 1.21575
2.36471 -3.50582 1.21575
2.42553 -3.46402 1.06461
2.48562 -3.42116 1.06461
2.54495 -3.37726 1.06461
2.6035 -3.33233 0.94383
2.66126 -3.28639 0.94383
2.71821 -3.23944 0.94383
2.77433 -3.19151 0.856272
2.82961 -3.1426 0.856272
2.88403 -3.09274 0.803709
2.93756 -3.04194 0.803709
2.9902 -2.9902 0.803709
3.04194 -2.93756 0.786726
3.09274 -2.88403 0.786726
3.1426 -2.82961 0.786726
3.19151 -2.77433 0.804679
3.23944 -2.71821 0.804679
3.28639 -2.66126 0.804679
3.33233 -2.6035 0.855698
3.37726 -2.54495 0.855698
3.42116 -2.48562 0.855698
3.46402 -2.42553 0.936737
3.50582 -2.36471 0.936737
3.54656 -2.30316 0.936737
3.58622 -2.24092 1.04367
3.62478 -2.17799 1.04367
3.66224 -2.11439 1.04367
3.69858 -2.05016 1.17145
3.7338 -1.9853 1.17145
3.76788 -1.91983 1.31428
3.80081 -1.85378 1.31428
3.83258 -1.78716 1.31428
3.86319 -1.72 1.46585
3.89262 -1.65232 1.46585
3.92086 -1.58413 1.46585
3.94791 -1.51546 1.6196
3.97376 -1.44633 1.6196
3.9984 -1.37676 1.6196
4.02182 -1.30677 1.76896
4.04401 -1.23638 1.76896
4.06497 -1.16561 1.76896
4.0847 -1.09449 1.90764
4.10318 -1.02304 1.90764
4.1204 -0.95127 1.90764
4.13638 -0.879214 2.02986
4.15109 -0.806891 2.02986
4.16454 -0.734321 2.02986
4.17672 -0.661528 2.13055
4.18763 -0.588534 2.13055
4.19727 -0.51536 2.20563
4.20562 -0.442029 2.20563
4.2127 -0.368563 2.20563
4.21849 -0.294985 2.25203
4.22299 -0.221318 2.25203
4.22621 -0.147583 2.25203
4.22814 -0.0738025 2.16652

4.30858 0 2.39241
4.30792 0.075195 2.39241
4.30595 0.150367 2.3754
4.30267 0.225493 2.3754
4.29808 0.300551 2.3754
4.29218 0.375517 2.32462
4.28497 0.450369 2.32462
4.27646 0.525083 2.24191
4.26665 0.599638 2.24191
4.25553 0.67401 2.24191
4.24312 0.748176 2.13034
4.22942 0.822115 2.13034
4.21442 0.895803 2.13034
4.19815 0.969219 1.99405
4.18059 1.04234 1.99405
4.16177 1.11514 1.83816
4.14167 1.1876 1.83816
4.12031 1.25971 1.83816
4.0977 1.33142 1.66859
4.07384 1.40274 1.66859
4.04874 1.47362 1.66859
4.0224 1.54406 1.49185
3.99484 1.61402 1.49185
3.96607 1.6835 1.49185
3.93608 1.75246 1.31481
3.9049 1.82088 1.31481
3.87252 1.88876 1.14443
3.83897 1.95605 1.14443
3.80425 2.02275 1.14443
3.76837 2.08884 0.987533
3.73134 2.15429 0.987533
3.69317 2.21908 0.987533
3.65388 2.2832 0.850521
3.61348 2.34662 0.850521
3.57197 2.40933 0.850521
3.52938 2.4713 0.739155
3.48571 2.53252 0.739155
3.44098 2.59297 0.658336
3.3952 2.65262 0.658336
3.34839 2.71148 0.658336
3.30056 2.7695 0.611942
3.25172 2.82668 0.611942
3.2019 2.883 0.611942
3.15109 2.93844 0.602705
3.09933 2.99299 0.602705
3.04662 3.04662 0.632132
2.99299 3.09933 0.632132
2.93844 3.15109 0.632132
2.883 3.2019 0.700482
2.82668 3.25172 0.700482
2.7695 3.30056 0.700482
2.71148 3.34839 0.806767
2.65262 3.3952 0.806767
2.59297 3.44098 0.806767
2.53252 3.48571 0.948803
2.4713 3.52938 0.948803
2.40933 3.57197 1.12329
2.34662 3.61348 1.12329
2.2832 3.65388 1.12329
2.21908 3.69317 1.32596
2.15429 3.73134 1.32596
2.08884 3.76837 1.32596
2.02275 3.80425 1.55172
1.95605 3.83897 1.55172
1.88876 3.87252 1.55172
1.82088 3.9049 1.79492
1.75246 3.93608 1.79492
1.6835 3.96607 2.0496
1.61402 3.99484 2.0496
1.54406 4.0224 2.0496
1.47362 4.04874 2.30972
1.40274 4.07384 2.30972
1.33142 4.0977 2.30972
1.25971 4.12031 2.5694
1.1876 4.14167 2.5694
1.11514 4.16177 2.82316
1.04234 4.18059 2.82316
0.969219 4.19815 2.82316
0.895803 4.21442 3.06607
0.822115 4.22942 3.06607
0.748176 4.24312 3.06607
0.67401 4.25553 3.29396
0.599638 4.26665 3.29396
0.525083 4.27646 3.29396
0.450369 4.28497 3.50345
0.375517 4.29218 3.50345
0.300551 4.29808 3.69205
0.225493 4.30267 3.69205
0.150367 4.30595 3.69205
0.075195 4.30792 3.8581
2.63824e-16 4.30858 3.8581
-0.075195 4.30792 3.8581
-0.150367 4.30595 4.00072
-0.225493 4.30267 4.00072
-0.300551 4.29808 4.00072
-0.375517 4.29218 4.1197
-0.450369 4.28497 4.1197
-0.525083 4.27646 4.21539
-0.599638 4.26665 4.21539
-0.67401 4.25553 4.21539
-0.748176 4.24312 4.28854
-0.822115 4.22942 4.28854
-0.895803 4.21442 4.28854
-0.969219 4.19815 4.34017
-1.04234 4.18059 4.34017
-1.11514 4.16177 4.3714
-1.1876 4.14167 4.3714
-1.25971 4.12031 4.3714
-1.33142 4.0977 4.38336
-1.40274 4.07384 4.38336
-1.47362 4.04874 4.38336
-1.54406 4.0224 4.37701
-1.61402 3.99484 4.37701
-1.6835 3.96607 4.37701
-1.75246 3.93608 4.35311
-1.82088 3.9049 4.35311
-1.88876 3.87252 4.31213
-1.95605 3.83897 4.31213
-2.02275 3.80425 4.31213
-2.08884 3.76837 4.25427
-2.15429 3.73134 4.25427
-2.21908 3.69317 4.25427
-2.2832 3.65388 4.17943
-2.34662 3.61348 4.17943
-2.40933 3.57197 4.17943
-2.4713 3.52938 4.08733
-2.53252 3.48571 4.08733
-2.59297 3.44098 3.97763
-2.65262 3.3952 3.97763
-2.71148 3.34839 3.97763
-2.7695 3.30056 3.84999
-2.82668 3.25172 3.84999
-2.883 3.2019 3.84999
-2.93844 3.15109 3.70427
-2.99299 3.09933 3.70427
-3.04662 3.04662 3.54061
-3.09933 2.99299 3.54061
-3.15109 2.93844 3.54061
-3.2019 2.883 3.3596
-3.25172 2.82668 3.3596
-3.30056 2.7695 3.3596
-3.34839 2.71148 3.16238
-3.3952 2.65262 3.16238
-3.44098 2.59297 3.16238
-3.48571 2.53252 2.95079
-3.52938 2.4713 2.95079
-3.57197 2.40933 2.72737
-3.61348 2.34662 2.72737
-3.65388 2.2832 2.72737
-3.69317 2.21908 2.4954
-3.73134 2.15429 2.4954
-3.76837 2.08884 2.4954
-3.80425 2.02275 2.25887
-3.83897 1.95605 2.25887
-3.87252 1.88876 2.25887
-3.9049 1.82088 2.02238
-3.93608 1.75246 2.02238
-3.96607 1.6835 1.79101
-3.99484 1.61402 1.79101
-4.0224 1.54406 1.79101
-4.04874 1.47362 1.57012
-4.07384 1.40274 1.57012
-4.0977 1.33142 1.57012
-4.12031 1.25971 1.36517
-4.14167 1.1876 1.36517
-4.16177 1.11514 1.18147
-4.18059 1.04234 1.18147
-4.19815 0.969219 1.18147
-4.21442 0.895803 1.02397
-4.22942 0.822115 1.02397
-4.24312 0.748176 1.02397
-4.25553 0.67401 0.897055
-4.26665 0.599638 0.897055
-4.27646 0.525083 0.897055
-4.28497 0.450369 0.804301
-4.29218 0.375517 0.804301
-4.29808 0.300551 0.748377
-4.30267 0.225493 0.748377
-4.30595 0.150367 0.748377
-4.30792 0.075195 0.730916
-4.30858 5.27648e-16 0.730916
-4.30792 -0.075195 0.730916
-4.30595 -0.150367 0.752462
-4.30267 -0.225493 0.752462
-4.29808 -0.300551 0.752462
-4.29218 -0.375517 0.812443
-4.28497 -0.450369 0.812443
-4.27646 -0.525083 0.909193
-4.26665 -0.599638 0.909193
-4.25553 -0.67401 0.909193
-4.24312 -0.748176 1.04
-4.22942 -0.822115 1.04
-4.21442 -0.895803 1.04
-4.19815 -0.969219 1.20123
-4.18059 -1.04234 1.20123
-4.16177 -1.11514 1.20123
-4.14167 -1.1876 1.38845
-4.12031 -1.25971 1.38845
-4.0977 -1.33142 1.59663
-4.07384 -1.40274 1.59663
-4.04874 -1.47362 1.59663
-4.0224 -1.54406 1.82035
-3.99484 -1.61402 1.82035
-3.96607 -1.6835 1.82035
-3.93608 -1.75246 2.05405
-3.9049 -1.82088 2.05405
-3.87252 -1.88876 2.29227
-3.83897 -1.95605 2.29227
-3.80425 -2.02275 2.29227
-3.76837 -2.08884 2.52981
-3.73134 -2.15429 2.52981
-3.69317 -2.21908 2.52981
-3.65388 -2.2832 2.76195
-3.61348 -2.34662 2.76195
-3.57197 -2.40933 2.76195
-3.52938 -2.4713 2.9846
-3.48571 -2.53252 2.9846
-3.44098 -2.59297 3.19438
-3.3952 -2.65262 3.19438
-3.34839 -2.71148 3.19438
-3.30056 -2.7695 3.38868
-3.25172 -2.82668 3.38868
-3.2019 -2.883 3.38868
-3.15109 -2.93844 3.56562
-3.09933 -2.99299 3.56562
-3.04662 -3.04662 3.56562
-2.99299 -3.09933 3.72405
-2.93844 -3.15109 3.72405
-2.883 -3.2019 3.86339
-2.82668 -3.25172 3.86339
-2.7695 -3.30056 3.86339
-2.71148 -3.34839 3.98356
-2.65262 -3.3952 3.98356
-2.59297 -3.44098 3.98356
-2.53252 -3.48571 4.08479
-2.4713 -3.52938 4.08479
-2.40933 -3.57197 4.16755
-2.34662 -3.61348 4.16755
-2.2832 -3.65388 4.16755
-2.21908 -3.69317 4.23235
-2.15429 -3.73134 4.23235
-2.08884 -3.76837 4.23235
-2.02275 -3.80425 4.27966
-1.95605 -3.83897 4.27966
-1.88876 -3.87252 4.27966
-1.82088 -3.9049 4.30978
-1.75246 -3.93608 4.30978
-1.6835 -3.96607 4.32276
-1.61402 -3.99484 4.32276
-1.54406 -4.0224 4.32276
-1.47362 -4.04874 4.31837
-1.40274 -4.07384 4.31837
-1.33142 -4.0977 4.31837
-1.25971 -4.12031 4.29609
-1.1876 -4.14167 4.29609
-1.11514 -4.16177 4.29609
-1.04234 -4.18059 4.2552
-0.969219 -4.19815 4.2552
-0.895803 -4.21442 4.19479
-0.822115 -4.22942 4.19479
-0.748176 -4.24312 4.19479
-0.67401 -4.25553 4.11393
-0.599638 -4.26665 4.11393
-0.525083 -4.27646 4.11393
-0.450369 -4.28497 4.01177
-0.375517 -4.29218 4.01177
-0.300551 -4.29808 3.88769
-0.225493 -4.30267 3.88769
-0.150367 -4.30595 3.88769
-0.075195 -4.30792 3.74142
-7.91473e-16 -4.30858 3.74142
0.075195 -4.30792 3.74142
0.150367 -4.30595 3.57322
0.225493 -4.30267 3.57322
0.300551 -4.29808 3.57322
0.375517 -4.29218 3.38397
0.450369 -4.28497 3.38397
0.525083 -4.27646 3.17529
0.599638 -4.26665 3.17529
0.67401 -4.25553 3.17529
0.748176 -4.24312 2.94961
0.822115 -4.22942 2.94961
0.895803 -4.21442 2.94961
0.969219 -4.19815 2.71019
1.04234 -4.18059 2.71019
1.11514 -4.16177 2.71019
1.1876 -4.14167 2.46108
1.25971 -4.12031 2.46108
1.33142 -4.0977 2.20701
1.40274 -4.07384 2.20701
1.47362 -4.04874 2.20701
1.54406 -4.0224 1.9533
1.61402 -3.99484 1.9533
1.6835 -3.96607 1.9533
1.75246 -3.93608 1.70563
1.82088 -3.9049 1.70563
1.88876 -3.87252 1.46985
1.95605 -3.83897 1.46985
2.02275 -3.80425 1.46985
2.08884 -3.76837 1.25173
2.15429 -3.73134 1.25173
2.21908 -3.69317 1.25173
2.2832 -3.65388 1.05675
2.34662 -3.61348 1.05675
2.40933 -3.57197 1.05675
2.4713 -3.52938 0.889832
2.53252 -3.48571 0.889832
2.59297 -3.44098 0.755107
2.65262 -3.3952 0.755107
2.71148 -3.34839 0.755107
2.7695 -3.30056 0.655749
2.82668 -3.25172 0.655749
2.883 -3.2019 0.655749
2.93844 -3.15109 0.593849
2.99299 -3.09933 0.593849
3.04662 -3.04662 0.593849
3.09933 -2.99299 0.570325
3.15109 -2.93844 0.570325
3.2019 -2.883 0.584873
3.25172 -2.82668 0.584873
3.30056 -2.7695 0.584873
3.34839 -2.71148 0.635965
3.3952 -2.65262 0.635965
3.44098 -2.59297 0.635965
3.48571 -2.53252 0.720871
3.52938 -2.4713 0.720871
3.57197 -2.40933 0.835735
3.61348 -2.34662 0.835735
3.65388 -2.2832 0.835735
3.69317 -2.21908 0.975694
3.73134 -2.15429 0.975694
3.76837 -2.08884 0.975694
3.80425 -2.02275 1.13504
3.83897 -1.95605 1.13504
3.87252 -1.88876 1.13504
3.9049 -1.82088 1.30742
3.93608 -1.75246 1.30742
3.96607 -1.6835 1.48609
3.99484 -1.61402 1.48609
4.0224 -1.54406 1.48609
4.04874 -1.47362 1.66414
4.07384 -1.40274 1.66414
4.0977 -1.33142 1.66414
4.12031 -1.25971 1.83476
4.14167 -1.1876 1.83476
4.16177 -1.11514 1.83476
4.18059 -1.04234 1.99149
4.19815 -0.969219 1.99149
4.21442 -0.895803 2.12847
4.22942 -0.822115 2.12847
4.24312 -0.748176 2.12847
4.25553 -0.67401 2.2406
4.26665 -0.599638 2.2406
4.27646 -0.525083 2.2406
4.28497 -0.450369 2.32379
4.29218 -0.375517 2.32379
4.29808 -0.300551 2.375
4.30267 -0.225493 2.375
4.30595 -0.150367 2.375
4.30792 -0.075195 2.26792

4.38837 0 2.39241
4.3877 0.0765875 2.39241
4.38569 0.153152 2.3754
4.38235 0.229669 2.3754
4.37768 0.306117 2.3754
4.37167 0.382471 2.32462
4.36433 0.458709 2.32462
4.35565 0.534807 2.24191
4.34566 0.610742 2.24191
4.33434 0.686492 2.24191
4.3217 0.762032 2.13034
4.30774 0.83734 2.13034
4.29247 0.912392 2.13034
4.27589 0.987167 1.99405
4.25801 1.06164 1.99405
4.23884 1.13579 1.83816
4.21837 1.2096 1.83816
4.19661 1.28303 1.83816
4.17358 1.35608 1.66859
4.14928 1.42871 1.66859
4.12371 1.50091 1.66859
4.09689 1.57265 1.49185
4.06882 1.64391 1.49185
4.03951 1.71467 1.49185
4.00897 1.78491 1.31481
3.97721 1.8546 1.31481
3.94424 1.92373 1.14443
3.91006 1.99228 1.14443
3.8747 2.06021 1.14443
3.83815 2.12752 0.987533
3.80044 2.19418 0.987533
3.76156 2.26018 0.987533
3.72154 2.32548 0.850521
3.68039 2.39007 0.850521
3.63812 2.45394 0.850521
3.59474 2.51706 0.739155
3.55026 2.57942 0.739155
3.5047 2.64098 0.658336
3.45808 2.70175 0.658336
3.4104 2.76169 0.658336
3.36168 2.82079 0.611942
3.31194 2.87903 0.611942
3.26119 2.93639 0.611942
3.20945 2.99286 0.602705
3.15673 3.04841 0.602705
3.10304 3.10304 0.632132
3.04841 3.15673 0.632132
2.99286 3.20945 0.632132
2.93639 3.26119 0.700482
2.87903 3.31194 0.700482
2.82079 3.36168 0.700482
2.76169 3.4104 0.806767
2.70175 3.45808 0.806767
2.64098 3.5047 0.806767
2.57942 3.55026 0.948803
2.51706 3.59474 0.948803
2.45394 3.63812 1.12329
2.39007 3.68039 1.12329
2.32548 3.72154 1.12329
2.26018 3.76156 1.32596
2.19418 3.80044 1.32596
2.12752 3.83815 1.32596
2.06021 3.8747 1.55172
1.99228 3.91006 1.55172
1.92373 3.94424 1.55172
1.8546 3.97721 1.79492
1.78491 4.00897 1.79492
1.71467 4.03951 2.0496
1.64391 4.06882 2.0496
1.57265 4.09689 2.0496
1.50091 4.12371 2.30972
1.42871 4.14928 2.30972
1.35608 4.17358 2.30972
1.28303 4.19661 2.5694
1.2096 4.21837 2.5694
1.13579 4.23884 2.82316
1.06164 4.25801 2.82316
0.987167 4.27589 2.82316
0.912392 4.29247 3.06607
0.83734 4.30774 3.06607
0.762032 4.3217 3.06607
0.686492 4.33434 3.29396
0.610742 4.34566 3.29396
0.534807 4.35565 3.29396
0.458709 4.36433 3.50345
0.382471 4.37167 3.50345
0.306117 4.37768 3.69205
0.229669 4.38235 3.69205
0.153152 4.38569 3.69205
0.0765875 4.3877 3.8581
2.6871e-16 4.38837 3.8581
-0.0765875 4.3877 3.8581
-0.153152 4.38569 4.00072
-0.229669 4.38235 4.00072
-0.306117 4.37768 4.00072
-0.382471 4.37167 4.1197
-0.458709 4.36433 4.1197
-0.534807 4.35565 4.21539
-0.610742 4.34566 4.21539
-0.686492 4.33434 4.21539
-0.762032 4.3217 4.28854
-0.83734 4.30774 4.28854
-0.912392 4.29247 4.28854
-0.987167 4.27589 4.34017
-1.06164 4.25801 4.34017
-1.13579 4.23884 4.3714
-1.2096 4.21837 4.3714
-1.28303 4.19661 4.3714
-1.35608 4.17358 4.38336
-1.42871 4.14928 4.38336
-1.50091 4.12371 4.38336
-1.57265 4.09689 4.37701
-1.64391 4.06882 4.37701
-1.71467 4.03951 4.37701
-1.78491 4.00897 4.35311
-1.8546 3.97721 4.35311
-1.92373 3.94424 4.31213
-1.99228 3.91006 4.31213
-2.06021 3.8747 4.31213
-2.12752 3.83815 4.25427
-2.19418 3.80044 4.25427
-2.26018 3.76156 4.25427
-2.32548 3.72154 4.17943
-2.39007 3.68039 4.17943
-2.45394 3.63812 4.17943
-2.51706 3.59474 4.08733
-2.57942 3.55026 4.08733
-2.64098 3.5047 3.97763
-2.70175 3.45808 3.97763
-2.76169 3.4104 3.97763
-2.82079 3.36168 3.84999
-2.87903 3.31194 3.84999
-2.93639 3.26119 3.84999
-2.99286 3.20945 3.70427
-3.04841 3.15673 3.70427
-3.10304 3.10304 3.54061
-3.15673 3.04841 3.54061
-3.20945 2.99286 3.54061
-3.26119 2.93639 3.3596
-3.31194 2.87903 3.3596
-3.36168 2.82079 3.3596
-3.4104 2.76169 3.16238
-3.45808 2.70175 3.16238
-3.5047 2.64098 3.16238
-3.55026 2.57942 2.95079
-3.59474 2.51706 2.95079
-3.63812 2.45394 2.72737
-3.68039 2.39007 2.72737
-3.72154 2.32548 2.72737
-3.76156 2.26018 2.4954
-3.80044 2.19418 2.4954
-3.83815 2.12752 2.4954
-3.8747 2.06021 2.25887
-3.91006 1.99228 2.25887
-3.94424 1.92373 2.25887
-3.97721 1.8546 2.02238
-4.00897 1.78491 2.02238
-4.03951 1.71467 1.79101
-4.06882 1.64391 1.79101
-4.09689 1.57265 1.79101
-4.12371 1.50091 1.57012
-4.14928 1.42871 1.57012
-4.17358 1.35608 1.57012
-4.19661 1.28303 1.36517
-4.21837 1.2096 1.36517
-4.23884 1.13579 1.18147
-4.25801 1.06164 1.18147
-4.27589 0.987167 1.18147
-4.29247 0.912392 1.02397
-4.30774 0.83734 1.02397
-4.3217 0.762032 1.02397
-4.33434 0.686492 0.897055
-4.34566 0.610742 0.897055
-4.35565 0.534807 0.897055
-4.36433 0.458709 0.804301
-4.37167 0.382471 0.804301
-4.37768 0.306117 0.748377
-4.38235 0.229669 0.748377
-4.38569 0.153152 0.748377
-4.3877 0.0765875 0.730916
-4.38837 5.3742e-16 0.730916
-4.3877 -0.0765875 0.730916
-4.38569 -0.153152 0.752462
-4.38235 -0.229669 0.752462
-4.37768 -0.306117 0.752462
-4.37167 -0.382471 0.812443
-4.36433 -0.458709 0.812443
-4.35565 -0.534807 0.909193
-4.34566 -0.610742 0.909193
-4.33434 -0.686492 0.909193
-4.3217 -0.762032 1.04
-4.30774 -0.83734 1.04
-4.29247 -0.912392 1.04
-4.27589 -0.987167 1.20123
-4.25801 -1.06164 1.20123
-4.23884 -1.13579 1.20123
-4.21837 -1.2096 1.38845
-4.19661 -1.28303 1.38845
-4.17358 -1.35608 1.59663
-4.14928 -1.42871 1.59663
-4.12371 -1.50091 1.59663
-4.09689 -1.57265 1.82035
-4.06882 -1.64391 1.82035
-4.03951 -1.71467 1.82035
-4.00897 -1.78491 2.05405
-3.97721 -1.8546 2.05405
-3.94424 -1.92373 2.29227
-3.91006 -1.99228 2.29227
-3.8747 -2.06021 2.29227
-3.83815 -2.12752 2.52981
-3.80044 -2.19418 2.52981
-3.76156 -2.26018 2.52981
-3.72154 -2.32548 2.76195
-3.68039 -2.39007 2.76195
-3.63812 -2.45394 2.76195
-3.59474 -2.51706 2.9846
-3.55026 -2.57942 2.9846
-3.5047 -2.64098 3.19438
-3.45808 -2.70175 3.19438
-3.4104 -2.76169 3.19438
-3.36168 -2.82079 3.38868
-3.31194 -2.87903 3.38868
-3.26119 -2.93639 3.38868
-3.20945 -2.99286 3.56562
-3.15673 -3.04841 3.56562
-3.10304 -3.10304 3.56562
-3.04841 -3.15673 3.72405
-2.99286 -3.20945 3.72405
-2.93639 -3.26119 3.86339
-2.87903 -3.31194 3.86339
-2.82079 -3.36168 3.86339
-2.76169 -3.4104 3.98356
-2.70175 -3.45808 3.98356
-2.64098 -3.5047 3.98356
-2.57942 -3.55026 4.08479
-2.51706 -3.59474 4.08479
-2.45394 -3.63812 4.16755
-2.39007 -3.68039 4.16755
-2.32548 -3.72154 4.16755
-2.26018 -3.76156 4.23235
-2.19418 -3.80044 4.23235
-2.12752 -3.83815 4.23235
-2.06021 -3.8747 4.27966
-1.99228 -3.91006 4.27966
-1.92373 -3.94424 4.27966
-1.8546 -3.97721 4.30978
-1.78491 -4.00897 4.30978
-1.71467 -4.03951 4.32276
-1.64391 -4.06882 4.32276
-1.57265 -4.09689 4.32276
-1.50091 -4.12371 4.31837
-1.42871 -4.14928 4.31837
-1.35608 -4.17358 4.31837
-1.28303 -4.19661 4.29609
-1.2096 -4.21837 4.29609
-1.13579 -4.23884 4.29609
-1.06164 -4.25801 4.2552
-0.987167 -4.27589 4.2552
-0.912392 -4.29247 4.19479
-0.83734 -4.30774 4.19479
-0.762032 -4.3217 4.19479
-0.686492 -4.33434 4.11393
-0.610742 -4.34566 4.11393
-0.534807 -4.35565 4.11393
-0.458709 -4.36433 4.01177
-0.382471 -4.37167 4.01177
-0.306117 -4.37768 3.88769
-0.229669 -4.38235 3.88769
-0.153152 -4.38569 3.88769
-0.0765875 -4.3877 3.74142
-8.0613e-16 -4.38837 3.74142
0.0765875 -4.3877 3.74142
0.153152 -4.38569 3.57322
0.229669 -4.38235 3.57322
0.306117 -4.37768 3.57322
0.382471 -4.37167 3.38397
0.458709 -4.36433 3.38397
0.534807 -4.35565 3.17529
0.610742 -4.34566 3.17529
0.686492 -4.33434 3.17529
0.762032 -4.3217 2.94961
0.83734 -4.30774 2.94961
0.912392 -4.29247 2.94961
0.987167 -4.27589 2.71019
1.06164 -4.25801 2.71019
1.13579 -4.23884 2.71019
1.2096 -4.21837 2.46108
1.28303 -4.19661 2.46108
1.35608 -4.17358 2.20701
1.42871 -4.14928 2.20701
1.50091 -4.12371 2.20701
1.57265 -4.09689 1.9533
1.64391 -4.06882 1.9533
1.71467 -4.03951 1.9533
1.78491 -4.00897 1.70563
1.8546 -3.97721 1.70563
1.92373 -3.94424 1.46985
1.99228 -3.91006 1.46985
2.06021 -3.8747 1.46985
2.12752 -3.83815 1.25173
2.19418 -3.80044 1.25173
2.26018 -3.76156 1.25173
2.32548 -3.72154 1.05675
2.39007 -3.68039 1.05675
2.45394 -3.63812 1.05675
2.51706 -3.59474 0.889832
2.57942 -3.55026 0.889832
2.64098 -3.5047 0.755107
2.70175 -3.45808 0.755107
2.76169 -3.4104 0.755107
2.82079 -3.36168 0.655749
2.87903 -3.31194 0.655749
2.93639 -3.26119 0.655749
2.99286 -3.20945 0.593849
3.04841 -3.15673 0.593849
3.10304 -3.10304 0.593849
3.15673 -3.04841 0.570325
3.20945 -2.99286 0.570325
3.26119 -2.93639 0.584873
3.31194 -2.87903 0.584873
3.36168 -2.82079 0.584873
3.4104 -2.76169 0.635965
3.45808 -2.70175 0.635965
3.5047 -2.64098 0.635965
3.55026 -2.57942 0.720871
3.59474 -2.51706 0.720871
3.63812 -2.45394 0.835735
3.68039 -2.39007 0.835735
3.72154 -2.32548 0.835735
3.76156 -2.26018 0.975694
3.80044 -2.19418 0.975694
3.83815 -2.12752 0.975694
3.8747 -2.06021 1.13504
3.91006 -1.99228 1.13504
3.94424 -1.92373 1.13504
3.97721 -1.8546 1.30742
4.00897 -1.78491 1.30742
4.03951 -1.71467 1.48609
4.06882 -1.64391 1.48609
4.09689 -1.57265 1.48609
4.12371 -1.50091 1.66414
4.14928 -1.42871 1.66414
4.17358 -1.35608 1.66414
4.19661 -1.28303 1.83476
4.21837 -1.2096 1.83476
4.23884 -1.13579 1.83476
4.25801 -1.06164 1.99149
4.27589 -0.987167 1.99149
4.29247 -0.912392 2.12847
4.30774 -0.83734 2.12847
4.3217 -0.762032 2.12847
4.33434 -0.686492 2.2406
4.34566 -0.610742 2.2406
4.35565 -0.534807 2.2406
4.36433 -0.458709 2.32379
4.37167 -0.382471 2.32379
4.37768 -0.306117 2.375
4.38235 -0.229669 2.375
4.38569 -0.153152 2.375
4.3877 -0.0765875 2.26792

4.46815 0 2.39241
4.46747 0.07798 2.39241
4.46543 0.155936 2.3754
4.46203 0.233845 2.3754
4.45727 0.311683 2.3754
4.45115 0.389425 2.32462
4.44368 0.467049 2.32462
4.43485 0.544531 2.24191
4.42467 0.621847 2.24191
4.41314 0.698973 2.24191
4.40027 0.775887 2.13034
4.38606 0.852564 2.13034
4.37051 0.928981 2.13034
4.35364 1.00512 1.99405
4.33543 1.08094 1.99405
4.3159 1.15644 1.83816
4.29506 1.23159 1.83816
4.27292 1.30636 1.83816
4.24947 1.38074 1.66859
4.22472 1.45469 1.66859
4.19869 1.5282 1.66859
4.17138 1.60124 1.49185
4.1428 1.6738 1.49185
4.11296 1.74585 1.49185
4.08186 1.81736 1.31481
4.04952 1.88832 1.31481
4.01595 1.95871 1.14443
3.98115 2.0285 1.14443
3.94515 2.09767 1.14443
3.90794 2.1662 0.987533
3.86953 2.23408 0.987533
3.82996 2.30127 0.987533
3.78921 2.36776 0.850521
3.74731 2.43353 0.850521
3.70427 2.49856 0.850521
3.6601 2.56283 0.739155
3.61481 2.62631 0.739155
3.56843 2.689 0.658336
3.52095 2.75087 0.658336
3.47241 2.8119 0.658336
3.4228 2.87207 0.611942
3.37216 2.93137 0.611942
3.32049 2.98978 0.611942
3.2678 3.04727 0.602705
3.21412 3.10384 0.602705
3.15946 3.15946 0.632132
3.10384 3.21412 0.632132
3.04727 3.2678 0.632132
2.98978 3.32049 0.700482
2.93137 3.37216 0.700482
2.87207 3.4228 0.700482
2.8119 3.47241 0.806767
2.75087 3.52095 0.806767
2.689 3.56843 0.806767
2.62631 3.61481 0.948803
2.56283 3.6601 0.948803
2.49856 3.70427 1.12329
2.43353 3.74731 1.12329
2.36776 3.78921 1.12329
2.30127 3.82996 1.32596
2.23408 3.86953 1.32596
2.1662 3.90794 1.32596
2.09767 3.94515 1.55172
2.0285 3.98115 1.55172
1.95871 4.01595 1.55172
1.88832 4.04952 1.79492
1.81736 4.08186 1.79492
1.74585 4.11296 2.0496
1.6738 4.1428 2.0496
1.60124 4.17138 2.0496
1.5282 4.19869 2.30972
1.45469 4.22472 2.30972
1.38074 4.24947 2.30972
1.30636 4.27292 2.5694
1.23159 4.29506 2.5694
1.15644 4.3159 2.82316
1.08094 4.33543 2.82316
1.00512 4.35364 2.82316
0.928981 4.37051 3.06607
0.852564 4.38606 3.06607
0.775887 4.40027 3.06607
0.698973 4.41314 3.29396
0.621847 4.42467 3.29396
0.544531 4.43485 3.29396
0.467049 4.44368 3.50345
0.389425 4.45115 3.50345
0.311683 4.45727 3.69205
0.233845 4.46203 3.69205
0.155936 4.46543 3.69205
0.07798 4.46747 3.8581
2.73595e-16 4.46815 3.8581
-0.07798 4.46747 3.8581
-0.155936 4.46543 4.00072
-0.233845 4.46203 4.00072
-0.311683 4.45727 4.00072
-0.389425 4.45115 4.1197
-0.467049 4.44368 4.1197
-0.544531 4.43485 4.21539
-0.621847 4.42467 4.21539
-0.698973 4.41314 4.21539
-0.775887 4.40027 4.28854
-0.852564 4.38606 4.28854
-0.928981 4.37051 4.28854
-1.00512 4.35364 4.34017
-1.08094 4.33543 4.34017
-1.15644 4.3159 4.3714
-1.23159 4.29506 4.3714
-1.30636 4.27292 4.3714
-1.38074 4.24947 4.38336
-1.45469 4.22472 4.38336
-1.5282 4.19869 4.38336
-1.60124 4.17138 4.37701
-1.6738 4.1428 4.37701
-1.74585 4.11296 4.37701
-1.81736 4.08186 4.35311
-1.88832 4.04952 4.35311
-1.95871 4.01595 4.31213
-2.0285 3.98115 4.31213
-2.09767 3.94515 4.31213
-2.1662 3.90794 4.25427
-2.23408 3.86953 4.25427
-2.30127 3.82996 4.25427
-2.36776 3.78921 4.17943
-2.43353 3.74731 4.17943
-2.49856 3.70427 4.17943
-2.56283 3.6601 4.08733
-2.62631 3.61481 4.08733
-2.689 3.56843 3.97763
-2.75087 3.52095 3.97763
-2.8119 3.47241 3.97763
-2.87207 3.4228 3.84999
-2.93137 3.37216 3.84999
-2.98978 3.32049 3.84999
-3.04727 3.2678 3.70427
-3.10384 3.21412 3.70427
-3.15946 3.15946 3.54061
-3.21412 3.10384 3.54061
-3.2678 3.04727 3.54061
-3.32049 2.98978 3.3596
-3.37216 2.93137 3.3596
-3.4228 2.87207 3.3596
-3.47241 2.8119 3.16238
-3.52095 2.75087 3.16238
-3.56843 2.689 3.16238
-3.61481 2.62631 2.95079
-3.6601 2.56283 2.95079
-3.70427 2.49856 2.72737
-3.74731 2.43353 2.72737
-3.78921 2.36776 2.72737
-3.82996 2.30127 2.4954
-3.86953 2.23408 2.4954
-3.90794 2.1662 2.4954
-3.94515 2.09767 2.25887
-3.98115 2.0285 2.25887
-4.01595 1.95871 2.25887
-4.04952 1.88832 2.02238
-4.08186 1.81736 2.02238
-4.11296 1.74585 1.79101
-4.1428 1.6738 1.79101
-4.17138 1.60124 1.79101
-4.19869 1.5282 1.57012
-4.22472 1.45469 1.57012
-4.24947 1.38074 1.57012
-4.27292 1.30636 1.36517
-4.29506 1.23159 1.36517
-4.3159 1.15644 1.18147
-4.33543 1.08094 1.18147
-4.35364 1.00512 1.18147
-4.37051 0.928981 1.02397
-4.38606 0.852564 1.02397
-4.40027 0.775887 1.02397
-4.41314 0.698973 0.897055
-4.42467 0.621847 0.897055
-4.43485 0.544531 0.897055
-4.44368 0.467049 0.804301
-4.45115 0.389425 0.804301
-4.45727 0.311683 0.748377
-4.46203 0.233845 0.748377
-4.46543 0.155936 0.748377
-4.46747 0.07798 0.730916
-4.46815 5.47191e-16 0.730916
-4.46747 -0.07798 0.730916
-4.46543 -0.155936 0.752462
-4.46203 -0.233845 0.752462
-4.45727 -0.311683 0.752462
-4.45115 -0.389425 0.812443
-4.44368 -0.467049 0.812443
-4.43485 -0.544531 0.909193
-4.42467 -0.621847 0.909193
-4.41314 -0.698973 0.909193
-4.40027 -0.775887 1.04
-4.38606 -0.852564 1.04
-4.37051 -0.928981 1.04
-4.35364 -1.00512 1.20123
-4.33543 -1.08094 1.20123
-4.3159 -1.15644 1.20123
-4.29506 -1.23159 1.38845
-4.27292 -1.30636 1.38845
-4.24947 -1.38074 1.59663
-4.22472 -1.45469 1.59663
-4.19869 -1.5282 1.59663
-4.17138 -1.60124 1.82035
-4.1428 -1.6738 1.82035
-4.11296 -1.74585 1.82035
-4.08186 -1.81736 2.05405
-4.04952 -1.88832 2.05405
-4.01595 -1.95871 2.29227
-3.98115 -2.0285 2.29227
-3.94515 -2.09767 2.29227
-3.90794 -2.1662 2.52981
-3.86953 -2.23408 2.52981
-3.82996 -2.30127 2.52981
-3.78921 -2.36776 2.76195
-3.74731 -2.43353 2.76195
-3.70427 -2.49856 2.76195
-3.6601 -2.56283 2.9846
-3.61481 -2.62631 2.9846
-3.56843 -2.689 3.19438
-3.52095 -2.75087 3.19438
-3.47241 -2.8119 3.19438
-3.4228 -2.87207 3.38868
-3.37216 -2.93137 3.38868
-3.32049 -2.98978 3.38868
-3.2678 -3.04727 3.56562
-3.21412 -3.10384 3.56562
-3.15946 -3.15946 3.56562
-3.10384 -3.21412 3.72405
-3.04727 -3.2678 3.72405
-2.98978 -3.32049 3.86339
-2.93137 -3.37216 3.86339
-2.87207 -3.4228 3.86339
-2.8119 -3.47241 3.98356
-2.75087 -3.52095 3.98356
-2.689 -3.56843 3.98356
-2.62631 -3.61481 4.08479
-2.56283 -3.6601 4.08479
-2.49856 -3.70427 4.16755
-2.43353 -3.74731 4.16755
-2.36776 -3.78921 4.16755
-2.30127 -3.82996 4.23235
-2.23408 -3.86953 4.23235
-2.1662 -3.90794 4.23235
-2.09767 -3.94515 4.27966
-2.0285 -3.98115 4.27966
-1.95871 -4.01595 4.27966
-1.88832 -4.04952 4.30978
-1.81736 -4.08186 4.30978
-1.74585 -4.11296 4.32276
-1.6738 -4.1428 4.32276
-1.60124 -4.17138 4.32276
-1.5282 -4.19869 4.31837
-1.45469 -4.22472 4.31837
-1.38074 -4.24947 4.31837
-1.30636 -4.27292 4.29609
-1.23159 -4.29506 4.29609
-1.15644 -4.3159 4.29609
-1.08094 -4.33543 4.2552
-1.00512 -4.35364 4.2552
-0.928981 -4.37051 4.19479
-0.852564 -4.38606 4.19479
-0.775887 -4.40027 4.19479
-0.698973 -4.41314 4.11393
-0.621847 -4.42467 4.11393
-0.544531 -4.43485 4.11393
-0.467049 -4.44368 4.01177
-0.389425 -4.45115 4.01177
-0.311683 -4.45727 3.88769
-0.233845 -4.46203 3.88769
-0.155936 -4.46543 3.88769
-0.07798 -4.46747 3.74142
-8.20786e-16 -4.46815 3.74142
0.07798 -4.46747 3.74142
0.155936 -4.46543 3.57322
0.233845 -4.46203 3.57322
0.311683 -4.45727 3.57322
0.389425 -4.45115 3.38397
0.467049 -4.44368 3.38397
0.544531 -4.43485 3.17529
0.621847 -4.42467 3.17529
0.698973 -4.41314 3.17529
0.775887 -4.40027 2.94961
0.852564 -4.38606 2.94961
0.928981 -4.37051 2.94961
1.00512 -4.35364 2.71019
1.08094 -4.33543 2.71019
1.15644 -4.3159 2.71019
1.23159 -4.29506 2.46108
1.30636 -4.27292 2.46108
1.38074 -4.24947 2.20701
1.45469 -4.22472 2.20701
1.5282 -4.19869 2.20701
1.60124 -4.17138 1.9533
1.6738 -4.1428 1.9533
1.74585 -4.11296 1.9533
1.81736 -4.08186 1.70563
1.88832 -4.04952 1.70563
1.95871 -4.01595 1.46985
2.0285 -3.98115 1.46985
2.09767 -3.94515 1.46985
2.1662 -3.90794 1.25173
2.23408 -3.86953 1.25173
2.30127 -3.82996 1.25173
2.36776 -3.78921 1.05675
2.43353 -3.74731 1.05675
2.49856 -3.70427 1.05675
2.56283 -3.6601 0.889832
2.62631 -3.61481 0.889832
2.689 -3.56843 0.755107
2.75087 -3.52095 0.755107
2.8119 -3.47241 0.755107
2.87207 -3.4228 0.655749
2.93137 -3.37216 0.655749
2.98978 -3.32049 0.655749
3.04727 -3.2678 0.593849
3.10384 -3.21412 0.593849
3.15946 -3.15946 0.593849
3.21412 -3.10384 0.570325
3.2678 -3.04727 0.570325
3.32049 -2.98978 0.584873
3.37216 -2.93137 0.584873
3.4228 -2.87207 0.584873
3.47241 -2.8119 0.635965
3.52095 -2.75087 0.635965
3.56843 -2.689 0.635965
3.61481 -2.62631 0.720871
3.6601 -2.56283 0.720871
3.70427 -2.49856 0.835735
3.74731 -2.43353 0.835735
3.78921 -2.36776 0.835735
3.82996 -2.30127 0.975694
3.86953 -2.23408 0.975694
3.90794 -2.1662 0.975694
3.94515 -2.09767 1.13504
3.98115 -2.0285 1.13504
4.01595 -1.95871 1.13504
4.04952 -1.88832 1.30742
4.08186 -1.81736 1.30742
4.11296 -1.74585 1.48609
4.1428 -1.6738 1.48609
4.17138 -1.60124 1.48609
4.19869 -1.5282 1.66414
4.22472 -1.45469 1.66414
4.24947 -1.38074 1.66414
4.27292 -1.30636 1.83476
4.29506 -1.23159 1.83476
4.3159 -1.15644 1.83476
4.33543 -1.08094 1.99149
4.35364 -1.00512 1.99149
4.37051 -0.928981 2.12847
4.38606 -0.852564 2.12847
4.40027 -0.775887 2.12847
4.41314 -0.698973 2.2406
4.42467 -0.621847 2.2406
4.43485 -0.544531 2.2406
4.44368 -0.467049 2.32379
4.45115 -0.389425 2.32379
4.45727 -0.311683 2.375
4.46203 -0.233845 2.375
4.46543 -0.155936 2.375
4.46747 -0.07798 2.26792

4.54794 0 2.54214
4.54725 0.0793725 2.54214
4.54517 0.158721 2.52334
4.54171 0.238021 2.52334
4.53686 0.317248 2.46735
4.53064 0.396379 2.46735
4.52303 0.475389 2.46735
4.51404 0.554255 2.37603
4.50368 0.632951 2.37603
4.49195 0.711455 2.37603
4.47885 0.789742 2.25238
4.46438 0.867788 2.25238
4.44856 0.94557 2.10054
4.43138 1.02306 2.10054
4.41285 1.10025 2.10054
4.39297 1.17709 1.92563
4.37176 1.25358 1.92563
4.34922 1.32969 1.73365
4.32535 1.40539 1.73365
4.30016 1.48067 1.73365
4.27367 1.55549 1.53124
4.24587 1.62984 1.53124
4.21678 1.70369 1.53124
4.1864 1.77702 1.32549
4.15475 1.84981 1.32549
4.12184 1.92204 1.12368
4.08766 1.99369 1.12368
4.05225 2.06472 1.12368
4.01559 2.13513 0.933031
3.97772 2.20489 0.933031
3.93863 2.27397 0.760482
3.89835 2.34236 0.760482
3.85687 2.41004 0.760482
3.81423 2.47699 0.612419
3.77041 2.54318 0.612419
3.72546 2.60859 0.612419
3.67936 2.67321 0.494465
3.63215 2.73702 0.494465
3.58383 2.79999 0.411291
3.53441 2.86211 0.411291
3.48393 2.92336 0.411291
3.43238 2.98372 0.366475
3.37978 3.04317 0.366475
3.32615 3.10169 0.366475
3.27152 3.15927 0.362411
3.21588 3.21588 0.362411
3.15927 3.27152 0.400261
3.10169 3.32615 0.400261
3.04317 3.37978 0.400261
2.98372 3.43238 0.47994
2.92336 3.48393 0.47994
2.86211 3.53441 0.600136
2.79999 3.58383 0.600136
2.73702 3.63215 0.600136
2.67321 3.67936 0.758344
2.60859 3.72546 0.758344
2.54318 3.77041 0.758344
2.47699 3.81423 0.950955
2.41004 3.85687 0.950955
2.34236 3.89835 1.17339
2.27397 3.93863 1.17339
2.20489 3.97772 1.17339
2.13513 4.01559 1.42025
2.06472 4.05225 1.42025
1.99369 4.08766 1.68557
1.92204 4.12184 1.68557
1.84981 4.15475 1.68557
1.77702 4.1864 1.96309
1.70369 4.21678 1.96309
1.62984 4.24587 1.96309
1.55549 4.27367 2.24647
1.48067 4.30016 2.24647
1.40539 4.32535 2.52955
1.32969 4.34922 2.52955
1.25358 4.37176 2.52955
1.17709 4.39297 2.80655
1.10025 4.41285 2.80655
1.02306 4.43138 3.07226
0.94557 4.44856 3.07226
0.867788 4.46438 3.07226
0.789742 4.47885 3.32225
0.711455 4.49195 3.32225
0.632951 4.50368 3.32225
0.554255 4.51404 3.55293
0.475389 4.52303 3.55293
0.396379 4.53064 3.76159
0.317248 4.53686 3.76159
0.238021 4.54171 3.76159
0.158721 4.54517 3.94648
0.0793725 4.54725 3.94648
2.78481e-16 4.54794 4.10663
-0.0793725 4.54725 4.10663
-0.158721 4.54517 4.10663
-0.238021 4.54171 4.24184
-0.317248 4.53686 4.24184
-0.396379 4.53064 4.24184
-0.475389 4.52303 4.35253
-0.554255 4.51404 4.35253
-0.632951 4.50368 4.43956
-0.711455 4.49195 4.43956
-0.789742 4.47885 4.43956
-0.867788 4.46438 4.50415
-0.94557 4.44856 4.50415
-1.02306 4.43138 4.50415
-1.10025 4.41285 4.54768
-1.17709 4.39297 4.54768
-1.25358 4.37176 4.57158
-1.32969 4.34922 4.57158
-1.40539 4.32535 4.57158
-1.48067 4.30016 4.57714
-1.55549 4.27367 4.57714
-1.62984 4.24587 4.56547
-1.70369 4.21678 4.56547
-1.77702 4.1864 4.56547
-1.84981 4.15475 4.53735
-1.92204 4.12184 4.53735
-1.99369 4.08766 4.53735
-2.06472 4.05225 4.49321
-2.13513 4.01559 4.49321
-2.20489 3.97772 4.43313
-2.27397 3.93863 4.43313
-2.34236 3.89835 4.43313
-2.41004 3.85687 4.35685
-2.47699 3.81423 4.35685
-2.54318 3.77041 4.26384
-2.60859 3.72546 4.26384
-2.67321 3.67936 4.26384
-2.73702 3.63215 4.15347
-2.79999 3.58383 4.15347
-2.86211 3.53441 4.15347
-2.92336 3.48393 4.02507
-2.98372 3.43238 4.02507
-3.04317 3.37978 3.87809
-3.10169 3.32615 3.87809
-3.15927 3.27152 3.87809
-3.21588 3.21588 3.71226
-3.27152 3.15927 3.71226
-3.32615 3.10169 3.52767
-3.37978 3.04317 3.52767
-3.43238 2.98372 3.52767
-3.48393 2.92336 3.32499
-3.53441 2.86211 3.32499
-3.58383 2.79999 3.32499
-3.63215 2.73702 3.10554
-3.67936 2.67321 3.10554
-3.72546 2.60859 2.87137
-3.77041 2.54318 2.87137
-3.81423 2.47699 2.87137
-3.85687 2.41004 2.62535
-3.89835 2.34236 2.62535
-3.93863 2.27397 2.37112
-3.97772 2.20489 2.37112
-4.01559 2.13513 2.37112
-4.05225 2.06472 2.11303
-4.08766 1.99369 2.11303
-4.12184 1.92204 2.11303
-4.15475 1.84981 1.85605
-4.1864 1.77702 1.85605
-4.21678 1.70369 1.60559
-4.24587 1.62984 1.60559
-4.27367 1.55549 1.60559
-4.30016 1.48067 1.36731
-4.32535 1.40539 1.36731
-4.34922 1.32969 1.36731
-4.37176 1.25358 1.14692
-4.39297 1.17709 1.14692
-4.41285 1.10025 0.949932
-4.43138 1.02306 0.949932
-4.44856 0.94557 0.949932
-4.46438 0.867788 0.781463
-4.47885 0.789742 0.781463
-4.49195 0.711455 0.645978
-4.50368 0.632951 0.645978
-4.51404 0.554255 0.645978
-4.52303 0.475389 0.547125
-4.53064 0.396379 0.547125
-4.53686 0.317248 0.547125
-4.54171 0.238021 0.487597
-4.54517 0.158721 0.487597
-4.54725 0.0793725 0.469038
-4.54794 5.56962e-16 0.469038
-4.54725 -0.0793725 0.469038
-4.54517 -0.158721 0.491993
-4.54171 -0.238021 0.491993
-4.53686 -0.317248 0.555901
-4.53064 -0.396379 0.555901
-4.52303 -0.475389 0.555901
-4.51404 -0.554255 0.659096
-4.50368 -0.632951 0.659096
-4.49195 -0.711455 0.659096
-4.47885 -0.789742 0.798856
-4.46438 -0.867788 0.798856
-4.44856 -0.94557 0.971491
-4.43138 -1.02306 0.971491
-4.41285 -1.10025 0.971491
-4.39297 -1.17709 1.17248
-4.37176 -1.25358 1.17248
-4.34922 -1.32969 1.39664
-4.32535 -1.40539 1.39664
-4.30016 -1.48067 1.39664
-4.27367 -1.55549 1.63836
-4.24587 -1.62984 1.63836
-4.21678 -1.70369 1.63836
-4.1864 -1.77702 1.89184
-4.15475 -1.84981 1.89184
-4.12184 -1.92204 2.15129
-4.08766 -1.99369 2.15129
-4.05225 -2.06472 2.15129
-4.01559 -2.13513 2.41119
-3.97772 -2.20489 2.41119
-3.93863 -2.27397 2.41119
-3.89835 -2.34236 2.66645
-3.85687 -2.41004 2.66645
-3.81423 -2.47699 2.91258
-3.77041 -2.54318 2.91258
-3.72546 -2.60859 2.91258
-3.67936 -2.67321 3.14584
-3.63215 -2.73702 3.14584
-3.58383 -2.79999 3.36327
-3.53441 -2.86211 3.36327
-3.48393 -2.92336 3.36327
-3.43238 -2.98372 3.56273
-3.37978 -3.04317 3.56273
-3.32615 -3.10169 3.56273
-3.27152 -3.15927 3.74286
-3.21588 -3.21588 3.74286
-3.15927 -3.27152 3.903
-3.10169 -3.32615 3.903
-3.04317 -3.37978 3.903
-2.98372 -3.43238 4.04306
-2.92336 -3.48393 4.04306
-2.86211 -3.53441 4.16337
-2.79999 -3.58383 4.16337
-2.73702 -3.63215 4.16337
-2.67321 -3.67936 4.26459
-2.60859 -3.72546 4.26459
-2.54318 -3.77041 4.26459
-2.47699 -3.81423 4.3475
-2.41004 -3.85687 4.3475
-2.34236 -3.89835 4.41291
-2.27397 -3.93863 4.41291
-2.20489 -3.97772 4.41291
-2.13513 -4.01559 4.46154
-2.06472 -4.05225 4.46154
-1.99369 -4.08766 4.49388
-1.92204 -4.12184 4.49388
-1.84981 -4.15475 4.49388
-1.77702 -4.1864 4.51008
-1.70369 -4.21678 4.51008
-1.62984 -4.24587 4.51008
-1.55549 -4.27367 4.50998
-1.48067 -4.30016 4.50998
-1.40539 -4.32535 4.49302
-1.32969 -4.34922 4.49302
-1.25358 -4.37176 4.49302
-1.17709 -4.39297 4.45838
-1.10025 -4.41285 4.45838
-1.02306 -4.43138 4.40497
-0.94557 -4.44856 4.40497
-0.867788 -4.46438 4.40497
-0.789742 -4.47885 4.33158
-0.711455 -4.49195 4.33158
-0.632951 -4.50368 4.33158
-0.554255 -4.51404 4.23701
-0.475389 -4.52303 4.23701
-0.396379 -4.53064 4.12019
-0.317248 -4.53686 4.12019
-0.238021 -4.54171 4.12019
-0.158721 -4.54517 3.98036
-0.0793725 -4.54725 3.98036
-8.35443e-16 -4.54794 3.98036
0.0793725 -4.54725 3.81716
0.158721 -4.54517 3.81716
0.238021 -4.54171 3.63084
0.317248 -4.53686 3.63084
0.396379 -4.53064 3.63084
0.475389 -4.52303 3.42231
0.554255 -4.51404 3.42231
0.632951 -4.50368 3.19331
0.711455 -4.49195 3.19331
0.789742 -4.47885 3.19331
0.867788 -4.46438 2.94641
0.94557 -4.44856 2.94641
1.02306 -4.43138 2.94641
1.10025 -4.41285 2.68509
1.17709 -4.39297 2.68509
1.25358 -4.37176 2.41364
1.32969 -4.34922 2.41364
1.40539 -4.32535 2.41364
1.48067 -4.30016 2.13706
1.55549 -4.27367 2.13706
1.62984 -4.24587 1.86095
1.70369 -4.21678 1.86095
1.77702 -4.1864 1.86095
1.84981 -4.15475 1.59127
1.92204 -4.12184 1.59127
1.99369 -4.08766 1.59127
2.06472 -4.05225 1.33415
2.13513 -4.01559 1.33415
2.20489 -3.97772 1.09568
2.27397 -3.93863 1.09568
2.34236 -3.89835 1.09568
2.41004 -3.85687 0.881623
2.47699 -3.81423 0.881623
2.54318 -3.77041 0.69722
2.60859 -3.72546 0.69722
2.67321 -3.67936 0.69722
2.73702 -3.63215 0.546906
2.79999 -3.58383 0.546906
2.86211 -3.53441 0.546906
2.92336 -3.48393 0.434166
2.98372 -3.43238 0.434166
3.04317 -3.37978 0.361405
3.10169 -3.32615 0.361405
3.15927 -3.27152 0.361405
3.21588 -3.21588 0.329866
3.27152 -3.15927 0.329866
3.32615 -3.10169 0.339588
3.37978 -3.04317 0.339588
3.43238 -2.98372 0.339588
3.48393 -2.92336 0.389388
3.53441 -2.86211 0.389388
3.58383 -2.79999 0.389388
3.63215 -2.73702 0.476873
3.67936 -2.67321 0.476873
3.72546 -2.60859 0.59849
3.77041 -2.54318 0.59849
3.81423 -2.47699 0.59849
3.85687 -2.41004 0.749608
3.89835 -2.34236 0.749608
3.93863 -2.27397 0.749608
3.97772 -2.20489 0.924658
4.01559 -2.13513 0.924658
4.05225 -2.06472 1.11732
4.08766 -1.99369 1.11732
4.12184 -1.92204 1.11732
4.15475 -1.84981 1.32072
4.1864 -1.77702 1.32072
4.21678 -1.70369 1.52771
4.24587 -1.62984 1.52771
4.27367 -1.55549 1.52771
4.30016 -1.48067 1.73106
4.32535 -1.40539 1.73106
4.34922 -1.32969 1.73106
4.37176 -1.25358 1.92376
4.39297 -1.17709 1.92376
4.41285 -1.10025 2.09921
4.43138 -1.02306 2.09921
4.44856 -0.94557 2.09921
4.46438 -0.867788 2.25147
4.47885 -0.789742 2.25147
4.49195 -0.711455 2.37542
4.50368 -0.632951 2.37542
4.51404 -0.554255 2.37542
4.52303 -0.475389 2.46698
4.53064 -0.396379 2.46698
4.53686 -0.317248 2.46698
4.54171 -0.238021 2.52316
4.54517 -0.158721 2.52316
4.54725 -0.0793725 2.39241

4.62773 0 2.54214
4.62703 0.080765 2.54214
4.62491 0.161505 2.52334
4.62139 0.242197 2.52334
4.61646 0.322814 2.46735
4.61012 0.403333 2.46735
4.60238 0.48373 2.46735
4.59324 0.563978 2.37603
4.58269 0.644056 2.37603
4.57076 0.723937 2.37603
4.55742 0.803597 2.25238
4.54271 0.883013 2.25238
4.5266 0.962159 2.10054
4.50912 1.04101 2.10054
4.49027 1.11955 2.10054
4.47004 1.19774 1.92563
4.44846 1.27558 1.92563
4.42552 1.35302 1.73365
4.40123 1.43005 1.73365
4.37561 1.50664 1.73365
4.34864 1.58278 1.53124
4.32036 1.65843 1.53124
4.29076 1.73358 1.53124
4.25985 1.8082 1.32549
4.22764 1.88227 1.32549
4.19415 1.95576 1.12368
4.15938 2.02866 1.12368
4.12334 2.10095 1.12368
4.08604 2.17259 0.933031
4.0475 2.24357 0.933031
4.00773 2.31387 0.760482
3.96674 2.38346 0.760482
3.92454 2.45232 0.760482
3.88114 2.52044 0.612419
3.83656 2.58779 0.612419
3.79081 2.65436 0.612419
3.74391 2.72011 0.494465
3.69587 2.78504 0.494465
3.6467 2.84912 0.411291
3.59642 2.91233 0.411291
3.54505 2.97465 0.411291
3.49259 3.03606 0.366475
3.43907 3.09656 0.366475
3.38451 3.1561 0.366475
3.32891 3.21469 0.362411
3.2723 3.2723 0.362411
3.21469 3.32891 0.400261
3.1561 3.38451 0.400261
3.09656 3.43907 0.400261
3.03606 3.49259 0.47994
2.97465 3.54505 0.47994
2.91233 3.59642 0.600136
2.84912 3.6467 0.600136
2.78504 3.69587 0.600136
2.72011 3.74391 0.758344
2.65436 3.79081 0.758344
2.58779 3.83656 0.758344
2.52044 3.88114 0.950955
2.45232 3.92454 0.950955
2.38346 3.96674 1.17339
2.31387 4.00773 1.17339
2.24357 4.0475 1.17339
2.17259 4.08604 1.42025
2.10095 4.12334 1.42025
2.02866 4.15938 1.68557
1.95576 4.19415 1.68557
1.88227 4.22764 1.68557
1.8082 4.25985 1.96309
1.73358 4.29076 1.96309
1.65843 4.32036 1.96309
1.58278 4.34864 2.24647
1.50664 4.37561 2.24647
1.43005 4.40123 2.52955
1.35302 4.42552 2.52955
1.27558 4.44846 2.52955
1.19774 4.47004 2.80655
1.11955 4.49027 2.80655
1.04101 4.50912 3.07226
0.962159 4.5266 3.07226
0.883013 4.54271 3.07226
0.803597 4.55742 3.32225
0.723937 4.57076 3.32225
0.644056 4.58269 3.32225
0.563978 4.59324 3.55293
0.48373 4.60238 3.55293
0.403333 4.61012 3.76159
0.322814 4.61646 3.76159
0.242197 4.62139 3.76159
0.161505 4.62491 3.94648
0.080765 4.62703 3.94648
2.83367e-16 4.62773 4.10663
-0.080765 4.62703 4.10663
-0.161505 4.62491 4.10663
-0.242197 4.62139 4.24184
-0.322814 4.61646 4.24184
-0.403333 4.61012 4.24184
-0.48373 4.60238 4.35253
-0.563978 4.59324 4.35253
-0.644056 4.58269 4.43956
-0.723937 4.57076 4.43956
-0.803597 4.55742 4.43956
-0.883013 4.54271 4.50415
-0.962159 4.5266 4.50415
-1.04101 4.50912 4.50415
-1.11955 4.49027 4.54768
-1.19774 4.47004 4.54768
-1.27558 4.44846 4.57158
-1.35302 4.42552 4.57158
-1.43005 4.40123 4.57158
-1.50664 4.37561 4.57714
-1.58278 4.34864 4.57714
-1.65843 4.32036 4.56547
-1.73358 4.29076 4.56547
-1.8082 4.25985 4.56547
-1.88227 4.22764 4.53735
-1.95576 4.19415 4.53735
-2.02866 4.15938 4.53735
-2.10095 4.12334 4.49321
-2.17259 4.08604 4.49321
-2.24357 4.0475 4.43313
-2.31387 4.00773 4.43313
-2.38346 3.96674 4.43313
-2.45232 3.92454 4.35685
-2.52044 3.88114 4.35685
-2.58779 3.83656 4.26384
-2.65436 3.79081 4.26384
-2.72011 3.74391 4.26384
-2.78504 3.69587 4.15347
-2.84912 3.6467 4.15347
-2.91233 3.59642 4.15347
-2.97465 3.54505 4.02507
-3.03606 3.49259 4.02507
-3.09656 3.43907 3.87809
-3.1561 3.38451 3.87809
-3.21469 3.32891 3.87809
-3.2723 3.2723 3.71226
-3.32891 3.21469 3.71226
-3.38451 3.1561 3.52767
-3.43907 3.09656 3.52767
-3.49259 3.03606 3.52767
-3.54505 2.97465 3.32499
-3.59642 2.91233 3.32499
-3.6467 2.84912 3.32499
-3.69587 2.78504 3.10554
-3.74391 2.72011 3.10554
-3.79081 2.65436 2.87137
-3.83656 2.58779 2.87137
-3.88114 2.52044 2.87137
-3.92454 2.45232 2.62535
-3.96674 2.38346 2.62535
-4.00773 2.31387 2.37112
-4.0475 2.24357 2.37112
-4.08604 2.17259 2.37112
-4.12334 2.10095 2.11303
-4.15938 2.02866 2.11303
-4.19415 1.95576 2.11303
-4.22764 1.88227 1.85605
-4.25985 1.8082 1.85605
-4.29076 1.73358 1.60559
-4.32036 1.65843 1.60559
-4.34864 1.58278 1.60559
-4.37561 1.50664 1.36731
-4.40123 1.43005 1.36731
-4.42552 1.35302 1.36731
-4.44846 1.27558 1.14692
-4.47004 1.19774 1.14692
-4.49027 1.11955 0.949932
-4.50912 1.04101 0.949932
-4.5266 0.962159 0.949932
-4.54271 0.883013 0.781463
-4.55742 0.803597 0.781463
-4.57076 0.723937 0.645978
-4.58269 0.644056 0.645978
-4.59324 0.563978 0.645978
-4.60238 0.48373 0.547125
-4.61012 0.403333 0.547125
-4.61646 0.322814 0.547125
-4.62139 0.242197 0.487597
-4.62491 0.161505 0.487597
-4.62703 0.080765 0.469038
-4.62773 5.66734e-16 0.469038
-4.62703 -0.080765 0.469038
-4.62491 -0.161505 0.491993
-4.62139 -0.242197 0.491993
-4.61646 -0.322814 0.555901
-4.61012 -0.403333 0.555901
-4.60238 -0.48373 0.555901
-4.59324 -0.563978 0.659096
-4.58269 -0.644056 0.659096
-4.57076 -0.723937 0.659096
-4.55742 -0.803597 0.798856
-4.54271 -0.883013 0.798856
-4.5266 -0.962159 0.971491
-4.50912 -1.04101 0.971491
-4.49027 -1.11955 0.971491
-4.47004 -1.19774 1.17248
-4.44846 -1.27558 1.17248
-4.42552 -1.35302 1.39664
-4.40123 -1.43005 1.39664
-4.37561 -1.50664 1.39664
-4.34864 -1.58278 1.63836
-4.32036 -1.65843 1.63836
-4.29076 -1.73358 1.63836
-4.25985 -1.8082 1.89184
-4.22764 -1.88227 1.89184
-4.19415 -1.95576 2.15129
-4.15938 -2.02866 2.15129
-4.12334 -2.10095 2.15129
-4.08604 -2.17259 2.41119
-4.0475 -2.24357 2.41119
-4.00773 -2.31387 2.41119
-3.96674 -2.38346 2.66645
-3.92454 -2.45232 2.66645
-3.88114 -2.52044 2.91258
-3.83656 -2.58779 2.91258
-3.79081 -2.65436 2.91258
-3.74391 -2.72011 3.14584
-3.69587 -2.78504 3.14584
-3.6467 -2.84912 3.36327
-3.59642 -2.91233 3.36327
-3.54505 -2.97465 3.36327
-3.49259 -3.03606 3.56273
-3.43907 -3.09656 3.56273
-3.38451 -3.1561 3.56273
-3.32891 -3.21469 3.74286
-3.2723 -3.2723 3.74286
-3.21469 -3.32891 3.903
-3.1561 -3.38451 3.903
-3.09656 -3.43907 3.903
-3.03606 -3.49259 4.04306
-2.97465 -3.54505 4.04306
-2.91233 -3.59642 4.16337
-2.84912 -3.6467 4.16337
-2.78504 -3.69587 4.16337
-2.72011 -3.74391 4.26459
-2.65436 -3.79081 4.26459
-2.58779 -3.83656 4.26459
-2.52044 -3.88114 4.3475
-2.45232 -3.92454 4.3475
-2.38346 -3.96674 4.41291
-2.31387 -4.00773 4.41291
-2.24357 -4.0475 4.41291
-2.17259 -4.08604 4.46154
-2.10095 -4.12334 4.46154
-2.02866 -4.15938 4.49388
-1.95576 -4.19415 4.49388
-1.88227 -4.22764 4.49388
-1.8082 -4.25985 4.51008
-1.73358 -4.29076 4.51008
-1.65843 -4.32036 4.51008
-1.58278 -4.34864 4.50998
-1.50664 -4.37561 4.50998
-1.43005 -4.40123 4.49302
-1.35302 -4.42552 4.49302
-1.27558 -4.44846 4.49302
-1.19774 -4.47004 4.45838
-1.11955 -4.49027 4.45838
-1.04101 -4.50912 4.40497
-0.962159 -4.5266 4.40497
-0.883013 -4.54271 4.40497
-0.803597 -4.55742 4.33158
-0.723937 -4.57076 4.33158
-0.644056 -4.58269 4.33158
-0.563978 -4.59324 4.23701
-0.48373 -4.60238 4.23701
-0.403333 -4.61012 4.12019
-0.322814 -4.61646 4.12019
-0.242197 -4.62139 4.12019
-0.161505 -4.62491 3.98036
-0.080765 -4.62703 3.98036
-8.501e-16 -4.62773 3.98036
0.080765 -4.62703 3.81716
0.161505 -4.62491 3.81716
0.242197 -4.62139 3.63084
0.322814 -4.61646 3.63084
0.403333 -4.61012 3.63084
0.48373 -4.60238 3.42231
0.563978 -4.59324 3.42231
0.644056 -4.58269 3.19331
0.723937 -4.57076 3.19331
0.803597 -4.55742 3.19331
0.883013 -4.54271 2.94641
0.962159 -4.5266 2.94641
1.04101 -4.50912 2.94641
1.11955 -4.49027 2.68509
1.19774 -4.47004 2.68509
1.27558 -4.44846 2.41364
1.35302 -4.42552 2.41364
1.43005 -4.40123 2.41364
1.50664 -4.37561 2.13706
1.58278 -4.34864 2.13706
1.65843 -4.32036 1.86095
1.73358 -4.29076 1.86095
1.8082 -4.25985 1.86095
1.88227 -4.22764 1.59127
1.95576 -4.19415 1.59127
2.02866 -4.15938 1.59127
2.10095 -4.12334 1.33415
2.17259 -4.08604 1.33415
2.24357 -4.0475 1.09568
2.31387 -4.00773 1.09568
2.38346 -3.96674 1.09568
2.45232 -3.92454 0.881623
2.52044 -3.88114 0.881623
2.58779 -3.83656 0.69722
2.65436 -3.79081 0.69722
2.72011 -3.74391 0.69722
2.78504 -3.69587 0.546906
2.84912 -3.6467 0.546906
2.91233 -3.59642 0.546906
2.97465 -3.54505 0.434166
3.03606 -3.49259 0.434166
3.09656 -3.43907 0.361405
3.1561 -3.38451 0.361405
3.21469 -3.32891 0.361405
3.2723 -3.2723 0.329866
3.32891 -3.21469 0.329866
3.38451 -3.1561 0.339588
3.43907 -3.09656 0.339588
3.49259 -3.03606 0.339588
3.54505 -2.97465 0.389388
3.59642 -2.91233 0.389388
3.6467 -2.84912 0.389388
3.69587 -2.78504 0.476873
3.74391 -2.72011 0.476873
3.79081 -2.65436 0.59849
3.83656 -2.58779 0.59849
3.88114 -2.52044 0.59849
3.92454 -2.45232 0.749608
3.96674 -2.38346 0.749608
4.00773 -2.31387 0.749608
4.0475 -2.24357 0.924658
4.08604 -2.17259 0.924658
4.12334 -2.10095 1.11732
4.15938 -2.02866 1.11732
4.19415 -1.95576 1.11732
4.22764 -1.88227 1.32072
4.25985 -1.8082 1.32072
4.29076 -1.73358 1.52771
4.32036 -1.65843 1.52771
4.34864 -1.58278 1.52771
4.37561 -1.50664 1.73106
4.40123 -1.43005 1.73106
4.42552 -1.35302 1.73106
4.44846 -1.27558 1.92376
4.47004 -1.19774 1.92376
4.49027 -1.11955 2.09921
4.50912 -1.04101 2.09921
4.5266 -0.962159 2.09921
4.54271 -0.883013 2.25147
4.55742 -0.803597 2.25147
4.57076 -0.723937 2.37542
4.58269 -0.644056 2.37542
4.59324 -0.563978 2.37542
4.60238 -0.48373 2.46698
4.61012 -0.403333 2.46698
4.61646 -0.322814 2.46698
4.62139 -0.242197 2.52316
4.62491 -0.161505 2.52316
4.62703 -0.080765 2.39241

4.70752 0 2.71932
4.7068 0.0821575 2.71932
4.70465 0.16429 2.69867
4.70107 0.246373 2.69867
4.69605 0.32838 2.63737
4.68961 0.410287 2.63737
4.68173 0.49207 2.63737
4.67243 0.573702 2.5372
4.66171 0.65516 2.5372
4.64956 0.736418 2.40111
4.636 0.817452 2.40111
4.62103 0.898237 2.40111
4.60465 0.978748 2.23321
4.58687 1.05896 2.23321
4.56769 1.13885 2.03863
4.54711 1.2184 2.03863
4.52516 1.29757 2.03863
4.50182 1.37635 1.82342
4.47712 1.4547 1.82342
4.45105 1.53262 1.59433
4.42362 1.61007 1.59433
4.39485 1.68702 1.59433
4.36474 1.76347 1.35865
4.33329 1.83937 1.35865
4.30053 1.91472 1.12393
4.26646 1.98948 1.12393
4.23109 2.06364 1.12393
4.19443 2.13717 0.897779
4.15649 2.21005 0.897779
4.11729 2.28225 0.687614
4.07683 2.35376 0.687614
4.03513 2.42455 0.687614
3.9922 2.4946 0.500417
3.94806 2.5639 0.500417
3.90271 2.63241 0.342501
3.85617 2.70012 0.342501
3.80846 2.76701 0.342501
3.75959 2.83306 0.219302
3.70958 2.89824 0.219302
3.65843 2.96254 0.135214
3.60617 3.02593 0.135214
3.55281 3.08841 0.135214
3.49837 3.14994 0.0934854
3.44286 3.21052 0.0934854
3.38631 3.27012 0.0961537
3.32872 3.32872 0.0961537
3.27012 3.38631 0.0961537
3.21052 3.44286 0.144031
3.14994 3.49837 0.144031
3.08841 3.55281 0.236702
3.02593 3.60617 0.236702
2.96254 3.65843 0.236702
2.89824 3.70958 0.372535
2.83306 3.75959 0.372535
2.76701 3.80846 0.548718
2.70012 3.85617 0.548718
2.63241 3.90271 0.548718
2.5639 3.94806 0.761332
2.4946 3.9922 0.761332
2.42455 4.03513 1.00547
2.35376 4.07683 1.00547
2.28225 4.11729 1.00547
2.21005 4.15649 1.27541
2.13717 4.19443 1.27541
2.06364 4.23109 1.56485
1.98948 4.26646 1.56485
1.91472 4.30053 1.56485
1.83937 4.33329 1.86721
1.76347 4.36474 1.86721
1.68702 4.39485 2.17582
1.61007 4.42362 2.17582
1.53262 4.45105 2.17582
1.4547 4.47712 2.4842
1.37635 4.50182 2.4842
1.29757 4.52516 2.78626
1.2184 4.54711 2.78626
1.13885 4.56769 2.78626
1.05896 4.58687 3.07648
0.978748 4.60465 3.07648
0.898237 4.62103 3.35013
0.817452 4.636 3.35013
0.736418 4.64956 3.35013
0.65516 4.66171 3.60335
0.573702 4.67243 3.60335
0.49207 4.68173 3.83324
0.410287 4.68961 3.83324
0.32838 4.69605 3.83324
0.246373 4.70107 4.03787
0.16429 4.70465 4.03787
0.0821575 4.7068 4.21622
2.88252e-16 4.70752 4.21622
-0.0821575 4.7068 4.21622
-0.16429 4.70465 4.36807
-0.246373 4.70107 4.36807
-0.32838 4.69605 4.49387
-0.410287 4.68961 4.49387
-0.49207 4.68173 4.49387
-0.573702 4.67243 4.59462
-0.65516 4.66171 4.59462
-0.736418 4.64956 4.67169
-0.817452 4.636 4.67169
-0.898237 4.62103 4.67169
-0.978748 4.60465 4.72672
-1.05896 4.58687 4.72672
-1.13885 4.56769 4.76145
-1.2184 4.54711 4.76145
-1.29757 4.52516 4.76145
-1.37635 4.50182 4.77754
-1.4547 4.47712 4.77754
-1.53262 4.45105 4.7765
-1.61007 4.42362 4.7765
-1.68702 4.39485 4.7765
-1.76347 4.36474 4.75952
-1.83937 4.33329 4.75952
-1.91472 4.30053 4.72741
-1.98948 4.26646 4.72741
-2.06364 4.23109 4.72741
-2.13717 4.19443 4.68053
-2.21005 4.15649 4.68053
-2.28225 4.11729 4.61884
-2.35376 4.07683 4.61884
-2.42455 4.03513 4.61884
-2.4946 3.9922 4.54187
-2.5639 3.94806 4.54187
-2.63241 3.90271 4.44887
-2.70012 3.85617 4.44887
-2.76701 3.80846 4.44887
-2.83306 3.75959 4.33889
-2.89824 3.70958 4.33889
-2.96254 3.65843 4.21094
-3.02593 3.60617 4.21094
-3.08841 3.55281 4.21094
-3.14994 3.49837 4.06407
-3.21052 3.44286 4.06407
-3.27012 3.38631 3.89757
-3.32872 3.32872 3.89757
-3.38631 3.27012 3.89757
-3.44286 3.21052 3.71106
-3.49837 3.14994 3.71106
-3.55281 3.08841 3.50469
-3.60617 3.02593 3.50469
-3.65843 2.96254 3.50469
-3.70958 2.89824 3.27922
-3.75959 2.83306 3.27922
-3.80846 2.76701 3.03622
-3.85617 2.70012 3.03622
-3.90271 2.63241 3.03622
-3.94806 2.5639 2.77806
-3.9922 2.4946 2.77806
-4.03513 2.42455 2.50796
-4.07683 2.35376 2.50796
-4.11729 2.28225 2.50796
-4.15649 2.21005 2.22999
-4.19443 2.13717 2.22999
-4.23109 2.06364 1.94892
-4.26646 1.98948 1.94892
-4.30053 1.91472 1.94892
-4.33329 1.83937 1.67008
-4.36474 1.76347 1.67008
-4.39485 1.68702 1.39925
-4.42362 1.61007 1.39925
-4.45105 1.53262 1.39925
-4.47712 1.4547 1.14241
-4.50182 1.37635 1.14241
-4.52516 1.29757 0.90554
-4.54711 1.2184 0.90554
-4.56769 1.13885 0.90554
-4.58687 1.05896 0.69439
-4.60465 0.978748 0.69439
-4.62103 0.898237 0.514226
-4.636 0.817452 0.514226
-4.64956 0.736418 0.514226
-4.66171 0.65516 0.369624
-4.67243 0.573702 0.369624
-4.68173 0.49207 0.264287
-4.68961 0.410287 0.264287
-4.69605 0.32838 0.264287
-4.70107 0.246373 0.200922
-4.70465 0.16429 0.200922
-4.7068 0.0821575 0.181176
-4.70752 5.76505e-16 0.181176
-4.7068 -0.0821575 0.181176
-4.70465 -0.16429 0.205597
-4.70107 -0.246373 0.205597
-4.69605 -0.32838 0.273633
-4.68961 -0.410287 0.273633
-4.68173 -0.49207 0.273633
-4.67243 -0.573702 0.383629
-4.66171 -0.65516 0.383629
-4.64956 -0.736418 0.53286
-4.636 -0.817452 0.53286
-4.62103 -0.898237 0.53286
-4.60465 -0.978748 0.717591
-4.58687 -1.05896 0.717591
-4.56769 -1.13885 0.933202
-4.54711 -1.2184 0.933202
-4.52516 -1.29757 0.933202
-4.50182 -1.37635 1.17436
-4.47712 -1.4547 1.17436
-4.45105 -1.53262 1.43524
-4.42362 -1.61007 1.43524
-4.39485 -1.68702 1.43524
-4.36474 -1.76347 1.70977
-4.33329 -1.83937 1.70977
-4.30053 -1.91472 1.99183
-4.26646 -1.98948 1.99183
-4.23109 -2.06364 1.99183
-4.19443 -2.13717 2.27555
-4.15649 -2.21005 2.27555
-4.11729 -2.28225 2.55543
-4.07683 -2.35376 2.55543
-4.03513 -2.42455 2.55543
-3.9922 -2.4946 2.82657
-3.94806 -2.5639 2.82657
-3.90271 -2.63241 3.08479
-3.85617 -2.70012 3.08479
-3.80846 -2.76701 3.08479
-3.75959 -2.83306 3.32674
-3.70958 -2.89824 3.32674
-3.65843 -2.96254 3.54995
-3.60617 -3.02593 3.54995
-3.55281 -3.08841 3.54995
-3.49837 -3.14994 3.75279
-3.44286 -3.21052 3.75279
-3.38631 -3.27012 3.93445
-3.32872 -3.32872 3.93445
-3.27012 -3.38631 3.93445
-3.21052 -3.44286 4.09477
-3.14994 -3.49837 4.09477
-3.08841 -3.55281 4.23415
-3.02593 -3.60617 4.23415
-2.96254 -3.65843 4.23415
-2.89824 -3.70958 4.35336
-2.83306 -3.75959 4.35336
-2.76701 -3.80846 4.45345
-2.70012 -3.85617 4.45345
-2.63241 -3.90271 4.45345
-2.5639 -3.94806 4.53555
-2.4946 -3.9922 4.53555
-2.42455 -4.03513 4.60076
-2.35376 -4.07683 4.60076
-2.28225 -4.11729 4.60076
-2.21005 -4.15649 4.65006
-2.13717 -4.19443 4.65006
-2.06364 -4.23109 4.68412
-1.98948 -4.26646 4.68412
-1.91472 -4.30053 4.68412
-1.83937 -4.33329 4.70326
-1.76347 -4.36474 4.70326
-1.68702 -4.39485 4.70736
-1.61007 -4.42362 4.70736
-1.53262 -4.45105 4.70736
-1.4547 -4.47712 4.69586
-1.37635 -4.50182 4.69586
-1.29757 -4.52516 4.66785
-1.2184 -4.54711 4.66785
-1.13885 -4.56769 4.66785
-1.05896 -4.58687 4.62208
-0.978748 -4.60465 4.62208
-0.898237 -4.62103 4.55707
-0.817452 -4.636 4.55707
-0.736418 -4.64956 4.55707
-0.65516 -4.66171 4.47131
-0.573702 -4.67243 4.47131
-0.49207 -4.68173 4.36332
-0.410287 -4.68961 4.36332
-0.32838 -4.69605 4.36332
-0.246373 -4.70107 4.23185
-0.16429 -4.70465 4.23185
-0.0821575 -4.7068 4.07598
-8.64757e-16 -4.70752 4.07598
0.0821575 -4.7068 4.07598
0.16429 -4.70465 3.8953
0.246373 -4.70107 3.8953
0.32838 -4.69605 3.69004
0.410287 -4.68961 3.69004
0.49207 -4.68173 3.69004
0.573702 -4.67243 3.46117
0.65516 -4.66171 3.46117
0.736418 -4.64956 3.21055
0.817452 -4.636 3.21055
0.898237 -4.62103 3.21055
0.978748 -4.60465 2.94096
1.05896 -4.58687 2.94096
1.13885 -4.56769 2.65611
1.2184 -4.54711 2.65611
1.29757 -4.52516 2.65611
1.37635 -4.50182 2.36057
1.4547 -4.47712 2.36057
1.53262 -4.45105 2.05964
1.61007 -4.42362 2.05964
1.68702 -4.39485 2.05964
1.76347 -4.36474 1.75923
1.83937 -4.33329 1.75923
1.91472 -4.30053 1.4656
1.98948 -4.26646 1.4656
2.06364 -4.23109 1.4656
2.13717 -4.19443 1.1852
2.21005 -4.15649 1.1852
2.28225 -4.11729 0.924432
2.35376 -4.07683 0.924432
2.42455 -4.03513 0.924432
2.4946 -3.9922 0.689405
2.5639 -3.94806 0.689405
2.63241 -3.90271 0.48568
2.70012 -3.85617 0.48568
2.76701 -3.80846 0.48568
2.83306 -3.75959 0.318013
2.89824 -3.70958 0.318013
2.96254 -3.65843 0.190199
3.02593 -3.60617 0.190199
3.08841 -3.55281 0.190199
3.14994 -3.49837 0.104947
3.21052 -3.44286 0.104947
3.27012 -3.38631 0.0638161
3.32872 -3.32872 0.0638161
3.38631 -3.27012 0.0638161
3.44286 -3.21052 0.0671751
3.49837 -3.14994 0.0671751
3.55281 -3.08841 0.114192
3.60617 -3.02593 0.114192
3.65843 -2.96254 0.114192
3.70958 -2.89824 0.202829
3.75959 -2.83306 0.202829
3.80846 -2.76701 0.329867
3.85617 -2.70012 0.329867
3.90271 -2.63241 0.329867
3.94806 -2.5639 0.490952
3.9922 -2.4946 0.490952
4.03513 -2.42455 0.680706
4.07683 -2.35376 0.680706
4.11729 -2.28225 0.680706
4.15649 -2.21005 0.892885
4.19443 -2.13717 0.892885
4.23109 -2.06364 1.12058
4.26646 -1.98948 1.12058
4.30053 -1.91472 1.12058
4.33329 -1.83937 1.35646
4.36474 -1.76347 1.35646
4.39485 -1.68702 1.59298
4.42362 -1.61007 1.59298
4.45105 -1.53262 1.59298
4.47712 -1.4547 1.82265
4.50182 -1.37635 1.82265
4.52516 -1.29757 2.03826
4.54711 -1.2184 2.03826
4.56769 -1.13885 2.03826
4.58687 -1.05896 2.23308
4.60465 -0.978748 2.23308
4.62103 -0.898237 2.40112
4.636 -0.817452 2.40112
4.64956 -0.736418 2.40112
4.66171 -0.65516 2.53726
4.67243 -0.573702 2.53726
4.68173 -0.49207 2.63744
4.68961 -0.410287 2.63744
4.69605 -0.32838 2.63744
4.70107 -0.246373 2.69871
4.70465 -0.16429 2.69871
4.7068 -0.0821575 2.54214

4.78731 0 2.71932
4.78658 0.08355 2.71932
4.78439 0.167075 2.69867
4.78075 0.250548 2.69867
4.77565 0.333946 2.63737
4.76909 0.417241 2.63737
4.76108 0.50041 2.63737
4.75162 0.583426 2.5372
4.74072 0.666264 2.5372
4.72837 0.7489 2.40111
4.71458 0.831307 2.40111
4.69935 0.913461 2.40111
4.68269 0.995337 2.23321
4.66461 1.07691 2.23321
4.6451 1.15815 2.03863
4.62418 1.23905 2.03863
4.60186 1.31956 2.03863
4.57812 1.39967 1.82342
4.553 1.47936 1.82342
4.52649 1.55859 1.59433
4.4986 1.63736 1.59433
4.46934 1.71562 1.59433
4.43871 1.79336 1.35865
4.40674 1.87055 1.35865
4.37342 1.94717 1.12393
4.33877 2.0232 1.12393
4.3028 2.09862 1.12393
4.26552 2.17339 0.897779
4.22694 2.2475 0.897779
4.18707 2.32093 0.687614
4.14593 2.39365 0.687614
4.10352 2.46565 0.687614
4.05987 2.53689 0.500417
4.01497 2.60735 0.500417
3.96886 2.67703 0.342501
3.92153 2.74589 0.342501
3.87301 2.81391 0.342501
3.82331 2.88107 0.219302
3.77245 2.94736 0.219302
3.72044 3.01275 0.135214
3.66729 3.07722 0.135214
3.61303 3.14076 0.135214
3.55766 3.20333 0.0934854
3.50121 3.26494 0.0934854
3.4437 3.32554 0.0961537
3.38514 3.38514 0.0961537
3.32554 3.4437 0.0961537
3.26494 3.50121 0.144031
3.20333 3.55766 0.144031
3.14076 3.61303 0.236702
3.07722 3.66729 0.236702
3.01275 3.72044 0.236702
2.94736 3.77245 0.372535
2.88107 3.82331 0.372535
2.81391 3.87301 0.548718
2.74589 3.92153 0.548718
2.67703 3.96886 0.548718
2.60735 4.01497 0.761332
2.53689 4.05987 0.761332
2.46565 4.10352 1.00547
2.39365 4.14593 1.00547
2.32093 4.18707 1.00547
2.2475 4.22694 1.27541
2.17339 4.26552 1.27541
2.09862 4.3028 1.56485
2.0232 4.33877 1.56485
1.94717 4.37342 1.56485
1.87055 4.40674 1.86721
1.79336 4.43871 1.86721
1.71562 4.46934 2.17582
1.63736 4.4986 2.17582
1.55859 4.52649 2.17582
1.47936 4.553 2.4842
1.39967 4.57812 2.4842
1.31956 4.60186 2.78626
1.23905 4.62418 2.78626
1.15815 4.6451 2.78626
1.07691 4.66461 3.07648
0.995337 4.68269 3.07648
0.913461 4.69935 3.35013
0.831307 4.71458 3.35013
0.7489 4.72837 3.35013
0.666264 4.74072 3.60335
0.583426 4.75162 3.60335
0.50041 4.76108 3.83324
0.417241 4.76909 3.83324
0.333946 4.77565 3.83324
0.250548 4.78075 4.03787
0.167075 4.78439 4.03787
0.08355 4.78658 4.21622
2.93138e-16 4.78731 4.21622
-0.08355 4.78658 4.21622
-0.167075 4.78439 4.36807
-0.250548 4.78075 4.36807
-0.333946 4.77565 4.49387
-0.417241 4.76909 4.49387
-0.50041 4.76108 4.49387
-0.583426 4.75162 4.59462
-0.666264 4.74072 4.59462
-0.7489 4.72837 4.67169
-0.831307 4.71458 4.67169
-0.913461 4.69935 4.67169
-0.995337 4.68269 4.72672
-1.07691 4.66461 4.72672
-1.15815 4.6451 4.76145
-1.23905 4.62418 4.76145
-1.31956 4.60186 4.76145
-1.39967 4.57812 4.77754
-1.47936 4.553 4.77754
-1.55859 4.52649 4.7765
-1.63736 4.4986 4.7765
-1.71562 4.46934 4.7765
-1.79336 4.43871 4.75952
-1.87055 4.40674 4.75952
-1.94717 4.37342 4.72741
-2.0232 4.33877 4.72741
-2.09862 4.3028 4.72741
-2.17339 4.26552 4.68053
-2.2475 4.22694 4.68053
-2.32093 4.18707 4.61884
-2.39365 4.14593 4.61884
-2.46565 4.10352 4.61884
-2.53689 4.05987 4.54187
-2.60735 4.01497 4.54187
-2.67703 3.96886 4.44887
-2.74589 3.92153 4.44887
-2.81391 3.87301 4.44887
-2.88107 3.82331 4.33889
-2.94736 3.77245 4.33889
-3.01275 3.72044 4.21094
-3.07722 3.66729 4.21094
-3.14076 3.61303 4.21094
-3.20333 3.55766 4.06407
-3.26494 3.50121 4.06407
-3.32554 3.4437 3.89757
-3.38514 3.38514 3.89757
-3.4437 3.32554 3.89757
-3.50121 3.26494 3.71106
-3.55766 3.20333 3.71106
-3.61303 3.14076 3.50469
-3.66729 3.07722 3.50469
-3.72044 3.01275 3.50469
-3.77245 2.94736 3.27922
-3.82331 2.88107 3.27922
-3.87301 2.81391 3.03622
-3.92153 2.74589 3.03622
-3.96886 2.67703 3.03622
-4.01497 2.60735 2.77806
-4.05987 2.53689 2.77806
-4.10352 2.46565 2.50796
-4.14593 2.39365 2.50796
-4.18707 2.32093 2.50796
-4.22694 2.2475 2.22999
-4.26552 2.17339 2.22999
-4.3028 2.09862 1.94892
-4.33877 2.0232 1.94892
-4.37342 1.94717 1.94892
-4.40674 1.87055 1.67008
-4.43871 1.79336 1.67008
-4.46934 1.71562 1.39925
-4.4986 1.63736 1.39925
-4.52649 1.55859 1.39925
-4.553 1.47936 1.14241
-4.57812 1.39967 1.14241
-4.60186 1.31956 0.90554
-4.62418 1.23905 0.90554
-4.6451 1.15815 0.90554
-4.66461 1.07691 0.69439
-4.68269 0.995337 0.69439
-4.69935 0.913461 0.514226
-4.71458 0.831307 0.514226
-4.72837 0.7489 0.514226
-4.74072 0.666264 0.369624
-4.75162 0.583426 0.369624
-4.76108 0.50041 0.264287
-4.76909 0.417241 0.264287
-4.77565 0.333946 0.264287
-4.78075 0.250548 0.200922
-4.78439 0.167075 0.200922
-4.78658 0.08355 0.181176
-4.78731 5.86276e-16 0.181176
-4.78658 -0.08355 0.181176
-4.78439 -0.167075 0.205597
-4.78075 -0.250548 0.205597
-4.77565 -0.333946 0.273633
-4.76909 -0.417241 0.273633
-4.76108 -0.50041 0.273633
-4.75162 -0.583426 0.383629
-4.74072 -0.666264 0.383629
-4.72837 -0.7489 0.53286
-4.71458 -0.831307 0.53286
-4.69935 -0.913461 0.53286
-4.68269 -0.995337 0.717591
-4.66461 -1.07691 0.717591
-4.6451 -1.15815 0.933202
-4.62418 -1.23905 0.933202
-4.60186 -1.31956 0.933202
-4.57812 -1.39967 1.17436
-4.553 -1.47936 1.17436
-4.52649 -1.55859 1.43524
-4.4986 -1.63736 1.43524
-4.46934 -1.71562 1.43524
-4.43871 -1.79336 1.70977
-4.40674 -1.87055 1.70977
-4.37342 -1.94717 1.99183
-4.33877 -2.0232 1.99183
-4.3028 -2.09862 1.99183
-4.26552 -2.17339 2.27555
-4.22694 -2.2475 2.27555
-4.18707 -2.32093 2.55543
-4.14593 -2.39365 2.55543
-4.10352 -2.46565 2.55543
-4.05987 -2.53689 2.82657
-4.01497 -2.60735 2.82657
-3.96886 -2.67703 3.08479
-3.92153 -2.74589 3.08479
-3.87301 -2.81391 3.08479
-3.82331 -2.88107 3.32674
-3.77245 -2.94736 3.32674
-3.72044 -3.01275 3.54995
-3.66729 -3.07722 3.54995
-3.61303 -3.14076 3.54995
-3.55766 -3.20333 3.75279
-3.50121 -3.26494 3.75279
-3.4437 -3.32554 3.93445
-3.38514 -3.38514 3.93445
-3.32554 -3.4437 3.93445
-3.26494 -3.50121 4.09477
-3.20333 -3.55766 4.09477
-3.14076 -3.61303 4.23415
-3.07722 -3.66729 4.23415
-3.01275 -3.72044 4.23415
-2.94736 -3.77245 4.35336
-2.88107 -3.82331 4.35336
-2.81391 -3.87301 4.45345
-2.74589 -3.92153 4.45345
-2.67703 -3.96886 4.45345
-2.60735 -4.01497 4.53555
-2.53689 -4.05987 4.53555
-2.46565 -4.10352 4.60076
-2.39365 -4.14593 4.60076
-2.32093 -4.18707 4.60076
-2.2475 -4.22694 4.65006
-2.17339 -4.26552 4.65006
-2.09862 -4.3028 4.68412
-2.0232 -4.33877 4.68412
-1.94717 -4.37342 4.68412
-1.87055 -4.40674 4.70326
-1.79336 -4.43871 4.70326
-1.71562 -4.46934 4.70736
-1.63736 -4.4986 4.70736
-1.55859 -4.52649 4.70736
-1.47936 -4.553 4.69586
-1.39967 -4.57812 4.69586
-1.31956 -4.60186 4.66785
-1.23905 -4.62418 4.66785
-1.15815 -4.6451 4.66785
-1.07691 -4.66461 4.62208
-0.995337 -4.68269 4.62208
-0.913461 -4.69935 4.55707
-0.831307 -4.71458 4.55707
-0.7489 -4.72837 4.55707
-0.666264 -4.74072 4.47131
-0.583426 -4.75162 4.47131
-0.50041 -4.76108 4.36332
-0.417241 -4.76909 4.36332
-0.333946 -4.77565 4.36332
-0.250548 -4.78075 4.23185
-0.167075 -4.78439 4.23185
-0.08355 -4.78658 4.07598
-8.79414e-16 -4.78731 4.07598
0.08355 -4.78658 4.07598
0.167075 -4.78439 3.8953
0.250548 -4.78075 3.8953
0.333946 -4.77565 3.69004
0.417241 -4.76909 3.69004
0.50041 -4.76108 3.69004
0.583426 -4.75162 3.46117
0.666264 -4.74072 3.46117
0.7489 -4.72837 3.21055
0.831307 -4.71458 3.21055
0.913461 -4.69935 3.21055
0.995337 -4.68269 2.94096
1.07691 -4.66461 2.94096
1.15815 -4.6451 2.65611
1.23905 -4.62418 2.65611
1.31956 -4.60186 2.65611
1.39967 -4.57812 2.36057
1.47936 -4.553 2.36057
1.55859 -4.52649 2.05964
1.63736 -4.4986 2.05964
1.71562 -4.46934 2.05964
1.79336 -4.43871 1.75923
1.87055 -4.40674 1.75923
1.94717 -4.37342 1.4656
2.0232 -4.33877 1.4656
2.09862 -4.3028 1.4656
2.17339 -4.26552 1.1852
2.2475 -4.22694 1.1852
2.32093 -4.18707 0.924432
2.39365 -4.14593 0.924432
2.46565 -4.10352 0.924432
2.53689 -4.05987 0.689405
2.60735 -4.01497 0.689405
2.67703 -3.96886 0.48568
2.74589 -3.92153 0.48568
2.81391 -3.87301 0.48568
2.88107 -3.82331 0.318013
2.94736 -3.77245 0.318013
3.01275 -3.72044 0.190199
3.07722 -3.66729 0.190199
3.14076 -3.61303 0.190199
3.20333 -3.55766 0.104947
3.26494 -3.50121 0.104947
3.32554 -3.4437 0.0638161
3.38514 -3.38514 0.0638161
3.4437 -3.32554 0.0638161
3.50121 -3.26494 0.0671751
3.55766 -3.20333 0.0671751
3.61303 -3.14076 0.114192
3.66729 -3.07722 0.114192
3.72044 -3.01275 0.114192
3.77245 -2.94736 0.202829
3.82331 -2.88107 0.202829
3.87301 -2.81391 0.329867
3.92153 -2.74589 0.329867
3.96886 -2.67703 0.329867
4.01497 -2.60735 0.490952
4.05987 -2.53689 0.490952
4.10352 -2.46565 0.680706
4.14593 -2.39365 0.680706
4.18707 -2.32093 0.680706
4.22694 -2.2475 0.892885
4.26552 -2.17339 0.892885
4.3028 -2.09862 1.12058
4.33877 -2.0232 1.12058
4.37342 -1.94717 1.12058
4.40674 -1.87055 1.35646
4.43871 -1.79336 1.35646
4.46934 -1.71562 1.59298
4.4986 -1.63736 1.59298
4.52649 -1.55859 1.59298
4.553 -1.47936 1.82265
4.57812 -1.39967 1.82265
4.60186 -1.31956 2.03826
4.62418 -1.23905 2.03826
4.6451 -1.15815 2.03826
4.66461 -1.07691 2.23308
4.68269 -0.995337 2.23308
4.69935 -0.913461 2.40112
4.71458 -0.831307 2.40112
4.72837 -0.7489 2.40112
4.74072 -0.666264 2.53726
4.75162 -0.583426 2.53726
4.76108 -0.50041 2.63744
4.76909 -0.417241 2.63744
4.77565 -0.333946 2.63744
4.78075 -0.250548 2.69871
4.78439 -0.167075 2.69871
4.78658 -0.08355 2.54214

4.8671 0 2.71932
4.86635 0.0849425 2.71932
4.86413 0.169859 2.69867
4.86043 0.254724 2.69867
4.85524 0.339511 2.63737
4.84858 0.424195 2.63737
4.84043 0.50875 2.63737
4.83082 0.59315 2.5372
4.81973 0.677369 2.5372
4.80717 0.761382 2.40111
4.79315 0.845162 2.40111
4.77767 0.928686 2.40111
4.76074 1.01193 2.23321
4.74235 1.09486 2.23321
4.72252 1.17746 2.03863
4.70125 1.2597 2.03863
4.67855 1.34155 2.03863
4.65443 1.423 1.82342
4.62888 1.50402 1.82342
4.60193 1.58457 1.59433
4.57357 1.66464 1.59433
4.54383 1.74421 1.59433
4.51269 1.82325 1.35865
4.48019 1.90173 1.35865
4.44631 1.97963 1.12393
4.41109 2.05692 1.12393
4.37452 2.13359 1.12393
4.33661 2.20962 0.897779
4.29739 2.28496 0.897779
4.25686 2.35961 0.687614
4.21503 2.43355 0.687614
4.17192 2.50674 0.687614
4.12753 2.57917 0.500417
4.08189 2.65081 0.500417
4.03501 2.72165 0.342501
3.98689 2.79165 0.342501
3.93756 2.86081 0.342501
3.88704 2.92909 0.219302
3.83532 2.99648 0.219302
3.78244 3.06296 0.135214
3.72841 3.12851 0.135214
3.67324 3.1931 0.135214
3.61696 3.25672 0.0934854
3.55957 3.31935 0.0934854
3.5011 3.38097 0.0961537
3.44156 3.44156 0.0961537
3.38097 3.5011 0.0961537
3.31935 3.55957 0.144031
3.25672 3.61696 0.144031
3.1931 3.67324 0.236702
3.12851 3.72841 0.236702
3.06296 3.78244 0.236702
2.99648 3.83532 0.372535
2.92909 3.88704 0.372535
2.86081 3.93756 0.548718
2.79165 3.98689 0.548718
2.72165 4.03501 0.548718
2.65081 4.08189 0.761332
2.57917 4.12753 0.761332
2.50674 4.17192 1.00547
2.43355 4.21503 1.00547
2.35961 4.25686 1.00547
2.28496 4.29739 1.27541
2.20962 4.33661 1.27541
2.13359 4.37452 1.56485
2.05692 4.41109 1.56485
1.97963 4.44631 1.56485
1.90173 4.48019 1.86721
1.82325 4.51269 1.86721
1.74421 4.54383 2.17582
1.66464 4.57357 2.17582
1.58457 4.60193 2.17582
1.50402 4.62888 2.4842
1.423 4.65443 2.4842
1.34155 4.67855 2.78626
1.2597 4.70125 2.78626
1.17746 4.72252 2.78626
1.09486 4.74235 3.07648
1.01193 4.76074 3.07648
0.928686 4.77767 3.35013
0.845162 4.79315 3.35013
0.761382 4.80717 3.35013
0.677369 4.81973 3.60335
0.59315 4.83082 3.60335
0.50875 4.84043 3.83324
0.424195 4.84858 3.83324
0.339511 4.85524 3.83324
0.254724 4.86043 4.03787
0.169859 4.86413 4.03787
0.0849425 4.86635 4.21622
2.98024e-16 4.8671 4.21622
-0.0849425 4.86635 4.21622
-0.169859 4.86413 4.36807
-0.254724 4.86043 4.36807
-0.339511 4.85524 4.49387
-0.424195 4.84858 4.49387
-0.50875 4.84043 4.49387
-0.59315 4.83082 4.59462
-0.677369 4.81973 4.59462
-0.761382 4.80717 4.67169
-0.845162 4.79315 4.67169
-0.928686 4.77767 4.67169
-1.01193 4.76074 4.72672
-1.09486 4.74235 4.72672
-1.17746 4.72252 4.76145
-1.2597 4.70125 4.76145
-1.34155 4.67855 4.76145
-1.423 4.65443 4.77754
-1.50402 4.62888 4.77754
-1.58457 4.60193 4.7765
-1.66464 4.57357 4.7765
-1.74421 4.54383 4.7765
-1.82325 4.51269 4.75952
-1.90173 4.48019 4.75952
-1.97963 4.44631 4.72741
-2.05692 4.41109 4.72741
-2.13359 4.37452 4.72741
-2.20962 4.33661 4.68053
-2.28496 4.29739 4.68053
-2.35961 4.25686 4.61884
-2.43355 4.21503 4.61884
-2.50674 4.17192 4.61884
-2.57917 4.12753 4.54187
-2.65081 4.08189 4.54187
-2.72165 4.03501 4.44887
-2.79165 3.98689 4.44887
-2.86081 3.93756 4.44887
-2.92909 3.88704 4.33889
-2.99648 3.83532 4.33889
-3.06296 3.78244 4.21094
-3.12851 3.72841 4.21094
-3.1931 3.67324 4.21094
-3.25672 3.61696 4.06407
-3.31935 3.55957 4.06407
-3.38097 3.5011 3.89757
-3.44156 3.44156 3.89757
-3.5011 3.38097 3.89757
-3.55957 3.31935 3.71106
-3.61696 3.25672 3.71106
-3.67324 3.1931 3.50469
-3.72841 3.12851 3.50469
-3.78244 3.06296 3.50469
-3.83532 2.99648 3.27922
-3.88704 2.92909 3.27922
-3.93756 2.86081 3.03622
-3.98689 2.79165 3.03622
-4.03501 2.72165 3.03622
-4.08189 2.65081 2.77806
-4.12753 2.57917 2.77806
-4.17192 2.50674 2.50796
-4.21503 2.43355 2.50796
-4.25686 2.35961 2.50796
-4.29739 2.28496 2.22999
-4.33661 2.20962 2.22999
-4.37452 2.13359 1.94892
-4.41109 2.05692 1.94892
-4.44631 1.97963 1.94892
-4.48019 1.90173 1.67008
-4.51269 1.82325 1.67008
-4.54383 1.74421 1.39925
-4.57357 1.66464 1.39925
-4.60193 1.58457 1.39925
-4.62888 1.50402 1.14241
-4.65443 1.423 1.14241
-4.67855 1.34155 0.90554
-4.70125 1.2597 0.90554
-4.72252 1.17746 0.90554
-4.74235 1.09486 0.69439
-4.76074 1.01193 0.69439
-4.77767 0.928686 0.514226
-4.79315 0.845162 0.514226
-4.80717 0.761382 0.514226
-4.81973 0.677369 0.369624
-4.83082 0.59315 0.369624
-4.84043 0.50875 0.264287
-4.84858 0.424195 0.264287
-4.85524 0.339511 0.264287
-4.86043 0.254724 0.200922
-4.86413 0.169859 0.200922
-4.86635 0.0849425 0.181176
-4.8671 5.96047e-16 0.181176
-4.86635 -0.0849425 0.181176
-4.86413 -0.169859 0.205597
-4.86043 -0.254724 0.205597
-4.85524 -0.339511 0.273633
-4.84858 -0.424195 0.273633
-4.84043 -0.50875 0.273633
-4.83082 -0.59315 0.383629
-4.81973 -0.677369 0.383629
-4.80717 -0.761382 0.53286
-4.79315 -0.845162 0.53286
-4.77767 -0.928686 0.53286
-4.76074 -1.01193 0.717591
-4.74235 -1.09486 0.717591
-4.72252 -1.17746 0.933202
-4.70125 -1.2597 0.933202
-4.67855 -1.34155 0.933202
-4.65443 -1.423 1.17436
-4.62888 -1.50402 1.17436
-4.60193 -1.58457 1.43524
-4.57357 -1.66464 1.43524
-4.54383 -1.74421 1.43524
-4.51269 -1.82325 1.70977
-4.48019 -1.90173 1.70977
-4.44631 -1.97963 1.99183
-4.41109 -2.05692 1.99183
-4.37452 -2.13359 1.99183
-4.33661 -2.20962 2.27555
-4.29739 -2.28496 2.27555
-4.25686 -2.35961 2.55543
-4.21503 -2.43355 2.55543
-4.17192 -2.50674 2.55543
-4.12753 -2.57917 2.82657
-4.08189 -2.65081 2.82657
-4.03501 -2.72165 3.08479
-3.98689 -2.79165 3.08479
-3.93756 -2.86081 3.08479
-3.88704 -2.92909 3.32674
-3.83532 -2.99648 3.32674
-3.78244 -3.06296 3.54995
-3.72841 -3.12851 3.54995
-3.67324 -3.1931 3.54995
-3.61696 -3.25672 3.75279
-3.55957 -3.31935 3.75279
-3.5011 -3.38097 3.93445
-3.44156 -3.44156 3.93445
-3.38097 -3.5011 3.93445
-3.31935 -3.55957 4.09477
-3.25672 -3.61696 4.09477
-3.1931 -3.67324 4.23415
-3.12851 -3.72841 4.23415
-3.06296 -3.78244 4.23415
-2.99648 -3.83532 4.35336
-2.92909 -3.88704 4.35336
-2.86081 -3.93756 4.45345
-2.79165 -3.98689 4.45345
-2.72165 -4.03501 4.45345
-2.65081 -4.08189 4.53555
-2.57917 -4.12753 4.53555
-2.50674 -4.17192 4.60076
-2.43355 -4.21503 4.60076
-2.35961 -4.25686 4.60076
-2.28496 -4.29739 4.65006
-2.20962 -4.33661 4.65006
-2.13359 -4.37452 4.68412
-2.05692 -4.41109 4.68412
-1.97963 -4.44631 4.68412
-1.90173 -4.48019 4.70326
-1.82325 -4.51269 4.70326
-1.74421 -4.54383 4.70736
-1.66464 -4.57357 4.70736
-1.58457 -4.60193 4.70736
-1.50402 -4.62888 4.69586
-1.423 -4.65443 4.69586
-1.34155 -4.67855 4.66785
-1.2597 -4.70125 4.66785
-1.17746 -4.72252 4.66785
-1.09486 -4.74235 4.62208
-1.01193 -4.76074 4.62208
-0.928686 -4.77767 4.55707
-0.845162 -4.79315 4.55707
-0.761382 -4.80717 4.55707
-0.677369 -4.81973 4.47131
-0.59315 -4.83082 4.47131
-0.50875 -4.84043 4.36332
-0.424195 -4.84858 4.36332
-0.339511 -4.85524 4.36332
-0.254724 -4.86043 4.23185
-0.169859 -4.86413 4.23185
-0.0849425 -4.86635 4.07598
-8.94071e-16 -4.8671 4.07598
0.0849425 -4.86635 4.07598
0.169859 -4.86413 3.8953
0.254724 -4.86043 3.8953
0.339511 -4.85524 3.69004
0.424195 -4.84858 3.69004
0.50875 -4.84043 3.69004
0.59315 -4.83082 3.46117
0.677369 -4.81973 3.46117
0.761382 -4.80717 3.21055
0.845162 -4.79315 3.21055
0.928686 -4.77767 3.21055
1.01193 -4.76074 2.94096
1.09486 -4.74235 2.94096
1.17746 -4.72252 2.65611
1.2597 -4.70125 2.65611
1.34155 -4.67855 2.65611
1.423 -4.65443 2.36057
1.50402 -4.62888 2.36057
1.58457 -4.60193 2.05964
1.66464 -4.57357 2.05964
1.74421 -4.54383 2.05964
1.82325 -4.51269 1.75923
1.90173 -4.48019 1.75923
1.97963 -4.44631 1.4656
2.05692 -4.41109 1.4656
2.13359 -4.37452 1.4656
2.20962 -4.33661 1.1852
2.28496 -4.29739 1.1852
2.35961 -4.25686 0.924432
2.43355 -4.21503 0.924432
2.50674 -4.17192 0.924432
2.57917 -4.12753 0.689405
2.65081 -4.08189 0.689405
2.72165 -4.03501 0.48568
2.79165 -3.98689 0.48568
2.86081 -3.93756 0.48568
2.92909 -3.88704 0.318013
2.99648 -3.83532 0.318013
3.06296 -3.78244 0.190199
3.12851 -3.72841 0.190199
3.1931 -3.67324 0.190199
3.25672 -3.61696 0.104947
3.31935 -3.55957 0.104947
3.38097 -3.5011 0.0638161
3.44156 -3.44156 0.0638161
3.5011 -3.38097 0.0638161
3.55957 -3.31935 0.0671751
3.61696 -3.25672 0.0671751
3.67324 -3.1931 0.114192
3.72841 -3.12851 0.114192
3.78244 -3.06296 0.114192
3.83532 -2.99648 0.202829
3.88704 -2.92909 0.202829
3.93756 -2.86081 0.329867
3.98689 -2.79165 0.329867
4.03501 -2.72165 0.329867
4.08189 -2.65081 0.490952
4.12753 -2.57917 0.490952
4.17192 -2.50674 0.680706
4.21503 -2.43355 0.680706
4.25686 -2.35961 0.680706
4.29739 -2.28496 0.892885
4.33661 -2.20962 0.892885
4.37452 -2.13359 1.12058
4.41109 -2.05692 1.12058
4.44631 -1.97963 1.12058
4.48019 -1.90173 1.35646
4.51269 -1.82325 1.35646
4.54383 -1.74421 1.59298
4.57357 -1.66464 1.59298
4.60193 -1.58457 1.59298
4.62888 -1.50402 1.82265
4.65443 -1.423 1.82265
4.67855 -1.34155 2.03826
4.70125 -1.2597 2.03826
4.72252 -1.17746 2.03826
4.74235 -1.09486 2.23308
4.76074 -1.01193 2.23308
4.77767 -0.928686 2.40112
4.79315 -0.845162 2.40112
4.80717 -0.761382 2.40112
4.81973 -0.677369 2.53726
4.83082 -0.59315 2.53726
4.84043 -0.50875 2.63744
4.84858 -0.424195 2.63744
4.85524 -0.339511 2.63744
4.86043 -0.254724 2.69871
4.86413 -0.169859 2.69871
4.86635 -0.0849425 2.54214

4.94688 0 2.9262
4.94613 0.086335 2.9262
4.94387 0.172644 2.90368
4.9401 0.2589 2.90368
4.93483 0.345077 2.83695
4.92806 0.431149 2.83695
4.91978 0.51709 2.72773
4.91001 0.602874 2.72773
4.89874 0.688473 2.72773
4.88598 0.773863 2.57889
4.87173 0.859017 2.57889
4.856 0.94391 2.39447
4.83878 1.02852 2.39447
4.8201 1.11281 2.39447
4.79994 1.19676 2.17958
4.77832 1.28035 2.17958
4.75525 1.36355 1.94032
4.73073 1.44633 1.94032
4.70477 1.52867 1.68355
4.67737 1.61055 1.68355
4.64855 1.69193 1.68355
4.61831 1.7728 1.41672
4.58667 1.85314 1.41672
4.55363 1.9329 1.14765
4.5192 2.01208 1.14765
4.4834 2.09064 1.14765
4.44623 2.16857 0.884265
4.40771 2.24584 0.884265
4.36784 2.32242 0.634436
4.32664 2.3983 0.634436
4.28413 2.47344 0.405702
4.24031 2.54783 0.405702
4.1952 2.62145 0.405702
4.14881 2.69427 0.205042
4.10115 2.76626 0.205042
4.05225 2.83742 0.0386432
4.00211 2.90771 0.0386432
3.95076 2.97711 0.0386432
3.8982 3.04561 -0.0882998
3.84445 3.11318 -0.0882998
3.78953 3.1798 -0.171716
3.73346 3.24545 -0.171716
3.67625 3.31011 -0.208727
3.61792 3.37377 -0.208727
3.55849 3.43639 -0.208727
3.49798 3.49798 -0.197663
3.43639 3.55849 -0.197663
3.37377 3.61792 -0.138059
3.31011 3.67625 -0.138059
3.24545 3.73346 -0.138059
3.1798 3.78953 -0.030644
3.11318 3.84445 -0.030644
3.04561 3.8982 0.122658
2.97711 3.95076 0.122658
2.90771 4.00211 0.318744
2.83742 4.05225 0.318744
2.76626 4.10115 0.318744
2.69427 4.14881 0.553381
2.62145 4.1952 0.553381
2.54783 4.24031 0.821328
2.47344 4.28413 0.821328
2.3983 4.32664 0.821328
2.32242 4.36784 1.1165
2.24584 4.40771 1.1165
2.16857 4.44623 1.43223
2.09064 4.4834 1.43223
2.01208 4.5192 1.76158
1.9329 4.55363 1.76158
1.85314 4.58667 1.76158
1.7728 4.61831 2.09755
1.69193 4.64855 2.09755
1.61055 4.67737 2.43333
1.52867 4.70477 2.43333
1.44633 4.73073 2.43333
1.36355 4.75525 2.76246
1.28035 4.77832 2.76246
1.19676 4.79994 3.0791
1.11281 4.8201 3.0791
1.02852 4.83878 3.37817
0.94391 4.856 3.37817
0.859017 4.87173 3.37817
0.773863 4.88598 3.65551
0.688473 4.89874 3.65551
0.602874 4.91001 3.90797
0.51709 4.91978 3.90797
0.431149 4.92806 3.90797
0.345077 4.93483 4.13345
0.2589 4.9401 4.13345
0.172644 4.94387 4.33083
0.086335 4.94613 4.33083
3.02909e-16 4.94688 4.49986
-0.086335 4.94613 4.49986
-0.172644 4.94387 4.49986
-0.2589 4.9401 4.64105
-0.345077 4.93483 4.64105
-0.431149 4.92806 4.75548
-0.51709 4.91978 4.75548
-0.602874 4.91001 4.75548
-0.688473 4.89874 4.84468
-0.773863 4.88598 4.84468
-0.859017 4.87173 4.91053
-0.94391 4.856 4.91053
-1.02852 4.83878 4.95504
-1.11281 4.8201 4.95504
-1.19676 4.79994 4.95504
-1.28035 4.77832 4.98027
-1.36355 4.75525 4.98027
-1.44633 4.73073 4.98815
-1.52867 4.70477 4.98815
-1.61055 4.67737 4.98815
-1.69193 4.64855 4.98035
-1.7728 4.61831 4.98035
-1.85314 4.58667 4.95814
-1.9329 4.55363 4.95814
-2.01208 4.5192 4.92233
-2.09064 4.4834 4.92233
-2.16857 4.44623 4.92233
-2.24584 4.40771 4.87321
-2.32242 4.36784 4.87321
-2.3983 4.32664 4.81059
-2.47344 4.28413 4.81059
-2.54783 4.24031 4.81059
-2.62145 4.1952 4.7338
-2.69427 4.14881 4.7338
-2.76626 4.10115 4.64182
-2.83742 4.05225 4.64182
-2.90771 4.00211 4.5334
-2.97711 3.95076 4.5334
-3.04561 3.8982 4.5334
-3.11318 3.84445 4.40722
-3.1798 3.78953 4.40722
-3.24545 3.73346 4.26194
-3.31011 3.67625 4.26194
-3.37377 3.61792 4.26194
-3.43639 3.55849 4.09641
-3.49798 3.49798 4.09641
-3.55849 3.43639 3.90977
-3.61792 3.37377 3.90977
-3.67625 3.31011 3.70162
-3.73346 3.24545 3.70162
-3.78953 3.1798 3.70162
-3.84445 3.11318 3.47219
-3.8982 3.04561 3.47219
-3.95076 2.97711 3.22245
-4.00211 2.90771 3.22245
-4.05225 2.83742 3.22245
-4.10115 2.76626 2.95425
-4.14881 2.69427 2.95425
-4.1952 2.62145 2.67036
-4.24031 2.54783 2.67036
-4.28413 2.47344 2.37446
-4.32664 2.3983 2.37446
-4.36784 2.32242 2.37446
-4.40771 2.24584 2.07105
-4.44623 2.16857 2.07105
-4.4834 2.09064 1.76535
-4.5192 2.01208 1.76535
-4.55363 1.9329 1.76535
-4.58667 1.85314 1.46312
-4.61831 1.7728 1.46312
-4.64855 1.69193 1.1705
-4.67737 1.61055 1.1705
-4.70477 1.52867 0.893822
-4.73073 1.44633 0.893822
-4.75525 1.36355 0.893822
-4.77832 1.28035 0.639355
-4.79994 1.19676 0.639355
-4.8201 1.11281 0.41309
-4.83878 1.02852 0.41309
-4.856 0.94391 0.41309
-4.87173 0.859017 0.220476
-4.88598 0.773863 0.220476
-4.89874 0.688473 0.0661928
-4.91001 0.602874 0.0661928
-4.91978 0.51709 -0.0460164
-4.92806 0.431149 -0.0460164
-4.93483 0.345077 -0.0460164
-4.9401 0.2589 -0.113445
-4.94387 0.172644 -0.113445
-4.94613 0.086335 -0.134464
-4.94688 6.05819e-16 -0.134464
-4.94613 -0.086335 -0.134464
-4.94387 -0.172644 -0.108527
-4.9401 -0.2589 -0.108527
-4.93483 -0.345077 -0.0361715
-4.92806 -0.431149 -0.0361715
-4.91978 -0.51709 -0.0361715
-4.91001 -0.602874 0.0809778
-4.89874 -0.688473 0.0809778
-4.88598 -0.773863 0.240209
-4.87173 -0.859017 0.240209
-4.856 -0.94391 0.437759
-4.83878 -1.02852 0.437759
-4.8201 -1.11281 0.437759
-4.79994 -1.19676 0.668914
-4.77832 -1.28035 0.668914
-4.75525 -1.36355 0.928174
-4.73073 -1.44633 0.928174
-4.70477 -1.52867 0.928174
-4.67737 -1.61055 1.20948
-4.64855 -1.69193 1.20948
-4.61831 -1.7728 1.50645
-4.58667 -1.85314 1.50645
-4.55363 -1.9329 1.81267
-4.5192 -2.01208 1.81267
-4.4834 -2.09064 1.81267
-4.44623 -2.16857 2.12184
-4.40771 -2.24584 2.12184
-4.36784 -2.32242 2.42807
-4.32664 -2.3983 2.42807
-4.28413 -2.47344 2.42807
-4.24031 -2.54783 2.726
-4.1952 -2.62145 2.726
-4.14881 -2.69427 3.01097
-4.10115 -2.76626 3.01097
-4.05225 -2.83742 3.27917
-4.00211 -2.90771 3.27917
-3.95076 -2.97711 3.27917
-3.8982 -3.04561 3.52771
-3.84445 -3.11318 3.52771
-3.78953 -3.1798 3.75464
-3.73346 -3.24545 3.75464
-3.67625 -3.31011 3.75464
-3.61792 -3.37377 3.95893
-3.55849 -3.43639 3.95893
-3.49798 -3.49798 4.1403
-3.43639 -3.55849 4.1403
-3.37377 -3.61792 4.29914
-3.31011 -3.67625 4.29914
-3.24545 -3.73346 4.29914
-3.1798 -3.78953 4.43632
-3.11318 -3.84445 4.43632
-3.04561 -3.8982 4.55308
-2.97711 -3.95076 4.55308
-2.90771 -4.00211 4.55308
-2.83742 -4.05225 4.65082
-2.76626 -4.10115 4.65082
-2.69427 -4.14881 4.73104
-2.62145 -4.1952 4.73104
-2.54783 -4.24031 4.79514
-2.47344 -4.28413 4.79514
-2.3983 -4.32664 4.79514
-2.32242 -4.36784 4.84436
-2.24584 -4.40771 4.84436
-2.16857 -4.44623 4.87959
-2.09064 -4.4834 4.87959
-2.01208 -4.5192 4.87959
-1.9329 -4.55363 4.9013
-1.85314 -4.58667 4.9013
-1.7728 -4.61831 4.90944
-1.69193 -4.64855 4.90944
-1.61055 -4.67737 4.9035
-1.52867 -4.70477 4.9035
-1.44633 -4.73073 4.9035
-1.36355 -4.75525 4.88246
-1.28035 -4.77832 4.88246
-1.19676 -4.79994 4.84491
-1.11281 -4.8201 4.84491
-1.02852 -4.83878 4.84491
-0.94391 -4.856 4.78918
-0.859017 -4.87173 4.78918
-0.773863 -4.88598 4.71341
-0.688473 -4.89874 4.71341
-0.602874 -4.91001 4.61576
-0.51709 -4.91978 4.61576
-0.431149 -4.92806 4.61576
-0.345077 -4.93483 4.49452
-0.2589 -4.9401 4.49452
-0.172644 -4.94387 4.34824
-0.086335 -4.94613 4.34824
-9.08728e-16 -4.94688 4.34824
0.086335 -4.94613 4.17589
0.172644 -4.94387 4.17589
0.2589 -4.9401 3.97701
0.345077 -4.93483 3.97701
0.431149 -4.92806 3.7518
0.51709 -4.91978 3.7518
0.602874 -4.91001 3.7518
0.688473 -4.89874 3.50133
0.773863 -4.88598 3.50133
0.859017 -4.87173 3.22761
0.94391 -4.856 3.22761
1.02852 -4.83878 3.22761
1.11281 -4.8201 2.93365
1.19676 -4.79994 2.93365
1.28035 -4.77832 2.62345
1.36355 -4.75525 2.62345
1.44633 -4.73073 2.30188
1.52867 -4.70477 2.30188
1.61055 -4.67737 2.30188
1.69193 -4.64855 1.97459
1.7728 -4.61831 1.97459
1.85314 -4.58667 1.64779
1.9329 -4.55363 1.64779
2.01208 -4.5192 1.64779
2.09064 -4.4834 1.3281
2.16857 -4.44623 1.3281
2.24584 -4.40771 1.02231
2.32242 -4.36784 1.02231
2.3983 -4.32664 0.737145
2.47344 -4.28413 0.737145
2.54783 -4.24031 0.737145
2.62145 -4.1952 0.479093
2.69427 -4.14881 0.479093
2.76626 -4.10115 0.254069
2.83742 -4.05225 0.254069
2.90771 -4.00211 0.254069
2.97711 -3.95076 0.0671631
3.04561 -3.8982 0.0671631
3.11318 -3.84445 -0.0775224
3.1798 -3.78953 -0.0775224
3.24545 -3.73346 -0.176987
3.31011 -3.67625 -0.176987
3.37377 -3.61792 -0.176987
3.43639 -3.55849 -0.229381
3.49798 -3.49798 -0.229381
3.55849 -3.43639 -0.234025
3.61792 -3.37377 -0.234025
3.67625 -3.31011 -0.234025
3.73346 -3.24545 -0.191404
3.78953 -3.1798 -0.191404
3.84445 -3.11318 -0.103184
3.8982 -3.04561 -0.103184
3.95076 -2.97711 0.0277826
4.00211 -2.90771 0.0277826
4.05225 -2.83742 0.0277826
4.10115 -2.76626 0.197469
4.14881 -2.69427 0.197469
4.1952 -2.62145 0.400741
4.24031 -2.54783 0.400741
4.28413 -2.47344 0.400741
4.32664 -2.3983 0.631488
4.36784 -2.32242 0.631488
4.40771 -2.24584 0.882811
4.44623 -2.16857 0.882811
4.4834 -2.09064 1.14725
4.5192 -2.01208 1.14725
4.55363 -1.9329 1.14725
4.58667 -1.85314 1.41704
4.61831 -1.7728 1.41704
4.64855 -1.69193 1.6843
4.67737 -1.61055 1.6843
4.70477 -1.52867 1.6843
4.73073 -1.44633 1.94129
4.75525 -1.36355 1.94129
4.77832 -1.28035 2.18063
4.79994 -1.19676 2.18063
4.8201 -1.11281 2.39547
4.83878 -1.02852 2.39547
4.856 -0.94391 2.39547
4.87173 -0.859017 2.57976
4.88598 -0.773863 2.57976
4.89874 -0.688473 2.72842
4.91001 -0.602874 2.72842
4.91978 -0.51709 2.72842
4.92806 -0.431149 2.83743
4.93483 -0.345077 2.83743
4.9401 -0.2589 2.90393
4.94387 -0.172644 2.90393
4.94613 -0.086335 2.71932

5.02667 0 2.9262
5.02591 0.0877275 2.9262
5.02361 0.175428 2.90368
5.01978 0.263076 2.90368
5.01443 0.350643 2.83695
5.00754 0.438103 2.83695
4.99914 0.52543 2.72773
4.9892 0.612597 2.72773
4.97775 0.699578 2.72773
4.96479 0.786345 2.57889
4.95031 0.872873 2.57889
4.93432 0.959134 2.39447
4.91683 1.0451 2.39447
4.89784 1.13076 2.39447
4.87736 1.21606 2.17958
4.85539 1.301 2.17958
4.83195 1.38554 1.94032
4.80703 1.46966 1.94032
4.78065 1.55333 1.68355
4.75281 1.63652 1.68355
4.72353 1.71922 1.68355
4.6928 1.8014 1.41672
4.66065 1.88302 1.41672
4.62708 1.96408 1.14765
4.59209 2.04453 1.14765
4.55571 2.12436 1.14765
4.51794 2.20355 0.884265
4.4788 2.28206 0.884265
4.43829 2.35988 0.634436
4.39643 2.43698 0.634436
4.35323 2.51334 0.405702
4.3087 2.58893 0.405702
4.26286 2.66373 0.405702
4.21572 2.73772 0.205042
4.1673 2.81088 0.205042
4.11761 2.88318 0.0386432
4.06666 2.9546 0.0386432
4.01448 3.02513 0.0386432
3.96107 3.09473 -0.0882998
3.90646 3.16339 -0.0882998
3.85065 3.23108 -0.171716
3.79368 3.29779 -0.171716
3.73555 3.3635 -0.208727
3.67628 3.42818 -0.208727
3.61589 3.49182 -0.208727
3.55439 3.55439 -0.197663
3.49182 3.61589 -0.197663
3.42818 3.67628 -0.138059
3.3635 3.73555 -0.138059
3.29779 3.79368 -0.138059
3.23108 3.85065 -0.030644
3.16339 3.90646 -0.030644
3.09473 3.96107 0.122658
3.02513 4.01448 0.122658
2.9546 4.06666 0.318744
2.88318 4.11761 0.318744
2.81088 4.1673 0.318744
2.73772 4.21572 0.553381
2.66373 4.26286 0.553381
2.58893 4.3087 0.821328
2.51334 4.35323 0.821328
2.43698 4.39643 0.821328
2.35988 4.43829 1.1165
2.28206 4.4788 1.1165
2.20355 4.51794 1.43223
2.12436 4.55571 1.43223
2.04453 4.59209 1.76158
1.96408 4.62708 1.76158
1.88302 4.66065 1.76158
1.8014 4.6928 2.09755
1.71922 4.72353 2.09755
1.63652 4.75281 2.43333
1.55333 4.78065 2.43333
1.46966 4.80703 2.43333
1.38554 4.83195 2.76246
1.301 4.85539 2.76246
1.21606 4.87736 3.0791
1.13076 4.89784 3.0791
1.0451 4.91683 3.37817
0.959134 4.93432 3.37817
0.872873 4.95031 3.37817
0.786345 4.96479 3.65551
0.699578 4.97775 3.65551
0.612597 4.9892 3.90797
0.52543 4.99914 3.90797
0.438103 5.00754 3.90797
0.350643 5.01443 4.13345
0.263076 5.01978 4.13345
0.175428 5.02361 4.33083
0.0877275 5.02591 4.33083
3.07795e-16 5.02667 4.49986
-0.0877275 5.02591 4.49986
-0.175428 5.02361 4.49986
-0.263076 5.01978 4.64105
-0.350643 5.01443 4.64105
-0.438103 5.00754 4.75548
-0.52543 4.99914 4.75548
-0.612597 4.9892 4.75548
-0.699578 4.97775 4.84468
-0.786345 4.96479 4.84468
-0.872873 4.95031 4.91053
-0.959134 4.93432 4.91053
-1.0451 4.91683 4.95504
-1.13076 4.89784 4.95504
-1.21606 4.87736 4.95504
-1.301 4.85539 4.98027
-1.38554 4.83195 4.98027
-1.46966 4.80703 4.98815
-1.55333 4.78065 4.98815
-1.63652 4.75281 4.98815
-1.71922 4.72353 4.98035
-1.8014 4.6928 4.98035
-1.88302 4.66065 4.95814
-1.96408 4.62708 4.95814
-2.04453 4.59209 4.92233
-2.12436 4.55571 4.92233
-2.20355 4.51794 4.92233
-2.28206 4.4788 4.87321
-2.35988 4.43829 4.87321
-2.43698 4.39643 4.81059
-2.51334 4.35323 4.81059
-2.58893 4.3087 4.81059
-2.66373 4.26286 4.7338
-2.73772 4.21572 4.7338
-2.81088 4.1673 4.64182
-2.88318 4.11761 4.64182
-2.9546 4.06666 4.5334
-3.02513 4.01448 4.5334
-3.09473 3.96107 4.5334
-3.16339 3.90646 4.40722
-3.23108 3.85065 4.40722
-3.29779 3.79368 4.26194
-3.3635 3.73555 4.26194
-3.42818 3.67628 4.26194
-3.49182 3.61589 4.09641
-3.55439 3.55439 4.09641
-3.61589 3.49182 3.90977
-3.67628 3.42818 3.90977
-3.73555 3.3635 3.70162
-3.79368 3.29779 3.70162
-3.85065 3.23108 3.70162
-3.90646 3.16339 3.47219
-3.96107 3.09473 3.47219
-4.01448 3.02513 3.22245
-4.06666 2.9546 3.22245
-4.11761 2.88318 3.22245
-4.1673 2.81088 2.95425
-4.21572 2.73772 2.95425
-4.26286 2.66373 2.67036
-4.3087 2.58893 2.67036
-4.35323 2.51334 2.37446
-4.39643 2.43698 2.37446
-4.43829 2.35988 2.37446
-4.4788 2.28206 2.07105
-4.51794 2.20355 2.07105
-4.55571 2.12436 1.76535
-4.59209 2.04453 1.76535
-4.62708 1.96408 1.76535
-4.66065 1.88302 1.46312
-4.6928 1.8014 1.46312
-4.72353 1.71922 1.1705
-4.75281 1.63652 1.1705
-4.78065 1.55333 0.893822
-4.80703 1.46966 0.893822
-4.83195 1.38554 0.893822
-4.85539 1.301 0.639355
-4.87736 1.21606 0.639355
-4.89784 1.13076 0.41309
-4.91683 1.0451 0.41309
-4.93432 0.959134 0.41309
-4.95031 0.872873 0.220476
-4.96479 0.786345 0.220476
-4.97775 0.699578 0.0661928
-4.9892 0.612597 0.0661928
-4.99914 0.52543 -0.0460164
-5.00754 0.438103 -0.0460164
-5.01443 0.350643 -0.0460164
-5.01978 0.263076 -0.113445
-5.02361 0.175428 -0.113445
-5.02591 0.0877275 -0.134464
-5.02667 6.1559e-16 -0.134464
-5.02591 -0.0877275 -0.134464
-5.02361 -0.175428 -0.108527
-5.01978 -0.263076 -0.108527
-5.01443 -0.350643 -0.0361715
-5.00754 -0.438103 -0.0361715
-4.99914 -0.52543 -0.0361715
-4.9892 -0.612597 0.0809778
-4.97775 -0.699578 0.0809778
-4.96479 -0.786345 0.240209
-4.95031 -0.872873 0.240209
-4.93432 -0.959134 0.437759
-4.91683 -1.0451 0.437759
-4.89784 -1.13076 0.437759
-4.87736 -1.21606 0.668914
-4.85539 -1.301 0.668914
-4.83195 -1.38554 0.928174
-4.80703 -1.46966 0.928174
-4.78065 -1.55333 0.928174
-4.75281 -1.63652 1.20948
-4.72353 -1.71922 1.20948
-4.6928 -1.8014 1.50645
-4.66065 -1.88302 1.50645
-4.62708 -1.96408 1.81267
-4.59209 -2.04453 1.81267
-4.55571 -2.12436 1.81267
-4.51794 -2.20355 2.12184
-4.4788 -2.28206 2.12184
-4.43829 -2.35988 2.42807
-4.39643 -2.43698 2.42807
-4.35323 -2.51334 2.42807
-4.3087 -2.58893 2.726
-4.26286 -2.66373 2.726
-4.21572 -2.73772 3.01097
-4.1673 -2.81088 3.01097
-4.11761 -2.88318 3.27917
-4.06666 -2.9546 3.27917
-4.01448 -3.02513 3.27917
-3.96107 -3.09473 3.52771
-3.90646 -3.16339 3.52771
-3.85065 -3.23108 3.75464
-3.79368 -3.29779 3.75464
-3.73555 -3.3635 3.75464
-3.67628 -3.42818 3.95893
-3.61589 -3.49182 3.95893
-3.55439 -3.55439 4.1403
-3.49182 -3.61589 4.1403
-3.42818 -3.67628 4.29914
-3.3635 -3.73555 4.29914
-3.29779 -3.79368 4.29914
-3.23108 -3.85065 4.43632
-3.16339 -3.90646 4.43632
-3.09473 -3.96107 4.55308
-3.02513 -4.01448 4.55308
-2.9546 -4.06666 4.55308
-2.88318 -4.11761 4.65082
-2.81088 -4.1673 4.65082
-2.73772 -4.21572 4.73104
-2.66373 -4.26286 4.73104
-2.58893 -4.3087 4.79514
-2.51334 -4.35323 4.79514
-2.43698 -4.39643 4.79514
-2.35988 -4.43829 4.84436
-2.28206 -4.4788 4.84436
-2.20355 -4.51794 4.87959
-2.12436 -4.55571 4.87959
-2.04453 -4.59209 4.87959
-1.96408 -4.62708 4.9013
-1.88302 -4.66065 4.9013
-1.8014 -4.6928 4.90944
-1.71922 -4.72353 4.90944
-1.63652 -4.75281 4.9035
-1.55333 -4.78065 4.9035
-1.46966 -4.80703 4.9035
-1.38554 -4.83195 4.88246
-1.301 -4.85539 4.88246
-1.21606 -4.87736 4.84491
-1.13076 -4.89784 4.84491
-1.0451 -4.91683 4.84491
-0.959134 -4.93432 4.78918
-0.872873 -4.95031 4.78918
-0.786345 -4.96479 4.71341
-0.699578 -4.97775 4.71341
-0.612597 -4.9892 4.61576
-0.52543 -4.99914 4.61576
-0.438103 -5.00754 4.61576
-0.350643 -5.01443 4.49452
-0.263076 -5.01978 4.49452
-0.175428 -5.02361 4.34824
-0.0877275 -5.02591 4.34824
-9.23385e-16 -5.02667 4.34824
0.0877275 -5.02591 4.17589
0.175428 -5.02361 4.17589
0.263076 -5.01978 3.97701
0.350643 -5.01443 3.97701
0.438103 -5.00754 3.7518
0.52543 -4.99914 3.7518
0.612597 -4.9892 3.7518
0.699578 -4.97775 3.50133
0.786345 -4.96479 3.50133
0.872873 -4.95031 3.22761
0.959134 -4.93432 3.22761
1.0451 -4.91683 3.22761
1.13076 -4.89784 2.93365
1.21606 -4.87736 2.93365
1.301 -4.85539 2.62345
1.38554 -4.83195 2.62345
1.46966 -4.80703 2.30188
1.55333 -4.78065 2.30188
1.63652 -4.75281 2.30188
1.71922 -4.72353 1.97459
1.8014 -4.6928 1.97459
1.88302 -4.66065 1.64779
1.96408 -4.62708 1.64779
2.04453 -4.59209 1.64779
2.12436 -4.55571 1.3281
2.20355 -4.51794 1.3281
2.28206 -4.4788 1.02231
2.35988 -4.43829 1.02231
2.43698 -4.39643 0.737145
2.51334 -4.35323 0.737145
2.58893 -4.3087 0.737145
2.66373 -4.26286 0.479093
2.73772 -4.21572 0.479093
2.81088 -4.1673 0.254069
2.88318 -4.11761 0.254069
2.9546 -4.06666 0.254069
3.02513 -4.01448 0.0671631
3.09473 -3.96107 0.0671631
3.16339 -3.90646 -0.0775224
3.23108 -3.85065 -0.0775224
3.29779 -3.79368 -0.176987
3.3635 -3.73555 -0.176987
3.42818 -3.67628 -0.176987
3.49182 -3.61589 -0.229381
3.55439 -3.55439 -0.229381
3.61589 -3.49182 -0.234025
3.67628 -3.42818 -0.234025
3.73555 -3.3635 -0.234025
3.79368 -3.29779 -0.191404
3.85065 -3.23108 -0.191404
3.90646 -3.16339 -0.103184
3.96107 -3.09473 -0.103184
4.01448 -3.02513 0.0277826
4.06666 -2.9546 0.0277826
4.11761 -2.88318 0.0277826
4.1673 -2.81088 0.197469
4.21572 -2.73772 0.197469
4.26286 -2.66373 0.400741
4.3087 -2.58893 0.400741
4.35323 -2.51334 0.400741
4.39643 -2.43698 0.631488
4.43829 -2.35988 0.631488
4.4788 -2.28206 0.882811
4.51794 -2.20355 0.882811
4.55571 -2.12436 1.14725
4.59209 -2.04453 1.14725
4.62708 -1.96408 1.14725
4.66065 -1.88302 1.41704
4.6928 -1.8014 1.41704
4.72353 -1.71922 1.6843
4.75281 -1.63652 1.6843
4.78065 -1.55333 1.6843
4.80703 -1.46966 1.94129
4.83195 -1.38554 1.94129
4.85539 -1.301 2.18063
4.87736 -1.21606 2.18063
4.89784 -1.13076 2.39547
4.91683 -1.0451 2.39547
4.93432 -0.959134 2.39547
4.95031 -0.872873 2.57976
4.96479 -0.786345 2.57976
4.97775 -0.699578 2.72842
4.9892 -0.612597 2.72842
4.99914 -0.52543 2.72842
5.00754 -0.438103 2.83743
5.01443 -0.350643 2.83743
5.01978 -0.263076 2.90393
5.02361 -0.175428 2.90393
5.02591 -0.0877275 2.71932

5.10646 0 3.16509
5.10568 0.08912 3.16509
5.10335 0.178213 3.14069
5.09946 0.267252 3.14069
5.09402 0.356209 3.06847
5.08703 0.445057 3.06847
5.07849 0.533771 2.95004
5.0684 0.622321 2.95004
5.05677 0.710682 2.95004
5.04359 0.798827 2.78818
5.02888 0.886728 2.78818
5.01264 0.974359 2.5868
4.99487 1.06169 2.5868
4.97558 1.1487 2.351
4.95478 1.23536 2.351
4.93246 1.32165 2.08689
4.90865 1.40753 2.08689
4.88333 1.49298 2.08689
4.85653 1.57798 1.80144
4.82825 1.6625 1.80144
4.7985 1.74651 1.50227
4.76729 1.82999 1.50227
4.73463 1.91291 1.19741
4.70052 1.99525 1.19741
4.66498 2.07698 1.19741
4.62803 2.15808 0.895099
4.58966 2.23853 0.895099
4.54989 2.31828 0.60359
4.50874 2.39734 0.60359
4.46621 2.47566 0.330941
4.42233 2.55323 0.330941
4.37709 2.63002 0.330941
4.33052 2.70601 0.0847766
4.28264 2.78118 0.0847766
4.23345 2.8555 -0.127969
4.18297 2.92895 -0.127969
4.13121 3.0015 -0.301293
4.0782 3.07315 -0.301293
4.02395 3.14385 -0.301293
3.96847 3.2136 -0.430306
3.91178 3.28237 -0.430306
3.8539 3.35014 -0.511322
3.79484 3.41689 -0.511322
3.73463 3.4826 -0.541869
3.67328 3.54725 -0.541869
3.61081 3.61081 -0.52066
3.54725 3.67328 -0.52066
3.4826 3.73463 -0.52066
3.41689 3.79484 -0.447555
3.35014 3.8539 -0.447555
3.28237 3.91178 -0.323564
3.2136 3.96847 -0.323564
3.14385 4.02395 -0.150863
3.07315 4.0782 -0.150863
3.0015 4.13121 -0.150863
2.92895 4.18297 0.067176
2.8555 4.23345 0.067176
2.78118 4.28264 0.326008
2.70601 4.33052 0.326008
2.63002 4.37709 0.620031
2.55323 4.42233 0.620031
2.47566 4.46621 0.620031
2.39734 4.50874 0.942761
2.31828 4.54989 0.942761
2.23853 4.58966 1.28713
2.15808 4.62803 1.28713
2.07698 4.66498 1.64582
1.99525 4.70052 1.64582
1.91291 4.73463 1.64582
1.82999 4.76729 2.01148
1.74651 4.7985 2.01148
1.6625 4.82825 2.37691
1.57798 4.85653 2.37691
1.49298 4.88333 2.73534
1.40753 4.90865 2.73534
1.32165 4.93246 3.08053
1.23536 4.95478 3.08053
1.1487 4.97558 3.08053
1.06169 4.99487 3.40701
0.974359 5.01264 3.40701
0.886728 5.02888 3.71027
0.798827 5.04359 3.71027
0.710682 5.05677 3.98687
0.622321 5.0684 3.98687
0.533771 5.07849 3.98687
0.445057 5.08703 4.23449
0.356209 5.09402 4.23449
0.267252 5.09946 4.45189
0.178213 5.10335 4.45189
0.08912 5.10568 4.63882
3.12681e-16 5.10646 4.63882
-0.08912 5.10568 4.63882
-0.178213 5.10335 4.7958
-0.267252 5.09946 4.7958
-0.356209 5.09402 4.92403
-0.445057 5.08703 4.92403
-0.533771 5.07849 5.02518
-0.622321 5.0684 5.02518
-0.710682 5.05677 5.02518
-0.798827 5.04359 5.1013
-0.886728 5.02888 5.1013
-0.974359 5.01264 5.15468
-1.06169 4.99487 5.15468
-1.1487 4.97558 5.18773
-1.23536 4.95478 5.18773
-1.32165 4.93246 5.20282
-1.40753 4.90865 5.20282
-1.49298 4.88333 5.20282
-1.57798 4.85653 5.20211
-1.6625 4.82825 5.20211
-1.74651 4.7985 5.18743
-1.82999 4.76729 5.18743
-1.91291 4.73463 5.16013
-1.99525 4.70052 5.16013
-2.07698 4.66498 5.16013
-2.15808 4.62803 5.12101
-2.23853 4.58966 5.12101
-2.31828 4.54989 5.07024
-2.39734 4.50874 5.07024
-2.47566 4.46621 5.00748
-2.55323 4.42233 5.00748
-2.63002 4.37709 5.00748
-2.70601 4.33052 4.93182
-2.78118 4.28264 4.93182
-2.8555 4.23345 4.84197
-2.92895 4.18297 4.84197
-3.0015 4.13121 4.7364
-3.07315 4.0782 4.7364
-3.14385 4.02395 4.7364
-3.2136 3.96847 4.61341
-3.28237 3.91178 4.61341
-3.35014 3.8539 4.47131
-3.41689 3.79484 4.47131
-3.4826 3.73463 4.30851
-3.54725 3.67328 4.30851
-3.61081 3.61081 4.12367
-3.67328 3.54725 4.12367
-3.73463 3.4826 4.12367
-3.79484 3.41689 3.91585
-3.8539 3.35014 3.91585
-3.91178 3.28237 3.68467
-3.96847 3.2136 3.68467
-4.02395 3.14385 3.43051
-4.0782 3.07315 3.43051
-4.13121 3.0015 3.43051
-4.18297 2.92895 3.15461
-4.23345 2.8555 3.15461
-4.28264 2.78118 2.85923
-4.33052 2.70601 2.85923
-4.37709 2.63002 2.54759
-4.42233 2.55323 2.54759
-4.46621 2.47566 2.54759
-4.50874 2.39734 2.22389
-4.54989 2.31828 2.22389
-4.58966 2.23853 1.89314
-4.62803 2.15808 1.89314
-4.66498 2.07698 1.561
-4.70052 1.99525 1.561
-4.73463 1.91291 1.561
-4.76729 1.82999 1.23369
-4.7985 1.74651 1.23369
-4.82825 1.6625 0.917722
-4.85653 1.57798 0.917722
-4.88333 1.49298 0.619791
-4.90865 1.40753 0.619791
-4.93246 1.32165 0.346503
-4.95478 1.23536 0.346503
-4.97558 1.1487 0.346503
-4.99487 1.06169 0.104118
-5.01264 0.974359 0.104118
-5.02888 0.886728 -0.101727
-5.04359 0.798827 -0.101727
-5.05677 0.710682 -0.266253
-5.0684 0.622321 -0.266253
-5.07849 0.533771 -0.266253
-5.08703 0.445057 -0.385703
-5.09402 0.356209 -0.385703
-5.09946 0.267252 -0.457406
-5.10335 0.178213 -0.457406
-5.10568 0.08912 -0.479778
-5.10646 6.25361e-16 -0.479778
-5.10568 -0.08912 -0.479778
-5.10335 -0.178213 -0.452288
-5.09946 -0.267252 -0.452288
-5.09402 -0.356209 -0.375443
-5.08703 -0.445057 -0.375443
-5.07849 -0.533771 -0.250813
-5.0684 -0.622321 -0.250813
-5.05677 -0.710682 -0.250813
-5.04359 -0.798827 -0.0810613
-5.02888 -0.886728 -0.0810613
-5.01264 -0.974359 0.13005
-4.99487 -1.06169 0.13005
-4.97558 -1.1487 0.377721
-4.95478 -1.23536 0.377721
-4.93246 -1.32165 0.377721
-4.90865 -1.40753 0.656272
-4.88333 -1.49298 0.656272
-4.85653 -1.57798 0.959379
-4.82825 -1.6625 0.959379
-4.7985 -1.74651 1.28035
-4.76729 -1.82999 1.28035
-4.73463 -1.91291 1.61239
-4.70052 -1.99525 1.61239
-4.66498 -2.07698 1.61239
-4.62803 -2.15808 1.94884
-4.58966 -2.23853 1.94884
-4.54989 -2.31828 2.28335
-4.50874 -2.39734 2.28335
-4.46621 -2.47566 2.61009
-4.42233 -2.55323 2.61009
-4.37709 -2.63002 2.61009
-4.33052 -2.70601 2.92388
-4.28264 -2.78118 2.92388
-4.23345 -2.8555 3.22039
-4.18297 -2.92895 3.22039
-4.13121 -3.0015 3.49623
-4.0782 -3.07315 3.49623
-4.02395 -3.14385 3.49623
-3.96847 -3.2136 3.74904
-3.91178 -3.28237 3.74904
-3.8539 -3.35014 3.97747
-3.79484 -3.41689 3.97747
-3.73463 -3.4826 4.18108
-3.67328 -3.54725 4.18108
-3.61081 -3.61081 4.18108
-3.54725 -3.67328 4.36021
-3.4826 -3.73463 4.36021
-3.41689 -3.79484 4.51577
-3.35014 -3.8539 4.51577
-3.28237 -3.91178 4.64915
-3.2136 -3.96847 4.64915
-3.14385 -4.02395 4.76198
-3.07315 -4.0782 4.76198
-3.0015 -4.13121 4.76198
-2.92895 -4.18297 4.85606
-2.8555 -4.23345 4.85606
-2.78118 -4.28264 4.93323
-2.70601 -4.33052 4.93323
-2.63002 -4.37709 4.9952
-2.55323 -4.42233 4.9952
-2.47566 -4.46621 4.9952
-2.39734 -4.50874 5.04348
-2.31828 -4.54989 5.04348
-2.23853 -4.58966 5.07922
-2.15808 -4.62803 5.07922
-2.07698 -4.66498 5.10304
-1.99525 -4.70052 5.10304
-1.91291 -4.73463 5.10304
-1.82999 -4.76729 5.11502
-1.74651 -4.7985 5.11502
-1.6625 -4.82825 5.11465
-1.57798 -4.85653 5.11465
-1.49298 -4.88333 5.10087
-1.40753 -4.90865 5.10087
-1.32165 -4.93246 5.10087
-1.23536 -4.95478 5.07213
-1.1487 -4.97558 5.07213
-1.06169 -4.99487 5.0265
-0.974359 -5.01264 5.0265
-0.886728 -5.02888 4.96187
-0.798827 -5.04359 4.96187
-0.710682 -5.05677 4.87602
-0.622321 -5.0684 4.87602
-0.533771 -5.07849 4.87602
-0.445057 -5.08703 4.76681
-0.356209 -5.09402 4.76681
-0.267252 -5.09946 4.63233
-0.178213 -5.10335 4.63233
-0.08912 -5.10568 4.47095
-9.38042e-16 -5.10646 4.47095
0.08912 -5.10568 4.47095
0.178213 -5.10335 4.28154
0.267252 -5.09946 4.28154
0.356209 -5.09402 4.06355
0.445057 -5.08703 4.06355
0.533771 -5.07849 3.81721
0.622321 -5.0684 3.81721
0.710682 -5.05677 3.81721
0.798827 -5.04359 3.54368
0.886728 -5.02888 3.54368
0.974359 -5.01264 3.24516
1.06169 -4.99487 3.24516
1.1487 -4.97558 2.92493
1.23536 -4.95478 2.92493
1.32165 -4.93246 2.92493
1.40753 -4.90865 2.58732
1.49298 -4.88333 2.58732
1.57798 -4.85653 2.23758
1.6625 -4.82825 2.23758
1.74651 -4.7985 1.88172
1.82999 -4.76729 1.88172
1.91291 -4.73463 1.52629
1.99525 -4.70052 1.52629
2.07698 -4.66498 1.52629
2.15808 -4.62803 1.17826
2.23853 -4.58966 1.17826
2.31828 -4.54989 0.844765
2.39734 -4.50874 0.844765
2.47566 -4.46621 0.532928
2.55323 -4.42233 0.532928
2.63002 -4.37709 0.532928
2.70601 -4.33052 0.249627
2.78118 -4.28264 0.249627
2.8555 -4.23345 0.00117638
2.92895 -4.18297 0.00117638
3.0015 -4.13121 -0.206977
3.07315 -4.0782 -0.206977
3.14385 -4.02395 -0.206977
3.2136 -3.96847 -0.370423
3.28237 -3.91178 -0.370423
3.35014 -3.8539 -0.485898
3.41689 -3.79484 -0.485898
3.4826 -3.73463 -0.551301
3.54725 -3.67328 -0.551301
3.61081 -3.61081 -0.551301
3.67328 -3.54725 -0.565674
3.73463 -3.4826 -0.565674
3.79484 -3.41689 -0.529175
3.8539 -3.35014 -0.529175
3.91178 -3.28237 -0.443088
3.96847 -3.2136 -0.443088
4.02395 -3.14385 -0.309856
4.0782 -3.07315 -0.309856
4.13121 -3.0015 -0.309856
4.18297 -2.92895 -0.133119
4.23345 -2.8555 -0.133119
4.28264 -2.78118 0.0822937
4.33052 -2.70601 0.0822937
4.37709 -2.63002 0.330461
4.42233 -2.55323 0.330461
4.46621 -2.47566 0.330461
4.50874 -2.39734 0.604538
4.54989 -2.31828 0.604538
4.58966 -2.23853 0.896994
4.62803 -2.15808 0.896994
4.66498 -2.07698 1.19987
4.70052 -1.99525 1.19987
4.73463 -1.91291 1.19987
4.76729 -1.82999 1.50498
4.7985 -1.74651 1.50498
4.82825 -1.6625 1.80418
4.85653 -1.57798 1.80418
4.88333 -1.49298 2.0895
4.90865 -1.40753 2.0895
4.93246 -1.32165 2.0895
4.95478 -1.23536 2.35337
4.97558 -1.1487 2.35337
4.99487 -1.06169 2.58886
5.01264 -0.974359 2.58886
5.02888 -0.886728 2.78986
5.04359 -0.798827 2.78986
5.05677 -0.710682 2.95133
5.0684 -0.622321 2.95133
5.07849 -0.533771 2.95133
5.08703 -0.445057 3.06933
5.09402 -0.356209 3.06933
5.09946 -0.267252 3.14112
5.10335 -0.178213 3.14112
5.10568 -0.08912 2.9262

5.18625 0 3.16509
5.18546 0.0905125 3.16509
5.18309 0.180998 3.14069
5.17914 0.271427 3.14069
5.17362 0.361774 3.06847
5.16651 0.452011 3.06847
5.15784 0.542111 2.95004
5.14759 0.632045 2.95004
5.13578 0.721786 2.95004
5.1224 0.811308 2.78818
5.10746 0.900583 2.78818
5.09096 0.989583 2.5868
5.07292 1.07828 2.5868
5.05333 1.16665 2.351
5.0322 1.25467 2.351
5.00953 1.3423 2.08689
4.98534 1.42952 2.08689
4.95964 1.51631 2.08689
4.93242 1.60264 1.80144
4.9037 1.68848 1.80144
4.87348 1.7738 1.50227
4.84178 1.85859 1.50227
4.80861 1.9428 1.19741
4.77397 2.02643 1.19741
4.73787 2.10944 1.19741
4.70034 2.1918 0.895099
4.66137 2.2735 0.895099
4.62098 2.35451 0.60359
4.57919 2.4348 0.60359
4.536 2.51434 0.330941
4.49142 2.59312 0.330941
4.44548 2.67112 0.330941
4.39819 2.74829 0.0847766
4.34955 2.82463 0.0847766
4.2996 2.90011 -0.127969
4.24833 2.97471 -0.127969
4.19576 3.0484 -0.301293
4.14192 3.12116 -0.301293
4.08682 3.19297 -0.301293
4.03047 3.26381 -0.430306
3.9729 3.33366 -0.430306
3.91411 3.40249 -0.511322
3.85413 3.47028 -0.511322
3.79298 3.53701 -0.541869
3.73068 3.60267 -0.541869
3.66723 3.66723 -0.52066
3.60267 3.73068 -0.52066
3.53701 3.79298 -0.52066
3.47028 3.85413 -0.447555
3.40249 3.91411 -0.447555
3.33366 3.9729 -0.323564
3.26381 4.03047 -0.323564
3.19297 4.08682 -0.150863
3.12116 4.14192 -0.150863
3.0484 4.19576 -0.150863
2.97471 4.24833 0.067176
2.90011 4.2996 0.067176
2.82463 4.34955 0.326008
2.74829 4.39819 0.326008
2.67112 4.44548 0.620031
2.59312 4.49142 0.620031
2.51434 4.536 0.620031
2.4348 4.57919 0.942761
2.35451 4.62098 0.942761
2.2735 4.66137 1.28713
2.1918 4.70034 1.28713
2.10944 4.73787 1.64582
2.02643 4.77397 1.64582
1.9428 4.80861 1.64582
1.85859 4.84178 2.01148
1.7738 4.87348 2.01148
1.68848 4.9037 2.37691
1.60264 4.93242 2.37691
1.51631 4.95964 2.73534
1.42952 4.98534 2.73534
1.3423 5.00953 3.08053
1.25467 5.0322 3.08053
1.16665 5.05333 3.08053
1.07828 5.07292 3.40701
0.989583 5.09096 3.40701
0.900583 5.10746 3.71027
0.811308 5.1224 3.71027
0.721786 5.13578 3.98687
0.632045 5.14759 3.98687
0.542111 5.15784 3.98687
0.452011 5.16651 4.23449
0.361774 5.17362 4.23449
0.271427 5.17914 4.45189
0.180998 5.18309 4.45189
0.0905125 5.18546 4.63882
3.17566e-16 5.18625 4.63882
-0.0905125 5.18546 4.63882
-0.180998 5.18309 4.7958
-0.271427 5.17914 4.7958
-0.361774 5.17362 4.92403
-0.452011 5.16651 4.92403
-0.542111 5.15784 5.02518
-0.632045 5.14759 5.02518
-0.721786 5.13578 5.02518
-0.811308 5.1224 5.1013
-0.900583 5.10746 5.1013
-0.989583 5.09096 5.15468
-1.07828 5.07292 5.15468
-1.16665 5.05333 5.18773
-1.25467 5.0322 5.18773
-1.3423 5.00953 5.20282
-1.42952 4.98534 5.20282
-1.51631 4.95964 5.20282
-1.60264 4.93242 5.20211
-1.68848 4.9037 5.20211
-1.7738 4.87348 5.18743
-1.85859 4.84178 5.18743
-1.9428 4.80861 5.16013
-2.02643 4.77397 5.16013
-2.10944 4.73787 5.16013
-2.1918 4.70034 5.12101
-2.2735 4.66137 5.12101
-2.35451 4.62098 5.07024
-2.4348 4.57919 5.07024
-2.51434 4.536 5.00748
-2.59312 4.49142 5.00748
-2.67112 4.44548 5.00748
-2.74829 4.39819 4.93182
-2.82463 4.34955 4.93182
-2.90011 4.2996 4.84197
-2.97471 4.24833 4.84197
-3.0484 4.19576 4.7364
-3.12116 4.14192 4.7364
-3.19297 4.08682 4.7364
-3.26381 4.03047 4.61341
-3.33366 3.9729 4.61341
-3.40249 3.91411 4.47131
-3.47028 3.85413 4.47131
-3.53701 3.79298 4.30851
-3.60267 3.73068 4.30851
-3.66723 3.66723 4.12367
-3.73068 3.60267 4.12367
-3.79298 3.53701 4.12367
-3.85413 3.47028 3.91585
-3.91411 3.40249 3.91585
-3.9729 3.33366 3.68467
-4.03047 3.26381 3.68467
-4.08682 3.19297 3.43051
-4.14192 3.12116 3.43051
-4.19576 3.0484 3.43051
-4.24833 2.97471 3.15461
-4.2996 2.90011 3.15461
-4.34955 2.82463 2.85923
-4.39819 2.74829 2.85923
-4.44548 2.67112 2.54759
-4.49142 2.59312 2.54759
-4.536 2.51434 2.54759
-4.57919 2.4348 2.22389
-4.62098 2.35451 2.22389
-4.66137 2.2735 1.89314
-4.70034 2.1918 1.89314
-4.73787 2.10944 1.561
-4.77397 2.02643 1.561
-4.80861 1.9428 1.561
-4.84178 1.85859 1.23369
-4.87348 1.7738 1.23369
-4.9037 1.68848 0.917722
-4.93242 1.60264 0.917722
-4.95964 1.51631 0.619791
-4.98534 1.42952 0.619791
-5.00953 1.3423 0.346503
-5.0322 1.25467 0.346503
-5.05333 1.16665 0.346503
-5.07292 1.07828 0.104118
-5.09096 0.989583 0.104118
-5.10746 0.900583 -0.101727
-5.1224 0.811308 -0.101727
-5.13578 0.721786 -0.266253
-5.14759 0.632045 -0.266253
-5.15784 0.542111 -0.266253
-5.16651 0.452011 -0.385703
-5.17362 0.361774 -0.385703
-5.17914 0.271427 -0.457406
-5.18309 0.180998 -0.457406
-5.18546 0.0905125 -0.479778
-5.18625 6.35132e-16 -0.479778
-5.18546 -0.0905125 -0.479778
-5.18309 -0.180998 -0.452288
-5.17914 -0.271427 -0.452288
-5.17362 -0.361774 -0.375443
-5.16651 -0.452011 -0.375443
-5.15784 -0.542111 -0.250813
-5.14759 -0.632045 -0.250813
-5.13578 -0.721786 -0.250813
-5.1224 -0.811308 -0.0810613
-5.10746 -0.900583 -0.0810613
-5.09096 -0.989583 0.13005
-5.07292 -1.07828 0.13005
-5.05333 -1.16665 0.377721
-5.0322 -1.25467 0.377721
-5.00953 -1.3423 0.377721
-4.98534 -1.42952 0.656272
-4.95964 -1.51631 0.656272
-4.93242 -1.60264 0.959379
-4.9037 -1.68848 0.959379
-4.87348 -1.7738 1.28035
-4.84178 -1.85859 1.28035
-4.80861 -1.9428 1.61239
-4.77397 -2.02643 1.61239
-4.73787 -2.10944 1.61239
-4.70034 -2.1918 1.94884
-4.66137 -2.2735 1.94884
-4.62098 -2.35451 2.28335
-4.57919 -2.4348 2.28335
-4.536 -2.51434 2.61009
-4.49142 -2.59312 2.61009
-4.44548 -2.67112 2.61009
-4.39819 -2.74829 2.92388
-4.34955 -2.82463 2.92388
-4.2996 -2.90011 3.22039
-4.24833 -2.97471 3.22039
-4.19576 -3.0484 3.49623
-4.14192 -3.12116 3.49623
-4.08682 -3.19297 3.49623
-4.03047 -3.26381 3.74904
-3.9729 -3.33366 3.74904
-3.91411 -3.40249 3.97747
-3.85413 -3.47028 3.97747
-3.79298 -3.53701 4.18108
-3.73068 -3.60267 4.18108
-3.66723 -3.66723 4.18108
-3.60267 -3.73068 4.36021
-3.53701 -3.79298 4.36021
-3.47028 -3.85413 4.51577
-3.40249 -3.91411 4.51577
-3.33366 -3.9729 4.64915
-3.26381 -4.03047 4.64915
-3.19297 -4.08682 4.76198
-3.12116 -4.14192 4.76198
-3.0484 -4.19576 4.76198
-2.97471 -4.24833 4.85606
-2.90011 -4.2996 4.85606
-2.82463 -4.34955 4.93323
-2.74829 -4.39819 4.93323
-2.67112 -4.44548 4.9952
-2.59312 -4.49142 4.9952
-2.51434 -4.536 4.9952
-2.4348 -4.57919 5.04348
-2.35451 -4.62098 5.04348
-2.2735 -4.66137 5.07922
-2.1918 -4.70034 5.07922
-2.10944 -4.73787 5.10304
-2.02643 -4.77397 5.10304
-1.9428 -4.80861 5.10304
-1.85859 -4.84178 5.11502
-1.7738 -4.87348 5.11502
-1.68848 -4.9037 5.11465
-1.60264 -4.93242 5.11465
-1.51631 -4.95964 5.10087
-1.42952 -4.98534 5.10087
-1.3423 -5.00953 5.10087
-1.25467 -5.0322 5.07213
-1.16665 -5.05333 5.07213
-1.07828 -5.07292 5.0265
-0.989583 -5.09096 5.0265
-0.900583 -5.10746 4.96187
-0.811308 -5.1224 4.96187
-0.721786 -5.13578 4.87602
-0.632045 -5.14759 4.87602
-0.542111 -5.15784 4.87602
-0.452011 -5.16651 4.76681
-0.361774 -5.17362 4.76681
-0.271427 -5.17914 4.63233
-0.180998 -5.18309 4.63233
-0.0905125 -5.18546 4.47095
-9.52699e-16 -5.18625 4.47095
0.0905125 -5.18546 4.47095
0.180998 -5.18309 4.28154
0.271427 -5.17914 4.28154
0.361774 -5.17362 4.06355
0.452011 -5.16651 4.06355
0.542111 -5.15784 3.81721
0.632045 -5.14759 3.81721
0.721786 -5.13578 3.81721
0.811308 -5.1224 3.54368
0.900583 -5.10746 3.54368
0.989583 -5.09096 3.24516
1.07828 -5.07292 3.24516
1.16665 -5.05333 2.92493
1.25467 -5.0322 2.92493
1.3423 -5.00953 2.92493
1.42952 -4.98534 2.58732
1.51631 -4.95964 2.58732
1.60264 -4.93242 2.23758
1.68848 -4.9037 2.23758
1.7738 -4.87348 1.88172
1.85859 -4.84178 1.88172
1.9428 -4.80861 1.52629
2.02643 -4.77397 1.52629
2.10944 -4.73787 1.52629
2.1918 -4.70034 1.17826
2.2735 -4.66137 1.17826
2.35451 -4.62098 0.844765
2.4348 -4.57919 0.844765
2.51434 -4.536 0.532928
2.59312 -4.49142 0.532928
2.67112 -4.44548 0.532928
2.74829 -4.39819 0.249627
2.82463 -4.34955 0.249627
2.90011 -4.2996 0.00117638
2.97471 -4.24833 0.00117638
3.0484 -4.19576 -0.206977
3.12116 -4.14192 -0.206977
3.19297 -4.08682 -0.206977
3.26381 -4.03047 -0.370423
3.33366 -3.9729 -0.370423
3.40249 -3.91411 -0.485898
3.47028 -3.85413 -0.485898
3.53701 -3.79298 -0.551301
3.60267 -3.73068 -0.551301
3.66723 -3.66723 -0.551301
3.73068 -3.60267 -0.565674
3.79298 -3.53701 -0.565674
3.85413 -3.47028 -0.529175
3.91411 -3.40249 -0.529175
3.9729 -3.33366 -0.443088
4.03047 -3.26381 -0.443088
4.08682 -3.19297 -0.309856
4.14192 -3.12116 -0.309856
4.19576 -3.0484 -0.309856
4.24833 -2.97471 -0.133119
4.2996 -2.90011 -0.133119
4.34955 -2.82463 0.0822937
4.39819 -2.74829 0.0822937
4.44548 -2.67112 0.330461
4.49142 -2.59312 0.330461
4.536 -2.51434 0.330461
4.57919 -2.4348 0.604538
4.62098 -2.35451 0.604538
4.66137 -2.2735 0.896994
4.70034 -2.1918 0.896994
4.73787 -2.10944 1.19987
4.77397 -2.02643 1.19987
4.80861 -1.9428 1.19987
4.84178 -1.85859 1.50498
4.87348 -1.7738 1.50498
4.9037 -1.68848 1.80418
4.93242 -1.60264 1.80418
4.95964 -1.51631 2.0895
4.98534 -1.42952 2.0895
5.00953 -1.3423 2.0895
5.0322 -1.25467 2.35337
5.05333 -1.16665 2.35337
5.07292 -1.07828 2.58886
5.09096 -0.989583 2.58886
5.10746 -0.900583 2.78986
5.1224 -0.811308 2.78986
5.13578 -0.721786 2.95133
5.14759 -0.632045 2.95133
5.15784 -0.542111 2.95133
5.16651 -0.452011 3.06933
5.17362 -0.361774 3.06933
5.17914 -0.271427 3.14112
5.18309 -0.180998 3.14112
5.18546 -0.0905125 2.9262

5.26604 0 3.16509
5.26524 0.091905 3.16509
5.26283 0.183782 3.14069
5.25882 0.275603 3.14069
5.25321 0.36734 3.06847
5.246 0.458965 3.06847
5.23719 0.550451 2.95004
5.22679 0.641769 2.95004
5.21479 0.732891 2.95004
5.2012 0.82379 2.78818
5.18604 0.914438 2.78818
5.16929 1.00481 2.5868
5.15096 1.09487 2.5868
5.13107 1.1846 2.351
5.10961 1.27397 2.351
5.0866 1.36295 2.08689
5.06204 1.45152 2.08689
5.03594 1.53964 2.08689
5.0083 1.6273 1.80144
4.97914 1.71445 1.80144
4.94846 1.80109 1.50227
4.91627 1.88718 1.50227
4.88259 1.97269 1.19741
4.84741 2.05761 1.19741
4.81077 2.14189 1.19741
4.77265 2.22552 0.895099
4.73308 2.30848 0.895099
4.69207 2.39073 0.60359
4.64964 2.47226 0.60359
4.60578 2.55303 0.330941
4.56052 2.63302 0.330941
4.51388 2.71221 0.330941
4.46585 2.79058 0.0847766
4.41647 2.86809 0.0847766
4.36574 2.94473 -0.127969
4.31369 3.02048 -0.127969
4.26031 3.0953 -0.301293
4.20565 3.16918 -0.301293
4.14969 3.2421 -0.301293
4.09248 3.31403 -0.430306
4.03402 3.38494 -0.430306
3.97433 3.45483 -0.511322
3.91343 3.52367 -0.511322
3.85134 3.59143 -0.541869
3.78807 3.6581 -0.541869
3.72365 3.72365 -0.52066
3.6581 3.78807 -0.52066
3.59143 3.85134 -0.52066
3.52367 3.91343 -0.447555
3.45483 3.97433 -0.447555
3.38494 4.03402 -0.323564
3.31403 4.09248 -0.323564
3.2421 4.14969 -0.150863
3.16918 4.20565 -0.150863
3.0953 4.26031 -0.150863
3.02048 4.31369 0.067176
2.94473 4.36574 0.067176
2.86809 4.41647 0.326008
2.79058 4.46585 0.326008
2.71221 4.51388 0.620031
2.63302 4.56052 0.620031
2.55303 4.60578 0.620031
2.47226 4.64964 0.942761
2.39073 4.69207 0.942761
2.30848 4.73308 1.28713
2.22552 4.77265 1.28713
2.14189 4.81077 1.64582
2.05761 4.84741 1.64582
1.97269 4.88259 1.64582
1.88718 4.91627 2.01148
1.80109 4.94846 2.01148
1.71445 4.97914 2.37691
1.6273 5.0083 2.37691
1.53964 5.03594 2.73534
1.45152 5.06204 2.73534
1.36295 5.0866 3.08053
1.27397 5.10961 3.08053
1.1846 5.13107 3.08053
1.09487 5.15096 3.40701
1.00481 5.16929 3.40701
0.914438 5.18604 3.71027
0.82379 5.2012 3.71027
0.732891 5.21479 3.98687
0.641769 5.22679 3.98687
0.550451 5.23719 3.98687
0.458965 5.246 4.23449
0.36734 5.25321 4.23449
0.275603 5.25882 4.45189
0.183782 5.26283 4.45189
0.091905 5.26524 4.63882
3.22452e-16 5.26604 4.63882
-0.091905 5.26524 4.63882
-0.183782 5.26283 4.7958
-0.275603 5.25882 4.7958
-0.36734 5.25321 4.92403
-0.458965 5.246 4.92403
-0.550451 5.23719 5.02518
-0.641769 5.22679 5.02518
-0.732891 5.21479 5.02518
-0.82379 5.2012 5.1013
-0.914438 5.18604 5.1013
-1.00481 5.16929 5.15468
-1.09487 5.15096 5.15468
-1.1846 5.13107 5.18773
-1.27397 5.10961 5.18773
-1.36295 5.0866 5.20282
-1.45152 5.06204 5.20282
-1.53964 5.03594 5.20282
-1.6273 5.0083 5.20211
-1.71445 4.97914 5.20211
-1.80109 4.94846 5.18743
-1.88718 4.91627 5.18743
-1.97269 4.88259 5.16013
-2.05761 4.84741 5.16013
-2.14189 4.81077 5.16013
-2.22552 4.77265 5.12101
-2.30848 4.73308 5.12101
-2.39073 4.69207 5.07024
-2.47226 4.64964 5.07024
-2.55303 4.60578 5.00748
-2.63302 4.56052 5.00748
-2.71221 4.51388 5.00748
-2.79058 4.46585 4.93182
-2.86809 4.41647 4.93182
-2.94473 4.36574 4.84197
-3.02048 4.31369 4.84197
-3.0953 4.26031 4.7364
-3.16918 4.20565 4.7364
-3.2421 4.14969 4.7364
-3.31403 4.09248 4.61341
-3.38494 4.03402 4.61341
-3.45483 3.97433 4.47131
-3.52367 3.91343 4.47131
-3.59143 3.85134 4.30851
-3.6581 3.78807 4.30851
-3.72365 3.72365 4.12367
-3.78807 3.6581 4.12367
-3.85134 3.59143 4.12367
-3.91343 3.52367 3.91585
-3.97433 3.45483 3.91585
-4.03402 3.38494 3.68467
-4.09248 3.31403 3.68467
-4.14969 3.2421 3.43051
-4.20565 3.16918 3.43051
-4.26031 3.0953 3.43051
-4.31369 3.02048 3.15461
-4.36574 2.94473 3.15461
-4.41647 2.86809 2.85923
-4.46585 2.79058 2.85923
-4.51388 2.71221 2.54759
-4.56052 2.63302 2.54759
-4.60578 2.55303 2.54759
-4.64964 2.47226 2.22389
-4.69207 2.39073 2.22389
-4.73308 2.30848 1.89314
-4.77265 2.22552 1.89314
-4.81077 2.14189 1.561
-4.84741 2.05761 1.561
-4.88259 1.97269 1.561
-4.91627 1.88718 1.23369
-4.94846 1.80109 1.23369
-4.97914 1.71445 0.917722
-5.0083 1.6273 0.917722
-5.03594 1.53964 0.619791
-5.06204 1.45152 0.619791
-5.0866 1.36295 0.346503
-5.10961 1.27397 0.346503
-5.13107 1.1846 0.346503
-5.15096 1.09487 0.104118
-5.16929 1.00481 0.104118
-5.18604 0.914438 -0.101727
-5.2012 0.82379 -0.101727
-5.21479 0.732891 -0.266253
-5.22679 0.641769 -0.266253
-5.23719 0.550451 -0.266253
-5.246 0.458965 -0.385703
-5.25321 0.36734 -0.385703
-5.25882 0.275603 -0.457406
-5.26283 0.183782 -0.457406
-5.26524 0.091905 -0.479778
-5.26604 6.44904e-16 -0.479778
-5.26524 -0.091905 -0.479778
-5.26283 -0.183782 -0.452288
-5.25882 -0.275603 -0.452288
-5.25321 -0.36734 -0.375443
-5.246 -0.458965 -0.375443
-5.23719 -0.550451 -0.250813
-5.22679 -0.641769 -0.250813
-5.21479 -0.732891 -0.250813
-5.2012 -0.82379 -0.0810613
-5.18604 -0.914438 -0.0810613
-5.16929 -1.00481 0.13005
-5.15096 -1.09487 0.13005
-5.13107 -1.1846 0.377721
-5.10961 -1.27397 0.377721
-5.0866 -1.36295 0.377721
-5.06204 -1.45152 0.656272
-5.03594 -1.53964 0.656272
-5.0083 -1.6273 0.959379
-4.97914 -1.71445 0.959379
-4.94846 -1.80109 1.28035
-4.91627 -1.88718 1.28035
-4.88259 -1.97269 1.61239
-4.84741 -2.05761 1.61239
-4.81077 -2.14189 1.61239
-4.77265 -2.22552 1.94884
-4.73308 -2.30848 1.94884
-4.69207 -2.39073 2.28335
-4.64964 -2.47226 2.28335
-4.60578 -2.55303 2.61009
-4.56052 -2.63302 2.61009
-4.51388 -2.71221 2.61009
-4.46585 -2.79058 2.92388
-4.41647 -2.86809 2.92388
-4.36574 -2.94473 3.22039
-4.31369 -3.02048 3.22039
-4.26031 -3.0953 3.49623
-4.20565 -3.16918 3.49623
-4.14969 -3.2421 3.49623
-4.09248 -3.31403 3.74904
-4.03402 -3.38494 3.74904
-3.97433 -3.45483 3.97747
-3.91343 -3.52367 3.97747
-3.85134 -3.59143 4.18108
-3.78807 -3.6581 4.18108
-3.72365 -3.72365 4.18108
-3.6581 -3.78807 4.36021
-3.59143 -3.85134 4.36021
-3.52367 -3.91343 4.51577
-3.45483 -3.97433 4.51577
-3.38494 -4.03402 4.64915
-3.31403 -4.09248 4.64915
-3.2421 -4.14969 4.76198
-3.16918 -4.20565 4.76198
-3.0953 -4.26031 4.76198
-3.02048 -4.31369 4.85606
-2.94473 -4.36574 4.85606
-2.86809 -4.41647 4.93323
-2.79058 -4.46585 4.93323
-2.71221 -4.51388 4.9952
-2.63302 -4.56052 4.9952
-2.55303 -4.60578 4.9952
-2.47226 -4.64964 5.04348
-2.39073 -4.69207 5.04348
-2.30848 -4.73308 5.07922
-2.22552 -4.77265 5.07922
-2.14189 -4.81077 5.10304
-2.05761 -4.84741 5.10304
-1.97269 -4.88259 5.10304
-1.88718 -4.91627 5.11502
-1.80109 -4.94846 5.11502
-1.71445 -4.97914 5.11465
-1.6273 -5.0083 5.11465
-1.53964 -5.03594 5.10087
-1.45152 -5.06204 5.10087
-1.36295 -5.0866 5.10087
-1.27397 -5.10961 5.07213
-1.1846 -5.13107 5.07213
-1.09487 -5.15096 5.0265
-1.00481 -5.16929 5.0265
-0.914438 -5.18604 4.96187
-0.82379 -5.2012 4.96187
-0.732891 -5.21479 4.87602
-0.641769 -5.22679 4.87602
-0.550451 -5.23719 4.87602
-0.458965 -5.246 4.76681
-0.36734 -5.25321 4.76681
-0.275603 -5.25882 4.63233
-0.183782 -5.26283 4.63233
-0.091905 -5.26524 4.47095
-9.67356e-16 -5.26604 4.47095
0.091905 -5.26524 4.47095
0.183782 -5.26283 4.28154
0.275603 -5.25882 4.28154
0.36734 -5.25321 4.06355
0.458965 -5.246 4.06355
0.550451 -5.23719 3.81721
0.641769 -5.22679 3.81721
0.732891 -5.21479 3.81721
0.82379 -5.2012 3.54368
0.914438 -5.18604 3.54368
1.00481 -5.16929 3.24516
1.09487 -5.15096 3.24516
1.1846 -5.13107 2.92493
1.27397 -5.10961 2.92493
1.36295 -5.0866 2.92493
1.45152 -5.06204 2.58732
1.53964 -5.03594 2.58732
1.6273 -5.0083 2.23758
1.71445 -4.97914 2.23758
1.80109 -4.94846 1.88172
1.88718 -4.91627 1.88172
1.97269 -4.88259 1.52629
2.05761 -4.84741 1.52629
2.14189 -4.81077 1.52629
2.22552 -4.77265 1.17826
2.30848 -4.73308 1.17826
2.39073 -4.69207 0.844765
2.47226 -4.64964 0.844765
2.55303 -4.60578 0.532928
2.63302 -4.56052 0.532928
2.71221 -4.51388 0.532928
2.79058 -4.46585 0.249627
2.86809 -4.41647 0.249627
2.94473 -4.36574 0.00117638
3.02048 -4.31369 0.00117638
3.0953 -4.26031 -0.206977
3.16918 -4.20565 -0.206977
3.2421 -4.14969 -0.206977
3.31403 -4.09248 -0.370423
3.38494 -4.03402 -0.370423
3.45483 -3.97433 -0.485898
3.52367 -3.91343 -0.485898
3.59143 -3.85134 -0.551301
3.6581 -3.78807 -0.551301
3.72365 -3.72365 -0.551301
3.78807 -3.6581 -0.565674
3.85134 -3.59143 -0.565674
3.91343 -3.52367 -0.529175
3.97433 -3.45483 -0.529175
4.03402 -3.38494 -0.443088
4.09248 -3.31403 -0.443088
4.14969 -3.2421 -0.309856
4.20565 -3.16918 -0.309856
4.26031 -3.0953 -0.309856
4.31369 -3.02048 -0.133119
4.36574 -2.94473 -0.133119
4.41647 -2.86809 0.0822937
4.46585 -2.79058 0.0822937
4.51388 -2.71221 0.330461
4.56052 -2.63302 0.330461
4.60578 -2.55303 0.330461
4.64964 -2.47226 0.604538
4.69207 -2.39073 0.604538
4.73308 -2.30848 0.896994
4.77265 -2.22552 0.896994
4.81077 -2.14189 1.19987
4.84741 -2.05761 1.19987
4.88259 -1.97269 1.19987
4.91627 -1.88718 1.50498
4.94846 -1.80109 1.50498
4.97914 -1.71445 1.80418
5.0083 -1.6273 1.80418
5.03594 -1.53964 2.0895
5.06204 -1.45152 2.0895
5.0866 -1.36295 2.0895
5.10961 -1.27397 2.35337
5.13107 -1.1846 2.35337
5.15096 -1.09487 2.58886
5.16929 -1.00481 2.58886
5.18604 -0.914438 2.78986
5.2012 -0.82379 2.78986
5.21479 -0.732891 2.95133
5.22679 -0.641769 2.95133
5.23719 -0.550451 2.95133
5.246 -0.458965 3.06933
5.25321 -0.36734 3.06933
5.25882 -0.275603 3.14112
5.26283 -0.183782 3.14112
5.26524 -0.091905 2.9262

5.34583 0 3.43831
5.34501 0.0932975 3.43831
5.34257 0.186567 3.41204
5.3385 0.279779 3.41204
5.3328 0.372906 3.33432
5.32548 0.465919 3.33432
5.31654 0.558791 3.20662
5.30598 0.651492 3.20662
5.2938 0.743995 3.03154
5.28001 0.836272 3.03154
5.26461 0.928293 2.81284
5.24761 1.02003 2.81284
5.22901 1.11146 2.81284
5.20881 1.20255 2.55554
5.18703 1.29327 2.55554
5.16367 1.3836 2.26578
5.13874 1.47351 2.26578
5.11224 1.56297 1.95066
5.08418 1.65195 1.95066
5.05458 1.74043 1.61796
5.02343 1.82838 1.61796
4.99076 1.91577 1.61796
4.95656 2.00258 1.27592
4.92086 2.08878 1.27592
4.88366 2.17434 0.933024
4.84496 2.25924 0.933024
4.8048 2.34346 0.597864
4.76317 2.42695 0.597864
4.72008 2.50971 0.278953
4.67557 2.59171 0.278953
4.62962 2.67291 -0.0154729
4.58227 2.7533 -0.0154729
4.53352 2.83286 -0.0154729
4.48339 2.91155 -0.277727
4.43189 2.98935 -0.277727
4.37904 3.06624 -0.500966
4.32486 3.1422 -0.500966
4.26937 3.2172 -0.679443
4.21257 3.29122 -0.679443
4.15449 3.36424 -0.808663
4.09514 3.43623 -0.808663
4.03455 3.50718 -0.808663
3.97272 3.57706 -0.885402
3.90969 3.64584 -0.885402
3.84547 3.71352 -0.907642
3.78007 3.78007 -0.907642
3.71352 3.84547 -0.874476
3.64584 3.90969 -0.874476
3.57706 3.97272 -0.786057
3.50718 4.03455 -0.786057
3.43623 4.09514 -0.643607
3.36424 4.15449 -0.643607
3.29122 4.21257 -0.643607
3.2172 4.26937 -0.449495
3.1422 4.32486 -0.449495
3.06624 4.37904 -0.207327
2.98935 4.43189 -0.207327
2.91155 4.48339 0.0780419
2.83286 4.53352 0.0780419
2.7533 4.58227 0.400609
2.67291 4.62962 0.400609
2.59171 4.67557 0.400609
2.50971 4.72008 0.753433
2.42695 4.76317 0.753433
2.34346 4.8048 1.12899
2.25924 4.84496 1.12899
2.17434 4.88366 1.51955
2.08878 4.92086 1.51955
2.00258 4.95656 1.91737
1.91577 4.99076 1.91737
1.82838 5.02343 2.31494
1.74043 5.05458 2.31494
1.65195 5.08418 2.31494
1.56297 5.11224 2.70508
1.47351 5.13874 2.70508
1.3836 5.16367 3.08118
1.29327 5.18703 3.08118
1.20255 5.20881 3.43732
1.11146 5.22901 3.43732
1.02003 5.24761 3.76857
0.928293 5.26461 3.76857
0.836272 5.28001 3.76857
0.743995 5.2938 4.07111
0.651492 5.30598 4.07111
0.558791 5.31654 4.34236
0.465919 5.32548 4.34236
0.372906 5.3328 4.58097
0.279779 5.3385 4.58097
0.186567 5.34257 4.78664
0.0932975 5.34501 4.78664
3.27337e-16 5.34583 4.95997
-0.0932975 5.34501 4.95997
-0.186567 5.34257 4.95997
-0.279779 5.3385 5.10226
-0.372906 5.3328 5.10226
-0.465919 5.32548 5.21532
-0.558791 5.31654 5.21532
-0.651492 5.30598 5.30136
-0.743995 5.2938 5.30136
-0.836272 5.28001 5.36288
-0.928293 5.26461 5.36288
-1.02003 5.24761 5.36288
-1.11146 5.22901 5.4026
-1.20255 5.20881 5.4026
-1.29327 5.18703 5.42326
-1.3836 5.16367 5.42326
-1.47351 5.13874 5.42757
-1.56297 5.11224 5.42757
-1.65195 5.08418 5.41793
-1.74043 5.05458 5.41793
-1.82838 5.02343 5.39632
-1.91577 4.99076 5.39632
-2.00258 4.95656 5.39632
-2.08878 4.92086 5.36416
-2.17434 4.88366 5.36416
-2.25924 4.84496 5.32218
-2.34346 4.8048 5.32218
-2.42695 4.76317 5.27046
-2.50971 4.72008 5.27046
-2.59171 4.67557 5.20845
-2.67291 4.62962 5.20845
-2.7533 4.58227 5.20845
-2.83286 4.53352 5.13499
-2.91155 4.48339 5.13499
-2.98935 4.43189 5.04851
-3.06624 4.37904 5.04851
-3.1422 4.32486 4.94716
-3.2172 4.26937 4.94716
-3.29122 4.21257 4.8289
-3.36424 4.15449 4.8289
-3.43623 4.09514 4.69168
-3.50718 4.03455 4.69168
-3.57706 3.97272 4.69168
-3.64584 3.90969 4.53349
-3.71352 3.84547 4.53349
-3.78007 3.78007 4.35253
-3.84547 3.71352 4.35253
-3.90969 3.64584 4.1473
-3.97272 3.57706 4.1473
-4.03455 3.50718 3.91682
-4.09514 3.43623 3.91682
-4.15449 3.36424 3.91682
-4.21257 3.29122 3.66077
-4.26937 3.2172 3.66077
-4.32486 3.1422 3.37977
-4.37904 3.06624 3.37977
-4.43189 2.98935 3.07543
-4.48339 2.91155 3.07543
-4.53352 2.83286 2.75051
-4.58227 2.7533 2.75051
-4.62962 2.67291 2.40881
-4.67557 2.59171 2.40881
-4.72008 2.50971 2.40881
-4.76317 2.42695 2.0551
-4.8048 2.34346 2.0551
-4.84496 2.25924 1.69489
-4.88366 2.17434 1.69489
-4.92086 2.08878 1.33436
-4.95656 2.00258 1.33436
-4.99076 1.91577 0.980105
-5.02343 1.82838 0.980105
-5.05458 1.74043 0.980105
-5.08418 1.65195 0.639077
-5.11224 1.56297 0.639077
-5.13874 1.47351 0.318357
-5.16367 1.3836 0.318357
-5.18703 1.29327 0.0249282
-5.20881 1.20255 0.0249282
-5.22901 1.11146 -0.234638
-5.24761 1.02003 -0.234638
-5.26461 0.928293 -0.454497
-5.28001 0.836272 -0.454497
-5.2938 0.743995 -0.454497
-5.30598 0.651492 -0.629794
-5.31654 0.558791 -0.629794
-5.32548 0.465919 -0.756804
-5.3328 0.372906 -0.756804
-5.3385 0.279779 -0.832953
-5.34257 0.186567 -0.832953
-5.34501 0.0932975 -0.856744
-5.34583 6.54675e-16 -0.856744
-5.34501 -0.0932975 -0.856744
-5.34257 -0.186567 -0.827682
-5.3385 -0.279779 -0.827682
-5.3328 -0.372906 -0.746226
-5.32548 -0.465919 -0.746226
-5.31654 -0.558791 -0.613843
-5.30598 -0.651492 -0.613843
-5.2938 -0.743995 -0.433087
-5.28001 -0.836272 -0.433087
-5.26461 -0.928293 -0.433087
-5.24761 -1.02003 -0.207674
-5.22901 -1.11146 -0.207674
-5.20881 -1.20255 0.0575308
-5.18703 -1.29327 0.0575308
-5.16367 -1.3836 0.356655
-5.13874 -1.47351 0.356655
-5.11224 -1.56297 0.683074
-5.08418 -1.65195 0.683074
-5.05458 -1.74043 1.02973
-5.02343 -1.82838 1.02973
-4.99076 -1.91577 1.02973
-4.95656 -2.00258 1.38943
-4.92086 -2.08878 1.38943
-4.88366 -2.17434 1.75512
-4.84496 -2.25924 1.75512
-4.8048 -2.34346 2.12002
-4.76317 -2.42695 2.12002
-4.72008 -2.50971 2.47781
-4.67557 -2.59171 2.47781
-4.62962 -2.67291 2.47781
-4.58227 -2.7533 2.82279
-4.53352 -2.83286 2.82279
-4.48339 -2.91155 3.15002
-4.43189 -2.98935 3.15002
-4.37904 -3.06624 3.45552
-4.32486 -3.1422 3.45552
-4.26937 -3.2172 3.73641
-4.21257 -3.29122 3.73641
-4.15449 -3.36424 3.99094
-4.09514 -3.43623 3.99094
-4.03455 -3.50718 3.99094
-3.97272 -3.57706 4.21841
-3.90969 -3.64584 4.21841
-3.84547 -3.71352 4.41906
-3.78007 -3.78007 4.41906
-3.71352 -3.84547 4.59385
-3.64584 -3.90969 4.59385
-3.57706 -3.97272 4.74424
-3.50718 -4.03455 4.74424
-3.43623 -4.09514 4.74424
-3.36424 -4.15449 4.87207
-3.29122 -4.21257 4.87207
-3.2172 -4.26937 4.9794
-3.1422 -4.32486 4.9794
-3.06624 -4.37904 5.06839
-2.98935 -4.43189 5.06839
-2.91155 -4.48339 5.14122
-2.83286 -4.53352 5.14122
-2.7533 -4.58227 5.19992
-2.67291 -4.62962 5.19992
-2.59171 -4.67557 5.19992
-2.50971 -4.72008 5.24632
-2.42695 -4.76317 5.24632
-2.34346 -4.8048 5.28179
-2.25924 -4.84496 5.28179
-2.17434 -4.88366 5.30718
-2.08878 -4.92086 5.30718
-2.00258 -4.95656 5.3227
-1.91577 -4.99076 5.3227
-1.82838 -5.02343 5.3227
-1.74043 -5.05458 5.32788
-1.65195 -5.08418 5.32788
-1.56297 -5.11224 5.32161
-1.47351 -5.13874 5.32161
-1.3836 -5.16367 5.30221
-1.29327 -5.18703 5.30221
-1.20255 -5.20881 5.26752
-1.11146 -5.22901 5.26752
-1.02003 -5.24761 5.21513
-0.928293 -5.26461 5.21513
-0.836272 -5.28001 5.21513
-0.743995 -5.2938 5.14249
-0.651492 -5.30598 5.14249
-0.558791 -5.31654 5.04706
-0.465919 -5.32548 5.04706
-0.372906 -5.3328 4.92648
-0.279779 -5.3385 4.92648
-0.186567 -5.34257 4.77863
-0.0932975 -5.34501 4.77863
-9.82012e-16 -5.34583 4.77863
0.0932975 -5.34501 4.60173
0.186567 -5.34257 4.60173
0.279779 -5.3385 4.39451
0.372906 -5.3328 4.39451
0.465919 -5.32548 4.15635
0.558791 -5.31654 4.15635
0.651492 -5.30598 3.88748
0.743995 -5.2938 3.88748
0.836272 -5.28001 3.58918
0.928293 -5.26461 3.58918
1.02003 -5.24761 3.58918
1.11146 -5.22901 3.26388
1.20255 -5.20881 3.26388
1.29327 -5.18703 2.91523
1.3836 -5.16367 2.91523
1.47351 -5.13874 2.54795
1.56297 -5.11224 2.54795
1.65195 -5.08418 2.1677
1.74043 -5.05458 2.1677
1.82838 -5.02343 2.1677
1.91577 -4.99076 1.78088
2.00258 -4.95656 1.78088
2.08878 -4.92086 1.39439
2.17434 -4.88366 1.39439
2.25924 -4.84496 1.01554
2.34346 -4.8048 1.01554
2.42695 -4.76317 0.651848
2.50971 -4.72008 0.651848
2.59171 -4.67557 0.310848
2.67291 -4.62962 0.310848
2.7533 -4.58227 0.310848
2.83286 -4.53352 -0.00012227
2.91155 -4.48339 -0.00012227
2.98935 -4.43189 -0.274296
3.06624 -4.37904 -0.274296
3.1422 -4.32486 -0.50583
3.2172 -4.26937 -0.50583
3.29122 -4.21257 -0.690008
3.36424 -4.15449 -0.690008
3.43623 -4.09514 -0.690008
3.50718 -4.03455 -0.823341
3.57706 -3.97272 -0.823341
3.64584 -3.90969 -0.903538
3.71352 -3.84547 -0.903538
3.78007 -3.78007 -0.929426
3.84547 -3.71352 -0.929426
3.90969 -3.64584 -0.900873
3.97272 -3.57706 -0.900873
4.03455 -3.50718 -0.818779
4.09514 -3.43623 -0.818779
4.15449 -3.36424 -0.818779
4.21257 -3.29122 -0.685134
4.26937 -3.2172 -0.685134
4.32486 -3.1422 -0.503113
4.37904 -3.06624 -0.503113
4.43189 -2.98935 -0.277151
4.48339 -2.91155 -0.277151
4.53352 -2.83286 -0.0129089
4.58227 -2.7533 -0.0129089
4.62962 -2.67291 -0.0129089
4.67557 -2.59171 0.282864
4.72008 -2.50971 0.282864
4.76317 -2.42695 0.602585
4.8048 -2.34346 0.602585
4.84496 -2.25924 0.938125
4.88366 -2.17434 0.938125
4.92086 -2.08878 1.28107
4.95656 -2.00258 1.28107
4.99076 -1.91577 1.62292
5.02343 -1.82838 1.62292
5.05458 -1.74043 1.62292
5.08418 -1.65195 1.95526
5.11224 -1.56297 1.95526
5.13874 -1.47351 2.26991
5.16367 -1.3836 2.26991
5.18703 -1.29327 2.55913
5.20881 -1.20255 2.55913
5.22901 -1.11146 2.81586
5.24761 -1.02003 2.81586
5.26461 -0.928293 2.81586
5.28001 -0.836272 3.03396
5.2938 -0.743995 3.03396
5.30598 -0.651492 3.20844
5.31654 -0.558791 3.20844
5.32548 -0.465919 3.33553
5.3328 -0.372906 3.33553
5.3385 -0.279779 3.41265
5.34257 -0.186567 3.41265
5.34501 -0.0932975 3.16509

5.42562 0 3.43831
5.42479 0.09469 3.43831
5.42231 0.189351 3.41204
5.41818 0.283955 3.41204
5.4124 0.378472 3.33432
5.40497 0.472874 3.33432
5.39589 0.567131 3.20662
5.38517 0.661216 3.20662
5.37281 0.7551 3.03154
5.35882 0.848753 3.03154
5.34319 0.942148 2.81284
5.32593 1.03526 2.81284
5.30705 1.12805 2.81284
5.28656 1.2205 2.55554
5.26445 1.31258 2.55554
5.24074 1.40425 2.26578
5.21544 1.4955 2.26578
5.18854 1.5863 1.95066
5.16007 1.67661 1.95066
5.13002 1.76641 1.61796
5.09841 1.85567 1.61796
5.06525 1.94437 1.61796
5.03054 2.03247 1.27592
4.9943 2.11996 1.27592
4.95655 2.2068 0.933024
4.91728 2.29296 0.933024
4.87651 2.37843 0.597864
4.83426 2.46318 0.597864
4.79053 2.54717 0.278953
4.74535 2.63039 0.278953
4.69872 2.71281 -0.0154729
4.65066 2.7944 -0.0154729
4.60118 2.87514 -0.0154729
4.5503 2.955 -0.277727
4.49804 3.03397 -0.277727
4.4444 3.112 -0.500966
4.38941 3.1891 -0.500966
4.33309 3.26522 -0.679443
4.27544 3.34034 -0.679443
4.21649 3.41445 -0.808663
4.15626 3.48752 -0.808663
4.09476 3.55952 -0.808663
4.03202 3.63045 -0.885402
3.96804 3.70026 -0.885402
3.90286 3.76895 -0.907642
3.83649 3.83649 -0.907642
3.76895 3.90286 -0.874476
3.70026 3.96804 -0.874476
3.63045 4.03202 -0.786057
3.55952 4.09476 -0.786057
3.48752 4.15626 -0.643607
3.41445 4.21649 -0.643607
3.34034 4.27544 -0.643607
3.26522 4.33309 -0.449495
3.1891 4.38941 -0.449495
3.112 4.4444 -0.207327
3.03397 4.49804 -0.207327
2.955 4.5503 0.0780419
2.87514 4.60118 0.0780419
2.7944 4.65066 0.400609
2.71281 4.69872 0.400609
2.63039 4.74535 0.400609
2.54717 4.79053 0.753433
2.46318 4.83426 0.753433
2.37843 4.87651 1.12899
2.29296 4.91728 1.12899
2.2068 4.95655 1.51955
2.11996 4.9943 1.51955
2.03247 5.03054 1.91737
1.94437 5.06525 1.91737
1.85567 5.09841 2.31494
1.76641 5.13002 2.31494
1.67661 5.16007 2.31494
1.5863 5.18854 2.70508
1.4955 5.21544 2.70508
1.40425 5.24074 3.08118
1.31258 5.26445 3.08118
1.2205 5.28656 3.43732
1.12805 5.30705 3.43732
1.03526 5.32593 3.76857
0.942148 5.34319 3.76857
0.848753 5.35882 3.76857
0.7551 5.37281 4.07111
0.661216 5.38517 4.07111
0.567131 5.39589 4.34236
0.472874 5.40497 4.34236
0.378472 5.4124 4.58097
0.283955 5.41818 4.58097
0.189351 5.42231 4.78664
0.09469 5.42479 4.78664
3.32223e-16 5.42562 4.95997
-0.09469 5.42479 4.95997
-0.189351 5.42231 4.95997
-0.283955 5.41818 5.10226
-0.378472 5.4124 5.10226
-0.472874 5.40497 5.21532
-0.567131 5.39589 5.21532
-0.661216 5.38517 5.30136
-0.7551 5.37281 5.30136
-0.848753 5.35882 5.36288
-0.942148 5.34319 5.36288
-1.03526 5.32593 5.36288
-1.12805 5.30705 5.4026
-1.2205 5.28656 5.4026
-1.31258 5.26445 5.42326
-1.40425 5.24074 5.42326
-1.4955 5.21544 5.42757
-1.5863 5.18854 5.42757
-1.67661 5.16007 5.41793
-1.76641 5.13002 5.41793
-1.85567 5.09841 5.39632
-1.94437 5.06525 5.39632
-2.03247 5.03054 5.39632
-2.11996 4.9943 5.36416
-2.2068 4.95655 5.36416
-2.29296 4.91728 5.32218
-2.37843 4.87651 5.32218
-2.46318 4.83426 5.27046
-2.54717 4.79053 5.27046
-2.63039 4.74535 5.20845
-2.71281 4.69872 5.20845
-2.7944 4.65066 5.20845
-2.87514 4.60118 5.13499
-2.955 4.5503 5.13499
-3.03397 4.49804 5.04851
-3.112 4.4444 5.04851
-3.1891 4.38941 4.94716
-3.26522 4.33309 4.94716
-3.34034 4.27544 4.8289
-3.41445 4.21649 4.8289
-3.48752 4.15626 4.69168
-3.55952 4.09476 4.69168
-3.63045 4.03202 4.69168
-3.70026 3.96804 4.53349
-3.76895 3.90286 4.53349
-3.83649 3.83649 4.35253
-3.90286 3.76895 4.35253
-3.96804 3.70026 4.1473
-4.03202 3.63045 4.1473
-4.09476 3.55952 3.91682
-4.15626 3.48752 3.91682
-4.21649 3.41445 3.91682
-4.27544 3.34034 3.66077
-4.33309 3.26522 3.66077
-4.38941 3.1891 3.37977
-4.4444 3.112 3.37977
-4.49804 3.03397 3.07543
-4.5503 2.955 3.07543
-4.60118 2.87514 2.75051
-4.65066 2.7944 2.75051
-4.69872 2.71281 2.40881
-4.74535 2.63039 2.40881
-4.79053 2.54717 2.40881
-4.83426 2.46318 2.0551
-4.87651 2.37843 2.0551
-4.91728 2.29296 1.69489
-4.95655 2.2068 1.69489
-4.9943 2.11996 1.33436
-5.03054 2.03247 1.33436
-5.06525 1.94437 0.980105
-5.09841 1.85567 0.980105
-5.13002 1.76641 0.980105
-5.16007 1.67661 0.639077
-5.18854 1.5863 0.639077
-5.21544 1.4955 0.318357
-5.24074 1.40425 0.318357
-5.26445 1.31258 0.0249282
-5.28656 1.2205 0.0249282
-5.30705 1.12805 -0.234638
-5.32593 1.03526 -0.234638
-5.34319 0.942148 -0.454497
-5.35882 0.848753 -0.454497
-5.37281 0.7551 -0.454497
-5.38517 0.661216 -0.629794
-5.39589 0.567131 -0.629794
-5.40497 0.472874 -0.756804
-5.4124 0.378472 -0.756804
-5.41818 0.283955 -0.832953
-5.42231 0.189351 -0.832953
-5.42479 0.09469 -0.856744
-5.42562 6.64446e-16 -0.856744
-5.42479 -0.09469 -0.856744
-5.42231 -0.189351 -0.827682
-5.41818 -0.283955 -0.827682
-5.4124 -0.378472 -0.746226
-5.40497 -0.472874 -0.746226
-5.39589 -0.567131 -0.613843
-5.38517 -0.661216 -0.613843
-5.37281 -0.7551 -0.433087
-5.35882 -0.848753 -0.433087
-5.34319 -0.942148 -0.433087
-5.32593 -1.03526 -0.207674
-5.30705 -1.12805 -0.207674
-5.28656 -1.2205 0.0575308
-5.26445 -1.31258 0.0575308
-5.24074 -1.40425 0.356655
-5.21544 -1.4955 0.356655
-5.18854 -1.5863 0.683074
-5.16007 -1.67661 0.683074
-5.13002 -1.76641 1.02973
-5.09841 -1.85567 1.02973
-5.06525 -1.94437 1.02973
-5.03054 -2.03247 1.38943
-4.9943 -2.11996 1.38943
-4.95655 -2.2068 1.75512
-4.91728 -2.29296 1.75512
-4.87651 -2.37843 2.12002
-4.83426 -2.46318 2.12002
-4.79053 -2.54717 2.47781
-4.74535 -2.63039 2.47781
-4.69872 -2.71281 2.47781
-4.65066 -2.7944 2.82279
-4.60118 -2.87514 2.82279
-4.5503 -2.955 3.15002
-4.49804 -3.03397 3.15002
-4.4444 -3.112 3.45552
-4.38941 -3.1891 3.45552
-4.33309 -3.26522 3.73641
-4.27544 -3.34034 3.73641
-4.21649 -3.41445 3.99094
-4.15626 -3.48752 3.99094
-4.09476 -3.55952 3.99094
-4.03202 -3.63045 4.21841
-3.96804 -3.70026 4.21841
-3.90286 -3.76895 4.41906
-3.83649 -3.83649 4.41906
-3.76895 -3.90286 4.59385
-3.70026 -3.96804 4.59385
-3.63045 -4.03202 4.74424
-3.55952 -4.09476 4.74424
-3.48752 -4.15626 4.74424
-3.41445 -4.21649 4.87207
-3.34034 -4.27544 4.87207
-3.26522 -4.33309 4.9794
-3.1891 -4.38941 4.9794
-3.112 -4.4444 5.06839
-3.03397 -4.49804 5.06839
-2.955 -4.5503 5.14122
-2.87514 -4.60118 5.14122
-2.7944 -4.65066 5.19992
-2.71281 -4.69872 5.19992
-2.63039 -4.74535 5.19992
-2.54717 -4.79053 5.24632
-2.46318 -4.83426 5.24632
-2.37843 -4.87651 5.28179
-2.29296 -4.91728 5.28179
-2.2068 -4.95655 5.30718
-2.11996 -4.9943 5.30718
-2.03247 -5.03054 5.3227
-1.94437 -5.06525 5.3227
-1.85567 -5.09841 5.3227
-1.76641 -5.13002 5.32788
-1.67661 -5.16007 5.32788
-1.5863 -5.18854 5.32161
-1.4955 -5.21544 5.32161
-1.40425 -5.24074 5.30221
-1.31258 -5.26445 5.30221
-1.2205 -5.28656 5.26752
-1.12805 -5.30705 5.26752
-1.03526 -5.32593 5.21513
-0.942148 -5.34319 5.21513
-0.848753 -5.35882 5.21513
-0.7551 -5.37281 5.14249
-0.661216 -5.38517 5.14249
-0.567131 -5.39589 5.04706
-0.472874 -5.40497 5.04706
-0.378472 -5.4124 4.92648
-0.283955 -5.41818 4.92648
-0.189351 -5.42231 4.77863
-0.09469 -5.42479 4.77863
-9.96669e-16 -5.42562 4.77863
0.09469 -5.42479 4.60173
0.189351 -5.42231 4.60173
0.283955 -5.41818 4.39451
0.378472 -5.4124 4.39451
0.472874 -5.40497 4.15635
0.567131 -5.39589 4.15635
0.661216 -5.38517 3.88748
0.7551 -5.37281 3.88748
0.848753 -5.35882 3.58918
0.942148 -5.34319 3.58918
1.03526 -5.32593 3.58918
1.12805 -5.30705 3.26388
1.2205 -5.28656 3.26388
1.31258 -5.26445 2.91523
1.40425 -5.24074 2.91523
1.4955 -5.21544 2.54795
1.5863 -5.18854 2.54795
1.67661 -5.16007 2.1677
1.76641 -5.13002 2.1677
1.85567 -5.09841 2.1677
1.94437 -5.06525 1.78088
2.03247 -5.03054 1.78088
2.11996 -4.9943 1.39439
2.2068 -4.95655 1.39439
2.29296 -4.91728 1.01554
2.37843 -4.87651 1.01554
2.46318 -4.83426 0.651848
2.54717 -4.79053 0.651848
2.63039 -4.74535 0.310848
2.71281 -4.69872 0.310848
2.7944 -4.65066 0.310848
2.87514 -4.60118 -0.00012227
2.955 -4.5503 -0.00012227
3.03397 -4.49804 -0.274296
3.112 -4.4444 -0.274296
3.1891 -4.38941 -0.50583
3.26522 -4.33309 -0.50583
3.34034 -4.27544 -0.690008
3.41445 -4.21649 -0.690008
3.48752 -4.15626 -0.690008
3.55952 -4.09476 -0.823341
3.63045 -4.03202 -0.823341
3.70026 -3.96804 -0.903538
3.76895 -3.90286 -0.903538
3.83649 -3.83649 -0.929426
3.90286 -3.76895 -0.929426
3.96804 -3.70026 -0.900873
4.03202 -3.63045 -0.900873
4.09476 -3.55952 -0.818779
4.15626 -3.48752 -0.818779
4.21649 -3.41445 -0.818779
4.27544 -3.34034 -0.685134
4.33309 -3.26522 -0.685134
4.38941 -3.1891 -0.503113
4.4444 -3.112 -0.503113
4.49804 -3.03397 -0.277151
4.5503 -2.955 -0.277151
4.60118 -2.87514 -0.0129089
4.65066 -2.7944 -0.0129089
4.69872 -2.71281 -0.0129089
4.74535 -2.63039 0.282864
4.79053 -2.54717 0.282864
4.83426 -2.46318 0.602585
4.87651 -2.37843 0.602585
4.91728 -2.29296 0.938125
4.95655 -2.2068 0.938125
4.9943 -2.11996 1.28107
5.03054 -2.03247 1.28107
5.06525 -1.94437 1.62292
5.09841 -1.85567 1.62292
5.13002 -1.76641 1.62292
5.16007 -1.67661 1.95526
5.18854 -1.5863 1.95526
5.21544 -1.4955 2.26991
5.24074 -1.40425 2.26991
5.26445 -1.31258 2.55913
5.28656 -1.2205 2.55913
5.30705 -1.12805 2.81586
5.32593 -1.03526 2.81586
5.34319 -0.942148 2.81586
5.35882 -0.848753 3.03396
5.37281 -0.7551 3.03396
5.38517 -0.661216 3.20844
5.39589 -0.567131 3.20844
5.40497 -0.472874 3.33553
5.4124 -0.378472 3.33553
5.41818 -0.283955 3.41265
5.42231 -0.189351 3.41265
5.42479 -0.09469 3.16509

5.5054 0 3.74816
5.50456 0.0960825 3.74816
5.50205 0.192136 3.72007
5.49786 0.288131 3.72007
5.49199 0.384038 3.63693
5.48445 0.479828 3.63693
5.47524 0.575471 3.50002
5.46437 0.67094 3.50002
5.45183 0.766204 3.31165
5.43762 0.861235 3.31165
5.42176 0.956003 3.07535
5.40425 1.05048 3.07535
5.3851 1.14464 2.79601
5.3643 1.23845 2.79601
5.34187 1.33188 2.47981
5.31781 1.4249 2.47981
5.29213 1.51749 2.47981
5.26484 1.60962 2.134
5.23595 1.70126 2.134
5.20546 1.79238 1.76656
5.17339 1.88296 1.76656
5.13974 1.97296 1.38596
5.10452 2.06236 1.38596
5.06775 2.15113 1.0009
5.02944 2.23925 1.0009
4.98959 2.32668 0.6202
4.94822 2.41341 0.6202
4.90535 2.4994 0.252746
4.86098 2.58463 0.252746
4.81513 2.66907 -0.0926874
4.76782 2.7527 -0.0926874
4.71905 2.83549 -0.0926874
4.66885 2.91742 -0.407663
4.61722 2.99846 -0.407663
4.56419 3.07858 -0.684435
4.50976 3.15777 -0.684435
4.45396 3.23599 -0.916309
4.39681 3.31323 -0.916309
4.33832 3.38946 -1.09791
4.2785 3.46466 -1.09791
4.21738 3.53881 -1.22525
4.15498 3.61187 -1.22525
4.09131 3.68383 -1.2957
4.0264 3.75468 -1.2957
3.96026 3.82437 -1.30772
3.89291 3.89291 -1.30772
3.82437 3.96026 -1.30772
3.75468 4.0264 -1.26078
3.68383 4.09131 -1.26078
3.61187 4.15498 -1.15524
3.53881 4.21738 -1.15524
3.46466 4.2785 -0.992439
3.38946 4.33832 -0.992439
3.31323 4.39681 -0.774839
3.23599 4.45396 -0.774839
3.15777 4.50976 -0.506226
3.07858 4.56419 -0.506226
2.99846 4.61722 -0.191778
2.91742 4.66885 -0.191778
2.83549 4.71905 0.162039
2.7527 4.76782 0.162039
2.66907 4.81513 0.162039
2.58463 4.86098 0.547731
2.4994 4.90535 0.547731
2.41341 4.94822 0.95724
2.32668 4.98959 0.95724
2.23925 5.02944 1.38237
2.15113 5.06775 1.38237
2.06236 5.10452 1.81503
1.97296 5.13974 1.81503
1.88296 5.17339 2.24736
1.79238 5.20546 2.24736
1.70126 5.23595 2.67185
1.60962 5.26484 2.67185
1.51749 5.29213 3.08147
1.4249 5.31781 3.08147
1.33188 5.34187 3.08147
1.23845 5.3643 3.46981
1.14464 5.3851 3.46981
1.05048 5.40425 3.83142
0.956003 5.42176 3.83142
0.861235 5.43762 4.162
0.766204 5.45183 4.162
0.67094 5.46437 4.45864
0.575471 5.47524 4.45864
0.479828 5.48445 4.71981
0.384038 5.49199 4.71981
0.288131 5.49786 4.94521
0.192136 5.50205 4.94521
0.0960825 5.50456 5.13554
3.37109e-16 5.5054 5.13554
-0.0960825 5.50456 5.13554
-0.192136 5.50205 5.29226
-0.288131 5.49786 5.29226
-0.384038 5.49199 5.41733
-0.479828 5.48445 5.41733
-0.575471 5.47524 5.51312
-0.67094 5.46437 5.51312
-0.766204 5.45183 5.58227
-0.861235 5.43762 5.58227
-0.956003 5.42176 5.62772
-1.05048 5.40425 5.62772
-1.14464 5.3851 5.65256
-1.23845 5.3643 5.65256
-1.33188 5.34187 5.65992
-1.4249 5.31781 5.65992
-1.51749 5.29213 5.65992
-1.60962 5.26484 5.65283
-1.70126 5.23595 5.65283
-1.79238 5.20546 5.63395
-1.88296 5.17339 5.63395
-1.97296 5.13974 5.60542
-2.06236 5.10452 5.60542
-2.15113 5.06775 5.56868
-2.23925 5.02944 5.56868
-2.32668 4.98959 5.52442
-2.41341 4.94822 5.52442
-2.4994 4.90535 5.47257
-2.58463 4.86098 5.47257
-2.66907 4.81513 5.41233
-2.7527 4.76782 5.41233
-2.83549 4.71905 5.41233
-2.91742 4.66885 5.34228
-2.99846 4.61722 5.34228
-3.07858 4.56419 5.26051
-3.15777 4.50976 5.26051
-3.23599 4.45396 5.16485
-3.31323 4.39681 5.16485
-3.38946 4.33832 5.05295
-3.46466 4.2785 5.05295
-3.53881 4.21738 4.92239
-3.61187 4.15498 4.92239
-3.68383 4.09131 4.77081
-3.75468 4.0264 4.77081
-3.82437 3.96026 4.59594
-3.89291 3.89291 4.59594
-3.96026 3.82437 4.59594
-4.0264 3.75468 4.39575
-4.09131 3.68383 4.39575
-4.15498 3.61187 4.16861
-4.21738 3.53881 4.16861
-4.2785 3.46466 3.9135
-4.33832 3.38946 3.9135
-4.39681 3.31323 3.63026
-4.45396 3.23599 3.63026
-4.50976 3.15777 3.31982
-4.56419 3.07858 3.31982
-4.61722 2.99846 2.98434
-4.66885 2.91742 2.98434
-4.71905 2.83549 2.62719
-4.76782 2.7527 2.62719
-4.81513 2.66907 2.62719
-4.86098 2.58463 2.25286
-4.90535 2.4994 2.25286
-4.94822 2.41341 1.86671
-4.98959 2.32668 1.86671
-5.02944 2.23925 1.4748
-5.06775 2.15113 1.4748
-5.10452 2.06236 1.08374
-5.13974 1.97296 1.08374
-5.17339 1.88296 0.70053
-5.20546 1.79238 0.70053
-5.23595 1.70126 0.332552
-5.26484 1.60962 0.332552
-5.29213 1.51749 -0.012657
-5.31781 1.4249 -0.012657
-5.34187 1.33188 -0.012657
-5.3643 1.23845 -0.327661
-5.3851 1.14464 -0.327661
-5.40425 1.05048 -0.605512
-5.42176 0.956003 -0.605512
-5.43762 0.861235 -0.84014
-5.45183 0.766204 -0.84014
-5.46437 0.67094 -1.02666
-5.47524 0.575471 -1.02666
-5.48445 0.479828 -1.16145
-5.49199 0.384038 -1.16145
-5.49786 0.288131 -1.24214
-5.50205 0.192136 -1.24214
-5.50456 0.0960825 -1.2674
-5.5054 6.74217e-16 -1.2674
-5.50456 -0.0960825 -1.2674
-5.50205 -0.192136 -1.23677
-5.49786 -0.288131 -1.23677
-5.49199 -0.384038 -1.15066
-5.48445 -0.479828 -1.15066
-5.47524 -0.575471 -1.01035
-5.46437 -0.67094 -1.01035
-5.45183 -0.766204 -0.818198
-5.43762 -0.861235 -0.818198
-5.42176 -0.956003 -0.57778
-5.40425 -1.05048 -0.57778
-5.3851 -1.14464 -0.293986
-5.3643 -1.23845 -0.293986
-5.34187 -1.33188 0.0271003
-5.31781 -1.4249 0.0271003
-5.29213 -1.51749 0.0271003
-5.26484 -1.60962 0.37849
-5.23595 -1.70126 0.37849
-5.20546 -1.79238 0.752682
-5.17339 -1.88296 0.752682
-5.13974 -1.97296 1.14204
-5.10452 -2.06236 1.14204
-5.06775 -2.15113 1.53908
-5.02944 -2.23925 1.53908
-4.98959 -2.32668 1.93663
-4.94822 -2.41341 1.93663
-4.90535 -2.4994 2.32791
-4.86098 -2.58463 2.32791
-4.81513 -2.66907 2.70669
-4.76782 -2.7527 2.70669
-4.71905 -2.83549 2.70669
-4.66885 -2.91742 3.06739
-4.61722 -2.99846 3.06739
-4.56419 -3.07858 3.40534
-4.50976 -3.15777 3.40534
-4.45396 -3.23599 3.717
-4.39681 -3.31323 3.717
-4.33832 -3.38946 4.00005
-4.2785 -3.46466 4.00005
-4.21738 -3.53881 4.25347
-4.15498 -3.61187 4.25347
-4.09131 -3.68383 4.47731
-4.0264 -3.75468 4.47731
-3.96026 -3.82437 4.67254
-3.89291 -3.89291 4.67254
-3.82437 -3.96026 4.67254
-3.75468 -4.0264 4.84075
-3.68383 -4.09131 4.84075
-3.61187 -4.15498 4.98395
-3.53881 -4.21738 4.98395
-3.46466 -4.2785 5.10442
-3.38946 -4.33832 5.10442
-3.31323 -4.39681 5.20459
-3.23599 -4.45396 5.20459
-3.15777 -4.50976 5.28696
-3.07858 -4.56419 5.28696
-2.99846 -4.61722 5.35404
-2.91742 -4.66885 5.35404
-2.83549 -4.71905 5.40821
-2.7527 -4.76782 5.40821
-2.66907 -4.81513 5.40821
-2.58463 -4.86098 5.45161
-2.4994 -4.90535 5.45161
-2.41341 -4.94822 5.48593
-2.32668 -4.98959 5.48593
-2.23925 -5.02944 5.51224
-2.15113 -5.06775 5.51224
-2.06236 -5.10452 5.53091
-1.97296 -5.13974 5.53091
-1.88296 -5.17339 5.54155
-1.79238 -5.20546 5.54155
-1.70126 -5.23595 5.54301
-1.60962 -5.26484 5.54301
-1.51749 -5.29213 5.53346
-1.4249 -5.31781 5.53346
-1.33188 -5.34187 5.53346
-1.23845 -5.3643 5.51054
-1.14464 -5.3851 5.51054
-1.05048 -5.40425 5.47149
-0.956003 -5.42176 5.47149
-0.861235 -5.43762 5.41343
-0.766204 -5.45183 5.41343
-0.67094 -5.46437 5.33345
-0.575471 -5.47524 5.33345
-0.479828 -5.48445 5.22878
-0.384038 -5.49199 5.22878
-0.288131 -5.49786 5.09687
-0.192136 -5.50205 5.09687
-0.0960825 -5.50456 4.93541
-1.01133e-15 -5.5054 4.93541
0.0960825 -5.50456 4.93541
0.192136 -5.50205 4.74245
0.288131 -5.49786 4.74245
0.384038 -5.49199 4.51654
0.479828 -5.48445 4.51654
0.575471 -5.47524 4.25696
0.67094 -5.46437 4.25696
0.766204 -5.45183 3.96392
0.861235 -5.43762 3.96392
0.956003 -5.42176 3.63885
1.05048 -5.40425 3.63885
1.14464 -5.3851 3.28452
1.23845 -5.3643 3.28452
1.33188 -5.34187 2.90501
1.4249 -5.31781 2.90501
1.51749 -5.29213 2.90501
1.60962 -5.26484 2.50554
1.70126 -5.23595 2.50554
1.79238 -5.20546 2.09224
1.88296 -5.17339 2.09224
1.97296 -5.13974 1.67189
2.06236 -5.10452 1.67189
2.15113 -5.06775 1.25174
2.23925 -5.02944 1.25174
2.32668 -4.98959 0.839422
2.41341 -4.94822 0.839422
2.4994 -4.90535 0.442814
2.58463 -4.86098 0.442814
2.66907 -4.81513 0.0699213
2.7527 -4.76782 0.0699213
2.83549 -4.71905 0.0699213
2.91742 -4.66885 -0.271378
2.99846 -4.61722 -0.271378
3.07858 -4.56419 -0.573769
3.15777 -4.50976 -0.573769
3.23599 -4.45396 -0.830951
3.31323 -4.39681 -0.830951
3.38946 -4.33832 -1.03789
3.46466 -4.2785 -1.03789
3.53881 -4.21738 -1.19094
3.61187 -4.15498 -1.19094
3.68383 -4.09131 -1.28771
3.75468 -4.0264 -1.28771
3.82437 -3.96026 -1.3269
3.89291 -3.89291 -1.3269
3.96026 -3.82437 -1.3269
4.0264 -3.75468 -1.30819
4.09131 -3.68383 -1.30819
4.15498 -3.61187 -1.23209
4.21738 -3.53881 -1.23209
4.2785 -3.46466 -1.1001
4.33832 -3.38946 -1.1001
4.39681 -3.31323 -0.914816
4.45396 -3.23599 -0.914816
4.50976 -3.15777 -0.680159
4.56419 -3.07858 -0.680159
4.61722 -2.99846 -0.40142
4.66885 -2.91742 -0.40142
4.71905 -2.83549 -0.085193
4.76782 -2.7527 -0.085193
4.81513 -2.66907 -0.085193
4.86098 -2.58463 0.260889
4.90535 -2.4994 0.260889
4.94822 -2.41341 0.62851
4.98959 -2.32668 0.62851
5.02944 -2.23925 1.00901
5.06775 -2.15113 1.00901
5.10452 -2.06236 1.39361
5.13974 -1.97296 1.39361
5.17339 -1.88296 1.77358
5.20546 -1.79238 1.77358
5.23595 -1.70126 2.14028
5.26484 -1.60962 2.14028
5.29213 -1.51749 2.4853
5.31781 -1.4249 2.4853
5.34187 -1.33188 2.4853
5.3643 -1.23845 2.80069
5.3851 -1.14464 2.80069
5.40425 -1.05048 3.07922
5.42176 -0.956003 3.07922
5.43762 -0.861235 3.31473
5.45183 -0.766204 3.31473
5.46437 -0.67094 3.50232
5.47524 -0.575471 3.50232
5.48445 -0.479828 3.63846
5.49199 -0.384038 3.63846
5.49786 -0.288131 3.72083
5.50205 -0.192136 3.72083
5.50456 -0.0960825 3.43831

5.58519 0 3.74816
5.58434 0.097475 3.74816
5.58179 0.19492 3.72007
5.57754 0.292306 3.72007
5.57159 0.389603 3.63693
5.56394 0.486782 3.63693
5.5546 0.583812 3.50002
5.54356 0.680664 3.50002
5.53084 0.777308 3.31165
5.51643 0.873717 3.31165
5.50034 0.969858 3.07535
5.48258 1.0657 3.07535
5.46314 1.16123 2.79601
5.44204 1.25639 2.79601
5.41929 1.35118 2.47981
5.39488 1.44555 2.47981
5.36883 1.53949 2.47981
5.34115 1.63295 2.134
5.31183 1.72592 2.134
5.2809 1.81836 1.76656
5.24836 1.91025 1.76656
5.21423 2.00155 1.38596
5.1785 2.09225 1.38596
5.1412 2.18231 1.0009
5.10233 2.2717 1.0009
5.0619 2.3604 0.6202
5.01994 2.44839 0.6202
4.97644 2.53562 0.252746
4.93143 2.62209 0.252746
4.88492 2.70775 -0.0926874
4.83692 2.7926 -0.0926874
4.78744 2.87659 -0.0926874
4.73651 2.9597 -0.407663
4.68414 3.04191 -0.407663
4.63033 3.1232 -0.684435
4.57512 3.20353 -0.684435
4.51852 3.28289 -0.916309
4.46053 3.36125 -0.916309
4.40119 3.43859 -1.09791
4.34051 3.51488 -1.09791
4.27851 3.59009 -1.22525
4.2152 3.66422 -1.22525
4.15061 3.73722 -1.2957
4.08475 3.80909 -1.2957
4.01765 3.8798 -1.30772
3.94933 3.94933 -1.30772
3.8798 4.01765 -1.30772
3.80909 4.08475 -1.26078
3.73722 4.15061 -1.26078
3.66422 4.2152 -1.15524
3.59009 4.27851 -1.15524
3.51488 4.34051 -0.992439
3.43859 4.40119 -0.992439
3.36125 4.46053 -0.774839
3.28289 4.51852 -0.774839
3.20353 4.57512 -0.506226
3.1232 4.63033 -0.506226
3.04191 4.68414 -0.191778
2.9597 4.73651 -0.191778
2.87659 4.78744 0.162039
2.7926 4.83692 0.162039
2.70775 4.88492 0.162039
2.62209 4.93143 0.547731
2.53562 4.97644 0.547731
2.44839 5.01994 0.95724
2.3604 5.0619 0.95724
2.2717 5.10233 1.38237
2.18231 5.1412 1.38237
2.09225 5.1785 1.81503
2.00155 5.21423 1.81503
1.91025 5.24836 2.24736
1.81836 5.2809 2.24736
1.72592 5.31183 2.67185
1.63295 5.34115 2.67185
1.53949 5.36883 3.08147
1.44555 5.39488 3.08147
1.35118 5.41929 3.08147
1.25639 5.44204 3.46981
1.16123 5.46314 3.46981
1.0657 5.48258 3.83142
0.969858 5.50034 3.83142
0.873717 5.51643 4.162
0.777308 5.53084 4.162
0.680664 5.54356 4.45864
0.583812 5.5546 4.45864
0.486782 5.56394 4.71981
0.389603 5.57159 4.71981
0.292306 5.57754 4.94521
0.19492 5.58179 4.94521
0.097475 5.58434 5.13554
3.41994e-16 5.58519 5.13554
-0.097475 5.58434 5.13554
-0.19492 5.58179 5.29226
-0.292306 5.57754 5.29226
-0.389603 5.57159 5.41733
-0.486782 5.56394 5.41733
-0.583812 5.5546 5.51312
-0.680664 5.54356 5.51312
-0.777308 5.53084 5.58227
-0.873717 5.51643 5.58227
-0.969858 5.50034 5.62772
-1.0657 5.48258 5.62772
-1.16123 5.46314 5.65256
-1.25639 5.44204 5.65256
-1.35118 5.41929 5.65992
-1.44555 5.39488 5.65992
-1.53949 5.36883 5.65992
-1.63295 5.34115 5.65283
-1.72592 5.31183 5.65283
-1.81836 5.2809 5.63395
-1.91025 5.24836 5.63395
-2.00155 5.21423 5.60542
-2.09225 5.1785 5.60542
-2.18231 5.1412 5.56868
-2.2717 5.10233 5.56868
-2.3604 5.0619 5.52442
-2.44839 5.01994 5.52442
-2.53562 4.97644 5.47257
-2.62209 4.93143 5.47257
-2.70775 4.88492 5.41233
-2.7926 4.83692 5.41233
-2.87659 4.78744 5.41233
-2.9597 4.73651 5.34228
-3.04191 4.68414 5.34228
-3.1232 4.63033 5.26051
-3.20353 4.57512 5.26051
-3.28289 4.51852 5.16485
-3.36125 4.46053 5.16485
-3.43859 4.40119 5.05295
-3.51488 4.34051 5.05295
-3.59009 4.27851 4.92239
-3.66422 4.2152 4.92239
-3.73722 4.15061 4.77081
-3.80909 4.08475 4.77081
-3.8798 4.01765 4.59594
-3.94933 3.94933 4.59594
-4.01765 3.8798 4.59594
-4.08475 3.80909 4.39575
-4.15061 3.73722 4.39575
-4.2152 3.66422 4.16861
-4.27851 3.59009 4.16861
-4.34051 3.51488 3.9135
-4.40119 3.43859 3.9135
-4.46053 3.36125 3.63026
-4.51852 3.28289 3.63026
-4.57512 3.20353 3.31982
-4.63033 3.1232 3.31982
-4.68414 3.04191 2.98434
-4.73651 2.9597 2.98434
-4.78744 2.87659 2.62719
-4.83692 2.7926 2.62719
-4.88492 2.70775 2.62719
-4.93143 2.62209 2.25286
-4.97644 2.53562 2.25286
-5.01994 2.44839 1.86671
-5.0619 2.3604 1.86671
-5.10233 2.2717 1.4748
-5.1412 2.18231 1.4748
-5.1785 2.09225 1.08374
-5.21423 2.00155 1.08374
-5.24836 1.91025 0.70053
-5.2809 1.81836 0.70053
-5.31183 1.72592 0.332552
-5.34115 1.63295 0.332552
-5.36883 1.53949 -0.012657
-5.39488 1.44555 -0.012657
-5.41929 1.35118 -0.012657
-5.44204 1.25639 -0.327661
-5.46314 1.16123 -0.327661
-5.48258 1.0657 -0.605512
-5.50034 0.969858 -0.605512
-5.51643 0.873717 -0.84014
-5.53084 0.777308 -0.84014
-5.54356 0.680664 -1.02666
-5.5546 0.583812 -1.02666
-5.56394 0.486782 -1.16145
-5.57159 0.389603 -1.16145
-5.57754 0.292306 -1.24214
-5.58179 0.19492 -1.24214
-5.58434 0.097475 -1.2674
-5.58519 6.83989e-16 -1.2674
-5.58434 -0.097475 -1.2674
-5.58179 -0.19492 -1.23677
-5.57754 -0.292306 -1.23677
-5.57159 -0.389603 -1.15066
-5.56394 -0.486782 -1.15066
-5.5546 -0.583812 -1.01035
-5.54356 -0.680664 -1.01035
-5.53084 -0.777308 -0.818198
-5.51643 -0.873717 -0.818198
-5.50034 -0.969858 -0.57778
-5.48258 -1.0657 -0.57778
-5.46314 -1.16123 -0.293986
-5.44204 -1.25639 -0.293986
-5.41929 -1.35118 0.0271003
-5.39488 -1.44555 0.0271003
-5.36883 -1.53949 0.0271003
-5.34115 -1.63295 0.37849
-5.31183 -1.72592 0.37849
-5.2809 -1.81836 0.752682
-5.24836 -1.91025 0.752682
-5.21423 -2.00155 1.14204
-5.1785 -2.09225 1.14204
-5.1412 -2.18231 1.53908
-5.10233 -2.2717 1.53908
-5.0619 -2.3604 1.93663
-5.01994 -2.44839 1.93663
-4.97644 -2.53562 2.32791
-4.93143 -2.62209 2.32791
-4.88492 -2.70775 2.70669
-4.83692 -2.7926 2.70669
-4.78744 -2.87659 2.70669
-4.73651 -2.9597 3.06739
-4.68414 -3.04191 3.06739
-4.63033 -3.1232 3.40534
-4.57512 -3.20353 3.40534
-4.51852 -3.28289 3.717
-4.46053 -3.36125 3.717
-4.40119 -3.43859 4.00005
-4.34051 -3.51488 4.00005
-4.27851 -3.59009 4.25347
-4.2152 -3.66422 4.25347
-4.15061 -3.73722 4.47731
-4.08475 -3.80909 4.47731
-4.01765 -3.8798 4.67254
-3.94933 -3.94933 4.67254
-3.8798 -4.01765 4.67254
-3.80909 -4.08475 4.84075
-3.73722 -4.15061 4.84075
-3.66422 -4.2152 4.98395
-3.59009 -4.27851 4.98395
-3.51488 -4.34051 5.10442
-3.43859 -4.40119 5.10442
-3.36125 -4.46053 5.20459
-3.28289 -4.51852 5.20459
-3.20353 -4.57512 5.28696
-3.1232 -4.63033 5.28696
-3.04191 -4.68414 5.35404
-2.9597 -4.73651 5.35404
-2.87659 -4.78744 5.40821
-2.7926 -4.83692 5.40821
-2.70775 -4.88492 5.40821
-2.62209 -4.93143 5.45161
-2.53562 -4.97644 5.45161
-2.44839 -5.01994 5.48593
-2.3604 -5.0619 5.48593
-2.2717 -5.10233 5.51224
-2.18231 -5.1412 5.51224
-2.09225 -5.1785 5.53091
-2.00155 -5.21423 5.53091
-1.91025 -5.24836 5.54155
-1.81836 -5.2809 5.54155
-1.72592 -5.31183 5.54301
-1.63295 -5.34115 5.54301
-1.53949 -5.36883 5.53346
-1.44555 -5.39488 5.53346
-1.35118 -5.41929 5.53346
-1.25639 -5.44204 5.51054
-1.16123 -5.46314 5.51054
-1.0657 -5.48258 5.47149
-0.969858 -5.50034 5.47149
-0.873717 -5.51643 5.41343
-0.777308 -5.53084 5.41343
-0.680664 -5.54356 5.33345
-0.583812 -5.5546 5.33345
-0.486782 -5.56394 5.22878
-0.389603 -5.57159 5.22878
-0.292306 -5.57754 5.09687
-0.19492 -5.58179 5.09687
-0.097475 -5.58434 4.93541
-1.02598e-15 -5.58519 4.93541
0.097475 -5.58434 4.93541
0.19492 -5.58179 4.74245
0.292306 -5.57754 4.74245
0.389603 -5.57159 4.51654
0.486782 -5.56394 4.51654
0.583812 -5.5546 4.25696
0.680664 -5.54356 4.25696
0.777308 -5.53084 3.96392
0.873717 -5.51643 3.96392
0.969858 -5.50034 3.63885
1.0657 -5.48258 3.63885
1.16123 -5.46314 3.28452
1.25639 -5.44204 3.28452
1.35118 -5.41929 2.90501
1.44555 -5.39488 2.90501
1.53949 -5.36883 2.90501
1.63295 -5.34115 2.50554
1.72592 -5.31183 2.50554
1.81836 -5.2809 2.09224
1.91025 -5.24836 2.09224
2.00155 -5.21423 1.67189
2.09225 -5.1785 1.67189
2.18231 -5.1412 1.25174
2.2717 -5.10233 1.25174
2.3604 -5.0619 0.839422
2.44839 -5.01994 0.839422
2.53562 -4.97644 0.442814
2.62209 -4.93143 0.442814
2.70775 -4.88492 0.0699213
2.7926 -4.83692 0.0699213
2.87659 -4.78744 0.0699213
2.9597 -4.73651 -0.271378
3.04191 -4.68414 -0.271378
3.1232 -4.63033 -0.573769
3.20353 -4.57512 -0.573769
3.28289 -4.51852 -0.830951
3.36125 -4.46053 -0.830951
3.43859 -4.40119 -1.03789
3.51488 -4.34051 -1.03789
3.59009 -4.27851 -1.19094
3.66422 -4.2152 -1.19094
3.73722 -4.15061 -1.28771
3.80909 -4.08475 -1.28771
3.8798 -4.01765 -1.3269
3.94933 -3.94933 -1.3269
4.01765 -3.8798 -1.3269
4.08475 -3.80909 -1.30819
4.15061 -3.73722 -1.30819
4.2152 -3.66422 -1.23209
4.27851 -3.59009 -1.23209
4.34051 -3.51488 -1.1001
4.40119 -3.43859 -1.1001
4.46053 -3.36125 -0.914816
4.51852 -3.28289 -0.914816
4.57512 -3.20353 -0.680159
4.63033 -3.1232 -0.680159
4.68414 -3.04191 -0.40142
4.73651 -2.9597 -0.40142
4.78744 -2.87659 -0.085193
4.83692 -2.7926 -0.085193
4.88492 -2.70775 -0.085193
4.93143 -2.62209 0.260889
4.97644 -2.53562 0.260889
5.01994 -2.44839 0.62851
5.0619 -2.3604 0.62851
5.10233 -2.2717 1.00901
5.1412 -2.18231 1.00901
5.1785 -2.09225 1.39361
5.21423 -2.00155 1.39361
5.24836 -1.91025 1.77358
5.2809 -1.81836 1.77358
5.31183 -1.72592 2.14028
5.34115 -1.63295 2.14028
5.36883 -1.53949 2.4853
5.39488 -1.44555 2.4853
5.41929 -1.35118 2.4853
5.44204 -1.25639 2.80069
5.46314 -1.16123 2.80069
5.48258 -1.0657 3.07922
5.50034 -0.969858 3.07922
5.51643 -0.873717 3.31473
5.53084 -0.777308 3.31473
5.54356 -0.680664 3.50232
5.5546 -0.583812 3.50232
5.56394 -0.486782 3.63846
5.57159 -0.389603 3.63846
5.57754 -0.292306 3.72083
5.58179 -0.19492 3.72083
5.58434 -0.097475 3.43831

5.66498 0 3.74816
5.66412 0.0988675 3.74816
5.66153 0.197705 3.72007
5.65722 0.296482 3.72007
5.65118 0.395169 3.63693
5.64342 0.493736 3.63693
5.63395 0.592152 3.50002
5.62275 0.690387 3.50002
5.60985 0.788413 3.31165
5.59524 0.886198 3.31165
5.57892 0.983714 3.07535
5.5609 1.08093 3.07535
5.54119 1.17782 2.79601
5.51979 1.27434 2.79601
5.49671 1.37048 2.47981
5.47195 1.4662 2.47981
5.44553 1.56148 2.47981
5.41745 1.65628 2.134
5.38772 1.75058 2.134
5.35634 1.84434 1.76656
5.32334 1.93754 1.76656
5.28871 2.03015 1.38596
5.25248 2.12214 1.38596
5.21464 2.21348 1.0009
5.17522 2.30416 1.0009
5.13422 2.39412 0.6202
5.09165 2.48336 0.6202
5.04753 2.57185 0.252746
5.00188 2.65955 0.252746
4.9547 2.74644 -0.0926874
4.90602 2.83249 -0.0926874
4.85584 2.91768 -0.0926874
4.80418 3.00198 -0.407663
4.75105 3.08537 -0.407663
4.69648 3.16782 -0.684435
4.64048 3.2493 -0.684435
4.58307 3.32979 -0.916309
4.52425 3.40927 -0.916309
4.46407 3.48771 -1.09791
4.40252 3.56509 -1.09791
4.33963 3.64138 -1.22525
4.27541 3.71656 -1.22525
4.2099 3.79061 -1.2957
4.1431 3.86351 -1.2957
4.07505 3.93523 -1.30772
4.00575 4.00575 -1.30772
3.93523 4.07505 -1.30772
3.86351 4.1431 -1.26078
3.79061 4.2099 -1.26078
3.71656 4.27541 -1.15524
3.64138 4.33963 -1.15524
3.56509 4.40252 -0.992439
3.48771 4.46407 -0.992439
3.40927 4.52425 -0.774839
3.32979 4.58307 -0.774839
3.2493 4.64048 -0.506226
3.16782 4.69648 -0.506226
3.08537 4.75105 -0.191778
3.00198 4.80418 -0.191778
2.91768 4.85584 0.162039
2.83249 4.90602 0.162039
2.74644 4.9547 0.162039
2.65955 5.00188 0.547731
2.57185 5.04753 0.547731
2.48336 5.09165 0.95724
2.39412 5.13422 0.95724
2.30416 5.17522 1.38237
2.21348 5.21464 1.38237
2.12214 5.25248 1.81503
2.03015 5.28871 1.81503
1.93754 5.32334 2.24736
1.84434 5.35634 2.24736
1.75058 5.38772 2.67185
1.65628 5.41745 2.67185
1.56148 5.44553 3.08147
1.4662 5.47195 3.08147
1.37048 5.49671 3.08147
1.27434 5.51979 3.46981
1.17782 5.54119 3.46981
1.08093 5.5609 3.83142
0.983714 5.57892 3.83142
0.886198 5.59524 4.162
0.788413 5.60985 4.162
0.690387 5.62275 4.45864
0.592152 5.63395 4.45864
0.493736 5.64342 4.71981
0.395169 5.65118 4.71981
0.296482 5.65722 4.94521
0.197705 5.66153 4.94521
0.0988675 5.66412 5.13554
3.4688e-16 5.66498 5.13554
-0.0988675 5.66412 5.13554
-0.197705 5.66153 5.29226
-0.296482 5.65722 5.29226
-0.395169 5.65118 5.41733
-0.493736 5.64342 5.41733
-0.592152 5.63395 5.51312
-0.690387 5.62275 5.51312
-0.788413 5.60985 5.58227
-0.886198 5.59524 5.58227
-0.983714 5.57892 5.62772
-1.08093 5.5609 5.62772
-1.17782 5.54119 5.65256
-1.27434 5.51979 5.65256
-1.37048 5.49671 5.65992
-1.4662 5.47195 5.65992
-1.56148 5.44553 5.65992
-1.65628 5.41745 5.65283
-1.75058 5.38772 5.65283
-1.84434 5.35634 5.63395
-1.93754 5.32334 5.63395
-2.03015 5.28871 5.60542
-2.12214 5.25248 5.60542
-2.21348 5.21464 5.56868
-2.30416 5.17522 5.56868
-2.39412 5.13422 5.52442
-2.48336 5.09165 5.52442
-2.57185 5.04753 5.47257
-2.65955 5.00188 5.47257
-2.74644 4.9547 5.41233
-2.83249 4.90602 5.41233
-2.91768 4.85584 5.41233
-3.00198 4.80418 5.34228
-3.08537 4.75105 5.34228
-3.16782 4.69648 5.26051
-3.2493 4.64048 5.26051
-3.32979 4.58307 5.16485
-3.40927 4.52425 5.16485
-3.48771 4.46407 5.05295
-3.56509 4.40252 5.05295
-3.64138 4.33963 4.92239
-3.71656 4.27541 4.92239
-3.79061 4.2099 4.77081
-3.86351 4.1431 4.77081
-3.93523 4.07505 4.59594
-4.00575 4.00575 4.59594
-4.07505 3.93523 4.59594
-4.1431 3.86351 4.39575
-4.2099 3.79061 4.39575
-4.27541 3.71656 4.16861
-4.33963 3.64138 4.16861
-4.40252 3.56509 3.9135
-4.46407 3.48771 3.9135
-4.52425 3.40927 3.63026
-4.58307 3.32979 3.63026
-4.64048 3.2493 3.31982
-4.69648 3.16782 3.31982
-4.75105 3.08537 2.98434
-4.80418 3.00198 2.98434
-4.85584 2.91768 2.62719
-4.90602 2.83249 2.62719
-4.9547 2.74644 2.62719
-5.00188 2.65955 2.25286
-5.04753 2.57185 2.25286
-5.09165 2.48336 1.86671
-5.13422 2.39412 1.86671
-5.17522 2.30416 1.4748
-5.21464 2.21348 1.4748
-5.25248 2.12214 1.08374
-5.28871 2.03015 1.08374
-5.32334 1.93754 0.70053
-5.35634 1.84434 0.70053
-5.38772 1.75058 0.332552
-5.41745 1.65628 0.332552
-5.44553 1.56148 -0.012657
-5.47195 1.4662 -0.012657
-5.49671 1.37048 -0.012657
-5.51979 1.27434 -0.327661
-5.54119 1.17782 -0.327661
-5.5609 1.08093 -0.605512
-5.57892 0.983714 -0.605512
-5.59524 0.886198 -0.84014
-5.60985 0.788413 -0.84014
-5.62275 0.690387 -1.02666
-5.63395 0.592152 -1.02666
-5.64342 0.493736 -1.16145
-5.65118 0.395169 -1.16145
-5.65722 0.296482 -1.24214
-5.66153 0.197705 -1.24214
-5.66412 0.0988675 -1.2674
-5.66498 6.9376e-16 -1.2674
-5.66412 -0.0988675 -1.2674
-5.66153 -0.197705 -1.23677
-5.65722 -0.296482 -1.23677
-5.65118 -0.395169 -1.15066
-5.64342 -0.493736 -1.15066
-5.63395 -0.592152 -1.01035
-5.62275 -0.690387 -1.01035
-5.60985 -0.788413 -0.818198
-5.59524 -0.886198 -0.818198
-5.57892 -0.983714 -0.57778
-5.5609 -1.08093 -0.57778
-5.54119 -1.17782 -0.293986
-5.51979 -1.27434 -0.293986
-5.49671 -1.37048 0.0271003
-5.47195 -1.4662 0.0271003
-5.44553 -1.56148 0.0271003
-5.41745 -1.65628 0.37849
-5.38772 -1.75058 0.37849
-5.35634 -1.84434 0.752682
-5.32334 -1.93754 0.752682
-5.28871 -2.03015 1.14204
-5.25248 -2.12214 1.14204
-5.21464 -2.21348 1.53908
-5.17522 -2.30416 1.53908
-5.13422 -2.39412 1.93663
-5.09165 -2.48336 1.93663
-5.04753 -2.57185 2.32791
-5.00188 -2.65955 2.32791
-4.9547 -2.74644 2.70669
-4.90602 -2.83249 2.70669
-4.85584 -2.91768 2.70669
-4.80418 -3.00198 3.06739
-4.75105 -3.08537 3.06739
-4.69648 -3.16782 3.40534
-4.64048 -3.2493 3.40534
-4.58307 -3.32979 3.717
-4.52425 -3.40927 3.717
-4.46407 -3.48771 4.00005
-4.40252 -3.56509 4.00005
-4.33963 -3.64138 4.25347
-4.27541 -3.71656 4.25347
-4.2099 -3.79061 4.47731
-4.1431 -3.86351 4.47731
-4.07505 -3.93523 4.67254
-4.00575 -4.00575 4.67254
-3.93523 -4.07505 4.67254
-3.86351 -4.1431 4.84075
-3.79061 -4.2099 4.84075
-3.71656 -4.27541 4.98395
-3.64138 -4.33963 4.98395
-3.56509 -4.40252 5.10442
-3.48771 -4.46407 5.10442
-3.40927 -4.52425 5.20459
-3.32979 -4.58307 5.20459
-3.2493 -4.64048 5.28696
-3.16782 -4.69648 5.28696
-3.08537 -4.75105 5.35404
-3.00198 -4.80418 5.35404
-2.91768 -4.85584 5.40821
-2.83249 -4.90602 5.40821
-2.74644 -4.9547 5.40821
-2.65955 -5.00188 5.45161
-2.57185 -5.04753 5.45161
-2.48336 -5.09165 5.48593
-2.39412 -5.13422 5.48593
-2.30416 -5.17522 5.51224
-2.21348 -5.21464 5.51224
-2.12214 -5.25248 5.53091
-2.03015 -5.28871 5.53091
-1.93754 -5.32334 5.54155
-1.84434 -5.35634 5.54155
-1.75058 -5.38772 5.54301
-1.65628 -5.41745 5.54301
-1.56148 -5.44553 5.53346
-1.4662 -5.47195 5.53346
-1.37048 -5.49671 5.53346
-1.27434 -5.51979 5.51054
-1.17782 -5.54119 5.51054
-1.08093 -5.5609 5.47149
-0.983714 -5.57892 5.47149
-0.886198 -5.59524 5.41343
-0.788413 -5.60985 5.41343
-0.690387 -5.62275 5.33345
-0.592152 -5.63395 5.33345
-0.493736 -5.64342 5.22878
-0.395169 -5.65118 5.22878
-0.296482 -5.65722 5.09687
-0.197705 -5.66153 5.09687
-0.0988675 -5.66412 4.93541
-1.04064e-15 -5.66498 4.93541
0.0988675 -5.66412 4.93541
0.197705 -5.66153 4.74245
0.296482 -5.65722 4.74245
0.395169 -5.65118 4.51654
0.493736 -5.64342 4.51654
0.592152 -5.63395 4.25696
0.690387 -5.62275 4.25696
0.788413 -5.60985 3.96392
0.886198 -5.59524 3.96392
0.983714 -5.57892 3.63885
1.08093 -5.5609 3.63885
1.17782 -5.54119 3.28452
1.27434 -5.51979 3.28452
1.37048 -5.49671 2.90501
1.4662 -5.47195 2.90501
1.56148 -5.44553 2.90501
1.65628 -5.41745 2.50554
1.75058 -5.38772 2.50554
1.84434 -5.35634 2.09224
1.93754 -5.32334 2.09224
2.03015 -5.28871 1.67189
2.12214 -5.25248 1.67189
2.21348 -5.21464 1.25174
2.30416 -5.17522 1.25174
2.39412 -5.13422 0.839422
2.48336 -5.09165 0.839422
2.57185 -5.04753 0.442814
2.65955 -5.00188 0.442814
2.74644 -4.9547 0.0699213
2.83249 -4.90602 0.0699213
2.91768 -4.85584 0.0699213
3.00198 -4.80418 -0.271378
3.08537 -4.75105 -0.271378
3.16782 -4.69648 -0.573769
3.2493 -4.64048 -0.573769
3.32979 -4.58307 -0.830951
3.40927 -4.52425 -0.830951
3.48771 -4.46407 -1.03789
3.56509 -4.40252 -1.03789
3.64138 -4.33963 -1.19094
3.71656 -4.27541 -1.19094
3.79061 -4.2099 -1.28771
3.86351 -4.1431 -1.28771
3.93523 -4.07505 -1.3269
4.00575 -4.00575 -1.3269
4.07505 -3.93523 -1.3269
4.1431 -3.86351 -1.30819
4.2099 -3.79061 -1.30819
4.27541 -3.71656 -1.23209
4.33963 -3.64138 -1.23209
4.40252 -3.56509 -1.1001
4.46407 -3.48771 -1.1001
4.52425 -3.40927 -0.914816
4.58307 -3.32979 -0.914816
4.64048 -3.2493 -0.680159
4.69648 -3.16782 -0.680159
4.75105 -3.08537 -0.40142
4.80418 -3.00198 -0.40142
4.85584 -2.91768 -0.085193
4.90602 -2.83249 -0.085193
4.9547 -2.74644 -0.085193
5.00188 -2.65955 0.260889
5.04753 -2.57185 0.260889
5.09165 -2.48336 0.62851
5.13422 -2.39412 0.62851
5.17522 -2.30416 1.00901
5.21464 -2.21348 1.00901
5.25248 -2.12214 1.39361
5.28871 -2.03015 1.39361
5.32334 -1.93754 1.77358
5.35634 -1.84434 1.77358
5.38772 -1.75058 2.14028
5.41745 -1.65628 2.14028
5.44553 -1.56148 2.4853
5.47195 -1.4662 2.4853
5.49671 -1.37048 2.4853
5.51979 -1.27434 2.80069
5.54119 -1.17782 2.80069
5.5609 -1.08093 3.07922
5.57892 -0.983714 3.07922
5.59524 -0.886198 3.31473
5.60985 -0.788413 3.31473
5.62275 -0.690387 3.50232
5.63395 -0.592152 3.50232
5.64342 -0.493736 3.63846
5.65118 -0.395169 3.63846
5.65722 -0.296482 3.72083
5.66153 -0.197705 3.72083
5.66412 -0.0988675 3.43831

5.74477 0 4.09688
5.74389 0.10026 4.09688
5.74127 0.20049 4.06705
5.7369 0.300658 4.06705
5.73077 0.400735 3.97873
5.72291 0.50069 3.97873
5.7133 0.600492 3.83285
5.70195 0.700111 3.83285
5.68886 0.799517 3.63131
5.67404 0.89868 3.63131
5.65749 0.997569 3.37727
5.63922 1.09615 3.37727
5.61923 1.1944 3.07542
5.59753 1.29229 3.07542
5.57412 1.38979 2.73195
5.54902 1.48686 2.73195
5.52223 1.58347 2.35435
5.49375 1.67961 2.35435
5.4636 1.77523 1.95092
5.43179 1.87031 1.95092
5.39832 1.96483 1.5304
5.3632 2.05874 1.5304
5.32646 2.15203 1.10166
5.28809 2.24466 1.10166
5.24811 2.33661 0.673681
5.20653 2.42784 0.673681
5.16336 2.51834 0.255542
5.11863 2.60807 0.255542
5.07233 2.69701 -0.143575
5.02449 2.78512 -0.143575
4.97512 2.87238 -0.514536
4.92423 2.95877 -0.514536
4.87184 3.04426 -0.514536
4.81797 3.12883 -0.848624
4.76263 3.21243 -0.848624
4.70584 3.29506 -1.13803
4.64762 3.37669 -1.13803
4.58798 3.45729 -1.37632
4.52694 3.53683 -1.37632
4.46452 3.6153 -1.55867
4.40075 3.69267 -1.55867
4.33563 3.76891 -1.68182
4.2692 3.844 -1.68182
4.20146 3.91792 -1.74384
4.13244 3.99065 -1.74384
4.06217 4.06217 -1.74373
3.99065 4.13244 -1.74373
3.91792 4.20146 -1.68127
3.844 4.2692 -1.68127
3.76891 4.33563 -1.5569
3.69267 4.40075 -1.5569
3.6153 4.46452 -1.3719
3.53683 4.52694 -1.3719
3.45729 4.58798 -1.12869
3.37669 4.64762 -1.12869
3.29506 4.70584 -0.831163
3.21243 4.76263 -0.831163
3.12883 4.81797 -0.484835
3.04426 4.87184 -0.484835
2.95877 4.92423 -0.0967568
2.87238 4.97512 -0.0967568
2.78512 5.02449 -0.0967568
2.69701 5.07233 0.324875
2.60807 5.11863 0.324875
2.51834 5.16336 0.771342
2.42784 5.20653 0.771342
2.33661 5.24811 1.23394
2.24466 5.28809 1.23394
2.15203 5.32646 1.70423
2.05874 5.3632 1.70423
1.96483 5.39832 2.17409
1.87031 5.43179 2.17409
1.77523 5.4636 2.63575
1.67961 5.49375 2.63575
1.58347 5.52223 3.08176
1.48686 5.54902 3.08176
1.38979 5.57412 3.50518
1.29229 5.59753 3.50518
1.1944 5.61923 3.8999
1.09615 5.63922 3.8999
0.997569 5.65749 4.26099
0.89868 5.67404 4.26099
0.799517 5.68886 4.58508
0.700111 5.70195 4.58508
0.600492 5.7133 4.87038
0.50069 5.72291 4.87038
0.400735 5.73077 5.11661
0.300658 5.7369 5.11661
0.20049 5.74127 5.32467
0.10026 5.74389 5.32467
3.51766e-16 5.74477 5.49623
-0.10026 5.74389 5.49623
-0.20049 5.74127 5.49623
-0.300658 5.7369 5.63351
-0.400735 5.73077 5.63351
-0.50069 5.72291 5.73901
-0.600492 5.7133 5.73901
-0.700111 5.70195 5.81552
-0.799517 5.68886 5.81552
-0.89868 5.67404 5.86607
-0.997569 5.65749 5.86607
-1.09615 5.63922 5.89396
-1.1944 5.61923 5.89396
-1.29229 5.59753 5.90267
-1.38979 5.57412 5.90267
-1.48686 5.54902 5.89578
-1.58347 5.52223 5.89578
-1.67961 5.49375 5.87667
-1.77523 5.4636 5.87667
-1.87031 5.43179 5.84828
-1.96483 5.39832 5.84828
-2.05874 5.3632 5.8129
-2.15203 5.32646 5.8129
-2.24466 5.28809 5.77199
-2.33661 5.24811 5.77199
-2.42784 5.20653 5.72616
-2.51834 5.16336 5.72616
-2.60807 5.11863 5.67512
-2.69701 5.07233 5.67512
-2.78512 5.02449 5.61782
-2.87238 4.97512 5.61782
-2.95877 4.92423 5.61782
-3.04426 4.87184 5.55251
-3.12883 4.81797 5.55251
-3.21243 4.76263 5.47693
-3.29506 4.70584 5.47693
-3.37669 4.64762 5.38856
-3.45729 4.58798 5.38856
-3.53683 4.52694 5.28471
-3.6153 4.46452 5.28471
-3.69267 4.40075 5.16268
-3.76891 4.33563 5.16268
-3.844 4.2692 5.01976
-3.91792 4.20146 5.01976
-3.99065 4.13244 4.85329
-4.06217 4.06217 4.85329
-4.13244 3.99065 4.66075
-4.20146 3.91792 4.66075
-4.2692 3.844 4.43985
-4.33563 3.76891 4.43985
-4.40075 3.69267 4.18879
-4.46452 3.6153 4.18879
-4.52694 3.53683 3.90655
-4.58798 3.45729 3.90655
-4.64762 3.37669 3.59321
-4.70584 3.29506 3.59321
-4.76263 3.21243 3.25021
-4.81797 3.12883 3.25021
-4.87184 3.04426 2.88042
-4.92423 2.95877 2.88042
-4.97512 2.87238 2.48804
-5.02449 2.78512 2.48804
-5.07233 2.69701 2.48804
-5.11863 2.60807 2.0783
-5.16336 2.51834 2.0783
-5.20653 2.42784 1.65718
-5.24811 2.33661 1.65718
-5.28809 2.24466 1.2312
-5.32646 2.15203 1.2312
-5.3632 2.05874 0.807322
-5.39832 1.96483 0.807322
-5.43179 1.87031 0.392943
-5.4636 1.77523 0.392943
-5.49375 1.67961 -0.00410309
-5.52223 1.58347 -0.00410309
-5.54902 1.48686 -0.37571
-5.57412 1.38979 -0.37571
-5.59753 1.29229 -0.713857
-5.61923 1.1944 -0.713857
-5.63922 1.09615 -1.01112
-5.65749 0.997569 -1.01112
-5.67404 0.89868 -1.26119
-5.68886 0.799517 -1.26119
-5.70195 0.700111 -1.45921
-5.7133 0.600492 -1.45921
-5.72291 0.50069 -1.60185
-5.73077 0.400735 -1.60185
-5.7369 0.300658 -1.68706
-5.74127 0.20049 -1.68706
-5.74389 0.10026 -1.71376
-5.74477 7.03531e-16 -1.71376
-5.74389 -0.10026 -1.71376
-5.74127 -0.20049 -1.68165
-5.7369 -0.300658 -1.68165
-5.73077 -0.400735 -1.59097
-5.72291 -0.50069 -1.59097
-5.7133 -0.600492 -1.44274
-5.70195 -0.700111 -1.44274
-5.68886 -0.799517 -1.23895
-5.67404 -0.89868 -1.23895
-5.65749 -0.997569 -0.982908
-5.63922 -1.09615 -0.982908
-5.61923 -1.1944 -0.679455
-5.59753 -1.29229 -0.679455
-5.57412 -1.38979 -0.334894
-5.54902 -1.48686 -0.334894
-5.52223 -1.58347 0.0433254
-5.49375 -1.67961 0.0433254
-5.4636 -1.77523 0.447128
-5.43179 -1.87031 0.447128
-5.39832 -1.96483 0.868326
-5.3632 -2.05874 0.868326
-5.32646 -2.15203 1.29898
-5.28809 -2.24466 1.29898
-5.24811 -2.33661 1.73153
-5.20653 -2.42784 1.73153
-5.16336 -2.51834 2.15886
-5.11863 -2.60807 2.15886
-5.07233 -2.69701 2.57424
-5.02449 -2.78512 2.57424
-4.97512 -2.87238 2.57424
-4.92423 -2.95877 2.97148
-4.87184 -3.04426 2.97148
-4.81797 -3.12883 3.34511
-4.76263 -3.21243 3.34511
-4.70584 -3.29506 3.69075
-4.64762 -3.37669 3.69075
-4.58798 -3.45729 4.00534
-4.52694 -3.53683 4.00534
-4.46452 -3.6153 4.28731
-4.40075 -3.69267 4.28731
-4.33563 -3.76891 4.53648
-4.2692 -3.844 4.53648
-4.20146 -3.91792 4.75379
-4.13244 -3.99065 4.75379
-4.06217 -4.06217 4.94098
-3.99065 -4.13244 4.94098
-3.91792 -4.20146 5.10029
-3.844 -4.2692 5.10029
-3.76891 -4.33563 5.23423
-3.69267 -4.40075 5.23423
-3.6153 -4.46452 5.34545
-3.53683 -4.52694 5.34545
-3.45729 -4.58798 5.4367
-3.37669 -4.64762 5.4367
-3.29506 -4.70584 5.5108
-3.21243 -4.76263 5.5108
-3.12883 -4.81797 5.57059
-3.04426 -4.87184 5.57059
-2.95877 -4.92423 5.61881
-2.87238 -4.97512 5.61881
-2.78512 -5.02449 5.61881
-2.69701 -5.07233 5.65797
-2.60807 -5.11863 5.65797
-2.51834 -5.16336 5.6901
-2.42784 -5.20653 5.6901
-2.33661 -5.24811 5.71655
-2.24466 -5.28809 5.71655
-2.15203 -5.32646 5.73789
-2.05874 -5.3632 5.73789
-1.96483 -5.39832 5.75383
-1.87031 -5.43179 5.75383
-1.77523 -5.4636 5.76319
-1.67961 -5.49375 5.76319
-1.58347 -5.52223 5.76402
-1.48686 -5.54902 5.76402
-1.38979 -5.57412 5.75368
-1.29229 -5.59753 5.75368
-1.1944 -5.61923 5.72909
-1.09615 -5.63922 5.72909
-0.997569 -5.65749 5.68698
-0.89868 -5.67404 5.68698
-0.799517 -5.68886 5.62406
-0.700111 -5.70195 5.62406
-0.600492 -5.7133 5.5372
-0.50069 -5.72291 5.5372
-0.400735 -5.73077 5.42349
-0.300658 -5.7369 5.42349
-0.20049 -5.74127 5.2802
-0.10026 -5.74389 5.2802
-1.0553e-15 -5.74477 5.2802
0.10026 -5.74389 5.10484
0.20049 -5.74127 5.10484
0.300658 -5.7369 4.89522
0.400735 -5.73077 4.89522
0.50069 -5.72291 4.64962
0.600492 -5.7133 4.64962
0.700111 -5.70195 4.36713
0.799517 -5.68886 4.36713
0.89868 -5.67404 4.04797
0.997569 -5.65749 4.04797
1.09615 -5.63922 3.69379
1.1944 -5.61923 3.69379
1.29229 -5.59753 3.3078
1.38979 -5.57412 3.3078
1.48686 -5.54902 2.89467
1.58347 -5.52223 2.89467
1.67961 -5.49375 2.46025
1.77523 -5.4636 2.46025
1.87031 -5.43179 2.01118
1.96483 -5.39832 2.01118
2.05874 -5.3632 1.55461
2.15203 -5.32646 1.55461
2.24466 -5.28809 1.09806
2.33661 -5.24811 1.09806
2.42784 -5.20653 0.649416
2.51834 -5.16336 0.649416
2.60807 -5.11863 0.216925
2.69701 -5.07233 0.216925
2.78512 -5.02449 -0.190891
2.87238 -4.97512 -0.190891
2.95877 -4.92423 -0.190891
3.04426 -4.87184 -0.565488
3.12883 -4.81797 -0.565488
3.21243 -4.76263 -0.898845
3.29506 -4.70584 -0.898845
3.37669 -4.64762 -1.18409
3.45729 -4.58798 -1.18409
3.53683 -4.52694 -1.41587
3.6153 -4.46452 -1.41587
3.69267 -4.40075 -1.59043
3.76891 -4.33563 -1.59043
3.844 -4.2692 -1.70544
3.91792 -4.20146 -1.70544
3.99065 -4.13244 -1.75968
4.06217 -4.06217 -1.75968
4.13244 -3.99065 -1.75269
4.20146 -3.91792 -1.75269
4.2692 -3.844 -1.68472
4.33563 -3.76891 -1.68472
4.40075 -3.69267 -1.55668
4.46452 -3.6153 -1.55668
4.52694 -3.53683 -1.3705
4.58798 -3.45729 -1.3705
4.64762 -3.37669 -1.12936
4.70584 -3.29506 -1.12936
4.76263 -3.21243 -0.838003
4.81797 -3.12883 -0.838003
4.87184 -3.04426 -0.502774
4.92423 -2.95877 -0.502774
4.97512 -2.87238 -0.502774
5.02449 -2.78512 -0.131352
5.07233 -2.69701 -0.131352
5.11863 -2.60807 0.26768
5.16336 -2.51834 0.26768
5.20653 -2.42784 0.685324
5.24811 -2.33661 0.685324
5.28809 -2.24466 1.11252
5.32646 -2.15203 1.11252
5.3632 -2.05874 1.5403
5.39832 -1.96483 1.5403
5.43179 -1.87031 1.95977
5.4636 -1.77523 1.95977
5.49375 -1.67961 2.36211
5.52223 -1.58347 2.36211
5.54902 -1.48686 2.73864
5.57412 -1.38979 2.73864
5.59753 -1.29229 3.08105
5.61923 -1.1944 3.08105
5.63922 -1.09615 3.38189
5.65749 -0.997569 3.38189
5.67404 -0.89868 3.63496
5.68886 -0.799517 3.63496
5.70195 -0.700111 3.83556
5.7133 -0.600492 3.83556
5.72291 -0.50069 3.98052
5.73077 -0.400735 3.98052
5.7369 -0.300658 4.06794
5.74127 -0.20049 4.06794
5.74389 -0.10026 3.74816

5.82456 0 4.09688
5.82367 0.101653 4.09688
5.82101 0.203274 4.06705
5.81657 0.304834 4.06705
5.81037 0.406301 3.97873
5.80239 0.507644 3.97873
5.79265 0.608832 3.83285
5.78114 0.709835 3.83285
5.76787 0.810622 3.63131
5.75285 0.911162 3.63131
5.73607 1.01142 3.37727
5.71754 1.11138 3.37727
5.69728 1.21099 3.07542
5.67527 1.31024 3.07542
5.65154 1.40909 2.73195
5.62609 1.50751 2.73195
5.59892 1.60547 2.35435
5.57005 1.70294 2.35435
5.53948 1.79989 1.95092
5.50723 1.89629 1.95092
5.47329 1.99212 1.5304
5.43769 2.08733 1.5304
5.40044 2.18192 1.10166
5.36153 2.27584 1.10166
5.321 2.36906 0.673681
5.27884 2.46156 0.673681
5.23508 2.55332 0.255542
5.18972 2.64429 0.255542
5.14278 2.73446 -0.143575
5.09427 2.8238 -0.143575
5.04421 2.91228 -0.514536
4.99262 2.99987 -0.514536
4.9395 3.08655 -0.514536
4.88488 3.17228 -0.848624
4.82878 3.25705 -0.848624
4.7712 3.34083 -1.13803
4.71217 3.42359 -1.13803
4.6517 3.50531 -1.37632
4.58981 3.58596 -1.37632
4.52653 3.66551 -1.55867
4.46187 3.74395 -1.55867
4.39585 3.82125 -1.68182
4.32849 3.89739 -1.68182
4.25981 3.97234 -1.74384
4.18984 4.04608 -1.74384
4.11858 4.11858 -1.74373
4.04608 4.18984 -1.74373
3.97234 4.25981 -1.68127
3.89739 4.32849 -1.68127
3.82125 4.39585 -1.5569
3.74395 4.46187 -1.5569
3.66551 4.52653 -1.3719
3.58596 4.58981 -1.3719
3.50531 4.6517 -1.12869
3.42359 4.71217 -1.12869
3.34083 4.7712 -0.831163
3.25705 4.82878 -0.831163
3.17228 4.88488 -0.484835
3.08655 4.9395 -0.484835
2.99987 4.99262 -0.0967568
2.91228 5.04421 -0.0967568
2.8238 5.09427 -0.0967568
2.73446 5.14278 0.324875
2.64429 5.18972 0.324875
2.55332 5.23508 0.771342
2.46156 5.27884 0.771342
2.36906 5.321 1.23394
2.27584 5.36153 1.23394
2.18192 5.40044 1.70423
2.08733 5.43769 1.70423
1.99212 5.47329 2.17409
1.89629 5.50723 2.17409
1.79989 5.53948 2.63575
1.70294 5.57005 2.63575
1.60547 5.59892 3.08176
1.50751 5.62609 3.08176
1.40909 5.65154 3.50518
1.31024 5.67527 3.50518
1.21099 5.69728 3.8999
1.11138 5.71754 3.8999
1.01142 5.73607 4.26099
0.911162 5.75285 4.26099
0.810622 5.76787 4.58508
0.709835 5.78114 4.58508
0.608832 5.79265 4.87038
0.507644 5.80239 4.87038
0.406301 5.81037 5.11661
0.304834 5.81657 5.11661
0.203274 5.82101 5.32467
0.101653 5.82367 5.32467
3.56651e-16 5.82456 5.49623
-0.101653 5.82367 5.49623
-0.203274 5.82101 5.49623
-0.304834 5.81657 5.63351
-0.406301 5.81037 5.63351
-0.507644 5.80239 5.73901
-0.608832 5.79265 5.73901
-0.709835 5.78114 5.81552
-0.810622 5.76787 5.81552
-0.911162 5.75285 5.86607
-1.01142 5.73607 5.86607
-1.11138 5.71754 5.89396
-1.21099 5.69728 5.89396
-1.31024 5.67527 5.90267
-1.40909 5.65154 5.90267
-1.50751 5.62609 5.89578
-1.60547 5.59892 5.89578
-1.70294 5.57005 5.87667
-1.79989 5.53948 5.87667
-1.89629 5.50723 5.84828
-1.99212 5.47329 5.84828
-2.08733 5.43769 5.8129
-2.18192 5.40044 5.8129
-2.27584 5.36153 5.77199
-2.36906 5.321 5.77199
-2.46156 5.27884 5.72616
-2.55332 5.23508 5.72616
-2.64429 5.18972 5.67512
-2.73446 5.14278 5.67512
-2.8238 5.09427 5.61782
-2.91228 5.04421 5.61782
-2.99987 4.99262 5.61782
-3.08655 4.9395 5.55251
-3.17228 4.88488 5.55251
-3.25705 4.82878 5.47693
-3.34083 4.7712 5.47693
-3.42359 4.71217 5.38856
-3.50531 4.6517 5.38856
-3.58596 4.58981 5.28471
-3.66551 4.52653 5.28471
-3.74395 4.46187 5.16268
-3.82125 4.39585 5.16268
-3.89739 4.32849 5.01976
-3.97234 4.25981 5.01976
-4.04608 4.18984 4.85329
-4.11858 4.11858 4.85329
-4.18984 4.04608 4.66075
-4.25981 3.97234 4.66075
-4.32849 3.89739 4.43985
-4.39585 3.82125 4.43985
-4.46187 3.74395 4.18879
-4.52653 3.66551 4.18879
-4.58981 3.58596 3.90655
-4.6517 3.50531 3.90655
-4.71217 3.42359 3.59321
-4.7712 3.34083 3.59321
-4.82878 3.25705 3.25021
-4.88488 3.17228 3.25021
-4.9395 3.08655 2.88042
-4.99262 2.99987 2.88042
-5.04421 2.91228 2.48804
-5.09427 2.8238 2.48804
-5.14278 2.73446 2.48804
-5.18972 2.64429 2.0783
-5.23508 2.55332 2.0783
-5.27884 2.46156 1.65718
-5.321 2.36906 1.65718
-5.36153 2.27584 1.2312
-5.40044 2.18192 1.2312
-5.43769 2.08733 0.807322
-5.47329 1.99212 0.807322
-5.50723 1.89629 0.392943
-5.53948 1.79989 0.392943
-5.57005 1.70294 -0.00410309
-5.59892 1.60547 -0.00410309
-5.62609 1.50751 -0.37571
-5.65154 1.40909 -0.37571
-5.67527 1.31024 -0.713857
-5.69728 1.21099 -0.713857
-5.71754 1.11138 -1.01112
-5.73607 1.01142 -1.01112
-5.75285 0.911162 -1.26119
-5.76787 0.810622 -1.26119
-5.78114 0.709835 -1.45921
-5.79265 0.608832 -1.45921
-5.80239 0.507644 -1.60185
-5.81037 0.406301 -1.60185
-5.81657 0.304834 -1.68706
-5.82101 0.203274 -1.68706
-5.82367 0.101653 -1.71376
-5.82456 7.13303e-16 -1.71376
-5.82367 -0.101653 -1.71376
-5.82101 -0.203274 -1.68165
-5.81657 -0.304834 -1.68165
-5.81037 -0.406301 -1.59097
-5.80239 -0.507644 -1.59097
-5.79265 -0.608832 -1.44274
-5.78114 -0.709835 -1.44274
-5.76787 -0.810622 -1.23895
-5.75285 -0.911162 -1.23895
-5.73607 -1.01142 -0.982908
-5.71754 -1.11138 -0.982908
-5.69728 -1.21099 -0.679455
-5.67527 -1.31024 -0.679455
-5.65154 -1.40909 -0.334894
-5.62609 -1.50751 -0.334894
-5.59892 -1.60547 0.0433254
-5.57005 -1.70294 0.0433254
-5.53948 -1.79989 0.447128
-5.50723 -1.89629 0.447128
-5.47329 -1.99212 0.868326
-5.43769 -2.08733 0.868326
-5.40044 -2.18192 1.29898
-5.36153 -2.27584 1.29898
-5.321 -2.36906 1.73153
-5.27884 -2.46156 1.73153
-5.23508 -2.55332 2.15886
-5.18972 -2.64429 2.15886
-5.14278 -2.73446 2.57424
-5.09427 -2.8238 2.57424
-5.04421 -2.91228 2.57424
-4.99262 -2.99987 2.97148
-4.9395 -3.08655 2.97148
-4.88488 -3.17228 3.34511
-4.82878 -3.25705 3.34511
-4.7712 -3.34083 3.69075
-4.71217 -3.42359 3.69075
-4.6517 -3.50531 4.00534
-4.58981 -3.58596 4.00534
-4.52653 -3.66551 4.28731
-4.46187 -3.74395 4.28731
-4.39585 -3.82125 4.53648
-4.32849 -3.89739 4.53648
-4.25981 -3.97234 4.75379
-4.18984 -4.04608 4.75379
-4.11858 -4.11858 4.94098
-4.04608 -4.18984 4.94098
-3.97234 -4.25981 5.10029
-3.89739 -4.32849 5.10029
-3.82125 -4.39585 5.23423
-3.74395 -4.46187 5.23423
-3.66551 -4.52653 5.34545
-3.58596 -4.58981 5.34545
-3.50531 -4.6517 5.4367
-3.42359 -4.71217 5.4367
-3.34083 -4.7712 5.5108
-3.25705 -4.82878 5.5108
-3.17228 -4.88488 5.57059
-3.08655 -4.9395 5.57059
-2.99987 -4.99262 5.61881
-2.91228 -5.04421 5.61881
-2.8238 -5.09427 5.61881
-2.73446 -5.14278 5.65797
-2.64429 -5.18972 5.65797
-2.55332 -5.23508 5.6901
-2.46156 -5.27884 5.6901
-2.36906 -5.321 5.71655
-2.27584 -5.36153 5.71655
-2.18192 -5.40044 5.73789
-2.08733 -5.43769 5.73789
-1.99212 -5.47329 5.75383
-1.89629 -5.50723 5.75383
-1.79989 -5.53948 5.76319
-1.70294 -5.57005 5.76319
-1.60547 -5.59892 5.76402
-1.50751 -5.62609 5.76402
-1.40909 -5.65154 5.75368
-1.31024 -5.67527 5.75368
-1.21099 -5.69728 5.72909
-1.11138 -5.71754 5.72909
-1.01142 -5.73607 5.68698
-0.911162 -5.75285 5.68698
-0.810622 -5.76787 5.62406
-0.709835 -5.78114 5.62406
-0.608832 -5.79265 5.5372
-0.507644 -5.80239 5.5372
-0.406301 -5.81037 5.42349
-0.304834 -5.81657 5.42349
-0.203274 -5.82101 5.2802
-0.101653 -5.82367 5.2802
-1.06995e-15 -5.82456 5.2802
0.101653 -5.82367 5.10484
0.203274 -5.82101 5.10484
0.304834 -5.81657 4.89522
0.406301 -5.81037 4.89522
0.507644 -5.80239 4.64962
0.608832 -5.79265 4.64962
0.709835 -5.78114 4.36713
0.810622 -5.76787 4.36713
0.911162 -5.75285 4.04797
1.01142 -5.73607 4.04797
1.11138 -5.71754 3.69379
1.21099 -5.69728 3.69379
1.31024 -5.67527 3.3078
1.40909 -5.65154 3.3078
1.50751 -5.62609 2.89467
1.60547 -5.59892 2.89467
1.70294 -5.57005 2.46025
1.79989 -5.53948 2.46025
1.89629 -5.50723 2.01118
1.99212 -5.47329 2.01118
2.08733 -5.43769 1.55461
2.18192 -5.40044 1.55461
2.27584 -5.36153 1.09806
2.36906 -5.321 1.09806
2.46156 -5.27884 0.649416
2.55332 -5.23508 0.649416
2.64429 -5.18972 0.216925
2.73446 -5.14278 0.216925
2.8238 -5.09427 -0.190891
2.91228 -5.04421 -0.190891
2.99987 -4.99262 -0.190891
3.08655 -4.9395 -0.565488
3.17228 -4.88488 -0.565488
3.25705 -4.82878 -0.898845
3.34083 -4.7712 -0.898845
3.42359 -4.71217 -1.18409
3.50531 -4.6517 -1.18409
3.58596 -4.58981 -1.41587
3.66551 -4.52653 -1.41587
3.74395 -4.46187 -1.59043
3.82125 -4.39585 -1.59043
3.89739 -4.32849 -1.70544
3.97234 -4.25981 -1.70544
4.04608 -4.18984 -1.75968
4.11858 -4.11858 -1.75968
4.18984 -4.04608 -1.75269
4.25981 -3.97234 -1.75269
4.32849 -3.89739 -1.68472
4.39585 -3.82125 -1.68472
4.46187 -3.74395 -1.55668
4.52653 -3.66551 -1.55668
4.58981 -3.58596 -1.3705
4.6517 -3.50531 -1.3705
4.71217 -3.42359 -1.12936
4.7712 -3.34083 -1.12936
4.82878 -3.25705 -0.838003
4.88488 -3.17228 -0.838003
4.9395 -3.08655 -0.502774
4.99262 -2.99987 -0.502774
5.04421 -2.91228 -0.502774
5.09427 -2.8238 -0.131352
5.14278 -2.73446 -0.131352
5.18972 -2.64429 0.26768
5.23508 -2.55332 0.26768
5.27884 -2.46156 0.685324
5.321 -2.36906 0.685324
5.36153 -2.27584 1.11252
5.40044 -2.18192 1.11252
5.43769 -2.08733 1.5403
5.47329 -1.99212 1.5403
5.50723 -1.89629 1.95977
5.53948 -1.79989 1.95977
5.57005 -1.70294 2.36211
5.59892 -1.60547 2.36211
5.62609 -1.50751 2.73864
5.65154 -1.40909 2.73864
5.67527 -1.31024 3.08105
5.69728 -1.21099 3.08105
5.71754 -1.11138 3.38189
5.73607 -1.01142 3.38189
5.75285 -0.911162 3.63496
5.76787 -0.810622 3.63496
5.78114 -0.709835 3.83556
5.79265 -0.608832 3.83556
5.80239 -0.507644 3.98052
5.81037 -0.406301 3.98052
5.81657 -0.304834 4.06794
5.82101 -0.203274 4.06794
5.82367 -0.101653 3.74816

5.90435 0 4.48652
5.90345 0.103045 4.45513
5.90075 0.206059 4.45513
5.89625 0.30901 4.36206
5.88996 0.411866 4.36206
5.88188 0.514598 4.20777
5.872 0.617172 4.20777
5.86034 0.719559 3.9935
5.84689 0.821726 3.9935
5.83165 0.923643 3.72181
5.81465 1.02528 3.72181
5.79587 1.1266 3.39705
5.77532 1.22758 3.39705
5.75302 1.32819 3.02543
5.72896 1.42839 3.02543
5.70316 1.52816 2.6148
5.67562 1.62746 2.6148
5.64635 1.72626 2.17397
5.61537 1.82454 2.17397
5.58267 1.92227 1.71209
5.54827 2.01941 1.71209
5.51218 2.11593 1.23826
5.47441 2.21181 1.23826
5.43498 2.30701 0.761466
5.39389 2.40151 0.761466
5.35115 2.49528 0.290767
5.30679 2.58829 0.290767
5.26081 2.68052 -0.164505
5.21323 2.77192 -0.164505
5.16406 2.86248 -0.594689
5.11331 2.95217 -0.594689
5.06101 3.04096 -0.990077
5.00717 3.12883 -0.990077
4.9518 3.21574 -1.34153
4.89492 3.30167 -1.34153
4.83656 3.38659 -1.64123
4.77672 3.47049 -1.64123
4.71542 3.55332 -1.8832
4.65269 3.63508 -1.8832
4.58854 3.71573 -2.06351
4.52299 3.79524 -2.06351
4.45607 3.8736 -2.17989
4.38778 3.95078 -2.17989
4.31817 4.02675 -2.23127
4.24723 4.1015 -2.23127
4.175 4.175 -2.21722
4.1015 4.24723 -2.21722
4.02675 4.31817 -2.1377
3.95078 4.38778 -2.1377
3.8736 4.45607 -1.99301
3.79524 4.52299 -1.99301
3.71573 4.58854 -1.78411
3.63508 4.65269 -1.78411
3.55332 4.71542 -1.51316
3.47049 4.77672 -1.51316
3.38659 4.83656 -1.18404
3.30167 4.89492 -1.18404
3.21574 4.9518 -0.802672
3.12883 5.00717 -0.802672
3.04096 5.06101 -0.376896
2.95217 5.11331 -0.376896
2.86248 5.16406 0.0841365
2.77192 5.21323 0.0841365
2.68052 5.26081 0.570855
2.58829 5.30679 0.570855
2.49528 5.35115 1.07398
2.40151 5.39389 1.07398
2.30701 5.43498 1.58478
2.21181 5.47441 1.58478
2.11593 5.51218 2.09502
2.01941 5.54827 2.09502
1.92227 5.58267 2.59677
1.82454 5.61537 2.59677
1.72626 5.64635 3.08229
1.62746 5.67562 3.08229
1.52816 5.70316 3.54405
1.42839 5.72896 3.54405
1.32819 5.75302 3.97511
1.22758 5.77532 3.97511
1.1266 5.79587 4.36968
1.02528 5.81465 4.36968
0.923643 5.83165 4.72367
0.821726 5.84689 4.72367
0.719559 5.86034 5.03495
0.617172 5.872 5.03495
0.514598 5.88188 5.30325
0.411866 5.88996 5.30325
0.30901 5.89625 5.52975
0.206059 5.90075 5.52975
0.103045 5.90345 5.71654
3.61537e-16 5.90435 5.71654
-0.103045 5.90345 5.86618
-0.206059 5.90075 5.86618
-0.30901 5.89625 5.98145
-0.411866 5.88996 5.98145
-0.514598 5.88188 6.06524
-0.617172 5.872 6.06524
-0.719559 5.86034 6.12059
-0.821726 5.84689 6.12059
-0.923643 5.83165 6.15081
-1.02528 5.81465 6.15081
-1.1266 5.79587 6.15957
-1.22758 5.77532 6.15957
-1.32819 5.75302 6.15085
-1.42839 5.72896 6.15085
-1.52816 5.70316 6.12869
-1.62746 5.67562 6.12869
-1.72626 5.64635 6.09692
-1.82454 5.61537 6.09692
-1.92227 5.58267 6.05878
-2.01941 5.54827 6.05878
-2.11593 5.51218 6.01671
-2.21181 5.47441 6.01671
-2.30701 5.43498 5.97217
-2.40151 5.39389 5.97217
-2.49528 5.35115 5.92561
-2.58829 5.30679 5.92561
-2.68052 5.26081 5.87652
-2.77192 5.21323 5.87652
-2.86248 5.16406 5.82351
-2.95217 5.11331 5.82351
-3.04096 5.06101 5.76445
-3.12883 5.00717 5.76445
-3.21574 4.9518 5.69668
-3.30167 4.89492 5.69668
-3.38659 4.83656 5.61727
-3.47049 4.77672 5.61727
-3.55332 4.71542 5.52325
-3.63508 4.65269 5.52325
-3.71573 4.58854 5.41164
-3.79524 4.52299 5.41164
-3.8736 4.45607 5.27947
-3.95078 4.38778 5.27947
-4.02675 4.31817 5.12379
-4.1015 4.24723 5.12379
-4.175 4.175 4.94162
-4.24723 4.1015 4.94162
-4.31817 4.02675 4.73007
-4.38778 3.95078 4.73007
-4.45607 3.8736 4.4865
-4.52299 3.79524 4.4865
-4.58854 3.71573 4.20892
-4.65269 3.63508 4.20892
-4.71542 3.55332 3.89635
-4.77672 3.47049 3.89635
-4.83656 3.38659 3.54932
-4.89492 3.30167 3.54932
-4.9518 3.21574 3.17003
-5.00717 3.12883 3.17003
-5.06101 3.04096 2.76236
-5.11331 2.95217 2.76236
-5.16406 2.86248 2.3315
-5.21323 2.77192 2.3315
-5.26081 2.68052 1.88349
-5.30679 2.58829 1.88349
-5.35115 2.49528 1.42483
-5.39389 2.40151 1.42483
-5.43498 2.30701 0.962336
-5.47441 2.21181 0.962336
-5.51218 2.11593 0.503194
-5.54827 2.01941 0.503194
-5.58267 1.92227 0.0551512
-5.61537 1.82454 0.0551512
-5.64635 1.72626 -0.373406
-5.67562 1.62746 -0.373406
-5.70316 1.52816 -0.773614
-5.72896 1.42839 -0.773614
-5.75302 1.32819 -1.13664
-5.77532 1.22758 -1.13664
-5.79587 1.1266 -1.45442
-5.81465 1.02528 -1.45442
-5.83165 0.923643 -1.72042
-5.84689 0.821726 -1.72042
-5.86034 0.719559 -1.92997
-5.872 0.617172 -1.92997
-5.88188 0.514598 -2.08023
-5.88996 0.411866 -2.08023
-5.89625 0.30901 -2.16971
-5.90075 0.206059 -2.16971
-5.90345 0.103045 -2.1978
-5.90435 7.23074e-16 -2.1978
-5.90345 -0.103045 -2.1978
-5.90075 -0.206059 -2.16433
-5.89625 -0.30901 -2.16433
-5.88996 -0.411866 -2.06938
-5.88188 -0.514598 -2.06938
-5.872 -0.617172 -1.91351
-5.86034 -0.719559 -1.91351
-5.84689 -0.821726 -1.69814
-5.83165 -0.923643 -1.69814
-5.81465 -1.02528 -1.42606
-5.79587 -1.1266 -1.42606
-5.77532 -1.22758 -1.1019
-5.75302 -1.32819 -1.1019
-5.72896 -1.42839 -0.732186
-5.70316 -1.52816 -0.732186
-5.67562 -1.62746 -0.324993
-5.64635 -1.72626 -0.324993
-5.61537 -1.82454 0.110809
-5.58267 -1.92227 0.110809
-5.54827 -2.01941 0.566289
-5.51218 -2.11593 0.566289
-5.47441 -2.21181 1.03296
-5.43498 -2.30701 1.03296
-5.39389 -2.40151 1.50295
-5.35115 -2.49528 1.50295
-5.30679 -2.58829 1.96888
-5.26081 -2.68052 1.96888
-5.21323 -2.77192 2.42376
-5.16406 -2.86248 2.42376
-5.11331 -2.95217 2.86083
-5.06101 -3.04096 2.86083
-5.00717 -3.12883 3.2738
-4.9518 -3.21574 3.2738
-4.89492 -3.30167 3.65725
-4.83656 -3.38659 3.65725
-4.77672 -3.47049 4.00709
-4.71542 -3.55332 4.00709
-4.65269 -3.63508 4.32091
-4.58854 -3.71573 4.32091
-4.52299 -3.79524 4.59812
-4.45607 -3.8736 4.59812
-4.38778 -3.95078 4.83958
-4.31817 -4.02675 4.83958
-4.24723 -4.1015 5.04724
-4.175 -4.175 5.04724
-4.1015 -4.24723 5.22366
-4.02675 -4.31817 5.22366
-3.95078 -4.38778 5.37168
-3.8736 -4.45607 5.37168
-3.79524 -4.52299 5.49425
-3.71573 -4.58854 5.49425
-3.63508 -4.65269 5.5943
-3.55332 -4.71542 5.5943
-3.47049 -4.77672 5.67482
-3.38659 -4.83656 5.67482
-3.30167 -4.89492 5.7389
-3.21574 -4.9518 5.7389
-3.12883 -5.00717 5.78971
-3.04096 -5.06101 5.78971
-2.95217 -5.11331 5.83038
-2.86248 -5.16406 5.83038
-2.77192 -5.21323 5.86385
-2.68052 -5.26081 5.86385
-2.58829 -5.30679 5.89258
-2.49528 -5.35115 5.89258
-2.40151 -5.39389 5.91824
-2.30701 -5.43498 5.91824
-2.21181 -5.47441 5.94164
-2.11593 -5.51218 5.94164
-2.01941 -5.54827 5.96262
-1.92227 -5.58267 5.96262
-1.82454 -5.61537 5.98002
-1.72626 -5.64635 5.98002
-1.62746 -5.67562 5.99175
-1.52816 -5.70316 5.99175
-1.42839 -5.72896 5.99489
-1.32819 -5.75302 5.99489
-1.22758 -5.77532 5.98595
-1.1266 -5.79587 5.98595
-1.02528 -5.81465 5.96121
-0.923643 -5.83165 5.96121
-0.821726 -5.84689 5.91694
-0.719559 -5.86034 5.91694
-0.617172 -5.872 5.84967
-0.514598 -5.88188 5.84967
-0.411866 -5.88996 5.75621
-0.30901 -5.89625 5.75621
-0.206059 -5.90075 5.63357
-0.103045 -5.90345 5.63357
-1.08461e-15 -5.90435 5.47888
0.103045 -5.90345 5.47888
0.206059 -5.90075 5.28936
0.30901 -5.89625 5.28936
0.411866 -5.88996 5.06243
0.514598 -5.88188 5.06243
0.617172 -5.872 4.79599
0.719559 -5.86034 4.79599
0.821726 -5.84689 4.48886
0.923643 -5.83165 4.48886
1.02528 -5.81465 4.14123
1.1266 -5.79587 4.14123
1.22758 -5.77532 3.75511
1.32819 -5.75302 3.75511
1.42839 -5.72896 3.33437
1.52816 -5.70316 3.33437
1.62746 -5.67562 2.88452
1.72626 -5.64635 2.88452
1.82454 -5.61537 2.41216
1.92227 -5.58267 2.41216
2.01941 -5.54827 1.92448
2.11593 -5.51218 1.92448
2.21181 -5.47441 1.42891
2.30701 -5.43498 1.42891
2.40151 -5.39389 0.93312
2.49528 -5.35115 0.93312
2.58829 -5.30679 0.445126
2.68052 -5.26081 0.445126
2.77192 -5.21323 -0.026512
2.86248 -5.16406 -0.026512
2.95217 -5.11331 -0.472681
3.04096 -5.06101 -0.472681
3.12883 -5.00717 -0.883966
3.21574 -4.9518 -0.883966
3.30167 -4.89492 -1.25139
3.38659 -4.83656 -1.25139
3.47049 -4.77672 -1.5673
3.55332 -4.71542 -1.5673
3.63508 -4.65269 -1.82598
3.71573 -4.58854 -1.82598
3.79524 -4.52299 -2.02371
3.8736 -4.45607 -2.02371
3.95078 -4.38778 -2.15843
4.02675 -4.31817 -2.15843
4.1015 -4.24723 -2.22922
4.175 -4.175 -2.22922
4.24723 -4.1015 -2.23578
4.31817 -4.02675 -2.23578
4.38778 -3.95078 -2.17812
4.45607 -3.8736 -2.17812
4.52299 -3.79524 -2.05661
4.58854 -3.71573 -2.05661
4.65269 -3.63508 -1.8723
4.71542 -3.55332 -1.8723
4.77672 -3.47049 -1.62739
4.83656 -3.38659 -1.62739
4.89492 -3.30167 -1.32576
4.9518 -3.21574 -1.32576
5.00717 -3.12883 -0.973282
5.06101 -3.04096 -0.973282
5.11331 -2.95217 -0.577648
5.16406 -2.86248 -0.577648
5.21323 -2.77192 -0.147846
5.26081 -2.68052 -0.147846
5.30679 -2.58829 0.306578
5.35115 -2.49528 0.306578
5.39389 -2.40151 0.776111
5.43498 -2.30701 0.776111
5.47441 -2.21181 1.25155
5.51218 -2.11593 1.25155
5.54827 -2.01941 1.72394
5.58267 -1.92227 1.72394
5.61537 -1.82454 2.18438
5.64635 -1.72626 2.18438
5.67562 -1.62746 2.62381
5.70316 -1.52816 2.62381
5.72896 -1.42839 3.03311
5.75302 -1.32819 3.03311
5.77532 -1.22758 3.40347
5.79587 -1.1266 3.40347
5.81465 -1.02528 3.72706
5.83165 -0.923643 3.72706
5.84689 -0.821726 3.99762
5.86034 -0.719559 3.99762
5.872 -0.617172 4.21082
5.88188 -0.514598 4.21082
5.88996 -0.411866 4.36407
5.89625 -0.30901 4.36407
5.90075 -0.206059 4.45613
5.90345 -0.103045 4.45613

5.98413 0 4.48652
5.98322 0.104438 4.45513
5.98049 0.208843 4.45513
5.97593 0.313185 4.36206
5.96956 0.417432 4.36206
5.96136 0.521552 4.20777
5.95135 0.625512 4.20777
5.93953 0.729283 3.9935
5.9259 0.832831 3.9935
5.91046 0.936125 3.72181
5.89322 1.03913 3.72181
5.87419 1.14183 3.39705
5.85337 1.24417 3.39705
5.83076 1.34614 3.02543
5.80638 1.44769 3.02543
5.78023 1.54881 2.6148
5.75232 1.64945 2.6148
5.72266 1.74959 2.17397
5.69125 1.8492 2.17397
5.65811 1.94824 1.71209
5.62325 2.04669 1.71209
5.58667 2.14452 1.23826
5.54839 2.2417 1.23826
5.50842 2.33819 0.761466
5.46678 2.43397 0.761466
5.42347 2.529 0.290767
5.3785 2.62327 0.290767
5.3319 2.71674 -0.164505
5.28368 2.80938 -0.164505
5.23384 2.90117 -0.594689
5.18241 2.99207 -0.594689
5.1294 3.08206 -0.990077
5.07483 3.17111 -0.990077
5.01872 3.25919 -1.34153
4.96107 3.34629 -1.34153
4.90192 3.43236 -1.64123
4.84127 3.51739 -1.64123
4.77914 3.60134 -1.8832
4.71556 3.6842 -1.8832
4.65055 3.76594 -2.06351
4.58411 3.84653 -2.06351
4.51628 3.92595 -2.17989
4.44708 4.00417 -2.17989
4.37652 4.08117 -2.23127
4.30463 4.15693 -2.23127
4.23142 4.23142 -2.21722
4.15693 4.30463 -2.21722
4.08117 4.37652 -2.1377
4.00417 4.44708 -2.1377
3.92595 4.51628 -1.99301
3.84653 4.58411 -1.99301
3.76594 4.65055 -1.78411
3.6842 4.71556 -1.78411
3.60134 4.77914 -1.51316
3.51739 4.84127 -1.51316
3.43236 4.90192 -1.18404
3.34629 4.96107 -1.18404
3.25919 5.01872 -0.802672
3.17111 5.07483 -0.802672
3.08206 5.1294 -0.376896
2.99207 5.18241 -0.376896
2.90117 5.23384 0.0841365
2.80938 5.28368 0.0841365
2.71674 5.3319 0.570855
2.62327 5.3785 0.570855
2.529 5.42347 1.07398
2.43397 5.46678 1.07398
2.33819 5.50842 1.58478
2.2417 5.54839 1.58478
2.14452 5.58667 2.09502
2.04669 5.62325 2.09502
1.94824 5.65811 2.59677
1.8492 5.69125 2.59677
1.74959 5.72266 3.08229
1.64945 5.75232 3.08229
1.54881 5.78023 3.54405
1.44769 5.80638 3.54405
1.34614 5.83076 3.97511
1.24417 5.85337 3.97511
1.14183 5.87419 4.36968
1.03913 5.89322 4.36968
0.936125 5.91046 4.72367
0.832831 5.9259 4.72367
0.729283 5.93953 5.03495
0.625512 5.95135 5.03495
0.521552 5.96136 5.30325
0.417432 5.96956 5.30325
0.313185 5.97593 5.52975
0.208843 5.98049 5.52975
0.104438 5.98322 5.71654
3.66423e-16 5.98413 5.71654
-0.104438 5.98322 5.86618
-0.208843 5.98049 5.86618
-0.313185 5.97593 5.98145
-0.417432 5.96956 5.98145
-0.521552 5.96136 6.06524
-0.625512 5.95135 6.06524
-0.729283 5.93953 6.12059
-0.832831 5.9259 6.12059
-0.936125 5.91046 6.15081
-1.03913 5.89322 6.15081
-1.14183 5.87419 6.15957
-1.24417 5.85337 6.15957
-1.34614 5.83076 6.15085
-1.44769 5.80638 6.15085
-1.54881 5.78023 6.12869
-1.64945 5.75232 6.12869
-1.74959 5.72266 6.09692
-1.8492 5.69125 6.09692
-1.94824 5.65811 6.05878
-2.04669 5.62325 6.05878
-2.14452 5.58667 6.01671
-2.2417 5.54839 6.01671
-2.33819 5.50842 5.97217
-2.43397 5.46678 5.97217
-2.529 5.42347 5.92561
-2.62327 5.3785 5.92561
-2.71674 5.3319 5.87652
-2.80938 5.28368 5.87652
-2.90117 5.23384 5.82351
-2.99207 5.18241 5.82351
-3.08206 5.1294 5.76445
-3.17111 5.07483 5.76445
-3.25919 5.01872 5.69668
-3.34629 4.96107 5.69668
-3.43236 4.90192 5.61727
-3.51739 4.84127 5.61727
-3.60134 4.77914 5.52325
-3.6842 4.71556 5.52325
-3.76594 4.65055 5.41164
-3.84653 4.58411 5.41164
-3.92595 4.51628 5.27947
-4.00417 4.44708 5.27947
-4.08117 4.37652 5.12379
-4.15693 4.30463 5.12379
-4.23142 4.23142 4.94162
-4.30463 4.15693 4.94162
-4.37652 4.08117 4.73007
-4.44708 4.00417 4.73007
-4.51628 3.92595 4.4865
-4.58411 3.84653 4.4865
-4.65055 3.76594 4.20892
-4.71556 3.6842 4.20892
-4.77914 3.60134 3.89635
-4.84127 3.51739 3.89635
-4.90192 3.43236 3.54932
-4.96107 3.34629 3.54932
-5.01872 3.25919 3.17003
-5.07483 3.17111 3.17003
-5.1294 3.08206 2.76236
-5.18241 2.99207 2.76236
-5.23384 2.90117 2.3315
-5.28368 2.80938 2.3315
-5.3319 2.71674 1.88349
-5.3785 2.62327 1.88349
-5.42347 2.529 1.42483
-5.46678 2.43397 1.42483
-5.50842 2.33819 0.962336
-5.54839 2.2417 0.962336
-5.58667 2.14452 0.503194
-5.62325 2.04669 0.503194
-5.65811 1.94824 0.0551512
-5.69125 1.8492 0.0551512
-5.72266 1.74959 -0.373406
-5.75232 1.64945 -0.373406
-5.78023 1.54881 -0.773614
-5.80638 1.44769 -0.773614
-5.83076 1.34614 -1.13664
-5.85337 1.24417 -1.13664
-5.87419 1.14183 -1.45442
-5.89322 1.03913 -1.45442
-5.91046 0.936125 -1.72042
-5.9259 0.832831 -1.72042
-5.93953 0.729283 -1.92997
-5.95135 0.625512 -1.92997
-5.96136 0.521552 -2.08023
-5.96956 0.417432 -2.08023
-5.97593 0.313185 -2.16971
-5.98049 0.208843 -2.16971
-5.98322 0.104438 -2.1978
-5.98413 7.32845e-16 -2.1978
-5.98322 -0.104438 -2.1978
-5.98049 -0.208843 -2.16433
-5.97593 -0.313185 -2.16433
-5.96956 -0.417432 -2.06938
-5.96136 -0.521552 -2.06938
-5.95135 -0.625512 -1.91351
-5.93953 -0.729283 -1.91351
-5.9259 -0.832831 -1.69814
-5.91046 -0.936125 -1.69814
-5.89322 -1.03913 -1.42606
-5.87419 -1.14183 -1.42606
-5.85337 -1.24417 -1.1019
-5.83076 -1.34614 -1.1019
-5.80638 -1.44769 -0.732186
-5.78023 -1.54881 -0.732186
-5.75232 -1.64945 -0.324993
-5.72266 -1.74959 -0.324993
-5.69125 -1.8492 0.110809
-5.65811 -1.94824 0.110809
-5.62325 -2.04669 0.566289
-5.58667 -2.14452 0.566289
-5.54839 -2.2417 1.03296
-5.50842 -2.33819 1.03296
-5.46678 -2.43397 1.50295
-5.42347 -2.529 1.50295
-5.3785 -2.62327 1.96888
-5.3319 -2.71674 1.96888
-5.28368 -2.80938 2.42376
-5.23384 -2.90117 2.42376
-5.18241 -2.99207 2.86083
-5.1294 -3.08206 2.86083
-5.07483 -3.17111 3.2738
-5.01872 -3.25919 3.2738
-4.96107 -3.34629 3.65725
-4.90192 -3.43236 3.65725
-4.84127 -3.51739 4.00709
-4.77914 -3.60134 4.00709
-4.71556 -3.6842 4.32091
-4.65055 -3.76594 4.32091
-4.58411 -3.84653 4.59812
-4.51628 -3.92595 4.59812
-4.44708 -4.00417 4.83958
-4.37652 -4.08117 4.83958
-4.30463 -4.15693 5.04724
-4.23142 -4.23142 5.04724
-4.15693 -4.30463 5.22366
-4.08117 -4.37652 5.22366
-4.00417 -4.44708 5.37168
-3.92595 -4.51628 5.37168
-3.84653 -4.58411 5.49425
-3.76594 -4.65055 5.49425
-3.6842 -4.71556 5.5943
-3.60134 -4.77914 5.5943
-3.51739 -4.84127 5.67482
-3.43236 -4.90192 5.67482
-3.34629 -4.96107 5.7389
-3.25919 -5.01872 5.7389
-3.17111 -5.07483 5.78971
-3.08206 -5.1294 5.78971
-2.99207 -5.18241 5.83038
-2.90117 -5.23384 5.83038
-2.80938 -5.28368 5.86385
-2.71674 -5.3319 5.86385
-2.62327 -5.3785 5.89258
-2.529 -5.42347 5.89258
-2.43397 -5.46678 5.91824
-2.33819 -5.50842 5.91824
-2.2417 -5.54839 5.94164
-2.14452 -5.58667 5.94164
-2.04669 -5.62325 5.96262
-1.94824 -5.65811 5.96262
-1.8492 -5.69125 5.98002
-1.74959 -5.72266 5.98002
-1.64945 -5.75232 5.99175
-1.54881 -5.78023 5.99175
-1.44769 -5.80638 5.99489
-1.34614 -5.83076 5.99489
-1.24417 -5.85337 5.98595
-1.14183 -5.87419 5.98595
-1.03913 -5.89322 5.96121
-0.936125 -5.91046 5.96121
-0.832831 -5.9259 5.91694
-0.729283 -5.93953 5.91694
-0.625512 -5.95135 5.84967
-0.521552 -5.96136 5.84967
-0.417432 -5.96956 5.75621
-0.313185 -5.97593 5.75621
-0.208843 -5.98049 5.63357
-0.104438 -5.98322 5.63357
-1.09927e-15 -5.98413 5.47888
0.104438 -5.98322 5.47888
0.208843 -5.98049 5.28936
0.313185 -5.97593 5.28936
0.417432 -5.96956 5.06243
0.521552 -5.96136 5.06243
0.625512 -5.95135 4.79599
0.729283 -5.93953 4.79599
0.832831 -5.9259 4.48886
0.936125 -5.91046 4.48886
1.03913 -5.89322 4.14123
1.14183 -5.87419 4.14123
1.24417 -5.85337 3.75511
1.34614 -5.83076 3.75511
1.44769 -5.80638 3.33437
1.54881 -5.78023 3.33437
1.64945 -5.75232 2.88452
1.74959 -5.72266 2.88452
1.8492 -5.69125 2.41216
1.94824 -5.65811 2.41216
2.04669 -5.62325 1.92448
2.14452 -5.58667 1.92448
2.2417 -5.54839 1.42891
2.33819 -5.50842 1.42891
2.43397 -5.46678 0.93312
2.529 -5.42347 0.93312
2.62327 -5.3785 0.445126
2.71674 -5.3319 0.445126
2.80938 -5.28368 -0.026512
2.90117 -5.23384 -0.026512
2.99207 -5.18241 -0.472681
3.08206 -5.1294 -0.472681
3.17111 -5.07483 -0.883966
3.25919 -5.01872 -0.883966
3.34629 -4.96107 -1.25139
3.43236 -4.90192 -1.25139
3.51739 -4.84127 -1.5673
3.60134 -4.77914 -1.5673
3.6842 -4.71556 -1.82598
3.76594 -4.65055 -1.82598
3.84653 -4.58411 -2.02371
3.92595 -4.51628 -2.02371
4.00417 -4.44708 -2.15843
4.08117 -4.37652 -2.15843
4.15693 -4.30463 -2.22922
4.23142 -4.23142 -2.22922
4.30463 -4.15693 -2.23578
4.37652 -4.08117 -2.23578
4.44708 -4.00417 -2.17812
4.51628 -3.92595 -2.17812
4.58411 -3.84653 -2.05661
4.65055 -3.76594 -2.05661
4.71556 -3.6842 -1.8723
4.77914 -3.60134 -1.8723
4.84127 -3.51739 -1.62739
4.90192 -3.43236 -1.62739
4.96107 -3.34629 -1.32576
5.01872 -3.25919 -1.32576
5.07483 -3.17111 -0.973282
5.1294 -3.08206 -0.973282
5.18241 -2.99207 -0.577648
5.23384 -2.90117 -0.577648
5.28368 -2.80938 -0.147846
5.3319 -2.71674 -0.147846
5.3785 -2.62327 0.306578
5.42347 -2.529 0.306578
5.46678 -2.43397 0.776111
5.50842 -2.33819 0.776111
5.54839 -2.2417 1.25155
5.58667 -2.14452 1.25155
5.62325 -2.04669 1.72394
5.65811 -1.94824 1.72394
5.69125 -1.8492 2.18438
5.72266 -1.74959 2.18438
5.75232 -1.64945 2.62381
5.78023 -1.54881 2.62381
5.80638 -1.44769 3.03311
5.83076 -1.34614 3.03311
5.85337 -1.24417 3.40347
5.87419 -1.14183 3.40347
5.89322 -1.03913 3.72706
5.91046 -0.936125 3.72706
5.9259 -0.832831 3.99762
5.93953 -0.729283 3.99762
5.95135 -0.625512 4.21082
5.96136 -0.521552 4.21082
5.96956 -0.417432 4.36407
5.97593 -0.313185 4.36407
5.98049 -0.208843 4.45613
5.98322 -0.104438 4.45613

6.06392 0 4.48652
6.063 0.10583 4.45513
6.06023 0.211628 4.45513
6.05561 0.317361 4.36206
6.04915 0.422998 4.36206
6.04085 0.528506 4.20777
6.0307 0.633853 4.20777
6.01872 0.739006 3.9935
6.00491 0.843935 3.9935
5.98927 0.948606 3.72181
5.9718 1.05299 3.72181
5.95251 1.15705 3.39705
5.93141 1.26076 3.39705
5.9085 1.36409 3.02543
5.8838 1.467 3.02543
5.8573 1.56946 2.6148
5.82902 1.67144 2.6148
5.79896 1.77292 2.17397
5.76713 1.87386 2.17397
5.73355 1.97422 1.71209
5.69822 2.07398 1.71209
5.66116 2.17312 1.23826
5.62237 2.27159 1.23826
5.58187 2.36936 0.761466
5.53967 2.46642 0.761466
5.49578 2.56272 0.290767
5.45022 2.65825 0.290767
5.40299 2.75296 -0.164505
5.35413 2.84684 -0.164505
5.30363 2.93985 -0.594689
5.25151 3.03196 -0.594689
5.1978 3.12315 -0.990077
5.1425 3.21339 -0.990077
5.08563 3.30265 -1.34153
5.02722 3.3909 -1.34153
4.96727 3.47812 -1.64123
4.90582 3.56428 -1.64123
4.84286 3.64936 -1.8832
4.77844 3.73332 -1.8832
4.71255 3.81615 -2.06351
4.64523 3.89781 -2.06351
4.5765 3.97829 -2.17989
4.50637 4.05756 -2.17989
4.43487 4.13559 -2.23127
4.36202 4.21235 -2.23127
4.28784 4.28784 -2.21722
4.21235 4.36202 -2.21722
4.13559 4.43487 -2.1377
4.05756 4.50637 -2.1377
3.97829 4.5765 -1.99301
3.89781 4.64523 -1.99301
3.81615 4.71255 -1.78411
3.73332 4.77844 -1.78411
3.64936 4.84286 -1.51316
3.56428 4.90582 -1.51316
3.47812 4.96727 -1.18404
3.3909 5.02722 -1.18404
3.30265 5.08563 -0.802672
3.21339 5.1425 -0.802672
3.12315 5.1978 -0.376896
3.03196 5.25151 -0.376896
2.93985 5.30363 0.0841365
2.84684 5.35413 0.0841365
2.75296 5.40299 0.570855
2.65825 5.45022 0.570855
2.56272 5.49578 1.07398
2.46642 5.53967 1.07398
2.36936 5.58187 1.58478
2.27159 5.62237 1.58478
2.17312 5.66116 2.09502
2.07398 5.69822 2.09502
1.97422 5.73355 2.59677
1.87386 5.76713 2.59677
1.77292 5.79896 3.08229
1.67144 5.82902 3.08229
1.56946 5.8573 3.54405
1.467 5.8838 3.54405
1.36409 5.9085 3.97511
1.26076 5.93141 3.97511
1.15705 5.95251 4.36968
1.05299 5.9718 4.36968
0.948606 5.98927 4.72367
0.843935 6.00491 4.72367
0.739006 6.01872 5.03495
0.633853 6.0307 5.03495
0.528506 6.04085 5.30325
0.422998 6.04915 5.30325
0.317361 6.05561 5.52975
0.211628 6.06023 5.52975
0.10583 6.063 5.71654
3.71308e-16 6.06392 5.71654
-0.10583 6.063 5.86618
-0.211628 6.06023 5.86618
-0.317361 6.05561 5.98145
-0.422998 6.04915 5.98145
-0.528506 6.04085 6.06524
-0.633853 6.0307 6.06524
-0.739006 6.01872 6.12059
-0.843935 6.00491 6.12059
-0.948606 5.98927 6.15081
-1.05299 5.9718 6.15081
-1.15705 5.95251 6.15957
-1.26076 5.93141 6.15957
-1.36409 5.9085 6.15085
-1.467 5.8838 6.15085
-1.56946 5.8573 6.12869
-1.67144 5.82902 6.12869
-1.77292 5.79896 6.09692
-1.87386 5.76713 6.09692
-1.97422 5.73355 6.05878
-2.07398 5.69822 6.05878
-2.17312 5.66116 6.01671
-2.27159 5.62237 6.01671
-2.36936 5.58187 5.97217
-2.46642 5.53967 5.97217
-2.56272 5.49578 5.92561
-2.65825 5.45022 5.92561
-2.75296 5.40299 5.87652
-2.84684 5.35413 5.87652
-2.93985 5.30363 5.82351
-3.03196 5.25151 5.82351
-3.12315 5.1978 5.76445
-3.21339 5.1425 5.76445
-3.30265 5.08563 5.69668
-3.3909 5.02722 5.69668
-3.47812 4.96727 5.61727
-3.56428 4.90582 5.61727
-3.64936 4.84286 5.52325
-3.73332 4.77844 5.52325
-3.81615 4.71255 5.41164
-3.89781 4.64523 5.41164
-3.97829 4.5765 5.27947
-4.05756 4.50637 5.27947
-4.13559 4.43487 5.12379
-4.21235 4.36202 5.12379
-4.28784 4.28784 4.94162
-4.36202 4.21235 4.94162
-4.43487 4.13559 4.73007
-4.50637 4.05756 4.73007
-4.5765 3.97829 4.4865
-4.64523 3.89781 4.4865
-4.71255 3.81615 4.20892
-4.77844 3.73332 4.20892
-4.84286 3.64936 3.89635
-4.90582 3.56428 3.89635
-4.96727 3.47812 3.54932
-5.02722 3.3909 3.54932
-5.08563 3.30265 3.17003
-5.1425 3.21339 3.17003
-5.1978 3.12315 2.76236
-5.25151 3.03196 2.76236
-5.30363 2.93985 2.3315
-5.35413 2.84684 2.3315
-5.40299 2.75296 1.88349
-5.45022 2.65825 1.88349
-5.49578 2.56272 1.42483
-5.53967 2.46642 1.42483
-5.58187 2.36936 0.962336
-5.62237 2.27159 0.962336
-5.66116 2.17312 0.503194
-5.69822 2.07398 0.503194
-5.73355 1.97422 0.0551512
-5.76713 1.87386 0.0551512
-5.79896 1.77292 -0.373406
-5.82902 1.67144 -0.373406
-5.8573 1.56946 -0.773614
-5.8838 1.467 -0.773614
-5.9085 1.36409 -1.13664
-5.93141 1.26076 -1.13664
-5.95251 1.15705 -1.45442
-5.9718 1.05299 -1.45442
-5.98927 0.948606 -1.72042
-6.00491 0.843935 -1.72042
-6.01872 0.739006 -1.92997
-6.0307 0.633853 -1.92997
-6.04085 0.528506 -2.08023
-6.04915 0.422998 -2.08023
-6.05561 0.317361 -2.16971
-6.06023 0.211628 -2.16971
-6.063 0.10583 -2.1978
-6.06392 7.42616e-16 -2.1978
-6.063 -0.10583 -2.1978
-6.06023 -0.211628 -2.16433
-6.05561 -0.317361 -2.16433
-6.04915 -0.422998 -2.06938
-6.04085 -0.528506 -2.06938
-6.0307 -0.633853 -1.91351
-6.01872 -0.739006 -1.91351
-6.00491 -0.843935 -1.69814
-5.98927 -0.948606 -1.69814
-5.9718 -1.05299 -1.42606
-5.95251 -1.15705 -1.42606
-5.93141 -1.26076 -1.1019
-5.9085 -1.36409 -1.1019
-5.8838 -1.467 -0.732186
-5.8573 -1.56946 -0.732186
-5.82902 -1.67144 -0.324993
-5.79896 -1.77292 -0.324993
-5.76713 -1.87386 0.110809
-5.73355 -1.97422 0.110809
-5.69822 -2.07398 0.566289
-5.66116 -2.17312 0.566289
-5.62237 -2.27159 1.03296
-5.58187 -2.36936 1.03296
-5.53967 -2.46642 1.50295
-5.49578 -2.56272 1.50295
-5.45022 -2.65825 1.96888
-5.40299 -2.75296 1.96888
-5.35413 -2.84684 2.42376
-5.30363 -2.93985 2.42376
-5.25151 -3.03196 2.86083
-5.1978 -3.12315 2.86083
-5.1425 -3.21339 3.2738
-5.08563 -3.30265 3.2738
-5.02722 -3.3909 3.65725
-4.96727 -3.47812 3.65725
-4.90582 -3.56428 4.00709
-4.84286 -3.64936 4.00709
-4.77844 -3.73332 4.32091
-4.71255 -3.81615 4.32091
-4.64523 -3.89781 4.59812
-4.5765 -3.97829 4.59812
-4.50637 -4.05756 4.83958
-4.43487 -4.13559 4.83958
-4.36202 -4.21235 5.04724
-4.28784 -4.28784 5.04724
-4.21235 -4.36202 5.22366
-4.13559 -4.43487 5.22366
-4.05756 -4.50637 5.37168
-3.97829 -4.5765 5.37168
-3.89781 -4.64523 5.49425
-3.81615 -4.71255 5.49425
-3.73332 -4.77844 5.5943
-3.64936 -4.84286 5.5943
-3.56428 -4.90582 5.67482
-3.47812 -4.96727 5.67482
-3.3909 -5.02722 5.7389
-3.30265 -5.08563 5.7389
-3.21339 -5.1425 5.78971
-3.12315 -5.1978 5.78971
-3.03196 -5.25151 5.83038
-2.93985 -5.30363 5.83038
-2.84684 -5.35413 5.86385
-2.75296 -5.40299 5.86385
-2.65825 -5.45022 5.89258
-2.56272 -5.49578 5.89258
-2.46642 -5.53967 5.91824
-2.36936 -5.58187 5.91824
-2.27159 -5.62237 5.94164
-2.17312 -5.66116 5.94164
-2.07398 -5.69822 5.96262
-1.97422 -5.73355 5.96262
-1.87386 -5.76713 5.98002
-1.77292 -5.79896 5.98002
-1.67144 -5.82902 5.99175
-1.56946 -5.8573 5.99175
-1.467 -5.8838 5.99489
-1.36409 -5.9085 5.99489
-1.26076 -5.93141 5.98595
-1.15705 -5.95251 5.98595
-1.05299 -5.9718 5.96121
-0.948606 -5.98927 5.96121
-0.843935 -6.00491 5.91694
-0.739006 -6.01872 5.91694
-0.633853 -6.0307 5.84967
-0.528506 -6.04085 5.84967
-0.422998 -6.04915 5.75621
-0.317361 -6.05561 5.75621
-0.211628 -6.06023 5.63357
-0.10583 -6.063 5.63357
-1.11392e-15 -6.06392 5.47888
0.10583 -6.063 5.47888
0.211628 -6.06023 5.28936
0.317361 -6.05561 5.28936
0.422998 -6.04915 5.06243
0.528506 -6.04085 5.06243
0.633853 -6.0307 4.79599
0.739006 -6.01872 4.79599
0.843935 -6.00491 4.48886
0.948606 -5.98927 4.48886
1.05299 -5.9718 4.14123
1.15705 -5.95251 4.14123
1.26076 -5.93141 3.75511
1.36409 -5.9085 3.75511
1.467 -5.8838 3.33437
1.56946 -5.8573 3.33437
1.67144 -5.82902 2.88452
1.77292 -5.79896 2.88452
1.87386 -5.76713 2.41216
1.97422 -5.73355 2.41216
2.07398 -5.69822 1.92448
2.17312 -5.66116 1.92448
2.27159 -5.62237 1.42891
2.36936 -5.58187 1.42891
2.46642 -5.53967 0.93312
2.56272 -5.49578 0.93312
2.65825 -5.45022 0.445126
2.75296 -5.40299 0.445126
2.84684 -5.35413 -0.026512
2.93985 -5.30363 -0.026512
3.03196 -5.25151 -0.472681
3.12315 -5.1978 -0.472681
3.21339 -5.1425 -0.883966
3.30265 -5.08563 -0.883966
3.3909 -5.02722 -1.25139
3.47812 -4.96727 -1.25139
3.56428 -4.90582 -1.5673
3.64936 -4.84286 -1.5673
3.73332 -4.77844 -1.82598
3.81615 -4.71255 -1.82598
3.89781 -4.64523 -2.02371
3.97829 -4.5765 -2.02371
4.05756 -4.50637 -2.15843
4.13559 -4.43487 -2.15843
4.21235 -4.36202 -2.22922
4.28784 -4.28784 -2.22922
4.36202 -4.21235 -2.23578
4.43487 -4.13559 -2.23578
4.50637 -4.05756 -2.17812
4.5765 -3.97829 -2.17812
4.64523 -3.89781 -2.05661
4.71255 -3.81615 -2.05661
4.77844 -3.73332 -1.8723
4.84286 -3.64936 -1.8723
4.90582 -3.56428 -1.62739
4.96727 -3.47812 -1.62739
5.02722 -3.3909 -1.32576
5.08563 -3.30265 -1.32576
5.1425 -3.21339 -0.973282
5.1978 -3.12315 -0.973282
5.25151 -3.03196 -0.577648
5.30363 -2.93985 -0.577648
5.35413 -2.84684 -0.147846
5.40299 -2.75296 -0.147846
5.45022 -2.65825 0.306578
5.49578 -2.56272 0.306578
5.53967 -2.46642 0.776111
5.58187 -2.36936 0.776111
5.62237 -2.27159 1.25155
5.66116 -2.17312 1.25155
5.69822 -2.07398 1.72394
5.73355 -1.97422 1.72394
5.76713 -1.87386 2.18438
5.79896 -1.77292 2.18438
5.82902 -1.67144 2.62381
5.8573 -1.56946 2.62381
5.8838 -1.467 3.03311
5.9085 -1.36409 3.03311
5.93141 -1.26076 3.40347
5.95251 -1.15705 3.40347
5.9718 -1.05299 3.72706
5.98927 -0.948606 3.72706
6.00491 -0.843935 3.99762
6.01872 -0.739006 3.99762
6.0307 -0.633853 4.21082
6.04085 -0.528506 4.21082
6.04915 -0.422998 4.36407
6.05561 -0.317361 4.36407
6.06023 -0.211628 4.45613
6.063 -0.10583 4.45613

6.14371 0 4.91884
6.14278 0.107223 4.88618
6.13997 0.214412 4.88618
6.13529 0.321537 4.78912
6.12875 0.428564 4.78912
6.12033 0.53546 4.62742
6.11006 0.642193 4.62742
6.09792 0.74873 4.40135
6.08392 0.855039 4.40135
6.06807 0.961088 4.11251
6.05037 1.06684 4.11251
6.03083 1.17228 3.7646
6.00946 1.27735 3.7646
5.98625 1.38203 3.36384
5.96122 1.4863 3.36384
5.93437 1.59011 2.91863
5.90571 1.69344 2.91863
5.87526 1.79625 2.43866
5.84302 1.89851 2.43866
5.80899 2.0002 1.9338
5.7732 2.10127 1.9338
5.73565 2.20171 1.4135
5.69635 2.30147 1.4135
5.65532 2.40054 0.88665
5.61256 2.49887 0.88665
5.56809 2.59644 0.36197
5.52193 2.69323 0.36197
5.47409 2.78919 -0.151475
5.42457 2.8843 -0.151475
5.37341 2.97853 -0.643872
5.32061 3.07186 -1.10468
5.26619 3.16425 -1.10468
5.21016 3.25567 -1.52321
5.15255 3.3461 -1.52321
5.09337 3.43552 -1.88976
5.03263 3.52389 -1.88976
4.97037 3.61118 -2.19666
4.90659 3.69738 -2.19666
4.84131 3.78245 -2.43886
4.77456 3.86636 -2.43886
4.70636 3.9491 -2.61379
4.63672 4.03064 -2.61379
4.56567 4.11095 -2.72057
4.49323 4.19 -2.72057
4.41942 4.26778 -2.75916
4.34426 4.34426 -2.75916
4.26778 4.41942 -2.72964
4.19 4.49323 -2.72964
4.11095 4.56567 -2.63192
4.03064 4.63672 -2.63192
3.9491 4.70636 -2.46582
3.86636 4.77456 -2.46582
3.78245 4.84131 -2.2316
3.69738 4.90659 -2.2316
3.61118 4.97037 -1.9308
3.52389 5.03263 -1.9308
3.43552 5.09337 -1.56713
3.3461 5.15255 -1.56713
3.25567 5.21016 -1.14704
3.16425 5.26619 -1.14704
3.07186 5.32061 -0.679508
2.97853 5.37341 -0.175077
2.8843 5.42457 -0.175077
2.78919 5.47409 0.355528
2.69323 5.52193 0.355528
2.59644 5.56809 0.902377
2.49887 5.61256 0.902377
2.40054 5.65532 1.45655
2.30147 5.69635 1.45655
2.20171 5.73565 2.00993
2.10127 5.7732 2.00993
2.0002 5.80899 2.55471
1.89851 5.84302 2.55471
1.79625 5.87526 3.08304
1.69344 5.90571 3.08304
1.59011 5.93437 3.58681
1.4863 5.96122 3.58681
1.38203 5.98625 4.05808
1.27735 6.00946 4.05808
1.17228 6.03083 4.48979
1.06684 6.05037 4.48979
0.961088 6.06807 4.87675
0.855039 6.08392 4.87675
0.74873 6.09792 5.21623
0.642193 6.11006 5.21623
0.53546 6.12033 5.50797
0.428564 6.12875 5.50797
0.321537 6.13529 5.75357
0.214412 6.13997 5.75357
0.107223 6.14278 5.95578
3.76194e-16 6.14371 6.11778
-0.107223 6.14278 6.11778
-0.214412 6.13997 6.24279
-0.321537 6.13529 6.24279
-0.428564 6.12875 6.33387
-0.53546 6.12033 6.33387
-0.642193 6.11006 6.39403
-0.74873 6.09792 6.39403
-0.855039 6.08392 6.42638
-0.961088 6.06807 6.42638
-1.06684 6.05037 6.43447
-1.17228 6.03083 6.43447
-1.27735 6.00946 6.42239
-1.38203 5.98625 6.42239
-1.4863 5.96122 6.39473
-1.59011 5.93437 6.39473
-1.69344 5.90571 6.35618
-1.79625 5.87526 6.35618
-1.89851 5.84302 6.31109
-2.0002 5.80899 6.31109
-2.10127 5.7732 6.26305
-2.20171 5.73565 6.26305
-2.30147 5.69635 6.21457
-2.40054 5.65532 6.21457
-2.49887 5.61256 6.16707
-2.59644 5.56809 6.16707
-2.69323 5.52193 6.12081
-2.78919 5.47409 6.12081
-2.8843 5.42457 6.075
-2.97853 5.37341 6.075
-3.07186 5.32061 6.02786
-3.16425 5.26619 5.97678
-3.25567 5.21016 5.97678
-3.3461 5.15255 5.9186
-3.43552 5.09337 5.9186
-3.52389 5.03263 5.84997
-3.61118 4.97037 5.84997
-3.69738 4.90659 5.76759
-3.78245 4.84131 5.76759
-3.86636 4.77456 5.66827
-3.9491 4.70636 5.66827
-4.03064 4.63672 5.54891
-4.11095 4.56567 5.54891
-4.19 4.49323 5.40638
-4.26778 4.41942 5.40638
-4.34426 4.34426 5.23737
-4.41942 4.26778 5.23737
-4.49323 4.19 5.03845
-4.56567 4.11095 5.03845
-4.63672 4.03064 4.80617
-4.70636 3.9491 4.80617
-4.77456 3.86636 4.53742
-4.84131 3.78245 4.53742
-4.90659 3.69738 4.22992
-4.97037 3.61118 4.22992
-5.03263 3.52389 3.88293
-5.09337 3.43552 3.88293
-5.15255 3.3461 3.49773
-5.21016 3.25567 3.49773
-5.26619 3.16425 3.07776
-5.32061 3.07186 2.62828
-5.37341 2.97853 2.62828
-5.42457 2.8843 2.15566
-5.47409 2.78919 2.15566
-5.52193 2.69323 1.66664
-5.56809 2.59644 1.66664
-5.61256 2.49887 1.16797
-5.65532 2.40054 1.16797
-5.69635 2.30147 0.666482
-5.73565 2.20171 0.666482
-5.7732 2.10127 0.169397
-5.80899 2.0002 0.169397
-5.84302 1.89851 -0.315218
-5.87526 1.79625 -0.315218
-5.90571 1.69344 -0.778239
-5.93437 1.59011 -0.778239
-5.96122 1.4863 -1.20969
-5.98625 1.38203 -1.20969
-6.00946 1.27735 -1.59954
-6.03083 1.17228 -1.59954
-6.05037 1.06684 -1.93888
-6.06807 0.961088 -1.93888
-6.08392 0.855039 -2.22094
-6.09792 0.74873 -2.22094
-6.11006 0.642193 -2.44156
-6.12033 0.53546 -2.44156
-6.12875 0.428564 -2.59875
-6.13529 0.321537 -2.59875
-6.13997 0.214412 -2.69196
-6.14278 0.107223 -2.69196
-6.14371 7.52388e-16 -2.72124
-6.14278 -0.107223 -2.68666
-6.13997 -0.214412 -2.68666
-6.13529 -0.321537 -2.58807
-6.12875 -0.428564 -2.58807
-6.12033 -0.53546 -2.42532
-6.11006 -0.642193 -2.42532
-6.09792 -0.74873 -2.1989
-6.08392 -0.855039 -2.1989
-6.06807 -0.961088 -1.9107
-6.05037 -1.06684 -1.9107
-6.03083 -1.17228 -1.56488
-6.00946 -1.27735 -1.56488
-5.98625 -1.38203 -1.16814
-5.96122 -1.4863 -1.16814
-5.93437 -1.59011 -0.729397
-5.90571 -1.69344 -0.729397
-5.87526 -1.79625 -0.258709
-5.84302 -1.89851 -0.258709
-5.80899 -2.0002 0.233901
-5.7732 -2.10127 0.233901
-5.73565 -2.20171 0.739223
-5.69635 -2.30147 0.739223
-5.65532 -2.40054 1.24908
-5.61256 -2.49887 1.24908
-5.56809 -2.59644 1.75608
-5.52193 -2.69323 1.75608
-5.47409 -2.78919 2.2532
-5.42457 -2.8843 2.2532
-5.37341 -2.97853 2.73344
-5.32061 -3.07186 2.73344
-5.26619 -3.16425 3.18977
-5.21016 -3.25567 3.61553
-5.15255 -3.3461 3.61553
-5.09337 -3.43552 4.0052
-5.03263 -3.52389 4.0052
-4.97037 -3.61118 4.35511
-4.90659 -3.69738 4.35511
-4.84131 -3.78245 4.66384
-4.77456 -3.86636 4.66384
-4.70636 -3.9491 4.93206
-4.63672 -4.03064 4.93206
-4.56567 -4.11095 5.162
-4.49323 -4.19 5.162
-4.41942 -4.26778 5.3567
-4.34426 -4.34426 5.3567
-4.26778 -4.41942 5.51957
-4.19 -4.49323 5.51957
-4.11095 -4.56567 5.65396
-4.03064 -4.63672 5.65396
-3.9491 -4.70636 5.76311
-3.86636 -4.77456 5.76311
-3.78245 -4.84131 5.8501
-3.69738 -4.90659 5.8501
-3.61118 -4.97037 5.91804
-3.52389 -5.03263 5.91804
-3.43552 -5.09337 5.97022
-3.3461 -5.15255 5.97022
-3.25567 -5.21016 6.01014
-3.16425 -5.26619 6.01014
-3.07186 -5.32061 6.04142
-2.97853 -5.37341 6.06755
-2.8843 -5.42457 6.06755
-2.78919 -5.47409 6.09145
-2.69323 -5.52193 6.09145
-2.59644 -5.56809 6.1152
-2.49887 -5.61256 6.1152
-2.40054 -5.65532 6.13991
-2.30147 -5.69635 6.13991
-2.20171 -5.73565 6.16557
-2.10127 -5.7732 6.16557
-2.0002 -5.80899 6.19109
-1.89851 -5.84302 6.19109
-1.79625 -5.87526 6.21426
-1.69344 -5.90571 6.21426
-1.59011 -5.93437 6.23185
-1.4863 -5.96122 6.23185
-1.38203 -5.98625 6.23991
-1.27735 -6.00946 6.23991
-1.17228 -6.03083 6.23409
-1.06684 -6.05037 6.23409
-0.961088 -6.06807 6.21012
-0.855039 -6.08392 6.21012
-0.74873 -6.09792 6.16415
-0.642193 -6.11006 6.16415
-0.53546 -6.12033 6.09277
-0.428564 -6.12875 6.09277
-0.321537 -6.13529 5.9929
-0.214412 -6.13997 5.9929
-0.107223 -6.14278 5.86153
-1.12858e-15 -6.14371 5.86153
0.107223 -6.14278 5.69555
0.214412 -6.13997 5.49175
0.321537 -6.13529 5.49175
0.428564 -6.12875 5.24692
0.53546 -6.12033 5.24692
0.642193 -6.11006 4.95835
0.74873 -6.09792 4.95835
0.855039 -6.08392 4.62444
0.961088 -6.06807 4.62444
1.06684 -6.05037 4.24542
1.17228 -6.03083 4.24542
1.27735 -6.00946 3.82387
1.38203 -5.98625 3.82387
1.4863 -5.96122 3.36471
1.59011 -5.93437 3.36471
1.69344 -5.90571 2.87462
1.79625 -5.87526 2.87462
1.89851 -5.84302 2.36115
2.0002 -5.80899 2.36115
2.10127 -5.7732 1.83201
2.20171 -5.73565 1.83201
2.30147 -5.69635 1.29474
2.40054 -5.65532 1.29474
2.49887 -5.61256 0.756877
2.59644 -5.56809 0.756877
2.69323 -5.52193 0.226356
2.78919 -5.47409 0.226356
2.8843 -5.42457 -0.288055
2.97853 -5.37341 -0.288055
3.07186 -5.32061 -0.776554
3.16425 -5.26619 -1.22855
3.25567 -5.21016 -1.22855
3.3461 -5.15255 -1.63365
3.43552 -5.09337 -1.63365
3.52389 -5.03263 -1.9831
3.61118 -4.97037 -1.9831
3.69738 -4.90659 -2.27071
3.78245 -4.84131 -2.27071
3.86636 -4.77456 -2.49296
3.9491 -4.70636 -2.49296
4.03064 -4.63672 -2.64844
4.11095 -4.56567 -2.64844
4.19 -4.49323 -2.73692
4.26778 -4.41942 -2.73692
4.34426 -4.34426 -2.75855
4.41942 -4.26778 -2.75855
4.49323 -4.19 -2.71336
4.56567 -4.11095 -2.71336
4.63672 -4.03064 -2.6012
4.70636 -3.9491 -2.6012
4.77456 -3.86636 -2.42209
4.84131 -3.78245 -2.42209
4.90659 -3.69738 -2.17684
4.97037 -3.61118 -2.17684
5.03263 -3.52389 -1.868
5.09337 -3.43552 -1.868
5.15255 -3.3461 -1.50054
5.21016 -3.25567 -1.50054
5.26619 -3.16425 -1.08198
5.32061 -3.07186 -1.08198
5.37341 -2.97853 -0.621904
5.42457 -2.8843 -0.130776
5.47409 -2.78919 -0.130776
5.52193 -2.69323 0.381039
5.56809 -2.59644 0.381039
5.61256 -2.49887 0.90389
5.65532 -2.40054 0.90389
5.69635 -2.30147 1.42884
5.73565 -2.20171 1.42884
5.7732 -2.10127 1.94726
5.80899 -2.0002 1.94726
5.84302 -1.89851 2.45033
5.87526 -1.79625 2.45033
5.90571 -1.69344 2.92863
5.93437 -1.59011 2.92863
5.96122 -1.4863 3.3723
5.98625 -1.38203 3.3723
6.00946 -1.27735 3.77165
6.03083 -1.17228 3.77165
6.05037 -1.06684 4.11825
6.06807 -0.961088 4.11825
6.08392 -0.855039 4.40586
6.09792 -0.74873 4.40586
6.11006 -0.642193 4.63075
6.12033 -0.53546 4.63075
6.12875 -0.428564 4.79131
6.13529 -0.321537 4.79131
6.13997 -0.214412 4.88727
6.14278 -0.107223 4.88727

6.2235 0 4.91884
6.22255 0.108615 4.88618
6.21971 0.217197 4.88618
6.21497 0.325713 4.78912
6.20834 0.434129 4.78912
6.19982 0.542414 4.62742
6.18941 0.650533 4.62742
6.17711 0.758454 4.40135
6.16293 0.866144 4.40135
6.14688 0.97357 4.11251
6.12895 1.0807 4.11251
6.10916 1.1875 3.7646
6.0875 1.29394 3.7646
6.06399 1.39998 3.36384
6.03864 1.5056 3.36384
6.01144 1.61076 2.91863
5.98241 1.71543 2.91863
5.95156 1.81958 2.43866
5.9189 1.92317 2.43866
5.88443 2.02617 1.9338
5.84818 2.12856 1.9338
5.81014 2.2303 1.4135
5.77033 2.33136 1.4135
5.72876 2.43172 0.88665
5.68545 2.53133 0.88665
5.64041 2.63016 0.36197
5.59364 2.7282 0.36197
5.54518 2.82541 -0.151475
5.49502 2.92176 -0.151475
5.4432 3.01721 -0.643872
5.38971 3.11175 -1.10468
5.33458 3.20534 -1.10468
5.27783 3.29795 -1.52321
5.21947 3.38956 -1.52321
5.15951 3.48014 -1.88976
5.09799 3.56965 -1.88976
5.03492 3.65808 -2.19666
4.97031 3.7454 -2.19666
4.90418 3.83157 -2.43886
4.83657 3.91658 -2.43886
4.76748 4.00039 -2.61379
4.69693 4.08298 -2.61379
4.62496 4.16433 -2.72057
4.55158 4.24442 -2.72057
4.47681 4.32321 -2.75916
4.40068 4.40068 -2.75916
4.32321 4.47681 -2.72964
4.24442 4.55158 -2.72964
4.16433 4.62496 -2.63192
4.08298 4.69693 -2.63192
4.00039 4.76748 -2.46582
3.91658 4.83657 -2.46582
3.83157 4.90418 -2.2316
3.7454 4.97031 -2.2316
3.65808 5.03492 -1.9308
3.56965 5.09799 -1.9308
3.48014 5.15951 -1.56713
3.38956 5.21947 -1.56713
3.29795 5.27783 -1.14704
3.20534 5.33458 -1.14704
3.11175 5.38971 -0.679508
3.01721 5.4432 -0.175077
2.92176 5.49502 -0.175077
2.82541 5.54518 0.355528
2.7282 5.59364 0.355528
2.63016 5.64041 0.902377
2.53133 5.68545 0.902377
2.43172 5.72876 1.45655
2.33136 5.77033 1.45655
2.2303 5.81014 2.00993
2.12856 5.84818 2.00993
2.02617 5.88443 2.55471
1.92317 5.9189 2.55471
1.81958 5.95156 3.08304
1.71543 5.98241 3.08304
1.61076 6.01144 3.58681
1.5056 6.03864 3.58681
1.39998 6.06399 4.05808
1.29394 6.0875 4.05808
1.1875 6.10916 4.48979
1.0807 6.12895 4.48979
0.97357 6.14688 4.87675
0.866144 6.16293 4.87675
0.758454 6.17711 5.21623
0.650533 6.18941 5.21623
0.542414 6.19982 5.50797
0.434129 6.20834 5.50797
0.325713 6.21497 5.75357
0.217197 6.21971 5.75357
0.108615 6.22255 5.95578
3.81079e-16 6.2235 6.11778
-0.108615 6.22255 6.11778
-0.217197 6.21971 6.24279
-0.325713 6.21497 6.24279
-0.434129 6.20834 6.33387
-0.542414 6.19982 6.33387
-0.650533 6.18941 6.39403
-0.758454 6.17711 6.39403
-0.866144 6.16293 6.42638
-0.97357 6.14688 6.42638
-1.0807 6.12895 6.43447
-1.1875 6.10916 6.43447
-1.29394 6.0875 6.42239
-1.39998 6.06399 6.42239
-1.5056 6.03864 6.39473
-1.61076 6.01144 6.39473
-1.71543 5.98241 6.35618
-1.81958 5.95156 6.35618
-1.92317 5.9189 6.31109
-2.02617 5.88443 6.31109
-2.12856 5.84818 6.26305
-2.2303 5.81014 6.26305
-2.33136 5.77033 6.21457
-2.43172 5.72876 6.21457
-2.53133 5.68545 6.16707
-2.63016 5.64041 6.16707
-2.7282 5.59364 6.12081
-2.82541 5.54518 6.12081
-2.92176 5.49502 6.075
-3.01721 5.4432 6.075
-3.11175 5.38971 6.02786
-3.20534 5.33458 5.97678
-3.29795 5.27783 5.97678
-3.38956 5.21947 5.9186
-3.48014 5.15951 5.9186
-3.56965 5.09799 5.84997
-3.65808 5.03492 5.84997
-3.7454 4.97031 5.76759
-3.83157 4.90418 5.76759
-3.91658 4.83657 5.66827
-4.00039 4.76748 5.66827
-4.08298 4.69693 5.54891
-4.16433 4.62496 5.54891
-4.24442 4.55158 5.40638
-4.32321 4.47681 5.40638
-4.40068 4.40068 5.23737
-4.47681 4.32321 5.23737
-4.55158 4.24442 5.03845
-4.62496 4.16433 5.03845
-4.69693 4.08298 4.80617
-4.76748 4.00039 4.80617
-4.83657 3.91658 4.53742
-4.90418 3.83157 4.53742
-4.97031 3.7454 4.22992
-5.03492 3.65808 4.22992
-5.09799 3.56965 3.88293
-5.15951 3.48014 3.88293
-5.21947 3.38956 3.49773
-5.27783 3.29795 3.49773
-5.33458 3.20534 3.07776
-5.38971 3.11175 2.62828
-5.4432 3.01721 2.62828
-5.49502 2.92176 2.15566
-5.54518 2.82541 2.15566
-5.59364 2.7282 1.66664
-5.64041 2.63016 1.66664
-5.68545 2.53133 1.16797
-5.72876 2.43172 1.16797
-5.77033 2.33136 0.666482
-5.81014 2.2303 0.666482
-5.84818 2.12856 0.169397
-5.88443 2.02617 0.169397
-5.9189 1.92317 -0.315218
-5.95156 1.81958 -0.315218
-5.98241 1.71543 -0.778239
-6.01144 1.61076 -0.778239
-6.03864 1.5056 -1.20969
-6.06399 1.39998 -1.20969
-6.0875 1.29394 -1.59954
-6.10916 1.1875 -1.59954
-6.12895 1.0807 -1.93888
-6.14688 0.97357 -1.93888
-6.16293 0.866144 -2.22094
-6.17711 0.758454 -2.22094
-6.18941 0.650533 -2.44156
-6.19982 0.542414 -2.44156
-6.20834 0.434129 -2.59875
-6.21497 0.325713 -2.59875
-6.21971 0.217197 -2.69196
-6.22255 0.108615 -2.69196
-6.2235 7.62159e-16 -2.72124
-6.22255 -0.108615 -2.68666
-6.21971 -0.217197 -2.68666
-6.21497 -0.325713 -2.58807
-6.20834 -0.434129 -2.58807
-6.19982 -0.542414 -2.42532
-6.18941 -0.650533 -2.42532
-6.17711 -0.758454 -2.1989
-6.16293 -0.866144 -2.1989
-6.14688 -0.97357 -1.9107
-6.12895 -1.0807 -1.9107
-6.10916 -1.1875 -1.56488
-6.0875 -1.29394 -1.56488
-6.06399 -1.39998 -1.16814
-6.03864 -1.5056 -1.16814
-6.01144 -1.61076 -0.729397
-5.98241 -1.71543 -0.729397
-5.95156 -1.81958 -0.258709
-5.9189 -1.92317 -0.258709
-5.88443 -2.02617 0.233901
-5.84818 -2.12856 0.233901
-5.81014 -2.2303 0.739223
-5.77033 -2.33136 0.739223
-5.72876 -2.43172 1.24908
-5.68545 -2.53133 1.24908
-5.64041 -2.63016 1.75608
-5.59364 -2.7282 1.75608
-5.54518 -2.82541 2.2532
-5.49502 -2.92176 2.2532
-5.4432 -3.01721 2.73344
-5.38971 -3.11175 2.73344
-5.33458 -3.20534 3.18977
-5.27783 -3.29795 3.61553
-5.21947 -3.38956 3.61553
-5.15951 -3.48014 4.0052
-5.09799 -3.56965 4.0052
-5.03492 -3.65808 4.35511
-4.97031 -3.7454 4.35511
-4.90418 -3.83157 4.66384
-4.83657 -3.91658 4.66384
-4.76748 -4.00039 4.93206
-4.69693 -4.08298 4.93206
-4.62496 -4.16433 5.162
-4.55158 -4.24442 5.162
-4.47681 -4.32321 5.3567
-4.40068 -4.40068 5.3567
-4.32321 -4.47681 5.51957
-4.24442 -4.55158 5.51957
-4.16433 -4.62496 5.65396
-4.08298 -4.69693 5.65396
-4.00039 -4.76748 5.76311
-3.91658 -4.83657 5.76311
-3.83157 -4.90418 5.8501
-3.7454 -4.97031 5.8501
-3.65808 -5.03492 5.91804
-3.56965 -5.09799 5.91804
-3.48014 -5.15951 5.97022
-3.38956 -5.21947 5.97022
-3.29795 -5.27783 6.01014
-3.20534 -5.33458 6.01014
-3.11175 -5.38971 6.04142
-3.01721 -5.4432 6.06755
-2.92176 -5.49502 6.06755
-2.82541 -5.54518 6.09145
-2.7282 -5.59364 6.09145
-2.63016 -5.64041 6.1152
-2.53133 -5.68545 6.1152
-2.43172 -5.72876 6.13991
-2.33136 -5.77033 6.13991
-2.2303 -5.81014 6.16557
-2.12856 -5.84818 6.16557
-2.02617 -5.88443 6.19109
-1.92317 -5.9189 6.19109
-1.81958 -5.95156 6.21426
-1.71543 -5.98241 6.21426
-1.61076 -6.01144 6.23185
-1.5056 -6.03864 6.23185
-1.39998 -6.06399 6.23991
-1.29394 -6.0875 6.23991
-1.1875 -6.10916 6.23409
-1.0807 -6.12895 6.23409
-0.97357 -6.14688 6.21012
-0.866144 -6.16293 6.21012
-0.758454 -6.17711 6.16415
-0.650533 -6.18941 6.16415
-0.542414 -6.19982 6.09277
-0.434129 -6.20834 6.09277
-0.325713 -6.21497 5.9929
-0.217197 -6.21971 5.9929
-0.108615 -6.22255 5.86153
-1.14324e-15 -6.2235 5.86153
0.108615 -6.22255 5.69555
0.217197 -6.21971 5.49175
0.325713 -6.21497 5.49175
0.434129 -6.20834 5.24692
0.542414 -6.19982 5.24692
0.650533 -6.18941 4.95835
0.758454 -6.17711 4.95835
0.866144 -6.16293 4.62444
0.97357 -6.14688 4.62444
1.0807 -6.12895 4.24542
1.1875 -6.10916 4.24542
1.29394 -6.0875 3.82387
1.39998 -6.06399 3.82387
1.5056 -6.03864 3.36471
1.61076 -6.01144 3.36471
1.71543 -5.98241 2.87462
1.81958 -5.95156 2.87462
1.92317 -5.9189 2.36115
2.02617 -5.88443 2.36115
2.12856 -5.84818 1.83201
2.2303 -5.81014 1.83201
2.33136 -5.77033 1.29474
2.43172 -5.72876 1.29474
2.53133 -5.68545 0.756877
2.63016 -5.64041 0.756877
2.7282 -5.59364 0.226356
2.82541 -5.54518 0.226356
2.92176 -5.49502 -0.288055
3.01721 -5.4432 -0.288055
3.11175 -5.38971 -0.776554
3.20534 -5.33458 -1.22855
3.29795 -5.27783 -1.22855
3.38956 -5.21947 -1.63365
3.48014 -5.15951 -1.63365
3.56965 -5.09799 -1.9831
3.65808 -5.03492 -1.9831
3.7454 -4.97031 -2.27071
3.83157 -4.90418 -2.27071
3.91658 -4.83657 -2.49296
4.00039 -4.76748 -2.49296
4.08298 -4.69693 -2.64844
4.16433 -4.62496 -2.64844
4.24442 -4.55158 -2.73692
4.32321 -4.47681 -2.73692
4.40068 -4.40068 -2.75855
4.47681 -4.32321 -2.75855
4.55158 -4.24442 -2.71336
4.62496 -4.16433 -2.71336
4.69693 -4.08298 -2.6012
4.76748 -4.00039 -2.6012
4.83657 -3.91658 -2.42209
4.90418 -3.83157 -2.42209
4.97031 -3.7454 -2.17684
5.03492 -3.65808 -2.17684
5.09799 -3.56965 -1.868
5.15951 -3.48014 -1.868
5.21947 -3.38956 -1.50054
5.27783 -3.29795 -1.50054
5.33458 -3.20534 -1.08198
5.38971 -3.11175 -1.08198
5.4432 -3.01721 -0.621904
5.49502 -2.92176 -0.130776
5.54518 -2.82541 -0.130776
5.59364 -2.7282 0.381039
5.64041 -2.63016 0.381039
5.68545 -2.53133 0.90389
5.72876 -2.43172 0.90389
5.77033 -2.33136 1.42884
5.81014 -2.2303 1.42884
5.84818 -2.12856 1.94726
5.88443 -2.02617 1.94726
5.9189 -1.92317 2.45033
5.95156 -1.81958 2.45033
5.98241 -1.71543 2.92863
6.01144 -1.61076 2.92863
6.03864 -1.5056 3.3723
6.06399 -1.39998 3.3723
6.0875 -1.29394 3.77165
6.10916 -1.1875 3.77165
6.12895 -1.0807 4.11825
6.14688 -0.97357 4.11825
6.16293 -0.866144 4.40586
6.17711 -0.758454 4.40586
6.18941 -0.650533 4.63075
6.19982 -0.542414 4.63075
6.20834 -0.434129 4.79131
6.21497 -0.325713 4.79131
6.21971 -0.217197 4.88727
6.22255 -0.108615 4.88727

6.30329 0 5.39513
6.30233 0.110008 5.36163
6.29945 0.219982 5.36163
6.29465 0.329889 5.2618
6.28793 0.439695 5.2618
6.2793 0.549368 5.09441
6.26876 0.658873 5.09441
6.2563 0.768178 4.85828
6.24194 0.877248 4.85828
6.22568 0.986051 4.55343
6.20753 1.09455 4.55343
6.18748 1.20272 4.18244
6.16555 1.31053 4.18244
6.14174 1.41793 3.75136
6.11605 1.5249 3.75136
6.08851 1.63141 3.26949
6.05911 1.73742 2.748
6.02786 1.8429 2.748
5.99478 1.94782 2.19809
5.95988 2.05215 2.19809
5.92315 2.15585 1.62983
5.88463 2.2589 1.62983
5.84431 2.36125 1.052
5.80221 2.46289 1.052
5.75834 2.56378 0.472607
5.71272 2.66388 0.472607
5.66536 2.76318 -0.100185
5.61627 2.86163 -0.100185
5.56547 2.95921 -0.657102
5.51298 3.05589 -0.657102
5.45881 3.15164 -1.18726
5.40297 3.24643 -1.67846
5.34549 3.34023 -1.67846
5.28638 3.43302 -2.11845
5.22566 3.52475 -2.11845
5.16335 3.61542 -2.49685
5.09947 3.70498 -2.49685
5.03403 3.79341 -2.80666
4.96706 3.88069 -2.80666
4.89857 3.96679 -3.04459
4.8286 4.05168 -3.04459
4.75715 4.13533 -3.21018
4.68426 4.21772 -3.21018
4.60993 4.29883 -3.30438
4.53421 4.37863 -3.30438
4.4571 4.4571 -3.32828
4.37863 4.53421 -3.28231
4.29883 4.60993 -3.28231
4.21772 4.68426 -3.16596
4.13533 4.75715 -3.16596
4.05168 4.8286 -2.97806
3.96679 4.89857 -2.97806
3.88069 4.96706 -2.71758
3.79341 5.03403 -2.71758
3.70498 5.09947 -2.38489
3.61542 5.16335 -2.38489
3.52475 5.22566 -1.98329
3.43302 5.28638 -1.98329
3.34023 5.34549 -1.51996
3.24643 5.40297 -1.51996
3.15164 5.45881 -1.00566
3.05589 5.51298 -0.453059
2.95921 5.56547 -0.453059
2.86163 5.61627 0.125492
2.76318 5.66536 0.125492
2.66388 5.71272 0.719325
2.56378 5.75834 0.719325
2.46289 5.80221 1.31955
2.36125 5.84431 1.31955
2.2589 5.88463 1.91853
2.15585 5.92315 1.91853
2.05215 5.95988 2.50907
1.94782 5.99478 2.50907
1.8429 6.02786 3.08354
1.73742 6.05911 3.08354
1.63141 6.08851 3.63345
1.5249 6.11605 4.1496
1.41793 6.14174 4.1496
1.31053 6.16555 4.62313
1.20272 6.18748 4.62313
1.09455 6.20753 5.04705
0.986051 6.22568 5.04705
0.877248 6.24194 5.41756
0.768178 6.2563 5.41756
0.658873 6.26876 5.73428
0.549368 6.2793 5.73428
0.439695 6.28793 5.9995
0.329889 6.29465 5.9995
0.219982 6.29945 6.21698
0.110008 6.30233 6.21698
3.85965e-16 6.30329 6.39093
-0.110008 6.30233 6.52532
-0.219982 6.29945 6.52532
-0.329889 6.29465 6.6236
-0.439695 6.28793 6.6236
-0.549368 6.2793 6.68876
-0.658873 6.26876 6.68876
-0.768178 6.2563 6.72356
-0.877248 6.24194 6.72356
-0.986051 6.22568 6.73104
-1.09455 6.20753 6.73104
-1.20272 6.18748 6.71494
-1.31053 6.16555 6.71494
-1.41793 6.14174 6.67999
-1.5249 6.11605 6.67999
-1.63141 6.08851 6.63162
-1.73742 6.05911 6.57541
-1.8429 6.02786 6.57541
-1.94782 5.99478 6.51636
-2.05215 5.95988 6.51636
-2.15585 5.92315 6.45832
-2.2589 5.88463 6.45832
-2.36125 5.84431 6.40389
-2.46289 5.80221 6.40389
-2.56378 5.75834 6.35431
-2.66388 5.71272 6.35431
-2.76318 5.66536 6.30961
-2.86163 5.61627 6.30961
-2.95921 5.56547 6.26865
-3.05589 5.51298 6.26865
-3.15164 5.45881 6.22922
-3.24643 5.40297 6.18813
-3.34023 5.34549 6.18813
-3.43302 5.28638 6.14157
-3.52475 5.22566 6.14157
-3.61542 5.16335 6.08566
-3.70498 5.09947 6.08566
-3.79341 5.03403 6.01673
-3.88069 4.96706 6.01673
-3.96679 4.89857 5.93149
-4.05168 4.8286 5.93149
-4.13533 4.75715 5.82687
-4.21772 4.68426 5.82687
-4.29883 4.60993 5.69971
-4.37863 4.53421 5.69971
-4.4571 4.4571 5.5466
-4.53421 4.37863 5.36371
-4.60993 4.29883 5.36371
-4.68426 4.21772 5.14683
-4.75715 4.13533 5.14683
-4.8286 4.05168 4.89165
-4.89857 3.96679 4.89165
-4.96706 3.88069 4.59434
-5.03403 3.79341 4.59434
-5.09947 3.70498 4.2524
-5.16335 3.61542 4.2524
-5.22566 3.52475 3.86562
-5.28638 3.43302 3.86562
-5.34549 3.34023 3.4367
-5.40297 3.24643 3.4367
-5.45881 3.15164 2.97105
-5.51298 3.05589 2.47577
-5.56547 2.95921 2.47577
-5.61627 2.86163 1.95839
-5.66536 2.76318 1.95839
-5.71272 2.66388 1.426
-5.75834 2.56378 1.426
-5.80221 2.46289 0.885116
-5.84431 2.36125 0.885116
-5.88463 2.2589 0.342126
-5.92315 2.15585 0.342126
-5.95988 2.05215 -0.195963
-5.99478 1.94782 -0.195963
-6.02786 1.8429 -0.720746
-6.05911 1.73742 -0.720746
-6.08851 1.63141 -1.222
-6.11605 1.5249 -1.68802
-6.14174 1.41793 -1.68802
-6.16555 1.31053 -2.10692
-6.18748 1.20272 -2.10692
-6.20753 1.09455 -2.46858
-6.22568 0.986051 -2.46858
-6.24194 0.877248 -2.76621
-6.2563 0.768178 -2.76621
-6.26876 0.658873 -2.99663
-6.2793 0.549368 -2.99663
-6.28793 0.439695 -3.15936
-6.29465 0.329889 -3.15936
-6.29945 0.219982 -3.25528
-6.30233 0.110008 -3.25528
-6.30329 7.7193e-16 -3.28541
-6.30233 -0.110008 -3.25016
-6.29945 -0.219982 -3.25016
-6.29465 -0.329889 -3.14901
-6.28793 -0.439695 -3.14901
-6.2793 -0.549368 -2.98084
-6.26876 -0.658873 -2.98084
-6.2563 -0.768178 -2.7447
-6.24194 -0.877248 -2.7447
-6.22568 -0.986051 -2.44098
-6.20753 -1.09455 -2.44098
-6.18748 -1.20272 -2.07279
-6.16555 -1.31053 -2.07279
-6.14174 -1.41793 -1.64688
-6.11605 -1.5249 -1.64688
-6.08851 -1.63141 -1.17334
-6.05911 -1.73742 -0.664065
-6.02786 -1.8429 -0.664065
-5.99478 -1.94782 -0.130802
-5.95988 -2.05215 -0.130802
-5.92315 -2.15585 0.416163
-5.88463 -2.2589 0.416163
-5.84431 -2.36125 0.968329
-5.80221 -2.46289 0.968329
-5.75834 -2.56378 1.51855
-5.71272 -2.66388 1.51855
-5.66536 -2.76318 2.06025
-5.61627 -2.86163 2.06025
-5.56547 -2.95921 2.58669
-5.51298 -3.05589 2.58669
-5.45881 -3.15164 3.09046
-5.40297 -3.24643 3.56368
-5.34549 -3.34023 3.56368
-5.28638 -3.43302 3.9989
-5.22566 -3.52475 3.9989
-5.16335 -3.61542 4.39041
-5.09947 -3.70498 4.39041
-5.03403 -3.79341 4.73532
-4.96706 -3.88069 4.73532
-4.89857 -3.96679 5.03376
-4.8286 -4.05168 5.03376
-4.75715 -4.13533 5.2882
-4.68426 -4.21772 5.2882
-4.60993 -4.29883 5.50247
-4.53421 -4.37863 5.50247
-4.4571 -4.4571 5.68085
-4.37863 -4.53421 5.82747
-4.29883 -4.60993 5.82747
-4.21772 -4.68426 5.94603
-4.13533 -4.75715 5.94603
-4.05168 -4.8286 6.03986
-3.96679 -4.89857 6.03986
-3.88069 -4.96706 6.11199
-3.79341 -5.03403 6.11199
-3.70498 -5.09947 6.16548
-3.61542 -5.16335 6.16548
-3.52475 -5.22566 6.20372
-3.43302 -5.28638 6.20372
-3.34023 -5.34549 6.23061
-3.24643 -5.40297 6.23061
-3.15164 -5.45881 6.25037
-3.05589 -5.51298 6.26717
-2.95921 -5.56547 6.26717
-2.86163 -5.61627 6.28457
-2.76318 -5.66536 6.28457
-2.66388 -5.71272 6.3051
-2.56378 -5.75834 6.3051
-2.46289 -5.80221 6.33016
-2.36125 -5.84431 6.33016
-2.2589 -5.88463 6.36001
-2.15585 -5.92315 6.36001
-2.05215 -5.95988 6.39363
-1.94782 -5.99478 6.39363
-1.8429 -6.02786 6.42879
-1.73742 -6.05911 6.42879
-1.63141 -6.08851 6.46195
-1.5249 -6.11605 6.48858
-1.41793 -6.14174 6.48858
-1.31053 -6.16555 6.50352
-1.20272 -6.18748 6.50352
-1.09455 -6.20753 6.50172
-0.986051 -6.22568 6.50172
-0.877248 -6.24194 6.47877
-0.768178 -6.2563 6.47877
-0.658873 -6.26876 6.43108
-0.549368 -6.2793 6.43108
-0.439695 -6.28793 6.35565
-0.329889 -6.29465 6.35565
-0.219982 -6.29945 6.24966
-0.110008 -6.30233 6.24966
-1.1579e-15 -6.30329 6.11004
0.110008 -6.30233 5.93327
0.219982 -6.29945 5.93327
0.329889 -6.29465 5.71537
0.439695 -6.28793 5.71537
0.549368 -6.2793 5.45216
0.658873 -6.26876 5.45216
0.768178 -6.2563 5.13995
0.877248 -6.24194 5.13995
0.986051 -6.22568 4.77655
1.09455 -6.20753 4.77655
1.20272 -6.18748 4.36232
1.31053 -6.16555 4.36232
1.41793 -6.14174 3.90089
1.5249 -6.11605 3.90089
1.63141 -6.08851 3.39886
1.73742 -6.05911 2.86462
1.8429 -6.02786 2.86462
1.94782 -5.99478 2.30685
2.05215 -5.95988 2.30685
2.15585 -5.92315 1.73362
2.2589 -5.88463 1.73362
2.36125 -5.84431 1.15222
2.46289 -5.80221 1.15222
2.56378 -5.75834 0.569612
2.66388 -5.71272 0.569612
2.76318 -5.66536 -0.00671397
2.86163 -5.61627 -0.00671397
2.95921 -5.56547 -0.567974
3.05589 -5.51298 -0.567974
3.15164 -5.45881 -1.10358
3.24643 -5.40297 -1.60126
3.34023 -5.34549 -1.60126
3.43302 -5.28638 -2.04848
3.52475 -5.22566 -2.04848
3.61542 -5.16335 -2.43474
3.70498 -5.09947 -2.43474
3.79341 -5.03403 -2.75318
3.88069 -4.96706 -2.75318
3.96679 -4.89857 -3.00081
4.05168 -4.8286 -3.00081
4.13533 -4.75715 -3.1774
4.21772 -4.68426 -3.1774
4.29883 -4.60993 -3.28399
4.37863 -4.53421 -3.28399
4.4571 -4.4571 -3.32169
4.53421 -4.37863 -3.29091
4.60993 -4.29883 -3.29091
4.68426 -4.21772 -3.1911
4.75715 -4.13533 -3.1911
4.8286 -4.05168 -3.02112
4.89857 -3.96679 -3.02112
4.96706 -3.88069 -2.78
5.03403 -3.79341 -2.78
5.09947 -3.70498 -2.46818
5.16335 -3.61542 -2.46818
5.22566 -3.52475 -2.08894
5.28638 -3.43302 -2.08894
5.34549 -3.34023 -1.64917
5.40297 -3.24643 -1.64917
5.45881 -3.15164 -1.15908
5.51298 -3.05589 -0.630685
5.56547 -2.95921 -0.630685
5.61627 -2.86163 -0.0759574
5.66536 -2.76318 -0.0759574
5.71272 -2.66388 0.494427
5.75834 -2.56378 0.494427
5.80221 -2.46289 1.07136
5.84431 -2.36125 1.07136
5.88463 -2.2589 1.64677
5.92315 -2.15585 1.64677
5.95988 -2.05215 2.21275
5.99478 -1.94782 2.21275
6.02786 -1.8429 2.76058
6.05911 -1.73742 2.76058
6.08851 -1.63141 3.2802
6.11605 -1.5249 3.76038
6.14174 -1.41793 3.76038
6.16555 -1.31053 4.18994
6.18748 -1.20272 4.18994
6.20753 -1.09455 4.55953
6.22568 -0.986051 4.55953
6.24194 -0.877248 4.86307
6.2563 -0.768178 4.86307
6.26876 -0.658873 5.09796
6.2793 -0.549368 5.09796
6.28793 -0.439695 5.26414
6.29465 -0.329889 5.26414
6.29945 -0.219982 5.3628
6.30233 -0.110008 5.3628

6.38308 0 5.39513
6.3821 0.1114 5.36163
6.37919 0.222766 5.36163
6.37433 0.334064 5.2618
6.36753 0.445261 5.2618
6.35879 0.556322 5.09441
6.34811 0.667213 5.09441
6.3355 0.777901 4.85828
6.32096 0.888353 4.85828
6.30449 0.998533 4.55343
6.2861 1.10841 4.55343
6.2658 1.21795 4.18244
6.24359 1.32712 4.18244
6.21948 1.43588 3.75136
6.19347 1.54421 3.75136
6.16558 1.65206 3.26949
6.13581 1.75941 2.748
6.10417 1.86623 2.748
6.07067 1.97248 2.19809
6.03532 2.07813 2.19809
5.99813 2.18314 1.62983
5.95912 2.28749 1.62983
5.91829 2.39114 1.052
5.87565 2.49407 1.052
5.83123 2.59623 0.472607
5.78503 2.6976 0.472607
5.73707 2.79816 -0.100185
5.68736 2.89786 -0.100185
5.63592 2.99667 -0.657102
5.58276 3.09458 -0.657102
5.52791 3.19154 -1.18726
5.47136 3.28753 -1.67846
5.41316 3.38252 -1.67846
5.3533 3.47647 -2.11845
5.29181 3.56937 -2.11845
5.22871 3.66118 -2.49685
5.16402 3.75188 -2.49685
5.09775 3.84143 -2.80666
5.02993 3.92981 -2.80666
4.96058 4.017 -3.04459
4.88972 4.10296 -3.04459
4.81737 4.18767 -3.21018
4.74355 4.27111 -3.21018
4.66829 4.35325 -3.30438
4.5916 4.43406 -3.30438
4.51352 4.51352 -3.32828
4.43406 4.5916 -3.28231
4.35325 4.66829 -3.28231
4.27111 4.74355 -3.16596
4.18767 4.81737 -3.16596
4.10296 4.88972 -2.97806
4.017 4.96058 -2.97806
3.92981 5.02993 -2.71758
3.84143 5.09775 -2.71758
3.75188 5.16402 -2.38489
3.66118 5.22871 -2.38489
3.56937 5.29181 -1.98329
3.47647 5.3533 -1.98329
3.38252 5.41316 -1.51996
3.28753 5.47136 -1.51996
3.19154 5.52791 -1.00566
3.09458 5.58276 -0.453059
2.99667 5.63592 -0.453059
2.89786 5.68736 0.125492
2.79816 5.73707 0.125492
2.6976 5.78503 0.719325
2.59623 5.83123 0.719325
2.49407 5.87565 1.31955
2.39114 5.91829 1.31955
2.28749 5.95912 1.91853
2.18314 5.99813 1.91853
2.07813 6.03532 2.50907
1.97248 6.07067 2.50907
1.86623 6.10417 3.08354
1.75941 6.13581 3.08354
1.65206 6.16558 3.63345
1.54421 6.19347 4.1496
1.43588 6.21948 4.1496
1.32712 6.24359 4.62313
1.21795 6.2658 4.62313
1.10841 6.2861 5.04705
0.998533 6.30449 5.04705
0.888353 6.32096 5.41756
0.777901 6.3355 5.41756
0.667213 6.34811 5.73428
0.556322 6.35879 5.73428
0.445261 6.36753 5.9995
0.334064 6.37433 5.9995
0.222766 6.37919 6.21698
0.1114 6.3821 6.21698
3.90851e-16 6.38308 6.39093
-0.1114 6.3821 6.52532
-0.222766 6.37919 6.52532
-0.334064 6.37433 6.6236
-0.445261 6.36753 6.6236
-0.556322 6.35879 6.68876
-0.667213 6.34811 6.68876
-0.777901 6.3355 6.72356
-0.888353 6.32096 6.72356
-0.998533 6.30449 6.73104
-1.10841 6.2861 6.73104
-1.21795 6.2658 6.71494
-1.32712 6.24359 6.71494
-1.43588 6.21948 6.67999
-1.54421 6.19347 6.67999
-1.65206 6.16558 6.63162
-1.75941 6.13581 6.57541
-1.86623 6.10417 6.57541
-1.97248 6.07067 6.51636
-2.07813 6.03532 6.51636
-2.18314 5.99813 6.45832
-2.28749 5.95912 6.45832
-2.39114 5.91829 6.40389
-2.49407 5.87565 6.40389
-2.59623 5.83123 6.35431
-2.6976 5.78503 6.35431
-2.79816 5.73707 6.30961
-2.89786 5.68736 6.30961
-2.99667 5.63592 6.26865
-3.09458 5.58276 6.26865
-3.19154 5.52791 6.22922
-3.28753 5.47136 6.18813
-3.38252 5.41316 6.18813
-3.47647 5.3533 6.14157
-3.56937 5.29181 6.14157
-3.66118 5.22871 6.08566
-3.75188 5.16402 6.08566
-3.84143 5.09775 6.01673
-3.92981 5.02993 6.01673
-4.017 4.96058 5.93149
-4.10296 4.88972 5.93149
-4.18767 4.81737 5.82687
-4.27111 4.74355 5.82687
-4.35325 4.66829 5.69971
-4.43406 4.5916 5.69971
-4.51352 4.51352 5.5466
-4.5916 4.43406 5.36371
-4.66829 4.35325 5.36371
-4.74355 4.27111 5.14683
-4.81737 4.18767 5.14683
-4.88972 4.10296 4.89165
-4.96058 4.017 4.89165
-5.02993 3.92981 4.59434
-5.09775 3.84143 4.59434
-5.16402 3.75188 4.2524
-5.22871 3.66118 4.2524
-5.29181 3.56937 3.86562
-5.3533 3.47647 3.86562
-5.41316 3.38252 3.4367
-5.47136 3.28753 3.4367
-5.52791 3.19154 2.97105
-5.58276 3.09458 2.47577
-5.63592 2.99667 2.47577
-5.68736 2.89786 1.95839
-5.73707 2.79816 1.95839
-5.78503 2.6976 1.426
-5.83123 2.59623 1.426
-5.87565 2.49407 0.885116
-5.91829 2.39114 0.885116
-5.95912 2.28749 0.342126
-5.99813 2.18314 0.342126
-6.03532 2.07813 -0.195963
-6.07067 1.97248 -0.195963
-6.10417 1.86623 -0.720746
-6.13581 1.75941 -0.720746
-6.16558 1.65206 -1.222
-6.19347 1.54421 -1.68802
-6.21948 1.43588 -1.68802
-6.24359 1.32712 -2.10692
-6.2658 1.21795 -2.10692
-6.2861 1.10841 -2.46858
-6.30449 0.998533 -2.46858
-6.32096 0.888353 -2.76621
-6.3355 0.777901 -2.76621
-6.34811 0.667213 -2.99663
-6.35879 0.556322 -2.99663
-6.36753 0.445261 -3.15936
-6.37433 0.334064 -3.15936
-6.37919 0.222766 -3.25528
-6.3821 0.1114 -3.25528
-6.38308 7.81701e-16 -3.28541
-6.3821 -0.1114 -3.25016
-6.37919 -0.222766 -3.25016
-6.37433 -0.334064 -3.14901
-6.36753 -0.445261 -3.14901
-6.35879 -0.556322 -2.98084
-6.34811 -0.667213 -2.98084
-6.3355 -0.777901 -2.7447
-6.32096 -0.888353 -2.7447
-6.30449 -0.998533 -2.44098
-6.2861 -1.10841 -2.44098
-6.2658 -1.21795 -2.07279
-6.24359 -1.32712 -2.07279
-6.21948 -1.43588 -1.64688
-6.19347 -1.54421 -1.64688
-6.16558 -1.65206 -1.17334
-6.13581 -1.75941 -0.664065
-6.10417 -1.86623 -0.664065
-6.07067 -1.97248 -0.130802
-6.03532 -2.07813 -0.130802
-5.99813 -2.18314 0.416163
-5.95912 -2.28749 0.416163
-5.91829 -2.39114 0.968329
-5.87565 -2.49407 0.968329
-5.83123 -2.59623 1.51855
-5.78503 -2.6976 1.51855
-5.73707 -2.79816 2.06025
-5.68736 -2.89786 2.06025
-5.63592 -2.99667 2.58669
-5.58276 -3.09458 2.58669
-5.52791 -3.19154 3.09046
-5.47136 -3.28753 3.56368
-5.41316 -3.38252 3.56368
-5.3533 -3.47647 3.9989
-5.29181 -3.56937 3.9989
-5.22871 -3.66118 4.39041
-5.16402 -3.75188 4.39041
-5.09775 -3.84143 4.73532
-5.02993 -3.92981 4.73532
-4.96058 -4.017 5.03376
-4.88972 -4.10296 5.03376
-4.81737 -4.18767 5.2882
-4.74355 -4.27111 5.2882
-4.66829 -4.35325 5.50247
-4.5916 -4.43406 5.50247
-4.51352 -4.51352 5.68085
-4.43406 -4.5916 5.82747
-4.35325 -4.66829 5.82747
-4.27111 -4.74355 5.94603
-4.18767 -4.81737 5.94603
-4.10296 -4.88972 6.03986
-4.017 -4.96058 6.03986
-3.92981 -5.02993 6.11199
-3.84143 -5.09775 6.11199
-3.75188 -5.16402 6.16548
-3.66118 -5.22871 6.16548
-3.56937 -5.29181 6.20372
-3.47647 -5.3533 6.20372
-3.38252 -5.41316 6.23061
-3.28753 -5.47136 6.23061
-3.19154 -5.52791 6.25037
-3.09458 -5.58276 6.26717
-2.99667 -5.63592 6.26717
-2.89786 -5.68736 6.28457
-2.79816 -5.73707 6.28457
-2.6976 -5.78503 6.3051
-2.59623 -5.83123 6.3051
-2.49407 -5.87565 6.33016
-2.39114 -5.91829 6.33016
-2.28749 -5.95912 6.36001
-2.18314 -5.99813 6.36001
-2.07813 -6.03532 6.39363
-1.97248 -6.07067 6.39363
-1.86623 -6.10417 6.42879
-1.75941 -6.13581 6.42879
-1.65206 -6.16558 6.46195
-1.54421 -6.19347 6.48858
-1.43588 -6.21948 6.48858
-1.32712 -6.24359 6.50352
-1.21795 -6.2658 6.50352
-1.10841 -6.2861 6.50172
-0.998533 -6.30449 6.50172
-0.888353 -6.32096 6.47877
-0.777901 -6.3355 6.47877
-0.667213 -6.34811 6.43108
-0.556322 -6.35879 6.43108
-0.445261 -6.36753 6.35565
-0.334064 -6.37433 6.35565
-0.222766 -6.37919 6.24966
-0.1114 -6.3821 6.24966
-1.17255e-15 -6.38308 6.11004
0.1114 -6.3821 5.93327
0.222766 -6.37919 5.93327
0.334064 -6.37433 5.71537
0.445261 -6.36753 5.71537
0.556322 -6.35879 5.45216
0.667213 -6.34811 5.45216
0.777901 -6.3355 5.13995
0.888353 -6.32096 5.13995
0.998533 -6.30449 4.77655
1.10841 -6.2861 4.77655
1.21795 -6.2658 4.36232
1.32712 -6.24359 4.36232
1.43588 -6.21948 3.90089
1.54421 -6.19347 3.90089
1.65206 -6.16558 3.39886
1.75941 -6.13581 2.86462
1.86623 -6.10417 2.86462
1.97248 -6.07067 2.30685
2.07813 -6.03532 2.30685
2.18314 -5.99813 1.73362
2.28749 -5.95912 1.73362
2.39114 -5.91829 1.15222
2.49407 -5.87565 1.15222
2.59623 -5.83123 0.569612
2.6976 -5.78503 0.569612
2.79816 -5.73707 -0.00671397
2.89786 -5.68736 -0.00671397
2.99667 -5.63592 -0.567974
3.09458 -5.58276 -0.567974
3.19154 -5.52791 -1.10358
3.28753 -5.47136 -1.60126
3.38252 -5.41316 -1.60126
3.47647 -5.3533 -2.04848
3.56937 -5.29181 -2.04848
3.66118 -5.22871 -2.43474
3.75188 -5.16402 -2.43474
3.84143 -5.09775 -2.75318
3.92981 -5.02993 -2.75318
4.017 -4.96058 -3.00081
4.10296 -4.88972 -3.00081
4.18767 -4.81737 -3.1774
4.27111 -4.74355 -3.1774
4.35325 -4.66829 -3.28399
4.43406 -4.5916 -3.28399
4.51352 -4.51352 -3.32169
4.5916 -4.43406 -3.29091
4.66829 -4.35325 -3.29091
4.74355 -4.27111 -3.1911
4.81737 -4.18767 -3.1911
4.88972 -4.10296 -3.02112
4.96058 -4.017 -3.02112
5.02993 -3.92981 -2.78
5.09775 -3.84143 -2.78
5.16402 -3.75188 -2.46818
5.22871 -3.66118 -2.46818
5.29181 -3.56937 -2.08894
5.3533 -3.47647 -2.08894
5.41316 -3.38252 -1.64917
5.47136 -3.28753 -1.64917
5.52791 -3.19154 -1.15908
5.58276 -3.09458 -0.630685
5.63592 -2.99667 -0.630685
5.68736 -2.89786 -0.0759574
5.73707 -2.79816 -0.0759574
5.78503 -2.6976 0.494427
5.83123 -2.59623 0.494427
5.87565 -2.49407 1.07136
5.91829 -2.39114 1.07136
5.95912 -2.28749 1.64677
5.99813 -2.18314 1.64677
6.03532 -2.07813 2.21275
6.07067 -1.97248 2.21275
6.10417 -1.86623 2.76058
6.13581 -1.75941 2.76058
6.16558 -1.65206 3.2802
6.19347 -1.54421 3.76038
6.21948 -1.43588 3.76038
6.24359 -1.32712 4.18994
6.2658 -1.21795 4.18994
6.2861 -1.10841 4.55953
6.30449 -0.998533 4.55953
6.32096 -0.888353 4.86307
6.3355 -0.777901 4.86307
6.34811 -0.667213 5.09796
6.35879 -0.556322 5.09796
6.36753 -0.445261 5.26414
6.37433 -0.334064 5.26414
6.37919 -0.222766 5.3628
6.3821 -0.1114 5.3628

6.46286 0 5.39513
6.46188 0.112793 5.36163
6.45893 0.225551 5.36163
6.45401 0.33824 5.2618
6.44712 0.450827 5.2618
6.43827 0.563276 5.09441
6.42746 0.675553 5.09441
6.41469 0.787625 4.85828
6.39997 0.899457 4.85828
6.3833 1.01101 4.55343
6.36468 1.12226 4.55343
6.34412 1.23317 4.18244
6.32164 1.34371 4.18244
6.29722 1.45383 3.75136
6.27089 1.56351 3.75136
6.24265 1.67271 3.26949
6.2125 1.78141 2.748
6.18047 1.88956 2.748
6.14655 1.99714 2.19809
6.11076 2.1041 2.19809
6.07311 2.21043 1.62983
6.0336 2.31608 1.62983
5.99226 2.42103 1.052
5.9491 2.52524 1.052
5.90412 2.62868 0.472607
5.85734 2.73132 0.472607
5.80878 2.83313 -0.100185
5.75845 2.93408 -0.100185
5.70637 3.03413 -0.657102
5.65255 3.13326 -0.657102
5.59701 3.23143 -1.18726
5.53976 3.32862 -1.67846
5.48082 3.4248 -1.67846
5.42021 3.51993 -2.11845
5.35796 3.61399 -2.11845
5.29407 3.70695 -2.49685
5.22857 3.79878 -2.49685
5.16147 3.88945 -2.80666
5.09281 3.97894 -2.80666
5.02259 4.06721 -3.04459
4.95084 4.15425 -3.04459
4.87759 4.24002 -3.21018
4.80284 4.3245 -3.21018
4.72664 4.40766 -3.30438
4.649 4.48948 -3.30438
4.56994 4.56994 -3.32828
4.48948 4.649 -3.28231
4.40766 4.72664 -3.28231
4.3245 4.80284 -3.16596
4.24002 4.87759 -3.16596
4.15425 4.95084 -2.97806
4.06721 5.02259 -2.97806
3.97894 5.09281 -2.71758
3.88945 5.16147 -2.71758
3.79878 5.22857 -2.38489
3.70695 5.29407 -2.38489
3.61399 5.35796 -1.98329
3.51993 5.42021 -1.98329
3.4248 5.48082 -1.51996
3.32862 5.53976 -1.51996
3.23143 5.59701 -1.00566
3.13326 5.65255 -0.453059
3.03413 5.70637 -0.453059
2.93408 5.75845 0.125492
2.83313 5.80878 0.125492
2.73132 5.85734 0.719325
2.62868 5.90412 0.719325
2.52524 5.9491 1.31955
2.42103 5.99226 1.31955
2.31608 6.0336 1.91853
2.21043 6.07311 1.91853
2.1041 6.11076 2.50907
1.99714 6.14655 2.50907
1.88956 6.18047 3.08354
1.78141 6.2125 3.08354
1.67271 6.24265 3.63345
1.56351 6.27089 4.1496
1.45383 6.29722 4.1496
1.34371 6.32164 4.62313
1.23317 6.34412 4.62313
1.12226 6.36468 5.04705
1.01101 6.3833 5.04705
0.899457 6.39997 5.41756
0.787625 6.41469 5.41756
0.675553 6.42746 5.73428
0.563276 6.43827 5.73428
0.450827 6.44712 5.9995
0.33824 6.45401 5.9995
0.225551 6.45893 6.21698
0.112793 6.46188 6.21698
3.95736e-16 6.46286 6.39093
-0.112793 6.46188 6.52532
-0.225551 6.45893 6.52532
-0.33824 6.45401 6.6236
-0.450827 6.44712 6.6236
-0.563276 6.43827 6.68876
-0.675553 6.42746 6.68876
-0.787625 6.41469 6.72356
-0.899457 6.39997 6.72356
-1.01101 6.3833 6.73104
-1.12226 6.36468 6.73104
-1.23317 6.34412 6.71494
-1.34371 6.32164 6.71494
-1.45383 6.29722 6.67999
-1.56351 6.27089 6.67999
-1.67271 6.24265 6.63162
-1.78141 6.2125 6.57541
-1.88956 6.18047 6.57541
-1.99714 6.14655 6.51636
-2.1041 6.11076 6.51636
-2.21043 6.07311 6.45832
-2.31608 6.0336 6.45832
-2.42103 5.99226 6.40389
-2.52524 5.9491 6.40389
-2.62868 5.90412 6.35431
-2.73132 5.85734 6.35431
-2.83313 5.80878 6.30961
-2.93408 5.75845 6.30961
-3.03413 5.70637 6.26865
-3.13326 5.65255 6.26865
-3.23143 5.59701 6.22922
-3.32862 5.53976 6.18813
-3.4248 5.48082 6.18813
-3.51993 5.42021 6.14157
-3.61399 5.35796 6.14157
-3.70695 5.29407 6.08566
-3.79878 5.22857 6.08566
-3.88945 5.16147 6.01673
-3.97894 5.09281 6.01673
-4.06721 5.02259 5.93149
-4.15425 4.95084 5.93149
-4.24002 4.87759 5.82687
-4.3245 4.80284 5.82687
-4.40766 4.72664 5.69971
-4.48948 4.649 5.69971
-4.56994 4.56994 5.5466
-4.649 4.48948 5.36371
-4.72664 4.40766 5.36371
-4.80284 4.3245 5.14683
-4.87759 4.24002 5.14683
-4.95084 4.15425 4.89165
-5.02259 4.06721 4.89165
-5.09281 3.97894 4.59434
-5.16147 3.88945 4.59434
-5.22857 3.79878 4.2524
-5.29407 3.70695 4.2524
-5.35796 3.61399 3.86562
-5.42021 3.51993 3.86562
-5.48082 3.4248 3.4367
-5.53976 3.32862 3.4367
-5.59701 3.23143 2.97105
-5.65255 3.13326 2.47577
-5.70637 3.03413 2.47577
-5.75845 2.93408 1.95839
-5.80878 2.83313 1.95839
-5.85734 2.73132 1.426
-5.90412 2.62868 1.426
-5.9491 2.52524 0.885116
-5.99226 2.42103 0.885116
-6.0336 2.31608 0.342126
-6.07311 2.21043 0.342126
-6.11076 2.1041 -0.195963
-6.14655 1.99714 -0.195963
-6.18047 1.88956 -0.720746
-6.2125 1.78141 -0.720746
-6.24265 1.67271 -1.222
-6.27089 1.56351 -1.68802
-6.29722 1.45383 -1.68802
-6.32164 1.34371 -2.10692
-6.34412 1.23317 -2.10692
-6.36468 1.12226 -2.46858
-6.3833 1.01101 -2.46858
-6.39997 0.899457 -2.76621
-6.41469 0.787625 -2.76621
-6.42746 0.675553 -2.99663
-6.43827 0.563276 -2.99663
-6.44712 0.450827 -3.15936
-6.45401 0.33824 -3.15936
-6.45893 0.225551 -3.25528
-6.46188 0.112793 -3.25528
-6.46286 7.91473e-16 -3.28541
-6.46188 -0.112793 -3.25016
-6.45893 -0.225551 -3.25016
-6.45401 -0.33824 -3.14901
-6.44712 -0.450827 -3.14901
-6.43827 -0.563276 -2.98084
-6.42746 -0.675553 -2.98084
-6.41469 -0.787625 -2.7447
-6.39997 -0.899457 -2.7447
-6.3833 -1.01101 -2.44098
-6.36468 -1.12226 -2.44098
-6.34412 -1.23317 -2.07279
-6.32164 -1.34371 -2.07279
-6.29722 -1.45383 -1.64688
-6.27089 -1.56351 -1.64688
-6.24265 -1.67271 -1.17334
-6.2125 -1.78141 -0.664065
-6.18047 -1.88956 -0.664065
-6.14655 -1.99714 -0.130802
-6.11076 -2.1041 -0.130802
-6.07311 -2.21043 0.416163
-6.0336 -2.31608 0.416163
-5.99226 -2.42103 0.968329
-5.9491 -2.52524 0.968329
-5.90412 -2.62868 1.51855
-5.85734 -2.73132 1.51855
-5.80878 -2.83313 2.06025
-5.75845 -2.93408 2.06025
-5.70637 -3.03413 2.58669
-5.65255 -3.13326 2.58669
-5.59701 -3.23143 3.09046
-5.53976 -3.32862 3.56368
-5.48082 -3.4248 3.56368
-5.42021 -3.51993 3.9989
-5.35796 -3.61399 3.9989
-5.29407 -3.70695 4.39041
-5.22857 -3.79878 4.39041
-5.16147 -3.88945 4.73532
-5.09281 -3.97894 4.73532
-5.02259 -4.06721 5.03376
-4.95084 -4.15425 5.03376
-4.87759 -4.24002 5.2882
-4.80284 -4.3245 5.2882
-4.72664 -4.40766 5.50247
-4.649 -4.48948 5.50247
-4.56994 -4.56994 5.68085
-4.48948 -4.649 5.82747
-4.40766 -4.72664 5.82747
-4.3245 -4.80284 5.94603
-4.24002 -4.87759 5.94603
-4.15425 -4.95084 6.03986
-4.06721 -5.02259 6.03986
-3.97894 -5.09281 6.11199
-3.88945 -5.16147 6.11199
-3.79878 -5.22857 6.16548
-3.70695 -5.29407 6.16548
-3.61399 -5.35796 6.20372
-3.51993 -5.42021 6.20372
-3.4248 -5.48082 6.23061
-3.32862 -5.53976 6.23061
-3.23143 -5.59701 6.25037
-3.13326 -5.65255 6.26717
-3.03413 -5.70637 6.26717
-2.93408 -5.75845 6.28457
-2.83313 -5.80878 6.28457
-2.73132 -5.85734 6.3051
-2.62868 -5.90412 6.3051
-2.52524 -5.9491 6.33016
-2.42103 -5.99226 6.33016
-2.31608 -6.0336 6.36001
-2.21043 -6.07311 6.36001
-2.1041 -6.11076 6.39363
-1.99714 -6.14655 6.39363
-1.88956 -6.18047 6.42879
-1.78141 -6.2125 6.42879
-1.67271 -6.24265 6.46195
-1.56351 -6.27089 6.48858
-1.45383 -6.29722 6.48858
-1.34371 -6.32164 6.50352
-1.23317 -6.34412 6.50352
-1.12226 -6.36468 6.50172
-1.01101 -6.3833 6.50172
-0.899457 -6.39997 6.47877
-0.787625 -6.41469 6.47877
-0.675553 -6.42746 6.43108
-0.563276 -6.43827 6.43108
-0.450827 -6.44712 6.35565
-0.33824 -6.45401 6.35565
-0.225551 -6.45893 6.24966
-0.112793 -6.46188 6.24966
-1.18721e-15 -6.46286 6.11004
0.112793 -6.46188 5.93327
0.225551 -6.45893 5.93327
0.33824 -6.45401 5.71537
0.450827 -6.44712 5.71537
0.563276 -6.43827 5.45216
0.675553 -6.42746 5.45216
0.787625 -6.41469 5.13995
0.899457 -6.39997 5.13995
1.01101 -6.3833 4.77655
1.12226 -6.36468 4.77655
1.23317 -6.34412 4.36232
1.34371 -6.32164 4.36232
1.45383 -6.29722 3.90089
1.56351 -6.27089 3.90089
1.67271 -6.24265 3.39886
1.78141 -6.2125 2.86462
1.88956 -6.18047 2.86462
1.99714 -6.14655 2.30685
2.1041 -6.11076 2.30685
2.21043 -6.07311 1.73362
2.31608 -6.0336 1.73362
2.42103 -5.99226 1.15222
2.52524 -5.9491 1.15222
2.62868 -5.90412 0.569612
2.73132 -5.85734 0.569612
2.83313 -5.80878 -0.00671397
2.93408 -5.75845 -0.00671397
3.03413 -5.70637 -0.567974
3.13326 -5.65255 -0.567974
3.23143 -5.59701 -1.10358
3.32862 -5.53976 -1.60126
3.4248 -5.48082 -1.60126
3.51993 -5.42021 -2.04848
3.61399 -5.35796 -2.04848
3.70695 -5.29407 -2.43474
3.79878 -5.22857 -2.43474
3.88945 -5.16147 -2.75318
3.97894 -5.09281 -2.75318
4.06721 -5.02259 -3.00081
4.15425 -4.95084 -3.00081
4.24002 -4.87759 -3.1774
4.3245 -4.80284 -3.1774
4.40766 -4.72664 -3.28399
4.48948 -4.649 -3.28399
4.56994 -4.56994 -3.32169
4.649 -4.48948 -3.29091
4.72664 -4.40766 -3.29091
4.80284 -4.3245 -3.1911
4.87759 -4.24002 -3.1911
4.95084 -4.15425 -3.02112
5.02259 -4.06721 -3.02112
5.09281 -3.97894 -2.78
5.16147 -3.88945 -2.78
5.22857 -3.79878 -2.46818
5.29407 -3.70695 -2.46818
5.35796 -3.61399 -2.08894
5.42021 -3.51993 -2.08894
5.48082 -3.4248 -1.64917
5.53976 -3.32862 -1.64917
5.59701 -3.23143 -1.15908
5.65255 -3.13326 -0.630685
5.70637 -3.03413 -0.630685
5.75845 -2.93408 -0.0759574
5.80878 -2.83313 -0.0759574
5.85734 -2.73132 0.494427
5.90412 -2.62868 0.494427
5.9491 -2.52524 1.07136
5.99226 -2.42103 1.07136
6.0336 -2.31608 1.64677
6.07311 -2.21043 1.64677
6.11076 -2.1041 2.21275
6.14655 -1.99714 2.21275
6.18047 -1.88956 2.76058
6.2125 -1.78141 2.76058
6.24265 -1.67271 3.2802
6.27089 -1.56351 3.76038
6.29722 -1.45383 3.76038
6.32164 -1.34371 4.18994
6.34412 -1.23317 4.18994
6.36468 -1.12226 4.55953
6.3833 -1.01101 4.55953
6.39997 -0.899457 4.86307
6.41469 -0.787625 4.86307
6.42746 -0.675553 5.09796
6.43827 -0.563276 5.09796
6.44712 -0.450827 5.26414
6.45401 -0.33824 5.26414
6.45893 -0.225551 5.3628
6.46188 -0.112793 5.3628

6.54265 0 5.91587
6.54166 0.114185 5.88222
6.53867 0.228335 5.88222
6.53369 0.342416 5.78149
6.52672 0.456392 5.78149
6.51776 0.57023 5.61114
6.50681 0.683894 5.61114
6.49389 0.797349 5.36792
6.47898 0.910561 5.36792
6.4621 1.0235 5.04938
6.44326 1.13612 4.656
6.42245 1.2484 4.656
6.39968 1.36029 4.19321
6.37497 1.47178 4.19321
6.34831 1.58281 3.67165
6.31972 1.69336 3.67165
6.2892 1.8034 3.10507
6.25677 1.91289 3.10507
6.22243 2.02179 2.50707
6.1862 2.13008 2.50707
6.14808 2.23772 1.88901
6.10809 2.34468 1.25956
6.06624 2.45092 1.25956
6.02254 2.55642 0.625619
5.97701 2.66114 0.625619
5.92966 2.76504 -0.00633362
5.8805 2.86811 -0.00633362
5.82955 2.9703 -0.62865
5.77682 3.07159 -0.62865
5.72233 3.17194 -1.23121
5.6661 3.27133 -1.80085
5.60815 3.36972 -1.80085
5.54848 3.46708 -2.32233
5.48713 3.56338 -2.32233
5.42411 3.65861 -2.78104
5.35943 3.75271 -2.78104
5.29312 3.84568 -3.16623
5.2252 3.93747 -3.16623
5.15568 4.02806 -3.4728
5.0846 4.11743 -3.4728
5.01196 4.20554 -3.70061
4.9378 4.29237 -3.85228
4.86214 4.37789 -3.85228
4.78499 4.46208 -3.93097
4.70639 4.54491 -3.93097
4.62635 4.62635 -3.93887
4.54491 4.70639 -3.93887
4.46208 4.78499 -3.87641
4.37789 4.86214 -3.87641
4.29237 4.9378 -3.74215
4.20554 5.01196 -3.5332
4.11743 5.0846 -3.5332
4.02806 5.15568 -3.24633
3.93747 5.2252 -3.24633
3.84568 5.29312 -2.8799
3.75271 5.35943 -2.8799
3.65861 5.42411 -2.43629
3.56338 5.48713 -2.43629
3.46708 5.54848 -1.92379
3.36972 5.60815 -1.92379
3.27133 5.6661 -1.35617
3.17194 5.72233 -0.749503
3.07159 5.77682 -0.749503
2.9703 5.82955 -0.118424
2.86811 5.8805 -0.118424
2.76504 5.92966 0.525602
2.66114 5.97701 0.525602
2.55642 6.02254 1.17409
2.45092 6.06624 1.17409
2.34468 6.10809 1.82049
2.23772 6.14808 2.45889
2.13008 6.1862 2.45889
2.02179 6.22243 3.08259
1.91289 6.25677 3.08259
1.8034 6.2892 3.68309
1.69336 6.31972 3.68309
1.58281 6.34831 4.24987
1.47178 6.37497 4.24987
1.36029 6.39968 4.77144
1.2484 6.42245 4.77144
1.13612 6.44326 5.23783
1.0235 6.4621 5.64317
0.910561 6.47898 5.64317
0.797349 6.49389 5.98672
0.683894 6.50681 5.98672
0.57023 6.51776 6.2718
0.456392 6.52672 6.2718
0.342416 6.53369 6.50382
0.228335 6.53867 6.50382
0.114185 6.54166 6.6886
4.00622e-16 6.54265 6.83136
-0.114185 6.54166 6.83136
-0.228335 6.53867 6.93628
-0.342416 6.53369 6.93628
-0.456392 6.52672 7.00653
-0.57023 6.51776 7.00653
-0.683894 6.50681 7.0445
-0.797349 6.49389 7.0445
-0.910561 6.47898 7.05236
-1.0235 6.4621 7.05236
-1.13612 6.44326 7.03284
-1.2484 6.42245 6.98999
-1.36029 6.39968 6.98999
-1.47178 6.37497 6.92954
-1.58281 6.34831 6.92954
-1.69336 6.31972 6.8583
-1.8034 6.2892 6.8583
-1.91289 6.25677 6.78304
-2.02179 6.22243 6.78304
-2.13008 6.1862 6.70942
-2.23772 6.14808 6.64153
-2.34468 6.10809 6.64153
-2.45092 6.06624 6.5818
-2.55642 6.02254 6.5818
-2.66114 5.97701 6.53125
-2.76504 5.92966 6.53125
-2.86811 5.8805 6.48961
-2.9703 5.82955 6.48961
-3.07159 5.77682 6.45537
-3.17194 5.72233 6.45537
-3.27133 5.6661 6.42584
-3.36972 5.60815 6.39713
-3.46708 5.54848 6.39713
-3.56338 5.48713 6.36457
-3.65861 5.42411 6.36457
-3.75271 5.35943 6.32346
-3.84568 5.29312 6.32346
-3.93747 5.2252 6.26978
-4.02806 5.15568 6.26978
-4.11743 5.0846 6.20024
-4.20554 5.01196 6.112
-4.29237 4.9378 6.112
-4.37789 4.86214 6.00218
-4.46208 4.78499 6.00218
-4.54491 4.70639 5.86748
-4.62635 4.62635 5.86748
-4.70639 4.54491 5.70393
-4.78499 4.46208 5.70393
-4.86214 4.37789 5.50675
-4.9378 4.29237 5.50675
-5.01196 4.20554 5.2705
-5.0846 4.11743 4.98953
-5.15568 4.02806 4.98953
-5.2252 3.93747 4.65897
-5.29312 3.84568 4.65897
-5.35943 3.75271 4.27625
-5.42411 3.65861 4.27625
-5.48713 3.56338 3.8425
-5.54848 3.46708 3.8425
-5.60815 3.36972 3.36309
-5.6661 3.27133 2.84643
-5.72233 3.17194 2.84643
-5.77682 3.07159 2.30181
-5.82955 2.9703 2.30181
-5.8805 2.86811 1.7375
-5.92966 2.76504 1.7375
-5.97701 2.66114 1.16018
-6.02254 2.55642 1.16018
-6.06624 2.45092 0.575317
-6.10809 2.34468 0.575317
-6.14808 2.23772 -0.0117597
-6.1862 2.13008 -0.594576
-6.22243 2.02179 -0.594576
-6.25677 1.91289 -1.16428
-6.2892 1.8034 -1.16428
-6.31972 1.69336 -1.70892
-6.34831 1.58281 -1.70892
-6.37497 1.47178 -2.21391
-6.39968 1.36029 -2.21391
-6.42245 1.2484 -2.66437
-6.44326 1.13612 -3.04854
-6.4621 1.0235 -3.04854
-6.47898 0.910561 -3.36007
-6.49389 0.797349 -3.36007
-6.50681 0.683894 -3.59776
-6.51776 0.57023 -3.59776
-6.52672 0.456392 -3.7636
-6.53369 0.342416 -3.7636
-6.53867 0.228335 -3.86055
-6.54166 0.114185 -3.86055
-6.54265 8.01244e-16 -3.89095
-6.54166 -0.114185 -3.85567
-6.53867 -0.228335 -3.85567
-6.53369 -0.342416 -3.75373
-6.52672 -0.456392 -3.75373
-6.51776 -0.57023 -3.58267
-6.50681 -0.683894 -3.58267
-6.49389 -0.797349 -3.33942
-6.47898 -0.910561 -3.33942
-6.4621 -1.0235 -3.02191
-6.44326 -1.13612 -3.02191
-6.42245 -1.2484 -2.63126
-6.39968 -1.36029 -2.17374
-6.37497 -1.47178 -2.17374
-6.34831 -1.58281 -1.66108
-6.31972 -1.69336 -1.66108
-6.2892 -1.8034 -1.10817
-6.25677 -1.91289 -1.10817
-6.22243 -2.02179 -0.52958
-6.1862 -2.13008 -0.52958
-6.14808 -2.23772 0.0626721
-6.10809 -2.34468 0.659656
-6.06624 -2.45092 0.659656
-6.02254 -2.55642 1.25479
-5.97701 -2.66114 1.25479
-5.92966 -2.76504 1.84259
-5.8805 -2.86811 1.84259
-5.82955 -2.9703 2.41737
-5.77682 -3.07159 2.41737
-5.72233 -3.17194 2.97219
-5.6661 -3.27133 2.97219
-5.60815 -3.36972 3.49835
-5.54848 -3.46708 3.98612
-5.48713 -3.56338 3.98612
-5.42411 -3.65861 4.42664
-5.35943 -3.75271 4.42664
-5.29312 -3.84568 4.81424
-5.2252 -3.93747 4.81424
-5.15568 -4.02806 5.14767
-5.0846 -4.11743 5.14767
-5.01196 -4.20554 5.42955
-4.9378 -4.29237 5.66481
-4.86214 -4.37789 5.66481
-4.78499 -4.46208 5.85912
-4.70639 -4.54491 5.85912
-4.62635 -4.62635 6.01791
-4.54491 -4.70639 6.01791
-4.46208 -4.78499 6.14582
-4.37789 -4.86214 6.14582
-4.29237 -4.9378 6.24669
-4.20554 -5.01196 6.24669
-4.11743 -5.0846 6.3236
-4.02806 -5.15568 6.37926
-3.93747 -5.2252 6.37926
-3.84568 -5.29312 6.41644
-3.75271 -5.35943 6.41644
-3.65861 -5.42411 6.43852
-3.56338 -5.48713 6.43852
-3.46708 -5.54848 6.44984
-3.36972 -5.60815 6.44984
-3.27133 -5.6661 6.4555
-3.17194 -5.72233 6.46065
-3.07159 -5.77682 6.46065
-2.9703 -5.82955 6.46957
-2.86811 -5.8805 6.46957
-2.76504 -5.92966 6.4853
-2.66114 -5.97701 6.4853
-2.55642 -6.02254 6.50958
-2.45092 -6.06624 6.50958
-2.34468 -6.10809 6.54291
-2.23772 -6.14808 6.54291
-2.13008 -6.1862 6.58447
-2.02179 -6.22243 6.6321
-1.91289 -6.25677 6.6321
-1.8034 -6.2892 6.68209
-1.69336 -6.31972 6.68209
-1.58281 -6.34831 6.72923
-1.47178 -6.37497 6.72923
-1.36029 -6.39968 6.76728
-1.2484 -6.42245 6.76728
-1.13612 -6.44326 6.78996
-1.0235 -6.4621 6.79195
-0.910561 -6.47898 6.79195
-0.797349 -6.49389 6.7694
-0.683894 -6.50681 6.7694
-0.57023 -6.51776 6.71962
-0.456392 -6.52672 6.71962
-0.342416 -6.53369 6.64032
-0.228335 -6.53867 6.64032
-0.114185 -6.54166 6.52894
-1.20187e-15 -6.54265 6.52894
0.114185 -6.54166 6.38218
0.228335 -6.53867 6.19575
0.342416 -6.53369 6.19575
0.456392 -6.52672 5.96445
0.57023 -6.51776 5.96445
0.683894 -6.50681 5.68257
0.797349 -6.49389 5.68257
0.910561 -6.47898 5.34489
1.0235 -6.4621 5.34489
1.13612 -6.44326 4.94831
1.2484 -6.42245 4.49362
1.36029 -6.39968 4.49362
1.47178 -6.37497 3.98642
1.58281 -6.34831 3.98642
1.69336 -6.31972 3.43611
1.8034 -6.2892 3.43611
1.91289 -6.25677 2.85351
2.02179 -6.22243 2.85351
2.13008 -6.1862 2.24851
2.23772 -6.14808 2.24851
2.34468 -6.10809 1.62913
2.45092 -6.06624 1.00178
2.55642 -6.02254 1.00178
2.66114 -5.97701 0.372185
2.76504 -5.92966 0.372185
2.86811 -5.8805 -0.253206
2.9703 -5.82955 -0.253206
3.07159 -5.77682 -0.865952
3.17194 -5.72233 -0.865952
3.27133 -5.6661 -1.4546
3.36972 -5.60815 -2.00452
3.46708 -5.54848 -2.00452
3.56338 -5.48713 -2.49968
3.65861 -5.42411 -2.49968
3.75271 -5.35943 -2.92662
3.84568 -5.29312 -2.92662
3.93747 -5.2252 -3.27756
4.02806 -5.15568 -3.27756
4.11743 -5.0846 -3.55056
4.20554 -5.01196 -3.55056
4.29237 -4.9378 -3.74748
4.37789 -4.86214 -3.8715
4.46208 -4.78499 -3.8715
4.54491 -4.70639 -3.92538
4.62635 -4.62635 -3.92538
4.70639 -4.54491 -3.91037
4.78499 -4.46208 -3.91037
4.86214 -4.37789 -3.82588
4.9378 -4.29237 -3.82588
5.01196 -4.20554 -3.66962
5.0846 -4.11743 -3.43841
5.15568 -4.02806 -3.43841
5.2252 -3.93747 -3.12968
5.29312 -3.84568 -3.12968
5.35943 -3.75271 -2.74363
5.42411 -3.65861 -2.74363
5.48713 -3.56338 -2.28534
5.54848 -3.46708 -2.28534
5.60815 -3.36972 -1.76538
5.6661 -3.27133 -1.76538
5.72233 -3.17194 -1.1981
5.77682 -3.07159 -0.598416
5.82955 -2.9703 -0.598416
5.8805 -2.86811 0.0207852
5.92966 -2.76504 0.0207852
5.97701 -2.66114 0.649583
6.02254 -2.55642 0.649583
6.06624 -2.45092 1.28047
6.10809 -2.34468 1.28047
6.14808 -2.23772 1.90705
6.1862 -2.13008 2.52251
6.22243 -2.02179 2.52251
6.25677 -1.91289 3.1182
6.2892 -1.8034 3.1182
6.31972 -1.69336 3.68277
6.34831 -1.58281 3.68277
6.37497 -1.47178 4.20257
6.39968 -1.36029 4.20257
6.42245 -1.2484 4.66378
6.44326 -1.13612 4.66378
6.4621 -1.0235 5.05572
6.47898 -0.910561 5.37292
6.49389 -0.797349 5.37292
6.50681 -0.683894 5.61484
6.51776 -0.57023 5.61484
6.52672 -0.456392 5.78393
6.53369 -0.342416 5.78393
6.53867 -0.228335 5.88343
6.54166 -0.114185 5.88343

6.62244 0 5.91587
6.62143 0.115578 5.88222
6.61841 0.23112 5.88222
6.61337 0.346592 5.78149
6.60631 0.461958 5.78149
6.59724 0.577184 5.61114
6.58616 0.692234 5.61114
6.57308 0.807073 5.36792
6.55799 0.921666 5.36792
6.54091 1.03598 5.04938
6.52183 1.14997 4.656
6.50077 1.26362 4.656
6.47773 1.37688 4.19321
6.45271 1.48973 4.19321
6.42573 1.60211 3.67165
6.39679 1.71401 3.67165
6.3659 1.82539 3.10507
6.33307 1.93621 3.10507
6.29832 2.04645 2.50707
6.26164 2.15606 2.50707
6.22306 2.26501 1.88901
6.18258 2.37327 1.25956
6.14022 2.48081 1.25956
6.09599 2.58759 0.625619
6.0499 2.69359 0.625619
6.00197 2.79876 -0.00633362
5.95221 2.90309 -0.00633362
5.90064 3.00653 -0.62865
5.84727 3.10905 -0.62865
5.79212 3.21062 -1.23121
5.7352 3.31122 -1.80085
5.67654 3.41081 -1.80085
5.61615 3.50936 -2.32233
5.55405 3.60684 -2.32233
5.49025 3.70322 -2.78104
5.42479 3.79848 -2.78104
5.35767 3.89257 -3.16623
5.28892 3.98548 -3.16623
5.21856 4.07718 -3.4728
5.1466 4.16764 -3.4728
5.07308 4.25682 -3.70061
4.99802 4.34471 -3.85228
4.92143 4.43128 -3.85228
4.84335 4.51649 -3.93097
4.76379 4.60033 -3.93097
4.68277 4.68277 -3.93887
4.60033 4.76379 -3.93887
4.51649 4.84335 -3.87641
4.43128 4.92143 -3.87641
4.34471 4.99802 -3.74215
4.25682 5.07308 -3.5332
4.16764 5.1466 -3.5332
4.07718 5.21856 -3.24633
3.98548 5.28892 -3.24633
3.89257 5.35767 -2.8799
3.79848 5.42479 -2.8799
3.70322 5.49025 -2.43629
3.60684 5.55405 -2.43629
3.50936 5.61615 -1.92379
3.41081 5.67654 -1.92379
3.31122 5.7352 -1.35617
3.21062 5.79212 -0.749503
3.10905 5.84727 -0.749503
3.00653 5.90064 -0.118424
2.90309 5.95221 -0.118424
2.79876 6.00197 0.525602
2.69359 6.0499 0.525602
2.58759 6.09599 1.17409
2.48081 6.14022 1.17409
2.37327 6.18258 1.82049
2.26501 6.22306 2.45889
2.15606 6.26164 2.45889
2.04645 6.29832 3.08259
1.93621 6.33307 3.08259
1.82539 6.3659 3.68309
1.71401 6.39679 3.68309
1.60211 6.42573 4.24987
1.48973 6.45271 4.24987
1.37688 6.47773 4.77144
1.26362 6.50077 4.77144
1.14997 6.52183 5.23783
1.03598 6.54091 5.64317
0.921666 6.55799 5.64317
0.807073 6.57308 5.98672
0.692234 6.58616 5.98672
0.577184 6.59724 6.2718
0.461958 6.60631 6.2718
0.346592 6.61337 6.50382
0.23112 6.61841 6.50382
0.115578 6.62143 6.6886
4.05508e-16 6.62244 6.83136
-0.115578 6.62143 6.83136
-0.23112 6.61841 6.93628
-0.346592 6.61337 6.93628
-0.461958 6.60631 7.00653
-0.577184 6.59724 7.00653
-0.692234 6.58616 7.0445
-0.807073 6.57308 7.0445
-0.921666 6.55799 7.05236
-1.03598 6.54091 7.05236
-1.14997 6.52183 7.03284
-1.26362 6.50077 6.98999
-1.37688 6.47773 6.98999
-1.48973 6.45271 6.92954
-1.60211 6.42573 6.92954
-1.71401 6.39679 6.8583
-1.82539 6.3659 6.8583
-1.93621 6.33307 6.78304
-2.04645 6.29832 6.78304
-2.15606 6.26164 6.70942
-2.26501 6.22306 6.64153
-2.37327 6.18258 6.64153
-2.48081 6.14022 6.5818
-2.58759 6.09599 6.5818
-2.69359 6.0499 6.53125
-2.79876 6.00197 6.53125
-2.90309 5.95221 6.48961
-3.00653 5.90064 6.48961
-3.10905 5.84727 6.45537
-3.21062 5.79212 6.45537
-3.31122 5.7352 6.42584
-3.41081 5.67654 6.39713
-3.50936 5.61615 6.39713
-3.60684 5.55405 6.36457
-3.70322 5.49025 6.36457
-3.79848 5.42479 6.32346
-3.89257 5.35767 6.32346
-3.98548 5.28892 6.26978
-4.07718 5.21856 6.26978
-4.16764 5.1466 6.20024
-4.25682 5.07308 6.112
-4.34471 4.99802 6.112
-4.43128 4.92143 6.00218
-4.51649 4.84335 6.00218
-4.60033 4.76379 5.86748
-4.68277 4.68277 5.86748
-4.76379 4.60033 5.70393
-4.84335 4.51649 5.70393
-4.92143 4.43128 5.50675
-4.99802 4.34471 5.50675
-5.07308 4.25682 5.2705
-5.1466 4.16764 4.98953
-5.21856 4.07718 4.98953
-5.28892 3.98548 4.65897
-5.35767 3.89257 4.65897
-5.42479 3.79848 4.27625
-5.49025 3.70322 4.27625
-5.55405 3.60684 3.8425
-5.61615 3.50936 3.8425
-5.67654 3.41081 3.36309
-5.7352 3.31122 2.84643
-5.79212 3.21062 2.84643
-5.84727 3.10905 2.30181
-5.90064 3.00653 2.30181
-5.95221 2.90309 1.7375
-6.00197 2.79876 1.7375
-6.0499 2.69359 1.16018
-6.09599 2.58759 1.16018
-6.14022 2.48081 0.575317
-6.18258 2.37327 0.575317
-6.22306 2.26501 -0.0117597
-6.26164 2.15606 -0.594576
-6.29832 2.04645 -0.594576
-6.33307 1.93621 -1.16428
-6.3659 1.82539 -1.16428
-6.39679 1.71401 -1.70892
-6.42573 1.60211 -1.70892
-6.45271 1.48973 -2.21391
-6.47773 1.37688 -2.21391
-6.50077 1.26362 -2.66437
-6.52183 1.14997 -3.04854
-6.54091 1.03598 -3.04854
-6.55799 0.921666 -3.36007
-6.57308 0.807073 -3.36007
-6.58616 0.692234 -3.59776
-6.59724 0.577184 -3.59776
-6.60631 0.461958 -3.7636
-6.61337 0.346592 -3.7636
-6.61841 0.23112 -3.86055
-6.62143 0.115578 -3.86055
-6.62244 8.11015e-16 -3.89095
-6.62143 -0.115578 -3.85567
-6.61841 -0.23112 -3.85567
-6.61337 -0.346592 -3.75373
-6.60631 -0.461958 -3.75373
-6.59724 -0.577184 -3.58267
-6.58616 -0.692234 -3.58267
-6.57308 -0.807073 -3.33942
-6.55799 -0.921666 -3.33942
-6.54091 -1.03598 -3.02191
-6.52183 -1.14997 -3.02191
-6.50077 -1.26362 -2.63126
-6.47773 -1.37688 -2.17374
-6.45271 -1.48973 -2.17374
-6.42573 -1.60211 -1.66108
-6.39679 -1.71401 -1.66108
-6.3659 -1.82539 -1.10817
-6.33307 -1.93621 -1.10817
-6.29832 -2.04645 -0.52958
-6.26164 -2.15606 -0.52958
-6.22306 -2.26501 0.0626721
-6.18258 -2.37327 0.659656
-6.14022 -2.48081 0.659656
-6.09599 -2.58759 1.25479
-6.0499 -2.69359 1.25479
-6.00197 -2.79876 1.84259
-5.95221 -2.90309 1.84259
-5.90064 -3.00653 2.41737
-5.84727 -3.10905 2.41737
-5.79212 -3.21062 2.97219
-5.7352 -3.31122 2.97219
-5.67654 -3.41081 3.49835
-5.61615 -3.50936 3.98612
-5.55405 -3.60684 3.98612
-5.49025 -3.70322 4.42664
-5.42479 -3.79848 4.42664
-5.35767 -3.89257 4.81424
-5.28892 -3.98548 4.81424
-5.21856 -4.07718 5.14767
-5.1466 -4.16764 5.14767
-5.07308 -4.25682 5.42955
-4.99802 -4.34471 5.66481
-4.92143 -4.43128 5.66481
-4.84335 -4.51649 5.85912
-4.76379 -4.60033 5.85912
-4.68277 -4.68277 6.01791
-4.60033 -4.76379 6.01791
-4.51649 -4.84335 6.14582
-4.43128 -4.92143 6.14582
-4.34471 -4.99802 6.24669
-4.25682 -5.07308 6.24669
-4.16764 -5.1466 6.3236
-4.07718 -5.21856 6.37926
-3.98548 -5.28892 6.37926
-3.89257 -5.35767 6.41644
-3.79848 -5.42479 6.41644
-3.70322 -5.49025 6.43852
-3.60684 -5.55405 6.43852
-3.50936 -5.61615 6.44984
-3.41081 -5.67654 6.44984
-3.31122 -5.7352 6.4555
-3.21062 -5.79212 6.46065
-3.10905 -5.84727 6.46065
-3.00653 -5.90064 6.46957
-2.90309 -5.95221 6.46957
-2.79876 -6.00197 6.4853
-2.69359 -6.0499 6.4853
-2.58759 -6.09599 6.50958
-2.48081 -6.14022 6.50958
-2.37327 -6.18258 6.54291
-2.26501 -6.22306 6.54291
-2.15606 -6.26164 6.58447
-2.04645 -6.29832 6.6321
-1.93621 -6.33307 6.6321
-1.82539 -6.3659 6.68209
-1.71401 -6.39679 6.68209
-1.60211 -6.42573 6.72923
-1.48973 -6.45271 6.72923
-1.37688 -6.47773 6.76728
-1.26362 -6.50077 6.76728
-1.14997 -6.52183 6.78996
-1.03598 -6.54091 6.79195
-0.921666 -6.55799 6.79195
-0.807073 -6.57308 6.7694
-0.692234 -6.58616 6.7694
-0.577184 -6.59724 6.71962
-0.461958 -6.60631 6.71962
-0.346592 -6.61337 6.64032
-0.23112 -6.61841 6.64032
-0.115578 -6.62143 6.52894
-1.21652e-15 -6.62244 6.52894
0.115578 -6.62143 6.38218
0.23112 -6.61841 6.19575
0.346592 -6.61337 6.19575
0.461958 -6.60631 5.96445
0.577184 -6.59724 5.96445
0.692234 -6.58616 5.68257
0.807073 -6.57308 5.68257
0.921666 -6.55799 5.34489
1.03598 -6.54091 5.34489
1.14997 -6.52183 4.94831
1.26362 -6.50077 4.49362
1.37688 -6.47773 4.49362
1.48973 -6.45271 3.98642
1.60211 -6.42573 3.98642
1.71401 -6.39679 3.43611
1.82539 -6.3659 3.43611
1.93621 -6.33307 2.85351
2.04645 -6.29832 2.85351
2.15606 -6.26164 2.24851
2.26501 -6.22306 2.24851
2.37327 -6.18258 1.62913
2.48081 -6.14022 1.00178
2.58759 -6.09599 1.00178
2.69359 -6.0499 0.372185
2.79876 -6.00197 0.372185
2.90309 -5.95221 -0.253206
3.00653 -5.90064 -0.253206
3.10905 -5.84727 -0.865952
3.21062 -5.79212 -0.865952
3.31122 -5.7352 -1.4546
3.41081 -5.67654 -2.00452
3.50936 -5.61615 -2.00452
3.60684 -5.55405 -2.49968
3.70322 -5.49025 -2.49968
3.79848 -5.42479 -2.92662
3.89257 -5.35767 -2.92662
3.98548 -5.28892 -3.27756
4.07718 -5.21856 -3.27756
4.16764 -5.1466 -3.55056
4.25682 -5.07308 -3.55056
4.34471 -4.99802 -3.74748
4.43128 -4.92143 -3.8715
4.51649 -4.84335 -3.8715
4.60033 -4.76379 -3.92538
4.68277 -4.68277 -3.92538
4.76379 -4.60033 -3.91037
4.84335 -4.51649 -3.91037
4.92143 -4.43128 -3.82588
4.99802 -4.34471 -3.82588
5.07308 -4.25682 -3.66962
5.1466 -4.16764 -3.43841
5.21856 -4.07718 -3.43841
5.28892 -3.98548 -3.12968
5.35767 -3.89257 -3.12968
5.42479 -3.79848 -2.74363
5.49025 -3.70322 -2.74363
5.55405 -3.60684 -2.28534
5.61615 -3.50936 -2.28534
5.67654 -3.41081 -1.76538
5.7352 -3.31122 -1.76538
5.79212 -3.21062 -1.1981
5.84727 -3.10905 -0.598416
5.90064 -3.00653 -0.598416
5.95221 -2.90309 0.0207852
6.00197 -2.79876 0.0207852
6.0499 -2.69359 0.649583
6.09599 -2.58759 0.649583
6.14022 -2.48081 1.28047
6.18258 -2.37327 1.28047
6.22306 -2.26501 1.90705
6.26164 -2.15606 2.52251
6.29832 -2.04645 2.52251
6.33307 -1.93621 3.1182
6.3659 -1.82539 3.1182
6.39679 -1.71401 3.68277
6.42573 -1.60211 3.68277
6.45271 -1.48973 4.20257
6.47773 -1.37688 4.20257
6.50077 -1.26362 4.66378
6.52183 -1.14997 4.66378
6.54091 -1.03598 5.05572
6.55799 -0.921666 5.37292
6.57308 -0.807073 5.37292
6.58616 -0.692234 5.61484
6.59724 -0.577184 5.61484
6.60631 -0.461958 5.78393
6.61337 -0.346592 5.78393
6.61841 -0.23112 5.88343
6.62143 -0.115578 5.88343

6.70223 0 6.48045
6.70121 0.11697 6.44757
6.69815 0.233904 6.44757
6.69305 0.350768 6.34865
6.6859 0.467524 6.34865
6.67673 0.584138 6.17953
6.66551 0.700574 6.17953
6.65227 0.816796 5.93413
6.637 0.93277 5.60621
6.61971 1.04846 5.60621
6.60041 1.16383 5.19246
6.57909 1.27885 5.19246
6.55577 1.39347 4.69642
6.53045 1.50767 4.69642
6.50315 1.62142 4.13052
6.47386 1.73466 3.51312
6.4426 1.84739 3.51312
6.40937 1.95954 2.86226
6.3742 2.0711 2.86226
6.33708 2.18203 2.19162
6.29804 2.2923 2.19162
6.25707 2.40186 1.51001
6.2142 2.5107 1.51001
6.16944 2.61877 0.822737
6.12279 2.72604 0.133719
6.07428 2.83248 0.133719
6.02392 2.93806 -0.552417
5.97173 3.04275 -0.552417
5.91772 3.14651 -1.22813
5.8619 3.24931 -1.22813
5.8043 3.35112 -1.88104
5.74493 3.4519 -2.4934
5.68381 3.55164 -2.4934
5.62096 3.6503 -3.04458
5.5564 3.74784 -3.04458
5.49015 3.84424 -3.51683
5.42222 3.93947 -3.51683
5.35264 4.0335 -3.90052
5.28143 4.12631 -4.19502
5.20861 4.21785 -4.19502
5.13421 4.30811 -4.40534
5.05824 4.39706 -4.40534
4.98073 4.48467 -4.53813
4.9017 4.57091 -4.53813
4.82118 4.65576 -4.59886
4.73919 4.73919 -4.5905
4.65576 4.82118 -4.5905
4.57091 4.9017 -4.51299
4.48467 4.98073 -4.51299
4.39706 5.05824 -4.36328
4.30811 5.13421 -4.36328
4.21785 5.20861 -4.13581
4.12631 5.28143 -4.13581
4.0335 5.35264 -3.82386
3.93947 5.42222 -3.42221
3.84424 5.49015 -3.42221
3.74784 5.5564 -2.93133
3.6503 5.62096 -2.93133
3.55164 5.68381 -2.36131
3.4519 5.74493 -2.36131
3.35112 5.8043 -1.7313
3.24931 5.8619 -1.06298
3.14651 5.91772 -1.06298
3.04275 5.97173 -0.374185
2.93806 6.02392 -0.374185
2.83248 6.07428 0.32296
2.72604 6.12279 0.32296
2.61877 6.16944 1.02104
2.5107 6.2142 1.7155
2.40186 6.25707 1.7155
2.2923 6.29804 2.40267
2.18203 6.33708 2.40267
2.0711 6.3742 3.07781
1.95954 6.40937 3.07781
1.84739 6.4426 3.73337
1.73466 6.47386 4.35777
1.62142 6.50315 4.35777
1.50767 6.53045 4.93598
1.39347 6.55577 4.93598
1.27885 6.57909 5.45293
1.16383 6.60041 5.45293
1.04846 6.61971 5.89866
0.93277 6.637 5.89866
0.816796 6.65227 6.27142
0.700574 6.66551 6.57618
0.584138 6.67673 6.57618
0.467524 6.6859 6.82104
0.350768 6.69305 6.82104
0.233904 6.69815 7.01439
0.11697 6.70121 7.01439
4.10393e-16 6.70223 7.16339
-0.11697 6.70121 7.27348
-0.233904 6.69815 7.27348
-0.350768 6.69305 7.34835
-0.467524 6.6859 7.34835
-0.584138 6.67673 7.39021
-0.700574 6.66551 7.39021
-0.816796 6.65227 7.40026
-0.93277 6.637 7.37954
-1.04846 6.61971 7.37954
-1.16383 6.60041 7.33023
-1.27885 6.57909 7.33023
-1.39347 6.55577 7.25706
-1.50767 6.53045 7.25706
-1.62142 6.50315 7.16758
-1.73466 6.47386 7.07082
-1.84739 6.4426 7.07082
-1.95954 6.40937 6.97505
-2.0711 6.3742 6.97505
-2.18203 6.33708 6.88653
-2.2923 6.29804 6.88653
-2.40186 6.25707 6.8092
-2.5107 6.2142 6.8092
-2.61877 6.16944 6.74515
-2.72604 6.12279 6.69498
-2.83248 6.07428 6.69498
-2.93806 6.02392 6.65813
-3.04275 5.97173 6.65813
-3.14651 5.91772 6.6328
-3.24931 5.8619 6.6328
-3.35112 5.8043 6.61582
-3.4519 5.74493 6.60247
-3.55164 5.68381 6.60247
-3.6503 5.62096 6.58677
-3.74784 5.5564 6.58677
-3.84424 5.49015 6.56283
-3.93947 5.42222 6.56283
-4.0335 5.35264 6.52611
-4.12631 5.28143 6.47357
-4.21785 5.20861 6.47357
-4.30811 5.13421 6.40293
-4.39706 5.05824 6.40293
-4.48467 4.98073 6.31192
-4.57091 4.9017 6.31192
-4.65576 4.82118 6.19769
-4.73919 4.73919 6.05647
-4.82118 4.65576 6.05647
-4.9017 4.57091 5.88324
-4.98073 4.48467 5.88324
-5.05824 4.39706 5.67167
-5.13421 4.30811 5.67167
-5.20861 4.21785 5.41432
-5.28143 4.12631 5.41432
-5.35264 4.0335 5.1034
-5.42222 3.93947 4.73262
-5.49015 3.84424 4.73262
-5.5564 3.74784 4.29985
-5.62096 3.6503 4.29985
-5.68381 3.55164 3.80944
-5.74493 3.4519 3.80944
-5.8043 3.35112 3.27166
-5.8619 3.24931 2.69918
-5.91772 3.14651 2.69918
-5.97173 3.04275 2.10313
-6.02392 2.93806 2.10313
-6.07428 2.83248 1.49135
-6.12279 2.72604 1.49135
-6.16944 2.61877 0.868757
-6.2142 2.5107 0.2387
-6.25707 2.40186 0.2387
-6.29804 2.2923 -0.395302
-6.33708 2.18203 -0.395302
-6.3742 2.0711 -1.02772
-6.40937 1.95954 -1.02772
-6.4426 1.84739 -1.64909
-6.47386 1.73466 -2.2446
-6.50315 1.62142 -2.2446
-6.53045 1.50767 -2.79471
-6.55577 1.39347 -2.79471
-6.57909 1.27885 -3.27947
-6.60041 1.16383 -3.27947
-6.61971 1.04846 -3.68502
-6.637 0.93277 -3.68502
-6.65227 0.816796 -4.00673
-6.66551 0.700574 -4.24716
-6.67673 0.584138 -4.24716
-6.6859 0.467524 -4.41217
-6.69305 0.350768 -4.41217
-6.69815 0.233904 -4.50758
-6.70121 0.11697 -4.50758
-6.70223 8.20786e-16 -4.53741
-6.70121 -0.11697 -4.50305
-6.69815 -0.233904 -4.50305
-6.69305 -0.350768 -4.40295
-6.6859 -0.467524 -4.40295
-6.67673 -0.584138 -4.23301
-6.66551 -0.700574 -4.23301
-6.65227 -0.816796 -3.98727
-6.637 -0.93277 -3.6598
-6.61971 -1.04846 -3.6598
-6.60041 -1.16383 -3.24791
-6.57909 -1.27885 -3.24791
-6.55577 -1.39347 -2.75612
-6.53045 -1.50767 -2.75612
-6.50315 -1.62142 -2.19828
-6.47386 -1.73466 -2.19828
-6.4426 -1.84739 -1.59432
-6.40937 -1.95954 -0.963771
-6.3742 -2.0711 -0.963771
-6.33708 -2.18203 -0.32145
-6.29804 -2.2923 -0.32145
-6.25707 -2.40186 0.323097
-6.2142 -2.5107 0.323097
-6.16944 -2.61877 0.964243
-6.12279 -2.72604 1.59837
-6.07428 -2.83248 1.59837
-6.02392 -2.93806 2.22198
-5.97173 -3.04275 2.22198
-5.91772 -3.14651 2.82993
-5.8619 -3.24931 2.82993
-5.8043 -3.35112 3.41398
-5.74493 -3.4519 3.96245
-5.68381 -3.55164 3.96245
-5.62096 -3.6503 4.46203
-5.5564 -3.74784 4.46203
-5.49015 -3.84424 4.9019
-5.42222 -3.93947 4.9019
-5.35264 -4.0335 5.27749
-5.28143 -4.12631 5.59098
-5.20861 -4.21785 5.59098
-5.13421 -4.30811 5.84889
-5.05824 -4.39706 5.84889
-4.98073 -4.48467 6.05915
-4.9017 -4.57091 6.05915
-4.82118 -4.65576 6.22929
-4.73919 -4.73919 6.22929
-4.65576 -4.82118 6.36558
-4.57091 -4.9017 6.47287
-4.48467 -4.98073 6.47287
-4.39706 -5.05824 6.55469
-4.30811 -5.13421 6.55469
-4.21785 -5.20861 6.61358
-4.12631 -5.28143 6.61358
-4.0335 -5.35264 6.65151
-3.93947 -5.42222 6.67059
-3.84424 -5.49015 6.67059
-3.74784 -5.5564 6.67396
-3.6503 -5.62096 6.67396
-3.55164 -5.68381 6.66658
-3.4519 -5.74493 6.66658
-3.35112 -5.8043 6.65495
-3.24931 -5.8619 6.6456
-3.14651 -5.91772 6.6456
-3.04275 -5.97173 6.64375
-2.93806 -6.02392 6.64375
-2.83248 -6.07428 6.6529
-2.72604 -6.12279 6.6529
-2.61877 -6.16944 6.67504
-2.5107 -6.2142 6.7109
-2.40186 -6.25707 6.7109
-2.2923 -6.29804 6.75996
-2.18203 -6.33708 6.75996
-2.0711 -6.3742 6.82037
-1.95954 -6.40937 6.82037
-1.84739 -6.4426 6.88847
-1.73466 -6.47386 6.88847
-1.62142 -6.50315 6.95853
-1.50767 -6.53045 7.0229
-1.39347 -6.55577 7.0229
-1.27885 -6.57909 7.07327
-1.16383 -6.60041 7.07327
-1.04846 -6.61971 7.10266
-0.93277 -6.637 7.10266
-0.816796 -6.65227 7.10671
-0.700574 -6.66551 7.08325
-0.584138 -6.67673 7.08325
-0.467524 -6.6859 7.03104
-0.350768 -6.69305 7.03104
-0.233904 -6.69815 6.94859
-0.11697 -6.70121 6.94859
-1.23118e-15 -6.70223 6.83341
0.11697 -6.70121 6.68162
0.233904 -6.69815 6.68162
0.350768 -6.69305 6.48771
0.467524 -6.6859 6.48771
0.584138 -6.67673 6.24457
0.700574 -6.66551 6.24457
0.816796 -6.65227 5.94407
0.93277 -6.637 5.57851
1.04846 -6.61971 5.57851
1.16383 -6.60041 5.14337
1.27885 -6.57909 5.14337
1.39347 -6.55577 4.64054
1.50767 -6.53045 4.64054
1.62142 -6.50315 4.07948
1.73466 -6.47386 4.07948
1.84739 -6.4426 3.47434
1.95954 -6.40937 2.83918
2.0711 -6.3742 2.83918
2.18203 -6.33708 2.18483
2.2923 -6.29804 2.18483
2.40186 -6.25707 1.51843
2.5107 -6.2142 1.51843
2.61877 -6.16944 0.844439
2.72604 -6.12279 0.166441
2.83248 -6.07428 0.166441
2.93806 -6.02392 -0.511037
3.04275 -5.97173 -0.511037
3.14651 -5.91772 -1.18056
3.24931 -5.8619 -1.18056
3.35112 -5.8043 -1.82995
3.4519 -5.74493 -2.44123
3.55164 -5.68381 -2.44123
3.6503 -5.62096 -2.9926
3.74784 -5.5564 -2.9926
3.84424 -5.49015 -3.46514
3.93947 -5.42222 -3.46514
4.0335 -5.35264 -3.8497
4.12631 -5.28143 -4.1466
4.21785 -5.20861 -4.1466
4.30811 -5.13421 -4.36127
4.39706 -5.05824 -4.36127
4.48467 -4.98073 -4.50033
4.57091 -4.9017 -4.50033
4.65576 -4.82118 -4.56907
4.73919 -4.73919 -4.56907
4.82118 -4.65576 -4.57022
4.9017 -4.57091 -4.50358
4.98073 -4.48467 -4.50358
5.05824 -4.39706 -4.36604
5.13421 -4.30811 -4.36604
5.20861 -4.21785 -4.15206
5.28143 -4.12631 -4.15206
5.35264 -4.0335 -3.85511
5.42222 -3.93947 -3.47037
5.49015 -3.84424 -3.47037
5.5564 -3.74784 -2.99861
5.62096 -3.6503 -2.99861
5.68381 -3.55164 -2.44936
5.74493 -3.4519 -2.44936
5.8043 -3.35112 -1.84006
5.8619 -3.24931 -1.19088
5.91772 -3.14651 -1.19088
5.97173 -3.04275 -0.519175
6.02392 -2.93806 -0.519175
6.07428 -2.83248 0.162967
6.12279 -2.72604 0.162967
6.16944 -2.61877 0.848153
6.2142 -2.5107 1.53185
6.25707 -2.40186 1.53185
6.29804 -2.2923 2.21021
6.33708 -2.18203 2.21021
6.3742 -2.0711 2.87799
6.40937 -1.95954 2.87799
6.4426 -1.84739 3.52642
6.47386 -1.73466 3.52642
6.50315 -1.62142 4.14178
6.53045 -1.50767 4.7059
6.55577 -1.39347 4.7059
6.57909 -1.27885 5.20037
6.60041 -1.16383 5.20037
6.61971 -1.04846 5.61271
6.637 -0.93277 5.61271
6.65227 -0.816796 5.93927
6.66551 -0.700574 6.18333
6.67673 -0.584138 6.18333
6.6859 -0.467524 6.35115
6.69305 -0.350768 6.35115
6.69815 -0.233904 6.4488
6.70121 -0.11697 6.4488

6.78202 0 6.48045
6.78099 0.118363 6.44757
6.77789 0.236689 6.44757
6.77272 0.354943 6.34865
6.7655 0.47309 6.34865
6.75621 0.591092 6.17953
6.74487 0.708914 6.17953
6.73147 0.82652 5.93413
6.71602 0.943875 5.60621
6.69852 1.06094 5.60621
6.67898 1.17769 5.19246
6.65741 1.29407 5.19246
6.63382 1.41006 4.69642
6.6082 1.52562 4.69642
6.58056 1.64072 4.13052
6.55093 1.75532 3.51312
6.51929 1.86938 3.51312
6.48568 1.98287 2.86226
6.45008 2.09576 2.86226
6.41252 2.20801 2.19162
6.37301 2.31959 2.19162
6.33156 2.43046 1.51001
6.28818 2.54059 1.51001
6.24288 2.64995 0.822737
6.19568 2.7585 0.133719
6.1466 2.8662 0.133719
6.09564 2.97304 -0.552417
6.04282 3.07897 -0.552417
5.98817 3.18396 -1.22813
5.93169 3.28799 -1.22813
5.8734 3.39101 -1.88104
5.81332 3.493 -2.4934
5.75148 3.59392 -2.4934
5.68788 3.69375 -3.04458
5.62255 3.79246 -3.04458
5.5555 3.89001 -3.51683
5.48677 3.98637 -3.51683
5.41636 4.08152 -3.90052
5.3443 4.17543 -4.19502
5.27062 4.26806 -4.19502
5.19533 4.3594 -4.40534
5.11845 4.4494 -4.40534
5.04002 4.53806 -4.53813
4.96005 4.62533 -4.53813
4.87858 4.71119 -4.59886
4.79561 4.79561 -4.5905
4.71119 4.87858 -4.5905
4.62533 4.96005 -4.51299
4.53806 5.04002 -4.51299
4.4494 5.11845 -4.36328
4.3594 5.19533 -4.36328
4.26806 5.27062 -4.13581
4.17543 5.3443 -4.13581
4.08152 5.41636 -3.82386
3.98637 5.48677 -3.42221
3.89001 5.5555 -3.42221
3.79246 5.62255 -2.93133
3.69375 5.68788 -2.93133
3.59392 5.75148 -2.36131
3.493 5.81332 -2.36131
3.39101 5.8734 -1.7313
3.28799 5.93169 -1.06298
3.18396 5.98817 -1.06298
3.07897 6.04282 -0.374185
2.97304 6.09564 -0.374185
2.8662 6.1466 0.32296
2.7585 6.19568 0.32296
2.64995 6.24288 1.02104
2.54059 6.28818 1.7155
2.43046 6.33156 1.7155
2.31959 6.37301 2.40267
2.20801 6.41252 2.40267
2.09576 6.45008 3.07781
1.98287 6.48568 3.07781
1.86938 6.51929 3.73337
1.75532 6.55093 4.35777
1.64072 6.58056 4.35777
1.52562 6.6082 4.93598
1.41006 6.63382 4.93598
1.29407 6.65741 5.45293
1.17769 6.67898 5.45293
1.06094 6.69852 5.89866
0.943875 6.71602 5.89866
0.82652 6.73147 6.27142
0.708914 6.74487 6.57618
0.591092 6.75621 6.57618
0.47309 6.7655 6.82104
0.354943 6.77272 6.82104
0.236689 6.77789 7.01439
0.118363 6.78099 7.01439
4.15279e-16 6.78202 7.16339
-0.118363 6.78099 7.27348
-0.236689 6.77789 7.27348
-0.354943 6.77272 7.34835
-0.47309 6.7655 7.34835
-0.591092 6.75621 7.39021
-0.708914 6.74487 7.39021
-0.82652 6.73147 7.40026
-0.943875 6.71602 7.37954
-1.06094 6.69852 7.37954
-1.17769 6.67898 7.33023
-1.29407 6.65741 7.33023
-1.41006 6.63382 7.25706
-1.52562 6.6082 7.25706
-1.64072 6.58056 7.16758
-1.75532 6.55093 7.07082
-1.86938 6.51929 7.07082
-1.98287 6.48568 6.97505
-2.09576 6.45008 6.97505
-2.20801 6.41252 6.88653
-2.31959 6.37301 6.88653
-2.43046 6.33156 6.8092
-2.54059 6.28818 6.8092
-2.64995 6.24288 6.74515
-2.7585 6.19568 6.69498
-2.8662 6.1466 6.69498
-2.97304 6.09564 6.65813
-3.07897 6.04282 6.65813
-3.18396 5.98817 6.6328
-3.28799 5.93169 6.6328
-3.39101 5.8734 6.61582
-3.493 5.81332 6.60247
-3.59392 5.75148 6.60247
-3.69375 5.68788 6.58677
-3.79246 5.62255 6.58677
-3.89001 5.5555 6.56283
-3.98637 5.48677 6.56283
-4.08152 5.41636 6.52611
-4.17543 5.3443 6.47357
-4.26806 5.27062 6.47357
-4.3594 5.19533 6.40293
-4.4494 5.11845 6.40293
-4.53806 5.04002 6.31192
-4.62533 4.96005 6.31192
-4.71119 4.87858 6.19769
-4.79561 4.79561 6.05647
-4.87858 4.71119 6.05647
-4.96005 4.62533 5.88324
-5.04002 4.53806 5.88324
-5.11845 4.4494 5.67167
-5.19533 4.3594 5.67167
-5.27062 4.26806 5.41432
-5.3443 4.17543 5.41432
-5.41636 4.08152 5.1034
-5.48677 3.98637 4.73262
-5.5555 3.89001 4.73262
-5.62255 3.79246 4.29985
-5.68788 3.69375 4.29985
-5.75148 3.59392 3.80944
-5.81332 3.493 3.80944
-5.8734 3.39101 3.27166
-5.93169 3.28799 2.69918
-5.98817 3.18396 2.69918
-6.04282 3.07897 2.10313
-6.09564 2.97304 2.10313
-6.1466 2.8662 1.49135
-6.19568 2.7585 1.49135
-6.24288 2.64995 0.868757
-6.28818 2.54059 0.2387
-6.33156 2.43046 0.2387
-6.37301 2.31959 -0.395302
-6.41252 2.20801 -0.395302
-6.45008 2.09576 -1.02772
-6.48568 1.98287 -1.02772
-6.51929 1.86938 -1.64909
-6.55093 1.75532 -2.2446
-6.58056 1.64072 -2.2446
-6.6082 1.52562 -2.79471
-6.63382 1.41006 -2.79471
-6.65741 1.29407 -3.27947
-6.67898 1.17769 -3.27947
-6.69852 1.06094 -3.68502
-6.71602 0.943875 -3.68502
-6.73147 0.82652 -4.00673
-6.74487 0.708914 -4.24716
-6.75621 0.591092 -4.24716
-6.7655 0.47309 -4.41217
-6.77272 0.354943 -4.41217
-6.77789 0.236689 -4.50758
-6.78099 0.118363 -4.50758
-6.78202 8.30558e-16 -4.53741
-6.78099 -0.118363 -4.50305
-6.77789 -0.236689 -4.50305
-6.77272 -0.354943 -4.40295
-6.7655 -0.47309 -4.40295
-6.75621 -0.591092 -4.23301
-6.74487 -0.708914 -4.23301
-6.73147 -0.82652 -3.98727
-6.71602 -0.943875 -3.6598
-6.69852 -1.06094 -3.6598
-6.67898 -1.17769 -3.24791
-6.65741 -1.29407 -3.24791
-6.63382 -1.41006 -2.75612
-6.6082 -1.52562 -2.75612
-6.58056 -1.64072 -2.19828
-6.55093 -1.75532 -2.19828
-6.51929 -1.86938 -1.59432
-6.48568 -1.98287 -0.963771
-6.45008 -2.09576 -0.963771
-6.41252 -2.20801 -0.32145
-6.37301 -2.31959 -0.32145
-6.33156 -2.43046 0.323097
-6.28818 -2.54059 0.323097
-6.24288 -2.64995 0.964243
-6.19568 -2.7585 1.59837
-6.1466 -2.8662 1.59837
-6.09564 -2.97304 2.22198
-6.04282 -3.07897 2.22198
-5.98817 -3.18396 2.82993
-5.93169 -3.28799 2.82993
-5.8734 -3.39101 3.41398
-5.81332 -3.493 3.96245
-5.75148 -3.59392 3.96245
-5.68788 -3.69375 4.46203
-5.62255 -3.79246 4.46203
-5.5555 -3.89001 4.9019
-5.48677 -3.98637 4.9019
-5.41636 -4.08152 5.27749
-5.3443 -4.17543 5.59098
-5.27062 -4.26806 5.59098
-5.19533 -4.3594 5.84889
-5.11845 -4.4494 5.84889
-5.04002 -4.53806 6.05915
-4.96005 -4.62533 6.05915
-4.87858 -4.71119 6.22929
-4.79561 -4.79561 6.22929
-4.71119 -4.87858 6.36558
-4.62533 -4.96005 6.47287
-4.53806 -5.04002 6.47287
-4.4494 -5.11845 6.55469
-4.3594 -5.19533 6.55469
-4.26806 -5.27062 6.61358
-4.17543 -5.3443 6.61358
-4.08152 -5.41636 6.65151
-3.98637 -5.48677 6.67059
-3.89001 -5.5555 6.67059
-3.79246 -5.62255 6.67396
-3.69375 -5.68788 6.67396
-3.59392 -5.75148 6.66658
-3.493 -5.81332 6.66658
-3.39101 -5.8734 6.65495
-3.28799 -5.93169 6.6456
-3.18396 -5.98817 6.6456
-3.07897 -6.04282 6.64375
-2.97304 -6.09564 6.64375
-2.8662 -6.1466 6.6529
-2.7585 -6.19568 6.6529
-2.64995 -6.24288 6.67504
-2.54059 -6.28818 6.7109
-2.43046 -6.33156 6.7109
-2.31959 -6.37301 6.75996
-2.20801 -6.41252 6.75996
-2.09576 -6.45008 6.82037
-1.98287 -6.48568 6.82037
-1.86938 -6.51929 6.88847
-1.75532 -6.55093 6.88847
-1.64072 -6.58056 6.95853
-1.52562 -6.6082 7.0229
-1.41006 -6.63382 7.0229
-1.29407 -6.65741 7.07327
-1.17769 -6.67898 7.07327
-1.06094 -6.69852 7.10266
-0.943875 -6.71602 7.10266
-0.82652 -6.73147 7.10671
-0.708914 -6.74487 7.08325
-0.591092 -6.75621 7.08325
-0.47309 -6.7655 7.03104
-0.354943 -6.77272 7.03104
-0.236689 -6.77789 6.94859
-0.118363 -6.78099 6.94859
-1.24584e-15 -6.78202 6.83341
0.118363 -6.78099 6.68162
0.236689 -6.77789 6.68162
0.354943 -6.77272 6.48771
0.47309 -6.7655 6.48771
0.591092 -6.75621 6.24457
0.708914 -6.74487 6.24457
0.82652 -6.73147 5.94407
0.943875 -6.71602 5.57851
1.06094 -6.69852 5.57851
1.17769 -6.67898 5.14337
1.29407 -6.65741 5.14337
1.41006 -6.63382 4.64054
1.52562 -6.6082 4.64054
1.64072 -6.58056 4.07948
1.75532 -6.55093 4.07948
1.86938 -6.51929 3.47434
1.98287 -6.48568 2.83918
2.09576 -6.45008 2.83918
2.20801 -6.41252 2.18483
2.31959 -6.37301 2.18483
2.43046 -6.33156 1.51843
2.54059 -6.28818 1.51843
2.64995 -6.24288 0.844439
2.7585 -6.19568 0.166441
2.8662 -6.1466 0.166441
2.97304 -6.09564 -0.511037
3.07897 -6.04282 -0.511037
3.18396 -5.98817 -1.18056
3.28799 -5.93169 -1.18056
3.39101 -5.8734 -1.82995
3.493 -5.81332 -2.44123
3.59392 -5.75148 -2.44123
3.69375 -5.68788 -2.9926
3.79246 -5.62255 -2.9926
3.89001 -5.5555 -3.46514
3.98637 -5.48677 -3.46514
4.08152 -5.41636 -3.8497
4.17543 -5.3443 -4.1466
4.26806 -5.27062 -4.1466
4.3594 -5.19533 -4.36127
4.4494 -5.11845 -4.36127
4.53806 -5.04002 -4.50033
4.62533 -4.96005 -4.50033
4.71119 -4.87858 -4.56907
4.79561 -4.79561 -4.56907
4.87858 -4.71119 -4.57022
4.96005 -4.62533 -4.50358
5.04002 -4.53806 -4.50358
5.11845 -4.4494 -4.36604
5.19533 -4.3594 -4.36604
5.27062 -4.26806 -4.15206
5.3443 -4.17543 -4.15206
5.41636 -4.08152 -3.85511
5.48677 -3.98637 -3.47037
5.5555 -3.89001 -3.47037
5.62255 -3.79246 -2.99861
5.68788 -3.69375 -2.99861
5.75148 -3.59392 -2.44936
5.81332 -3.493 -2.44936
5.8734 -3.39101 -1.84006
5.93169 -3.28799 -1.19088
5.98817 -3.18396 -1.19088
6.04282 -3.07897 -0.519175
6.09564 -2.97304 -0.519175
6.1466 -2.8662 0.162967
6.19568 -2.7585 0.162967
6.24288 -2.64995 0.848153
6.28818 -2.54059 1.53185
6.33156 -2.43046 1.53185
6.37301 -2.31959 2.21021
6.41252 -2.20801 2.21021
6.45008 -2.09576 2.87799
6.48568 -1.98287 2.87799
6.51929 -1.86938 3.52642
6.55093 -1.75532 3.52642
6.58056 -1.64072 4.14178
6.6082 -1.52562 4.7059
6.63382 -1.41006 4.7059
6.65741 -1.29407 5.20037
6.67898 -1.17769 5.20037
6.69852 -1.06094 5.61271
6.71602 -0.943875 5.61271
6.73147 -0.82652 5.93927
6.74487 -0.708914 6.18333
6.75621 -0.591092 6.18333
6.7655 -0.47309 6.35115
6.77272 -0.354943 6.35115
6.77789 -0.236689 6.4488
6.78099 -0.118363 6.4488

6.86181 0 6.48045
6.86076 0.119755 6.44757
6.85763 0.239474 6.44757
6.8524 0.359119 6.34865
6.84509 0.478655 6.34865
6.8357 0.598046 6.17953
6.82422 0.717254 6.17953
6.81066 0.836244 5.93413
6.79503 0.954979 5.60621
6.77733 1.07342 5.60621
6.75756 1.19154 5.19246
6.73574 1.30929 5.19246
6.71186 1.42665 4.69642
6.68594 1.54357 4.69642
6.65798 1.66002 4.13052
6.628 1.77597 3.51312
6.59599 1.89137 3.51312
6.56198 2.0062 2.86226
6.52597 2.12042 2.86226
6.48797 2.23399 2.19162
6.44799 2.34688 2.19162
6.40605 2.45905 1.51001
6.36216 2.57048 1.51001
6.31633 2.68112 0.822737
6.26857 2.79095 0.133719
6.21891 2.89993 0.133719
6.16735 3.00802 -0.552417
6.11392 3.1152 -0.552417
6.05862 3.22142 -1.22813
6.00147 3.32667 -1.22813
5.9425 3.4309 -1.88104
5.88172 3.53409 -2.4934
5.81914 3.6362 -2.4934
5.7548 3.73721 -3.04458
5.6887 3.83707 -3.04458
5.62086 3.93577 -3.51683
5.55132 4.03327 -3.51683
5.48008 4.12954 -3.90052
5.40718 4.22455 -4.19502
5.33263 4.31828 -4.19502
5.25645 4.41068 -4.40534
5.17867 4.50175 -4.40534
5.09932 4.59145 -4.53813
5.01841 4.67974 -4.53813
4.93597 4.76661 -4.59886
4.85203 4.85203 -4.5905
4.76661 4.93597 -4.5905
4.67974 5.01841 -4.51299
4.59145 5.09932 -4.51299
4.50175 5.17867 -4.36328
4.41068 5.25645 -4.36328
4.31828 5.33263 -4.13581
4.22455 5.40718 -4.13581
4.12954 5.48008 -3.82386
4.03327 5.55132 -3.42221
3.93577 5.62086 -3.42221
3.83707 5.6887 -2.93133
3.73721 5.7548 -2.93133
3.6362 5.81914 -2.36131
3.53409 5.88172 -2.36131
3.4309 5.9425 -1.7313
3.32667 6.00147 -1.06298
3.22142 6.05862 -1.06298
3.1152 6.11392 -0.374185
3.00802 6.16735 -0.374185
2.89993 6.21891 0.32296
2.79095 6.26857 0.32296
2.68112 6.31633 1.02104
2.57048 6.36216 1.7155
2.45905 6.40605 1.7155
2.34688 6.44799 2.40267
2.23399 6.48797 2.40267
2.12042 6.52597 3.07781
2.0062 6.56198 3.07781
1.89137 6.59599 3.73337
1.77597 6.628 4.35777
1.66002 6.65798 4.35777
1.54357 6.68594 4.93598
1.42665 6.71186 4.93598
1.30929 6.73574 5.45293
1.19154 6.75756 5.45293
1.07342 6.77733 5.89866
0.954979 6.79503 5.89866
0.836244 6.81066 6.27142
0.717254 6.82422 6.57618
0.598046 6.8357 6.57618
0.478655 6.84509 6.82104
0.359119 6.8524 6.82104
0.239474 6.85763 7.01439
0.119755 6.86076 7.01439
4.20165e-16 6.86181 7.16339
-0.119755 6.86076 7.27348
-0.239474 6.85763 7.27348
-0.359119 6.8524 7.34835
-0.478655 6.84509 7.34835
-0.598046 6.8357 7.39021
-0.717254 6.82422 7.39021
-0.836244 6.81066 7.40026
-0.954979 6.79503 7.37954
-1.07342 6.77733 7.37954
-1.19154 6.75756 7.33023
-1.30929 6.73574 7.33023
-1.42665 6.71186 7.25706
-1.54357 6.68594 7.25706
-1.66002 6.65798 7.16758
-1.77597 6.628 7.07082
-1.89137 6.59599 7.07082
-2.0062 6.56198 6.97505
-2.12042 6.52597 6.97505
-2.23399 6.48797 6.88653
-2.34688 6.44799 6.88653
-2.45905 6.40605 6.8092
-2.57048 6.36216 6.8092
-2.68112 6.31633 6.74515
-2.79095 6.26857 6.69498
-2.89993 6.21891 6.69498
-3.00802 6.16735 6.65813
-3.1152 6.11392 6.65813
-3.22142 6.05862 6.6328
-3.32667 6.00147 6.6328
-3.4309 5.9425 6.61582
-3.53409 5.88172 6.60247
-3.6362 5.81914 6.60247
-3.73721 5.7548 6.58677
-3.83707 5.6887 6.58677
-3.93577 5.62086 6.56283
-4.03327 5.55132 6.56283
-4.12954 5.48008 6.52611
-4.22455 5.40718 6.47357
-4.31828 5.33263 6.47357
-4.41068 5.25645 6.40293
-4.50175 5.17867 6.40293
-4.59145 5.09932 6.31192
-4.67974 5.01841 6.31192
-4.76661 4.93597 6.19769
-4.85203 4.85203 6.05647
-4.93597 4.76661 6.05647
-5.01841 4.67974 5.88324
-5.09932 4.59145 5.88324
-5.17867 4.50175 5.67167
-5.25645 4.41068 5.67167
-5.33263 4.31828 5.41432
-5.40718 4.22455 5.41432
-5.48008 4.12954 5.1034
-5.55132 4.03327 4.73262
-5.62086 3.93577 4.73262
-5.6887 3.83707 4.29985
-5.7548 3.73721 4.29985
-5.81914 3.6362 3.80944
-5.88172 3.53409 3.80944
-5.9425 3.4309 3.27166
-6.00147 3.32667 2.69918
-6.05862 3.22142 2.69918
-6.11392 3.1152 2.10313
-6.16735 3.00802 2.10313
-6.21891 2.89993 1.49135
-6.26857 2.79095 1.49135
-6.31633 2.68112 0.868757
-6.36216 2.57048 0.2387
-6.40605 2.45905 0.2387
-6.44799 2.34688 -0.395302
-6.48797 2.23399 -0.395302
-6.52597 2.12042 -1.02772
-6.56198 2.0062 -1.02772
-6.59599 1.89137 -1.64909
-6.628 1.77597 -2.2446
-6.65798 1.66002 -2.2446
-6.68594 1.54357 -2.79471
-6.71186 1.42665 -2.79471
-6.73574 1.30929 -3.27947
-6.75756 1.19154 -3.27947
-6.77733 1.07342 -3.68502
-6.79503 0.954979 -3.68502
-6.81066 0.836244 -4.00673
-6.82422 0.717254 -4.24716
-6.8357 0.598046 -4.24716
-6.84509 0.478655 -4.41217
-6.8524 0.359119 -4.41217
-6.85763 0.239474 -4.50758
-6.86076 0.119755 -4.50758
-6.86181 8.40329e-16 -4.53741
-6.86076 -0.119755 -4.50305
-6.85763 -0.239474 -4.50305
-6.8524 -0.359119 -4.40295
-6.84509 -0.478655 -4.40295
-6.8357 -0.598046 -4.23301
-6.82422 -0.717254 -4.23301
-6.81066 -0.836244 -3.98727
-6.79503 -0.954979 -3.6598
-6.77733 -1.07342 -3.6598
-6.75756 -1.19154 -3.24791
-6.73574 -1.30929 -3.24791
-6.71186 -1.42665 -2.75612
-6.68594 -1.54357 -2.75612
-6.65798 -1.66002 -2.19828
-6.628 -1.77597 -2.19828
-6.59599 -1.89137 -1.59432
-6.56198 -2.0062 -0.963771
-6.52597 -2.12042 -0.963771
-6.48797 -2.23399 -0.32145
-6.44799 -2.34688 -0.32145
-6.40605 -2.45905 0.323097
-6.36216 -2.57048 0.323097
-6.31633 -2.68112 0.964243
-6.26857 -2.79095 1.59837
-6.21891 -2.89993 1.59837
-6.16735 -3.00802 2.22198
-6.11392 -3.1152 2.22198
-6.05862 -3.22142 2.82993
-6.00147 -3.32667 2.82993
-5.9425 -3.4309 3.41398
-5.88172 -3.53409 3.96245
-5.81914 -3.6362 3.96245
-5.7548 -3.73721 4.46203
-5.6887 -3.83707 4.46203
-5.62086 -3.93577 4.9019
-5.55132 -4.03327 4.9019
-5.48008 -4.12954 5.27749
-5.40718 -4.22455 5.59098
-5.33263 -4.31828 5.59098
-5.25645 -4.41068 5.84889
-5.17867 -4.50175 5.84889
-5.09932 -4.59145 6.05915
-5.01841 -4.67974 6.05915
-4.93597 -4.76661 6.22929
-4.85203 -4.85203 6.22929
-4.76661 -4.93597 6.36558
-4.67974 -5.01841 6.47287
-4.59145 -5.09932 6.47287
-4.50175 -5.17867 6.55469
-4.41068 -5.25645 6.55469
-4.31828 -5.33263 6.61358
-4.22455 -5.40718 6.61358
-4.12954 -5.48008 6.65151
-4.03327 -5.55132 6.67059
-3.93577 -5.62086 6.67059
-3.83707 -5.6887 6.67396
-3.73721 -5.7548 6.67396
-3.6362 -5.81914 6.66658
-3.53409 -5.88172 6.66658
-3.4309 -5.9425 6.65495
-3.32667 -6.00147 6.6456
-3.22142 -6.05862 6.6456
-3.1152 -6.11392 6.64375
-3.00802 -6.16735 6.64375
-2.89993 -6.21891 6.6529
-2.79095 -6.26857 6.6529
-2.68112 -6.31633 6.67504
-2.57048 -6.36216 6.7109
-2.45905 -6.40605 6.7109
-2.34688 -6.44799 6.75996
-2.23399 -6.48797 6.75996
-2.12042 -6.52597 6.82037
-2.0062 -6.56198 6.82037
-1.89137 -6.59599 6.88847
-1.77597 -6.628 6.88847
-1.66002 -6.65798 6.95853
-1.54357 -6.68594 7.0229
-1.42665 -6.71186 7.0229
-1.30929 -6.73574 7.07327
-1.19154 -6.75756 7.07327
-1.07342 -6.77733 7.10266
-0.954979 -6.79503 7.10266
-0.836244 -6.81066 7.10671
-0.717254 -6.82422 7.08325
-0.598046 -6.8357 7.08325
-0.478655 -6.84509 7.03104
-0.359119 -6.8524 7.03104
-0.239474 -6.85763 6.94859
-0.119755 -6.86076 6.94859
-1.26049e-15 -6.86181 6.83341
0.119755 -6.86076 6.68162
0.239474 -6.85763 6.68162
0.359119 -6.8524 6.48771
0.478655 -6.84509 6.48771
0.598046 -6.8357 6.24457
0.717254 -6.82422 6.24457
0.836244 -6.81066 5.94407
0.954979 -6.79503 5.57851
1.07342 -6.77733 5.57851
1.19154 -6.75756 5.14337
1.30929 -6.73574 5.14337
1.42665 -6.71186 4.64054
1.54357 -6.68594 4.64054
1.66002 -6.65798 4.07948
1.77597 -6.628 4.07948
1.89137 -6.59599 3.47434
2.0062 -6.56198 2.83918
2.12042 -6.52597 2.83918
2.23399 -6.48797 2.18483
2.34688 -6.44799 2.18483
2.45905 -6.40605 1.51843
2.57048 -6.36216 1.51843
2.68112 -6.31633 0.844439
2.79095 -6.26857 0.166441
2.89993 -6.21891 0.166441
3.00802 -6.16735 -0.511037
3.1152 -6.11392 -0.511037
3.22142 -6.05862 -1.18056
3.32667 -6.00147 -1.18056
3.4309 -5.9425 -1.82995
3.53409 -5.88172 -2.44123
3.6362 -5.81914 -2.44123
3.73721 -5.7548 -2.9926
3.83707 -5.6887 -2.9926
3.93577 -5.62086 -3.46514
4.03327 -5.55132 -3.46514
4.12954 -5.48008 -3.8497
4.22455 -5.40718 -4.1466
4.31828 -5.33263 -4.1466
4.41068 -5.25645 -4.36127
4.50175 -5.17867 -4.36127
4.59145 -5.09932 -4.50033
4.67974 -5.01841 -4.50033
4.76661 -4.93597 -4.56907
4.85203 -4.85203 -4.56907
4.93597 -4.76661 -4.57022
5.01841 -4.67974 -4.50358
5.09932 -4.59145 -4.50358
5.17867 -4.50175 -4.36604
5.25645 -4.41068 -4.36604
5.33263 -4.31828 -4.15206
5.40718 -4.22455 -4.15206
5.48008 -4.12954 -3.85511
5.55132 -4.03327 -3.47037
5.62086 -3.93577 -3.47037
5.6887 -3.83707 -2.99861
5.7548 -3.73721 -2.99861
5.81914 -3.6362 -2.44936
5.88172 -3.53409 -2.44936
5.9425 -3.4309 -1.84006
6.00147 -3.32667 -1.19088
6.05862 -3.22142 -1.19088
6.11392 -3.1152 -0.519175
6.16735 -3.00802 -0.519175
6.21891 -2.89993 0.162967
6.26857 -2.79095 0.162967
6.31633 -2.68112 0.848153
6.36216 -2.57048 1.53185
6.40605 -2.45905 1.53185
6.44799 -2.34688 2.21021
6.48797 -2.23399 2.21021
6.52597 -2.12042 2.87799
6.56198 -2.0062 2.87799
6.59599 -1.89137 3.52642
6.628 -1.77597 3.52642
6.65798 -1.66002 4.14178
6.68594 -1.54357 4.7059
6.71186 -1.42665 4.7059
6.73574 -1.30929 5.20037
6.75756 -1.19154 5.20037
6.77733 -1.07342 5.61271
6.79503 -0.954979 5.61271
6.81066 -0.836244 5.93927
6.82422 -0.717254 6.18333
6.8357 -0.598046 6.18333
6.84509 -0.478655 6.35115
6.8524 -0.359119 6.35115
6.85763 -0.239474 6.4488
6.86076 -0.119755 6.4488

6.9416 0 7.08661
6.94054 0.121148 7.05575
6.93737 0.242258 7.05575
6.93208 0.363295 6.96235
6.92469 0.484221 6.96235
6.91518 0.605 6.80047
6.90357 0.725594 6.56063
6.88985 0.845968 6.56063
6.87404 0.966083 6.23113
6.85613 1.0859 6.23113
6.83614 1.2054 5.80188
6.81406 1.32452 5.80188
6.78991 1.44324 5.27136
6.76368 1.56152 4.6537
6.7354 1.67932 4.6537
6.70507 1.79662 3.97582
6.67269 1.91336 3.97582
6.63828 2.02953 3.26413
6.60185 2.14507 2.53646
6.56341 2.25996 2.53646
6.52297 2.37417 1.80185
6.48054 2.48765 1.80185
6.43614 2.60037 1.06352
6.38977 2.7123 1.06352
6.34146 2.8234 0.321833
6.29122 2.93365 -0.423007
6.23906 3.043 -0.423007
6.18501 3.15142 -1.16832
6.12907 3.25888 -1.16832
6.07126 3.36535 -1.90578
6.0116 3.4708 -2.61807
5.95011 3.57519 -2.61807
5.88681 3.67849 -3.27822
5.82171 3.78066 -3.27822
5.75484 3.88169 -3.85618
5.68622 3.98154 -3.85618
5.61587 4.08017 -4.33145
5.5438 4.17756 -4.70005
5.47005 4.27367 -4.70005
5.39463 4.36849 -4.97029
5.31757 4.46197 -4.97029
5.23889 4.5541 -5.15454
5.15861 4.64483 -5.26374
5.07676 4.73416 -5.26374
4.99337 4.82204 -5.30517
4.90845 4.90845 -5.30517
4.82204 4.99337 -5.28196
4.73416 5.07676 -5.28196
4.64483 5.15861 -5.19295
4.5541 5.23889 -5.03278
4.46197 5.31757 -5.03278
4.36849 5.39463 -4.79215
4.27367 5.47005 -4.79215
4.17756 5.5438 -4.45891
4.08017 5.61587 -4.0215
3.98154 5.68622 -4.0215
3.88169 5.75484 -3.47607
3.78066 5.82171 -3.47607
3.67849 5.88681 -2.83569
3.57519 5.95011 -2.83569
3.4708 6.0116 -2.12995
3.36535 6.07126 -1.38997
3.25888 6.12907 -1.38997
3.15142 6.18501 -0.637748
3.043 6.23906 -0.637748
2.93365 6.29122 0.114709
2.8234 6.34146 0.86224
2.7123 6.38977 0.86224
2.60037 6.43614 1.60348
2.48765 6.48054 1.60348
2.37417 6.52297 2.33825
2.25996 6.56341 2.33825
2.14507 6.60185 3.06522
2.02953 6.63828 3.77942
1.91336 6.67269 3.77942
1.79662 6.70507 4.46956
1.67932 6.7354 4.46956
1.56152 6.76368 5.11656
1.44324 6.78991 5.69682
1.32452 6.81406 5.69682
1.2054 6.83614 6.19185
1.0859 6.85613 6.19185
0.966083 6.87404 6.5971
0.845968 6.88985 6.5971
0.725594 6.90357 6.92052
0.605 6.91518 7.17494
0.484221 6.92469 7.17494
0.363295 6.93208 7.37286
0.242258 6.93737 7.37286
0.121148 6.94054 7.52434
4.2505e-16 6.9416 7.63665
-0.121148 6.94054 7.63665
-0.242258 6.93737 7.71447
-0.363295 6.93208 7.71447
-0.484221 6.92469 7.76022
-0.605 6.91518 7.76022
-0.725594 6.90357 7.77445
-0.845968 6.88985 7.75637
-0.966083 6.87404 7.75637
-1.0859 6.85613 7.70507
-1.2054 6.83614 7.70507
-1.32452 6.81406 7.62183
-1.44324 6.78991 7.51289
-1.56152 6.76368 7.51289
-1.67932 6.7354 7.38947
-1.79662 6.70507 7.38947
-1.91336 6.67269 7.26408
-2.02953 6.63828 7.26408
-2.14507 6.60185 7.14665
-2.25996 6.56341 7.0434
-2.37417 6.52297 7.0434
-2.48765 6.48054 6.9576
-2.60037 6.43614 6.9576
-2.7123 6.38977 6.89054
-2.8234 6.34146 6.84235
-2.93365 6.29122 6.84235
-3.043 6.23906 6.8122
-3.15142 6.18501 6.8122
-3.25888 6.12907 6.79823
-3.36535 6.07126 6.79823
-3.4708 6.0116 6.797
-3.57519 5.95011 6.80285
-3.67849 5.88681 6.80285
-3.78066 5.82171 6.80786
-3.88169 5.75484 6.80786
-3.98154 5.68622 6.80381
-4.08017 5.61587 6.78557
-4.17756 5.5438 6.78557
-4.27367 5.47005 6.75078
-4.36849 5.39463 6.75078
-4.46197 5.31757 6.69828
-4.5541 5.23889 6.69828
-4.64483 5.15861 6.62684
-4.73416 5.07676 6.53444
-4.82204 4.99337 6.53444
-4.90845 4.90845 6.41787
-4.99337 4.82204 6.41787
-5.07676 4.73416 6.27235
-5.15861 4.64483 6.09122
-5.23889 4.5541 6.09122
-5.31757 4.46197 5.86567
-5.39463 4.36849 5.86567
-5.47005 4.27367 5.5849
-5.5438 4.17756 5.5849
-5.61587 4.08017 5.23755
-5.68622 3.98154 4.81524
-5.75484 3.88169 4.81524
-5.82171 3.78066 4.31822
-5.88681 3.67849 4.31822
-5.95011 3.57519 3.75834
-6.0116 3.4708 3.1544
-6.07126 3.36535 3.1544
-6.12907 3.25888 2.52363
-6.18501 3.15142 2.52363
-6.23906 3.043 1.877
-6.29122 2.93365 1.877
-6.34146 2.8234 1.21964
-6.38977 2.7123 0.553017
-6.43614 2.60037 0.553017
-6.48054 2.48765 -0.12282
-6.52297 2.37417 -0.12282
-6.56341 2.25996 -0.807088
-6.60185 2.14507 -1.49586
-6.63828 2.02953 -1.49586
-6.67269 1.91336 -2.17901
-6.70507 1.79662 -2.17901
-6.7354 1.67932 -2.83711
-6.76368 1.56152 -2.83711
-6.78991 1.44324 -3.44139
-6.81406 1.32452 -3.96292
-6.83614 1.2054 -3.96292
-6.85613 1.0859 -4.38585
-6.87404 0.966083 -4.38585
-6.88985 0.845968 -4.7104
-6.90357 0.725594 -4.9461
-6.91518 0.605 -4.9461
-6.92469 0.484221 -5.10442
-6.93208 0.363295 -5.10442
-6.93737 0.242258 -5.19471
-6.94054 0.121148 -5.19471
-6.9416 8.501e-16 -5.22279
-6.94054 -0.121148 -5.1906
-6.93737 -0.242258 -5.1906
-6.93208 -0.363295 -5.09604
-6.92469 -0.484221 -5.09604
-6.91518 -0.605 -4.93315
-6.90357 -0.725594 -4.93315
-6.88985 -0.845968 -4.69246
-6.87404 -0.966083 -4.36247
-6.85613 -1.0859 -4.36247
-6.83614 -1.2054 -3.9335
-6.81406 -1.32452 -3.9335
-6.78991 -1.44324 -3.40506
-6.76368 -1.56152 -2.793
-6.7354 -1.67932 -2.793
-6.70507 -1.79662 -2.12645
-6.67269 -1.91336 -2.12645
-6.63828 -2.02953 -1.43393
-6.60185 -2.14507 -1.43393
-6.56341 -2.25996 -0.734861
-6.52297 -2.37417 -0.0394983
-6.48054 -2.48765 -0.0394983
-6.43614 -2.60037 0.648129
-6.38977 -2.7123 0.648129
-6.34146 -2.8234 1.32718
-6.29122 -2.93365 1.99753
-6.23906 -3.043 1.99753
-6.18501 -3.15142 2.65764
-6.12907 -3.25888 2.65764
-6.07126 -3.36535 3.3021
-6.0116 -3.4708 3.3021
-5.95011 -3.57519 3.91937
-5.88681 -3.67849 4.49134
-5.82171 -3.78066 4.49134
-5.75484 -3.88169 4.99825
-5.68622 -3.98154 4.99825
-5.61587 -4.08017 5.42766
-5.5438 -4.17756 5.77933
-5.47005 -4.27367 5.77933
-5.39463 -4.36849 6.06206
-5.31757 -4.46197 6.06206
-5.23889 -4.5541 6.28766
-5.15861 -4.64483 6.28766
-5.07676 -4.73416 6.46718
-4.99337 -4.82204 6.60948
-4.90845 -4.90845 6.60948
-4.82204 -4.99337 6.72112
-4.73416 -5.07676 6.72112
-4.64483 -5.15861 6.80664
-4.5541 -5.23889 6.86889
-4.46197 -5.31757 6.86889
-4.36849 -5.39463 6.90942
-4.27367 -5.47005 6.90942
-4.17756 -5.5438 6.92895
-4.08017 -5.61587 6.92895
-3.98154 -5.68622 6.92829
-3.88169 -5.75484 6.90988
-3.78066 -5.82171 6.90988
-3.67849 -5.88681 6.87964
-3.57519 -5.95011 6.87964
-3.4708 -6.0116 6.84652
-3.36535 -6.07126 6.81924
-3.25888 -6.12907 6.81924
-3.15142 -6.18501 6.80404
-3.043 -6.23906 6.80404
-2.93365 -6.29122 6.80468
-2.8234 -6.34146 6.80468
-2.7123 -6.38977 6.82315
-2.60037 -6.43614 6.8603
-2.48765 -6.48054 6.8603
-2.37417 -6.52297 6.916
-2.25996 -6.56341 6.916
-2.14507 -6.60185 6.989
-2.02953 -6.63828 7.07628
-1.91336 -6.67269 7.07628
-1.79662 -6.70507 7.17208
-1.67932 -6.7354 7.17208
-1.56152 -6.76368 7.26725
-1.44324 -6.78991 7.26725
-1.32452 -6.81406 7.35024
-1.2054 -6.83614 7.41072
-1.0859 -6.85613 7.41072
-0.966083 -6.87404 7.44305
-0.845968 -6.88985 7.44305
-0.725594 -6.90357 7.44604
-0.605 -6.91518 7.42025
-0.484221 -6.92469 7.42025
-0.363295 -6.93208 7.36597
-0.242258 -6.93737 7.36597
-0.121148 -6.94054 7.28221
-1.27515e-15 -6.9416 7.28221
0.121148 -6.94054 7.16619
0.242258 -6.93737 7.01303
0.363295 -6.93208 7.01303
0.484221 -6.92469 6.81541
0.605 -6.91518 6.81541
0.725594 -6.90357 6.56341
0.845968 -6.88985 6.24499
0.966083 -6.87404 6.24499
1.0859 -6.85613 5.84812
1.2054 -6.83614 5.84812
1.32452 -6.81406 5.36583
1.44324 -6.78991 5.36583
1.56152 -6.76368 4.80288
1.67932 -6.7354 4.17665
1.79662 -6.70507 4.17665
1.91336 -6.67269 3.5091
2.02953 -6.63828 3.5091
2.14507 -6.60185 2.81804
2.25996 -6.56341 2.11401
2.37417 -6.52297 2.11401
2.48765 -6.48054 1.40166
2.60037 -6.43614 1.40166
2.7123 -6.38977 0.682186
2.8234 -6.34146 0.682186
2.93365 -6.29122 -0.0442139
3.043 -6.23906 -0.776116
3.15142 -6.18501 -0.776116
3.25888 -6.12907 -1.50829
3.36535 -6.07126 -1.50829
3.4708 -6.0116 -2.22861
3.57519 -5.95011 -2.91485
3.67849 -5.88681 -2.91485
3.78066 -5.82171 -3.53527
3.88169 -5.75484 -3.53527
3.98154 -5.68622 -4.05998
4.08017 -5.61587 -4.05998
4.17756 -5.5438 -4.4781
4.27367 -5.47005 -4.7948
4.36849 -5.39463 -4.7948
4.46197 -5.31757 -5.02188
4.5541 -5.23889 -5.02188
4.64483 -5.15861 -5.17113
4.73416 -5.07676 -5.25138
4.82204 -4.99337 -5.25138
4.90845 -4.90845 -5.26749
4.99337 -4.82204 -5.26749
5.07676 -4.73416 -5.22024
5.15861 -4.64483 -5.22024
5.23889 -4.5541 -5.10624
5.31757 -4.46197 -4.91808
5.39463 -4.36849 -4.91808
5.47005 -4.27367 -4.64491
5.5438 -4.17756 -4.64491
5.61587 -4.08017 -4.27475
5.68622 -3.98154 -3.79973
5.75484 -3.88169 -3.79973
5.82171 -3.78066 -3.22399
5.88681 -3.67849 -3.22399
5.95011 -3.57519 -2.56773
6.0116 -3.4708 -2.56773
6.07126 -3.36535 -1.8603
6.12907 -3.25888 -1.12801
6.18501 -3.15142 -1.12801
6.23906 -3.043 -0.387738
6.29122 -2.93365 -0.387738
6.34146 -2.8234 0.352345
6.38977 -2.7123 1.08963
6.43614 -2.60037 1.08963
6.48054 -2.48765 1.82394
6.52297 -2.37417 1.82394
6.56341 -2.25996 2.55498
6.60185 -2.14507 2.55498
6.63828 -2.02953 3.27961
6.67269 -1.91336 3.98887
6.70507 -1.79662 3.98887
6.7354 -1.67932 4.66486
6.76368 -1.56152 4.66486
6.78991 -1.44324 5.28078
6.81406 -1.32452 5.8098
6.83614 -1.2054 5.8098
6.85613 -1.0859 6.23773
6.87404 -0.966083 6.23773
6.88985 -0.845968 6.56588
6.90357 -0.725594 6.56588
6.91518 -0.605 6.80434
6.92469 -0.484221 6.96486
6.93208 -0.363295 6.96486
6.93737 -0.242258 7.05698
6.94054 -0.121148 7.05698

7.02138 0 7.08661
7.02031 0.12254 7.05575
7.01711 0.245043 7.05575
7.01176 0.367471 6.96235
7.00428 0.489787 6.96235
6.99467 0.611954 6.80047
6.98292 0.733934 6.56063
6.96905 0.855691 6.56063
6.95305 0.977188 6.23113
6.93494 1.09839 6.23113
6.91471 1.21925 5.80188
6.89238 1.33974 5.80188
6.86795 1.45983 5.27136
6.84143 1.57947 4.6537
6.81282 1.69863 4.6537
6.78214 1.81727 3.97582
6.74939 1.93536 3.97582
6.71458 2.05285 3.26413
6.67773 2.16973 2.53646
6.63885 2.28594 2.53646
6.59794 2.40145 1.80185
6.55503 2.51624 1.80185
6.51011 2.63026 1.06352
6.46322 2.74347 1.06352
6.41435 2.85585 0.321833
6.36354 2.96737 -0.423007
6.31078 3.07797 -0.423007
6.2561 3.18764 -1.16832
6.19951 3.29634 -1.16832
6.14104 3.40403 -1.90578
6.0807 3.51069 -2.61807
6.0185 3.61628 -2.61807
5.95447 3.72077 -3.27822
5.88863 3.82412 -3.27822
5.82099 3.92631 -3.85618
5.75158 4.0273 -3.85618
5.68042 4.12707 -4.33145
5.60753 4.22557 -4.70005
5.53293 4.3228 -4.70005
5.45664 4.4187 -4.97029
5.37869 4.51326 -4.97029
5.29911 4.60644 -5.15454
5.21791 4.69822 -5.26374
5.13512 4.78857 -5.26374
5.05076 4.87746 -5.30517
4.96487 4.96487 -5.30517
4.87746 5.05076 -5.28196
4.78857 5.13512 -5.28196
4.69822 5.21791 -5.19295
4.60644 5.29911 -5.03278
4.51326 5.37869 -5.03278
4.4187 5.45664 -4.79215
4.3228 5.53293 -4.79215
4.22557 5.60753 -4.45891
4.12707 5.68042 -4.0215
4.0273 5.75158 -4.0215
3.92631 5.82099 -3.47607
3.82412 5.88863 -3.47607
3.72077 5.95447 -2.83569
3.61628 6.0185 -2.83569
3.51069 6.0807 -2.12995
3.40403 6.14104 -1.38997
3.29634 6.19951 -1.38997
3.18764 6.2561 -0.637748
3.07797 6.31078 -0.637748
2.96737 6.36354 0.114709
2.85585 6.41435 0.86224
2.74347 6.46322 0.86224
2.63026 6.51011 1.60348
2.51624 6.55503 1.60348
2.40145 6.59794 2.33825
2.28594 6.63885 2.33825
2.16973 6.67773 3.06522
2.05285 6.71458 3.77942
1.93536 6.74939 3.77942
1.81727 6.78214 4.46956
1.69863 6.81282 4.46956
1.57947 6.84143 5.11656
1.45983 6.86795 5.69682
1.33974 6.89238 5.69682
1.21925 6.91471 6.19185
1.09839 6.93494 6.19185
0.977188 6.95305 6.5971
0.855691 6.96905 6.5971
0.733934 6.98292 6.92052
0.611954 6.99467 7.17494
0.489787 7.00428 7.17494
0.367471 7.01176 7.37286
0.245043 7.01711 7.37286
0.12254 7.02031 7.52434
4.29936e-16 7.02138 7.63665
-0.12254 7.02031 7.63665
-0.245043 7.01711 7.71447
-0.367471 7.01176 7.71447
-0.489787 7.00428 7.76022
-0.611954 6.99467 7.76022
-0.733934 6.98292 7.77445
-0.855691 6.96905 7.75637
-0.977188 6.95305 7.75637
-1.09839 6.93494 7.70507
-1.21925 6.91471 7.70507
-1.33974 6.89238 7.62183
-1.45983 6.86795 7.51289
-1.57947 6.84143 7.51289
-1.69863 6.81282 7.38947
-1.81727 6.78214 7.38947
-1.93536 6.74939 7.26408
-2.05285 6.71458 7.26408
-2.16973 6.67773 7.14665
-2.28594 6.63885 7.0434
-2.40145 6.59794 7.0434
-2.51624 6.55503 6.9576
-2.63026 6.51011 6.9576
-2.74347 6.46322 6.89054
-2.85585 6.41435 6.84235
-2.96737 6.36354 6.84235
-3.07797 6.31078 6.8122
-3.18764 6.2561 6.8122
-3.29634 6.19951 6.79823
-3.40403 6.14104 6.79823
-3.51069 6.0807 6.797
-3.61628 6.0185 6.80285
-3.72077 5.95447 6.80285
-3.82412 5.88863 6.80786
-3.92631 5.82099 6.80786
-4.0273 5.75158 6.80381
-4.12707 5.68042 6.78557
-4.22557 5.60753 6.78557
-4.3228 5.53293 6.75078
-4.4187 5.45664 6.75078
-4.51326 5.37869 6.69828
-4.60644 5.29911 6.69828
-4.69822 5.21791 6.62684
-4.78857 5.13512 6.53444
-4.87746 5.05076 6.53444
-4.96487 4.96487 6.41787
-5.05076 4.87746 6.41787
-5.13512 4.78857 6.27235
-5.21791 4.69822 6.09122
-5.29911 4.60644 6.09122
-5.37869 4.51326 5.86567
-5.45664 4.4187 5.86567
-5.53293 4.3228 5.5849
-5.60753 4.22557 5.5849
-5.68042 4.12707 5.23755
-5.75158 4.0273 4.81524
-5.82099 3.92631 4.81524
-5.88863 3.82412 4.31822
-5.95447 3.72077 4.31822
-6.0185 3.61628 3.75834
-6.0807 3.51069 3.1544
-6.14104 3.40403 3.1544
-6.19951 3.29634 2.52363
-6.2561 3.18764 2.52363
-6.31078 3.07797 1.877
-6.36354 2.96737 1.877
-6.41435 2.85585 1.21964
-6.46322 2.74347 0.553017
-6.51011 2.63026 0.553017
-6.55503 2.51624 -0.12282
-6.59794 2.40145 -0.12282
-6.63885 2.28594 -0.807088
-6.67773 2.16973 -1.49586
-6.71458 2.05285 -1.49586
-6.74939 1.93536 -2.17901
-6.78214 1.81727 -2.17901
-6.81282 1.69863 -2.83711
-6.84143 1.57947 -2.83711
-6.86795 1.45983 -3.44139
-6.89238 1.33974 -3.96292
-6.91471 1.21925 -3.96292
-6.93494 1.09839 -4.38585
-6.95305 0.977188 -4.38585
-6.96905 0.855691 -4.7104
-6.98292 0.733934 -4.9461
-6.99467 0.611954 -4.9461
-7.00428 0.489787 -5.10442
-7.01176 0.367471 -5.10442
-7.01711 0.245043 -5.19471
-7.02031 0.12254 -5.19471
-7.02138 8.59872e-16 -5.22279
-7.02031 -0.12254 -5.1906
-7.01711 -0.245043 -5.1906
-7.01176 -0.367471 -5.09604
-7.00428 -0.489787 -5.09604
-6.99467 -0.611954 -4.93315
-6.98292 -0.733934 -4.93315
-6.96905 -0.855691 -4.69246
-6.95305 -0.977188 -4.36247
-6.93494 -1.09839 -4.36247
-6.91471 -1.21925 -3.9335
-6.89238 -1.33974 -3.9335
-6.86795 -1.45983 -3.40506
-6.84143 -1.57947 -2.793
-6.81282 -1.69863 -2.793
-6.78214 -1.81727 -2.12645
-6.74939 -1.93536 -2.12645
-6.71458 -2.05285 -1.43393
-6.67773 -2.16973 -1.43393
-6.63885 -2.28594 -0.734861
-6.59794 -2.40145 -0.0394983
-6.55503 -2.51624 -0.0394983
-6.51011 -2.63026 0.648129
-6.46322 -2.74347 0.648129
-6.41435 -2.85585 1.32718
-6.36354 -2.96737 1.99753
-6.31078 -3.07797 1.99753
-6.2561 -3.18764 2.65764
-6.19951 -3.29634 2.65764
-6.14104 -3.40403 3.3021
-6.0807 -3.51069 3.3021
-6.0185 -3.61628 3.91937
-5.95447 -3.72077 4.49134
-5.88863 -3.82412 4.49134
-5.82099 -3.92631 4.99825
-5.75158 -4.0273 4.99825
-5.68042 -4.12707 5.42766
-5.60753 -4.22557 5.77933
-5.53293 -4.3228 5.77933
-5.45664 -4.4187 6.06206
-5.37869 -4.51326 6.06206
-5.29911 -4.60644 6.28766
-5.21791 -4.69822 6.28766
-5.13512 -4.78857 6.46718
-5.05076 -4.87746 6.60948
-4.96487 -4.96487 6.60948
-4.87746 -5.05076 6.72112
-4.78857 -5.13512 6.72112
-4.69822 -5.21791 6.80664
-4.60644 -5.29911 6.86889
-4.51326 -5.37869 6.86889
-4.4187 -5.45664 6.90942
-4.3228 -5.53293 6.90942
-4.22557 -5.60753 6.92895
-4.12707 -5.68042 6.92895
-4.0273 -5.75158 6.92829
-3.92631 -5.82099 6.90988
-3.82412 -5.88863 6.90988
-3.72077 -5.95447 6.87964
-3.61628 -6.0185 6.87964
-3.51069 -6.0807 6.84652
-3.40403 -6.14104 6.81924
-3.29634 -6.19951 6.81924
-3.18764 -6.2561 6.80404
-3.07797 -6.31078 6.80404
-2.96737 -6.36354 6.80468
-2.85585 -6.41435 6.80468
-2.74347 -6.46322 6.82315
-2.63026 -6.51011 6.8603
-2.51624 -6.55503 6.8603
-2.40145 -6.59794 6.916
-2.28594 -6.63885 6.916
-2.16973 -6.67773 6.989
-2.05285 -6.71458 7.07628
-1.93536 -6.74939 7.07628
-1.81727 -6.78214 7.17208
-1.69863 -6.81282 7.17208
-1.57947 -6.84143 7.26725
-1.45983 -6.86795 7.26725
-1.33974 -6.89238 7.35024
-1.21925 -6.91471 7.41072
-1.09839 -6.93494 7.41072
-0.977188 -6.95305 7.44305
-0.855691 -6.96905 7.44305
-0.733934 -6.98292 7.44604
-0.611954 -6.99467 7.42025
-0.489787 -7.00428 7.42025
-0.367471 -7.01176 7.36597
-0.245043 -7.01711 7.36597
-0.12254 -7.02031 7.28221
-1.28981e-15 -7.02138 7.28221
0.12254 -7.02031 7.16619
0.245043 -7.01711 7.01303
0.367471 -7.01176 7.01303
0.489787 -7.00428 6.81541
0.611954 -6.99467 6.81541
0.733934 -6.98292 6.56341
0.855691 -6.96905 6.24499
0.977188 -6.95305 6.24499
1.09839 -6.93494 5.84812
1.21925 -6.91471 5.84812
1.33974 -6.89238 5.36583
1.45983 -6.86795 5.36583
1.57947 -6.84143 4.80288
1.69863 -6.81282 4.17665
1.81727 -6.78214 4.17665
1.93536 -6.74939 3.5091
2.05285 -6.71458 3.5091
2.16973 -6.67773 2.81804
2.28594 -6.63885 2.11401
2.40145 -6.59794 2.11401
2.51624 -6.55503 1.40166
2.63026 -6.51011 1.40166
2.74347 -6.46322 0.682186
2.85585 -6.41435 0.682186
2.96737 -6.36354 -0.0442139
3.07797 -6.31078 -0.776116
3.18764 -6.2561 -0.776116
3.29634 -6.19951 -1.50829
3.40403 -6.14104 -1.50829
3.51069 -6.0807 -2.22861
3.61628 -6.0185 -2.91485
3.72077 -5.95447 -2.91485
3.82412 -5.88863 -3.53527
3.92631 -5.82099 -3.53527
4.0273 -5.75158 -4.05998
4.12707 -5.68042 -4.05998
4.22557 -5.60753 -4.4781
4.3228 -5.53293 -4.7948
4.4187 -5.45664 -4.7948
4.51326 -5.37869 -5.02188
4.60644 -5.29911 -5.02188
4.69822 -5.21791 -5.17113
4.78857 -5.13512 -5.25138
4.87746 -5.05076 -5.25138
4.96487 -4.96487 -5.26749
5.05076 -4.87746 -5.26749
5.13512 -4.78857 -5.22024
5.21791 -4.69822 -5.22024
5.29911 -4.60644 -5.10624
5.37869 -4.51326 -4.91808
5.45664 -4.4187 -4.91808
5.53293 -4.3228 -4.64491
5.60753 -4.22557 -4.64491
5.68042 -4.12707 -4.27475
5.75158 -4.0273 -3.79973
5.82099 -3.92631 -3.79973
5.88863 -3.82412 -3.22399
5.95447 -3.72077 -3.22399
6.0185 -3.61628 -2.56773
6.0807 -3.51069 -2.56773
6.14104 -3.40403 -1.8603
6.19951 -3.29634 -1.12801
6.2561 -3.18764 -1.12801
6.31078 -3.07797 -0.387738
6.36354 -2.96737 -0.387738
6.41435 -2.85585 0.352345
6.46322 -2.74347 1.08963
6.51011 -2.63026 1.08963
6.55503 -2.51624 1.82394
6.59794 -2.40145 1.82394
6.63885 -2.28594 2.55498
6.67773 -2.16973 2.55498
6.71458 -2.05285 3.27961
6.74939 -1.93536 3.98887
6.78214 -1.81727 3.98887
6.81282 -1.69863 4.66486
6.84143 -1.57947 4.66486
6.86795 -1.45983 5.28078
6.89238 -1.33974 5.8098
6.91471 -1.21925 5.8098
6.93494 -1.09839 6.23773
6.95305 -0.977188 6.23773
6.96905 -0.855691 6.56588
6.98292 -0.733934 6.56588
6.99467 -0.611954 6.80434
7.00428 -0.489787 6.96486
7.01176 -0.367471 6.96486
7.01711 -0.245043 7.05698
7.02031 -0.12254 7.05698

7.10117 0 7.73
7.10009 0.123933 7.70268
7.09685 0.247827 7.70268
7.09144 0.371647 7.61946
7.08387 0.495353 7.61946
7.07415 0.618908 7.47291
7.06227 0.742275 7.25011
7.04824 0.865415 7.25011
7.03206 0.988292 6.93257
7.01375 1.11087 6.93257
6.99329 1.23311 6.49892
6.9707 1.35497 5.93493
6.94599 1.47642 5.93493
6.91917 1.59742 5.25302
6.89024 1.71793 5.25302
6.85921 1.83792 4.49741
6.82609 1.95735 3.7114
6.79089 2.07618 3.7114
6.75362 2.19438 2.91946
6.71429 2.31192 2.91946
6.67292 2.42874 2.13042
6.62952 2.54483 1.34419
6.58409 2.66015 1.34419
6.53666 2.77465 0.55659
6.48724 2.88831 0.55659
6.43585 3.00109 -0.237687
6.38249 3.11295 -1.04274
6.32719 3.22386 -1.04274
6.26996 3.3338 -1.85822
6.21083 3.44272 -1.85822
6.1498 3.55059 -2.67396
6.08689 3.65737 -3.46224
6.02214 3.76305 -3.46224
5.95554 3.86758 -4.17634
5.88714 3.97093 -4.17634
5.81694 4.07307 -4.77041
5.74497 4.17396 -5.22747
5.67125 4.27359 -5.22747
5.5958 4.37192 -5.56004
5.51865 4.46891 -5.56004
5.43981 4.56455 -5.79101
5.35932 4.65879 -5.94059
5.2772 4.75161 -5.94059
5.19347 4.84299 -6.02278
5.10816 4.93289 -6.02278
5.02129 5.02129 -6.04544
4.93289 5.10816 -6.01101
4.84299 5.19347 -6.01101
4.75161 5.2772 -5.9168
4.65879 5.35932 -5.9168
4.56455 5.43981 -5.75474
4.46891 5.51865 -5.51074
4.37192 5.5958 -5.51074
4.27359 5.67125 -5.16468
4.17396 5.74497 -5.16468
4.07307 5.81694 -4.69345
3.97093 5.88714 -4.08264
3.86758 5.95554 -4.08264
3.76305 6.02214 -3.35008
3.65737 6.08689 -3.35008
3.55059 6.1498 -2.54798
3.44272 6.21083 -1.7233
3.3338 6.26996 -1.7233
3.22386 6.32719 -0.901905
3.11295 6.38249 -0.901905
3.00109 6.43585 -0.0935372
2.88831 6.48724 0.70097
2.77465 6.53666 0.70097
2.66015 6.58409 1.48496
2.54483 6.62952 1.48496
2.42874 6.67292 2.26304
2.31192 6.71429 3.03889
2.19438 6.75362 3.03889
2.07618 6.79089 3.81259
1.95735 6.82609 3.81259
1.83792 6.85921 4.57638
1.71793 6.89024 5.30906
1.59742 6.91917 5.30906
1.47642 6.94599 5.9742
1.35497 6.9707 5.9742
1.23311 6.99329 6.53442
1.11087 7.01375 6.97697
0.988292 7.03206 6.97697
0.865415 7.04824 7.31624
0.742275 7.06227 7.31624
0.618908 7.07415 7.57415
0.495353 7.08387 7.76994
0.371647 7.09144 7.76994
0.247827 7.09685 7.91781
0.123933 7.10009 7.91781
4.34821e-16 7.10117 8.02738
-0.123933 7.10009 8.10466
-0.247827 7.09685 8.10466
-0.371647 7.09144 8.15273
-0.495353 7.08387 8.15273
-0.618908 7.07415 8.1721
-0.742275 7.06227 8.16091
-0.865415 7.04824 8.16091
-0.988292 7.03206 8.11519
-1.11087 7.01375 8.11519
-1.23311 6.99329 8.03044
-1.35497 6.9707 7.90614
-1.47642 6.94599 7.90614
-1.59742 6.91917 7.7525
-1.71793 6.89024 7.7525
-1.83792 6.85921 7.58844
-1.95735 6.82609 7.43145
-2.07618 6.79089 7.43145
-2.19438 6.75362 7.29218
-2.31192 6.71429 7.29218
-2.42874 6.67292 7.17545
-2.54483 6.62952 7.08284
-2.66015 6.58409 7.08284
-2.77465 6.53666 7.01448
-2.88831 6.48724 7.01448
-3.00109 6.43585 6.96994
-3.11295 6.38249 6.94839
-3.22386 6.32719 6.94839
-3.3338 6.26996 6.94833
-3.44272 6.21083 6.94833
-3.55059 6.1498 6.96663
-3.65737 6.08689 6.99699
-3.76305 6.02214 6.99699
-3.86758 5.95554 7.02839
-3.97093 5.88714 7.02839
-4.07307 5.81694 7.04757
-4.17396 5.74497 7.04884
-4.27359 5.67125 7.04884
-4.37192 5.5958 7.03166
-4.46891 5.51865 7.03166
-4.56455 5.43981 6.99686
-4.65879 5.35932 6.94477
-4.75161 5.2772 6.94477
-4.84299 5.19347 6.87456
-4.93289 5.10816 6.87456
-5.02129 5.02129 6.78392
-5.10816 4.93289 6.66885
-5.19347 4.84299 6.66885
-5.2772 4.75161 6.52311
-5.35932 4.65879 6.52311
-5.43981 4.56455 6.33756
-5.51865 4.46891 6.09936
-5.5958 4.37192 6.09936
-5.67125 4.27359 5.79181
-5.74497 4.17396 5.79181
-5.81694 4.07307 5.3967
-5.88714 3.97093 4.90279
-5.95554 3.86758 4.90279
-6.02214 3.76305 4.31911
-6.08689 3.65737 4.31911
-6.1498 3.55059 3.67493
-6.21083 3.44272 3.00074
-6.26996 3.3338 3.00074
-6.32719 3.22386 2.31449
-6.38249 3.11295 2.31449
-6.43585 3.00109 1.62257
-6.48724 2.88831 0.924564
-6.53666 2.77465 0.924564
-6.58409 2.66015 0.216968
-6.62952 2.54483 0.216968
-6.67292 2.42874 -0.504546
-6.71429 2.31192 -1.24312
-6.75362 2.19438 -1.24312
-6.79089 2.07618 -1.99785
-6.82609 1.95735 -1.99785
-6.85921 1.83792 -2.75875
-6.89024 1.71793 -3.4992
-6.91917 1.59742 -3.4992
-6.94599 1.47642 -4.17174
-6.9707 1.35497 -4.17174
-6.99329 1.23311 -4.73035
-7.01375 1.11087 -5.16031
-7.03206 0.988292 -5.16031
-7.04824 0.865415 -5.47441
-7.06227 0.742275 -5.47441
-7.07415 0.618908 -5.69393
-7.08387 0.495353 -5.83751
-7.09144 0.371647 -5.83751
-7.09685 0.247827 -5.91808
-7.10009 0.123933 -5.91808
-7.10117 8.69643e-16 -5.94298
-7.10009 -0.123933 -5.91452
-7.09685 -0.247827 -5.91452
-7.09144 -0.371647 -5.83018
-7.08387 -0.495353 -5.83018
-7.07415 -0.618908 -5.68246
-7.06227 -0.742275 -5.45832
-7.04824 -0.865415 -5.45832
-7.03206 -0.988292 -5.13917
-7.01375 -1.11087 -5.13917
-6.99329 -1.23311 -4.70374
-6.9707 -1.35497 -4.13851
-6.94599 -1.47642 -4.13851
-6.91917 -1.59742 -3.45787
-6.89024 -1.71793 -3.45787
-6.85921 -1.83792 -2.70928
-6.82609 -1.95735 -1.93901
-6.79089 -2.07618 -1.93901
-6.75362 -2.19438 -1.17364
-6.71429 -2.31192 -1.17364
-6.67292 -2.42874 -0.423468
-6.62952 -2.54483 0.310425
-6.58409 -2.66015 0.310425
-6.53666 -2.77465 1.03114
-6.48724 -2.88831 1.03114
-6.43585 -3.00109 1.74304
-6.38249 -3.11295 2.4497
-6.32719 -3.22386 2.4497
-6.26996 -3.3338 3.15152
-6.21083 -3.44272 3.15152
-6.1498 -3.55059 3.84184
-6.08689 -3.65737 4.50172
-6.02214 -3.76305 4.50172
-5.95554 -3.86758 5.09908
-5.88714 -3.97093 5.09908
-5.81694 -4.07307 5.60322
-5.74497 -4.17396 6.00469
-5.67125 -4.27359 6.00469
-5.5958 -4.37192 6.31537
-5.51865 -4.46891 6.31537
-5.43981 -4.56455 6.55457
-5.35932 -4.65879 6.7396
-5.2772 -4.75161 6.7396
-5.19347 -4.84299 6.88352
-5.10816 -4.93289 6.88352
-5.02129 -5.02129 6.99543
-4.93289 -5.10816 7.08139
-4.84299 -5.19347 7.08139
-4.75161 -5.2772 7.14509
-4.65879 -5.35932 7.14509
-4.56455 -5.43981 7.18834
-4.46891 -5.51865 7.21129
-4.37192 -5.5958 7.21129
-4.27359 -5.67125 7.21279
-4.17396 -5.74497 7.21279
-4.07307 -5.81694 7.1912
-3.97093 -5.88714 7.14705
-3.86758 -5.95554 7.14705
-3.76305 -6.02214 7.08774
-3.65737 -6.08689 7.08774
-3.55059 -6.1498 7.02737
-3.44272 -6.21083 6.97805
-3.3338 -6.26996 6.97805
-3.22386 -6.32719 6.94684
-3.11295 -6.38249 6.94684
-3.00109 -6.43585 6.9371
-2.88831 -6.48724 6.95036
-2.77465 -6.53666 6.95036
-2.66015 -6.58409 6.98729
-2.54483 -6.62952 6.98729
-2.42874 -6.67292 7.04815
-2.31192 -6.71429 7.13266
-2.19438 -6.75362 7.13266
-2.07618 -6.79089 7.23928
-1.95735 -6.82609 7.23928
-1.83792 -6.85921 7.36354
-1.71793 -6.89024 7.49566
-1.59742 -6.91917 7.49566
-1.47642 -6.94599 7.61946
-1.35497 -6.9707 7.61946
-1.23311 -6.99329 7.71739
-1.11087 -7.01375 7.78033
-0.988292 -7.03206 7.78033
-0.865415 -7.04824 7.80913
-0.742275 -7.06227 7.80913
-0.618908 -7.07415 7.80772
-0.495353 -7.08387 7.77919
-0.371647 -7.09144 7.77919
-0.247827 -7.09685 7.72468
-0.123933 -7.10009 7.72468
-1.30446e-15 -7.10117 7.64312
0.123933 -7.10009 7.53109
0.247827 -7.09685 7.53109
0.371647 -7.09144 7.38239
0.495353 -7.08387 7.38239
0.618908 -7.07415 7.18736
0.742275 -7.06227 6.93201
0.865415 -7.04824 6.93201
0.988292 -7.03206 6.59779
1.11087 -7.01375 6.59779
1.23311 -6.99329 6.16443
1.35497 -6.9707 5.61987
1.47642 -6.94599 5.61987
1.59742 -6.91917 4.9768
1.71793 -6.89024 4.9768
1.83792 -6.85921 4.26974
1.95735 -6.82609 3.53242
2.07618 -6.79089 3.53242
2.19438 -6.75362 2.7847
2.31192 -6.71429 2.7847
2.42874 -6.67292 2.03381
2.54483 -6.62952 1.27959
2.66015 -6.58409 1.27959
2.77465 -6.53666 0.518449
2.88831 -6.48724 0.518449
3.00109 -6.43585 -0.254078
3.11295 -6.38249 -1.04118
3.22386 -6.32719 -1.04118
3.3338 -6.26996 -1.84192
3.44272 -6.21083 -1.84192
3.55059 -6.1498 -2.64652
3.65737 -6.08689 -3.42895
3.76305 -6.02214 -3.42895
3.86758 -5.95554 -4.14089
3.97093 -5.88714 -4.14089
4.07307 -5.81694 -4.72686
4.17396 -5.74497 -5.17538
4.27359 -5.67125 -5.17538
4.37192 -5.5958 -5.50309
4.46891 -5.51865 -5.50309
4.56455 -5.43981 -5.73291
4.65879 -5.35932 -5.88412
4.75161 -5.2772 -5.88412
4.84299 -5.19347 -5.9699
4.93289 -5.10816 -5.9699
5.02129 -5.02129 -5.99766
5.10816 -4.93289 -5.96955
5.19347 -4.84299 -5.96955
5.2772 -4.75161 -5.88275
5.35932 -4.65879 -5.88275
5.43981 -4.56455 -5.72912
5.51865 -4.46891 -5.49462
5.5958 -4.37192 -5.49462
5.67125 -4.27359 -5.15946
5.74497 -4.17396 -5.15946
5.81694 -4.07307 -4.70177
5.88714 -3.97093 -4.1098
5.95554 -3.86758 -4.1098
6.02214 -3.76305 -3.40047
6.08689 -3.65737 -3.40047
6.1498 -3.55059 -2.61863
6.21083 -3.44272 -1.80973
6.26996 -3.3338 -1.80973
6.32719 -3.22386 -1.00067
6.38249 -3.11295 -1.00067
6.43585 -3.00109 -0.20149
6.48724 -2.88831 0.587454
6.53666 -2.77465 0.587454
6.58409 -2.66015 1.37019
6.62952 -2.54483 1.37019
6.67292 -2.42874 2.15203
6.71429 -2.31192 2.9372
6.75362 -2.19438 2.9372
6.79089 -2.07618 3.72599
6.82609 -1.95735 3.72599
6.85921 -1.83792 4.50981
6.89024 -1.71793 5.26403
6.91917 -1.59742 5.26403
6.94599 -1.47642 5.94402
6.9707 -1.35497 5.94402
6.99329 -1.23311 6.50671
7.01375 -1.11087 6.93933
7.03206 -0.988292 6.93933
7.04824 -0.865415 7.2555
7.06227 -0.742275 7.2555
7.07415 -0.618908 7.47679
7.08387 -0.495353 7.62192
7.09144 -0.371647 7.62192
7.09685 -0.247827 7.70387
7.10009 -0.123933 7.70387

7.18096 0 7.73
7.17987 0.125325 7.70268
7.17659 0.250612 7.70268
7.17112 0.375822 7.61946
7.16347 0.500919 7.61946
7.15364 0.625862 7.47291
7.14162 0.750615 7.25011
7.12744 0.875139 7.25011
7.11108 0.999397 6.93257
7.09255 1.12335 6.93257
7.07187 1.24696 6.49892
7.04903 1.37019 5.93493
7.02404 1.49301 5.93493
6.99691 1.61536 5.25302
6.96766 1.73723 5.25302
6.93628 1.85857 4.49741
6.90278 1.97934 3.7114
6.86719 2.09951 3.7114
6.8295 2.21904 2.91946
6.78973 2.33789 2.91946
6.7479 2.45603 2.13042
6.704 2.57343 1.34419
6.65807 2.69004 1.34419
6.61011 2.80583 0.55659
6.56013 2.92076 0.55659
6.50816 3.03481 -0.237687
6.45421 3.14793 -1.04274
6.39828 3.26009 -1.04274
6.34041 3.37126 -1.85822
6.28061 3.4814 -1.85822
6.21889 3.59048 -2.67396
6.15528 3.69847 -3.46224
6.0898 3.80533 -3.46224
6.02246 3.91103 -4.17634
5.95329 4.01554 -4.17634
5.8823 4.11883 -4.77041
5.80952 4.22086 -5.22747
5.73497 4.32161 -5.22747
5.65867 4.42104 -5.56004
5.58065 4.51913 -5.56004
5.50094 4.61583 -5.79101
5.41954 4.71113 -5.94059
5.33649 4.805 -5.94059
5.25182 4.8974 -6.02278
5.16555 4.98831 -6.02278
5.07771 5.07771 -6.04544
4.98831 5.16555 -6.01101
4.8974 5.25182 -6.01101
4.805 5.33649 -5.9168
4.71113 5.41954 -5.9168
4.61583 5.50094 -5.75474
4.51913 5.58065 -5.51074
4.42104 5.65867 -5.51074
4.32161 5.73497 -5.16468
4.22086 5.80952 -5.16468
4.11883 5.8823 -4.69345
4.01554 5.95329 -4.08264
3.91103 6.02246 -4.08264
3.80533 6.0898 -3.35008
3.69847 6.15528 -3.35008
3.59048 6.21889 -2.54798
3.4814 6.28061 -1.7233
3.37126 6.34041 -1.7233
3.26009 6.39828 -0.901905
3.14793 6.45421 -0.901905
3.03481 6.50816 -0.0935372
2.92076 6.56013 0.70097
2.80583 6.61011 0.70097
2.69004 6.65807 1.48496
2.57343 6.704 1.48496
2.45603 6.7479 2.26304
2.33789 6.78973 3.03889
2.21904 6.8295 3.03889
2.09951 6.86719 3.81259
1.97934 6.90278 3.81259
1.85857 6.93628 4.57638
1.73723 6.96766 5.30906
1.61536 6.99691 5.30906
1.49301 7.02404 5.9742
1.37019 7.04903 5.9742
1.24696 7.07187 6.53442
1.12335 7.09255 6.97697
0.999397 7.11108 6.97697
0.875139 7.12744 7.31624
0.750615 7.14162 7.31624
0.625862 7.15364 7.57415
0.500919 7.16347 7.76994
0.375822 7.17112 7.76994
0.250612 7.17659 7.91781
0.125325 7.17987 7.91781
4.39707e-16 7.18096 8.02738
-0.125325 7.17987 8.10466
-0.250612 7.17659 8.10466
-0.375822 7.17112 8.15273
-0.500919 7.16347 8.15273
-0.625862 7.15364 8.1721
-0.750615 7.14162 8.16091
-0.875139 7.12744 8.16091
-0.999397 7.11108 8.11519
-1.12335 7.09255 8.11519
-1.24696 7.07187 8.03044
-1.37019 7.04903 7.90614
-1.49301 7.02404 7.90614
-1.61536 6.99691 7.7525
-1.73723 6.96766 7.7525
-1.85857 6.93628 7.58844
-1.97934 6.90278 7.43145
-2.09951 6.86719 7.43145
-2.21904 6.8295 7.29218
-2.33789 6.78973 7.29218
-2.45603 6.7479 7.17545
-2.57343 6.704 7.08284
-2.69004 6.65807 7.08284
-2.80583 6.61011 7.01448
-2.92076 6.56013 7.01448
-3.03481 6.50816 6.96994
-3.14793 6.45421 6.94839
-3.26009 6.39828 6.94839
-3.37126 6.34041 6.94833
-3.4814 6.28061 6.94833
-3.59048 6.21889 6.96663
-3.69847 6.15528 6.99699
-3.80533 6.0898 6.99699
-3.91103 6.02246 7.02839
-4.01554 5.95329 7.02839
-4.11883 5.8823 7.04757
-4.22086 5.80952 7.04884
-4.32161 5.73497 7.04884
-4.42104 5.65867 7.03166
-4.51913 5.58065 7.03166
-4.61583 5.50094 6.99686
-4.71113 5.41954 6.94477
-4.805 5.33649 6.94477
-4.8974 5.25182 6.87456
-4.98831 5.16555 6.87456
-5.07771 5.07771 6.78392
-5.16555 4.98831 6.66885
-5.25182 4.8974 6.66885
-5.33649 4.805 6.52311
-5.41954 4.71113 6.52311
-5.50094 4.61583 6.33756
-5.58065 4.51913 6.09936
-5.65867 4.42104 6.09936
-5.73497 4.32161 5.79181
-5.80952 4.22086 5.79181
-5.8823 4.11883 5.3967
-5.95329 4.01554 4.90279
-6.02246 3.91103 4.90279
-6.0898 3.80533 4.31911
-6.15528 3.69847 4.31911
-6.21889 3.59048 3.67493
-6.28061 3.4814 3.00074
-6.34041 3.37126 3.00074
-6.39828 3.26009 2.31449
-6.45421 3.14793 2.31449
-6.50816 3.03481 1.62257
-6.56013 2.92076 0.924564
-6.61011 2.80583 0.924564
-6.65807 2.69004 0.216968
-6.704 2.57343 0.216968
-6.7479 2.45603 -0.504546
-6.78973 2.33789 -1.24312
-6.8295 2.21904 -1.24312
-6.86719 2.09951 -1.99785
-6.90278 1.97934 -1.99785
-6.93628 1.85857 -2.75875
-6.96766 1.73723 -3.4992
-6.99691 1.61536 -3.4992
-7.02404 1.49301 -4.17174
-7.04903 1.37019 -4.17174
-7.07187 1.24696 -4.73035
-7.09255 1.12335 -5.16031
-7.11108 0.999397 -5.16031
-7.12744 0.875139 -5.47441
-7.14162 0.750615 -5.47441
-7.15364 0.625862 -5.69393
-7.16347 0.500919 -5.83751
-7.17112 0.375822 -5.83751
-7.17659 0.250612 -5.91808
-7.17987 0.125325 -5.91808
-7.18096 8.79414e-16 -5.94298
-7.17987 -0.125325 -5.91452
-7.17659 -0.250612 -5.91452
-7.17112 -0.375822 -5.83018
-7.16347 -0.500919 -5.83018
-7.15364 -0.625862 -5.68246
-7.14162 -0.750615 -5.45832
-7.12744 -0.875139 -5.45832
-7.11108 -0.999397 -5.13917
-7.09255 -1.12335 -5.13917
-7.07187 -1.24696 -4.70374
-7.04903 -1.37019 -4.13851
-7.02404 -1.49301 -4.13851
-6.99691 -1.61536 -3.45787
-6.96766 -1.73723 -3.45787
-6.93628 -1.85857 -2.70928
-6.90278 -1.97934 -1.93901
-6.86719 -2.09951 -1.93901
-6.8295 -2.21904 -1.17364
-6.78973 -2.33789 -1.17364
-6.7479 -2.45603 -0.423468
-6.704 -2.57343 0.310425
-6.65807 -2.69004 0.310425
-6.61011 -2.80583 1.03114
-6.56013 -2.92076 1.03114
-6.50816 -3.03481 1.74304
-6.45421 -3.14793 2.4497
-6.39828 -3.26009 2.4497
-6.34041 -3.37126 3.15152
-6.28061 -3.4814 3.15152
-6.21889 -3.59048 3.84184
-6.15528 -3.69847 4.50172
-6.0898 -3.80533 4.50172
-6.02246 -3.91103 5.09908
-5.95329 -4.01554 5.09908
-5.8823 -4.11883 5.60322
-5.80952 -4.22086 6.00469
-5.73497 -4.32161 6.00469
-5.65867 -4.42104 6.31537
-5.58065 -4.51913 6.31537
-5.50094 -4.61583 6.55457
-5.41954 -4.71113 6.7396
-5.33649 -4.805 6.7396
-5.25182 -4.8974 6.88352
-5.16555 -4.98831 6.88352
-5.07771 -5.07771 6.99543
-4.98831 -5.16555 7.08139
-4.8974 -5.25182 7.08139
-4.805 -5.33649 7.14509
-4.71113 -5.41954 7.14509
-4.61583 -5.50094 7.18834
-4.51913 -5.58065 7.21129
-4.42104 -5.65867 7.21129
-4.32161 -5.73497 7.21279
-4.22086 -5.80952 7.21279
-4.11883 -5.8823 7.1912
-4.01554 -5.95329 7.14705
-3.91103 -6.02246 7.14705
-3.80533 -6.0898 7.08774
-3.69847 -6.15528 7.08774
-3.59048 -6.21889 7.02737
-3.4814 -6.28061 6.97805
-3.37126 -6.34041 6.97805
-3.26009 -6.39828 6.94684
-3.14793 -6.45421 6.94684
-3.03481 -6.50816 6.9371
-2.92076 -6.56013 6.95036
-2.80583 -6.61011 6.95036
-2.69004 -6.65807 6.98729
-2.57343 -6.704 6.98729
-2.45603 -6.7479 7.04815
-2.33789 -6.78973 7.13266
-2.21904 -6.8295 7.13266
-2.09951 -6.86719 7.23928
-1.97934 -6.90278 7.23928
-1.85857 -6.93628 7.36354
-1.73723 -6.96766 7.49566
-1.61536 -6.99691 7.49566
-1.49301 -7.02404 7.61946
-1.37019 -7.04903 7.61946
-1.24696 -7.07187 7.71739
-1.12335 -7.09255 7.78033
-0.999397 -7.11108 7.78033
-0.875139 -7.12744 7.80913
-0.750615 -7.14162 7.80913
-0.625862 -7.15364 7.80772
-0.500919 -7.16347 7.77919
-0.375822 -7.17112 7.77919
-0.250612 -7.17659 7.72468
-0.125325 -7.17987 7.72468
-1.31912e-15 -7.18096 7.64312
0.125325 -7.17987 7.53109
0.250612 -7.17659 7.53109
0.375822 -7.17112 7.38239
0.500919 -7.16347 7.38239
0.625862 -7.15364 7.18736
0.750615 -7.14162 6.93201
0.875139 -7.12744 6.93201
0.999397 -7.11108 6.59779
1.12335 -7.09255 6.59779
1.24696 -7.07187 6.16443
1.37019 -7.04903 5.61987
1.49301 -7.02404 5.61987
1.61536 -6.99691 4.9768
1.73723 -6.96766 4.9768
1.85857 -6.93628 4.26974
1.97934 -6.90278 3.53242
2.09951 -6.86719 3.53242
2.21904 -6.8295 2.7847
2.33789 -6.78973 2.7847
2.45603 -6.7479 2.03381
2.57343 -6.704 1.27959
2.69004 -6.65807 1.27959
2.80583 -6.61011 0.518449
2.92076 -6.56013 0.518449
3.03481 -6.50816 -0.254078
3.14793 -6.45421 -1.04118
3.26009 -6.39828 -1.04118
3.37126 -6.34041 -1.84192
3.4814 -6.28061 -1.84192
3.59048 -6.21889 -2.64652
3.69847 -6.15528 -3.42895
3.80533 -6.0898 -3.42895
3.91103 -6.02246 -4.14089
4.01554 -5.95329 -4.14089
4.11883 -5.8823 -4.72686
4.22086 -5.80952 -5.17538
4.32161 -5.73497 -5.17538
4.42104 -5.65867 -5.50309
4.51913 -5.58065 -5.50309
4.61583 -5.50094 -5.73291
4.71113 -5.41954 -5.88412
4.805 -5.33649 -5.88412
4.8974 -5.25182 -5.9699
4.98831 -5.16555 -5.9699
5.07771 -5.07771 -5.99766
5.16555 -4.98831 -5.96955
5.25182 -4.8974 -5.96955
5.33649 -4.805 -5.88275
5.41954 -4.71113 -5.88275
5.50094 -4.61583 -5.72912
5.58065 -4.51913 -5.49462
5.65867 -4.42104 -5.49462
5.73497 -4.32161 -5.15946
5.80952 -4.22086 -5.15946
5.8823 -4.11883 -4.70177
5.95329 -4.01554 -4.1098
6.02246 -3.91103 -4.1098
6.0898 -3.80533 -3.40047
6.15528 -3.69847 -3.40047
6.21889 -3.59048 -2.61863
6.28061 -3.4814 -1.80973
6.34041 -3.37126 -1.80973
6.39828 -3.26009 -1.00067
6.45421 -3.14793 -1.00067
6.50816 -3.03481 -0.20149
6.56013 -2.92076 0.587454
6.61011 -2.80583 0.587454
6.65807 -2.69004 1.37019
6.704 -2.57343 1.37019
6.7479 -2.45603 2.15203
6.78973 -2.33789 2.9372
6.8295 -2.21904 2.9372
6.86719 -2.09951 3.72599
6.90278 -1.97934 3.72599
6.93628 -1.85857 4.50981
6.96766 -1.73723 5.26403
6.99691 -1.61536 5.26403
7.02404 -1.49301 5.94402
7.04903 -1.37019 5.94402
7.07187 -1.24696 6.50671
7.09255 -1.12335 6.93933
7.11108 -0.999397 6.93933
7.12744 -0.875139 7.2555
7.14162 -0.750615 7.2555
7.15364 -0.625862 7.47679
7.16347 -0.500919 7.62192
7.17112 -0.375822 7.62192
7.17659 -0.250612 7.70387
7.17987 -0.125325 7.70387

7.26075 0 7.73
7.25964 0.126718 7.70268
7.25633 0.253397 7.70268
7.2508 0.379998 7.61946
7.24306 0.506484 7.61946
7.23312 0.632816 7.47291
7.22097 0.758955 7.25011
7.20663 0.884863 7.25011
7.19009 1.0105 6.93257
7.17136 1.13583 6.93257
7.15044 1.26082 6.49892
7.12735 1.38542 5.93493
7.10208 1.50959 5.93493
7.07466 1.63331 5.25302
7.04507 1.75653 5.25302
7.01335 1.87922 4.49741
6.97948 2.00133 3.7114
6.94349 2.12284 3.7114
6.90538 2.24369 2.91946
6.86517 2.36387 2.91946
6.82287 2.48332 2.13042
6.77849 2.60202 1.34419
6.73205 2.71992 1.34419
6.68356 2.837 0.55659
6.63302 2.95321 0.55659
6.58047 3.06853 -0.237687
6.52592 3.1829 -1.04274
6.46938 3.29631 -1.04274
6.41086 3.40872 -1.85822
6.35039 3.52008 -1.85822
6.28799 3.63037 -2.67396
6.22368 3.73956 -3.46224
6.15746 3.84761 -3.46224
6.08938 3.95449 -4.17634
6.01943 4.06016 -4.17634
5.94766 4.16459 -4.77041
5.87407 4.26776 -5.22747
5.79869 4.36963 -5.22747
5.72155 4.47016 -5.56004
5.64266 4.56934 -5.56004
5.56206 4.66712 -5.79101
5.47976 4.76348 -5.94059
5.39579 4.85839 -5.94059
5.31018 4.95182 -6.02278
5.22295 5.04374 -6.02278
5.13413 5.13413 -6.04544
5.04374 5.22295 -6.01101
4.95182 5.31018 -6.01101
4.85839 5.39579 -5.9168
4.76348 5.47976 -5.9168
4.66712 5.56206 -5.75474
4.56934 5.64266 -5.51074
4.47016 5.72155 -5.51074
4.36963 5.79869 -5.16468
4.26776 5.87407 -5.16468
4.16459 5.94766 -4.69345
4.06016 6.01943 -4.08264
3.95449 6.08938 -4.08264
3.84761 6.15746 -3.35008
3.73956 6.22368 -3.35008
3.63037 6.28799 -2.54798
3.52008 6.35039 -1.7233
3.40872 6.41086 -1.7233
3.29631 6.46938 -0.901905
3.1829 6.52592 -0.901905
3.06853 6.58047 -0.0935372
2.95321 6.63302 0.70097
2.837 6.68356 0.70097
2.71992 6.73205 1.48496
2.60202 6.77849 1.48496
2.48332 6.82287 2.26304
2.36387 6.86517 3.03889
2.24369 6.90538 3.03889
2.12284 6.94349 3.81259
2.00133 6.97948 3.81259
1.87922 7.01335 4.57638
1.75653 7.04507 5.30906
1.63331 7.07466 5.30906
1.50959 7.10208 5.9742
1.38542 7.12735 5.9742
1.26082 7.15044 6.53442
1.13583 7.17136 6.97697
1.0105 7.19009 6.97697
0.884863 7.20663 7.31624
0.758955 7.22097 7.31624
0.632816 7.23312 7.57415
0.506484 7.24306 7.76994
0.379998 7.2508 7.76994
0.253397 7.25633 7.91781
0.126718 7.25964 7.91781
4.44593e-16 7.26075 8.02738
-0.126718 7.25964 8.10466
-0.253397 7.25633 8.10466
-0.379998 7.2508 8.15273
-0.506484 7.24306 8.15273
-0.632816 7.23312 8.1721
-0.758955 7.22097 8.16091
-0.884863 7.20663 8.16091
-1.0105 7.19009 8.11519
-1.13583 7.17136 8.11519
-1.26082 7.15044 8.03044
-1.38542 7.12735 7.90614
-1.50959 7.10208 7.90614
-1.63331 7.07466 7.7525
-1.75653 7.04507 7.7525
-1.87922 7.01335 7.58844
-2.00133 6.97948 7.43145
-2.12284 6.94349 7.43145
-2.24369 6.90538 7.29218
-2.36387 6.86517 7.29218
-2.48332 6.82287 7.17545
-2.60202 6.77849 7.08284
-2.71992 6.73205 7.08284
-2.837 6.68356 7.01448
-2.95321 6.63302 7.01448
-3.06853 6.58047 6.96994
-3.1829 6.52592 6.94839
-3.29631 6.46938 6.94839
-3.40872 6.41086 6.94833
-3.52008 6.35039 6.94833
-3.63037 6.28799 6.96663
-3.73956 6.22368 6.99699
-3.84761 6.15746 6.99699
-3.95449 6.08938 7.02839
-4.06016 6.01943 7.02839
-4.16459 5.94766 7.04757
-4.26776 5.87407 7.04884
-4.36963 5.79869 7.04884
-4.47016 5.72155 7.03166
-4.56934 5.64266 7.03166
-4.66712 5.56206 6.99686
-4.76348 5.47976 6.94477
-4.85839 5.39579 6.94477
-4.95182 5.31018 6.87456
-5.04374 5.22295 6.87456
-5.13413 5.13413 6.78392
-5.22295 5.04374 6.66885
-5.31018 4.95182 6.66885
-5.39579 4.85839 6.52311
-5.47976 4.76348 6.52311
-5.56206 4.66712 6.33756
-5.64266 4.56934 6.09936
-5.72155 4.47016 6.09936
-5.79869 4.36963 5.79181
-5.87407 4.26776 5.79181
-5.94766 4.16459 5.3967
-6.01943 4.06016 4.90279
-6.08938 3.95449 4.90279
-6.15746 3.84761 4.31911
-6.22368 3.73956 4.31911
-6.28799 3.63037 3.67493
-6.35039 3.52008 3.00074
-6.41086 3.40872 3.00074
-6.46938 3.29631 2.31449
-6.52592 3.1829 2.31449
-6.58047 3.06853 1.62257
-6.63302 2.95321 0.924564
-6.68356 2.837 0.924564
-6.73205 2.71992 0.216968
-6.77849 2.60202 0.216968
-6.82287 2.48332 -0.504546
-6.86517 2.36387 -1.24312
-6.90538 2.24369 -1.24312
-6.94349 2.12284 -1.99785
-6.97948 2.00133 -1.99785
-7.01335 1.87922 -2.75875
-7.04507 1.75653 -3.4992
-7.07466 1.63331 -3.4992
-7.10208 1.50959 -4.17174
-7.12735 1.38542 -4.17174
-7.15044 1.26082 -4.73035
-7.17136 1.13583 -5.16031
-7.19009 1.0105 -5.16031
-7.20663 0.884863 -5.47441
-7.22097 0.758955 -5.47441
-7.23312 0.632816 -5.69393
-7.24306 0.506484 -5.83751
-7.2508 0.379998 -5.83751
-7.25633 0.253397 -5.91808
-7.25964 0.126718 -5.91808
-7.26075 8.89185e-16 -5.94298
-7.25964 -0.126718 -5.91452
-7.25633 -0.253397 -5.91452
-7.2508 -0.379998 -5.83018
-7.24306 -0.506484 -5.83018
-7.23312 -0.632816 -5.68246
-7.22097 -0.758955 -5.45832
-7.20663 -0.884863 -5.45832
-7.19009 -1.0105 -5.13917
-7.17136 -1.13583 -5.13917
-7.15044 -1.26082 -4.70374
-7.12735 -1.38542 -4.13851
-7.10208 -1.50959 -4.13851
-7.07466 -1.63331 -3.45787
-7.04507 -1.75653 -3.45787
-7.01335 -1.87922 -2.70928
-6.97948 -2.00133 -1.93901
-6.94349 -2.12284 -1.93901
-6.90538 -2.24369 -1.17364
-6.86517 -2.36387 -1.17364
-6.82287 -2.48332 -0.423468
-6.77849 -2.60202 0.310425
-6.73205 -2.71992 0.310425
-6.68356 -2.837 1.03114
-6.63302 -2.95321 1.03114
-6.58047 -3.06853 1.74304
-6.52592 -3.1829 2.4497
-6.46938 -3.29631 2.4497
-6.41086 -3.40872 3.15152
-6.35039 -3.52008 3.15152
-6.28799 -3.63037 3.84184
-6.22368 -3.73956 4.50172
-6.15746 -3.84761 4.50172
-6.08938 -3.95449 5.09908
-6.01943 -4.06016 5.09908
-5.94766 -4.16459 5.60322
-5.87407 -4.26776 6.00469
-5.79869 -4.36963 6.00469
-5.72155 -4.47016 6.31537
-5.64266 -4.56934 6.31537
-5.56206 -4.66712 6.55457
-5.47976 -4.76348 6.7396
-5.39579 -4.85839 6.7396
-5.31018 -4.95182 6.88352
-5.22295 -5.04374 6.88352
-5.13413 -5.13413 6.99543
-5.04374 -5.22295 7.08139
-4.95182 -5.31018 7.08139
-4.85839 -5.39579 7.14509
-4.76348 -5.47976 7.14509
-4.66712 -5.56206 7.18834
-4.56934 -5.64266 7.21129
-4.47016 -5.72155 7.21129
-4.36963 -5.79869 7.21279
-4.26776 -5.87407 7.21279
-4.16459 -5.94766 7.1912
-4.06016 -6.01943 7.14705
-3.95449 -6.08938 7.14705
-3.84761 -6.15746 7.08774
-3.73956 -6.22368 7.08774
-3.63037 -6.28799 7.02737
-3.52008 -6.35039 6.97805
-3.40872 -6.41086 6.97805
-3.29631 -6.46938 6.94684
-3.1829 -6.52592 6.94684
-3.06853 -6.58047 6.9371
-2.95321 -6.63302 6.95036
-2.837 -6.68356 6.95036
-2.71992 -6.73205 6.98729
-2.60202 -6.77849 6.98729
-2.48332 -6.82287 7.04815
-2.36387 -6.86517 7.13266
-2.24369 -6.90538 7.13266
-2.12284 -6.94349 7.23928
-2.00133 -6.97948 7.23928
-1.87922 -7.01335 7.36354
-1.75653 -7.04507 7.49566
-1.63331 -7.07466 7.49566
-1.50959 -7.10208 7.61946
-1.38542 -7.12735 7.61946
-1.26082 -7.15044 7.71739
-1.13583 -7.17136 7.78033
-1.0105 -7.19009 7.78033
-0.884863 -7.20663 7.80913
-0.758955 -7.22097 7.80913
-0.632816 -7.23312 7.80772
-0.506484 -7.24306 7.77919
-0.379998 -7.2508 7.77919
-0.253397 -7.25633 7.72468
-0.126718 -7.25964 7.72468
-1.33378e-15 -7.26075 7.64312
0.126718 -7.25964 7.53109
0.253397 -7.25633 7.53109
0.379998 -7.2508 7.38239
0.506484 -7.24306 7.38239
0.632816 -7.23312 7.18736
0.758955 -7.22097 6.93201
0.884863 -7.20663 6.93201
1.0105 -7.19009 6.59779
1.13583 -7.17136 6.59779
1.26082 -7.15044 6.16443
1.38542 -7.12735 5.61987
1.50959 -7.10208 5.61987
1.63331 -7.07466 4.9768
1.75653 -7.04507 4.9768
1.87922 -7.01335 4.26974
2.00133 -6.97948 3.53242
2.12284 -6.94349 3.53242
2.24369 -6.90538 2.7847
2.36387 -6.86517 2.7847
2.48332 -6.82287 2.03381
2.60202 -6.77849 1.27959
2.71992 -6.73205 1.27959
2.837 -6.68356 0.518449
2.95321 -6.63302 0.518449
3.06853 -6.58047 -0.254078
3.1829 -6.52592 -1.04118
3.29631 -6.46938 -1.04118
3.40872 -6.41086 -1.84192
3.52008 -6.35039 -1.84192
3.63037 -6.28799 -2.64652
3.73956 -6.22368 -3.42895
3.84761 -6.15746 -3.42895
3.95449 -6.08938 -4.14089
4.06016 -6.01943 -4.14089
4.16459 -5.94766 -4.72686
4.26776 -5.87407 -5.17538
4.36963 -5.79869 -5.17538
4.47016 -5.72155 -5.50309
4.56934 -5.64266 -5.50309
4.66712 -5.56206 -5.73291
4.76348 -5.47976 -5.88412
4.85839 -5.39579 -5.88412
4.95182 -5.31018 -5.9699
5.04374 -5.22295 -5.9699
5.13413 -5.13413 -5.99766
5.22295 -5.04374 -5.96955
5.31018 -4.95182 -5.96955
5.39579 -4.85839 -5.88275
5.47976 -4.76348 -5.88275
5.56206 -4.66712 -5.72912
5.64266 -4.56934 -5.49462
5.72155 -4.47016 -5.49462
5.79869 -4.36963 -5.15946
5.87407 -4.26776 -5.15946
5.94766 -4.16459 -4.70177
6.01943 -4.06016 -4.1098
6.08938 -3.95449 -4.1098
6.15746 -3.84761 -3.40047
6.22368 -3.73956 -3.40047
6.28799 -3.63037 -2.61863
6.35039 -3.52008 -1.80973
6.41086 -3.40872 -1.80973
6.46938 -3.29631 -1.00067
6.52592 -3.1829 -1.00067
6.58047 -3.06853 -0.20149
6.63302 -2.95321 0.587454
6.68356 -2.837 0.587454
6.73205 -2.71992 1.37019
6.77849 -2.60202 1.37019
6.82287 -2.48332 2.15203
6.86517 -2.36387 2.9372
6.90538 -2.24369 2.9372
6.94349 -2.12284 3.72599
6.97948 -2.00133 3.72599
7.01335 -1.87922 4.50981
7.04507 -1.75653 5.26403
7.07466 -1.63331 5.26403
7.10208 -1.50959 5.94402
7.12735 -1.38542 5.94402
7.15044 -1.26082 6.50671
7.17136 -1.13583 6.93933
7.19009 -1.0105 6.93933
7.20663 -0.884863 7.2555
7.22097 -0.758955 7.2555
7.23312 -0.632816 7.47679
7.24306 -0.506484 7.62192
7.2508 -0.379998 7.62192
7.25633 -0.253397 7.70387
7.25964 -0.126718 7.70387

7.34054 0 8.4037
7.33942 0.12811 8.38159
7.33607 0.256181 8.38159
7.33048 0.384174 8.31378
7.32266 0.51205 8.31378
7.3126 0.63977 8.19232
7.30033 0.767295 8.00214
7.28582 0.894587 8.00214
7.2691 1.02161 7.71842
7.25016 1.14831 7.30465
7.22902 1.27467 7.30465
7.20567 1.40064 6.71776
7.18013 1.52618 6.71776
7.1524 1.65126 5.94902
7.12249 1.77584 5.08259
7.09042 1.89987 5.08259
7.05618 2.02333 4.19914
7.01979 2.14617 4.19914
6.98127 2.26835 3.33201
6.94061 2.38985 2.48652
6.89785 2.51061 2.48652
6.85298 2.63061 1.65652
6.80603 2.74981 0.831842
6.757 2.86818 0.831842
6.70592 2.98567 0.0011522
6.65279 3.10225 0.0011522
6.59763 3.21788 -0.846895
6.54047 3.33253 -1.72219
6.48131 3.44617 -1.72219
6.42018 3.55876 -2.62921
6.35709 3.67027 -3.55604
6.29207 3.78066 -3.55604
6.22513 3.88989 -4.45149
6.15629 3.99794 -4.45149
6.08558 4.10478 -5.22067
6.01302 4.21036 -5.79796
5.93862 4.31466 -5.79796
5.86241 4.41765 -6.19775
5.78442 4.51929 -6.19775
5.70467 4.61955 -6.46697
5.62318 4.71841 -6.6437
5.53997 4.81583 -6.6437
5.45508 4.91178 -6.75227
5.36853 5.00623 -6.80665
5.28034 5.09917 -6.80665
5.19054 5.19054 -6.81357
5.09917 5.28034 -6.81357
5.00623 5.36853 -6.77416
4.91178 5.45508 -6.68424
4.81583 5.53997 -6.68424
4.71841 5.62318 -6.53338
4.61955 5.70467 -6.53338
4.51929 5.78442 -6.30264
4.41765 5.86241 -5.96126
4.31466 5.93862 -5.96126
4.21036 6.01302 -5.46539
4.10478 6.08558 -4.77206
3.99794 6.15629 -4.77206
3.88989 6.22513 -3.90563
3.78066 6.29207 -3.90563
3.67027 6.35709 -2.9745
3.55876 6.42018 -2.0493
3.44617 6.48131 -2.0493
3.33253 6.54047 -1.15479
3.21788 6.59763 -1.15479
3.10225 6.65279 -0.293112
2.98567 6.70592 0.542465
2.86818 6.757 0.542465
2.74981 6.80603 1.36161
2.63061 6.85298 2.17462
2.51061 6.89785 2.17462
2.38985 6.94061 2.99132
2.26835 6.98127 2.99132
2.14617 7.01979 3.81942
2.02333 7.05618 4.6604
1.89987 7.09042 4.6604
1.77584 7.12249 5.49931
1.65126 7.1524 5.49931
1.52618 7.18013 6.28761
1.40064 7.20567 6.94602
1.27467 7.22902 6.94602
1.14831 7.25016 7.43275
1.02161 7.2691 7.7804
0.894587 7.28582 7.7804
0.767295 7.30033 8.03041
0.63977 7.3126 8.03041
0.51205 7.32266 8.21315
0.384174 7.33048 8.34817
0.256181 7.33607 8.34817
0.12811 7.33942 8.44759
4.49478e-16 7.34054 8.51865
-0.12811 7.33942 8.51865
-0.256181 7.33607 8.56519
-0.384174 7.33048 8.56519
-0.51205 7.32266 8.58829
-0.63977 7.3126 8.58627
-0.767295 7.30033 8.58627
-0.894587 7.28582 8.5541
-1.02161 7.2691 8.5541
-1.14831 7.25016 8.48265
-1.27467 7.22902 8.3599
-1.40064 7.20567 8.3599
-1.52618 7.18013 8.18039
-1.65126 7.1524 7.96673
-1.77584 7.12249 7.96673
-1.89987 7.09042 7.75412
-2.02333 7.05618 7.75412
-2.14617 7.01979 7.56449
-2.26835 6.98127 7.4055
-2.38985 6.94061 7.4055
-2.51061 6.89785 7.27814
-2.63061 6.85298 7.27814
-2.74981 6.80603 7.18127
-2.86818 6.757 7.11359
-2.98567 6.70592 7.11359
-3.10225 6.65279 7.07421
-3.21788 6.59763 7.06271
-3.33253 6.54047 7.06271
-3.44617 6.48131 7.07871
-3.55876 6.42018 7.07871
-3.67027 6.35709 7.12065
-3.78066 6.29207 7.18302
-3.88989 6.22513 7.18302
-3.99794 6.15629 7.25092
-4.10478 6.08558 7.25092
-4.21036 6.01302 7.29743
-4.31466 5.93862 7.31793
-4.41765 5.86241 7.31793
-4.51929 5.78442 7.31657
-4.61955 5.70467 7.29762
-4.71841 5.62318 7.29762
-4.81583 5.53997 7.26347
-4.91178 5.45508 7.26347
-5.00623 5.36853 7.21463
-5.09917 5.28034 7.14991
-5.19054 5.19054 7.14991
-5.28034 5.09917 7.06643
-5.36853 5.00623 7.06643
-5.45508 4.91178 6.95922
-5.53997 4.81583 6.82026
-5.62318 4.71841 6.82026
-5.70467 4.61955 6.63694
-5.78442 4.51929 6.3897
-5.86241 4.41765 6.3897
-5.93862 4.31466 6.05033
-6.01302 4.21036 6.05033
-6.08558 4.10478 5.5846
-6.15629 3.99794 4.97898
-6.22513 3.88989 4.97898
-6.29207 3.78066 4.27583
-6.35709 3.67027 3.5384
-6.42018 3.55876 3.5384
-6.48131 3.44617 2.80031
-6.54047 3.33253 2.80031
-6.59763 3.21788 2.06955
-6.65279 3.10225 1.34265
-6.70592 2.98567 1.34265
-6.757 2.86818 0.611966
-6.80603 2.74981 0.611966
-6.85298 2.63061 -0.131631
-6.89785 2.51061 -0.897649
-6.94061 2.38985 -0.897649
-6.98127 2.26835 -1.69492
-7.01979 2.14617 -2.52881
-7.05618 2.02333 -2.52881
-7.09042 1.89987 -3.39349
-7.12249 1.77584 -3.39349
-7.1524 1.65126 -4.25356
-7.18013 1.52618 -5.01725
-7.20567 1.40064 -5.01725
-7.22902 1.27467 -5.60433
-7.25016 1.14831 -5.60433
-7.2691 1.02161 -6.01761
-7.28582 0.894587 -6.29898
-7.30033 0.767295 -6.29898
-7.3126 0.63977 -6.48647
-7.32266 0.51205 -6.60549
-7.33048 0.384174 -6.60549
-7.33607 0.256181 -6.67116
-7.33942 0.12811 -6.67116
-7.34054 8.98957e-16 -6.69129
-7.33942 -0.12811 -6.66827
-7.33607 -0.256181 -6.66827
-7.33048 -0.384174 -6.59948
-7.32266 -0.51205 -6.59948
-7.3126 -0.63977 -6.47683
-7.30033 -0.767295 -6.28501
-7.28582 -0.894587 -6.28501
-7.2691 -1.02161 -5.99882
-7.25016 -1.14831 -5.58123
-7.22902 -1.27467 -5.58123
-7.20567 -1.40064 -4.98889
-7.18013 -1.52618 -4.98889
-7.1524 -1.65126 -4.21473
-7.12249 -1.77584 -3.34811
-7.09042 -1.89987 -3.34811
-7.05618 -2.02333 -2.47441
-7.01979 -2.14617 -2.47441
-6.98127 -2.26835 -1.62945
-6.94061 -2.38985 -0.819993
-6.89785 -2.51061 -0.819993
-6.85298 -2.63061 -0.0410559
-6.80603 -2.74981 0.716162
-6.757 -2.86818 0.716162
-6.70592 -2.98567 1.46131
-6.65279 -3.10225 1.46131
-6.59763 -3.21788 2.20371
-6.54047 -3.33253 2.95132
-6.48131 -3.44617 2.95132
-6.42018 -3.55876 3.70784
-6.35709 -3.67027 3.70784
-6.29207 -3.78066 4.46516
-6.22513 -3.88989 5.18735
-6.15629 -3.99794 5.18735
-6.08558 -4.10478 5.80814
-6.01302 -4.21036 6.28338
-5.93862 -4.31466 6.28338
-5.86241 -4.41765 6.62677
-5.78442 -4.51929 6.62677
-5.70467 -4.61955 6.87509
-5.62318 -4.71841 7.0583
-5.53997 -4.81583 7.0583
-5.45508 -4.91178 7.19631
-5.36853 -5.00623 7.30171
-5.28034 -5.09917 7.30171
-5.19054 -5.19054 7.38235
-5.09917 -5.28034 7.38235
-5.00623 -5.36853 7.44298
-4.91178 -5.45508 7.4861
-4.81583 -5.53997 7.4861
-4.71841 -5.62318 7.51231
-4.61955 -5.70467 7.51231
-4.51929 -5.78442 7.52017
-4.41765 -5.86241 7.50591
-4.31466 -5.93862 7.50591
-4.21036 -6.01302 7.46352
-4.10478 -6.08558 7.388
-3.99794 -6.15629 7.388
-3.88989 -6.22513 7.28906
-3.78066 -6.29207 7.28906
-3.67027 -6.35709 7.1932
-3.55876 -6.42018 7.1173
-3.44617 -6.48131 7.1173
-3.33253 -6.54047 7.06782
-3.21788 -6.59763 7.06782
-3.10225 -6.65279 7.04639
-2.98567 -6.70592 7.05317
-2.86818 -6.757 7.05317
-2.74981 -6.80603 7.08822
-2.63061 -6.85298 7.15204
-2.51061 -6.89785 7.15204
-2.38985 -6.94061 7.24556
-2.26835 -6.98127 7.24556
-2.14617 -7.01979 7.36961
-2.02333 -7.05618 7.52325
-1.89987 -7.09042 7.52325
-1.77584 -7.12249 7.69956
-1.65126 -7.1524 7.69956
-1.52618 -7.18013 7.87846
-1.40064 -7.20567 8.02676
-1.27467 -7.22902 8.02676
-1.14831 -7.25016 8.12374
-1.02161 -7.2691 8.1762
-0.894587 -7.28582 8.1762
-0.767295 -7.30033 8.19504
-0.63977 -7.3126 8.19504
-0.51205 -7.32266 8.18779
-0.384174 -7.33048 8.15826
-0.256181 -7.33607 8.15826
-0.12811 -7.33942 8.10737
-1.34843e-15 -7.34054 8.10737
0.12811 -7.33942 8.03355
0.256181 -7.33607 7.93267
0.384174 -7.33048 7.93267
0.51205 -7.32266 7.7973
0.63977 -7.3126 7.61521
0.767295 -7.30033 7.61521
0.894587 -7.28582 7.36691
1.02161 -7.2691 7.36691
1.14831 -7.25016 7.02279
1.27467 -7.22902 6.54487
1.40064 -7.20567 6.54487
1.52618 -7.18013 5.90742
1.65126 -7.1524 5.14927
1.77584 -7.12249 5.14927
1.89987 -7.09042 4.34228
2.02333 -7.05618 4.34228
2.14617 -7.01979 3.53186
2.26835 -6.98127 2.73229
2.38985 -6.94061 2.73229
2.51061 -6.89785 1.94218
2.63061 -6.85298 1.94218
2.74981 -6.80603 1.15411
2.86818 -6.757 0.358578
2.98567 -6.70592 0.358578
3.10225 -6.65279 -0.454421
3.21788 -6.59763 -1.29431
3.33253 -6.54047 -1.29431
3.44617 -6.48131 -2.16766
3.55876 -6.42018 -2.16766
3.67027 -6.35709 -3.07253
3.78066 -6.29207 -3.98499
3.88989 -6.22513 -3.98499
3.99794 -6.15629 -4.83386
4.10478 -6.08558 -4.83386
4.21036 -6.01302 -5.49284
4.31466 -5.93862 -5.96036
4.41765 -5.86241 -5.96036
4.51929 -5.78442 -6.28142
4.61955 -5.70467 -6.4979
4.71841 -5.62318 -6.4979
4.81583 -5.53997 -6.63856
4.91178 -5.45508 -6.63856
5.00623 -5.36853 -6.72093
5.09917 -5.28034 -6.75454
5.19054 -5.19054 -6.75454
5.28034 -5.09917 -6.74292
5.36853 -5.00623 -6.74292
5.45508 -4.91178 -6.6845
5.53997 -4.81583 -6.57212
5.62318 -4.71841 -6.57212
5.70467 -4.61955 -6.39141
5.78442 -4.51929 -6.11798
5.86241 -4.41765 -6.11798
5.93862 -4.31466 -5.7153
6.01302 -4.21036 -5.7153
6.08558 -4.10478 -5.13904
6.15629 -3.99794 -4.37516
6.22513 -3.88989 -4.37516
6.29207 -3.78066 -3.48841
6.35709 -3.67027 -3.48841
6.42018 -3.55876 -2.57126
6.48131 -3.44617 -1.67263
6.54047 -3.33253 -1.67263
6.59763 -3.21788 -0.804523
6.65279 -3.10225 0.0371909
6.70592 -2.98567 0.0371909
6.757 -2.86818 0.862179
6.80603 -2.74981 0.862179
6.85298 -2.63061 1.68164
6.89785 -2.51061 2.50686
6.94061 -2.38985 2.50686
6.98127 -2.26835 3.3481
7.01979 -2.14617 4.21192
7.05618 -2.02333 4.21192
7.09042 -1.89987 5.09385
7.12249 -1.77584 5.09385
7.1524 -1.65126 5.9608
7.18013 -1.52618 6.72555
7.20567 -1.40064 6.72555
7.22902 -1.27467 7.31233
7.25016 -1.14831 7.31233
7.2691 -1.02161 7.72573
7.28582 -0.894587 8.00772
7.30033 -0.767295 8.00772
7.3126 -0.63977 8.19608
7.32266 -0.51205 8.31605
7.33048 -0.384174 8.31605
7.33607 -0.256181 8.38265
7.33942 -0.12811 8.38265

7.42033 0 8.4037
7.4192 0.129503 8.38159
7.41581 0.258966 8.38159
7.41016 0.38835 8.31378
7.40225 0.517616 8.31378
7.39209 0.646724 8.19232
7.37968 0.775635 8.00214
7.36502 0.90431 8.00214
7.34811 1.03271 7.71842
7.32897 1.16079 7.30465
7.30759 1.28853 7.30465
7.28399 1.41587 6.71776
7.25817 1.54277 6.71776
7.23014 1.66921 5.94902
7.19991 1.79514 5.08259
7.16748 1.92052 5.08259
7.13288 2.04532 4.19914
7.09609 2.16949 4.19914
7.05715 2.29301 3.33201
7.01606 2.41582 2.48652
6.97283 2.5379 2.48652
6.92747 2.65921 1.65652
6.88001 2.7797 0.831842
6.83045 2.89935 0.831842
6.77881 3.01812 0.0011522
6.7251 3.13597 0.0011522
6.66935 3.25286 -0.846895
6.61156 3.36876 -1.72219
6.55176 3.48363 -1.72219
6.48996 3.59745 -2.62921
6.42619 3.71016 -3.55604
6.36046 3.82175 -3.55604
6.29279 3.93217 -4.45149
6.22321 4.0414 -4.45149
6.15173 4.14939 -5.22067
6.07838 4.25612 -5.79796
6.00317 4.36156 -5.79796
5.92614 4.46566 -6.19775
5.8473 4.56841 -6.19775
5.76668 4.66976 -6.46697
5.6843 4.76969 -6.6437
5.60019 4.86817 -6.6437
5.51438 4.96517 -6.75227
5.42688 5.06065 -6.80665
5.33774 5.15459 -6.80665
5.24696 5.24696 -6.81357
5.15459 5.33774 -6.81357
5.06065 5.42688 -6.77416
4.96517 5.51438 -6.68424
4.86817 5.60019 -6.68424
4.76969 5.6843 -6.53338
4.66976 5.76668 -6.53338
4.56841 5.8473 -6.30264
4.46566 5.92614 -5.96126
4.36156 6.00317 -5.96126
4.25612 6.07838 -5.46539
4.14939 6.15173 -4.77206
4.0414 6.22321 -4.77206
3.93217 6.29279 -3.90563
3.82175 6.36046 -3.90563
3.71016 6.42619 -2.9745
3.59745 6.48996 -2.0493
3.48363 6.55176 -2.0493
3.36876 6.61156 -1.15479
3.25286 6.66935 -1.15479
3.13597 6.7251 -0.293112
3.01812 6.77881 0.542465
2.89935 6.83045 0.542465
2.7797 6.88001 1.36161
2.65921 6.92747 2.17462
2.5379 6.97283 2.17462
2.41582 7.01606 2.99132
2.29301 7.05715 2.99132
2.16949 7.09609 3.81942
2.04532 7.13288 4.6604
1.92052 7.16748 4.6604
1.79514 7.19991 5.49931
1.66921 7.23014 5.49931
1.54277 7.25817 6.28761
1.41587 7.28399 6.94602
1.28853 7.30759 6.94602
1.16079 7.32897 7.43275
1.03271 7.34811 7.7804
0.90431 7.36502 7.7804
0.775635 7.37968 8.03041
0.646724 7.39209 8.03041
0.517616 7.40225 8.21315
0.38835 7.41016 8.34817
0.258966 7.41581 8.34817
0.129503 7.4192 8.44759
4.54364e-16 7.42033 8.51865
-0.129503 7.4192 8.51865
-0.258966 7.41581 8.56519
-0.38835 7.41016 8.56519
-0.517616 7.40225 8.58829
-0.646724 7.39209 8.58627
-0.775635 7.37968 8.58627
-0.90431 7.36502 8.5541
-1.03271 7.34811 8.5541
-1.16079 7.32897 8.48265
-1.28853 7.30759 8.3599
-1.41587 7.28399 8.3599
-1.54277 7.25817 8.18039
-1.66921 7.23014 7.96673
-1.79514 7.19991 7.96673
-1.92052 7.16748 7.75412
-2.04532 7.13288 7.75412
-2.16949 7.09609 7.56449
-2.29301 7.05715 7.4055
-2.41582 7.01606 7.4055
-2.5379 6.97283 7.27814
-2.65921 6.92747 7.27814
-2.7797 6.88001 7.18127
-2.89935 6.83045 7.11359
-3.01812 6.77881 7.11359
-3.13597 6.7251 7.07421
-3.25286 6.66935 7.06271
-3.36876 6.61156 7.06271
-3.48363 6.55176 7.07871
-3.59745 6.48996 7.07871
-3.71016 6.42619 7.12065
-3.82175 6.36046 7.18302
-3.93217 6.29279 7.18302
-4.0414 6.22321 7.25092
-4.14939 6.15173 7.25092
-4.25612 6.07838 7.29743
-4.36156 6.00317 7.31793
-4.46566 5.92614 7.31793
-4.56841 5.8473 7.31657
-4.66976 5.76668 7.29762
-4.76969 5.6843 7.29762
-4.86817 5.60019 7.26347
-4.96517 5.51438 7.26347
-5.06065 5.42688 7.21463
-5.15459 5.33774 7.14991
-5.24696 5.24696 7.14991
-5.33774 5.15459 7.06643
-5.42688 5.06065 7.06643
-5.51438 4.96517 6.95922
-5.60019 4.86817 6.82026
-5.6843 4.76969 6.82026
-5.76668 4.66976 6.63694
-5.8473 4.56841 6.3897
-5.92614 4.46566 6.3897
-6.00317 4.36156 6.05033
-6.07838 4.25612 6.05033
-6.15173 4.14939 5.5846
-6.22321 4.0414 4.97898
-6.29279 3.93217 4.97898
-6.36046 3.82175 4.27583
-6.42619 3.71016 3.5384
-6.48996 3.59745 3.5384
-6.55176 3.48363 2.80031
-6.61156 3.36876 2.80031
-6.66935 3.25286 2.06955
-6.7251 3.13597 1.34265
-6.77881 3.01812 1.34265
-6.83045 2.89935 0.611966
-6.88001 2.7797 0.611966
-6.92747 2.65921 -0.131631
-6.97283 2.5379 -0.897649
-7.01606 2.41582 -0.897649
-7.05715 2.29301 -1.69492
-7.09609 2.16949 -2.52881
-7.13288 2.04532 -2.52881
-7.16748 1.92052 -3.39349
-7.19991 1.79514 -3.39349
-7.23014 1.66921 -4.25356
-7.25817 1.54277 -5.01725
-7.28399 1.41587 -5.01725
-7.30759 1.28853 -5.60433
-7.32897 1.16079 -5.60433
-7.34811 1.03271 -6.01761
-7.36502 0.90431 -6.29898
-7.37968 0.775635 -6.29898
-7.39209 0.646724 -6.48647
-7.40225 0.517616 -6.60549
-7.41016 0.38835 -6.60549
-7.41581 0.258966 -6.67116
-7.4192 0.129503 -6.67116
-7.42033 9.08728e-16 -6.69129
-7.4192 -0.129503 -6.66827
-7.41581 -0.258966 -6.66827
-7.41016 -0.38835 -6.59948
-7.40225 -0.517616 -6.59948
-7.39209 -0.646724 -6.47683
-7.37968 -0.775635 -6.28501
-7.36502 -0.90431 -6.28501
-7.34811 -1.03271 -5.99882
-7.32897 -1.16079 -5.58123
-7.30759 -1.28853 -5.58123
-7.28399 -1.41587 -4.98889
-7.25817 -1.54277 -4.98889
-7.23014 -1.66921 -4.21473
-7.19991 -1.79514 -3.34811
-7.16748 -1.92052 -3.34811
-7.13288 -2.04532 -2.47441
-7.09609 -2.16949 -2.47441
-7.05715 -2.29301 -1.62945
-7.01606 -2.41582 -0.819993
-6.97283 -2.5379 -0.819993
-6.92747 -2.65921 -0.0410559
-6.88001 -2.7797 0.716162
-6.83045 -2.89935 0.716162
-6.77881 -3.01812 1.46131
-6.7251 -3.13597 1.46131
-6.66935 -3.25286 2.20371
-6.61156 -3.36876 2.95132
-6.55176 -3.48363 2.95132
-6.48996 -3.59745 3.70784
-6.42619 -3.71016 3.70784
-6.36046 -3.82175 4.46516
-6.29279 -3.93217 5.18735
-6.22321 -4.0414 5.18735
-6.15173 -4.14939 5.80814
-6.07838 -4.25612 6.28338
-6.00317 -4.36156 6.28338
-5.92614 -4.46566 6.62677
-5.8473 -4.56841 6.62677
-5.76668 -4.66976 6.87509
-5.6843 -4.76969 7.0583
-5.60019 -4.86817 7.0583
-5.51438 -4.96517 7.19631
-5.42688 -5.06065 7.30171
-5.33774 -5.15459 7.30171
-5.24696 -5.24696 7.38235
-5.15459 -5.33774 7.38235
-5.06065 -5.42688 7.44298
-4.96517 -5.51438 7.4861
-4.86817 -5.60019 7.4861
-4.76969 -5.6843 7.51231
-4.66976 -5.76668 7.51231
-4.56841 -5.8473 7.52017
-4.46566 -5.92614 7.50591
-4.36156 -6.00317 7.50591
-4.25612 -6.07838 7.46352
-4.14939 -6.15173 7.388
-4.0414 -6.22321 7.388
-3.93217 -6.29279 7.28906
-3.82175 -6.36046 7.28906
-3.71016 -6.42619 7.1932
-3.59745 -6.48996 7.1173
-3.48363 -6.55176 7.1173
-3.36876 -6.61156 7.06782
-3.25286 -6.66935 7.06782
-3.13597 -6.7251 7.04639
-3.01812 -6.77881 7.05317
-2.89935 -6.83045 7.05317
-2.7797 -6.88001 7.08822
-2.65921 -6.92747 7.15204
-2.5379 -6.97283 7.15204
-2.41582 -7.01606 7.24556
-2.29301 -7.05715 7.24556
-2.16949 -7.09609 7.36961
-2.04532 -7.13288 7.52325
-1.92052 -7.16748 7.52325
-1.79514 -7.19991 7.69956
-1.66921 -7.23014 7.69956
-1.54277 -7.25817 7.87846
-1.41587 -7.28399 8.02676
-1.28853 -7.30759 8.02676
-1.16079 -7.32897 8.12374
-1.03271 -7.34811 8.1762
-0.90431 -7.36502 8.1762
-0.775635 -7.37968 8.19504
-0.646724 -7.39209 8.19504
-0.517616 -7.40225 8.18779
-0.38835 -7.41016 8.15826
-0.258966 -7.41581 8.15826
-0.129503 -7.4192 8.10737
-1.36309e-15 -7.42033 8.10737
0.129503 -7.4192 8.03355
0.258966 -7.41581 7.93267
0.38835 -7.41016 7.93267
0.517616 -7.40225 7.7973
0.646724 -7.39209 7.61521
0.775635 -7.37968 7.61521
0.90431 -7.36502 7.36691
1.03271 -7.34811 7.36691
1.16079 -7.32897 7.02279
1.28853 -7.30759 6.54487
1.41587 -7.28399 6.54487
1.54277 -7.25817 5.90742
1.66921 -7.23014 5.14927
1.79514 -7.19991 5.14927
1.92052 -7.16748 4.34228
2.04532 -7.13288 4.34228
2.16949 -7.09609 3.53186
2.29301 -7.05715 2.73229
2.41582 -7.01606 2.73229
2.5379 -6.97283 1.94218
2.65921 -6.92747 1.94218
2.7797 -6.88001 1.15411
2.89935 -6.83045 0.358578
3.01812 -6.77881 0.358578
3.13597 -6.7251 -0.454421
3.25286 -6.66935 -1.29431
3.36876 -6.61156 -1.29431
3.48363 -6.55176 -2.16766
3.59745 -6.48996 -2.16766
3.71016 -6.42619 -3.07253
3.82175 -6.36046 -3.98499
3.93217 -6.29279 -3.98499
4.0414 -6.22321 -4.83386
4.14939 -6.15173 -4.83386
4.25612 -6.07838 -5.49284
4.36156 -6.00317 -5.96036
4.46566 -5.92614 -5.96036
4.56841 -5.8473 -6.28142
4.66976 -5.76668 -6.4979
4.76969 -5.6843 -6.4979
4.86817 -5.60019 -6.63856
4.96517 -5.51438 -6.63856
5.06065 -5.42688 -6.72093
5.15459 -5.33774 -6.75454
5.24696 -5.24696 -6.75454
5.33774 -5.15459 -6.74292
5.42688 -5.06065 -6.74292
5.51438 -4.96517 -6.6845
5.60019 -4.86817 -6.57212
5.6843 -4.76969 -6.57212
5.76668 -4.66976 -6.39141
5.8473 -4.56841 -6.11798
5.92614 -4.46566 -6.11798
6.00317 -4.36156 -5.7153
6.07838 -4.25612 -5.7153
6.15173 -4.14939 -5.13904
6.22321 -4.0414 -4.37516
6.29279 -3.93217 -4.37516
6.36046 -3.82175 -3.48841
6.42619 -3.71016 -3.48841
6.48996 -3.59745 -2.57126
6.55176 -3.48363 -1.67263
6.61156 -3.36876 -1.67263
6.66935 -3.25286 -0.804523
6.7251 -3.13597 0.0371909
6.77881 -3.01812 0.0371909
6.83045 -2.89935 0.862179
6.88001 -2.7797 0.862179
6.92747 -2.65921 1.68164
6.97283 -2.5379 2.50686
7.01606 -2.41582 2.50686
7.05715 -2.29301 3.3481
7.09609 -2.16949 4.21192
7.13288 -2.04532 4.21192
7.16748 -1.92052 5.09385
7.19991 -1.79514 5.09385
7.23014 -1.66921 5.9608
7.25817 -1.54277 6.72555
7.28399 -1.41587 6.72555
7.30759 -1.28853 7.31233
7.32897 -1.16079 7.31233
7.34811 -1.03271 7.72573
7.36502 -0.90431 8.00772
7.37968 -0.775635 8.00772
7.39209 -0.646724 8.19608
7.40225 -0.517616 8.31605
7.41016 -0.38835 8.31605
7.41581 -0.258966 8.38265
7.4192 -0.129503 8.38265

7.50011 0 9.09812
7.49897 0.130895 9.08271
7.49555 0.26175 9.08271
7.48984 0.392526 9.03522
7.48184 0.523182 8.9488
7.47157 0.653678 8.9488
7.45903 0.783975 8.80934
7.44421 0.914034 8.80934
7.42712 1.04381 8.59003
7.40778 1.17328 8.24384
7.38617 1.30238 8.24384
7.36232 1.43109 7.68342
7.33622 1.55936 6.78187
7.30789 1.68716 6.78187
7.27733 1.81444 5.73364
7.24455 1.94117 4.71401
7.20957 2.06731 4.71401
7.1724 2.19282 3.75768
7.13303 2.31766 3.75768
7.0915 2.4418 2.85481
7.0478 2.56519 1.987
7.00196 2.6878 1.987
6.95399 2.80959 1.13592
6.90389 2.93053 0.284213
6.8517 3.05057 0.284213
6.79741 3.16969 -0.585423
6.74106 3.28783 -0.585423
6.68265 3.40498 -1.49145
6.62221 3.52109 -2.45404
6.55975 3.63613 -2.45404
6.49529 3.75006 -3.4919
6.42885 3.86284 -4.60182
6.36046 3.97446 -4.60182
6.29013 4.08486 -5.66743
6.21788 4.19401 -6.45316
6.14373 4.30189 -6.45316
6.06772 4.40846 -6.92744
5.98986 4.51368 -6.92744
5.91017 4.61753 -7.21586
5.82868 4.71998 -7.39653
5.74542 4.82098 -7.39653
5.66041 4.92052 -7.50962
5.57367 5.01856 -7.57567
5.48524 5.11507 -7.57567
5.39513 5.21002 -7.60499
5.30338 5.30338 -7.60185
5.21002 5.39513 -7.60185
5.11507 5.48524 -7.56604
5.01856 5.57367 -7.56604
4.92052 5.66041 -7.49286
4.82098 5.74542 -7.37139
4.71998 5.82868 -7.37139
4.61753 5.91017 -7.18025
4.51368 5.98986 -6.87858
4.40846 6.06772 -6.87858
4.30189 6.14373 -6.38947
4.19401 6.21788 -6.38947
4.08486 6.29013 -5.58555
3.97446 6.36046 -4.49332
3.86284 6.42885 -4.49332
3.75006 6.49529 -3.38347
3.63613 6.55975 -2.34376
3.52109 6.62221 -2.34376
3.40498 6.68265 -1.37849
3.28783 6.74106 -0.47195
3.16969 6.79741 -0.47195
3.05057 6.8517 0.394112
2.93053 6.90389 0.394112
2.80959 6.95399 1.23676
2.6878 7.00196 2.07189
2.56519 7.0478 2.07189
2.4418 7.0915 2.9152
2.31766 7.13303 3.78298
2.19282 7.1724 3.78298
2.06731 7.20957 4.69135
1.94117 7.24455 5.64873
1.81444 7.27733 5.64873
1.68716 7.30789 6.62453
1.55936 7.33622 6.62453
1.43109 7.36232 7.46686
1.30238 7.38617 8.00408
1.17328 7.40778 8.00408
1.04381 7.42712 8.33922
0.914034 7.44421 8.55924
0.783975 7.45903 8.55924
0.653678 7.47157 8.71128
0.523182 7.48184 8.71128
0.392526 7.48984 8.82012
0.26175 7.49555 8.89928
0.130895 7.49897 8.89928
4.5925e-16 7.50011 8.95627
-0.130895 7.49897 8.99518
-0.26175 7.49555 8.99518
-0.392526 7.48984 9.0176
-0.523182 7.48184 9.02292
-0.653678 7.47157 9.02292
-0.783975 7.45903 9.00756
-0.914034 7.44421 9.00756
-1.04381 7.42712 8.96307
-1.17328 7.40778 8.87201
-1.30238 7.38617 8.87201
-1.43109 7.36232 8.70428
-1.55936 7.33622 8.43541
-1.68716 7.30789 8.43541
-1.81444 7.27733 8.13675
-1.94117 7.24455 7.87138
-2.06731 7.20957 7.87138
-2.19282 7.1724 7.6537
-2.31766 7.13303 7.6537
-2.4418 7.0915 7.48092
-2.56519 7.0478 7.34775
-2.6878 7.00196 7.34775
-2.80959 6.95399 7.24994
-2.93053 6.90389 7.1849
-3.05057 6.8517 7.1849
-3.16969 6.79741 7.15161
-3.28783 6.74106 7.15161
-3.40498 6.68265 7.1505
-3.52109 6.62221 7.18326
-3.63613 6.55975 7.18326
-3.75006 6.49529 7.252
-3.86284 6.42885 7.35629
-3.97446 6.36046 7.35629
-4.08486 6.29013 7.48323
-4.19401 6.21788 7.56089
-4.30189 6.14373 7.56089
-4.40846 6.06772 7.5966
-4.51368 5.98986 7.5966
-4.61753 5.91017 7.60638
-4.71998 5.82868 7.59959
-4.82098 5.74542 7.59959
-4.92052 5.66041 7.58066
-5.01856 5.57367 7.55116
-5.11507 5.48524 7.55116
-5.21002 5.39513 7.51091
-5.30338 5.30338 7.45828
-5.39513 5.21002 7.45828
-5.48524 5.11507 7.39007
-5.57367 5.01856 7.39007
-5.66041 4.92052 7.30071
-5.74542 4.82098 7.18068
-5.82868 4.71998 7.18068
-5.91017 4.61753 7.01302
-5.98986 4.51368 6.76668
-6.06772 4.40846 6.76668
-6.14373 4.30189 6.39057
-6.21788 4.19401 6.39057
-6.29013 4.08486 5.79355
-6.36046 3.97446 4.98965
-6.42885 3.86284 4.98965
-6.49529 3.75006 4.14367
-6.55975 3.63613 3.3287
-6.62221 3.52109 3.3287
-6.68265 3.40498 2.54915
-6.74106 3.28783 1.79274
-6.79741 3.16969 1.79274
-6.8517 3.05057 1.04506
-6.90389 2.93053 1.04506
-6.95399 2.80959 0.292055
-7.00196 2.6878 -0.480382
-7.0478 2.56519 -0.480382
-7.0915 2.4418 -1.28739
-7.13303 2.31766 -2.14602
-7.1724 2.19282 -2.14602
-7.20957 2.06731 -3.07461
-7.24455 1.94117 -4.08529
-7.27733 1.81444 -4.08529
-7.30789 1.68716 -5.14732
-7.33622 1.55936 -5.14732
-7.36232 1.43109 -6.03908
-7.38617 1.30238 -6.61339
-7.40778 1.17328 -6.61339
-7.42712 1.04381 -6.96088
-7.44421 0.914034 -7.17706
-7.45903 0.783975 -7.17706
-7.47157 0.653678 -7.31395
-7.48184 0.523182 -7.31395
-7.48984 0.392526 -7.39843
-7.49555 0.26175 -7.44435
-7.49897 0.130895 -7.44435
-7.50011 9.18499e-16 -7.45833
-7.49897 -0.130895 -7.44229
-7.49555 -0.26175 -7.44229
-7.48984 -0.392526 -7.39407
-7.48184 -0.523182 -7.30667
-7.47157 -0.653678 -7.30667
-7.45903 -0.783975 -7.1657
-7.44421 -0.914034 -7.1657
-7.42712 -1.04381 -6.94379
-7.40778 -1.17328 -6.59276
-7.38617 -1.30238 -6.59276
-7.36232 -1.43109 -6.02308
-7.33622 -1.55936 -5.10583
-7.30789 -1.68716 -5.10583
-7.27733 -1.81444 -4.04575
-7.24455 -1.94117 -4.04575
-7.20957 -2.06731 -3.02681
-7.1724 -2.19282 -2.08606
-7.13303 -2.31766 -2.08606
-7.0915 -2.4418 -1.21429
-7.0478 -2.56519 -0.393761
-7.00196 -2.6878 -0.393761
-6.95399 -2.80959 0.392649
-6.90389 -2.93053 1.16035
-6.8517 -3.05057 1.16035
-6.79741 -3.16969 1.92377
-6.74106 -3.28783 1.92377
-6.68265 -3.40498 2.69741
-6.62221 -3.52109 3.49631
-6.55975 -3.63613 3.49631
-6.49529 -3.75006 4.33384
-6.42885 -3.86284 5.20729
-6.36046 -3.97446 5.20729
-6.29013 -4.08486 6.03379
-6.21788 -4.19401 6.64709
-6.14373 -4.30189 6.64709
-6.06772 -4.40846 7.02902
-5.98986 -4.51368 7.02902
-5.91017 -4.61753 7.27386
-5.82868 -4.71998 7.44047
-5.74542 -4.82098 7.44047
-5.66041 -4.92052 7.55969
-5.57367 -5.01856 7.64804
-5.48524 -5.11507 7.64804
-5.39513 -5.21002 7.71476
-5.30338 -5.30338 7.71476
-5.21002 -5.39513 7.7652
-5.11507 -5.48524 7.80236
-5.01856 -5.57367 7.80236
-4.92052 -5.66041 7.82747
-4.82098 -5.74542 7.84014
-4.71998 -5.82868 7.84014
-4.61753 -5.91017 7.83769
-4.51368 -5.98986 7.81366
-4.40846 -6.06772 7.81366
-4.30189 -6.14373 7.75484
-4.19401 -6.21788 7.75484
-4.08486 -6.29013 7.6393
-3.97446 -6.36046 7.47929
-3.86284 -6.42885 7.47929
-3.75006 -6.49529 7.33643
-3.63613 -6.55975 7.23021
-3.52109 -6.62221 7.23021
-3.40498 -6.68265 7.16181
-3.28783 -6.74106 7.12865
-3.16969 -6.79741 7.12865
-3.05057 -6.8517 7.12842
-2.93053 -6.90389 7.12842
-2.80959 -6.95399 7.16009
-2.6878 -7.00196 7.22408
-2.56519 -7.0478 7.22408
-2.4418 -7.0915 7.32237
-2.31766 -7.13303 7.45854
-2.19282 -7.1724 7.45854
-2.06731 -7.20957 7.63724
-1.94117 -7.24455 7.63724
-1.81444 -7.27733 7.86119
-1.68716 -7.30789 8.11862
-1.55936 -7.33622 8.11862
-1.43109 -7.36232 8.35019
-1.30238 -7.38617 8.48517
-1.17328 -7.40778 8.48517
-1.04381 -7.42712 8.55476
-0.914034 -7.44421 8.58599
-0.783975 -7.45903 8.58599
-0.653678 -7.47157 8.59287
-0.523182 -7.48184 8.59287
-0.392526 -7.48984 8.58193
-0.26175 -7.49555 8.55573
-0.130895 -7.49897 8.55573
-1.37775e-15 -7.50011 8.51435
0.130895 -7.49897 8.45584
0.26175 -7.49555 8.45584
0.392526 -7.48984 8.37591
0.523182 -7.48184 8.2668
0.653678 -7.47157 8.2668
0.783975 -7.45903 8.11463
0.914034 -7.44421 8.11463
1.04381 -7.42712 7.89389
1.17328 -7.40778 7.55671
1.30238 -7.38617 7.55671
1.43109 -7.36232 7.02334
1.55936 -7.33622 6.21722
1.68716 -7.30789 6.21722
1.81444 -7.27733 5.28528
1.94117 -7.24455 5.28528
2.06731 -7.20957 4.36611
2.19282 -7.1724 3.49153
2.31766 -7.13303 3.49153
2.4418 -7.0915 2.65403
2.56519 -7.0478 1.83829
2.6878 -7.00196 1.83829
2.80959 -6.95399 1.02867
2.93053 -6.90389 0.210003
3.05057 -6.8517 0.210003
3.16969 -6.79741 -0.633185
3.28783 -6.74106 -0.633185
3.40498 -6.68265 -1.51758
3.52109 -6.62221 -2.46111
3.63613 -6.55975 -2.46111
3.75006 -6.49529 -3.47947
3.86284 -6.42885 -4.5713
3.97446 -6.36046 -4.5713
4.08486 -6.29013 -5.66786
4.19401 -6.21788 -6.40716
4.30189 -6.14373 -6.40716
4.40846 -6.06772 -6.85974
4.51368 -5.98986 -6.85974
4.61753 -5.91017 -7.14038
4.71998 -5.82868 -7.31863
4.82098 -5.74542 -7.31863
4.92052 -5.66041 -7.43165
5.01856 -5.57367 -7.49892
5.11507 -5.48524 -7.49892
5.21002 -5.39513 -7.53032
5.30338 -5.30338 -7.53032
5.39513 -5.21002 -7.52998
5.48524 -5.11507 -7.49764
5.57367 -5.01856 -7.49764
5.66041 -4.92052 -7.4286
5.74542 -4.82098 -7.31191
5.82868 -4.71998 -7.31191
5.91017 -4.61753 -7.12593
5.98986 -4.51368 -6.82931
6.06772 -4.40846 -6.82931
6.14373 -4.30189 -6.35254
6.21788 -4.19401 -6.35254
6.29013 -4.08486 -5.57229
6.36046 -3.97446 -4.5166
6.42885 -3.86284 -4.5166
6.49529 -3.75006 -3.42321
6.55975 -3.63613 -2.39664
6.62221 -3.52109 -2.39664
6.68265 -3.40498 -1.44272
6.74106 -3.28783 -0.544009
6.79741 -3.16969 -0.544009
6.8517 -3.05057 0.319162
6.90389 -2.93053 0.319162
6.95399 -2.80959 1.16497
7.00196 -2.6878 2.01054
7.0478 -2.56519 2.01054
7.0915 -2.4418 2.87307
7.13303 -2.31766 3.77093
7.1724 -2.19282 3.77093
7.20957 -2.06731 4.72323
7.24455 -1.94117 4.72323
7.27733 -1.81444 5.7426
7.30789 -1.68716 6.80019
7.33622 -1.55936 6.80019
7.36232 -1.43109 7.68375
7.38617 -1.30238 8.25335
7.40778 -1.17328 8.25335
7.42712 -1.04381 8.5991
7.44421 -0.914034 8.81494
7.45903 -0.783975 8.81494
7.47157 -0.653678 8.95209
7.48184 -0.523182 8.95209
7.48984 -0.392526 9.03706
7.49555 -0.26175 9.08354
7.49897 -0.130895 9.08354

7.5799 0 9.09812
7.57875 0.132288 9.08271
7.57529 0.264535 9.08271
7.56952 0.396701 9.03522
7.56144 0.528747 8.9488
7.55106 0.660632 8.9488
7.53838 0.792316 8.80934
7.5234 0.923758 8.80934
7.50614 1.05492 8.59003
7.48658 1.18576 8.24384
7.46475 1.31624 8.24384
7.44064 1.44631 7.68342
7.41426 1.57595 6.78187
7.38563 1.70511 6.78187
7.35475 1.83374 5.73364
7.32162 1.96182 4.71401
7.28627 2.0893 4.71401
7.2487 2.21615 3.75768
7.20892 2.34232 3.75768
7.16694 2.46778 2.85481
7.12278 2.59248 1.987
7.07645 2.71639 1.987
7.02796 2.83948 1.13592
6.97734 2.9617 0.284213
6.92459 3.08302 0.284213
6.86973 3.20341 -0.585423
6.81277 3.32281 -0.585423
6.75374 3.4412 -1.49145
6.69266 3.55855 -2.45404
6.62953 3.67481 -2.45404
6.56439 3.78995 -3.4919
6.49725 3.90394 -4.60182
6.42812 4.01674 -4.60182
6.35704 4.12831 -5.66743
6.28402 4.23863 -6.45316
6.20909 4.34765 -6.45316
6.13227 4.45536 -6.92744
6.05358 4.5617 -6.92744
5.97305 4.66665 -7.21586
5.89069 4.77019 -7.39653
5.80654 4.87227 -7.39653
5.72063 4.97286 -7.50962
5.63297 5.07195 -7.57567
5.54359 5.16948 -7.57567
5.45253 5.26544 -7.60499
5.3598 5.3598 -7.60185
5.26544 5.45253 -7.60185
5.16948 5.54359 -7.56604
5.07195 5.63297 -7.56604
4.97286 5.72063 -7.49286
4.87227 5.80654 -7.37139
4.77019 5.89069 -7.37139
4.66665 5.97305 -7.18025
4.5617 6.05358 -6.87858
4.45536 6.13227 -6.87858
4.34765 6.20909 -6.38947
4.23863 6.28402 -6.38947
4.12831 6.35704 -5.58555
4.01674 6.42812 -4.49332
3.90394 6.49725 -4.49332
3.78995 6.56439 -3.38347
3.67481 6.62953 -2.34376
3.55855 6.69266 -2.34376
3.4412 6.75374 -1.37849
3.32281 6.81277 -0.47195
3.20341 6.86973 -0.47195
3.08302 6.92459 0.394112
2.9617 6.97734 0.394112
2.83948 7.02796 1.23676
2.71639 7.07645 2.07189
2.59248 7.12278 2.07189
2.46778 7.16694 2.9152
2.34232 7.20892 3.78298
2.21615 7.2487 3.78298
2.0893 7.28627 4.69135
1.96182 7.32162 5.64873
1.83374 7.35475 5.64873
1.70511 7.38563 6.62453
1.57595 7.41426 6.62453
1.44631 7.44064 7.46686
1.31624 7.46475 8.00408
1.18576 7.48658 8.00408
1.05492 7.50614 8.33922
0.923758 7.5234 8.55924
0.792316 7.53838 8.55924
0.660632 7.55106 8.71128
0.528747 7.56144 8.71128
0.396701 7.56952 8.82012
0.264535 7.57529 8.89928
0.132288 7.57875 8.89928
4.64135e-16 7.5799 8.95627
-0.132288 7.57875 8.99518
-0.264535 7.57529 8.99518
-0.396701 7.56952 9.0176
-0.528747 7.56144 9.02292
-0.660632 7.55106 9.02292
-0.792316 7.53838 9.00756
-0.923758 7.5234 9.00756
-1.05492 7.50614 8.96307
-1.18576 7.48658 8.87201
-1.31624 7.46475 8.87201
-1.44631 7.44064 8.70428
-1.57595 7.41426 8.43541
-1.70511 7.38563 8.43541
-1.83374 7.35475 8.13675
-1.96182 7.32162 7.87138
-2.0893 7.28627 7.87138
-2.21615 7.2487 7.6537
-2.34232 7.20892 7.6537
-2.46778 7.16694 7.48092
-2.59248 7.12278 7.34775
-2.71639 7.07645 7.34775
-2.83948 7.02796 7.24994
-2.9617 6.97734 7.1849
-3.08302 6.92459 7.1849
-3.20341 6.86973 7.15161
-3.32281 6.81277 7.15161
-3.4412 6.75374 7.1505
-3.55855 6.69266 7.18326
-3.67481 6.62953 7.18326
-3.78995 6.56439 7.252
-3.90394 6.49725 7.35629
-4.01674 6.42812 7.35629
-4.12831 6.35704 7.48323
-4.23863 6.28402 7.56089
-4.34765 6.20909 7.56089
-4.45536 6.13227 7.5966
-4.5617 6.05358 7.5966
-4.66665 5.97305 7.60638
-4.77019 5.89069 7.59959
-4.87227 5.80654 7.59959
-4.97286 5.72063 7.58066
-5.07195 5.63297 7.55116
-5.16948 5.54359 7.55116
-5.26544 5.45253 7.51091
-5.3598 5.3598 7.45828
-5.45253 5.26544 7.45828
-5.54359 5.16948 7.39007
-5.63297 5.07195 7.39007
-5.72063 4.97286 7.30071
-5.80654 4.87227 7.18068
-5.89069 4.77019 7.18068
-5.97305 4.66665 7.01302
-6.05358 4.5617 6.76668
-6.13227 4.45536 6.76668
-6.20909 4.34765 6.39057
-6.28402 4.23863 6.39057
-6.35704 4.12831 5.79355
-6.42812 4.01674 4.98965
-6.49725 3.90394 4.98965
-6.56439 3.78995 4.14367
-6.62953 3.67481 3.3287
-6.69266 3.55855 3.3287
-6.75374 3.4412 2.54915
-6.81277 3.32281 1.79274
-6.86973 3.20341 1.79274
-6.92459 3.08302 1.04506
-6.97734 2.9617 1.04506
-7.02796 2.83948 0.292055
-7.07645 2.71639 -0.480382
-7.12278 2.59248 -0.480382
-7.16694 2.46778 -1.28739
-7.20892 2.34232 -2.14602
-7.2487 2.21615 -2.14602
-7.28627 2.0893 -3.07461
-7.32162 1.96182 -4.08529
-7.35475 1.83374 -4.08529
-7.38563 1.70511 -5.14732
-7.41426 1.57595 -5.14732
-7.44064 1.44631 -6.03908
-7.46475 1.31624 -6.61339
-7.48658 1.18576 -6.61339
-7.50614 1.05492 -6.96088
-7.5234 0.923758 -7.17706
-7.53838 0.792316 -7.17706
-7.55106 0.660632 -7.31395
-7.56144 0.528747 -7.31395
-7.56952 0.396701 -7.39843
-7.57529 0.264535 -7.44435
-7.57875 0.132288 -7.44435
-7.5799 9.2827e-16 -7.45833
-7.57875 -0.132288 -7.44229
-7.57529 -0.264535 -7.44229
-7.56952 -0.396701 -7.39407
-7.56144 -0.528747 -7.30667
-7.55106 -0.660632 -7.30667
-7.53838 -0.792316 -7.1657
-7.5234 -0.923758 -7.1657
-7.50614 -1.05492 -6.94379
-7.48658 -1.18576 -6.59276
-7.46475 -1.31624 -6.59276
-7.44064 -1.44631 -6.02308
-7.41426 -1.57595 -5.10583
-7.38563 -1.70511 -5.10583
-7.35475 -1.83374 -4.04575
-7.32162 -1.96182 -4.04575
-7.28627 -2.0893 -3.02681
-7.2487 -2.21615 -2.08606
-7.20892 -2.34232 -2.08606
-7.16694 -2.46778 -1.21429
-7.12278 -2.59248 -0.393761
-7.07645 -2.71639 -0.393761
-7.02796 -2.83948 0.392649
-6.97734 -2.9617 1.16035
-6.92459 -3.08302 1.16035
-6.86973 -3.20341 1.92377
-6.81277 -3.32281 1.92377
-6.75374 -3.4412 2.69741
-6.69266 -3.55855 3.49631
-6.62953 -3.67481 3.49631
-6.56439 -3.78995 4.33384
-6.49725 -3.90394 5.20729
-6.42812 -4.01674 5.20729
-6.35704 -4.12831 6.03379
-6.28402 -4.23863 6.64709
-6.20909 -4.34765 6.64709
-6.13227 -4.45536 7.02902
-6.05358 -4.5617 7.02902
-5.97305 -4.66665 7.27386
-5.89069 -4.77019 7.44047
-5.80654 -4.87227 7.44047
-5.72063 -4.97286 7.55969
-5.63297 -5.07195 7.64804
-5.54359 -5.16948 7.64804
-5.45253 -5.26544 7.71476
-5.3598 -5.3598 7.71476
-5.26544 -5.45253 7.7652
-5.16948 -5.54359 7.80236
-5.07195 -5.63297 7.80236
-4.97286 -5.72063 7.82747
-4.87227 -5.80654 7.84014
-4.77019 -5.89069 7.84014
-4.66665 -5.97305 7.83769
-4.5617 -6.05358 7.81366
-4.45536 -6.13227 7.81366
-4.34765 -6.20909 7.75484
-4.23863 -6.28402 7.75484
-4.12831 -6.35704 7.6393
-4.01674 -6.42812 7.47929
-3.90394 -6.49725 7.47929
-3.78995 -6.56439 7.33643
-3.67481 -6.62953 7.23021
-3.55855 -6.69266 7.23021
-3.4412 -6.75374 7.16181
-3.32281 -6.81277 7.12865
-3.20341 -6.86973 7.12865
-3.08302 -6.92459 7.12842
-2.9617 -6.97734 7.12842
-2.83948 -7.02796 7.16009
-2.71639 -7.07645 7.22408
-2.59248 -7.12278 7.22408
-2.46778 -7.16694 7.32237
-2.34232 -7.20892 7.45854
-2.21615 -7.2487 7.45854
-2.0893 -7.28627 7.63724
-1.96182 -7.32162 7.63724
-1.83374 -7.35475 7.86119
-1.70511 -7.38563 8.11862
-1.57595 -7.41426 8.11862
-1.44631 -7.44064 8.35019
-1.31624 -7.46475 8.48517
-1.18576 -7.48658 8.48517
-1.05492 -7.50614 8.55476
-0.923758 -7.5234 8.58599
-0.792316 -7.53838 8.58599
-0.660632 -7.55106 8.59287
-0.528747 -7.56144 8.59287
-0.396701 -7.56952 8.58193
-0.264535 -7.57529 8.55573
-0.132288 -7.57875 8.55573
-1.39241e-15 -7.5799 8.51435
0.132288 -7.57875 8.45584
0.264535 -7.57529 8.45584
0.396701 -7.56952 8.37591
0.528747 -7.56144 8.2668
0.660632 -7.55106 8.2668
0.792316 -7.53838 8.11463
0.923758 -7.5234 8.11463
1.05492 -7.50614 7.89389
1.18576 -7.48658 7.55671
1.31624 -7.46475 7.55671
1.44631 -7.44064 7.02334
1.57595 -7.41426 6.21722
1.70511 -7.38563 6.21722
1.83374 -7.35475 5.28528
1.96182 -7.32162 5.28528
2.0893 -7.28627 4.36611
2.21615 -7.2487 3.49153
2.34232 -7.20892 3.49153
2.46778 -7.16694 2.65403
2.59248 -7.12278 1.83829
2.71639 -7.07645 1.83829
2.83948 -7.02796 1.02867
2.9617 -6.97734 0.210003
3.08302 -6.92459 0.210003
3.20341 -6.86973 -0.633185
3.32281 -6.81277 -0.633185
3.4412 -6.75374 -1.51758
3.55855 -6.69266 -2.46111
3.67481 -6.62953 -2.46111
3.78995 -6.56439 -3.47947
3.90394 -6.49725 -4.5713
4.01674 -6.42812 -4.5713
4.12831 -6.35704 -5.66786
4.23863 -6.28402 -6.40716
4.34765 -6.20909 -6.40716
4.45536 -6.13227 -6.85974
4.5617 -6.05358 -6.85974
4.66665 -5.97305 -7.14038
4.77019 -5.89069 -7.31863
4.87227 -5.80654 -7.31863
4.97286 -5.72063 -7.43165
5.07195 -5.63297 -7.49892
5.16948 -5.54359 -7.49892
5.26544 -5.45253 -7.53032
5.3598 -5.3598 -7.53032
5.45253 -5.26544 -7.52998
5.54359 -5.16948 -7.49764
5.63297 -5.07195 -7.49764
5.72063 -4.97286 -7.4286
5.80654 -4.87227 -7.31191
5.89069 -4.77019 -7.31191
5.97305 -4.66665 -7.12593
6.05358 -4.5617 -6.82931
6.13227 -4.45536 -6.82931
6.20909 -4.34765 -6.35254
6.28402 -4.23863 -6.35254
6.35704 -4.12831 -5.57229
6.42812 -4.01674 -4.5166
6.49725 -3.90394 -4.5166
6.56439 -3.78995 -3.42321
6.62953 -3.67481 -2.39664
6.69266 -3.55855 -2.39664
6.75374 -3.4412 -1.44272
6.81277 -3.32281 -0.544009
6.86973 -3.20341 -0.544009
6.92459 -3.08302 0.319162
6.97734 -2.9617 0.319162
7.02796 -2.83948 1.16497
7.07645 -2.71639 2.01054
7.12278 -2.59248 2.01054
7.16694 -2.46778 2.87307
7.20892 -2.34232 3.77093
7.2487 -2.21615 3.77093
7.28627 -2.0893 4.72323
7.32162 -1.96182 4.72323
7.35475 -1.83374 5.7426
7.38563 -1.70511 6.80019
7.41426 -1.57595 6.80019
7.44064 -1.44631 7.68375
7.46475 -1.31624 8.25335
7.48658 -1.18576 8.25335
7.50614 -1.05492 8.5991
7.5234 -0.923758 8.81494
7.53838 -0.792316 8.81494
7.55106 -0.660632 8.95209
7.56144 -0.528747 8.95209
7.56952 -0.396701 9.03706
7.57529 -0.264535 9.08354
7.57875 -0.132288 9.08354

7.65969 0 9.09812
7.65853 0.13368 9.08271
7.65503 0.267319 9.08271
7.64919 0.400877 9.03522
7.64103 0.534313 8.9488
7.63054 0.667586 8.9488
7.61773 0.800656 8.80934
7.6026 0.933482 8.80934
7.58515 1.06602 8.59003
7.56539 1.19824 8.24384
7.54332 1.33009 8.24384
7.51896 1.46154 7.68342
7.49231 1.59254 6.78187
7.46337 1.72306 6.78187
7.43217 1.85305 5.73364
7.39869 1.98247 4.71401
7.36297 2.1113 4.71401
7.325 2.23948 3.75768
7.2848 2.36697 3.75768
7.24238 2.49375 2.85481
7.19776 2.61977 1.987
7.15094 2.74499 1.987
7.10194 2.86937 1.13592
7.05078 2.99288 0.284213
6.99748 3.11548 0.284213
6.94204 3.23713 -0.585423
6.88449 3.35779 -0.585423
6.82484 3.47743 -1.49145
6.76311 3.59601 -2.45404
6.69932 3.71349 -2.45404
6.63349 3.82985 -3.4919
6.56564 3.94503 -4.60182
6.49579 4.05902 -4.60182
6.42396 4.17177 -5.66743
6.35017 4.28325 -6.45316
6.27445 4.39342 -6.45316
6.19682 4.50225 -6.92744
6.1173 4.60972 -6.92744
6.03592 4.71578 -7.21586
5.9527 4.8204 -7.39653
5.86766 4.92355 -7.39653
5.78084 5.02521 -7.50962
5.69226 5.12533 -7.57567
5.60194 5.2239 -7.57567
5.50992 5.32087 -7.60499
5.41622 5.41622 -7.60185
5.32087 5.50992 -7.60185
5.2239 5.60194 -7.56604
5.12533 5.69226 -7.56604
5.02521 5.78084 -7.49286
4.92355 5.86766 -7.37139
4.8204 5.9527 -7.37139
4.71578 6.03592 -7.18025
4.60972 6.1173 -6.87858
4.50225 6.19682 -6.87858
4.39342 6.27445 -6.38947
4.28325 6.35017 -6.38947
4.17177 6.42396 -5.58555
4.05902 6.49579 -4.49332
3.94503 6.56564 -4.49332
3.82985 6.63349 -3.38347
3.71349 6.69932 -2.34376
3.59601 6.76311 -2.34376
3.47743 6.82484 -1.37849
3.35779 6.88449 -0.47195
3.23713 6.94204 -0.47195
3.11548 6.99748 0.394112
2.99288 7.05078 0.394112
2.86937 7.10194 1.23676
2.74499 7.15094 2.07189
2.61977 7.19776 2.07189
2.49375 7.24238 2.9152
2.36697 7.2848 3.78298
2.23948 7.325 3.78298
2.1113 7.36297 4.69135
1.98247 7.39869 5.64873
1.85305 7.43217 5.64873
1.72306 7.46337 6.62453
1.59254 7.49231 6.62453
1.46154 7.51896 7.46686
1.33009 7.54332 8.00408
1.19824 7.56539 8.00408
1.06602 7.58515 8.33922
0.933482 7.6026 8.55924
0.800656 7.61773 8.55924
0.667586 7.63054 8.71128
0.534313 7.64103 8.71128
0.400877 7.64919 8.82012
0.267319 7.65503 8.89928
0.13368 7.65853 8.89928
4.69021e-16 7.65969 8.95627
-0.13368 7.65853 8.99518
-0.267319 7.65503 8.99518
-0.400877 7.64919 9.0176
-0.534313 7.64103 9.02292
-0.667586 7.63054 9.02292
-0.800656 7.61773 9.00756
-0.933482 7.6026 9.00756
-1.06602 7.58515 8.96307
-1.19824 7.56539 8.87201
-1.33009 7.54332 8.87201
-1.46154 7.51896 8.70428
-1.59254 7.49231 8.43541
-1.72306 7.46337 8.43541
-1.85305 7.43217 8.13675
-1.98247 7.39869 7.87138
-2.1113 7.36297 7.87138
-2.23948 7.325 7.6537
-2.36697 7.2848 7.6537
-2.49375 7.24238 7.48092
-2.61977 7.19776 7.34775
-2.74499 7.15094 7.34775
-2.86937 7.10194 7.24994
-2.99288 7.05078 7.1849
-3.11548 6.99748 7.1849
-3.23713 6.94204 7.15161
-3.35779 6.88449 7.15161
-3.47743 6.82484 7.1505
-3.59601 6.76311 7.18326
-3.71349 6.69932 7.18326
-3.82985 6.63349 7.252
-3.94503 6.56564 7.35629
-4.05902 6.49579 7.35629
-4.17177 6.42396 7.48323
-4.28325 6.35017 7.56089
-4.39342 6.27445 7.56089
-4.50225 6.19682 7.5966
-4.60972 6.1173 7.5966
-4.71578 6.03592 7.60638
-4.8204 5.9527 7.59959
-4.92355 5.86766 7.59959
-5.02521 5.78084 7.58066
-5.12533 5.69226 7.55116
-5.2239 5.60194 7.55116
-5.32087 5.50992 7.51091
-5.41622 5.41622 7.45828
-5.50992 5.32087 7.45828
-5.60194 5.2239 7.39007
-5.69226 5.12533 7.39007
-5.78084 5.02521 7.30071
-5.86766 4.92355 7.18068
-5.9527 4.8204 7.18068
-6.03592 4.71578 7.01302
-6.1173 4.60972 6.76668
-6.19682 4.50225 6.76668
-6.27445 4.39342 6.39057
-6.35017 4.28325 6.39057
-6.42396 4.17177 5.79355
-6.49579 4.05902 4.98965
-6.56564 3.94503 4.98965
-6.63349 3.82985 4.14367
-6.69932 3.71349 3.3287
-6.76311 3.59601 3.3287
-6.82484 3.47743 2.54915
-6.88449 3.35779 1.79274
-6.94204 3.23713 1.79274
-6.99748 3.11548 1.04506
-7.05078 2.99288 1.04506
-7.10194 2.86937 0.292055
-7.15094 2.74499 -0.480382
-7.19776 2.61977 -0.480382
-7.24238 2.49375 -1.28739
-7.2848 2.36697 -2.14602
-7.325 2.23948 -2.14602
-7.36297 2.1113 -3.07461
-7.39869 1.98247 -4.08529
-7.43217 1.85305 -4.08529
-7.46337 1.72306 -5.14732
-7.49231 1.59254 -5.14732
-7.51896 1.46154 -6.03908
-7.54332 1.33009 -6.61339
-7.56539 1.19824 -6.61339
-7.58515 1.06602 -6.96088
-7.6026 0.933482 -7.17706
-7.61773 0.800656 -7.17706
-7.63054 0.667586 -7.31395
-7.64103 0.534313 -7.31395
-7.64919 0.400877 -7.39843
-7.65503 0.267319 -7.44435
-7.65853 0.13368 -7.44435
-7.65969 9.38042e-16 -7.45833
-7.65853 -0.13368 -7.44229
-7.65503 -0.267319 -7.44229
-7.64919 -0.400877 -7.39407
-7.64103 -0.534313 -7.30667
-7.63054 -0.667586 -7.30667
-7.61773 -0.800656 -7.1657
-7.6026 -0.933482 -7.1657
-7.58515 -1.06602 -6.94379
-7.56539 -1.19824 -6.59276
-7.54332 -1.33009 -6.59276
-7.51896 -1.46154 -6.02308
-7.49231 -1.59254 -5.10583
-7.46337 -1.72306 -5.10583
-7.43217 -1.85305 -4.04575
-7.39869 -1.98247 -4.04575
-7.36297 -2.1113 -3.02681
-7.325 -2.23948 -2.08606
-7.2848 -2.36697 -2.08606
-7.24238 -2.49375 -1.21429
-7.19776 -2.61977 -0.393761
-7.15094 -2.74499 -0.393761
-7.10194 -2.86937 0.392649
-7.05078 -2.99288 1.16035
-6.99748 -3.11548 1.16035
-6.94204 -3.23713 1.92377
-6.88449 -3.35779 1.92377
-6.82484 -3.47743 2.69741
-6.76311 -3.59601 3.49631
-6.69932 -3.71349 3.49631
-6.63349 -3.82985 4.33384
-6.56564 -3.94503 5.20729
-6.49579 -4.05902 5.20729
-6.42396 -4.17177 6.03379
-6.35017 -4.28325 6.64709
-6.27445 -4.39342 6.64709
-6.19682 -4.50225 7.02902
-6.1173 -4.60972 7.02902
-6.03592 -4.71578 7.27386
-5.9527 -4.8204 7.44047
-5.86766 -4.92355 7.44047
-5.78084 -5.02521 7.55969
-5.69226 -5.12533 7.64804
-5.60194 -5.2239 7.64804
-5.50992 -5.32087 7.71476
-5.41622 -5.41622 7.71476
-5.32087 -5.50992 7.7652
-5.2239 -5.60194 7.80236
-5.12533 -5.69226 7.80236
-5.02521 -5.78084 7.82747
-4.92355 -5.86766 7.84014
-4.8204 -5.9527 7.84014
-4.71578 -6.03592 7.83769
-4.60972 -6.1173 7.81366
-4.50225 -6.19682 7.81366
-4.39342 -6.27445 7.75484
-4.28325 -6.35017 7.75484
-4.17177 -6.42396 7.6393
-4.05902 -6.49579 7.47929
-3.94503 -6.56564 7.47929
-3.82985 -6.63349 7.33643
-3.71349 -6.69932 7.23021
-3.59601 -6.76311 7.23021
-3.47743 -6.82484 7.16181
-3.35779 -6.88449 7.12865
-3.23713 -6.94204 7.12865
-3.11548 -6.99748 7.12842
-2.99288 -7.05078 7.12842
-2.86937 -7.10194 7.16009
-2.74499 -7.15094 7.22408
-2.61977 -7.19776 7.22408
-2.49375 -7.24238 7.32237
-2.36697 -7.2848 7.45854
-2.23948 -7.325 7.45854
-2.1113 -7.36297 7.63724
-1.98247 -7.39869 7.63724
-1.85305 -7.43217 7.86119
-1.72306 -7.46337 8.11862
-1.59254 -7.49231 8.11862
-1.46154 -7.51896 8.35019
-1.33009 -7.54332 8.48517
-1.19824 -7.56539 8.48517
-1.06602 -7.58515 8.55476
-0.933482 -7.6026 8.58599
-0.800656 -7.61773 8.58599
-0.667586 -7.63054 8.59287
-0.534313 -7.64103 8.59287
-0.400877 -7.64919 8.58193
-0.267319 -7.65503 8.55573
-0.13368 -7.65853 8.55573
-1.40706e-15 -7.65969 8.51435
0.13368 -7.65853 8.45584
0.267319 -7.65503 8.45584
0.400877 -7.64919 8.37591
0.534313 -7.64103 8.2668
0.667586 -7.63054 8.2668
0.800656 -7.61773 8.11463
0.933482 -7.6026 8.11463
1.06602 -7.58515 7.89389
1.19824 -7.56539 7.55671
1.33009 -7.54332 7.55671
1.46154 -7.51896 7.02334
1.59254 -7.49231 6.21722
1.72306 -7.46337 6.21722
1.85305 -7.43217 5.28528
1.98247 -7.39869 5.28528
2.1113 -7.36297 4.36611
2.23948 -7.325 3.49153
2.36697 -7.2848 3.49153
2.49375 -7.24238 2.65403
2.61977 -7.19776 1.83829
2.74499 -7.15094 1.83829
2.86937 -7.10194 1.02867
2.99288 -7.05078 0.210003
3.11548 -6.99748 0.210003
3.23713 -6.94204 -0.633185
3.35779 -6.88449 -0.633185
3.47743 -6.82484 -1.51758
3.59601 -6.76311 -2.46111
3.71349 -6.69932 -2.46111
3.82985 -6.63349 -3.47947
3.94503 -6.56564 -4.5713
4.05902 -6.49579 -4.5713
4.17177 -6.42396 -5.66786
4.28325 -6.35017 -6.40716
4.39342 -6.27445 -6.40716
4.50225 -6.19682 -6.85974
4.60972 -6.1173 -6.85974
4.71578 -6.03592 -7.14038
4.8204 -5.9527 -7.31863
4.92355 -5.86766 -7.31863
5.02521 -5.78084 -7.43165
5.12533 -5.69226 -7.49892
5.2239 -5.60194 -7.49892
5.32087 -5.50992 -7.53032
5.41622 -5.41622 -7.53032
5.50992 -5.32087 -7.52998
5.60194 -5.2239 -7.49764
5.69226 -5.12533 -7.49764
5.78084 -5.02521 -7.4286
5.86766 -4.92355 -7.31191
5.9527 -4.8204 -7.31191
6.03592 -4.71578 -7.12593
6.1173 -4.60972 -6.82931
6.19682 -4.50225 -6.82931
6.27445 -4.39342 -6.35254
6.35017 -4.28325 -6.35254
6.42396 -4.17177 -5.57229
6.49579 -4.05902 -4.5166
6.56564 -3.94503 -4.5166
6.63349 -3.82985 -3.42321
6.69932 -3.71349 -2.39664
6.76311 -3.59601 -2.39664
6.82484 -3.47743 -1.44272
6.88449 -3.35779 -0.544009
6.94204 -3.23713 -0.544009
6.99748 -3.11548 0.319162
7.05078 -2.99288 0.319162
7.10194 -2.86937 1.16497
7.15094 -2.74499 2.01054
7.19776 -2.61977 2.01054
7.24238 -2.49375 2.87307
7.2848 -2.36697 3.77093
7.325 -2.23948 3.77093
7.36297 -2.1113 4.72323
7.39869 -1.98247 4.72323
7.43217 -1.85305 5.7426
7.46337 -1.72306 6.80019
7.49231 -1.59254 6.80019
7.51896 -1.46154 7.68375
7.54332 -1.33009 8.25335
7.56539 -1.19824 8.25335
7.58515 -1.06602 8.5991
7.6026 -0.933482 8.81494
7.61773 -0.800656 8.81494
7.63054 -0.667586 8.95209
7.64103 -0.534313 8.95209
7.64919 -0.400877 9.03706
7.65503 -0.267319 9.08354
7.65853 -0.13368 9.08354

7.73948 0 9.80129
7.7383 0.135073 9.79356
7.73477 0.270104 9.79356
7.72887 0.405053 9.76965
7.72063 0.539879 9.72566
7.71003 0.67454 9.72566
7.69708 0.808996 9.65285
7.68179 0.943205 9.5313
7.66416 1.07713 9.5313
7.64419 1.21072 9.30877
7.6219 1.34395 8.98879
7.59728 1.47676 8.98879
7.57035 1.60913 7.8412
7.54112 1.741 7.8412
7.50958 1.87235 6.43458
7.47576 2.00312 5.22152
7.43967 2.13329 5.22152
7.4013 2.26281 4.16666
7.36068 2.39163 3.21196
7.31782 2.51973 3.21196
7.27273 2.64706 2.31666
7.22543 2.77358 1.45207
7.17592 2.89926 1.45207
7.12423 3.02406 0.595534
7.07037 3.14793 -0.273772
7.01435 3.27085 -0.273772
6.9562 3.39276 -1.1782
6.89593 3.51365 -2.14567
6.83356 3.63347 -2.14567
6.7691 3.75217 -3.216
6.70259 3.86974 -4.45142
6.63403 3.98613 -4.45142
6.56345 4.1013 -5.94291
6.49087 4.21522 -5.94291
6.41632 4.32786 -7.31409
6.33981 4.43918 -7.84599
6.26137 4.54915 -7.84599
6.18102 4.65774 -8.09561
6.09879 4.7649 -8.23395
6.01471 4.87061 -8.23395
5.92879 4.97484 -8.31722
5.84106 5.07756 -8.36786
5.75155 5.17872 -8.36786
5.6603 5.27831 -8.39607
5.56732 5.37629 -8.40655
5.47264 5.47264 -8.40655
5.37629 5.56732 -8.40095
5.27831 5.6603 -8.37857
5.17872 5.75155 -8.37857
5.07756 5.84106 -8.33602
4.97484 5.92879 -8.26566
4.87061 6.01471 -8.26566
4.7649 6.09879 -8.15112
4.65774 6.18102 -8.15112
4.54915 6.26137 -7.9545
4.43918 6.33981 -7.5762
4.32786 6.41632 -7.5762
4.21522 6.49087 -6.61813
4.1013 6.56345 -5.06061
3.98613 6.63403 -5.06061
3.86974 6.70259 -3.71711
3.75217 6.7691 -2.56776
3.63347 6.83356 -2.56776
3.51365 6.89593 -1.54916
3.39276 6.9562 -0.615512
3.27085 7.01435 -0.615512
3.14793 7.07037 0.264874
3.02406 7.12423 1.11558
2.89926 7.17592 1.11558
2.77358 7.22543 1.95644
2.64706 7.27273 2.80683
2.51973 7.31782 2.80683
2.39163 7.36068 3.6889
2.26281 7.4013 3.6889
2.13329 7.43967 4.63204
2.00312 7.47576 5.67898
1.87235 7.50958 5.67898
1.741 7.54112 6.88214
1.60913 7.57035 8.20975
1.47676 7.59728 8.20975
1.34395 7.6219 8.77128
1.21072 7.64419 9.03151
1.07713 7.66416 9.03151
0.943205 7.68179 9.17855
0.808996 7.69708 9.27264
0.67454 7.71003 9.27264
0.539879 7.72063 9.33742
0.405053 7.72887 9.38375
0.270104 7.73477 9.38375
0.135073 7.7383 9.4172
4.73906e-16 7.73948 9.44072
-0.135073 7.7383 9.44072
-0.270104 7.73477 9.45573
-0.405053 7.72887 9.45573
-0.539879 7.72063 9.46241
-0.67454 7.71003 9.4595
-0.808996 7.69708 9.4595
-0.943205 7.68179 9.44324
-1.07713 7.66416 9.40389
-1.21072 7.64419 9.40389
-1.34395 7.6219 9.31335
-1.47676 7.59728 9.09595
-1.60913 7.57035 9.09595
-1.741 7.54112 8.6291
-1.87235 7.50958 8.22716
-2.00312 7.47576 8.22716
-2.13329 7.43967 7.92276
-2.26281 7.4013 7.69146
-2.39163 7.36068 7.69146
-2.51973 7.31782 7.51497
-2.64706 7.27273 7.38231
-2.77358 7.22543 7.38231
-2.89926 7.17592 7.28718
-3.02406 7.12423 7.28718
-3.14793 7.07037 7.22635
-3.27085 7.01435 7.19902
-3.39276 6.9562 7.19902
-3.51365 6.89593 7.20668
-3.63347 6.83356 7.25362
-3.75217 6.7691 7.25362
-3.86974 6.70259 7.34764
-3.98613 6.63403 7.49928
-4.1013 6.56345 7.49928
-4.21522 6.49087 7.7499
-4.32786 6.41632 7.85325
-4.43918 6.33981 7.85325
-4.54915 6.26137 7.88999
-4.65774 6.18102 7.90161
-4.7649 6.09879 7.90161
-4.87061 6.01471 7.90134
-4.97484 5.92879 7.89384
-5.07756 5.84106 7.89384
-5.17872 5.75155 7.88073
-5.27831 5.6603 7.88073
-5.37629 5.56732 7.86229
-5.47264 5.47264 7.83792
-5.56732 5.37629 7.83792
-5.6603 5.27831 7.80623
-5.75155 5.17872 7.76465
-5.84106 5.07756 7.76465
-5.92879 4.97484 7.7086
-6.01471 4.87061 7.62918
-6.09879 4.7649 7.62918
-6.18102 4.65774 7.50666
-6.26137 4.54915 7.28713
-6.33981 4.43918 7.28713
-6.41632 4.32786 6.91407
-6.49087 4.21522 5.89715
-6.56345 4.1013 5.89715
-6.63403 3.98613 4.82252
-6.70259 3.86974 3.8851
-6.7691 3.75217 3.8851
-6.83356 3.63347 3.0429
-6.89593 3.51365 3.0429
-6.9562 3.39276 2.25553
-7.01435 3.27085 1.49549
-7.07037 3.14793 1.49549
-7.12423 3.02406 0.742482
-7.17592 2.89926 -0.0208318
-7.22543 2.77358 -0.0208318
-7.27273 2.64706 -0.811914
-7.31782 2.51973 -1.65122
-7.36068 2.39163 -1.65122
-7.4013 2.26281 -2.56612
-7.43967 2.13329 -3.59756
-7.47576 2.00312 -3.59756
-7.50958 1.87235 -4.81098
-7.54112 1.741 -6.3029
-7.57035 1.60913 -6.3029
-7.59728 1.47676 -7.36479
-7.6219 1.34395 -7.77024
-7.64419 1.21072 -7.77024
-7.66416 1.07713 -7.97293
-7.68179 0.943205 -7.97293
-7.69708 0.808996 -8.08882
-7.71003 0.67454 -8.15944
-7.72063 0.539879 -8.15944
-7.72887 0.405053 -8.20223
-7.73477 0.270104 -8.22529
-7.7383 0.135073 -8.22529
-7.73948 9.47813e-16 -8.23228
-7.7383 -0.135073 -8.22422
-7.73477 -0.270104 -8.22422
-7.72887 -0.405053 -8.19993
-7.72063 -0.539879 -8.1554
-7.71003 -0.67454 -8.1554
-7.69708 -0.808996 -8.0817
-7.68179 -0.943205 -7.95843
-7.66416 -1.07713 -7.95843
-7.64419 -1.21072 -7.73201
-7.6219 -1.34395 -7.73201
-7.59728 -1.47676 -7.4052
-7.57035 -1.60913 -6.22487
-7.54112 -1.741 -6.22487
-7.50958 -1.87235 -4.78579
-7.47576 -2.00312 -3.56088
-7.43967 -2.13329 -3.56088
-7.4013 -2.26281 -2.51343
-7.36068 -2.39163 -1.58356
-7.31782 -2.51973 -1.58356
-7.27273 -2.64706 -0.730002
-7.22543 -2.77358 0.0752715
-7.17592 -2.89926 0.0752715
-7.12423 -3.02406 0.853222
-7.07037 -3.14793 1.62175
-7.01435 -3.27085 1.62175
-6.9562 -3.39276 2.39867
-6.89593 -3.51365 3.20483
-6.83356 -3.63347 3.20483
-6.7691 -3.75217 4.06872
-6.70259 -3.86974 4.06872
-6.63403 -3.98613 5.03381
-6.56345 -4.1013 6.16231
-6.49087 -4.21522 6.16231
-6.41632 -4.32786 7.18582
-6.33981 -4.43918 7.59334
-6.26137 -4.54915 7.59334
-6.18102 -4.65774 7.79293
-6.09879 -4.7649 7.91079
-6.01471 -4.87061 7.91079
-5.92879 -4.97484 7.98885
-5.84106 -5.07756 8.04425
-5.75155 -5.17872 8.04425
-5.6603 -5.27831 8.0852
-5.56732 -5.37629 8.11604
-5.47264 -5.47264 8.11604
-5.37629 -5.56732 8.13919
-5.27831 -5.6603 8.15593
-5.17872 -5.75155 8.15593
-5.07756 -5.84106 8.16659
-4.97484 -5.92879 8.16659
-4.87061 -6.01471 8.1705
-4.7649 -6.09879 8.16515
-4.65774 -6.18102 8.16515
-4.54915 -6.26137 8.14379
-4.43918 -6.33981 8.08739
-4.32786 -6.41632 8.08739
-4.21522 -6.49087 7.9182
-4.1013 -6.56345 7.64402
-3.98613 -6.63403 7.64402
-3.86974 -6.70259 7.44257
-3.75217 -6.7691 7.30717
-3.63347 -6.83356 7.30717
-3.51365 -6.89593 7.22297
-3.39276 -6.9562 7.1803
-3.27085 -7.01435 7.1803
-3.14793 -7.07037 7.17377
-3.02406 -7.12423 7.20107
-2.89926 -7.17592 7.20107
-2.77358 -7.22543 7.26228
-2.64706 -7.27273 7.26228
-2.51973 -7.31782 7.35984
-2.39163 -7.36068 7.49913
-2.26281 -7.4013 7.49913
-2.13329 -7.43967 7.68981
-2.00312 -7.47576 7.94821
-1.87235 -7.50958 7.94821
-1.741 -7.54112 8.29636
-1.60913 -7.57035 8.72483
-1.47676 -7.59728 8.72483
-1.34395 -7.6219 8.89141
-1.21072 -7.64419 8.95759
-1.07713 -7.66416 8.95759
-0.943205 -7.68179 8.98614
-0.808996 -7.69708 8.9965
-0.67454 -7.71003 8.9965
-0.539879 -7.72063 8.99579
-0.405053 -7.72887 8.98675
-0.270104 -7.73477 8.98675
-0.135073 -7.7383 8.97017
-1.42172e-15 -7.73948 8.97017
0.135073 -7.7383 8.94563
0.270104 -7.73477 8.91158
0.405053 -7.72887 8.91158
0.539879 -7.72063 8.8649
0.67454 -7.71003 8.79978
0.808996 -7.69708 8.79978
0.943205 -7.68179 8.70461
1.07713 -7.66416 8.55316
1.21072 -7.64419 8.55316
1.34395 -7.6219 8.27404
1.47676 -7.59728 7.68851
1.60913 -7.57035 7.68851
1.741 -7.54112 6.46499
1.87235 -7.50958 5.31132
2.00312 -7.47576 5.31132
2.13329 -7.43967 4.30579
2.26281 -7.4013 3.3978
2.39163 -7.36068 3.3978
2.51973 -7.31782 2.54651
2.64706 -7.27273 2.54651
2.77358 -7.22543 1.72382
2.89926 -7.17592 0.908446
3.02406 -7.12423 0.908446
3.14793 -7.07037 0.0816382
3.27085 -7.01435 -0.775947
3.39276 -6.9562 -0.775947
3.51365 -6.89593 -1.68742
3.63347 -6.83356 -2.68373
3.75217 -6.7691 -2.68373
3.86974 -6.70259 -3.80836
3.98613 -6.63403 -5.1127
4.1013 -6.56345 -5.1127
4.21522 -6.49087 -6.78968
4.32786 -6.41632 -7.56088
4.43918 -6.33981 -7.56088
4.54915 -6.26137 -7.9043
4.65774 -6.18102 -8.08511
4.7649 -6.09879 -8.08511
4.87061 -6.01471 -8.19127
4.97484 -5.92879 -8.19127
5.07756 -5.84106 -8.25656
5.17872 -5.75155 -8.29575
5.27831 -5.6603 -8.29575
5.37629 -5.56732 -8.31571
5.47264 -5.47264 -8.31942
5.56732 -5.37629 -8.31942
5.6603 -5.27831 -8.30734
5.75155 -5.17872 -8.27753
5.84106 -5.07756 -8.27753
5.92879 -4.97484 -8.22486
6.01471 -4.87061 -8.13795
6.09879 -4.7649 -8.13795
6.18102 -4.65774 -7.99034
6.26137 -4.54915 -7.70836
6.33981 -4.43918 -7.70836
6.41632 -4.32786 -7.20882
6.49087 -4.21522 -5.81808
6.56345 -4.1013 -5.81808
6.63403 -3.98613 -4.37335
6.70259 -3.86974 -4.37335
6.7691 -3.75217 -3.15201
6.83356 -3.63347 -2.09113
6.89593 -3.51365 -2.09113
6.9562 -3.39276 -1.13161
7.01435 -3.27085 -0.234212
7.07037 -3.14793 -0.234212
7.12423 -3.02406 0.628722
7.17592 -2.89926 1.47931
7.22543 -2.77358 1.47931
7.27273 -2.64706 2.33809
7.31782 -2.51973 3.22742
7.36068 -2.39163 3.22742
7.4013 -2.26281 4.17551
7.43967 -2.13329 5.22301
7.47576 -2.00312 5.22301
7.50958 -1.87235 6.4336
7.54112 -1.741 7.8999
7.57035 -1.60913 7.8999
7.59728 -1.47676 8.94102
7.6219 -1.34395 8.94102
7.64419 -1.21072 9.34072
7.66416 -1.07713 9.54165
7.68179 -0.943205 9.54165
7.69708 -0.808996 9.65708
7.71003 -0.67454 9.72771
7.72063 -0.539879 9.72771
7.72887 -0.405053 9.7707
7.73477 -0.270104 9.79401
7.7383 -0.135073 9.79401

7.81927 0 9.80129
7.81808 0.136465 9.79356
7.81451 0.272889 9.79356
7.80855 0.409229 9.76965
7.80022 0.545445 9.72566
7.78951 0.681494 9.72566
7.77643 0.817336 9.65285
7.76099 0.952929 9.5313
7.74317 1.08823 9.5313
7.723 1.2232 9.30877
7.70048 1.3578 8.98879
7.67561 1.49199 8.98879
7.6484 1.62572 7.8412
7.61886 1.75895 7.8412
7.587 1.89165 6.43458
7.55283 2.02378 5.22152
7.51636 2.15528 5.22152
7.4776 2.28613 4.16666
7.43657 2.41629 3.21196
7.39326 2.5457 3.21196
7.34771 2.67435 2.31666
7.29992 2.80218 1.45207
7.2499 2.92915 1.45207
7.19767 3.05523 0.595534
7.14326 3.18038 -0.273772
7.08666 3.30457 -0.273772
7.02791 3.42774 -1.1782
6.96702 3.54987 -2.14567
6.904 3.67092 -2.14567
6.83889 3.79086 -3.216
6.77169 3.90963 -4.45142
6.70242 4.02722 -4.45142
6.63112 4.14358 -5.94291
6.55779 4.25868 -5.94291
6.48247 4.37248 -7.31409
6.40517 4.48495 -7.84599
6.32592 4.59605 -7.84599
6.24475 4.70575 -8.09561
6.16167 4.81402 -8.23395
6.07671 4.92083 -8.23395
5.98991 5.02613 -8.31722
5.90128 5.1299 -8.36786
5.81085 5.23211 -8.36786
5.71865 5.33273 -8.39607
5.62471 5.43172 -8.40655
5.52906 5.52906 -8.40655
5.43172 5.62471 -8.40095
5.33273 5.71865 -8.37857
5.23211 5.81085 -8.37857
5.1299 5.90128 -8.33602
5.02613 5.98991 -8.26566
4.92083 6.07671 -8.26566
4.81402 6.16167 -8.15112
4.70575 6.24475 -8.15112
4.59605 6.32592 -7.9545
4.48495 6.40517 -7.5762
4.37248 6.48247 -7.5762
4.25868 6.55779 -6.61813
4.14358 6.63112 -5.06061
4.02722 6.70242 -5.06061
3.90963 6.77169 -3.71711
3.79086 6.83889 -2.56776
3.67092 6.904 -2.56776
3.54987 6.96702 -1.54916
3.42774 7.02791 -0.615512
3.30457 7.08666 -0.615512
3.18038 7.14326 0.264874
3.05523 7.19767 1.11558
2.92915 7.2499 1.11558
2.80218 7.29992 1.95644
2.67435 7.34771 2.80683
2.5457 7.39326 2.80683
2.41629 7.43657 3.6889
2.28613 7.4776 3.6889
2.15528 7.51636 4.63204
2.02378 7.55283 5.67898
1.89165 7.587 5.67898
1.75895 7.61886 6.88214
1.62572 7.6484 8.20975
1.49199 7.67561 8.20975
1.3578 7.70048 8.77128
1.2232 7.723 9.03151
1.08823 7.74317 9.03151
0.952929 7.76099 9.17855
0.817336 7.77643 9.27264
0.681494 7.78951 9.27264
0.545445 7.80022 9.33742
0.409229 7.80855 9.38375
0.272889 7.81451 9.38375
0.136465 7.81808 9.4172
4.78792e-16 7.81927 9.44072
-0.136465 7.81808 9.44072
-0.272889 7.81451 9.45573
-0.409229 7.80855 9.45573
-0.545445 7.80022 9.46241
-0.681494 7.78951 9.4595
-0.817336 7.77643 9.4595
-0.952929 7.76099 9.44324
-1.08823 7.74317 9.40389
-1.2232 7.723 9.40389
-1.3578 7.70048 9.31335
-1.49199 7.67561 9.09595
-1.62572 7.6484 9.09595
-1.75895 7.61886 8.6291
-1.89165 7.587 8.22716
-2.02378 7.55283 8.22716
-2.15528 7.51636 7.92276
-2.28613 7.4776 7.69146
-2.41629 7.43657 7.69146
-2.5457 7.39326 7.51497
-2.67435 7.34771 7.38231
-2.80218 7.29992 7.38231
-2.92915 7.2499 7.28718
-3.05523 7.19767 7.28718
-3.18038 7.14326 7.22635
-3.30457 7.08666 7.19902
-3.42774 7.02791 7.19902
-3.54987 6.96702 7.20668
-3.67092 6.904 7.25362
-3.79086 6.83889 7.25362
-3.90963 6.77169 7.34764
-4.02722 6.70242 7.49928
-4.14358 6.63112 7.49928
-4.25868 6.55779 7.7499
-4.37248 6.48247 7.85325
-4.48495 6.40517 7.85325
-4.59605 6.32592 7.88999
-4.70575 6.24475 7.90161
-4.81402 6.16167 7.90161
-4.92083 6.07671 7.90134
-5.02613 5.98991 7.89384
-5.1299 5.90128 7.89384
-5.23211 5.81085 7.88073
-5.33273 5.71865 7.88073
-5.43172 5.62471 7.86229
-5.52906 5.52906 7.83792
-5.62471 5.43172 7.83792
-5.71865 5.33273 7.80623
-5.81085 5.23211 7.76465
-5.90128 5.1299 7.76465
-5.98991 5.02613 7.7086
-6.07671 4.92083 7.62918
-6.16167 4.81402 7.62918
-6.24475 4.70575 7.50666
-6.32592 4.59605 7.28713
-6.40517 4.48495 7.28713
-6.48247 4.37248 6.91407
-6.55779 4.25868 5.89715
-6.63112 4.14358 5.89715
-6.70242 4.02722 4.82252
-6.77169 3.90963 3.8851
-6.83889 3.79086 3.8851
-6.904 3.67092 3.0429
-6.96702 3.54987 3.0429
-7.02791 3.42774 2.25553
-7.08666 3.30457 1.49549
-7.14326 3.18038 1.49549
-7.19767 3.05523 0.742482
-7.2499 2.92915 -0.0208318
-7.29992 2.80218 -0.0208318
-7.34771 2.67435 -0.811914
-7.39326 2.5457 -1.65122
-7.43657 2.41629 -1.65122
-7.4776 2.28613 -2.56612
-7.51636 2.15528 -3.59756
-7.55283 2.02378 -3.59756
-7.587 1.89165 -4.81098
-7.61886 1.75895 -6.3029
-7.6484 1.62572 -6.3029
-7.67561 1.49199 -7.36479
-7.70048 1.3578 -7.77024
-7.723 1.2232 -7.77024
-7.74317 1.08823 -7.97293
-7.76099 0.952929 -7.97293
-7.77643 0.817336 -8.08882
-7.78951 0.681494 -8.15944
-7.80022 0.545445 -8.15944
-7.80855 0.409229 -8.20223
-7.81451 0.272889 -8.22529
-7.81808 0.136465 -8.22529
-7.81927 9.57584e-16 -8.23228
-7.81808 -0.136465 -8.22422
-7.81451 -0.272889 -8.22422
-7.80855 -0.409229 -8.19993
-7.80022 -0.545445 -8.1554
-7.78951 -0.681494 -8.1554
-7.77643 -0.817336 -8.0817
-7.76099 -0.952929 -7.95843
-7.74317 -1.08823 -7.95843
-7.723 -1.2232 -7.73201
-7.70048 -1.3578 -7.73201
-7.67561 -1.49199 -7.4052
-7.6484 -1.62572 -6.22487
-7.61886 -1.75895 -6.22487
-7.587 -1.89165 -4.78579
-7.55283 -2.02378 -3.56088
-7.51636 -2.15528 -3.56088
-7.4776 -2.28613 -2.51343
-7.43657 -2.41629 -1.58356
-7.39326 -2.5457 -1.58356
-7.34771 -2.67435 -0.730002
-7.29992 -2.80218 0.0752715
-7.2499 -2.92915 0.0752715
-7.19767 -3.05523 0.853222
-7.14326 -3.18038 1.62175
-7.08666 -3.30457 1.62175
-7.02791 -3.42774 2.39867
-6.96702 -3.54987 3.20483
-6.904 -3.67092 3.20483
-6.83889 -3.79086 4.06872
-6.77169 -3.90963 4.06872
-6.70242 -4.02722 5.03381
-6.63112 -4.14358 6.16231
-6.55779 -4.25868 6.16231
-6.48247 -4.37248 7.18582
-6.40517 -4.48495 7.59334
-6.32592 -4.59605 7.59334
-6.24475 -4.70575 7.79293
-6.16167 -4.81402 7.91079
-6.07671 -4.92083 7.91079
-5.98991 -5.02613 7.98885
-5.90128 -5.1299 8.04425
-5.81085 -5.23211 8.04425
-5.71865 -5.33273 8.0852
-5.62471 -5.43172 8.11604
-5.52906 -5.52906 8.11604
-5.43172 -5.62471 8.13919
-5.33273 -5.71865 8.15593
-5.23211 -5.81085 8.15593
-5.1299 -5.90128 8.16659
-5.02613 -5.98991 8.16659
-4.92083 -6.07671 8.1705
-4.81402 -6.16167 8.16515
-4.70575 -6.24475 8.16515
-4.59605 -6.32592 8.14379
-4.48495 -6.40517 8.08739
-4.37248 -6.48247 8.08739
-4.25868 -6.55779 7.9182
-4.14358 -6.63112 7.64402
-4.02722 -6.70242 7.64402
-3.90963 -6.77169 7.44257
-3.79086 -6.83889 7.30717
-3.67092 -6.904 7.30717
-3.54987 -6.96702 7.22297
-3.42774 -7.02791 7.1803
-3.30457 -7.08666 7.1803
-3.18038 -7.14326 7.17377
-3.05523 -7.19767 7.20107
-2.92915 -7.2499 7.20107
-2.80218 -7.29992 7.26228
-2.67435 -7.34771 7.26228
-2.5457 -7.39326 7.35984
-2.41629 -7.43657 7.49913
-2.28613 -7.4776 7.49913
-2.15528 -7.51636 7.68981
-2.02378 -7.55283 7.94821
-1.89165 -7.587 7.94821
-1.75895 -7.61886 8.29636
-1.62572 -7.6484 8.72483
-1.49199 -7.67561 8.72483
-1.3578 -7.70048 8.89141
-1.2232 -7.723 8.95759
-1.08823 -7.74317 8.95759
-0.952929 -7.76099 8.98614
-0.817336 -7.77643 8.9965
-0.681494 -7.78951 8.9965
-0.545445 -7.80022 8.99579
-0.409229 -7.80855 8.98675
-0.272889 -7.81451 8.98675
-0.136465 -7.81808 8.97017
-1.43638e-15 -7.81927 8.97017
0.136465 -7.81808 8.94563
0.272889 -7.81451 8.91158
0.409229 -7.80855 8.91158
0.545445 -7.80022 8.8649
0.681494 -7.78951 8.79978
0.817336 -7.77643 8.79978
0.952929 -7.76099 8.70461
1.08823 -7.74317 8.55316
1.2232 -7.723 8.55316
1.3578 -7.70048 8.27404
1.49199 -7.67561 7.68851
1.62572 -7.6484 7.68851
1.75895 -7.61886 6.46499
1.89165 -7.587 5.31132
2.02378 -7.55283 5.31132
2.15528 -7.51636 4.30579
2.28613 -7.4776 3.3978
2.41629 -7.43657 3.3978
2.5457 -7.39326 2.54651
2.67435 -7.34771 2.54651
2.80218 -7.29992 1.72382
2.92915 -7.2499 0.908446
3.05523 -7.19767 0.908446
3.18038 -7.14326 0.0816382
3.30457 -7.08666 -0.775947
3.42774 -7.02791 -0.775947
3.54987 -6.96702 -1.68742
3.67092 -6.904 -2.68373
3.79086 -6.83889 -2.68373
3.90963 -6.77169 -3.80836
4.02722 -6.70242 -5.1127
4.14358 -6.63112 -5.1127
4.25868 -6.55779 -6.78968
4.37248 -6.48247 -7.56088
4.48495 -6.40517 -7.56088
4.59605 -6.32592 -7.9043
4.70575 -6.24475 -8.08511
4.81402 -6.16167 -8.08511
4.92083 -6.07671 -8.19127
5.02613 -5.98991 -8.19127
5.1299 -5.90128 -8.25656
5.23211 -5.81085 -8.29575
5.33273 -5.71865 -8.29575
5.43172 -5.62471 -8.31571
5.52906 -5.52906 -8.31942
5.62471 -5.43172 -8.31942
5.71865 -5.33273 -8.30734
5.81085 -5.23211 -8.27753
5.90128 -5.1299 -8.27753
5.98991 -5.02613 -8.22486
6.07671 -4.92083 -8.13795
6.16167 -4.81402 -8.13795
6.24475 -4.70575 -7.99034
6.32592 -4.59605 -7.70836
6.40517 -4.48495 -7.70836
6.48247 -4.37248 -7.20882
6.55779 -4.25868 -5.81808
6.63112 -4.14358 -5.81808
6.70242 -4.02722 -4.37335
6.77169 -3.90963 -4.37335
6.83889 -3.79086 -3.15201
6.904 -3.67092 -2.09113
6.96702 -3.54987 -2.09113
7.02791 -3.42774 -1.13161
7.08666 -3.30457 -0.234212
7.14326 -3.18038 -0.234212
7.19767 -3.05523 0.628722
7.2499 -2.92915 1.47931
7.29992 -2.80218 1.47931
7.34771 -2.67435 2.33809
7.39326 -2.5457 3.22742
7.43657 -2.41629 3.22742
7.4776 -2.28613 4.17551
7.51636 -2.15528 5.22301
7.55283 -2.02378 5.22301
7.587 -1.89165 6.4336
7.61886 -1.75895 7.8999
7.6484 -1.62572 7.8999
7.67561 -1.49199 8.94102
7.70048 -1.3578 8.94102
7.723 -1.2232 9.34072
7.74317 -1.08823 9.54165
7.76099 -0.952929 9.54165
7.77643 -0.817336 9.65708
7.78951 -0.681494 9.72771
7.80022 -0.545445 9.72771
7.80855 -0.409229 9.7707
7.81451 -0.272889 9.79401
7.81808 -0.136465 9.79401

7.89906 0 10.5
7.89785 0.137858 10.5
7.89425 0.275673 10.5
7.88823 0.413405 10.5
7.87982 0.55101 10.5
7.869 0.688448 10.5
7.85579 0.825676 10.5
7.84018 0.962653 10.5
7.82218 1.09934 10.5
7.80181 1.23568 10.5
7.77905 1.37166 10.5
7.75393 1.50721 10.5
7.72644 1.64231 9.35873
7.6966 1.7769 7.07167
7.66442 1.91095 7.07167
7.6299 2.04443 5.63719
7.59306 2.17728 4.50901
7.55391 2.30946 4.50901
7.51245 2.44094 3.52622
7.46871 2.57168 2.62226
7.42269 2.70164 2.62226
7.37441 2.83077 1.76037
7.32388 2.95904 0.91508
7.27112 3.08641 0.91508
7.21615 3.21284 0.0650062
7.15898 3.33829 -0.811468
7.09963 3.46272 -0.811468
7.03811 3.5861 -1.74045
6.97445 3.70838 -2.75956
6.90867 3.82954 -2.75956
6.84078 3.94953 -3.9345
6.77081 4.06832 -5.41187
6.69878 4.18586 -5.41187
6.62471 4.30213 -9.2
6.54862 4.4171 -9.2
6.47053 4.53071 -9.2
6.39047 4.64295 -9.2
6.30847 4.75377 -9.2
6.22454 4.86315 -9.2
6.13872 4.97104 -9.2
6.05103 5.07742 -9.2
5.96149 5.18225 -9.2
5.87014 5.2855 -9.2
5.777 5.38714 -9.2
5.68211 5.48715 -9.2
5.58548 5.58548 -9.2
5.48715 5.68211 -9.2
5.38714 5.777 -9.2
5.2855 5.87014 -9.2
5.18225 5.96149 -9.2
5.07742 6.05103 -9.2
4.97104 6.13872 -9.2
4.86315 6.22454 -9.2
4.75377 6.30847 -9.2
4.64295 6.39047 -9.2
4.53071 6.47053 -9.2
4.4171 6.54862 -9.2
4.30213 6.62471 -7.72715
4.18586 6.69878 -5.38745
4.06832 6.77081 -5.38745
3.94953 6.84078 -3.86583
3.82954 6.90867 -2.67077
3.70838 6.97445 -2.67077
3.5861 7.03811 -1.64201
3.46272 7.09963 -0.710077
3.33829 7.15898 -0.710077
3.21284 7.21615 0.163506
3.08641 7.27112 1.00447
2.95904 7.32388 1.00447
2.83077 7.37441 1.83331
2.70164 7.42269 2.66954
2.57168 7.46871 2.66954
2.44094 7.51245 3.53558
2.30946 7.55391 4.46276
2.17728 7.59306 4.46276
2.04443 7.6299 5.5061
1.91095 7.66442 6.79469
1.7769 7.6966 6.79469
1.64231 7.72644 9.9
1.50721 7.75393 9.9
1.37166 7.77905 9.9
1.23568 7.80181 9.9
1.09934 7.82218 9.9
0.962653 7.84018 9.9
0.825676 7.85579 9.9
0.688448 7.869 9.9
0.55101 7.87982 9.9
0.413405 7.88823 9.9
0.275673 7.89425 9.9
0.137858 7.89785 9.9
4.83678e-16 7.89906 9.9
-0.137858 7.89785 9.9
-0.275673 7.89425 9.9
-0.413405 7.88823 9.9
-0.55101 7.87982 9.9
-0.688448 7.869 9.9
-0.825676 7.85579 9.9
-0.962653 7.84018 9.9
-1.09934 7.82218 9.9
-1.23568 7.80181 9.9
-1.37166 7.77905 9.9
-1.50721 7.75393 9.9
-1.64231 7.72644 9.40521
-1.7769 7.6966 8.63672
-1.91095 7.66442 8.63672
-2.04443 7.6299 8.20025
-2.17728 7.59306 7.8995
-2.30946 7.55391 7.8995
-2.44094 7.51245 7.67665
-2.57168 7.46871 7.50818
-2.70164 7.42269 7.50818
-2.83077 7.37441 7.38238
-2.95904 7.32388 7.29305
-3.08641 7.27112 7.29305
-3.21284 7.21615 7.23723
-3.33829 7.15898 7.21445
-3.46272 7.09963 7.21445
-3.5861 7.03811 7.22685
-3.70838 6.97445 7.28038
-3.82954 6.90867 7.28038
-3.94953 6.84078 7.38858
-4.06832 6.77081 7.58669
-4.18586 6.69878 7.58669
-4.30213 6.62471 8.2
-4.4171 6.54862 8.2
-4.53071 6.47053 8.2
-4.64295 6.39047 8.2
-4.75377 6.30847 8.2
-4.86315 6.22454 8.2
-4.97104 6.13872 8.2
-5.07742 6.05103 8.2
-5.18225 5.96149 8.2
-5.2855 5.87014 8.2
-5.38714 5.777 8.2
-5.48715 5.68211 8.2
-5.58548 5.58548 8.2
-5.68211 5.48715 8.2
-5.777 5.38714 8.2
-5.87014 5.2855 8.2
-5.96149 5.18225 8.2
-6.05103 5.07742 8.2
-6.13872 4.97104 8.2
-6.22454 4.86315 8.2
-6.30847 4.75377 8.2
-6.39047 4.64295 8.2
-6.47053 4.53071 8.2
-6.54862 4.4171 8.2
-6.62471 4.30213 7.25001
-6.69878 4.18586 5.53449
-6.77081 4.06832 5.53449
-6.84078 3.94953 4.42245
-6.90867 3.82954 3.5164
-6.97445 3.70838 3.5164
-7.03811 3.5861 2.70433
-7.09963 3.46272 1.93933
-7.15898 3.33829 1.93933
-7.21615 3.21284 1.19458
-7.27112 3.08641 0.450657
-7.32388 2.95904 0.450657
-7.37441 2.83077 -0.309706
-7.42269 2.70164 -1.10498
-7.46871 2.57168 -1.10498
-7.51245 2.44094 -1.95858
-7.55391 2.30946 -2.90529
-7.59306 2.17728 -2.90529
-7.6299 2.04443 -4.00658
-7.66442 1.91095 -5.39638
-7.6966 1.7769 -5.39638
-7.72644 1.64231 -9
-7.75393 1.50721 -9
-7.77905 1.37166 -9
-7.80181 1.23568 -9
-7.82218 1.09934 -9
-7.84018 0.962653 -9
-7.85579 0.825676 -9
-7.869 0.688448 -9
-7.87982 0.55101 -9
-7.88823 0.413405 -9
-7.89425 0.275673 -9
-7.89785 0.137858 -9
-7.89906 9.67356e-16 -9
-7.89785 -0.137858 -9
-7.89425 -0.275673 -9
-7.88823 -0.413405 -9
-7.87982 -0.55101 -9
-7.869 -0.688448 -9
-7.85579 -0.825676 -9
-7.84018 -0.962653 -9
-7.82218 -1.09934 -9
-7.80181 -1.23568 -9
-7.77905 -1.37166 -9
-7.75393 -1.50721 -9
-7.72644 -1.64231 -7.81323
-7.6966 -1.7769 -5.44929
-7.66442 -1.91095 -5.44929
-7.6299 -2.04443 -3.9889
-7.59306 -2.17728 -2.8605
-7.55391 -2.30946 -2.8605
-7.51245 -2.44094 -1.89634
-7.46871 -2.57168 -1.02794
-7.42269 -2.70164 -1.02794
-7.37441 -2.83077 -0.218519
-7.32388 -2.95904 0.556136
-7.27112 -3.08641 0.556136
-7.21615 -3.21284 1.31501
-7.15898 -3.33829 2.07582
-7.09963 -3.46272 2.07582
-7.03811 -3.5861 2.85847
-6.97445 -3.70838 3.69019
-6.90867 -3.82954 3.69019
-6.84078 -3.94953 4.61731
-6.77081 -4.06832 5.74263
-6.69878 -4.18586 5.74263
-6.62471 -4.30213 8.5
-6.54862 -4.4171 8.5
-6.47053 -4.53071 8.5
-6.39047 -4.64295 8.5
-6.30847 -4.75377 8.5
-6.22454 -4.86315 8.5
-6.13872 -4.97104 8.5
-6.05103 -5.07742 8.5
-5.96149 -5.18225 8.5
-5.87014 -5.2855 8.5
-5.777 -5.38714 8.5
-5.68211 -5.48715 8.5
-5.58548 -5.58548 8.5
-5.48715 -5.68211 8.5
-5.38714 -5.777 8.5
-5.2855 -5.87014 8.5
-5.18225 -5.96149 8.5
-5.07742 -6.05103 8.5
-4.97104 -6.13872 8.5
-4.86315 -6.22454 8.5
-4.75377 -6.30847 8.5
-4.64295 -6.39047 8.5
-4.53071 -6.47053 8.5
-4.4171 -6.54862 8.5
-4.30213 -6.62471 8.1862
-4.18586 -6.69878 7.73137
-4.06832 -6.77081 7.73137
-3.94953 -6.84078 7.48618
-3.82954 -6.90867 7.33676
-3.70838 -6.97445 7.33676
-3.5861 -7.03811 7.24605
-3.46272 -7.09963 7.19889
-3.33829 -7.15898 7.19889
-3.21284 -7.21615 7.18821
-3.08641 -7.27112 7.21101
-2.95904 -7.32388 7.21101
-2.83077 -7.37441 7.26701
-2.70164 -7.42269 7.35841
-2.57168 -7.46871 7.35841
-2.44094 -7.51245 7.49046
-2.30946 -7.55391 7.67344
-2.17728 -7.59306 7.67344
-2.04443 -7.6299 7.92823
-1.91095 -7.66442 8.30611
-1.7769 -7.6966 8.30611
-1.64231 -7.72644 9.4
-1.50721 -7.75393 9.4
-1.37166 -7.77905 9.4
-1.23568 -7.80181 9.4
-1.09934 -7.82218 9.4
-0.962653 -7.84018 9.4
-0.825676 -7.85579 9.4
-0.688448 -7.869 9.4
-0.55101 -7.87982 9.4
-0.413405 -7.88823 9.4
-0.275673 -7.89425 9.4
-0.137858 -7.89785 9.4
-1.45103e-15 -7.89906 9.4
0.137858 -7.89785 9.4
0.275673 -7.89425 9.4
0.413405 -7.88823 9.4
0.55101 -7.87982 9.4
0.688448 -7.869 9.4
0.825676 -7.85579 9.4
0.962653 -7.84018 9.4
1.09934 -7.82218 9.4
1.23568 -7.80181 9.4
1.37166 -7.77905 9.4
1.50721 -7.75393 9.4
1.64231 -7.72644 8.26565
1.7769 -7.6966 6.37937
1.91095 -7.66442 6.37937
2.04443 -7.6299 5.14427
2.17728 -7.59306 4.14193
2.30946 -7.55391 4.14193
2.44094 -7.51245 3.24901
2.57168 -7.46871 2.41293
2.70164 -7.42269 2.41293
2.83077 -7.37441 1.60368
2.95904 -7.32388 0.799711
3.08641 -7.27112 0.799711
3.21284 -7.21615 -0.0178876
3.33829 -7.15898 -0.869166
3.46272 -7.09963 -0.869166
3.5861 -7.03811 -1.77954
3.70838 -6.97445 -2.78759
3.82954 -6.90867 -2.78759
3.94953 -6.84078 -3.96505
4.06832 -6.77081 -5.48657
4.18586 -6.69878 -5.48657
4.30213 -6.62471 -9.1
4.4171 -6.54862 -9.1
4.53071 -6.47053 -9.1
4.64295 -6.39047 -9.1
4.75377 -6.30847 -9.1
4.86315 -6.22454 -9.1
4.97104 -6.13872 -9.1
5.07742 -6.05103 -9.1
5.18225 -5.96149 -9.1
5.2855 -5.87014 -9.1
5.38714 -5.777 -9.1
5.48715 -5.68211 -9.1
5.58548 -5.58548 -9.1
5.68211 -5.48715 -9.1
5.777 -5.38714 -9.1
5.87014 -5.2855 -9.1
5.96149 -5.18225 -9.1
6.05103 -5.07742 -9.1
6.13872 -4.97104 -9.1
6.22454 -4.86315 -9.1
6.30847 -4.75377 -9.1
6.39047 -4.64295 -9.1
6.47053 -4.53071 -9.1
6.54862 -4.4171 -9.1
6.62471 -4.30213 -7.7511
6.69878 -4.18586 -5.36026
6.77081 -4.06832 -5.36026
6.84078 -3.94953 -3.86978
6.90867 -3.82954 -2.70069
6.97445 -3.70838 -2.70069
7.03811 -3.5861 -1.68933
7.09963 -3.46272 -0.767647
7.15898 -3.33829 -0.767647
7.21615 -3.21284 0.102188
7.27112 -3.08641 0.946128
7.32388 -2.95904 0.946128
7.37441 -2.83077 1.78555
7.42269 -2.70164 2.64151
7.46871 -2.57168 2.64151
7.51245 -2.44094 3.53885
7.55391 -2.30946 4.51266
7.59306 -2.17728 4.51266
7.6299 -2.04443 5.62314
7.66442 -1.91095 6.99971
7.6966 -1.7769 6.99971
7.72644 -1.64231 10.5
7.75393 -1.50721 10.5
7.77905 -1.37166 10.5
7.80181 -1.23568 10.5
7.82218 -1.09934 10.5
7.84018 -0.962653 10.5
7.85579 -0.825676 10.5
7.869 -0.688448 10.5
7.87982 -0.55101 10.5
7.88823 -0.413405 10.5
7.89425 -0.275673 10.5
7.89785 -0.137858 10.5

7.97885 0 10.5
7.97763 0.13925 10.5
7.97399 0.278458 10.5
7.96791 0.417581 10.5
7.95941 0.556576 10.5
7.94848 0.695402 10.5
7.93514 0.834016 10.5
7.91937 0.972377 10.5
7.9012 1.11044 10.5
7.88061 1.24817 10.5
7.85763 1.38551 10.5
7.83225 1.52244 10.5
7.80449 1.6589 9.35873
7.77435 1.79485 7.07167
7.74184 1.93026 7.07167
7.70697 2.06508 5.63719
7.66976 2.19927 4.50901
7.63021 2.33279 4.50901
7.58833 2.4656 3.52622
7.54415 2.59766 2.62226
7.49766 2.72893 2.62226
7.44889 2.85936 1.76037
7.39786 2.98893 0.91508
7.34457 3.11758 0.91508
7.28904 3.24529 0.0650062
7.23129 3.37201 -0.811468
7.17134 3.4977 -0.811468
7.1092 3.62232 -1.74045
7.0449 3.74584 -2.75956
6.97846 3.86822 -2.75956
6.90988 3.98942 -3.9345
6.83921 4.10941 -5.41187
6.76644 4.22814 -5.41187
6.69162 4.34559 -9.2
6.61476 4.46171 -9.2
6.53589 4.57648 -9.2
6.45502 4.68985 -9.2
6.37219 4.80179 -9.2
6.28742 4.91227 -9.2
6.20073 5.02125 -9.2
6.11215 5.1287 -9.2
6.02171 5.23459 -9.2
5.92944 5.33889 -9.2
5.83536 5.44156 -9.2
5.7395 5.54257 -9.2
5.6419 5.6419 -9.2
5.54257 5.7395 -9.2
5.44156 5.83536 -9.2
5.33889 5.92944 -9.2
5.23459 6.02171 -9.2
5.1287 6.11215 -9.2
5.02125 6.20073 -9.2
4.91227 6.28742 -9.2
4.80179 6.37219 -9.2
4.68985 6.45502 -9.2
4.57648 6.53589 -9.2
4.46171 6.61476 -9.2
4.34559 6.69162 -7.72715
4.22814 6.76644 -5.38745
4.10941 6.83921 -5.38745
3.98942 6.90988 -3.86583
3.86822 6.97846 -2.67077
3.74584 7.0449 -2.67077
3.62232 7.1092 -1.64201
3.4977 7.17134 -0.710077
3.37201 7.23129 -0.710077
3.24529 7.28904 0.163506
3.11758 7.34457 1.00447
2.98893 7.39786 1.00447
2.85936 7.44889 1.83331
2.72893 7.49766 2.66954
2.59766 7.54415 2.66954
2.4656 7.58833 3.53558
2.33279 7.63021 4.46276
2.19927 7.66976 4.46276
2.06508 7.70697 5.5061
1.93026 7.74184 6.79469
1.79485 7.77435 6.79469
1.6589 7.80449 9.9
1.52244 7.83225 9.9
1.38551 7.85763 9.9
1.24817 7.88061 9.9
1.11044 7.9012 9.9
0.972377 7.91937 9.9
0.834016 7.93514 9.9
0.695402 7.94848 9.9
0.556576 7.95941 9.9
0.417581 7.96791 9.9
0.278458 7.97399 9.9
0.13925 7.97763 9.9
4.88563e-16 7.97885 9.9
-0.13925 7.97763 9.9
-0.278458 7.97399 9.9
-0.417581 7.96791 9.9
-0.556576 7.95941 9.9
-0.695402 7.94848 9.9
-0.834016 7.93514 9.9
-0.972377 7.91937 9.9
-1.11044 7.9012 9.9
-1.24817 7.88061 9.9
-1.38551 7.85763 9.9
-1.52244 7.83225 9.9
-1.6589 7.80449 9.40521
-1.79485 7.77435 8.63672
-1.93026 7.74184 8.63672
-2.06508 7.70697 8.20025
-2.19927 7.66976 7.8995
-2.33279 7.63021 7.8995
-2.4656 7.58833 7.67665
-2.59766 7.54415 7.50818
-2.72893 7.49766 7.50818
-2.85936 7.44889 7.38238
-2.98893 7.39786 7.29305
-3.11758 7.34457 7.29305
-3.24529 7.28904 7.23723
-3.37201 7.23129 7.21445
-3.4977 7.17134 7.21445
-3.62232 7.1092 7.22685
-3.74584 7.0449 7.28038
-3.86822 6.97846 7.28038
-3.98942 6.90988 7.38858
-4.10941 6.83921 7.58669
-4.22814 6.76644 7.58669
-4.34559 6.69162 8.2
-4.46171 6.61476 8.2
-4.57648 6.53589 8.2
-4.68985 6.45502 8.2
-4.80179 6.37219 8.2
-4.91227 6.28742 8.2
-5.02125 6.20073 8.2
-5.1287 6.11215 8.2
-5.23459 6.02171 8.2
-5.33889 5.92944 8.2
-5.44156 5.83536 8.2
-5.54257 5.7395 8.2
-5.6419 5.6419 8.2
-5.7395 5.54257 8.2
-5.83536 5.44156 8.2
-5.92944 5.33889 8.2
-6.02171 5.23459 8.2
-6.11215 5.1287 8.2
-6.20073 5.02125 8.2
-6.28742 4.91227 8.2
-6.37219 4.80179 8.2
-6.45502 4.68985 8.2
-6.53589 4.57648 8.2
-6.61476 4.46171 8.2
-6.69162 4.34559 7.25001
-6.76644 4.22814 5.53449
-6.83921 4.10941 5.53449
-6.90988 3.98942 4.42245
-6.97846 3.86822 3.5164
-7.0449 3.74584 3.5164
-7.1092 3.62232 2.70433
-7.17134 3.4977 1.93933
-7.23129 3.37201 1.93933
-7.28904 3.24529 1.19458
-7.34457 3.11758 0.450657
-7.39786 2.98893 0.450657
-7.44889 2.85936 -0.309706
-7.49766 2.72893 -1.10498
-7.54415 2.59766 -1.10498
-7.58833 2.4656 -1.95858
-7.63021 2.33279 -2.90529
-7.66976 2.19927 -2.90529
-7.70697 2.06508 -4.00658
-7.74184 1.93026 -5.39638
-7.77435 1.79485 -5.39638
-7.80449 1.6589 -9
-7.83225 1.52244 -9
-7.85763 1.38551 -9
-7.88061 1.24817 -9
-7.9012 1.11044 -9
-7.91937 0.972377 -9
-7.93514 0.834016 -9
-7.94848 0.695402 -9
-7.95941 0.556576 -9
-7.96791 0.417581 -9
-7.97399 0.278458 -9
-7.97763 0.13925 -9
-7.97885 9.77127e-16 -9
-7.97763 -0.13925 -9
-7.97399 -0.278458 -9
-7.96791 -0.417581 -9
-7.95941 -0.556576 -9
-7.94848 -0.695402 -9
-7.93514 -0.834016 -9
-7.91937 -0.972377 -9
-7.9012 -1.11044 -9
-7.88061 -1.24817 -9
-7.85763 -1.38551 -9
-7.83225 -1.52244 -9
-7.80449 -1.6589 -7.81323
-7.77435 -1.79485 -5.44929
-7.74184 -1.93026 -5.44929
-7.70697 -2.06508 -3.9889
-7.66976 -2.19927 -2.8605
-7.63021 -2.33279 -2.8605
-7.58833 -2.4656 -1.89634
-7.54415 -2.59766 -1.02794
-7.49766 -2.72893 -1.02794
-7.44889 -2.85936 -0.218519
-7.39786 -2.98893 0.556136
-7.34457 -3.11758 0.556136
-7.28904 -3.24529 1.31501
-7.23129 -3.37201 2.07582
-7.17134 -3.4977 2.07582
-7.1092 -3.62232 2.85847
-7.0449 -3.74584 3.69019
-6.97846 -3.86822 3.69019
-6.90988 -3.98942 4.61731
-6.83921 -4.10941 5.74263
-6.76644 -4.22814 5.74263
-6.69162 -4.34559 8.5
-6.61476 -4.46171 8.5
-6.53589 -4.57648 8.5
-6.45502 -4.68985 8.5
-6.37219 -4.80179 8.5
-6.28742 -4.91227 8.5
-6.20073 -5.02125 8.5
-6.11215 -5.1287 8.5
-6.02171 -5.23459 8.5
-5.92944 -5.33889 8.5
-5.83536 -5.44156 8.5
-5.7395 -5.54257 8.5
-5.6419 -5.6419 8.5
-5.54257 -5.7395 8.5
-5.44156 -5.83536 8.5
-5.33889 -5.92944 8.5
-5.23459 -6.02171 8.5
-5.1287 -6.11215 8.5
-5.02125 -6.20073 8.5
-4.91227 -6.28742 8.5
-4.80179 -6.37219 8.5
-4.68985 -6.45502 8.5
-4.57648 -6.53589 8.5
-4.46171 -6.61476 8.5
-4.34559 -6.69162 8.1862
-4.22814 -6.76644 7.73137
-4.10941 -6.83921 7.73137
-3.98942 -6.90988 7.48618
-3.86822 -6.97846 7.33676
-3.74584 -7.0449 7.33676
-3.62232 -7.1092 7.24605
-3.4977 -7.17134 7.19889
-3.37201 -7.23129 7.19889
-3.24529 -7.28904 7.18821
-3.11758 -7.34457 7.21101
-2.98893 -7.39786 7.21101
-2.85936 -7.44889 7.26701
-2.72893 -7.49766 7.35841
-2.59766 -7.54415 7.35841
-2.4656 -7.58833 7.49046
-2.33279 -7.63021 7.67344
-2.19927 -7.66976 7.67344
-2.06508 -7.70697 7.92823
-1.93026 -7.74184 8.30611
-1.79485 -7.77435 8.30611
-1.6589 -7.80449 9.4
-1.52244 -7.83225 9.4
-1.38551 -7.85763 9.4
-1.24817 -7.88061 9.4
-1.11044 -7.9012 9.4
-0.972377 -7.91937 9.4
-0.834016 -7.93514 9.4
-0.695402 -7.94848 9.4
-0.556576 -7.95941 9.4
-0.417581 -7.96791 9.4
-0.278458 -7.97399 9.4
-0.13925 -7.97763 9.4
-1.46569e-15 -7.97885 9.4
0.13925 -7.97763 9.4
0.278458 -7.97399 9.4
0.417581 -7.96791 9.4
0.556576 -7.95941 9.4
0.695402 -7.94848 9.4
0.834016 -7.93514 9.4
0.972377 -7.91937 9.4
1.11044 -7.9012 9.4
1.24817 -7.88061 9.4
1.38551 -7.85763 9.4
1.52244 -7.83225 9.4
1.6589 -7.80449 8.26565
1.79485 -7.77435 6.37937
1.93026 -7.74184 6.37937
2.06508 -7.70697 5.14427
2.19927 -7.66976 4.14193
2.33279 -7.63021 4.14193
2.4656 -7.58833 3.24901
2.59766 -7.54415 2.41293
2.72893 -7.49766 2.41293
2.85936 -7.44889 1.60368
2.98893 -7.39786 0.799711
3.11758 -7.34457 0.799711
3.24529 -7.28904 -0.0178876
3.37201 -7.23129 -0.869166
3.4977 -7.17134 -0.869166
3.62232 -7.1092 -1.77954
3.74584 -7.0449 -2.78759
3.86822 -6.97846 -2.78759
3.98942 -6.90988 -3.96505
4.10941 -6.83921 -5.48657
4.22814 -6.76644 -5.48657
4.34559 -6.69162 -9.1
4.46171 -6.61476 -9.1
4.57648 -6.53589 -9.1
4.68985 -6.45502 -9.1
4.80179 -6.37219 -9.1
4.91227 -6.28742 -9.1
5.02125 -6.20073 -9.1
5.1287 -6.11215 -9.1
5.23459 -6.02171 -9.1
5.33889 -5.92944 -9.1
5.44156 -5.83536 -9.1
5.54257 -5.7395 -9.1
5.6419 -5.6419 -9.1
5.7395 -5.54257 -9.1
5.83536 -5.44156 -9.1
5.92944 -5.33889 -9.1
6.02171 -5.23459 -9.1
6.11215 -5.1287 -9.1
6.20073 -5.02125 -9.1
6.28742 -4.91227 -9.1
6.37219 -4.80179 -9.1
6.45502 -4.68985 -9.1
6.53589 -4.57648 -9.1
6.61476 -4.46171 -9.1
6.69162 -4.34559 -7.7511
6.76644 -4.22814 -5.36026
6.83921 -4.10941 -5.36026
6.90988 -3.98942 -3.86978
6.97846 -3.86822 -2.70069
7.0449 -3.74584 -2.70069
7.1092 -3.62232 -1.68933
7.17134 -3.4977 -0.767647
7.23129 -3.37201 -0.767647
7.28904 -3.24529 0.102188
7.34457 -3.11758 0.946128
7.39786 -2.98893 0.946128
7.44889 -2.85936 1.78555
7.49766 -2.72893 2.64151
7.54415 -2.59766 2.64151
7.58833 -2.4656 3.53885
7.63021 -2.33279 4.51266
7.66976 -2.19927 4.51266
7.70697 -2.06508 5.62314
7.74184 -1.93026 6.99971
7.77435 -1.79485 6.99971
7.80449 -1.6589 10.5
7.83225 -1.52244 10.5
7.85763 -1.38551 10.5
7.88061 -1.24817 10.5
7.9012 -1.11044 10.5
7.91937 -0.972377 10.5
7.93514 -0.834016 10.5
7.94848 -0.695402 10.5
7.95941 -0.556576 10.5
7.96791 -0.417581 10.5
7.97399 -0.278458 10.5
7.97763 -0.13925 10.5

