0.0797885 0 1.25739
0.0797763 0.0013925 1.25739
0.0797399 0.00278458 1.25739
0.0796791 0.00417581 1.25739
0.0795941 0.00556576 1.25739
0.0794848 0.00695402 1.25739
0.0793514 0.00834016 1.25739
0.0791937 0.00972377 1.25739
0.079012 0.0111044 1.25739
0.0788061 0.0124817 1.25739
0.0785763 0.0138551 1.25739
0.0783225 0.0152244 1.25739
0.0780449 0.016589 1.25739
0.0777435 0.0179485 1.25739
0.0774184 0.0193026 1.25739
0.0770697 0.0206508 1.25739
0.0766976 0.0219927 1.25739
0.0763021 0.0233279 1.25739
0.0758833 0.024656 1.25739
0.0754415 0.0259766 1.25739
0.0749766 0.0272893 1.25739
0.0744889 0.0285936 1.25739
0.0739786 0.0298893 1.25739
0.0734457 0.0311758 1.25739
0.0728904 0.0324529 1.25739
0.0723129 0.0337201 1.25739
0.0717134 0.034977 1.25739
0.071092 0.0362232 1.25739
0.070449 0.0374584 1.25739
0.0697846 0.0386822 1.25739
0.0690988 0.0398942 1.25739
0.0683921 0.0410941 1.25739
0.0676644 0.0422814 1.25739
0.0669162 0.0434559 1.25739
0.0661476 0.0446171 1.25739
0.0653589 0.0457648 1.25739
0.0645502 0.0468985 1.25739
0.0637219 0.0480179 1.25739
0.0628742 0.0491227 1.25739
0.0620073 0.0502125 1.25739
0.0611215 0.051287 1.25739
0.0602171 0.0523459 1.25739
0.0592944 0.0533889 1.25739
0.0583536 0.0544156 1.25739
0.057395 0.0554257 1.25739
0.056419 0.056419 1.25739
0.0554257 0.057395 1.25739
0.0544156 0.0583536 1.25739
0.0533889 0.0592944 1.25739
0.0523459 0.0602171 1.25739
0.051287 0.0611215 1.25739
0.0502125 0.0620073 1.25739
0.0491227 0.0628742 1.25739
0.0480179 0.0637219 1.25739
0.0468985 0.0645502 1.25739
0.0457648 0.0653589 1.25739
0.0446171 0.0661476 1.25739
0.0434559 0.0669162 1.25739
0.0422814 0.0676644 1.25739
0.0410941 0.0683921 1.25739
0.0398942 0.0690988 1.25739
0.0386822 0.0697846 1.25739
0.0374584 0.070449 1.25739
0.0362232 0.071092 1.25739
0.034977 0.0717134 1.25739
0.0337201 0.0723129 1.25739
0.0324529 0.0728904 1.25739
0.0311758 0.0734457 1.25739
0.0298893 0.0739786 1.25739
0.0285936 0.0744889 1.25739
0.0272893 0.0749766 1.25739
0.0259766 0.0754415 1.25739
0.024656 0.0758833 1.25739
0.0233279 0.0763021 1.25739
0.0219927 0.0766976 1.25739
0.0206508 0.0770697 1.25739
0.0193026 0.0774184 1.25739
0.0179485 0.0777435 1.25739
0.016589 0.0780449 1.25739
0.0152244 0.0783225 1.25739
0.0138551 0.0785763 1.25739
0.0124817 0.0788061 1.25739
0.0111044 0.079012 1.25739
0.00972377 0.0791937 1.25739
0.00834016 0.0793514 1.25739
0.00695402 0.0794848 1.25739
0.00556576 0.0795941 1.25739
0.00417581 0.0796791 1.25739
0.00278458 0.0797399 1.25739
0.0013925 0.0797763 1.25739
4.88563e-18 0.0797885 1.25739
-0.0013925 0.0797763 1.25739
-0.00278458 0.0797399 1.25739
-0.00417581 0.0796791 1.25739
-0.00556576 0.0795941 1.25739
-0.00695402 0.0794848 1.25739
-0.00834016 0.0793514 1.25739
-0.00972377 0.0791937 1.25739
-0.0111044 0.079012 1.25739
-0.0124817 0.0788061 1.25739
-0.0138551 0.0785763 1.25739
-0.0152244 0.0783225 1.25739
-0.016589 0.0780449 1.25739
-0.0179485 0.0777435 1.25739
-0.0193026 0.0774184 1.25739
-0.0206508 0.0770697 1.25739
-0.0219927 0.0766976 1.25739
-0.0233279 0.0763021 1.25739
-0.024656 0.0758833 1.25739
-0.0259766 0.0754415 1.25739
-0.0272893 0.0749766 1.25739
-0.0285936 0.0744889 1.25739
-0.0298893 0.0739786 1.25739
-0.0311758 0.0734457 1.25739
-0.0324529 0.0728904 1.25739
-0.0337201 0.0723129 1.25739
-0.034977 0.0717134 1.25739
-0.0362232 0.071092 1.25739
-0.0374584 0.070449 1.25739
-0.0386822 0.0697846 1.25739
-0.0398942 0.0690988 1.25739
-0.0410941 0.0683921 1.25739
-0.0422814 0.0676644 1.25739
-0.0434559 0.0669162 1.25739
-0.0446171 0.0661476 1.25739
-0.0457648 0.0653589 1.25739
-0.0468985 0.0645502 1.25739
-0.0480179 0.0637219 1.25739
-0.0491227 0.0628742 1.25739
-0.0502125 0.0620073 1.25739
-0.051287 0.0611215 1.25739
-0.0523459 0.0602171 1.25739
-0.0533889 0.0592944 1.25739
-0.0544156 0.0583536 1.25739
-0.0554257 0.057395 1.25739
-0.056419 0.056419 1.25739
-0.057395 0.0554257 1.25739
-0.0583536 0.0544156 1.25739
-0.0592944 0.0533889 1.25739
-0.0602171 0.0523459 1.25739
-0.0611215 0.051287 1.25739
-0.0620073 0.0502125 1.25739
-0.0628742 0.0491227 1.25739
-0.0637219 0.0480179 1.25739
-0.0645502 0.0468985 1.25739
-0.0653589 0.0457648 1.25739
-0.0661476 0.0446171 1.25739
-0.0669162 0.0434559 1.25739
-0.0676644 0.0422814 1.25739
-0.0683921 0.0410941 1.25739
-0.0690988 0.0398942 1.25739
-0.0697846 0.0386822 1.25739
-0.070449 0.0374584 1.25739
-0.071092 0.0362232 1.25739
-0.0717134 0.034977 1.25739
-0.0723129 0.0337201 1.25739
-0.0728904 0.0324529 1.25739
-0.0734457 0.0311758 1.25739
-0.0739786 0.0298893 1.25739
-0.0744889 0.0285936 1.25739
-0.0749766 0.0272893 1.25739
-0.0754415 0.0259766 1.25739
-0.0758833 0.024656 1.25739
-0.0763021 0.0233279 1.25739
-0.0766976 0.0219927 1.25739
-0.0770697 0.0206508 1.25739
-0.0774184 0.0193026 1.25739
-0.0777435 0.0179485 1.25739
-0.0780449 0.016589 1.25739
-0.0783225 0.0152244 1.25739
-0.0785763 0.0138551 1.25739
-0.0788061 0.0124817 1.25739
-0.079012 0.0111044 1.25739
-0.0791937 0.00972377 1.25739
-0.0793514 0.00834016 1.25739
-0.0794848 0.00695402 1.25739
-0.0795941 0.00556576 1.25739
-0.0796791 0.00417581 1.25739
-0.0797399 0.00278458 1.25739
-0.0797763 0.0013925 1.25739
-0.0797885 9.77127e-18 1.25739
-0.0797763 -0.0013925 1.25739
-0.0797399 -0.00278458 1.25739
-0.0796791 -0.00417581 1.25739
-0.0795941 -0.00556576 1.25739
-0.0794848 -0.00695402 1.25739
-0.0793514 -0.00834016 1.25739
-0.0791937 -0.00972377 1.25739
-0.079012 -0.0111044 1.25739
-0.0788061 -0.0124817 1.25739
-0.0785763 -0.0138551 1.25739
-0.0783225 -0.0152244 1.25739
-0.0780449 -0.016589 1.25739
-0.0777435 -0.0179485 1.25739
-0.0774184 -0.0193026 1.25739
-0.0770697 -0.0206508 1.25739
-0.0766976 -0.0219927 1.25739
-0.0763021 -0.0233279 1.25739
-0.0758833 -0.024656 1.25739
-0.0754415 -0.0259766 1.25739
-0.0749766 -0.0272893 1.25739
-0.0744889 -0.0285936 1.25739
-0.0739786 -0.0298893 1.25739
-0.0734457 -0.0311758 1.25739
-0.0728904 -0.0324529 1.25739
-0.0723129 -0.0337201 1.25739
-0.0717134 -0.034977 1.25739
-0.071092 -0.0362232 1.25739
-0.070449 -0.0374584 1.25739
-0.0697846 -0.0386822 1.25739
-0.0690988 -0.0398942 1.25739
-0.0683921 -0.0410941 1.25739
-0.0676644 -0.0422814 1.25739
-0.0669162 -0.0434559 1.25739
-0.0661476 -0.0446171 1.25739
-0.0653589 -0.0457648 1.25739
-0.0645502 -0.0468985 1.25739
-0.0637219 -0.0480179 1.25739
-0.0628742 -0.0491227 1.25739
-0.0620073 -0.0502125 1.25739
-0.0611215 -0.051287 1.25739
-0.0602171 -0.0523459 1.25739
-0.0592944 -0.0533889 1.25739
-0.0583536 -0.0544156 1.25739
-0.057395 -0.0554257 1.25739
-0.056419 -0.056419 1.25739
-0.0554257 -0.057395 1.25739
-0.0544156 -0.0583536 1.25739
-0.0533889 -0.0592944 1.25739
-0.0523459 -0.0602171 1.25739
-0.051287 -0.0611215 1.25739
-0.0502125 -0.0620073 1.25739
-0.0491227 -0.0628742 1.25739
-0.0480179 -0.0637219 1.25739
-0.0468985 -0.0645502 1.25739
-0.0457648 -0.0653589 1.25739
-0.0446171 -0.0661476 1.25739
-0.0434559 -0.0669162 1.25739
-0.0422814 -0.0676644 1.25739
-0.0410941 -0.0683921 1.25739
-0.0398942 -0.0690988 1.25739
-0.0386822 -0.0697846 1.25739
-0.0374584 -0.070449 1.25739
-0.0362232 -0.071092 1.25739
-0.034977 -0.0717134 1.25739
-0.0337201 -0.0723129 1.25739
-0.0324529 -0.0728904 1.25739
-0.0311758 -0.0734457 1.25739
-0.0298893 -0.0739786 1.25739
-0.0285936 -0.0744889 1.25739
-0.0272893 -0.0749766 1.25739
-0.0259766 -0.0754415 1.25739
-0.024656 -0.0758833 1.25739
-0.0233279 -0.0763021 1.25739
-0.0219927 -0.0766976 1.25739
-0.0206508 -0.0770697 1.25739
-0.0193026 -0.0774184 1.25739
-0.0179485 -0.0777435 1.25739
-0.016589 -0.0780449 1.25739
-0.0152244 -0.0783225 1.25739
-0.0138551 -0.0785763 1.25739
-0.0124817 -0.0788061 1.25739
-0.0111044 -0.079012 1.25739
-0.00972377 -0.0791937 1.25739
-0.00834016 -0.0793514 1.25739
-0.00695402 -0.0794848 1.25739
-0.00556576 -0.0795941 1.25739
-0.00417581 -0.0796791 1.25739
-0.00278458 -0.0797399 1.25739
-0.0013925 -0.0797763 1.25739
-1.46569e-17 -0.0797885 1.25739
0.0013925 -0.0797763 1.25739
0.00278458 -0.0797399 1.25739
0.00417581 -0.0796791 1.25739
0.00556576 -0.0795941 1.25739
0.00695402 -0.0794848 1.25739
0.00834016 -0.0793514 1.25739
0.00972377 -0.0791937 1.25739
0.0111044 -0.079012 1.25739
0.0124817 -0.0788061 1.25739
0.0138551 -0.0785763 1.25739
0.0152244 -0.0783225 1.25739
0.016589 -0.0780449 1.25739
0.0179485 -0.0777435 1.25739
0.0193026 -0.0774184 1.25739
0.0206508 -0.0770697 1.25739
0.0219927 -0.0766976 1.25739
0.0233279 -0.0763021 1.25739
0.024656 -0.0758833 1.25739
0.0259766 -0.0754415 1.25739
0.0272893 -0.0749766 1.25739
0.0285936 -0.0744889 1.25739
0.0298893 -0.0739786 1.25739
0.0311758 -0.0734457 1.25739
0.0324529 -0.0728904 1.25739
0.0337201 -0.0723129 1.25739
0.034977 -0.0717134 1.25739
0.0362232 -0.071092 1.25739
0.0374584 -0.070449 1.25739
0.0386822 -0.0697846 1.25739
0.0398942 -0.0690988 1.25739
0.0410941 -0.0683921 1.25739
0.0422814 -0.0676644 1.25739
0.0434559 -0.0669162 1.25739
0.0446171 -0.0661476 1.25739
0.0457648 -0.0653589 1.25739
0.0468985 -0.0645502 1.25739
0.0480179 -0.0637219 1.25739
0.0491227 -0.0628742 1.25739
0.0502125 -0.0620073 1.25739
0.051287 -0.0611215 1.25739
0.0523459 -0.0602171 1.25739
0.0533889 -0.0592944 1.25739
0.0544156 -0.0583536 1.25739
0.0554257 -0.057395 1.25739
0.056419 -0.056419 1.25739
0.057395 -0.0554257 1.25739
0.0583536 -0.0544156 1.25739
0.0592944 -0.0533889 1.25739
0.0602171 -0.0523459 1.25739
0.0611215 -0.051287 1.25739
0.0620073 -0.0502125 1.25739
0.0628742 -0.0491227 1.25739
0.0637219 -0.0480179 1.25739
0.0645502 -0.0468985 1.25739
0.0653589 -0.0457648 1.25739
0.0661476 -0.0446171 1.25739
0.0669162 -0.0434559 1.25739
0.0676644 -0.0422814 1.25739
0.0683921 -0.0410941 1.25739
0.0690988 -0.0398942 1.25739
0.0697846 -0.0386822 1.25739
0.070449 -0.0374584 1.25739
0.071092 -0.0362232 1.25739
0.0717134 -0.034977 1.25739
0.0723129 -0.0337201 1.25739
0.0728904 -0.0324529 1.25739
0.0734457 -0.0311758 1.25739
0.0739786 -0.0298893 1.25739
0.0744889 -0.0285936 1.25739
0.0749766 -0.0272893 1.25739
0.0754415 -0.0259766 1.25739
0.0758833 -0.024656 1.25739
0.0763021 -0.0233279 1.25739
0.0766976 -0.0219927 1.25739
0.0770697 -0.0206508 1.25739
0.0774184 -0.0193026 1.25739
0.0777435 -0.0179485 1.25739
0.0780449 -0.016589 1.25739
0.0783225 -0.0152244 1.25739
0.0785763 -0.0138551 1.25739
0.0788061 -0.0124817 1.25739
0.079012 -0.0111044 1.25739
0.0791937 -0.00972377 1.25739
0.0793514 -0.00834016 1.25739
0.0794848 -0.00695402 1.25739
0.0795941 -0.00556576 1.25739
0.0796791 -0.00417581 1.25739
0.0797399 -0.00278458 1.25739
0.0797763 -0.0013925 1.25739

0.159577 0 1.11589
0.159553 0.002785 1.11589
0.15948 0.00556915 1.11589
0.159358 0.00835161 1.11589
0.159188 0.0111315 1.11589
0.15897 0.013908 1.11589
0.158703 0.0166803 1.11589
0.158387 0.0194475 1.11589
0.158024 0.0222088 1.11589
0.157612 0.0249633 1.11589
0.157153 0.0277102 1.11589
0.156645 0.0304487 1.11589
0.15609 0.0331779 1.11589
0.155487 0.035897 1.11589
0.154837 0.0386051 1.11589
0.154139 0.0413015 1.11589
0.153395 0.0439854 1.11589
0.152604 0.0466558 1.11589
0.151767 0.049312 1.11589
0.150883 0.0519532 1.11589
0.149953 0.0545785 1.11589
0.148978 0.0571873 1.11589
0.147957 0.0597786 1.11589
0.146891 0.0623517 1.11589
0.145781 0.0649058 1.11589
0.144626 0.0674401 1.11589
0.143427 0.0699539 1.11589
0.142184 0.0724464 1.11589
0.140898 0.0749168 1.11589
0.139569 0.0773644 1.11589
0.138198 0.0797885 1.4731
0.136784 0.0821882 1.4731
0.135329 0.0845629 1.4731
0.133832 0.0869118 1.4731
0.132295 0.0892343 1.4731
0.130718 0.0915296 1.4731
0.1291 0.093797 1.4731
0.127444 0.0960358 1.4731
0.125748 0.0982454 1.4731
0.124015 0.100425 1.4731
0.122243 0.102574 1.4731
0.120434 0.104692 1.4731
0.118589 0.106778 1.4731
0.116707 0.108831 1.4731
0.11479 0.110851 1.4731
0.112838 0.112838 1.4731
0.110851 0.11479 1.4731
0.108831 0.116707 1.4731
0.106778 0.118589 1.4731
0.104692 0.120434 1.4731
0.102574 0.122243 1.4731
0.100425 0.124015 1.4731
0.0982454 0.125748 1.4731
0.0960358 0.127444 1.4731
0.093797 0.1291 1.4731
0.0915296 0.130718 1.4731
0.0892343 0.132295 1.4731
0.0869118 0.133832 1.4731
0.0845629 0.135329 1.4731
0.0821882 0.136784 1.4731
0.0797885 0.138198 1.4731
0.0773644 0.139569 1.4731
0.0749168 0.140898 1.4731
0.0724464 0.142184 1.4731
0.0699539 0.143427 1.4731
0.0674401 0.144626 1.4731
0.0649058 0.145781 1.4731
0.0623517 0.146891 1.4731
0.0597786 0.147957 1.4731
0.0571873 0.148978 1.4731
0.0545785 0.149953 1.4731
0.0519532 0.150883 1.4731
0.049312 0.151767 1.4731
0.0466558 0.152604 1.4731
0.0439854 0.153395 1.4731
0.0413015 0.154139 1.4731
0.0386051 0.154837 1.4731
0.035897 0.155487 1.4731
0.0331779 0.15609 1.4731
0.0304487 0.156645 1.4731
0.0277102 0.157153 1.4731
0.0249633 0.157612 1.4731
0.0222088 0.158024 1.4731
0.0194475 0.158387 1.4731
0.0166803 0.158703 1.4731
0.013908 0.15897 1.4731
0.0111315 0.159188 1.4731
0.00835161 0.159358 1.4731
0.00556915 0.15948 1.4731
0.002785 0.159553 1.4731
9.77127e-18 0.159577 1.73118
-0.002785 0.159553 1.73118
-0.00556915 0.15948 1.73118
-0.00835161 0.159358 1.73118
-0.0111315 0.159188 1.73118
-0.013908 0.15897 1.73118
-0.0166803 0.158703 1.73118
-0.0194475 0.158387 1.73118
-0.0222088 0.158024 1.73118
-0.0249633 0.157612 1.73118
-0.0277102 0.157153 1.73118
-0.0304487 0.156645 1.73118
-0.0331779 0.15609 1.73118
-0.035897 0.155487 1.73118
-0.0386051 0.154837 1.73118
-0.0413015 0.154139 1.73118
-0.0439854 0.153395 1.73118
-0.0466558 0.152604 1.73118
-0.049312 0.151767 1.73118
-0.0519532 0.150883 1.73118
-0.0545785 0.149953 1.73118
-0.0571873 0.148978 1.73118
-0.0597786 0.147957 1.73118
-0.0623517 0.146891 1.73118
-0.0649058 0.145781 1.73118
-0.0674401 0.144626 1.73118
-0.0699539 0.143427 1.73118
-0.0724464 0.142184 1.73118
-0.0749168 0.140898 1.73118
-0.0773644 0.139569 1.73118
-0.0797885 0.138198 1.73118
-0.0821882 0.136784 1.73118
-0.0845629 0.135329 1.73118
-0.0869118 0.133832 1.73118
-0.0892343 0.132295 1.73118
-0.0915296 0.130718 1.73118
-0.093797 0.1291 1.73118
-0.0960358 0.127444 1.73118
-0.0982454 0.125748 1.73118
-0.100425 0.124015 1.73118
-0.102574 0.122243 1.73118
-0.104692 0.120434 1.73118
-0.106778 0.118589 1.73118
-0.108831 0.116707 1.73118
-0.110851 0.11479 1.73118
-0.112838 0.112838 1.73118
-0.11479 0.110851 1.73118
-0.116707 0.108831 1.73118
-0.118589 0.106778 1.73118
-0.120434 0.104692 1.73118
-0.122243 0.102574 1.73118
-0.124015 0.100425 1.73118
-0.125748 0.0982454 1.73118
-0.127444 0.0960358 1.73118
-0.1291 0.093797 1.73118
-0.130718 0.0915296 1.73118
-0.132295 0.0892343 1.73118
-0.133832 0.0869118 1.73118
-0.135329 0.0845629 1.73118
-0.136784 0.0821882 1.73118
-0.138198 0.0797885 1.48707
-0.139569 0.0773644 1.48707
-0.140898 0.0749168 1.48707
-0.142184 0.0724464 1.48707
-0.143427 0.0699539 1.48707
-0.144626 0.0674401 1.48707
-0.145781 0.0649058 1.48707
-0.146891 0.0623517 1.48707
-0.147957 0.0597786 1.48707
-0.148978 0.0571873 1.48707
-0.149953 0.0545785 1.48707
-0.150883 0.0519532 1.48707
-0.151767 0.049312 1.48707
-0.152604 0.0466558 1.48707
-0.153395 0.0439854 1.48707
-0.154139 0.0413015 1.48707
-0.154837 0.0386051 1.48707
-0.155487 0.035897 1.48707
-0.15609 0.0331779 1.48707
-0.156645 0.0304487 1.48707
-0.157153 0.0277102 1.48707
-0.157612 0.0249633 1.48707
-0.158024 0.0222088 1.48707
-0.158387 0.0194475 1.48707
-0.158703 0.0166803 1.48707
-0.15897 0.013908 1.48707
-0.159188 0.0111315 1.48707
-0.159358 0.00835161 1.48707
-0.15948 0.00556915 1.48707
-0.159553 0.002785 1.48707
-0.159577 1.95425e-17 1.48707
-0.159553 -0.002785 1.48707
-0.15948 -0.00556915 1.48707
-0.159358 -0.00835161 1.48707
-0.159188 -0.0111315 1.48707
-0.15897 -0.013908 1.48707
-0.158703 -0.0166803 1.48707
-0.158387 -0.0194475 1.48707
-0.158024 -0.0222088 1.48707
-0.157612 -0.0249633 1.48707
-0.157153 -0.0277102 1.48707
-0.156645 -0.0304487 1.48707
-0.15609 -0.0331779 1.48707
-0.155487 -0.035897 1.48707
-0.154837 -0.0386051 1.48707
-0.154139 -0.0413015 1.48707
-0.153395 -0.0439854 1.48707
-0.152604 -0.0466558 1.48707
-0.151767 -0.049312 1.48707
-0.150883 -0.0519532 1.48707
-0.149953 -0.0545785 1.48707
-0.148978 -0.0571873 1.48707
-0.147957 -0.0597786 1.48707
-0.146891 -0.0623517 1.48707
-0.145781 -0.0649058 1.48707
-0.144626 -0.0674401 1.48707
-0.143427 -0.0699539 1.48707
-0.142184 -0.0724464 1.48707
-0.140898 -0.0749168 1.48707
-0.139569 -0.0773644 1.48707
-0.138198 -0.0797885 1.48707
-0.136784 -0.0821882 0.923059
-0.135329 -0.0845629 0.923059
-0.133832 -0.0869118 0.923059
-0.132295 -0.0892343 0.923059
-0.130718 -0.0915296 0.923059
-0.1291 -0.093797 0.923059
-0.127444 -0.0960358 0.923059
-0.125748 -0.0982454 0.923059
-0.124015 -0.100425 0.923059
-0.122243 -0.102574 0.923059
-0.120434 -0.104692 0.923059
-0.118589 -0.106778 0.923059
-0.116707 -0.108831 0.923059
-0.11479 -0.110851 0.923059
-0.112838 -0.112838 0.923059
-0.110851 -0.11479 0.923059
-0.108831 -0.116707 0.923059
-0.106778 -0.118589 0.923059
-0.104692 -0.120434 0.923059
-0.102574 -0.122243 0.923059
-0.100425 -0.124015 0.923059
-0.0982454 -0.125748 0.923059
-0.0960358 -0.127444 0.923059
-0.093797 -0.1291 0.923059
-0.0915296 -0.130718 0.923059
-0.0892343 -0.132295 0.923059
-0.0869118 -0.133832 0.923059
-0.0845629 -0.135329 0.923059
-0.0821882 -0.136784 0.923059
-0.0797885 -0.138198 0.923059
-0.0773644 -0.139569 0.923059
-0.0749168 -0.140898 0.923059
-0.0724464 -0.142184 0.923059
-0.0699539 -0.143427 0.923059
-0.0674401 -0.144626 0.923059
-0.0649058 -0.145781 0.923059
-0.0623517 -0.146891 0.923059
-0.0597786 -0.147957 0.923059
-0.0571873 -0.148978 0.923059
-0.0545785 -0.149953 0.923059
-0.0519532 -0.150883 0.923059
-0.049312 -0.151767 0.923059
-0.0466558 -0.152604 0.923059
-0.0439854 -0.153395 0.923059
-0.0413015 -0.154139 0.923059
-0.0386051 -0.154837 0.923059
-0.035897 -0.155487 0.923059
-0.0331779 -0.15609 0.923059
-0.0304487 -0.156645 0.923059
-0.0277102 -0.157153 0.923059
-0.0249633 -0.157612 0.923059
-0.0222088 -0.158024 0.923059
-0.0194475 -0.158387 0.923059
-0.0166803 -0.158703 0.923059
-0.013908 -0.15897 0.923059
-0.0111315 -0.159188 0.923059
-0.00835161 -0.159358 0.923059
-0.00556915 -0.15948 0.923059
-0.002785 -0.159553 0.923059
-2.93138e-17 -0.159577 0.923059
0.002785 -0.159553 0.813997
0.00556915 -0.15948 0.813997
0.00835161 -0.159358 0.813997
0.0111315 -0.159188 0.813997
0.013908 -0.15897 0.813997
0.0166803 -0.158703 0.813997
0.0194475 -0.158387 0.813997
0.0222088 -0.158024 0.813997
0.0249633 -0.157612 0.813997
0.0277102 -0.157153 0.813997
0.0304487 -0.156645 0.813997
0.0331779 -0.15609 0.813997
0.035897 -0.155487 0.813997
0.0386051 -0.154837 0.813997
0.0413015 -0.154139 0.813997
0.0439854 -0.153395 0.813997
0.0466558 -0.152604 0.813997
0.049312 -0.151767 0.813997
0.0519532 -0.150883 0.813997
0.0545785 -0.149953 0.813997
0.0571873 -0.148978 0.813997
0.0597786 -0.147957 0.813997
0.0623517 -0.146891 0.813997
0.0649058 -0.145781 0.813997
0.0674401 -0.144626 0.813997
0.0699539 -0.143427 0.813997
0.0724464 -0.142184 0.813997
0.0749168 -0.140898 0.813997
0.0773644 -0.139569 0.813997
0.0797885 -0.138198 0.813997
0.0821882 -0.136784 0.813997
0.0845629 -0.135329 0.813997
0.0869118 -0.133832 0.813997
0.0892343 -0.132295 0.813997
0.0915296 -0.130718 0.813997
0.093797 -0.1291 0.813997
0.0960358 -0.127444 0.813997
0.0982454 -0.125748 0.813997
0.100425 -0.124015 0.813997
0.102574 -0.122243 0.813997
0.104692 -0.120434 0.813997
0.106778 -0.118589 0.813997
0.108831 -0.116707 0.813997
0.110851 -0.11479 0.813997
0.112838 -0.112838 0.813997
0.11479 -0.110851 0.813997
0.116707 -0.108831 0.813997
0.118589 -0.106778 0.813997
0.120434 -0.104692 0.813997
0.122243 -0.102574 0.813997
0.124015 -0.100425 0.813997
0.125748 -0.0982454 0.813997
0.127444 -0.0960358 0.813997
0.1291 -0.093797 0.813997
0.130718 -0.0915296 0.813997
0.132295 -0.0892343 0.813997
0.133832 -0.0869118 0.813997
0.135329 -0.0845629 0.813997
0.136784 -0.0821882 0.813997
0.138198 -0.0797885 0.813997
0.139569 -0.0773644 1.25739
0.140898 -0.0749168 1.25739
0.142184 -0.0724464 1.25739
0.143427 -0.0699539 1.25739
0.144626 -0.0674401 1.25739
0.145781 -0.0649058 1.25739
0.146891 -0.0623517 1.25739
0.147957 -0.0597786 1.25739
0.148978 -0.0571873 1.25739
0.149953 -0.0545785 1.25739
0.150883 -0.0519532 1.25739
0.151767 -0.049312 1.25739
0.152604 -0.0466558 1.25739
0.153395 -0.0439854 1.25739
0.154139 -0.0413015 1.25739
0.154837 -0.0386051 1.25739
0.155487 -0.035897 1.25739
0.15609 -0.0331779 1.25739
0.156645 -0.0304487 1.25739
0.157153 -0.0277102 1.25739
0.157612 -0.0249633 1.25739
0.158024 -0.0222088 1.25739
0.158387 -0.0194475 1.25739
0.158703 -0.0166803 1.25739
0.15897 -0.013908 1.25739
0.159188 -0.0111315 1.25739
0.159358 -0.00835161 1.25739
0.15948 -0.00556915 1.25739
0.159553 -0.002785 1.25739

0.239365 0 1.11589
0.239329 0.0041775 1.11589
0.23922 0.00835373 1.11589
0.239037 0.0125274 1.11589
0.238782 0.0166973 1.11589
0.238455 0.0208621 1.11589
0.238054 0.0250205 1.11589
0.237581 0.0291713 1.11589
0.237036 0.0333132 1.11589
0.236418 0.037445 1.11589
0.235729 0.0415654 1.11589
0.234968 0.0456731 1.11589
0.234135 0.0497669 1.11589
0.23323 0.0538455 1.11589
0.232255 0.0579077 1.11589
0.231209 0.0619523 1.11589
0.230093 0.065978 1.11589
0.228906 0.0699837 1.11589
0.22765 0.073968 1.11589
0.226324 0.0779297 1.11589
0.22493 0.0818678 1.11589
0.223467 0.0857809 1.11589
0.221936 0.0896678 1.11589
0.220337 0.0935275 1.11589
0.218671 0.0973587 1.11589
0.216939 0.10116 1.11589
0.21514 0.104931 1.11589
0.213276 0.10867 1.11589
0.211347 0.112375 1.11589
0.209354 0.116047 1.11589
0.207296 0.119683 1.4731
0.205176 0.123282 1.4731
0.202993 0.126844 1.4731
0.200749 0.130368 1.4731
0.198443 0.133851 1.4731
0.196077 0.137294 1.4731
0.193651 0.140695 1.4731
0.191166 0.144054 1.4731
0.188622 0.147368 1.4731
0.186022 0.150638 1.4731
0.183365 0.153861 1.4731
0.180651 0.157038 1.4731
0.177883 0.160167 1.4731
0.175061 0.163247 1.4731
0.172185 0.166277 1.4731
0.169257 0.169257 1.4731
0.166277 0.172185 1.4731
0.163247 0.175061 1.4731
0.160167 0.177883 1.4731
0.157038 0.180651 1.4731
0.153861 0.183365 1.4731
0.150638 0.186022 1.4731
0.147368 0.188622 1.4731
0.144054 0.191166 1.4731
0.140695 0.193651 1.4731
0.137294 0.196077 1.4731
0.133851 0.198443 1.4731
0.130368 0.200749 1.4731
0.126844 0.202993 1.4731
0.123282 0.205176 1.4731
0.119683 0.207296 1.4731
0.116047 0.209354 1.4731
0.112375 0.211347 1.4731
0.10867 0.213276 1.4731
0.104931 0.21514 1.4731
0.10116 0.216939 1.4731
0.0973587 0.218671 1.4731
0.0935275 0.220337 1.4731
0.0896678 0.221936 1.4731
0.0857809 0.223467 1.4731
0.0818678 0.22493 1.4731
0.0779297 0.226324 1.4731
0.073968 0.22765 1.4731
0.0699837 0.228906 1.4731
0.065978 0.230093 1.4731
0.0619523 0.231209 1.4731
0.0579077 0.232255 1.4731
0.0538455 0.23323 1.4731
0.0497669 0.234135 1.4731
0.0456731 0.234968 1.4731
0.0415654 0.235729 1.4731
0.037445 0.236418 1.4731
0.0333132 0.237036 1.4731
0.0291713 0.237581 1.4731
0.0250205 0.238054 1.4731
0.0208621 0.238455 1.4731
0.0166973 0.238782 1.4731
0.0125274 0.239037 1.4731
0.00835373 0.23922 1.4731
0.0041775 0.239329 1.4731
1.46569e-17 0.239365 1.73118
-0.0041775 0.239329 1.73118
-0.00835373 0.23922 1.73118
-0.0125274 0.239037 1.73118
-0.0166973 0.238782 1.73118
-0.0208621 0.238455 1.73118
-0.0250205 0.238054 1.73118
-0.0291713 0.237581 1.73118
-0.0333132 0.237036 1.73118
-0.037445 0.236418 1.73118
-0.0415654 0.235729 1.73118
-0.0456731 0.234968 1.73118
-0.0497669 0.234135 1.73118
-0.0538455 0.23323 1.73118
-0.0579077 0.232255 1.73118
-0.0619523 0.231209 1.73118
-0.065978 0.230093 1.73118
-0.0699837 0.228906 1.73118
-0.073968 0.22765 1.73118
-0.0779297 0.226324 1.73118
-0.0818678 0.22493 1.73118
-0.0857809 0.223467 1.73118
-0.0896678 0.221936 1.73118
-0.0935275 0.220337 1.73118
-0.0973587 0.218671 1.73118
-0.10116 0.216939 1.73118
-0.104931 0.21514 1.73118
-0.10867 0.213276 1.73118
-0.112375 0.211347 1.73118
-0.116047 0.209354 1.73118
-0.119683 0.207296 1.73118
-0.123282 0.205176 1.73118
-0.126844 0.202993 1.73118
-0.130368 0.200749 1.73118
-0.133851 0.198443 1.73118
-0.137294 0.196077 1.73118
-0.140695 0.193651 1.73118
-0.144054 0.191166 1.73118
-0.147368 0.188622 1.73118
-0.150638 0.186022 1.73118
-0.153861 0.183365 1.73118
-0.157038 0.180651 1.73118
-0.160167 0.177883 1.73118
-0.163247 0.175061 1.73118
-0.166277 0.172185 1.73118
-0.169257 0.169257 1.73118
-0.172185 0.166277 1.73118
-0.175061 0.163247 1.73118
-0.177883 0.160167 1.73118
-0.180651 0.157038 1.73118
-0.183365 0.153861 1.73118
-0.186022 0.150638 1.73118
-0.188622 0.147368 1.73118
-0.191166 0.144054 1.73118
-0.193651 0.140695 1.73118
-0.196077 0.137294 1.73118
-0.198443 0.133851 1.73118
-0.200749 0.130368 1.73118
-0.202993 0.126844 1.73118
-0.205176 0.123282 1.73118
-0.207296 0.119683 1.48707
-0.209354 0.116047 1.48707
-0.211347 0.112375 1.48707
-0.213276 0.10867 1.48707
-0.21514 0.104931 1.48707
-0.216939 0.10116 1.48707
-0.218671 0.0973587 1.48707
-0.220337 0.0935275 1.48707
-0.221936 0.0896678 1.48707
-0.223467 0.0857809 1.48707
-0.22493 0.0818678 1.48707
-0.226324 0.0779297 1.48707
-0.22765 0.073968 1.48707
-0.228906 0.0699837 1.48707
-0.230093 0.065978 1.48707
-0.231209 0.0619523 1.48707
-0.232255 0.0579077 1.48707
-0.23323 0.0538455 1.48707
-0.234135 0.0497669 1.48707
-0.234968 0.0456731 1.48707
-0.235729 0.0415654 1.48707
-0.236418 0.037445 1.48707
-0.237036 0.0333132 1.48707
-0.237581 0.0291713 1.48707
-0.238054 0.0250205 1.48707
-0.238455 0.0208621 1.48707
-0.238782 0.0166973 1.48707
-0.239037 0.0125274 1.48707
-0.23922 0.00835373 1.48707
-0.239329 0.0041775 1.48707
-0.239365 2.93138e-17 1.48707
-0.239329 -0.0041775 1.48707
-0.23922 -0.00835373 1.48707
-0.239037 -0.0125274 1.48707
-0.238782 -0.0166973 1.48707
-0.238455 -0.0208621 1.48707
-0.238054 -0.0250205 1.48707
-0.237581 -0.0291713 1.48707
-0.237036 -0.0333132 1.48707
-0.236418 -0.037445 1.48707
-0.235729 -0.0415654 1.48707
-0.234968 -0.0456731 1.48707
-0.234135 -0.0497669 1.48707
-0.23323 -0.0538455 1.48707
-0.232255 -0.0579077 1.48707
-0.231209 -0.0619523 1.48707
-0.230093 -0.065978 1.48707
-0.228906 -0.0699837 1.48707
-0.22765 -0.073968 1.48707
-0.226324 -0.0779297 1.48707
-0.22493 -0.0818678 1.48707
-0.223467 -0.0857809 1.48707
-0.221936 -0.0896678 1.48707
-0.220337 -0.0935275 1.48707
-0.218671 -0.0973587 1.48707
-0.216939 -0.10116 1.48707
-0.21514 -0.104931 1.48707
-0.213276 -0.10867 1.48707
-0.211347 -0.112375 1.48707
-0.209354 -0.116047 1.48707
-0.207296 -0.119683 1.48707
-0.205176 -0.123282 0.923059
-0.202993 -0.126844 0.923059
-0.200749 -0.130368 0.923059
-0.198443 -0.133851 0.923059
-0.196077 -0.137294 0.923059
-0.193651 -0.140695 0.923059
-0.191166 -0.144054 0.923059
-0.188622 -0.147368 0.923059
-0.186022 -0.150638 0.923059
-0.183365 -0.153861 0.923059
-0.180651 -0.157038 0.923059
-0.177883 -0.160167 0.923059
-0.175061 -0.163247 0.923059
-0.172185 -0.166277 0.923059
-0.169257 -0.169257 0.923059
-0.166277 -0.172185 0.923059
-0.163247 -0.175061 0.923059
-0.160167 -0.177883 0.923059
-0.157038 -0.180651 0.923059
-0.153861 -0.183365 0.923059
-0.150638 -0.186022 0.923059
-0.147368 -0.188622 0.923059
-0.144054 -0.191166 0.923059
-0.140695 -0.193651 0.923059
-0.137294 -0.196077 0.923059
-0.133851 -0.198443 0.923059
-0.130368 -0.200749 0.923059
-0.126844 -0.202993 0.923059
-0.123282 -0.205176 0.923059
-0.119683 -0.207296 0.923059
-0.116047 -0.209354 0.923059
-0.112375 -0.211347 0.923059
-0.10867 -0.213276 0.923059
-0.104931 -0.21514 0.923059
-0.10116 -0.216939 0.923059
-0.0973587 -0.218671 0.923059
-0.0935275 -0.220337 0.923059
-0.0896678 -0.221936 0.923059
-0.0857809 -0.223467 0.923059
-0.0818678 -0.22493 0.923059
-0.0779297 -0.226324 0.923059
-0.073968 -0.22765 0.923059
-0.0699837 -0.228906 0.923059
-0.065978 -0.230093 0.923059
-0.0619523 -0.231209 0.923059
-0.0579077 -0.232255 0.923059
-0.0538455 -0.23323 0.923059
-0.0497669 -0.234135 0.923059
-0.0456731 -0.234968 0.923059
-0.0415654 -0.235729 0.923059
-0.037445 -0.236418 0.923059
-0.0333132 -0.237036 0.923059
-0.0291713 -0.237581 0.923059
-0.0250205 -0.238054 0.923059
-0.0208621 -0.238455 0.923059
-0.0166973 -0.238782 0.923059
-0.0125274 -0.239037 0.923059
-0.00835373 -0.23922 0.923059
-0.0041775 -0.239329 0.923059
-4.39707e-17 -0.239365 0.923059
0.0041775 -0.239329 0.813997
0.00835373 -0.23922 0.813997
0.0125274 -0.239037 0.813997
0.0166973 -0.238782 0.813997
0.0208621 -0.238455 0.813997
0.0250205 -0.238054 0.813997
0.0291713 -0.237581 0.813997
0.0333132 -0.237036 0.813997
0.037445 -0.236418 0.813997
0.0415654 -0.235729 0.813997
0.0456731 -0.234968 0.813997
0.0497669 -0.234135 0.813997
0.0538455 -0.23323 0.813997
0.0579077 -0.232255 0.813997
0.0619523 -0.231209 0.813997
0.065978 -0.230093 0.813997
0.0699837 -0.228906 0.813997
0.073968 -0.22765 0.813997
0.0779297 -0.226324 0.813997
0.0818678 -0.22493 0.813997
0.0857809 -0.223467 0.813997
0.0896678 -0.221936 0.813997
0.0935275 -0.220337 0.813997
0.0973587 -0.218671 0.813997
0.10116 -0.216939 0.813997
0.104931 -0.21514 0.813997
0.10867 -0.213276 0.813997
0.112375 -0.211347 0.813997
0.116047 -0.209354 0.813997
0.119683 -0.207296 0.813997
0.123282 -0.205176 0.813997
0.126844 -0.202993 0.813997
0.130368 -0.200749 0.813997
0.133851 -0.198443 0.813997
0.137294 -0.196077 0.813997
0.140695 -0.193651 0.813997
0.144054 -0.191166 0.813997
0.147368 -0.188622 0.813997
0.150638 -0.186022 0.813997
0.153861 -0.183365 0.813997
0.157038 -0.180651 0.813997
0.160167 -0.177883 0.813997
0.163247 -0.175061 0.813997
0.166277 -0.172185 0.813997
0.169257 -0.169257 0.813997
0.172185 -0.166277 0.813997
0.175061 -0.163247 0.813997
0.177883 -0.160167 0.813997
0.180651 -0.157038 0.813997
0.183365 -0.153861 0.813997
0.186022 -0.150638 0.813997
0.188622 -0.147368 0.813997
0.191166 -0.144054 0.813997
0.193651 -0.140695 0.813997
0.196077 -0.137294 0.813997
0.198443 -0.133851 0.813997
0.200749 -0.130368 0.813997
0.202993 -0.126844 0.813997
0.205176 -0.123282 0.813997
0.207296 -0.119683 0.813997
0.209354 -0.116047 1.25739
0.211347 -0.112375 1.25739
0.213276 -0.10867 1.25739
0.21514 -0.104931 1.25739
0.216939 -0.10116 1.25739
0.218671 -0.0973587 1.25739
0.220337 -0.0935275 1.25739
0.221936 -0.0896678 1.25739
0.223467 -0.0857809 1.25739
0.22493 -0.0818678 1.25739
0.226324 -0.0779297 1.25739
0.22765 -0.073968 1.25739
0.228906 -0.0699837 1.25739
0.230093 -0.065978 1.25739
0.231209 -0.0619523 1.25739
0.232255 -0.0579077 1.25739
0.23323 -0.0538455 1.25739
0.234135 -0.0497669 1.25739
0.234968 -0.0456731 1.25739
0.235729 -0.0415654 1.25739
0.236418 -0.037445 1.25739
0.237036 -0.0333132 1.25739
0.237581 -0.0291713 1.25739
0.238054 -0.0250205 1.25739
0.238455 -0.0208621 1.25739
0.238782 -0.0166973 1.25739
0.239037 -0.0125274 1.25739
0.23922 -0.00835373 1.25739
0.239329 -0.0041775 1.25739

0.319154 0 1.04793
0.319105 0.00557 1.04793
0.318959 0.0111383 1.04793
0.318716 0.0167032 1.04793
0.318376 0.022263 1.04793
0.317939 0.0278161 1.04793
0.317405 0.0333607 1.04793
0.316775 0.0388951 1.04793
0.316048 0.0444176 1.04793
0.315225 0.0499267 1.04793
0.314305 0.0554205 1.04793
0.31329 0.0608974 1.04793
0.31218 0.0663558 1.04793
0.310974 0.071794 1.04793
0.309674 0.0772103 1.04793
0.308279 0.0826031 1.30544
0.30679 0.0879707 1.30544
0.305208 0.0933115 1.30544
0.303533 0.098624 1.30544
0.301766 0.103906 1.30544
0.299906 0.109157 1.30544
0.297956 0.114375 1.30544
0.295914 0.119557 1.30544
0.293783 0.124703 1.30544
0.291562 0.129812 1.30544
0.289252 0.13488 1.30544
0.286854 0.139908 1.30544
0.284368 0.144893 1.30544
0.281796 0.149834 1.30544
0.279138 0.154729 1.30544
0.276395 0.159577 1.30544
0.273568 0.164376 1.30544
0.270658 0.169126 1.30544
0.267665 0.173824 1.30544
0.264591 0.178469 1.30544
0.261436 0.183059 1.30544
0.258201 0.187594 1.30544
0.254888 0.192072 1.30544
0.251497 0.196491 1.30544
0.248029 0.20085 1.30544
0.244486 0.205148 1.30544
0.240868 0.209384 1.30544
0.237178 0.213556 1.30544
0.233414 0.217662 1.30544
0.22958 0.221703 1.30544
0.225676 0.225676 1.58893
0.221703 0.22958 1.58893
0.217662 0.233414 1.58893
0.213556 0.237178 1.58893
0.209384 0.240868 1.58893
0.205148 0.244486 1.58893
0.20085 0.248029 1.58893
0.196491 0.251497 1.58893
0.192072 0.254888 1.58893
0.187594 0.258201 1.58893
0.183059 0.261436 1.58893
0.178469 0.264591 1.58893
0.173824 0.267665 1.58893
0.169126 0.270658 1.58893
0.164376 0.273568 1.58893
0.159577 0.276395 1.58893
0.154729 0.279138 1.58893
0.149834 0.281796 1.58893
0.144893 0.284368 1.58893
0.139908 0.286854 1.58893
0.13488 0.289252 1.58893
0.129812 0.291562 1.58893
0.124703 0.293783 1.58893
0.119557 0.295914 1.58893
0.114375 0.297956 1.58893
0.109157 0.299906 1.58893
0.103906 0.301766 1.58893
0.098624 0.303533 1.58893
0.0933115 0.305208 1.58893
0.0879707 0.30679 1.58893
0.0826031 0.308279 1.93815
0.0772103 0.309674 1.93815
0.071794 0.310974 1.93815
0.0663558 0.31218 1.93815
0.0608974 0.31329 1.93815
0.0554205 0.314305 1.93815
0.0499267 0.315225 1.93815
0.0444176 0.316048 1.93815
0.0388951 0.316775 1.93815
0.0333607 0.317405 1.93815
0.0278161 0.317939 1.93815
0.022263 0.318376 1.93815
0.0167032 0.318716 1.93815
0.0111383 0.318959 1.93815
0.00557 0.319105 1.93815
1.95425e-17 0.319154 1.93815
-0.00557 0.319105 1.93815
-0.0111383 0.318959 1.93815
-0.0167032 0.318716 1.93815
-0.022263 0.318376 1.93815
-0.0278161 0.317939 1.93815
-0.0333607 0.317405 1.93815
-0.0388951 0.316775 1.93815
-0.0444176 0.316048 1.93815
-0.0499267 0.315225 1.93815
-0.0554205 0.314305 1.93815
-0.0608974 0.31329 1.93815
-0.0663558 0.31218 1.93815
-0.071794 0.310974 1.93815
-0.0772103 0.309674 1.93815
-0.0826031 0.308279 2.22842
-0.0879707 0.30679 2.22842
-0.0933115 0.305208 2.22842
-0.098624 0.303533 2.22842
-0.103906 0.301766 2.22842
-0.109157 0.299906 2.22842
-0.114375 0.297956 2.22842
-0.119557 0.295914 2.22842
-0.124703 0.293783 2.22842
-0.129812 0.291562 2.22842
-0.13488 0.289252 2.22842
-0.139908 0.286854 2.22842
-0.144893 0.284368 2.22842
-0.149834 0.281796 2.22842
-0.154729 0.279138 2.22842
-0.159577 0.276395 2.22842
-0.164376 0.273568 2.22842
-0.169126 0.270658 2.22842
-0.173824 0.267665 2.22842
-0.178469 0.264591 2.22842
-0.183059 0.261436 2.22842
-0.187594 0.258201 2.22842
-0.192072 0.254888 2.22842
-0.196491 0.251497 2.22842
-0.20085 0.248029 2.22842
-0.205148 0.244486 2.22842
-0.209384 0.240868 2.22842
-0.213556 0.237178 2.22842
-0.217662 0.233414 2.22842
-0.221703 0.22958 2.22842
-0.225676 0.225676 2.22404
-0.22958 0.221703 2.22404
-0.233414 0.217662 2.22404
-0.237178 0.213556 2.22404
-0.240868 0.209384 2.22404
-0.244486 0.205148 2.22404
-0.248029 0.20085 2.22404
-0.251497 0.196491 2.22404
-0.254888 0.192072 2.22404
-0.258201 0.187594 2.22404
-0.261436 0.183059 2.22404
-0.264591 0.178469 2.22404
-0.267665 0.173824 2.22404
-0.270658 0.169126 2.22404
-0.273568 0.164376 2.22404
-0.276395 0.159577 2.22404
-0.279138 0.154729 2.22404
-0.281796 0.149834 2.22404
-0.284368 0.144893 2.22404
-0.286854 0.139908 2.22404
-0.289252 0.13488 2.22404
-0.291562 0.129812 2.22404
-0.293783 0.124703 2.22404
-0.295914 0.119557 2.22404
-0.297956 0.114375 2.22404
-0.299906 0.109157 2.22404
-0.301766 0.103906 2.22404
-0.303533 0.098624 2.22404
-0.305208 0.0933115 2.22404
-0.30679 0.0879707 2.22404
-0.308279 0.0826031 1.79616
-0.309674 0.0772103 1.79616
-0.310974 0.071794 1.79616
-0.31218 0.0663558 1.79616
-0.31329 0.0608974 1.79616
-0.314305 0.0554205 1.79616
-0.315225 0.0499267 1.79616
-0.316048 0.0444176 1.79616
-0.316775 0.0388951 1.79616
-0.317405 0.0333607 1.79616
-0.317939 0.0278161 1.79616
-0.318376 0.022263 1.79616
-0.318716 0.0167032 1.79616
-0.318959 0.0111383 1.79616
-0.319105 0.00557 1.79616
-0.319154 3.90851e-17 1.79616
-0.319105 -0.00557 1.79616
-0.318959 -0.0111383 1.79616
-0.318716 -0.0167032 1.79616
-0.318376 -0.022263 1.79616
-0.317939 -0.0278161 1.79616
-0.317405 -0.0333607 1.79616
-0.316775 -0.0388951 1.79616
-0.316048 -0.0444176 1.79616
-0.315225 -0.0499267 1.79616
-0.314305 -0.0554205 1.79616
-0.31329 -0.0608974 1.79616
-0.31218 -0.0663558 1.79616
-0.310974 -0.071794 1.79616
-0.309674 -0.0772103 1.79616
-0.308279 -0.0826031 1.79616
-0.30679 -0.0879707 1.09624
-0.305208 -0.0933115 1.09624
-0.303533 -0.098624 1.09624
-0.301766 -0.103906 1.09624
-0.299906 -0.109157 1.09624
-0.297956 -0.114375 1.09624
-0.295914 -0.119557 1.09624
-0.293783 -0.124703 1.09624
-0.291562 -0.129812 1.09624
-0.289252 -0.13488 1.09624
-0.286854 -0.139908 1.09624
-0.284368 -0.144893 1.09624
-0.281796 -0.149834 1.09624
-0.279138 -0.154729 1.09624
-0.276395 -0.159577 1.09624
-0.273568 -0.164376 1.09624
-0.270658 -0.169126 1.09624
-0.267665 -0.173824 1.09624
-0.264591 -0.178469 1.09624
-0.261436 -0.183059 1.09624
-0.258201 -0.187594 1.09624
-0.254888 -0.192072 1.09624
-0.251497 -0.196491 1.09624
-0.248029 -0.20085 1.09624
-0.244486 -0.205148 1.09624
-0.240868 -0.209384 1.09624
-0.237178 -0.213556 1.09624
-0.233414 -0.217662 1.09624
-0.22958 -0.221703 1.09624
-0.225676 -0.225676 1.09624
-0.221703 -0.22958 0.482942
-0.217662 -0.233414 0.482942
-0.213556 -0.237178 0.482942
-0.209384 -0.240868 0.482942
-0.205148 -0.244486 0.482942
-0.20085 -0.248029 0.482942
-0.196491 -0.251497 0.482942
-0.192072 -0.254888 0.482942
-0.187594 -0.258201 0.482942
-0.183059 -0.261436 0.482942
-0.178469 -0.264591 0.482942
-0.173824 -0.267665 0.482942
-0.169126 -0.270658 0.482942
-0.164376 -0.273568 0.482942
-0.159577 -0.276395 0.482942
-0.154729 -0.279138 0.482942
-0.149834 -0.281796 0.482942
-0.144893 -0.284368 0.482942
-0.139908 -0.286854 0.482942
-0.13488 -0.289252 0.482942
-0.129812 -0.291562 0.482942
-0.124703 -0.293783 0.482942
-0.119557 -0.295914 0.482942
-0.114375 -0.297956 0.482942
-0.109157 -0.299906 0.482942
-0.103906 -0.301766 0.482942
-0.098624 -0.303533 0.482942
-0.0933115 -0.305208 0.482942
-0.0879707 -0.30679 0.482942
-0.0826031 -0.308279 0.482942
-0.0772103 -0.309674 0.246582
-0.071794 -0.310974 0.246582
-0.0663558 -0.31218 0.246582
-0.0608974 -0.31329 0.246582
-0.0554205 -0.314305 0.246582
-0.0499267 -0.315225 0.246582
-0.0444176 -0.316048 0.246582
-0.0388951 -0.316775 0.246582
-0.0333607 -0.317405 0.246582
-0.0278161 -0.317939 0.246582
-0.022263 -0.318376 0.246582
-0.0167032 -0.318716 0.246582
-0.0111383 -0.318959 0.246582
-0.00557 -0.319105 0.246582
-5.86276e-17 -0.319154 0.246582
0.00557 -0.319105 0.246582
0.0111383 -0.318959 0.246582
0.0167032 -0.318716 0.246582
0.022263 -0.318376 0.246582
0.0278161 -0.317939 0.246582
0.0333607 -0.317405 0.246582
0.0388951 -0.316775 0.246582
0.0444176 -0.316048 0.246582
0.0499267 -0.315225 0.246582
0.0554205 -0.314305 0.246582
0.0608974 -0.31329 0.246582
0.0663558 -0.31218 0.246582
0.071794 -0.310974 0.246582
0.0772103 -0.309674 0.246582
0.0826031 -0.308279 0.246582
0.0879707 -0.30679 0.399952
0.0933115 -0.305208 0.399952
0.098624 -0.303533 0.399952
0.103906 -0.301766 0.399952
0.109157 -0.299906 0.399952
0.114375 -0.297956 0.399952
0.119557 -0.295914 0.399952
0.124703 -0.293783 0.399952
0.129812 -0.291562 0.399952
0.13488 -0.289252 0.399952
0.139908 -0.286854 0.399952
0.144893 -0.284368 0.399952
0.149834 -0.281796 0.399952
0.154729 -0.279138 0.399952
0.159577 -0.276395 0.399952
0.164376 -0.273568 0.399952
0.169126 -0.270658 0.399952
0.173824 -0.267665 0.399952
0.178469 -0.264591 0.399952
0.183059 -0.261436 0.399952
0.187594 -0.258201 0.399952
0.192072 -0.254888 0.399952
0.196491 -0.251497 0.399952
0.20085 -0.248029 0.399952
0.205148 -0.244486 0.399952
0.209384 -0.240868 0.399952
0.213556 -0.237178 0.399952
0.217662 -0.233414 0.399952
0.221703 -0.22958 0.399952
0.225676 -0.225676 0.399952
0.22958 -0.221703 0.73382
0.233414 -0.217662 0.73382
0.237178 -0.213556 0.73382
0.240868 -0.209384 0.73382
0.244486 -0.205148 0.73382
0.248029 -0.20085 0.73382
0.251497 -0.196491 0.73382
0.254888 -0.192072 0.73382
0.258201 -0.187594 0.73382
0.261436 -0.183059 0.73382
0.264591 -0.178469 0.73382
0.267665 -0.173824 0.73382
0.270658 -0.169126 0.73382
0.273568 -0.164376 0.73382
0.276395 -0.159577 0.73382
0.279138 -0.154729 0.73382
0.281796 -0.149834 0.73382
0.284368 -0.144893 0.73382
0.286854 -0.139908 0.73382
0.289252 -0.13488 0.73382
0.291562 -0.129812 0.73382
0.293783 -0.124703 0.73382
0.295914 -0.119557 0.73382
0.297956 -0.114375 0.73382
0.299906 -0.109157 0.73382
0.301766 -0.103906 0.73382
0.303533 -0.098624 0.73382
0.305208 -0.0933115 0.73382
0.30679 -0.0879707 0.73382
0.308279 -0.0826031 0.73382
0.309674 -0.0772103 1.11589
0.310974 -0.071794 1.11589
0.31218 -0.0663558 1.11589
0.31329 -0.0608974 1.11589
0.314305 -0.0554205 1.11589
0.315225 -0.0499267 1.11589
0.316048 -0.0444176 1.11589
0.316775 -0.0388951 1.11589
0.317405 -0.0333607 1.11589
0.317939 -0.0278161 1.11589
0.318376 -0.022263 1.11589
0.318716 -0.0167032 1.11589
0.318959 -0.0111383 1.11589
0.319105 -0.00557 1.11589

0.398942 0 1.04793
0.398882 0.0069625 1.04793
0.398699 0.0139229 1.04793
0.398396 0.020879 1.04793
0.39797 0.0278288 1.04793
0.397424 0.0347701 1.04793
0.396757 0.0417008 1.04793
0.395969 0.0486188 1.04793
0.39506 0.055522 1.04793
0.394031 0.0624083 1.04793
0.392881 0.0692756 1.04793
0.391613 0.0761218 1.04793
0.390224 0.0829448 1.04793
0.388717 0.0897425 1.04793
0.387092 0.0965129 1.04793
0.385349 0.103254 1.30544
0.383488 0.109963 1.30544
0.38151 0.116639 1.30544
0.379417 0.12328 1.30544
0.377207 0.129883 1.30544
0.374883 0.136446 1.30544
0.372445 0.142968 1.30544
0.369893 0.149446 1.30544
0.367228 0.155879 1.30544
0.364452 0.162264 1.30544
0.361564 0.1686 1.30544
0.358567 0.174885 1.30544
0.35546 0.181116 1.30544
0.352245 0.187292 1.30544
0.348923 0.193411 1.30544
0.345494 0.199471 1.30544
0.34196 0.20547 1.30544
0.338322 0.211407 1.30544
0.334581 0.21728 1.30544
0.330738 0.223086 1.30544
0.326794 0.228824 1.30544
0.322751 0.234492 1.30544
0.318609 0.240089 1.30544
0.314371 0.245613 1.30544
0.310036 0.251063 1.30544
0.305608 0.256435 1.30544
0.301086 0.26173 1.30544
0.296472 0.266944 1.30544
0.291768 0.272078 1.30544
0.286975 0.277129 1.30544
0.282095 0.282095 1.58893
0.277129 0.286975 1.58893
0.272078 0.291768 1.58893
0.266944 0.296472 1.58893
0.26173 0.301086 1.58893
0.256435 0.305608 1.58893
0.251063 0.310036 1.58893
0.245613 0.314371 1.58893
0.240089 0.318609 1.58893
0.234492 0.322751 1.58893
0.228824 0.326794 1.58893
0.223086 0.330738 1.58893
0.21728 0.334581 1.58893
0.211407 0.338322 1.58893
0.20547 0.34196 1.58893
0.199471 0.345494 1.58893
0.193411 0.348923 1.58893
0.187292 0.352245 1.58893
0.181116 0.35546 1.58893
0.174885 0.358567 1.58893
0.1686 0.361564 1.58893
0.162264 0.364452 1.58893
0.155879 0.367228 1.58893
0.149446 0.369893 1.58893
0.142968 0.372445 1.58893
0.136446 0.374883 1.58893
0.129883 0.377207 1.58893
0.12328 0.379417 1.58893
0.116639 0.38151 1.58893
0.109963 0.383488 1.58893
0.103254 0.385349 1.93815
0.0965129 0.387092 1.93815
0.0897425 0.388717 1.93815
0.0829448 0.390224 1.93815
0.0761218 0.391613 1.93815
0.0692756 0.392881 1.93815
0.0624083 0.394031 1.93815
0.055522 0.39506 1.93815
0.0486188 0.395969 1.93815
0.0417008 0.396757 1.93815
0.0347701 0.397424 1.93815
0.0278288 0.39797 1.93815
0.020879 0.398396 1.93815
0.0139229 0.398699 1.93815
0.0069625 0.398882 1.93815
2.44282e-17 0.398942 1.93815
-0.0069625 0.398882 1.93815
-0.0139229 0.398699 1.93815
-0.020879 0.398396 1.93815
-0.0278288 0.39797 1.93815
-0.0347701 0.397424 1.93815
-0.0417008 0.396757 1.93815
-0.0486188 0.395969 1.93815
-0.055522 0.39506 1.93815
-0.0624083 0.394031 1.93815
-0.0692756 0.392881 1.93815
-0.0761218 0.391613 1.93815
-0.0829448 0.390224 1.93815
-0.0897425 0.388717 1.93815
-0.0965129 0.387092 1.93815
-0.103254 0.385349 2.22842
-0.109963 0.383488 2.22842
-0.116639 0.38151 2.22842
-0.12328 0.379417 2.22842
-0.129883 0.377207 2.22842
-0.136446 0.374883 2.22842
-0.142968 0.372445 2.22842
-0.149446 0.369893 2.22842
-0.155879 0.367228 2.22842
-0.162264 0.364452 2.22842
-0.1686 0.361564 2.22842
-0.174885 0.358567 2.22842
-0.181116 0.35546 2.22842
-0.187292 0.352245 2.22842
-0.193411 0.348923 2.22842
-0.199471 0.345494 2.22842
-0.20547 0.34196 2.22842
-0.211407 0.338322 2.22842
-0.21728 0.334581 2.22842
-0.223086 0.330738 2.22842
-0.228824 0.326794 2.22842
-0.234492 0.322751 2.22842
-0.240089 0.318609 2.22842
-0.245613 0.314371 2.22842
-0.251063 0.310036 2.22842
-0.256435 0.305608 2.22842
-0.26173 0.301086 2.22842
-0.266944 0.296472 2.22842
-0.272078 0.291768 2.22842
-0.277129 0.286975 2.22842
-0.282095 0.282095 2.22404
-0.286975 0.277129 2.22404
-0.291768 0.272078 2.22404
-0.296472 0.266944 2.22404
-0.301086 0.26173 2.22404
-0.305608 0.256435 2.22404
-0.310036 0.251063 2.22404
-0.314371 0.245613 2.22404
-0.318609 0.240089 2.22404
-0.322751 0.234492 2.22404
-0.326794 0.228824 2.22404
-0.330738 0.223086 2.22404
-0.334581 0.21728 2.22404
-0.338322 0.211407 2.22404
-0.34196 0.20547 2.22404
-0.345494 0.199471 2.22404
-0.348923 0.193411 2.22404
-0.352245 0.187292 2.22404
-0.35546 0.181116 2.22404
-0.358567 0.174885 2.22404
-0.361564 0.1686 2.22404
-0.364452 0.162264 2.22404
-0.367228 0.155879 2.22404
-0.369893 0.149446 2.22404
-0.372445 0.142968 2.22404
-0.374883 0.136446 2.22404
-0.377207 0.129883 2.22404
-0.379417 0.12328 2.22404
-0.38151 0.116639 2.22404
-0.383488 0.109963 2.22404
-0.385349 0.103254 1.79616
-0.387092 0.0965129 1.79616
-0.388717 0.0897425 1.79616
-0.390224 0.0829448 1.79616
-0.391613 0.0761218 1.79616
-0.392881 0.0692756 1.79616
-0.394031 0.0624083 1.79616
-0.39506 0.055522 1.79616
-0.395969 0.0486188 1.79616
-0.396757 0.0417008 1.79616
-0.397424 0.0347701 1.79616
-0.39797 0.0278288 1.79616
-0.398396 0.020879 1.79616
-0.398699 0.0139229 1.79616
-0.398882 0.0069625 1.79616
-0.398942 4.88563e-17 1.79616
-0.398882 -0.0069625 1.79616
-0.398699 -0.0139229 1.79616
-0.398396 -0.020879 1.79616
-0.39797 -0.0278288 1.79616
-0.397424 -0.0347701 1.79616
-0.396757 -0.0417008 1.79616
-0.395969 -0.0486188 1.79616
-0.39506 -0.055522 1.79616
-0.394031 -0.0624083 1.79616
-0.392881 -0.0692756 1.79616
-0.391613 -0.0761218 1.79616
-0.390224 -0.0829448 1.79616
-0.388717 -0.0897425 1.79616
-0.387092 -0.0965129 1.79616
-0.385349 -0.103254 1.79616
-0.383488 -0.109963 1.09624
-0.38151 -0.116639 1.09624
-0.379417 -0.12328 1.09624
-0.377207 -0.129883 1.09624
-0.374883 -0.136446 1.09624
-0.372445 -0.142968 1.09624
-0.369893 -0.149446 1.09624
-0.367228 -0.155879 1.09624
-0.364452 -0.162264 1.09624
-0.361564 -0.1686 1.09624
-0.358567 -0.174885 1.09624
-0.35546 -0.181116 1.09624
-0.352245 -0.187292 1.09624
-0.348923 -0.193411 1.09624
-0.345494 -0.199471 1.09624
-0.34196 -0.20547 1.09624
-0.338322 -0.211407 1.09624
-0.334581 -0.21728 1.09624
-0.330738 -0.223086 1.09624
-0.326794 -0.228824 1.09624
-0.322751 -0.234492 1.09624
-0.318609 -0.240089 1.09624
-0.314371 -0.245613 1.09624
-0.310036 -0.251063 1.09624
-0.305608 -0.256435 1.09624
-0.301086 -0.26173 1.09624
-0.296472 -0.266944 1.09624
-0.291768 -0.272078 1.09624
-0.286975 -0.277129 1.09624
-0.282095 -0.282095 1.09624
-0.277129 -0.286975 0.482942
-0.272078 -0.291768 0.482942
-0.266944 -0.296472 0.482942
-0.26173 -0.301086 0.482942
-0.256435 -0.305608 0.482942
-0.251063 -0.310036 0.482942
-0.245613 -0.314371 0.482942
-0.240089 -0.318609 0.482942
-0.234492 -0.322751 0.482942
-0.228824 -0.326794 0.482942
-0.223086 -0.330738 0.482942
-0.21728 -0.334581 0.482942
-0.211407 -0.338322 0.482942
-0.20547 -0.34196 0.482942
-0.199471 -0.345494 0.482942
-0.193411 -0.348923 0.482942
-0.187292 -0.352245 0.482942
-0.181116 -0.35546 0.482942
-0.174885 -0.358567 0.482942
-0.1686 -0.361564 0.482942
-0.162264 -0.364452 0.482942
-0.155879 -0.367228 0.482942
-0.149446 -0.369893 0.482942
-0.142968 -0.372445 0.482942
-0.136446 -0.374883 0.482942
-0.129883 -0.377207 0.482942
-0.12328 -0.379417 0.482942
-0.116639 -0.38151 0.482942
-0.109963 -0.383488 0.482942
-0.103254 -0.385349 0.482942
-0.0965129 -0.387092 0.246582
-0.0897425 -0.388717 0.246582
-0.0829448 -0.390224 0.246582
-0.0761218 -0.391613 0.246582
-0.0692756 -0.392881 0.246582
-0.0624083 -0.394031 0.246582
-0.055522 -0.39506 0.246582
-0.0486188 -0.395969 0.246582
-0.0417008 -0.396757 0.246582
-0.0347701 -0.397424 0.246582
-0.0278288 -0.39797 0.246582
-0.020879 -0.398396 0.246582
-0.0139229 -0.398699 0.246582
-0.0069625 -0.398882 0.246582
-7.32845e-17 -0.398942 0.246582
0.0069625 -0.398882 0.246582
0.0139229 -0.398699 0.246582
0.020879 -0.398396 0.246582
0.0278288 -0.39797 0.246582
0.0347701 -0.397424 0.246582
0.0417008 -0.396757 0.246582
0.0486188 -0.395969 0.246582
0.055522 -0.39506 0.246582
0.0624083 -0.394031 0.246582
0.0692756 -0.392881 0.246582
0.0761218 -0.391613 0.246582
0.0829448 -0.390224 0.246582
0.0897425 -0.388717 0.246582
0.0965129 -0.387092 0.246582
0.103254 -0.385349 0.246582
0.109963 -0.383488 0.399952
0.116639 -0.38151 0.399952
0.12328 -0.379417 0.399952
0.129883 -0.377207 0.399952
0.136446 -0.374883 0.399952
0.142968 -0.372445 0.399952
0.149446 -0.369893 0.399952
0.155879 -0.367228 0.399952
0.162264 -0.364452 0.399952
0.1686 -0.361564 0.399952
0.174885 -0.358567 0.399952
0.181116 -0.35546 0.399952
0.187292 -0.352245 0.399952
0.193411 -0.348923 0.399952
0.199471 -0.345494 0.399952
0.20547 -0.34196 0.399952
0.211407 -0.338322 0.399952
0.21728 -0.334581 0.399952
0.223086 -0.330738 0.399952
0.228824 -0.326794 0.399952
0.234492 -0.322751 0.399952
0.240089 -0.318609 0.399952
0.245613 -0.314371 0.399952
0.251063 -0.310036 0.399952
0.256435 -0.305608 0.399952
0.26173 -0.301086 0.399952
0.266944 -0.296472 0.399952
0.272078 -0.291768 0.399952
0.277129 -0.286975 0.399952
0.282095 -0.282095 0.399952
0.286975 -0.277129 0.73382
0.291768 -0.272078 0.73382
0.296472 -0.266944 0.73382
0.301086 -0.26173 0.73382
0.305608 -0.256435 0.73382
0.310036 -0.251063 0.73382
0.314371 -0.245613 0.73382
0.318609 -0.240089 0.73382
0.322751 -0.234492 0.73382
0.326794 -0.228824 0.73382
0.330738 -0.223086 0.73382
0.334581 -0.21728 0.73382
0.338322 -0.211407 0.73382
0.34196 -0.20547 0.73382
0.345494 -0.199471 0.73382
0.348923 -0.193411 0.73382
0.352245 -0.187292 0.73382
0.35546 -0.181116 0.73382
0.358567 -0.174885 0.73382
0.361564 -0.1686 0.73382
0.364452 -0.162264 0.73382
0.367228 -0.155879 0.73382
0.369893 -0.149446 0.73382
0.372445 -0.142968 0.73382
0.374883 -0.136446 0.73382
0.377207 -0.129883 0.73382
0.379417 -0.12328 0.73382
0.38151 -0.116639 0.73382
0.383488 -0.109963 0.73382
0.385349 -0.103254 0.73382
0.387092 -0.0965129 1.11589
0.388717 -0.0897425 1.11589
0.390224 -0.0829448 1.11589
0.391613 -0.0761218 1.11589
0.392881 -0.0692756 1.11589
0.394031 -0.0624083 1.11589
0.39506 -0.055522 1.11589
0.395969 -0.0486188 1.11589
0.396757 -0.0417008 1.11589
0.397424 -0.0347701 1.11589
0.39797 -0.0278288 1.11589
0.398396 -0.020879 1.11589
0.398699 -0.0139229 1.11589
0.398882 -0.0069625 1.11589

0.478731 0 1.04793
0.478658 0.008355 1.04793
0.478439 0.0167075 1.04793
0.478075 0.0250548 1.04793
0.477565 0.0333946 1.04793
0.476909 0.0417241 1.04793
0.476108 0.050041 1.04793
0.475162 0.0583426 1.04793
0.474072 0.0666264 1.04793
0.472837 0.07489 1.04793
0.471458 0.0831307 1.04793
0.469935 0.0913461 1.04793
0.468269 0.0995337 1.04793
0.466461 0.107691 1.04793
0.46451 0.115815 1.04793
0.462418 0.123905 1.30544
0.460186 0.131956 1.30544
0.457812 0.139967 1.30544
0.4553 0.147936 1.30544
0.452649 0.155859 1.30544
0.44986 0.163736 1.30544
0.446934 0.171562 1.30544
0.443871 0.179336 1.30544
0.440674 0.187055 1.30544
0.437342 0.194717 1.30544
0.433877 0.20232 1.30544
0.43028 0.209862 1.30544
0.426552 0.217339 1.30544
0.422694 0.22475 1.30544
0.418707 0.232093 1.30544
0.414593 0.239365 1.30544
0.410352 0.246565 1.30544
0.405987 0.253689 1.30544
0.401497 0.260735 1.30544
0.396886 0.267703 1.30544
0.392153 0.274589 1.30544
0.387301 0.281391 1.30544
0.382331 0.288107 1.30544
0.377245 0.294736 1.30544
0.372044 0.301275 1.30544
0.366729 0.307722 1.30544
0.361303 0.314076 1.30544
0.355766 0.320333 1.30544
0.350121 0.326494 1.30544
0.34437 0.332554 1.30544
0.338514 0.338514 1.58893
0.332554 0.34437 1.58893
0.326494 0.350121 1.58893
0.320333 0.355766 1.58893
0.314076 0.361303 1.58893
0.307722 0.366729 1.58893
0.301275 0.372044 1.58893
0.294736 0.377245 1.58893
0.288107 0.382331 1.58893
0.281391 0.387301 1.58893
0.274589 0.392153 1.58893
0.267703 0.396886 1.58893
0.260735 0.401497 1.58893
0.253689 0.405987 1.58893
0.246565 0.410352 1.58893
0.239365 0.414593 1.58893
0.232093 0.418707 1.58893
0.22475 0.422694 1.58893
0.217339 0.426552 1.58893
0.209862 0.43028 1.58893
0.20232 0.433877 1.58893
0.194717 0.437342 1.58893
0.187055 0.440674 1.58893
0.179336 0.443871 1.58893
0.171562 0.446934 1.58893
0.163736 0.44986 1.58893
0.155859 0.452649 1.58893
0.147936 0.4553 1.58893
0.139967 0.457812 1.58893
0.131956 0.460186 1.58893
0.123905 0.462418 1.93815
0.115815 0.46451 1.93815
0.107691 0.466461 1.93815
0.0995337 0.468269 1.93815
0.0913461 0.469935 1.93815
0.0831307 0.471458 1.93815
0.07489 0.472837 1.93815
0.0666264 0.474072 1.93815
0.0583426 0.475162 1.93815
0.050041 0.476108 1.93815
0.0417241 0.476909 1.93815
0.0333946 0.477565 1.93815
0.0250548 0.478075 1.93815
0.0167075 0.478439 1.93815
0.008355 0.478658 1.93815
2.93138e-17 0.478731 1.93815
-0.008355 0.478658 1.93815
-0.0167075 0.478439 1.93815
-0.0250548 0.478075 1.93815
-0.0333946 0.477565 1.93815
-0.0417241 0.476909 1.93815
-0.050041 0.476108 1.93815
-0.0583426 0.475162 1.93815
-0.0666264 0.474072 1.93815
-0.07489 0.472837 1.93815
-0.0831307 0.471458 1.93815
-0.0913461 0.469935 1.93815
-0.0995337 0.468269 1.93815
-0.107691 0.466461 1.93815
-0.115815 0.46451 1.93815
-0.123905 0.462418 2.22842
-0.131956 0.460186 2.22842
-0.139967 0.457812 2.22842
-0.147936 0.4553 2.22842
-0.155859 0.452649 2.22842
-0.163736 0.44986 2.22842
-0.171562 0.446934 2.22842
-0.179336 0.443871 2.22842
-0.187055 0.440674 2.22842
-0.194717 0.437342 2.22842
-0.20232 0.433877 2.22842
-0.209862 0.43028 2.22842
-0.217339 0.426552 2.22842
-0.22475 0.422694 2.22842
-0.232093 0.418707 2.22842
-0.239365 0.414593 2.22842
-0.246565 0.410352 2.22842
-0.253689 0.405987 2.22842
-0.260735 0.401497 2.22842
-0.267703 0.396886 2.22842
-0.274589 0.392153 2.22842
-0.281391 0.387301 2.22842
-0.288107 0.382331 2.22842
-0.294736 0.377245 2.22842
-0.301275 0.372044 2.22842
-0.307722 0.366729 2.22842
-0.314076 0.361303 2.22842
-0.320333 0.355766 2.22842
-0.326494 0.350121 2.22842
-0.332554 0.34437 2.22842
-0.338514 0.338514 2.22404
-0.34437 0.332554 2.22404
-0.350121 0.326494 2.22404
-0.355766 0.320333 2.22404
-0.361303 0.314076 2.22404
-0.366729 0.307722 2.22404
-0.372044 0.301275 2.22404
-0.377245 0.294736 2.22404
-0.382331 0.288107 2.22404
-0.387301 0.281391 2.22404
-0.392153 0.274589 2.22404
-0.396886 0.267703 2.22404
-0.401497 0.260735 2.22404
-0.405987 0.253689 2.22404
-0.410352 0.246565 2.22404
-0.414593 0.239365 2.22404
-0.418707 0.232093 2.22404
-0.422694 0.22475 2.22404
-0.426552 0.217339 2.22404
-0.43028 0.209862 2.22404
-0.433877 0.20232 2.22404
-0.437342 0.194717 2.22404
-0.440674 0.187055 2.22404
-0.443871 0.179336 2.22404
-0.446934 0.171562 2.22404
-0.44986 0.163736 2.22404
-0.452649 0.155859 2.22404
-0.4553 0.147936 2.22404
-0.457812 0.139967 2.22404
-0.460186 0.131956 2.22404
-0.462418 0.123905 1.79616
-0.46451 0.115815 1.79616
-0.466461 0.107691 1.79616
-0.468269 0.0995337 1.79616
-0.469935 0.0913461 1.79616
-0.471458 0.0831307 1.79616
-0.472837 0.07489 1.79616
-0.474072 0.0666264 1.79616
-0.475162 0.0583426 1.79616
-0.476108 0.050041 1.79616
-0.476909 0.0417241 1.79616
-0.477565 0.0333946 1.79616
-0.478075 0.0250548 1.79616
-0.478439 0.0167075 1.79616
-0.478658 0.008355 1.79616
-0.478731 5.86276e-17 1.79616
-0.478658 -0.008355 1.79616
-0.478439 -0.0167075 1.79616
-0.478075 -0.0250548 1.79616
-0.477565 -0.0333946 1.79616
-0.476909 -0.0417241 1.79616
-0.476108 -0.050041 1.79616
-0.475162 -0.0583426 1.79616
-0.474072 -0.0666264 1.79616
-0.472837 -0.07489 1.79616
-0.471458 -0.0831307 1.79616
-0.469935 -0.0913461 1.79616
-0.468269 -0.0995337 1.79616
-0.466461 -0.107691 1.79616
-0.46451 -0.115815 1.79616
-0.462418 -0.123905 1.79616
-0.460186 -0.131956 1.09624
-0.457812 -0.139967 1.09624
-0.4553 -0.147936 1.09624
-0.452649 -0.155859 1.09624
-0.44986 -0.163736 1.09624
-0.446934 -0.171562 1.09624
-0.443871 -0.179336 1.09624
-0.440674 -0.187055 1.09624
-0.437342 -0.194717 1.09624
-0.433877 -0.20232 1.09624
-0.43028 -0.209862 1.09624
-0.426552 -0.217339 1.09624
-0.422694 -0.22475 1.09624
-0.418707 -0.232093 1.09624
-0.414593 -0.239365 1.09624
-0.410352 -0.246565 1.09624
-0.405987 -0.253689 1.09624
-0.401497 -0.260735 1.09624
-0.396886 -0.267703 1.09624
-0.392153 -0.274589 1.09624
-0.387301 -0.281391 1.09624
-0.382331 -0.288107 1.09624
-0.377245 -0.294736 1.09624
-0.372044 -0.301275 1.09624
-0.366729 -0.307722 1.09624
-0.361303 -0.314076 1.09624
-0.355766 -0.320333 1.09624
-0.350121 -0.326494 1.09624
-0.34437 -0.332554 1.09624
-0.338514 -0.338514 1.09624
-0.332554 -0.34437 0.482942
-0.326494 -0.350121 0.482942
-0.320333 -0.355766 0.482942
-0.314076 -0.361303 0.482942
-0.307722 -0.366729 0.482942
-0.301275 -0.372044 0.482942
-0.294736 -0.377245 0.482942
-0.288107 -0.382331 0.482942
-0.281391 -0.387301 0.482942
-0.274589 -0.392153 0.482942
-0.267703 -0.396886 0.482942
-0.260735 -0.401497 0.482942
-0.253689 -0.405987 0.482942
-0.246565 -0.410352 0.482942
-0.239365 -0.414593 0.482942
-0.232093 -0.418707 0.482942
-0.22475 -0.422694 0.482942
-0.217339 -0.426552 0.482942
-0.209862 -0.43028 0.482942
-0.20232 -0.433877 0.482942
-0.194717 -0.437342 0.482942
-0.187055 -0.440674 0.482942
-0.179336 -0.443871 0.482942
-0.171562 -0.446934 0.482942
-0.163736 -0.44986 0.482942
-0.155859 -0.452649 0.482942
-0.147936 -0.4553 0.482942
-0.139967 -0.457812 0.482942
-0.131956 -0.460186 0.482942
-0.123905 -0.462418 0.482942
-0.115815 -0.46451 0.246582
-0.107691 -0.466461 0.246582
-0.0995337 -0.468269 0.246582
-0.0913461 -0.469935 0.246582
-0.0831307 -0.471458 0.246582
-0.07489 -0.472837 0.246582
-0.0666264 -0.474072 0.246582
-0.0583426 -0.475162 0.246582
-0.050041 -0.476108 0.246582
-0.0417241 -0.476909 0.246582
-0.0333946 -0.477565 0.246582
-0.0250548 -0.478075 0.246582
-0.0167075 -0.478439 0.246582
-0.008355 -0.478658 0.246582
-8.79414e-17 -0.478731 0.246582
0.008355 -0.478658 0.246582
0.0167075 -0.478439 0.246582
0.0250548 -0.478075 0.246582
0.0333946 -0.477565 0.246582
0.0417241 -0.476909 0.246582
0.050041 -0.476108 0.246582
0.0583426 -0.475162 0.246582
0.0666264 -0.474072 0.246582
0.07489 -0.472837 0.246582
0.0831307 -0.471458 0.246582
0.0913461 -0.469935 0.246582
0.0995337 -0.468269 0.246582
0.107691 -0.466461 0.246582
0.115815 -0.46451 0.246582
0.123905 -0.462418 0.246582
0.131956 -0.460186 0.399952
0.139967 -0.457812 0.399952
0.147936 -0.4553 0.399952
0.155859 -0.452649 0.399952
0.163736 -0.44986 0.399952
0.171562 -0.446934 0.399952
0.179336 -0.443871 0.399952
0.187055 -0.440674 0.399952
0.194717 -0.437342 0.399952
0.20232 -0.433877 0.399952
0.209862 -0.43028 0.399952
0.217339 -0.426552 0.399952
0.22475 -0.422694 0.399952
0.232093 -0.418707 0.399952
0.239365 -0.414593 0.399952
0.246565 -0.410352 0.399952
0.253689 -0.405987 0.399952
0.260735 -0.401497 0.399952
0.267703 -0.396886 0.399952
0.274589 -0.392153 0.399952
0.281391 -0.387301 0.399952
0.288107 -0.382331 0.399952
0.294736 -0.377245 0.399952
0.301275 -0.372044 0.399952
0.307722 -0.366729 0.399952
0.314076 -0.361303 0.399952
0.320333 -0.355766 0.399952
0.326494 -0.350121 0.399952
0.332554 -0.34437 0.399952
0.338514 -0.338514 0.399952
0.34437 -0.332554 0.73382
0.350121 -0.326494 0.73382
0.355766 -0.320333 0.73382
0.361303 -0.314076 0.73382
0.366729 -0.307722 0.73382
0.372044 -0.301275 0.73382
0.377245 -0.294736 0.73382
0.382331 -0.288107 0.73382
0.387301 -0.281391 0.73382
0.392153 -0.274589 0.73382
0.396886 -0.267703 0.73382
0.401497 -0.260735 0.73382
0.405987 -0.253689 0.73382
0.410352 -0.246565 0.73382
0.414593 -0.239365 0.73382
0.418707 -0.232093 0.73382
0.422694 -0.22475 0.73382
0.426552 -0.217339 0.73382
0.43028 -0.209862 0.73382
0.433877 -0.20232 0.73382
0.437342 -0.194717 0.73382
0.440674 -0.187055 0.73382
0.443871 -0.179336 0.73382
0.446934 -0.171562 0.73382
0.44986 -0.163736 0.73382
0.452649 -0.155859 0.73382
0.4553 -0.147936 0.73382
0.457812 -0.139967 0.73382
0.460186 -0.131956 0.73382
0.462418 -0.123905 0.73382
0.46451 -0.115815 1.11589
0.466461 -0.107691 1.11589
0.468269 -0.0995337 1.11589
0.469935 -0.0913461 1.11589
0.471458 -0.0831307 1.11589
0.472837 -0.07489 1.11589
0.474072 -0.0666264 1.11589
0.475162 -0.0583426 1.11589
0.476108 -0.050041 1.11589
0.476909 -0.0417241 1.11589
0.477565 -0.0333946 1.11589
0.478075 -0.0250548 1.11589
0.478439 -0.0167075 1.11589
0.478658 -0.008355 1.11589

0.558519 0 1.05438
0.558434 0.0097475 1.05438
0.558179 0.019492 1.05438
0.557754 0.0292306 1.05438
0.557159 0.0389603 1.05438
0.556394 0.0486782 1.05438
0.55546 0.0583812 1.05438
0.554356 0.0680664 1.05438
0.553084 0.0777308 1.05438
0.551643 0.0873717 1.05438
0.550034 0.0969858 1.21888
0.548258 0.10657 1.21888
0.546314 0.116123 1.21888
0.544204 0.125639 1.21888
0.541929 0.135118 1.21888
0.539488 0.144555 1.21888
0.536883 0.153949 1.21888
0.534115 0.163295 1.21888
0.531183 0.172592 1.21888
0.52809 0.181836 1.21888
0.524836 0.191025 1.21888
0.521423 0.200155 1.21888
0.51785 0.209225 1.21888
0.51412 0.218231 1.21888
0.510233 0.22717 1.21888
0.50619 0.23604 1.21888
0.501994 0.244839 1.21888
0.497644 0.253562 1.21888
0.493143 0.262209 1.21888
0.488492 0.270775 1.21888
0.483692 0.27926 1.3724
0.478744 0.287659 1.3724
0.473651 0.29597 1.3724
0.468414 0.304191 1.3724
0.463033 0.31232 1.3724
0.457512 0.320353 1.3724
0.451852 0.328289 1.3724
0.446053 0.336125 1.3724
0.440119 0.343859 1.3724
0.434051 0.351488 1.3724
0.427851 0.359009 1.3724
0.42152 0.366422 1.3724
0.415061 0.373722 1.3724
0.408475 0.380909 1.3724
0.401765 0.38798 1.3724
0.394933 0.394933 1.3724
0.38798 0.401765 1.3724
0.380909 0.408475 1.3724
0.373722 0.415061 1.3724
0.366422 0.42152 1.3724
0.359009 0.427851 1.60217
0.351488 0.434051 1.60217
0.343859 0.440119 1.60217
0.336125 0.446053 1.60217
0.328289 0.451852 1.60217
0.320353 0.457512 1.60217
0.31232 0.463033 1.60217
0.304191 0.468414 1.60217
0.29597 0.473651 1.60217
0.287659 0.478744 1.60217
0.27926 0.483692 1.60217
0.270775 0.488492 1.60217
0.262209 0.493143 1.60217
0.253562 0.497644 1.60217
0.244839 0.501994 1.60217
0.23604 0.50619 1.60217
0.22717 0.510233 1.60217
0.218231 0.51412 1.60217
0.209225 0.51785 1.60217
0.200155 0.521423 1.60217
0.191025 0.524836 1.94813
0.181836 0.52809 1.94813
0.172592 0.531183 1.94813
0.163295 0.534115 1.94813
0.153949 0.536883 1.94813
0.144555 0.539488 1.94813
0.135118 0.541929 1.94813
0.125639 0.544204 1.94813
0.116123 0.546314 1.94813
0.10657 0.548258 1.94813
0.0969858 0.550034 1.94813
0.0873717 0.551643 1.94813
0.0777308 0.553084 1.94813
0.0680664 0.554356 1.94813
0.0583812 0.55546 1.94813
0.0486782 0.556394 1.94813
0.0389603 0.557159 1.94813
0.0292306 0.557754 1.94813
0.019492 0.558179 1.94813
0.0097475 0.558434 1.94813
3.41994e-17 0.558519 2.37174
-0.0097475 0.558434 2.37174
-0.019492 0.558179 2.37174
-0.0292306 0.557754 2.37174
-0.0389603 0.557159 2.37174
-0.0486782 0.556394 2.37174
-0.0583812 0.55546 2.37174
-0.0680664 0.554356 2.37174
-0.0777308 0.553084 2.37174
-0.0873717 0.551643 2.37174
-0.0969858 0.550034 2.37174
-0.10657 0.548258 2.37174
-0.116123 0.546314 2.37174
-0.125639 0.544204 2.37174
-0.135118 0.541929 2.37174
-0.144555 0.539488 2.37174
-0.153949 0.536883 2.37174
-0.163295 0.534115 2.37174
-0.172592 0.531183 2.37174
-0.181836 0.52809 2.37174
-0.191025 0.524836 2.74777
-0.200155 0.521423 2.74777
-0.209225 0.51785 2.74777
-0.218231 0.51412 2.74777
-0.22717 0.510233 2.74777
-0.23604 0.50619 2.74777
-0.244839 0.501994 2.74777
-0.253562 0.497644 2.74777
-0.262209 0.493143 2.74777
-0.270775 0.488492 2.74777
-0.27926 0.483692 2.74777
-0.287659 0.478744 2.74777
-0.29597 0.473651 2.74777
-0.304191 0.468414 2.74777
-0.31232 0.463033 2.74777
-0.320353 0.457512 2.74777
-0.328289 0.451852 2.74777
-0.336125 0.446053 2.74777
-0.343859 0.440119 2.74777
-0.351488 0.434051 2.74777
-0.359009 0.427851 2.91171
-0.366422 0.42152 2.91171
-0.373722 0.415061 2.91171
-0.380909 0.408475 2.91171
-0.38798 0.401765 2.91171
-0.394933 0.394933 2.91171
-0.401765 0.38798 2.91171
-0.408475 0.380909 2.91171
-0.415061 0.373722 2.91171
-0.42152 0.366422 2.91171
-0.427851 0.359009 2.91171
-0.434051 0.351488 2.91171
-0.440119 0.343859 2.91171
-0.446053 0.336125 2.91171
-0.451852 0.328289 2.91171
-0.457512 0.320353 2.91171
-0.463033 0.31232 2.91171
-0.468414 0.304191 2.91171
-0.473651 0.29597 2.91171
-0.478744 0.287659 2.91171
-0.483692 0.27926 2.73402
-0.488492 0.270775 2.73402
-0.493143 0.262209 2.73402
-0.497644 0.253562 2.73402
-0.501994 0.244839 2.73402
-0.50619 0.23604 2.73402
-0.510233 0.22717 2.73402
-0.51412 0.218231 2.73402
-0.51785 0.209225 2.73402
-0.521423 0.200155 2.73402
-0.524836 0.191025 2.73402
-0.52809 0.181836 2.73402
-0.531183 0.172592 2.73402
-0.534115 0.163295 2.73402
-0.536883 0.153949 2.73402
-0.539488 0.144555 2.73402
-0.541929 0.135118 2.73402
-0.544204 0.125639 2.73402
-0.546314 0.116123 2.73402
-0.548258 0.10657 2.73402
-0.550034 0.0969858 2.19188
-0.551643 0.0873717 2.19188
-0.553084 0.0777308 2.19188
-0.554356 0.0680664 2.19188
-0.55546 0.0583812 2.19188
-0.556394 0.0486782 2.19188
-0.557159 0.0389603 2.19188
-0.557754 0.0292306 2.19188
-0.558179 0.019492 2.19188
-0.558434 0.0097475 2.19188
-0.558519 6.83989e-17 2.19188
-0.558434 -0.0097475 2.19188
-0.558179 -0.019492 2.19188
-0.557754 -0.0292306 2.19188
-0.557159 -0.0389603 2.19188
-0.556394 -0.0486782 2.19188
-0.55546 -0.0583812 2.19188
-0.554356 -0.0680664 2.19188
-0.553084 -0.0777308 2.19188
-0.551643 -0.0873717 2.19188
-0.550034 -0.0969858 2.19188
-0.548258 -0.10657 1.39901
-0.546314 -0.116123 1.39901
-0.544204 -0.125639 1.39901
-0.541929 -0.135118 1.39901
-0.539488 -0.144555 1.39901
-0.536883 -0.153949 1.39901
-0.534115 -0.163295 1.39901
-0.531183 -0.172592 1.39901
-0.52809 -0.181836 1.39901
-0.524836 -0.191025 1.39901
-0.521423 -0.200155 1.39901
-0.51785 -0.209225 1.39901
-0.51412 -0.218231 1.39901
-0.510233 -0.22717 1.39901
-0.50619 -0.23604 1.39901
-0.501994 -0.244839 1.39901
-0.497644 -0.253562 1.39901
-0.493143 -0.262209 1.39901
-0.488492 -0.270775 1.39901
-0.483692 -0.27926 1.39901
-0.478744 -0.287659 0.567383
-0.473651 -0.29597 0.567383
-0.468414 -0.304191 0.567383
-0.463033 -0.31232 0.567383
-0.457512 -0.320353 0.567383
-0.451852 -0.328289 0.567383
-0.446053 -0.336125 0.567383
-0.440119 -0.343859 0.567383
-0.434051 -0.351488 0.567383
-0.427851 -0.359009 0.567383
-0.42152 -0.366422 0.567383
-0.415061 -0.373722 0.567383
-0.408475 -0.380909 0.567383
-0.401765 -0.38798 0.567383
-0.394933 -0.394933 0.567383
-0.38798 -0.401765 0.567383
-0.380909 -0.408475 0.567383
-0.373722 -0.415061 0.567383
-0.366422 -0.42152 0.567383
-0.359009 -0.427851 0.567383
-0.351488 -0.434051 -0.0718934
-0.343859 -0.440119 -0.0718934
-0.336125 -0.446053 -0.0718934
-0.328289 -0.451852 -0.0718934
-0.320353 -0.457512 -0.0718934
-0.31232 -0.463033 -0.0718934
-0.304191 -0.468414 -0.0718934
-0.29597 -0.473651 -0.0718934
-0.287659 -0.478744 -0.0718934
-0.27926 -0.483692 -0.0718934
-0.270775 -0.488492 -0.0718934
-0.262209 -0.493143 -0.0718934
-0.253562 -0.497644 -0.0718934
-0.244839 -0.501994 -0.0718934
-0.23604 -0.50619 -0.0718934
-0.22717 -0.510233 -0.0718934
-0.218231 -0.51412 -0.0718934
-0.209225 -0.51785 -0.0718934
-0.200155 -0.521423 -0.0718934
-0.191025 -0.524836 -0.0718934
-0.181836 -0.52809 -0.368584
-0.172592 -0.531183 -0.368584
-0.163295 -0.534115 -0.368584
-0.153949 -0.536883 -0.368584
-0.144555 -0.539488 -0.368584
-0.135118 -0.541929 -0.368584
-0.125639 -0.544204 -0.368584
-0.116123 -0.546314 -0.368584
-0.10657 -0.548258 -0.368584
-0.0969858 -0.550034 -0.368584
-0.0873717 -0.551643 -0.368584
-0.0777308 -0.553084 -0.368584
-0.0680664 -0.554356 -0.368584
-0.0583812 -0.55546 -0.368584
-0.0486782 -0.556394 -0.368584
-0.0389603 -0.557159 -0.368584
-0.0292306 -0.557754 -0.368584
-0.019492 -0.558179 -0.368584
-0.0097475 -0.558434 -0.368584
-1.02598e-16 -0.558519 -0.368584
0.0097475 -0.558434 -0.302418
0.019492 -0.558179 -0.302418
0.0292306 -0.557754 -0.302418
0.0389603 -0.557159 -0.302418
0.0486782 -0.556394 -0.302418
0.0583812 -0.55546 -0.302418
0.0680664 -0.554356 -0.302418
0.0777308 -0.553084 -0.302418
0.0873717 -0.551643 -0.302418
0.0969858 -0.550034 -0.302418
0.10657 -0.548258 -0.302418
0.116123 -0.546314 -0.302418
0.125639 -0.544204 -0.302418
0.135118 -0.541929 -0.302418
0.144555 -0.539488 -0.302418
0.153949 -0.536883 -0.302418
0.163295 -0.534115 -0.302418
0.172592 -0.531183 -0.302418
0.181836 -0.52809 -0.302418
0.191025 -0.524836 -0.302418
0.200155 -0.521423 0.0201115
0.209225 -0.51785 0.0201115
0.218231 -0.51412 0.0201115
0.22717 -0.510233 0.0201115
0.23604 -0.50619 0.0201115
0.244839 -0.501994 0.0201115
0.253562 -0.497644 0.0201115
0.262209 -0.493143 0.0201115
0.270775 -0.488492 0.0201115
0.27926 -0.483692 0.0201115
0.287659 -0.478744 0.0201115
0.29597 -0.473651 0.0201115
0.304191 -0.468414 0.0201115
0.31232 -0.463033 0.0201115
0.320353 -0.457512 0.0201115
0.328289 -0.451852 0.0201115
0.336125 -0.446053 0.0201115
0.343859 -0.440119 0.0201115
0.351488 -0.434051 0.0201115
0.359009 -0.427851 0.0201115
0.366422 -0.42152 0.435226
0.373722 -0.415061 0.435226
0.380909 -0.408475 0.435226
0.38798 -0.401765 0.435226
0.394933 -0.394933 0.435226
0.401765 -0.38798 0.435226
0.408475 -0.380909 0.435226
0.415061 -0.373722 0.435226
0.42152 -0.366422 0.435226
0.427851 -0.359009 0.435226
0.434051 -0.351488 0.435226
0.440119 -0.343859 0.435226
0.446053 -0.336125 0.435226
0.451852 -0.328289 0.435226
0.457512 -0.320353 0.435226
0.463033 -0.31232 0.435226
0.468414 -0.304191 0.435226
0.473651 -0.29597 0.435226
0.478744 -0.287659 0.435226
0.483692 -0.27926 0.435226
0.488492 -0.270775 0.80115
0.493143 -0.262209 0.80115
0.497644 -0.253562 0.80115
0.501994 -0.244839 0.80115
0.50619 -0.23604 0.80115
0.510233 -0.22717 0.80115
0.51412 -0.218231 0.80115
0.51785 -0.209225 0.80115
0.521423 -0.200155 0.80115
0.524836 -0.191025 0.80115
0.52809 -0.181836 0.80115
0.531183 -0.172592 0.80115
0.534115 -0.163295 0.80115
0.536883 -0.153949 0.80115
0.539488 -0.144555 0.80115
0.541929 -0.135118 0.80115
0.544204 -0.125639 0.80115
0.546314 -0.116123 0.80115
0.548258 -0.10657 0.80115
0.550034 -0.0969858 0.80115
0.551643 -0.0873717 1.04793
0.553084 -0.0777308 1.04793
0.554356 -0.0680664 1.04793
0.55546 -0.0583812 1.04793
0.556394 -0.0486782 1.04793
0.557159 -0.0389603 1.04793
0.557754 -0.0292306 1.04793
0.558179 -0.019492 1.04793
0.558434 -0.0097475 1.04793

0.638308 0 1.05438
0.63821 0.01114 1.05438
0.637919 0.0222766 1.05438
0.637433 0.0334064 1.05438
0.636753 0.0445261 1.05438
0.635879 0.0556322 1.05438
0.634811 0.0667213 1.05438
0.63355 0.0777901 1.05438
0.632096 0.0888353 1.05438
0.630449 0.0998533 1.05438
0.62861 0.110841 1.21888
0.62658 0.121795 1.21888
0.624359 0.132712 1.21888
0.621948 0.143588 1.21888
0.619347 0.154421 1.21888
0.616558 0.165206 1.21888
0.613581 0.175941 1.21888
0.610417 0.186623 1.21888
0.607067 0.197248 1.21888
0.603532 0.207813 1.21888
0.599813 0.218314 1.21888
0.595912 0.228749 1.21888
0.591829 0.239114 1.21888
0.587565 0.249407 1.21888
0.583123 0.259623 1.21888
0.578503 0.26976 1.21888
0.573707 0.279816 1.21888
0.568736 0.289786 1.21888
0.563592 0.299667 1.21888
0.558276 0.309458 1.21888
0.552791 0.319154 1.3724
0.547136 0.328753 1.3724
0.541316 0.338252 1.3724
0.53533 0.347647 1.3724
0.529181 0.356937 1.3724
0.522871 0.366118 1.3724
0.516402 0.375188 1.3724
0.509775 0.384143 1.3724
0.502993 0.392981 1.3724
0.496058 0.4017 1.3724
0.488972 0.410296 1.3724
0.481737 0.418767 1.3724
0.474355 0.427111 1.3724
0.466829 0.435325 1.3724
0.45916 0.443406 1.3724
0.451352 0.451352 1.3724
0.443406 0.45916 1.3724
0.435325 0.466829 1.3724
0.427111 0.474355 1.3724
0.418767 0.481737 1.3724
0.410296 0.488972 1.60217
0.4017 0.496058 1.60217
0.392981 0.502993 1.60217
0.384143 0.509775 1.60217
0.375188 0.516402 1.60217
0.366118 0.522871 1.60217
0.356937 0.529181 1.60217
0.347647 0.53533 1.60217
0.338252 0.541316 1.60217
0.328753 0.547136 1.60217
0.319154 0.552791 1.60217
0.309458 0.558276 1.60217
0.299667 0.563592 1.60217
0.289786 0.568736 1.60217
0.279816 0.573707 1.60217
0.26976 0.578503 1.60217
0.259623 0.583123 1.60217
0.249407 0.587565 1.60217
0.239114 0.591829 1.60217
0.228749 0.595912 1.60217
0.218314 0.599813 1.94813
0.207813 0.603532 1.94813
0.197248 0.607067 1.94813
0.186623 0.610417 1.94813
0.175941 0.613581 1.94813
0.165206 0.616558 1.94813
0.154421 0.619347 1.94813
0.143588 0.621948 1.94813
0.132712 0.624359 1.94813
0.121795 0.62658 1.94813
0.110841 0.62861 1.94813
0.0998533 0.630449 1.94813
0.0888353 0.632096 1.94813
0.0777901 0.63355 1.94813
0.0667213 0.634811 1.94813
0.0556322 0.635879 1.94813
0.0445261 0.636753 1.94813
0.0334064 0.637433 1.94813
0.0222766 0.637919 1.94813
0.01114 0.63821 1.94813
3.90851e-17 0.638308 2.37174
-0.01114 0.63821 2.37174
-0.0222766 0.637919 2.37174
-0.0334064 0.637433 2.37174
-0.0445261 0.636753 2.37174
-0.0556322 0.635879 2.37174
-0.0667213 0.634811 2.37174
-0.0777901 0.63355 2.37174
-0.0888353 0.632096 2.37174
-0.0998533 0.630449 2.37174
-0.110841 0.62861 2.37174
-0.121795 0.62658 2.37174
-0.132712 0.624359 2.37174
-0.143588 0.621948 2.37174
-0.154421 0.619347 2.37174
-0.165206 0.616558 2.37174
-0.175941 0.613581 2.37174
-0.186623 0.610417 2.37174
-0.197248 0.607067 2.37174
-0.207813 0.603532 2.37174
-0.218314 0.599813 2.74777
-0.228749 0.595912 2.74777
-0.239114 0.591829 2.74777
-0.249407 0.587565 2.74777
-0.259623 0.583123 2.74777
-0.26976 0.578503 2.74777
-0.279816 0.573707 2.74777
-0.289786 0.568736 2.74777
-0.299667 0.563592 2.74777
-0.309458 0.558276 2.74777
-0.319154 0.552791 2.74777
-0.328753 0.547136 2.74777
-0.338252 0.541316 2.74777
-0.347647 0.53533 2.74777
-0.356937 0.529181 2.74777
-0.366118 0.522871 2.74777
-0.375188 0.516402 2.74777
-0.384143 0.509775 2.74777
-0.392981 0.502993 2.74777
-0.4017 0.496058 2.74777
-0.410296 0.488972 2.91171
-0.418767 0.481737 2.91171
-0.427111 0.474355 2.91171
-0.435325 0.466829 2.91171
-0.443406 0.45916 2.91171
-0.451352 0.451352 2.91171
-0.45916 0.443406 2.91171
-0.466829 0.435325 2.91171
-0.474355 0.427111 2.91171
-0.481737 0.418767 2.91171
-0.488972 0.410296 2.91171
-0.496058 0.4017 2.91171
-0.502993 0.392981 2.91171
-0.509775 0.384143 2.91171
-0.516402 0.375188 2.91171
-0.522871 0.366118 2.91171
-0.529181 0.356937 2.91171
-0.53533 0.347647 2.91171
-0.541316 0.338252 2.91171
-0.547136 0.328753 2.91171
-0.552791 0.319154 2.73402
-0.558276 0.309458 2.73402
-0.563592 0.299667 2.73402
-0.568736 0.289786 2.73402
-0.573707 0.279816 2.73402
-0.578503 0.26976 2.73402
-0.583123 0.259623 2.73402
-0.587565 0.249407 2.73402
-0.591829 0.239114 2.73402
-0.595912 0.228749 2.73402
-0.599813 0.218314 2.73402
-0.603532 0.207813 2.73402
-0.607067 0.197248 2.73402
-0.610417 0.186623 2.73402
-0.613581 0.175941 2.73402
-0.616558 0.165206 2.73402
-0.619347 0.154421 2.73402
-0.621948 0.143588 2.73402
-0.624359 0.132712 2.73402
-0.62658 0.121795 2.73402
-0.62861 0.110841 2.19188
-0.630449 0.0998533 2.19188
-0.632096 0.0888353 2.19188
-0.63355 0.0777901 2.19188
-0.634811 0.0667213 2.19188
-0.635879 0.0556322 2.19188
-0.636753 0.0445261 2.19188
-0.637433 0.0334064 2.19188
-0.637919 0.0222766 2.19188
-0.63821 0.01114 2.19188
-0.638308 7.81701e-17 2.19188
-0.63821 -0.01114 2.19188
-0.637919 -0.0222766 2.19188
-0.637433 -0.0334064 2.19188
-0.636753 -0.0445261 2.19188
-0.635879 -0.0556322 2.19188
-0.634811 -0.0667213 2.19188
-0.63355 -0.0777901 2.19188
-0.632096 -0.0888353 2.19188
-0.630449 -0.0998533 2.19188
-0.62861 -0.110841 2.19188
-0.62658 -0.121795 1.39901
-0.624359 -0.132712 1.39901
-0.621948 -0.143588 1.39901
-0.619347 -0.154421 1.39901
-0.616558 -0.165206 1.39901
-0.613581 -0.175941 1.39901
-0.610417 -0.186623 1.39901
-0.607067 -0.197248 1.39901
-0.603532 -0.207813 1.39901
-0.599813 -0.218314 1.39901
-0.595912 -0.228749 1.39901
-0.591829 -0.239114 1.39901
-0.587565 -0.249407 1.39901
-0.583123 -0.259623 1.39901
-0.578503 -0.26976 1.39901
-0.573707 -0.279816 1.39901
-0.568736 -0.289786 1.39901
-0.563592 -0.299667 1.39901
-0.558276 -0.309458 1.39901
-0.552791 -0.319154 1.39901
-0.547136 -0.328753 0.567383
-0.541316 -0.338252 0.567383
-0.53533 -0.347647 0.567383
-0.529181 -0.356937 0.567383
-0.522871 -0.366118 0.567383
-0.516402 -0.375188 0.567383
-0.509775 -0.384143 0.567383
-0.502993 -0.392981 0.567383
-0.496058 -0.4017 0.567383
-0.488972 -0.410296 0.567383
-0.481737 -0.418767 0.567383
-0.474355 -0.427111 0.567383
-0.466829 -0.435325 0.567383
-0.45916 -0.443406 0.567383
-0.451352 -0.451352 0.567383
-0.443406 -0.45916 0.567383
-0.435325 -0.466829 0.567383
-0.427111 -0.474355 0.567383
-0.418767 -0.481737 0.567383
-0.410296 -0.488972 0.567383
-0.4017 -0.496058 -0.0718934
-0.392981 -0.502993 -0.0718934
-0.384143 -0.509775 -0.0718934
-0.375188 -0.516402 -0.0718934
-0.366118 -0.522871 -0.0718934
-0.356937 -0.529181 -0.0718934
-0.347647 -0.53533 -0.0718934
-0.338252 -0.541316 -0.0718934
-0.328753 -0.547136 -0.0718934
-0.319154 -0.552791 -0.0718934
-0.309458 -0.558276 -0.0718934
-0.299667 -0.563592 -0.0718934
-0.289786 -0.568736 -0.0718934
-0.279816 -0.573707 -0.0718934
-0.26976 -0.578503 -0.0718934
-0.259623 -0.583123 -0.0718934
-0.249407 -0.587565 -0.0718934
-0.239114 -0.591829 -0.0718934
-0.228749 -0.595912 -0.0718934
-0.218314 -0.599813 -0.0718934
-0.207813 -0.603532 -0.368584
-0.197248 -0.607067 -0.368584
-0.186623 -0.610417 -0.368584
-0.175941 -0.613581 -0.368584
-0.165206 -0.616558 -0.368584
-0.154421 -0.619347 -0.368584
-0.143588 -0.621948 -0.368584
-0.132712 -0.624359 -0.368584
-0.121795 -0.62658 -0.368584
-0.110841 -0.62861 -0.368584
-0.0998533 -0.630449 -0.368584
-0.0888353 -0.632096 -0.368584
-0.0777901 -0.63355 -0.368584
-0.0667213 -0.634811 -0.368584
-0.0556322 -0.635879 -0.368584
-0.0445261 -0.636753 -0.368584
-0.0334064 -0.637433 -0.368584
-0.0222766 -0.637919 -0.368584
-0.01114 -0.63821 -0.368584
-1.17255e-16 -0.638308 -0.368584
0.01114 -0.63821 -0.302418
0.0222766 -0.637919 -0.302418
0.0334064 -0.637433 -0.302418
0.0445261 -0.636753 -0.302418
0.0556322 -0.635879 -0.302418
0.0667213 -0.634811 -0.302418
0.0777901 -0.63355 -0.302418
0.0888353 -0.632096 -0.302418
0.0998533 -0.630449 -0.302418
0.110841 -0.62861 -0.302418
0.121795 -0.62658 -0.302418
0.132712 -0.624359 -0.302418
0.143588 -0.621948 -0.302418
0.154421 -0.619347 -0.302418
0.165206 -0.616558 -0.302418
0.175941 -0.613581 -0.302418
0.186623 -0.610417 -0.302418
0.197248 -0.607067 -0.302418
0.207813 -0.603532 -0.302418
0.218314 -0.599813 -0.302418
0.228749 -0.595912 0.0201115
0.239114 -0.591829 0.0201115
0.249407 -0.587565 0.0201115
0.259623 -0.583123 0.0201115
0.26976 -0.578503 0.0201115
0.279816 -0.573707 0.0201115
0.289786 -0.568736 0.0201115
0.299667 -0.563592 0.0201115
0.309458 -0.558276 0.0201115
0.319154 -0.552791 0.0201115
0.328753 -0.547136 0.0201115
0.338252 -0.541316 0.0201115
0.347647 -0.53533 0.0201115
0.356937 -0.529181 0.0201115
0.366118 -0.522871 0.0201115
0.375188 -0.516402 0.0201115
0.384143 -0.509775 0.0201115
0.392981 -0.502993 0.0201115
0.4017 -0.496058 0.0201115
0.410296 -0.488972 0.0201115
0.418767 -0.481737 0.435226
0.427111 -0.474355 0.435226
0.435325 -0.466829 0.435226
0.443406 -0.45916 0.435226
0.451352 -0.451352 0.435226
0.45916 -0.443406 0.435226
0.466829 -0.435325 0.435226
0.474355 -0.427111 0.435226
0.481737 -0.418767 0.435226
0.488972 -0.410296 0.435226
0.496058 -0.4017 0.435226
0.502993 -0.392981 0.435226
0.509775 -0.384143 0.435226
0.516402 -0.375188 0.435226
0.522871 -0.366118 0.435226
0.529181 -0.356937 0.435226
0.53533 -0.347647 0.435226
0.541316 -0.338252 0.435226
0.547136 -0.328753 0.435226
0.552791 -0.319154 0.435226
0.558276 -0.309458 0.80115
0.563592 -0.299667 0.80115
0.568736 -0.289786 0.80115
0.573707 -0.279816 0.80115
0.578503 -0.26976 0.80115
0.583123 -0.259623 0.80115
0.587565 -0.249407 0.80115
0.591829 -0.239114 0.80115
0.595912 -0.228749 0.80115
0.599813 -0.218314 0.80115
0.603532 -0.207813 0.80115
0.607067 -0.197248 0.80115
0.610417 -0.186623 0.80115
0.613581 -0.175941 0.80115
0.616558 -0.165206 0.80115
0.619347 -0.154421 0.80115
0.621948 -0.143588 0.80115
0.624359 -0.132712 0.80115
0.62658 -0.121795 0.80115
0.62861 -0.110841 0.80115
0.630449 -0.0998533 1.04793
0.632096 -0.0888353 1.04793
0.63355 -0.0777901 1.04793
0.634811 -0.0667213 1.04793
0.635879 -0.0556322 1.04793
0.636753 -0.0445261 1.04793
0.637433 -0.0334064 1.04793
0.637919 -0.0222766 1.04793
0.63821 -0.01114 1.04793

0.718096 0 1.13128
0.717987 0.0125325 1.13128
0.717659 0.0250612 1.13128
0.717112 0.0375822 1.13128
0.716347 0.0500919 1.13128
0.715364 0.0625862 1.13128
0.714162 0.0750615 1.13128
0.712744 0.0875139 1.13128
0.711108 0.0999397 1.21025
0.709255 0.112335 1.21025
0.707187 0.124696 1.21025
0.704903 0.137019 1.21025
0.702404 0.149301 1.21025
0.699691 0.161536 1.21025
0.696766 0.173723 1.21025
0.693628 0.185857 1.21025
0.690278 0.197934 1.21025
0.686719 0.209951 1.21025
0.68295 0.221904 1.21025
0.678973 0.233789 1.21025
0.67479 0.245603 1.21025
0.6704 0.257343 1.21025
0.665807 0.269004 1.21025
0.661011 0.280583 1.25219
0.656013 0.292076 1.25219
0.650816 0.303481 1.25219
0.645421 0.314793 1.25219
0.639828 0.326009 1.25219
0.634041 0.337126 1.25219
0.628061 0.34814 1.25219
0.621889 0.359048 1.25219
0.615528 0.369847 1.25219
0.60898 0.380533 1.25219
0.602246 0.391103 1.25219
0.595329 0.401554 1.25219
0.58823 0.411883 1.25219
0.580952 0.422086 1.25219
0.573497 0.432161 1.25219
0.565867 0.442104 1.33258
0.558065 0.451913 1.33258
0.550094 0.461583 1.33258
0.541954 0.471113 1.33258
0.533649 0.4805 1.33258
0.525182 0.48974 1.33258
0.516555 0.498831 1.33258
0.507771 0.507771 1.33258
0.498831 0.516555 1.33258
0.48974 0.525182 1.33258
0.4805 0.533649 1.33258
0.471113 0.541954 1.33258
0.461583 0.550094 1.33258
0.451913 0.558065 1.33258
0.442104 0.565867 1.33258
0.432161 0.573497 1.51636
0.422086 0.580952 1.51636
0.411883 0.58823 1.51636
0.401554 0.595329 1.51636
0.391103 0.602246 1.51636
0.380533 0.60898 1.51636
0.369847 0.615528 1.51636
0.359048 0.621889 1.51636
0.34814 0.628061 1.51636
0.337126 0.634041 1.51636
0.326009 0.639828 1.51636
0.314793 0.645421 1.51636
0.303481 0.650816 1.51636
0.292076 0.656013 1.51636
0.280583 0.661011 1.51636
0.269004 0.665807 1.83817
0.257343 0.6704 1.83817
0.245603 0.67479 1.83817
0.233789 0.678973 1.83817
0.221904 0.68295 1.83817
0.209951 0.686719 1.83817
0.197934 0.690278 1.83817
0.185857 0.693628 1.83817
0.173723 0.696766 1.83817
0.161536 0.699691 1.83817
0.149301 0.702404 1.83817
0.137019 0.704903 1.83817
0.124696 0.707187 1.83817
0.112335 0.709255 1.83817
0.0999397 0.711108 1.83817
0.0875139 0.712744 2.28952
0.0750615 0.714162 2.28952
0.0625862 0.715364 2.28952
0.0500919 0.716347 2.28952
0.0375822 0.717112 2.28952
0.0250612 0.717659 2.28952
0.0125325 0.717987 2.28952
4.39707e-17 0.718096 2.28952
-0.0125325 0.717987 2.28952
-0.0250612 0.717659 2.28952
-0.0375822 0.717112 2.28952
-0.0500919 0.716347 2.28952
-0.0625862 0.715364 2.28952
-0.0750615 0.714162 2.28952
-0.0875139 0.712744 2.28952
-0.0999397 0.711108 2.8085
-0.112335 0.709255 2.8085
-0.124696 0.707187 2.8085
-0.137019 0.704903 2.8085
-0.149301 0.702404 2.8085
-0.161536 0.699691 2.8085
-0.173723 0.696766 2.8085
-0.185857 0.693628 2.8085
-0.197934 0.690278 2.8085
-0.209951 0.686719 2.8085
-0.221904 0.68295 2.8085
-0.233789 0.678973 2.8085
-0.245603 0.67479 2.8085
-0.257343 0.6704 2.8085
-0.269004 0.665807 2.8085
-0.280583 0.661011 3.28667
-0.292076 0.656013 3.28667
-0.303481 0.650816 3.28667
-0.314793 0.645421 3.28667
-0.326009 0.639828 3.28667
-0.337126 0.634041 3.28667
-0.34814 0.628061 3.28667
-0.359048 0.621889 3.28667
-0.369847 0.615528 3.28667
-0.380533 0.60898 3.28667
-0.391103 0.602246 3.28667
-0.401554 0.595329 3.28667
-0.411883 0.58823 3.28667
-0.422086 0.580952 3.28667
-0.432161 0.573497 3.28667
-0.442104 0.565867 3.59717
-0.451913 0.558065 3.59717
-0.461583 0.550094 3.59717
-0.471113 0.541954 3.59717
-0.4805 0.533649 3.59717
-0.48974 0.525182 3.59717
-0.498831 0.516555 3.59717
-0.507771 0.507771 3.59717
-0.516555 0.498831 3.59717
-0.525182 0.48974 3.59717
-0.533649 0.4805 3.59717
-0.541954 0.471113 3.59717
-0.550094 0.461583 3.59717
-0.558065 0.451913 3.59717
-0.565867 0.442104 3.59717
-0.573497 0.432161 3.62834
-0.580952 0.422086 3.62834
-0.58823 0.411883 3.62834
-0.595329 0.401554 3.62834
-0.602246 0.391103 3.62834
-0.60898 0.380533 3.62834
-0.615528 0.369847 3.62834
-0.621889 0.359048 3.62834
-0.628061 0.34814 3.62834
-0.634041 0.337126 3.62834
-0.639828 0.326009 3.62834
-0.645421 0.314793 3.62834
-0.650816 0.303481 3.62834
-0.656013 0.292076 3.62834
-0.661011 0.280583 3.62834
-0.665807 0.269004 3.31722
-0.6704 0.257343 3.31722
-0.67479 0.245603 3.31722
-0.678973 0.233789 3.31722
-0.68295 0.221904 3.31722
-0.686719 0.209951 3.31722
-0.690278 0.197934 3.31722
-0.693628 0.185857 3.31722
-0.696766 0.173723 3.31722
-0.699691 0.161536 3.31722
-0.702404 0.149301 3.31722
-0.704903 0.137019 3.31722
-0.707187 0.124696 3.31722
-0.709255 0.112335 3.31722
-0.711108 0.0999397 3.31722
-0.712744 0.0875139 2.67638
-0.714162 0.0750615 2.67638
-0.715364 0.0625862 2.67638
-0.716347 0.0500919 2.67638
-0.717112 0.0375822 2.67638
-0.717659 0.0250612 2.67638
-0.717987 0.0125325 2.67638
-0.718096 8.79414e-17 2.67638
-0.717987 -0.0125325 2.67638
-0.717659 -0.0250612 2.67638
-0.717112 -0.0375822 2.67638
-0.716347 -0.0500919 2.67638
-0.715364 -0.0625862 2.67638
-0.714162 -0.0750615 2.67638
-0.712744 -0.0875139 2.67638
-0.711108 -0.0999397 1.79492
-0.709255 -0.112335 1.79492
-0.707187 -0.124696 1.79492
-0.704903 -0.137019 1.79492
-0.702404 -0.149301 1.79492
-0.699691 -0.161536 1.79492
-0.696766 -0.173723 1.79492
-0.693628 -0.185857 1.79492
-0.690278 -0.197934 1.79492
-0.686719 -0.209951 1.79492
-0.68295 -0.221904 1.79492
-0.678973 -0.233789 1.79492
-0.67479 -0.245603 1.79492
-0.6704 -0.257343 1.79492
-0.665807 -0.269004 1.79492
-0.661011 -0.280583 0.819309
-0.656013 -0.292076 0.819309
-0.650816 -0.303481 0.819309
-0.645421 -0.314793 0.819309
-0.639828 -0.326009 0.819309
-0.634041 -0.337126 0.819309
-0.628061 -0.34814 0.819309
-0.621889 -0.359048 0.819309
-0.615528 -0.369847 0.819309
-0.60898 -0.380533 0.819309
-0.602246 -0.391103 0.819309
-0.595329 -0.401554 0.819309
-0.58823 -0.411883 0.819309
-0.580952 -0.422086 0.819309
-0.573497 -0.432161 0.819309
-0.565867 -0.442104 -0.0778805
-0.558065 -0.451913 -0.0778805
-0.550094 -0.461583 -0.0778805
-0.541954 -0.471113 -0.0778805
-0.533649 -0.4805 -0.0778805
-0.525182 -0.48974 -0.0778805
-0.516555 -0.498831 -0.0778805
-0.507771 -0.507771 -0.0778805
-0.498831 -0.516555 -0.0778805
-0.48974 -0.525182 -0.0778805
-0.4805 -0.533649 -0.0778805
-0.471113 -0.541954 -0.0778805
-0.461583 -0.550094 -0.0778805
-0.451913 -0.558065 -0.0778805
-0.442104 -0.565867 -0.0778805
-0.432161 -0.573497 -0.743803
-0.422086 -0.580952 -0.743803
-0.411883 -0.58823 -0.743803
-0.401554 -0.595329 -0.743803
-0.391103 -0.602246 -0.743803
-0.380533 -0.60898 -0.743803
-0.369847 -0.615528 -0.743803
-0.359048 -0.621889 -0.743803
-0.34814 -0.628061 -0.743803
-0.337126 -0.634041 -0.743803
-0.326009 -0.639828 -0.743803
-0.314793 -0.645421 -0.743803
-0.303481 -0.650816 -0.743803
-0.292076 -0.656013 -0.743803
-0.280583 -0.661011 -0.743803
-0.269004 -0.665807 -1.08405
-0.257343 -0.6704 -1.08405
-0.245603 -0.67479 -1.08405
-0.233789 -0.678973 -1.08405
-0.221904 -0.68295 -1.08405
-0.209951 -0.686719 -1.08405
-0.197934 -0.690278 -1.08405
-0.185857 -0.693628 -1.08405
-0.173723 -0.696766 -1.08405
-0.161536 -0.699691 -1.08405
-0.149301 -0.702404 -1.08405
-0.137019 -0.704903 -1.08405
-0.124696 -0.707187 -1.08405
-0.112335 -0.709255 -1.08405
-0.0999397 -0.711108 -1.08405
-0.0875139 -0.712744 -1.07931
-0.0750615 -0.714162 -1.07931
-0.0625862 -0.715364 -1.07931
-0.0500919 -0.716347 -1.07931
-0.0375822 -0.717112 -1.07931
-0.0250612 -0.717659 -1.07931
-0.0125325 -0.717987 -1.07931
-1.31912e-16 -0.718096 -1.07931
0.0125325 -0.717987 -1.07931
0.0250612 -0.717659 -1.07931
0.0375822 -0.717112 -1.07931
0.0500919 -0.716347 -1.07931
0.0625862 -0.715364 -1.07931
0.0750615 -0.714162 -1.07931
0.0875139 -0.712744 -1.07931
0.0999397 -0.711108 -0.787617
0.112335 -0.709255 -0.787617
0.124696 -0.707187 -0.787617
0.137019 -0.704903 -0.787617
0.149301 -0.702404 -0.787617
0.161536 -0.699691 -0.787617
0.173723 -0.696766 -0.787617
0.185857 -0.693628 -0.787617
0.197934 -0.690278 -0.787617
0.209951 -0.686719 -0.787617
0.221904 -0.68295 -0.787617
0.233789 -0.678973 -0.787617
0.245603 -0.67479 -0.787617
0.257343 -0.6704 -0.787617
0.269004 -0.665807 -0.787617
0.280583 -0.661011 -0.322275
0.292076 -0.656013 -0.322275
0.303481 -0.650816 -0.322275
0.314793 -0.645421 -0.322275
0.326009 -0.639828 -0.322275
0.337126 -0.634041 -0.322275
0.34814 -0.628061 -0.322275
0.359048 -0.621889 -0.322275
0.369847 -0.615528 -0.322275
0.380533 -0.60898 -0.322275
0.391103 -0.602246 -0.322275
0.401554 -0.595329 -0.322275
0.411883 -0.58823 -0.322275
0.422086 -0.580952 -0.322275
0.432161 -0.573497 -0.322275
0.442104 -0.565867 0.188073
0.451913 -0.558065 0.188073
0.461583 -0.550094 0.188073
0.471113 -0.541954 0.188073
0.4805 -0.533649 0.188073
0.48974 -0.525182 0.188073
0.498831 -0.516555 0.188073
0.507771 -0.507771 0.188073
0.516555 -0.498831 0.188073
0.525182 -0.48974 0.188073
0.533649 -0.4805 0.188073
0.541954 -0.471113 0.188073
0.550094 -0.461583 0.188073
0.558065 -0.451913 0.188073
0.565867 -0.442104 0.188073
0.573497 -0.432161 0.634123
0.580952 -0.422086 0.634123
0.58823 -0.411883 0.634123
0.595329 -0.401554 0.634123
0.602246 -0.391103 0.634123
0.60898 -0.380533 0.634123
0.615528 -0.369847 0.634123
0.621889 -0.359048 0.634123
0.628061 -0.34814 0.634123
0.634041 -0.337126 0.634123
0.639828 -0.326009 0.634123
0.645421 -0.314793 0.634123
0.650816 -0.303481 0.634123
0.656013 -0.292076 0.634123
0.661011 -0.280583 0.634123
0.665807 -0.269004 0.951367
0.6704 -0.257343 0.951367
0.67479 -0.245603 0.951367
0.678973 -0.233789 0.951367
0.68295 -0.221904 0.951367
0.686719 -0.209951 0.951367
0.690278 -0.197934 0.951367
0.693628 -0.185857 0.951367
0.696766 -0.173723 0.951367
0.699691 -0.161536 0.951367
0.702404 -0.149301 0.951367
0.704903 -0.137019 0.951367
0.707187 -0.124696 0.951367
0.709255 -0.112335 0.951367
0.711108 -0.0999397 0.951367
0.712744 -0.0875139 1.05438
0.714162 -0.0750615 1.05438
0.715364 -0.0625862 1.05438
0.716347 -0.0500919 1.05438
0.717112 -0.0375822 1.05438
0.717659 -0.0250612 1.05438
0.717987 -0.0125325 1.05438

0.797885 0 1.13128
0.797763 0.013925 1.13128
0.797399 0.0278458 1.13128
0.796791 0.0417581 1.13128
0.795941 0.0556576 1.13128
0.794848 0.0695402 1.13128
0.793514 0.0834016 1.13128
0.791937 0.0972377 1.13128
0.79012 0.111044 1.21025
0.788061 0.124817 1.21025
0.785763 0.138551 1.21025
0.783225 0.152244 1.21025
0.780449 0.16589 1.21025
0.777435 0.179485 1.21025
0.774184 0.193026 1.21025
0.770697 0.206508 1.21025
0.766976 0.219927 1.21025
0.763021 0.233279 1.21025
0.758833 0.24656 1.21025
0.754415 0.259766 1.21025
0.749766 0.272893 1.21025
0.744889 0.285936 1.21025
0.739786 0.298893 1.21025
0.734457 0.311758 1.25219
0.728904 0.324529 1.25219
0.723129 0.337201 1.25219
0.717134 0.34977 1.25219
0.71092 0.362232 1.25219
0.70449 0.374584 1.25219
0.697846 0.386822 1.25219
0.690988 0.398942 1.25219
0.683921 0.410941 1.25219
0.676644 0.422814 1.25219
0.669162 0.434559 1.25219
0.661476 0.446171 1.25219
0.653589 0.457648 1.25219
0.645502 0.468985 1.25219
0.637219 0.480179 1.25219
0.628742 0.491227 1.33258
0.620073 0.502125 1.33258
0.611215 0.51287 1.33258
0.602171 0.523459 1.33258
0.592944 0.533889 1.33258
0.583536 0.544156 1.33258
0.57395 0.554257 1.33258
0.56419 0.56419 1.33258
0.554257 0.57395 1.33258
0.544156 0.583536 1.33258
0.533889 0.592944 1.33258
0.523459 0.602171 1.33258
0.51287 0.611215 1.33258
0.502125 0.620073 1.33258
0.491227 0.628742 1.33258
0.480179 0.637219 1.51636
0.468985 0.645502 1.51636
0.457648 0.653589 1.51636
0.446171 0.661476 1.51636
0.434559 0.669162 1.51636
0.422814 0.676644 1.51636
0.410941 0.683921 1.51636
0.398942 0.690988 1.51636
0.386822 0.697846 1.51636
0.374584 0.70449 1.51636
0.362232 0.71092 1.51636
0.34977 0.717134 1.51636
0.337201 0.723129 1.51636
0.324529 0.728904 1.51636
0.311758 0.734457 1.51636
0.298893 0.739786 1.83817
0.285936 0.744889 1.83817
0.272893 0.749766 1.83817
0.259766 0.754415 1.83817
0.24656 0.758833 1.83817
0.233279 0.763021 1.83817
0.219927 0.766976 1.83817
0.206508 0.770697 1.83817
0.193026 0.774184 1.83817
0.179485 0.777435 1.83817
0.16589 0.780449 1.83817
0.152244 0.783225 1.83817
0.138551 0.785763 1.83817
0.124817 0.788061 1.83817
0.111044 0.79012 1.83817
0.0972377 0.791937 2.28952
0.0834016 0.793514 2.28952
0.0695402 0.794848 2.28952
0.0556576 0.795941 2.28952
0.0417581 0.796791 2.28952
0.0278458 0.797399 2.28952
0.013925 0.797763 2.28952
4.88563e-17 0.797885 2.28952
-0.013925 0.797763 2.28952
-0.0278458 0.797399 2.28952
-0.0417581 0.796791 2.28952
-0.0556576 0.795941 2.28952
-0.0695402 0.794848 2.28952
-0.0834016 0.793514 2.28952
-0.0972377 0.791937 2.28952
-0.111044 0.79012 2.8085
-0.124817 0.788061 2.8085
-0.138551 0.785763 2.8085
-0.152244 0.783225 2.8085
-0.16589 0.780449 2.8085
-0.179485 0.777435 2.8085
-0.193026 0.774184 2.8085
-0.206508 0.770697 2.8085
-0.219927 0.766976 2.8085
-0.233279 0.763021 2.8085
-0.24656 0.758833 2.8085
-0.259766 0.754415 2.8085
-0.272893 0.749766 2.8085
-0.285936 0.744889 2.8085
-0.298893 0.739786 2.8085
-0.311758 0.734457 3.28667
-0.324529 0.728904 3.28667
-0.337201 0.723129 3.28667
-0.34977 0.717134 3.28667
-0.362232 0.71092 3.28667
-0.374584 0.70449 3.28667
-0.386822 0.697846 3.28667
-0.398942 0.690988 3.28667
-0.410941 0.683921 3.28667
-0.422814 0.676644 3.28667
-0.434559 0.669162 3.28667
-0.446171 0.661476 3.28667
-0.457648 0.653589 3.28667
-0.468985 0.645502 3.28667
-0.480179 0.637219 3.28667
-0.491227 0.628742 3.59717
-0.502125 0.620073 3.59717
-0.51287 0.611215 3.59717
-0.523459 0.602171 3.59717
-0.533889 0.592944 3.59717
-0.544156 0.583536 3.59717
-0.554257 0.57395 3.59717
-0.56419 0.56419 3.59717
-0.57395 0.554257 3.59717
-0.583536 0.544156 3.59717
-0.592944 0.533889 3.59717
-0.602171 0.523459 3.59717
-0.611215 0.51287 3.59717
-0.620073 0.502125 3.59717
-0.628742 0.491227 3.59717
-0.637219 0.480179 3.62834
-0.645502 0.468985 3.62834
-0.653589 0.457648 3.62834
-0.661476 0.446171 3.62834
-0.669162 0.434559 3.62834
-0.676644 0.422814 3.62834
-0.683921 0.410941 3.62834
-0.690988 0.398942 3.62834
-0.697846 0.386822 3.62834
-0.70449 0.374584 3.62834
-0.71092 0.362232 3.62834
-0.717134 0.34977 3.62834
-0.723129 0.337201 3.62834
-0.728904 0.324529 3.62834
-0.734457 0.311758 3.62834
-0.739786 0.298893 3.31722
-0.744889 0.285936 3.31722
-0.749766 0.272893 3.31722
-0.754415 0.259766 3.31722
-0.758833 0.24656 3.31722
-0.763021 0.233279 3.31722
-0.766976 0.219927 3.31722
-0.770697 0.206508 3.31722
-0.774184 0.193026 3.31722
-0.777435 0.179485 3.31722
-0.780449 0.16589 3.31722
-0.783225 0.152244 3.31722
-0.785763 0.138551 3.31722
-0.788061 0.124817 3.31722
-0.79012 0.111044 3.31722
-0.791937 0.0972377 2.67638
-0.793514 0.0834016 2.67638
-0.794848 0.0695402 2.67638
-0.795941 0.0556576 2.67638
-0.796791 0.0417581 2.67638
-0.797399 0.0278458 2.67638
-0.797763 0.013925 2.67638
-0.797885 9.77127e-17 2.67638
-0.797763 -0.013925 2.67638
-0.797399 -0.0278458 2.67638
-0.796791 -0.0417581 2.67638
-0.795941 -0.0556576 2.67638
-0.794848 -0.0695402 2.67638
-0.793514 -0.0834016 2.67638
-0.791937 -0.0972377 2.67638
-0.79012 -0.111044 1.79492
-0.788061 -0.124817 1.79492
-0.785763 -0.138551 1.79492
-0.783225 -0.152244 1.79492
-0.780449 -0.16589 1.79492
-0.777435 -0.179485 1.79492
-0.774184 -0.193026 1.79492
-0.770697 -0.206508 1.79492
-0.766976 -0.219927 1.79492
-0.763021 -0.233279 1.79492
-0.758833 -0.24656 1.79492
-0.754415 -0.259766 1.79492
-0.749766 -0.272893 1.79492
-0.744889 -0.285936 1.79492
-0.739786 -0.298893 1.79492
-0.734457 -0.311758 0.819309
-0.728904 -0.324529 0.819309
-0.723129 -0.337201 0.819309
-0.717134 -0.34977 0.819309
-0.71092 -0.362232 0.819309
-0.70449 -0.374584 0.819309
-0.697846 -0.386822 0.819309
-0.690988 -0.398942 0.819309
-0.683921 -0.410941 0.819309
-0.676644 -0.422814 0.819309
-0.669162 -0.434559 0.819309
-0.661476 -0.446171 0.819309
-0.653589 -0.457648 0.819309
-0.645502 -0.468985 0.819309
-0.637219 -0.480179 0.819309
-0.628742 -0.491227 -0.0778805
-0.620073 -0.502125 -0.0778805
-0.611215 -0.51287 -0.0778805
-0.602171 -0.523459 -0.0778805
-0.592944 -0.533889 -0.0778805
-0.583536 -0.544156 -0.0778805
-0.57395 -0.554257 -0.0778805
-0.56419 -0.56419 -0.0778805
-0.554257 -0.57395 -0.0778805
-0.544156 -0.583536 -0.0778805
-0.533889 -0.592944 -0.0778805
-0.523459 -0.602171 -0.0778805
-0.51287 -0.611215 -0.0778805
-0.502125 -0.620073 -0.0778805
-0.491227 -0.628742 -0.0778805
-0.480179 -0.637219 -0.743803
-0.468985 -0.645502 -0.743803
-0.457648 -0.653589 -0.743803
-0.446171 -0.661476 -0.743803
-0.434559 -0.669162 -0.743803
-0.422814 -0.676644 -0.743803
-0.410941 -0.683921 -0.743803
-0.398942 -0.690988 -0.743803
-0.386822 -0.697846 -0.743803
-0.374584 -0.70449 -0.743803
-0.362232 -0.71092 -0.743803
-0.34977 -0.717134 -0.743803
-0.337201 -0.723129 -0.743803
-0.324529 -0.728904 -0.743803
-0.311758 -0.734457 -0.743803
-0.298893 -0.739786 -1.08405
-0.285936 -0.744889 -1.08405
-0.272893 -0.749766 -1.08405
-0.259766 -0.754415 -1.08405
-0.24656 -0.758833 -1.08405
-0.233279 -0.763021 -1.08405
-0.219927 -0.766976 -1.08405
-0.206508 -0.770697 -1.08405
-0.193026 -0.774184 -1.08405
-0.179485 -0.777435 -1.08405
-0.16589 -0.780449 -1.08405
-0.152244 -0.783225 -1.08405
-0.138551 -0.785763 -1.08405
-0.124817 -0.788061 -1.08405
-0.111044 -0.79012 -1.08405
-0.0972377 -0.791937 -1.07931
-0.0834016 -0.793514 -1.07931
-0.0695402 -0.794848 -1.07931
-0.0556576 -0.795941 -1.07931
-0.0417581 -0.796791 -1.07931
-0.0278458 -0.797399 -1.07931
-0.013925 -0.797763 -1.07931
-1.46569e-16 -0.797885 -1.07931
0.013925 -0.797763 -1.07931
0.0278458 -0.797399 -1.07931
0.0417581 -0.796791 -1.07931
0.0556576 -0.795941 -1.07931
0.0695402 -0.794848 -1.07931
0.0834016 -0.793514 -1.07931
0.0972377 -0.791937 -1.07931
0.111044 -0.79012 -0.787617
0.124817 -0.788061 -0.787617
0.138551 -0.785763 -0.787617
0.152244 -0.783225 -0.787617
0.16589 -0.780449 -0.787617
0.179485 -0.777435 -0.787617
0.193026 -0.774184 -0.787617
0.206508 -0.770697 -0.787617
0.219927 -0.766976 -0.787617
0.233279 -0.763021 -0.787617
0.24656 -0.758833 -0.787617
0.259766 -0.754415 -0.787617
0.272893 -0.749766 -0.787617
0.285936 -0.744889 -0.787617
0.298893 -0.739786 -0.787617
0.311758 -0.734457 -0.322275
0.324529 -0.728904 -0.322275
0.337201 -0.723129 -0.322275
0.34977 -0.717134 -0.322275
0.362232 -0.71092 -0.322275
0.374584 -0.70449 -0.322275
0.386822 -0.697846 -0.322275
0.398942 -0.690988 -0.322275
0.410941 -0.683921 -0.322275
0.422814 -0.676644 -0.322275
0.434559 -0.669162 -0.322275
0.446171 -0.661476 -0.322275
0.457648 -0.653589 -0.322275
0.468985 -0.645502 -0.322275
0.480179 -0.637219 -0.322275
0.491227 -0.628742 0.188073
0.502125 -0.620073 0.188073
0.51287 -0.611215 0.188073
0.523459 -0.602171 0.188073
0.533889 -0.592944 0.188073
0.544156 -0.583536 0.188073
0.554257 -0.57395 0.188073
0.56419 -0.56419 0.188073
0.57395 -0.554257 0.188073
0.583536 -0.544156 0.188073
0.592944 -0.533889 0.188073
0.602171 -0.523459 0.188073
0.611215 -0.51287 0.188073
0.620073 -0.502125 0.188073
0.628742 -0.491227 0.188073
0.637219 -0.480179 0.634123
0.645502 -0.468985 0.634123
0.653589 -0.457648 0.634123
0.661476 -0.446171 0.634123
0.669162 -0.434559 0.634123
0.676644 -0.422814 0.634123
0.683921 -0.410941 0.634123
0.690988 -0.398942 0.634123
0.697846 -0.386822 0.634123
0.70449 -0.374584 0.634123
0.71092 -0.362232 0.634123
0.717134 -0.34977 0.634123
0.723129 -0.337201 0.634123
0.728904 -0.324529 0.634123
0.734457 -0.311758 0.634123
0.739786 -0.298893 0.951367
0.744889 -0.285936 0.951367
0.749766 -0.272893 0.951367
0.754415 -0.259766 0.951367
0.758833 -0.24656 0.951367
0.763021 -0.233279 0.951367
0.766976 -0.219927 0.951367
0.770697 -0.206508 0.951367
0.774184 -0.193026 0.951367
0.777435 -0.179485 0.951367
0.780449 -0.16589 0.951367
0.783225 -0.152244 0.951367
0.785763 -0.138551 0.951367
0.788061 -0.124817 0.951367
0.79012 -0.111044 0.951367
0.791937 -0.0972377 1.05438
0.793514 -0.0834016 1.05438
0.794848 -0.0695402 1.05438
0.795941 -0.0556576 1.05438
0.796791 -0.0417581 1.05438
0.797399 -0.0278458 1.05438
0.797763 -0.013925 1.05438

0.877673 0 1.13128
0.877539 0.0153175 1.13128
0.877138 0.0306303 1.13128
0.87647 0.0459339 1.13128
0.875535 0.0612234 1.13128
0.874333 0.0764942 1.13128
0.872865 0.0917418 1.13128
0.871131 0.106961 1.13128
0.869132 0.122148 1.21025
0.866867 0.137298 1.21025
0.864339 0.152406 1.21025
0.861548 0.167468 1.21025
0.858494 0.182478 1.21025
0.855178 0.197433 1.21025
0.851602 0.212328 1.21025
0.847767 0.227158 1.21025
0.843673 0.241919 1.21025
0.839323 0.256607 1.21025
0.834717 0.271216 1.21025
0.829856 0.285742 1.21025
0.824743 0.300182 1.21025
0.819378 0.31453 1.21025
0.813764 0.328782 1.21025
0.807902 0.342934 1.25219
0.801794 0.356982 1.25219
0.795442 0.370921 1.25219
0.788847 0.384747 1.25219
0.782012 0.398455 1.25219
0.774939 0.412043 1.25219
0.76763 0.425504 1.25219
0.760087 0.438837 1.25219
0.752313 0.452035 1.25219
0.744309 0.465096 1.25219
0.736079 0.478015 1.25219
0.727624 0.490789 1.25219
0.718948 0.503413 1.25219
0.710052 0.515883 1.25219
0.700941 0.528197 1.25219
0.691616 0.540349 1.33258
0.68208 0.552338 1.33258
0.672337 0.564157 1.33258
0.662388 0.575805 1.33258
0.652238 0.587278 1.33258
0.641889 0.598572 1.33258
0.631345 0.609683 1.33258
0.620609 0.620609 1.33258
0.609683 0.631345 1.33258
0.598572 0.641889 1.33258
0.587278 0.652238 1.33258
0.575805 0.662388 1.33258
0.564157 0.672337 1.33258
0.552338 0.68208 1.33258
0.540349 0.691616 1.33258
0.528197 0.700941 1.51636
0.515883 0.710052 1.51636
0.503413 0.718948 1.51636
0.490789 0.727624 1.51636
0.478015 0.736079 1.51636
0.465096 0.744309 1.51636
0.452035 0.752313 1.51636
0.438837 0.760087 1.51636
0.425504 0.76763 1.51636
0.412043 0.774939 1.51636
0.398455 0.782012 1.51636
0.384747 0.788847 1.51636
0.370921 0.795442 1.51636
0.356982 0.801794 1.51636
0.342934 0.807902 1.51636
0.328782 0.813764 1.83817
0.31453 0.819378 1.83817
0.300182 0.824743 1.83817
0.285742 0.829856 1.83817
0.271216 0.834717 1.83817
0.256607 0.839323 1.83817
0.241919 0.843673 1.83817
0.227158 0.847767 1.83817
0.212328 0.851602 1.83817
0.197433 0.855178 1.83817
0.182478 0.858494 1.83817
0.167468 0.861548 1.83817
0.152406 0.864339 1.83817
0.137298 0.866867 1.83817
0.122148 0.869132 1.83817
0.106961 0.871131 2.28952
0.0917418 0.872865 2.28952
0.0764942 0.874333 2.28952
0.0612234 0.875535 2.28952
0.0459339 0.87647 2.28952
0.0306303 0.877138 2.28952
0.0153175 0.877539 2.28952
5.3742e-17 0.877673 2.28952
-0.0153175 0.877539 2.28952
-0.0306303 0.877138 2.28952
-0.0459339 0.87647 2.28952
-0.0612234 0.875535 2.28952
-0.0764942 0.874333 2.28952
-0.0917418 0.872865 2.28952
-0.106961 0.871131 2.28952
-0.122148 0.869132 2.8085
-0.137298 0.866867 2.8085
-0.152406 0.864339 2.8085
-0.167468 0.861548 2.8085
-0.182478 0.858494 2.8085
-0.197433 0.855178 2.8085
-0.212328 0.851602 2.8085
-0.227158 0.847767 2.8085
-0.241919 0.843673 2.8085
-0.256607 0.839323 2.8085
-0.271216 0.834717 2.8085
-0.285742 0.829856 2.8085
-0.300182 0.824743 2.8085
-0.31453 0.819378 2.8085
-0.328782 0.813764 2.8085
-0.342934 0.807902 3.28667
-0.356982 0.801794 3.28667
-0.370921 0.795442 3.28667
-0.384747 0.788847 3.28667
-0.398455 0.782012 3.28667
-0.412043 0.774939 3.28667
-0.425504 0.76763 3.28667
-0.438837 0.760087 3.28667
-0.452035 0.752313 3.28667
-0.465096 0.744309 3.28667
-0.478015 0.736079 3.28667
-0.490789 0.727624 3.28667
-0.503413 0.718948 3.28667
-0.515883 0.710052 3.28667
-0.528197 0.700941 3.28667
-0.540349 0.691616 3.59717
-0.552338 0.68208 3.59717
-0.564157 0.672337 3.59717
-0.575805 0.662388 3.59717
-0.587278 0.652238 3.59717
-0.598572 0.641889 3.59717
-0.609683 0.631345 3.59717
-0.620609 0.620609 3.59717
-0.631345 0.609683 3.59717
-0.641889 0.598572 3.59717
-0.652238 0.587278 3.59717
-0.662388 0.575805 3.59717
-0.672337 0.564157 3.59717
-0.68208 0.552338 3.59717
-0.691616 0.540349 3.59717
-0.700941 0.528197 3.62834
-0.710052 0.515883 3.62834
-0.718948 0.503413 3.62834
-0.727624 0.490789 3.62834
-0.736079 0.478015 3.62834
-0.744309 0.465096 3.62834
-0.752313 0.452035 3.62834
-0.760087 0.438837 3.62834
-0.76763 0.425504 3.62834
-0.774939 0.412043 3.62834
-0.782012 0.398455 3.62834
-0.788847 0.384747 3.62834
-0.795442 0.370921 3.62834
-0.801794 0.356982 3.62834
-0.807902 0.342934 3.62834
-0.813764 0.328782 3.31722
-0.819378 0.31453 3.31722
-0.824743 0.300182 3.31722
-0.829856 0.285742 3.31722
-0.834717 0.271216 3.31722
-0.839323 0.256607 3.31722
-0.843673 0.241919 3.31722
-0.847767 0.227158 3.31722
-0.851602 0.212328 3.31722
-0.855178 0.197433 3.31722
-0.858494 0.182478 3.31722
-0.861548 0.167468 3.31722
-0.864339 0.152406 3.31722
-0.866867 0.137298 3.31722
-0.869132 0.122148 3.31722
-0.871131 0.106961 2.67638
-0.872865 0.0917418 2.67638
-0.874333 0.0764942 2.67638
-0.875535 0.0612234 2.67638
-0.87647 0.0459339 2.67638
-0.877138 0.0306303 2.67638
-0.877539 0.0153175 2.67638
-0.877673 1.07484e-16 2.67638
-0.877539 -0.0153175 2.67638
-0.877138 -0.0306303 2.67638
-0.87647 -0.0459339 2.67638
-0.875535 -0.0612234 2.67638
-0.874333 -0.0764942 2.67638
-0.872865 -0.0917418 2.67638
-0.871131 -0.106961 2.67638
-0.869132 -0.122148 1.79492
-0.866867 -0.137298 1.79492
-0.864339 -0.152406 1.79492
-0.861548 -0.167468 1.79492
-0.858494 -0.182478 1.79492
-0.855178 -0.197433 1.79492
-0.851602 -0.212328 1.79492
-0.847767 -0.227158 1.79492
-0.843673 -0.241919 1.79492
-0.839323 -0.256607 1.79492
-0.834717 -0.271216 1.79492
-0.829856 -0.285742 1.79492
-0.824743 -0.300182 1.79492
-0.819378 -0.31453 1.79492
-0.813764 -0.328782 1.79492
-0.807902 -0.342934 0.819309
-0.801794 -0.356982 0.819309
-0.795442 -0.370921 0.819309
-0.788847 -0.384747 0.819309
-0.782012 -0.398455 0.819309
-0.774939 -0.412043 0.819309
-0.76763 -0.425504 0.819309
-0.760087 -0.438837 0.819309
-0.752313 -0.452035 0.819309
-0.744309 -0.465096 0.819309
-0.736079 -0.478015 0.819309
-0.727624 -0.490789 0.819309
-0.718948 -0.503413 0.819309
-0.710052 -0.515883 0.819309
-0.700941 -0.528197 0.819309
-0.691616 -0.540349 -0.0778805
-0.68208 -0.552338 -0.0778805
-0.672337 -0.564157 -0.0778805
-0.662388 -0.575805 -0.0778805
-0.652238 -0.587278 -0.0778805
-0.641889 -0.598572 -0.0778805
-0.631345 -0.609683 -0.0778805
-0.620609 -0.620609 -0.0778805
-0.609683 -0.631345 -0.0778805
-0.598572 -0.641889 -0.0778805
-0.587278 -0.652238 -0.0778805
-0.575805 -0.662388 -0.0778805
-0.564157 -0.672337 -0.0778805
-0.552338 -0.68208 -0.0778805
-0.540349 -0.691616 -0.0778805
-0.528197 -0.700941 -0.743803
-0.515883 -0.710052 -0.743803
-0.503413 -0.718948 -0.743803
-0.490789 -0.727624 -0.743803
-0.478015 -0.736079 -0.743803
-0.465096 -0.744309 -0.743803
-0.452035 -0.752313 -0.743803
-0.438837 -0.760087 -0.743803
-0.425504 -0.76763 -0.743803
-0.412043 -0.774939 -0.743803
-0.398455 -0.782012 -0.743803
-0.384747 -0.788847 -0.743803
-0.370921 -0.795442 -0.743803
-0.356982 -0.801794 -0.743803
-0.342934 -0.807902 -0.743803
-0.328782 -0.813764 -1.08405
-0.31453 -0.819378 -1.08405
-0.300182 -0.824743 -1.08405
-0.285742 -0.829856 -1.08405
-0.271216 -0.834717 -1.08405
-0.256607 -0.839323 -1.08405
-0.241919 -0.843673 -1.08405
-0.227158 -0.847767 -1.08405
-0.212328 -0.851602 -1.08405
-0.197433 -0.855178 -1.08405
-0.182478 -0.858494 -1.08405
-0.167468 -0.861548 -1.08405
-0.152406 -0.864339 -1.08405
-0.137298 -0.866867 -1.08405
-0.122148 -0.869132 -1.08405
-0.106961 -0.871131 -1.07931
-0.0917418 -0.872865 -1.07931
-0.0764942 -0.874333 -1.07931
-0.0612234 -0.875535 -1.07931
-0.0459339 -0.87647 -1.07931
-0.0306303 -0.877138 -1.07931
-0.0153175 -0.877539 -1.07931
-1.61226e-16 -0.877673 -1.07931
0.0153175 -0.877539 -1.07931
0.0306303 -0.877138 -1.07931
0.0459339 -0.87647 -1.07931
0.0612234 -0.875535 -1.07931
0.0764942 -0.874333 -1.07931
0.0917418 -0.872865 -1.07931
0.106961 -0.871131 -1.07931
0.122148 -0.869132 -0.787617
0.137298 -0.866867 -0.787617
0.152406 -0.864339 -0.787617
0.167468 -0.861548 -0.787617
0.182478 -0.858494 -0.787617
0.197433 -0.855178 -0.787617
0.212328 -0.851602 -0.787617
0.227158 -0.847767 -0.787617
0.241919 -0.843673 -0.787617
0.256607 -0.839323 -0.787617
0.271216 -0.834717 -0.787617
0.285742 -0.829856 -0.787617
0.300182 -0.824743 -0.787617
0.31453 -0.819378 -0.787617
0.328782 -0.813764 -0.787617
0.342934 -0.807902 -0.322275
0.356982 -0.801794 -0.322275
0.370921 -0.795442 -0.322275
0.384747 -0.788847 -0.322275
0.398455 -0.782012 -0.322275
0.412043 -0.774939 -0.322275
0.425504 -0.76763 -0.322275
0.438837 -0.760087 -0.322275
0.452035 -0.752313 -0.322275
0.465096 -0.744309 -0.322275
0.478015 -0.736079 -0.322275
0.490789 -0.727624 -0.322275
0.503413 -0.718948 -0.322275
0.515883 -0.710052 -0.322275
0.528197 -0.700941 -0.322275
0.540349 -0.691616 0.188073
0.552338 -0.68208 0.188073
0.564157 -0.672337 0.188073
0.575805 -0.662388 0.188073
0.587278 -0.652238 0.188073
0.598572 -0.641889 0.188073
0.609683 -0.631345 0.188073
0.620609 -0.620609 0.188073
0.631345 -0.609683 0.188073
0.641889 -0.598572 0.188073
0.652238 -0.587278 0.188073
0.662388 -0.575805 0.188073
0.672337 -0.564157 0.188073
0.68208 -0.552338 0.188073
0.691616 -0.540349 0.188073
0.700941 -0.528197 0.634123
0.710052 -0.515883 0.634123
0.718948 -0.503413 0.634123
0.727624 -0.490789 0.634123
0.736079 -0.478015 0.634123
0.744309 -0.465096 0.634123
0.752313 -0.452035 0.634123
0.760087 -0.438837 0.634123
0.76763 -0.425504 0.634123
0.774939 -0.412043 0.634123
0.782012 -0.398455 0.634123
0.788847 -0.384747 0.634123
0.795442 -0.370921 0.634123
0.801794 -0.356982 0.634123
0.807902 -0.342934 0.634123
0.813764 -0.328782 0.951367
0.819378 -0.31453 0.951367
0.824743 -0.300182 0.951367
0.829856 -0.285742 0.951367
0.834717 -0.271216 0.951367
0.839323 -0.256607 0.951367
0.843673 -0.241919 0.951367
0.847767 -0.227158 0.951367
0.851602 -0.212328 0.951367
0.855178 -0.197433 0.951367
0.858494 -0.182478 0.951367
0.861548 -0.167468 0.951367
0.864339 -0.152406 0.951367
0.866867 -0.137298 0.951367
0.869132 -0.122148 0.951367
0.871131 -0.106961 1.05438
0.872865 -0.0917418 1.05438
0.874333 -0.0764942 1.05438
0.875535 -0.0612234 1.05438
0.87647 -0.0459339 1.05438
0.877138 -0.0306303 1.05438
0.877539 -0.0153175 1.05438

0.957461 0 1.27445
0.957316 0.01671 1.27445
0.956878 0.0334149 1.27445
0.956149 0.0501097 1.27445
0.955129 0.0667891 1.27445
0.953818 0.0834483 1.27445
0.952216 0.100082 1.27239
0.950325 0.116685 1.27239
0.948144 0.133253 1.27239
0.945674 0.14978 1.27239
0.942915 0.166261 1.27239
0.93987 0.182692 1.27239
0.936539 0.199067 1.27239
0.932922 0.215382 1.27239
0.929021 0.231631 1.27239
0.924837 0.247809 1.27239
0.920371 0.263912 1.27239
0.915625 0.279935 1.27239
0.9106 0.295872 1.21809
0.905298 0.311719 1.21809
0.899719 0.327471 1.21809
0.893867 0.343124 1.21809
0.887743 0.358671 1.21809
0.881348 0.37411 1.21809
0.874685 0.389435 1.21809
0.867755 0.404641 1.21809
0.860561 0.419723 1.21809
0.853104 0.434678 1.21809
0.845388 0.449501 1.21809
0.837415 0.464187 1.21809
0.829186 0.478731 1.17248
0.820705 0.493129 1.17248
0.811973 0.507377 1.17248
0.802995 0.521471 1.17248
0.793772 0.535406 1.17248
0.784307 0.549177 1.17248
0.774603 0.562782 1.17248
0.764663 0.576215 1.17248
0.75449 0.589472 1.17248
0.744087 0.60255 1.17248
0.733458 0.615444 1.17248
0.722605 0.628151 1.17248
0.711533 0.640667 1.19489
0.700243 0.652987 1.19489
0.68874 0.665109 1.19489
0.677028 0.677028 1.19489
0.665109 0.68874 1.19489
0.652987 0.700243 1.19489
0.640667 0.711533 1.19489
0.628151 0.722605 1.19489
0.615444 0.733458 1.19489
0.60255 0.744087 1.19489
0.589472 0.75449 1.19489
0.576215 0.764663 1.19489
0.562782 0.774603 1.33511
0.549177 0.784307 1.33511
0.535406 0.793772 1.33511
0.521471 0.802995 1.33511
0.507377 0.811973 1.33511
0.493129 0.820705 1.33511
0.478731 0.829186 1.33511
0.464187 0.837415 1.33511
0.449501 0.845388 1.33511
0.434678 0.853104 1.33511
0.419723 0.860561 1.33511
0.404641 0.867755 1.33511
0.389435 0.874685 1.6238
0.37411 0.881348 1.6238
0.358671 0.887743 1.6238
0.343124 0.893867 1.6238
0.327471 0.899719 1.6238
0.311719 0.905298 1.6238
0.295872 0.9106 1.6238
0.279935 0.915625 1.6238
0.263912 0.920371 1.6238
0.247809 0.924837 1.6238
0.231631 0.929021 1.6238
0.215382 0.932922 1.6238
0.199067 0.936539 2.06557
0.182692 0.93987 2.06557
0.166261 0.942915 2.06557
0.14978 0.945674 2.06557
0.133253 0.948144 2.06557
0.116685 0.950325 2.06557
0.100082 0.952216 2.06557
0.0834483 0.953818 2.06557
0.0667891 0.955129 2.06557
0.0501097 0.956149 2.06557
0.0334149 0.956878 2.06557
0.01671 0.957316 2.06557
5.86276e-17 0.957461 2.63084
-0.01671 0.957316 2.63084
-0.0334149 0.956878 2.63084
-0.0501097 0.956149 2.63084
-0.0667891 0.955129 2.63084
-0.0834483 0.953818 2.63084
-0.100082 0.952216 2.63084
-0.116685 0.950325 2.63084
-0.133253 0.948144 2.63084
-0.14978 0.945674 2.63084
-0.166261 0.942915 2.63084
-0.182692 0.93987 2.63084
-0.199067 0.936539 3.25435
-0.215382 0.932922 3.25435
-0.231631 0.929021 3.25435
-0.247809 0.924837 3.25435
-0.263912 0.920371 3.25435
-0.279935 0.915625 3.25435
-0.295872 0.9106 3.25435
-0.311719 0.905298 3.25435
-0.327471 0.899719 3.25435
-0.343124 0.893867 3.25435
-0.358671 0.887743 3.25435
-0.37411 0.881348 3.25435
-0.389435 0.874685 3.84257
-0.404641 0.867755 3.84257
-0.419723 0.860561 3.84257
-0.434678 0.853104 3.84257
-0.449501 0.845388 3.84257
-0.464187 0.837415 3.84257
-0.478731 0.829186 3.84257
-0.493129 0.820705 3.84257
-0.507377 0.811973 3.84257
-0.521471 0.802995 3.84257
-0.535406 0.793772 3.84257
-0.549177 0.784307 3.84257
-0.562782 0.774603 4.2915
-0.576215 0.764663 4.2915
-0.589472 0.75449 4.2915
-0.60255 0.744087 4.2915
-0.615444 0.733458 4.2915
-0.628151 0.722605 4.2915
-0.640667 0.711533 4.2915
-0.652987 0.700243 4.2915
-0.665109 0.68874 4.2915
-0.677028 0.677028 4.2915
-0.68874 0.665109 4.2915
-0.700243 0.652987 4.2915
-0.711533 0.640667 4.50474
-0.722605 0.628151 4.50474
-0.733458 0.615444 4.50474
-0.744087 0.60255 4.50474
-0.75449 0.589472 4.50474
-0.764663 0.576215 4.50474
-0.774603 0.562782 4.50474
-0.784307 0.549177 4.50474
-0.793772 0.535406 4.50474
-0.802995 0.521471 4.50474
-0.811973 0.507377 4.50474
-0.820705 0.493129 4.50474
-0.829186 0.478731 4.41189
-0.837415 0.464187 4.41189
-0.845388 0.449501 4.41189
-0.853104 0.434678 4.41189
-0.860561 0.419723 4.41189
-0.867755 0.404641 4.41189
-0.874685 0.389435 4.41189
-0.881348 0.37411 4.41189
-0.887743 0.358671 4.41189
-0.893867 0.343124 4.41189
-0.899719 0.327471 4.41189
-0.905298 0.311719 4.41189
-0.9106 0.295872 3.98608
-0.915625 0.279935 3.98608
-0.920371 0.263912 3.98608
-0.924837 0.247809 3.98608
-0.929021 0.231631 3.98608
-0.932922 0.215382 3.98608
-0.936539 0.199067 3.98608
-0.93987 0.182692 3.98608
-0.942915 0.166261 3.98608
-0.945674 0.14978 3.98608
-0.948144 0.133253 3.98608
-0.950325 0.116685 3.98608
-0.952216 0.100082 3.25184
-0.953818 0.0834483 3.25184
-0.955129 0.0667891 3.25184
-0.956149 0.0501097 3.25184
-0.956878 0.0334149 3.25184
-0.957316 0.01671 3.25184
-0.957461 1.17255e-16 3.25184
-0.957316 -0.01671 3.25184
-0.956878 -0.0334149 3.25184
-0.956149 -0.0501097 3.25184
-0.955129 -0.0667891 3.25184
-0.953818 -0.0834483 3.25184
-0.952216 -0.100082 3.25184
-0.950325 -0.116685 2.28213
-0.948144 -0.133253 2.28213
-0.945674 -0.14978 2.28213
-0.942915 -0.166261 2.28213
-0.93987 -0.182692 2.28213
-0.936539 -0.199067 2.28213
-0.932922 -0.215382 2.28213
-0.929021 -0.231631 2.28213
-0.924837 -0.247809 2.28213
-0.920371 -0.263912 2.28213
-0.915625 -0.279935 2.28213
-0.9106 -0.295872 2.28213
-0.905298 -0.311719 1.18775
-0.899719 -0.327471 1.18775
-0.893867 -0.343124 1.18775
-0.887743 -0.358671 1.18775
-0.881348 -0.37411 1.18775
-0.874685 -0.389435 1.18775
-0.867755 -0.404641 1.18775
-0.860561 -0.419723 1.18775
-0.853104 -0.434678 1.18775
-0.845388 -0.449501 1.18775
-0.837415 -0.464187 1.18775
-0.829186 -0.478731 1.18775
-0.820705 -0.493129 0.102467
-0.811973 -0.507377 0.102467
-0.802995 -0.521471 0.102467
-0.793772 -0.535406 0.102467
-0.784307 -0.549177 0.102467
-0.774603 -0.562782 0.102467
-0.764663 -0.576215 0.102467
-0.75449 -0.589472 0.102467
-0.744087 -0.60255 0.102467
-0.733458 -0.615444 0.102467
-0.722605 -0.628151 0.102467
-0.711533 -0.640667 0.102467
-0.700243 -0.652987 -0.8414
-0.68874 -0.665109 -0.8414
-0.677028 -0.677028 -0.8414
-0.665109 -0.68874 -0.8414
-0.652987 -0.700243 -0.8414
-0.640667 -0.711533 -0.8414
-0.628151 -0.722605 -0.8414
-0.615444 -0.733458 -0.8414
-0.60255 -0.744087 -0.8414
-0.589472 -0.75449 -0.8414
-0.576215 -0.764663 -0.8414
-0.562782 -0.774603 -0.8414
-0.549177 -0.784307 -1.53521
-0.535406 -0.793772 -1.53521
-0.521471 -0.802995 -1.53521
-0.507377 -0.811973 -1.53521
-0.493129 -0.820705 -1.53521
-0.478731 -0.829186 -1.53521
-0.464187 -0.837415 -1.53521
-0.449501 -0.845388 -1.53521
-0.434678 -0.853104 -1.53521
-0.419723 -0.860561 -1.53521
-0.404641 -0.867755 -1.53521
-0.389435 -0.874685 -1.53521
-0.37411 -0.881348 -1.91251
-0.358671 -0.887743 -1.91251
-0.343124 -0.893867 -1.91251
-0.327471 -0.899719 -1.91251
-0.311719 -0.905298 -1.91251
-0.295872 -0.9106 -1.91251
-0.279935 -0.915625 -1.91251
-0.263912 -0.920371 -1.91251
-0.247809 -0.924837 -1.91251
-0.231631 -0.929021 -1.91251
-0.215382 -0.932922 -1.91251
-0.199067 -0.936539 -1.91251
-0.182692 -0.93987 -1.95603
-0.166261 -0.942915 -1.95603
-0.14978 -0.945674 -1.95603
-0.133253 -0.948144 -1.95603
-0.116685 -0.950325 -1.95603
-0.100082 -0.952216 -1.95603
-0.0834483 -0.953818 -1.95603
-0.0667891 -0.955129 -1.95603
-0.0501097 -0.956149 -1.95603
-0.0334149 -0.956878 -1.95603
-0.01671 -0.957316 -1.95603
-1.75883e-16 -0.957461 -1.95603
0.01671 -0.957316 -1.69996
0.0334149 -0.956878 -1.69996
0.0501097 -0.956149 -1.69996
0.0667891 -0.955129 -1.69996
0.0834483 -0.953818 -1.69996
0.100082 -0.952216 -1.69996
0.116685 -0.950325 -1.69996
0.133253 -0.948144 -1.69996
0.14978 -0.945674 -1.69996
0.166261 -0.942915 -1.69996
0.182692 -0.93987 -1.69996
0.199067 -0.936539 -1.69996
0.215382 -0.932922 -1.22151
0.231631 -0.929021 -1.22151
0.247809 -0.924837 -1.22151
0.263912 -0.920371 -1.22151
0.279935 -0.915625 -1.22151
0.295872 -0.9106 -1.22151
0.311719 -0.905298 -1.22151
0.327471 -0.899719 -1.22151
0.343124 -0.893867 -1.22151
0.358671 -0.887743 -1.22151
0.37411 -0.881348 -1.22151
0.389435 -0.874685 -1.22151
0.404641 -0.867755 -0.62383
0.419723 -0.860561 -0.62383
0.434678 -0.853104 -0.62383
0.449501 -0.845388 -0.62383
0.464187 -0.837415 -0.62383
0.478731 -0.829186 -0.62383
0.493129 -0.820705 -0.62383
0.507377 -0.811973 -0.62383
0.521471 -0.802995 -0.62383
0.535406 -0.793772 -0.62383
0.549177 -0.784307 -0.62383
0.562782 -0.774603 -0.62383
0.576215 -0.764663 -0.0122289
0.589472 -0.75449 -0.0122289
0.60255 -0.744087 -0.0122289
0.615444 -0.733458 -0.0122289
0.628151 -0.722605 -0.0122289
0.640667 -0.711533 -0.0122289
0.652987 -0.700243 -0.0122289
0.665109 -0.68874 -0.0122289
0.677028 -0.677028 -0.0122289
0.68874 -0.665109 -0.0122289
0.700243 -0.652987 -0.0122289
0.711533 -0.640667 -0.0122289
0.722605 -0.628151 0.524084
0.733458 -0.615444 0.524084
0.744087 -0.60255 0.524084
0.75449 -0.589472 0.524084
0.764663 -0.576215 0.524084
0.774603 -0.562782 0.524084
0.784307 -0.549177 0.524084
0.793772 -0.535406 0.524084
0.802995 -0.521471 0.524084
0.811973 -0.507377 0.524084
0.820705 -0.493129 0.524084
0.829186 -0.478731 0.524084
0.837415 -0.464187 0.925863
0.845388 -0.449501 0.925863
0.853104 -0.434678 0.925863
0.860561 -0.419723 0.925863
0.867755 -0.404641 0.925863
0.874685 -0.389435 0.925863
0.881348 -0.37411 0.925863
0.887743 -0.358671 0.925863
0.893867 -0.343124 0.925863
0.899719 -0.327471 0.925863
0.905298 -0.311719 0.925863
0.9106 -0.295872 0.925863
0.915625 -0.279935 1.17158
0.920371 -0.263912 1.17158
0.924837 -0.247809 1.17158
0.929021 -0.231631 1.17158
0.932922 -0.215382 1.17158
0.936539 -0.199067 1.17158
0.93987 -0.182692 1.17158
0.942915 -0.166261 1.17158
0.945674 -0.14978 1.17158
0.948144 -0.133253 1.17158
0.950325 -0.116685 1.17158
0.952216 -0.100082 1.17158
0.953818 -0.0834483 1.13128
0.955129 -0.0667891 1.13128
0.956149 -0.0501097 1.13128
0.956878 -0.0334149 1.13128
0.957316 -0.01671 1.13128

1.03725 0 1.27445
1.03709 0.0181025 1.27445
1.03662 0.0361995 1.27445
1.03583 0.0542855 1.27445
1.03472 0.0723549 1.27445
1.0333 0.0904023 1.27445
1.03157 0.108422 1.27239
1.02952 0.126409 1.27239
1.02716 0.144357 1.27239
1.02448 0.162262 1.27239
1.02149 0.180117 1.27239
1.01819 0.197917 1.27239
1.01458 0.215656 1.27239
1.01067 0.23333 1.27239
1.00644 0.250933 1.27239
1.00191 0.26846 1.27239
0.997069 0.285905 1.27239
0.991927 0.303263 1.27239
0.986483 0.320528 1.21809
0.980739 0.337696 1.21809
0.974696 0.35476 1.21809
0.968356 0.371717 1.21809
0.961721 0.388561 1.21809
0.954794 0.405286 1.21809
0.947575 0.421888 1.21809
0.940068 0.438361 1.21809
0.932274 0.4547 1.21809
0.924196 0.470902 1.21809
0.915837 0.486959 1.21809
0.907199 0.502869 1.21809
0.898285 0.518625 1.17248
0.889097 0.534223 1.17248
0.879638 0.549659 1.17248
0.869911 0.564927 1.17248
0.859919 0.580023 1.17248
0.849665 0.594942 1.17248
0.839153 0.60968 1.17248
0.828385 0.624233 1.17248
0.817364 0.638595 1.17248
0.806095 0.652763 1.17248
0.79458 0.666731 1.17248
0.782822 0.680497 1.17248
0.770827 0.694056 1.19489
0.758597 0.707403 1.19489
0.746135 0.720534 1.19489
0.733446 0.733446 1.19489
0.720534 0.746135 1.19489
0.707403 0.758597 1.19489
0.694056 0.770827 1.19489
0.680497 0.782822 1.19489
0.666731 0.79458 1.19489
0.652763 0.806095 1.19489
0.638595 0.817364 1.19489
0.624233 0.828385 1.19489
0.60968 0.839153 1.33511
0.594942 0.849665 1.33511
0.580023 0.859919 1.33511
0.564927 0.869911 1.33511
0.549659 0.879638 1.33511
0.534223 0.889097 1.33511
0.518625 0.898285 1.33511
0.502869 0.907199 1.33511
0.486959 0.915837 1.33511
0.470902 0.924196 1.33511
0.4547 0.932274 1.33511
0.438361 0.940068 1.33511
0.421888 0.947575 1.6238
0.405286 0.954794 1.6238
0.388561 0.961721 1.6238
0.371717 0.968356 1.6238
0.35476 0.974696 1.6238
0.337696 0.980739 1.6238
0.320528 0.986483 1.6238
0.303263 0.991927 1.6238
0.285905 0.997069 1.6238
0.26846 1.00191 1.6238
0.250933 1.00644 1.6238
0.23333 1.01067 1.6238
0.215656 1.01458 2.06557
0.197917 1.01819 2.06557
0.180117 1.02149 2.06557
0.162262 1.02448 2.06557
0.144357 1.02716 2.06557
0.126409 1.02952 2.06557
0.108422 1.03157 2.06557
0.0904023 1.0333 2.06557
0.0723549 1.03472 2.06557
0.0542855 1.03583 2.06557
0.0361995 1.03662 2.06557
0.0181025 1.03709 2.06557
6.35132e-17 1.03725 2.63084
-0.0181025 1.03709 2.63084
-0.0361995 1.03662 2.63084
-0.0542855 1.03583 2.63084
-0.0723549 1.03472 2.63084
-0.0904023 1.0333 2.63084
-0.108422 1.03157 2.63084
-0.126409 1.02952 2.63084
-0.144357 1.02716 2.63084
-0.162262 1.02448 2.63084
-0.180117 1.02149 2.63084
-0.197917 1.01819 2.63084
-0.215656 1.01458 3.25435
-0.23333 1.01067 3.25435
-0.250933 1.00644 3.25435
-0.26846 1.00191 3.25435
-0.285905 0.997069 3.25435
-0.303263 0.991927 3.25435
-0.320528 0.986483 3.25435
-0.337696 0.980739 3.25435
-0.35476 0.974696 3.25435
-0.371717 0.968356 3.25435
-0.388561 0.961721 3.25435
-0.405286 0.954794 3.25435
-0.421888 0.947575 3.84257
-0.438361 0.940068 3.84257
-0.4547 0.932274 3.84257
-0.470902 0.924196 3.84257
-0.486959 0.915837 3.84257
-0.502869 0.907199 3.84257
-0.518625 0.898285 3.84257
-0.534223 0.889097 3.84257
-0.549659 0.879638 3.84257
-0.564927 0.869911 3.84257
-0.580023 0.859919 3.84257
-0.594942 0.849665 3.84257
-0.60968 0.839153 4.2915
-0.624233 0.828385 4.2915
-0.638595 0.817364 4.2915
-0.652763 0.806095 4.2915
-0.666731 0.79458 4.2915
-0.680497 0.782822 4.2915
-0.694056 0.770827 4.2915
-0.707403 0.758597 4.2915
-0.720534 0.746135 4.2915
-0.733446 0.733446 4.2915
-0.746135 0.720534 4.2915
-0.758597 0.707403 4.2915
-0.770827 0.694056 4.50474
-0.782822 0.680497 4.50474
-0.79458 0.666731 4.50474
-0.806095 0.652763 4.50474
-0.817364 0.638595 4.50474
-0.828385 0.624233 4.50474
-0.839153 0.60968 4.50474
-0.849665 0.594942 4.50474
-0.859919 0.580023 4.50474
-0.869911 0.564927 4.50474
-0.879638 0.549659 4.50474
-0.889097 0.534223 4.50474
-0.898285 0.518625 4.41189
-0.907199 0.502869 4.41189
-0.915837 0.486959 4.41189
-0.924196 0.470902 4.41189
-0.932274 0.4547 4.41189
-0.940068 0.438361 4.41189
-0.947575 0.421888 4.41189
-0.954794 0.405286 4.41189
-0.961721 0.388561 4.41189
-0.968356 0.371717 4.41189
-0.974696 0.35476 4.41189
-0.980739 0.337696 4.41189
-0.986483 0.320528 3.98608
-0.991927 0.303263 3.98608
-0.997069 0.285905 3.98608
-1.00191 0.26846 3.98608
-1.00644 0.250933 3.98608
-1.01067 0.23333 3.98608
-1.01458 0.215656 3.98608
-1.01819 0.197917 3.98608
-1.02149 0.180117 3.98608
-1.02448 0.162262 3.98608
-1.02716 0.144357 3.98608
-1.02952 0.126409 3.98608
-1.03157 0.108422 3.25184
-1.0333 0.0904023 3.25184
-1.03472 0.0723549 3.25184
-1.03583 0.0542855 3.25184
-1.03662 0.0361995 3.25184
-1.03709 0.0181025 3.25184
-1.03725 1.27026e-16 3.25184
-1.03709 -0.0181025 3.25184
-1.03662 -0.0361995 3.25184
-1.03583 -0.0542855 3.25184
-1.03472 -0.0723549 3.25184
-1.0333 -0.0904023 3.25184
-1.03157 -0.108422 3.25184
-1.02952 -0.126409 2.28213
-1.02716 -0.144357 2.28213
-1.02448 -0.162262 2.28213
-1.02149 -0.180117 2.28213
-1.01819 -0.197917 2.28213
-1.01458 -0.215656 2.28213
-1.01067 -0.23333 2.28213
-1.00644 -0.250933 2.28213
-1.00191 -0.26846 2.28213
-0.997069 -0.285905 2.28213
-0.991927 -0.303263 2.28213
-0.986483 -0.320528 2.28213
-0.980739 -0.337696 1.18775
-0.974696 -0.35476 1.18775
-0.968356 -0.371717 1.18775
-0.961721 -0.388561 1.18775
-0.954794 -0.405286 1.18775
-0.947575 -0.421888 1.18775
-0.940068 -0.438361 1.18775
-0.932274 -0.4547 1.18775
-0.924196 -0.470902 1.18775
-0.915837 -0.486959 1.18775
-0.907199 -0.502869 1.18775
-0.898285 -0.518625 1.18775
-0.889097 -0.534223 0.102467
-0.879638 -0.549659 0.102467
-0.869911 -0.564927 0.102467
-0.859919 -0.580023 0.102467
-0.849665 -0.594942 0.102467
-0.839153 -0.60968 0.102467
-0.828385 -0.624233 0.102467
-0.817364 -0.638595 0.102467
-0.806095 -0.652763 0.102467
-0.79458 -0.666731 0.102467
-0.782822 -0.680497 0.102467
-0.770827 -0.694056 0.102467
-0.758597 -0.707403 -0.8414
-0.746135 -0.720534 -0.8414
-0.733446 -0.733446 -0.8414
-0.720534 -0.746135 -0.8414
-0.707403 -0.758597 -0.8414
-0.694056 -0.770827 -0.8414
-0.680497 -0.782822 -0.8414
-0.666731 -0.79458 -0.8414
-0.652763 -0.806095 -0.8414
-0.638595 -0.817364 -0.8414
-0.624233 -0.828385 -0.8414
-0.60968 -0.839153 -0.8414
-0.594942 -0.849665 -1.53521
-0.580023 -0.859919 -1.53521
-0.564927 -0.869911 -1.53521
-0.549659 -0.879638 -1.53521
-0.534223 -0.889097 -1.53521
-0.518625 -0.898285 -1.53521
-0.502869 -0.907199 -1.53521
-0.486959 -0.915837 -1.53521
-0.470902 -0.924196 -1.53521
-0.4547 -0.932274 -1.53521
-0.438361 -0.940068 -1.53521
-0.421888 -0.947575 -1.53521
-0.405286 -0.954794 -1.91251
-0.388561 -0.961721 -1.91251
-0.371717 -0.968356 -1.91251
-0.35476 -0.974696 -1.91251
-0.337696 -0.980739 -1.91251
-0.320528 -0.986483 -1.91251
-0.303263 -0.991927 -1.91251
-0.285905 -0.997069 -1.91251
-0.26846 -1.00191 -1.91251
-0.250933 -1.00644 -1.91251
-0.23333 -1.01067 -1.91251
-0.215656 -1.01458 -1.91251
-0.197917 -1.01819 -1.95603
-0.180117 -1.02149 -1.95603
-0.162262 -1.02448 -1.95603
-0.144357 -1.02716 -1.95603
-0.126409 -1.02952 -1.95603
-0.108422 -1.03157 -1.95603
-0.0904023 -1.0333 -1.95603
-0.0723549 -1.03472 -1.95603
-0.0542855 -1.03583 -1.95603
-0.0361995 -1.03662 -1.95603
-0.0181025 -1.03709 -1.95603
-1.9054e-16 -1.03725 -1.95603
0.0181025 -1.03709 -1.69996
0.0361995 -1.03662 -1.69996
0.0542855 -1.03583 -1.69996
0.0723549 -1.03472 -1.69996
0.0904023 -1.0333 -1.69996
0.108422 -1.03157 -1.69996
0.126409 -1.02952 -1.69996
0.144357 -1.02716 -1.69996
0.162262 -1.02448 -1.69996
0.180117 -1.02149 -1.69996
0.197917 -1.01819 -1.69996
0.215656 -1.01458 -1.69996
0.23333 -1.01067 -1.22151
0.250933 -1.00644 -1.22151
0.26846 -1.00191 -1.22151
0.285905 -0.997069 -1.22151
0.303263 -0.991927 -1.22151
0.320528 -0.986483 -1.22151
0.337696 -0.980739 -1.22151
0.35476 -0.974696 -1.22151
0.371717 -0.968356 -1.22151
0.388561 -0.961721 -1.22151
0.405286 -0.954794 -1.22151
0.421888 -0.947575 -1.22151
0.438361 -0.940068 -0.62383
0.4547 -0.932274 -0.62383
0.470902 -0.924196 -0.62383
0.486959 -0.915837 -0.62383
0.502869 -0.907199 -0.62383
0.518625 -0.898285 -0.62383
0.534223 -0.889097 -0.62383
0.549659 -0.879638 -0.62383
0.564927 -0.869911 -0.62383
0.580023 -0.859919 -0.62383
0.594942 -0.849665 -0.62383
0.60968 -0.839153 -0.62383
0.624233 -0.828385 -0.0122289
0.638595 -0.817364 -0.0122289
0.652763 -0.806095 -0.0122289
0.666731 -0.79458 -0.0122289
0.680497 -0.782822 -0.0122289
0.694056 -0.770827 -0.0122289
0.707403 -0.758597 -0.0122289
0.720534 -0.746135 -0.0122289
0.733446 -0.733446 -0.0122289
0.746135 -0.720534 -0.0122289
0.758597 -0.707403 -0.0122289
0.770827 -0.694056 -0.0122289
0.782822 -0.680497 0.524084
0.79458 -0.666731 0.524084
0.806095 -0.652763 0.524084
0.817364 -0.638595 0.524084
0.828385 -0.624233 0.524084
0.839153 -0.60968 0.524084
0.849665 -0.594942 0.524084
0.859919 -0.580023 0.524084
0.869911 -0.564927 0.524084
0.879638 -0.549659 0.524084
0.889097 -0.534223 0.524084
0.898285 -0.518625 0.524084
0.907199 -0.502869 0.925863
0.915837 -0.486959 0.925863
0.924196 -0.470902 0.925863
0.932274 -0.4547 0.925863
0.940068 -0.438361 0.925863
0.947575 -0.421888 0.925863
0.954794 -0.405286 0.925863
0.961721 -0.388561 0.925863
0.968356 -0.371717 0.925863
0.974696 -0.35476 0.925863
0.980739 -0.337696 0.925863
0.986483 -0.320528 0.925863
0.991927 -0.303263 1.17158
0.997069 -0.285905 1.17158
1.00191 -0.26846 1.17158
1.00644 -0.250933 1.17158
1.01067 -0.23333 1.17158
1.01458 -0.215656 1.17158
1.01819 -0.197917 1.17158
1.02149 -0.180117 1.17158
1.02448 -0.162262 1.17158
1.02716 -0.144357 1.17158
1.02952 -0.126409 1.17158
1.03157 -0.108422 1.17158
1.0333 -0.0904023 1.13128
1.03472 -0.0723549 1.13128
1.03583 -0.0542855 1.13128
1.03662 -0.0361995 1.13128
1.03709 -0.0181025 1.13128

1.11704 0 1.4795
1.11687 0.019495 1.4795
1.11636 0.0389841 1.4795
1.11551 0.0584613 1.4795
1.11432 0.0779207 1.4795
1.11279 0.0973563 1.39942
1.11092 0.116762 1.39942
1.10871 0.136133 1.39942
1.10617 0.155462 1.39942
1.10329 0.174743 1.39942
1.10007 0.193972 1.39942
1.09652 0.213141 1.39942
1.09263 0.232245 1.39942
1.08841 0.251279 1.39942
1.08386 0.270236 1.39942
1.07898 0.289111 1.25889
1.07377 0.307898 1.25889
1.06823 0.32659 1.25889
1.06237 0.345184 1.25889
1.05618 0.363672 1.25889
1.04967 0.38205 1.25889
1.04285 0.400311 1.25889
1.0357 0.41845 1.25889
1.02824 0.436462 1.25889
1.02047 0.45434 1.25889
1.01238 0.472081 1.10718
1.00399 0.489677 1.10718
0.995288 0.507125 1.10718
0.986286 0.524418 1.10718
0.976984 0.541551 1.10718
0.967384 0.558519 1.10718
0.957489 0.575317 1.10718
0.947302 0.59194 1.10718
0.936827 0.608383 1.10718
0.926067 0.62464 1.10718
0.915024 0.640707 0.993783
0.903703 0.656579 0.993783
0.892107 0.67225 0.993783
0.880238 0.687718 0.993783
0.868102 0.702975 0.993783
0.855701 0.718018 0.993783
0.84304 0.732843 0.993783
0.830121 0.747445 0.993783
0.81695 0.761818 0.993783
0.80353 0.77596 0.993783
0.789865 0.789865 0.965386
0.77596 0.80353 0.965386
0.761818 0.81695 0.965386
0.747445 0.830121 0.965386
0.732843 0.84304 0.965386
0.718018 0.855701 0.965386
0.702975 0.868102 0.965386
0.687718 0.880238 0.965386
0.67225 0.892107 0.965386
0.656579 0.903703 0.965386
0.640707 0.915024 1.06211
0.62464 0.926067 1.06211
0.608383 0.936827 1.06211
0.59194 0.947302 1.06211
0.575317 0.957489 1.06211
0.558519 0.967384 1.06211
0.541551 0.976984 1.06211
0.524418 0.986286 1.06211
0.507125 0.995288 1.06211
0.489677 1.00399 1.06211
0.472081 1.01238 1.31202
0.45434 1.02047 1.31202
0.436462 1.02824 1.31202
0.41845 1.0357 1.31202
0.400311 1.04285 1.31202
0.38205 1.04967 1.31202
0.363672 1.05618 1.31202
0.345184 1.06237 1.31202
0.32659 1.06823 1.31202
0.307898 1.07377 1.31202
0.289111 1.07898 1.72643
0.270236 1.08386 1.72643
0.251279 1.08841 1.72643
0.232245 1.09263 1.72643
0.213141 1.09652 1.72643
0.193972 1.10007 1.72643
0.174743 1.10329 1.72643
0.155462 1.10617 1.72643
0.136133 1.10871 1.72643
0.116762 1.11092 1.72643
0.0973563 1.11279 2.29373
0.0779207 1.11432 2.29373
0.0584613 1.11551 2.29373
0.0389841 1.11636 2.29373
0.019495 1.11687 2.29373
6.83989e-17 1.11704 2.29373
-0.019495 1.11687 2.29373
-0.0389841 1.11636 2.29373
-0.0584613 1.11551 2.29373
-0.0779207 1.11432 2.29373
-0.0973563 1.11279 2.97594
-0.116762 1.11092 2.97594
-0.136133 1.10871 2.97594
-0.155462 1.10617 2.97594
-0.174743 1.10329 2.97594
-0.193972 1.10007 2.97594
-0.213141 1.09652 2.97594
-0.232245 1.09263 2.97594
-0.251279 1.08841 2.97594
-0.270236 1.08386 2.97594
-0.289111 1.07898 3.70989
-0.307898 1.07377 3.70989
-0.32659 1.06823 3.70989
-0.345184 1.06237 3.70989
-0.363672 1.05618 3.70989
-0.38205 1.04967 3.70989
-0.400311 1.04285 3.70989
-0.41845 1.0357 3.70989
-0.436462 1.02824 3.70989
-0.45434 1.02047 3.70989
-0.472081 1.01238 4.41337
-0.489677 1.00399 4.41337
-0.507125 0.995288 4.41337
-0.524418 0.986286 4.41337
-0.541551 0.976984 4.41337
-0.558519 0.967384 4.41337
-0.575317 0.957489 4.41337
-0.59194 0.947302 4.41337
-0.608383 0.936827 4.41337
-0.62464 0.926067 4.41337
-0.640707 0.915024 4.99743
-0.656579 0.903703 4.99743
-0.67225 0.892107 4.99743
-0.687718 0.880238 4.99743
-0.702975 0.868102 4.99743
-0.718018 0.855701 4.99743
-0.732843 0.84304 4.99743
-0.747445 0.830121 4.99743
-0.761818 0.81695 4.99743
-0.77596 0.80353 4.99743
-0.789865 0.789865 5.37752
-0.80353 0.77596 5.37752
-0.81695 0.761818 5.37752
-0.830121 0.747445 5.37752
-0.84304 0.732843 5.37752
-0.855701 0.718018 5.37752
-0.868102 0.702975 5.37752
-0.880238 0.687718 5.37752
-0.892107 0.67225 5.37752
-0.903703 0.656579 5.37752
-0.915024 0.640707 5.48452
-0.926067 0.62464 5.48452
-0.936827 0.608383 5.48452
-0.947302 0.59194 5.48452
-0.957489 0.575317 5.48452
-0.967384 0.558519 5.48452
-0.976984 0.541551 5.48452
-0.986286 0.524418 5.48452
-0.995288 0.507125 5.48452
-1.00399 0.489677 5.48452
-1.01238 0.472081 5.27664
-1.02047 0.45434 5.27664
-1.02824 0.436462 5.27664
-1.0357 0.41845 5.27664
-1.04285 0.400311 5.27664
-1.04967 0.38205 5.27664
-1.05618 0.363672 5.27664
-1.06237 0.345184 5.27664
-1.06823 0.32659 5.27664
-1.07377 0.307898 5.27664
-1.07898 0.289111 4.74579
-1.08386 0.270236 4.74579
-1.08841 0.251279 4.74579
-1.09263 0.232245 4.74579
-1.09652 0.213141 4.74579
-1.10007 0.193972 4.74579
-1.10329 0.174743 4.74579
-1.10617 0.155462 4.74579
-1.10871 0.136133 4.74579
-1.11092 0.116762 4.74579
-1.11279 0.0973563 3.92034
-1.11432 0.0779207 3.92034
-1.11551 0.0584613 3.92034
-1.11636 0.0389841 3.92034
-1.11687 0.019495 3.92034
-1.11704 1.36798e-16 3.92034
-1.11687 -0.019495 3.92034
-1.11636 -0.0389841 3.92034
-1.11551 -0.0584613 3.92034
-1.11432 -0.0779207 3.92034
-1.11279 -0.0973563 3.92034
-1.11092 -0.116762 2.86197
-1.10871 -0.136133 2.86197
-1.10617 -0.155462 2.86197
-1.10329 -0.174743 2.86197
-1.10007 -0.193972 2.86197
-1.09652 -0.213141 2.86197
-1.09263 -0.232245 2.86197
-1.08841 -0.251279 2.86197
-1.08386 -0.270236 2.86197
-1.07898 -0.289111 2.86197
-1.07377 -0.307898 1.65944
-1.06823 -0.32659 1.65944
-1.06237 -0.345184 1.65944
-1.05618 -0.363672 1.65944
-1.04967 -0.38205 1.65944
-1.04285 -0.400311 1.65944
-1.0357 -0.41845 1.65944
-1.02824 -0.436462 1.65944
-1.02047 -0.45434 1.65944
-1.01238 -0.472081 1.65944
-1.00399 -0.489677 0.42053
-0.995288 -0.507125 0.42053
-0.986286 -0.524418 0.42053
-0.976984 -0.541551 0.42053
-0.967384 -0.558519 0.42053
-0.957489 -0.575317 0.42053
-0.947302 -0.59194 0.42053
-0.936827 -0.608383 0.42053
-0.926067 -0.62464 0.42053
-0.915024 -0.640707 0.42053
-0.903703 -0.656579 -0.742298
-0.892107 -0.67225 -0.742298
-0.880238 -0.687718 -0.742298
-0.868102 -0.702975 -0.742298
-0.855701 -0.718018 -0.742298
-0.84304 -0.732843 -0.742298
-0.830121 -0.747445 -0.742298
-0.81695 -0.761818 -0.742298
-0.80353 -0.77596 -0.742298
-0.789865 -0.789865 -0.742298
-0.77596 -0.80353 -1.72579
-0.761818 -0.81695 -1.72579
-0.747445 -0.830121 -1.72579
-0.732843 -0.84304 -1.72579
-0.718018 -0.855701 -1.72579
-0.702975 -0.868102 -1.72579
-0.687718 -0.880238 -1.72579
-0.67225 -0.892107 -1.72579
-0.656579 -0.903703 -1.72579
-0.640707 -0.915024 -1.72579
-0.62464 -0.926067 -2.44832
-0.608383 -0.936827 -2.44832
-0.59194 -0.947302 -2.44832
-0.575317 -0.957489 -2.44832
-0.558519 -0.967384 -2.44832
-0.541551 -0.976984 -2.44832
-0.524418 -0.986286 -2.44832
-0.507125 -0.995288 -2.44832
-0.489677 -1.00399 -2.44832
-0.472081 -1.01238 -2.44832
-0.45434 -1.02047 -2.85965
-0.436462 -1.02824 -2.85965
-0.41845 -1.0357 -2.85965
-0.400311 -1.04285 -2.85965
-0.38205 -1.04967 -2.85965
-0.363672 -1.05618 -2.85965
-0.345184 -1.06237 -2.85965
-0.32659 -1.06823 -2.85965
-0.307898 -1.07377 -2.85965
-0.289111 -1.07898 -2.85965
-0.270236 -1.08386 -2.94428
-0.251279 -1.08841 -2.94428
-0.232245 -1.09263 -2.94428
-0.213141 -1.09652 -2.94428
-0.193972 -1.10007 -2.94428
-0.174743 -1.10329 -2.94428
-0.155462 -1.10617 -2.94428
-0.136133 -1.10871 -2.94428
-0.116762 -1.11092 -2.94428
-0.0973563 -1.11279 -2.94428
-0.0779207 -1.11432 -2.72333
-0.0584613 -1.11551 -2.72333
-0.0389841 -1.11636 -2.72333
-0.019495 -1.11687 -2.72333
-2.05197e-16 -1.11704 -2.72333
0.019495 -1.11687 -2.72333
0.0389841 -1.11636 -2.72333
0.0584613 -1.11551 -2.72333
0.0779207 -1.11432 -2.72333
0.0973563 -1.11279 -2.72333
0.116762 -1.11092 -2.251
0.136133 -1.10871 -2.251
0.155462 -1.10617 -2.251
0.174743 -1.10329 -2.251
0.193972 -1.10007 -2.251
0.213141 -1.09652 -2.251
0.232245 -1.09263 -2.251
0.251279 -1.08841 -2.251
0.270236 -1.08386 -2.251
0.289111 -1.07898 -2.251
0.307898 -1.07377 -1.60625
0.32659 -1.06823 -1.60625
0.345184 -1.06237 -1.60625
0.363672 -1.05618 -1.60625
0.38205 -1.04967 -1.60625
0.400311 -1.04285 -1.60625
0.41845 -1.0357 -1.60625
0.436462 -1.02824 -1.60625
0.45434 -1.02047 -1.60625
0.472081 -1.01238 -1.60625
0.489677 -1.00399 -0.881026
0.507125 -0.995288 -0.881026
0.524418 -0.986286 -0.881026
0.541551 -0.976984 -0.881026
0.558519 -0.967384 -0.881026
0.575317 -0.957489 -0.881026
0.59194 -0.947302 -0.881026
0.608383 -0.936827 -0.881026
0.62464 -0.926067 -0.881026
0.640707 -0.915024 -0.881026
0.656579 -0.903703 -0.164687
0.67225 -0.892107 -0.164687
0.687718 -0.880238 -0.164687
0.702975 -0.868102 -0.164687
0.718018 -0.855701 -0.164687
0.732843 -0.84304 -0.164687
0.747445 -0.830121 -0.164687
0.761818 -0.81695 -0.164687
0.77596 -0.80353 -0.164687
0.789865 -0.789865 -0.164687
0.80353 -0.77596 0.466918
0.81695 -0.761818 0.466918
0.830121 -0.747445 0.466918
0.84304 -0.732843 0.466918
0.855701 -0.718018 0.466918
0.868102 -0.702975 0.466918
0.880238 -0.687718 0.466918
0.892107 -0.67225 0.466918
0.903703 -0.656579 0.466918
0.915024 -0.640707 0.466918
0.926067 -0.62464 0.960129
0.936827 -0.608383 0.960129
0.947302 -0.59194 0.960129
0.957489 -0.575317 0.960129
0.967384 -0.558519 0.960129
0.976984 -0.541551 0.960129
0.986286 -0.524418 0.960129
0.995288 -0.507125 0.960129
1.00399 -0.489677 0.960129
1.01238 -0.472081 0.960129
1.02047 -0.45434 1.28919
1.02824 -0.436462 1.28919
1.0357 -0.41845 1.28919
1.04285 -0.400311 1.28919
1.04967 -0.38205 1.28919
1.05618 -0.363672 1.28919
1.06237 -0.345184 1.28919
1.06823 -0.32659 1.28919
1.07377 -0.307898 1.28919
1.07898 -0.289111 1.28919
1.08386 -0.270236 1.45484
1.08841 -0.251279 1.45484
1.09263 -0.232245 1.45484
1.09652 -0.213141 1.45484
1.10007 -0.193972 1.45484
1.10329 -0.174743 1.45484
1.10617 -0.155462 1.45484
1.10871 -0.136133 1.45484
1.11092 -0.116762 1.45484
1.11279 -0.0973563 1.45484
1.11432 -0.0779207 1.27445
1.11551 -0.0584613 1.27445
1.11636 -0.0389841 1.27445
1.11687 -0.019495 1.27445

1.19683 0 1.4795
1.19664 0.0208875 1.4795
1.1961 0.0417687 1.4795
1.19519 0.0626371 1.4795
1.19391 0.0834864 1.4795
1.19227 0.10431 1.39942
1.19027 0.125102 1.39942
1.18791 0.145857 1.39942
1.18518 0.166566 1.39942
1.18209 0.187225 1.39942
1.17864 0.207827 1.39942
1.17484 0.228365 1.39942
1.17067 0.248834 1.39942
1.16615 0.269227 1.39942
1.16128 0.289539 1.39942
1.15605 0.309762 1.25889
1.15046 0.32989 1.25889
1.14453 0.349918 1.25889
1.13825 0.36984 1.25889
1.13162 0.389649 1.25889
1.12465 0.409339 1.25889
1.11733 0.428904 1.25889
1.10968 0.448339 1.25889
1.10168 0.467638 1.25889
1.09336 0.486793 1.25889
1.08469 0.505801 1.10718
1.0757 0.524654 1.10718
1.06638 0.543348 1.10718
1.05674 0.561876 1.10718
1.04677 0.580233 1.10718
1.03648 0.598413 1.10718
1.02588 0.616411 1.10718
1.01497 0.634222 1.10718
1.00374 0.651839 1.10718
0.992214 0.669257 1.10718
0.980383 0.686472 0.993783
0.968253 0.703477 0.993783
0.955828 0.720268 0.993783
0.943112 0.73684 0.993783
0.930109 0.753188 0.993783
0.916823 0.769305 0.993783
0.903257 0.785189 0.993783
0.889416 0.800833 0.993783
0.875304 0.816234 0.993783
0.860925 0.831386 0.993783
0.846284 0.846284 0.965386
0.831386 0.860925 0.965386
0.816234 0.875304 0.965386
0.800833 0.889416 0.965386
0.785189 0.903257 0.965386
0.769305 0.916823 0.965386
0.753188 0.930109 0.965386
0.73684 0.943112 0.965386
0.720268 0.955828 0.965386
0.703477 0.968253 0.965386
0.686472 0.980383 1.06211
0.669257 0.992214 1.06211
0.651839 1.00374 1.06211
0.634222 1.01497 1.06211
0.616411 1.02588 1.06211
0.598413 1.03648 1.06211
0.580233 1.04677 1.06211
0.561876 1.05674 1.06211
0.543348 1.06638 1.06211
0.524654 1.0757 1.06211
0.505801 1.08469 1.31202
0.486793 1.09336 1.31202
0.467638 1.10168 1.31202
0.448339 1.10968 1.31202
0.428904 1.11733 1.31202
0.409339 1.12465 1.31202
0.389649 1.13162 1.31202
0.36984 1.13825 1.31202
0.349918 1.14453 1.31202
0.32989 1.15046 1.31202
0.309762 1.15605 1.72643
0.289539 1.16128 1.72643
0.269227 1.16615 1.72643
0.248834 1.17067 1.72643
0.228365 1.17484 1.72643
0.207827 1.17864 1.72643
0.187225 1.18209 1.72643
0.166566 1.18518 1.72643
0.145857 1.18791 1.72643
0.125102 1.19027 1.72643
0.10431 1.19227 2.29373
0.0834864 1.19391 2.29373
0.0626371 1.19519 2.29373
0.0417687 1.1961 2.29373
0.0208875 1.19664 2.29373
7.32845e-17 1.19683 2.29373
-0.0208875 1.19664 2.29373
-0.0417687 1.1961 2.29373
-0.0626371 1.19519 2.29373
-0.0834864 1.19391 2.29373
-0.10431 1.19227 2.97594
-0.125102 1.19027 2.97594
-0.145857 1.18791 2.97594
-0.166566 1.18518 2.97594
-0.187225 1.18209 2.97594
-0.207827 1.17864 2.97594
-0.228365 1.17484 2.97594
-0.248834 1.17067 2.97594
-0.269227 1.16615 2.97594
-0.289539 1.16128 2.97594
-0.309762 1.15605 3.70989
-0.32989 1.15046 3.70989
-0.349918 1.14453 3.70989
-0.36984 1.13825 3.70989
-0.389649 1.13162 3.70989
-0.409339 1.12465 3.70989
-0.428904 1.11733 3.70989
-0.448339 1.10968 3.70989
-0.467638 1.10168 3.70989
-0.486793 1.09336 3.70989
-0.505801 1.08469 4.41337
-0.524654 1.0757 4.41337
-0.543348 1.06638 4.41337
-0.561876 1.05674 4.41337
-0.580233 1.04677 4.41337
-0.598413 1.03648 4.41337
-0.616411 1.02588 4.41337
-0.634222 1.01497 4.41337
-0.651839 1.00374 4.41337
-0.669257 0.992214 4.41337
-0.686472 0.980383 4.99743
-0.703477 0.968253 4.99743
-0.720268 0.955828 4.99743
-0.73684 0.943112 4.99743
-0.753188 0.930109 4.99743
-0.769305 0.916823 4.99743
-0.785189 0.903257 4.99743
-0.800833 0.889416 4.99743
-0.816234 0.875304 4.99743
-0.831386 0.860925 4.99743
-0.846284 0.846284 5.37752
-0.860925 0.831386 5.37752
-0.875304 0.816234 5.37752
-0.889416 0.800833 5.37752
-0.903257 0.785189 5.37752
-0.916823 0.769305 5.37752
-0.930109 0.753188 5.37752
-0.943112 0.73684 5.37752
-0.955828 0.720268 5.37752
-0.968253 0.703477 5.37752
-0.980383 0.686472 5.48452
-0.992214 0.669257 5.48452
-1.00374 0.651839 5.48452
-1.01497 0.634222 5.48452
-1.02588 0.616411 5.48452
-1.03648 0.598413 5.48452
-1.04677 0.580233 5.48452
-1.05674 0.561876 5.48452
-1.06638 0.543348 5.48452
-1.0757 0.524654 5.48452
-1.08469 0.505801 5.27664
-1.09336 0.486793 5.27664
-1.10168 0.467638 5.27664
-1.10968 0.448339 5.27664
-1.11733 0.428904 5.27664
-1.12465 0.409339 5.27664
-1.13162 0.389649 5.27664
-1.13825 0.36984 5.27664
-1.14453 0.349918 5.27664
-1.15046 0.32989 5.27664
-1.15605 0.309762 4.74579
-1.16128 0.289539 4.74579
-1.16615 0.269227 4.74579
-1.17067 0.248834 4.74579
-1.17484 0.228365 4.74579
-1.17864 0.207827 4.74579
-1.18209 0.187225 4.74579
-1.18518 0.166566 4.74579
-1.18791 0.145857 4.74579
-1.19027 0.125102 4.74579
-1.19227 0.10431 3.92034
-1.19391 0.0834864 3.92034
-1.19519 0.0626371 3.92034
-1.1961 0.0417687 3.92034
-1.19664 0.0208875 3.92034
-1.19683 1.46569e-16 3.92034
-1.19664 -0.0208875 3.92034
-1.1961 -0.0417687 3.92034
-1.19519 -0.0626371 3.92034
-1.19391 -0.0834864 3.92034
-1.19227 -0.10431 3.92034
-1.19027 -0.125102 2.86197
-1.18791 -0.145857 2.86197
-1.18518 -0.166566 2.86197
-1.18209 -0.187225 2.86197
-1.17864 -0.207827 2.86197
-1.17484 -0.228365 2.86197
-1.17067 -0.248834 2.86197
-1.16615 -0.269227 2.86197
-1.16128 -0.289539 2.86197
-1.15605 -0.309762 2.86197
-1.15046 -0.32989 1.65944
-1.14453 -0.349918 1.65944
-1.13825 -0.36984 1.65944
-1.13162 -0.389649 1.65944
-1.12465 -0.409339 1.65944
-1.11733 -0.428904 1.65944
-1.10968 -0.448339 1.65944
-1.10168 -0.467638 1.65944
-1.09336 -0.486793 1.65944
-1.08469 -0.505801 1.65944
-1.0757 -0.524654 0.42053
-1.06638 -0.543348 0.42053
-1.05674 -0.561876 0.42053
-1.04677 -0.580233 0.42053
-1.03648 -0.598413 0.42053
-1.02588 -0.616411 0.42053
-1.01497 -0.634222 0.42053
-1.00374 -0.651839 0.42053
-0.992214 -0.669257 0.42053
-0.980383 -0.686472 0.42053
-0.968253 -0.703477 -0.742298
-0.955828 -0.720268 -0.742298
-0.943112 -0.73684 -0.742298
-0.930109 -0.753188 -0.742298
-0.916823 -0.769305 -0.742298
-0.903257 -0.785189 -0.742298
-0.889416 -0.800833 -0.742298
-0.875304 -0.816234 -0.742298
-0.860925 -0.831386 -0.742298
-0.846284 -0.846284 -0.742298
-0.831386 -0.860925 -1.72579
-0.816234 -0.875304 -1.72579
-0.800833 -0.889416 -1.72579
-0.785189 -0.903257 -1.72579
-0.769305 -0.916823 -1.72579
-0.753188 -0.930109 -1.72579
-0.73684 -0.943112 -1.72579
-0.720268 -0.955828 -1.72579
-0.703477 -0.968253 -1.72579
-0.686472 -0.980383 -1.72579
-0.669257 -0.992214 -2.44832
-0.651839 -1.00374 -2.44832
-0.634222 -1.01497 -2.44832
-0.616411 -1.02588 -2.44832
-0.598413 -1.03648 -2.44832
-0.580233 -1.04677 -2.44832
-0.561876 -1.05674 -2.44832
-0.543348 -1.06638 -2.44832
-0.524654 -1.0757 -2.44832
-0.505801 -1.08469 -2.44832
-0.486793 -1.09336 -2.85965
-0.467638 -1.10168 -2.85965
-0.448339 -1.10968 -2.85965
-0.428904 -1.11733 -2.85965
-0.409339 -1.12465 -2.85965
-0.389649 -1.13162 -2.85965
-0.36984 -1.13825 -2.85965
-0.349918 -1.14453 -2.85965
-0.32989 -1.15046 -2.85965
-0.309762 -1.15605 -2.85965
-0.289539 -1.16128 -2.94428
-0.269227 -1.16615 -2.94428
-0.248834 -1.17067 -2.94428
-0.228365 -1.17484 -2.94428
-0.207827 -1.17864 -2.94428
-0.187225 -1.18209 -2.94428
-0.166566 -1.18518 -2.94428
-0.145857 -1.18791 -2.94428
-0.125102 -1.19027 -2.94428
-0.10431 -1.19227 -2.94428
-0.0834864 -1.19391 -2.72333
-0.0626371 -1.19519 -2.72333
-0.0417687 -1.1961 -2.72333
-0.0208875 -1.19664 -2.72333
-2.19854e-16 -1.19683 -2.72333
0.0208875 -1.19664 -2.72333
0.0417687 -1.1961 -2.72333
0.0626371 -1.19519 -2.72333
0.0834864 -1.19391 -2.72333
0.10431 -1.19227 -2.72333
0.125102 -1.19027 -2.251
0.145857 -1.18791 -2.251
0.166566 -1.18518 -2.251
0.187225 -1.18209 -2.251
0.207827 -1.17864 -2.251
0.228365 -1.17484 -2.251
0.248834 -1.17067 -2.251
0.269227 -1.16615 -2.251
0.289539 -1.16128 -2.251
0.309762 -1.15605 -2.251
0.32989 -1.15046 -1.60625
0.349918 -1.14453 -1.60625
0.36984 -1.13825 -1.60625
0.389649 -1.13162 -1.60625
0.409339 -1.12465 -1.60625
0.428904 -1.11733 -1.60625
0.448339 -1.10968 -1.60625
0.467638 -1.10168 -1.60625
0.486793 -1.09336 -1.60625
0.505801 -1.08469 -1.60625
0.524654 -1.0757 -0.881026
0.543348 -1.06638 -0.881026
0.561876 -1.05674 -0.881026
0.580233 -1.04677 -0.881026
0.598413 -1.03648 -0.881026
0.616411 -1.02588 -0.881026
0.634222 -1.01497 -0.881026
0.651839 -1.00374 -0.881026
0.669257 -0.992214 -0.881026
0.686472 -0.980383 -0.881026
0.703477 -0.968253 -0.164687
0.720268 -0.955828 -0.164687
0.73684 -0.943112 -0.164687
0.753188 -0.930109 -0.164687
0.769305 -0.916823 -0.164687
0.785189 -0.903257 -0.164687
0.800833 -0.889416 -0.164687
0.816234 -0.875304 -0.164687
0.831386 -0.860925 -0.164687
0.846284 -0.846284 -0.164687
0.860925 -0.831386 0.466918
0.875304 -0.816234 0.466918
0.889416 -0.800833 0.466918
0.903257 -0.785189 0.466918
0.916823 -0.769305 0.466918
0.930109 -0.753188 0.466918
0.943112 -0.73684 0.466918
0.955828 -0.720268 0.466918
0.968253 -0.703477 0.466918
0.980383 -0.686472 0.466918
0.992214 -0.669257 0.960129
1.00374 -0.651839 0.960129
1.01497 -0.634222 0.960129
1.02588 -0.616411 0.960129
1.03648 -0.598413 0.960129
1.04677 -0.580233 0.960129
1.05674 -0.561876 0.960129
1.06638 -0.543348 0.960129
1.0757 -0.524654 0.960129
1.08469 -0.505801 0.960129
1.09336 -0.486793 1.28919
1.10168 -0.467638 1.28919
1.10968 -0.448339 1.28919
1.11733 -0.428904 1.28919
1.12465 -0.409339 1.28919
1.13162 -0.389649 1.28919
1.13825 -0.36984 1.28919
1.14453 -0.349918 1.28919
1.15046 -0.32989 1.28919
1.15605 -0.309762 1.28919
1.16128 -0.289539 1.45484
1.16615 -0.269227 1.45484
1.17067 -0.248834 1.45484
1.17484 -0.228365 1.45484
1.17864 -0.207827 1.45484
1.18209 -0.187225 1.45484
1.18518 -0.166566 1.45484
1.18791 -0.145857 1.45484
1.19027 -0.125102 1.45484
1.19227 -0.10431 1.45484
1.19391 -0.0834864 1.27445
1.19519 -0.0626371 1.27445
1.1961 -0.0417687 1.27445
1.19664 -0.0208875 1.27445

1.27662 0 1.4795
1.27642 0.02228 1.4795
1.27584 0.0445532 1.4795
1.27487 0.0668129 1.4795
1.27351 0.0890522 1.4795
1.27176 0.111264 1.39942
1.26962 0.133443 1.39942
1.2671 0.15558 1.39942
1.26419 0.177671 1.39942
1.2609 0.199707 1.39942
1.25722 0.221682 1.39942
1.25316 0.24359 1.39942
1.24872 0.265423 1.39942
1.2439 0.287176 1.39942
1.23869 0.308841 1.39942
1.23312 0.330412 1.25889
1.22716 0.351883 1.25889
1.22083 0.373246 1.25889
1.21413 0.394496 1.25889
1.20706 0.415625 1.25889
1.19963 0.436628 1.25889
1.19182 0.457498 1.25889
1.18366 0.478229 1.25889
1.17513 0.498813 1.25889
1.16625 0.519246 1.25889
1.15701 0.539521 1.10718
1.14741 0.559631 1.10718
1.13747 0.579571 1.10718
1.12718 0.599335 1.10718
1.11655 0.618915 1.10718
1.10558 0.638308 1.10718
1.09427 0.657505 1.10718
1.08263 0.676503 1.10718
1.07066 0.695295 1.10718
1.05836 0.713874 1.10718
1.04574 0.732236 0.993783
1.0328 0.750376 0.993783
1.01955 0.768286 0.993783
1.00599 0.785963 0.993783
0.992116 0.8034 0.993783
0.977944 0.820592 0.993783
0.963474 0.837535 0.993783
0.94871 0.854222 0.993783
0.933657 0.87065 0.993783
0.91832 0.886812 0.993783
0.902703 0.902703 0.965386
0.886812 0.91832 0.965386
0.87065 0.933657 0.965386
0.854222 0.94871 0.965386
0.837535 0.963474 0.965386
0.820592 0.977944 0.965386
0.8034 0.992116 0.965386
0.785963 1.00599 0.965386
0.768286 1.01955 0.965386
0.750376 1.0328 0.965386
0.732236 1.04574 1.06211
0.713874 1.05836 1.06211
0.695295 1.07066 1.06211
0.676503 1.08263 1.06211
0.657505 1.09427 1.06211
0.638308 1.10558 1.06211
0.618915 1.11655 1.06211
0.599335 1.12718 1.06211
0.579571 1.13747 1.06211
0.559631 1.14741 1.06211
0.539521 1.15701 1.31202
0.519246 1.16625 1.31202
0.498813 1.17513 1.31202
0.478229 1.18366 1.31202
0.457498 1.19182 1.31202
0.436628 1.19963 1.31202
0.415625 1.20706 1.31202
0.394496 1.21413 1.31202
0.373246 1.22083 1.31202
0.351883 1.22716 1.31202
0.330412 1.23312 1.72643
0.308841 1.23869 1.72643
0.287176 1.2439 1.72643
0.265423 1.24872 1.72643
0.24359 1.25316 1.72643
0.221682 1.25722 1.72643
0.199707 1.2609 1.72643
0.177671 1.26419 1.72643
0.15558 1.2671 1.72643
0.133443 1.26962 1.72643
0.111264 1.27176 2.29373
0.0890522 1.27351 2.29373
0.0668129 1.27487 2.29373
0.0445532 1.27584 2.29373
0.02228 1.27642 2.29373
7.81701e-17 1.27662 2.29373
-0.02228 1.27642 2.29373
-0.0445532 1.27584 2.29373
-0.0668129 1.27487 2.29373
-0.0890522 1.27351 2.29373
-0.111264 1.27176 2.97594
-0.133443 1.26962 2.97594
-0.15558 1.2671 2.97594
-0.177671 1.26419 2.97594
-0.199707 1.2609 2.97594
-0.221682 1.25722 2.97594
-0.24359 1.25316 2.97594
-0.265423 1.24872 2.97594
-0.287176 1.2439 2.97594
-0.308841 1.23869 2.97594
-0.330412 1.23312 3.70989
-0.351883 1.22716 3.70989
-0.373246 1.22083 3.70989
-0.394496 1.21413 3.70989
-0.415625 1.20706 3.70989
-0.436628 1.19963 3.70989
-0.457498 1.19182 3.70989
-0.478229 1.18366 3.70989
-0.498813 1.17513 3.70989
-0.519246 1.16625 3.70989
-0.539521 1.15701 4.41337
-0.559631 1.14741 4.41337
-0.579571 1.13747 4.41337
-0.599335 1.12718 4.41337
-0.618915 1.11655 4.41337
-0.638308 1.10558 4.41337
-0.657505 1.09427 4.41337
-0.676503 1.08263 4.41337
-0.695295 1.07066 4.41337
-0.713874 1.05836 4.41337
-0.732236 1.04574 4.99743
-0.750376 1.0328 4.99743
-0.768286 1.01955 4.99743
-0.785963 1.00599 4.99743
-0.8034 0.992116 4.99743
-0.820592 0.977944 4.99743
-0.837535 0.963474 4.99743
-0.854222 0.94871 4.99743
-0.87065 0.933657 4.99743
-0.886812 0.91832 4.99743
-0.902703 0.902703 5.37752
-0.91832 0.886812 5.37752
-0.933657 0.87065 5.37752
-0.94871 0.854222 5.37752
-0.963474 0.837535 5.37752
-0.977944 0.820592 5.37752
-0.992116 0.8034 5.37752
-1.00599 0.785963 5.37752
-1.01955 0.768286 5.37752
-1.0328 0.750376 5.37752
-1.04574 0.732236 5.48452
-1.05836 0.713874 5.48452
-1.07066 0.695295 5.48452
-1.08263 0.676503 5.48452
-1.09427 0.657505 5.48452
-1.10558 0.638308 5.48452
-1.11655 0.618915 5.48452
-1.12718 0.599335 5.48452
-1.13747 0.579571 5.48452
-1.14741 0.559631 5.48452
-1.15701 0.539521 5.27664
-1.16625 0.519246 5.27664
-1.17513 0.498813 5.27664
-1.18366 0.478229 5.27664
-1.19182 0.457498 5.27664
-1.19963 0.436628 5.27664
-1.20706 0.415625 5.27664
-1.21413 0.394496 5.27664
-1.22083 0.373246 5.27664
-1.22716 0.351883 5.27664
-1.23312 0.330412 4.74579
-1.23869 0.308841 4.74579
-1.2439 0.287176 4.74579
-1.24872 0.265423 4.74579
-1.25316 0.24359 4.74579
-1.25722 0.221682 4.74579
-1.2609 0.199707 4.74579
-1.26419 0.177671 4.74579
-1.2671 0.15558 4.74579
-1.26962 0.133443 4.74579
-1.27176 0.111264 3.92034
-1.27351 0.0890522 3.92034
-1.27487 0.0668129 3.92034
-1.27584 0.0445532 3.92034
-1.27642 0.02228 3.92034
-1.27662 1.5634e-16 3.92034
-1.27642 -0.02228 3.92034
-1.27584 -0.0445532 3.92034
-1.27487 -0.0668129 3.92034
-1.27351 -0.0890522 3.92034
-1.27176 -0.111264 3.92034
-1.26962 -0.133443 2.86197
-1.2671 -0.15558 2.86197
-1.26419 -0.177671 2.86197
-1.2609 -0.199707 2.86197
-1.25722 -0.221682 2.86197
-1.25316 -0.24359 2.86197
-1.24872 -0.265423 2.86197
-1.2439 -0.287176 2.86197
-1.23869 -0.308841 2.86197
-1.23312 -0.330412 2.86197
-1.22716 -0.351883 1.65944
-1.22083 -0.373246 1.65944
-1.21413 -0.394496 1.65944
-1.20706 -0.415625 1.65944
-1.19963 -0.436628 1.65944
-1.19182 -0.457498 1.65944
-1.18366 -0.478229 1.65944
-1.17513 -0.498813 1.65944
-1.16625 -0.519246 1.65944
-1.15701 -0.539521 1.65944
-1.14741 -0.559631 0.42053
-1.13747 -0.579571 0.42053
-1.12718 -0.599335 0.42053
-1.11655 -0.618915 0.42053
-1.10558 -0.638308 0.42053
-1.09427 -0.657505 0.42053
-1.08263 -0.676503 0.42053
-1.07066 -0.695295 0.42053
-1.05836 -0.713874 0.42053
-1.04574 -0.732236 0.42053
-1.0328 -0.750376 -0.742298
-1.01955 -0.768286 -0.742298
-1.00599 -0.785963 -0.742298
-0.992116 -0.8034 -0.742298
-0.977944 -0.820592 -0.742298
-0.963474 -0.837535 -0.742298
-0.94871 -0.854222 -0.742298
-0.933657 -0.87065 -0.742298
-0.91832 -0.886812 -0.742298
-0.902703 -0.902703 -0.742298
-0.886812 -0.91832 -1.72579
-0.87065 -0.933657 -1.72579
-0.854222 -0.94871 -1.72579
-0.837535 -0.963474 -1.72579
-0.820592 -0.977944 -1.72579
-0.8034 -0.992116 -1.72579
-0.785963 -1.00599 -1.72579
-0.768286 -1.01955 -1.72579
-0.750376 -1.0328 -1.72579
-0.732236 -1.04574 -1.72579
-0.713874 -1.05836 -2.44832
-0.695295 -1.07066 -2.44832
-0.676503 -1.08263 -2.44832
-0.657505 -1.09427 -2.44832
-0.638308 -1.10558 -2.44832
-0.618915 -1.11655 -2.44832
-0.599335 -1.12718 -2.44832
-0.579571 -1.13747 -2.44832
-0.559631 -1.14741 -2.44832
-0.539521 -1.15701 -2.44832
-0.519246 -1.16625 -2.85965
-0.498813 -1.17513 -2.85965
-0.478229 -1.18366 -2.85965
-0.457498 -1.19182 -2.85965
-0.436628 -1.19963 -2.85965
-0.415625 -1.20706 -2.85965
-0.394496 -1.21413 -2.85965
-0.373246 -1.22083 -2.85965
-0.351883 -1.22716 -2.85965
-0.330412 -1.23312 -2.85965
-0.308841 -1.23869 -2.94428
-0.287176 -1.2439 -2.94428
-0.265423 -1.24872 -2.94428
-0.24359 -1.25316 -2.94428
-0.221682 -1.25722 -2.94428
-0.199707 -1.2609 -2.94428
-0.177671 -1.26419 -2.94428
-0.15558 -1.2671 -2.94428
-0.133443 -1.26962 -2.94428
-0.111264 -1.27176 -2.94428
-0.0890522 -1.27351 -2.72333
-0.0668129 -1.27487 -2.72333
-0.0445532 -1.27584 -2.72333
-0.02228 -1.27642 -2.72333
-2.3451e-16 -1.27662 -2.72333
0.02228 -1.27642 -2.72333
0.0445532 -1.27584 -2.72333
0.0668129 -1.27487 -2.72333
0.0890522 -1.27351 -2.72333
0.111264 -1.27176 -2.72333
0.133443 -1.26962 -2.251
0.15558 -1.2671 -2.251
0.177671 -1.26419 -2.251
0.199707 -1.2609 -2.251
0.221682 -1.25722 -2.251
0.24359 -1.25316 -2.251
0.265423 -1.24872 -2.251
0.287176 -1.2439 -2.251
0.308841 -1.23869 -2.251
0.330412 -1.23312 -2.251
0.351883 -1.22716 -1.60625
0.373246 -1.22083 -1.60625
0.394496 -1.21413 -1.60625
0.415625 -1.20706 -1.60625
0.436628 -1.19963 -1.60625
0.457498 -1.19182 -1.60625
0.478229 -1.18366 -1.60625
0.498813 -1.17513 -1.60625
0.519246 -1.16625 -1.60625
0.539521 -1.15701 -1.60625
0.559631 -1.14741 -0.881026
0.579571 -1.13747 -0.881026
0.599335 -1.12718 -0.881026
0.618915 -1.11655 -0.881026
0.638308 -1.10558 -0.881026
0.657505 -1.09427 -0.881026
0.676503 -1.08263 -0.881026
0.695295 -1.07066 -0.881026
0.713874 -1.05836 -0.881026
0.732236 -1.04574 -0.881026
0.750376 -1.0328 -0.164687
0.768286 -1.01955 -0.164687
0.785963 -1.00599 -0.164687
0.8034 -0.992116 -0.164687
0.820592 -0.977944 -0.164687
0.837535 -0.963474 -0.164687
0.854222 -0.94871 -0.164687
0.87065 -0.933657 -0.164687
0.886812 -0.91832 -0.164687
0.902703 -0.902703 -0.164687
0.91832 -0.886812 0.466918
0.933657 -0.87065 0.466918
0.94871 -0.854222 0.466918
0.963474 -0.837535 0.466918
0.977944 -0.820592 0.466918
0.992116 -0.8034 0.466918
1.00599 -0.785963 0.466918
1.01955 -0.768286 0.466918
1.0328 -0.750376 0.466918
1.04574 -0.732236 0.466918
1.05836 -0.713874 0.960129
1.07066 -0.695295 0.960129
1.08263 -0.676503 0.960129
1.09427 -0.657505 0.960129
1.10558 -0.638308 0.960129
1.11655 -0.618915 0.960129
1.12718 -0.599335 0.960129
1.13747 -0.579571 0.960129
1.14741 -0.559631 0.960129
1.15701 -0.539521 0.960129
1.16625 -0.519246 1.28919
1.17513 -0.498813 1.28919
1.18366 -0.478229 1.28919
1.19182 -0.457498 1.28919
1.19963 -0.436628 1.28919
1.20706 -0.415625 1.28919
1.21413 -0.394496 1.28919
1.22083 -0.373246 1.28919
1.22716 -0.351883 1.28919
1.23312 -0.330412 1.28919
1.23869 -0.308841 1.45484
1.2439 -0.287176 1.45484
1.24872 -0.265423 1.45484
1.25316 -0.24359 1.45484
1.25722 -0.221682 1.45484
1.2609 -0.199707 1.45484
1.26419 -0.177671 1.45484
1.2671 -0.15558 1.45484
1.26962 -0.133443 1.45484
1.27176 -0.111264 1.45484
1.27351 -0.0890522 1.27445
1.27487 -0.0668129 1.27445
1.27584 -0.0445532 1.27445
1.27642 -0.02228 1.27445

1.3564 0 1.74171
1.3562 0.0236725 1.74171
1.35558 0.0473378 1.74171
1.35454 0.0709887 1.74171
1.3531 0.0946179 1.74171
1.35124 0.118218 1.58598
1.34897 0.141783 1.58598
1.34629 0.165304 1.58598
1.3432 0.188775 1.58598
1.3397 0.212188 1.58598
1.3358 0.235537 1.58598
1.33148 0.258814 1.58598
1.32676 0.282012 1.58598
1.32164 0.305124 1.36611
1.31611 0.328144 1.36611
1.31019 0.351063 1.36611
1.30386 0.373876 1.36611
1.29714 0.396574 1.36611
1.29002 0.419152 1.36611
1.2825 0.441602 1.36611
1.2746 0.463917 1.36611
1.26631 0.486092 1.36611
1.25764 0.508118 1.12246
1.24858 0.529989 1.12246
1.23914 0.551699 1.12246
1.22932 0.573241 1.12246
1.21913 0.594608 1.12246
1.20856 0.615794 1.12246
1.19763 0.636793 1.12246
1.18634 0.657598 1.12246
1.17468 0.678202 0.895545
1.16266 0.6986 0.895545
1.1503 0.718784 0.895545
1.13758 0.73875 0.895545
1.12451 0.758491 0.895545
1.1111 0.778001 0.895545
1.09735 0.797274 0.895545
1.08327 0.816304 0.895545
1.06886 0.835086 0.895545
1.05412 0.853613 0.725115
1.03907 0.87188 0.725115
1.02369 0.889881 0.725115
1.008 0.907611 0.725115
0.992011 0.925065 0.725115
0.975715 0.942237 0.725115
0.959122 0.959122 0.725115
0.942237 0.975715 0.725115
0.925065 0.992011 0.725115
0.907611 1.008 0.649031
0.889881 1.02369 0.649031
0.87188 1.03907 0.649031
0.853613 1.05412 0.649031
0.835086 1.06886 0.649031
0.816304 1.08327 0.649031
0.797274 1.09735 0.649031
0.778001 1.1111 0.649031
0.758491 1.12451 0.701114
0.73875 1.13758 0.701114
0.718784 1.1503 0.701114
0.6986 1.16266 0.701114
0.678202 1.17468 0.701114
0.657598 1.18634 0.701114
0.636793 1.19763 0.701114
0.615794 1.20856 0.701114
0.594608 1.21913 0.701114
0.573241 1.22932 0.907659
0.551699 1.23914 0.907659
0.529989 1.24858 0.907659
0.508118 1.25764 0.907659
0.486092 1.26631 0.907659
0.463917 1.2746 0.907659
0.441602 1.2825 0.907659
0.419152 1.29002 0.907659
0.396574 1.29714 1.28395
0.373876 1.30386 1.28395
0.351063 1.31019 1.28395
0.328144 1.31611 1.28395
0.305124 1.32164 1.28395
0.282012 1.32676 1.28395
0.258814 1.33148 1.28395
0.235537 1.3358 1.28395
0.212188 1.3397 1.28395
0.188775 1.3432 1.82933
0.165304 1.34629 1.82933
0.141783 1.34897 1.82933
0.118218 1.35124 1.82933
0.0946179 1.3531 1.82933
0.0709887 1.35454 1.82933
0.0473378 1.35558 1.82933
0.0236725 1.3562 1.82933
8.30558e-17 1.3564 2.52341
-0.0236725 1.3562 2.52341
-0.0473378 1.35558 2.52341
-0.0709887 1.35454 2.52341
-0.0946179 1.3531 2.52341
-0.118218 1.35124 2.52341
-0.141783 1.34897 2.52341
-0.165304 1.34629 2.52341
-0.188775 1.3432 2.52341
-0.212188 1.3397 3.32506
-0.235537 1.3358 3.32506
-0.258814 1.33148 3.32506
-0.282012 1.32676 3.32506
-0.305124 1.32164 3.32506
-0.328144 1.31611 3.32506
-0.351063 1.31019 3.32506
-0.373876 1.30386 3.32506
-0.396574 1.29714 3.32506
-0.419152 1.29002 4.17423
-0.441602 1.2825 4.17423
-0.463917 1.2746 4.17423
-0.486092 1.26631 4.17423
-0.508118 1.25764 4.17423
-0.529989 1.24858 4.17423
-0.551699 1.23914 4.17423
-0.573241 1.22932 4.17423
-0.594608 1.21913 4.99721
-0.615794 1.20856 4.99721
-0.636793 1.19763 4.99721
-0.657598 1.18634 4.99721
-0.678202 1.17468 4.99721
-0.6986 1.16266 4.99721
-0.718784 1.1503 4.99721
-0.73875 1.13758 4.99721
-0.758491 1.12451 4.99721
-0.778001 1.1111 5.71551
-0.797274 1.09735 5.71551
-0.816304 1.08327 5.71551
-0.835086 1.06886 5.71551
-0.853613 1.05412 5.71551
-0.87188 1.03907 5.71551
-0.889881 1.02369 5.71551
-0.907611 1.008 5.71551
-0.925065 0.992011 6.25365
-0.942237 0.975715 6.25365
-0.959122 0.959122 6.25365
-0.975715 0.942237 6.25365
-0.992011 0.925065 6.25365
-1.008 0.907611 6.25365
-1.02369 0.889881 6.25365
-1.03907 0.87188 6.25365
-1.05412 0.853613 6.25365
-1.06886 0.835086 6.54627
-1.08327 0.816304 6.54627
-1.09735 0.797274 6.54627
-1.1111 0.778001 6.54627
-1.12451 0.758491 6.54627
-1.13758 0.73875 6.54627
-1.1503 0.718784 6.54627
-1.16266 0.6986 6.54627
-1.17468 0.678202 6.54633
-1.18634 0.657598 6.54633
-1.19763 0.636793 6.54633
-1.20856 0.615794 6.54633
-1.21913 0.594608 6.54633
-1.22932 0.573241 6.54633
-1.23914 0.551699 6.54633
-1.24858 0.529989 6.54633
-1.25764 0.508118 6.54633
-1.26631 0.486092 6.23005
-1.2746 0.463917 6.23005
-1.2825 0.441602 6.23005
-1.29002 0.419152 6.23005
-1.29714 0.396574 6.23005
-1.30386 0.373876 6.23005
-1.31019 0.351063 6.23005
-1.31611 0.328144 6.23005
-1.32164 0.305124 6.23005
-1.32676 0.282012 5.59958
-1.33148 0.258814 5.59958
-1.3358 0.235537 5.59958
-1.3397 0.212188 5.59958
-1.3432 0.188775 5.59958
-1.34629 0.165304 5.59958
-1.34897 0.141783 5.59958
-1.35124 0.118218 5.59958
-1.3531 0.0946179 4.68389
-1.35454 0.0709887 4.68389
-1.35558 0.0473378 4.68389
-1.3562 0.0236725 4.68389
-1.3564 1.66112e-16 4.68389
-1.3562 -0.0236725 4.68389
-1.35558 -0.0473378 4.68389
-1.35454 -0.0709887 4.68389
-1.3531 -0.0946179 4.68389
-1.35124 -0.118218 3.53633
-1.34897 -0.141783 3.53633
-1.34629 -0.165304 3.53633
-1.3432 -0.188775 3.53633
-1.3397 -0.212188 3.53633
-1.3358 -0.235537 3.53633
-1.33148 -0.258814 3.53633
-1.32676 -0.282012 3.53633
-1.32164 -0.305124 2.23073
-1.31611 -0.328144 2.23073
-1.31019 -0.351063 2.23073
-1.30386 -0.373876 2.23073
-1.29714 -0.396574 2.23073
-1.29002 -0.419152 2.23073
-1.2825 -0.441602 2.23073
-1.2746 -0.463917 2.23073
-1.26631 -0.486092 2.23073
-1.25764 -0.508118 0.856759
-1.24858 -0.529989 0.856759
-1.23914 -0.551699 0.856759
-1.22932 -0.573241 0.856759
-1.21913 -0.594608 0.856759
-1.20856 -0.615794 0.856759
-1.19763 -0.636793 0.856759
-1.18634 -0.657598 0.856759
-1.17468 -0.678202 0.856759
-1.16266 -0.6986 -0.489289
-1.1503 -0.718784 -0.489289
-1.13758 -0.73875 -0.489289
-1.12451 -0.758491 -0.489289
-1.1111 -0.778001 -0.489289
-1.09735 -0.797274 -0.489289
-1.08327 -0.816304 -0.489289
-1.06886 -0.835086 -0.489289
-1.05412 -0.853613 -1.71357
-1.03907 -0.87188 -1.71357
-1.02369 -0.889881 -1.71357
-1.008 -0.907611 -1.71357
-0.992011 -0.925065 -1.71357
-0.975715 -0.942237 -1.71357
-0.959122 -0.959122 -1.71357
-0.942237 -0.975715 -1.71357
-0.925065 -0.992011 -1.71357
-0.907611 -1.008 -2.73352
-0.889881 -1.02369 -2.73352
-0.87188 -1.03907 -2.73352
-0.853613 -1.05412 -2.73352
-0.835086 -1.06886 -2.73352
-0.816304 -1.08327 -2.73352
-0.797274 -1.09735 -2.73352
-0.778001 -1.1111 -2.73352
-0.758491 -1.12451 -3.48524
-0.73875 -1.13758 -3.48524
-0.718784 -1.1503 -3.48524
-0.6986 -1.16266 -3.48524
-0.678202 -1.17468 -3.48524
-0.657598 -1.18634 -3.48524
-0.636793 -1.19763 -3.48524
-0.615794 -1.20856 -3.48524
-0.594608 -1.21913 -3.48524
-0.573241 -1.22932 -3.929
-0.551699 -1.23914 -3.929
-0.529989 -1.24858 -3.929
-0.508118 -1.25764 -3.929
-0.486092 -1.26631 -3.929
-0.463917 -1.2746 -3.929
-0.441602 -1.2825 -3.929
-0.419152 -1.29002 -3.929
-0.396574 -1.29714 -4.05075
-0.373876 -1.30386 -4.05075
-0.351063 -1.31019 -4.05075
-0.328144 -1.31611 -4.05075
-0.305124 -1.32164 -4.05075
-0.282012 -1.32676 -4.05075
-0.258814 -1.33148 -4.05075
-0.235537 -1.3358 -4.05075
-0.212188 -1.3397 -4.05075
-0.188775 -1.3432 -3.86364
-0.165304 -1.34629 -3.86364
-0.141783 -1.34897 -3.86364
-0.118218 -1.35124 -3.86364
-0.0946179 -1.3531 -3.86364
-0.0709887 -1.35454 -3.86364
-0.0473378 -1.35558 -3.86364
-0.0236725 -1.3562 -3.86364
-2.49167e-16 -1.3564 -3.86364
0.0236725 -1.3562 -3.40671
0.0473378 -1.35558 -3.40671
0.0709887 -1.35454 -3.40671
0.0946179 -1.3531 -3.40671
0.118218 -1.35124 -3.40671
0.141783 -1.34897 -3.40671
0.165304 -1.34629 -3.40671
0.188775 -1.3432 -3.40671
0.212188 -1.3397 -2.74057
0.235537 -1.3358 -2.74057
0.258814 -1.33148 -2.74057
0.282012 -1.32676 -2.74057
0.305124 -1.32164 -2.74057
0.328144 -1.31611 -2.74057
0.351063 -1.31019 -2.74057
0.373876 -1.30386 -2.74057
0.396574 -1.29714 -2.74057
0.419152 -1.29002 -1.94097
0.441602 -1.2825 -1.94097
0.463917 -1.2746 -1.94097
0.486092 -1.26631 -1.94097
0.508118 -1.25764 -1.94097
0.529989 -1.24858 -1.94097
0.551699 -1.23914 -1.94097
0.573241 -1.22932 -1.94097
0.594608 -1.21913 -1.09025
0.615794 -1.20856 -1.09025
0.636793 -1.19763 -1.09025
0.657598 -1.18634 -1.09025
0.678202 -1.17468 -1.09025
0.6986 -1.16266 -1.09025
0.718784 -1.1503 -1.09025
0.73875 -1.13758 -1.09025
0.758491 -1.12451 -1.09025
0.778001 -1.1111 -0.266574
0.797274 -1.09735 -0.266574
0.816304 -1.08327 -0.266574
0.835086 -1.06886 -0.266574
0.853613 -1.05412 -0.266574
0.87188 -1.03907 -0.266574
0.889881 -1.02369 -0.266574
0.907611 -1.008 -0.266574
0.925065 -0.992011 0.463589
0.942237 -0.975715 0.463589
0.959122 -0.959122 0.463589
0.975715 -0.942237 0.463589
0.992011 -0.925065 0.463589
1.008 -0.907611 0.463589
1.02369 -0.889881 0.463589
1.03907 -0.87188 0.463589
1.05412 -0.853613 0.463589
1.06886 -0.835086 1.05136
1.08327 -0.816304 1.05136
1.09735 -0.797274 1.05136
1.1111 -0.778001 1.05136
1.12451 -0.758491 1.05136
1.13758 -0.73875 1.05136
1.1503 -0.718784 1.05136
1.16266 -0.6986 1.05136
1.17468 -0.678202 1.05136
1.18634 -0.657598 1.46983
1.19763 -0.636793 1.46983
1.20856 -0.615794 1.46983
1.21913 -0.594608 1.46983
1.22932 -0.573241 1.46983
1.23914 -0.551699 1.46983
1.24858 -0.529989 1.46983
1.25764 -0.508118 1.46983
1.26631 -0.486092 1.71362
1.2746 -0.463917 1.71362
1.2825 -0.441602 1.71362
1.29002 -0.419152 1.71362
1.29714 -0.396574 1.71362
1.30386 -0.373876 1.71362
1.31019 -0.351063 1.71362
1.31611 -0.328144 1.71362
1.32164 -0.305124 1.71362
1.32676 -0.282012 1.79549
1.33148 -0.258814 1.79549
1.3358 -0.235537 1.79549
1.3397 -0.212188 1.79549
1.3432 -0.188775 1.79549
1.34629 -0.165304 1.79549
1.34897 -0.141783 1.79549
1.35124 -0.118218 1.79549
1.3531 -0.0946179 1.4795
1.35454 -0.0709887 1.4795
1.35558 -0.0473378 1.4795
1.3562 -0.0236725 1.4795

1.43619 0 1.74171
1.43597 0.025065 1.74171
1.43532 0.0501224 1.74171
1.43422 0.0751645 1.74171
1.43269 0.100184 1.74171
1.43073 0.125172 1.58598
1.42832 0.150123 1.58598
1.42549 0.175028 1.58598
1.42222 0.199879 1.58598
1.41851 0.22467 1.58598
1.41437 0.249392 1.58598
1.40981 0.274038 1.58598
1.40481 0.298601 1.58598
1.39938 0.323073 1.36611
1.39353 0.347446 1.36611
1.38726 0.371714 1.36611
1.38056 0.395868 1.36611
1.37344 0.419902 1.36611
1.3659 0.443808 1.36611
1.35795 0.467578 1.36611
1.34958 0.491207 1.36611
1.3408 0.514685 1.36611
1.33161 0.538007 1.12246
1.32202 0.561165 1.12246
1.31203 0.584152 1.12246
1.30163 0.606961 1.12246
1.29084 0.629585 1.12246
1.27966 0.652018 1.12246
1.26808 0.674251 1.12246
1.25612 0.69628 1.12246
1.24378 0.718096 0.895545
1.23106 0.739694 0.895545
1.21796 0.761066 0.895545
1.20449 0.782206 0.895545
1.19066 0.803108 0.895545
1.17646 0.823766 0.895545
1.1619 0.844173 0.895545
1.14699 0.864322 0.895545
1.13173 0.884208 0.895545
1.11613 0.903825 0.725115
1.10019 0.923167 0.725115
1.08391 0.942227 0.725115
1.0673 0.961 0.725115
1.05036 0.979481 0.725115
1.03311 0.997663 0.725115
1.01554 1.01554 0.725115
0.997663 1.03311 0.725115
0.979481 1.05036 0.725115
0.961 1.0673 0.649031
0.942227 1.08391 0.649031
0.923167 1.10019 0.649031
0.903825 1.11613 0.649031
0.884208 1.13173 0.649031
0.864322 1.14699 0.649031
0.844173 1.1619 0.649031
0.823766 1.17646 0.649031
0.803108 1.19066 0.701114
0.782206 1.20449 0.701114
0.761066 1.21796 0.701114
0.739694 1.23106 0.701114
0.718096 1.24378 0.701114
0.69628 1.25612 0.701114
0.674251 1.26808 0.701114
0.652018 1.27966 0.701114
0.629585 1.29084 0.701114
0.606961 1.30163 0.907659
0.584152 1.31203 0.907659
0.561165 1.32202 0.907659
0.538007 1.33161 0.907659
0.514685 1.3408 0.907659
0.491207 1.34958 0.907659
0.467578 1.35795 0.907659
0.443808 1.3659 0.907659
0.419902 1.37344 1.28395
0.395868 1.38056 1.28395
0.371714 1.38726 1.28395
0.347446 1.39353 1.28395
0.323073 1.39938 1.28395
0.298601 1.40481 1.28395
0.274038 1.40981 1.28395
0.249392 1.41437 1.28395
0.22467 1.41851 1.28395
0.199879 1.42222 1.82933
0.175028 1.42549 1.82933
0.150123 1.42832 1.82933
0.125172 1.43073 1.82933
0.100184 1.43269 1.82933
0.0751645 1.43422 1.82933
0.0501224 1.43532 1.82933
0.025065 1.43597 1.82933
8.79414e-17 1.43619 2.52341
-0.025065 1.43597 2.52341
-0.0501224 1.43532 2.52341
-0.0751645 1.43422 2.52341
-0.100184 1.43269 2.52341
-0.125172 1.43073 2.52341
-0.150123 1.42832 2.52341
-0.175028 1.42549 2.52341
-0.199879 1.42222 2.52341
-0.22467 1.41851 3.32506
-0.249392 1.41437 3.32506
-0.274038 1.40981 3.32506
-0.298601 1.40481 3.32506
-0.323073 1.39938 3.32506
-0.347446 1.39353 3.32506
-0.371714 1.38726 3.32506
-0.395868 1.38056 3.32506
-0.419902 1.37344 3.32506
-0.443808 1.3659 4.17423
-0.467578 1.35795 4.17423
-0.491207 1.34958 4.17423
-0.514685 1.3408 4.17423
-0.538007 1.33161 4.17423
-0.561165 1.32202 4.17423
-0.584152 1.31203 4.17423
-0.606961 1.30163 4.17423
-0.629585 1.29084 4.99721
-0.652018 1.27966 4.99721
-0.674251 1.26808 4.99721
-0.69628 1.25612 4.99721
-0.718096 1.24378 4.99721
-0.739694 1.23106 4.99721
-0.761066 1.21796 4.99721
-0.782206 1.20449 4.99721
-0.803108 1.19066 4.99721
-0.823766 1.17646 5.71551
-0.844173 1.1619 5.71551
-0.864322 1.14699 5.71551
-0.884208 1.13173 5.71551
-0.903825 1.11613 5.71551
-0.923167 1.10019 5.71551
-0.942227 1.08391 5.71551
-0.961 1.0673 5.71551
-0.979481 1.05036 6.25365
-0.997663 1.03311 6.25365
-1.01554 1.01554 6.25365
-1.03311 0.997663 6.25365
-1.05036 0.979481 6.25365
-1.0673 0.961 6.25365
-1.08391 0.942227 6.25365
-1.10019 0.923167 6.25365
-1.11613 0.903825 6.25365
-1.13173 0.884208 6.54627
-1.14699 0.864322 6.54627
-1.1619 0.844173 6.54627
-1.17646 0.823766 6.54627
-1.19066 0.803108 6.54627
-1.20449 0.782206 6.54627
-1.21796 0.761066 6.54627
-1.23106 0.739694 6.54627
-1.24378 0.718096 6.54633
-1.25612 0.69628 6.54633
-1.26808 0.674251 6.54633
-1.27966 0.652018 6.54633
-1.29084 0.629585 6.54633
-1.30163 0.606961 6.54633
-1.31203 0.584152 6.54633
-1.32202 0.561165 6.54633
-1.33161 0.538007 6.54633
-1.3408 0.514685 6.23005
-1.34958 0.491207 6.23005
-1.35795 0.467578 6.23005
-1.3659 0.443808 6.23005
-1.37344 0.419902 6.23005
-1.38056 0.395868 6.23005
-1.38726 0.371714 6.23005
-1.39353 0.347446 6.23005
-1.39938 0.323073 6.23005
-1.40481 0.298601 5.59958
-1.40981 0.274038 5.59958
-1.41437 0.249392 5.59958
-1.41851 0.22467 5.59958
-1.42222 0.199879 5.59958
-1.42549 0.175028 5.59958
-1.42832 0.150123 5.59958
-1.43073 0.125172 5.59958
-1.43269 0.100184 4.68389
-1.43422 0.0751645 4.68389
-1.43532 0.0501224 4.68389
-1.43597 0.025065 4.68389
-1.43619 1.75883e-16 4.68389
-1.43597 -0.025065 4.68389
-1.43532 -0.0501224 4.68389
-1.43422 -0.0751645 4.68389
-1.43269 -0.100184 4.68389
-1.43073 -0.125172 3.53633
-1.42832 -0.150123 3.53633
-1.42549 -0.175028 3.53633
-1.42222 -0.199879 3.53633
-1.41851 -0.22467 3.53633
-1.41437 -0.249392 3.53633
-1.40981 -0.274038 3.53633
-1.40481 -0.298601 3.53633
-1.39938 -0.323073 2.23073
-1.39353 -0.347446 2.23073
-1.38726 -0.371714 2.23073
-1.38056 -0.395868 2.23073
-1.37344 -0.419902 2.23073
-1.3659 -0.443808 2.23073
-1.35795 -0.467578 2.23073
-1.34958 -0.491207 2.23073
-1.3408 -0.514685 2.23073
-1.33161 -0.538007 0.856759
-1.32202 -0.561165 0.856759
-1.31203 -0.584152 0.856759
-1.30163 -0.606961 0.856759
-1.29084 -0.629585 0.856759
-1.27966 -0.652018 0.856759
-1.26808 -0.674251 0.856759
-1.25612 -0.69628 0.856759
-1.24378 -0.718096 0.856759
-1.23106 -0.739694 -0.489289
-1.21796 -0.761066 -0.489289
-1.20449 -0.782206 -0.489289
-1.19066 -0.803108 -0.489289
-1.17646 -0.823766 -0.489289
-1.1619 -0.844173 -0.489289
-1.14699 -0.864322 -0.489289
-1.13173 -0.884208 -0.489289
-1.11613 -0.903825 -1.71357
-1.10019 -0.923167 -1.71357
-1.08391 -0.942227 -1.71357
-1.0673 -0.961 -1.71357
-1.05036 -0.979481 -1.71357
-1.03311 -0.997663 -1.71357
-1.01554 -1.01554 -1.71357
-0.997663 -1.03311 -1.71357
-0.979481 -1.05036 -1.71357
-0.961 -1.0673 -2.73352
-0.942227 -1.08391 -2.73352
-0.923167 -1.10019 -2.73352
-0.903825 -1.11613 -2.73352
-0.884208 -1.13173 -2.73352
-0.864322 -1.14699 -2.73352
-0.844173 -1.1619 -2.73352
-0.823766 -1.17646 -2.73352
-0.803108 -1.19066 -3.48524
-0.782206 -1.20449 -3.48524
-0.761066 -1.21796 -3.48524
-0.739694 -1.23106 -3.48524
-0.718096 -1.24378 -3.48524
-0.69628 -1.25612 -3.48524
-0.674251 -1.26808 -3.48524
-0.652018 -1.27966 -3.48524
-0.629585 -1.29084 -3.48524
-0.606961 -1.30163 -3.929
-0.584152 -1.31203 -3.929
-0.561165 -1.32202 -3.929
-0.538007 -1.33161 -3.929
-0.514685 -1.3408 -3.929
-0.491207 -1.34958 -3.929
-0.467578 -1.35795 -3.929
-0.443808 -1.3659 -3.929
-0.419902 -1.37344 -4.05075
-0.395868 -1.38056 -4.05075
-0.371714 -1.38726 -4.05075
-0.347446 -1.39353 -4.05075
-0.323073 -1.39938 -4.05075
-0.298601 -1.40481 -4.05075
-0.274038 -1.40981 -4.05075
-0.249392 -1.41437 -4.05075
-0.22467 -1.41851 -4.05075
-0.199879 -1.42222 -3.86364
-0.175028 -1.42549 -3.86364
-0.150123 -1.42832 -3.86364
-0.125172 -1.43073 -3.86364
-0.100184 -1.43269 -3.86364
-0.0751645 -1.43422 -3.86364
-0.0501224 -1.43532 -3.86364
-0.025065 -1.43597 -3.86364
-2.63824e-16 -1.43619 -3.86364
0.025065 -1.43597 -3.40671
0.0501224 -1.43532 -3.40671
0.0751645 -1.43422 -3.40671
0.100184 -1.43269 -3.40671
0.125172 -1.43073 -3.40671
0.150123 -1.42832 -3.40671
0.175028 -1.42549 -3.40671
0.199879 -1.42222 -3.40671
0.22467 -1.41851 -2.74057
0.249392 -1.41437 -2.74057
0.274038 -1.40981 -2.74057
0.298601 -1.40481 -2.74057
0.323073 -1.39938 -2.74057
0.347446 -1.39353 -2.74057
0.371714 -1.38726 -2.74057
0.395868 -1.38056 -2.74057
0.419902 -1.37344 -2.74057
0.443808 -1.3659 -1.94097
0.467578 -1.35795 -1.94097
0.491207 -1.34958 -1.94097
0.514685 -1.3408 -1.94097
0.538007 -1.33161 -1.94097
0.561165 -1.32202 -1.94097
0.584152 -1.31203 -1.94097
0.606961 -1.30163 -1.94097
0.629585 -1.29084 -1.09025
0.652018 -1.27966 -1.09025
0.674251 -1.26808 -1.09025
0.69628 -1.25612 -1.09025
0.718096 -1.24378 -1.09025
0.739694 -1.23106 -1.09025
0.761066 -1.21796 -1.09025
0.782206 -1.20449 -1.09025
0.803108 -1.19066 -1.09025
0.823766 -1.17646 -0.266574
0.844173 -1.1619 -0.266574
0.864322 -1.14699 -0.266574
0.884208 -1.13173 -0.266574
0.903825 -1.11613 -0.266574
0.923167 -1.10019 -0.266574
0.942227 -1.08391 -0.266574
0.961 -1.0673 -0.266574
0.979481 -1.05036 0.463589
0.997663 -1.03311 0.463589
1.01554 -1.01554 0.463589
1.03311 -0.997663 0.463589
1.05036 -0.979481 0.463589
1.0673 -0.961 0.463589
1.08391 -0.942227 0.463589
1.10019 -0.923167 0.463589
1.11613 -0.903825 0.463589
1.13173 -0.884208 1.05136
1.14699 -0.864322 1.05136
1.1619 -0.844173 1.05136
1.17646 -0.823766 1.05136
1.19066 -0.803108 1.05136
1.20449 -0.782206 1.05136
1.21796 -0.761066 1.05136
1.23106 -0.739694 1.05136
1.24378 -0.718096 1.05136
1.25612 -0.69628 1.46983
1.26808 -0.674251 1.46983
1.27966 -0.652018 1.46983
1.29084 -0.629585 1.46983
1.30163 -0.606961 1.46983
1.31203 -0.584152 1.46983
1.32202 -0.561165 1.46983
1.33161 -0.538007 1.46983
1.3408 -0.514685 1.71362
1.34958 -0.491207 1.71362
1.35795 -0.467578 1.71362
1.3659 -0.443808 1.71362
1.37344 -0.419902 1.71362
1.38056 -0.395868 1.71362
1.38726 -0.371714 1.71362
1.39353 -0.347446 1.71362
1.39938 -0.323073 1.71362
1.40481 -0.298601 1.79549
1.40981 -0.274038 1.79549
1.41437 -0.249392 1.79549
1.41851 -0.22467 1.79549
1.42222 -0.199879 1.79549
1.42549 -0.175028 1.79549
1.42832 -0.150123 1.79549
1.43073 -0.125172 1.79549
1.43269 -0.100184 1.4795
1.43422 -0.0751645 1.4795
1.43532 -0.0501224 1.4795
1.43597 -0.025065 1.4795

1.51598 0 2.05589
1.51575 0.0264575 2.05589
1.51506 0.052907 2.05589
1.5139 0.0793403 2.05589
1.51229 0.105749 1.82651
1.51021 0.132126 1.82651
1.50768 0.158463 1.82651
1.50468 0.184752 1.82651
1.50123 0.210984 1.82651
1.49732 0.237152 1.82651
1.49295 0.263247 1.82651
1.48813 0.289263 1.82651
1.48285 0.31519 1.53248
1.47713 0.341021 1.53248
1.47095 0.366749 1.53248
1.46432 0.392365 1.53248
1.45725 0.417861 1.53248
1.44974 0.44323 1.53248
1.44178 0.468464 1.53248
1.43339 0.493555 1.20729
1.42456 0.518496 1.20729
1.41529 0.543279 1.20729
1.40559 0.567896 1.20729
1.39547 0.592341 1.20729
1.38492 0.616605 1.20729
1.37395 0.640681 1.20729
1.36255 0.664562 1.20729
1.35075 0.688241 0.883999
1.33853 0.71171 0.883999
1.32591 0.734962 0.883999
1.31288 0.75799 0.883999
1.29945 0.780788 0.883999
1.28562 0.803347 0.883999
1.27141 0.825662 0.883999
1.2568 0.847726 0.5953
1.24182 0.869531 0.5953
1.22645 0.891071 0.5953
1.21072 0.91234 0.5953
1.19461 0.933331 0.5953
1.17814 0.954038 0.5953
1.16131 0.974454 0.5953
1.14413 0.994573 0.5953
1.12659 1.01439 0.373587
1.10872 1.0339 0.373587
1.09051 1.05309 0.373587
1.07196 1.07196 0.373587
1.05309 1.09051 0.373587
1.0339 1.10872 0.373587
1.01439 1.12659 0.373587
0.994573 1.14413 0.250612
0.974454 1.16131 0.250612
0.954038 1.17814 0.250612
0.933331 1.19461 0.250612
0.91234 1.21072 0.250612
0.891071 1.22645 0.250612
0.869531 1.24182 0.250612
0.847726 1.2568 0.250612
0.825662 1.27141 0.256068
0.803347 1.28562 0.256068
0.780788 1.29945 0.256068
0.75799 1.31288 0.256068
0.734962 1.32591 0.256068
0.71171 1.33853 0.256068
0.688241 1.35075 0.256068
0.664562 1.36255 0.415062
0.640681 1.37395 0.415062
0.616605 1.38492 0.415062
0.592341 1.39547 0.415062
0.567896 1.40559 0.415062
0.543279 1.41529 0.415062
0.518496 1.42456 0.415062
0.493555 1.43339 0.415062
0.468464 1.44178 0.745434
0.44323 1.44974 0.745434
0.417861 1.45725 0.745434
0.392365 1.46432 0.745434
0.366749 1.47095 0.745434
0.341021 1.47713 0.745434
0.31519 1.48285 0.745434
0.289263 1.48813 1.25372
0.263247 1.49295 1.25372
0.237152 1.49732 1.25372
0.210984 1.50123 1.25372
0.184752 1.50468 1.25372
0.158463 1.50768 1.25372
0.132126 1.51021 1.25372
0.105749 1.51229 1.25372
0.0793403 1.5139 1.93155
0.052907 1.51506 1.93155
0.0264575 1.51575 1.93155
9.2827e-17 1.51598 1.93155
-0.0264575 1.51575 1.93155
-0.052907 1.51506 1.93155
-0.0793403 1.5139 1.93155
-0.105749 1.51229 2.75359
-0.132126 1.51021 2.75359
-0.158463 1.50768 2.75359
-0.184752 1.50468 2.75359
-0.210984 1.50123 2.75359
-0.237152 1.49732 2.75359
-0.263247 1.49295 2.75359
-0.289263 1.48813 2.75359
-0.31519 1.48285 3.67751
-0.341021 1.47713 3.67751
-0.366749 1.47095 3.67751
-0.392365 1.46432 3.67751
-0.417861 1.45725 3.67751
-0.44323 1.44974 3.67751
-0.468464 1.44178 3.67751
-0.493555 1.43339 4.64622
-0.518496 1.42456 4.64622
-0.543279 1.41529 4.64622
-0.567896 1.40559 4.64622
-0.592341 1.39547 4.64622
-0.616605 1.38492 4.64622
-0.640681 1.37395 4.64622
-0.664562 1.36255 4.64622
-0.688241 1.35075 5.59242
-0.71171 1.33853 5.59242
-0.734962 1.32591 5.59242
-0.75799 1.31288 5.59242
-0.780788 1.29945 5.59242
-0.803347 1.28562 5.59242
-0.825662 1.27141 5.59242
-0.847726 1.2568 6.44533
-0.869531 1.24182 6.44533
-0.891071 1.22645 6.44533
-0.91234 1.21072 6.44533
-0.933331 1.19461 6.44533
-0.954038 1.17814 6.44533
-0.974454 1.16131 6.44533
-0.994573 1.14413 6.44533
-1.01439 1.12659 7.13645
-1.0339 1.10872 7.13645
-1.05309 1.09051 7.13645
-1.07196 1.07196 7.13645
-1.09051 1.05309 7.13645
-1.10872 1.0339 7.13645
-1.12659 1.01439 7.13645
-1.14413 0.994573 7.60458
-1.16131 0.974454 7.60458
-1.17814 0.954038 7.60458
-1.19461 0.933331 7.60458
-1.21072 0.91234 7.60458
-1.22645 0.891071 7.60458
-1.24182 0.869531 7.60458
-1.2568 0.847726 7.60458
-1.27141 0.825662 7.80172
-1.28562 0.803347 7.80172
-1.29945 0.780788 7.80172
-1.31288 0.75799 7.80172
-1.32591 0.734962 7.80172
-1.33853 0.71171 7.80172
-1.35075 0.688241 7.80172
-1.36255 0.664562 7.69651
-1.37395 0.640681 7.69651
-1.38492 0.616605 7.69651
-1.39547 0.592341 7.69651
-1.40559 0.567896 7.69651
-1.41529 0.543279 7.69651
-1.42456 0.518496 7.69651
-1.43339 0.493555 7.69651
-1.44178 0.468464 7.2766
-1.44974 0.44323 7.2766
-1.45725 0.417861 7.2766
-1.46432 0.392365 7.2766
-1.47095 0.366749 7.2766
-1.47713 0.341021 7.2766
-1.48285 0.31519 7.2766
-1.48813 0.289263 6.54982
-1.49295 0.263247 6.54982
-1.49732 0.237152 6.54982
-1.50123 0.210984 6.54982
-1.50468 0.184752 6.54982
-1.50768 0.158463 6.54982
-1.51021 0.132126 6.54982
-1.51229 0.105749 6.54982
-1.5139 0.0793403 5.54438
-1.51506 0.052907 5.54438
-1.51575 0.0264575 5.54438
-1.51598 1.85654e-16 5.54438
-1.51575 -0.0264575 5.54438
-1.51506 -0.052907 5.54438
-1.5139 -0.0793403 5.54438
-1.51229 -0.105749 4.30711
-1.51021 -0.132126 4.30711
-1.50768 -0.158463 4.30711
-1.50468 -0.184752 4.30711
-1.50123 -0.210984 4.30711
-1.49732 -0.237152 4.30711
-1.49295 -0.263247 4.30711
-1.48813 -0.289263 4.30711
-1.48285 -0.31519 2.9011
-1.47713 -0.341021 2.9011
-1.47095 -0.366749 2.9011
-1.46432 -0.392365 2.9011
-1.45725 -0.417861 2.9011
-1.44974 -0.44323 2.9011
-1.44178 -0.468464 2.9011
-1.43339 -0.493555 1.40284
-1.42456 -0.518496 1.40284
-1.41529 -0.543279 1.40284
-1.40559 -0.567896 1.40284
-1.39547 -0.592341 1.40284
-1.38492 -0.616605 1.40284
-1.37395 -0.640681 1.40284
-1.36255 -0.664562 1.40284
-1.35075 -0.688241 -0.104074
-1.33853 -0.71171 -0.104074
-1.32591 -0.734962 -0.104074
-1.31288 -0.75799 -0.104074
-1.29945 -0.780788 -0.104074
-1.28562 -0.803347 -0.104074
-1.27141 -0.825662 -0.104074
-1.2568 -0.847726 -1.53523
-1.24182 -0.869531 -1.53523
-1.22645 -0.891071 -1.53523
-1.21072 -0.91234 -1.53523
-1.19461 -0.933331 -1.53523
-1.17814 -0.954038 -1.53523
-1.16131 -0.974454 -1.53523
-1.14413 -0.994573 -1.53523
-1.12659 -1.01439 -2.81188
-1.10872 -1.0339 -2.81188
-1.09051 -1.05309 -2.81188
-1.07196 -1.07196 -2.81188
-1.05309 -1.09051 -2.81188
-1.0339 -1.10872 -2.81188
-1.01439 -1.12659 -2.81188
-0.994573 -1.14413 -3.86659
-0.974454 -1.16131 -3.86659
-0.954038 -1.17814 -3.86659
-0.933331 -1.19461 -3.86659
-0.91234 -1.21072 -3.86659
-0.891071 -1.22645 -3.86659
-0.869531 -1.24182 -3.86659
-0.847726 -1.2568 -3.86659
-0.825662 -1.27141 -4.64781
-0.803347 -1.28562 -4.64781
-0.780788 -1.29945 -4.64781
-0.75799 -1.31288 -4.64781
-0.734962 -1.32591 -4.64781
-0.71171 -1.33853 -4.64781
-0.688241 -1.35075 -4.64781
-0.664562 -1.36255 -5.12308
-0.640681 -1.37395 -5.12308
-0.616605 -1.38492 -5.12308
-0.592341 -1.39547 -5.12308
-0.567896 -1.40559 -5.12308
-0.543279 -1.41529 -5.12308
-0.518496 -1.42456 -5.12308
-0.493555 -1.43339 -5.12308
-0.468464 -1.44178 -5.27964
-0.44323 -1.44974 -5.27964
-0.417861 -1.45725 -5.27964
-0.392365 -1.46432 -5.27964
-0.366749 -1.47095 -5.27964
-0.341021 -1.47713 -5.27964
-0.31519 -1.48285 -5.27964
-0.289263 -1.48813 -5.1255
-0.263247 -1.49295 -5.1255
-0.237152 -1.49732 -5.1255
-0.210984 -1.50123 -5.1255
-0.184752 -1.50468 -5.1255
-0.158463 -1.50768 -5.1255
-0.132126 -1.51021 -5.1255
-0.105749 -1.51229 -5.1255
-0.0793403 -1.5139 -4.68909
-0.052907 -1.51506 -4.68909
-0.0264575 -1.51575 -4.68909
-2.78481e-16 -1.51598 -4.68909
0.0264575 -1.51575 -4.68909
0.052907 -1.51506 -4.68909
0.0793403 -1.5139 -4.68909
0.105749 -1.51229 -4.01723
0.132126 -1.51021 -4.01723
0.158463 -1.50768 -4.01723
0.184752 -1.50468 -4.01723
0.210984 -1.50123 -4.01723
0.237152 -1.49732 -4.01723
0.263247 -1.49295 -4.01723
0.289263 -1.48813 -4.01723
0.31519 -1.48285 -3.17158
0.341021 -1.47713 -3.17158
0.366749 -1.47095 -3.17158
0.392365 -1.46432 -3.17158
0.417861 -1.45725 -3.17158
0.44323 -1.44974 -3.17158
0.468464 -1.44178 -3.17158
0.493555 -1.43339 -2.22354
0.518496 -1.42456 -2.22354
0.543279 -1.41529 -2.22354
0.567896 -1.40559 -2.22354
0.592341 -1.39547 -2.22354
0.616605 -1.38492 -2.22354
0.640681 -1.37395 -2.22354
0.664562 -1.36255 -2.22354
0.688241 -1.35075 -1.2478
0.71171 -1.33853 -1.2478
0.734962 -1.32591 -1.2478
0.75799 -1.31288 -1.2478
0.780788 -1.29945 -1.2478
0.803347 -1.28562 -1.2478
0.825662 -1.27141 -1.2478
0.847726 -1.2568 -0.314367
0.869531 -1.24182 -0.314367
0.891071 -1.22645 -0.314367
0.91234 -1.21072 -0.314367
0.933331 -1.19461 -0.314367
0.954038 -1.17814 -0.314367
0.974454 -1.16131 -0.314367
0.994573 -1.14413 -0.314367
1.01439 -1.12659 0.516988
1.0339 -1.10872 0.516988
1.05309 -1.09051 0.516988
1.07196 -1.07196 0.516988
1.09051 -1.05309 0.516988
1.10872 -1.0339 0.516988
1.12659 -1.01439 0.516988
1.14413 -0.994573 1.20125
1.16131 -0.974454 1.20125
1.17814 -0.954038 1.20125
1.19461 -0.933331 1.20125
1.21072 -0.91234 1.20125
1.22645 -0.891071 1.20125
1.24182 -0.869531 1.20125
1.2568 -0.847726 1.20125
1.27141 -0.825662 1.71159
1.28562 -0.803347 1.71159
1.29945 -0.780788 1.71159
1.31288 -0.75799 1.71159
1.32591 -0.734962 1.71159
1.33853 -0.71171 1.71159
1.35075 -0.688241 1.71159
1.36255 -0.664562 2.03933
1.37395 -0.640681 2.03933
1.38492 -0.616605 2.03933
1.39547 -0.592341 2.03933
1.40559 -0.567896 2.03933
1.41529 -0.543279 2.03933
1.42456 -0.518496 2.03933
1.43339 -0.493555 2.03933
1.44178 -0.468464 2.19168
1.44974 -0.44323 2.19168
1.45725 -0.417861 2.19168
1.46432 -0.392365 2.19168
1.47095 -0.366749 2.19168
1.47713 -0.341021 2.19168
1.48285 -0.31519 2.19168
1.48813 -0.289263 2.18803
1.49295 -0.263247 2.18803
1.49732 -0.237152 2.18803
1.50123 -0.210984 2.18803
1.50468 -0.184752 2.18803
1.50768 -0.158463 2.18803
1.51021 -0.132126 2.18803
1.51229 -0.105749 2.18803
1.5139 -0.0793403 1.74171
1.51506 -0.052907 1.74171
1.51575 -0.0264575 1.74171

1.59577 0 2.05589
1.59553 0.02785 2.05589
1.5948 0.0556915 2.05589
1.59358 0.0835161 2.05589
1.59188 0.111315 1.82651
1.5897 0.13908 1.82651
1.58703 0.166803 1.82651
1.58387 0.194475 1.82651
1.58024 0.222088 1.82651
1.57612 0.249633 1.82651
1.57153 0.277102 1.82651
1.56645 0.304487 1.82651
1.5609 0.331779 1.53248
1.55487 0.35897 1.53248
1.54837 0.386051 1.53248
1.54139 0.413015 1.53248
1.53395 0.439854 1.53248
1.52604 0.466558 1.53248
1.51767 0.49312 1.53248
1.50883 0.519532 1.20729
1.49953 0.545785 1.20729
1.48978 0.571873 1.20729
1.47957 0.597786 1.20729
1.46891 0.623517 1.20729
1.45781 0.649058 1.20729
1.44626 0.674401 1.20729
1.43427 0.699539 1.20729
1.42184 0.724464 0.883999
1.40898 0.749168 0.883999
1.39569 0.773644 0.883999
1.38198 0.797885 0.883999
1.36784 0.821882 0.883999
1.35329 0.845629 0.883999
1.33832 0.869118 0.883999
1.32295 0.892343 0.5953
1.30718 0.915296 0.5953
1.291 0.93797 0.5953
1.27444 0.960358 0.5953
1.25748 0.982454 0.5953
1.24015 1.00425 0.5953
1.22243 1.02574 0.5953
1.20434 1.04692 0.5953
1.18589 1.06778 0.373587
1.16707 1.08831 0.373587
1.1479 1.10851 0.373587
1.12838 1.12838 0.373587
1.10851 1.1479 0.373587
1.08831 1.16707 0.373587
1.06778 1.18589 0.373587
1.04692 1.20434 0.250612
1.02574 1.22243 0.250612
1.00425 1.24015 0.250612
0.982454 1.25748 0.250612
0.960358 1.27444 0.250612
0.93797 1.291 0.250612
0.915296 1.30718 0.250612
0.892343 1.32295 0.250612
0.869118 1.33832 0.256068
0.845629 1.35329 0.256068
0.821882 1.36784 0.256068
0.797885 1.38198 0.256068
0.773644 1.39569 0.256068
0.749168 1.40898 0.256068
0.724464 1.42184 0.256068
0.699539 1.43427 0.415062
0.674401 1.44626 0.415062
0.649058 1.45781 0.415062
0.623517 1.46891 0.415062
0.597786 1.47957 0.415062
0.571873 1.48978 0.415062
0.545785 1.49953 0.415062
0.519532 1.50883 0.415062
0.49312 1.51767 0.745434
0.466558 1.52604 0.745434
0.439854 1.53395 0.745434
0.413015 1.54139 0.745434
0.386051 1.54837 0.745434
0.35897 1.55487 0.745434
0.331779 1.5609 0.745434
0.304487 1.56645 1.25372
0.277102 1.57153 1.25372
0.249633 1.57612 1.25372
0.222088 1.58024 1.25372
0.194475 1.58387 1.25372
0.166803 1.58703 1.25372
0.13908 1.5897 1.25372
0.111315 1.59188 1.25372
0.0835161 1.59358 1.93155
0.0556915 1.5948 1.93155
0.02785 1.59553 1.93155
9.77127e-17 1.59577 1.93155
-0.02785 1.59553 1.93155
-0.0556915 1.5948 1.93155
-0.0835161 1.59358 1.93155
-0.111315 1.59188 2.75359
-0.13908 1.5897 2.75359
-0.166803 1.58703 2.75359
-0.194475 1.58387 2.75359
-0.222088 1.58024 2.75359
-0.249633 1.57612 2.75359
-0.277102 1.57153 2.75359
-0.304487 1.56645 2.75359
-0.331779 1.5609 3.67751
-0.35897 1.55487 3.67751
-0.386051 1.54837 3.67751
-0.413015 1.54139 3.67751
-0.439854 1.53395 3.67751
-0.466558 1.52604 3.67751
-0.49312 1.51767 3.67751
-0.519532 1.50883 4.64622
-0.545785 1.49953 4.64622
-0.571873 1.48978 4.64622
-0.597786 1.47957 4.64622
-0.623517 1.46891 4.64622
-0.649058 1.45781 4.64622
-0.674401 1.44626 4.64622
-0.699539 1.43427 4.64622
-0.724464 1.42184 5.59242
-0.749168 1.40898 5.59242
-0.773644 1.39569 5.59242
-0.797885 1.38198 5.59242
-0.821882 1.36784 5.59242
-0.845629 1.35329 5.59242
-0.869118 1.33832 5.59242
-0.892343 1.32295 6.44533
-0.915296 1.30718 6.44533
-0.93797 1.291 6.44533
-0.960358 1.27444 6.44533
-0.982454 1.25748 6.44533
-1.00425 1.24015 6.44533
-1.02574 1.22243 6.44533
-1.04692 1.20434 6.44533
-1.06778 1.18589 7.13645
-1.08831 1.16707 7.13645
-1.10851 1.1479 7.13645
-1.12838 1.12838 7.13645
-1.1479 1.10851 7.13645
-1.16707 1.08831 7.13645
-1.18589 1.06778 7.13645
-1.20434 1.04692 7.60458
-1.22243 1.02574 7.60458
-1.24015 1.00425 7.60458
-1.25748 0.982454 7.60458
-1.27444 0.960358 7.60458
-1.291 0.93797 7.60458
-1.30718 0.915296 7.60458
-1.32295 0.892343 7.60458
-1.33832 0.869118 7.80172
-1.35329 0.845629 7.80172
-1.36784 0.821882 7.80172
-1.38198 0.797885 7.80172
-1.39569 0.773644 7.80172
-1.40898 0.749168 7.80172
-1.42184 0.724464 7.80172
-1.43427 0.699539 7.69651
-1.44626 0.674401 7.69651
-1.45781 0.649058 7.69651
-1.46891 0.623517 7.69651
-1.47957 0.597786 7.69651
-1.48978 0.571873 7.69651
-1.49953 0.545785 7.69651
-1.50883 0.519532 7.69651
-1.51767 0.49312 7.2766
-1.52604 0.466558 7.2766
-1.53395 0.439854 7.2766
-1.54139 0.413015 7.2766
-1.54837 0.386051 7.2766
-1.55487 0.35897 7.2766
-1.5609 0.331779 7.2766
-1.56645 0.304487 6.54982
-1.57153 0.277102 6.54982
-1.57612 0.249633 6.54982
-1.58024 0.222088 6.54982
-1.58387 0.194475 6.54982
-1.58703 0.166803 6.54982
-1.5897 0.13908 6.54982
-1.59188 0.111315 6.54982
-1.59358 0.0835161 5.54438
-1.5948 0.0556915 5.54438
-1.59553 0.02785 5.54438
-1.59577 1.95425e-16 5.54438
-1.59553 -0.02785 5.54438
-1.5948 -0.0556915 5.54438
-1.59358 -0.0835161 5.54438
-1.59188 -0.111315 4.30711
-1.5897 -0.13908 4.30711
-1.58703 -0.166803 4.30711
-1.58387 -0.194475 4.30711
-1.58024 -0.222088 4.30711
-1.57612 -0.249633 4.30711
-1.57153 -0.277102 4.30711
-1.56645 -0.304487 4.30711
-1.5609 -0.331779 2.9011
-1.55487 -0.35897 2.9011
-1.54837 -0.386051 2.9011
-1.54139 -0.413015 2.9011
-1.53395 -0.439854 2.9011
-1.52604 -0.466558 2.9011
-1.51767 -0.49312 2.9011
-1.50883 -0.519532 1.40284
-1.49953 -0.545785 1.40284
-1.48978 -0.571873 1.40284
-1.47957 -0.597786 1.40284
-1.46891 -0.623517 1.40284
-1.45781 -0.649058 1.40284
-1.44626 -0.674401 1.40284
-1.43427 -0.699539 1.40284
-1.42184 -0.724464 -0.104074
-1.40898 -0.749168 -0.104074
-1.39569 -0.773644 -0.104074
-1.38198 -0.797885 -0.104074
-1.36784 -0.821882 -0.104074
-1.35329 -0.845629 -0.104074
-1.33832 -0.869118 -0.104074
-1.32295 -0.892343 -1.53523
-1.30718 -0.915296 -1.53523
-1.291 -0.93797 -1.53523
-1.27444 -0.960358 -1.53523
-1.25748 -0.982454 -1.53523
-1.24015 -1.00425 -1.53523
-1.22243 -1.02574 -1.53523
-1.20434 -1.04692 -1.53523
-1.18589 -1.06778 -2.81188
-1.16707 -1.08831 -2.81188
-1.1479 -1.10851 -2.81188
-1.12838 -1.12838 -2.81188
-1.10851 -1.1479 -2.81188
-1.08831 -1.16707 -2.81188
-1.06778 -1.18589 -2.81188
-1.04692 -1.20434 -3.86659
-1.02574 -1.22243 -3.86659
-1.00425 -1.24015 -3.86659
-0.982454 -1.25748 -3.86659
-0.960358 -1.27444 -3.86659
-0.93797 -1.291 -3.86659
-0.915296 -1.30718 -3.86659
-0.892343 -1.32295 -3.86659
-0.869118 -1.33832 -4.64781
-0.845629 -1.35329 -4.64781
-0.821882 -1.36784 -4.64781
-0.797885 -1.38198 -4.64781
-0.773644 -1.39569 -4.64781
-0.749168 -1.40898 -4.64781
-0.724464 -1.42184 -4.64781
-0.699539 -1.43427 -5.12308
-0.674401 -1.44626 -5.12308
-0.649058 -1.45781 -5.12308
-0.623517 -1.46891 -5.12308
-0.597786 -1.47957 -5.12308
-0.571873 -1.48978 -5.12308
-0.545785 -1.49953 -5.12308
-0.519532 -1.50883 -5.12308
-0.49312 -1.51767 -5.27964
-0.466558 -1.52604 -5.27964
-0.439854 -1.53395 -5.27964
-0.413015 -1.54139 -5.27964
-0.386051 -1.54837 -5.27964
-0.35897 -1.55487 -5.27964
-0.331779 -1.5609 -5.27964
-0.304487 -1.56645 -5.1255
-0.277102 -1.57153 -5.1255
-0.249633 -1.57612 -5.1255
-0.222088 -1.58024 -5.1255
-0.194475 -1.58387 -5.1255
-0.166803 -1.58703 -5.1255
-0.13908 -1.5897 -5.1255
-0.111315 -1.59188 -5.1255
-0.0835161 -1.59358 -4.68909
-0.0556915 -1.5948 -4.68909
-0.02785 -1.59553 -4.68909
-2.93138e-16 -1.59577 -4.68909
0.02785 -1.59553 -4.68909
0.0556915 -1.5948 -4.68909
0.0835161 -1.59358 -4.68909
0.111315 -1.59188 -4.01723
0.13908 -1.5897 -4.01723
0.166803 -1.58703 -4.01723
0.194475 -1.58387 -4.01723
0.222088 -1.58024 -4.01723
0.249633 -1.57612 -4.01723
0.277102 -1.57153 -4.01723
0.304487 -1.56645 -4.01723
0.331779 -1.5609 -3.17158
0.35897 -1.55487 -3.17158
0.386051 -1.54837 -3.17158
0.413015 -1.54139 -3.17158
0.439854 -1.53395 -3.17158
0.466558 -1.52604 -3.17158
0.49312 -1.51767 -3.17158
0.519532 -1.50883 -2.22354
0.545785 -1.49953 -2.22354
0.571873 -1.48978 -2.22354
0.597786 -1.47957 -2.22354
0.623517 -1.46891 -2.22354
0.649058 -1.45781 -2.22354
0.674401 -1.44626 -2.22354
0.699539 -1.43427 -2.22354
0.724464 -1.42184 -1.2478
0.749168 -1.40898 -1.2478
0.773644 -1.39569 -1.2478
0.797885 -1.38198 -1.2478
0.821882 -1.36784 -1.2478
0.845629 -1.35329 -1.2478
0.869118 -1.33832 -1.2478
0.892343 -1.32295 -0.314367
0.915296 -1.30718 -0.314367
0.93797 -1.291 -0.314367
0.960358 -1.27444 -0.314367
0.982454 -1.25748 -0.314367
1.00425 -1.24015 -0.314367
1.02574 -1.22243 -0.314367
1.04692 -1.20434 -0.314367
1.06778 -1.18589 0.516988
1.08831 -1.16707 0.516988
1.10851 -1.1479 0.516988
1.12838 -1.12838 0.516988
1.1479 -1.10851 0.516988
1.16707 -1.08831 0.516988
1.18589 -1.06778 0.516988
1.20434 -1.04692 1.20125
1.22243 -1.02574 1.20125
1.24015 -1.00425 1.20125
1.25748 -0.982454 1.20125
1.27444 -0.960358 1.20125
1.291 -0.93797 1.20125
1.30718 -0.915296 1.20125
1.32295 -0.892343 1.20125
1.33832 -0.869118 1.71159
1.35329 -0.845629 1.71159
1.36784 -0.821882 1.71159
1.38198 -0.797885 1.71159
1.39569 -0.773644 1.71159
1.40898 -0.749168 1.71159
1.42184 -0.724464 1.71159
1.43427 -0.699539 2.03933
1.44626 -0.674401 2.03933
1.45781 -0.649058 2.03933
1.46891 -0.623517 2.03933
1.47957 -0.597786 2.03933
1.48978 -0.571873 2.03933
1.49953 -0.545785 2.03933
1.50883 -0.519532 2.03933
1.51767 -0.49312 2.19168
1.52604 -0.466558 2.19168
1.53395 -0.439854 2.19168
1.54139 -0.413015 2.19168
1.54837 -0.386051 2.19168
1.55487 -0.35897 2.19168
1.5609 -0.331779 2.19168
1.56645 -0.304487 2.18803
1.57153 -0.277102 2.18803
1.57612 -0.249633 2.18803
1.58024 -0.222088 2.18803
1.58387 -0.194475 2.18803
1.58703 -0.166803 2.18803
1.5897 -0.13908 2.18803
1.59188 -0.111315 2.18803
1.59358 -0.0835161 1.74171
1.5948 -0.0556915 1.74171
1.59553 -0.02785 1.74171

1.67556 0 2.05589
1.6753 0.0292425 2.05589
1.67454 0.0584761 2.05589
1.67326 0.0876919 2.05589
1.67148 0.116881 1.82651
1.66918 0.146034 1.82651
1.66638 0.175143 1.82651
1.66307 0.204199 1.82651
1.65925 0.233193 1.82651
1.65493 0.262115 1.82651
1.6501 0.290958 1.82651
1.64477 0.319711 1.82651
1.63894 0.348368 1.53248
1.63261 0.376918 1.53248
1.62579 0.405354 1.53248
1.61846 0.433666 1.53248
1.61065 0.461846 1.53248
1.60234 0.489886 1.53248
1.59355 0.517776 1.53248
1.58427 0.545508 1.20729
1.57451 0.573074 1.20729
1.56427 0.600466 1.20729
1.55355 0.627675 1.20729
1.54236 0.654693 1.20729
1.5307 0.681511 1.20729
1.51857 0.708121 1.20729
1.50598 0.734516 1.20729
1.49293 0.760687 0.883999
1.47943 0.786627 0.883999
1.46548 0.812326 0.883999
1.45108 0.837779 0.883999
1.43623 0.862976 0.883999
1.42095 0.88791 0.883999
1.40524 0.912574 0.883999
1.3891 0.93696 0.5953
1.37254 0.96106 0.5953
1.35555 0.984868 0.5953
1.33816 1.00838 0.5953
1.32036 1.03158 0.5953
1.30215 1.05446 0.5953
1.28355 1.07703 0.5953
1.26456 1.09926 0.5953
1.24518 1.12117 0.373587
1.22543 1.14273 0.373587
1.2053 1.16394 0.373587
1.1848 1.1848 0.373587
1.16394 1.2053 0.373587
1.14273 1.22543 0.373587
1.12117 1.24518 0.373587
1.09926 1.26456 0.250612
1.07703 1.28355 0.250612
1.05446 1.30215 0.250612
1.03158 1.32036 0.250612
1.00838 1.33816 0.250612
0.984868 1.35555 0.250612
0.96106 1.37254 0.250612
0.93696 1.3891 0.250612
0.912574 1.40524 0.256068
0.88791 1.42095 0.256068
0.862976 1.43623 0.256068
0.837779 1.45108 0.256068
0.812326 1.46548 0.256068
0.786627 1.47943 0.256068
0.760687 1.49293 0.256068
0.734516 1.50598 0.415062
0.708121 1.51857 0.415062
0.681511 1.5307 0.415062
0.654693 1.54236 0.415062
0.627675 1.55355 0.415062
0.600466 1.56427 0.415062
0.573074 1.57451 0.415062
0.545508 1.58427 0.415062
0.517776 1.59355 0.745434
0.489886 1.60234 0.745434
0.461846 1.61065 0.745434
0.433666 1.61846 0.745434
0.405354 1.62579 0.745434
0.376918 1.63261 0.745434
0.348368 1.63894 0.745434
0.319711 1.64477 1.25372
0.290958 1.6501 1.25372
0.262115 1.65493 1.25372
0.233193 1.65925 1.25372
0.204199 1.66307 1.25372
0.175143 1.66638 1.25372
0.146034 1.66918 1.25372
0.116881 1.67148 1.25372
0.0876919 1.67326 1.93155
0.0584761 1.67454 1.93155
0.0292425 1.6753 1.93155
1.02598e-16 1.67556 1.93155
-0.0292425 1.6753 1.93155
-0.0584761 1.67454 1.93155
-0.0876919 1.67326 1.93155
-0.116881 1.67148 2.75359
-0.146034 1.66918 2.75359
-0.175143 1.66638 2.75359
-0.204199 1.66307 2.75359
-0.233193 1.65925 2.75359
-0.262115 1.65493 2.75359
-0.290958 1.6501 2.75359
-0.319711 1.64477 2.75359
-0.348368 1.63894 3.67751
-0.376918 1.63261 3.67751
-0.405354 1.62579 3.67751
-0.433666 1.61846 3.67751
-0.461846 1.61065 3.67751
-0.489886 1.60234 3.67751
-0.517776 1.59355 3.67751
-0.545508 1.58427 4.64622
-0.573074 1.57451 4.64622
-0.600466 1.56427 4.64622
-0.627675 1.55355 4.64622
-0.654693 1.54236 4.64622
-0.681511 1.5307 4.64622
-0.708121 1.51857 4.64622
-0.734516 1.50598 4.64622
-0.760687 1.49293 5.59242
-0.786627 1.47943 5.59242
-0.812326 1.46548 5.59242
-0.837779 1.45108 5.59242
-0.862976 1.43623 5.59242
-0.88791 1.42095 5.59242
-0.912574 1.40524 5.59242
-0.93696 1.3891 6.44533
-0.96106 1.37254 6.44533
-0.984868 1.35555 6.44533
-1.00838 1.33816 6.44533
-1.03158 1.32036 6.44533
-1.05446 1.30215 6.44533
-1.07703 1.28355 6.44533
-1.09926 1.26456 6.44533
-1.12117 1.24518 7.13645
-1.14273 1.22543 7.13645
-1.16394 1.2053 7.13645
-1.1848 1.1848 7.13645
-1.2053 1.16394 7.13645
-1.22543 1.14273 7.13645
-1.24518 1.12117 7.13645
-1.26456 1.09926 7.60458
-1.28355 1.07703 7.60458
-1.30215 1.05446 7.60458
-1.32036 1.03158 7.60458
-1.33816 1.00838 7.60458
-1.35555 0.984868 7.60458
-1.37254 0.96106 7.60458
-1.3891 0.93696 7.60458
-1.40524 0.912574 7.80172
-1.42095 0.88791 7.80172
-1.43623 0.862976 7.80172
-1.45108 0.837779 7.80172
-1.46548 0.812326 7.80172
-1.47943 0.786627 7.80172
-1.49293 0.760687 7.80172
-1.50598 0.734516 7.69651
-1.51857 0.708121 7.69651
-1.5307 0.681511 7.69651
-1.54236 0.654693 7.69651
-1.55355 0.627675 7.69651
-1.56427 0.600466 7.69651
-1.57451 0.573074 7.69651
-1.58427 0.545508 7.69651
-1.59355 0.517776 7.2766
-1.60234 0.489886 7.2766
-1.61065 0.461846 7.2766
-1.61846 0.433666 7.2766
-1.62579 0.405354 7.2766
-1.63261 0.376918 7.2766
-1.63894 0.348368 7.2766
-1.64477 0.319711 6.54982
-1.6501 0.290958 6.54982
-1.65493 0.262115 6.54982
-1.65925 0.233193 6.54982
-1.66307 0.204199 6.54982
-1.66638 0.175143 6.54982
-1.66918 0.146034 6.54982
-1.67148 0.116881 6.54982
-1.67326 0.0876919 5.54438
-1.67454 0.0584761 5.54438
-1.6753 0.0292425 5.54438
-1.67556 2.05197e-16 5.54438
-1.6753 -0.0292425 5.54438
-1.67454 -0.0584761 5.54438
-1.67326 -0.0876919 5.54438
-1.67148 -0.116881 4.30711
-1.66918 -0.146034 4.30711
-1.66638 -0.175143 4.30711
-1.66307 -0.204199 4.30711
-1.65925 -0.233193 4.30711
-1.65493 -0.262115 4.30711
-1.6501 -0.290958 4.30711
-1.64477 -0.319711 4.30711
-1.63894 -0.348368 2.9011
-1.63261 -0.376918 2.9011
-1.62579 -0.405354 2.9011
-1.61846 -0.433666 2.9011
-1.61065 -0.461846 2.9011
-1.60234 -0.489886 2.9011
-1.59355 -0.517776 2.9011
-1.58427 -0.545508 1.40284
-1.57451 -0.573074 1.40284
-1.56427 -0.600466 1.40284
-1.55355 -0.627675 1.40284
-1.54236 -0.654693 1.40284
-1.5307 -0.681511 1.40284
-1.51857 -0.708121 1.40284
-1.50598 -0.734516 1.40284
-1.49293 -0.760687 -0.104074
-1.47943 -0.786627 -0.104074
-1.46548 -0.812326 -0.104074
-1.45108 -0.837779 -0.104074
-1.43623 -0.862976 -0.104074
-1.42095 -0.88791 -0.104074
-1.40524 -0.912574 -0.104074
-1.3891 -0.93696 -1.53523
-1.37254 -0.96106 -1.53523
-1.35555 -0.984868 -1.53523
-1.33816 -1.00838 -1.53523
-1.32036 -1.03158 -1.53523
-1.30215 -1.05446 -1.53523
-1.28355 -1.07703 -1.53523
-1.26456 -1.09926 -1.53523
-1.24518 -1.12117 -2.81188
-1.22543 -1.14273 -2.81188
-1.2053 -1.16394 -2.81188
-1.1848 -1.1848 -2.81188
-1.16394 -1.2053 -2.81188
-1.14273 -1.22543 -2.81188
-1.12117 -1.24518 -2.81188
-1.09926 -1.26456 -3.86659
-1.07703 -1.28355 -3.86659
-1.05446 -1.30215 -3.86659
-1.03158 -1.32036 -3.86659
-1.00838 -1.33816 -3.86659
-0.984868 -1.35555 -3.86659
-0.96106 -1.37254 -3.86659
-0.93696 -1.3891 -3.86659
-0.912574 -1.40524 -4.64781
-0.88791 -1.42095 -4.64781
-0.862976 -1.43623 -4.64781
-0.837779 -1.45108 -4.64781
-0.812326 -1.46548 -4.64781
-0.786627 -1.47943 -4.64781
-0.760687 -1.49293 -4.64781
-0.734516 -1.50598 -5.12308
-0.708121 -1.51857 -5.12308
-0.681511 -1.5307 -5.12308
-0.654693 -1.54236 -5.12308
-0.627675 -1.55355 -5.12308
-0.600466 -1.56427 -5.12308
-0.573074 -1.57451 -5.12308
-0.545508 -1.58427 -5.12308
-0.517776 -1.59355 -5.27964
-0.489886 -1.60234 -5.27964
-0.461846 -1.61065 -5.27964
-0.433666 -1.61846 -5.27964
-0.405354 -1.62579 -5.27964
-0.376918 -1.63261 -5.27964
-0.348368 -1.63894 -5.27964
-0.319711 -1.64477 -5.1255
-0.290958 -1.6501 -5.1255
-0.262115 -1.65493 -5.1255
-0.233193 -1.65925 -5.1255
-0.204199 -1.66307 -5.1255
-0.175143 -1.66638 -5.1255
-0.146034 -1.66918 -5.1255
-0.116881 -1.67148 -5.1255
-0.0876919 -1.67326 -4.68909
-0.0584761 -1.67454 -4.68909
-0.0292425 -1.6753 -4.68909
-3.07795e-16 -1.67556 -4.68909
0.0292425 -1.6753 -4.68909
0.0584761 -1.67454 -4.68909
0.0876919 -1.67326 -4.68909
0.116881 -1.67148 -4.01723
0.146034 -1.66918 -4.01723
0.175143 -1.66638 -4.01723
0.204199 -1.66307 -4.01723
0.233193 -1.65925 -4.01723
0.262115 -1.65493 -4.01723
0.290958 -1.6501 -4.01723
0.319711 -1.64477 -4.01723
0.348368 -1.63894 -3.17158
0.376918 -1.63261 -3.17158
0.405354 -1.62579 -3.17158
0.433666 -1.61846 -3.17158
0.461846 -1.61065 -3.17158
0.489886 -1.60234 -3.17158
0.517776 -1.59355 -3.17158
0.545508 -1.58427 -2.22354
0.573074 -1.57451 -2.22354
0.600466 -1.56427 -2.22354
0.627675 -1.55355 -2.22354
0.654693 -1.54236 -2.22354
0.681511 -1.5307 -2.22354
0.708121 -1.51857 -2.22354
0.734516 -1.50598 -2.22354
0.760687 -1.49293 -1.2478
0.786627 -1.47943 -1.2478
0.812326 -1.46548 -1.2478
0.837779 -1.45108 -1.2478
0.862976 -1.43623 -1.2478
0.88791 -1.42095 -1.2478
0.912574 -1.40524 -1.2478
0.93696 -1.3891 -0.314367
0.96106 -1.37254 -0.314367
0.984868 -1.35555 -0.314367
1.00838 -1.33816 -0.314367
1.03158 -1.32036 -0.314367
1.05446 -1.30215 -0.314367
1.07703 -1.28355 -0.314367
1.09926 -1.26456 -0.314367
1.12117 -1.24518 0.516988
1.14273 -1.22543 0.516988
1.16394 -1.2053 0.516988
1.1848 -1.1848 0.516988
1.2053 -1.16394 0.516988
1.22543 -1.14273 0.516988
1.24518 -1.12117 0.516988
1.26456 -1.09926 1.20125
1.28355 -1.07703 1.20125
1.30215 -1.05446 1.20125
1.32036 -1.03158 1.20125
1.33816 -1.00838 1.20125
1.35555 -0.984868 1.20125
1.37254 -0.96106 1.20125
1.3891 -0.93696 1.20125
1.40524 -0.912574 1.71159
1.42095 -0.88791 1.71159
1.43623 -0.862976 1.71159
1.45108 -0.837779 1.71159
1.46548 -0.812326 1.71159
1.47943 -0.786627 1.71159
1.49293 -0.760687 1.71159
1.50598 -0.734516 2.03933
1.51857 -0.708121 2.03933
1.5307 -0.681511 2.03933
1.54236 -0.654693 2.03933
1.55355 -0.627675 2.03933
1.56427 -0.600466 2.03933
1.57451 -0.573074 2.03933
1.58427 -0.545508 2.03933
1.59355 -0.517776 2.19168
1.60234 -0.489886 2.19168
1.61065 -0.461846 2.19168
1.61846 -0.433666 2.19168
1.62579 -0.405354 2.19168
1.63261 -0.376918 2.19168
1.63894 -0.348368 2.19168
1.64477 -0.319711 2.18803
1.6501 -0.290958 2.18803
1.65493 -0.262115 2.18803
1.65925 -0.233193 2.18803
1.66307 -0.204199 2.18803
1.66638 -0.175143 2.18803
1.66918 -0.146034 2.18803
1.67148 -0.116881 2.18803
1.67326 -0.0876919 1.74171
1.67454 -0.0584761 1.74171
1.6753 -0.0292425 1.74171

1.75535 0 2.41667
1.75508 0.030635 2.41667
1.75428 0.0612607 2.41667
1.75294 0.0918677 2.41667
1.75107 0.122447 2.1154
1.74867 0.152988 2.1154
1.74573 0.183484 2.1154
1.74226 0.213923 2.1154
1.73826 0.244297 2.1154
1.73373 0.274597 2.1154
1.72868 0.304813 1.75133
1.7231 0.334936 1.75133
1.71699 0.364957 1.75133
1.71036 0.394867 1.75133
1.7032 0.424657 1.75133
1.69553 0.454317 1.75133
1.68735 0.483839 1.75133
1.67865 0.513214 1.35251
1.66943 0.542432 1.35251
1.65971 0.571485 1.35251
1.64949 0.600364 1.35251
1.63876 0.62906 1.35251
1.62753 0.657564 1.35251
1.6158 0.685868 1.35251
1.60359 0.713964 0.94596
1.59088 0.741841 0.94596
1.57769 0.769493 0.94596
1.56402 0.79691 0.94596
1.54988 0.824085 0.94596
1.53526 0.851009 0.94596
1.52017 0.877673 0.558124
1.50463 0.90407 0.558124
1.48862 0.930192 0.558124
1.47216 0.95603 0.558124
1.45525 0.981577 0.558124
1.4379 1.00683 0.558124
1.4201 1.03177 0.558124
1.40188 1.05639 0.21556
1.38323 1.0807 0.21556
1.36416 1.10468 0.21556
1.34467 1.12831 0.21556
1.32478 1.15161 0.21556
1.30448 1.17456 0.21556
1.28378 1.19714 0.21556
1.26269 1.21937 -0.0546918
1.24122 1.24122 -0.0546918
1.21937 1.26269 -0.0546918
1.19714 1.28378 -0.0546918
1.17456 1.30448 -0.0546918
1.15161 1.32478 -0.0546918
1.12831 1.34467 -0.225158
1.10468 1.36416 -0.225158
1.0807 1.38323 -0.225158
1.05639 1.40188 -0.225158
1.03177 1.4201 -0.225158
1.00683 1.4379 -0.225158
0.981577 1.45525 -0.225158
0.95603 1.47216 -0.268917
0.930192 1.48862 -0.268917
0.90407 1.50463 -0.268917
0.877673 1.52017 -0.268917
0.851009 1.53526 -0.268917
0.824085 1.54988 -0.268917
0.79691 1.56402 -0.268917
0.769493 1.57769 -0.1616
0.741841 1.59088 -0.1616
0.713964 1.60359 -0.1616
0.685868 1.6158 -0.1616
0.657564 1.62753 -0.1616
0.62906 1.63876 -0.1616
0.600364 1.64949 0.116416
0.571485 1.65971 0.116416
0.542432 1.66943 0.116416
0.513214 1.67865 0.116416
0.483839 1.68735 0.116416
0.454317 1.69553 0.116416
0.424657 1.7032 0.116416
0.394867 1.71036 0.576673
0.364957 1.71699 0.576673
0.334936 1.7231 0.576673
0.304813 1.72868 0.576673
0.274597 1.73373 0.576673
0.244297 1.73826 0.576673
0.213923 1.74226 0.576673
0.183484 1.74573 1.21935
0.152988 1.74867 1.21935
0.122447 1.75107 1.21935
0.0918677 1.75294 1.21935
0.0612607 1.75428 1.21935
0.030635 1.75508 1.21935
1.07484e-16 1.75535 2.03084
-0.030635 1.75508 2.03084
-0.0612607 1.75428 2.03084
-0.0918677 1.75294 2.03084
-0.122447 1.75107 2.03084
-0.152988 1.74867 2.03084
-0.183484 1.74573 2.03084
-0.213923 1.74226 2.9827
-0.244297 1.73826 2.9827
-0.274597 1.73373 2.9827
-0.304813 1.72868 2.9827
-0.334936 1.7231 2.9827
-0.364957 1.71699 2.9827
-0.394867 1.71036 2.9827
-0.424657 1.7032 4.0322
-0.454317 1.69553 4.0322
-0.483839 1.68735 4.0322
-0.513214 1.67865 4.0322
-0.542432 1.66943 4.0322
-0.571485 1.65971 4.0322
-0.600364 1.64949 5.12476
-0.62906 1.63876 5.12476
-0.657564 1.62753 5.12476
-0.685868 1.6158 5.12476
-0.713964 1.60359 5.12476
-0.741841 1.59088 5.12476
-0.769493 1.57769 5.12476
-0.79691 1.56402 6.19782
-0.824085 1.54988 6.19782
-0.851009 1.53526 6.19782
-0.877673 1.52017 6.19782
-0.90407 1.50463 6.19782
-0.930192 1.48862 6.19782
-0.95603 1.47216 6.19782
-0.981577 1.45525 7.18647
-1.00683 1.4379 7.18647
-1.03177 1.4201 7.18647
-1.05639 1.40188 7.18647
-1.0807 1.38323 7.18647
-1.10468 1.36416 7.18647
-1.12831 1.34467 8.02772
-1.15161 1.32478 8.02772
-1.17456 1.30448 8.02772
-1.19714 1.28378 8.02772
-1.21937 1.26269 8.02772
-1.24122 1.24122 8.02772
-1.26269 1.21937 8.02772
-1.28378 1.19714 8.66435
-1.30448 1.17456 8.66435
-1.32478 1.15161 8.66435
-1.34467 1.12831 8.66435
-1.36416 1.10468 8.66435
-1.38323 1.0807 8.66435
-1.40188 1.05639 8.66435
-1.4201 1.03177 9.04916
-1.4379 1.00683 9.04916
-1.45525 0.981577 9.04916
-1.47216 0.95603 9.04916
-1.48862 0.930192 9.04916
-1.50463 0.90407 9.04916
-1.52017 0.877673 9.1476
-1.53526 0.851009 9.1476
-1.54988 0.824085 9.1476
-1.56402 0.79691 9.1476
-1.57769 0.769493 9.1476
-1.59088 0.741841 9.1476
-1.60359 0.713964 9.1476
-1.6158 0.685868 8.93934
-1.62753 0.657564 8.93934
-1.63876 0.62906 8.93934
-1.64949 0.600364 8.93934
-1.65971 0.571485 8.93934
-1.66943 0.542432 8.93934
-1.67865 0.513214 8.93934
-1.68735 0.483839 8.41938
-1.69553 0.454317 8.41938
-1.7032 0.424657 8.41938
-1.71036 0.394867 8.41938
-1.71699 0.364957 8.41938
-1.7231 0.334936 8.41938
-1.72868 0.304813 7.59856
-1.73373 0.274597 7.59856
-1.73826 0.244297 7.59856
-1.74226 0.213923 7.59856
-1.74573 0.183484 7.59856
-1.74867 0.152988 7.59856
-1.75107 0.122447 7.59856
-1.75294 0.0918677 6.50372
-1.75428 0.0612607 6.50372
-1.75508 0.030635 6.50372
-1.75535 2.14968e-16 6.50372
-1.75508 -0.030635 6.50372
-1.75428 -0.0612607 6.50372
-1.75294 -0.0918677 6.50372
-1.75107 -0.122447 5.17636
-1.74867 -0.152988 5.17636
-1.74573 -0.183484 5.17636
-1.74226 -0.213923 5.17636
-1.73826 -0.244297 5.17636
-1.73373 -0.274597 5.17636
-1.72868 -0.304813 5.17636
-1.7231 -0.334936 3.67142
-1.71699 -0.364957 3.67142
-1.71036 -0.394867 3.67142
-1.7032 -0.424657 3.67142
-1.69553 -0.454317 3.67142
-1.68735 -0.483839 3.67142
-1.67865 -0.513214 2.05541
-1.66943 -0.542432 2.05541
-1.65971 -0.571485 2.05541
-1.64949 -0.600364 2.05541
-1.63876 -0.62906 2.05541
-1.62753 -0.657564 2.05541
-1.6158 -0.685868 2.05541
-1.60359 -0.713964 0.401964
-1.59088 -0.741841 0.401964
-1.57769 -0.769493 0.401964
-1.56402 -0.79691 0.401964
-1.54988 -0.824085 0.401964
-1.53526 -0.851009 0.401964
-1.52017 -0.877673 0.401964
-1.50463 -0.90407 -1.2128
-1.48862 -0.930192 -1.2128
-1.47216 -0.95603 -1.2128
-1.45525 -0.981577 -1.2128
-1.4379 -1.00683 -1.2128
-1.4201 -1.03177 -1.2128
-1.40188 -1.05639 -2.71518
-1.38323 -1.0807 -2.71518
-1.36416 -1.10468 -2.71518
-1.34467 -1.12831 -2.71518
-1.32478 -1.15161 -2.71518
-1.30448 -1.17456 -2.71518
-1.28378 -1.19714 -2.71518
-1.26269 -1.21937 -4.0385
-1.24122 -1.24122 -4.0385
-1.21937 -1.26269 -4.0385
-1.19714 -1.28378 -4.0385
-1.17456 -1.30448 -4.0385
-1.15161 -1.32478 -4.0385
-1.12831 -1.34467 -4.0385
-1.10468 -1.36416 -5.12681
-1.0807 -1.38323 -5.12681
-1.05639 -1.40188 -5.12681
-1.03177 -1.4201 -5.12681
-1.00683 -1.4379 -5.12681
-0.981577 -1.45525 -5.12681
-0.95603 -1.47216 -5.93761
-0.930192 -1.48862 -5.93761
-0.90407 -1.50463 -5.93761
-0.877673 -1.52017 -5.93761
-0.851009 -1.53526 -5.93761
-0.824085 -1.54988 -5.93761
-0.79691 -1.56402 -5.93761
-0.769493 -1.57769 -6.44382
-0.741841 -1.59088 -6.44382
-0.713964 -1.60359 -6.44382
-0.685868 -1.6158 -6.44382
-0.657564 -1.62753 -6.44382
-0.62906 -1.63876 -6.44382
-0.600364 -1.64949 -6.44382
-0.571485 -1.65971 -6.63384
-0.542432 -1.66943 -6.63384
-0.513214 -1.67865 -6.63384
-0.483839 -1.68735 -6.63384
-0.454317 -1.69553 -6.63384
-0.424657 -1.7032 -6.63384
-0.394867 -1.71036 -6.5122
-0.364957 -1.71699 -6.5122
-0.334936 -1.7231 -6.5122
-0.304813 -1.72868 -6.5122
-0.274597 -1.73373 -6.5122
-0.244297 -1.73826 -6.5122
-0.213923 -1.74226 -6.5122
-0.183484 -1.74573 -6.09971
-0.152988 -1.74867 -6.09971
-0.122447 -1.75107 -6.09971
-0.0918677 -1.75294 -6.09971
-0.0612607 -1.75428 -6.09971
-0.030635 -1.75508 -6.09971
-3.22452e-16 -1.75535 -6.09971
0.030635 -1.75508 -5.43258
0.0612607 -1.75428 -5.43258
0.0918677 -1.75294 -5.43258
0.122447 -1.75107 -5.43258
0.152988 -1.74867 -5.43258
0.183484 -1.74573 -5.43258
0.213923 -1.74226 -4.56061
0.244297 -1.73826 -4.56061
0.274597 -1.73373 -4.56061
0.304813 -1.72868 -4.56061
0.334936 -1.7231 -4.56061
0.364957 -1.71699 -4.56061
0.394867 -1.71036 -4.56061
0.424657 -1.7032 -3.54442
0.454317 -1.69553 -3.54442
0.483839 -1.68735 -3.54442
0.513214 -1.67865 -3.54442
0.542432 -1.66943 -3.54442
0.571485 -1.65971 -3.54442
0.600364 -1.64949 -3.54442
0.62906 -1.63876 -2.45123
0.657564 -1.62753 -2.45123
0.685868 -1.6158 -2.45123
0.713964 -1.60359 -2.45123
0.741841 -1.59088 -2.45123
0.769493 -1.57769 -2.45123
0.79691 -1.56402 -1.34981
0.824085 -1.54988 -1.34981
0.851009 -1.53526 -1.34981
0.877673 -1.52017 -1.34981
0.90407 -1.50463 -1.34981
0.930192 -1.48862 -1.34981
0.95603 -1.47216 -1.34981
0.981577 -1.45525 -0.304118
1.00683 -1.4379 -0.304118
1.03177 -1.4201 -0.304118
1.05639 -1.40188 -0.304118
1.0807 -1.38323 -0.304118
1.10468 -1.36416 -0.304118
1.12831 -1.34467 -0.304118
1.15161 -1.32478 0.631
1.17456 -1.30448 0.631
1.19714 -1.28378 0.631
1.21937 -1.26269 0.631
1.24122 -1.24122 0.631
1.26269 -1.21937 0.631
1.28378 -1.19714 1.41347
1.30448 -1.17456 1.41347
1.32478 -1.15161 1.41347
1.34467 -1.12831 1.41347
1.36416 -1.10468 1.41347
1.38323 -1.0807 1.41347
1.40188 -1.05639 1.41347
1.4201 -1.03177 2.01694
1.4379 -1.00683 2.01694
1.45525 -0.981577 2.01694
1.47216 -0.95603 2.01694
1.48862 -0.930192 2.01694
1.50463 -0.90407 2.01694
1.52017 -0.877673 2.01694
1.53526 -0.851009 2.4309
1.54988 -0.824085 2.4309
1.56402 -0.79691 2.4309
1.57769 -0.769493 2.4309
1.59088 -0.741841 2.4309
1.60359 -0.713964 2.4309
1.6158 -0.685868 2.6591
1.62753 -0.657564 2.6591
1.63876 -0.62906 2.6591
1.64949 -0.600364 2.6591
1.65971 -0.571485 2.6591
1.66943 -0.542432 2.6591
1.67865 -0.513214 2.6591
1.68735 -0.483839 2.71669
1.69553 -0.454317 2.71669
1.7032 -0.424657 2.71669
1.71036 -0.394867 2.71669
1.71699 -0.364957 2.71669
1.7231 -0.334936 2.71669
1.72868 -0.304813 2.71669
1.73373 -0.274597 2.62669
1.73826 -0.244297 2.62669
1.74226 -0.213923 2.62669
1.74573 -0.183484 2.62669
1.74867 -0.152988 2.62669
1.75107 -0.122447 2.62669
1.75294 -0.0918677 2.05589
1.75428 -0.0612607 2.05589
1.75508 -0.030635 2.05589

1.83513 0 2.41667
1.83485 0.0320275 2.41667
1.83402 0.0640453 2.41667
1.83262 0.0960435 2.41667
1.83066 0.128013 2.1154
1.82815 0.159943 2.1154
1.82508 0.191824 2.1154
1.82146 0.223647 2.1154
1.81728 0.255401 2.1154
1.81254 0.287078 2.1154
1.80725 0.318668 1.75133
1.80142 0.35016 1.75133
1.79503 0.381546 1.75133
1.7881 0.412815 1.75133
1.78062 0.443959 1.75133
1.7726 0.474968 1.75133
1.76404 0.505832 1.75133
1.75495 0.536541 1.35251
1.74532 0.567088 1.35251
1.73515 0.597461 1.35251
1.72446 0.627653 1.35251
1.71325 0.657653 1.35251
1.70151 0.687453 1.35251
1.68925 0.717044 1.35251
1.67648 0.746416 0.94596
1.6632 0.775561 0.94596
1.64941 0.80447 0.94596
1.63512 0.833134 0.94596
1.62033 0.861543 0.94596
1.60504 0.889691 0.94596
1.58927 0.917567 0.558124
1.57302 0.945164 0.558124
1.55628 0.972473 0.558124
1.53907 0.999486 0.558124
1.5214 1.02619 0.558124
1.50325 1.05259 0.558124
1.48465 1.07866 0.558124
1.4656 1.10441 0.21556
1.44611 1.12982 0.21556
1.42617 1.15489 0.21556
1.40579 1.1796 0.21556
1.38499 1.20396 0.21556
1.36377 1.22794 0.21556
1.34213 1.25156 0.21556
1.32009 1.27479 -0.0546918
1.29764 1.29764 -0.0546918
1.27479 1.32009 -0.0546918
1.25156 1.34213 -0.0546918
1.22794 1.36377 -0.0546918
1.20396 1.38499 -0.0546918
1.1796 1.40579 -0.225158
1.15489 1.42617 -0.225158
1.12982 1.44611 -0.225158
1.10441 1.4656 -0.225158
1.07866 1.48465 -0.225158
1.05259 1.50325 -0.225158
1.02619 1.5214 -0.225158
0.999486 1.53907 -0.268917
0.972473 1.55628 -0.268917
0.945164 1.57302 -0.268917
0.917567 1.58927 -0.268917
0.889691 1.60504 -0.268917
0.861543 1.62033 -0.268917
0.833134 1.63512 -0.268917
0.80447 1.64941 -0.1616
0.775561 1.6632 -0.1616
0.746416 1.67648 -0.1616
0.717044 1.68925 -0.1616
0.687453 1.70151 -0.1616
0.657653 1.71325 -0.1616
0.627653 1.72446 0.116416
0.597461 1.73515 0.116416
0.567088 1.74532 0.116416
0.536541 1.75495 0.116416
0.505832 1.76404 0.116416
0.474968 1.7726 0.116416
0.443959 1.78062 0.116416
0.412815 1.7881 0.576673
0.381546 1.79503 0.576673
0.35016 1.80142 0.576673
0.318668 1.80725 0.576673
0.287078 1.81254 0.576673
0.255401 1.81728 0.576673
0.223647 1.82146 0.576673
0.191824 1.82508 1.21935
0.159943 1.82815 1.21935
0.128013 1.83066 1.21935
0.0960435 1.83262 1.21935
0.0640453 1.83402 1.21935
0.0320275 1.83485 1.21935
1.1237e-16 1.83513 2.03084
-0.0320275 1.83485 2.03084
-0.0640453 1.83402 2.03084
-0.0960435 1.83262 2.03084
-0.128013 1.83066 2.03084
-0.159943 1.82815 2.03084
-0.191824 1.82508 2.03084
-0.223647 1.82146 2.9827
-0.255401 1.81728 2.9827
-0.287078 1.81254 2.9827
-0.318668 1.80725 2.9827
-0.35016 1.80142 2.9827
-0.381546 1.79503 2.9827
-0.412815 1.7881 2.9827
-0.443959 1.78062 4.0322
-0.474968 1.7726 4.0322
-0.505832 1.76404 4.0322
-0.536541 1.75495 4.0322
-0.567088 1.74532 4.0322
-0.597461 1.73515 4.0322
-0.627653 1.72446 5.12476
-0.657653 1.71325 5.12476
-0.687453 1.70151 5.12476
-0.717044 1.68925 5.12476
-0.746416 1.67648 5.12476
-0.775561 1.6632 5.12476
-0.80447 1.64941 5.12476
-0.833134 1.63512 6.19782
-0.861543 1.62033 6.19782
-0.889691 1.60504 6.19782
-0.917567 1.58927 6.19782
-0.945164 1.57302 6.19782
-0.972473 1.55628 6.19782
-0.999486 1.53907 6.19782
-1.02619 1.5214 7.18647
-1.05259 1.50325 7.18647
-1.07866 1.48465 7.18647
-1.10441 1.4656 7.18647
-1.12982 1.44611 7.18647
-1.15489 1.42617 7.18647
-1.1796 1.40579 8.02772
-1.20396 1.38499 8.02772
-1.22794 1.36377 8.02772
-1.25156 1.34213 8.02772
-1.27479 1.32009 8.02772
-1.29764 1.29764 8.02772
-1.32009 1.27479 8.02772
-1.34213 1.25156 8.66435
-1.36377 1.22794 8.66435
-1.38499 1.20396 8.66435
-1.40579 1.1796 8.66435
-1.42617 1.15489 8.66435
-1.44611 1.12982 8.66435
-1.4656 1.10441 8.66435
-1.48465 1.07866 9.04916
-1.50325 1.05259 9.04916
-1.5214 1.02619 9.04916
-1.53907 0.999486 9.04916
-1.55628 0.972473 9.04916
-1.57302 0.945164 9.04916
-1.58927 0.917567 9.1476
-1.60504 0.889691 9.1476
-1.62033 0.861543 9.1476
-1.63512 0.833134 9.1476
-1.64941 0.80447 9.1476
-1.6632 0.775561 9.1476
-1.67648 0.746416 9.1476
-1.68925 0.717044 8.93934
-1.70151 0.687453 8.93934
-1.71325 0.657653 8.93934
-1.72446 0.627653 8.93934
-1.73515 0.597461 8.93934
-1.74532 0.567088 8.93934
-1.75495 0.536541 8.93934
-1.76404 0.505832 8.41938
-1.7726 0.474968 8.41938
-1.78062 0.443959 8.41938
-1.7881 0.412815 8.41938
-1.79503 0.381546 8.41938
-1.80142 0.35016 8.41938
-1.80725 0.318668 7.59856
-1.81254 0.287078 7.59856
-1.81728 0.255401 7.59856
-1.82146 0.223647 7.59856
-1.82508 0.191824 7.59856
-1.82815 0.159943 7.59856
-1.83066 0.128013 7.59856
-1.83262 0.0960435 6.50372
-1.83402 0.0640453 6.50372
-1.83485 0.0320275 6.50372
-1.83513 2.24739e-16 6.50372
-1.83485 -0.0320275 6.50372
-1.83402 -0.0640453 6.50372
-1.83262 -0.0960435 6.50372
-1.83066 -0.128013 5.17636
-1.82815 -0.159943 5.17636
-1.82508 -0.191824 5.17636
-1.82146 -0.223647 5.17636
-1.81728 -0.255401 5.17636
-1.81254 -0.287078 5.17636
-1.80725 -0.318668 5.17636
-1.80142 -0.35016 3.67142
-1.79503 -0.381546 3.67142
-1.7881 -0.412815 3.67142
-1.78062 -0.443959 3.67142
-1.7726 -0.474968 3.67142
-1.76404 -0.505832 3.67142
-1.75495 -0.536541 2.05541
-1.74532 -0.567088 2.05541
-1.73515 -0.597461 2.05541
-1.72446 -0.627653 2.05541
-1.71325 -0.657653 2.05541
-1.70151 -0.687453 2.05541
-1.68925 -0.717044 2.05541
-1.67648 -0.746416 0.401964
-1.6632 -0.775561 0.401964
-1.64941 -0.80447 0.401964
-1.63512 -0.833134 0.401964
-1.62033 -0.861543 0.401964
-1.60504 -0.889691 0.401964
-1.58927 -0.917567 0.401964
-1.57302 -0.945164 -1.2128
-1.55628 -0.972473 -1.2128
-1.53907 -0.999486 -1.2128
-1.5214 -1.02619 -1.2128
-1.50325 -1.05259 -1.2128
-1.48465 -1.07866 -1.2128
-1.4656 -1.10441 -2.71518
-1.44611 -1.12982 -2.71518
-1.42617 -1.15489 -2.71518
-1.40579 -1.1796 -2.71518
-1.38499 -1.20396 -2.71518
-1.36377 -1.22794 -2.71518
-1.34213 -1.25156 -2.71518
-1.32009 -1.27479 -4.0385
-1.29764 -1.29764 -4.0385
-1.27479 -1.32009 -4.0385
-1.25156 -1.34213 -4.0385
-1.22794 -1.36377 -4.0385
-1.20396 -1.38499 -4.0385
-1.1796 -1.40579 -4.0385
-1.15489 -1.42617 -5.12681
-1.12982 -1.44611 -5.12681
-1.10441 -1.4656 -5.12681
-1.07866 -1.48465 -5.12681
-1.05259 -1.50325 -5.12681
-1.02619 -1.5214 -5.12681
-0.999486 -1.53907 -5.93761
-0.972473 -1.55628 -5.93761
-0.945164 -1.57302 -5.93761
-0.917567 -1.58927 -5.93761
-0.889691 -1.60504 -5.93761
-0.861543 -1.62033 -5.93761
-0.833134 -1.63512 -5.93761
-0.80447 -1.64941 -6.44382
-0.775561 -1.6632 -6.44382
-0.746416 -1.67648 -6.44382
-0.717044 -1.68925 -6.44382
-0.687453 -1.70151 -6.44382
-0.657653 -1.71325 -6.44382
-0.627653 -1.72446 -6.44382
-0.597461 -1.73515 -6.63384
-0.567088 -1.74532 -6.63384
-0.536541 -1.75495 -6.63384
-0.505832 -1.76404 -6.63384
-0.474968 -1.7726 -6.63384
-0.443959 -1.78062 -6.63384
-0.412815 -1.7881 -6.5122
-0.381546 -1.79503 -6.5122
-0.35016 -1.80142 -6.5122
-0.318668 -1.80725 -6.5122
-0.287078 -1.81254 -6.5122
-0.255401 -1.81728 -6.5122
-0.223647 -1.82146 -6.5122
-0.191824 -1.82508 -6.09971
-0.159943 -1.82815 -6.09971
-0.128013 -1.83066 -6.09971
-0.0960435 -1.83262 -6.09971
-0.0640453 -1.83402 -6.09971
-0.0320275 -1.83485 -6.09971
-3.37109e-16 -1.83513 -6.09971
0.0320275 -1.83485 -5.43258
0.0640453 -1.83402 -5.43258
0.0960435 -1.83262 -5.43258
0.128013 -1.83066 -5.43258
0.159943 -1.82815 -5.43258
0.191824 -1.82508 -5.43258
0.223647 -1.82146 -4.56061
0.255401 -1.81728 -4.56061
0.287078 -1.81254 -4.56061
0.318668 -1.80725 -4.56061
0.35016 -1.80142 -4.56061
0.381546 -1.79503 -4.56061
0.412815 -1.7881 -4.56061
0.443959 -1.78062 -3.54442
0.474968 -1.7726 -3.54442
0.505832 -1.76404 -3.54442
0.536541 -1.75495 -3.54442
0.567088 -1.74532 -3.54442
0.597461 -1.73515 -3.54442
0.627653 -1.72446 -3.54442
0.657653 -1.71325 -2.45123
0.687453 -1.70151 -2.45123
0.717044 -1.68925 -2.45123
0.746416 -1.67648 -2.45123
0.775561 -1.6632 -2.45123
0.80447 -1.64941 -2.45123
0.833134 -1.63512 -1.34981
0.861543 -1.62033 -1.34981
0.889691 -1.60504 -1.34981
0.917567 -1.58927 -1.34981
0.945164 -1.57302 -1.34981
0.972473 -1.55628 -1.34981
0.999486 -1.53907 -1.34981
1.02619 -1.5214 -0.304118
1.05259 -1.50325 -0.304118
1.07866 -1.48465 -0.304118
1.10441 -1.4656 -0.304118
1.12982 -1.44611 -0.304118
1.15489 -1.42617 -0.304118
1.1796 -1.40579 -0.304118
1.20396 -1.38499 0.631
1.22794 -1.36377 0.631
1.25156 -1.34213 0.631
1.27479 -1.32009 0.631
1.29764 -1.29764 0.631
1.32009 -1.27479 0.631
1.34213 -1.25156 1.41347
1.36377 -1.22794 1.41347
1.38499 -1.20396 1.41347
1.40579 -1.1796 1.41347
1.42617 -1.15489 1.41347
1.44611 -1.12982 1.41347
1.4656 -1.10441 1.41347
1.48465 -1.07866 2.01694
1.50325 -1.05259 2.01694
1.5214 -1.02619 2.01694
1.53907 -0.999486 2.01694
1.55628 -0.972473 2.01694
1.57302 -0.945164 2.01694
1.58927 -0.917567 2.01694
1.60504 -0.889691 2.4309
1.62033 -0.861543 2.4309
1.63512 -0.833134 2.4309
1.64941 -0.80447 2.4309
1.6632 -0.775561 2.4309
1.67648 -0.746416 2.4309
1.68925 -0.717044 2.6591
1.70151 -0.687453 2.6591
1.71325 -0.657653 2.6591
1.72446 -0.627653 2.6591
1.73515 -0.597461 2.6591
1.74532 -0.567088 2.6591
1.75495 -0.536541 2.6591
1.76404 -0.505832 2.71669
1.7726 -0.474968 2.71669
1.78062 -0.443959 2.71669
1.7881 -0.412815 2.71669
1.79503 -0.381546 2.71669
1.80142 -0.35016 2.71669
1.80725 -0.318668 2.71669
1.81254 -0.287078 2.62669
1.81728 -0.255401 2.62669
1.82146 -0.223647 2.62669
1.82508 -0.191824 2.62669
1.82815 -0.159943 2.62669
1.83066 -0.128013 2.62669
1.83262 -0.0960435 2.05589
1.83402 -0.0640453 2.05589
1.83485 -0.0320275 2.05589

1.91492 0 2.81831
1.91463 0.03342 2.81831
1.91376 0.0668298 2.81831
1.9123 0.100219 2.44688
1.91026 0.133578 2.44688
1.90764 0.166897 2.44688
1.90443 0.200164 2.44688
1.90065 0.23337 2.44688
1.89629 0.266506 2.44688
1.89135 0.29956 2.01627
1.88583 0.332523 2.01627
1.87974 0.365385 2.01627
1.87308 0.398135 2.01627
1.86584 0.430764 2.01627
1.85804 0.463262 2.01627
1.84967 0.495619 1.55015
1.84074 0.527824 1.55015
1.83125 0.559869 1.55015
1.8212 0.591744 1.55015
1.8106 0.623438 1.55015
1.79944 0.654942 1.55015
1.78773 0.686247 1.07062
1.77549 0.717343 1.07062
1.7627 0.74822 1.07062
1.74937 0.778869 1.07062
1.73551 0.809281 1.07062
1.72112 0.839447 1.07062
1.70621 0.869357 0.598867
1.69078 0.899002 0.598867
1.67483 0.928373 0.598867
1.65837 0.957461 0.598867
1.64141 0.986258 0.598867
1.62395 1.01475 0.598867
1.60599 1.04294 0.156035
1.58754 1.07081 0.156035
1.56861 1.09835 0.156035
1.54921 1.12556 0.156035
1.52933 1.15243 0.156035
1.50898 1.17894 0.156035
1.48817 1.2051 -0.235972
1.46692 1.23089 -0.235972
1.44521 1.2563 -0.235972
1.42307 1.28133 -0.235972
1.40049 1.30597 -0.235972
1.37748 1.33022 -0.235972
1.35406 1.35406 -0.553945
1.33022 1.37748 -0.553945
1.30597 1.40049 -0.553945
1.28133 1.42307 -0.553945
1.2563 1.44521 -0.553945
1.23089 1.46692 -0.553945
1.2051 1.48817 -0.773445
1.17894 1.50898 -0.773445
1.15243 1.52933 -0.773445
1.12556 1.54921 -0.773445
1.09835 1.56861 -0.773445
1.07081 1.58754 -0.773445
1.04294 1.60599 -0.869493
1.01475 1.62395 -0.869493
0.986258 1.64141 -0.869493
0.957461 1.65837 -0.869493
0.928373 1.67483 -0.869493
0.899002 1.69078 -0.869493
0.869357 1.70621 -0.818145
0.839447 1.72112 -0.818145
0.809281 1.73551 -0.818145
0.778869 1.74937 -0.818145
0.74822 1.7627 -0.818145
0.717343 1.77549 -0.818145
0.686247 1.78773 -0.598396
0.654942 1.79944 -0.598396
0.623438 1.8106 -0.598396
0.591744 1.8212 -0.598396
0.559869 1.83125 -0.598396
0.527824 1.84074 -0.598396
0.495619 1.84967 -0.194997
0.463262 1.85804 -0.194997
0.430764 1.86584 -0.194997
0.398135 1.87308 -0.194997
0.365385 1.87974 -0.194997
0.332523 1.88583 -0.194997
0.29956 1.89135 0.398585
0.266506 1.89629 0.398585
0.23337 1.90065 0.398585
0.200164 1.90443 0.398585
0.166897 1.90764 0.398585
0.133578 1.91026 0.398585
0.100219 1.9123 1.17767
0.0668298 1.91376 1.17767
0.03342 1.91463 1.17767
1.17255e-16 1.91492 1.17767
-0.03342 1.91463 1.17767
-0.0668298 1.91376 1.17767
-0.100219 1.9123 2.12478
-0.133578 1.91026 2.12478
-0.166897 1.90764 2.12478
-0.200164 1.90443 2.12478
-0.23337 1.90065 2.12478
-0.266506 1.89629 2.12478
-0.29956 1.89135 3.20922
-0.332523 1.88583 3.20922
-0.365385 1.87974 3.20922
-0.398135 1.87308 3.20922
-0.430764 1.86584 3.20922
-0.463262 1.85804 3.20922
-0.495619 1.84967 4.38813
-0.527824 1.84074 4.38813
-0.559869 1.83125 4.38813
-0.591744 1.8212 4.38813
-0.623438 1.8106 4.38813
-0.654942 1.79944 4.38813
-0.686247 1.78773 5.60887
-0.717343 1.77549 5.60887
-0.74822 1.7627 5.60887
-0.778869 1.74937 5.60887
-0.809281 1.73551 5.60887
-0.839447 1.72112 5.60887
-0.869357 1.70621 6.81255
-0.899002 1.69078 6.81255
-0.928373 1.67483 6.81255
-0.957461 1.65837 6.81255
-0.986258 1.64141 6.81255
-1.01475 1.62395 6.81255
-1.04294 1.60599 7.93868
-1.07081 1.58754 7.93868
-1.09835 1.56861 7.93868
-1.12556 1.54921 7.93868
-1.15243 1.52933 7.93868
-1.17894 1.50898 7.93868
-1.2051 1.48817 8.92872
-1.23089 1.46692 8.92872
-1.2563 1.44521 8.92872
-1.28133 1.42307 8.92872
-1.30597 1.40049 8.92872
-1.33022 1.37748 8.92872
-1.35406 1.35406 9.72897
-1.37748 1.33022 9.72897
-1.40049 1.30597 9.72897
-1.42307 1.28133 9.72897
-1.44521 1.2563 9.72897
-1.46692 1.23089 9.72897
-1.48817 1.2051 10.2939
-1.50898 1.17894 10.2939
-1.52933 1.15243 10.2939
-1.54921 1.12556 10.2939
-1.56861 1.09835 10.2939
-1.58754 1.07081 10.2939
-1.60599 1.04294 10.588
-1.62395 1.01475 10.588
-1.64141 0.986258 10.588
-1.65837 0.957461 10.588
-1.67483 0.928373 10.588
-1.69078 0.899002 10.588
-1.70621 0.869357 10.5869
-1.72112 0.839447 10.5869
-1.73551 0.809281 10.5869
-1.74937 0.778869 10.5869
-1.7627 0.74822 10.5869
-1.77549 0.717343 10.5869
-1.78773 0.686247 10.2779
-1.79944 0.654942 10.2779
-1.8106 0.623438 10.2779
-1.8212 0.591744 10.2779
-1.83125 0.559869 10.2779
-1.84074 0.527824 10.2779
-1.84967 0.495619 9.6608
-1.85804 0.463262 9.6608
-1.86584 0.430764 9.6608
-1.87308 0.398135 9.6608
-1.87974 0.365385 9.6608
-1.88583 0.332523 9.6608
-1.89135 0.29956 8.74773
-1.89629 0.266506 8.74773
-1.90065 0.23337 8.74773
-1.90443 0.200164 8.74773
-1.90764 0.166897 8.74773
-1.91026 0.133578 8.74773
-1.9123 0.100219 7.56383
-1.91376 0.0668298 7.56383
-1.91463 0.03342 7.56383
-1.91492 2.3451e-16 7.56383
-1.91463 -0.03342 7.56383
-1.91376 -0.0668298 7.56383
-1.9123 -0.100219 7.56383
-1.91026 -0.133578 6.14618
-1.90764 -0.166897 6.14618
-1.90443 -0.200164 6.14618
-1.90065 -0.23337 6.14618
-1.89629 -0.266506 6.14618
-1.89135 -0.29956 6.14618
-1.88583 -0.332523 4.54323
-1.87974 -0.365385 4.54323
-1.87308 -0.398135 4.54323
-1.86584 -0.430764 4.54323
-1.85804 -0.463262 4.54323
-1.84967 -0.495619 4.54323
-1.84074 -0.527824 2.81366
-1.83125 -0.559869 2.81366
-1.8212 -0.591744 2.81366
-1.8106 -0.623438 2.81366
-1.79944 -0.654942 2.81366
-1.78773 -0.686247 2.81366
-1.77549 -0.717343 1.02317
-1.7627 -0.74822 1.02317
-1.74937 -0.778869 1.02317
-1.73551 -0.809281 1.02317
-1.72112 -0.839447 1.02317
-1.70621 -0.869357 1.02317
-1.69078 -0.899002 -0.759139
-1.67483 -0.928373 -0.759139
-1.65837 -0.957461 -0.759139
-1.64141 -0.986258 -0.759139
-1.62395 -1.01475 -0.759139
-1.60599 -1.04294 -0.759139
-1.58754 -1.07081 -2.46459
-1.56861 -1.09835 -2.46459
-1.54921 -1.12556 -2.46459
-1.52933 -1.15243 -2.46459
-1.50898 -1.17894 -2.46459
-1.48817 -1.2051 -2.46459
-1.46692 -1.23089 -4.02878
-1.44521 -1.2563 -4.02878
-1.42307 -1.28133 -4.02878
-1.40049 -1.30597 -4.02878
-1.37748 -1.33022 -4.02878
-1.35406 -1.35406 -4.02878
-1.33022 -1.37748 -5.39478
-1.30597 -1.40049 -5.39478
-1.28133 -1.42307 -5.39478
-1.2563 -1.44521 -5.39478
-1.23089 -1.46692 -5.39478
-1.2051 -1.48817 -5.39478
-1.17894 -1.50898 -6.51563
-1.15243 -1.52933 -6.51563
-1.12556 -1.54921 -6.51563
-1.09835 -1.56861 -6.51563
-1.07081 -1.58754 -6.51563
-1.04294 -1.60599 -6.51563
-1.01475 -1.62395 -7.3559
-0.986258 -1.64141 -7.3559
-0.957461 -1.65837 -7.3559
-0.928373 -1.67483 -7.3559
-0.899002 -1.69078 -7.3559
-0.869357 -1.70621 -7.3559
-0.839447 -1.72112 -7.89267
-0.809281 -1.73551 -7.89267
-0.778869 -1.74937 -7.89267
-0.74822 -1.7627 -7.89267
-0.717343 -1.77549 -7.89267
-0.686247 -1.78773 -7.89267
-0.654942 -1.79944 -8.11538
-0.623438 -1.8106 -8.11538
-0.591744 -1.8212 -8.11538
-0.559869 -1.83125 -8.11538
-0.527824 -1.84074 -8.11538
-0.495619 -1.84967 -8.11538
-0.463262 -1.85804 -8.02617
-0.430764 -1.86584 -8.02617
-0.398135 -1.87308 -8.02617
-0.365385 -1.87974 -8.02617
-0.332523 -1.88583 -8.02617
-0.29956 -1.89135 -8.02617
-0.266506 -1.89629 -7.64019
-0.23337 -1.90065 -7.64019
-0.200164 -1.90443 -7.64019
-0.166897 -1.90764 -7.64019
-0.133578 -1.91026 -7.64019
-0.100219 -1.9123 -7.64019
-0.0668298 -1.91376 -6.98532
-0.03342 -1.91463 -6.98532
-3.51766e-16 -1.91492 -6.98532
0.03342 -1.91463 -6.98532
0.0668298 -1.91376 -6.98532
0.100219 -1.9123 -6.98532
0.133578 -1.91026 -6.10156
0.166897 -1.90764 -6.10156
0.200164 -1.90443 -6.10156
0.23337 -1.90065 -6.10156
0.266506 -1.89629 -6.10156
0.29956 -1.89135 -6.10156
0.332523 -1.88583 -5.03955
0.365385 -1.87974 -5.03955
0.398135 -1.87308 -5.03955
0.430764 -1.86584 -5.03955
0.463262 -1.85804 -5.03955
0.495619 -1.84967 -5.03955
0.527824 -1.84074 -3.85814
0.559869 -1.83125 -3.85814
0.591744 -1.8212 -3.85814
0.623438 -1.8106 -3.85814
0.654942 -1.79944 -3.85814
0.686247 -1.78773 -3.85814
0.717343 -1.77549 -2.62099
0.74822 -1.7627 -2.62099
0.778869 -1.74937 -2.62099
0.809281 -1.73551 -2.62099
0.839447 -1.72112 -2.62099
0.869357 -1.70621 -2.62099
0.899002 -1.69078 -1.39228
0.928373 -1.67483 -1.39228
0.957461 -1.65837 -1.39228
0.986258 -1.64141 -1.39228
1.01475 -1.62395 -1.39228
1.04294 -1.60599 -1.39228
1.07081 -1.58754 -0.231538
1.09835 -1.56861 -0.231538
1.12556 -1.54921 -0.231538
1.15243 -1.52933 -0.231538
1.17894 -1.50898 -0.231538
1.2051 -1.48817 -0.231538
1.23089 -1.46692 0.810045
1.2563 -1.44521 0.810045
1.28133 -1.42307 0.810045
1.30597 -1.40049 0.810045
1.33022 -1.37748 0.810045
1.35406 -1.35406 0.810045
1.37748 -1.33022 1.69265
1.40049 -1.30597 1.69265
1.42307 -1.28133 1.69265
1.44521 -1.2563 1.69265
1.46692 -1.23089 1.69265
1.48817 -1.2051 1.69265
1.50898 -1.17894 2.39035
1.52933 -1.15243 2.39035
1.54921 -1.12556 2.39035
1.56861 -1.09835 2.39035
1.58754 -1.07081 2.39035
1.60599 -1.04294 2.39035
1.62395 -1.01475 2.89154
1.64141 -0.986258 2.89154
1.65837 -0.957461 2.89154
1.67483 -0.928373 2.89154
1.69078 -0.899002 2.89154
1.70621 -0.869357 2.89154
1.72112 -0.839447 3.19772
1.73551 -0.809281 3.19772
1.74937 -0.778869 3.19772
1.7627 -0.74822 3.19772
1.77549 -0.717343 3.19772
1.78773 -0.686247 3.19772
1.79944 -0.654942 3.3212
1.8106 -0.623438 3.3212
1.8212 -0.591744 3.3212
1.83125 -0.559869 3.3212
1.84074 -0.527824 3.3212
1.84967 -0.495619 3.3212
1.85804 -0.463262 3.28217
1.86584 -0.430764 3.28217
1.87308 -0.398135 3.28217
1.87974 -0.365385 3.28217
1.88583 -0.332523 3.28217
1.89135 -0.29956 3.28217
1.89629 -0.266506 3.10553
1.90065 -0.23337 3.10553
1.90443 -0.200164 3.10553
1.90764 -0.166897 3.10553
1.91026 -0.133578 3.10553
1.9123 -0.100219 3.10553
1.91376 -0.0668298 2.41667
1.91463 -0.03342 2.41667

1.99471 0 2.81831
1.99441 0.0348125 2.81831
1.9935 0.0696144 2.81831
1.99198 0.104395 2.44688
1.98985 0.139144 2.44688
1.98712 0.173851 2.44688
1.98378 0.208504 2.44688
1.97984 0.243094 2.44688
1.9753 0.27761 2.44688
1.97015 0.312042 2.01627
1.96441 0.346378 2.01627
1.95806 0.380609 2.01627
1.95112 0.414724 2.01627
1.94359 0.448712 2.01627
1.93546 0.482564 2.01627
1.92674 0.516269 1.55015
1.91744 0.549817 1.55015
1.90755 0.583197 1.55015
1.89708 0.6164 1.55015
1.88604 0.649415 1.55015
1.87442 0.682231 1.55015
1.86222 0.714841 1.07062
1.84946 0.747232 1.07062
1.83614 0.779396 1.07062
1.82226 0.811322 1.07062
1.80782 0.843001 1.07062
1.79283 0.874424 1.07062
1.7773 0.90558 0.598867
1.76123 0.93646 0.598867
1.74461 0.967055 0.598867
1.72747 0.997356 0.598867
1.7098 1.02735 0.598867
1.69161 1.05704 0.598867
1.67291 1.0864 0.156035
1.65369 1.11543 0.156035
1.63397 1.14412 0.156035
1.61376 1.17246 0.156035
1.59305 1.20045 0.156035
1.57185 1.22807 0.156035
1.55018 1.25531 -0.235972
1.52804 1.28218 -0.235972
1.50543 1.30865 -0.235972
1.48236 1.33472 -0.235972
1.45884 1.36039 -0.235972
1.43488 1.38564 -0.235972
1.41047 1.41047 -0.553945
1.38564 1.43488 -0.553945
1.36039 1.45884 -0.553945
1.33472 1.48236 -0.553945
1.30865 1.50543 -0.553945
1.28218 1.52804 -0.553945
1.25531 1.55018 -0.773445
1.22807 1.57185 -0.773445
1.20045 1.59305 -0.773445
1.17246 1.61376 -0.773445
1.14412 1.63397 -0.773445
1.11543 1.65369 -0.773445
1.0864 1.67291 -0.869493
1.05704 1.69161 -0.869493
1.02735 1.7098 -0.869493
0.997356 1.72747 -0.869493
0.967055 1.74461 -0.869493
0.93646 1.76123 -0.869493
0.90558 1.7773 -0.818145
0.874424 1.79283 -0.818145
0.843001 1.80782 -0.818145
0.811322 1.82226 -0.818145
0.779396 1.83614 -0.818145
0.747232 1.84946 -0.818145
0.714841 1.86222 -0.598396
0.682231 1.87442 -0.598396
0.649415 1.88604 -0.598396
0.6164 1.89708 -0.598396
0.583197 1.90755 -0.598396
0.549817 1.91744 -0.598396
0.516269 1.92674 -0.194997
0.482564 1.93546 -0.194997
0.448712 1.94359 -0.194997
0.414724 1.95112 -0.194997
0.380609 1.95806 -0.194997
0.346378 1.96441 -0.194997
0.312042 1.97015 0.398585
0.27761 1.9753 0.398585
0.243094 1.97984 0.398585
0.208504 1.98378 0.398585
0.173851 1.98712 0.398585
0.139144 1.98985 0.398585
0.104395 1.99198 1.17767
0.0696144 1.9935 1.17767
0.0348125 1.99441 1.17767
1.22141e-16 1.99471 1.17767
-0.0348125 1.99441 1.17767
-0.0696144 1.9935 1.17767
-0.104395 1.99198 2.12478
-0.139144 1.98985 2.12478
-0.173851 1.98712 2.12478
-0.208504 1.98378 2.12478
-0.243094 1.97984 2.12478
-0.27761 1.9753 2.12478
-0.312042 1.97015 3.20922
-0.346378 1.96441 3.20922
-0.380609 1.95806 3.20922
-0.414724 1.95112 3.20922
-0.448712 1.94359 3.20922
-0.482564 1.93546 3.20922
-0.516269 1.92674 4.38813
-0.549817 1.91744 4.38813
-0.583197 1.90755 4.38813
-0.6164 1.89708 4.38813
-0.649415 1.88604 4.38813
-0.682231 1.87442 4.38813
-0.714841 1.86222 5.60887
-0.747232 1.84946 5.60887
-0.779396 1.83614 5.60887
-0.811322 1.82226 5.60887
-0.843001 1.80782 5.60887
-0.874424 1.79283 5.60887
-0.90558 1.7773 6.81255
-0.93646 1.76123 6.81255
-0.967055 1.74461 6.81255
-0.997356 1.72747 6.81255
-1.02735 1.7098 6.81255
-1.05704 1.69161 6.81255
-1.0864 1.67291 7.93868
-1.11543 1.65369 7.93868
-1.14412 1.63397 7.93868
-1.17246 1.61376 7.93868
-1.20045 1.59305 7.93868
-1.22807 1.57185 7.93868
-1.25531 1.55018 8.92872
-1.28218 1.52804 8.92872
-1.30865 1.50543 8.92872
-1.33472 1.48236 8.92872
-1.36039 1.45884 8.92872
-1.38564 1.43488 8.92872
-1.41047 1.41047 9.72897
-1.43488 1.38564 9.72897
-1.45884 1.36039 9.72897
-1.48236 1.33472 9.72897
-1.50543 1.30865 9.72897
-1.52804 1.28218 9.72897
-1.55018 1.25531 10.2939
-1.57185 1.22807 10.2939
-1.59305 1.20045 10.2939
-1.61376 1.17246 10.2939
-1.63397 1.14412 10.2939
-1.65369 1.11543 10.2939
-1.67291 1.0864 10.588
-1.69161 1.05704 10.588
-1.7098 1.02735 10.588
-1.72747 0.997356 10.588
-1.74461 0.967055 10.588
-1.76123 0.93646 10.588
-1.7773 0.90558 10.5869
-1.79283 0.874424 10.5869
-1.80782 0.843001 10.5869
-1.82226 0.811322 10.5869
-1.83614 0.779396 10.5869
-1.84946 0.747232 10.5869
-1.86222 0.714841 10.2779
-1.87442 0.682231 10.2779
-1.88604 0.649415 10.2779
-1.89708 0.6164 10.2779
-1.90755 0.583197 10.2779
-1.91744 0.549817 10.2779
-1.92674 0.516269 9.6608
-1.93546 0.482564 9.6608
-1.94359 0.448712 9.6608
-1.95112 0.414724 9.6608
-1.95806 0.380609 9.6608
-1.96441 0.346378 9.6608
-1.97015 0.312042 8.74773
-1.9753 0.27761 8.74773
-1.97984 0.243094 8.74773
-1.98378 0.208504 8.74773
-1.98712 0.173851 8.74773
-1.98985 0.139144 8.74773
-1.99198 0.104395 7.56383
-1.9935 0.0696144 7.56383
-1.99441 0.0348125 7.56383
-1.99471 2.44282e-16 7.56383
-1.99441 -0.0348125 7.56383
-1.9935 -0.0696144 7.56383
-1.99198 -0.104395 7.56383
-1.98985 -0.139144 6.14618
-1.98712 -0.173851 6.14618
-1.98378 -0.208504 6.14618
-1.97984 -0.243094 6.14618
-1.9753 -0.27761 6.14618
-1.97015 -0.312042 6.14618
-1.96441 -0.346378 4.54323
-1.95806 -0.380609 4.54323
-1.95112 -0.414724 4.54323
-1.94359 -0.448712 4.54323
-1.93546 -0.482564 4.54323
-1.92674 -0.516269 4.54323
-1.91744 -0.549817 2.81366
-1.90755 -0.583197 2.81366
-1.89708 -0.6164 2.81366
-1.88604 -0.649415 2.81366
-1.87442 -0.682231 2.81366
-1.86222 -0.714841 2.81366
-1.84946 -0.747232 1.02317
-1.83614 -0.779396 1.02317
-1.82226 -0.811322 1.02317
-1.80782 -0.843001 1.02317
-1.79283 -0.874424 1.02317
-1.7773 -0.90558 1.02317
-1.76123 -0.93646 -0.759139
-1.74461 -0.967055 -0.759139
-1.72747 -0.997356 -0.759139
-1.7098 -1.02735 -0.759139
-1.69161 -1.05704 -0.759139
-1.67291 -1.0864 -0.759139
-1.65369 -1.11543 -2.46459
-1.63397 -1.14412 -2.46459
-1.61376 -1.17246 -2.46459
-1.59305 -1.20045 -2.46459
-1.57185 -1.22807 -2.46459
-1.55018 -1.25531 -2.46459
-1.52804 -1.28218 -4.02878
-1.50543 -1.30865 -4.02878
-1.48236 -1.33472 -4.02878
-1.45884 -1.36039 -4.02878
-1.43488 -1.38564 -4.02878
-1.41047 -1.41047 -4.02878
-1.38564 -1.43488 -5.39478
-1.36039 -1.45884 -5.39478
-1.33472 -1.48236 -5.39478
-1.30865 -1.50543 -5.39478
-1.28218 -1.52804 -5.39478
-1.25531 -1.55018 -5.39478
-1.22807 -1.57185 -6.51563
-1.20045 -1.59305 -6.51563
-1.17246 -1.61376 -6.51563
-1.14412 -1.63397 -6.51563
-1.11543 -1.65369 -6.51563
-1.0864 -1.67291 -6.51563
-1.05704 -1.69161 -7.3559
-1.02735 -1.7098 -7.3559
-0.997356 -1.72747 -7.3559
-0.967055 -1.74461 -7.3559
-0.93646 -1.76123 -7.3559
-0.90558 -1.7773 -7.3559
-0.874424 -1.79283 -7.89267
-0.843001 -1.80782 -7.89267
-0.811322 -1.82226 -7.89267
-0.779396 -1.83614 -7.89267
-0.747232 -1.84946 -7.89267
-0.714841 -1.86222 -7.89267
-0.682231 -1.87442 -8.11538
-0.649415 -1.88604 -8.11538
-0.6164 -1.89708 -8.11538
-0.583197 -1.90755 -8.11538
-0.549817 -1.91744 -8.11538
-0.516269 -1.92674 -8.11538
-0.482564 -1.93546 -8.02617
-0.448712 -1.94359 -8.02617
-0.414724 -1.95112 -8.02617
-0.380609 -1.95806 -8.02617
-0.346378 -1.96441 -8.02617
-0.312042 -1.97015 -8.02617
-0.27761 -1.9753 -7.64019
-0.243094 -1.97984 -7.64019
-0.208504 -1.98378 -7.64019
-0.173851 -1.98712 -7.64019
-0.139144 -1.98985 -7.64019
-0.104395 -1.99198 -7.64019
-0.0696144 -1.9935 -6.98532
-0.0348125 -1.99441 -6.98532
-3.66423e-16 -1.99471 -6.98532
0.0348125 -1.99441 -6.98532
0.0696144 -1.9935 -6.98532
0.104395 -1.99198 -6.98532
0.139144 -1.98985 -6.10156
0.173851 -1.98712 -6.10156
0.208504 -1.98378 -6.10156
0.243094 -1.97984 -6.10156
0.27761 -1.9753 -6.10156
0.312042 -1.97015 -6.10156
0.346378 -1.96441 -5.03955
0.380609 -1.95806 -5.03955
0.414724 -1.95112 -5.03955
0.448712 -1.94359 -5.03955
0.482564 -1.93546 -5.03955
0.516269 -1.92674 -5.03955
0.549817 -1.91744 -3.85814
0.583197 -1.90755 -3.85814
0.6164 -1.89708 -3.85814
0.649415 -1.88604 -3.85814
0.682231 -1.87442 -3.85814
0.714841 -1.86222 -3.85814
0.747232 -1.84946 -2.62099
0.779396 -1.83614 -2.62099
0.811322 -1.82226 -2.62099
0.843001 -1.80782 -2.62099
0.874424 -1.79283 -2.62099
0.90558 -1.7773 -2.62099
0.93646 -1.76123 -1.39228
0.967055 -1.74461 -1.39228
0.997356 -1.72747 -1.39228
1.02735 -1.7098 -1.39228
1.05704 -1.69161 -1.39228
1.0864 -1.67291 -1.39228
1.11543 -1.65369 -0.231538
1.14412 -1.63397 -0.231538
1.17246 -1.61376 -0.231538
1.20045 -1.59305 -0.231538
1.22807 -1.57185 -0.231538
1.25531 -1.55018 -0.231538
1.28218 -1.52804 0.810045
1.30865 -1.50543 0.810045
1.33472 -1.48236 0.810045
1.36039 -1.45884 0.810045
1.38564 -1.43488 0.810045
1.41047 -1.41047 0.810045
1.43488 -1.38564 1.69265
1.45884 -1.36039 1.69265
1.48236 -1.33472 1.69265
1.50543 -1.30865 1.69265
1.52804 -1.28218 1.69265
1.55018 -1.25531 1.69265
1.57185 -1.22807 2.39035
1.59305 -1.20045 2.39035
1.61376 -1.17246 2.39035
1.63397 -1.14412 2.39035
1.65369 -1.11543 2.39035
1.67291 -1.0864 2.39035
1.69161 -1.05704 2.89154
1.7098 -1.02735 2.89154
1.72747 -0.997356 2.89154
1.74461 -0.967055 2.89154
1.76123 -0.93646 2.89154
1.7773 -0.90558 2.89154
1.79283 -0.874424 3.19772
1.80782 -0.843001 3.19772
1.82226 -0.811322 3.19772
1.83614 -0.779396 3.19772
1.84946 -0.747232 3.19772
1.86222 -0.714841 3.19772
1.87442 -0.682231 3.3212
1.88604 -0.649415 3.3212
1.89708 -0.6164 3.3212
1.90755 -0.583197 3.3212
1.91744 -0.549817 3.3212
1.92674 -0.516269 3.3212
1.93546 -0.482564 3.28217
1.94359 -0.448712 3.28217
1.95112 -0.414724 3.28217
1.95806 -0.380609 3.28217
1.96441 -0.346378 3.28217
1.97015 -0.312042 3.28217
1.9753 -0.27761 3.10553
1.97984 -0.243094 3.10553
1.98378 -0.208504 3.10553
1.98712 -0.173851 3.10553
1.98985 -0.139144 3.10553
1.99198 -0.104395 3.10553
1.9935 -0.0696144 2.41667
1.99441 -0.0348125 2.41667

2.0745 0 2.81831
2.07418 0.036205 2.81831
2.07324 0.072399 2.81831
2.07166 0.108571 2.44688
2.06945 0.14471 2.44688
2.06661 0.180805 2.44688
2.06314 0.216844 2.44688
2.05904 0.252818 2.44688
2.05431 0.288715 2.44688
2.04896 0.324523 2.01627
2.04298 0.360233 2.01627
2.03639 0.395833 2.01627
2.02917 0.431313 2.01627
2.02133 0.466661 2.01627
2.01288 0.501867 2.01627
2.00381 0.53692 1.55015
1.99414 0.57181 1.55015
1.98385 0.606525 1.55015
1.97297 0.641056 1.55015
1.96148 0.675391 1.55015
1.94939 0.709521 1.55015
1.93671 0.743434 1.07062
1.92344 0.777121 1.07062
1.90959 0.810572 1.07062
1.89515 0.843775 1.07062
1.88014 0.876722 1.07062
1.86455 0.909401 1.07062
1.84839 0.941803 0.598867
1.83167 0.973919 0.598867
1.8144 1.00574 0.598867
1.79657 1.03725 0.598867
1.77819 1.06845 0.598867
1.75928 1.09932 0.598867
1.73982 1.12985 0.156035
1.71984 1.16005 0.156035
1.69933 1.18988 0.156035
1.67831 1.21936 0.156035
1.65677 1.24847 0.156035
1.63473 1.27719 0.156035
1.61219 1.30553 -0.235972
1.58916 1.33346 -0.235972
1.56564 1.36099 -0.235972
1.54165 1.38811 -0.235972
1.51719 1.41481 -0.235972
1.49227 1.44107 -0.235972
1.46689 1.46689 -0.553945
1.44107 1.49227 -0.553945
1.41481 1.51719 -0.553945
1.38811 1.54165 -0.553945
1.36099 1.56564 -0.553945
1.33346 1.58916 -0.553945
1.30553 1.61219 -0.773445
1.27719 1.63473 -0.773445
1.24847 1.65677 -0.773445
1.21936 1.67831 -0.773445
1.18988 1.69933 -0.773445
1.16005 1.71984 -0.773445
1.12985 1.73982 -0.869493
1.09932 1.75928 -0.869493
1.06845 1.77819 -0.869493
1.03725 1.79657 -0.869493
1.00574 1.8144 -0.869493
0.973919 1.83167 -0.869493
0.941803 1.84839 -0.818145
0.909401 1.86455 -0.818145
0.876722 1.88014 -0.818145
0.843775 1.89515 -0.818145
0.810572 1.90959 -0.818145
0.777121 1.92344 -0.818145
0.743434 1.93671 -0.598396
0.709521 1.94939 -0.598396
0.675391 1.96148 -0.598396
0.641056 1.97297 -0.598396
0.606525 1.98385 -0.598396
0.57181 1.99414 -0.598396
0.53692 2.00381 -0.194997
0.501867 2.01288 -0.194997
0.466661 2.02133 -0.194997
0.431313 2.02917 -0.194997
0.395833 2.03639 -0.194997
0.360233 2.04298 -0.194997
0.324523 2.04896 0.398585
0.288715 2.05431 0.398585
0.252818 2.05904 0.398585
0.216844 2.06314 0.398585
0.180805 2.06661 0.398585
0.14471 2.06945 0.398585
0.108571 2.07166 1.17767
0.072399 2.07324 1.17767
0.036205 2.07418 1.17767
1.27026e-16 2.0745 1.17767
-0.036205 2.07418 1.17767
-0.072399 2.07324 1.17767
-0.108571 2.07166 2.12478
-0.14471 2.06945 2.12478
-0.180805 2.06661 2.12478
-0.216844 2.06314 2.12478
-0.252818 2.05904 2.12478
-0.288715 2.05431 2.12478
-0.324523 2.04896 3.20922
-0.360233 2.04298 3.20922
-0.395833 2.03639 3.20922
-0.431313 2.02917 3.20922
-0.466661 2.02133 3.20922
-0.501867 2.01288 3.20922
-0.53692 2.00381 4.38813
-0.57181 1.99414 4.38813
-0.606525 1.98385 4.38813
-0.641056 1.97297 4.38813
-0.675391 1.96148 4.38813
-0.709521 1.94939 4.38813
-0.743434 1.93671 5.60887
-0.777121 1.92344 5.60887
-0.810572 1.90959 5.60887
-0.843775 1.89515 5.60887
-0.876722 1.88014 5.60887
-0.909401 1.86455 5.60887
-0.941803 1.84839 6.81255
-0.973919 1.83167 6.81255
-1.00574 1.8144 6.81255
-1.03725 1.79657 6.81255
-1.06845 1.77819 6.81255
-1.09932 1.75928 6.81255
-1.12985 1.73982 7.93868
-1.16005 1.71984 7.93868
-1.18988 1.69933 7.93868
-1.21936 1.67831 7.93868
-1.24847 1.65677 7.93868
-1.27719 1.63473 7.93868
-1.30553 1.61219 8.92872
-1.33346 1.58916 8.92872
-1.36099 1.56564 8.92872
-1.38811 1.54165 8.92872
-1.41481 1.51719 8.92872
-1.44107 1.49227 8.92872
-1.46689 1.46689 9.72897
-1.49227 1.44107 9.72897
-1.51719 1.41481 9.72897
-1.54165 1.38811 9.72897
-1.56564 1.36099 9.72897
-1.58916 1.33346 9.72897
-1.61219 1.30553 10.2939
-1.63473 1.27719 10.2939
-1.65677 1.24847 10.2939
-1.67831 1.21936 10.2939
-1.69933 1.18988 10.2939
-1.71984 1.16005 10.2939
-1.73982 1.12985 10.588
-1.75928 1.09932 10.588
-1.77819 1.06845 10.588
-1.79657 1.03725 10.588
-1.8144 1.00574 10.588
-1.83167 0.973919 10.588
-1.84839 0.941803 10.5869
-1.86455 0.909401 10.5869
-1.88014 0.876722 10.5869
-1.89515 0.843775 10.5869
-1.90959 0.810572 10.5869
-1.92344 0.777121 10.5869
-1.93671 0.743434 10.2779
-1.94939 0.709521 10.2779
-1.96148 0.675391 10.2779
-1.97297 0.641056 10.2779
-1.98385 0.606525 10.2779
-1.99414 0.57181 10.2779
-2.00381 0.53692 9.6608
-2.01288 0.501867 9.6608
-2.02133 0.466661 9.6608
-2.02917 0.431313 9.6608
-2.03639 0.395833 9.6608
-2.04298 0.360233 9.6608
-2.04896 0.324523 8.74773
-2.05431 0.288715 8.74773
-2.05904 0.252818 8.74773
-2.06314 0.216844 8.74773
-2.06661 0.180805 8.74773
-2.06945 0.14471 8.74773
-2.07166 0.108571 7.56383
-2.07324 0.072399 7.56383
-2.07418 0.036205 7.56383
-2.0745 2.54053e-16 7.56383
-2.07418 -0.036205 7.56383
-2.07324 -0.072399 7.56383
-2.07166 -0.108571 7.56383
-2.06945 -0.14471 6.14618
-2.06661 -0.180805 6.14618
-2.06314 -0.216844 6.14618
-2.05904 -0.252818 6.14618
-2.05431 -0.288715 6.14618
-2.04896 -0.324523 6.14618
-2.04298 -0.360233 4.54323
-2.03639 -0.395833 4.54323
-2.02917 -0.431313 4.54323
-2.02133 -0.466661 4.54323
-2.01288 -0.501867 4.54323
-2.00381 -0.53692 4.54323
-1.99414 -0.57181 2.81366
-1.98385 -0.606525 2.81366
-1.97297 -0.641056 2.81366
-1.96148 -0.675391 2.81366
-1.94939 -0.709521 2.81366
-1.93671 -0.743434 2.81366
-1.92344 -0.777121 1.02317
-1.90959 -0.810572 1.02317
-1.89515 -0.843775 1.02317
-1.88014 -0.876722 1.02317
-1.86455 -0.909401 1.02317
-1.84839 -0.941803 1.02317
-1.83167 -0.973919 -0.759139
-1.8144 -1.00574 -0.759139
-1.79657 -1.03725 -0.759139
-1.77819 -1.06845 -0.759139
-1.75928 -1.09932 -0.759139
-1.73982 -1.12985 -0.759139
-1.71984 -1.16005 -2.46459
-1.69933 -1.18988 -2.46459
-1.67831 -1.21936 -2.46459
-1.65677 -1.24847 -2.46459
-1.63473 -1.27719 -2.46459
-1.61219 -1.30553 -2.46459
-1.58916 -1.33346 -4.02878
-1.56564 -1.36099 -4.02878
-1.54165 -1.38811 -4.02878
-1.51719 -1.41481 -4.02878
-1.49227 -1.44107 -4.02878
-1.46689 -1.46689 -4.02878
-1.44107 -1.49227 -5.39478
-1.41481 -1.51719 -5.39478
-1.38811 -1.54165 -5.39478
-1.36099 -1.56564 -5.39478
-1.33346 -1.58916 -5.39478
-1.30553 -1.61219 -5.39478
-1.27719 -1.63473 -6.51563
-1.24847 -1.65677 -6.51563
-1.21936 -1.67831 -6.51563
-1.18988 -1.69933 -6.51563
-1.16005 -1.71984 -6.51563
-1.12985 -1.73982 -6.51563
-1.09932 -1.75928 -7.3559
-1.06845 -1.77819 -7.3559
-1.03725 -1.79657 -7.3559
-1.00574 -1.8144 -7.3559
-0.973919 -1.83167 -7.3559
-0.941803 -1.84839 -7.3559
-0.909401 -1.86455 -7.89267
-0.876722 -1.88014 -7.89267
-0.843775 -1.89515 -7.89267
-0.810572 -1.90959 -7.89267
-0.777121 -1.92344 -7.89267
-0.743434 -1.93671 -7.89267
-0.709521 -1.94939 -8.11538
-0.675391 -1.96148 -8.11538
-0.641056 -1.97297 -8.11538
-0.606525 -1.98385 -8.11538
-0.57181 -1.99414 -8.11538
-0.53692 -2.00381 -8.11538
-0.501867 -2.01288 -8.02617
-0.466661 -2.02133 -8.02617
-0.431313 -2.02917 -8.02617
-0.395833 -2.03639 -8.02617
-0.360233 -2.04298 -8.02617
-0.324523 -2.04896 -8.02617
-0.288715 -2.05431 -7.64019
-0.252818 -2.05904 -7.64019
-0.216844 -2.06314 -7.64019
-0.180805 -2.06661 -7.64019
-0.14471 -2.06945 -7.64019
-0.108571 -2.07166 -7.64019
-0.072399 -2.07324 -6.98532
-0.036205 -2.07418 -6.98532
-3.81079e-16 -2.0745 -6.98532
0.036205 -2.07418 -6.98532
0.072399 -2.07324 -6.98532
0.108571 -2.07166 -6.98532
0.14471 -2.06945 -6.10156
0.180805 -2.06661 -6.10156
0.216844 -2.06314 -6.10156
0.252818 -2.05904 -6.10156
0.288715 -2.05431 -6.10156
0.324523 -2.04896 -6.10156
0.360233 -2.04298 -5.03955
0.395833 -2.03639 -5.03955
0.431313 -2.02917 -5.03955
0.466661 -2.02133 -5.03955
0.501867 -2.01288 -5.03955
0.53692 -2.00381 -5.03955
0.57181 -1.99414 -3.85814
0.606525 -1.98385 -3.85814
0.641056 -1.97297 -3.85814
0.675391 -1.96148 -3.85814
0.709521 -1.94939 -3.85814
0.743434 -1.93671 -3.85814
0.777121 -1.92344 -2.62099
0.810572 -1.90959 -2.62099
0.843775 -1.89515 -2.62099
0.876722 -1.88014 -2.62099
0.909401 -1.86455 -2.62099
0.941803 -1.84839 -2.62099
0.973919 -1.83167 -1.39228
1.00574 -1.8144 -1.39228
1.03725 -1.79657 -1.39228
1.06845 -1.77819 -1.39228
1.09932 -1.75928 -1.39228
1.12985 -1.73982 -1.39228
1.16005 -1.71984 -0.231538
1.18988 -1.69933 -0.231538
1.21936 -1.67831 -0.231538
1.24847 -1.65677 -0.231538
1.27719 -1.63473 -0.231538
1.30553 -1.61219 -0.231538
1.33346 -1.58916 0.810045
1.36099 -1.56564 0.810045
1.38811 -1.54165 0.810045
1.41481 -1.51719 0.810045
1.44107 -1.49227 0.810045
1.46689 -1.46689 0.810045
1.49227 -1.44107 1.69265
1.51719 -1.41481 1.69265
1.54165 -1.38811 1.69265
1.56564 -1.36099 1.69265
1.58916 -1.33346 1.69265
1.61219 -1.30553 1.69265
1.63473 -1.27719 2.39035
1.65677 -1.24847 2.39035
1.67831 -1.21936 2.39035
1.69933 -1.18988 2.39035
1.71984 -1.16005 2.39035
1.73982 -1.12985 2.39035
1.75928 -1.09932 2.89154
1.77819 -1.06845 2.89154
1.79657 -1.03725 2.89154
1.8144 -1.00574 2.89154
1.83167 -0.973919 2.89154
1.84839 -0.941803 2.89154
1.86455 -0.909401 3.19772
1.88014 -0.876722 3.19772
1.89515 -0.843775 3.19772
1.90959 -0.810572 3.19772
1.92344 -0.777121 3.19772
1.93671 -0.743434 3.19772
1.94939 -0.709521 3.3212
1.96148 -0.675391 3.3212
1.97297 -0.641056 3.3212
1.98385 -0.606525 3.3212
1.99414 -0.57181 3.3212
2.00381 -0.53692 3.3212
2.01288 -0.501867 3.28217
2.02133 -0.466661 3.28217
2.02917 -0.431313 3.28217
2.03639 -0.395833 3.28217
2.04298 -0.360233 3.28217
2.04896 -0.324523 3.28217
2.05431 -0.288715 3.10553
2.05904 -0.252818 3.10553
2.06314 -0.216844 3.10553
2.06661 -0.180805 3.10553
2.06945 -0.14471 3.10553
2.07166 -0.108571 3.10553
2.07324 -0.072399 2.41667
2.07418 -0.036205 2.41667

2.15429 0 3.25469
2.15396 0.0375975 3.25469
2.15298 0.0751836 3.25469
2.15134 0.112747 2.81484
2.14904 0.150276 2.81484
2.14609 0.187759 2.81484
2.14249 0.225184 2.81484
2.13823 0.262542 2.81484
2.13332 0.299819 2.81484
2.12777 0.337005 2.3208
2.12156 0.374088 2.3208
2.11471 0.411058 2.3208
2.10721 0.447902 2.3208
2.09907 0.484609 2.3208
2.0903 0.52117 1.79266
2.08088 0.557571 1.79266
2.07083 0.593802 1.79266
2.06016 0.629853 1.79266
2.04885 0.665712 1.79266
2.03692 0.701368 1.79266
2.02437 0.73681 1.24849
2.0112 0.772028 1.24849
1.99742 0.807011 1.24849
1.98303 0.841748 1.24849
1.96804 0.876228 1.24849
1.95245 0.910442 0.705094
1.93626 0.944378 0.705094
1.91948 0.978026 0.705094
1.90212 1.01138 0.705094
1.88418 1.04442 0.705094
1.86567 1.07714 0.178893
1.84659 1.10954 0.178893
1.82694 1.1416 0.178893
1.80674 1.17331 0.178893
1.78599 1.20466 0.178893
1.76469 1.23565 0.178893
1.74286 1.26626 -0.313056
1.72049 1.29648 -0.313056
1.6976 1.32631 -0.313056
1.6742 1.35574 -0.313056
1.65028 1.38475 -0.313056
1.62586 1.41334 -0.75231
1.60095 1.4415 -0.75231
1.57555 1.46922 -0.75231
1.54967 1.49649 -0.75231
1.52331 1.52331 -0.75231
1.49649 1.54967 -0.75231
1.46922 1.57555 -1.11847
1.4415 1.60095 -1.11847
1.41334 1.62586 -1.11847
1.38475 1.65028 -1.11847
1.35574 1.6742 -1.11847
1.32631 1.6976 -1.38925
1.29648 1.72049 -1.38925
1.26626 1.74286 -1.38925
1.23565 1.76469 -1.38925
1.20466 1.78599 -1.38925
1.17331 1.80674 -1.38925
1.1416 1.82694 -1.54104
1.10954 1.84659 -1.54104
1.07714 1.86567 -1.54104
1.04442 1.88418 -1.54104
1.01138 1.90212 -1.54104
0.978026 1.91948 -1.55012
0.944378 1.93626 -1.55012
0.910442 1.95245 -1.55012
0.876228 1.96804 -1.55012
0.841748 1.98303 -1.55012
0.807011 1.99742 -1.55012
0.772028 2.0112 -1.39437
0.73681 2.02437 -1.39437
0.701368 2.03692 -1.39437
0.665712 2.04885 -1.39437
0.629853 2.06016 -1.39437
0.593802 2.07083 -1.05564
0.557571 2.08088 -1.05564
0.52117 2.0903 -1.05564
0.484609 2.09907 -1.05564
0.447902 2.10721 -1.05564
0.411058 2.11471 -1.05564
0.374088 2.12156 -0.522497
0.337005 2.12777 -0.522497
0.299819 2.13332 -0.522497
0.262542 2.13823 -0.522497
0.225184 2.14249 -0.522497
0.187759 2.14609 0.207448
0.150276 2.14904 0.207448
0.112747 2.15134 0.207448
0.0751836 2.15298 0.207448
0.0375975 2.15396 0.207448
1.31912e-16 2.15429 1.12556
-0.0375975 2.15396 1.12556
-0.0751836 2.15298 1.12556
-0.112747 2.15134 1.12556
-0.150276 2.14904 1.12556
-0.187759 2.14609 1.12556
-0.225184 2.14249 2.21121
-0.262542 2.13823 2.21121
-0.299819 2.13332 2.21121
-0.337005 2.12777 2.21121
-0.374088 2.12156 2.21121
-0.411058 2.11471 3.43189
-0.447902 2.10721 3.43189
-0.484609 2.09907 3.43189
-0.52117 2.0903 3.43189
-0.557571 2.08088 3.43189
-0.593802 2.07083 3.43189
-0.629853 2.06016 4.74456
-0.665712 2.04885 4.74456
-0.701368 2.03692 4.74456
-0.73681 2.02437 4.74456
-0.772028 2.0112 4.74456
-0.807011 1.99742 6.09804
-0.841748 1.98303 6.09804
-0.876228 1.96804 6.09804
-0.910442 1.95245 6.09804
-0.944378 1.93626 6.09804
-0.978026 1.91948 6.09804
-1.01138 1.90212 7.43621
-1.04442 1.88418 7.43621
-1.07714 1.86567 7.43621
-1.10954 1.84659 7.43621
-1.1416 1.82694 7.43621
-1.17331 1.80674 8.70204
-1.20466 1.78599 8.70204
-1.23565 1.76469 8.70204
-1.26626 1.74286 8.70204
-1.29648 1.72049 8.70204
-1.32631 1.6976 8.70204
-1.35574 1.6742 9.84052
-1.38475 1.65028 9.84052
-1.41334 1.62586 9.84052
-1.4415 1.60095 9.84052
-1.46922 1.57555 9.84052
-1.49649 1.54967 10.8011
-1.52331 1.52331 10.8011
-1.54967 1.49649 10.8011
-1.57555 1.46922 10.8011
-1.60095 1.4415 10.8011
-1.62586 1.41334 10.8011
-1.65028 1.38475 11.5402
-1.6742 1.35574 11.5402
-1.6976 1.32631 11.5402
-1.72049 1.29648 11.5402
-1.74286 1.26626 11.5402
-1.76469 1.23565 12.0225
-1.78599 1.20466 12.0225
-1.80674 1.17331 12.0225
-1.82694 1.1416 12.0225
-1.84659 1.10954 12.0225
-1.86567 1.07714 12.222
-1.88418 1.04442 12.222
-1.90212 1.01138 12.222
-1.91948 0.978026 12.222
-1.93626 0.944378 12.222
-1.95245 0.910442 12.222
-1.96804 0.876228 12.1218
-1.98303 0.841748 12.1218
-1.99742 0.807011 12.1218
-2.0112 0.772028 12.1218
-2.02437 0.73681 12.1218
-2.03692 0.701368 11.7146
-2.04885 0.665712 11.7146
-2.06016 0.629853 11.7146
-2.07083 0.593802 11.7146
-2.08088 0.557571 11.7146
-2.0903 0.52117 11.7146
-2.09907 0.484609 11.0028
-2.10721 0.447902 11.0028
-2.11471 0.411058 11.0028
-2.12156 0.374088 11.0028
-2.12777 0.337005 11.0028
-2.13332 0.299819 9.99918
-2.13823 0.262542 9.99918
-2.14249 0.225184 9.99918
-2.14609 0.187759 9.99918
-2.14904 0.150276 9.99918
-2.15134 0.112747 9.99918
-2.15298 0.0751836 8.72675
-2.15396 0.0375975 8.72675
-2.15429 2.63824e-16 8.72675
-2.15396 -0.0375975 8.72675
-2.15298 -0.0751836 8.72675
-2.15134 -0.112747 7.2188
-2.14904 -0.150276 7.2188
-2.14609 -0.187759 7.2188
-2.14249 -0.225184 7.2188
-2.13823 -0.262542 7.2188
-2.13332 -0.299819 7.2188
-2.12777 -0.337005 5.51843
-2.12156 -0.374088 5.51843
-2.11471 -0.411058 5.51843
-2.10721 -0.447902 5.51843
-2.09907 -0.484609 5.51843
-2.0903 -0.52117 3.67804
-2.08088 -0.557571 3.67804
-2.07083 -0.593802 3.67804
-2.06016 -0.629853 3.67804
-2.04885 -0.665712 3.67804
-2.03692 -0.701368 3.67804
-2.02437 -0.73681 1.75688
-2.0112 -0.772028 1.75688
-1.99742 -0.807011 1.75688
-1.98303 -0.841748 1.75688
-1.96804 -0.876228 1.75688
-1.95245 -0.910442 -0.181759
-1.93626 -0.944378 -0.181759
-1.91948 -0.978026 -0.181759
-1.90212 -1.01138 -0.181759
-1.88418 -1.04442 -0.181759
-1.86567 -1.07714 -0.181759
-1.84659 -1.10954 -2.07378
-1.82694 -1.1416 -2.07378
-1.80674 -1.17331 -2.07378
-1.78599 -1.20466 -2.07378
-1.76469 -1.23565 -2.07378
-1.74286 -1.26626 -3.85748
-1.72049 -1.29648 -3.85748
-1.6976 -1.32631 -3.85748
-1.6742 -1.35574 -3.85748
-1.65028 -1.38475 -3.85748
-1.62586 -1.41334 -5.47647
-1.60095 -1.4415 -5.47647
-1.57555 -1.46922 -5.47647
-1.54967 -1.49649 -5.47647
-1.52331 -1.52331 -5.47647
-1.49649 -1.54967 -5.47647
-1.46922 -1.57555 -6.88192
-1.4415 -1.60095 -6.88192
-1.41334 -1.62586 -6.88192
-1.38475 -1.65028 -6.88192
-1.35574 -1.6742 -6.88192
-1.32631 -1.6976 -8.03419
-1.29648 -1.72049 -8.03419
-1.26626 -1.74286 -8.03419
-1.23565 -1.76469 -8.03419
-1.20466 -1.78599 -8.03419
-1.17331 -1.80674 -8.03419
-1.1416 -1.82694 -8.90351
-1.10954 -1.84659 -8.90351
-1.07714 -1.86567 -8.90351
-1.04442 -1.88418 -8.90351
-1.01138 -1.90212 -8.90351
-0.978026 -1.91948 -9.47045
-0.944378 -1.93626 -9.47045
-0.910442 -1.95245 -9.47045
-0.876228 -1.96804 -9.47045
-0.841748 -1.98303 -9.47045
-0.807011 -1.99742 -9.47045
-0.772028 -2.0112 -9.72543
-0.73681 -2.02437 -9.72543
-0.701368 -2.03692 -9.72543
-0.665712 -2.04885 -9.72543
-0.629853 -2.06016 -9.72543
-0.593802 -2.07083 -9.66891
-0.557571 -2.08088 -9.66891
-0.52117 -2.0903 -9.66891
-0.484609 -2.09907 -9.66891
-0.447902 -2.10721 -9.66891
-0.411058 -2.11471 -9.66891
-0.374088 -2.12156 -9.31172
-0.337005 -2.12777 -9.31172
-0.299819 -2.13332 -9.31172
-0.262542 -2.13823 -9.31172
-0.225184 -2.14249 -9.31172
-0.187759 -2.14609 -8.67513
-0.150276 -2.14904 -8.67513
-0.112747 -2.15134 -8.67513
-0.0751836 -2.15298 -8.67513
-0.0375975 -2.15396 -8.67513
-3.95736e-16 -2.15429 -8.67513
0.0375975 -2.15396 -7.79088
0.0751836 -2.15298 -7.79088
0.112747 -2.15134 -7.79088
0.150276 -2.14904 -7.79088
0.187759 -2.14609 -7.79088
0.225184 -2.14249 -6.70069
0.262542 -2.13823 -6.70069
0.299819 -2.13332 -6.70069
0.337005 -2.12777 -6.70069
0.374088 -2.12156 -6.70069
0.411058 -2.11471 -5.45505
0.447902 -2.10721 -5.45505
0.484609 -2.09907 -5.45505
0.52117 -2.0903 -5.45505
0.557571 -2.08088 -5.45505
0.593802 -2.07083 -5.45505
0.629853 -2.06016 -4.11108
0.665712 -2.04885 -4.11108
0.701368 -2.03692 -4.11108
0.73681 -2.02437 -4.11108
0.772028 -2.0112 -4.11108
0.807011 -1.99742 -2.72954
0.841748 -1.98303 -2.72954
0.876228 -1.96804 -2.72954
0.910442 -1.95245 -2.72954
0.944378 -1.93626 -2.72954
0.978026 -1.91948 -2.72954
1.01138 -1.90212 -1.37113
1.04442 -1.88418 -1.37113
1.07714 -1.86567 -1.37113
1.10954 -1.84659 -1.37113
1.1416 -1.82694 -1.37113
1.17331 -1.80674 -0.0921041
1.20466 -1.78599 -0.0921041
1.23565 -1.76469 -0.0921041
1.26626 -1.74286 -0.0921041
1.29648 -1.72049 -0.0921041
1.32631 -1.6976 -0.0921041
1.35574 -1.6742 1.05898
1.38475 -1.65028 1.05898
1.41334 -1.62586 1.05898
1.4415 -1.60095 1.05898
1.46922 -1.57555 1.05898
1.49649 -1.54967 2.04394
1.52331 -1.52331 2.04394
1.54967 -1.49649 2.04394
1.57555 -1.46922 2.04394
1.60095 -1.4415 2.04394
1.62586 -1.41334 2.04394
1.65028 -1.38475 2.83724
1.6742 -1.35574 2.83724
1.6976 -1.32631 2.83724
1.72049 -1.29648 2.83724
1.74286 -1.26626 2.83724
1.76469 -1.23565 3.42644
1.78599 -1.20466 3.42644
1.80674 -1.17331 3.42644
1.82694 -1.1416 3.42644
1.84659 -1.10954 3.42644
1.86567 -1.07714 3.42644
1.88418 -1.04442 3.81144
1.90212 -1.01138 3.81144
1.91948 -0.978026 3.81144
1.93626 -0.944378 3.81144
1.95245 -0.910442 3.81144
1.96804 -0.876228 4.00262
1.98303 -0.841748 4.00262
1.99742 -0.807011 4.00262
2.0112 -0.772028 4.00262
2.02437 -0.73681 4.00262
2.03692 -0.701368 4.0182
2.04885 -0.665712 4.0182
2.06016 -0.629853 4.0182
2.07083 -0.593802 4.0182
2.08088 -0.557571 4.0182
2.0903 -0.52117 4.0182
2.09907 -0.484609 3.88152
2.10721 -0.447902 3.88152
2.11471 -0.411058 3.88152
2.12156 -0.374088 3.88152
2.12777 -0.337005 3.88152
2.13332 -0.299819 3.61835
2.13823 -0.262542 3.61835
2.14249 -0.225184 3.61835
2.14609 -0.187759 3.61835
2.14904 -0.150276 3.61835
2.15134 -0.112747 3.61835
2.15298 -0.0751836 2.81831
2.15396 -0.0375975 2.81831

2.23408 0 3.25469
2.23374 0.03899 3.25469
2.23272 0.0779682 3.25469
2.23102 0.116923 2.81484
2.22863 0.155841 2.81484
2.22558 0.194713 2.81484
2.22184 0.233525 2.81484
2.21742 0.272265 2.81484
2.21233 0.310923 2.81484
2.20657 0.349487 2.3208
2.20014 0.387943 2.3208
2.19303 0.426282 2.3208
2.18526 0.464491 2.3208
2.17682 0.502558 2.3208
2.16772 0.540472 1.79266
2.15795 0.578222 1.79266
2.14753 0.615795 1.79266
2.13646 0.653181 1.79266
2.12473 0.690368 1.79266
2.11236 0.727344 1.79266
2.09935 0.764099 1.24849
2.08569 0.800622 1.24849
2.0714 0.8369 1.24849
2.05648 0.872923 1.24849
2.04093 0.908681 1.24849
2.02476 0.944162 0.705094
2.00797 0.979355 0.705094
1.99058 1.01425 0.705094
1.97257 1.04884 0.705094
1.95397 1.0831 0.705094
1.93477 1.11704 0.178893
1.91498 1.15063 0.178893
1.8946 1.18388 0.178893
1.87365 1.21677 0.178893
1.85213 1.24928 0.178893
1.83005 1.28141 0.178893
1.80741 1.31316 -0.313056
1.78421 1.3445 -0.313056
1.76048 1.37544 -0.313056
1.7362 1.40595 -0.313056
1.7114 1.43604 -0.313056
1.68608 1.46569 -0.75231
1.66024 1.49489 -0.75231
1.6339 1.52364 -0.75231
1.60706 1.55192 -0.75231
1.57973 1.57973 -0.75231
1.55192 1.60706 -0.75231
1.52364 1.6339 -1.11847
1.49489 1.66024 -1.11847
1.46569 1.68608 -1.11847
1.43604 1.7114 -1.11847
1.40595 1.7362 -1.11847
1.37544 1.76048 -1.38925
1.3445 1.78421 -1.38925
1.31316 1.80741 -1.38925
1.28141 1.83005 -1.38925
1.24928 1.85213 -1.38925
1.21677 1.87365 -1.38925
1.18388 1.8946 -1.54104
1.15063 1.91498 -1.54104
1.11704 1.93477 -1.54104
1.0831 1.95397 -1.54104
1.04884 1.97257 -1.54104
1.01425 1.99058 -1.55012
0.979355 2.00797 -1.55012
0.944162 2.02476 -1.55012
0.908681 2.04093 -1.55012
0.872923 2.05648 -1.55012
0.8369 2.0714 -1.55012
0.800622 2.08569 -1.39437
0.764099 2.09935 -1.39437
0.727344 2.11236 -1.39437
0.690368 2.12473 -1.39437
0.653181 2.13646 -1.39437
0.615795 2.14753 -1.05564
0.578222 2.15795 -1.05564
0.540472 2.16772 -1.05564
0.502558 2.17682 -1.05564
0.464491 2.18526 -1.05564
0.426282 2.19303 -1.05564
0.387943 2.20014 -0.522497
0.349487 2.20657 -0.522497
0.310923 2.21233 -0.522497
0.272265 2.21742 -0.522497
0.233525 2.22184 -0.522497
0.194713 2.22558 0.207448
0.155841 2.22863 0.207448
0.116923 2.23102 0.207448
0.0779682 2.23272 0.207448
0.03899 2.23374 0.207448
1.36798e-16 2.23408 1.12556
-0.03899 2.23374 1.12556
-0.0779682 2.23272 1.12556
-0.116923 2.23102 1.12556
-0.155841 2.22863 1.12556
-0.194713 2.22558 1.12556
-0.233525 2.22184 2.21121
-0.272265 2.21742 2.21121
-0.310923 2.21233 2.21121
-0.349487 2.20657 2.21121
-0.387943 2.20014 2.21121
-0.426282 2.19303 3.43189
-0.464491 2.18526 3.43189
-0.502558 2.17682 3.43189
-0.540472 2.16772 3.43189
-0.578222 2.15795 3.43189
-0.615795 2.14753 3.43189
-0.653181 2.13646 4.74456
-0.690368 2.12473 4.74456
-0.727344 2.11236 4.74456
-0.764099 2.09935 4.74456
-0.800622 2.08569 4.74456
-0.8369 2.0714 6.09804
-0.872923 2.05648 6.09804
-0.908681 2.04093 6.09804
-0.944162 2.02476 6.09804
-0.979355 2.00797 6.09804
-1.01425 1.99058 6.09804
-1.04884 1.97257 7.43621
-1.0831 1.95397 7.43621
-1.11704 1.93477 7.43621
-1.15063 1.91498 7.43621
-1.18388 1.8946 7.43621
-1.21677 1.87365 8.70204
-1.24928 1.85213 8.70204
-1.28141 1.83005 8.70204
-1.31316 1.80741 8.70204
-1.3445 1.78421 8.70204
-1.37544 1.76048 8.70204
-1.40595 1.7362 9.84052
-1.43604 1.7114 9.84052
-1.46569 1.68608 9.84052
-1.49489 1.66024 9.84052
-1.52364 1.6339 9.84052
-1.55192 1.60706 10.8011
-1.57973 1.57973 10.8011
-1.60706 1.55192 10.8011
-1.6339 1.52364 10.8011
-1.66024 1.49489 10.8011
-1.68608 1.46569 10.8011
-1.7114 1.43604 11.5402
-1.7362 1.40595 11.5402
-1.76048 1.37544 11.5402
-1.78421 1.3445 11.5402
-1.80741 1.31316 11.5402
-1.83005 1.28141 12.0225
-1.85213 1.24928 12.0225
-1.87365 1.21677 12.0225
-1.8946 1.18388 12.0225
-1.91498 1.15063 12.0225
-1.93477 1.11704 12.222
-1.95397 1.0831 12.222
-1.97257 1.04884 12.222
-1.99058 1.01425 12.222
-2.00797 0.979355 12.222
-2.02476 0.944162 12.222
-2.04093 0.908681 12.1218
-2.05648 0.872923 12.1218
-2.0714 0.8369 12.1218
-2.08569 0.800622 12.1218
-2.09935 0.764099 12.1218
-2.11236 0.727344 11.7146
-2.12473 0.690368 11.7146
-2.13646 0.653181 11.7146
-2.14753 0.615795 11.7146
-2.15795 0.578222 11.7146
-2.16772 0.540472 11.7146
-2.17682 0.502558 11.0028
-2.18526 0.464491 11.0028
-2.19303 0.426282 11.0028
-2.20014 0.387943 11.0028
-2.20657 0.349487 11.0028
-2.21233 0.310923 9.99918
-2.21742 0.272265 9.99918
-2.22184 0.233525 9.99918
-2.22558 0.194713 9.99918
-2.22863 0.155841 9.99918
-2.23102 0.116923 9.99918
-2.23272 0.0779682 8.72675
-2.23374 0.03899 8.72675
-2.23408 2.73595e-16 8.72675
-2.23374 -0.03899 8.72675
-2.23272 -0.0779682 8.72675
-2.23102 -0.116923 7.2188
-2.22863 -0.155841 7.2188
-2.22558 -0.194713 7.2188
-2.22184 -0.233525 7.2188
-2.21742 -0.272265 7.2188
-2.21233 -0.310923 7.2188
-2.20657 -0.349487 5.51843
-2.20014 -0.387943 5.51843
-2.19303 -0.426282 5.51843
-2.18526 -0.464491 5.51843
-2.17682 -0.502558 5.51843
-2.16772 -0.540472 3.67804
-2.15795 -0.578222 3.67804
-2.14753 -0.615795 3.67804
-2.13646 -0.653181 3.67804
-2.12473 -0.690368 3.67804
-2.11236 -0.727344 3.67804
-2.09935 -0.764099 1.75688
-2.08569 -0.800622 1.75688
-2.0714 -0.8369 1.75688
-2.05648 -0.872923 1.75688
-2.04093 -0.908681 1.75688
-2.02476 -0.944162 -0.181759
-2.00797 -0.979355 -0.181759
-1.99058 -1.01425 -0.181759
-1.97257 -1.04884 -0.181759
-1.95397 -1.0831 -0.181759
-1.93477 -1.11704 -0.181759
-1.91498 -1.15063 -2.07378
-1.8946 -1.18388 -2.07378
-1.87365 -1.21677 -2.07378
-1.85213 -1.24928 -2.07378
-1.83005 -1.28141 -2.07378
-1.80741 -1.31316 -3.85748
-1.78421 -1.3445 -3.85748
-1.76048 -1.37544 -3.85748
-1.7362 -1.40595 -3.85748
-1.7114 -1.43604 -3.85748
-1.68608 -1.46569 -5.47647
-1.66024 -1.49489 -5.47647
-1.6339 -1.52364 -5.47647
-1.60706 -1.55192 -5.47647
-1.57973 -1.57973 -5.47647
-1.55192 -1.60706 -5.47647
-1.52364 -1.6339 -6.88192
-1.49489 -1.66024 -6.88192
-1.46569 -1.68608 -6.88192
-1.43604 -1.7114 -6.88192
-1.40595 -1.7362 -6.88192
-1.37544 -1.76048 -8.03419
-1.3445 -1.78421 -8.03419
-1.31316 -1.80741 -8.03419
-1.28141 -1.83005 -8.03419
-1.24928 -1.85213 -8.03419
-1.21677 -1.87365 -8.03419
-1.18388 -1.8946 -8.90351
-1.15063 -1.91498 -8.90351
-1.11704 -1.93477 -8.90351
-1.0831 -1.95397 -8.90351
-1.04884 -1.97257 -8.90351
-1.01425 -1.99058 -9.47045
-0.979355 -2.00797 -9.47045
-0.944162 -2.02476 -9.47045
-0.908681 -2.04093 -9.47045
-0.872923 -2.05648 -9.47045
-0.8369 -2.0714 -9.47045
-0.800622 -2.08569 -9.72543
-0.764099 -2.09935 -9.72543
-0.727344 -2.11236 -9.72543
-0.690368 -2.12473 -9.72543
-0.653181 -2.13646 -9.72543
-0.615795 -2.14753 -9.66891
-0.578222 -2.15795 -9.66891
-0.540472 -2.16772 -9.66891
-0.502558 -2.17682 -9.66891
-0.464491 -2.18526 -9.66891
-0.426282 -2.19303 -9.66891
-0.387943 -2.20014 -9.31172
-0.349487 -2.20657 -9.31172
-0.310923 -2.21233 -9.31172
-0.272265 -2.21742 -9.31172
-0.233525 -2.22184 -9.31172
-0.194713 -2.22558 -8.67513
-0.155841 -2.22863 -8.67513
-0.116923 -2.23102 -8.67513
-0.0779682 -2.23272 -8.67513
-0.03899 -2.23374 -8.67513
-4.10393e-16 -2.23408 -8.67513
0.03899 -2.23374 -7.79088
0.0779682 -2.23272 -7.79088
0.116923 -2.23102 -7.79088
0.155841 -2.22863 -7.79088
0.194713 -2.22558 -7.79088
0.233525 -2.22184 -6.70069
0.272265 -2.21742 -6.70069
0.310923 -2.21233 -6.70069
0.349487 -2.20657 -6.70069
0.387943 -2.20014 -6.70069
0.426282 -2.19303 -5.45505
0.464491 -2.18526 -5.45505
0.502558 -2.17682 -5.45505
0.540472 -2.16772 -5.45505
0.578222 -2.15795 -5.45505
0.615795 -2.14753 -5.45505
0.653181 -2.13646 -4.11108
0.690368 -2.12473 -4.11108
0.727344 -2.11236 -4.11108
0.764099 -2.09935 -4.11108
0.800622 -2.08569 -4.11108
0.8369 -2.0714 -2.72954
0.872923 -2.05648 -2.72954
0.908681 -2.04093 -2.72954
0.944162 -2.02476 -2.72954
0.979355 -2.00797 -2.72954
1.01425 -1.99058 -2.72954
1.04884 -1.97257 -1.37113
1.0831 -1.95397 -1.37113
1.11704 -1.93477 -1.37113
1.15063 -1.91498 -1.37113
1.18388 -1.8946 -1.37113
1.21677 -1.87365 -0.0921041
1.24928 -1.85213 -0.0921041
1.28141 -1.83005 -0.0921041
1.31316 -1.80741 -0.0921041
1.3445 -1.78421 -0.0921041
1.37544 -1.76048 -0.0921041
1.40595 -1.7362 1.05898
1.43604 -1.7114 1.05898
1.46569 -1.68608 1.05898
1.49489 -1.66024 1.05898
1.52364 -1.6339 1.05898
1.55192 -1.60706 2.04394
1.57973 -1.57973 2.04394
1.60706 -1.55192 2.04394
1.6339 -1.52364 2.04394
1.66024 -1.49489 2.04394
1.68608 -1.46569 2.04394
1.7114 -1.43604 2.83724
1.7362 -1.40595 2.83724
1.76048 -1.37544 2.83724
1.78421 -1.3445 2.83724
1.80741 -1.31316 2.83724
1.83005 -1.28141 3.42644
1.85213 -1.24928 3.42644
1.87365 -1.21677 3.42644
1.8946 -1.18388 3.42644
1.91498 -1.15063 3.42644
1.93477 -1.11704 3.42644
1.95397 -1.0831 3.81144
1.97257 -1.04884 3.81144
1.99058 -1.01425 3.81144
2.00797 -0.979355 3.81144
2.02476 -0.944162 3.81144
2.04093 -0.908681 4.00262
2.05648 -0.872923 4.00262
2.0714 -0.8369 4.00262
2.08569 -0.800622 4.00262
2.09935 -0.764099 4.00262
2.11236 -0.727344 4.0182
2.12473 -0.690368 4.0182
2.13646 -0.653181 4.0182
2.14753 -0.615795 4.0182
2.15795 -0.578222 4.0182
2.16772 -0.540472 4.0182
2.17682 -0.502558 3.88152
2.18526 -0.464491 3.88152
2.19303 -0.426282 3.88152
2.20014 -0.387943 3.88152
2.20657 -0.349487 3.88152
2.21233 -0.310923 3.61835
2.21742 -0.272265 3.61835
2.22184 -0.233525 3.61835
2.22558 -0.194713 3.61835
2.22863 -0.155841 3.61835
2.23102 -0.116923 3.61835
2.23272 -0.0779682 2.81831
2.23374 -0.03899 2.81831

2.31387 0 3.7194
2.31351 0.0403825 3.7194
2.31246 0.0807527 3.7194
2.31069 0.121098 3.21288
2.30823 0.161407 3.21288
2.30506 0.201667 3.21288
2.30119 0.241865 3.21288
2.29662 0.281989 3.21288
2.29135 0.322028 2.65836
2.28538 0.361968 2.65836
2.27871 0.401798 2.65836
2.27135 0.441506 2.65836
2.2633 0.48108 2.65836
2.25456 0.520506 2.07284
2.24513 0.559775 2.07284
2.23502 0.598872 2.07284
2.22423 0.637788 2.07284
2.21276 0.676509 2.07284
2.20062 0.715024 1.47106
2.1878 0.753321 1.47106
2.17432 0.791389 1.47106
2.16018 0.829215 1.47106
2.14538 0.866789 1.47106
2.12992 0.904099 0.866105
2.11382 0.941134 0.866105
2.09707 0.977882 0.866105
2.07969 1.01433 0.866105
2.06167 1.05047 0.866105
2.04302 1.08629 0.270429
2.02375 1.12178 0.270429
2.00387 1.15693 0.270429
1.98337 1.19173 0.270429
1.96227 1.22616 0.270429
1.94057 1.26022 -0.303248
1.91828 1.2939 -0.303248
1.89541 1.32718 -0.303248
1.87196 1.36006 -0.303248
1.84793 1.39252 -0.303248
1.82335 1.42456 -0.840966
1.79821 1.45616 -0.840966
1.77252 1.48732 -0.840966
1.7463 1.51803 -0.840966
1.71954 1.54828 -0.840966
1.69225 1.57805 -1.32684
1.66446 1.60735 -1.32684
1.63615 1.63615 -1.32684
1.60735 1.66446 -1.32684
1.57805 1.69225 -1.32684
1.54828 1.71954 -1.74258
1.51803 1.7463 -1.74258
1.48732 1.77252 -1.74258
1.45616 1.79821 -1.74258
1.42456 1.82335 -1.74258
1.39252 1.84793 -2.06746
1.36006 1.87196 -2.06746
1.32718 1.89541 -2.06746
1.2939 1.91828 -2.06746
1.26022 1.94057 -2.06746
1.22616 1.96227 -2.27879
1.19173 1.98337 -2.27879
1.15693 2.00387 -2.27879
1.12178 2.02375 -2.27879
1.08629 2.04302 -2.27879
1.05047 2.06167 -2.35299
1.01433 2.07969 -2.35299
0.977882 2.09707 -2.35299
0.941134 2.11382 -2.35299
0.904099 2.12992 -2.35299
0.866789 2.14538 -2.26696
0.829215 2.16018 -2.26696
0.791389 2.17432 -2.26696
0.753321 2.1878 -2.26696
0.715024 2.20062 -2.26696
0.676509 2.21276 -2.00022
0.637788 2.22423 -2.00022
0.598872 2.23502 -2.00022
0.559775 2.24513 -2.00022
0.520506 2.25456 -2.00022
0.48108 2.2633 -1.53737
0.441506 2.27135 -1.53737
0.401798 2.27871 -1.53737
0.361968 2.28538 -1.53737
0.322028 2.29135 -1.53737
0.281989 2.29662 -0.870326
0.241865 2.30119 -0.870326
0.201667 2.30506 -0.870326
0.161407 2.30823 -0.870326
0.121098 2.31069 -0.870326
0.0807527 2.31246 -0.000428182
0.0403825 2.31351 -0.000428182
1.41683e-16 2.31387 -0.000428182
-0.0403825 2.31351 -0.000428182
-0.0807527 2.31246 -0.000428182
-0.121098 2.31069 1.06024
-0.161407 2.30823 1.06024
-0.201667 2.30506 1.06024
-0.241865 2.30119 1.06024
-0.281989 2.29662 1.06024
-0.322028 2.29135 2.2883
-0.361968 2.28538 2.2883
-0.401798 2.27871 2.2883
-0.441506 2.27135 2.2883
-0.48108 2.2633 2.2883
-0.520506 2.25456 3.64965
-0.559775 2.24513 3.64965
-0.598872 2.23502 3.64965
-0.637788 2.22423 3.64965
-0.676509 2.21276 3.64965
-0.715024 2.20062 5.10095
-0.753321 2.1878 5.10095
-0.791389 2.17432 5.10095
-0.829215 2.16018 5.10095
-0.866789 2.14538 5.10095
-0.904099 2.12992 6.59203
-0.941134 2.11382 6.59203
-0.977882 2.09707 6.59203
-1.01433 2.07969 6.59203
-1.05047 2.06167 6.59203
-1.08629 2.04302 8.06885
-1.12178 2.02375 8.06885
-1.15693 2.00387 8.06885
-1.19173 1.98337 8.06885
-1.22616 1.96227 8.06885
-1.26022 1.94057 9.47701
-1.2939 1.91828 9.47701
-1.32718 1.89541 9.47701
-1.36006 1.87196 9.47701
-1.39252 1.84793 9.47701
-1.42456 1.82335 10.7644
-1.45616 1.79821 10.7644
-1.48732 1.77252 10.7644
-1.51803 1.7463 10.7644
-1.54828 1.71954 10.7644
-1.57805 1.69225 11.8831
-1.60735 1.66446 11.8831
-1.63615 1.63615 11.8831
-1.66446 1.60735 11.8831
-1.69225 1.57805 11.8831
-1.71954 1.54828 12.7916
-1.7463 1.51803 12.7916
-1.77252 1.48732 12.7916
-1.79821 1.45616 12.7916
-1.82335 1.42456 12.7916
-1.84793 1.39252 13.4557
-1.87196 1.36006 13.4557
-1.89541 1.32718 13.4557
-1.91828 1.2939 13.4557
-1.94057 1.26022 13.4557
-1.96227 1.22616 13.8489
-1.98337 1.19173 13.8489
-2.00387 1.15693 13.8489
-2.02375 1.12178 13.8489
-2.04302 1.08629 13.8489
-2.06167 1.05047 13.9521
-2.07969 1.01433 13.9521
-2.09707 0.977882 13.9521
-2.11382 0.941134 13.9521
-2.12992 0.904099 13.9521
-2.14538 0.866789 13.7542
-2.16018 0.829215 13.7542
-2.17432 0.791389 13.7542
-2.1878 0.753321 13.7542
-2.20062 0.715024 13.7542
-2.21276 0.676509 13.2512
-2.22423 0.637788 13.2512
-2.23502 0.598872 13.2512
-2.24513 0.559775 13.2512
-2.25456 0.520506 13.2512
-2.2633 0.48108 12.4474
-2.27135 0.441506 12.4474
-2.27871 0.401798 12.4474
-2.28538 0.361968 12.4474
-2.29135 0.322028 12.4474
-2.29662 0.281989 11.3548
-2.30119 0.241865 11.3548
-2.30506 0.201667 11.3548
-2.30823 0.161407 11.3548
-2.31069 0.121098 11.3548
-2.31246 0.0807527 9.99466
-2.31351 0.0403825 9.99466
-2.31387 2.83367e-16 9.99466
-2.31351 -0.0403825 9.99466
-2.31246 -0.0807527 9.99466
-2.31069 -0.121098 8.39666
-2.30823 -0.161407 8.39666
-2.30506 -0.201667 8.39666
-2.30119 -0.241865 8.39666
-2.29662 -0.281989 8.39666
-2.29135 -0.322028 6.59941
-2.28538 -0.361968 6.59941
-2.27871 -0.401798 6.59941
-2.27135 -0.441506 6.59941
-2.2633 -0.48108 6.59941
-2.25456 -0.520506 4.6501
-2.24513 -0.559775 4.6501
-2.23502 -0.598872 4.6501
-2.22423 -0.637788 4.6501
-2.21276 -0.676509 4.6501
-2.20062 -0.715024 2.60266
-2.1878 -0.753321 2.60266
-2.17432 -0.791389 2.60266
-2.16018 -0.829215 2.60266
-2.14538 -0.866789 2.60266
-2.12992 -0.904099 0.515464
-2.11382 -0.941134 0.515464
-2.09707 -0.977882 0.515464
-2.07969 -1.01433 0.515464
-2.06167 -1.05047 0.515464
-2.04302 -1.08629 -1.55128
-2.02375 -1.12178 -1.55128
-2.00387 -1.15693 -1.55128
-1.98337 -1.19173 -1.55128
-1.96227 -1.22616 -1.55128
-1.94057 -1.26022 -3.53851
-1.91828 -1.2939 -3.53851
-1.89541 -1.32718 -3.53851
-1.87196 -1.36006 -3.53851
-1.84793 -1.39252 -3.53851
-1.82335 -1.42456 -5.39086
-1.79821 -1.45616 -5.39086
-1.77252 -1.48732 -5.39086
-1.7463 -1.51803 -5.39086
-1.71954 -1.54828 -5.39086
-1.69225 -1.57805 -7.05898
-1.66446 -1.60735 -7.05898
-1.63615 -1.63615 -7.05898
-1.60735 -1.66446 -7.05898
-1.57805 -1.69225 -7.05898
-1.54828 -1.71954 -8.50098
-1.51803 -1.7463 -8.50098
-1.48732 -1.77252 -8.50098
-1.45616 -1.79821 -8.50098
-1.42456 -1.82335 -8.50098
-1.39252 -1.84793 -9.68334
-1.36006 -1.87196 -9.68334
-1.32718 -1.89541 -9.68334
-1.2939 -1.91828 -9.68334
-1.26022 -1.94057 -9.68334
-1.22616 -1.96227 -10.581
-1.19173 -1.98337 -10.581
-1.15693 -2.00387 -10.581
-1.12178 -2.02375 -10.581
-1.08629 -2.04302 -10.581
-1.05047 -2.06167 -11.1777
-1.01433 -2.07969 -11.1777
-0.977882 -2.09707 -11.1777
-0.941134 -2.11382 -11.1777
-0.904099 -2.12992 -11.1777
-0.866789 -2.14538 -11.4646
-0.829215 -2.16018 -11.4646
-0.791389 -2.17432 -11.4646
-0.753321 -2.1878 -11.4646
-0.715024 -2.20062 -11.4646
-0.676509 -2.21276 -11.4412
-0.637788 -2.22423 -11.4412
-0.598872 -2.23502 -11.4412
-0.559775 -2.24513 -11.4412
-0.520506 -2.25456 -11.4412
-0.48108 -2.2633 -11.1149
-0.441506 -2.27135 -11.1149
-0.401798 -2.27871 -11.1149
-0.361968 -2.28538 -11.1149
-0.322028 -2.29135 -11.1149
-0.281989 -2.29662 -10.5017
-0.241865 -2.30119 -10.5017
-0.201667 -2.30506 -10.5017
-0.161407 -2.30823 -10.5017
-0.121098 -2.31069 -10.5017
-0.0807527 -2.31246 -9.62626
-0.0403825 -2.31351 -9.62626
-4.2505e-16 -2.31387 -9.62626
0.0403825 -2.31351 -9.62626
0.0807527 -2.31246 -9.62626
0.121098 -2.31069 -8.52248
0.161407 -2.30823 -8.52248
0.201667 -2.30506 -8.52248
0.241865 -2.30119 -8.52248
0.281989 -2.29662 -8.52248
0.322028 -2.29135 -7.23276
0.361968 -2.28538 -7.23276
0.401798 -2.27871 -7.23276
0.441506 -2.27135 -7.23276
0.48108 -2.2633 -7.23276
0.520506 -2.25456 -5.8071
0.559775 -2.24513 -5.8071
0.598872 -2.23502 -5.8071
0.637788 -2.22423 -5.8071
0.676509 -2.21276 -5.8071
0.715024 -2.20062 -4.30114
0.753321 -2.1878 -4.30114
0.791389 -2.17432 -4.30114
0.829215 -2.16018 -4.30114
0.866789 -2.14538 -4.30114
0.904099 -2.12992 -2.77342
0.941134 -2.11382 -2.77342
0.977882 -2.09707 -2.77342
1.01433 -2.07969 -2.77342
1.05047 -2.06167 -2.77342
1.08629 -2.04302 -1.28209
1.12178 -2.02375 -1.28209
1.15693 -2.00387 -1.28209
1.19173 -1.98337 -1.28209
1.22616 -1.96227 -1.28209
1.26022 -1.94057 0.118962
1.2939 -1.91828 0.118962
1.32718 -1.89541 0.118962
1.36006 -1.87196 0.118962
1.39252 -1.84793 0.118962
1.42456 -1.82335 1.38302
1.45616 -1.79821 1.38302
1.48732 -1.77252 1.38302
1.51803 -1.7463 1.38302
1.54828 -1.71954 1.38302
1.57805 -1.69225 2.47304
1.60735 -1.66446 2.47304
1.63615 -1.63615 2.47304
1.66446 -1.60735 2.47304
1.69225 -1.57805 2.47304
1.71954 -1.54828 3.36367
1.7463 -1.51803 3.36367
1.77252 -1.48732 3.36367
1.79821 -1.45616 3.36367
1.82335 -1.42456 3.36367
1.84793 -1.39252 4.04183
1.87196 -1.36006 4.04183
1.89541 -1.32718 4.04183
1.91828 -1.2939 4.04183
1.94057 -1.26022 4.04183
1.96227 -1.22616 4.50619
1.98337 -1.19173 4.50619
2.00387 -1.15693 4.50619
2.02375 -1.12178 4.50619
2.04302 -1.08629 4.50619
2.06167 -1.05047 4.76562
2.07969 -1.01433 4.76562
2.09707 -0.977882 4.76562
2.11382 -0.941134 4.76562
2.12992 -0.904099 4.76562
2.14538 -0.866789 4.83699
2.16018 -0.829215 4.83699
2.17432 -0.791389 4.83699
2.1878 -0.753321 4.83699
2.20062 -0.715024 4.83699
2.21276 -0.676509 4.74266
2.22423 -0.637788 4.74266
2.23502 -0.598872 4.74266
2.24513 -0.559775 4.74266
2.25456 -0.520506 4.74266
2.2633 -0.48108 4.50786
2.27135 -0.441506 4.50786
2.27871 -0.401798 4.50786
2.28538 -0.361968 4.50786
2.29135 -0.322028 4.50786
2.29662 -0.281989 4.1585
2.30119 -0.241865 4.1585
2.30506 -0.201667 4.1585
2.30823 -0.161407 4.1585
2.31069 -0.121098 4.1585
2.31246 -0.0807527 3.25469
2.31351 -0.0403825 3.25469

2.39365 0 3.7194
2.39329 0.041775 3.7194
2.3922 0.0835373 3.7194
2.39037 0.125274 3.21288
2.38782 0.166973 3.21288
2.38455 0.208621 3.21288
2.38054 0.250205 3.21288
2.37581 0.291713 3.21288
2.37036 0.333132 2.65836
2.36418 0.37445 2.65836
2.35729 0.415654 2.65836
2.34968 0.456731 2.65836
2.34135 0.497669 2.65836
2.3323 0.538455 2.07284
2.32255 0.579077 2.07284
2.31209 0.619523 2.07284
2.30093 0.65978 2.07284
2.28906 0.699837 2.07284
2.2765 0.73968 1.47106
2.26324 0.779297 1.47106
2.2493 0.818678 1.47106
2.23467 0.857809 1.47106
2.21936 0.896678 1.47106
2.20337 0.935275 0.866105
2.18671 0.973587 0.866105
2.16939 1.0116 0.866105
2.1514 1.04931 0.866105
2.13276 1.0867 0.866105
2.11347 1.12375 0.270429
2.09354 1.16047 0.270429
2.07296 1.19683 0.270429
2.05176 1.23282 0.270429
2.02993 1.26844 0.270429
2.00749 1.30368 -0.303248
1.98443 1.33851 -0.303248
1.96077 1.37294 -0.303248
1.93651 1.40695 -0.303248
1.91166 1.44054 -0.303248
1.88622 1.47368 -0.840966
1.86022 1.50638 -0.840966
1.83365 1.53861 -0.840966
1.80651 1.57038 -0.840966
1.77883 1.60167 -0.840966
1.75061 1.63247 -1.32684
1.72185 1.66277 -1.32684
1.69257 1.69257 -1.32684
1.66277 1.72185 -1.32684
1.63247 1.75061 -1.32684
1.60167 1.77883 -1.74258
1.57038 1.80651 -1.74258
1.53861 1.83365 -1.74258
1.50638 1.86022 -1.74258
1.47368 1.88622 -1.74258
1.44054 1.91166 -2.06746
1.40695 1.93651 -2.06746
1.37294 1.96077 -2.06746
1.33851 1.98443 -2.06746
1.30368 2.00749 -2.06746
1.26844 2.02993 -2.27879
1.23282 2.05176 -2.27879
1.19683 2.07296 -2.27879
1.16047 2.09354 -2.27879
1.12375 2.11347 -2.27879
1.0867 2.13276 -2.35299
1.04931 2.1514 -2.35299
1.0116 2.16939 -2.35299
0.973587 2.18671 -2.35299
0.935275 2.20337 -2.35299
0.896678 2.21936 -2.26696
0.857809 2.23467 -2.26696
0.818678 2.2493 -2.26696
0.779297 2.26324 -2.26696
0.73968 2.2765 -2.26696
0.699837 2.28906 -2.00022
0.65978 2.30093 -2.00022
0.619523 2.31209 -2.00022
0.579077 2.32255 -2.00022
0.538455 2.3323 -2.00022
0.497669 2.34135 -1.53737
0.456731 2.34968 -1.53737
0.415654 2.35729 -1.53737
0.37445 2.36418 -1.53737
0.333132 2.37036 -1.53737
0.291713 2.37581 -0.870326
0.250205 2.38054 -0.870326
0.208621 2.38455 -0.870326
0.166973 2.38782 -0.870326
0.125274 2.39037 -0.870326
0.0835373 2.3922 -0.000428182
0.041775 2.39329 -0.000428182
1.46569e-16 2.39365 -0.000428182
-0.041775 2.39329 -0.000428182
-0.0835373 2.3922 -0.000428182
-0.125274 2.39037 1.06024
-0.166973 2.38782 1.06024
-0.208621 2.38455 1.06024
-0.250205 2.38054 1.06024
-0.291713 2.37581 1.06024
-0.333132 2.37036 2.2883
-0.37445 2.36418 2.2883
-0.415654 2.35729 2.2883
-0.456731 2.34968 2.2883
-0.497669 2.34135 2.2883
-0.538455 2.3323 3.64965
-0.579077 2.32255 3.64965
-0.619523 2.31209 3.64965
-0.65978 2.30093 3.64965
-0.699837 2.28906 3.64965
-0.73968 2.2765 5.10095
-0.779297 2.26324 5.10095
-0.818678 2.2493 5.10095
-0.857809 2.23467 5.10095
-0.896678 2.21936 5.10095
-0.935275 2.20337 6.59203
-0.973587 2.18671 6.59203
-1.0116 2.16939 6.59203
-1.04931 2.1514 6.59203
-1.0867 2.13276 6.59203
-1.12375 2.11347 8.06885
-1.16047 2.09354 8.06885
-1.19683 2.07296 8.06885
-1.23282 2.05176 8.06885
-1.26844 2.02993 8.06885
-1.30368 2.00749 9.47701
-1.33851 1.98443 9.47701
-1.37294 1.96077 9.47701
-1.40695 1.93651 9.47701
-1.44054 1.91166 9.47701
-1.47368 1.88622 10.7644
-1.50638 1.86022 10.7644
-1.53861 1.83365 10.7644
-1.57038 1.80651 10.7644
-1.60167 1.77883 10.7644
-1.63247 1.75061 11.8831
-1.66277 1.72185 11.8831
-1.69257 1.69257 11.8831
-1.72185 1.66277 11.8831
-1.75061 1.63247 11.8831
-1.77883 1.60167 12.7916
-1.80651 1.57038 12.7916
-1.83365 1.53861 12.7916
-1.86022 1.50638 12.7916
-1.88622 1.47368 12.7916
-1.91166 1.44054 13.4557
-1.93651 1.40695 13.4557
-1.96077 1.37294 13.4557
-1.98443 1.33851 13.4557
-2.00749 1.30368 13.4557
-2.02993 1.26844 13.8489
-2.05176 1.23282 13.8489
-2.07296 1.19683 13.8489
-2.09354 1.16047 13.8489
-2.11347 1.12375 13.8489
-2.13276 1.0867 13.9521
-2.1514 1.04931 13.9521
-2.16939 1.0116 13.9521
-2.18671 0.973587 13.9521
-2.20337 0.935275 13.9521
-2.21936 0.896678 13.7542
-2.23467 0.857809 13.7542
-2.2493 0.818678 13.7542
-2.26324 0.779297 13.7542
-2.2765 0.73968 13.7542
-2.28906 0.699837 13.2512
-2.30093 0.65978 13.2512
-2.31209 0.619523 13.2512
-2.32255 0.579077 13.2512
-2.3323 0.538455 13.2512
-2.34135 0.497669 12.4474
-2.34968 0.456731 12.4474
-2.35729 0.415654 12.4474
-2.36418 0.37445 12.4474
-2.37036 0.333132 12.4474
-2.37581 0.291713 11.3548
-2.38054 0.250205 11.3548
-2.38455 0.208621 11.3548
-2.38782 0.166973 11.3548
-2.39037 0.125274 11.3548
-2.3922 0.0835373 9.99466
-2.39329 0.041775 9.99466
-2.39365 2.93138e-16 9.99466
-2.39329 -0.041775 9.99466
-2.3922 -0.0835373 9.99466
-2.39037 -0.125274 8.39666
-2.38782 -0.166973 8.39666
-2.38455 -0.208621 8.39666
-2.38054 -0.250205 8.39666
-2.37581 -0.291713 8.39666
-2.37036 -0.333132 6.59941
-2.36418 -0.37445 6.59941
-2.35729 -0.415654 6.59941
-2.34968 -0.456731 6.59941
-2.34135 -0.497669 6.59941
-2.3323 -0.538455 4.6501
-2.32255 -0.579077 4.6501
-2.31209 -0.619523 4.6501
-2.30093 -0.65978 4.6501
-2.28906 -0.699837 4.6501
-2.2765 -0.73968 2.60266
-2.26324 -0.779297 2.60266
-2.2493 -0.818678 2.60266
-2.23467 -0.857809 2.60266
-2.21936 -0.896678 2.60266
-2.20337 -0.935275 0.515464
-2.18671 -0.973587 0.515464
-2.16939 -1.0116 0.515464
-2.1514 -1.04931 0.515464
-2.13276 -1.0867 0.515464
-2.11347 -1.12375 -1.55128
-2.09354 -1.16047 -1.55128
-2.07296 -1.19683 -1.55128
-2.05176 -1.23282 -1.55128
-2.02993 -1.26844 -1.55128
-2.00749 -1.30368 -3.53851
-1.98443 -1.33851 -3.53851
-1.96077 -1.37294 -3.53851
-1.93651 -1.40695 -3.53851
-1.91166 -1.44054 -3.53851
-1.88622 -1.47368 -5.39086
-1.86022 -1.50638 -5.39086
-1.83365 -1.53861 -5.39086
-1.80651 -1.57038 -5.39086
-1.77883 -1.60167 -5.39086
-1.75061 -1.63247 -7.05898
-1.72185 -1.66277 -7.05898
-1.69257 -1.69257 -7.05898
-1.66277 -1.72185 -7.05898
-1.63247 -1.75061 -7.05898
-1.60167 -1.77883 -8.50098
-1.57038 -1.80651 -8.50098
-1.53861 -1.83365 -8.50098
-1.50638 -1.86022 -8.50098
-1.47368 -1.88622 -8.50098
-1.44054 -1.91166 -9.68334
-1.40695 -1.93651 -9.68334
-1.37294 -1.96077 -9.68334
-1.33851 -1.98443 -9.68334
-1.30368 -2.00749 -9.68334
-1.26844 -2.02993 -10.581
-1.23282 -2.05176 -10.581
-1.19683 -2.07296 -10.581
-1.16047 -2.09354 -10.581
-1.12375 -2.11347 -10.581
-1.0867 -2.13276 -11.1777
-1.04931 -2.1514 -11.1777
-1.0116 -2.16939 -11.1777
-0.973587 -2.18671 -11.1777
-0.935275 -2.20337 -11.1777
-0.896678 -2.21936 -11.4646
-0.857809 -2.23467 -11.4646
-0.818678 -2.2493 -11.4646
-0.779297 -2.26324 -11.4646
-0.73968 -2.2765 -11.4646
-0.699837 -2.28906 -11.4412
-0.65978 -2.30093 -11.4412
-0.619523 -2.31209 -11.4412
-0.579077 -2.32255 -11.4412
-0.538455 -2.3323 -11.4412
-0.497669 -2.34135 -11.1149
-0.456731 -2.34968 -11.1149
-0.415654 -2.35729 -11.1149
-0.37445 -2.36418 -11.1149
-0.333132 -2.37036 -11.1149
-0.291713 -2.37581 -10.5017
-0.250205 -2.38054 -10.5017
-0.208621 -2.38455 -10.5017
-0.166973 -2.38782 -10.5017
-0.125274 -2.39037 -10.5017
-0.0835373 -2.3922 -9.62626
-0.041775 -2.39329 -9.62626
-4.39707e-16 -2.39365 -9.62626
0.041775 -2.39329 -9.62626
0.0835373 -2.3922 -9.62626
0.125274 -2.39037 -8.52248
0.166973 -2.38782 -8.52248
0.208621 -2.38455 -8.52248
0.250205 -2.38054 -8.52248
0.291713 -2.37581 -8.52248
0.333132 -2.37036 -7.23276
0.37445 -2.36418 -7.23276
0.415654 -2.35729 -7.23276
0.456731 -2.34968 -7.23276
0.497669 -2.34135 -7.23276
0.538455 -2.3323 -5.8071
0.579077 -2.32255 -5.8071
0.619523 -2.31209 -5.8071
0.65978 -2.30093 -5.8071
0.699837 -2.28906 -5.8071
0.73968 -2.2765 -4.30114
0.779297 -2.26324 -4.30114
0.818678 -2.2493 -4.30114
0.857809 -2.23467 -4.30114
0.896678 -2.21936 -4.30114
0.935275 -2.20337 -2.77342
0.973587 -2.18671 -2.77342
1.0116 -2.16939 -2.77342
1.04931 -2.1514 -2.77342
1.0867 -2.13276 -2.77342
1.12375 -2.11347 -1.28209
1.16047 -2.09354 -1.28209
1.19683 -2.07296 -1.28209
1.23282 -2.05176 -1.28209
1.26844 -2.02993 -1.28209
1.30368 -2.00749 0.118962
1.33851 -1.98443 0.118962
1.37294 -1.96077 0.118962
1.40695 -1.93651 0.118962
1.44054 -1.91166 0.118962
1.47368 -1.88622 1.38302
1.50638 -1.86022 1.38302
1.53861 -1.83365 1.38302
1.57038 -1.80651 1.38302
1.60167 -1.77883 1.38302
1.63247 -1.75061 2.47304
1.66277 -1.72185 2.47304
1.69257 -1.69257 2.47304
1.72185 -1.66277 2.47304
1.75061 -1.63247 2.47304
1.77883 -1.60167 3.36367
1.80651 -1.57038 3.36367
1.83365 -1.53861 3.36367
1.86022 -1.50638 3.36367
1.88622 -1.47368 3.36367
1.91166 -1.44054 4.04183
1.93651 -1.40695 4.04183
1.96077 -1.37294 4.04183
1.98443 -1.33851 4.04183
2.00749 -1.30368 4.04183
2.02993 -1.26844 4.50619
2.05176 -1.23282 4.50619
2.07296 -1.19683 4.50619
2.09354 -1.16047 4.50619
2.11347 -1.12375 4.50619
2.13276 -1.0867 4.76562
2.1514 -1.04931 4.76562
2.16939 -1.0116 4.76562
2.18671 -0.973587 4.76562
2.20337 -0.935275 4.76562
2.21936 -0.896678 4.83699
2.23467 -0.857809 4.83699
2.2493 -0.818678 4.83699
2.26324 -0.779297 4.83699
2.2765 -0.73968 4.83699
2.28906 -0.699837 4.74266
2.30093 -0.65978 4.74266
2.31209 -0.619523 4.74266
2.32255 -0.579077 4.74266
2.3323 -0.538455 4.74266
2.34135 -0.497669 4.50786
2.34968 -0.456731 4.50786
2.35729 -0.415654 4.50786
2.36418 -0.37445 4.50786
2.37036 -0.333132 4.50786
2.37581 -0.291713 4.1585
2.38054 -0.250205 4.1585
2.38455 -0.208621 4.1585
2.38782 -0.166973 4.1585
2.39037 -0.125274 4.1585
2.3922 -0.0835373 3.25469
2.39329 -0.041775 3.25469

2.47344 0 3.7194
2.47307 0.0431675 3.7194
2.47194 0.0863219 3.7194
2.47005 0.12945 3.21288
2.46742 0.172539 3.21288
2.46403 0.215575 3.21288
2.45989 0.258545 3.21288
2.45501 0.301437 3.21288
2.44937 0.344237 2.65836
2.44299 0.386932 2.65836
2.43586 0.429509 2.65836
2.428 0.471955 2.65836
2.41939 0.514258 2.65836
2.41005 0.556403 2.07284
2.39997 0.59838 2.07284
2.38916 0.640174 2.07284
2.37763 0.681773 2.07284
2.36536 0.723164 2.07284
2.35238 0.764336 1.47106
2.33869 0.805274 1.47106
2.32428 0.845967 1.47106
2.30916 0.886402 1.47106
2.29334 0.926568 1.47106
2.27682 0.966451 0.866105
2.2596 1.00604 0.866105
2.2417 1.04532 0.866105
2.22312 1.08429 0.866105
2.20385 1.12292 0.866105
2.18392 1.16121 0.270429
2.16332 1.19915 0.270429
2.14206 1.23672 0.270429
2.12015 1.27392 0.270429
2.0976 1.31072 0.270429
2.0744 1.34713 -0.303248
2.05058 1.38313 -0.303248
2.02613 1.41871 -0.303248
2.00106 1.45385 -0.303248
1.97538 1.48855 -0.303248
1.9491 1.5228 -0.840966
1.92223 1.55659 -0.840966
1.89477 1.5899 -0.840966
1.86673 1.62272 -0.840966
1.83813 1.65506 -0.840966
1.80896 1.68688 -1.32684
1.77925 1.7182 -1.32684
1.74899 1.74899 -1.32684
1.7182 1.77925 -1.32684
1.68688 1.80896 -1.32684
1.65506 1.83813 -1.74258
1.62272 1.86673 -1.74258
1.5899 1.89477 -1.74258
1.55659 1.92223 -1.74258
1.5228 1.9491 -1.74258
1.48855 1.97538 -2.06746
1.45385 2.00106 -2.06746
1.41871 2.02613 -2.06746
1.38313 2.05058 -2.06746
1.34713 2.0744 -2.06746
1.31072 2.0976 -2.27879
1.27392 2.12015 -2.27879
1.23672 2.14206 -2.27879
1.19915 2.16332 -2.27879
1.16121 2.18392 -2.27879
1.12292 2.20385 -2.35299
1.08429 2.22312 -2.35299
1.04532 2.2417 -2.35299
1.00604 2.2596 -2.35299
0.966451 2.27682 -2.35299
0.926568 2.29334 -2.26696
0.886402 2.30916 -2.26696
0.845967 2.32428 -2.26696
0.805274 2.33869 -2.26696
0.764336 2.35238 -2.26696
0.723164 2.36536 -2.00022
0.681773 2.37763 -2.00022
0.640174 2.38916 -2.00022
0.59838 2.39997 -2.00022
0.556403 2.41005 -2.00022
0.514258 2.41939 -1.53737
0.471955 2.428 -1.53737
0.429509 2.43586 -1.53737
0.386932 2.44299 -1.53737
0.344237 2.44937 -1.53737
0.301437 2.45501 -0.870326
0.258545 2.45989 -0.870326
0.215575 2.46403 -0.870326
0.172539 2.46742 -0.870326
0.12945 2.47005 -0.870326
0.0863219 2.47194 -0.000428182
0.0431675 2.47307 -0.000428182
1.51455e-16 2.47344 -0.000428182
-0.0431675 2.47307 -0.000428182
-0.0863219 2.47194 -0.000428182
-0.12945 2.47005 1.06024
-0.172539 2.46742 1.06024
-0.215575 2.46403 1.06024
-0.258545 2.45989 1.06024
-0.301437 2.45501 1.06024
-0.344237 2.44937 2.2883
-0.386932 2.44299 2.2883
-0.429509 2.43586 2.2883
-0.471955 2.428 2.2883
-0.514258 2.41939 2.2883
-0.556403 2.41005 3.64965
-0.59838 2.39997 3.64965
-0.640174 2.38916 3.64965
-0.681773 2.37763 3.64965
-0.723164 2.36536 3.64965
-0.764336 2.35238 5.10095
-0.805274 2.33869 5.10095
-0.845967 2.32428 5.10095
-0.886402 2.30916 5.10095
-0.926568 2.29334 5.10095
-0.966451 2.27682 6.59203
-1.00604 2.2596 6.59203
-1.04532 2.2417 6.59203
-1.08429 2.22312 6.59203
-1.12292 2.20385 6.59203
-1.16121 2.18392 8.06885
-1.19915 2.16332 8.06885
-1.23672 2.14206 8.06885
-1.27392 2.12015 8.06885
-1.31072 2.0976 8.06885
-1.34713 2.0744 9.47701
-1.38313 2.05058 9.47701
-1.41871 2.02613 9.47701
-1.45385 2.00106 9.47701
-1.48855 1.97538 9.47701
-1.5228 1.9491 10.7644
-1.55659 1.92223 10.7644
-1.5899 1.89477 10.7644
-1.62272 1.86673 10.7644
-1.65506 1.83813 10.7644
-1.68688 1.80896 11.8831
-1.7182 1.77925 11.8831
-1.74899 1.74899 11.8831
-1.77925 1.7182 11.8831
-1.80896 1.68688 11.8831
-1.83813 1.65506 12.7916
-1.86673 1.62272 12.7916
-1.89477 1.5899 12.7916
-1.92223 1.55659 12.7916
-1.9491 1.5228 12.7916
-1.97538 1.48855 13.4557
-2.00106 1.45385 13.4557
-2.02613 1.41871 13.4557
-2.05058 1.38313 13.4557
-2.0744 1.34713 13.4557
-2.0976 1.31072 13.8489
-2.12015 1.27392 13.8489
-2.14206 1.23672 13.8489
-2.16332 1.19915 13.8489
-2.18392 1.16121 13.8489
-2.20385 1.12292 13.9521
-2.22312 1.08429 13.9521
-2.2417 1.04532 13.9521
-2.2596 1.00604 13.9521
-2.27682 0.966451 13.9521
-2.29334 0.926568 13.7542
-2.30916 0.886402 13.7542
-2.32428 0.845967 13.7542
-2.33869 0.805274 13.7542
-2.35238 0.764336 13.7542
-2.36536 0.723164 13.2512
-2.37763 0.681773 13.2512
-2.38916 0.640174 13.2512
-2.39997 0.59838 13.2512
-2.41005 0.556403 13.2512
-2.41939 0.514258 12.4474
-2.428 0.471955 12.4474
-2.43586 0.429509 12.4474
-2.44299 0.386932 12.4474
-2.44937 0.344237 12.4474
-2.45501 0.301437 11.3548
-2.45989 0.258545 11.3548
-2.46403 0.215575 11.3548
-2.46742 0.172539 11.3548
-2.47005 0.12945 11.3548
-2.47194 0.0863219 9.99466
-2.47307 0.0431675 9.99466
-2.47344 3.02909e-16 9.99466
-2.47307 -0.0431675 9.99466
-2.47194 -0.0863219 9.99466
-2.47005 -0.12945 8.39666
-2.46742 -0.172539 8.39666
-2.46403 -0.215575 8.39666
-2.45989 -0.258545 8.39666
-2.45501 -0.301437 8.39666
-2.44937 -0.344237 6.59941
-2.44299 -0.386932 6.59941
-2.43586 -0.429509 6.59941
-2.428 -0.471955 6.59941
-2.41939 -0.514258 6.59941
-2.41005 -0.556403 4.6501
-2.39997 -0.59838 4.6501
-2.38916 -0.640174 4.6501
-2.37763 -0.681773 4.6501
-2.36536 -0.723164 4.6501
-2.35238 -0.764336 2.60266
-2.33869 -0.805274 2.60266
-2.32428 -0.845967 2.60266
-2.30916 -0.886402 2.60266
-2.29334 -0.926568 2.60266
-2.27682 -0.966451 0.515464
-2.2596 -1.00604 0.515464
-2.2417 -1.04532 0.515464
-2.22312 -1.08429 0.515464
-2.20385 -1.12292 0.515464
-2.18392 -1.16121 -1.55128
-2.16332 -1.19915 -1.55128
-2.14206 -1.23672 -1.55128
-2.12015 -1.27392 -1.55128
-2.0976 -1.31072 -1.55128
-2.0744 -1.34713 -3.53851
-2.05058 -1.38313 -3.53851
-2.02613 -1.41871 -3.53851
-2.00106 -1.45385 -3.53851
-1.97538 -1.48855 -3.53851
-1.9491 -1.5228 -5.39086
-1.92223 -1.55659 -5.39086
-1.89477 -1.5899 -5.39086
-1.86673 -1.62272 -5.39086
-1.83813 -1.65506 -5.39086
-1.80896 -1.68688 -7.05898
-1.77925 -1.7182 -7.05898
-1.74899 -1.74899 -7.05898
-1.7182 -1.77925 -7.05898
-1.68688 -1.80896 -7.05898
-1.65506 -1.83813 -8.50098
-1.62272 -1.86673 -8.50098
-1.5899 -1.89477 -8.50098
-1.55659 -1.92223 -8.50098
-1.5228 -1.9491 -8.50098
-1.48855 -1.97538 -9.68334
-1.45385 -2.00106 -9.68334
-1.41871 -2.02613 -9.68334
-1.38313 -2.05058 -9.68334
-1.34713 -2.0744 -9.68334
-1.31072 -2.0976 -10.581
-1.27392 -2.12015 -10.581
-1.23672 -2.14206 -10.581
-1.19915 -2.16332 -10.581
-1.16121 -2.18392 -10.581
-1.12292 -2.20385 -11.1777
-1.08429 -2.22312 -11.1777
-1.04532 -2.2417 -11.1777
-1.00604 -2.2596 -11.1777
-0.966451 -2.27682 -11.1777
-0.926568 -2.29334 -11.4646
-0.886402 -2.30916 -11.4646
-0.845967 -2.32428 -11.4646
-0.805274 -2.33869 -11.4646
-0.764336 -2.35238 -11.4646
-0.723164 -2.36536 -11.4412
-0.681773 -2.37763 -11.4412
-0.640174 -2.38916 -11.4412
-0.59838 -2.39997 -11.4412
-0.556403 -2.41005 -11.4412
-0.514258 -2.41939 -11.1149
-0.471955 -2.428 -11.1149
-0.429509 -2.43586 -11.1149
-0.386932 -2.44299 -11.1149
-0.344237 -2.44937 -11.1149
-0.301437 -2.45501 -10.5017
-0.258545 -2.45989 -10.5017
-0.215575 -2.46403 -10.5017
-0.172539 -2.46742 -10.5017
-0.12945 -2.47005 -10.5017
-0.0863219 -2.47194 -9.62626
-0.0431675 -2.47307 -9.62626
-4.54364e-16 -2.47344 -9.62626
0.0431675 -2.47307 -9.62626
0.0863219 -2.47194 -9.62626
0.12945 -2.47005 -8.52248
0.172539 -2.46742 -8.52248
0.215575 -2.46403 -8.52248
0.258545 -2.45989 -8.52248
0.301437 -2.45501 -8.52248
0.344237 -2.44937 -7.23276
0.386932 -2.44299 -7.23276
0.429509 -2.43586 -7.23276
0.471955 -2.428 -7.23276
0.514258 -2.41939 -7.23276
0.556403 -2.41005 -5.8071
0.59838 -2.39997 -5.8071
0.640174 -2.38916 -5.8071
0.681773 -2.37763 -5.8071
0.723164 -2.36536 -5.8071
0.764336 -2.35238 -4.30114
0.805274 -2.33869 -4.30114
0.845967 -2.32428 -4.30114
0.886402 -2.30916 -4.30114
0.926568 -2.29334 -4.30114
0.966451 -2.27682 -2.77342
1.00604 -2.2596 -2.77342
1.04532 -2.2417 -2.77342
1.08429 -2.22312 -2.77342
1.12292 -2.20385 -2.77342
1.16121 -2.18392 -1.28209
1.19915 -2.16332 -1.28209
1.23672 -2.14206 -1.28209
1.27392 -2.12015 -1.28209
1.31072 -2.0976 -1.28209
1.34713 -2.0744 0.118962
1.38313 -2.05058 0.118962
1.41871 -2.02613 0.118962
1.45385 -2.00106 0.118962
1.48855 -1.97538 0.118962
1.5228 -1.9491 1.38302
1.55659 -1.92223 1.38302
1.5899 -1.89477 1.38302
1.62272 -1.86673 1.38302
1.65506 -1.83813 1.38302
1.68688 -1.80896 2.47304
1.7182 -1.77925 2.47304
1.74899 -1.74899 2.47304
1.77925 -1.7182 2.47304
1.80896 -1.68688 2.47304
1.83813 -1.65506 3.36367
1.86673 -1.62272 3.36367
1.89477 -1.5899 3.36367
1.92223 -1.55659 3.36367
1.9491 -1.5228 3.36367
1.97538 -1.48855 4.04183
2.00106 -1.45385 4.04183
2.02613 -1.41871 4.04183
2.05058 -1.38313 4.04183
2.0744 -1.34713 4.04183
2.0976 -1.31072 4.50619
2.12015 -1.27392 4.50619
2.14206 -1.23672 4.50619
2.16332 -1.19915 4.50619
2.18392 -1.16121 4.50619
2.20385 -1.12292 4.76562
2.22312 -1.08429 4.76562
2.2417 -1.04532 4.76562
2.2596 -1.00604 4.76562
2.27682 -0.966451 4.76562
2.29334 -0.926568 4.83699
2.30916 -0.886402 4.83699
2.32428 -0.845967 4.83699
2.33869 -0.805274 4.83699
2.35238 -0.764336 4.83699
2.36536 -0.723164 4.74266
2.37763 -0.681773 4.74266
2.38916 -0.640174 4.74266
2.39997 -0.59838 4.74266
2.41005 -0.556403 4.74266
2.41939 -0.514258 4.50786
2.428 -0.471955 4.50786
2.43586 -0.429509 4.50786
2.44299 -0.386932 4.50786
2.44937 -0.344237 4.50786
2.45501 -0.301437 4.1585
2.45989 -0.258545 4.1585
2.46403 -0.215575 4.1585
2.46742 -0.172539 4.1585
2.47005 -0.12945 4.1585
2.47194 -0.0863219 3.25469
2.47307 -0.0431675 3.25469

2.55323 0 4.20576
2.55284 0.04456 4.20576
2.55168 0.0891065 4.20576
2.54973 0.133626 3.63443
2.54701 0.178104 3.63443
2.54351 0.222529 3.63443
2.53924 0.266885 3.63443
2.5342 0.311161 3.02221
2.52838 0.355341 3.02221
2.5218 0.399413 3.02221
2.51444 0.443364 3.02221
2.50632 0.487179 3.02221
2.49744 0.530846 2.3835
2.48779 0.574352 2.3835
2.47739 0.617682 2.3835
2.46623 0.660825 2.3835
2.45432 0.703766 2.3835
2.44167 0.746492 1.73014
2.42827 0.788992 1.73014
2.41413 0.831251 1.73014
2.39925 0.873256 1.73014
2.38365 0.914996 1.07216
2.36731 0.956457 1.07216
2.35026 0.997627 1.07216
2.33249 1.03849 1.07216
2.31401 1.07904 1.07216
2.29483 1.11926 0.418615
2.27495 1.15914 0.418615
2.25437 1.19867 0.418615
2.23311 1.23783 0.418615
2.21116 1.27662 -0.221479
2.18855 1.31501 -0.221479
2.16526 1.35301 -0.221479
2.14132 1.39059 -0.221479
2.11672 1.42775 -0.221479
2.09148 1.46447 -0.838249
2.06561 1.50075 -0.838249
2.0391 1.53657 -0.838249
2.01197 1.57193 -0.838249
1.98423 1.6068 -0.838249
1.95589 1.64118 -1.42009
1.92695 1.67507 -1.42009
1.89742 1.70844 -1.42009
1.86731 1.7413 -1.42009
1.83664 1.77362 -1.95305
1.80541 1.80541 -1.95305
1.77362 1.83664 -1.95305
1.7413 1.86731 -1.95305
1.70844 1.89742 -1.95305
1.67507 1.92695 -2.42041
1.64118 1.95589 -2.42041
1.6068 1.98423 -2.42041
1.57193 2.01197 -2.42041
1.53657 2.0391 -2.42041
1.50075 2.06561 -2.80262
1.46447 2.09148 -2.80262
1.42775 2.11672 -2.80262
1.39059 2.14132 -2.80262
1.35301 2.16526 -3.07763
1.31501 2.18855 -3.07763
1.27662 2.21116 -3.07763
1.23783 2.23311 -3.07763
1.19867 2.25437 -3.07763
1.15914 2.27495 -3.22186
1.11926 2.29483 -3.22186
1.07904 2.31401 -3.22186
1.03849 2.33249 -3.22186
0.997627 2.35026 -3.21137
0.956457 2.36731 -3.21137
0.914996 2.38365 -3.21137
0.873256 2.39925 -3.21137
0.831251 2.41413 -3.21137
0.788992 2.42827 -3.02376
0.746492 2.44167 -3.02376
0.703766 2.45432 -3.02376
0.660825 2.46623 -3.02376
0.617682 2.47739 -3.02376
0.574352 2.48779 -2.64031
0.530846 2.49744 -2.64031
0.487179 2.50632 -2.64031
0.443364 2.51444 -2.64031
0.399413 2.5218 -2.04823
0.355341 2.52838 -2.04823
0.311161 2.5342 -2.04823
0.266885 2.53924 -2.04823
0.222529 2.54351 -2.04823
0.178104 2.54701 -1.24268
0.133626 2.54973 -1.24268
0.0891065 2.55168 -1.24268
0.04456 2.55284 -1.24268
1.5634e-16 2.55323 -0.228396
-0.04456 2.55284 -0.228396
-0.0891065 2.55168 -0.228396
-0.133626 2.54973 -0.228396
-0.178104 2.54701 -0.228396
-0.222529 2.54351 0.979369
-0.266885 2.53924 0.979369
-0.311161 2.5342 0.979369
-0.355341 2.52838 0.979369
-0.399413 2.5218 0.979369
-0.443364 2.51444 2.35472
-0.487179 2.50632 2.35472
-0.530846 2.49744 2.35472
-0.574352 2.48779 2.35472
-0.617682 2.47739 3.86199
-0.660825 2.46623 3.86199
-0.703766 2.45432 3.86199
-0.746492 2.44167 3.86199
-0.788992 2.42827 3.86199
-0.831251 2.41413 5.45736
-0.873256 2.39925 5.45736
-0.914996 2.38365 5.45736
-0.956457 2.36731 5.45736
-0.997627 2.35026 5.45736
-1.03849 2.33249 7.09126
-1.07904 2.31401 7.09126
-1.11926 2.29483 7.09126
-1.15914 2.27495 7.09126
-1.19867 2.25437 8.71114
-1.23783 2.23311 8.71114
-1.27662 2.21116 8.71114
-1.31501 2.18855 8.71114
-1.35301 2.16526 8.71114
-1.39059 2.14132 10.2646
-1.42775 2.11672 10.2646
-1.46447 2.09148 10.2646
-1.50075 2.06561 10.2646
-1.53657 2.0391 11.7019
-1.57193 2.01197 11.7019
-1.6068 1.98423 11.7019
-1.64118 1.95589 11.7019
-1.67507 1.92695 11.7019
-1.70844 1.89742 12.9775
-1.7413 1.86731 12.9775
-1.77362 1.83664 12.9775
-1.80541 1.80541 12.9775
-1.83664 1.77362 12.9775
-1.86731 1.7413 14.0518
-1.89742 1.70844 14.0518
-1.92695 1.67507 14.0518
-1.95589 1.64118 14.0518
-1.98423 1.6068 14.8919
-2.01197 1.57193 14.8919
-2.0391 1.53657 14.8919
-2.06561 1.50075 14.8919
-2.09148 1.46447 14.8919
-2.11672 1.42775 15.4717
-2.14132 1.39059 15.4717
-2.16526 1.35301 15.4717
-2.18855 1.31501 15.4717
-2.21116 1.27662 15.7718
-2.23311 1.23783 15.7718
-2.25437 1.19867 15.7718
-2.27495 1.15914 15.7718
-2.29483 1.11926 15.7718
-2.31401 1.07904 15.7788
-2.33249 1.03849 15.7788
-2.35026 0.997627 15.7788
-2.36731 0.956457 15.7788
-2.38365 0.914996 15.7788
-2.39925 0.873256 15.4852
-2.41413 0.831251 15.4852
-2.42827 0.788992 15.4852
-2.44167 0.746492 15.4852
-2.45432 0.703766 14.8895
-2.46623 0.660825 14.8895
-2.47739 0.617682 14.8895
-2.48779 0.574352 14.8895
-2.49744 0.530846 14.8895
-2.50632 0.487179 13.9962
-2.51444 0.443364 13.9962
-2.5218 0.399413 13.9962
-2.52838 0.355341 13.9962
-2.5342 0.311161 13.9962
-2.53924 0.266885 12.8167
-2.54351 0.222529 12.8167
-2.54701 0.178104 12.8167
-2.54973 0.133626 12.8167
-2.55168 0.0891065 11.37
-2.55284 0.04456 11.37
-2.55323 3.12681e-16 11.37
-2.55284 -0.04456 11.37
-2.55168 -0.0891065 11.37
-2.54973 -0.133626 9.68248
-2.54701 -0.178104 9.68248
-2.54351 -0.222529 9.68248
-2.53924 -0.266885 9.68248
-2.5342 -0.311161 7.78892
-2.52838 -0.355341 7.78892
-2.5218 -0.399413 7.78892
-2.51444 -0.443364 7.78892
-2.50632 -0.487179 7.78892
-2.49744 -0.530846 5.73206
-2.48779 -0.574352 5.73206
-2.47739 -0.617682 5.73206
-2.46623 -0.660825 5.73206
-2.45432 -0.703766 5.73206
-2.44167 -0.746492 3.56131
-2.42827 -0.788992 3.56131
-2.41413 -0.831251 3.56131
-2.39925 -0.873256 3.56131
-2.38365 -0.914996 1.33099
-2.36731 -0.956457 1.33099
-2.35026 -0.997627 1.33099
-2.33249 -1.03849 1.33099
-2.31401 -1.07904 1.33099
-2.29483 -1.11926 -0.90207
-2.27495 -1.15914 -0.90207
-2.25437 -1.19867 -0.90207
-2.23311 -1.23783 -0.90207
-2.21116 -1.27662 -0.90207
-2.18855 -1.31501 -3.08108
-2.16526 -1.35301 -3.08108
-2.14132 -1.39059 -3.08108
-2.11672 -1.42775 -3.08108
-2.09148 -1.46447 -5.15184
-2.06561 -1.50075 -5.15184
-2.0391 -1.53657 -5.15184
-2.01197 -1.57193 -5.15184
-1.98423 -1.6068 -5.15184
-1.95589 -1.64118 -7.06488
-1.92695 -1.67507 -7.06488
-1.89742 -1.70844 -7.06488
-1.86731 -1.7413 -7.06488
-1.83664 -1.77362 -8.7771
-1.80541 -1.80541 -8.7771
-1.77362 -1.83664 -8.7771
-1.7413 -1.86731 -8.7771
-1.70844 -1.89742 -8.7771
-1.67507 -1.92695 -10.2527
-1.64118 -1.95589 -10.2527
-1.6068 -1.98423 -10.2527
-1.57193 -2.01197 -10.2527
-1.53657 -2.0391 -10.2527
-1.50075 -2.06561 -11.4635
-1.46447 -2.09148 -11.4635
-1.42775 -2.11672 -11.4635
-1.39059 -2.14132 -11.4635
-1.35301 -2.16526 -12.3885
-1.31501 -2.18855 -12.3885
-1.27662 -2.21116 -12.3885
-1.23783 -2.23311 -12.3885
-1.19867 -2.25437 -12.3885
-1.15914 -2.27495 -13.0142
-1.11926 -2.29483 -13.0142
-1.07904 -2.31401 -13.0142
-1.03849 -2.33249 -13.0142
-0.997627 -2.35026 -13.3328
-0.956457 -2.36731 -13.3328
-0.914996 -2.38365 -13.3328
-0.873256 -2.39925 -13.3328
-0.831251 -2.41413 -13.3328
-0.788992 -2.42827 -13.3431
-0.746492 -2.44167 -13.3431
-0.703766 -2.45432 -13.3431
-0.660825 -2.46623 -13.3431
-0.617682 -2.47739 -13.3431
-0.574352 -2.48779 -13.0497
-0.530846 -2.49744 -13.0497
-0.487179 -2.50632 -13.0497
-0.443364 -2.51444 -13.0497
-0.399413 -2.5218 -12.4643
-0.355341 -2.52838 -12.4643
-0.311161 -2.5342 -12.4643
-0.266885 -2.53924 -12.4643
-0.222529 -2.54351 -12.4643
-0.178104 -2.54701 -11.6058
-0.133626 -2.54973 -11.6058
-0.0891065 -2.55168 -11.6058
-0.04456 -2.55284 -11.6058
-4.69021e-16 -2.55323 -11.6058
0.04456 -2.55284 -10.501
0.0891065 -2.55168 -10.501
0.133626 -2.54973 -10.501
0.178104 -2.54701 -10.501
0.222529 -2.54351 -9.18458
0.266885 -2.53924 -9.18458
0.311161 -2.5342 -9.18458
0.355341 -2.52838 -9.18458
0.399413 -2.5218 -9.18458
0.443364 -2.51444 -7.69941
0.487179 -2.50632 -7.69941
0.530846 -2.49744 -7.69941
0.574352 -2.48779 -7.69941
0.617682 -2.47739 -6.095
0.660825 -2.46623 -6.095
0.703766 -2.45432 -6.095
0.746492 -2.44167 -6.095
0.788992 -2.42827 -6.095
0.831251 -2.41413 -4.42586
0.873256 -2.39925 -4.42586
0.914996 -2.38365 -4.42586
0.956457 -2.36731 -4.42586
0.997627 -2.35026 -4.42586
1.03849 -2.33249 -2.74896
1.07904 -2.31401 -2.74896
1.11926 -2.29483 -2.74896
1.15914 -2.27495 -2.74896
1.19867 -2.25437 -1.12067
1.23783 -2.23311 -1.12067
1.27662 -2.21116 -1.12067
1.31501 -2.18855 -1.12067
1.35301 -2.16526 -1.12067
1.39059 -2.14132 0.406745
1.42775 -2.11672 0.406745
1.46447 -2.09148 0.406745
1.50075 -2.06561 0.406745
1.53657 -2.0391 1.78778
1.57193 -2.01197 1.78778
1.6068 -1.98423 1.78778
1.64118 -1.95589 1.78778
1.67507 -1.92695 1.78778
1.70844 -1.89742 2.98608
1.7413 -1.86731 2.98608
1.77362 -1.83664 2.98608
1.80541 -1.80541 2.98608
1.83664 -1.77362 2.98608
1.86731 -1.7413 3.9763
1.89742 -1.70844 3.9763
1.92695 -1.67507 3.9763
1.95589 -1.64118 3.9763
1.98423 -1.6068 4.74475
2.01197 -1.57193 4.74475
2.0391 -1.53657 4.74475
2.06561 -1.50075 4.74475
2.09148 -1.46447 4.74475
2.11672 -1.42775 5.28906
2.14132 -1.39059 5.28906
2.16526 -1.35301 5.28906
2.18855 -1.31501 5.28906
2.21116 -1.27662 5.28906
2.23311 -1.23783 5.61691
2.25437 -1.19867 5.61691
2.27495 -1.15914 5.61691
2.29483 -1.11926 5.61691
2.31401 -1.07904 5.74416
2.33249 -1.03849 5.74416
2.35026 -0.997627 5.74416
2.36731 -0.956457 5.74416
2.38365 -0.914996 5.74416
2.39925 -0.873256 5.6925
2.41413 -0.831251 5.6925
2.42827 -0.788992 5.6925
2.44167 -0.746492 5.6925
2.45432 -0.703766 5.48702
2.46623 -0.660825 5.48702
2.47739 -0.617682 5.48702
2.48779 -0.574352 5.48702
2.49744 -0.530846 5.48702
2.50632 -0.487179 5.15402
2.51444 -0.443364 5.15402
2.5218 -0.399413 5.15402
2.52838 -0.355341 5.15402
2.5342 -0.311161 5.15402
2.53924 -0.266885 4.71909
2.54351 -0.222529 4.71909
2.54701 -0.178104 4.71909
2.54973 -0.133626 4.71909
2.55168 -0.0891065 3.7194
2.55284 -0.04456 3.7194

2.63302 0 4.20576
2.63262 0.0459525 4.20576
2.63142 0.091891 4.20576
2.62941 0.137802 3.63443
2.62661 0.18367 3.63443
2.623 0.229483 3.63443
2.6186 0.275225 3.63443
2.61339 0.320884 3.02221
2.60739 0.366445 3.02221
2.6006 0.411895 3.02221
2.59302 0.457219 3.02221
2.58464 0.502404 3.02221
2.57548 0.547435 2.3835
2.56553 0.5923 2.3835
2.55481 0.636985 2.3835
2.5433 0.681475 2.3835
2.53102 0.725758 2.3835
2.51797 0.76982 1.73014
2.50415 0.813648 1.73014
2.48957 0.857227 1.73014
2.47423 0.900546 1.73014
2.45814 0.94359 1.07216
2.44129 0.986346 1.07216
2.42371 1.0288 1.07216
2.40538 1.07095 1.07216
2.38633 1.11276 1.07216
2.36654 1.15424 0.418615
2.34604 1.19537 0.418615
2.32482 1.23613 0.418615
2.30289 1.27651 0.418615
2.28026 1.31651 -0.221479
2.25694 1.35611 -0.221479
2.23293 1.39529 -0.221479
2.20824 1.43404 -0.221479
2.18287 1.47237 -0.221479
2.15684 1.51024 -0.838249
2.13016 1.54765 -0.838249
2.10282 1.58459 -0.838249
2.07485 1.62105 -0.838249
2.04624 1.65701 -0.838249
2.01701 1.69247 -1.42009
1.98716 1.72742 -1.42009
1.95671 1.76183 -1.42009
1.92567 1.79571 -1.42009
1.89404 1.82905 -1.95305
1.86183 1.86183 -1.95305
1.82905 1.89404 -1.95305
1.79571 1.92567 -1.95305
1.76183 1.95671 -1.95305
1.72742 1.98716 -2.42041
1.69247 2.01701 -2.42041
1.65701 2.04624 -2.42041
1.62105 2.07485 -2.42041
1.58459 2.10282 -2.42041
1.54765 2.13016 -2.80262
1.51024 2.15684 -2.80262
1.47237 2.18287 -2.80262
1.43404 2.20824 -2.80262
1.39529 2.23293 -3.07763
1.35611 2.25694 -3.07763
1.31651 2.28026 -3.07763
1.27651 2.30289 -3.07763
1.23613 2.32482 -3.07763
1.19537 2.34604 -3.22186
1.15424 2.36654 -3.22186
1.11276 2.38633 -3.22186
1.07095 2.40538 -3.22186
1.0288 2.42371 -3.21137
0.986346 2.44129 -3.21137
0.94359 2.45814 -3.21137
0.900546 2.47423 -3.21137
0.857227 2.48957 -3.21137
0.813648 2.50415 -3.02376
0.76982 2.51797 -3.02376
0.725758 2.53102 -3.02376
0.681475 2.5433 -3.02376
0.636985 2.55481 -3.02376
0.5923 2.56553 -2.64031
0.547435 2.57548 -2.64031
0.502404 2.58464 -2.64031
0.457219 2.59302 -2.64031
0.411895 2.6006 -2.04823
0.366445 2.60739 -2.04823
0.320884 2.61339 -2.04823
0.275225 2.6186 -2.04823
0.229483 2.623 -2.04823
0.18367 2.62661 -1.24268
0.137802 2.62941 -1.24268
0.091891 2.63142 -1.24268
0.0459525 2.63262 -1.24268
1.61226e-16 2.63302 -0.228396
-0.0459525 2.63262 -0.228396
-0.091891 2.63142 -0.228396
-0.137802 2.62941 -0.228396
-0.18367 2.62661 -0.228396
-0.229483 2.623 0.979369
-0.275225 2.6186 0.979369
-0.320884 2.61339 0.979369
-0.366445 2.60739 0.979369
-0.411895 2.6006 0.979369
-0.457219 2.59302 2.35472
-0.502404 2.58464 2.35472
-0.547435 2.57548 2.35472
-0.5923 2.56553 2.35472
-0.636985 2.55481 3.86199
-0.681475 2.5433 3.86199
-0.725758 2.53102 3.86199
-0.76982 2.51797 3.86199
-0.813648 2.50415 3.86199
-0.857227 2.48957 5.45736
-0.900546 2.47423 5.45736
-0.94359 2.45814 5.45736
-0.986346 2.44129 5.45736
-1.0288 2.42371 5.45736
-1.07095 2.40538 7.09126
-1.11276 2.38633 7.09126
-1.15424 2.36654 7.09126
-1.19537 2.34604 7.09126
-1.23613 2.32482 8.71114
-1.27651 2.30289 8.71114
-1.31651 2.28026 8.71114
-1.35611 2.25694 8.71114
-1.39529 2.23293 8.71114
-1.43404 2.20824 10.2646
-1.47237 2.18287 10.2646
-1.51024 2.15684 10.2646
-1.54765 2.13016 10.2646
-1.58459 2.10282 11.7019
-1.62105 2.07485 11.7019
-1.65701 2.04624 11.7019
-1.69247 2.01701 11.7019
-1.72742 1.98716 11.7019
-1.76183 1.95671 12.9775
-1.79571 1.92567 12.9775
-1.82905 1.89404 12.9775
-1.86183 1.86183 12.9775
-1.89404 1.82905 12.9775
-1.92567 1.79571 14.0518
-1.95671 1.76183 14.0518
-1.98716 1.72742 14.0518
-2.01701 1.69247 14.0518
-2.04624 1.65701 14.8919
-2.07485 1.62105 14.8919
-2.10282 1.58459 14.8919
-2.13016 1.54765 14.8919
-2.15684 1.51024 14.8919
-2.18287 1.47237 15.4717
-2.20824 1.43404 15.4717
-2.23293 1.39529 15.4717
-2.25694 1.35611 15.4717
-2.28026 1.31651 15.7718
-2.30289 1.27651 15.7718
-2.32482 1.23613 15.7718
-2.34604 1.19537 15.7718
-2.36654 1.15424 15.7718
-2.38633 1.11276 15.7788
-2.40538 1.07095 15.7788
-2.42371 1.0288 15.7788
-2.44129 0.986346 15.7788
-2.45814 0.94359 15.7788
-2.47423 0.900546 15.4852
-2.48957 0.857227 15.4852
-2.50415 0.813648 15.4852
-2.51797 0.76982 15.4852
-2.53102 0.725758 14.8895
-2.5433 0.681475 14.8895
-2.55481 0.636985 14.8895
-2.56553 0.5923 14.8895
-2.57548 0.547435 14.8895
-2.58464 0.502404 13.9962
-2.59302 0.457219 13.9962
-2.6006 0.411895 13.9962
-2.60739 0.366445 13.9962
-2.61339 0.320884 13.9962
-2.6186 0.275225 12.8167
-2.623 0.229483 12.8167
-2.62661 0.18367 12.8167
-2.62941 0.137802 12.8167
-2.63142 0.091891 11.37
-2.63262 0.0459525 11.37
-2.63302 3.22452e-16 11.37
-2.63262 -0.0459525 11.37
-2.63142 -0.091891 11.37
-2.62941 -0.137802 9.68248
-2.62661 -0.18367 9.68248
-2.623 -0.229483 9.68248
-2.6186 -0.275225 9.68248
-2.61339 -0.320884 7.78892
-2.60739 -0.366445 7.78892
-2.6006 -0.411895 7.78892
-2.59302 -0.457219 7.78892
-2.58464 -0.502404 7.78892
-2.57548 -0.547435 5.73206
-2.56553 -0.5923 5.73206
-2.55481 -0.636985 5.73206
-2.5433 -0.681475 5.73206
-2.53102 -0.725758 5.73206
-2.51797 -0.76982 3.56131
-2.50415 -0.813648 3.56131
-2.48957 -0.857227 3.56131
-2.47423 -0.900546 3.56131
-2.45814 -0.94359 1.33099
-2.44129 -0.986346 1.33099
-2.42371 -1.0288 1.33099
-2.40538 -1.07095 1.33099
-2.38633 -1.11276 1.33099
-2.36654 -1.15424 -0.90207
-2.34604 -1.19537 -0.90207
-2.32482 -1.23613 -0.90207
-2.30289 -1.27651 -0.90207
-2.28026 -1.31651 -0.90207
-2.25694 -1.35611 -3.08108
-2.23293 -1.39529 -3.08108
-2.20824 -1.43404 -3.08108
-2.18287 -1.47237 -3.08108
-2.15684 -1.51024 -5.15184
-2.13016 -1.54765 -5.15184
-2.10282 -1.58459 -5.15184
-2.07485 -1.62105 -5.15184
-2.04624 -1.65701 -5.15184
-2.01701 -1.69247 -7.06488
-1.98716 -1.72742 -7.06488
-1.95671 -1.76183 -7.06488
-1.92567 -1.79571 -7.06488
-1.89404 -1.82905 -8.7771
-1.86183 -1.86183 -8.7771
-1.82905 -1.89404 -8.7771
-1.79571 -1.92567 -8.7771
-1.76183 -1.95671 -8.7771
-1.72742 -1.98716 -10.2527
-1.69247 -2.01701 -10.2527
-1.65701 -2.04624 -10.2527
-1.62105 -2.07485 -10.2527
-1.58459 -2.10282 -10.2527
-1.54765 -2.13016 -11.4635
-1.51024 -2.15684 -11.4635
-1.47237 -2.18287 -11.4635
-1.43404 -2.20824 -11.4635
-1.39529 -2.23293 -12.3885
-1.35611 -2.25694 -12.3885
-1.31651 -2.28026 -12.3885
-1.27651 -2.30289 -12.3885
-1.23613 -2.32482 -12.3885
-1.19537 -2.34604 -13.0142
-1.15424 -2.36654 -13.0142
-1.11276 -2.38633 -13.0142
-1.07095 -2.40538 -13.0142
-1.0288 -2.42371 -13.3328
-0.986346 -2.44129 -13.3328
-0.94359 -2.45814 -13.3328
-0.900546 -2.47423 -13.3328
-0.857227 -2.48957 -13.3328
-0.813648 -2.50415 -13.3431
-0.76982 -2.51797 -13.3431
-0.725758 -2.53102 -13.3431
-0.681475 -2.5433 -13.3431
-0.636985 -2.55481 -13.3431
-0.5923 -2.56553 -13.0497
-0.547435 -2.57548 -13.0497
-0.502404 -2.58464 -13.0497
-0.457219 -2.59302 -13.0497
-0.411895 -2.6006 -12.4643
-0.366445 -2.60739 -12.4643
-0.320884 -2.61339 -12.4643
-0.275225 -2.6186 -12.4643
-0.229483 -2.623 -12.4643
-0.18367 -2.62661 -11.6058
-0.137802 -2.62941 -11.6058
-0.091891 -2.63142 -11.6058
-0.0459525 -2.63262 -11.6058
-4.83678e-16 -2.63302 -11.6058
0.0459525 -2.63262 -10.501
0.091891 -2.63142 -10.501
0.137802 -2.62941 -10.501
0.18367 -2.62661 -10.501
0.229483 -2.623 -9.18458
0.275225 -2.6186 -9.18458
0.320884 -2.61339 -9.18458
0.366445 -2.60739 -9.18458
0.411895 -2.6006 -9.18458
0.457219 -2.59302 -7.69941
0.502404 -2.58464 -7.69941
0.547435 -2.57548 -7.69941
0.5923 -2.56553 -7.69941
0.636985 -2.55481 -6.095
0.681475 -2.5433 -6.095
0.725758 -2.53102 -6.095
0.76982 -2.51797 -6.095
0.813648 -2.50415 -6.095
0.857227 -2.48957 -4.42586
0.900546 -2.47423 -4.42586
0.94359 -2.45814 -4.42586
0.986346 -2.44129 -4.42586
1.0288 -2.42371 -4.42586
1.07095 -2.40538 -2.74896
1.11276 -2.38633 -2.74896
1.15424 -2.36654 -2.74896
1.19537 -2.34604 -2.74896
1.23613 -2.32482 -1.12067
1.27651 -2.30289 -1.12067
1.31651 -2.28026 -1.12067
1.35611 -2.25694 -1.12067
1.39529 -2.23293 -1.12067
1.43404 -2.20824 0.406745
1.47237 -2.18287 0.406745
1.51024 -2.15684 0.406745
1.54765 -2.13016 0.406745
1.58459 -2.10282 1.78778
1.62105 -2.07485 1.78778
1.65701 -2.04624 1.78778
1.69247 -2.01701 1.78778
1.72742 -1.98716 1.78778
1.76183 -1.95671 2.98608
1.79571 -1.92567 2.98608
1.82905 -1.89404 2.98608
1.86183 -1.86183 2.98608
1.89404 -1.82905 2.98608
1.92567 -1.79571 3.9763
1.95671 -1.76183 3.9763
1.98716 -1.72742 3.9763
2.01701 -1.69247 3.9763
2.04624 -1.65701 4.74475
2.07485 -1.62105 4.74475
2.10282 -1.58459 4.74475
2.13016 -1.54765 4.74475
2.15684 -1.51024 4.74475
2.18287 -1.47237 5.28906
2.20824 -1.43404 5.28906
2.23293 -1.39529 5.28906
2.25694 -1.35611 5.28906
2.28026 -1.31651 5.28906
2.30289 -1.27651 5.61691
2.32482 -1.23613 5.61691
2.34604 -1.19537 5.61691
2.36654 -1.15424 5.61691
2.38633 -1.11276 5.74416
2.40538 -1.07095 5.74416
2.42371 -1.0288 5.74416
2.44129 -0.986346 5.74416
2.45814 -0.94359 5.74416
2.47423 -0.900546 5.6925
2.48957 -0.857227 5.6925
2.50415 -0.813648 5.6925
2.51797 -0.76982 5.6925
2.53102 -0.725758 5.48702
2.5433 -0.681475 5.48702
2.55481 -0.636985 5.48702
2.56553 -0.5923 5.48702
2.57548 -0.547435 5.48702
2.58464 -0.502404 5.15402
2.59302 -0.457219 5.15402
2.6006 -0.411895 5.15402
2.60739 -0.366445 5.15402
2.61339 -0.320884 5.15402
2.6186 -0.275225 4.71909
2.623 -0.229483 4.71909
2.62661 -0.18367 4.71909
2.62941 -0.137802 4.71909
2.63142 -0.091891 3.7194
2.63262 -0.0459525 3.7194

2.71281 0 4.70684
2.71239 0.047345 4.70684
2.71115 0.0946756 4.70684
2.70909 0.141977 4.07269
2.7062 0.189236 4.07269
2.70248 0.236437 4.07269
2.69795 0.283566 4.07269
2.69259 0.330608 3.40556
2.68641 0.37755 3.40556
2.67941 0.424377 3.40556
2.67159 0.471074 3.40556
2.66297 0.517628 2.71755
2.65353 0.564024 2.71755
2.64328 0.610249 2.71755
2.63223 0.656288 2.71755
2.62037 0.702126 2.01802
2.60772 0.747751 2.01802
2.59427 0.793148 2.01802
2.58003 0.838304 2.01802
2.56501 0.883204 2.01802
2.54921 0.927835 1.31438
2.53262 0.972183 1.31438
2.51527 1.01624 1.31438
2.49715 1.05998 1.31438
2.47827 1.1034 0.612806
2.45864 1.14648 0.612806
2.43826 1.18922 0.612806
2.41713 1.23159 0.612806
2.39527 1.27359 -0.0808462
2.37267 1.3152 -0.0808462
2.34936 1.3564 -0.0808462
2.32533 1.3972 -0.0808462
2.30059 1.43757 -0.0808462
2.27515 1.4775 -0.760207
2.24902 1.51698 -0.760207
2.2222 1.556 -0.760207
2.19471 1.59455 -0.760207
2.16654 1.63261 -1.41757
2.13772 1.67017 -1.41757
2.10825 1.70723 -1.41757
2.07813 1.74376 -1.41757
2.04738 1.77976 -2.04314
2.01601 1.81522 -2.04314
1.98402 1.85013 -2.04314
1.95143 1.88447 -2.04314
1.91824 1.91824 -2.62445
1.88447 1.95143 -2.62445
1.85013 1.98402 -2.62445
1.81522 2.01601 -2.62445
1.77976 2.04738 -2.62445
1.74376 2.07813 -3.14597
1.70723 2.10825 -3.14597
1.67017 2.13772 -3.14597
1.63261 2.16654 -3.14597
1.59455 2.19471 -3.58904
1.556 2.2222 -3.58904
1.51698 2.24902 -3.58904
1.4775 2.27515 -3.58904
1.43757 2.30059 -3.93211
1.3972 2.32533 -3.93211
1.3564 2.34936 -3.93211
1.3152 2.37267 -3.93211
1.27359 2.39527 -3.93211
1.23159 2.41713 -4.15155
1.18922 2.43826 -4.15155
1.14648 2.45864 -4.15155
1.1034 2.47827 -4.15155
1.05998 2.49715 -4.22263
1.01624 2.51527 -4.22263
0.972183 2.53262 -4.22263
0.927835 2.54921 -4.22263
0.883204 2.56501 -4.12129
0.838304 2.58003 -4.12129
0.793148 2.59427 -4.12129
0.747751 2.60772 -4.12129
0.702126 2.62037 -3.82601
0.656288 2.63223 -3.82601
0.610249 2.64328 -3.82601
0.564024 2.65353 -3.82601
0.517628 2.66297 -3.82601
0.471074 2.67159 -3.31996
0.424377 2.67941 -3.31996
0.37755 2.68641 -3.31996
0.330608 2.69259 -3.31996
0.283566 2.69795 -2.59301
0.236437 2.70248 -2.59301
0.189236 2.7062 -2.59301
0.141977 2.70909 -2.59301
0.0946756 2.71115 -1.64347
0.047345 2.71239 -1.64347
1.66112e-16 2.71281 -1.64347
-0.047345 2.71239 -1.64347
-0.0946756 2.71115 -1.64347
-0.141977 2.70909 -0.47933
-0.189236 2.7062 -0.47933
-0.236437 2.70248 -0.47933
-0.283566 2.69795 -0.47933
-0.330608 2.69259 0.881124
-0.37755 2.68641 0.881124
-0.424377 2.67941 0.881124
-0.471074 2.67159 0.881124
-0.517628 2.66297 2.40959
-0.564024 2.65353 2.40959
-0.610249 2.64328 2.40959
-0.656288 2.63223 2.40959
-0.702126 2.62037 4.06878
-0.747751 2.60772 4.06878
-0.793148 2.59427 4.06878
-0.838304 2.58003 4.06878
-0.883204 2.56501 4.06878
-0.927835 2.54921 5.81422
-0.972183 2.53262 5.81422
-1.01624 2.51527 5.81422
-1.05998 2.49715 5.81422
-1.1034 2.47827 7.59659
-1.14648 2.45864 7.59659
-1.18922 2.43826 7.59659
-1.23159 2.41713 7.59659
-1.27359 2.39527 9.36432
-1.3152 2.37267 9.36432
-1.3564 2.34936 9.36432
-1.3972 2.32533 9.36432
-1.43757 2.30059 9.36432
-1.4775 2.27515 11.0666
-1.51698 2.24902 11.0666
-1.556 2.2222 11.0666
-1.59455 2.19471 11.0666
-1.63261 2.16654 12.6554
-1.67017 2.13772 12.6554
-1.70723 2.10825 12.6554
-1.74376 2.07813 12.6554
-1.77976 2.04738 14.0872
-1.81522 2.01601 14.0872
-1.85013 1.98402 14.0872
-1.88447 1.95143 14.0872
-1.91824 1.91824 15.3243
-1.95143 1.88447 15.3243
-1.98402 1.85013 15.3243
-2.01601 1.81522 15.3243
-2.04738 1.77976 15.3243
-2.07813 1.74376 16.3353
-2.10825 1.70723 16.3353
-2.13772 1.67017 16.3353
-2.16654 1.63261 16.3353
-2.19471 1.59455 17.0953
-2.2222 1.556 17.0953
-2.24902 1.51698 17.0953
-2.27515 1.4775 17.0953
-2.30059 1.43757 17.585
-2.32533 1.3972 17.585
-2.34936 1.3564 17.585
-2.37267 1.3152 17.585
-2.39527 1.27359 17.585
-2.41713 1.23159 17.7905
-2.43826 1.18922 17.7905
-2.45864 1.14648 17.7905
-2.47827 1.1034 17.7905
-2.49715 1.05998 17.7026
-2.51527 1.01624 17.7026
-2.53262 0.972183 17.7026
-2.54921 0.927835 17.7026
-2.56501 0.883204 17.3161
-2.58003 0.838304 17.3161
-2.59427 0.793148 17.3161
-2.60772 0.747751 17.3161
-2.62037 0.702126 16.6309
-2.63223 0.656288 16.6309
-2.64328 0.610249 16.6309
-2.65353 0.564024 16.6309
-2.66297 0.517628 16.6309
-2.67159 0.471074 15.6512
-2.67941 0.424377 15.6512
-2.68641 0.37755 15.6512
-2.69259 0.330608 15.6512
-2.69795 0.283566 14.3871
-2.70248 0.236437 14.3871
-2.7062 0.189236 14.3871
-2.70909 0.141977 14.3871
-2.71115 0.0946756 12.8553
-2.71239 0.047345 12.8553
-2.71281 3.32223e-16 12.8553
-2.71239 -0.047345 12.8553
-2.71115 -0.0946756 12.8553
-2.70909 -0.141977 11.0793
-2.7062 -0.189236 11.0793
-2.70248 -0.236437 11.0793
-2.69795 -0.283566 11.0793
-2.69259 -0.330608 9.09018
-2.68641 -0.37755 9.09018
-2.67941 -0.424377 9.09018
-2.67159 -0.471074 9.09018
-2.66297 -0.517628 6.92684
-2.65353 -0.564024 6.92684
-2.64328 -0.610249 6.92684
-2.63223 -0.656288 6.92684
-2.62037 -0.702126 6.92684
-2.60772 -0.747751 4.63489
-2.59427 -0.793148 4.63489
-2.58003 -0.838304 4.63489
-2.56501 -0.883204 4.63489
-2.54921 -0.927835 2.26515
-2.53262 -0.972183 2.26515
-2.51527 -1.01624 2.26515
-2.49715 -1.05998 2.26515
-2.47827 -1.1034 -0.128372
-2.45864 -1.14648 -0.128372
-2.43826 -1.18922 -0.128372
-2.41713 -1.23159 -0.128372
-2.39527 -1.27359 -2.49084
-2.37267 -1.3152 -2.49084
-2.34936 -1.3564 -2.49084
-2.32533 -1.3972 -2.49084
-2.30059 -1.43757 -2.49084
-2.27515 -1.4775 -4.76901
-2.24902 -1.51698 -4.76901
-2.2222 -1.556 -4.76901
-2.19471 -1.59455 -4.76901
-2.16654 -1.63261 -6.91341
-2.13772 -1.67017 -6.91341
-2.10825 -1.70723 -6.91341
-2.07813 -1.74376 -6.91341
-2.04738 -1.77976 -8.88006
-2.01601 -1.81522 -8.88006
-1.98402 -1.85013 -8.88006
-1.95143 -1.88447 -8.88006
-1.91824 -1.91824 -8.88006
-1.88447 -1.95143 -10.6316
-1.85013 -1.98402 -10.6316
-1.81522 -2.01601 -10.6316
-1.77976 -2.04738 -10.6316
-1.74376 -2.07813 -12.1375
-1.70723 -2.10825 -12.1375
-1.67017 -2.13772 -12.1375
-1.63261 -2.16654 -12.1375
-1.59455 -2.19471 -13.3746
-1.556 -2.2222 -13.3746
-1.51698 -2.24902 -13.3746
-1.4775 -2.27515 -13.3746
-1.43757 -2.30059 -14.3256
-1.3972 -2.32533 -14.3256
-1.3564 -2.34936 -14.3256
-1.3152 -2.37267 -14.3256
-1.27359 -2.39527 -14.3256
-1.23159 -2.41713 -14.9793
-1.18922 -2.43826 -14.9793
-1.14648 -2.45864 -14.9793
-1.1034 -2.47827 -14.9793
-1.05998 -2.49715 -15.3293
-1.01624 -2.51527 -15.3293
-0.972183 -2.53262 -15.3293
-0.927835 -2.54921 -15.3293
-0.883204 -2.56501 -15.3737
-0.838304 -2.58003 -15.3737
-0.793148 -2.59427 -15.3737
-0.747751 -2.60772 -15.3737
-0.702126 -2.62037 -15.3737
-0.656288 -2.63223 -15.1152
-0.610249 -2.64328 -15.1152
-0.564024 -2.65353 -15.1152
-0.517628 -2.66297 -15.1152
-0.471074 -2.67159 -14.5619
-0.424377 -2.67941 -14.5619
-0.37755 -2.68641 -14.5619
-0.330608 -2.69259 -14.5619
-0.283566 -2.69795 -13.7276
-0.236437 -2.70248 -13.7276
-0.189236 -2.7062 -13.7276
-0.141977 -2.70909 -13.7276
-0.0946756 -2.71115 -12.6327
-0.047345 -2.71239 -12.6327
-4.98335e-16 -2.71281 -12.6327
0.047345 -2.71239 -12.6327
0.0946756 -2.71115 -12.6327
0.141977 -2.70909 -11.3051
0.189236 -2.7062 -11.3051
0.236437 -2.70248 -11.3051
0.283566 -2.69795 -11.3051
0.330608 -2.69259 -9.78043
0.37755 -2.68641 -9.78043
0.424377 -2.67941 -9.78043
0.471074 -2.67159 -9.78043
0.517628 -2.66297 -8.10149
0.564024 -2.65353 -8.10149
0.610249 -2.64328 -8.10149
0.656288 -2.63223 -8.10149
0.702126 -2.62037 -8.10149
0.747751 -2.60772 -6.31758
0.793148 -2.59427 -6.31758
0.838304 -2.58003 -6.31758
0.883204 -2.56501 -6.31758
0.927835 -2.54921 -4.48252
0.972183 -2.53262 -4.48252
1.01624 -2.51527 -4.48252
1.05998 -2.49715 -4.48252
1.1034 -2.47827 -2.65229
1.14648 -2.45864 -2.65229
1.18922 -2.43826 -2.65229
1.23159 -2.41713 -2.65229
1.27359 -2.39527 -0.88213
1.3152 -2.37267 -0.88213
1.3564 -2.34936 -0.88213
1.3972 -2.32533 -0.88213
1.43757 -2.30059 -0.88213
1.4775 -2.27515 0.776646
1.51698 -2.24902 0.776646
1.556 -2.2222 0.776646
1.59455 -2.19471 0.776646
1.63261 -2.16654 2.27925
1.67017 -2.13772 2.27925
1.70723 -2.10825 2.27925
1.74376 -2.07813 2.27925
1.77976 -2.04738 3.58964
1.81522 -2.01601 3.58964
1.85013 -1.98402 3.58964
1.88447 -1.95143 3.58964
1.91824 -1.91824 3.58964
1.95143 -1.88447 4.68227
1.98402 -1.85013 4.68227
2.01601 -1.81522 4.68227
2.04738 -1.77976 4.68227
2.07813 -1.74376 5.54282
2.10825 -1.70723 5.54282
2.13772 -1.67017 5.54282
2.16654 -1.63261 5.54282
2.19471 -1.59455 6.16799
2.2222 -1.556 6.16799
2.24902 -1.51698 6.16799
2.27515 -1.4775 6.16799
2.30059 -1.43757 6.56445
2.32533 -1.3972 6.56445
2.34936 -1.3564 6.56445
2.37267 -1.3152 6.56445
2.39527 -1.27359 6.56445
2.41713 -1.23159 6.74725
2.43826 -1.18922 6.74725
2.45864 -1.14648 6.74725
2.47827 -1.1034 6.74725
2.49715 -1.05998 6.7376
2.51527 -1.01624 6.7376
2.53262 -0.972183 6.7376
2.54921 -0.927835 6.7376
2.56501 -0.883204 6.5607
2.58003 -0.838304 6.5607
2.59427 -0.793148 6.5607
2.60772 -0.747751 6.5607
2.62037 -0.702126 6.5607
2.63223 -0.656288 6.24346
2.64328 -0.610249 6.24346
2.65353 -0.564024 6.24346
2.66297 -0.517628 6.24346
2.67159 -0.471074 5.81257
2.67941 -0.424377 5.81257
2.68641 -0.37755 5.81257
2.69259 -0.330608 5.81257
2.69795 -0.283566 5.29297
2.70248 -0.236437 5.29297
2.7062 -0.189236 5.29297
2.70909 -0.141977 5.29297
2.71115 -0.0946756 4.20576
2.71239 -0.047345 4.20576

2.7926 0 4.70684
2.79217 0.0487375 4.70684
2.79089 0.0974602 4.70684
2.78877 0.146153 4.07269
2.78579 0.194802 4.07269
2.78197 0.243391 4.07269
2.7773 0.291906 4.07269
2.77178 0.340332 3.40556
2.76542 0.388654 3.40556
2.75821 0.436858 3.40556
2.75017 0.484929 3.40556
2.74129 0.532852 2.71755
2.73157 0.580613 2.71755
2.72102 0.628197 2.71755
2.70964 0.67559 2.71755
2.69744 0.722777 2.01802
2.68442 0.769744 2.01802
2.67057 0.816476 2.01802
2.65592 0.86296 2.01802
2.64045 0.90918 2.01802
2.62418 0.955124 1.31438
2.60711 1.00078 1.31438
2.58925 1.04612 1.31438
2.5706 1.09115 1.31438
2.55116 1.13585 0.612806
2.53095 1.1802 0.612806
2.50997 1.22419 0.612806
2.48822 1.26781 0.612806
2.46572 1.31104 -0.0808462
2.44246 1.35388 -0.0808462
2.41846 1.3963 -0.0808462
2.39372 1.43829 -0.0808462
2.36826 1.47985 -0.0808462
2.34207 1.52096 -0.760207
2.31517 1.5616 -0.760207
2.28756 1.60177 -0.760207
2.25926 1.64145 -0.760207
2.23027 1.68063 -1.41757
2.2006 1.71929 -1.41757
2.17025 1.75744 -1.41757
2.13925 1.79505 -1.41757
2.1076 1.83211 -2.04314
2.0753 1.86861 -2.04314
2.04238 1.90455 -2.04314
2.00883 1.9399 -2.04314
1.97466 1.97466 -2.62445
1.9399 2.00883 -2.62445
1.90455 2.04238 -2.62445
1.86861 2.0753 -2.62445
1.83211 2.1076 -2.62445
1.79505 2.13925 -3.14597
1.75744 2.17025 -3.14597
1.71929 2.2006 -3.14597
1.68063 2.23027 -3.14597
1.64145 2.25926 -3.58904
1.60177 2.28756 -3.58904
1.5616 2.31517 -3.58904
1.52096 2.34207 -3.58904
1.47985 2.36826 -3.93211
1.43829 2.39372 -3.93211
1.3963 2.41846 -3.93211
1.35388 2.44246 -3.93211
1.31104 2.46572 -3.93211
1.26781 2.48822 -4.15155
1.22419 2.50997 -4.15155
1.1802 2.53095 -4.15155
1.13585 2.55116 -4.15155
1.09115 2.5706 -4.22263
1.04612 2.58925 -4.22263
1.00078 2.60711 -4.22263
0.955124 2.62418 -4.22263
0.90918 2.64045 -4.12129
0.86296 2.65592 -4.12129
0.816476 2.67057 -4.12129
0.769744 2.68442 -4.12129
0.722777 2.69744 -3.82601
0.67559 2.70964 -3.82601
0.628197 2.72102 -3.82601
0.580613 2.73157 -3.82601
0.532852 2.74129 -3.82601
0.484929 2.75017 -3.31996
0.436858 2.75821 -3.31996
0.388654 2.76542 -3.31996
0.340332 2.77178 -3.31996
0.291906 2.7773 -2.59301
0.243391 2.78197 -2.59301
0.194802 2.78579 -2.59301
0.146153 2.78877 -2.59301
0.0974602 2.79089 -1.64347
0.0487375 2.79217 -1.64347
1.70997e-16 2.7926 -1.64347
-0.0487375 2.79217 -1.64347
-0.0974602 2.79089 -1.64347
-0.146153 2.78877 -0.47933
-0.194802 2.78579 -0.47933
-0.243391 2.78197 -0.47933
-0.291906 2.7773 -0.47933
-0.340332 2.77178 0.881124
-0.388654 2.76542 0.881124
-0.436858 2.75821 0.881124
-0.484929 2.75017 0.881124
-0.532852 2.74129 2.40959
-0.580613 2.73157 2.40959
-0.628197 2.72102 2.40959
-0.67559 2.70964 2.40959
-0.722777 2.69744 4.06878
-0.769744 2.68442 4.06878
-0.816476 2.67057 4.06878
-0.86296 2.65592 4.06878
-0.90918 2.64045 4.06878
-0.955124 2.62418 5.81422
-1.00078 2.60711 5.81422
-1.04612 2.58925 5.81422
-1.09115 2.5706 5.81422
-1.13585 2.55116 7.59659
-1.1802 2.53095 7.59659
-1.22419 2.50997 7.59659
-1.26781 2.48822 7.59659
-1.31104 2.46572 9.36432
-1.35388 2.44246 9.36432
-1.3963 2.41846 9.36432
-1.43829 2.39372 9.36432
-1.47985 2.36826 9.36432
-1.52096 2.34207 11.0666
-1.5616 2.31517 11.0666
-1.60177 2.28756 11.0666
-1.64145 2.25926 11.0666
-1.68063 2.23027 12.6554
-1.71929 2.2006 12.6554
-1.75744 2.17025 12.6554
-1.79505 2.13925 12.6554
-1.83211 2.1076 14.0872
-1.86861 2.0753 14.0872
-1.90455 2.04238 14.0872
-1.9399 2.00883 14.0872
-1.97466 1.97466 15.3243
-2.00883 1.9399 15.3243
-2.04238 1.90455 15.3243
-2.0753 1.86861 15.3243
-2.1076 1.83211 15.3243
-2.13925 1.79505 16.3353
-2.17025 1.75744 16.3353
-2.2006 1.71929 16.3353
-2.23027 1.68063 16.3353
-2.25926 1.64145 17.0953
-2.28756 1.60177 17.0953
-2.31517 1.5616 17.0953
-2.34207 1.52096 17.0953
-2.36826 1.47985 17.585
-2.39372 1.43829 17.585
-2.41846 1.3963 17.585
-2.44246 1.35388 17.585
-2.46572 1.31104 17.585
-2.48822 1.26781 17.7905
-2.50997 1.22419 17.7905
-2.53095 1.1802 17.7905
-2.55116 1.13585 17.7905
-2.5706 1.09115 17.7026
-2.58925 1.04612 17.7026
-2.60711 1.00078 17.7026
-2.62418 0.955124 17.7026
-2.64045 0.90918 17.3161
-2.65592 0.86296 17.3161
-2.67057 0.816476 17.3161
-2.68442 0.769744 17.3161
-2.69744 0.722777 16.6309
-2.70964 0.67559 16.6309
-2.72102 0.628197 16.6309
-2.73157 0.580613 16.6309
-2.74129 0.532852 16.6309
-2.75017 0.484929 15.6512
-2.75821 0.436858 15.6512
-2.76542 0.388654 15.6512
-2.77178 0.340332 15.6512
-2.7773 0.291906 14.3871
-2.78197 0.243391 14.3871
-2.78579 0.194802 14.3871
-2.78877 0.146153 14.3871
-2.79089 0.0974602 12.8553
-2.79217 0.0487375 12.8553
-2.7926 3.41994e-16 12.8553
-2.79217 -0.0487375 12.8553
-2.79089 -0.0974602 12.8553
-2.78877 -0.146153 11.0793
-2.78579 -0.194802 11.0793
-2.78197 -0.243391 11.0793
-2.7773 -0.291906 11.0793
-2.77178 -0.340332 9.09018
-2.76542 -0.388654 9.09018
-2.75821 -0.436858 9.09018
-2.75017 -0.484929 9.09018
-2.74129 -0.532852 6.92684
-2.73157 -0.580613 6.92684
-2.72102 -0.628197 6.92684
-2.70964 -0.67559 6.92684
-2.69744 -0.722777 6.92684
-2.68442 -0.769744 4.63489
-2.67057 -0.816476 4.63489
-2.65592 -0.86296 4.63489
-2.64045 -0.90918 4.63489
-2.62418 -0.955124 2.26515
-2.60711 -1.00078 2.26515
-2.58925 -1.04612 2.26515
-2.5706 -1.09115 2.26515
-2.55116 -1.13585 -0.128372
-2.53095 -1.1802 -0.128372
-2.50997 -1.22419 -0.128372
-2.48822 -1.26781 -0.128372
-2.46572 -1.31104 -2.49084
-2.44246 -1.35388 -2.49084
-2.41846 -1.3963 -2.49084
-2.39372 -1.43829 -2.49084
-2.36826 -1.47985 -2.49084
-2.34207 -1.52096 -4.76901
-2.31517 -1.5616 -4.76901
-2.28756 -1.60177 -4.76901
-2.25926 -1.64145 -4.76901
-2.23027 -1.68063 -6.91341
-2.2006 -1.71929 -6.91341
-2.17025 -1.75744 -6.91341
-2.13925 -1.79505 -6.91341
-2.1076 -1.83211 -8.88006
-2.0753 -1.86861 -8.88006
-2.04238 -1.90455 -8.88006
-2.00883 -1.9399 -8.88006
-1.97466 -1.97466 -8.88006
-1.9399 -2.00883 -10.6316
-1.90455 -2.04238 -10.6316
-1.86861 -2.0753 -10.6316
-1.83211 -2.1076 -10.6316
-1.79505 -2.13925 -12.1375
-1.75744 -2.17025 -12.1375
-1.71929 -2.2006 -12.1375
-1.68063 -2.23027 -12.1375
-1.64145 -2.25926 -13.3746
-1.60177 -2.28756 -13.3746
-1.5616 -2.31517 -13.3746
-1.52096 -2.34207 -13.3746
-1.47985 -2.36826 -14.3256
-1.43829 -2.39372 -14.3256
-1.3963 -2.41846 -14.3256
-1.35388 -2.44246 -14.3256
-1.31104 -2.46572 -14.3256
-1.26781 -2.48822 -14.9793
-1.22419 -2.50997 -14.9793
-1.1802 -2.53095 -14.9793
-1.13585 -2.55116 -14.9793
-1.09115 -2.5706 -15.3293
-1.04612 -2.58925 -15.3293
-1.00078 -2.60711 -15.3293
-0.955124 -2.62418 -15.3293
-0.90918 -2.64045 -15.3737
-0.86296 -2.65592 -15.3737
-0.816476 -2.67057 -15.3737
-0.769744 -2.68442 -15.3737
-0.722777 -2.69744 -15.3737
-0.67559 -2.70964 -15.1152
-0.628197 -2.72102 -15.1152
-0.580613 -2.73157 -15.1152
-0.532852 -2.74129 -15.1152
-0.484929 -2.75017 -14.5619
-0.436858 -2.75821 -14.5619
-0.388654 -2.76542 -14.5619
-0.340332 -2.77178 -14.5619
-0.291906 -2.7773 -13.7276
-0.243391 -2.78197 -13.7276
-0.194802 -2.78579 -13.7276
-0.146153 -2.78877 -13.7276
-0.0974602 -2.79089 -12.6327
-0.0487375 -2.79217 -12.6327
-5.12992e-16 -2.7926 -12.6327
0.0487375 -2.79217 -12.6327
0.0974602 -2.79089 -12.6327
0.146153 -2.78877 -11.3051
0.194802 -2.78579 -11.3051
0.243391 -2.78197 -11.3051
0.291906 -2.7773 -11.3051
0.340332 -2.77178 -9.78043
0.388654 -2.76542 -9.78043
0.436858 -2.75821 -9.78043
0.484929 -2.75017 -9.78043
0.532852 -2.74129 -8.10149
0.580613 -2.73157 -8.10149
0.628197 -2.72102 -8.10149
0.67559 -2.70964 -8.10149
0.722777 -2.69744 -8.10149
0.769744 -2.68442 -6.31758
0.816476 -2.67057 -6.31758
0.86296 -2.65592 -6.31758
0.90918 -2.64045 -6.31758
0.955124 -2.62418 -4.48252
1.00078 -2.60711 -4.48252
1.04612 -2.58925 -4.48252
1.09115 -2.5706 -4.48252
1.13585 -2.55116 -2.65229
1.1802 -2.53095 -2.65229
1.22419 -2.50997 -2.65229
1.26781 -2.48822 -2.65229
1.31104 -2.46572 -0.88213
1.35388 -2.44246 -0.88213
1.3963 -2.41846 -0.88213
1.43829 -2.39372 -0.88213
1.47985 -2.36826 -0.88213
1.52096 -2.34207 0.776646
1.5616 -2.31517 0.776646
1.60177 -2.28756 0.776646
1.64145 -2.25926 0.776646
1.68063 -2.23027 2.27925
1.71929 -2.2006 2.27925
1.75744 -2.17025 2.27925
1.79505 -2.13925 2.27925
1.83211 -2.1076 3.58964
1.86861 -2.0753 3.58964
1.90455 -2.04238 3.58964
1.9399 -2.00883 3.58964
1.97466 -1.97466 3.58964
2.00883 -1.9399 4.68227
2.04238 -1.90455 4.68227
2.0753 -1.86861 4.68227
2.1076 -1.83211 4.68227
2.13925 -1.79505 5.54282
2.17025 -1.75744 5.54282
2.2006 -1.71929 5.54282
2.23027 -1.68063 5.54282
2.25926 -1.64145 6.16799
2.28756 -1.60177 6.16799
2.31517 -1.5616 6.16799
2.34207 -1.52096 6.16799
2.36826 -1.47985 6.56445
2.39372 -1.43829 6.56445
2.41846 -1.3963 6.56445
2.44246 -1.35388 6.56445
2.46572 -1.31104 6.56445
2.48822 -1.26781 6.74725
2.50997 -1.22419 6.74725
2.53095 -1.1802 6.74725
2.55116 -1.13585 6.74725
2.5706 -1.09115 6.7376
2.58925 -1.04612 6.7376
2.60711 -1.00078 6.7376
2.62418 -0.955124 6.7376
2.64045 -0.90918 6.5607
2.65592 -0.86296 6.5607
2.67057 -0.816476 6.5607
2.68442 -0.769744 6.5607
2.69744 -0.722777 6.5607
2.70964 -0.67559 6.24346
2.72102 -0.628197 6.24346
2.73157 -0.580613 6.24346
2.74129 -0.532852 6.24346
2.75017 -0.484929 5.81257
2.75821 -0.436858 5.81257
2.76542 -0.388654 5.81257
2.77178 -0.340332 5.81257
2.7773 -0.291906 5.29297
2.78197 -0.243391 5.29297
2.78579 -0.194802 5.29297
2.78877 -0.146153 5.29297
2.79089 -0.0974602 4.20576
2.79217 -0.0487375 4.20576

2.87238 0 4.70684
2.87195 0.05013 4.70684
2.87063 0.100245 4.70684
2.86845 0.150329 4.07269
2.86539 0.200367 4.07269
2.86145 0.250345 4.07269
2.85665 0.300246 4.07269
2.85097 0.350056 3.40556
2.84443 0.399759 3.40556
2.83702 0.44934 3.40556
2.82875 0.498784 3.40556
2.81961 0.548077 2.71755
2.80962 0.597202 2.71755
2.79877 0.646146 2.71755
2.78706 0.694893 2.71755
2.77451 0.743428 2.01802
2.76111 0.791736 2.01802
2.74687 0.839804 2.01802
2.7318 0.887616 2.01802
2.71589 0.935157 2.01802
2.69916 0.982413 1.31438
2.6816 1.02937 1.31438
2.66323 1.07601 1.31438
2.64404 1.12233 1.31438
2.62405 1.1683 0.612806
2.60326 1.21392 0.612806
2.58168 1.25917 0.612806
2.55931 1.30404 0.612806
2.53616 1.3485 -0.0808462
2.51224 1.39256 -0.0808462
2.48756 1.43619 -0.0808462
2.46211 1.47939 -0.0808462
2.43592 1.52213 -0.0808462
2.40898 1.56441 -0.760207
2.38131 1.60622 -0.760207
2.35292 1.64753 -0.760207
2.32381 1.68835 -0.760207
2.29399 1.72864 -1.41757
2.26347 1.76842 -1.41757
2.23226 1.80765 -1.41757
2.20037 1.84633 -1.41757
2.16782 1.88445 -2.04314
2.1346 1.922 -2.04314
2.10073 1.95896 -2.04314
2.06622 1.99533 -2.04314
2.03108 2.03108 -2.62445
1.99533 2.06622 -2.62445
1.95896 2.10073 -2.62445
1.922 2.1346 -2.62445
1.88445 2.16782 -2.62445
1.84633 2.20037 -3.14597
1.80765 2.23226 -3.14597
1.76842 2.26347 -3.14597
1.72864 2.29399 -3.14597
1.68835 2.32381 -3.58904
1.64753 2.35292 -3.58904
1.60622 2.38131 -3.58904
1.56441 2.40898 -3.58904
1.52213 2.43592 -3.93211
1.47939 2.46211 -3.93211
1.43619 2.48756 -3.93211
1.39256 2.51224 -3.93211
1.3485 2.53616 -3.93211
1.30404 2.55931 -4.15155
1.25917 2.58168 -4.15155
1.21392 2.60326 -4.15155
1.1683 2.62405 -4.15155
1.12233 2.64404 -4.22263
1.07601 2.66323 -4.22263
1.02937 2.6816 -4.22263
0.982413 2.69916 -4.22263
0.935157 2.71589 -4.12129
0.887616 2.7318 -4.12129
0.839804 2.74687 -4.12129
0.791736 2.76111 -4.12129
0.743428 2.77451 -3.82601
0.694893 2.78706 -3.82601
0.646146 2.79877 -3.82601
0.597202 2.80962 -3.82601
0.548077 2.81961 -3.82601
0.498784 2.82875 -3.31996
0.44934 2.83702 -3.31996
0.399759 2.84443 -3.31996
0.350056 2.85097 -3.31996
0.300246 2.85665 -2.59301
0.250345 2.86145 -2.59301
0.200367 2.86539 -2.59301
0.150329 2.86845 -2.59301
0.100245 2.87063 -1.64347
0.05013 2.87195 -1.64347
1.75883e-16 2.87238 -1.64347
-0.05013 2.87195 -1.64347
-0.100245 2.87063 -1.64347
-0.150329 2.86845 -0.47933
-0.200367 2.86539 -0.47933
-0.250345 2.86145 -0.47933
-0.300246 2.85665 -0.47933
-0.350056 2.85097 0.881124
-0.399759 2.84443 0.881124
-0.44934 2.83702 0.881124
-0.498784 2.82875 0.881124
-0.548077 2.81961 2.40959
-0.597202 2.80962 2.40959
-0.646146 2.79877 2.40959
-0.694893 2.78706 2.40959
-0.743428 2.77451 4.06878
-0.791736 2.76111 4.06878
-0.839804 2.74687 4.06878
-0.887616 2.7318 4.06878
-0.935157 2.71589 4.06878
-0.982413 2.69916 5.81422
-1.02937 2.6816 5.81422
-1.07601 2.66323 5.81422
-1.12233 2.64404 5.81422
-1.1683 2.62405 7.59659
-1.21392 2.60326 7.59659
-1.25917 2.58168 7.59659
-1.30404 2.55931 7.59659
-1.3485 2.53616 9.36432
-1.39256 2.51224 9.36432
-1.43619 2.48756 9.36432
-1.47939 2.46211 9.36432
-1.52213 2.43592 9.36432
-1.56441 2.40898 11.0666
-1.60622 2.38131 11.0666
-1.64753 2.35292 11.0666
-1.68835 2.32381 11.0666
-1.72864 2.29399 12.6554
-1.76842 2.26347 12.6554
-1.80765 2.23226 12.6554
-1.84633 2.20037 12.6554
-1.88445 2.16782 14.0872
-1.922 2.1346 14.0872
-1.95896 2.10073 14.0872
-1.99533 2.06622 14.0872
-2.03108 2.03108 15.3243
-2.06622 1.99533 15.3243
-2.10073 1.95896 15.3243
-2.1346 1.922 15.3243
-2.16782 1.88445 15.3243
-2.20037 1.84633 16.3353
-2.23226 1.80765 16.3353
-2.26347 1.76842 16.3353
-2.29399 1.72864 16.3353
-2.32381 1.68835 17.0953
-2.35292 1.64753 17.0953
-2.38131 1.60622 17.0953
-2.40898 1.56441 17.0953
-2.43592 1.52213 17.585
-2.46211 1.47939 17.585
-2.48756 1.43619 17.585
-2.51224 1.39256 17.585
-2.53616 1.3485 17.585
-2.55931 1.30404 17.7905
-2.58168 1.25917 17.7905
-2.60326 1.21392 17.7905
-2.62405 1.1683 17.7905
-2.64404 1.12233 17.7026
-2.66323 1.07601 17.7026
-2.6816 1.02937 17.7026
-2.69916 0.982413 17.7026
-2.71589 0.935157 17.3161
-2.7318 0.887616 17.3161
-2.74687 0.839804 17.3161
-2.76111 0.791736 17.3161
-2.77451 0.743428 16.6309
-2.78706 0.694893 16.6309
-2.79877 0.646146 16.6309
-2.80962 0.597202 16.6309
-2.81961 0.548077 16.6309
-2.82875 0.498784 15.6512
-2.83702 0.44934 15.6512
-2.84443 0.399759 15.6512
-2.85097 0.350056 15.6512
-2.85665 0.300246 14.3871
-2.86145 0.250345 14.3871
-2.86539 0.200367 14.3871
-2.86845 0.150329 14.3871
-2.87063 0.100245 12.8553
-2.87195 0.05013 12.8553
-2.87238 3.51766e-16 12.8553
-2.87195 -0.05013 12.8553
-2.87063 -0.100245 12.8553
-2.86845 -0.150329 11.0793
-2.86539 -0.200367 11.0793
-2.86145 -0.250345 11.0793
-2.85665 -0.300246 11.0793
-2.85097 -0.350056 9.09018
-2.84443 -0.399759 9.09018
-2.83702 -0.44934 9.09018
-2.82875 -0.498784 9.09018
-2.81961 -0.548077 6.92684
-2.80962 -0.597202 6.92684
-2.79877 -0.646146 6.92684
-2.78706 -0.694893 6.92684
-2.77451 -0.743428 6.92684
-2.76111 -0.791736 4.63489
-2.74687 -0.839804 4.63489
-2.7318 -0.887616 4.63489
-2.71589 -0.935157 4.63489
-2.69916 -0.982413 2.26515
-2.6816 -1.02937 2.26515
-2.66323 -1.07601 2.26515
-2.64404 -1.12233 2.26515
-2.62405 -1.1683 -0.128372
-2.60326 -1.21392 -0.128372
-2.58168 -1.25917 -0.128372
-2.55931 -1.30404 -0.128372
-2.53616 -1.3485 -2.49084
-2.51224 -1.39256 -2.49084
-2.48756 -1.43619 -2.49084
-2.46211 -1.47939 -2.49084
-2.43592 -1.52213 -2.49084
-2.40898 -1.56441 -4.76901
-2.38131 -1.60622 -4.76901
-2.35292 -1.64753 -4.76901
-2.32381 -1.68835 -4.76901
-2.29399 -1.72864 -6.91341
-2.26347 -1.76842 -6.91341
-2.23226 -1.80765 -6.91341
-2.20037 -1.84633 -6.91341
-2.16782 -1.88445 -8.88006
-2.1346 -1.922 -8.88006
-2.10073 -1.95896 -8.88006
-2.06622 -1.99533 -8.88006
-2.03108 -2.03108 -8.88006
-1.99533 -2.06622 -10.6316
-1.95896 -2.10073 -10.6316
-1.922 -2.1346 -10.6316
-1.88445 -2.16782 -10.6316
-1.84633 -2.20037 -12.1375
-1.80765 -2.23226 -12.1375
-1.76842 -2.26347 -12.1375
-1.72864 -2.29399 -12.1375
-1.68835 -2.32381 -13.3746
-1.64753 -2.35292 -13.3746
-1.60622 -2.38131 -13.3746
-1.56441 -2.40898 -13.3746
-1.52213 -2.43592 -14.3256
-1.47939 -2.46211 -14.3256
-1.43619 -2.48756 -14.3256
-1.39256 -2.51224 -14.3256
-1.3485 -2.53616 -14.3256
-1.30404 -2.55931 -14.9793
-1.25917 -2.58168 -14.9793
-1.21392 -2.60326 -14.9793
-1.1683 -2.62405 -14.9793
-1.12233 -2.64404 -15.3293
-1.07601 -2.66323 -15.3293
-1.02937 -2.6816 -15.3293
-0.982413 -2.69916 -15.3293
-0.935157 -2.71589 -15.3737
-0.887616 -2.7318 -15.3737
-0.839804 -2.74687 -15.3737
-0.791736 -2.76111 -15.3737
-0.743428 -2.77451 -15.3737
-0.694893 -2.78706 -15.1152
-0.646146 -2.79877 -15.1152
-0.597202 -2.80962 -15.1152
-0.548077 -2.81961 -15.1152
-0.498784 -2.82875 -14.5619
-0.44934 -2.83702 -14.5619
-0.399759 -2.84443 -14.5619
-0.350056 -2.85097 -14.5619
-0.300246 -2.85665 -13.7276
-0.250345 -2.86145 -13.7276
-0.200367 -2.86539 -13.7276
-0.150329 -2.86845 -13.7276
-0.100245 -2.87063 -12.6327
-0.05013 -2.87195 -12.6327
-5.27648e-16 -2.87238 -12.6327
0.05013 -2.87195 -12.6327
0.100245 -2.87063 -12.6327
0.150329 -2.86845 -11.3051
0.200367 -2.86539 -11.3051
0.250345 -2.86145 -11.3051
0.300246 -2.85665 -11.3051
0.350056 -2.85097 -9.78043
0.399759 -2.84443 -9.78043
0.44934 -2.83702 -9.78043
0.498784 -2.82875 -9.78043
0.548077 -2.81961 -8.10149
0.597202 -2.80962 -8.10149
0.646146 -2.79877 -8.10149
0.694893 -2.78706 -8.10149
0.743428 -2.77451 -8.10149
0.791736 -2.76111 -6.31758
0.839804 -2.74687 -6.31758
0.887616 -2.7318 -6.31758
0.935157 -2.71589 -6.31758
0.982413 -2.69916 -4.48252
1.02937 -2.6816 -4.48252
1.07601 -2.66323 -4.48252
1.12233 -2.64404 -4.48252
1.1683 -2.62405 -2.65229
1.21392 -2.60326 -2.65229
1.25917 -2.58168 -2.65229
1.30404 -2.55931 -2.65229
1.3485 -2.53616 -0.88213
1.39256 -2.51224 -0.88213
1.43619 -2.48756 -0.88213
1.47939 -2.46211 -0.88213
1.52213 -2.43592 -0.88213
1.56441 -2.40898 0.776646
1.60622 -2.38131 0.776646
1.64753 -2.35292 0.776646
1.68835 -2.32381 0.776646
1.72864 -2.29399 2.27925
1.76842 -2.26347 2.27925
1.80765 -2.23226 2.27925
1.84633 -2.20037 2.27925
1.88445 -2.16782 3.58964
1.922 -2.1346 3.58964
1.95896 -2.10073 3.58964
1.99533 -2.06622 3.58964
2.03108 -2.03108 3.58964
2.06622 -1.99533 4.68227
2.10073 -1.95896 4.68227
2.1346 -1.922 4.68227
2.16782 -1.88445 4.68227
2.20037 -1.84633 5.54282
2.23226 -1.80765 5.54282
2.26347 -1.76842 5.54282
2.29399 -1.72864 5.54282
2.32381 -1.68835 6.16799
2.35292 -1.64753 6.16799
2.38131 -1.60622 6.16799
2.40898 -1.56441 6.16799
2.43592 -1.52213 6.56445
2.46211 -1.47939 6.56445
2.48756 -1.43619 6.56445
2.51224 -1.39256 6.56445
2.53616 -1.3485 6.56445
2.55931 -1.30404 6.74725
2.58168 -1.25917 6.74725
2.60326 -1.21392 6.74725
2.62405 -1.1683 6.74725
2.64404 -1.12233 6.7376
2.66323 -1.07601 6.7376
2.6816 -1.02937 6.7376
2.69916 -0.982413 6.7376
2.71589 -0.935157 6.5607
2.7318 -0.887616 6.5607
2.74687 -0.839804 6.5607
2.76111 -0.791736 6.5607
2.77451 -0.743428 6.5607
2.78706 -0.694893 6.24346
2.79877 -0.646146 6.24346
2.80962 -0.597202 6.24346
2.81961 -0.548077 6.24346
2.82875 -0.498784 5.81257
2.83702 -0.44934 5.81257
2.84443 -0.399759 5.81257
2.85097 -0.350056 5.81257
2.85665 -0.300246 5.29297
2.86145 -0.250345 5.29297
2.86539 -0.200367 5.29297
2.86845 -0.150329 5.29297
2.87063 -0.100245 4.20576
2.87195 -0.05013 4.20576

2.95217 0 5.21539
2.95172 0.0515225 5.21539
2.95037 0.103029 4.52062
2.94813 0.154505 4.52062
2.94498 0.205933 4.52062
2.94094 0.257299 4.52062
2.936 0.308586 3.80145
2.93017 0.359779 3.80145
2.92344 0.410863 3.80145
2.91583 0.461822 3.80145
2.90732 0.512639 3.06788
2.89793 0.563301 3.06788
2.88766 0.613791 3.06788
2.87651 0.664094 3.06788
2.86448 0.714195 2.32713
2.85158 0.764079 2.32713
2.83781 0.813729 2.32713
2.82318 0.863132 2.32713
2.80768 0.912272 1.58432
2.79133 0.961133 1.58432
2.77414 1.0097 1.58432
2.75609 1.05796 1.58432
2.73721 1.1059 0.843215
2.71749 1.15351 0.843215
2.69694 1.20076 0.843215
2.67558 1.24764 0.843215
2.6534 1.29415 0.106987
2.63041 1.34026 0.106987
2.60661 1.38596 0.106987
2.58203 1.43124 0.106987
2.55666 1.47609 -0.620984
2.53051 1.52048 -0.620984
2.50358 1.56441 -0.620984
2.4759 1.60787 -0.620984
2.44746 1.65083 -1.33636
2.41828 1.6933 -1.33636
2.38836 1.73524 -1.33636
2.35771 1.77666 -1.33636
2.32634 1.81754 -2.03313
2.29427 1.85786 -2.03313
2.2615 1.89762 -2.03313
2.22803 1.9368 -2.03313
2.19389 1.97539 -2.7029
2.15908 2.01338 -2.7029
2.12362 2.05075 -2.7029
2.0875 2.0875 -2.7029
2.05075 2.12362 -3.33437
2.01338 2.15908 -3.33437
1.97539 2.19389 -3.33437
1.9368 2.22803 -3.33437
1.89762 2.2615 -3.91296
1.85786 2.29427 -3.91296
1.81754 2.32634 -3.91296
1.77666 2.35771 -3.91296
1.73524 2.38836 -4.42072
1.6933 2.41828 -4.42072
1.65083 2.44746 -4.42072
1.60787 2.4759 -4.42072
1.56441 2.50358 -4.83648
1.52048 2.53051 -4.83648
1.47609 2.55666 -4.83648
1.43124 2.58203 -4.83648
1.38596 2.60661 -5.13649
1.34026 2.63041 -5.13649
1.29415 2.6534 -5.13649
1.24764 2.67558 -5.13649
1.20076 2.69694 -5.29536
1.15351 2.71749 -5.29536
1.1059 2.73721 -5.29536
1.05796 2.75609 -5.29536
1.0097 2.77414 -5.28754
0.961133 2.79133 -5.28754
0.912272 2.80768 -5.28754
0.863132 2.82318 -5.28754
0.813729 2.83781 -5.08911
0.764079 2.85158 -5.08911
0.714195 2.86448 -5.08911
0.664094 2.87651 -5.08911
0.613791 2.88766 -4.6797
0.563301 2.89793 -4.6797
0.512639 2.90732 -4.6797
0.461822 2.91583 -4.6797
0.410863 2.92344 -4.04454
0.359779 2.93017 -4.04454
0.308586 2.936 -4.04454
0.257299 2.94094 -4.04454
0.205933 2.94498 -3.1762
0.154505 2.94813 -3.1762
0.103029 2.95037 -3.1762
0.0515225 2.95172 -3.1762
1.80768e-16 2.95217 -2.07617
-0.0515225 2.95172 -2.07617
-0.103029 2.95037 -2.07617
-0.154505 2.94813 -2.07617
-0.205933 2.94498 -0.75566
-0.257299 2.94094 -0.75566
-0.308586 2.936 -0.75566
-0.359779 2.93017 -0.75566
-0.410863 2.92344 0.764136
-0.461822 2.91583 0.764136
-0.512639 2.90732 0.764136
-0.563301 2.89793 0.764136
-0.613791 2.88766 2.4525
-0.664094 2.87651 2.4525
-0.714195 2.86448 2.4525
-0.764079 2.85158 2.4525
-0.813729 2.83781 4.27042
-0.863132 2.82318 4.27042
-0.912272 2.80768 4.27042
-0.961133 2.79133 4.27042
-1.0097 2.77414 6.17255
-1.05796 2.75609 6.17255
-1.1059 2.73721 6.17255
-1.15351 2.71749 6.17255
-1.20076 2.69694 8.10947
-1.24764 2.67558 8.10947
-1.29415 2.6534 8.10947
-1.34026 2.63041 8.10947
-1.38596 2.60661 10.0302
-1.43124 2.58203 10.0302
-1.47609 2.55666 10.0302
-1.52048 2.53051 10.0302
-1.56441 2.50358 11.8851
-1.60787 2.4759 11.8851
-1.65083 2.44746 11.8851
-1.6933 2.41828 11.8851
-1.73524 2.38836 13.6274
-1.77666 2.35771 13.6274
-1.81754 2.32634 13.6274
-1.85786 2.29427 13.6274
-1.89762 2.2615 15.2154
-1.9368 2.22803 15.2154
-1.97539 2.19389 15.2154
-2.01338 2.15908 15.2154
-2.05075 2.12362 16.6131
-2.0875 2.0875 16.6131
-2.12362 2.05075 16.6131
-2.15908 2.01338 16.6131
-2.19389 1.97539 17.7908
-2.22803 1.9368 17.7908
-2.2615 1.89762 17.7908
-2.29427 1.85786 17.7908
-2.32634 1.81754 18.7246
-2.35771 1.77666 18.7246
-2.38836 1.73524 18.7246
-2.41828 1.6933 18.7246
-2.44746 1.65083 19.3966
-2.4759 1.60787 19.3966
-2.50358 1.56441 19.3966
-2.53051 1.52048 19.3966
-2.55666 1.47609 19.793
-2.58203 1.43124 19.793
-2.60661 1.38596 19.793
-2.63041 1.34026 19.793
-2.6534 1.29415 19.9042
-2.67558 1.24764 19.9042
-2.69694 1.20076 19.9042
-2.71749 1.15351 19.9042
-2.73721 1.1059 19.7236
-2.75609 1.05796 19.7236
-2.77414 1.0097 19.7236
-2.79133 0.961133 19.7236
-2.80768 0.912272 19.2479
-2.82318 0.863132 19.2479
-2.83781 0.813729 19.2479
-2.85158 0.764079 19.2479
-2.86448 0.714195 18.477
-2.87651 0.664094 18.477
-2.88766 0.613791 18.477
-2.89793 0.563301 18.477
-2.90732 0.512639 17.4143
-2.91583 0.461822 17.4143
-2.92344 0.410863 17.4143
-2.93017 0.359779 17.4143
-2.936 0.308586 16.0685
-2.94094 0.257299 16.0685
-2.94498 0.205933 16.0685
-2.94813 0.154505 16.0685
-2.95037 0.103029 14.4538
-2.95172 0.0515225 14.4538
-2.95217 3.61537e-16 14.4538
-2.95172 -0.0515225 14.4538
-2.95037 -0.103029 14.4538
-2.94813 -0.154505 12.5906
-2.94498 -0.205933 12.5906
-2.94094 -0.257299 12.5906
-2.936 -0.308586 12.5906
-2.93017 -0.359779 10.5069
-2.92344 -0.410863 10.5069
-2.91583 -0.461822 10.5069
-2.90732 -0.512639 10.5069
-2.89793 -0.563301 8.23806
-2.88766 -0.613791 8.23806
-2.87651 -0.664094 8.23806
-2.86448 -0.714195 8.23806
-2.85158 -0.764079 5.82637
-2.83781 -0.813729 5.82637
-2.82318 -0.863132 5.82637
-2.80768 -0.912272 5.82637
-2.79133 -0.961133 3.31967
-2.77414 -1.0097 3.31967
-2.75609 -1.05796 3.31967
-2.73721 -1.1059 3.31967
-2.71749 -1.15351 0.769565
-2.69694 -1.20076 0.769565
-2.67558 -1.24764 0.769565
-2.6534 -1.29415 0.769565
-2.63041 -1.34026 -1.77069
-2.60661 -1.38596 -1.77069
-2.58203 -1.43124 -1.77069
-2.55666 -1.47609 -1.77069
-2.53051 -1.52048 -4.24858
-2.50358 -1.56441 -4.24858
-2.4759 -1.60787 -4.24858
-2.44746 -1.65083 -4.24858
-2.41828 -1.6933 -6.61447
-2.38836 -1.73524 -6.61447
-2.35771 -1.77666 -6.61447
-2.32634 -1.81754 -6.61447
-2.29427 -1.85786 -8.82355
-2.2615 -1.89762 -8.82355
-2.22803 -1.9368 -8.82355
-2.19389 -1.97539 -8.82355
-2.15908 -2.01338 -10.837
-2.12362 -2.05075 -10.837
-2.0875 -2.0875 -10.837
-2.05075 -2.12362 -10.837
-2.01338 -2.15908 -12.6228
-1.97539 -2.19389 -12.6228
-1.9368 -2.22803 -12.6228
-1.89762 -2.2615 -12.6228
-1.85786 -2.29427 -14.1555
-1.81754 -2.32634 -14.1555
-1.77666 -2.35771 -14.1555
-1.73524 -2.38836 -14.1555
-1.6933 -2.41828 -15.4162
-1.65083 -2.44746 -15.4162
-1.60787 -2.4759 -15.4162
-1.56441 -2.50358 -15.4162
-1.52048 -2.53051 -16.3912
-1.47609 -2.55666 -16.3912
-1.43124 -2.58203 -16.3912
-1.38596 -2.60661 -16.3912
-1.34026 -2.63041 -17.0717
-1.29415 -2.6534 -17.0717
-1.24764 -2.67558 -17.0717
-1.20076 -2.69694 -17.0717
-1.15351 -2.71749 -17.4524
-1.1059 -2.73721 -17.4524
-1.05796 -2.75609 -17.4524
-1.0097 -2.77414 -17.4524
-0.961133 -2.79133 -17.5314
-0.912272 -2.80768 -17.5314
-0.863132 -2.82318 -17.5314
-0.813729 -2.83781 -17.5314
-0.764079 -2.85158 -17.3097
-0.714195 -2.86448 -17.3097
-0.664094 -2.87651 -17.3097
-0.613791 -2.88766 -17.3097
-0.563301 -2.89793 -16.7924
-0.512639 -2.90732 -16.7924
-0.461822 -2.91583 -16.7924
-0.410863 -2.92344 -16.7924
-0.359779 -2.93017 -15.989
-0.308586 -2.936 -15.989
-0.257299 -2.94094 -15.989
-0.205933 -2.94498 -15.989
-0.154505 -2.94813 -14.9143
-0.103029 -2.95037 -14.9143
-0.0515225 -2.95172 -14.9143
-5.42305e-16 -2.95217 -14.9143
0.0515225 -2.95172 -13.5897
0.103029 -2.95037 -13.5897
0.154505 -2.94813 -13.5897
0.205933 -2.94498 -13.5897
0.257299 -2.94094 -12.0437
0.308586 -2.936 -12.0437
0.359779 -2.93017 -12.0437
0.410863 -2.92344 -12.0437
0.461822 -2.91583 -10.3125
0.512639 -2.90732 -10.3125
0.563301 -2.89793 -10.3125
0.613791 -2.88766 -10.3125
0.664094 -2.87651 -8.43931
0.714195 -2.86448 -8.43931
0.764079 -2.85158 -8.43931
0.813729 -2.83781 -8.43931
0.863132 -2.82318 -6.47332
0.912272 -2.80768 -6.47332
0.961133 -2.79133 -6.47332
1.0097 -2.77414 -6.47332
1.05796 -2.75609 -4.46817
1.1059 -2.73721 -4.46817
1.15351 -2.71749 -4.46817
1.20076 -2.69694 -4.46817
1.24764 -2.67558 -2.47934
1.29415 -2.6534 -2.47934
1.34026 -2.63041 -2.47934
1.38596 -2.60661 -2.47934
1.43124 -2.58203 -0.561524
1.47609 -2.55666 -0.561524
1.52048 -2.53051 -0.561524
1.56441 -2.50358 -0.561524
1.60787 -2.4759 1.23437
1.65083 -2.44746 1.23437
1.6933 -2.41828 1.23437
1.73524 -2.38836 1.23437
1.77666 -2.35771 2.86381
1.81754 -2.32634 2.86381
1.85786 -2.29427 2.86381
1.89762 -2.2615 2.86381
1.9368 -2.22803 4.29073
1.97539 -2.19389 4.29073
2.01338 -2.15908 4.29073
2.05075 -2.12362 4.29073
2.0875 -2.0875 5.4892
2.12362 -2.05075 5.4892
2.15908 -2.01338 5.4892
2.19389 -1.97539 5.4892
2.22803 -1.9368 6.44421
2.2615 -1.89762 6.44421
2.29427 -1.85786 6.44421
2.32634 -1.81754 6.44421
2.35771 -1.77666 7.15157
2.38836 -1.73524 7.15157
2.41828 -1.6933 7.15157
2.44746 -1.65083 7.15157
2.4759 -1.60787 7.61708
2.50358 -1.56441 7.61708
2.53051 -1.52048 7.61708
2.55666 -1.47609 7.61708
2.58203 -1.43124 7.85504
2.60661 -1.38596 7.85504
2.63041 -1.34026 7.85504
2.6534 -1.29415 7.85504
2.67558 -1.24764 7.88637
2.69694 -1.20076 7.88637
2.71749 -1.15351 7.88637
2.73721 -1.1059 7.88637
2.75609 -1.05796 7.73644
2.77414 -1.0097 7.73644
2.79133 -0.961133 7.73644
2.80768 -0.912272 7.73644
2.82318 -0.863132 7.43293
2.83781 -0.813729 7.43293
2.85158 -0.764079 7.43293
2.86448 -0.714195 7.43293
2.87651 -0.664094 7.00381
2.88766 -0.613791 7.00381
2.89793 -0.563301 7.00381
2.90732 -0.512639 7.00381
2.91583 -0.461822 6.4757
2.92344 -0.410863 6.4757
2.93017 -0.359779 6.4757
2.936 -0.308586 6.4757
2.94094 -0.257299 5.87267
2.94498 -0.205933 5.87267
2.94813 -0.154505 5.87267
2.95037 -0.103029 5.87267
2.95172 -0.0515225 4.70684

3.03196 0 5.21539
3.0315 0.052915 5.21539
3.03011 0.105814 4.52062
3.02781 0.158681 4.52062
3.02458 0.211499 4.52062
3.02042 0.264253 4.52062
3.01535 0.316926 3.80145
3.00936 0.369503 3.80145
3.00245 0.421967 3.80145
2.99463 0.474303 3.80145
2.9859 0.526495 3.06788
2.97626 0.578525 3.06788
2.96571 0.63038 3.06788
2.95425 0.682043 3.06788
2.9419 0.733498 2.32713
2.92865 0.784729 2.32713
2.91451 0.835722 2.32713
2.89948 0.88646 2.32713
2.88357 0.936928 1.58432
2.86678 0.98711 1.58432
2.84911 1.03699 1.58432
2.83058 1.08656 1.58432
2.81119 1.13579 0.843215
2.79094 1.18468 0.843215
2.76983 1.23321 0.843215
2.74789 1.28136 0.843215
2.72511 1.32912 0.106987
2.7015 1.37648 0.106987
2.67706 1.42342 0.106987
2.65181 1.46992 0.106987
2.62576 1.51598 -0.620984
2.5989 1.56158 -0.620984
2.57125 1.60669 -0.620984
2.54282 1.65132 -0.620984
2.51361 1.69545 -1.33636
2.48364 1.73906 -1.33636
2.45291 1.78214 -1.33636
2.42143 1.82468 -1.33636
2.38922 1.86666 -2.03313
2.35628 1.90808 -2.03313
2.32262 1.94891 -2.03313
2.28825 1.98915 -2.03313
2.25319 2.02878 -2.7029
2.21744 2.06779 -2.7029
2.18101 2.10618 -2.7029
2.14392 2.14392 -2.7029
2.10618 2.18101 -3.33437
2.06779 2.21744 -3.33437
2.02878 2.25319 -3.33437
1.98915 2.28825 -3.33437
1.94891 2.32262 -3.91296
1.90808 2.35628 -3.91296
1.86666 2.38922 -3.91296
1.82468 2.42143 -3.91296
1.78214 2.45291 -4.42072
1.73906 2.48364 -4.42072
1.69545 2.51361 -4.42072
1.65132 2.54282 -4.42072
1.60669 2.57125 -4.83648
1.56158 2.5989 -4.83648
1.51598 2.62576 -4.83648
1.46992 2.65181 -4.83648
1.42342 2.67706 -5.13649
1.37648 2.7015 -5.13649
1.32912 2.72511 -5.13649
1.28136 2.74789 -5.13649
1.23321 2.76983 -5.29536
1.18468 2.79094 -5.29536
1.13579 2.81119 -5.29536
1.08656 2.83058 -5.29536
1.03699 2.84911 -5.28754
0.98711 2.86678 -5.28754
0.936928 2.88357 -5.28754
0.88646 2.89948 -5.28754
0.835722 2.91451 -5.08911
0.784729 2.92865 -5.08911
0.733498 2.9419 -5.08911
0.682043 2.95425 -5.08911
0.63038 2.96571 -4.6797
0.578525 2.97626 -4.6797
0.526495 2.9859 -4.6797
0.474303 2.99463 -4.6797
0.421967 3.00245 -4.04454
0.369503 3.00936 -4.04454
0.316926 3.01535 -4.04454
0.264253 3.02042 -4.04454
0.211499 3.02458 -3.1762
0.158681 3.02781 -3.1762
0.105814 3.03011 -3.1762
0.052915 3.0315 -3.1762
1.85654e-16 3.03196 -2.07617
-0.052915 3.0315 -2.07617
-0.105814 3.03011 -2.07617
-0.158681 3.02781 -2.07617
-0.211499 3.02458 -0.75566
-0.264253 3.02042 -0.75566
-0.316926 3.01535 -0.75566
-0.369503 3.00936 -0.75566
-0.421967 3.00245 0.764136
-0.474303 2.99463 0.764136
-0.526495 2.9859 0.764136
-0.578525 2.97626 0.764136
-0.63038 2.96571 2.4525
-0.682043 2.95425 2.4525
-0.733498 2.9419 2.4525
-0.784729 2.92865 2.4525
-0.835722 2.91451 4.27042
-0.88646 2.89948 4.27042
-0.936928 2.88357 4.27042
-0.98711 2.86678 4.27042
-1.03699 2.84911 6.17255
-1.08656 2.83058 6.17255
-1.13579 2.81119 6.17255
-1.18468 2.79094 6.17255
-1.23321 2.76983 8.10947
-1.28136 2.74789 8.10947
-1.32912 2.72511 8.10947
-1.37648 2.7015 8.10947
-1.42342 2.67706 10.0302
-1.46992 2.65181 10.0302
-1.51598 2.62576 10.0302
-1.56158 2.5989 10.0302
-1.60669 2.57125 11.8851
-1.65132 2.54282 11.8851
-1.69545 2.51361 11.8851
-1.73906 2.48364 11.8851
-1.78214 2.45291 13.6274
-1.82468 2.42143 13.6274
-1.86666 2.38922 13.6274
-1.90808 2.35628 13.6274
-1.94891 2.32262 15.2154
-1.98915 2.28825 15.2154
-2.02878 2.25319 15.2154
-2.06779 2.21744 15.2154
-2.10618 2.18101 16.6131
-2.14392 2.14392 16.6131
-2.18101 2.10618 16.6131
-2.21744 2.06779 16.6131
-2.25319 2.02878 17.7908
-2.28825 1.98915 17.7908
-2.32262 1.94891 17.7908
-2.35628 1.90808 17.7908
-2.38922 1.86666 18.7246
-2.42143 1.82468 18.7246
-2.45291 1.78214 18.7246
-2.48364 1.73906 18.7246
-2.51361 1.69545 19.3966
-2.54282 1.65132 19.3966
-2.57125 1.60669 19.3966
-2.5989 1.56158 19.3966
-2.62576 1.51598 19.793
-2.65181 1.46992 19.793
-2.67706 1.42342 19.793
-2.7015 1.37648 19.793
-2.72511 1.32912 19.9042
-2.74789 1.28136 19.9042
-2.76983 1.23321 19.9042
-2.79094 1.18468 19.9042
-2.81119 1.13579 19.7236
-2.83058 1.08656 19.7236
-2.84911 1.03699 19.7236
-2.86678 0.98711 19.7236
-2.88357 0.936928 19.2479
-2.89948 0.88646 19.2479
-2.91451 0.835722 19.2479
-2.92865 0.784729 19.2479
-2.9419 0.733498 18.477
-2.95425 0.682043 18.477
-2.96571 0.63038 18.477
-2.97626 0.578525 18.477
-2.9859 0.526495 17.4143
-2.99463 0.474303 17.4143
-3.00245 0.421967 17.4143
-3.00936 0.369503 17.4143
-3.01535 0.316926 16.0685
-3.02042 0.264253 16.0685
-3.02458 0.211499 16.0685
-3.02781 0.158681 16.0685
-3.03011 0.105814 14.4538
-3.0315 0.052915 14.4538
-3.03196 3.71308e-16 14.4538
-3.0315 -0.052915 14.4538
-3.03011 -0.105814 14.4538
-3.02781 -0.158681 12.5906
-3.02458 -0.211499 12.5906
-3.02042 -0.264253 12.5906
-3.01535 -0.316926 12.5906
-3.00936 -0.369503 10.5069
-3.00245 -0.421967 10.5069
-2.99463 -0.474303 10.5069
-2.9859 -0.526495 10.5069
-2.97626 -0.578525 8.23806
-2.96571 -0.63038 8.23806
-2.95425 -0.682043 8.23806
-2.9419 -0.733498 8.23806
-2.92865 -0.784729 5.82637
-2.91451 -0.835722 5.82637
-2.89948 -0.88646 5.82637
-2.88357 -0.936928 5.82637
-2.86678 -0.98711 3.31967
-2.84911 -1.03699 3.31967
-2.83058 -1.08656 3.31967
-2.81119 -1.13579 3.31967
-2.79094 -1.18468 0.769565
-2.76983 -1.23321 0.769565
-2.74789 -1.28136 0.769565
-2.72511 -1.32912 0.769565
-2.7015 -1.37648 -1.77069
-2.67706 -1.42342 -1.77069
-2.65181 -1.46992 -1.77069
-2.62576 -1.51598 -1.77069
-2.5989 -1.56158 -4.24858
-2.57125 -1.60669 -4.24858
-2.54282 -1.65132 -4.24858
-2.51361 -1.69545 -4.24858
-2.48364 -1.73906 -6.61447
-2.45291 -1.78214 -6.61447
-2.42143 -1.82468 -6.61447
-2.38922 -1.86666 -6.61447
-2.35628 -1.90808 -8.82355
-2.32262 -1.94891 -8.82355
-2.28825 -1.98915 -8.82355
-2.25319 -2.02878 -8.82355
-2.21744 -2.06779 -10.837
-2.18101 -2.10618 -10.837
-2.14392 -2.14392 -10.837
-2.10618 -2.18101 -10.837
-2.06779 -2.21744 -12.6228
-2.02878 -2.25319 -12.6228
-1.98915 -2.28825 -12.6228
-1.94891 -2.32262 -12.6228
-1.90808 -2.35628 -14.1555
-1.86666 -2.38922 -14.1555
-1.82468 -2.42143 -14.1555
-1.78214 -2.45291 -14.1555
-1.73906 -2.48364 -15.4162
-1.69545 -2.51361 -15.4162
-1.65132 -2.54282 -15.4162
-1.60669 -2.57125 -15.4162
-1.56158 -2.5989 -16.3912
-1.51598 -2.62576 -16.3912
-1.46992 -2.65181 -16.3912
-1.42342 -2.67706 -16.3912
-1.37648 -2.7015 -17.0717
-1.32912 -2.72511 -17.0717
-1.28136 -2.74789 -17.0717
-1.23321 -2.76983 -17.0717
-1.18468 -2.79094 -17.4524
-1.13579 -2.81119 -17.4524
-1.08656 -2.83058 -17.4524
-1.03699 -2.84911 -17.4524
-0.98711 -2.86678 -17.5314
-0.936928 -2.88357 -17.5314
-0.88646 -2.89948 -17.5314
-0.835722 -2.91451 -17.5314
-0.784729 -2.92865 -17.3097
-0.733498 -2.9419 -17.3097
-0.682043 -2.95425 -17.3097
-0.63038 -2.96571 -17.3097
-0.578525 -2.97626 -16.7924
-0.526495 -2.9859 -16.7924
-0.474303 -2.99463 -16.7924
-0.421967 -3.00245 -16.7924
-0.369503 -3.00936 -15.989
-0.316926 -3.01535 -15.989
-0.264253 -3.02042 -15.989
-0.211499 -3.02458 -15.989
-0.158681 -3.02781 -14.9143
-0.105814 -3.03011 -14.9143
-0.052915 -3.0315 -14.9143
-5.56962e-16 -3.03196 -14.9143
0.052915 -3.0315 -13.5897
0.105814 -3.03011 -13.5897
0.158681 -3.02781 -13.5897
0.211499 -3.02458 -13.5897
0.264253 -3.02042 -12.0437
0.316926 -3.01535 -12.0437
0.369503 -3.00936 -12.0437
0.421967 -3.00245 -12.0437
0.474303 -2.99463 -10.3125
0.526495 -2.9859 -10.3125
0.578525 -2.97626 -10.3125
0.63038 -2.96571 -10.3125
0.682043 -2.95425 -8.43931
0.733498 -2.9419 -8.43931
0.784729 -2.92865 -8.43931
0.835722 -2.91451 -8.43931
0.88646 -2.89948 -6.47332
0.936928 -2.88357 -6.47332
0.98711 -2.86678 -6.47332
1.03699 -2.84911 -6.47332
1.08656 -2.83058 -4.46817
1.13579 -2.81119 -4.46817
1.18468 -2.79094 -4.46817
1.23321 -2.76983 -4.46817
1.28136 -2.74789 -2.47934
1.32912 -2.72511 -2.47934
1.37648 -2.7015 -2.47934
1.42342 -2.67706 -2.47934
1.46992 -2.65181 -0.561524
1.51598 -2.62576 -0.561524
1.56158 -2.5989 -0.561524
1.60669 -2.57125 -0.561524
1.65132 -2.54282 1.23437
1.69545 -2.51361 1.23437
1.73906 -2.48364 1.23437
1.78214 -2.45291 1.23437
1.82468 -2.42143 2.86381
1.86666 -2.38922 2.86381
1.90808 -2.35628 2.86381
1.94891 -2.32262 2.86381
1.98915 -2.28825 4.29073
2.02878 -2.25319 4.29073
2.06779 -2.21744 4.29073
2.10618 -2.18101 4.29073
2.14392 -2.14392 5.4892
2.18101 -2.10618 5.4892
2.21744 -2.06779 5.4892
2.25319 -2.02878 5.4892
2.28825 -1.98915 6.44421
2.32262 -1.94891 6.44421
2.35628 -1.90808 6.44421
2.38922 -1.86666 6.44421
2.42143 -1.82468 7.15157
2.45291 -1.78214 7.15157
2.48364 -1.73906 7.15157
2.51361 -1.69545 7.15157
2.54282 -1.65132 7.61708
2.57125 -1.60669 7.61708
2.5989 -1.56158 7.61708
2.62576 -1.51598 7.61708
2.65181 -1.46992 7.85504
2.67706 -1.42342 7.85504
2.7015 -1.37648 7.85504
2.72511 -1.32912 7.85504
2.74789 -1.28136 7.88637
2.76983 -1.23321 7.88637
2.79094 -1.18468 7.88637
2.81119 -1.13579 7.88637
2.83058 -1.08656 7.73644
2.84911 -1.03699 7.73644
2.86678 -0.98711 7.73644
2.88357 -0.936928 7.73644
2.89948 -0.88646 7.43293
2.91451 -0.835722 7.43293
2.92865 -0.784729 7.43293
2.9419 -0.733498 7.43293
2.95425 -0.682043 7.00381
2.96571 -0.63038 7.00381
2.97626 -0.578525 7.00381
2.9859 -0.526495 7.00381
2.99463 -0.474303 6.4757
3.00245 -0.421967 6.4757
3.00936 -0.369503 6.4757
3.01535 -0.316926 6.4757
3.02042 -0.264253 5.87267
3.02458 -0.211499 5.87267
3.02781 -0.158681 5.87267
3.03011 -0.105814 5.87267
3.0315 -0.052915 4.70684

3.11175 0 5.72394
3.11128 0.0543075 5.72394
3.10985 0.108599 4.97099
3.10749 0.162856 4.97099
3.10417 0.217065 4.97099
3.09991 0.271207 4.97099
3.0947 0.325266 4.20275
3.08856 0.379227 4.20275
3.08147 0.433072 4.20275
3.07344 0.486785 4.20275
3.06448 0.54035 3.42732
3.05458 0.59375 3.42732
3.04375 0.646969 3.42732
3.032 0.699991 3.42732
3.01932 0.7528 2.64999
3.00572 0.80538 2.64999
2.99121 0.857714 2.64999
2.97578 0.909788 1.8739
2.95945 0.961584 1.8739
2.94222 1.01309 1.8739
2.92409 1.06428 1.8739
2.90507 1.11515 1.10074
2.88516 1.16568 1.10074
2.86438 1.21586 1.10074
2.84272 1.26566 1.10074
2.8202 1.31508 0.33142
2.79682 1.3641 0.33142
2.77259 1.4127 0.33142
2.74751 1.46088 0.33142
2.7216 1.50861 -0.433195
2.69485 1.55587 -0.433195
2.66729 1.60267 -0.433195
2.63891 1.64898 -1.19166
2.60973 1.69478 -1.19166
2.57976 1.74007 -1.19166
2.549 1.78483 -1.19166
2.51746 1.82904 -1.94119
2.48515 1.8727 -1.94119
2.45209 1.91578 -1.94119
2.41828 1.95829 -1.94119
2.38374 2.00019 -2.6771
2.34847 2.04149 -2.6771
2.31248 2.08217 -2.6771
2.27579 2.12221 -2.6771
2.23841 2.1616 -3.39214
2.20034 2.20034 -3.39214
2.1616 2.23841 -3.39214
2.12221 2.27579 -4.07598
2.08217 2.31248 -4.07598
2.04149 2.34847 -4.07598
2.00019 2.38374 -4.07598
1.95829 2.41828 -4.71483
1.91578 2.45209 -4.71483
1.8727 2.48515 -4.71483
1.82904 2.51746 -4.71483
1.78483 2.549 -5.2913
1.74007 2.57976 -5.2913
1.69478 2.60973 -5.2913
1.64898 2.63891 -5.2913
1.60267 2.66729 -5.78454
1.55587 2.69485 -5.78454
1.50861 2.7216 -5.78454
1.46088 2.74751 -6.17071
1.4127 2.77259 -6.17071
1.3641 2.79682 -6.17071
1.31508 2.8202 -6.17071
1.26566 2.84272 -6.42379
1.21586 2.86438 -6.42379
1.16568 2.88516 -6.42379
1.11515 2.90507 -6.42379
1.06428 2.92409 -6.51692
1.01309 2.94222 -6.51692
0.961584 2.95945 -6.51692
0.909788 2.97578 -6.51692
0.857714 2.99121 -6.42404
0.80538 3.00572 -6.42404
0.7528 3.01932 -6.42404
0.699991 3.032 -6.12167
0.646969 3.04375 -6.12167
0.59375 3.05458 -6.12167
0.54035 3.06448 -6.12167
0.486785 3.07344 -5.59088
0.433072 3.08147 -5.59088
0.379227 3.08856 -5.59088
0.325266 3.0947 -5.59088
0.271207 3.09991 -4.81914
0.217065 3.10417 -4.81914
0.162856 3.10749 -4.81914
0.108599 3.10985 -4.81914
0.0543075 3.11128 -3.80191
1.9054e-16 3.11175 -3.80191
-0.0543075 3.11128 -3.80191
-0.108599 3.10985 -2.5438
-0.162856 3.10749 -2.5438
-0.217065 3.10417 -2.5438
-0.271207 3.09991 -2.5438
-0.325266 3.0947 -1.05924
-0.379227 3.08856 -1.05924
-0.433072 3.08147 -1.05924
-0.486785 3.07344 -1.05924
-0.54035 3.06448 0.627595
-0.59375 3.05458 0.627595
-0.646969 3.04375 0.627595
-0.699991 3.032 0.627595
-0.7528 3.01932 2.48355
-0.80538 3.00572 2.48355
-0.857714 2.99121 2.48355
-0.909788 2.97578 4.46785
-0.961584 2.95945 4.46785
-1.01309 2.94222 4.46785
-1.06428 2.92409 4.46785
-1.11515 2.90507 6.53398
-1.16568 2.88516 6.53398
-1.21586 2.86438 6.53398
-1.26566 2.84272 6.53398
-1.31508 2.8202 8.63212
-1.3641 2.79682 8.63212
-1.4127 2.77259 8.63212
-1.46088 2.74751 8.63212
-1.50861 2.7216 10.7116
-1.55587 2.69485 10.7116
-1.60267 2.66729 10.7116
-1.64898 2.63891 12.7232
-1.69478 2.60973 12.7232
-1.74007 2.57976 12.7232
-1.78483 2.549 12.7232
-1.82904 2.51746 14.6217
-1.8727 2.48515 14.6217
-1.91578 2.45209 14.6217
-1.95829 2.41828 14.6217
-2.00019 2.38374 16.3664
-2.04149 2.34847 16.3664
-2.08217 2.31248 16.3664
-2.12221 2.27579 16.3664
-2.1616 2.23841 17.923
-2.20034 2.20034 17.923
-2.23841 2.1616 17.923
-2.27579 2.12221 19.2632
-2.31248 2.08217 19.2632
-2.34847 2.04149 19.2632
-2.38374 2.00019 19.2632
-2.41828 1.95829 20.3651
-2.45209 1.91578 20.3651
-2.48515 1.8727 20.3651
-2.51746 1.82904 20.3651
-2.549 1.78483 21.2118
-2.57976 1.74007 21.2118
-2.60973 1.69478 21.2118
-2.63891 1.64898 21.2118
-2.66729 1.60267 21.7908
-2.69485 1.55587 21.7908
-2.7216 1.50861 21.7908
-2.74751 1.46088 22.093
-2.77259 1.4127 22.093
-2.79682 1.3641 22.093
-2.8202 1.31508 22.093
-2.84272 1.26566 22.1117
-2.86438 1.21586 22.1117
-2.88516 1.16568 22.1117
-2.90507 1.11515 22.1117
-2.92409 1.06428 21.8422
-2.94222 1.01309 21.8422
-2.95945 0.961584 21.8422
-2.97578 0.909788 21.8422
-2.99121 0.857714 21.2816
-3.00572 0.80538 21.2816
-3.01932 0.7528 21.2816
-3.032 0.699991 20.4294
-3.04375 0.646969 20.4294
-3.05458 0.59375 20.4294
-3.06448 0.54035 20.4294
-3.07344 0.486785 19.288
-3.08147 0.433072 19.288
-3.08856 0.379227 19.288
-3.0947 0.325266 19.288
-3.09991 0.271207 17.8639
-3.10417 0.217065 17.8639
-3.10749 0.162856 17.8639
-3.10985 0.108599 17.8639
-3.11128 0.0543075 16.1688
-3.11175 3.81079e-16 16.1688
-3.11128 -0.0543075 16.1688
-3.10985 -0.108599 14.2203
-3.10749 -0.162856 14.2203
-3.10417 -0.217065 14.2203
-3.09991 -0.271207 14.2203
-3.0947 -0.325266 12.0433
-3.08856 -0.379227 12.0433
-3.08147 -0.433072 12.0433
-3.07344 -0.486785 12.0433
-3.06448 -0.54035 9.67003
-3.05458 -0.59375 9.67003
-3.04375 -0.646969 9.67003
-3.032 -0.699991 9.67003
-3.01932 -0.7528 7.13971
-3.00572 -0.80538 7.13971
-2.99121 -0.857714 7.13971
-2.97578 -0.909788 4.4976
-2.95945 -0.961584 4.4976
-2.94222 -1.01309 4.4976
-2.92409 -1.06428 4.4976
-2.90507 -1.11515 1.79329
-2.88516 -1.16568 1.79329
-2.86438 -1.21586 1.79329
-2.84272 -1.26566 1.79329
-2.8202 -1.31508 -0.92122
-2.79682 -1.3641 -0.92122
-2.77259 -1.4127 -0.92122
-2.74751 -1.46088 -0.92122
-2.7216 -1.50861 -3.59385
-2.69485 -1.55587 -3.59385
-2.66729 -1.60267 -3.59385
-2.63891 -1.64898 -6.17467
-2.60973 -1.69478 -6.17467
-2.57976 -1.74007 -6.17467
-2.549 -1.78483 -6.17467
-2.51746 -1.82904 -8.61779
-2.48515 -1.8727 -8.61779
-2.45209 -1.91578 -8.61779
-2.41828 -1.95829 -8.61779
-2.38374 -2.00019 -10.8829
-2.34847 -2.04149 -10.8829
-2.31248 -2.08217 -10.8829
-2.27579 -2.12221 -10.8829
-2.23841 -2.1616 -12.9363
-2.20034 -2.20034 -12.9363
-2.1616 -2.23841 -12.9363
-2.12221 -2.27579 -14.7509
-2.08217 -2.31248 -14.7509
-2.04149 -2.34847 -14.7509
-2.00019 -2.38374 -14.7509
-1.95829 -2.41828 -16.3062
-1.91578 -2.45209 -16.3062
-1.8727 -2.48515 -16.3062
-1.82904 -2.51746 -16.3062
-1.78483 -2.549 -17.5872
-1.74007 -2.57976 -17.5872
-1.69478 -2.60973 -17.5872
-1.64898 -2.63891 -17.5872
-1.60267 -2.66729 -18.5837
-1.55587 -2.69485 -18.5837
-1.50861 -2.7216 -18.5837
-1.46088 -2.74751 -19.2893
-1.4127 -2.77259 -19.2893
-1.3641 -2.79682 -19.2893
-1.31508 -2.8202 -19.2893
-1.26566 -2.84272 -19.6999
-1.21586 -2.86438 -19.6999
-1.16568 -2.88516 -19.6999
-1.11515 -2.90507 -19.6999
-1.06428 -2.92409 -19.8137
-1.01309 -2.94222 -19.8137
-0.961584 -2.95945 -19.8137
-0.909788 -2.97578 -19.8137
-0.857714 -2.99121 -19.6306
-0.80538 -3.00572 -19.6306
-0.7528 -3.01932 -19.6306
-0.699991 -3.032 -19.1531
-0.646969 -3.04375 -19.1531
-0.59375 -3.05458 -19.1531
-0.54035 -3.06448 -19.1531
-0.486785 -3.07344 -18.3868
-0.433072 -3.08147 -18.3868
-0.379227 -3.08856 -18.3868
-0.325266 -3.0947 -18.3868
-0.271207 -3.09991 -17.3418
-0.217065 -3.10417 -17.3418
-0.162856 -3.10749 -17.3418
-0.108599 -3.10985 -17.3418
-0.0543075 -3.11128 -16.0333
-5.71619e-16 -3.11175 -16.0333
0.0543075 -3.11128 -16.0333
0.108599 -3.10985 -14.4833
0.162856 -3.10749 -14.4833
0.217065 -3.10417 -14.4833
0.271207 -3.09991 -14.4833
0.325266 -3.0947 -12.7209
0.379227 -3.08856 -12.7209
0.433072 -3.08147 -12.7209
0.486785 -3.07344 -12.7209
0.54035 -3.06448 -10.7828
0.59375 -3.05458 -10.7828
0.646969 -3.04375 -10.7828
0.699991 -3.032 -10.7828
0.7528 -3.01932 -8.71278
0.80538 -3.00572 -8.71278
0.857714 -2.99121 -8.71278
0.909788 -2.97578 -6.56044
0.961584 -2.95945 -6.56044
1.01309 -2.94222 -6.56044
1.06428 -2.92409 -6.56044
1.11515 -2.90507 -4.37958
1.16568 -2.88516 -4.37958
1.21586 -2.86438 -4.37958
1.26566 -2.84272 -4.37958
1.31508 -2.8202 -2.22576
1.3641 -2.79682 -2.22576
1.4127 -2.77259 -2.22576
1.46088 -2.74751 -2.22576
1.50861 -2.7216 -0.153603
1.55587 -2.69485 -0.153603
1.60267 -2.66729 -0.153603
1.64898 -2.63891 1.78597
1.69478 -2.60973 1.78597
1.74007 -2.57976 1.78597
1.78483 -2.549 1.78597
1.82904 -2.51746 3.54823
1.8727 -2.48515 3.54823
1.91578 -2.45209 3.54823
1.95829 -2.41828 3.54823
2.00019 -2.38374 5.09681
2.04149 -2.34847 5.09681
2.08217 -2.31248 5.09681
2.12221 -2.27579 5.09681
2.1616 -2.23841 6.40523
2.20034 -2.20034 6.40523
2.23841 -2.1616 6.40523
2.27579 -2.12221 7.45767
2.31248 -2.08217 7.45767
2.34847 -2.04149 7.45767
2.38374 -2.00019 7.45767
2.41828 -1.95829 8.24908
2.45209 -1.91578 8.24908
2.48515 -1.8727 8.24908
2.51746 -1.82904 8.24908
2.549 -1.78483 8.7844
2.57976 -1.74007 8.7844
2.60973 -1.69478 8.7844
2.63891 -1.64898 8.7844
2.66729 -1.60267 9.07733
2.69485 -1.55587 9.07733
2.7216 -1.50861 9.07733
2.74751 -1.46088 9.14851
2.77259 -1.4127 9.14851
2.79682 -1.3641 9.14851
2.8202 -1.31508 9.14851
2.84272 -1.26566 9.02358
2.86438 -1.21586 9.02358
2.88516 -1.16568 9.02358
2.90507 -1.11515 9.02358
2.92409 -1.06428 8.73103
2.94222 -1.01309 8.73103
2.95945 -0.961584 8.73103
2.97578 -0.909788 8.73103
2.99121 -0.857714 8.3002
3.00572 -0.80538 8.3002
3.01932 -0.7528 8.3002
3.032 -0.699991 7.75957
3.04375 -0.646969 7.75957
3.05458 -0.59375 7.75957
3.06448 -0.54035 7.75957
3.07344 -0.486785 7.13531
3.08147 -0.433072 7.13531
3.08856 -0.379227 7.13531
3.0947 -0.325266 7.13531
3.09991 -0.271207 6.45039
3.10417 -0.217065 6.45039
3.10749 -0.162856 6.45039
3.10985 -0.108599 6.45039
3.11128 -0.0543075 5.21539

3.19154 0 5.72394
3.19105 0.0557 5.72394
3.18959 0.111383 4.97099
3.18716 0.167032 4.97099
3.18376 0.22263 4.97099
3.17939 0.278161 4.97099
3.17405 0.333607 4.20275
3.16775 0.388951 4.20275
3.16048 0.444176 4.20275
3.15225 0.499267 4.20275
3.14305 0.554205 3.42732
3.1329 0.608974 3.42732
3.1218 0.663558 3.42732
3.10974 0.71794 3.42732
3.09674 0.772103 2.64999
3.08279 0.826031 2.64999
3.0679 0.879707 2.64999
3.05208 0.933115 1.8739
3.03533 0.98624 1.8739
3.01766 1.03906 1.8739
2.99906 1.09157 1.8739
2.97956 1.14375 1.10074
2.95914 1.19557 1.10074
2.93783 1.24703 1.10074
2.91562 1.29812 1.10074
2.89252 1.3488 0.33142
2.86854 1.39908 0.33142
2.84368 1.44893 0.33142
2.81796 1.49834 0.33142
2.79138 1.54729 -0.433195
2.76395 1.59577 -0.433195
2.73568 1.64376 -0.433195
2.70658 1.69126 -1.19166
2.67665 1.73824 -1.19166
2.64591 1.78469 -1.19166
2.61436 1.83059 -1.19166
2.58201 1.87594 -1.94119
2.54888 1.92072 -1.94119
2.51497 1.96491 -1.94119
2.48029 2.0085 -1.94119
2.44486 2.05148 -2.6771
2.40868 2.09384 -2.6771
2.37178 2.13556 -2.6771
2.33414 2.17662 -2.6771
2.2958 2.21703 -3.39214
2.25676 2.25676 -3.39214
2.21703 2.2958 -3.39214
2.17662 2.33414 -4.07598
2.13556 2.37178 -4.07598
2.09384 2.40868 -4.07598
2.05148 2.44486 -4.07598
2.0085 2.48029 -4.71483
1.96491 2.51497 -4.71483
1.92072 2.54888 -4.71483
1.87594 2.58201 -4.71483
1.83059 2.61436 -5.2913
1.78469 2.64591 -5.2913
1.73824 2.67665 -5.2913
1.69126 2.70658 -5.2913
1.64376 2.73568 -5.78454
1.59577 2.76395 -5.78454
1.54729 2.79138 -5.78454
1.49834 2.81796 -6.17071
1.44893 2.84368 -6.17071
1.39908 2.86854 -6.17071
1.3488 2.89252 -6.17071
1.29812 2.91562 -6.42379
1.24703 2.93783 -6.42379
1.19557 2.95914 -6.42379
1.14375 2.97956 -6.42379
1.09157 2.99906 -6.51692
1.03906 3.01766 -6.51692
0.98624 3.03533 -6.51692
0.933115 3.05208 -6.51692
0.879707 3.0679 -6.42404
0.826031 3.08279 -6.42404
0.772103 3.09674 -6.42404
0.71794 3.10974 -6.12167
0.663558 3.1218 -6.12167
0.608974 3.1329 -6.12167
0.554205 3.14305 -6.12167
0.499267 3.15225 -5.59088
0.444176 3.16048 -5.59088
0.388951 3.16775 -5.59088
0.333607 3.17405 -5.59088
0.278161 3.17939 -4.81914
0.22263 3.18376 -4.81914
0.167032 3.18716 -4.81914
0.111383 3.18959 -4.81914
0.0557 3.19105 -3.80191
1.95425e-16 3.19154 -3.80191
-0.0557 3.19105 -3.80191
-0.111383 3.18959 -2.5438
-0.167032 3.18716 -2.5438
-0.22263 3.18376 -2.5438
-0.278161 3.17939 -2.5438
-0.333607 3.17405 -1.05924
-0.388951 3.16775 -1.05924
-0.444176 3.16048 -1.05924
-0.499267 3.15225 -1.05924
-0.554205 3.14305 0.627595
-0.608974 3.1329 0.627595
-0.663558 3.1218 0.627595
-0.71794 3.10974 0.627595
-0.772103 3.09674 2.48355
-0.826031 3.08279 2.48355
-0.879707 3.0679 2.48355
-0.933115 3.05208 4.46785
-0.98624 3.03533 4.46785
-1.03906 3.01766 4.46785
-1.09157 2.99906 4.46785
-1.14375 2.97956 6.53398
-1.19557 2.95914 6.53398
-1.24703 2.93783 6.53398
-1.29812 2.91562 6.53398
-1.3488 2.89252 8.63212
-1.39908 2.86854 8.63212
-1.44893 2.84368 8.63212
-1.49834 2.81796 8.63212
-1.54729 2.79138 10.7116
-1.59577 2.76395 10.7116
-1.64376 2.73568 10.7116
-1.69126 2.70658 12.7232
-1.73824 2.67665 12.7232
-1.78469 2.64591 12.7232
-1.83059 2.61436 12.7232
-1.87594 2.58201 14.6217
-1.92072 2.54888 14.6217
-1.96491 2.51497 14.6217
-2.0085 2.48029 14.6217
-2.05148 2.44486 16.3664
-2.09384 2.40868 16.3664
-2.13556 2.37178 16.3664
-2.17662 2.33414 16.3664
-2.21703 2.2958 17.923
-2.25676 2.25676 17.923
-2.2958 2.21703 17.923
-2.33414 2.17662 19.2632
-2.37178 2.13556 19.2632
-2.40868 2.09384 19.2632
-2.44486 2.05148 19.2632
-2.48029 2.0085 20.3651
-2.51497 1.96491 20.3651
-2.54888 1.92072 20.3651
-2.58201 1.87594 20.3651
-2.61436 1.83059 21.2118
-2.64591 1.78469 21.2118
-2.67665 1.73824 21.2118
-2.70658 1.69126 21.2118
-2.73568 1.64376 21.7908
-2.76395 1.59577 21.7908
-2.79138 1.54729 21.7908
-2.81796 1.49834 22.093
-2.84368 1.44893 22.093
-2.86854 1.39908 22.093
-2.89252 1.3488 22.093
-2.91562 1.29812 22.1117
-2.93783 1.24703 22.1117
-2.95914 1.19557 22.1117
-2.97956 1.14375 22.1117
-2.99906 1.09157 21.8422
-3.01766 1.03906 21.8422
-3.03533 0.98624 21.8422
-3.05208 0.933115 21.8422
-3.0679 0.879707 21.2816
-3.08279 0.826031 21.2816
-3.09674 0.772103 21.2816
-3.10974 0.71794 20.4294
-3.1218 0.663558 20.4294
-3.1329 0.608974 20.4294
-3.14305 0.554205 20.4294
-3.15225 0.499267 19.288
-3.16048 0.444176 19.288
-3.16775 0.388951 19.288
-3.17405 0.333607 19.288
-3.17939 0.278161 17.8639
-3.18376 0.22263 17.8639
-3.18716 0.167032 17.8639
-3.18959 0.111383 17.8639
-3.19105 0.0557 16.1688
-3.19154 3.90851e-16 16.1688
-3.19105 -0.0557 16.1688
-3.18959 -0.111383 14.2203
-3.18716 -0.167032 14.2203
-3.18376 -0.22263 14.2203
-3.17939 -0.278161 14.2203
-3.17405 -0.333607 12.0433
-3.16775 -0.388951 12.0433
-3.16048 -0.444176 12.0433
-3.15225 -0.499267 12.0433
-3.14305 -0.554205 9.67003
-3.1329 -0.608974 9.67003
-3.1218 -0.663558 9.67003
-3.10974 -0.71794 9.67003
-3.09674 -0.772103 7.13971
-3.08279 -0.826031 7.13971
-3.0679 -0.879707 7.13971
-3.05208 -0.933115 4.4976
-3.03533 -0.98624 4.4976
-3.01766 -1.03906 4.4976
-2.99906 -1.09157 4.4976
-2.97956 -1.14375 1.79329
-2.95914 -1.19557 1.79329
-2.93783 -1.24703 1.79329
-2.91562 -1.29812 1.79329
-2.89252 -1.3488 -0.92122
-2.86854 -1.39908 -0.92122
-2.84368 -1.44893 -0.92122
-2.81796 -1.49834 -0.92122
-2.79138 -1.54729 -3.59385
-2.76395 -1.59577 -3.59385
-2.73568 -1.64376 -3.59385
-2.70658 -1.69126 -6.17467
-2.67665 -1.73824 -6.17467
-2.64591 -1.78469 -6.17467
-2.61436 -1.83059 -6.17467
-2.58201 -1.87594 -8.61779
-2.54888 -1.92072 -8.61779
-2.51497 -1.96491 -8.61779
-2.48029 -2.0085 -8.61779
-2.44486 -2.05148 -10.8829
-2.40868 -2.09384 -10.8829
-2.37178 -2.13556 -10.8829
-2.33414 -2.17662 -10.8829
-2.2958 -2.21703 -12.9363
-2.25676 -2.25676 -12.9363
-2.21703 -2.2958 -12.9363
-2.17662 -2.33414 -14.7509
-2.13556 -2.37178 -14.7509
-2.09384 -2.40868 -14.7509
-2.05148 -2.44486 -14.7509
-2.0085 -2.48029 -16.3062
-1.96491 -2.51497 -16.3062
-1.92072 -2.54888 -16.3062
-1.87594 -2.58201 -16.3062
-1.83059 -2.61436 -17.5872
-1.78469 -2.64591 -17.5872
-1.73824 -2.67665 -17.5872
-1.69126 -2.70658 -17.5872
-1.64376 -2.73568 -18.5837
-1.59577 -2.76395 -18.5837
-1.54729 -2.79138 -18.5837
-1.49834 -2.81796 -19.2893
-1.44893 -2.84368 -19.2893
-1.39908 -2.86854 -19.2893
-1.3488 -2.89252 -19.2893
-1.29812 -2.91562 -19.6999
-1.24703 -2.93783 -19.6999
-1.19557 -2.95914 -19.6999
-1.14375 -2.97956 -19.6999
-1.09157 -2.99906 -19.8137
-1.03906 -3.01766 -19.8137
-0.98624 -3.03533 -19.8137
-0.933115 -3.05208 -19.8137
-0.879707 -3.0679 -19.6306
-0.826031 -3.08279 -19.6306
-0.772103 -3.09674 -19.6306
-0.71794 -3.10974 -19.1531
-0.663558 -3.1218 -19.1531
-0.608974 -3.1329 -19.1531
-0.554205 -3.14305 -19.1531
-0.499267 -3.15225 -18.3868
-0.444176 -3.16048 -18.3868
-0.388951 -3.16775 -18.3868
-0.333607 -3.17405 -18.3868
-0.278161 -3.17939 -17.3418
-0.22263 -3.18376 -17.3418
-0.167032 -3.18716 -17.3418
-0.111383 -3.18959 -17.3418
-0.0557 -3.19105 -16.0333
-5.86276e-16 -3.19154 -16.0333
0.0557 -3.19105 -16.0333
0.111383 -3.18959 -14.4833
0.167032 -3.18716 -14.4833
0.22263 -3.18376 -14.4833
0.278161 -3.17939 -14.4833
0.333607 -3.17405 -12.7209
0.388951 -3.16775 -12.7209
0.444176 -3.16048 -12.7209
0.499267 -3.15225 -12.7209
0.554205 -3.14305 -10.7828
0.608974 -3.1329 -10.7828
0.663558 -3.1218 -10.7828
0.71794 -3.10974 -10.7828
0.772103 -3.09674 -8.71278
0.826031 -3.08279 -8.71278
0.879707 -3.0679 -8.71278
0.933115 -3.05208 -6.56044
0.98624 -3.03533 -6.56044
1.03906 -3.01766 -6.56044
1.09157 -2.99906 -6.56044
1.14375 -2.97956 -4.37958
1.19557 -2.95914 -4.37958
1.24703 -2.93783 -4.37958
1.29812 -2.91562 -4.37958
1.3488 -2.89252 -2.22576
1.39908 -2.86854 -2.22576
1.44893 -2.84368 -2.22576
1.49834 -2.81796 -2.22576
1.54729 -2.79138 -0.153603
1.59577 -2.76395 -0.153603
1.64376 -2.73568 -0.153603
1.69126 -2.70658 1.78597
1.73824 -2.67665 1.78597
1.78469 -2.64591 1.78597
1.83059 -2.61436 1.78597
1.87594 -2.58201 3.54823
1.92072 -2.54888 3.54823
1.96491 -2.51497 3.54823
2.0085 -2.48029 3.54823
2.05148 -2.44486 5.09681
2.09384 -2.40868 5.09681
2.13556 -2.37178 5.09681
2.17662 -2.33414 5.09681
2.21703 -2.2958 6.40523
2.25676 -2.25676 6.40523
2.2958 -2.21703 6.40523
2.33414 -2.17662 7.45767
2.37178 -2.13556 7.45767
2.40868 -2.09384 7.45767
2.44486 -2.05148 7.45767
2.48029 -2.0085 8.24908
2.51497 -1.96491 8.24908
2.54888 -1.92072 8.24908
2.58201 -1.87594 8.24908
2.61436 -1.83059 8.7844
2.64591 -1.78469 8.7844
2.67665 -1.73824 8.7844
2.70658 -1.69126 8.7844
2.73568 -1.64376 9.07733
2.76395 -1.59577 9.07733
2.79138 -1.54729 9.07733
2.81796 -1.49834 9.14851
2.84368 -1.44893 9.14851
2.86854 -1.39908 9.14851
2.89252 -1.3488 9.14851
2.91562 -1.29812 9.02358
2.93783 -1.24703 9.02358
2.95914 -1.19557 9.02358
2.97956 -1.14375 9.02358
2.99906 -1.09157 8.73103
3.01766 -1.03906 8.73103
3.03533 -0.98624 8.73103
3.05208 -0.933115 8.73103
3.0679 -0.879707 8.3002
3.08279 -0.826031 8.3002
3.09674 -0.772103 8.3002
3.10974 -0.71794 7.75957
3.1218 -0.663558 7.75957
3.1329 -0.608974 7.75957
3.14305 -0.554205 7.75957
3.15225 -0.499267 7.13531
3.16048 -0.444176 7.13531
3.16775 -0.388951 7.13531
3.17405 -0.333607 7.13531
3.17939 -0.278161 6.45039
3.18376 -0.22263 6.45039
3.18716 -0.167032 6.45039
3.18959 -0.111383 6.45039
3.19105 -0.0557 5.21539

3.27133 0 5.72394
3.27083 0.0570925 5.72394
3.26933 0.114168 4.97099
3.26684 0.171208 4.97099
3.26336 0.228196 4.97099
3.25888 0.285115 4.97099
3.25341 0.341947 4.20275
3.24694 0.398674 4.20275
3.23949 0.455281 4.20275
3.23105 0.511748 4.20275
3.22163 0.56806 3.42732
3.21122 0.624199 3.42732
3.19984 0.680147 3.42732
3.18748 0.735888 3.42732
3.17415 0.791406 2.64999
3.15986 0.846682 2.64999
3.1446 0.9017 2.64999
3.12839 0.956443 1.8739
3.11122 1.0109 1.8739
3.0931 1.06504 1.8739
3.07404 1.11886 1.8739
3.05405 1.17234 1.10074
3.03312 1.22546 1.10074
3.01127 1.27821 1.10074
2.98851 1.33057 1.10074
2.96483 1.38252 0.33142
2.94025 1.43406 0.33142
2.91477 1.48515 0.33142
2.88841 1.53579 0.33142
2.86117 1.58597 -0.433195
2.83305 1.63566 -0.433195
2.80407 1.68486 -0.433195
2.77424 1.73354 -1.19166
2.74357 1.78169 -1.19166
2.71205 1.8293 -1.19166
2.67971 1.87636 -1.19166
2.64656 1.92284 -1.94119
2.6126 1.96873 -1.94119
2.57784 2.01403 -1.94119
2.5423 2.05871 -1.94119
2.50598 2.10277 -2.6771
2.4689 2.14618 -2.6771
2.43107 2.18894 -2.6771
2.3925 2.23104 -2.6771
2.3532 2.27245 -3.39214
2.31318 2.31318 -3.39214
2.27245 2.3532 -3.39214
2.23104 2.3925 -4.07598
2.18894 2.43107 -4.07598
2.14618 2.4689 -4.07598
2.10277 2.50598 -4.07598
2.05871 2.5423 -4.71483
2.01403 2.57784 -4.71483
1.96873 2.6126 -4.71483
1.92284 2.64656 -4.71483
1.87636 2.67971 -5.2913
1.8293 2.71205 -5.2913
1.78169 2.74357 -5.2913
1.73354 2.77424 -5.2913
1.68486 2.80407 -5.78454
1.63566 2.83305 -5.78454
1.58597 2.86117 -5.78454
1.53579 2.88841 -6.17071
1.48515 2.91477 -6.17071
1.43406 2.94025 -6.17071
1.38252 2.96483 -6.17071
1.33057 2.98851 -6.42379
1.27821 3.01127 -6.42379
1.22546 3.03312 -6.42379
1.17234 3.05405 -6.42379
1.11886 3.07404 -6.51692
1.06504 3.0931 -6.51692
1.0109 3.11122 -6.51692
0.956443 3.12839 -6.51692
0.9017 3.1446 -6.42404
0.846682 3.15986 -6.42404
0.791406 3.17415 -6.42404
0.735888 3.18748 -6.12167
0.680147 3.19984 -6.12167
0.624199 3.21122 -6.12167
0.56806 3.22163 -6.12167
0.511748 3.23105 -5.59088
0.455281 3.23949 -5.59088
0.398674 3.24694 -5.59088
0.341947 3.25341 -5.59088
0.285115 3.25888 -4.81914
0.228196 3.26336 -4.81914
0.171208 3.26684 -4.81914
0.114168 3.26933 -4.81914
0.0570925 3.27083 -3.80191
2.00311e-16 3.27133 -3.80191
-0.0570925 3.27083 -3.80191
-0.114168 3.26933 -2.5438
-0.171208 3.26684 -2.5438
-0.228196 3.26336 -2.5438
-0.285115 3.25888 -2.5438
-0.341947 3.25341 -1.05924
-0.398674 3.24694 -1.05924
-0.455281 3.23949 -1.05924
-0.511748 3.23105 -1.05924
-0.56806 3.22163 0.627595
-0.624199 3.21122 0.627595
-0.680147 3.19984 0.627595
-0.735888 3.18748 0.627595
-0.791406 3.17415 2.48355
-0.846682 3.15986 2.48355
-0.9017 3.1446 2.48355
-0.956443 3.12839 4.46785
-1.0109 3.11122 4.46785
-1.06504 3.0931 4.46785
-1.11886 3.07404 4.46785
-1.17234 3.05405 6.53398
-1.22546 3.03312 6.53398
-1.27821 3.01127 6.53398
-1.33057 2.98851 6.53398
-1.38252 2.96483 8.63212
-1.43406 2.94025 8.63212
-1.48515 2.91477 8.63212
-1.53579 2.88841 8.63212
-1.58597 2.86117 10.7116
-1.63566 2.83305 10.7116
-1.68486 2.80407 10.7116
-1.73354 2.77424 12.7232
-1.78169 2.74357 12.7232
-1.8293 2.71205 12.7232
-1.87636 2.67971 12.7232
-1.92284 2.64656 14.6217
-1.96873 2.6126 14.6217
-2.01403 2.57784 14.6217
-2.05871 2.5423 14.6217
-2.10277 2.50598 16.3664
-2.14618 2.4689 16.3664
-2.18894 2.43107 16.3664
-2.23104 2.3925 16.3664
-2.27245 2.3532 17.923
-2.31318 2.31318 17.923
-2.3532 2.27245 17.923
-2.3925 2.23104 19.2632
-2.43107 2.18894 19.2632
-2.4689 2.14618 19.2632
-2.50598 2.10277 19.2632
-2.5423 2.05871 20.3651
-2.57784 2.01403 20.3651
-2.6126 1.96873 20.3651
-2.64656 1.92284 20.3651
-2.67971 1.87636 21.2118
-2.71205 1.8293 21.2118
-2.74357 1.78169 21.2118
-2.77424 1.73354 21.2118
-2.80407 1.68486 21.7908
-2.83305 1.63566 21.7908
-2.86117 1.58597 21.7908
-2.88841 1.53579 22.093
-2.91477 1.48515 22.093
-2.94025 1.43406 22.093
-2.96483 1.38252 22.093
-2.98851 1.33057 22.1117
-3.01127 1.27821 22.1117
-3.03312 1.22546 22.1117
-3.05405 1.17234 22.1117
-3.07404 1.11886 21.8422
-3.0931 1.06504 21.8422
-3.11122 1.0109 21.8422
-3.12839 0.956443 21.8422
-3.1446 0.9017 21.2816
-3.15986 0.846682 21.2816
-3.17415 0.791406 21.2816
-3.18748 0.735888 20.4294
-3.19984 0.680147 20.4294
-3.21122 0.624199 20.4294
-3.22163 0.56806 20.4294
-3.23105 0.511748 19.288
-3.23949 0.455281 19.288
-3.24694 0.398674 19.288
-3.25341 0.341947 19.288
-3.25888 0.285115 17.8639
-3.26336 0.228196 17.8639
-3.26684 0.171208 17.8639
-3.26933 0.114168 17.8639
-3.27083 0.0570925 16.1688
-3.27133 4.00622e-16 16.1688
-3.27083 -0.0570925 16.1688
-3.26933 -0.114168 14.2203
-3.26684 -0.171208 14.2203
-3.26336 -0.228196 14.2203
-3.25888 -0.285115 14.2203
-3.25341 -0.341947 12.0433
-3.24694 -0.398674 12.0433
-3.23949 -0.455281 12.0433
-3.23105 -0.511748 12.0433
-3.22163 -0.56806 9.67003
-3.21122 -0.624199 9.67003
-3.19984 -0.680147 9.67003
-3.18748 -0.735888 9.67003
-3.17415 -0.791406 7.13971
-3.15986 -0.846682 7.13971
-3.1446 -0.9017 7.13971
-3.12839 -0.956443 4.4976
-3.11122 -1.0109 4.4976
-3.0931 -1.06504 4.4976
-3.07404 -1.11886 4.4976
-3.05405 -1.17234 1.79329
-3.03312 -1.22546 1.79329
-3.01127 -1.27821 1.79329
-2.98851 -1.33057 1.79329
-2.96483 -1.38252 -0.92122
-2.94025 -1.43406 -0.92122
-2.91477 -1.48515 -0.92122
-2.88841 -1.53579 -0.92122
-2.86117 -1.58597 -3.59385
-2.83305 -1.63566 -3.59385
-2.80407 -1.68486 -3.59385
-2.77424 -1.73354 -6.17467
-2.74357 -1.78169 -6.17467
-2.71205 -1.8293 -6.17467
-2.67971 -1.87636 -6.17467
-2.64656 -1.92284 -8.61779
-2.6126 -1.96873 -8.61779
-2.57784 -2.01403 -8.61779
-2.5423 -2.05871 -8.61779
-2.50598 -2.10277 -10.8829
-2.4689 -2.14618 -10.8829
-2.43107 -2.18894 -10.8829
-2.3925 -2.23104 -10.8829
-2.3532 -2.27245 -12.9363
-2.31318 -2.31318 -12.9363
-2.27245 -2.3532 -12.9363
-2.23104 -2.3925 -14.7509
-2.18894 -2.43107 -14.7509
-2.14618 -2.4689 -14.7509
-2.10277 -2.50598 -14.7509
-2.05871 -2.5423 -16.3062
-2.01403 -2.57784 -16.3062
-1.96873 -2.6126 -16.3062
-1.92284 -2.64656 -16.3062
-1.87636 -2.67971 -17.5872
-1.8293 -2.71205 -17.5872
-1.78169 -2.74357 -17.5872
-1.73354 -2.77424 -17.5872
-1.68486 -2.80407 -18.5837
-1.63566 -2.83305 -18.5837
-1.58597 -2.86117 -18.5837
-1.53579 -2.88841 -19.2893
-1.48515 -2.91477 -19.2893
-1.43406 -2.94025 -19.2893
-1.38252 -2.96483 -19.2893
-1.33057 -2.98851 -19.6999
-1.27821 -3.01127 -19.6999
-1.22546 -3.03312 -19.6999
-1.17234 -3.05405 -19.6999
-1.11886 -3.07404 -19.8137
-1.06504 -3.0931 -19.8137
-1.0109 -3.11122 -19.8137
-0.956443 -3.12839 -19.8137
-0.9017 -3.1446 -19.6306
-0.846682 -3.15986 -19.6306
-0.791406 -3.17415 -19.6306
-0.735888 -3.18748 -19.1531
-0.680147 -3.19984 -19.1531
-0.624199 -3.21122 -19.1531
-0.56806 -3.22163 -19.1531
-0.511748 -3.23105 -18.3868
-0.455281 -3.23949 -18.3868
-0.398674 -3.24694 -18.3868
-0.341947 -3.25341 -18.3868
-0.285115 -3.25888 -17.3418
-0.228196 -3.26336 -17.3418
-0.171208 -3.26684 -17.3418
-0.114168 -3.26933 -17.3418
-0.0570925 -3.27083 -16.0333
-6.00933e-16 -3.27133 -16.0333
0.0570925 -3.27083 -16.0333
0.114168 -3.26933 -14.4833
0.171208 -3.26684 -14.4833
0.228196 -3.26336 -14.4833
0.285115 -3.25888 -14.4833
0.341947 -3.25341 -12.7209
0.398674 -3.24694 -12.7209
0.455281 -3.23949 -12.7209
0.511748 -3.23105 -12.7209
0.56806 -3.22163 -10.7828
0.624199 -3.21122 -10.7828
0.680147 -3.19984 -10.7828
0.735888 -3.18748 -10.7828
0.791406 -3.17415 -8.71278
0.846682 -3.15986 -8.71278
0.9017 -3.1446 -8.71278
0.956443 -3.12839 -6.56044
1.0109 -3.11122 -6.56044
1.06504 -3.0931 -6.56044
1.11886 -3.07404 -6.56044
1.17234 -3.05405 -4.37958
1.22546 -3.03312 -4.37958
1.27821 -3.01127 -4.37958
1.33057 -2.98851 -4.37958
1.38252 -2.96483 -2.22576
1.43406 -2.94025 -2.22576
1.48515 -2.91477 -2.22576
1.53579 -2.88841 -2.22576
1.58597 -2.86117 -0.153603
1.63566 -2.83305 -0.153603
1.68486 -2.80407 -0.153603
1.73354 -2.77424 1.78597
1.78169 -2.74357 1.78597
1.8293 -2.71205 1.78597
1.87636 -2.67971 1.78597
1.92284 -2.64656 3.54823
1.96873 -2.6126 3.54823
2.01403 -2.57784 3.54823
2.05871 -2.5423 3.54823
2.10277 -2.50598 5.09681
2.14618 -2.4689 5.09681
2.18894 -2.43107 5.09681
2.23104 -2.3925 5.09681
2.27245 -2.3532 6.40523
2.31318 -2.31318 6.40523
2.3532 -2.27245 6.40523
2.3925 -2.23104 7.45767
2.43107 -2.18894 7.45767
2.4689 -2.14618 7.45767
2.50598 -2.10277 7.45767
2.5423 -2.05871 8.24908
2.57784 -2.01403 8.24908
2.6126 -1.96873 8.24908
2.64656 -1.92284 8.24908
2.67971 -1.87636 8.7844
2.71205 -1.8293 8.7844
2.74357 -1.78169 8.7844
2.77424 -1.73354 8.7844
2.80407 -1.68486 9.07733
2.83305 -1.63566 9.07733
2.86117 -1.58597 9.07733
2.88841 -1.53579 9.14851
2.91477 -1.48515 9.14851
2.94025 -1.43406 9.14851
2.96483 -1.38252 9.14851
2.98851 -1.33057 9.02358
3.01127 -1.27821 9.02358
3.03312 -1.22546 9.02358
3.05405 -1.17234 9.02358
3.07404 -1.11886 8.73103
3.0931 -1.06504 8.73103
3.11122 -1.0109 8.73103
3.12839 -0.956443 8.73103
3.1446 -0.9017 8.3002
3.15986 -0.846682 8.3002
3.17415 -0.791406 8.3002
3.18748 -0.735888 7.75957
3.19984 -0.680147 7.75957
3.21122 -0.624199 7.75957
3.22163 -0.56806 7.75957
3.23105 -0.511748 7.13531
3.23949 -0.455281 7.13531
3.24694 -0.398674 7.13531
3.25341 -0.341947 7.13531
3.25888 -0.285115 6.45039
3.26336 -0.228196 6.45039
3.26684 -0.171208 6.45039
3.26933 -0.114168 6.45039
3.27083 -0.0570925 5.21539

3.35112 0 6.22484
3.3506 0.058485 6.22484
3.34907 0.116952 5.41639
3.34652 0.175384 5.41639
3.34295 0.233762 5.41639
3.33836 0.292069 5.41639
3.33276 0.350287 4.60224
3.32614 0.408398 4.60224
3.3185 0.466385 4.60224
3.30986 0.52423 3.78867
3.3002 0.581915 3.78867
3.28955 0.639423 3.78867
3.27789 0.696736 3.78867
3.26523 0.753837 2.97923
3.25157 0.810708 2.97923
3.23693 0.867332 2.97923
3.2213 0.923693 2.1753
3.20469 0.979771 2.1753
3.1871 1.03555 2.1753
3.16854 1.09102 2.1753
3.14902 1.14615 1.37677
3.12854 1.20093 1.37677
3.1071 1.25535 1.37677
3.08472 1.30939 0.582658
3.0614 1.36302 0.582658
3.03714 1.41624 0.582658
3.01196 1.46903 0.582658
2.98587 1.52137 -0.208296
2.95886 1.57325 -0.208296
2.93095 1.62465 -0.208296
2.90215 1.67556 -0.99702
2.87247 1.72595 -0.99702
2.84191 1.77582 -0.99702
2.81048 1.82515 -0.99702
2.7782 1.87392 -1.78352
2.74507 1.92212 -1.78352
2.71111 1.96974 -1.78352
2.67632 2.01675 -1.78352
2.64071 2.06315 -2.56629
2.60431 2.10893 -2.56629
2.5671 2.15406 -2.56629
2.52912 2.19853 -3.34171
2.49036 2.24233 -3.34171
2.45085 2.28546 -3.34171
2.41059 2.32788 -3.34171
2.3696 2.3696 -4.1035
2.32788 2.41059 -4.1035
2.28546 2.45085 -4.1035
2.24233 2.49036 -4.84216
2.19853 2.52912 -4.84216
2.15406 2.5671 -4.84216
2.10893 2.60431 -4.84216
2.06315 2.64071 -5.54462
2.01675 2.67632 -5.54462
1.96974 2.71111 -5.54462
1.92212 2.74507 -6.194
1.87392 2.7782 -6.194
1.82515 2.81048 -6.194
1.77582 2.84191 -6.194
1.72595 2.87247 -6.7697
1.67556 2.90215 -6.7697
1.62465 2.93095 -6.7697
1.57325 2.95886 -7.24779
1.52137 2.98587 -7.24779
1.46903 3.01196 -7.24779
1.41624 3.03714 -7.24779
1.36302 3.0614 -7.60171
1.30939 3.08472 -7.60171
1.25535 3.1071 -7.60171
1.20093 3.12854 -7.80343
1.14615 3.14902 -7.80343
1.09102 3.16854 -7.80343
1.03555 3.1871 -7.80343
0.979771 3.20469 -7.82495
0.923693 3.2213 -7.82495
0.867332 3.23693 -7.82495
0.810708 3.25157 -7.63999
0.753837 3.26523 -7.63999
0.696736 3.27789 -7.63999
0.639423 3.28955 -7.63999
0.581915 3.3002 -7.2259
0.52423 3.30986 -7.2259
0.466385 3.3185 -7.2259
0.408398 3.32614 -6.56545
0.350287 3.33276 -6.56545
0.292069 3.33836 -6.56545
0.233762 3.34295 -6.56545
0.175384 3.34652 -5.64859
0.116952 3.34907 -5.64859
0.058485 3.3506 -5.64859
2.05197e-16 3.35112 -4.47377
-0.058485 3.3506 -4.47377
-0.116952 3.34907 -4.47377
-0.175384 3.34652 -4.47377
-0.233762 3.34295 -3.04884
-0.292069 3.33836 -3.04884
-0.350287 3.33276 -3.04884
-0.408398 3.32614 -3.04884
-0.466385 3.3185 -1.39145
-0.52423 3.30986 -1.39145
-0.581915 3.3002 -1.39145
-0.639423 3.28955 0.471245
-0.696736 3.27789 0.471245
-0.753837 3.26523 0.471245
-0.810708 3.25157 0.471245
-0.867332 3.23693 2.50354
-0.923693 3.2213 2.50354
-0.979771 3.20469 2.50354
-1.03555 3.1871 4.66267
-1.09102 3.16854 4.66267
-1.14615 3.14902 4.66267
-1.20093 3.12854 4.66267
-1.25535 3.1071 6.90083
-1.30939 3.08472 6.90083
-1.36302 3.0614 6.90083
-1.41624 3.03714 9.16747
-1.46903 3.01196 9.16747
-1.52137 2.98587 9.16747
-1.57325 2.95886 9.16747
-1.62465 2.93095 11.4117
-1.67556 2.90215 11.4117
-1.72595 2.87247 11.4117
-1.77582 2.84191 13.585
-1.82515 2.81048 13.585
-1.87392 2.7782 13.585
-1.92212 2.74507 13.585
-1.96974 2.71111 15.6424
-2.01675 2.67632 15.6424
-2.06315 2.64071 15.6424
-2.10893 2.60431 17.5448
-2.15406 2.5671 17.5448
-2.19853 2.52912 17.5448
-2.24233 2.49036 17.5448
-2.28546 2.45085 19.259
-2.32788 2.41059 19.259
-2.3696 2.3696 19.259
-2.41059 2.32788 20.7585
-2.45085 2.28546 20.7585
-2.49036 2.24233 20.7585
-2.52912 2.19853 20.7585
-2.5671 2.15406 22.0228
-2.60431 2.10893 22.0228
-2.64071 2.06315 22.0228
-2.67632 2.01675 23.0369
-2.71111 1.96974 23.0369
-2.74507 1.92212 23.0369
-2.7782 1.87392 23.0369
-2.81048 1.82515 23.7897
-2.84191 1.77582 23.7897
-2.87247 1.72595 23.7897
-2.90215 1.67556 24.2736
-2.93095 1.62465 24.2736
-2.95886 1.57325 24.2736
-2.98587 1.52137 24.2736
-3.01196 1.46903 24.4826
-3.03714 1.41624 24.4826
-3.0614 1.36302 24.4826
-3.08472 1.30939 24.4826
-3.1071 1.25535 24.4122
-3.12854 1.20093 24.4122
-3.14902 1.14615 24.4122
-3.16854 1.09102 24.0584
-3.1871 1.03555 24.0584
-3.20469 0.979771 24.0584
-3.2213 0.923693 24.0584
-3.23693 0.867332 23.4182
-3.25157 0.810708 23.4182
-3.26523 0.753837 23.4182
-3.27789 0.696736 22.4901
-3.28955 0.639423 22.4901
-3.3002 0.581915 22.4901
-3.30986 0.52423 22.4901
-3.3185 0.466385 21.2747
-3.32614 0.408398 21.2747
-3.33276 0.350287 21.2747
-3.33836 0.292069 19.7764
-3.34295 0.233762 19.7764
-3.34652 0.175384 19.7764
-3.34907 0.116952 19.7764
-3.3506 0.058485 18.0043
-3.35112 4.10393e-16 18.0043
-3.3506 -0.058485 18.0043
-3.34907 -0.116952 15.973
-3.34652 -0.175384 15.973
-3.34295 -0.233762 15.973
-3.33836 -0.292069 15.973
-3.33276 -0.350287 13.7044
-3.32614 -0.408398 13.7044
-3.3185 -0.466385 13.7044
-3.30986 -0.52423 11.2279
-3.3002 -0.581915 11.2279
-3.28955 -0.639423 11.2279
-3.27789 -0.696736 11.2279
-3.26523 -0.753837 8.57985
-3.25157 -0.810708 8.57985
-3.23693 -0.867332 8.57985
-3.2213 -0.923693 5.80324
-3.20469 -0.979771 5.80324
-3.1871 -1.03555 5.80324
-3.16854 -1.09102 5.80324
-3.14902 -1.14615 2.94597
-3.12854 -1.20093 2.94597
-3.1071 -1.25535 2.94597
-3.08472 -1.30939 0.0590186
-3.0614 -1.36302 0.0590186
-3.03714 -1.41624 0.0590186
-3.01196 -1.46903 0.0590186
-2.98587 -1.52137 -2.80571
-2.95886 -1.57325 -2.80571
-2.93095 -1.62465 -2.80571
-2.90215 -1.67556 -2.80571
-2.87247 -1.72595 -5.59767
-2.84191 -1.77582 -5.59767
-2.81048 -1.82515 -5.59767
-2.7782 -1.87392 -8.2697
-2.74507 -1.92212 -8.2697
-2.71111 -1.96974 -8.2697
-2.67632 -2.01675 -8.2697
-2.64071 -2.06315 -10.7798
-2.60431 -2.10893 -10.7798
-2.5671 -2.15406 -10.7798
-2.52912 -2.19853 -13.0923
-2.49036 -2.24233 -13.0923
-2.45085 -2.28546 -13.0923
-2.41059 -2.32788 -13.0923
-2.3696 -2.3696 -15.1784
-2.32788 -2.41059 -15.1784
-2.28546 -2.45085 -15.1784
-2.24233 -2.49036 -17.0158
-2.19853 -2.52912 -17.0158
-2.15406 -2.5671 -17.0158
-2.10893 -2.60431 -17.0158
-2.06315 -2.64071 -18.5886
-2.01675 -2.67632 -18.5886
-1.96974 -2.71111 -18.5886
-1.92212 -2.74507 -19.886
-1.87392 -2.7782 -19.886
-1.82515 -2.81048 -19.886
-1.77582 -2.84191 -19.886
-1.72595 -2.87247 -20.9009
-1.67556 -2.90215 -20.9009
-1.62465 -2.93095 -20.9009
-1.57325 -2.95886 -21.6293
-1.52137 -2.98587 -21.6293
-1.46903 -3.01196 -21.6293
-1.41624 -3.03714 -21.6293
-1.36302 -3.0614 -22.0686
-1.30939 -3.08472 -22.0686
-1.25535 -3.1071 -22.0686
-1.20093 -3.12854 -22.2172
-1.14615 -3.14902 -22.2172
-1.09102 -3.16854 -22.2172
-1.03555 -3.1871 -22.2172
-0.979771 -3.20469 -22.0742
-0.923693 -3.2213 -22.0742
-0.867332 -3.23693 -22.0742
-0.810708 -3.25157 -21.64
-0.753837 -3.26523 -21.64
-0.696736 -3.27789 -21.64
-0.639423 -3.28955 -21.64
-0.581915 -3.3002 -20.917
-0.52423 -3.30986 -20.917
-0.466385 -3.3185 -20.917
-0.408398 -3.32614 -19.9107
-0.350287 -3.33276 -19.9107
-0.292069 -3.33836 -19.9107
-0.233762 -3.34295 -19.9107
-0.175384 -3.34652 -18.6308
-0.116952 -3.34907 -18.6308
-0.058485 -3.3506 -18.6308
-6.1559e-16 -3.35112 -18.6308
0.058485 -3.3506 -17.0929
0.116952 -3.34907 -17.0929
0.175384 -3.34652 -17.0929
0.233762 -3.34295 -15.3195
0.292069 -3.33836 -15.3195
0.350287 -3.33276 -15.3195
0.408398 -3.32614 -15.3195
0.466385 -3.3185 -13.3402
0.52423 -3.30986 -13.3402
0.581915 -3.3002 -13.3402
0.639423 -3.28955 -11.1927
0.696736 -3.27789 -11.1927
0.753837 -3.26523 -11.1927
0.810708 -3.25157 -11.1927
0.867332 -3.23693 -8.92147
0.923693 -3.2213 -8.92147
0.979771 -3.20469 -8.92147
1.03555 -3.1871 -6.57687
1.09102 -3.16854 -6.57687
1.14615 -3.14902 -6.57687
1.20093 -3.12854 -6.57687
1.25535 -3.1071 -4.21334
1.30939 -3.08472 -4.21334
1.36302 -3.0614 -4.21334
1.41624 -3.03714 -1.88694
1.46903 -3.01196 -1.88694
1.52137 -2.98587 -1.88694
1.57325 -2.95886 -1.88694
1.62465 -2.93095 0.34727
1.67556 -2.90215 0.34727
1.72595 -2.87247 0.34727
1.77582 -2.84191 2.43793
1.82515 -2.81048 2.43793
1.87392 -2.7782 2.43793
1.92212 -2.74507 2.43793
1.96974 -2.71111 4.3398
2.01675 -2.67632 4.3398
2.06315 -2.64071 4.3398
2.10893 -2.60431 6.01592
2.15406 -2.5671 6.01592
2.19853 -2.52912 6.01592
2.24233 -2.49036 6.01592
2.28546 -2.45085 7.43905
2.32788 -2.41059 7.43905
2.3696 -2.3696 7.43905
2.41059 -2.32788 8.59255
2.45085 -2.28546 8.59255
2.49036 -2.24233 8.59255
2.52912 -2.19853 8.59255
2.5671 -2.15406 9.47043
2.60431 -2.10893 9.47043
2.64071 -2.06315 9.47043
2.67632 -2.01675 10.0768
2.71111 -1.96974 10.0768
2.74507 -1.92212 10.0768
2.7782 -1.87392 10.0768
2.81048 -1.82515 10.4248
2.84191 -1.77582 10.4248
2.87247 -1.72595 10.4248
2.90215 -1.67556 10.4248
2.93095 -1.62465 10.5348
2.95886 -1.57325 10.5348
2.98587 -1.52137 10.5348
3.01196 -1.46903 10.4328
3.03714 -1.41624 10.4328
3.0614 -1.36302 10.4328
3.08472 -1.30939 10.4328
3.1071 -1.25535 10.1481
3.12854 -1.20093 10.1481
3.14902 -1.14615 10.1481
3.16854 -1.09102 9.71145
3.1871 -1.03555 9.71145
3.20469 -0.979771 9.71145
3.2213 -0.923693 9.71145
3.23693 -0.867332 9.15324
3.25157 -0.810708 9.15324
3.26523 -0.753837 9.15324
3.27789 -0.696736 8.50195
3.28955 -0.639423 8.50195
3.3002 -0.581915 8.50195
3.30986 -0.52423 8.50195
3.3185 -0.466385 7.78303
3.32614 -0.408398 7.78303
3.33276 -0.350287 7.78303
3.33836 -0.292069 7.01813
3.34295 -0.233762 7.01813
3.34652 -0.175384 7.01813
3.34907 -0.116952 7.01813
3.3506 -0.058485 5.72394

3.4309 0 6.22484
3.43038 0.0598775 6.22484
3.42881 0.119737 5.41639
3.4262 0.17956 5.41639
3.42255 0.239328 5.41639
3.41785 0.299023 5.41639
3.41211 0.358627 4.60224
3.40533 0.418122 4.60224
3.39751 0.477489 4.60224
3.38866 0.536712 3.78867
3.37878 0.59577 3.78867
3.36787 0.654647 3.78867
3.35593 0.713325 3.78867
3.34297 0.771785 2.97923
3.32899 0.830011 2.97923
3.314 0.887983 2.97923
3.298 0.945685 2.1753
3.28099 1.0031 2.1753
3.26298 1.06021 2.1753
3.24398 1.11699 2.1753
3.22399 1.17344 1.37677
3.20302 1.22953 1.37677
3.18108 1.28524 1.37677
3.15816 1.34056 0.582658
3.13429 1.39547 0.582658
3.10945 1.44996 0.582658
3.08368 1.50401 0.582658
3.05696 1.5576 -0.208296
3.02931 1.61071 -0.208296
3.00074 1.66334 -0.208296
2.97125 1.71545 -0.99702
2.94086 1.76705 -0.99702
2.90957 1.8181 -0.99702
2.8774 1.8686 -0.99702
2.84435 1.91854 -1.78352
2.81043 1.96789 -1.78352
2.77566 2.01663 -1.78352
2.74004 2.06477 -1.78352
2.70359 2.11228 -2.56629
2.66631 2.15914 -2.56629
2.62822 2.20534 -2.56629
2.58934 2.25088 -3.34171
2.54966 2.29572 -3.34171
2.5092 2.33987 -3.34171
2.46799 2.38331 -3.34171
2.42602 2.42602 -4.1035
2.38331 2.46799 -4.1035
2.33987 2.5092 -4.1035
2.29572 2.54966 -4.84216
2.25088 2.58934 -4.84216
2.20534 2.62822 -4.84216
2.15914 2.66631 -4.84216
2.11228 2.70359 -5.54462
2.06477 2.74004 -5.54462
2.01663 2.77566 -5.54462
1.96789 2.81043 -6.194
1.91854 2.84435 -6.194
1.8686 2.8774 -6.194
1.8181 2.90957 -6.194
1.76705 2.94086 -6.7697
1.71545 2.97125 -6.7697
1.66334 3.00074 -6.7697
1.61071 3.02931 -7.24779
1.5576 3.05696 -7.24779
1.50401 3.08368 -7.24779
1.44996 3.10945 -7.24779
1.39547 3.13429 -7.60171
1.34056 3.15816 -7.60171
1.28524 3.18108 -7.60171
1.22953 3.20302 -7.80343
1.17344 3.22399 -7.80343
1.11699 3.24398 -7.80343
1.06021 3.26298 -7.80343
1.0031 3.28099 -7.82495
0.945685 3.298 -7.82495
0.887983 3.314 -7.82495
0.830011 3.32899 -7.63999
0.771785 3.34297 -7.63999
0.713325 3.35593 -7.63999
0.654647 3.36787 -7.63999
0.59577 3.37878 -7.2259
0.536712 3.38866 -7.2259
0.477489 3.39751 -7.2259
0.418122 3.40533 -6.56545
0.358627 3.41211 -6.56545
0.299023 3.41785 -6.56545
0.239328 3.42255 -6.56545
0.17956 3.4262 -5.64859
0.119737 3.42881 -5.64859
0.0598775 3.43038 -5.64859
2.10082e-16 3.4309 -4.47377
-0.0598775 3.43038 -4.47377
-0.119737 3.42881 -4.47377
-0.17956 3.4262 -4.47377
-0.239328 3.42255 -3.04884
-0.299023 3.41785 -3.04884
-0.358627 3.41211 -3.04884
-0.418122 3.40533 -3.04884
-0.477489 3.39751 -1.39145
-0.536712 3.38866 -1.39145
-0.59577 3.37878 -1.39145
-0.654647 3.36787 0.471245
-0.713325 3.35593 0.471245
-0.771785 3.34297 0.471245
-0.830011 3.32899 0.471245
-0.887983 3.314 2.50354
-0.945685 3.298 2.50354
-1.0031 3.28099 2.50354
-1.06021 3.26298 4.66267
-1.11699 3.24398 4.66267
-1.17344 3.22399 4.66267
-1.22953 3.20302 4.66267
-1.28524 3.18108 6.90083
-1.34056 3.15816 6.90083
-1.39547 3.13429 6.90083
-1.44996 3.10945 9.16747
-1.50401 3.08368 9.16747
-1.5576 3.05696 9.16747
-1.61071 3.02931 9.16747
-1.66334 3.00074 11.4117
-1.71545 2.97125 11.4117
-1.76705 2.94086 11.4117
-1.8181 2.90957 13.585
-1.8686 2.8774 13.585
-1.91854 2.84435 13.585
-1.96789 2.81043 13.585
-2.01663 2.77566 15.6424
-2.06477 2.74004 15.6424
-2.11228 2.70359 15.6424
-2.15914 2.66631 17.5448
-2.20534 2.62822 17.5448
-2.25088 2.58934 17.5448
-2.29572 2.54966 17.5448
-2.33987 2.5092 19.259
-2.38331 2.46799 19.259
-2.42602 2.42602 19.259
-2.46799 2.38331 20.7585
-2.5092 2.33987 20.7585
-2.54966 2.29572 20.7585
-2.58934 2.25088 20.7585
-2.62822 2.20534 22.0228
-2.66631 2.15914 22.0228
-2.70359 2.11228 22.0228
-2.74004 2.06477 23.0369
-2.77566 2.01663 23.0369
-2.81043 1.96789 23.0369
-2.84435 1.91854 23.0369
-2.8774 1.8686 23.7897
-2.90957 1.8181 23.7897
-2.94086 1.76705 23.7897
-2.97125 1.71545 24.2736
-3.00074 1.66334 24.2736
-3.02931 1.61071 24.2736
-3.05696 1.5576 24.2736
-3.08368 1.50401 24.4826
-3.10945 1.44996 24.4826
-3.13429 1.39547 24.4826
-3.15816 1.34056 24.4826
-3.18108 1.28524 24.4122
-3.20302 1.22953 24.4122
-3.22399 1.17344 24.4122
-3.24398 1.11699 24.0584
-3.26298 1.06021 24.0584
-3.28099 1.0031 24.0584
-3.298 0.945685 24.0584
-3.314 0.887983 23.4182
-3.32899 0.830011 23.4182
-3.34297 0.771785 23.4182
-3.35593 0.713325 22.4901
-3.36787 0.654647 22.4901
-3.37878 0.59577 22.4901
-3.38866 0.536712 22.4901
-3.39751 0.477489 21.2747
-3.40533 0.418122 21.2747
-3.41211 0.358627 21.2747
-3.41785 0.299023 19.7764
-3.42255 0.239328 19.7764
-3.4262 0.17956 19.7764
-3.42881 0.119737 19.7764
-3.43038 0.0598775 18.0043
-3.4309 4.20165e-16 18.0043
-3.43038 -0.0598775 18.0043
-3.42881 -0.119737 15.973
-3.4262 -0.17956 15.973
-3.42255 -0.239328 15.973
-3.41785 -0.299023 15.973
-3.41211 -0.358627 13.7044
-3.40533 -0.418122 13.7044
-3.39751 -0.477489 13.7044
-3.38866 -0.536712 11.2279
-3.37878 -0.59577 11.2279
-3.36787 -0.654647 11.2279
-3.35593 -0.713325 11.2279
-3.34297 -0.771785 8.57985
-3.32899 -0.830011 8.57985
-3.314 -0.887983 8.57985
-3.298 -0.945685 5.80324
-3.28099 -1.0031 5.80324
-3.26298 -1.06021 5.80324
-3.24398 -1.11699 5.80324
-3.22399 -1.17344 2.94597
-3.20302 -1.22953 2.94597
-3.18108 -1.28524 2.94597
-3.15816 -1.34056 0.0590186
-3.13429 -1.39547 0.0590186
-3.10945 -1.44996 0.0590186
-3.08368 -1.50401 0.0590186
-3.05696 -1.5576 -2.80571
-3.02931 -1.61071 -2.80571
-3.00074 -1.66334 -2.80571
-2.97125 -1.71545 -2.80571
-2.94086 -1.76705 -5.59767
-2.90957 -1.8181 -5.59767
-2.8774 -1.8686 -5.59767
-2.84435 -1.91854 -8.2697
-2.81043 -1.96789 -8.2697
-2.77566 -2.01663 -8.2697
-2.74004 -2.06477 -8.2697
-2.70359 -2.11228 -10.7798
-2.66631 -2.15914 -10.7798
-2.62822 -2.20534 -10.7798
-2.58934 -2.25088 -13.0923
-2.54966 -2.29572 -13.0923
-2.5092 -2.33987 -13.0923
-2.46799 -2.38331 -13.0923
-2.42602 -2.42602 -15.1784
-2.38331 -2.46799 -15.1784
-2.33987 -2.5092 -15.1784
-2.29572 -2.54966 -17.0158
-2.25088 -2.58934 -17.0158
-2.20534 -2.62822 -17.0158
-2.15914 -2.66631 -17.0158
-2.11228 -2.70359 -18.5886
-2.06477 -2.74004 -18.5886
-2.01663 -2.77566 -18.5886
-1.96789 -2.81043 -19.886
-1.91854 -2.84435 -19.886
-1.8686 -2.8774 -19.886
-1.8181 -2.90957 -19.886
-1.76705 -2.94086 -20.9009
-1.71545 -2.97125 -20.9009
-1.66334 -3.00074 -20.9009
-1.61071 -3.02931 -21.6293
-1.5576 -3.05696 -21.6293
-1.50401 -3.08368 -21.6293
-1.44996 -3.10945 -21.6293
-1.39547 -3.13429 -22.0686
-1.34056 -3.15816 -22.0686
-1.28524 -3.18108 -22.0686
-1.22953 -3.20302 -22.2172
-1.17344 -3.22399 -22.2172
-1.11699 -3.24398 -22.2172
-1.06021 -3.26298 -22.2172
-1.0031 -3.28099 -22.0742
-0.945685 -3.298 -22.0742
-0.887983 -3.314 -22.0742
-0.830011 -3.32899 -21.64
-0.771785 -3.34297 -21.64
-0.713325 -3.35593 -21.64
-0.654647 -3.36787 -21.64
-0.59577 -3.37878 -20.917
-0.536712 -3.38866 -20.917
-0.477489 -3.39751 -20.917
-0.418122 -3.40533 -19.9107
-0.358627 -3.41211 -19.9107
-0.299023 -3.41785 -19.9107
-0.239328 -3.42255 -19.9107
-0.17956 -3.4262 -18.6308
-0.119737 -3.42881 -18.6308
-0.0598775 -3.43038 -18.6308
-6.30247e-16 -3.4309 -18.6308
0.0598775 -3.43038 -17.0929
0.119737 -3.42881 -17.0929
0.17956 -3.4262 -17.0929
0.239328 -3.42255 -15.3195
0.299023 -3.41785 -15.3195
0.358627 -3.41211 -15.3195
0.418122 -3.40533 -15.3195
0.477489 -3.39751 -13.3402
0.536712 -3.38866 -13.3402
0.59577 -3.37878 -13.3402
0.654647 -3.36787 -11.1927
0.713325 -3.35593 -11.1927
0.771785 -3.34297 -11.1927
0.830011 -3.32899 -11.1927
0.887983 -3.314 -8.92147
0.945685 -3.298 -8.92147
1.0031 -3.28099 -8.92147
1.06021 -3.26298 -6.57687
1.11699 -3.24398 -6.57687
1.17344 -3.22399 -6.57687
1.22953 -3.20302 -6.57687
1.28524 -3.18108 -4.21334
1.34056 -3.15816 -4.21334
1.39547 -3.13429 -4.21334
1.44996 -3.10945 -1.88694
1.50401 -3.08368 -1.88694
1.5576 -3.05696 -1.88694
1.61071 -3.02931 -1.88694
1.66334 -3.00074 0.34727
1.71545 -2.97125 0.34727
1.76705 -2.94086 0.34727
1.8181 -2.90957 2.43793
1.8686 -2.8774 2.43793
1.91854 -2.84435 2.43793
1.96789 -2.81043 2.43793
2.01663 -2.77566 4.3398
2.06477 -2.74004 4.3398
2.11228 -2.70359 4.3398
2.15914 -2.66631 6.01592
2.20534 -2.62822 6.01592
2.25088 -2.58934 6.01592
2.29572 -2.54966 6.01592
2.33987 -2.5092 7.43905
2.38331 -2.46799 7.43905
2.42602 -2.42602 7.43905
2.46799 -2.38331 8.59255
2.5092 -2.33987 8.59255
2.54966 -2.29572 8.59255
2.58934 -2.25088 8.59255
2.62822 -2.20534 9.47043
2.66631 -2.15914 9.47043
2.70359 -2.11228 9.47043
2.74004 -2.06477 10.0768
2.77566 -2.01663 10.0768
2.81043 -1.96789 10.0768
2.84435 -1.91854 10.0768
2.8774 -1.8686 10.4248
2.90957 -1.8181 10.4248
2.94086 -1.76705 10.4248
2.97125 -1.71545 10.4248
3.00074 -1.66334 10.5348
3.02931 -1.61071 10.5348
3.05696 -1.5576 10.5348
3.08368 -1.50401 10.4328
3.10945 -1.44996 10.4328
3.13429 -1.39547 10.4328
3.15816 -1.34056 10.4328
3.18108 -1.28524 10.1481
3.20302 -1.22953 10.1481
3.22399 -1.17344 10.1481
3.24398 -1.11699 9.71145
3.26298 -1.06021 9.71145
3.28099 -1.0031 9.71145
3.298 -0.945685 9.71145
3.314 -0.887983 9.15324
3.32899 -0.830011 9.15324
3.34297 -0.771785 9.15324
3.35593 -0.713325 8.50195
3.36787 -0.654647 8.50195
3.37878 -0.59577 8.50195
3.38866 -0.536712 8.50195
3.39751 -0.477489 7.78303
3.40533 -0.418122 7.78303
3.41211 -0.358627 7.78303
3.41785 -0.299023 7.01813
3.42255 -0.239328 7.01813
3.4262 -0.17956 7.01813
3.42881 -0.119737 7.01813
3.43038 -0.0598775 5.72394

3.51069 0 6.71028
3.51016 0.06127 6.71028
3.50855 0.122521 5.84936
3.50588 0.183735 5.84936
3.50214 0.244893 5.84936
3.49733 0.305977 4.99266
3.49146 0.366967 4.99266
3.48452 0.427846 4.99266
3.47653 0.488594 4.99266
3.46747 0.549193 4.14478
3.45736 0.609625 4.14478
3.44619 0.669872 4.14478
3.43398 0.729914 3.3076
3.42071 0.789734 3.3076
3.40641 0.849313 3.3076
3.39107 0.908634 2.48096
3.37469 0.967678 2.48096
3.35729 1.02643 2.48096
3.33887 1.08486 2.48096
3.31942 1.14297 1.66315
3.29897 1.20073 1.66315
3.27751 1.25812 1.66315
3.25506 1.31513 0.851592
3.23161 1.37174 0.851592
3.20718 1.42793 0.851592
3.18177 1.48368 0.0432705
3.15539 1.53899 0.0432705
3.12805 1.59382 0.0432705
3.09976 1.64817 0.0432705
3.07052 1.70202 -0.764709
3.04035 1.75535 -0.764709
3.00925 1.80814 -0.764709
2.97724 1.86038 -1.57464
2.94431 1.91206 -1.57464
2.9105 1.96315 -1.57464
2.87579 2.01365 -2.3877
2.84021 2.06353 -2.3877
2.80376 2.11279 -2.3877
2.76646 2.1614 -2.3877
2.72832 2.20935 -3.20344
2.68935 2.25663 -3.20344
2.64955 2.30322 -3.20344
2.60895 2.34911 -4.01916
2.56756 2.39429 -4.01916
2.52538 2.43873 -4.01916
2.48243 2.48243 -4.82943
2.43873 2.52538 -4.82943
2.39429 2.56756 -4.82943
2.34911 2.60895 -4.82943
2.30322 2.64955 -5.62554
2.25663 2.68935 -5.62554
2.20935 2.72832 -5.62554
2.1614 2.76646 -6.39505
2.11279 2.80376 -6.39505
2.06353 2.84021 -6.39505
2.01365 2.87579 -7.1216
1.96315 2.9105 -7.1216
1.91206 2.94431 -7.1216
1.86038 2.97724 -7.1216
1.80814 3.00925 -7.78484
1.75535 3.04035 -7.78484
1.70202 3.07052 -7.78484
1.64817 3.09976 -8.3608
1.59382 3.12805 -8.3608
1.53899 3.15539 -8.3608
1.48368 3.18177 -8.82239
1.42793 3.20718 -8.82239
1.37174 3.23161 -8.82239
1.31513 3.25506 -8.82239
1.25812 3.27751 -9.14054
1.20073 3.29897 -9.14054
1.14297 3.31942 -9.14054
1.08486 3.33887 -9.28548
1.02643 3.35729 -9.28548
0.967678 3.37469 -9.28548
0.908634 3.39107 -9.22843
0.849313 3.40641 -9.22843
0.789734 3.42071 -9.22843
0.729914 3.43398 -9.22843
0.669872 3.44619 -8.94329
0.609625 3.45736 -8.94329
0.549193 3.46747 -8.94329
0.488594 3.47653 -8.40856
0.427846 3.48452 -8.40856
0.366967 3.49146 -8.40856
0.305977 3.49733 -7.60903
0.244893 3.50214 -7.60903
0.183735 3.50588 -7.60903
0.122521 3.50855 -7.60903
0.06127 3.51016 -6.53733
2.14968e-16 3.51069 -6.53733
-0.06127 3.51016 -6.53733
-0.122521 3.50855 -5.19501
-0.183735 3.50588 -5.19501
-0.244893 3.50214 -5.19501
-0.305977 3.49733 -3.59328
-0.366967 3.49146 -3.59328
-0.427846 3.48452 -3.59328
-0.488594 3.47653 -3.59328
-0.549193 3.46747 -1.75306
-0.609625 3.45736 -1.75306
-0.669872 3.44619 -1.75306
-0.729914 3.43398 0.295433
-0.789734 3.42071 0.295433
-0.849313 3.40641 0.295433
-0.908634 3.39107 2.51382
-0.967678 3.37469 2.51382
-1.02643 3.35729 2.51382
-1.08486 3.33887 2.51382
-1.14297 3.31942 4.85719
-1.20073 3.29897 4.85719
-1.25812 3.27751 4.85719
-1.31513 3.25506 7.27618
-1.37174 3.23161 7.27618
-1.42793 3.20718 7.27618
-1.48368 3.18177 9.71925
-1.53899 3.15539 9.71925
-1.59382 3.12805 9.71925
-1.64817 3.09976 9.71925
-1.70202 3.07052 12.1351
-1.75535 3.04035 12.1351
-1.80814 3.00925 12.1351
-1.86038 2.97724 14.4751
-1.91206 2.94431 14.4751
-1.96315 2.9105 14.4751
-2.01365 2.87579 16.6951
-2.06353 2.84021 16.6951
-2.11279 2.80376 16.6951
-2.1614 2.76646 16.6951
-2.20935 2.72832 18.7565
-2.25663 2.68935 18.7565
-2.30322 2.64955 18.7565
-2.34911 2.60895 20.6276
-2.39429 2.56756 20.6276
-2.43873 2.52538 20.6276
-2.48243 2.48243 22.2832
-2.52538 2.43873 22.2832
-2.56756 2.39429 22.2832
-2.60895 2.34911 22.2832
-2.64955 2.30322 23.7046
-2.68935 2.25663 23.7046
-2.72832 2.20935 23.7046
-2.76646 2.1614 24.8786
-2.80376 2.11279 24.8786
-2.84021 2.06353 24.8786
-2.87579 2.01365 25.7962
-2.9105 1.96315 25.7962
-2.94431 1.91206 25.7962
-2.97724 1.86038 25.7962
-3.00925 1.80814 26.4516
-3.04035 1.75535 26.4516
-3.07052 1.70202 26.4516
-3.09976 1.64817 26.8404
-3.12805 1.59382 26.8404
-3.15539 1.53899 26.8404
-3.18177 1.48368 26.9593
-3.20718 1.42793 26.9593
-3.23161 1.37174 26.9593
-3.25506 1.31513 26.9593
-3.27751 1.25812 26.8045
-3.29897 1.20073 26.8045
-3.31942 1.14297 26.8045
-3.33887 1.08486 26.3723
-3.35729 1.02643 26.3723
-3.37469 0.967678 26.3723
-3.39107 0.908634 25.6589
-3.40641 0.849313 25.6589
-3.42071 0.789734 25.6589
-3.43398 0.729914 25.6589
-3.44619 0.669872 24.6611
-3.45736 0.609625 24.6611
-3.46747 0.549193 24.6611
-3.47653 0.488594 23.3775
-3.48452 0.427846 23.3775
-3.49146 0.366967 23.3775
-3.49733 0.305977 21.81
-3.50214 0.244893 21.81
-3.50588 0.183735 21.81
-3.50855 0.122521 21.81
-3.51016 0.06127 19.9648
-3.51069 4.29936e-16 19.9648
-3.51016 -0.06127 19.9648
-3.50855 -0.122521 17.8539
-3.50588 -0.183735 17.8539
-3.50214 -0.244893 17.8539
-3.49733 -0.305977 17.8539
-3.49146 -0.366967 15.496
-3.48452 -0.427846 15.496
-3.47653 -0.488594 15.496
-3.46747 -0.549193 12.9176
-3.45736 -0.609625 12.9176
-3.44619 -0.669872 12.9176
-3.43398 -0.729914 10.1527
-3.42071 -0.789734 10.1527
-3.40641 -0.849313 10.1527
-3.39107 -0.908634 10.1527
-3.37469 -0.967678 7.24212
-3.35729 -1.02643 7.24212
-3.33887 -1.08486 7.24212
-3.31942 -1.14297 4.23223
-3.29897 -1.20073 4.23223
-3.27751 -1.25812 4.23223
-3.25506 -1.31513 1.17327
-3.23161 -1.37174 1.17327
-3.20718 -1.42793 1.17327
-3.18177 -1.48368 1.17327
-3.15539 -1.53899 -1.88278
-3.12805 -1.59382 -1.88278
-3.09976 -1.64817 -1.88278
-3.07052 -1.70202 -4.88451
-3.04035 -1.75535 -4.88451
-3.00925 -1.80814 -4.88451
-2.97724 -1.86038 -7.78325
-2.94431 -1.91206 -7.78325
-2.9105 -1.96315 -7.78325
-2.87579 -2.01365 -7.78325
-2.84021 -2.06353 -10.535
-2.80376 -2.11279 -10.535
-2.76646 -2.1614 -10.535
-2.72832 -2.20935 -13.1017
-2.68935 -2.25663 -13.1017
-2.64955 -2.30322 -13.1017
-2.60895 -2.34911 -15.4525
-2.56756 -2.39429 -15.4525
-2.52538 -2.43873 -15.4525
-2.48243 -2.48243 -15.4525
-2.43873 -2.52538 -17.5632
-2.39429 -2.56756 -17.5632
-2.34911 -2.60895 -17.5632
-2.30322 -2.64955 -19.4167
-2.25663 -2.68935 -19.4167
-2.20935 -2.72832 -19.4167
-2.1614 -2.76646 -21.0013
-2.11279 -2.80376 -21.0013
-2.06353 -2.84021 -21.0013
-2.01365 -2.87579 -21.0013
-1.96315 -2.9105 -22.3102
-1.91206 -2.94431 -22.3102
-1.86038 -2.97724 -22.3102
-1.80814 -3.00925 -23.3397
-1.75535 -3.04035 -23.3397
-1.70202 -3.07052 -23.3397
-1.64817 -3.09976 -24.0881
-1.59382 -3.12805 -24.0881
-1.53899 -3.15539 -24.0881
-1.48368 -3.18177 -24.0881
-1.42793 -3.20718 -24.5544
-1.37174 -3.23161 -24.5544
-1.31513 -3.25506 -24.5544
-1.25812 -3.27751 -24.7374
-1.20073 -3.29897 -24.7374
-1.14297 -3.31942 -24.7374
-1.08486 -3.33887 -24.6358
-1.02643 -3.35729 -24.6358
-0.967678 -3.37469 -24.6358
-0.908634 -3.39107 -24.6358
-0.849313 -3.40641 -24.2483
-0.789734 -3.42071 -24.2483
-0.729914 -3.43398 -24.2483
-0.669872 -3.44619 -23.5743
-0.609625 -3.45736 -23.5743
-0.549193 -3.46747 -23.5743
-0.488594 -3.47653 -22.6153
-0.427846 -3.48452 -22.6153
-0.366967 -3.49146 -22.6153
-0.305977 -3.49733 -22.6153
-0.244893 -3.50214 -21.3761
-0.183735 -3.50588 -21.3761
-0.122521 -3.50855 -21.3761
-0.06127 -3.51016 -19.866
-6.44904e-16 -3.51069 -19.866
0.06127 -3.51016 -19.866
0.122521 -3.50855 -18.101
0.183735 -3.50588 -18.101
0.244893 -3.50214 -18.101
0.305977 -3.49733 -18.101
0.366967 -3.49146 -16.1037
0.427846 -3.48452 -16.1037
0.488594 -3.47653 -16.1037
0.549193 -3.46747 -13.905
0.609625 -3.45736 -13.905
0.669872 -3.44619 -13.905
0.729914 -3.43398 -11.5434
0.789734 -3.42071 -11.5434
0.849313 -3.40641 -11.5434
0.908634 -3.39107 -11.5434
0.967678 -3.37469 -9.06468
1.02643 -3.35729 -9.06468
1.08486 -3.33887 -9.06468
1.14297 -3.31942 -6.52029
1.20073 -3.29897 -6.52029
1.25812 -3.27751 -6.52029
1.31513 -3.25506 -3.9657
1.37174 -3.23161 -3.9657
1.42793 -3.20718 -3.9657
1.48368 -3.18177 -3.9657
1.53899 -3.15539 -1.45792
1.59382 -3.12805 -1.45792
1.64817 -3.09976 -1.45792
1.70202 -3.07052 0.947126
1.75535 -3.04035 0.947126
1.80814 -3.00925 0.947126
1.86038 -2.97724 3.19724
1.91206 -2.94431 3.19724
1.96315 -2.9105 3.19724
2.01365 -2.87579 3.19724
2.06353 -2.84021 5.24637
2.11279 -2.80376 5.24637
2.1614 -2.76646 5.24637
2.20935 -2.72832 7.05669
2.25663 -2.68935 7.05669
2.30322 -2.64955 7.05669
2.34911 -2.60895 8.60006
2.39429 -2.56756 8.60006
2.43873 -2.52538 8.60006
2.48243 -2.48243 8.60006
2.52538 -2.43873 9.85888
2.56756 -2.39429 9.85888
2.60895 -2.34911 9.85888
2.64955 -2.30322 10.8262
2.68935 -2.25663 10.8262
2.72832 -2.20935 10.8262
2.76646 -2.1614 11.5054
2.80376 -2.11279 11.5054
2.84021 -2.06353 11.5054
2.87579 -2.01365 11.5054
2.9105 -1.96315 11.909
2.94431 -1.91206 11.909
2.97724 -1.86038 11.909
3.00925 -1.80814 12.0571
3.04035 -1.75535 12.0571
3.07052 -1.70202 12.0571
3.09976 -1.64817 11.976
3.12805 -1.59382 11.976
3.15539 -1.53899 11.976
3.18177 -1.48368 11.976
3.20718 -1.42793 11.6958
3.23161 -1.37174 11.6958
3.25506 -1.31513 11.6958
3.27751 -1.25812 11.2489
3.29897 -1.20073 11.2489
3.31942 -1.14297 11.2489
3.33887 -1.08486 10.6675
3.35729 -1.02643 10.6675
3.37469 -0.967678 10.6675
3.39107 -0.908634 10.6675
3.40641 -0.849313 9.98242
3.42071 -0.789734 9.98242
3.43398 -0.729914 9.98242
3.44619 -0.669872 9.22186
3.45736 -0.609625 9.22186
3.46747 -0.549193 9.22186
3.47653 -0.488594 8.41022
3.48452 -0.427846 8.41022
3.49146 -0.366967 8.41022
3.49733 -0.305977 8.41022
3.50214 -0.244893 7.56773
3.50588 -0.183735 7.56773
3.50855 -0.122521 7.56773
3.51016 -0.06127 6.22484

3.59048 0 6.71028
3.58993 0.0626625 6.71028
3.58829 0.125306 5.84936
3.58556 0.187911 5.84936
3.58173 0.250459 5.84936
3.57682 0.312931 4.99266
3.57081 0.375307 4.99266
3.56372 0.43757 4.99266
3.55554 0.499698 4.99266
3.54628 0.561675 4.14478
3.53593 0.62348 4.14478
3.52451 0.685096 4.14478
3.51202 0.746503 3.3076
3.49846 0.807682 3.3076
3.48383 0.868616 3.3076
3.46814 0.929285 2.48096
3.45139 0.989671 2.48096
3.43359 1.04975 2.48096
3.41475 1.10952 2.48096
3.39487 1.16895 1.66315
3.37395 1.22802 1.66315
3.352 1.28671 1.66315
3.32904 1.34502 0.851592
3.30505 1.40291 0.851592
3.28007 1.46038 0.851592
3.25408 1.5174 0.0432705
3.2271 1.57396 0.0432705
3.19914 1.63004 0.0432705
3.17021 1.68563 0.0432705
3.14031 1.7407 -0.764709
3.10945 1.79524 -0.764709
3.07764 1.84923 -0.764709
3.0449 1.90266 -1.57464
3.01123 1.95552 -1.57464
2.97664 2.00777 -1.57464
2.94115 2.05942 -2.3877
2.90476 2.11043 -2.3877
2.86749 2.16081 -2.3877
2.82934 2.21052 -2.3877
2.79033 2.25956 -3.20344
2.75047 2.30792 -3.20344
2.70977 2.35557 -3.20344
2.66825 2.4025 -4.01916
2.62591 2.4487 -4.01916
2.58278 2.49416 -4.01916
2.53885 2.53885 -4.82943
2.49416 2.58278 -4.82943
2.4487 2.62591 -4.82943
2.4025 2.66825 -4.82943
2.35557 2.70977 -5.62554
2.30792 2.75047 -5.62554
2.25956 2.79033 -5.62554
2.21052 2.82934 -6.39505
2.16081 2.86749 -6.39505
2.11043 2.90476 -6.39505
2.05942 2.94115 -7.1216
2.00777 2.97664 -7.1216
1.95552 3.01123 -7.1216
1.90266 3.0449 -7.1216
1.84923 3.07764 -7.78484
1.79524 3.10945 -7.78484
1.7407 3.14031 -7.78484
1.68563 3.17021 -8.3608
1.63004 3.19914 -8.3608
1.57396 3.2271 -8.3608
1.5174 3.25408 -8.82239
1.46038 3.28007 -8.82239
1.40291 3.30505 -8.82239
1.34502 3.32904 -8.82239
1.28671 3.352 -9.14054
1.22802 3.37395 -9.14054
1.16895 3.39487 -9.14054
1.10952 3.41475 -9.28548
1.04975 3.43359 -9.28548
0.989671 3.45139 -9.28548
0.929285 3.46814 -9.22843
0.868616 3.48383 -9.22843
0.807682 3.49846 -9.22843
0.746503 3.51202 -9.22843
0.685096 3.52451 -8.94329
0.62348 3.53593 -8.94329
0.561675 3.54628 -8.94329
0.499698 3.55554 -8.40856
0.43757 3.56372 -8.40856
0.375307 3.57081 -8.40856
0.312931 3.57682 -7.60903
0.250459 3.58173 -7.60903
0.187911 3.58556 -7.60903
0.125306 3.58829 -7.60903
0.0626625 3.58993 -6.53733
2.19854e-16 3.59048 -6.53733
-0.0626625 3.58993 -6.53733
-0.125306 3.58829 -5.19501
-0.187911 3.58556 -5.19501
-0.250459 3.58173 -5.19501
-0.312931 3.57682 -3.59328
-0.375307 3.57081 -3.59328
-0.43757 3.56372 -3.59328
-0.499698 3.55554 -3.59328
-0.561675 3.54628 -1.75306
-0.62348 3.53593 -1.75306
-0.685096 3.52451 -1.75306
-0.746503 3.51202 0.295433
-0.807682 3.49846 0.295433
-0.868616 3.48383 0.295433
-0.929285 3.46814 2.51382
-0.989671 3.45139 2.51382
-1.04975 3.43359 2.51382
-1.10952 3.41475 2.51382
-1.16895 3.39487 4.85719
-1.22802 3.37395 4.85719
-1.28671 3.352 4.85719
-1.34502 3.32904 7.27618
-1.40291 3.30505 7.27618
-1.46038 3.28007 7.27618
-1.5174 3.25408 9.71925
-1.57396 3.2271 9.71925
-1.63004 3.19914 9.71925
-1.68563 3.17021 9.71925
-1.7407 3.14031 12.1351
-1.79524 3.10945 12.1351
-1.84923 3.07764 12.1351
-1.90266 3.0449 14.4751
-1.95552 3.01123 14.4751
-2.00777 2.97664 14.4751
-2.05942 2.94115 16.6951
-2.11043 2.90476 16.6951
-2.16081 2.86749 16.6951
-2.21052 2.82934 16.6951
-2.25956 2.79033 18.7565
-2.30792 2.75047 18.7565
-2.35557 2.70977 18.7565
-2.4025 2.66825 20.6276
-2.4487 2.62591 20.6276
-2.49416 2.58278 20.6276
-2.53885 2.53885 22.2832
-2.58278 2.49416 22.2832
-2.62591 2.4487 22.2832
-2.66825 2.4025 22.2832
-2.70977 2.35557 23.7046
-2.75047 2.30792 23.7046
-2.79033 2.25956 23.7046
-2.82934 2.21052 24.8786
-2.86749 2.16081 24.8786
-2.90476 2.11043 24.8786
-2.94115 2.05942 25.7962
-2.97664 2.00777 25.7962
-3.01123 1.95552 25.7962
-3.0449 1.90266 25.7962
-3.07764 1.84923 26.4516
-3.10945 1.79524 26.4516
-3.14031 1.7407 26.4516
-3.17021 1.68563 26.8404
-3.19914 1.63004 26.8404
-3.2271 1.57396 26.8404
-3.25408 1.5174 26.9593
-3.28007 1.46038 26.9593
-3.30505 1.40291 26.9593
-3.32904 1.34502 26.9593
-3.352 1.28671 26.8045
-3.37395 1.22802 26.8045
-3.39487 1.16895 26.8045
-3.41475 1.10952 26.3723
-3.43359 1.04975 26.3723
-3.45139 0.989671 26.3723
-3.46814 0.929285 25.6589
-3.48383 0.868616 25.6589
-3.49846 0.807682 25.6589
-3.51202 0.746503 25.6589
-3.52451 0.685096 24.6611
-3.53593 0.62348 24.6611
-3.54628 0.561675 24.6611
-3.55554 0.499698 23.3775
-3.56372 0.43757 23.3775
-3.57081 0.375307 23.3775
-3.57682 0.312931 21.81
-3.58173 0.250459 21.81
-3.58556 0.187911 21.81
-3.58829 0.125306 21.81
-3.58993 0.0626625 19.9648
-3.59048 4.39707e-16 19.9648
-3.58993 -0.0626625 19.9648
-3.58829 -0.125306 17.8539
-3.58556 -0.187911 17.8539
-3.58173 -0.250459 17.8539
-3.57682 -0.312931 17.8539
-3.57081 -0.375307 15.496
-3.56372 -0.43757 15.496
-3.55554 -0.499698 15.496
-3.54628 -0.561675 12.9176
-3.53593 -0.62348 12.9176
-3.52451 -0.685096 12.9176
-3.51202 -0.746503 10.1527
-3.49846 -0.807682 10.1527
-3.48383 -0.868616 10.1527
-3.46814 -0.929285 10.1527
-3.45139 -0.989671 7.24212
-3.43359 -1.04975 7.24212
-3.41475 -1.10952 7.24212
-3.39487 -1.16895 4.23223
-3.37395 -1.22802 4.23223
-3.352 -1.28671 4.23223
-3.32904 -1.34502 1.17327
-3.30505 -1.40291 1.17327
-3.28007 -1.46038 1.17327
-3.25408 -1.5174 1.17327
-3.2271 -1.57396 -1.88278
-3.19914 -1.63004 -1.88278
-3.17021 -1.68563 -1.88278
-3.14031 -1.7407 -4.88451
-3.10945 -1.79524 -4.88451
-3.07764 -1.84923 -4.88451
-3.0449 -1.90266 -7.78325
-3.01123 -1.95552 -7.78325
-2.97664 -2.00777 -7.78325
-2.94115 -2.05942 -7.78325
-2.90476 -2.11043 -10.535
-2.86749 -2.16081 -10.535
-2.82934 -2.21052 -10.535
-2.79033 -2.25956 -13.1017
-2.75047 -2.30792 -13.1017
-2.70977 -2.35557 -13.1017
-2.66825 -2.4025 -15.4525
-2.62591 -2.4487 -15.4525
-2.58278 -2.49416 -15.4525
-2.53885 -2.53885 -15.4525
-2.49416 -2.58278 -17.5632
-2.4487 -2.62591 -17.5632
-2.4025 -2.66825 -17.5632
-2.35557 -2.70977 -19.4167
-2.30792 -2.75047 -19.4167
-2.25956 -2.79033 -19.4167
-2.21052 -2.82934 -21.0013
-2.16081 -2.86749 -21.0013
-2.11043 -2.90476 -21.0013
-2.05942 -2.94115 -21.0013
-2.00777 -2.97664 -22.3102
-1.95552 -3.01123 -22.3102
-1.90266 -3.0449 -22.3102
-1.84923 -3.07764 -23.3397
-1.79524 -3.10945 -23.3397
-1.7407 -3.14031 -23.3397
-1.68563 -3.17021 -24.0881
-1.63004 -3.19914 -24.0881
-1.57396 -3.2271 -24.0881
-1.5174 -3.25408 -24.0881
-1.46038 -3.28007 -24.5544
-1.40291 -3.30505 -24.5544
-1.34502 -3.32904 -24.5544
-1.28671 -3.352 -24.7374
-1.22802 -3.37395 -24.7374
-1.16895 -3.39487 -24.7374
-1.10952 -3.41475 -24.6358
-1.04975 -3.43359 -24.6358
-0.989671 -3.45139 -24.6358
-0.929285 -3.46814 -24.6358
-0.868616 -3.48383 -24.2483
-0.807682 -3.49846 -24.2483
-0.746503 -3.51202 -24.2483
-0.685096 -3.52451 -23.5743
-0.62348 -3.53593 -23.5743
-0.561675 -3.54628 -23.5743
-0.499698 -3.55554 -22.6153
-0.43757 -3.56372 -22.6153
-0.375307 -3.57081 -22.6153
-0.312931 -3.57682 -22.6153
-0.250459 -3.58173 -21.3761
-0.187911 -3.58556 -21.3761
-0.125306 -3.58829 -21.3761
-0.0626625 -3.58993 -19.866
-6.59561e-16 -3.59048 -19.866
0.0626625 -3.58993 -19.866
0.125306 -3.58829 -18.101
0.187911 -3.58556 -18.101
0.250459 -3.58173 -18.101
0.312931 -3.57682 -18.101
0.375307 -3.57081 -16.1037
0.43757 -3.56372 -16.1037
0.499698 -3.55554 -16.1037
0.561675 -3.54628 -13.905
0.62348 -3.53593 -13.905
0.685096 -3.52451 -13.905
0.746503 -3.51202 -11.5434
0.807682 -3.49846 -11.5434
0.868616 -3.48383 -11.5434
0.929285 -3.46814 -11.5434
0.989671 -3.45139 -9.06468
1.04975 -3.43359 -9.06468
1.10952 -3.41475 -9.06468
1.16895 -3.39487 -6.52029
1.22802 -3.37395 -6.52029
1.28671 -3.352 -6.52029
1.34502 -3.32904 -3.9657
1.40291 -3.30505 -3.9657
1.46038 -3.28007 -3.9657
1.5174 -3.25408 -3.9657
1.57396 -3.2271 -1.45792
1.63004 -3.19914 -1.45792
1.68563 -3.17021 -1.45792
1.7407 -3.14031 0.947126
1.79524 -3.10945 0.947126
1.84923 -3.07764 0.947126
1.90266 -3.0449 3.19724
1.95552 -3.01123 3.19724
2.00777 -2.97664 3.19724
2.05942 -2.94115 3.19724
2.11043 -2.90476 5.24637
2.16081 -2.86749 5.24637
2.21052 -2.82934 5.24637
2.25956 -2.79033 7.05669
2.30792 -2.75047 7.05669
2.35557 -2.70977 7.05669
2.4025 -2.66825 8.60006
2.4487 -2.62591 8.60006
2.49416 -2.58278 8.60006
2.53885 -2.53885 8.60006
2.58278 -2.49416 9.85888
2.62591 -2.4487 9.85888
2.66825 -2.4025 9.85888
2.70977 -2.35557 10.8262
2.75047 -2.30792 10.8262
2.79033 -2.25956 10.8262
2.82934 -2.21052 11.5054
2.86749 -2.16081 11.5054
2.90476 -2.11043 11.5054
2.94115 -2.05942 11.5054
2.97664 -2.00777 11.909
3.01123 -1.95552 11.909
3.0449 -1.90266 11.909
3.07764 -1.84923 12.0571
3.10945 -1.79524 12.0571
3.14031 -1.7407 12.0571
3.17021 -1.68563 11.976
3.19914 -1.63004 11.976
3.2271 -1.57396 11.976
3.25408 -1.5174 11.976
3.28007 -1.46038 11.6958
3.30505 -1.40291 11.6958
3.32904 -1.34502 11.6958
3.352 -1.28671 11.2489
3.37395 -1.22802 11.2489
3.39487 -1.16895 11.2489
3.41475 -1.10952 10.6675
3.43359 -1.04975 10.6675
3.45139 -0.989671 10.6675
3.46814 -0.929285 10.6675
3.48383 -0.868616 9.98242
3.49846 -0.807682 9.98242
3.51202 -0.746503 9.98242
3.52451 -0.685096 9.22186
3.53593 -0.62348 9.22186
3.54628 -0.561675 9.22186
3.55554 -0.499698 8.41022
3.56372 -0.43757 8.41022
3.57081 -0.375307 8.41022
3.57682 -0.312931 8.41022
3.58173 -0.250459 7.56773
3.58556 -0.187911 7.56773
3.58829 -0.125306 7.56773
3.58993 -0.0626625 6.22484

3.67027 0 6.71028
3.66971 0.064055 6.71028
3.66803 0.128091 5.84936
3.66524 0.192087 5.84936
3.66133 0.256025 5.84936
3.6563 0.319885 4.99266
3.65016 0.383648 4.99266
3.64291 0.447293 4.99266
3.63455 0.510803 4.99266
3.62508 0.574157 4.14478
3.61451 0.637336 4.14478
3.60284 0.70032 4.14478
3.59006 0.763092 3.3076
3.5762 0.825631 3.3076
3.56125 0.887918 3.3076
3.54521 0.949936 2.48096
3.52809 1.01166 2.48096
3.5099 1.07308 2.48096
3.49063 1.13418 2.48096
3.47031 1.19492 1.66315
3.44892 1.25531 1.66315
3.42649 1.31531 1.66315
3.40301 1.37491 0.851592
3.3785 1.43409 0.851592
3.35296 1.49283 0.851592
3.32639 1.55112 0.0432705
3.29882 1.60894 0.0432705
3.27023 1.66627 0.0432705
3.24066 1.72309 0.0432705
3.21009 1.77938 -0.764709
3.17855 1.83513 -0.764709
3.14603 1.89033 -0.764709
3.11256 1.94495 -1.57464
3.07815 1.99897 -1.57464
3.04279 2.05239 -1.57464
3.00651 2.10518 -2.3877
2.96931 2.15733 -2.3877
2.93121 2.20882 -2.3877
2.89221 2.25964 -2.3877
2.85233 2.30978 -3.20344
2.81159 2.3592 -3.20344
2.76999 2.40791 -3.20344
2.72754 2.45589 -4.01916
2.68426 2.50312 -4.01916
2.64017 2.54958 -4.01916
2.59527 2.59527 -4.82943
2.54958 2.64017 -4.82943
2.50312 2.68426 -4.82943
2.45589 2.72754 -4.82943
2.40791 2.76999 -5.62554
2.3592 2.81159 -5.62554
2.30978 2.85233 -5.62554
2.25964 2.89221 -6.39505
2.20882 2.93121 -6.39505
2.15733 2.96931 -6.39505
2.10518 3.00651 -7.1216
2.05239 3.04279 -7.1216
1.99897 3.07815 -7.1216
1.94495 3.11256 -7.1216
1.89033 3.14603 -7.78484
1.83513 3.17855 -7.78484
1.77938 3.21009 -7.78484
1.72309 3.24066 -8.3608
1.66627 3.27023 -8.3608
1.60894 3.29882 -8.3608
1.55112 3.32639 -8.82239
1.49283 3.35296 -8.82239
1.43409 3.3785 -8.82239
1.37491 3.40301 -8.82239
1.31531 3.42649 -9.14054
1.25531 3.44892 -9.14054
1.19492 3.47031 -9.14054
1.13418 3.49063 -9.28548
1.07308 3.5099 -9.28548
1.01166 3.52809 -9.28548
0.949936 3.54521 -9.22843
0.887918 3.56125 -9.22843
0.825631 3.5762 -9.22843
0.763092 3.59006 -9.22843
0.70032 3.60284 -8.94329
0.637336 3.61451 -8.94329
0.574157 3.62508 -8.94329
0.510803 3.63455 -8.40856
0.447293 3.64291 -8.40856
0.383648 3.65016 -8.40856
0.319885 3.6563 -7.60903
0.256025 3.66133 -7.60903
0.192087 3.66524 -7.60903
0.128091 3.66803 -7.60903
0.064055 3.66971 -6.53733
2.24739e-16 3.67027 -6.53733
-0.064055 3.66971 -6.53733
-0.128091 3.66803 -5.19501
-0.192087 3.66524 -5.19501
-0.256025 3.66133 -5.19501
-0.319885 3.6563 -3.59328
-0.383648 3.65016 -3.59328
-0.447293 3.64291 -3.59328
-0.510803 3.63455 -3.59328
-0.574157 3.62508 -1.75306
-0.637336 3.61451 -1.75306
-0.70032 3.60284 -1.75306
-0.763092 3.59006 0.295433
-0.825631 3.5762 0.295433
-0.887918 3.56125 0.295433
-0.949936 3.54521 2.51382
-1.01166 3.52809 2.51382
-1.07308 3.5099 2.51382
-1.13418 3.49063 2.51382
-1.19492 3.47031 4.85719
-1.25531 3.44892 4.85719
-1.31531 3.42649 4.85719
-1.37491 3.40301 7.27618
-1.43409 3.3785 7.27618
-1.49283 3.35296 7.27618
-1.55112 3.32639 9.71925
-1.60894 3.29882 9.71925
-1.66627 3.27023 9.71925
-1.72309 3.24066 9.71925
-1.77938 3.21009 12.1351
-1.83513 3.17855 12.1351
-1.89033 3.14603 12.1351
-1.94495 3.11256 14.4751
-1.99897 3.07815 14.4751
-2.05239 3.04279 14.4751
-2.10518 3.00651 16.6951
-2.15733 2.96931 16.6951
-2.20882 2.93121 16.6951
-2.25964 2.89221 16.6951
-2.30978 2.85233 18.7565
-2.3592 2.81159 18.7565
-2.40791 2.76999 18.7565
-2.45589 2.72754 20.6276
-2.50312 2.68426 20.6276
-2.54958 2.64017 20.6276
-2.59527 2.59527 22.2832
-2.64017 2.54958 22.2832
-2.68426 2.50312 22.2832
-2.72754 2.45589 22.2832
-2.76999 2.40791 23.7046
-2.81159 2.3592 23.7046
-2.85233 2.30978 23.7046
-2.89221 2.25964 24.8786
-2.93121 2.20882 24.8786
-2.96931 2.15733 24.8786
-3.00651 2.10518 25.7962
-3.04279 2.05239 25.7962
-3.07815 1.99897 25.7962
-3.11256 1.94495 25.7962
-3.14603 1.89033 26.4516
-3.17855 1.83513 26.4516
-3.21009 1.77938 26.4516
-3.24066 1.72309 26.8404
-3.27023 1.66627 26.8404
-3.29882 1.60894 26.8404
-3.32639 1.55112 26.9593
-3.35296 1.49283 26.9593
-3.3785 1.43409 26.9593
-3.40301 1.37491 26.9593
-3.42649 1.31531 26.8045
-3.44892 1.25531 26.8045
-3.47031 1.19492 26.8045
-3.49063 1.13418 26.3723
-3.5099 1.07308 26.3723
-3.52809 1.01166 26.3723
-3.54521 0.949936 25.6589
-3.56125 0.887918 25.6589
-3.5762 0.825631 25.6589
-3.59006 0.763092 25.6589
-3.60284 0.70032 24.6611
-3.61451 0.637336 24.6611
-3.62508 0.574157 24.6611
-3.63455 0.510803 23.3775
-3.64291 0.447293 23.3775
-3.65016 0.383648 23.3775
-3.6563 0.319885 21.81
-3.66133 0.256025 21.81
-3.66524 0.192087 21.81
-3.66803 0.128091 21.81
-3.66971 0.064055 19.9648
-3.67027 4.49478e-16 19.9648
-3.66971 -0.064055 19.9648
-3.66803 -0.128091 17.8539
-3.66524 -0.192087 17.8539
-3.66133 -0.256025 17.8539
-3.6563 -0.319885 17.8539
-3.65016 -0.383648 15.496
-3.64291 -0.447293 15.496
-3.63455 -0.510803 15.496
-3.62508 -0.574157 12.9176
-3.61451 -0.637336 12.9176
-3.60284 -0.70032 12.9176
-3.59006 -0.763092 10.1527
-3.5762 -0.825631 10.1527
-3.56125 -0.887918 10.1527
-3.54521 -0.949936 10.1527
-3.52809 -1.01166 7.24212
-3.5099 -1.07308 7.24212
-3.49063 -1.13418 7.24212
-3.47031 -1.19492 4.23223
-3.44892 -1.25531 4.23223
-3.42649 -1.31531 4.23223
-3.40301 -1.37491 1.17327
-3.3785 -1.43409 1.17327
-3.35296 -1.49283 1.17327
-3.32639 -1.55112 1.17327
-3.29882 -1.60894 -1.88278
-3.27023 -1.66627 -1.88278
-3.24066 -1.72309 -1.88278
-3.21009 -1.77938 -4.88451
-3.17855 -1.83513 -4.88451
-3.14603 -1.89033 -4.88451
-3.11256 -1.94495 -7.78325
-3.07815 -1.99897 -7.78325
-3.04279 -2.05239 -7.78325
-3.00651 -2.10518 -7.78325
-2.96931 -2.15733 -10.535
-2.93121 -2.20882 -10.535
-2.89221 -2.25964 -10.535
-2.85233 -2.30978 -13.1017
-2.81159 -2.3592 -13.1017
-2.76999 -2.40791 -13.1017
-2.72754 -2.45589 -15.4525
-2.68426 -2.50312 -15.4525
-2.64017 -2.54958 -15.4525
-2.59527 -2.59527 -15.4525
-2.54958 -2.64017 -17.5632
-2.50312 -2.68426 -17.5632
-2.45589 -2.72754 -17.5632
-2.40791 -2.76999 -19.4167
-2.3592 -2.81159 -19.4167
-2.30978 -2.85233 -19.4167
-2.25964 -2.89221 -21.0013
-2.20882 -2.93121 -21.0013
-2.15733 -2.96931 -21.0013
-2.10518 -3.00651 -21.0013
-2.05239 -3.04279 -22.3102
-1.99897 -3.07815 -22.3102
-1.94495 -3.11256 -22.3102
-1.89033 -3.14603 -23.3397
-1.83513 -3.17855 -23.3397
-1.77938 -3.21009 -23.3397
-1.72309 -3.24066 -24.0881
-1.66627 -3.27023 -24.0881
-1.60894 -3.29882 -24.0881
-1.55112 -3.32639 -24.0881
-1.49283 -3.35296 -24.5544
-1.43409 -3.3785 -24.5544
-1.37491 -3.40301 -24.5544
-1.31531 -3.42649 -24.7374
-1.25531 -3.44892 -24.7374
-1.19492 -3.47031 -24.7374
-1.13418 -3.49063 -24.6358
-1.07308 -3.5099 -24.6358
-1.01166 -3.52809 -24.6358
-0.949936 -3.54521 -24.6358
-0.887918 -3.56125 -24.2483
-0.825631 -3.5762 -24.2483
-0.763092 -3.59006 -24.2483
-0.70032 -3.60284 -23.5743
-0.637336 -3.61451 -23.5743
-0.574157 -3.62508 -23.5743
-0.510803 -3.63455 -22.6153
-0.447293 -3.64291 -22.6153
-0.383648 -3.65016 -22.6153
-0.319885 -3.6563 -22.6153
-0.256025 -3.66133 -21.3761
-0.192087 -3.66524 -21.3761
-0.128091 -3.66803 -21.3761
-0.064055 -3.66971 -19.866
-6.74217e-16 -3.67027 -19.866
0.064055 -3.66971 -19.866
0.128091 -3.66803 -18.101
0.192087 -3.66524 -18.101
0.256025 -3.66133 -18.101
0.319885 -3.6563 -18.101
0.383648 -3.65016 -16.1037
0.447293 -3.64291 -16.1037
0.510803 -3.63455 -16.1037
0.574157 -3.62508 -13.905
0.637336 -3.61451 -13.905
0.70032 -3.60284 -13.905
0.763092 -3.59006 -11.5434
0.825631 -3.5762 -11.5434
0.887918 -3.56125 -11.5434
0.949936 -3.54521 -11.5434
1.01166 -3.52809 -9.06468
1.07308 -3.5099 -9.06468
1.13418 -3.49063 -9.06468
1.19492 -3.47031 -6.52029
1.25531 -3.44892 -6.52029
1.31531 -3.42649 -6.52029
1.37491 -3.40301 -3.9657
1.43409 -3.3785 -3.9657
1.49283 -3.35296 -3.9657
1.55112 -3.32639 -3.9657
1.60894 -3.29882 -1.45792
1.66627 -3.27023 -1.45792
1.72309 -3.24066 -1.45792
1.77938 -3.21009 0.947126
1.83513 -3.17855 0.947126
1.89033 -3.14603 0.947126
1.94495 -3.11256 3.19724
1.99897 -3.07815 3.19724
2.05239 -3.04279 3.19724
2.10518 -3.00651 3.19724
2.15733 -2.96931 5.24637
2.20882 -2.93121 5.24637
2.25964 -2.89221 5.24637
2.30978 -2.85233 7.05669
2.3592 -2.81159 7.05669
2.40791 -2.76999 7.05669
2.45589 -2.72754 8.60006
2.50312 -2.68426 8.60006
2.54958 -2.64017 8.60006
2.59527 -2.59527 8.60006
2.64017 -2.54958 9.85888
2.68426 -2.50312 9.85888
2.72754 -2.45589 9.85888
2.76999 -2.40791 10.8262
2.81159 -2.3592 10.8262
2.85233 -2.30978 10.8262
2.89221 -2.25964 11.5054
2.93121 -2.20882 11.5054
2.96931 -2.15733 11.5054
3.00651 -2.10518 11.5054
3.04279 -2.05239 11.909
3.07815 -1.99897 11.909
3.11256 -1.94495 11.909
3.14603 -1.89033 12.0571
3.17855 -1.83513 12.0571
3.21009 -1.77938 12.0571
3.24066 -1.72309 11.976
3.27023 -1.66627 11.976
3.29882 -1.60894 11.976
3.32639 -1.55112 11.976
3.35296 -1.49283 11.6958
3.3785 -1.43409 11.6958
3.40301 -1.37491 11.6958
3.42649 -1.31531 11.2489
3.44892 -1.25531 11.2489
3.47031 -1.19492 11.2489
3.49063 -1.13418 10.6675
3.5099 -1.07308 10.6675
3.52809 -1.01166 10.6675
3.54521 -0.949936 10.6675
3.56125 -0.887918 9.98242
3.5762 -0.825631 9.98242
3.59006 -0.763092 9.98242
3.60284 -0.70032 9.22186
3.61451 -0.637336 9.22186
3.62508 -0.574157 9.22186
3.63455 -0.510803 8.41022
3.64291 -0.447293 8.41022
3.65016 -0.383648 8.41022
3.6563 -0.319885 8.41022
3.66133 -0.256025 7.56773
3.66524 -0.192087 7.56773
3.66803 -0.128091 7.56773
3.66971 -0.064055 6.22484

3.75006 0 7.17229
3.74949 0.0654475 7.17229
3.74777 0.130875 6.2623
3.74492 0.196263 6.2623
3.74092 0.261591 6.2623
3.73579 0.326839 5.36672
3.72951 0.391988 5.36672
3.72211 0.457017 5.36672
3.71356 0.521907 4.48849
3.70389 0.586638 4.48849
3.69309 0.651191 4.48849
3.68116 0.715545 4.48849
3.66811 0.779681 3.62798
3.65394 0.843579 3.62798
3.63866 0.907221 3.62798
3.62228 0.970586 2.78354
3.60479 1.03366 2.78354
3.5862 1.09641 2.78354
3.56652 1.15883 1.95212
3.54575 1.2209 1.95212
3.5239 1.2826 1.95212
3.50098 1.3439 1.12972
3.47699 1.4048 1.12972
3.45195 1.46526 1.12972
3.42585 1.52529 0.311905
3.39871 1.58484 0.311905
3.37053 1.64392 0.311905
3.34133 1.70249 -0.505826
3.3111 1.76055 -0.505826
3.27987 1.81806 -0.505826
3.24765 1.87503 -1.32761
3.21443 1.93142 -1.32761
3.18023 1.98723 -1.32761
3.14506 2.04243 -1.32761
3.10894 2.09701 -2.15684
3.07187 2.15094 -2.15684
3.03386 2.20423 -2.15684
2.99493 2.25684 -2.99564
2.95509 2.30877 -2.99564
2.91434 2.35999 -2.99564
2.87271 2.41049 -3.84446
2.8302 2.46026 -3.84446
2.78684 2.50928 -3.84446
2.74262 2.55753 -4.70149
2.69757 2.60501 -4.70149
2.65169 2.65169 -4.70149
2.60501 2.69757 -5.5621
2.55753 2.74262 -5.5621
2.50928 2.78684 -5.5621
2.46026 2.8302 -6.41832
2.41049 2.87271 -6.41832
2.35999 2.91434 -6.41832
2.30877 2.95509 -6.41832
2.25684 2.99493 -7.25838
2.20423 3.03386 -7.25838
2.15094 3.07187 -7.25838
2.09701 3.10894 -8.06642
2.04243 3.14506 -8.06642
1.98723 3.18023 -8.06642
1.93142 3.21443 -8.82237
1.87503 3.24765 -8.82237
1.81806 3.27987 -8.82237
1.76055 3.3111 -9.50224
1.70249 3.34133 -9.50224
1.64392 3.37053 -9.50224
1.58484 3.39871 -10.0785
1.52529 3.42585 -10.0785
1.46526 3.45195 -10.0785
1.4048 3.47699 -10.5211
1.3439 3.50098 -10.5211
1.2826 3.5239 -10.5211
1.2209 3.54575 -10.5211
1.15883 3.56652 -10.7988
1.09641 3.5862 -10.7988
1.03366 3.60479 -10.7988
0.970586 3.62228 -10.8803
0.907221 3.63866 -10.8803
0.843579 3.65394 -10.8803
0.779681 3.66811 -10.7365
0.715545 3.68116 -10.7365
0.651191 3.69309 -10.7365
0.586638 3.70389 -10.3418
0.521907 3.71356 -10.3418
0.457017 3.72211 -10.3418
0.391988 3.72951 -9.67624
0.326839 3.73579 -9.67624
0.261591 3.74092 -9.67624
0.196263 3.74492 -8.72695
0.130875 3.74777 -8.72695
0.0654475 3.74949 -8.72695
2.29625e-16 3.75006 -7.4894
-0.0654475 3.74949 -7.4894
-0.130875 3.74777 -7.4894
-0.196263 3.74492 -7.4894
-0.261591 3.74092 -5.96841
-0.326839 3.73579 -5.96841
-0.391988 3.72951 -5.96841
-0.457017 3.72211 -4.17862
-0.521907 3.71356 -4.17862
-0.586638 3.70389 -4.17862
-0.651191 3.69309 -2.14433
-0.715545 3.68116 -2.14433
-0.779681 3.66811 -2.14433
-0.843579 3.65394 0.101076
-0.907221 3.63866 0.101076
-0.970586 3.62228 0.101076
-1.03366 3.60479 2.51641
-1.09641 3.5862 2.51641
-1.15883 3.56652 2.51641
-1.2209 3.54575 5.05443
-1.2826 3.5239 5.05443
-1.3439 3.50098 5.05443
-1.4048 3.47699 5.05443
-1.46526 3.45195 7.66392
-1.52529 3.42585 7.66392
-1.58484 3.39871 7.66392
-1.64392 3.37053 10.2921
-1.70249 3.34133 10.2921
-1.76055 3.3111 10.2921
-1.81806 3.27987 12.887
-1.87503 3.24765 12.887
-1.93142 3.21443 12.887
-1.98723 3.18023 15.3996
-2.04243 3.14506 15.3996
-2.09701 3.10894 15.3996
-2.15094 3.07187 17.786
-2.20423 3.03386 17.786
-2.25684 2.99493 17.786
-2.30877 2.95509 20.0083
-2.35999 2.91434 20.0083
-2.41049 2.87271 20.0083
-2.46026 2.8302 20.0083
-2.50928 2.78684 22.0358
-2.55753 2.74262 22.0358
-2.60501 2.69757 22.0358
-2.65169 2.65169 23.8447
-2.69757 2.60501 23.8447
-2.74262 2.55753 23.8447
-2.78684 2.50928 25.4181
-2.8302 2.46026 25.4181
-2.87271 2.41049 25.4181
-2.91434 2.35999 26.7448
-2.95509 2.30877 26.7448
-2.99493 2.25684 26.7448
-3.03386 2.20423 27.8179
-3.07187 2.15094 27.8179
-3.10894 2.09701 27.8179
-3.14506 2.04243 28.6339
-3.18023 1.98723 28.6339
-3.21443 1.93142 28.6339
-3.24765 1.87503 29.1909
-3.27987 1.81806 29.1909
-3.3111 1.76055 29.1909
-3.34133 1.70249 29.1909
-3.37053 1.64392 29.4871
-3.39871 1.58484 29.4871
-3.42585 1.52529 29.4871
-3.45195 1.46526 29.5206
-3.47699 1.4048 29.5206
-3.50098 1.3439 29.5206
-3.5239 1.2826 29.2878
-3.54575 1.2209 29.2878
-3.56652 1.15883 29.2878
-3.5862 1.09641 28.7845
-3.60479 1.03366 28.7845
-3.62228 0.970586 28.7845
-3.63866 0.907221 28.0052
-3.65394 0.843579 28.0052
-3.66811 0.779681 28.0052
-3.68116 0.715545 26.9449
-3.69309 0.651191 26.9449
-3.70389 0.586638 26.9449
-3.71356 0.521907 26.9449
-3.72211 0.457017 25.5997
-3.72951 0.391988 25.5997
-3.73579 0.326839 25.5997
-3.74092 0.261591 23.9688
-3.74492 0.196263 23.9688
-3.74777 0.130875 23.9688
-3.74949 0.0654475 22.0555
-3.75006 4.5925e-16 22.0555
-3.74949 -0.0654475 22.0555
-3.74777 -0.130875 19.8688
-3.74492 -0.196263 19.8688
-3.74092 -0.261591 19.8688
-3.73579 -0.326839 17.4244
-3.72951 -0.391988 17.4244
-3.72211 -0.457017 17.4244
-3.71356 -0.521907 14.7461
-3.70389 -0.586638 14.7461
-3.69309 -0.651191 14.7461
-3.68116 -0.715545 14.7461
-3.66811 -0.779681 11.8654
-3.65394 -0.843579 11.8654
-3.63866 -0.907221 11.8654
-3.62228 -0.970586 8.82103
-3.60479 -1.03366 8.82103
-3.5862 -1.09641 8.82103
-3.56652 -1.15883 5.6582
-3.54575 -1.2209 5.6582
-3.5239 -1.2826 5.6582
-3.50098 -1.3439 2.42656
-3.47699 -1.4048 2.42656
-3.45195 -1.46526 2.42656
-3.42585 -1.52529 -0.82163
-3.39871 -1.58484 -0.82163
-3.37053 -1.64392 -0.82163
-3.34133 -1.70249 -4.03389
-3.3111 -1.76055 -4.03389
-3.27987 -1.81806 -4.03389
-3.24765 -1.87503 -4.03389
-3.21443 -1.93142 -7.15972
-3.18023 -1.98723 -7.15972
-3.14506 -2.04243 -7.15972
-3.10894 -2.09701 -10.1528
-3.07187 -2.15094 -10.1528
-3.03386 -2.20423 -10.1528
-2.99493 -2.25684 -12.9724
-2.95509 -2.30877 -12.9724
-2.91434 -2.35999 -12.9724
-2.87271 -2.41049 -15.5849
-2.8302 -2.46026 -15.5849
-2.78684 -2.50928 -15.5849
-2.74262 -2.55753 -17.9639
-2.69757 -2.60501 -17.9639
-2.65169 -2.65169 -17.9639
-2.60501 -2.69757 -20.0906
-2.55753 -2.74262 -20.0906
-2.50928 -2.78684 -20.0906
-2.46026 -2.8302 -21.9522
-2.41049 -2.87271 -21.9522
-2.35999 -2.91434 -21.9522
-2.30877 -2.95509 -21.9522
-2.25684 -2.99493 -23.542
-2.20423 -3.03386 -23.542
-2.15094 -3.07187 -23.542
-2.09701 -3.10894 -24.8567
-2.04243 -3.14506 -24.8567
-1.98723 -3.18023 -24.8567
-1.93142 -3.21443 -25.8961
-1.87503 -3.24765 -25.8961
-1.81806 -3.27987 -25.8961
-1.76055 -3.3111 -26.6611
-1.70249 -3.34133 -26.6611
-1.64392 -3.37053 -26.6611
-1.58484 -3.39871 -27.1521
-1.52529 -3.42585 -27.1521
-1.46526 -3.45195 -27.1521
-1.4048 -3.47699 -27.3689
-1.3439 -3.50098 -27.3689
-1.2826 -3.5239 -27.3689
-1.2209 -3.54575 -27.3689
-1.15883 -3.56652 -27.3097
-1.09641 -3.5862 -27.3097
-1.03366 -3.60479 -27.3097
-0.970586 -3.62228 -26.9719
-0.907221 -3.63866 -26.9719
-0.843579 -3.65394 -26.9719
-0.779681 -3.66811 -26.3525
-0.715545 -3.68116 -26.3525
-0.651191 -3.69309 -26.3525
-0.586638 -3.70389 -25.4492
-0.521907 -3.71356 -25.4492
-0.457017 -3.72211 -25.4492
-0.391988 -3.72951 -24.2622
-0.326839 -3.73579 -24.2622
-0.261591 -3.74092 -24.2622
-0.196263 -3.74492 -22.7952
-0.130875 -3.74777 -22.7952
-0.0654475 -3.74949 -22.7952
-6.88874e-16 -3.75006 -22.7952
0.0654475 -3.74949 -21.0574
0.130875 -3.74777 -21.0574
0.196263 -3.74492 -21.0574
0.261591 -3.74092 -19.0649
0.326839 -3.73579 -19.0649
0.391988 -3.72951 -19.0649
0.457017 -3.72211 -16.8412
0.521907 -3.71356 -16.8412
0.586638 -3.70389 -16.8412
0.651191 -3.69309 -14.4182
0.715545 -3.68116 -14.4182
0.779681 -3.66811 -14.4182
0.843579 -3.65394 -11.8359
0.907221 -3.63866 -11.8359
0.970586 -3.62228 -11.8359
1.03366 -3.60479 -9.14151
1.09641 -3.5862 -9.14151
1.15883 -3.56652 -9.14151
1.2209 -3.54575 -6.3881
1.2826 -3.5239 -6.3881
1.3439 -3.50098 -6.3881
1.4048 -3.47699 -6.3881
1.46526 -3.45195 -3.63261
1.52529 -3.42585 -3.63261
1.58484 -3.39871 -3.63261
1.64392 -3.37053 -0.933376
1.70249 -3.34133 -0.933376
1.76055 -3.3111 -0.933376
1.81806 -3.27987 1.65244
1.87503 -3.24765 1.65244
1.93142 -3.21443 1.65244
1.98723 -3.18023 4.07142
2.04243 -3.14506 4.07142
2.09701 -3.10894 4.07142
2.15094 -3.07187 6.27637
2.20423 -3.03386 6.27637
2.25684 -2.99493 6.27637
2.30877 -2.95509 8.2284
2.35999 -2.91434 8.2284
2.41049 -2.87271 8.2284
2.46026 -2.8302 8.2284
2.50928 -2.78684 9.8983
2.55753 -2.74262 9.8983
2.60501 -2.69757 9.8983
2.65169 -2.65169 11.2674
2.69757 -2.60501 11.2674
2.74262 -2.55753 11.2674
2.78684 -2.50928 12.3279
2.8302 -2.46026 12.3279
2.87271 -2.41049 12.3279
2.91434 -2.35999 13.0821
2.95509 -2.30877 13.0821
2.99493 -2.25684 13.0821
3.03386 -2.20423 13.5421
3.07187 -2.15094 13.5421
3.10894 -2.09701 13.5421
3.14506 -2.04243 13.7278
3.18023 -1.98723 13.7278
3.21443 -1.93142 13.7278
3.24765 -1.87503 13.7278
3.27987 -1.81806 13.6658
3.3111 -1.76055 13.6658
3.34133 -1.70249 13.6658
3.37053 -1.64392 13.3871
3.39871 -1.58484 13.3871
3.42585 -1.52529 13.3871
3.45195 -1.46526 12.9252
3.47699 -1.4048 12.9252
3.50098 -1.3439 12.9252
3.5239 -1.2826 12.3145
3.54575 -1.2209 12.3145
3.56652 -1.15883 12.3145
3.5862 -1.09641 11.5884
3.60479 -1.03366 11.5884
3.62228 -0.970586 11.5884
3.63866 -0.907221 10.7777
3.65394 -0.843579 10.7777
3.66811 -0.779681 10.7777
3.68116 -0.715545 9.90988
3.69309 -0.651191 9.90988
3.70389 -0.586638 9.90988
3.71356 -0.521907 9.90988
3.72211 -0.457017 9.008
3.72951 -0.391988 9.008
3.73579 -0.326839 9.008
3.74092 -0.261591 8.09076
3.74492 -0.196263 8.09076
3.74777 -0.130875 8.09076
3.74949 -0.0654475 6.71028

3.82985 0 7.17229
3.82926 0.06684 7.17229
3.82751 0.13366 6.2623
3.8246 0.200439 6.2623
3.82052 0.267157 6.2623
3.81527 0.333793 5.36672
3.80887 0.400328 5.36672
3.8013 0.466741 5.36672
3.79257 0.533012 4.48849
3.78269 0.59912 4.48849
3.77166 0.665046 4.48849
3.75948 0.730769 4.48849
3.74615 0.79627 3.62798
3.73169 0.861528 3.62798
3.71608 0.926524 3.62798
3.69935 0.991237 2.78354
3.68148 1.05565 2.78354
3.6625 1.11974 2.78354
3.6424 1.18349 1.95212
3.62119 1.24688 1.95212
3.59888 1.30988 1.95212
3.57547 1.37249 1.12972
3.55097 1.43469 1.12972
3.52539 1.49644 1.12972
3.49874 1.55774 0.311905
3.47102 1.61856 0.311905
3.44224 1.67889 0.311905
3.41242 1.73871 -0.505826
3.38155 1.798 -0.505826
3.34966 1.85675 -0.505826
3.31674 1.91492 -1.32761
3.28282 1.97252 -1.32761
3.24789 2.02951 -1.32761
3.21198 2.08588 -1.32761
3.17509 2.14162 -2.15684
3.13723 2.19671 -2.15684
3.09841 2.25113 -2.15684
3.05865 2.30486 -2.99564
3.01796 2.35789 -2.99564
2.97635 2.4102 -2.99564
2.93383 2.46178 -3.84446
2.89042 2.5126 -3.84446
2.84613 2.56267 -3.84446
2.80097 2.61195 -4.70149
2.75496 2.66043 -4.70149
2.70811 2.70811 -4.70149
2.66043 2.75496 -5.5621
2.61195 2.80097 -5.5621
2.56267 2.84613 -5.5621
2.5126 2.89042 -6.41832
2.46178 2.93383 -6.41832
2.4102 2.97635 -6.41832
2.35789 3.01796 -6.41832
2.30486 3.05865 -7.25838
2.25113 3.09841 -7.25838
2.19671 3.13723 -7.25838
2.14162 3.17509 -8.06642
2.08588 3.21198 -8.06642
2.02951 3.24789 -8.06642
1.97252 3.28282 -8.82237
1.91492 3.31674 -8.82237
1.85675 3.34966 -8.82237
1.798 3.38155 -9.50224
1.73871 3.41242 -9.50224
1.67889 3.44224 -9.50224
1.61856 3.47102 -10.0785
1.55774 3.49874 -10.0785
1.49644 3.52539 -10.0785
1.43469 3.55097 -10.5211
1.37249 3.57547 -10.5211
1.30988 3.59888 -10.5211
1.24688 3.62119 -10.5211
1.18349 3.6424 -10.7988
1.11974 3.6625 -10.7988
1.05565 3.68148 -10.7988
0.991237 3.69935 -10.8803
0.926524 3.71608 -10.8803
0.861528 3.73169 -10.8803
0.79627 3.74615 -10.7365
0.730769 3.75948 -10.7365
0.665046 3.77166 -10.7365
0.59912 3.78269 -10.3418
0.533012 3.79257 -10.3418
0.466741 3.8013 -10.3418
0.400328 3.80887 -9.67624
0.333793 3.81527 -9.67624
0.267157 3.82052 -9.67624
0.200439 3.8246 -8.72695
0.13366 3.82751 -8.72695
0.06684 3.82926 -8.72695
2.3451e-16 3.82985 -7.4894
-0.06684 3.82926 -7.4894
-0.13366 3.82751 -7.4894
-0.200439 3.8246 -7.4894
-0.267157 3.82052 -5.96841
-0.333793 3.81527 -5.96841
-0.400328 3.80887 -5.96841
-0.466741 3.8013 -4.17862
-0.533012 3.79257 -4.17862
-0.59912 3.78269 -4.17862
-0.665046 3.77166 -2.14433
-0.730769 3.75948 -2.14433
-0.79627 3.74615 -2.14433
-0.861528 3.73169 0.101076
-0.926524 3.71608 0.101076
-0.991237 3.69935 0.101076
-1.05565 3.68148 2.51641
-1.11974 3.6625 2.51641
-1.18349 3.6424 2.51641
-1.24688 3.62119 5.05443
-1.30988 3.59888 5.05443
-1.37249 3.57547 5.05443
-1.43469 3.55097 5.05443
-1.49644 3.52539 7.66392
-1.55774 3.49874 7.66392
-1.61856 3.47102 7.66392
-1.67889 3.44224 10.2921
-1.73871 3.41242 10.2921
-1.798 3.38155 10.2921
-1.85675 3.34966 12.887
-1.91492 3.31674 12.887
-1.97252 3.28282 12.887
-2.02951 3.24789 15.3996
-2.08588 3.21198 15.3996
-2.14162 3.17509 15.3996
-2.19671 3.13723 17.786
-2.25113 3.09841 17.786
-2.30486 3.05865 17.786
-2.35789 3.01796 20.0083
-2.4102 2.97635 20.0083
-2.46178 2.93383 20.0083
-2.5126 2.89042 20.0083
-2.56267 2.84613 22.0358
-2.61195 2.80097 22.0358
-2.66043 2.75496 22.0358
-2.70811 2.70811 23.8447
-2.75496 2.66043 23.8447
-2.80097 2.61195 23.8447
-2.84613 2.56267 25.4181
-2.89042 2.5126 25.4181
-2.93383 2.46178 25.4181
-2.97635 2.4102 26.7448
-3.01796 2.35789 26.7448
-3.05865 2.30486 26.7448
-3.09841 2.25113 27.8179
-3.13723 2.19671 27.8179
-3.17509 2.14162 27.8179
-3.21198 2.08588 28.6339
-3.24789 2.02951 28.6339
-3.28282 1.97252 28.6339
-3.31674 1.91492 29.1909
-3.34966 1.85675 29.1909
-3.38155 1.798 29.1909
-3.41242 1.73871 29.1909
-3.44224 1.67889 29.4871
-3.47102 1.61856 29.4871
-3.49874 1.55774 29.4871
-3.52539 1.49644 29.5206
-3.55097 1.43469 29.5206
-3.57547 1.37249 29.5206
-3.59888 1.30988 29.2878
-3.62119 1.24688 29.2878
-3.6424 1.18349 29.2878
-3.6625 1.11974 28.7845
-3.68148 1.05565 28.7845
-3.69935 0.991237 28.7845
-3.71608 0.926524 28.0052
-3.73169 0.861528 28.0052
-3.74615 0.79627 28.0052
-3.75948 0.730769 26.9449
-3.77166 0.665046 26.9449
-3.78269 0.59912 26.9449
-3.79257 0.533012 26.9449
-3.8013 0.466741 25.5997
-3.80887 0.400328 25.5997
-3.81527 0.333793 25.5997
-3.82052 0.267157 23.9688
-3.8246 0.200439 23.9688
-3.82751 0.13366 23.9688
-3.82926 0.06684 22.0555
-3.82985 4.69021e-16 22.0555
-3.82926 -0.06684 22.0555
-3.82751 -0.13366 19.8688
-3.8246 -0.200439 19.8688
-3.82052 -0.267157 19.8688
-3.81527 -0.333793 17.4244
-3.80887 -0.400328 17.4244
-3.8013 -0.466741 17.4244
-3.79257 -0.533012 14.7461
-3.78269 -0.59912 14.7461
-3.77166 -0.665046 14.7461
-3.75948 -0.730769 14.7461
-3.74615 -0.79627 11.8654
-3.73169 -0.861528 11.8654
-3.71608 -0.926524 11.8654
-3.69935 -0.991237 8.82103
-3.68148 -1.05565 8.82103
-3.6625 -1.11974 8.82103
-3.6424 -1.18349 5.6582
-3.62119 -1.24688 5.6582
-3.59888 -1.30988 5.6582
-3.57547 -1.37249 2.42656
-3.55097 -1.43469 2.42656
-3.52539 -1.49644 2.42656
-3.49874 -1.55774 -0.82163
-3.47102 -1.61856 -0.82163
-3.44224 -1.67889 -0.82163
-3.41242 -1.73871 -4.03389
-3.38155 -1.798 -4.03389
-3.34966 -1.85675 -4.03389
-3.31674 -1.91492 -4.03389
-3.28282 -1.97252 -7.15972
-3.24789 -2.02951 -7.15972
-3.21198 -2.08588 -7.15972
-3.17509 -2.14162 -10.1528
-3.13723 -2.19671 -10.1528
-3.09841 -2.25113 -10.1528
-3.05865 -2.30486 -12.9724
-3.01796 -2.35789 -12.9724
-2.97635 -2.4102 -12.9724
-2.93383 -2.46178 -15.5849
-2.89042 -2.5126 -15.5849
-2.84613 -2.56267 -15.5849
-2.80097 -2.61195 -17.9639
-2.75496 -2.66043 -17.9639
-2.70811 -2.70811 -17.9639
-2.66043 -2.75496 -20.0906
-2.61195 -2.80097 -20.0906
-2.56267 -2.84613 -20.0906
-2.5126 -2.89042 -21.9522
-2.46178 -2.93383 -21.9522
-2.4102 -2.97635 -21.9522
-2.35789 -3.01796 -21.9522
-2.30486 -3.05865 -23.542
-2.25113 -3.09841 -23.542
-2.19671 -3.13723 -23.542
-2.14162 -3.17509 -24.8567
-2.08588 -3.21198 -24.8567
-2.02951 -3.24789 -24.8567
-1.97252 -3.28282 -25.8961
-1.91492 -3.31674 -25.8961
-1.85675 -3.34966 -25.8961
-1.798 -3.38155 -26.6611
-1.73871 -3.41242 -26.6611
-1.67889 -3.44224 -26.6611
-1.61856 -3.47102 -27.1521
-1.55774 -3.49874 -27.1521
-1.49644 -3.52539 -27.1521
-1.43469 -3.55097 -27.3689
-1.37249 -3.57547 -27.3689
-1.30988 -3.59888 -27.3689
-1.24688 -3.62119 -27.3689
-1.18349 -3.6424 -27.3097
-1.11974 -3.6625 -27.3097
-1.05565 -3.68148 -27.3097
-0.991237 -3.69935 -26.9719
-0.926524 -3.71608 -26.9719
-0.861528 -3.73169 -26.9719
-0.79627 -3.74615 -26.3525
-0.730769 -3.75948 -26.3525
-0.665046 -3.77166 -26.3525
-0.59912 -3.78269 -25.4492
-0.533012 -3.79257 -25.4492
-0.466741 -3.8013 -25.4492
-0.400328 -3.80887 -24.2622
-0.333793 -3.81527 -24.2622
-0.267157 -3.82052 -24.2622
-0.200439 -3.8246 -22.7952
-0.13366 -3.82751 -22.7952
-0.06684 -3.82926 -22.7952
-7.03531e-16 -3.82985 -22.7952
0.06684 -3.82926 -21.0574
0.13366 -3.82751 -21.0574
0.200439 -3.8246 -21.0574
0.267157 -3.82052 -19.0649
0.333793 -3.81527 -19.0649
0.400328 -3.80887 -19.0649
0.466741 -3.8013 -16.8412
0.533012 -3.79257 -16.8412
0.59912 -3.78269 -16.8412
0.665046 -3.77166 -14.4182
0.730769 -3.75948 -14.4182
0.79627 -3.74615 -14.4182
0.861528 -3.73169 -11.8359
0.926524 -3.71608 -11.8359
0.991237 -3.69935 -11.8359
1.05565 -3.68148 -9.14151
1.11974 -3.6625 -9.14151
1.18349 -3.6424 -9.14151
1.24688 -3.62119 -6.3881
1.30988 -3.59888 -6.3881
1.37249 -3.57547 -6.3881
1.43469 -3.55097 -6.3881
1.49644 -3.52539 -3.63261
1.55774 -3.49874 -3.63261
1.61856 -3.47102 -3.63261
1.67889 -3.44224 -0.933376
1.73871 -3.41242 -0.933376
1.798 -3.38155 -0.933376
1.85675 -3.34966 1.65244
1.91492 -3.31674 1.65244
1.97252 -3.28282 1.65244
2.02951 -3.24789 4.07142
2.08588 -3.21198 4.07142
2.14162 -3.17509 4.07142
2.19671 -3.13723 6.27637
2.25113 -3.09841 6.27637
2.30486 -3.05865 6.27637
2.35789 -3.01796 8.2284
2.4102 -2.97635 8.2284
2.46178 -2.93383 8.2284
2.5126 -2.89042 8.2284
2.56267 -2.84613 9.8983
2.61195 -2.80097 9.8983
2.66043 -2.75496 9.8983
2.70811 -2.70811 11.2674
2.75496 -2.66043 11.2674
2.80097 -2.61195 11.2674
2.84613 -2.56267 12.3279
2.89042 -2.5126 12.3279
2.93383 -2.46178 12.3279
2.97635 -2.4102 13.0821
3.01796 -2.35789 13.0821
3.05865 -2.30486 13.0821
3.09841 -2.25113 13.5421
3.13723 -2.19671 13.5421
3.17509 -2.14162 13.5421
3.21198 -2.08588 13.7278
3.24789 -2.02951 13.7278
3.28282 -1.97252 13.7278
3.31674 -1.91492 13.7278
3.34966 -1.85675 13.6658
3.38155 -1.798 13.6658
3.41242 -1.73871 13.6658
3.44224 -1.67889 13.3871
3.47102 -1.61856 13.3871
3.49874 -1.55774 13.3871
3.52539 -1.49644 12.9252
3.55097 -1.43469 12.9252
3.57547 -1.37249 12.9252
3.59888 -1.30988 12.3145
3.62119 -1.24688 12.3145
3.6424 -1.18349 12.3145
3.6625 -1.11974 11.5884
3.68148 -1.05565 11.5884
3.69935 -0.991237 11.5884
3.71608 -0.926524 10.7777
3.73169 -0.861528 10.7777
3.74615 -0.79627 10.7777
3.75948 -0.730769 9.90988
3.77166 -0.665046 9.90988
3.78269 -0.59912 9.90988
3.79257 -0.533012 9.90988
3.8013 -0.466741 9.008
3.80887 -0.400328 9.008
3.81527 -0.333793 9.008
3.82052 -0.267157 8.09076
3.8246 -0.200439 8.09076
3.82751 -0.13366 8.09076
3.82926 -0.06684 6.71028

3.90963 0 7.60279
3.90904 0.0682325 7.60279
3.90725 0.136444 6.64755
3.90428 0.204614 6.64755
3.90011 0.272722 6.64755
3.89476 0.340747 5.7171
3.88822 0.408668 5.7171
3.88049 0.476465 5.7171
3.87159 0.544116 4.81275
3.8615 0.611602 4.81275
3.85024 0.678901 4.81275
3.8378 0.745993 3.93337
3.8242 0.812859 3.93337
3.80943 0.879476 3.93337
3.7935 0.945826 3.07597
3.77642 1.01189 3.07597
3.75818 1.07764 3.07597
3.7388 1.14307 2.23626
3.71828 1.20814 2.23626
3.69663 1.27285 2.23626
3.67385 1.33717 1.40906
3.64996 1.40109 1.40906
3.62495 1.46457 1.40906
3.59884 1.52762 0.588736
3.57163 1.59019 0.588736
3.54333 1.65228 0.588736
3.51396 1.71387 -0.230496
3.48351 1.77494 -0.230496
3.452 1.83546 -0.230496
3.41944 1.89543 -1.05423
3.38584 1.95482 -1.05423
3.35121 2.01361 -1.05423
3.31556 2.07179 -1.88758
3.2789 2.12934 -1.88758
3.24123 2.18624 -1.88758
3.20258 2.24247 -2.73481
3.16296 2.29803 -2.73481
3.12237 2.35288 -2.73481
3.08083 2.40701 -3.5989
3.03836 2.46041 -3.5989
2.99495 2.51306 -3.5989
2.95064 2.56495 -4.48115
2.90542 2.61606 -4.48115
2.85933 2.66636 -4.48115
2.81236 2.71586 -5.38057
2.76453 2.76453 -5.38057
2.71586 2.81236 -5.38057
2.66636 2.85933 -6.29337
2.61606 2.90542 -6.29337
2.56495 2.95064 -6.29337
2.51306 2.99495 -7.21234
2.46041 3.03836 -7.21234
2.40701 3.08083 -7.21234
2.35288 3.12237 -8.12642
2.29803 3.16296 -8.12642
2.24247 3.20258 -8.12642
2.18624 3.24123 -9.02024
2.12934 3.2789 -9.02024
2.07179 3.31556 -9.02024
2.01361 3.35121 -9.8741
1.95482 3.38584 -9.8741
1.89543 3.41944 -9.8741
1.83546 3.452 -10.664
1.77494 3.48351 -10.664
1.71387 3.51396 -10.664
1.65228 3.54333 -11.3621
1.59019 3.57163 -11.3621
1.52762 3.59884 -11.3621
1.46457 3.62495 -11.9374
1.40109 3.64996 -11.9374
1.33717 3.67385 -11.9374
1.27285 3.69663 -12.3573
1.20814 3.71828 -12.3573
1.14307 3.7388 -12.3573
1.07764 3.75818 -12.5882
1.01189 3.77642 -12.5882
0.945826 3.7935 -12.5882
0.879476 3.80943 -12.5982
0.812859 3.8242 -12.5982
0.745993 3.8378 -12.5982
0.678901 3.85024 -12.358
0.611602 3.8615 -12.358
0.544116 3.87159 -12.358
0.476465 3.88049 -11.8431
0.408668 3.88822 -11.8431
0.340747 3.89476 -11.8431
0.272722 3.90011 -11.0352
0.204614 3.90428 -11.0352
0.136444 3.90725 -11.0352
0.0682325 3.90904 -9.92418
2.39396e-16 3.90963 -9.92418
-0.0682325 3.90904 -9.92418
-0.136444 3.90725 -8.50846
-0.204614 3.90428 -8.50846
-0.272722 3.90011 -8.50846
-0.340747 3.89476 -6.79629
-0.408668 3.88822 -6.79629
-0.476465 3.88049 -6.79629
-0.544116 3.87159 -4.80583
-0.611602 3.8615 -4.80583
-0.678901 3.85024 -4.80583
-0.745993 3.8378 -2.56492
-0.812859 3.8242 -2.56492
-0.879476 3.80943 -2.56492
-0.945826 3.7935 -0.110219
-1.01189 3.77642 -0.110219
-1.07764 3.75818 -0.110219
-1.14307 3.7388 2.51409
-1.20814 3.71828 2.51409
-1.27285 3.69663 2.51409
-1.33717 3.67385 5.2582
-1.40109 3.64996 5.2582
-1.46457 3.62495 5.2582
-1.52762 3.59884 8.06882
-1.59019 3.57163 8.06882
-1.65228 3.54333 8.06882
-1.71387 3.51396 10.8917
-1.77494 3.48351 10.8917
-1.83546 3.452 10.8917
-1.89543 3.41944 13.6736
-1.95482 3.38584 13.6736
-2.01361 3.35121 13.6736
-2.07179 3.31556 16.3653
-2.12934 3.2789 16.3653
-2.18624 3.24123 16.3653
-2.24247 3.20258 18.9226
-2.29803 3.16296 18.9226
-2.35288 3.12237 18.9226
-2.40701 3.08083 21.3081
-2.46041 3.03836 21.3081
-2.51306 2.99495 21.3081
-2.56495 2.95064 23.492
-2.61606 2.90542 23.492
-2.66636 2.85933 23.492
-2.71586 2.81236 25.4518
-2.76453 2.76453 25.4518
-2.81236 2.71586 25.4518
-2.85933 2.66636 27.1724
-2.90542 2.61606 27.1724
-2.95064 2.56495 27.1724
-2.99495 2.51306 28.6444
-3.03836 2.46041 28.6444
-3.08083 2.40701 28.6444
-3.12237 2.35288 29.8636
-3.16296 2.29803 29.8636
-3.20258 2.24247 29.8636
-3.24123 2.18624 30.8289
-3.2789 2.12934 30.8289
-3.31556 2.07179 30.8289
-3.35121 2.01361 31.5412
-3.38584 1.95482 31.5412
-3.41944 1.89543 31.5412
-3.452 1.83546 32.0013
-3.48351 1.77494 32.0013
-3.51396 1.71387 32.0013
-3.54333 1.65228 32.2095
-3.57163 1.59019 32.2095
-3.59884 1.52762 32.2095
-3.62495 1.46457 32.1641
-3.64996 1.40109 32.1641
-3.67385 1.33717 32.1641
-3.69663 1.27285 31.8613
-3.71828 1.20814 31.8613
-3.7388 1.14307 31.8613
-3.75818 1.07764 31.2953
-3.77642 1.01189 31.2953
-3.7935 0.945826 31.2953
-3.80943 0.879476 30.4588
-3.8242 0.812859 30.4588
-3.8378 0.745993 30.4588
-3.85024 0.678901 29.3444
-3.8615 0.611602 29.3444
-3.87159 0.544116 29.3444
-3.88049 0.476465 27.9454
-3.88822 0.408668 27.9454
-3.89476 0.340747 27.9454
-3.90011 0.272722 26.258
-3.90428 0.204614 26.258
-3.90725 0.136444 26.258
-3.90904 0.0682325 24.2825
-3.90963 4.78792e-16 24.2825
-3.90904 -0.0682325 24.2825
-3.90725 -0.136444 22.0247
-3.90428 -0.204614 22.0247
-3.90011 -0.272722 22.0247
-3.89476 -0.340747 19.4973
-3.88822 -0.408668 19.4973
-3.88049 -0.476465 19.4973
-3.87159 -0.544116 16.7214
-3.8615 -0.611602 16.7214
-3.85024 -0.678901 16.7214
-3.8378 -0.745993 13.726
-3.8242 -0.812859 13.726
-3.80943 -0.879476 13.726
-3.7935 -0.945826 10.5481
-3.77642 -1.01189 10.5481
-3.75818 -1.07764 10.5481
-3.7388 -1.14307 7.23156
-3.71828 -1.20814 7.23156
-3.69663 -1.27285 7.23156
-3.67385 -1.33717 3.82568
-3.64996 -1.40109 3.82568
-3.62495 -1.46457 3.82568
-3.59884 -1.52762 0.38317
-3.57163 -1.59019 0.38317
-3.54333 -1.65228 0.38317
-3.51396 -1.71387 -3.04219
-3.48351 -1.77494 -3.04219
-3.452 -1.83546 -3.04219
-3.41944 -1.89543 -6.39781
-3.38584 -1.95482 -6.39781
-3.35121 -2.01361 -6.39781
-3.31556 -2.07179 -9.63464
-3.2789 -2.12934 -9.63464
-3.24123 -2.18624 -9.63464
-3.20258 -2.24247 -12.709
-3.16296 -2.29803 -12.709
-3.12237 -2.35288 -12.709
-3.08083 -2.40701 -15.584
-3.03836 -2.46041 -15.584
-2.99495 -2.51306 -15.584
-2.95064 -2.56495 -18.2305
-2.90542 -2.61606 -18.2305
-2.85933 -2.66636 -18.2305
-2.81236 -2.71586 -20.627
-2.76453 -2.76453 -20.627
-2.71586 -2.81236 -20.627
-2.66636 -2.85933 -22.7596
-2.61606 -2.90542 -22.7596
-2.56495 -2.95064 -22.7596
-2.51306 -2.99495 -24.6207
-2.46041 -3.03836 -24.6207
-2.40701 -3.08083 -24.6207
-2.35288 -3.12237 -26.2077
-2.29803 -3.16296 -26.2077
-2.24247 -3.20258 -26.2077
-2.18624 -3.24123 -27.5216
-2.12934 -3.2789 -27.5216
-2.07179 -3.31556 -27.5216
-2.01361 -3.35121 -28.5654
-1.95482 -3.38584 -28.5654
-1.89543 -3.41944 -28.5654
-1.83546 -3.452 -29.3426
-1.77494 -3.48351 -29.3426
-1.71387 -3.51396 -29.3426
-1.65228 -3.54333 -29.8555
-1.59019 -3.57163 -29.8555
-1.52762 -3.59884 -29.8555
-1.46457 -3.62495 -30.1048
-1.40109 -3.64996 -30.1048
-1.33717 -3.67385 -30.1048
-1.27285 -3.69663 -30.0886
-1.20814 -3.71828 -30.0886
-1.14307 -3.7388 -30.0886
-1.07764 -3.75818 -29.8033
-1.01189 -3.77642 -29.8033
-0.945826 -3.7935 -29.8033
-0.879476 -3.80943 -29.2437
-0.812859 -3.8242 -29.2437
-0.745993 -3.8378 -29.2437
-0.678901 -3.85024 -28.4043
-0.611602 -3.8615 -28.4043
-0.544116 -3.87159 -28.4043
-0.476465 -3.88049 -27.2808
-0.408668 -3.88822 -27.2808
-0.340747 -3.89476 -27.2808
-0.272722 -3.90011 -25.8717
-0.204614 -3.90428 -25.8717
-0.136444 -3.90725 -25.8717
-0.0682325 -3.90904 -24.18
-7.18188e-16 -3.90963 -24.18
0.0682325 -3.90904 -24.18
0.136444 -3.90725 -22.2146
0.204614 -3.90428 -22.2146
0.272722 -3.90011 -22.2146
0.340747 -3.89476 -19.992
0.408668 -3.88822 -19.992
0.476465 -3.88049 -19.992
0.544116 -3.87159 -17.5369
0.611602 -3.8615 -17.5369
0.678901 -3.85024 -17.5369
0.745993 -3.8378 -14.8826
0.812859 -3.8242 -14.8826
0.879476 -3.80943 -14.8826
0.945826 -3.7935 -12.0708
1.01189 -3.77642 -12.0708
1.07764 -3.75818 -12.0708
1.14307 -3.7388 -9.15075
1.20814 -3.71828 -9.15075
1.27285 -3.69663 -9.15075
1.33717 -3.67385 -6.17742
1.40109 -3.64996 -6.17742
1.46457 -3.62495 -6.17742
1.52762 -3.59884 -3.20964
1.59019 -3.57163 -3.20964
1.65228 -3.54333 -3.20964
1.71387 -3.51396 -0.307489
1.77494 -3.48351 -0.307489
1.83546 -3.452 -0.307489
1.89543 -3.41944 2.47022
1.95482 -3.38584 2.47022
2.01361 -3.35121 2.47022
2.07179 -3.31556 5.06855
2.12934 -3.2789 5.06855
2.18624 -3.24123 5.06855
2.24247 -3.20258 7.43889
2.29803 -3.16296 7.43889
2.35288 -3.12237 7.43889
2.40701 -3.08083 9.54103
2.46041 -3.03836 9.54103
2.51306 -2.99495 9.54103
2.56495 -2.95064 11.3446
2.61606 -2.90542 11.3446
2.66636 -2.85933 11.3446
2.71586 -2.81236 12.8297
2.76453 -2.76453 12.8297
2.81236 -2.71586 12.8297
2.85933 -2.66636 13.9875
2.90542 -2.61606 13.9875
2.95064 -2.56495 13.9875
2.99495 -2.51306 14.8197
3.03836 -2.46041 14.8197
3.08083 -2.40701 14.8197
3.12237 -2.35288 15.3374
3.16296 -2.29803 15.3374
3.20258 -2.24247 15.3374
3.24123 -2.18624 15.5607
3.2789 -2.12934 15.5607
3.31556 -2.07179 15.5607
3.35121 -2.01361 15.5162
3.38584 -1.95482 15.5162
3.41944 -1.89543 15.5162
3.452 -1.83546 15.2356
3.48351 -1.77494 15.2356
3.51396 -1.71387 15.2356
3.54333 -1.65228 14.7542
3.57163 -1.59019 14.7542
3.59884 -1.52762 14.7542
3.62495 -1.46457 14.1081
3.64996 -1.40109 14.1081
3.67385 -1.33717 14.1081
3.69663 -1.27285 13.3332
3.71828 -1.20814 13.3332
3.7388 -1.14307 13.3332
3.75818 -1.07764 12.4633
3.77642 -1.01189 12.4633
3.7935 -0.945826 12.4633
3.80943 -0.879476 11.5289
3.8242 -0.812859 11.5289
3.8378 -0.745993 11.5289
3.85024 -0.678901 10.5563
3.8615 -0.611602 10.5563
3.87159 -0.544116 10.5563
3.88049 -0.476465 9.56725
3.88822 -0.408668 9.56725
3.89476 -0.340747 9.56725
3.90011 -0.272722 8.57865
3.90428 -0.204614 8.57865
3.90725 -0.136444 8.57865
3.90904 -0.0682325 7.17229

3.98942 0 7.60279
3.98882 0.069625 7.60279
3.98699 0.139229 6.64755
3.98396 0.20879 6.64755
3.9797 0.278288 6.64755
3.97424 0.347701 5.7171
3.96757 0.417008 5.7171
3.95969 0.486188 5.7171
3.9506 0.55522 4.81275
3.94031 0.624083 4.81275
3.92881 0.692756 4.81275
3.91613 0.761218 3.93337
3.90224 0.829448 3.93337
3.88717 0.897425 3.93337
3.87092 0.965129 3.07597
3.85349 1.03254 3.07597
3.83488 1.09963 3.07597
3.8151 1.16639 2.23626
3.79417 1.2328 2.23626
3.77207 1.29883 2.23626
3.74883 1.36446 1.40906
3.72445 1.42968 1.40906
3.69893 1.49446 1.40906
3.67228 1.55879 0.588736
3.64452 1.62264 0.588736
3.61564 1.686 0.588736
3.58567 1.74885 -0.230496
3.5546 1.81116 -0.230496
3.52245 1.87292 -0.230496
3.48923 1.93411 -1.05423
3.45494 1.99471 -1.05423
3.4196 2.0547 -1.05423
3.38322 2.11407 -1.88758
3.34581 2.1728 -1.88758
3.30738 2.23086 -1.88758
3.26794 2.28824 -2.73481
3.22751 2.34492 -2.73481
3.18609 2.40089 -2.73481
3.14371 2.45613 -3.5989
3.10036 2.51063 -3.5989
3.05608 2.56435 -3.5989
3.01086 2.6173 -4.48115
2.96472 2.66944 -4.48115
2.91768 2.72078 -4.48115
2.86975 2.77129 -5.38057
2.82095 2.82095 -5.38057
2.77129 2.86975 -5.38057
2.72078 2.91768 -6.29337
2.66944 2.96472 -6.29337
2.6173 3.01086 -6.29337
2.56435 3.05608 -7.21234
2.51063 3.10036 -7.21234
2.45613 3.14371 -7.21234
2.40089 3.18609 -8.12642
2.34492 3.22751 -8.12642
2.28824 3.26794 -8.12642
2.23086 3.30738 -9.02024
2.1728 3.34581 -9.02024
2.11407 3.38322 -9.02024
2.0547 3.4196 -9.8741
1.99471 3.45494 -9.8741
1.93411 3.48923 -9.8741
1.87292 3.52245 -10.664
1.81116 3.5546 -10.664
1.74885 3.58567 -10.664
1.686 3.61564 -11.3621
1.62264 3.64452 -11.3621
1.55879 3.67228 -11.3621
1.49446 3.69893 -11.9374
1.42968 3.72445 -11.9374
1.36446 3.74883 -11.9374
1.29883 3.77207 -12.3573
1.2328 3.79417 -12.3573
1.16639 3.8151 -12.3573
1.09963 3.83488 -12.5882
1.03254 3.85349 -12.5882
0.965129 3.87092 -12.5882
0.897425 3.88717 -12.5982
0.829448 3.90224 -12.5982
0.761218 3.91613 -12.5982
0.692756 3.92881 -12.358
0.624083 3.94031 -12.358
0.55522 3.9506 -12.358
0.486188 3.95969 -11.8431
0.417008 3.96757 -11.8431
0.347701 3.97424 -11.8431
0.278288 3.9797 -11.0352
0.20879 3.98396 -11.0352
0.139229 3.98699 -11.0352
0.069625 3.98882 -9.92418
2.44282e-16 3.98942 -9.92418
-0.069625 3.98882 -9.92418
-0.139229 3.98699 -8.50846
-0.20879 3.98396 -8.50846
-0.278288 3.9797 -8.50846
-0.347701 3.97424 -6.79629
-0.417008 3.96757 -6.79629
-0.486188 3.95969 -6.79629
-0.55522 3.9506 -4.80583
-0.624083 3.94031 -4.80583
-0.692756 3.92881 -4.80583
-0.761218 3.91613 -2.56492
-0.829448 3.90224 -2.56492
-0.897425 3.88717 -2.56492
-0.965129 3.87092 -0.110219
-1.03254 3.85349 -0.110219
-1.09963 3.83488 -0.110219
-1.16639 3.8151 2.51409
-1.2328 3.79417 2.51409
-1.29883 3.77207 2.51409
-1.36446 3.74883 5.2582
-1.42968 3.72445 5.2582
-1.49446 3.69893 5.2582
-1.55879 3.67228 8.06882
-1.62264 3.64452 8.06882
-1.686 3.61564 8.06882
-1.74885 3.58567 10.8917
-1.81116 3.5546 10.8917
-1.87292 3.52245 10.8917
-1.93411 3.48923 13.6736
-1.99471 3.45494 13.6736
-2.0547 3.4196 13.6736
-2.11407 3.38322 16.3653
-2.1728 3.34581 16.3653
-2.23086 3.30738 16.3653
-2.28824 3.26794 18.9226
-2.34492 3.22751 18.9226
-2.40089 3.18609 18.9226
-2.45613 3.14371 21.3081
-2.51063 3.10036 21.3081
-2.56435 3.05608 21.3081
-2.6173 3.01086 23.492
-2.66944 2.96472 23.492
-2.72078 2.91768 23.492
-2.77129 2.86975 25.4518
-2.82095 2.82095 25.4518
-2.86975 2.77129 25.4518
-2.91768 2.72078 27.1724
-2.96472 2.66944 27.1724
-3.01086 2.6173 27.1724
-3.05608 2.56435 28.6444
-3.10036 2.51063 28.6444
-3.14371 2.45613 28.6444
-3.18609 2.40089 29.8636
-3.22751 2.34492 29.8636
-3.26794 2.28824 29.8636
-3.30738 2.23086 30.8289
-3.34581 2.1728 30.8289
-3.38322 2.11407 30.8289
-3.4196 2.0547 31.5412
-3.45494 1.99471 31.5412
-3.48923 1.93411 31.5412
-3.52245 1.87292 32.0013
-3.5546 1.81116 32.0013
-3.58567 1.74885 32.0013
-3.61564 1.686 32.2095
-3.64452 1.62264 32.2095
-3.67228 1.55879 32.2095
-3.69893 1.49446 32.1641
-3.72445 1.42968 32.1641
-3.74883 1.36446 32.1641
-3.77207 1.29883 31.8613
-3.79417 1.2328 31.8613
-3.8151 1.16639 31.8613
-3.83488 1.09963 31.2953
-3.85349 1.03254 31.2953
-3.87092 0.965129 31.2953
-3.88717 0.897425 30.4588
-3.90224 0.829448 30.4588
-3.91613 0.761218 30.4588
-3.92881 0.692756 29.3444
-3.94031 0.624083 29.3444
-3.9506 0.55522 29.3444
-3.95969 0.486188 27.9454
-3.96757 0.417008 27.9454
-3.97424 0.347701 27.9454
-3.9797 0.278288 26.258
-3.98396 0.20879 26.258
-3.98699 0.139229 26.258
-3.98882 0.069625 24.2825
-3.98942 4.88563e-16 24.2825
-3.98882 -0.069625 24.2825
-3.98699 -0.139229 22.0247
-3.98396 -0.20879 22.0247
-3.9797 -0.278288 22.0247
-3.97424 -0.347701 19.4973
-3.96757 -0.417008 19.4973
-3.95969 -0.486188 19.4973
-3.9506 -0.55522 16.7214
-3.94031 -0.624083 16.7214
-3.92881 -0.692756 16.7214
-3.91613 -0.761218 13.726
-3.90224 -0.829448 13.726
-3.88717 -0.897425 13.726
-3.87092 -0.965129 10.5481
-3.85349 -1.03254 10.5481
-3.83488 -1.09963 10.5481
-3.8151 -1.16639 7.23156
-3.79417 -1.2328 7.23156
-3.77207 -1.29883 7.23156
-3.74883 -1.36446 3.82568
-3.72445 -1.42968 3.82568
-3.69893 -1.49446 3.82568
-3.67228 -1.55879 0.38317
-3.64452 -1.62264 0.38317
-3.61564 -1.686 0.38317
-3.58567 -1.74885 -3.04219
-3.5546 -1.81116 -3.04219
-3.52245 -1.87292 -3.04219
-3.48923 -1.93411 -6.39781
-3.45494 -1.99471 -6.39781
-3.4196 -2.0547 -6.39781
-3.38322 -2.11407 -9.63464
-3.34581 -2.1728 -9.63464
-3.30738 -2.23086 -9.63464
-3.26794 -2.28824 -12.709
-3.22751 -2.34492 -12.709
-3.18609 -2.40089 -12.709
-3.14371 -2.45613 -15.584
-3.10036 -2.51063 -15.584
-3.05608 -2.56435 -15.584
-3.01086 -2.6173 -18.2305
-2.96472 -2.66944 -18.2305
-2.91768 -2.72078 -18.2305
-2.86975 -2.77129 -20.627
-2.82095 -2.82095 -20.627
-2.77129 -2.86975 -20.627
-2.72078 -2.91768 -22.7596
-2.66944 -2.96472 -22.7596
-2.6173 -3.01086 -22.7596
-2.56435 -3.05608 -24.6207
-2.51063 -3.10036 -24.6207
-2.45613 -3.14371 -24.6207
-2.40089 -3.18609 -26.2077
-2.34492 -3.22751 -26.2077
-2.28824 -3.26794 -26.2077
-2.23086 -3.30738 -27.5216
-2.1728 -3.34581 -27.5216
-2.11407 -3.38322 -27.5216
-2.0547 -3.4196 -28.5654
-1.99471 -3.45494 -28.5654
-1.93411 -3.48923 -28.5654
-1.87292 -3.52245 -29.3426
-1.81116 -3.5546 -29.3426
-1.74885 -3.58567 -29.3426
-1.686 -3.61564 -29.8555
-1.62264 -3.64452 -29.8555
-1.55879 -3.67228 -29.8555
-1.49446 -3.69893 -30.1048
-1.42968 -3.72445 -30.1048
-1.36446 -3.74883 -30.1048
-1.29883 -3.77207 -30.0886
-1.2328 -3.79417 -30.0886
-1.16639 -3.8151 -30.0886
-1.09963 -3.83488 -29.8033
-1.03254 -3.85349 -29.8033
-0.965129 -3.87092 -29.8033
-0.897425 -3.88717 -29.2437
-0.829448 -3.90224 -29.2437
-0.761218 -3.91613 -29.2437
-0.692756 -3.92881 -28.4043
-0.624083 -3.94031 -28.4043
-0.55522 -3.9506 -28.4043
-0.486188 -3.95969 -27.2808
-0.417008 -3.96757 -27.2808
-0.347701 -3.97424 -27.2808
-0.278288 -3.9797 -25.8717
-0.20879 -3.98396 -25.8717
-0.139229 -3.98699 -25.8717
-0.069625 -3.98882 -24.18
-7.32845e-16 -3.98942 -24.18
0.069625 -3.98882 -24.18
0.139229 -3.98699 -22.2146
0.20879 -3.98396 -22.2146
0.278288 -3.9797 -22.2146
0.347701 -3.97424 -19.992
0.417008 -3.96757 -19.992
0.486188 -3.95969 -19.992
0.55522 -3.9506 -17.5369
0.624083 -3.94031 -17.5369
0.692756 -3.92881 -17.5369
0.761218 -3.91613 -14.8826
0.829448 -3.90224 -14.8826
0.897425 -3.88717 -14.8826
0.965129 -3.87092 -12.0708
1.03254 -3.85349 -12.0708
1.09963 -3.83488 -12.0708
1.16639 -3.8151 -9.15075
1.2328 -3.79417 -9.15075
1.29883 -3.77207 -9.15075
1.36446 -3.74883 -6.17742
1.42968 -3.72445 -6.17742
1.49446 -3.69893 -6.17742
1.55879 -3.67228 -3.20964
1.62264 -3.64452 -3.20964
1.686 -3.61564 -3.20964
1.74885 -3.58567 -0.307489
1.81116 -3.5546 -0.307489
1.87292 -3.52245 -0.307489
1.93411 -3.48923 2.47022
1.99471 -3.45494 2.47022
2.0547 -3.4196 2.47022
2.11407 -3.38322 5.06855
2.1728 -3.34581 5.06855
2.23086 -3.30738 5.06855
2.28824 -3.26794 7.43889
2.34492 -3.22751 7.43889
2.40089 -3.18609 7.43889
2.45613 -3.14371 9.54103
2.51063 -3.10036 9.54103
2.56435 -3.05608 9.54103
2.6173 -3.01086 11.3446
2.66944 -2.96472 11.3446
2.72078 -2.91768 11.3446
2.77129 -2.86975 12.8297
2.82095 -2.82095 12.8297
2.86975 -2.77129 12.8297
2.91768 -2.72078 13.9875
2.96472 -2.66944 13.9875
3.01086 -2.6173 13.9875
3.05608 -2.56435 14.8197
3.10036 -2.51063 14.8197
3.14371 -2.45613 14.8197
3.18609 -2.40089 15.3374
3.22751 -2.34492 15.3374
3.26794 -2.28824 15.3374
3.30738 -2.23086 15.5607
3.34581 -2.1728 15.5607
3.38322 -2.11407 15.5607
3.4196 -2.0547 15.5162
3.45494 -1.99471 15.5162
3.48923 -1.93411 15.5162
3.52245 -1.87292 15.2356
3.5546 -1.81116 15.2356
3.58567 -1.74885 15.2356
3.61564 -1.686 14.7542
3.64452 -1.62264 14.7542
3.67228 -1.55879 14.7542
3.69893 -1.49446 14.1081
3.72445 -1.42968 14.1081
3.74883 -1.36446 14.1081
3.77207 -1.29883 13.3332
3.79417 -1.2328 13.3332
3.8151 -1.16639 13.3332
3.83488 -1.09963 12.4633
3.85349 -1.03254 12.4633
3.87092 -0.965129 12.4633
3.88717 -0.897425 11.5289
3.90224 -0.829448 11.5289
3.91613 -0.761218 11.5289
3.92881 -0.692756 10.5563
3.94031 -0.624083 10.5563
3.9506 -0.55522 10.5563
3.95969 -0.486188 9.56725
3.96757 -0.417008 9.56725
3.97424 -0.347701 9.56725
3.9797 -0.278288 8.57865
3.98396 -0.20879 8.57865
3.98699 -0.139229 8.57865
3.98882 -0.069625 7.17229

4.06921 0 7.60279
4.06859 0.0710175 7.60279
4.06673 0.142013 6.64755
4.06363 0.212966 6.64755
4.0593 0.283854 6.64755
4.05373 0.354655 5.7171
4.04692 0.425348 5.7171
4.03888 0.495912 5.7171
4.02961 0.566325 4.81275
4.01911 0.636565 4.81275
4.00739 0.706611 4.81275
3.99445 0.776442 3.93337
3.98029 0.846037 3.93337
3.96492 0.915373 3.93337
3.94834 0.984431 3.07597
3.93056 1.05319 3.07597
3.91158 1.12163 3.07597
3.89141 1.18972 2.23626
3.87005 1.25746 2.23626
3.84751 1.32481 2.23626
3.82381 1.39175 1.40906
3.79894 1.45827 1.40906
3.77291 1.52435 1.40906
3.74573 1.58997 0.588736
3.71741 1.6551 0.588736
3.68796 1.71972 0.588736
3.65738 1.78382 -0.230496
3.62569 1.84738 -0.230496
3.5929 1.91038 -0.230496
3.55901 1.97279 -1.05423
3.52404 2.03461 -1.05423
3.48799 2.0958 -1.05423
3.45089 2.15635 -1.88758
3.41273 2.21625 -1.88758
3.37353 2.27547 -1.88758
3.3333 2.334 -2.73481
3.29206 2.39182 -2.73481
3.24982 2.44891 -2.73481
3.20658 2.50526 -3.5989
3.16237 2.56084 -3.5989
3.1172 2.61564 -3.5989
3.07107 2.66964 -4.48115
3.02401 2.72283 -4.48115
2.97603 2.7752 -4.48115
2.92715 2.82671 -5.38057
2.87737 2.87737 -5.38057
2.82671 2.92715 -5.38057
2.7752 2.97603 -6.29337
2.72283 3.02401 -6.29337
2.66964 3.07107 -6.29337
2.61564 3.1172 -7.21234
2.56084 3.16237 -7.21234
2.50526 3.20658 -7.21234
2.44891 3.24982 -8.12642
2.39182 3.29206 -8.12642
2.334 3.3333 -8.12642
2.27547 3.37353 -9.02024
2.21625 3.41273 -9.02024
2.15635 3.45089 -9.02024
2.0958 3.48799 -9.8741
2.03461 3.52404 -9.8741
1.97279 3.55901 -9.8741
1.91038 3.5929 -10.664
1.84738 3.62569 -10.664
1.78382 3.65738 -10.664
1.71972 3.68796 -11.3621
1.6551 3.71741 -11.3621
1.58997 3.74573 -11.3621
1.52435 3.77291 -11.9374
1.45827 3.79894 -11.9374
1.39175 3.82381 -11.9374
1.32481 3.84751 -12.3573
1.25746 3.87005 -12.3573
1.18972 3.89141 -12.3573
1.12163 3.91158 -12.5882
1.05319 3.93056 -12.5882
0.984431 3.94834 -12.5882
0.915373 3.96492 -12.5982
0.846037 3.98029 -12.5982
0.776442 3.99445 -12.5982
0.706611 4.00739 -12.358
0.636565 4.01911 -12.358
0.566325 4.02961 -12.358
0.495912 4.03888 -11.8431
0.425348 4.04692 -11.8431
0.354655 4.05373 -11.8431
0.283854 4.0593 -11.0352
0.212966 4.06363 -11.0352
0.142013 4.06673 -11.0352
0.0710175 4.06859 -9.92418
2.49167e-16 4.06921 -9.92418
-0.0710175 4.06859 -9.92418
-0.142013 4.06673 -8.50846
-0.212966 4.06363 -8.50846
-0.283854 4.0593 -8.50846
-0.354655 4.05373 -6.79629
-0.425348 4.04692 -6.79629
-0.495912 4.03888 -6.79629
-0.566325 4.02961 -4.80583
-0.636565 4.01911 -4.80583
-0.706611 4.00739 -4.80583
-0.776442 3.99445 -2.56492
-0.846037 3.98029 -2.56492
-0.915373 3.96492 -2.56492
-0.984431 3.94834 -0.110219
-1.05319 3.93056 -0.110219
-1.12163 3.91158 -0.110219
-1.18972 3.89141 2.51409
-1.25746 3.87005 2.51409
-1.32481 3.84751 2.51409
-1.39175 3.82381 5.2582
-1.45827 3.79894 5.2582
-1.52435 3.77291 5.2582
-1.58997 3.74573 8.06882
-1.6551 3.71741 8.06882
-1.71972 3.68796 8.06882
-1.78382 3.65738 10.8917
-1.84738 3.62569 10.8917
-1.91038 3.5929 10.8917
-1.97279 3.55901 13.6736
-2.03461 3.52404 13.6736
-2.0958 3.48799 13.6736
-2.15635 3.45089 16.3653
-2.21625 3.41273 16.3653
-2.27547 3.37353 16.3653
-2.334 3.3333 18.9226
-2.39182 3.29206 18.9226
-2.44891 3.24982 18.9226
-2.50526 3.20658 21.3081
-2.56084 3.16237 21.3081
-2.61564 3.1172 21.3081
-2.66964 3.07107 23.492
-2.72283 3.02401 23.492
-2.7752 2.97603 23.492
-2.82671 2.92715 25.4518
-2.87737 2.87737 25.4518
-2.92715 2.82671 25.4518
-2.97603 2.7752 27.1724
-3.02401 2.72283 27.1724
-3.07107 2.66964 27.1724
-3.1172 2.61564 28.6444
-3.16237 2.56084 28.6444
-3.20658 2.50526 28.6444
-3.24982 2.44891 29.8636
-3.29206 2.39182 29.8636
-3.3333 2.334 29.8636
-3.37353 2.27547 30.8289
-3.41273 2.21625 30.8289
-3.45089 2.15635 30.8289
-3.48799 2.0958 31.5412
-3.52404 2.03461 31.5412
-3.55901 1.97279 31.5412
-3.5929 1.91038 32.0013
-3.62569 1.84738 32.0013
-3.65738 1.78382 32.0013
-3.68796 1.71972 32.2095
-3.71741 1.6551 32.2095
-3.74573 1.58997 32.2095
-3.77291 1.52435 32.1641
-3.79894 1.45827 32.1641
-3.82381 1.39175 32.1641
-3.84751 1.32481 31.8613
-3.87005 1.25746 31.8613
-3.89141 1.18972 31.8613
-3.91158 1.12163 31.2953
-3.93056 1.05319 31.2953
-3.94834 0.984431 31.2953
-3.96492 0.915373 30.4588
-3.98029 0.846037 30.4588
-3.99445 0.776442 30.4588
-4.00739 0.706611 29.3444
-4.01911 0.636565 29.3444
-4.02961 0.566325 29.3444
-4.03888 0.495912 27.9454
-4.04692 0.425348 27.9454
-4.05373 0.354655 27.9454
-4.0593 0.283854 26.258
-4.06363 0.212966 26.258
-4.06673 0.142013 26.258
-4.06859 0.0710175 24.2825
-4.06921 4.98335e-16 24.2825
-4.06859 -0.0710175 24.2825
-4.06673 -0.142013 22.0247
-4.06363 -0.212966 22.0247
-4.0593 -0.283854 22.0247
-4.05373 -0.354655 19.4973
-4.04692 -0.425348 19.4973
-4.03888 -0.495912 19.4973
-4.02961 -0.566325 16.7214
-4.01911 -0.636565 16.7214
-4.00739 -0.706611 16.7214
-3.99445 -0.776442 13.726
-3.98029 -0.846037 13.726
-3.96492 -0.915373 13.726
-3.94834 -0.984431 10.5481
-3.93056 -1.05319 10.5481
-3.91158 -1.12163 10.5481
-3.89141 -1.18972 7.23156
-3.87005 -1.25746 7.23156
-3.84751 -1.32481 7.23156
-3.82381 -1.39175 3.82568
-3.79894 -1.45827 3.82568
-3.77291 -1.52435 3.82568
-3.74573 -1.58997 0.38317
-3.71741 -1.6551 0.38317
-3.68796 -1.71972 0.38317
-3.65738 -1.78382 -3.04219
-3.62569 -1.84738 -3.04219
-3.5929 -1.91038 -3.04219
-3.55901 -1.97279 -6.39781
-3.52404 -2.03461 -6.39781
-3.48799 -2.0958 -6.39781
-3.45089 -2.15635 -9.63464
-3.41273 -2.21625 -9.63464
-3.37353 -2.27547 -9.63464
-3.3333 -2.334 -12.709
-3.29206 -2.39182 -12.709
-3.24982 -2.44891 -12.709
-3.20658 -2.50526 -15.584
-3.16237 -2.56084 -15.584
-3.1172 -2.61564 -15.584
-3.07107 -2.66964 -18.2305
-3.02401 -2.72283 -18.2305
-2.97603 -2.7752 -18.2305
-2.92715 -2.82671 -20.627
-2.87737 -2.87737 -20.627
-2.82671 -2.92715 -20.627
-2.7752 -2.97603 -22.7596
-2.72283 -3.02401 -22.7596
-2.66964 -3.07107 -22.7596
-2.61564 -3.1172 -24.6207
-2.56084 -3.16237 -24.6207
-2.50526 -3.20658 -24.6207
-2.44891 -3.24982 -26.2077
-2.39182 -3.29206 -26.2077
-2.334 -3.3333 -26.2077
-2.27547 -3.37353 -27.5216
-2.21625 -3.41273 -27.5216
-2.15635 -3.45089 -27.5216
-2.0958 -3.48799 -28.5654
-2.03461 -3.52404 -28.5654
-1.97279 -3.55901 -28.5654
-1.91038 -3.5929 -29.3426
-1.84738 -3.62569 -29.3426
-1.78382 -3.65738 -29.3426
-1.71972 -3.68796 -29.8555
-1.6551 -3.71741 -29.8555
-1.58997 -3.74573 -29.8555
-1.52435 -3.77291 -30.1048
-1.45827 -3.79894 -30.1048
-1.39175 -3.82381 -30.1048
-1.32481 -3.84751 -30.0886
-1.25746 -3.87005 -30.0886
-1.18972 -3.89141 -30.0886
-1.12163 -3.91158 -29.8033
-1.05319 -3.93056 -29.8033
-0.984431 -3.94834 -29.8033
-0.915373 -3.96492 -29.2437
-0.846037 -3.98029 -29.2437
-0.776442 -3.99445 -29.2437
-0.706611 -4.00739 -28.4043
-0.636565 -4.01911 -28.4043
-0.566325 -4.02961 -28.4043
-0.495912 -4.03888 -27.2808
-0.425348 -4.04692 -27.2808
-0.354655 -4.05373 -27.2808
-0.283854 -4.0593 -25.8717
-0.212966 -4.06363 -25.8717
-0.142013 -4.06673 -25.8717
-0.0710175 -4.06859 -24.18
-7.47502e-16 -4.06921 -24.18
0.0710175 -4.06859 -24.18
0.142013 -4.06673 -22.2146
0.212966 -4.06363 -22.2146
0.283854 -4.0593 -22.2146
0.354655 -4.05373 -19.992
0.425348 -4.04692 -19.992
0.495912 -4.03888 -19.992
0.566325 -4.02961 -17.5369
0.636565 -4.01911 -17.5369
0.706611 -4.00739 -17.5369
0.776442 -3.99445 -14.8826
0.846037 -3.98029 -14.8826
0.915373 -3.96492 -14.8826
0.984431 -3.94834 -12.0708
1.05319 -3.93056 -12.0708
1.12163 -3.91158 -12.0708
1.18972 -3.89141 -9.15075
1.25746 -3.87005 -9.15075
1.32481 -3.84751 -9.15075
1.39175 -3.82381 -6.17742
1.45827 -3.79894 -6.17742
1.52435 -3.77291 -6.17742
1.58997 -3.74573 -3.20964
1.6551 -3.71741 -3.20964
1.71972 -3.68796 -3.20964
1.78382 -3.65738 -0.307489
1.84738 -3.62569 -0.307489
1.91038 -3.5929 -0.307489
1.97279 -3.55901 2.47022
2.03461 -3.52404 2.47022
2.0958 -3.48799 2.47022
2.15635 -3.45089 5.06855
2.21625 -3.41273 5.06855
2.27547 -3.37353 5.06855
2.334 -3.3333 7.43889
2.39182 -3.29206 7.43889
2.44891 -3.24982 7.43889
2.50526 -3.20658 9.54103
2.56084 -3.16237 9.54103
2.61564 -3.1172 9.54103
2.66964 -3.07107 11.3446
2.72283 -3.02401 11.3446
2.7752 -2.97603 11.3446
2.82671 -2.92715 12.8297
2.87737 -2.87737 12.8297
2.92715 -2.82671 12.8297
2.97603 -2.7752 13.9875
3.02401 -2.72283 13.9875
3.07107 -2.66964 13.9875
3.1172 -2.61564 14.8197
3.16237 -2.56084 14.8197
3.20658 -2.50526 14.8197
3.24982 -2.44891 15.3374
3.29206 -2.39182 15.3374
3.3333 -2.334 15.3374
3.37353 -2.27547 15.5607
3.41273 -2.21625 15.5607
3.45089 -2.15635 15.5607
3.48799 -2.0958 15.5162
3.52404 -2.03461 15.5162
3.55901 -1.97279 15.5162
3.5929 -1.91038 15.2356
3.62569 -1.84738 15.2356
3.65738 -1.78382 15.2356
3.68796 -1.71972 14.7542
3.71741 -1.6551 14.7542
3.74573 -1.58997 14.7542
3.77291 -1.52435 14.1081
3.79894 -1.45827 14.1081
3.82381 -1.39175 14.1081
3.84751 -1.32481 13.3332
3.87005 -1.25746 13.3332
3.89141 -1.18972 13.3332
3.91158 -1.12163 12.4633
3.93056 -1.05319 12.4633
3.94834 -0.984431 12.4633
3.96492 -0.915373 11.5289
3.98029 -0.846037 11.5289
3.99445 -0.776442 11.5289
4.00739 -0.706611 10.5563
4.01911 -0.636565 10.5563
4.02961 -0.566325 10.5563
4.03888 -0.495912 9.56725
4.04692 -0.425348 9.56725
4.05373 -0.354655 9.56725
4.0593 -0.283854 8.57865
4.06363 -0.212966 8.57865
4.06673 -0.142013 8.57865
4.06859 -0.0710175 7.17229

4.149 0 7.99366
4.14837 0.07241 7.99366
4.14647 0.144798 6.99748
4.14331 0.217142 6.99748
4.13889 0.28942 6.99748
4.13321 0.361609 6.03656
4.12627 0.433689 6.03656
4.11807 0.505636 6.03656
4.10862 0.577429 5.11058
4.09792 0.649047 5.11058
4.08597 0.720466 4.21695
4.07277 0.791666 4.21695
4.05833 0.862626 4.21695
4.04266 0.933322 3.35141
4.02576 1.00373 3.35141
4.00763 1.07384 3.35141
3.98827 1.14362 2.50854
3.96771 1.21305 2.50854
3.94593 1.28211 2.50854
3.92296 1.35078 1.68212
3.89878 1.41904 1.68212
3.87342 1.48687 1.68212
3.84689 1.55424 0.865551
3.81917 1.62114 0.865551
3.7903 1.68755 0.865551
3.76027 1.75344 0.0520327
3.7291 1.8188 0.0520327
3.69679 1.88361 0.0520327
3.66335 1.94784 -0.765154
3.6288 2.01147 -0.765154
3.59314 2.0745 -1.59244
3.55639 2.13689 -1.59244
3.51855 2.19863 -1.59244
3.47964 2.25971 -2.4357
3.43968 2.32009 -2.4357
3.39866 2.37977 -2.4357
3.35661 2.43872 -3.29998
3.31354 2.49693 -3.29998
3.26946 2.55438 -3.29998
3.22438 2.61105 -4.18908
3.17832 2.66693 -4.18908
3.13129 2.72199 -4.18908
3.08331 2.77622 -5.10511
3.03439 2.82961 -5.10511
2.98454 2.88214 -5.10511
2.93379 2.93379 -6.04795
2.88214 2.98454 -6.04795
2.82961 3.03439 -6.04795
2.77622 3.08331 -7.01468
2.72199 3.13129 -7.01468
2.66693 3.17832 -7.99893
2.61105 3.22438 -7.99893
2.55438 3.26946 -7.99893
2.49693 3.31354 -8.99037
2.43872 3.35661 -8.99037
2.37977 3.39866 -8.99037
2.32009 3.43968 -9.97423
2.25971 3.47964 -9.97423
2.19863 3.51855 -9.97423
2.13689 3.55639 -10.9312
2.0745 3.59314 -10.9312
2.01147 3.6288 -10.9312
1.94784 3.66335 -11.8373
1.88361 3.69679 -11.8373
1.8188 3.7291 -11.8373
1.75344 3.76027 -12.6645
1.68755 3.7903 -12.6645
1.62114 3.81917 -12.6645
1.55424 3.84689 -13.381
1.48687 3.87342 -13.381
1.41904 3.89878 -13.9527
1.35078 3.92296 -13.9527
1.28211 3.94593 -13.9527
1.21305 3.96771 -14.3443
1.14362 3.98827 -14.3443
1.07384 4.00763 -14.3443
1.00373 4.02576 -14.5209
0.933322 4.04266 -14.5209
0.862626 4.05833 -14.5209
0.791666 4.07277 -14.4497
0.720466 4.08597 -14.4497
0.649047 4.09792 -14.4497
0.577429 4.10862 -14.102
0.505636 4.11807 -14.102
0.433689 4.12627 -14.102
0.361609 4.13321 -13.4547
0.28942 4.13889 -13.4547
0.217142 4.14331 -13.4547
0.144798 4.14647 -12.4917
0.07241 4.14837 -12.4917
2.54053e-16 4.149 -11.2054
-0.07241 4.14837 -11.2054
-0.144798 4.14647 -11.2054
-0.217142 4.14331 -9.59779
-0.28942 4.13889 -9.59779
-0.361609 4.13321 -9.59779
-0.433689 4.12627 -7.6805
-0.505636 4.11807 -7.6805
-0.577429 4.10862 -7.6805
-0.649047 4.09792 -5.47536
-0.720466 4.08597 -5.47536
-0.791666 4.07277 -5.47536
-0.862626 4.05833 -3.01385
-0.933322 4.04266 -3.01385
-1.00373 4.02576 -3.01385
-1.07384 4.00763 -0.336133
-1.14362 3.98827 -0.336133
-1.21305 3.96771 -0.336133
-1.28211 3.94593 2.51043
-1.35078 3.92296 2.51043
-1.41904 3.89878 5.47322
-1.48687 3.87342 5.47322
-1.55424 3.84689 5.47322
-1.62114 3.81917 8.49665
-1.68755 3.7903 8.49665
-1.75344 3.76027 8.49665
-1.8188 3.7291 11.5246
-1.88361 3.69679 11.5246
-1.94784 3.66335 11.5246
-2.01147 3.6288 14.5026
-2.0745 3.59314 14.5026
-2.13689 3.55639 14.5026
-2.19863 3.51855 17.3804
-2.25971 3.47964 17.3804
-2.32009 3.43968 17.3804
-2.37977 3.39866 20.1137
-2.43872 3.35661 20.1137
-2.49693 3.31354 20.1137
-2.55438 3.26946 22.6653
-2.61105 3.22438 22.6653
-2.66693 3.17832 25.0059
-2.72199 3.13129 25.0059
-2.77622 3.08331 25.0059
-2.82961 3.03439 27.1145
-2.88214 2.98454 27.1145
-2.93379 2.93379 27.1145
-2.98454 2.88214 28.9774
-3.03439 2.82961 28.9774
-3.08331 2.77622 28.9774
-3.13129 2.72199 30.5876
-3.17832 2.66693 30.5876
-3.22438 2.61105 30.5876
-3.26946 2.55438 31.9432
-3.31354 2.49693 31.9432
-3.35661 2.43872 31.9432
-3.39866 2.37977 33.0461
-3.43968 2.32009 33.0461
-3.47964 2.25971 33.0461
-3.51855 2.19863 33.9
-3.55639 2.13689 33.9
-3.59314 2.0745 34.5091
-3.6288 2.01147 34.5091
-3.66335 1.94784 34.5091
-3.69679 1.88361 34.8766
-3.7291 1.8188 34.8766
-3.76027 1.75344 34.8766
-3.7903 1.68755 35.0033
-3.81917 1.62114 35.0033
-3.84689 1.55424 35.0033
-3.87342 1.48687 34.8875
-3.89878 1.41904 34.8875
-3.92296 1.35078 34.8875
-3.94593 1.28211 34.5242
-3.96771 1.21305 34.5242
-3.98827 1.14362 34.5242
-4.00763 1.07384 33.9056
-4.02576 1.00373 33.9056
-4.04266 0.933322 33.9056
-4.05833 0.862626 33.022
-4.07277 0.791666 33.022
-4.08597 0.720466 31.863
-4.09792 0.649047 31.863
-4.10862 0.577429 31.863
-4.11807 0.505636 30.4192
-4.12627 0.433689 30.4192
-4.13321 0.361609 30.4192
-4.13889 0.28942 28.6833
-4.14331 0.217142 28.6833
-4.14647 0.144798 28.6833
-4.14837 0.07241 26.6524
-4.149 5.08106e-16 26.6524
-4.14837 -0.07241 26.6524
-4.14647 -0.144798 24.3292
-4.14331 -0.217142 24.3292
-4.13889 -0.28942 24.3292
-4.13321 -0.361609 21.7232
-4.12627 -0.433689 21.7232
-4.11807 -0.505636 21.7232
-4.10862 -0.577429 18.8527
-4.09792 -0.649047 18.8527
-4.08597 -0.720466 18.8527
-4.07277 -0.791666 15.7442
-4.05833 -0.862626 15.7442
-4.04266 -0.933322 12.4329
-4.02576 -1.00373 12.4329
-4.00763 -1.07384 12.4329
-3.98827 -1.14362 8.96159
-3.96771 -1.21305 8.96159
-3.94593 -1.28211 8.96159
-3.92296 -1.35078 5.37923
-3.89878 -1.41904 5.37923
-3.87342 -1.48687 5.37923
-3.84689 -1.55424 1.7391
-3.81917 -1.62114 1.7391
-3.7903 -1.68755 1.7391
-3.76027 -1.75344 -1.9035
-3.7291 -1.8188 -1.9035
-3.69679 -1.88361 -1.9035
-3.66335 -1.94784 -5.49369
-3.6288 -2.01147 -5.49369
-3.59314 -2.0745 -5.49369
-3.55639 -2.13689 -8.97937
-3.51855 -2.19863 -8.97937
-3.47964 -2.25971 -12.3134
-3.43968 -2.32009 -12.3134
-3.39866 -2.37977 -12.3134
-3.35661 -2.43872 -15.4552
-3.31354 -2.49693 -15.4552
-3.26946 -2.55438 -15.4552
-3.22438 -2.61105 -18.372
-3.17832 -2.66693 -18.372
-3.13129 -2.72199 -18.372
-3.08331 -2.77622 -21.0396
-3.03439 -2.82961 -21.0396
-2.98454 -2.88214 -21.0396
-2.93379 -2.93379 -23.4415
-2.88214 -2.98454 -23.4415
-2.82961 -3.03439 -23.4415
-2.77622 -3.08331 -25.569
-2.72199 -3.13129 -25.569
-2.66693 -3.17832 -25.569
-2.61105 -3.22438 -27.4194
-2.55438 -3.26946 -27.4194
-2.49693 -3.31354 -28.9947
-2.43872 -3.35661 -28.9947
-2.37977 -3.39866 -28.9947
-2.32009 -3.43968 -30.3001
-2.25971 -3.47964 -30.3001
-2.19863 -3.51855 -30.3001
-2.13689 -3.55639 -31.3417
-2.0745 -3.59314 -31.3417
-2.01147 -3.6288 -31.3417
-1.94784 -3.66335 -32.126
-1.88361 -3.69679 -32.126
-1.8188 -3.7291 -32.126
-1.75344 -3.76027 -32.6573
-1.68755 -3.7903 -32.6573
-1.62114 -3.81917 -32.6573
-1.55424 -3.84689 -32.9372
-1.48687 -3.87342 -32.9372
-1.41904 -3.89878 -32.9372
-1.35078 -3.92296 -32.9642
-1.28211 -3.94593 -32.9642
-1.21305 -3.96771 -32.7339
-1.14362 -3.98827 -32.7339
-1.07384 -4.00763 -32.7339
-1.00373 -4.02576 -32.239
-0.933322 -4.04266 -32.239
-0.862626 -4.05833 -32.239
-0.791666 -4.07277 -31.4714
-0.720466 -4.08597 -31.4714
-0.649047 -4.09792 -31.4714
-0.577429 -4.10862 -30.4225
-0.505636 -4.11807 -30.4225
-0.433689 -4.12627 -30.4225
-0.361609 -4.13321 -29.0859
-0.28942 -4.13889 -29.0859
-0.217142 -4.14331 -29.0859
-0.144798 -4.14647 -27.4585
-0.07241 -4.14837 -27.4585
-7.62159e-16 -4.149 -27.4585
0.07241 -4.14837 -25.5426
0.144798 -4.14647 -25.5426
0.217142 -4.14331 -23.3472
0.28942 -4.13889 -23.3472
0.361609 -4.13321 -23.3472
0.433689 -4.12627 -20.8895
0.505636 -4.11807 -20.8895
0.577429 -4.10862 -20.8895
0.649047 -4.09792 -18.1956
0.720466 -4.08597 -18.1956
0.791666 -4.07277 -18.1956
0.862626 -4.05833 -15.3007
0.933322 -4.04266 -15.3007
1.00373 -4.02576 -15.3007
1.07384 -4.00763 -12.2486
1.14362 -3.98827 -12.2486
1.21305 -3.96771 -12.2486
1.28211 -3.94593 -9.09091
1.35078 -3.92296 -9.09091
1.41904 -3.89878 -9.09091
1.48687 -3.87342 -5.88498
1.55424 -3.84689 -5.88498
1.62114 -3.81917 -2.69191
1.68755 -3.7903 -2.69191
1.75344 -3.76027 -2.69191
1.8188 -3.7291 0.426069
1.88361 -3.69679 0.426069
1.94784 -3.66335 0.426069
2.01147 -3.6288 3.40813
2.0745 -3.59314 3.40813
2.13689 -3.55639 3.40813
2.19863 -3.51855 6.19747
2.25971 -3.47964 6.19747
2.32009 -3.43968 6.19747
2.37977 -3.39866 8.74378
2.43872 -3.35661 8.74378
2.49693 -3.31354 8.74378
2.55438 -3.26946 11.0054
2.61105 -3.22438 11.0054
2.66693 -3.17832 11.0054
2.72199 -3.13129 12.9504
2.77622 -3.08331 12.9504
2.82961 -3.03439 14.558
2.88214 -2.98454 14.558
2.93379 -2.93379 14.558
2.98454 -2.88214 15.8181
3.03439 -2.82961 15.8181
3.08331 -2.77622 15.8181
3.13129 -2.72199 16.7316
3.17832 -2.66693 16.7316
3.22438 -2.61105 16.7316
3.26946 -2.55438 17.3091
3.31354 -2.49693 17.3091
3.35661 -2.43872 17.3091
3.39866 -2.37977 17.5702
3.43968 -2.32009 17.5702
3.47964 -2.25971 17.5702
3.51855 -2.19863 17.5418
3.55639 -2.13689 17.5418
3.59314 -2.0745 17.5418
3.6288 -2.01147 17.2566
3.66335 -1.94784 17.2566
3.69679 -1.88361 16.751
3.7291 -1.8188 16.751
3.76027 -1.75344 16.751
3.7903 -1.68755 16.0631
3.81917 -1.62114 16.0631
3.84689 -1.55424 16.0631
3.87342 -1.48687 15.2315
3.89878 -1.41904 15.2315
3.92296 -1.35078 15.2315
3.94593 -1.28211 14.2928
3.96771 -1.21305 14.2928
3.98827 -1.14362 14.2928
4.00763 -1.07384 13.2809
4.02576 -1.00373 13.2809
4.04266 -0.933322 13.2809
4.05833 -0.862626 12.2253
4.07277 -0.791666 12.2253
4.08597 -0.720466 12.2253
4.09792 -0.649047 11.1512
4.10862 -0.577429 11.1512
4.11807 -0.505636 10.0787
4.12627 -0.433689 10.0787
4.13321 -0.361609 10.0787
4.13889 -0.28942 9.02272
4.14331 -0.217142 9.02272
4.14647 -0.144798 9.02272
4.14837 -0.07241 7.60279

4.22879 0 7.99366
4.22814 0.0738025 7.99366
4.22621 0.147583 6.99748
4.22299 0.221318 6.99748
4.21849 0.294985 6.99748
4.2127 0.368563 6.03656
4.20562 0.442029 6.03656
4.19727 0.51536 6.03656
4.18763 0.588534 5.11058
4.17672 0.661528 5.11058
4.16454 0.734321 4.21695
4.15109 0.806891 4.21695
4.13638 0.879214 4.21695
4.1204 0.95127 3.35141
4.10318 1.02304 3.35141
4.0847 1.09449 3.35141
4.06497 1.16561 2.50854
4.04401 1.23638 2.50854
4.02182 1.30677 2.50854
3.9984 1.37676 1.68212
3.97376 1.44633 1.68212
3.94791 1.51546 1.68212
3.92086 1.58413 0.865551
3.89262 1.65232 0.865551
3.86319 1.72 0.865551
3.83258 1.78716 0.0520327
3.80081 1.85378 0.0520327
3.76788 1.91983 0.0520327
3.7338 1.9853 -0.765154
3.69858 2.05016 -0.765154
3.66224 2.11439 -1.59244
3.62478 2.17799 -1.59244
3.58622 2.24092 -1.59244
3.54656 2.30316 -2.4357
3.50582 2.36471 -2.4357
3.46402 2.42553 -2.4357
3.42116 2.48562 -3.29998
3.37726 2.54495 -3.29998
3.33233 2.6035 -3.29998
3.28639 2.66126 -4.18908
3.23944 2.71821 -4.18908
3.19151 2.77433 -4.18908
3.1426 2.82961 -5.10511
3.09274 2.88403 -5.10511
3.04194 2.93756 -5.10511
2.9902 2.9902 -6.04795
2.93756 3.04194 -6.04795
2.88403 3.09274 -6.04795
2.82961 3.1426 -7.01468
2.77433 3.19151 -7.01468
2.71821 3.23944 -7.99893
2.66126 3.28639 -7.99893
2.6035 3.33233 -7.99893
2.54495 3.37726 -8.99037
2.48562 3.42116 -8.99037
2.42553 3.46402 -8.99037
2.36471 3.50582 -9.97423
2.30316 3.54656 -9.97423
2.24092 3.58622 -9.97423
2.17799 3.62478 -10.9312
2.11439 3.66224 -10.9312
2.05016 3.69858 -10.9312
1.9853 3.7338 -11.8373
1.91983 3.76788 -11.8373
1.85378 3.80081 -11.8373
1.78716 3.83258 -12.6645
1.72 3.86319 -12.6645
1.65232 3.89262 -12.6645
1.58413 3.92086 -13.381
1.51546 3.94791 -13.381
1.44633 3.97376 -13.9527
1.37676 3.9984 -13.9527
1.30677 4.02182 -13.9527
1.23638 4.04401 -14.3443
1.16561 4.06497 -14.3443
1.09449 4.0847 -14.3443
1.02304 4.10318 -14.5209
0.95127 4.1204 -14.5209
0.879214 4.13638 -14.5209
0.806891 4.15109 -14.4497
0.734321 4.16454 -14.4497
0.661528 4.17672 -14.4497
0.588534 4.18763 -14.102
0.51536 4.19727 -14.102
0.442029 4.20562 -14.102
0.368563 4.2127 -13.4547
0.294985 4.21849 -13.4547
0.221318 4.22299 -13.4547
0.147583 4.22621 -12.4917
0.0738025 4.22814 -12.4917
2.58939e-16 4.22879 -11.2054
-0.0738025 4.22814 -11.2054
-0.147583 4.22621 -11.2054
-0.221318 4.22299 -9.59779
-0.294985 4.21849 -9.59779
-0.368563 4.2127 -9.59779
-0.442029 4.20562 -7.6805
-0.51536 4.19727 -7.6805
-0.588534 4.18763 -7.6805
-0.661528 4.17672 -5.47536
-0.734321 4.16454 -5.47536
-0.806891 4.15109 -5.47536
-0.879214 4.13638 -3.01385
-0.95127 4.1204 -3.01385
-1.02304 4.10318 -3.01385
-1.09449 4.0847 -0.336133
-1.16561 4.06497 -0.336133
-1.23638 4.04401 -0.336133
-1.30677 4.02182 2.51043
-1.37676 3.9984 2.51043
-1.44633 3.97376 5.47322
-1.51546 3.94791 5.47322
-1.58413 3.92086 5.47322
-1.65232 3.89262 8.49665
-1.72 3.86319 8.49665
-1.78716 3.83258 8.49665
-1.85378 3.80081 11.5246
-1.91983 3.76788 11.5246
-1.9853 3.7338 11.5246
-2.05016 3.69858 14.5026
-2.11439 3.66224 14.5026
-2.17799 3.62478 14.5026
-2.24092 3.58622 17.3804
-2.30316 3.54656 17.3804
-2.36471 3.50582 17.3804
-2.42553 3.46402 20.1137
-2.48562 3.42116 20.1137
-2.54495 3.37726 20.1137
-2.6035 3.33233 22.6653
-2.66126 3.28639 22.6653
-2.71821 3.23944 25.0059
-2.77433 3.19151 25.0059
-2.82961 3.1426 25.0059
-2.88403 3.09274 27.1145
-2.93756 3.04194 27.1145
-2.9902 2.9902 27.1145
-3.04194 2.93756 28.9774
-3.09274 2.88403 28.9774
-3.1426 2.82961 28.9774
-3.19151 2.77433 30.5876
-3.23944 2.71821 30.5876
-3.28639 2.66126 30.5876
-3.33233 2.6035 31.9432
-3.37726 2.54495 31.9432
-3.42116 2.48562 31.9432
-3.46402 2.42553 33.0461
-3.50582 2.36471 33.0461
-3.54656 2.30316 33.0461
-3.58622 2.24092 33.9
-3.62478 2.17799 33.9
-3.66224 2.11439 34.5091
-3.69858 2.05016 34.5091
-3.7338 1.9853 34.5091
-3.76788 1.91983 34.8766
-3.80081 1.85378 34.8766
-3.83258 1.78716 34.8766
-3.86319 1.72 35.0033
-3.89262 1.65232 35.0033
-3.92086 1.58413 35.0033
-3.94791 1.51546 34.8875
-3.97376 1.44633 34.8875
-3.9984 1.37676 34.8875
-4.02182 1.30677 34.5242
-4.04401 1.23638 34.5242
-4.06497 1.16561 34.5242
-4.0847 1.09449 33.9056
-4.10318 1.02304 33.9056
-4.1204 0.95127 33.9056
-4.13638 0.879214 33.022
-4.15109 0.806891 33.022
-4.16454 0.734321 31.863
-4.17672 0.661528 31.863
-4.18763 0.588534 31.863
-4.19727 0.51536 30.4192
-4.20562 0.442029 30.4192
-4.2127 0.368563 30.4192
-4.21849 0.294985 28.6833
-4.22299 0.221318 28.6833
-4.22621 0.147583 28.6833
-4.22814 0.0738025 26.6524
-4.22879 5.17877e-16 26.6524
-4.22814 -0.0738025 26.6524
-4.22621 -0.147583 24.3292
-4.22299 -0.221318 24.3292
-4.21849 -0.294985 24.3292
-4.2127 -0.368563 21.7232
-4.20562 -0.442029 21.7232
-4.19727 -0.51536 21.7232
-4.18763 -0.588534 18.8527
-4.17672 -0.661528 18.8527
-4.16454 -0.734321 18.8527
-4.15109 -0.806891 15.7442
-4.13638 -0.879214 15.7442
-4.1204 -0.95127 12.4329
-4.10318 -1.02304 12.4329
-4.0847 -1.09449 12.4329
-4.06497 -1.16561 8.96159
-4.04401 -1.23638 8.96159
-4.02182 -1.30677 8.96159
-3.9984 -1.37676 5.37923
-3.97376 -1.44633 5.37923
-3.94791 -1.51546 5.37923
-3.92086 -1.58413 1.7391
-3.89262 -1.65232 1.7391
-3.86319 -1.72 1.7391
-3.83258 -1.78716 -1.9035
-3.80081 -1.85378 -1.9035
-3.76788 -1.91983 -1.9035
-3.7338 -1.9853 -5.49369
-3.69858 -2.05016 -5.49369
-3.66224 -2.11439 -5.49369
-3.62478 -2.17799 -8.97937
-3.58622 -2.24092 -8.97937
-3.54656 -2.30316 -12.3134
-3.50582 -2.36471 -12.3134
-3.46402 -2.42553 -12.3134
-3.42116 -2.48562 -15.4552
-3.37726 -2.54495 -15.4552
-3.33233 -2.6035 -15.4552
-3.28639 -2.66126 -18.372
-3.23944 -2.71821 -18.372
-3.19151 -2.77433 -18.372
-3.1426 -2.82961 -21.0396
-3.09274 -2.88403 -21.0396
-3.04194 -2.93756 -21.0396
-2.9902 -2.9902 -23.4415
-2.93756 -3.04194 -23.4415
-2.88403 -3.09274 -23.4415
-2.82961 -3.1426 -25.569
-2.77433 -3.19151 -25.569
-2.71821 -3.23944 -25.569
-2.66126 -3.28639 -27.4194
-2.6035 -3.33233 -27.4194
-2.54495 -3.37726 -28.9947
-2.48562 -3.42116 -28.9947
-2.42553 -3.46402 -28.9947
-2.36471 -3.50582 -30.3001
-2.30316 -3.54656 -30.3001
-2.24092 -3.58622 -30.3001
-2.17799 -3.62478 -31.3417
-2.11439 -3.66224 -31.3417
-2.05016 -3.69858 -31.3417
-1.9853 -3.7338 -32.126
-1.91983 -3.76788 -32.126
-1.85378 -3.80081 -32.126
-1.78716 -3.83258 -32.6573
-1.72 -3.86319 -32.6573
-1.65232 -3.89262 -32.6573
-1.58413 -3.92086 -32.9372
-1.51546 -3.94791 -32.9372
-1.44633 -3.97376 -32.9372
-1.37676 -3.9984 -32.9642
-1.30677 -4.02182 -32.9642
-1.23638 -4.04401 -32.7339
-1.16561 -4.06497 -32.7339
-1.09449 -4.0847 -32.7339
-1.02304 -4.10318 -32.239
-0.95127 -4.1204 -32.239
-0.879214 -4.13638 -32.239
-0.806891 -4.15109 -31.4714
-0.734321 -4.16454 -31.4714
-0.661528 -4.17672 -31.4714
-0.588534 -4.18763 -30.4225
-0.51536 -4.19727 -30.4225
-0.442029 -4.20562 -30.4225
-0.368563 -4.2127 -29.0859
-0.294985 -4.21849 -29.0859
-0.221318 -4.22299 -29.0859
-0.147583 -4.22621 -27.4585
-0.0738025 -4.22814 -27.4585
-7.76816e-16 -4.22879 -27.4585
0.0738025 -4.22814 -25.5426
0.147583 -4.22621 -25.5426
0.221318 -4.22299 -23.3472
0.294985 -4.21849 -23.3472
0.368563 -4.2127 -23.3472
0.442029 -4.20562 -20.8895
0.51536 -4.19727 -20.8895
0.588534 -4.18763 -20.8895
0.661528 -4.17672 -18.1956
0.734321 -4.16454 -18.1956
0.806891 -4.15109 -18.1956
0.879214 -4.13638 -15.3007
0.95127 -4.1204 -15.3007
1.02304 -4.10318 -15.3007
1.09449 -4.0847 -12.2486
1.16561 -4.06497 -12.2486
1.23638 -4.04401 -12.2486
1.30677 -4.02182 -9.09091
1.37676 -3.9984 -9.09091
1.44633 -3.97376 -9.09091
1.51546 -3.94791 -5.88498
1.58413 -3.92086 -5.88498
1.65232 -3.89262 -2.69191
1.72 -3.86319 -2.69191
1.78716 -3.83258 -2.69191
1.85378 -3.80081 0.426069
1.91983 -3.76788 0.426069
1.9853 -3.7338 0.426069
2.05016 -3.69858 3.40813
2.11439 -3.66224 3.40813
2.17799 -3.62478 3.40813
2.24092 -3.58622 6.19747
2.30316 -3.54656 6.19747
2.36471 -3.50582 6.19747
2.42553 -3.46402 8.74378
2.48562 -3.42116 8.74378
2.54495 -3.37726 8.74378
2.6035 -3.33233 11.0054
2.66126 -3.28639 11.0054
2.71821 -3.23944 11.0054
2.77433 -3.19151 12.9504
2.82961 -3.1426 12.9504
2.88403 -3.09274 14.558
2.93756 -3.04194 14.558
2.9902 -2.9902 14.558
3.04194 -2.93756 15.8181
3.09274 -2.88403 15.8181
3.1426 -2.82961 15.8181
3.19151 -2.77433 16.7316
3.23944 -2.71821 16.7316
3.28639 -2.66126 16.7316
3.33233 -2.6035 17.3091
3.37726 -2.54495 17.3091
3.42116 -2.48562 17.3091
3.46402 -2.42553 17.5702
3.50582 -2.36471 17.5702
3.54656 -2.30316 17.5702
3.58622 -2.24092 17.5418
3.62478 -2.17799 17.5418
3.66224 -2.11439 17.5418
3.69858 -2.05016 17.2566
3.7338 -1.9853 17.2566
3.76788 -1.91983 16.751
3.80081 -1.85378 16.751
3.83258 -1.78716 16.751
3.86319 -1.72 16.0631
3.89262 -1.65232 16.0631
3.92086 -1.58413 16.0631
3.94791 -1.51546 15.2315
3.97376 -1.44633 15.2315
3.9984 -1.37676 15.2315
4.02182 -1.30677 14.2928
4.04401 -1.23638 14.2928
4.06497 -1.16561 14.2928
4.0847 -1.09449 13.2809
4.10318 -1.02304 13.2809
4.1204 -0.95127 13.2809
4.13638 -0.879214 12.2253
4.15109 -0.806891 12.2253
4.16454 -0.734321 12.2253
4.17672 -0.661528 11.1512
4.18763 -0.588534 11.1512
4.19727 -0.51536 10.0787
4.20562 -0.442029 10.0787
4.2127 -0.368563 10.0787
4.21849 -0.294985 9.02272
4.22299 -0.221318 9.02272
4.22621 -0.147583 9.02272
4.22814 -0.0738025 7.60279

4.30858 0 8.33682
4.30792 0.075195 8.33682
4.30595 0.150367 7.30456
4.30267 0.225493 7.30456
4.29808 0.300551 7.30456
4.29218 0.375517 6.31801
4.28497 0.450369 6.31801
4.27646 0.525083 5.37522
4.26665 0.599638 5.37522
4.25553 0.67401 5.37522
4.24312 0.748176 4.47216
4.22942 0.822115 4.47216
4.21442 0.895803 4.47216
4.19815 0.969219 3.60334
4.18059 1.04234 3.60334
4.16177 1.11514 2.7623
4.14167 1.1876 2.7623
4.12031 1.25971 2.7623
4.0977 1.33142 1.94192
4.07384 1.40274 1.94192
4.04874 1.47362 1.94192
4.0224 1.54406 1.13478
3.99484 1.61402 1.13478
3.96607 1.6835 1.13478
3.93608 1.75246 0.333309
3.9049 1.82088 0.333309
3.87252 1.88876 -0.470036
3.83897 1.95605 -0.470036
3.80425 2.02275 -0.470036
3.76837 2.08884 -1.28265
3.73134 2.15429 -1.28265
3.69317 2.21908 -1.28265
3.65388 2.2832 -2.1116
3.61348 2.34662 -2.1116
3.57197 2.40933 -2.1116
3.52938 2.4713 -2.96344
3.48571 2.53252 -2.96344
3.44098 2.59297 -3.84394
3.3952 2.65262 -3.84394
3.34839 2.71148 -3.84394
3.30056 2.7695 -4.75772
3.25172 2.82668 -4.75772
3.2019 2.883 -4.75772
3.15109 2.93844 -5.70775
3.09933 2.99299 -5.70775
3.04662 3.04662 -6.69486
2.99299 3.09933 -6.69486
2.93844 3.15109 -6.69486
2.883 3.2019 -7.71707
2.82668 3.25172 -7.71707
2.7695 3.30056 -7.71707
2.71148 3.34839 -8.76892
2.65262 3.3952 -8.76892
2.59297 3.44098 -8.76892
2.53252 3.48571 -9.8409
2.4713 3.52938 -9.8409
2.40933 3.57197 -10.9189
2.34662 3.61348 -10.9189
2.2832 3.65388 -10.9189
2.21908 3.69317 -11.9841
2.15429 3.73134 -11.9841
2.08884 3.76837 -11.9841
2.02275 3.80425 -13.0127
1.95605 3.83897 -13.0127
1.88876 3.87252 -13.0127
1.82088 3.9049 -13.9762
1.75246 3.93608 -13.9762
1.6835 3.96607 -14.8425
1.61402 3.99484 -14.8425
1.54406 4.0224 -14.8425
1.47362 4.04874 -15.576
1.40274 4.07384 -15.576
1.33142 4.0977 -15.576
1.25971 4.12031 -16.1396
1.1876 4.14167 -16.1396
1.11514 4.16177 -16.4958
1.04234 4.18059 -16.4958
0.969219 4.19815 -16.4958
0.895803 4.21442 -16.6086
0.822115 4.22942 -16.6086
0.748176 4.24312 -16.6086
0.67401 4.25553 -16.4451
0.599638 4.26665 -16.4451
0.525083 4.27646 -16.4451
0.450369 4.28497 -15.9773
0.375517 4.29218 -15.9773
0.300551 4.29808 -15.1839
0.225493 4.30267 -15.1839
0.150367 4.30595 -15.1839
0.075195 4.30792 -14.0513
2.63824e-16 4.30858 -14.0513
-0.075195 4.30792 -14.0513
-0.150367 4.30595 -12.575
-0.225493 4.30267 -12.575
-0.300551 4.29808 -12.575
-0.375517 4.29218 -10.7603
-0.450369 4.28497 -10.7603
-0.525083 4.27646 -8.62241
-0.599638 4.26665 -8.62241
-0.67401 4.25553 -8.62241
-0.748176 4.24312 -6.18706
-0.822115 4.22942 -6.18706
-0.895803 4.21442 -6.18706
-0.969219 4.19815 -3.4895
-1.04234 4.18059 -3.4895
-1.11514 4.16177 -0.573589
-1.1876 4.14167 -0.573589
-1.25971 4.12031 -0.573589
-1.33142 4.0977 2.50986
-1.40274 4.07384 2.50986
-1.47362 4.04874 2.50986
-1.54406 4.0224 5.7052
-1.61402 3.99484 5.7052
-1.6835 3.96607 5.7052
-1.75246 3.93608 8.95424
-1.82088 3.9049 8.95424
-1.88876 3.87252 12.1987
-1.95605 3.83897 12.1987
-2.02275 3.80425 12.1987
-2.08884 3.76837 15.3826
-2.15429 3.73134 15.3826
-2.21908 3.69317 15.3826
-2.2832 3.65388 18.4545
-2.34662 3.61348 18.4545
-2.40933 3.57197 18.4545
-2.4713 3.52938 21.3695
-2.53252 3.48571 21.3695
-2.59297 3.44098 24.0904
-2.65262 3.3952 24.0904
-2.71148 3.34839 24.0904
-2.7695 3.30056 26.5885
-2.82668 3.25172 26.5885
-2.883 3.2019 26.5885
-2.93844 3.15109 28.8439
-2.99299 3.09933 28.8439
-3.04662 3.04662 30.8447
-3.09933 2.99299 30.8447
-3.15109 2.93844 30.8447
-3.2019 2.883 32.5858
-3.25172 2.82668 32.5858
-3.30056 2.7695 32.5858
-3.34839 2.71148 34.0682
-3.3952 2.65262 34.0682
-3.44098 2.59297 34.0682
-3.48571 2.53252 35.2964
-3.52938 2.4713 35.2964
-3.57197 2.40933 36.2777
-3.61348 2.34662 36.2777
-3.65388 2.2832 36.2777
-3.69317 2.21908 37.0197
-3.73134 2.15429 37.0197
-3.76837 2.08884 37.0197
-3.80425 2.02275 37.5291
-3.83897 1.95605 37.5291
-3.87252 1.88876 37.5291
-3.9049 1.82088 37.8104
-3.93608 1.75246 37.8104
-3.96607 1.6835 37.8646
-3.99484 1.61402 37.8646
-4.0224 1.54406 37.8646
-4.04874 1.47362 37.6888
-4.07384 1.40274 37.6888
-4.0977 1.33142 37.6888
-4.12031 1.25971 37.2761
-4.14167 1.1876 37.2761
-4.16177 1.11514 36.6165
-4.18059 1.04234 36.6165
-4.19815 0.969219 36.6165
-4.21442 0.895803 35.6972
-4.22942 0.822115 35.6972
-4.24312 0.748176 35.6972
-4.25553 0.67401 34.5048
-4.26665 0.599638 34.5048
-4.27646 0.525083 34.5048
-4.28497 0.450369 33.0262
-4.29218 0.375517 33.0262
-4.29808 0.300551 31.2511
-4.30267 0.225493 31.2511
-4.30595 0.150367 31.2511
-4.30792 0.075195 29.173
-4.30858 5.27648e-16 29.173
-4.30792 -0.075195 29.173
-4.30595 -0.150367 26.791
-4.30267 -0.225493 26.791
-4.29808 -0.300551 26.791
-4.29218 -0.375517 24.1118
-4.28497 -0.450369 24.1118
-4.27646 -0.525083 21.1503
-4.26665 -0.599638 21.1503
-4.25553 -0.67401 21.1503
-4.24312 -0.748176 17.9308
-4.22942 -0.822115 17.9308
-4.21442 -0.895803 17.9308
-4.19815 -0.969219 14.4866
-4.18059 -1.04234 14.4866
-4.16177 -1.11514 14.4866
-4.14167 -1.1876 10.8593
-4.12031 -1.25971 10.8593
-4.0977 -1.33142 7.09767
-4.07384 -1.40274 7.09767
-4.04874 -1.47362 7.09767
-4.0224 -1.54406 3.25572
-3.99484 -1.61402 3.25572
-3.96607 -1.6835 3.25572
-3.93608 -1.75246 -0.609638
-3.9049 -1.82088 -0.609638
-3.87252 -1.88876 -4.44099
-3.83897 -1.95605 -4.44099
-3.80425 -2.02275 -4.44099
-3.76837 -2.08884 -8.18294
-3.73134 -2.15429 -8.18294
-3.69317 -2.21908 -8.18294
-3.65388 -2.2832 -11.7844
-3.61348 -2.34662 -11.7844
-3.57197 -2.40933 -11.7844
-3.52938 -2.4713 -15.2006
-3.48571 -2.53252 -15.2006
-3.44098 -2.59297 -18.3948
-3.3952 -2.65262 -18.3948
-3.34839 -2.71148 -18.3948
-3.30056 -2.7695 -21.3386
-3.25172 -2.82668 -21.3386
-3.2019 -2.883 -21.3386
-3.15109 -2.93844 -24.0129
-3.09933 -2.99299 -24.0129
-3.04662 -3.04662 -24.0129
-2.99299 -3.09933 -26.4067
-2.93844 -3.15109 -26.4067
-2.883 -3.2019 -28.5166
-2.82668 -3.25172 -28.5166
-2.7695 -3.30056 -28.5166
-2.71148 -3.34839 -30.345
-2.65262 -3.3952 -30.345
-2.59297 -3.44098 -30.345
-2.53252 -3.48571 -31.8984
-2.4713 -3.52938 -31.8984
-2.40933 -3.57197 -33.1862
-2.34662 -3.61348 -33.1862
-2.2832 -3.65388 -33.1862
-2.21908 -3.69317 -34.2181
-2.15429 -3.73134 -34.2181
-2.08884 -3.76837 -34.2181
-2.02275 -3.80425 -35.0034
-1.95605 -3.83897 -35.0034
-1.88876 -3.87252 -35.0034
-1.82088 -3.9049 -35.5486
-1.75246 -3.93608 -35.5486
-1.6835 -3.96607 -35.8567
-1.61402 -3.99484 -35.8567
-1.54406 -4.0224 -35.8567
-1.47362 -4.04874 -35.9266
-1.40274 -4.07384 -35.9266
-1.33142 -4.0977 -35.9266
-1.25971 -4.12031 -35.7532
-1.1876 -4.14167 -35.7532
-1.11514 -4.16177 -35.7532
-1.04234 -4.18059 -35.3279
-0.969219 -4.19815 -35.3279
-0.895803 -4.21442 -34.6395
-0.822115 -4.22942 -34.6395
-0.748176 -4.24312 -34.6395
-0.67401 -4.25553 -33.6761
-0.599638 -4.26665 -33.6761
-0.525083 -4.27646 -33.6761
-0.450369 -4.28497 -32.4263
-0.375517 -4.29218 -32.4263
-0.300551 -4.29808 -30.8815
-0.225493 -4.30267 -30.8815
-0.150367 -4.30595 -30.8815
-0.075195 -4.30792 -29.0371
-7.91473e-16 -4.30858 -29.0371
0.075195 -4.30792 -29.0371
0.150367 -4.30595 -26.8951
0.225493 -4.30267 -26.8951
0.300551 -4.29808 -26.8951
0.375517 -4.29218 -24.4648
0.450369 -4.28497 -24.4648
0.525083 -4.27646 -21.7645
0.599638 -4.26665 -21.7645
0.67401 -4.25553 -21.7645
0.748176 -4.24312 -18.822
0.822115 -4.22942 -18.822
0.895803 -4.21442 -18.822
0.969219 -4.19815 -15.6749
1.04234 -4.18059 -15.6749
1.11514 -4.16177 -15.6749
1.1876 -4.14167 -12.3695
1.25971 -4.12031 -12.3695
1.33142 -4.0977 -8.96015
1.40274 -4.07384 -8.96015
1.47362 -4.04874 -8.96015
1.54406 -4.0224 -5.50708
1.61402 -3.99484 -5.50708
1.6835 -3.96607 -5.50708
1.75246 -3.93608 -2.07401
1.82088 -3.9049 -2.07401
1.88876 -3.87252 1.27424
1.95605 -3.83897 1.27424
2.02275 -3.80425 1.27424
2.08884 -3.76837 4.4745
2.15429 -3.73134 4.4745
2.21908 -3.69317 4.4745
2.2832 -3.65388 7.46778
2.34662 -3.61348 7.46778
2.40933 -3.57197 7.46778
2.4713 -3.52938 10.2018
2.53252 -3.48571 10.2018
2.59297 -3.44098 12.6331
2.65262 -3.3952 12.6331
2.71148 -3.34839 12.6331
2.7695 -3.30056 14.7285
2.82668 -3.25172 14.7285
2.883 -3.2019 14.7285
2.93844 -3.15109 16.4657
2.99299 -3.09933 16.4657
3.04662 -3.04662 16.4657
3.09933 -2.99299 17.8337
3.15109 -2.93844 17.8337
3.2019 -2.883 18.8325
3.25172 -2.82668 18.8325
3.30056 -2.7695 18.8325
3.34839 -2.71148 19.4721
3.3952 -2.65262 19.4721
3.44098 -2.59297 19.4721
3.48571 -2.53252 19.7719
3.52938 -2.4713 19.7719
3.57197 -2.40933 19.7588
3.61348 -2.34662 19.7588
3.65388 -2.2832 19.7588
3.69317 -2.21908 19.4661
3.73134 -2.15429 19.4661
3.76837 -2.08884 19.4661
3.80425 -2.02275 18.9317
3.83897 -1.95605 18.9317
3.87252 -1.88876 18.9317
3.9049 -1.82088 18.1958
3.93608 -1.75246 18.1958
3.96607 -1.6835 17.2993
3.99484 -1.61402 17.2993
4.0224 -1.54406 17.2993
4.04874 -1.47362 16.2819
4.07384 -1.40274 16.2819
4.0977 -1.33142 16.2819
4.12031 -1.25971 15.1808
4.14167 -1.1876 15.1808
4.16177 -1.11514 15.1808
4.18059 -1.04234 14.0293
4.19815 -0.969219 14.0293
4.21442 -0.895803 12.856
4.22942 -0.822115 12.856
4.24312 -0.748176 12.856
4.25553 -0.67401 11.6845
4.26665 -0.599638 11.6845
4.27646 -0.525083 11.6845
4.28497 -0.450369 10.5329
4.29218 -0.375517 10.5329
4.29808 -0.300551 9.41426
4.30267 -0.225493 9.41426
4.30595 -0.150367 9.41426
4.30792 -0.075195 7.99366

4.38837 0 8.33682
4.3877 0.0765875 8.33682
4.38569 0.153152 7.30456
4.38235 0.229669 7.30456
4.37768 0.306117 7.30456
4.37167 0.382471 6.31801
4.36433 0.458709 6.31801
4.35565 0.534807 5.37522
4.34566 0.610742 5.37522
4.33434 0.686492 5.37522
4.3217 0.762032 4.47216
4.30774 0.83734 4.47216
4.29247 0.912392 4.47216
4.27589 0.987167 3.60334
4.25801 1.06164 3.60334
4.23884 1.13579 2.7623
4.21837 1.2096 2.7623
4.19661 1.28303 2.7623
4.17358 1.35608 1.94192
4.14928 1.42871 1.94192
4.12371 1.50091 1.94192
4.09689 1.57265 1.13478
4.06882 1.64391 1.13478
4.03951 1.71467 1.13478
4.00897 1.78491 0.333309
3.97721 1.8546 0.333309
3.94424 1.92373 -0.470036
3.91006 1.99228 -0.470036
3.8747 2.06021 -0.470036
3.83815 2.12752 -1.28265
3.80044 2.19418 -1.28265
3.76156 2.26018 -1.28265
3.72154 2.32548 -2.1116
3.68039 2.39007 -2.1116
3.63812 2.45394 -2.1116
3.59474 2.51706 -2.96344
3.55026 2.57942 -2.96344
3.5047 2.64098 -3.84394
3.45808 2.70175 -3.84394
3.4104 2.76169 -3.84394
3.36168 2.82079 -4.75772
3.31194 2.87903 -4.75772
3.26119 2.93639 -4.75772
3.20945 2.99286 -5.70775
3.15673 3.04841 -5.70775
3.10304 3.10304 -6.69486
3.04841 3.15673 -6.69486
2.99286 3.20945 -6.69486
2.93639 3.26119 -7.71707
2.87903 3.31194 -7.71707
2.82079 3.36168 -7.71707
2.76169 3.4104 -8.76892
2.70175 3.45808 -8.76892
2.64098 3.5047 -8.76892
2.57942 3.55026 -9.8409
2.51706 3.59474 -9.8409
2.45394 3.63812 -10.9189
2.39007 3.68039 -10.9189
2.32548 3.72154 -10.9189
2.26018 3.76156 -11.9841
2.19418 3.80044 -11.9841
2.12752 3.83815 -11.9841
2.06021 3.8747 -13.0127
1.99228 3.91006 -13.0127
1.92373 3.94424 -13.0127
1.8546 3.97721 -13.9762
1.78491 4.00897 -13.9762
1.71467 4.03951 -14.8425
1.64391 4.06882 -14.8425
1.57265 4.09689 -14.8425
1.50091 4.12371 -15.576
1.42871 4.14928 -15.576
1.35608 4.17358 -15.576
1.28303 4.19661 -16.1396
1.2096 4.21837 -16.1396
1.13579 4.23884 -16.4958
1.06164 4.25801 -16.4958
0.987167 4.27589 -16.4958
0.912392 4.29247 -16.6086
0.83734 4.30774 -16.6086
0.762032 4.3217 -16.6086
0.686492 4.33434 -16.4451
0.610742 4.34566 -16.4451
0.534807 4.35565 -16.4451
0.458709 4.36433 -15.9773
0.382471 4.37167 -15.9773
0.306117 4.37768 -15.1839
0.229669 4.38235 -15.1839
0.153152 4.38569 -15.1839
0.0765875 4.3877 -14.0513
2.6871e-16 4.38837 -14.0513
-0.0765875 4.3877 -14.0513
-0.153152 4.38569 -12.575
-0.229669 4.38235 -12.575
-0.306117 4.37768 -12.575
-0.382471 4.37167 -10.7603
-0.458709 4.36433 -10.7603
-0.534807 4.35565 -8.62241
-0.610742 4.34566 -8.62241
-0.686492 4.33434 -8.62241
-0.762032 4.3217 -6.18706
-0.83734 4.30774 -6.18706
-0.912392 4.29247 -6.18706
-0.987167 4.27589 -3.4895
-1.06164 4.25801 -3.4895
-1.13579 4.23884 -0.573589
-1.2096 4.21837 -0.573589
-1.28303 4.19661 -0.573589
-1.35608 4.17358 2.50986
-1.42871 4.14928 2.50986
-1.50091 4.12371 2.50986
-1.57265 4.09689 5.7052
-1.64391 4.06882 5.7052
-1.71467 4.03951 5.7052
-1.78491 4.00897 8.95424
-1.8546 3.97721 8.95424
-1.92373 3.94424 12.1987
-1.99228 3.91006 12.1987
-2.06021 3.8747 12.1987
-2.12752 3.83815 15.3826
-2.19418 3.80044 15.3826
-2.26018 3.76156 15.3826
-2.32548 3.72154 18.4545
-2.39007 3.68039 18.4545
-2.45394 3.63812 18.4545
-2.51706 3.59474 21.3695
-2.57942 3.55026 21.3695
-2.64098 3.5047 24.0904
-2.70175 3.45808 24.0904
-2.76169 3.4104 24.0904
-2.82079 3.36168 26.5885
-2.87903 3.31194 26.5885
-2.93639 3.26119 26.5885
-2.99286 3.20945 28.8439
-3.04841 3.15673 28.8439
-3.10304 3.10304 30.8447
-3.15673 3.04841 30.8447
-3.20945 2.99286 30.8447
-3.26119 2.93639 32.5858
-3.31194 2.87903 32.5858
-3.36168 2.82079 32.5858
-3.4104 2.76169 34.0682
-3.45808 2.70175 34.0682
-3.5047 2.64098 34.0682
-3.55026 2.57942 35.2964
-3.59474 2.51706 35.2964
-3.63812 2.45394 36.2777
-3.68039 2.39007 36.2777
-3.72154 2.32548 36.2777
-3.76156 2.26018 37.0197
-3.80044 2.19418 37.0197
-3.83815 2.12752 37.0197
-3.8747 2.06021 37.5291
-3.91006 1.99228 37.5291
-3.94424 1.92373 37.5291
-3.97721 1.8546 37.8104
-4.00897 1.78491 37.8104
-4.03951 1.71467 37.8646
-4.06882 1.64391 37.8646
-4.09689 1.57265 37.8646
-4.12371 1.50091 37.6888
-4.14928 1.42871 37.6888
-4.17358 1.35608 37.6888
-4.19661 1.28303 37.2761
-4.21837 1.2096 37.2761
-4.23884 1.13579 36.6165
-4.25801 1.06164 36.6165
-4.27589 0.987167 36.6165
-4.29247 0.912392 35.6972
-4.30774 0.83734 35.6972
-4.3217 0.762032 35.6972
-4.33434 0.686492 34.5048
-4.34566 0.610742 34.5048
-4.35565 0.534807 34.5048
-4.36433 0.458709 33.0262
-4.37167 0.382471 33.0262
-4.37768 0.306117 31.2511
-4.38235 0.229669 31.2511
-4.38569 0.153152 31.2511
-4.3877 0.0765875 29.173
-4.38837 5.3742e-16 29.173
-4.3877 -0.0765875 29.173
-4.38569 -0.153152 26.791
-4.38235 -0.229669 26.791
-4.37768 -0.306117 26.791
-4.37167 -0.382471 24.1118
-4.36433 -0.458709 24.1118
-4.35565 -0.534807 21.1503
-4.34566 -0.610742 21.1503
-4.33434 -0.686492 21.1503
-4.3217 -0.762032 17.9308
-4.30774 -0.83734 17.9308
-4.29247 -0.912392 17.9308
-4.27589 -0.987167 14.4866
-4.25801 -1.06164 14.4866
-4.23884 -1.13579 14.4866
-4.21837 -1.2096 10.8593
-4.19661 -1.28303 10.8593
-4.17358 -1.35608 7.09767
-4.14928 -1.42871 7.09767
-4.12371 -1.50091 7.09767
-4.09689 -1.57265 3.25572
-4.06882 -1.64391 3.25572
-4.03951 -1.71467 3.25572
-4.00897 -1.78491 -0.609638
-3.97721 -1.8546 -0.609638
-3.94424 -1.92373 -4.44099
-3.91006 -1.99228 -4.44099
-3.8747 -2.06021 -4.44099
-3.83815 -2.12752 -8.18294
-3.80044 -2.19418 -8.18294
-3.76156 -2.26018 -8.18294
-3.72154 -2.32548 -11.7844
-3.68039 -2.39007 -11.7844
-3.63812 -2.45394 -11.7844
-3.59474 -2.51706 -15.2006
-3.55026 -2.57942 -15.2006
-3.5047 -2.64098 -18.3948
-3.45808 -2.70175 -18.3948
-3.4104 -2.76169 -18.3948
-3.36168 -2.82079 -21.3386
-3.31194 -2.87903 -21.3386
-3.26119 -2.93639 -21.3386
-3.20945 -2.99286 -24.0129
-3.15673 -3.04841 -24.0129
-3.10304 -3.10304 -24.0129
-3.04841 -3.15673 -26.4067
-2.99286 -3.20945 -26.4067
-2.93639 -3.26119 -28.5166
-2.87903 -3.31194 -28.5166
-2.82079 -3.36168 -28.5166
-2.76169 -3.4104 -30.345
-2.70175 -3.45808 -30.345
-2.64098 -3.5047 -30.345
-2.57942 -3.55026 -31.8984
-2.51706 -3.59474 -31.8984
-2.45394 -3.63812 -33.1862
-2.39007 -3.68039 -33.1862
-2.32548 -3.72154 -33.1862
-2.26018 -3.76156 -34.2181
-2.19418 -3.80044 -34.2181
-2.12752 -3.83815 -34.2181
-2.06021 -3.8747 -35.0034
-1.99228 -3.91006 -35.0034
-1.92373 -3.94424 -35.0034
-1.8546 -3.97721 -35.5486
-1.78491 -4.00897 -35.5486
-1.71467 -4.03951 -35.8567
-1.64391 -4.06882 -35.8567
-1.57265 -4.09689 -35.8567
-1.50091 -4.12371 -35.9266
-1.42871 -4.14928 -35.9266
-1.35608 -4.17358 -35.9266
-1.28303 -4.19661 -35.7532
-1.2096 -4.21837 -35.7532
-1.13579 -4.23884 -35.7532
-1.06164 -4.25801 -35.3279
-0.987167 -4.27589 -35.3279
-0.912392 -4.29247 -34.6395
-0.83734 -4.30774 -34.6395
-0.762032 -4.3217 -34.6395
-0.686492 -4.33434 -33.6761
-0.610742 -4.34566 -33.6761
-0.534807 -4.35565 -33.6761
-0.458709 -4.36433 -32.4263
-0.382471 -4.37167 -32.4263
-0.306117 -4.37768 -30.8815
-0.229669 -4.38235 -30.8815
-0.153152 -4.38569 -30.8815
-0.0765875 -4.3877 -29.0371
-8.0613e-16 -4.38837 -29.0371
0.0765875 -4.3877 -29.0371
0.153152 -4.38569 -26.8951
0.229669 -4.38235 -26.8951
0.306117 -4.37768 -26.8951
0.382471 -4.37167 -24.4648
0.458709 -4.36433 -24.4648
0.534807 -4.35565 -21.7645
0.610742 -4.34566 -21.7645
0.686492 -4.33434 -21.7645
0.762032 -4.3217 -18.822
0.83734 -4.30774 -18.822
0.912392 -4.29247 -18.822
0.987167 -4.27589 -15.6749
1.06164 -4.25801 -15.6749
1.13579 -4.23884 -15.6749
1.2096 -4.21837 -12.3695
1.28303 -4.19661 -12.3695
1.35608 -4.17358 -8.96015
1.42871 -4.14928 -8.96015
1.50091 -4.12371 -8.96015
1.57265 -4.09689 -5.50708
1.64391 -4.06882 -5.50708
1.71467 -4.03951 -5.50708
1.78491 -4.00897 -2.07401
1.8546 -3.97721 -2.07401
1.92373 -3.94424 1.27424
1.99228 -3.91006 1.27424
2.06021 -3.8747 1.27424
2.12752 -3.83815 4.4745
2.19418 -3.80044 4.4745
2.26018 -3.76156 4.4745
2.32548 -3.72154 7.46778
2.39007 -3.68039 7.46778
2.45394 -3.63812 7.46778
2.51706 -3.59474 10.2018
2.57942 -3.55026 10.2018
2.64098 -3.5047 12.6331
2.70175 -3.45808 12.6331
2.76169 -3.4104 12.6331
2.82079 -3.36168 14.7285
2.87903 -3.31194 14.7285
2.93639 -3.26119 14.7285
2.99286 -3.20945 16.4657
3.04841 -3.15673 16.4657
3.10304 -3.10304 16.4657
3.15673 -3.04841 17.8337
3.20945 -2.99286 17.8337
3.26119 -2.93639 18.8325
3.31194 -2.87903 18.8325
3.36168 -2.82079 18.8325
3.4104 -2.76169 19.4721
3.45808 -2.70175 19.4721
3.5047 -2.64098 19.4721
3.55026 -2.57942 19.7719
3.59474 -2.51706 19.7719
3.63812 -2.45394 19.7588
3.68039 -2.39007 19.7588
3.72154 -2.32548 19.7588
3.76156 -2.26018 19.4661
3.80044 -2.19418 19.4661
3.83815 -2.12752 19.4661
3.8747 -2.06021 18.9317
3.91006 -1.99228 18.9317
3.94424 -1.92373 18.9317
3.97721 -1.8546 18.1958
4.00897 -1.78491 18.1958
4.03951 -1.71467 17.2993
4.06882 -1.64391 17.2993
4.09689 -1.57265 17.2993
4.12371 -1.50091 16.2819
4.14928 -1.42871 16.2819
4.17358 -1.35608 16.2819
4.19661 -1.28303 15.1808
4.21837 -1.2096 15.1808
4.23884 -1.13579 15.1808
4.25801 -1.06164 14.0293
4.27589 -0.987167 14.0293
4.29247 -0.912392 12.856
4.30774 -0.83734 12.856
4.3217 -0.762032 12.856
4.33434 -0.686492 11.6845
4.34566 -0.610742 11.6845
4.35565 -0.534807 11.6845
4.36433 -0.458709 10.5329
4.37167 -0.382471 10.5329
4.37768 -0.306117 9.41426
4.38235 -0.229669 9.41426
4.38569 -0.153152 9.41426
4.3877 -0.0765875 7.99366

4.46815 0 8.33682
4.46747 0.07798 8.33682
4.46543 0.155936 7.30456
4.46203 0.233845 7.30456
4.45727 0.311683 7.30456
4.45115 0.389425 6.31801
4.44368 0.467049 6.31801
4.43485 0.544531 5.37522
4.42467 0.621847 5.37522
4.41314 0.698973 5.37522
4.40027 0.775887 4.47216
4.38606 0.852564 4.47216
4.37051 0.928981 4.47216
4.35364 1.00512 3.60334
4.33543 1.08094 3.60334
4.3159 1.15644 2.7623
4.29506 1.23159 2.7623
4.27292 1.30636 2.7623
4.24947 1.38074 1.94192
4.22472 1.45469 1.94192
4.19869 1.5282 1.94192
4.17138 1.60124 1.13478
4.1428 1.6738 1.13478
4.11296 1.74585 1.13478
4.08186 1.81736 0.333309
4.04952 1.88832 0.333309
4.01595 1.95871 -0.470036
3.98115 2.0285 -0.470036
3.94515 2.09767 -0.470036
3.90794 2.1662 -1.28265
3.86953 2.23408 -1.28265
3.82996 2.30127 -1.28265
3.78921 2.36776 -2.1116
3.74731 2.43353 -2.1116
3.70427 2.49856 -2.1116
3.6601 2.56283 -2.96344
3.61481 2.62631 -2.96344
3.56843 2.689 -3.84394
3.52095 2.75087 -3.84394
3.47241 2.8119 -3.84394
3.4228 2.87207 -4.75772
3.37216 2.93137 -4.75772
3.32049 2.98978 -4.75772
3.2678 3.04727 -5.70775
3.21412 3.10384 -5.70775
3.15946 3.15946 -6.69486
3.10384 3.21412 -6.69486
3.04727 3.2678 -6.69486
2.98978 3.32049 -7.71707
2.93137 3.37216 -7.71707
2.87207 3.4228 -7.71707
2.8119 3.47241 -8.76892
2.75087 3.52095 -8.76892
2.689 3.56843 -8.76892
2.62631 3.61481 -9.8409
2.56283 3.6601 -9.8409
2.49856 3.70427 -10.9189
2.43353 3.74731 -10.9189
2.36776 3.78921 -10.9189
2.30127 3.82996 -11.9841
2.23408 3.86953 -11.9841
2.1662 3.90794 -11.9841
2.09767 3.94515 -13.0127
2.0285 3.98115 -13.0127
1.95871 4.01595 -13.0127
1.88832 4.04952 -13.9762
1.81736 4.08186 -13.9762
1.74585 4.11296 -14.8425
1.6738 4.1428 -14.8425
1.60124 4.17138 -14.8425
1.5282 4.19869 -15.576
1.45469 4.22472 -15.576
1.38074 4.24947 -15.576
1.30636 4.27292 -16.1396
1.23159 4.29506 -16.1396
1.15644 4.3159 -16.4958
1.08094 4.33543 -16.4958
1.00512 4.35364 -16.4958
0.928981 4.37051 -16.6086
0.852564 4.38606 -16.6086
0.775887 4.40027 -16.6086
0.698973 4.41314 -16.4451
0.621847 4.42467 -16.4451
0.544531 4.43485 -16.4451
0.467049 4.44368 -15.9773
0.389425 4.45115 -15.9773
0.311683 4.45727 -15.1839
0.233845 4.46203 -15.1839
0.155936 4.46543 -15.1839
0.07798 4.46747 -14.0513
2.73595e-16 4.46815 -14.0513
-0.07798 4.46747 -14.0513
-0.155936 4.46543 -12.575
-0.233845 4.46203 -12.575
-0.311683 4.45727 -12.575
-0.389425 4.45115 -10.7603
-0.467049 4.44368 -10.7603
-0.544531 4.43485 -8.62241
-0.621847 4.42467 -8.62241
-0.698973 4.41314 -8.62241
-0.775887 4.40027 -6.18706
-0.852564 4.38606 -6.18706
-0.928981 4.37051 -6.18706
-1.00512 4.35364 -3.4895
-1.08094 4.33543 -3.4895
-1.15644 4.3159 -0.573589
-1.23159 4.29506 -0.573589
-1.30636 4.27292 -0.573589
-1.38074 4.24947 2.50986
-1.45469 4.22472 2.50986
-1.5282 4.19869 2.50986
-1.60124 4.17138 5.7052
-1.6738 4.1428 5.7052
-1.74585 4.11296 5.7052
-1.81736 4.08186 8.95424
-1.88832 4.04952 8.95424
-1.95871 4.01595 12.1987
-2.0285 3.98115 12.1987
-2.09767 3.94515 12.1987
-2.1662 3.90794 15.3826
-2.23408 3.86953 15.3826
-2.30127 3.82996 15.3826
-2.36776 3.78921 18.4545
-2.43353 3.74731 18.4545
-2.49856 3.70427 18.4545
-2.56283 3.6601 21.3695
-2.62631 3.61481 21.3695
-2.689 3.56843 24.0904
-2.75087 3.52095 24.0904
-2.8119 3.47241 24.0904
-2.87207 3.4228 26.5885
-2.93137 3.37216 26.5885
-2.98978 3.32049 26.5885
-3.04727 3.2678 28.8439
-3.10384 3.21412 28.8439
-3.15946 3.15946 30.8447
-3.21412 3.10384 30.8447
-3.2678 3.04727 30.8447
-3.32049 2.98978 32.5858
-3.37216 2.93137 32.5858
-3.4228 2.87207 32.5858
-3.47241 2.8119 34.0682
-3.52095 2.75087 34.0682
-3.56843 2.689 34.0682
-3.61481 2.62631 35.2964
-3.6601 2.56283 35.2964
-3.70427 2.49856 36.2777
-3.74731 2.43353 36.2777
-3.78921 2.36776 36.2777
-3.82996 2.30127 37.0197
-3.86953 2.23408 37.0197
-3.90794 2.1662 37.0197
-3.94515 2.09767 37.5291
-3.98115 2.0285 37.5291
-4.01595 1.95871 37.5291
-4.04952 1.88832 37.8104
-4.08186 1.81736 37.8104
-4.11296 1.74585 37.8646
-4.1428 1.6738 37.8646
-4.17138 1.60124 37.8646
-4.19869 1.5282 37.6888
-4.22472 1.45469 37.6888
-4.24947 1.38074 37.6888
-4.27292 1.30636 37.2761
-4.29506 1.23159 37.2761
-4.3159 1.15644 36.6165
-4.33543 1.08094 36.6165
-4.35364 1.00512 36.6165
-4.37051 0.928981 35.6972
-4.38606 0.852564 35.6972
-4.40027 0.775887 35.6972
-4.41314 0.698973 34.5048
-4.42467 0.621847 34.5048
-4.43485 0.544531 34.5048
-4.44368 0.467049 33.0262
-4.45115 0.389425 33.0262
-4.45727 0.311683 31.2511
-4.46203 0.233845 31.2511
-4.46543 0.155936 31.2511
-4.46747 0.07798 29.173
-4.46815 5.47191e-16 29.173
-4.46747 -0.07798 29.173
-4.46543 -0.155936 26.791
-4.46203 -0.233845 26.791
-4.45727 -0.311683 26.791
-4.45115 -0.389425 24.1118
-4.44368 -0.467049 24.1118
-4.43485 -0.544531 21.1503
-4.42467 -0.621847 21.1503
-4.41314 -0.698973 21.1503
-4.40027 -0.775887 17.9308
-4.38606 -0.852564 17.9308
-4.37051 -0.928981 17.9308
-4.35364 -1.00512 14.4866
-4.33543 -1.08094 14.4866
-4.3159 -1.15644 14.4866
-4.29506 -1.23159 10.8593
-4.27292 -1.30636 10.8593
-4.24947 -1.38074 7.09767
-4.22472 -1.45469 7.09767
-4.19869 -1.5282 7.09767
-4.17138 -1.60124 3.25572
-4.1428 -1.6738 3.25572
-4.11296 -1.74585 3.25572
-4.08186 -1.81736 -0.609638
-4.04952 -1.88832 -0.609638
-4.01595 -1.95871 -4.44099
-3.98115 -2.0285 -4.44099
-3.94515 -2.09767 -4.44099
-3.90794 -2.1662 -8.18294
-3.86953 -2.23408 -8.18294
-3.82996 -2.30127 -8.18294
-3.78921 -2.36776 -11.7844
-3.74731 -2.43353 -11.7844
-3.70427 -2.49856 -11.7844
-3.6601 -2.56283 -15.2006
-3.61481 -2.62631 -15.2006
-3.56843 -2.689 -18.3948
-3.52095 -2.75087 -18.3948
-3.47241 -2.8119 -18.3948
-3.4228 -2.87207 -21.3386
-3.37216 -2.93137 -21.3386
-3.32049 -2.98978 -21.3386
-3.2678 -3.04727 -24.0129
-3.21412 -3.10384 -24.0129
-3.15946 -3.15946 -24.0129
-3.10384 -3.21412 -26.4067
-3.04727 -3.2678 -26.4067
-2.98978 -3.32049 -28.5166
-2.93137 -3.37216 -28.5166
-2.87207 -3.4228 -28.5166
-2.8119 -3.47241 -30.345
-2.75087 -3.52095 -30.345
-2.689 -3.56843 -30.345
-2.62631 -3.61481 -31.8984
-2.56283 -3.6601 -31.8984
-2.49856 -3.70427 -33.1862
-2.43353 -3.74731 -33.1862
-2.36776 -3.78921 -33.1862
-2.30127 -3.82996 -34.2181
-2.23408 -3.86953 -34.2181
-2.1662 -3.90794 -34.2181
-2.09767 -3.94515 -35.0034
-2.0285 -3.98115 -35.0034
-1.95871 -4.01595 -35.0034
-1.88832 -4.04952 -35.5486
-1.81736 -4.08186 -35.5486
-1.74585 -4.11296 -35.8567
-1.6738 -4.1428 -35.8567
-1.60124 -4.17138 -35.8567
-1.5282 -4.19869 -35.9266
-1.45469 -4.22472 -35.9266
-1.38074 -4.24947 -35.9266
-1.30636 -4.27292 -35.7532
-1.23159 -4.29506 -35.7532
-1.15644 -4.3159 -35.7532
-1.08094 -4.33543 -35.3279
-1.00512 -4.35364 -35.3279
-0.928981 -4.37051 -34.6395
-0.852564 -4.38606 -34.6395
-0.775887 -4.40027 -34.6395
-0.698973 -4.41314 -33.6761
-0.621847 -4.42467 -33.6761
-0.544531 -4.43485 -33.6761
-0.467049 -4.44368 -32.4263
-0.389425 -4.45115 -32.4263
-0.311683 -4.45727 -30.8815
-0.233845 -4.46203 -30.8815
-0.155936 -4.46543 -30.8815
-0.07798 -4.46747 -29.0371
-8.20786e-16 -4.46815 -29.0371
0.07798 -4.46747 -29.0371
0.155936 -4.46543 -26.8951
0.233845 -4.46203 -26.8951
0.311683 -4.45727 -26.8951
0.389425 -4.45115 -24.4648
0.467049 -4.44368 -24.4648
0.544531 -4.43485 -21.7645
0.621847 -4.42467 -21.7645
0.698973 -4.41314 -21.7645
0.775887 -4.40027 -18.822
0.852564 -4.38606 -18.822
0.928981 -4.37051 -18.822
1.00512 -4.35364 -15.6749
1.08094 -4.33543 -15.6749
1.15644 -4.3159 -15.6749
1.23159 -4.29506 -12.3695
1.30636 -4.27292 -12.3695
1.38074 -4.24947 -8.96015
1.45469 -4.22472 -8.96015
1.5282 -4.19869 -8.96015
1.60124 -4.17138 -5.50708
1.6738 -4.1428 -5.50708
1.74585 -4.11296 -5.50708
1.81736 -4.08186 -2.07401
1.88832 -4.04952 -2.07401
1.95871 -4.01595 1.27424
2.0285 -3.98115 1.27424
2.09767 -3.94515 1.27424
2.1662 -3.90794 4.4745
2.23408 -3.86953 4.4745
2.30127 -3.82996 4.4745
2.36776 -3.78921 7.46778
2.43353 -3.74731 7.46778
2.49856 -3.70427 7.46778
2.56283 -3.6601 10.2018
2.62631 -3.61481 10.2018
2.689 -3.56843 12.6331
2.75087 -3.52095 12.6331
2.8119 -3.47241 12.6331
2.87207 -3.4228 14.7285
2.93137 -3.37216 14.7285
2.98978 -3.32049 14.7285
3.04727 -3.2678 16.4657
3.10384 -3.21412 16.4657
3.15946 -3.15946 16.4657
3.21412 -3.10384 17.8337
3.2678 -3.04727 17.8337
3.32049 -2.98978 18.8325
3.37216 -2.93137 18.8325
3.4228 -2.87207 18.8325
3.47241 -2.8119 19.4721
3.52095 -2.75087 19.4721
3.56843 -2.689 19.4721
3.61481 -2.62631 19.7719
3.6601 -2.56283 19.7719
3.70427 -2.49856 19.7588
3.74731 -2.43353 19.7588
3.78921 -2.36776 19.7588
3.82996 -2.30127 19.4661
3.86953 -2.23408 19.4661
3.90794 -2.1662 19.4661
3.94515 -2.09767 18.9317
3.98115 -2.0285 18.9317
4.01595 -1.95871 18.9317
4.04952 -1.88832 18.1958
4.08186 -1.81736 18.1958
4.11296 -1.74585 17.2993
4.1428 -1.6738 17.2993
4.17138 -1.60124 17.2993
4.19869 -1.5282 16.2819
4.22472 -1.45469 16.2819
4.24947 -1.38074 16.2819
4.27292 -1.30636 15.1808
4.29506 -1.23159 15.1808
4.3159 -1.15644 15.1808
4.33543 -1.08094 14.0293
4.35364 -1.00512 14.0293
4.37051 -0.928981 12.856
4.38606 -0.852564 12.856
4.40027 -0.775887 12.856
4.41314 -0.698973 11.6845
4.42467 -0.621847 11.6845
4.43485 -0.544531 11.6845
4.44368 -0.467049 10.5329
4.45115 -0.389425 10.5329
4.45727 -0.311683 9.41426
4.46203 -0.233845 9.41426
4.46543 -0.155936 9.41426
4.46747 -0.07798 7.99366

4.54794 0 8.62422
4.54725 0.0793725 8.62422
4.54517 0.158721 7.56132
4.54171 0.238021 7.56132
4.53686 0.317248 6.5545
4.53064 0.396379 6.5545
4.52303 0.475389 6.5545
4.51404 0.554255 5.60011
4.50368 0.632951 5.60011
4.49195 0.711455 5.60011
4.47885 0.789742 4.6927
4.46438 0.867788 4.6927
4.44856 0.94557 3.82558
4.43138 1.02306 3.82558
4.41285 1.10025 3.82558
4.39297 1.17709 2.99131
4.37176 1.25358 2.99131
4.34922 1.32969 2.18198
4.32535 1.40539 2.18198
4.30016 1.48067 2.18198
4.27367 1.55549 1.38949
4.24587 1.62984 1.38949
4.21678 1.70369 1.38949
4.1864 1.77702 0.605682
4.15475 1.84981 0.605682
4.12184 1.92204 -0.177563
4.08766 1.99369 -0.177563
4.05225 2.06472 -0.177563
4.01559 2.13513 -0.968276
3.97772 2.20489 -0.968276
3.93863 2.27397 -1.77433
3.89835 2.34236 -1.77433
3.85687 2.41004 -1.77433
3.81423 2.47699 -2.60335
3.77041 2.54318 -2.60335
3.72546 2.60859 -2.60335
3.67936 2.67321 -3.4625
3.63215 2.73702 -3.4625
3.58383 2.79999 -4.3583
3.53441 2.86211 -4.3583
3.48393 2.92336 -4.3583
3.43238 2.98372 -5.29622
3.37978 3.04317 -5.29622
3.32615 3.10169 -5.29622
3.27152 3.15927 -6.28021
3.21588 3.21588 -6.28021
3.15927 3.27152 -7.31213
3.10169 3.32615 -7.31213
3.04317 3.37978 -7.31213
2.98372 3.43238 -8.39106
2.92336 3.48393 -8.39106
2.86211 3.53441 -9.51256
2.79999 3.58383 -9.51256
2.73702 3.63215 -9.51256
2.67321 3.67936 -10.668
2.60859 3.72546 -10.668
2.54318 3.77041 -10.668
2.47699 3.81423 -11.8442
2.41004 3.85687 -11.8442
2.34236 3.89835 -13.0226
2.27397 3.93863 -13.0226
2.20489 3.97772 -13.0226
2.13513 4.01559 -14.1798
2.06472 4.05225 -14.1798
1.99369 4.08766 -15.2872
1.92204 4.12184 -15.2872
1.84981 4.15475 -15.2872
1.77702 4.1864 -16.3118
1.70369 4.21678 -16.3118
1.62984 4.24587 -16.3118
1.55549 4.27367 -17.2173
1.48067 4.30016 -17.2173
1.40539 4.32535 -17.9647
1.32969 4.34922 -17.9647
1.25358 4.37176 -17.9647
1.17709 4.39297 -18.5139
1.10025 4.41285 -18.5139
1.02306 4.43138 -18.8257
0.94557 4.44856 -18.8257
0.867788 4.46438 -18.8257
0.789742 4.47885 -18.8635
0.711455 4.49195 -18.8635
0.632951 4.50368 -18.8635
0.554255 4.51404 -18.5945
0.475389 4.52303 -18.5945
0.396379 4.53064 -17.9924
0.317248 4.53686 -17.9924
0.238021 4.54171 -17.9924
0.158721 4.54517 -17.0377
0.0793725 4.54725 -17.0377
2.78481e-16 4.54794 -15.7198
-0.0793725 4.54725 -15.7198
-0.158721 4.54517 -15.7198
-0.238021 4.54171 -14.0371
-0.317248 4.53686 -14.0371
-0.396379 4.53064 -14.0371
-0.475389 4.52303 -11.9985
-0.554255 4.51404 -11.9985
-0.632951 4.50368 -9.623
-0.711455 4.49195 -9.623
-0.789742 4.47885 -9.623
-0.867788 4.46438 -6.94024
-0.94557 4.44856 -6.94024
-1.02306 4.43138 -6.94024
-1.10025 4.41285 -3.98953
-1.17709 4.39297 -3.98953
-1.25358 4.37176 -0.818696
-1.32969 4.34922 -0.818696
-1.40539 4.32535 -0.818696
-1.48067 4.30016 2.51777
-1.55549 4.27367 2.51777
-1.62984 4.24587 5.96086
-1.70369 4.21678 5.96086
-1.77702 4.1864 5.96086
-1.84981 4.15475 9.44953
-1.92204 4.12184 9.44953
-1.99369 4.08766 9.44953
-2.06472 4.05225 12.9231
-2.13513 4.01559 12.9231
-2.20489 3.97772 16.3237
-2.27397 3.93863 16.3237
-2.34236 3.89835 16.3237
-2.41004 3.85687 19.5985
-2.47699 3.81423 19.5985
-2.54318 3.77041 22.7017
-2.60859 3.72546 22.7017
-2.67321 3.67936 22.7017
-2.73702 3.63215 25.5957
-2.79999 3.58383 25.5957
-2.86211 3.53441 25.5957
-2.92336 3.48393 28.2526
-2.98372 3.43238 28.2526
-3.04317 3.37978 30.6532
-3.10169 3.32615 30.6532
-3.15927 3.27152 30.6532
-3.21588 3.21588 32.7873
-3.27152 3.15927 32.7873
-3.32615 3.10169 34.6522
-3.37978 3.04317 34.6522
-3.43238 2.98372 34.6522
-3.48393 2.92336 36.2513
-3.53441 2.86211 36.2513
-3.58383 2.79999 36.2513
-3.63215 2.73702 37.5924
-3.67936 2.67321 37.5924
-3.72546 2.60859 38.6861
-3.77041 2.54318 38.6861
-3.81423 2.47699 38.6861
-3.85687 2.41004 39.5439
-3.89835 2.34236 39.5439
-3.93863 2.27397 40.1766
-3.97772 2.20489 40.1766
-4.01559 2.13513 40.1766
-4.05225 2.06472 40.5926
-4.08766 1.99369 40.5926
-4.12184 1.92204 40.5926
-4.15475 1.84981 40.7967
-4.1864 1.77702 40.7967
-4.21678 1.70369 40.7893
-4.24587 1.62984 40.7893
-4.27367 1.55549 40.7893
-4.30016 1.48067 40.5658
-4.32535 1.40539 40.5658
-4.34922 1.32969 40.5658
-4.37176 1.25358 40.117
-4.39297 1.17709 40.117
-4.41285 1.10025 39.4297
-4.43138 1.02306 39.4297
-4.44856 0.94557 39.4297
-4.46438 0.867788 38.4878
-4.47885 0.789742 38.4878
-4.49195 0.711455 37.2743
-4.50368 0.632951 37.2743
-4.51404 0.554255 37.2743
-4.52303 0.475389 35.7727
-4.53064 0.396379 35.7727
-4.53686 0.317248 35.7727
-4.54171 0.238021 33.9688
-4.54517 0.158721 33.9688
-4.54725 0.0793725 31.8528
-4.54794 5.56962e-16 31.8528
-4.54725 -0.0793725 31.8528
-4.54517 -0.158721 29.4201
-4.54171 -0.238021 29.4201
-4.53686 -0.317248 26.6739
-4.53064 -0.396379 26.6739
-4.52303 -0.475389 26.6739
-4.51404 -0.554255 23.6262
-4.50368 -0.632951 23.6262
-4.49195 -0.711455 23.6262
-4.47885 -0.789742 20.2985
-4.46438 -0.867788 20.2985
-4.44856 -0.94557 16.7221
-4.43138 -1.02306 16.7221
-4.41285 -1.10025 16.7221
-4.39297 -1.17709 12.9375
-4.37176 -1.25358 12.9375
-4.34922 -1.32969 8.99351
-4.32535 -1.40539 8.99351
-4.30016 -1.48067 8.99351
-4.27367 -1.55549 4.94475
-4.24587 -1.62984 4.94475
-4.21678 -1.70369 4.94475
-4.1864 -1.77702 0.849937
-4.15475 -1.84981 0.849937
-4.12184 -1.92204 -3.23082
-4.08766 -1.99369 -3.23082
-4.05225 -2.06472 -3.23082
-4.01559 -2.13513 -7.23857
-3.97772 -2.20489 -7.23857
-3.93863 -2.27397 -7.23857
-3.89835 -2.34236 -11.118
-3.85687 -2.41004 -11.118
-3.81423 -2.47699 -14.8195
-3.77041 -2.54318 -14.8195
-3.72546 -2.60859 -14.8195
-3.67936 -2.67321 -18.3015
-3.63215 -2.73702 -18.3015
-3.58383 -2.79999 -21.5313
-3.53441 -2.86211 -21.5313
-3.48393 -2.92336 -21.5313
-3.43238 -2.98372 -24.4856
-3.37978 -3.04317 -24.4856
-3.32615 -3.10169 -24.4856
-3.27152 -3.15927 -27.1507
-3.21588 -3.21588 -27.1507
-3.15927 -3.27152 -29.5214
-3.10169 -3.32615 -29.5214
-3.04317 -3.37978 -29.5214
-2.98372 -3.43238 -31.5997
-2.92336 -3.48393 -31.5997
-2.86211 -3.53441 -33.3931
-2.79999 -3.58383 -33.3931
-2.73702 -3.63215 -33.3931
-2.67321 -3.67936 -34.9131
-2.60859 -3.72546 -34.9131
-2.54318 -3.77041 -34.9131
-2.47699 -3.81423 -36.1731
-2.41004 -3.85687 -36.1731
-2.34236 -3.89835 -37.1865
-2.27397 -3.93863 -37.1865
-2.20489 -3.97772 -37.1865
-2.13513 -4.01559 -37.9657
-2.06472 -4.05225 -37.9657
-1.99369 -4.08766 -38.5196
-1.92204 -4.12184 -38.5196
-1.84981 -4.15475 -38.5196
-1.77702 -4.1864 -38.8526
-1.70369 -4.21678 -38.8526
-1.62984 -4.24587 -38.8526
-1.55549 -4.27367 -38.9644
-1.48067 -4.30016 -38.9644
-1.40539 -4.32535 -38.8496
-1.32969 -4.34922 -38.8496
-1.25358 -4.37176 -38.8496
-1.17709 -4.39297 -38.498
-1.10025 -4.41285 -38.498
-1.02306 -4.43138 -37.8963
-0.94557 -4.44856 -37.8963
-0.867788 -4.46438 -37.8963
-0.789742 -4.47885 -37.0289
-0.711455 -4.49195 -37.0289
-0.632951 -4.50368 -37.0289
-0.554255 -4.51404 -35.8801
-0.475389 -4.52303 -35.8801
-0.396379 -4.53064 -34.4357
-0.317248 -4.53686 -34.4357
-0.238021 -4.54171 -34.4357
-0.158721 -4.54517 -32.685
-0.0793725 -4.54725 -32.685
-8.35443e-16 -4.54794 -32.685
0.0793725 -4.54725 -30.6225
0.158721 -4.54517 -30.6225
0.238021 -4.54171 -28.2499
0.317248 -4.53686 -28.2499
0.396379 -4.53064 -28.2499
0.475389 -4.52303 -25.5772
0.554255 -4.51404 -25.5772
0.632951 -4.50368 -22.6242
0.711455 -4.49195 -22.6242
0.789742 -4.47885 -22.6242
0.867788 -4.46438 -19.4208
0.94557 -4.44856 -19.4208
1.02306 -4.43138 -19.4208
1.10025 -4.41285 -16.0073
1.17709 -4.39297 -16.0073
1.25358 -4.37176 -12.4333
1.32969 -4.34922 -12.4333
1.40539 -4.32535 -12.4333
1.48067 -4.30016 -8.75623
1.55549 -4.27367 -8.75623
1.62984 -4.24587 -5.03951
1.70369 -4.21678 -5.03951
1.77702 -4.1864 -5.03951
1.84981 -4.15475 -1.34997
1.92204 -4.12184 -1.34997
1.99369 -4.08766 -1.34997
2.06472 -4.05225 2.24466
2.13513 -4.01559 2.24466
2.20489 -3.97772 5.67848
2.27397 -3.93863 5.67848
2.34236 -3.89835 5.67848
2.41004 -3.85687 8.88997
2.47699 -3.81423 8.88997
2.54318 -3.77041 11.8246
2.60859 -3.72546 11.8246
2.67321 -3.67936 11.8246
2.73702 -3.63215 14.4369
2.79999 -3.58383 14.4369
2.86211 -3.53441 14.4369
2.92336 -3.48393 16.6922
2.98372 -3.43238 16.6922
3.04317 -3.37978 18.567
3.10169 -3.32615 18.567
3.15927 -3.27152 18.567
3.21588 -3.21588 20.0492
3.27152 -3.15927 20.0492
3.32615 -3.10169 21.1379
3.37978 -3.04317 21.1379
3.43238 -2.98372 21.1379
3.48393 -2.92336 21.8426
3.53441 -2.86211 21.8426
3.58383 -2.79999 21.8426
3.63215 -2.73702 22.1823
3.67936 -2.67321 22.1823
3.72546 -2.60859 22.1839
3.77041 -2.54318 22.1839
3.81423 -2.47699 22.1839
3.85687 -2.41004 21.8815
3.89835 -2.34236 21.8815
3.93863 -2.27397 21.8815
3.97772 -2.20489 21.314
4.01559 -2.13513 21.314
4.05225 -2.06472 20.5237
4.08766 -1.99369 20.5237
4.12184 -1.92204 20.5237
4.15475 -1.84981 19.5539
4.1864 -1.77702 19.5539
4.21678 -1.70369 18.4476
4.24587 -1.62984 18.4476
4.27367 -1.55549 18.4476
4.30016 -1.48067 17.2453
4.32535 -1.40539 17.2453
4.34922 -1.32969 17.2453
4.37176 -1.25358 15.9841
4.39297 -1.17709 15.9841
4.41285 -1.10025 14.6966
4.43138 -1.02306 14.6966
4.44856 -0.94557 14.6966
4.46438 -0.867788 13.41
4.47885 -0.789742 13.41
4.49195 -0.711455 12.1459
4.50368 -0.632951 12.1459
4.51404 -0.554255 12.1459
4.52303 -0.475389 10.9205
4.53064 -0.396379 10.9205
4.53686 -0.317248 10.9205
4.54171 -0.238021 9.74454
4.54517 -0.158721 9.74454
4.54725 -0.0793725 8.33682

4.62773 0 8.62422
4.62703 0.080765 8.62422
4.62491 0.161505 7.56132
4.62139 0.242197 7.56132
4.61646 0.322814 6.5545
4.61012 0.403333 6.5545
4.60238 0.48373 6.5545
4.59324 0.563978 5.60011
4.58269 0.644056 5.60011
4.57076 0.723937 5.60011
4.55742 0.803597 4.6927
4.54271 0.883013 4.6927
4.5266 0.962159 3.82558
4.50912 1.04101 3.82558
4.49027 1.11955 3.82558
4.47004 1.19774 2.99131
4.44846 1.27558 2.99131
4.42552 1.35302 2.18198
4.40123 1.43005 2.18198
4.37561 1.50664 2.18198
4.34864 1.58278 1.38949
4.32036 1.65843 1.38949
4.29076 1.73358 1.38949
4.25985 1.8082 0.605682
4.22764 1.88227 0.605682
4.19415 1.95576 -0.177563
4.15938 2.02866 -0.177563
4.12334 2.10095 -0.177563
4.08604 2.17259 -0.968276
4.0475 2.24357 -0.968276
4.00773 2.31387 -1.77433
3.96674 2.38346 -1.77433
3.92454 2.45232 -1.77433
3.88114 2.52044 -2.60335
3.83656 2.58779 -2.60335
3.79081 2.65436 -2.60335
3.74391 2.72011 -3.4625
3.69587 2.78504 -3.4625
3.6467 2.84912 -4.3583
3.59642 2.91233 -4.3583
3.54505 2.97465 -4.3583
3.49259 3.03606 -5.29622
3.43907 3.09656 -5.29622
3.38451 3.1561 -5.29622
3.32891 3.21469 -6.28021
3.2723 3.2723 -6.28021
3.21469 3.32891 -7.31213
3.1561 3.38451 -7.31213
3.09656 3.43907 -7.31213
3.03606 3.49259 -8.39106
2.97465 3.54505 -8.39106
2.91233 3.59642 -9.51256
2.84912 3.6467 -9.51256
2.78504 3.69587 -9.51256
2.72011 3.74391 -10.668
2.65436 3.79081 -10.668
2.58779 3.83656 -10.668
2.52044 3.88114 -11.8442
2.45232 3.92454 -11.8442
2.38346 3.96674 -13.0226
2.31387 4.00773 -13.0226
2.24357 4.0475 -13.0226
2.17259 4.08604 -14.1798
2.10095 4.12334 -14.1798
2.02866 4.15938 -15.2872
1.95576 4.19415 -15.2872
1.88227 4.22764 -15.2872
1.8082 4.25985 -16.3118
1.73358 4.29076 -16.3118
1.65843 4.32036 -16.3118
1.58278 4.34864 -17.2173
1.50664 4.37561 -17.2173
1.43005 4.40123 -17.9647
1.35302 4.42552 -17.9647
1.27558 4.44846 -17.9647
1.19774 4.47004 -18.5139
1.11955 4.49027 -18.5139
1.04101 4.50912 -18.8257
0.962159 4.5266 -18.8257
0.883013 4.54271 -18.8257
0.803597 4.55742 -18.8635
0.723937 4.57076 -18.8635
0.644056 4.58269 -18.8635
0.563978 4.59324 -18.5945
0.48373 4.60238 -18.5945
0.403333 4.61012 -17.9924
0.322814 4.61646 -17.9924
0.242197 4.62139 -17.9924
0.161505 4.62491 -17.0377
0.080765 4.62703 -17.0377
2.83367e-16 4.62773 -15.7198
-0.080765 4.62703 -15.7198
-0.161505 4.62491 -15.7198
-0.242197 4.62139 -14.0371
-0.322814 4.61646 -14.0371
-0.403333 4.61012 -14.0371
-0.48373 4.60238 -11.9985
-0.563978 4.59324 -11.9985
-0.644056 4.58269 -9.623
-0.723937 4.57076 -9.623
-0.803597 4.55742 -9.623
-0.883013 4.54271 -6.94024
-0.962159 4.5266 -6.94024
-1.04101 4.50912 -6.94024
-1.11955 4.49027 -3.98953
-1.19774 4.47004 -3.98953
-1.27558 4.44846 -0.818696
-1.35302 4.42552 -0.818696
-1.43005 4.40123 -0.818696
-1.50664 4.37561 2.51777
-1.58278 4.34864 2.51777
-1.65843 4.32036 5.96086
-1.73358 4.29076 5.96086
-1.8082 4.25985 5.96086
-1.88227 4.22764 9.44953
-1.95576 4.19415 9.44953
-2.02866 4.15938 9.44953
-2.10095 4.12334 12.9231
-2.17259 4.08604 12.9231
-2.24357 4.0475 16.3237
-2.31387 4.00773 16.3237
-2.38346 3.96674 16.3237
-2.45232 3.92454 19.5985
-2.52044 3.88114 19.5985
-2.58779 3.83656 22.7017
-2.65436 3.79081 22.7017
-2.72011 3.74391 22.7017
-2.78504 3.69587 25.5957
-2.84912 3.6467 25.5957
-2.91233 3.59642 25.5957
-2.97465 3.54505 28.2526
-3.03606 3.49259 28.2526
-3.09656 3.43907 30.6532
-3.1561 3.38451 30.6532
-3.21469 3.32891 30.6532
-3.2723 3.2723 32.7873
-3.32891 3.21469 32.7873
-3.38451 3.1561 34.6522
-3.43907 3.09656 34.6522
-3.49259 3.03606 34.6522
-3.54505 2.97465 36.2513
-3.59642 2.91233 36.2513
-3.6467 2.84912 36.2513
-3.69587 2.78504 37.5924
-3.74391 2.72011 37.5924
-3.79081 2.65436 38.6861
-3.83656 2.58779 38.6861
-3.88114 2.52044 38.6861
-3.92454 2.45232 39.5439
-3.96674 2.38346 39.5439
-4.00773 2.31387 40.1766
-4.0475 2.24357 40.1766
-4.08604 2.17259 40.1766
-4.12334 2.10095 40.5926
-4.15938 2.02866 40.5926
-4.19415 1.95576 40.5926
-4.22764 1.88227 40.7967
-4.25985 1.8082 40.7967
-4.29076 1.73358 40.7893
-4.32036 1.65843 40.7893
-4.34864 1.58278 40.7893
-4.37561 1.50664 40.5658
-4.40123 1.43005 40.5658
-4.42552 1.35302 40.5658
-4.44846 1.27558 40.117
-4.47004 1.19774 40.117
-4.49027 1.11955 39.4297
-4.50912 1.04101 39.4297
-4.5266 0.962159 39.4297
-4.54271 0.883013 38.4878
-4.55742 0.803597 38.4878
-4.57076 0.723937 37.2743
-4.58269 0.644056 37.2743
-4.59324 0.563978 37.2743
-4.60238 0.48373 35.7727
-4.61012 0.403333 35.7727
-4.61646 0.322814 35.7727
-4.62139 0.242197 33.9688
-4.62491 0.161505 33.9688
-4.62703 0.080765 31.8528
-4.62773 5.66734e-16 31.8528
-4.62703 -0.080765 31.8528
-4.62491 -0.161505 29.4201
-4.62139 -0.242197 29.4201
-4.61646 -0.322814 26.6739
-4.61012 -0.403333 26.6739
-4.60238 -0.48373 26.6739
-4.59324 -0.563978 23.6262
-4.58269 -0.644056 23.6262
-4.57076 -0.723937 23.6262
-4.55742 -0.803597 20.2985
-4.54271 -0.883013 20.2985
-4.5266 -0.962159 16.7221
-4.50912 -1.04101 16.7221
-4.49027 -1.11955 16.7221
-4.47004 -1.19774 12.9375
-4.44846 -1.27558 12.9375
-4.42552 -1.35302 8.99351
-4.40123 -1.43005 8.99351
-4.37561 -1.50664 8.99351
-4.34864 -1.58278 4.94475
-4.32036 -1.65843 4.94475
-4.29076 -1.73358 4.94475
-4.25985 -1.8082 0.849937
-4.22764 -1.88227 0.849937
-4.19415 -1.95576 -3.23082
-4.15938 -2.02866 -3.23082
-4.12334 -2.10095 -3.23082
-4.08604 -2.17259 -7.23857
-4.0475 -2.24357 -7.23857
-4.00773 -2.31387 -7.23857
-3.96674 -2.38346 -11.118
-3.92454 -2.45232 -11.118
-3.88114 -2.52044 -14.8195
-3.83656 -2.58779 -14.8195
-3.79081 -2.65436 -14.8195
-3.74391 -2.72011 -18.3015
-3.69587 -2.78504 -18.3015
-3.6467 -2.84912 -21.5313
-3.59642 -2.91233 -21.5313
-3.54505 -2.97465 -21.5313
-3.49259 -3.03606 -24.4856
-3.43907 -3.09656 -24.4856
-3.38451 -3.1561 -24.4856
-3.32891 -3.21469 -27.1507
-3.2723 -3.2723 -27.1507
-3.21469 -3.32891 -29.5214
-3.1561 -3.38451 -29.5214
-3.09656 -3.43907 -29.5214
-3.03606 -3.49259 -31.5997
-2.97465 -3.54505 -31.5997
-2.91233 -3.59642 -33.3931
-2.84912 -3.6467 -33.3931
-2.78504 -3.69587 -33.3931
-2.72011 -3.74391 -34.9131
-2.65436 -3.79081 -34.9131
-2.58779 -3.83656 -34.9131
-2.52044 -3.88114 -36.1731
-2.45232 -3.92454 -36.1731
-2.38346 -3.96674 -37.1865
-2.31387 -4.00773 -37.1865
-2.24357 -4.0475 -37.1865
-2.17259 -4.08604 -37.9657
-2.10095 -4.12334 -37.9657
-2.02866 -4.15938 -38.5196
-1.95576 -4.19415 -38.5196
-1.88227 -4.22764 -38.5196
-1.8082 -4.25985 -38.8526
-1.73358 -4.29076 -38.8526
-1.65843 -4.32036 -38.8526
-1.58278 -4.34864 -38.9644
-1.50664 -4.37561 -38.9644
-1.43005 -4.40123 -38.8496
-1.35302 -4.42552 -38.8496
-1.27558 -4.44846 -38.8496
-1.19774 -4.47004 -38.498
-1.11955 -4.49027 -38.498
-1.04101 -4.50912 -37.8963
-0.962159 -4.5266 -37.8963
-0.883013 -4.54271 -37.8963
-0.803597 -4.55742 -37.0289
-0.723937 -4.57076 -37.0289
-0.644056 -4.58269 -37.0289
-0.563978 -4.59324 -35.8801
-0.48373 -4.60238 -35.8801
-0.403333 -4.61012 -34.4357
-0.322814 -4.61646 -34.4357
-0.242197 -4.62139 -34.4357
-0.161505 -4.62491 -32.685
-0.080765 -4.62703 -32.685
-8.501e-16 -4.62773 -32.685
0.080765 -4.62703 -30.6225
0.161505 -4.62491 -30.6225
0.242197 -4.62139 -28.2499
0.322814 -4.61646 -28.2499
0.403333 -4.61012 -28.2499
0.48373 -4.60238 -25.5772
0.563978 -4.59324 -25.5772
0.644056 -4.58269 -22.6242
0.723937 -4.57076 -22.6242
0.803597 -4.55742 -22.6242
0.883013 -4.54271 -19.4208
0.962159 -4.5266 -19.4208
1.04101 -4.50912 -19.4208
1.11955 -4.49027 -16.0073
1.19774 -4.47004 -16.0073
1.27558 -4.44846 -12.4333
1.35302 -4.42552 -12.4333
1.43005 -4.40123 -12.4333
1.50664 -4.37561 -8.75623
1.58278 -4.34864 -8.75623
1.65843 -4.32036 -5.03951
1.73358 -4.29076 -5.03951
1.8082 -4.25985 -5.03951
1.88227 -4.22764 -1.34997
1.95576 -4.19415 -1.34997
2.02866 -4.15938 -1.34997
2.10095 -4.12334 2.24466
2.17259 -4.08604 2.24466
2.24357 -4.0475 5.67848
2.31387 -4.00773 5.67848
2.38346 -3.96674 5.67848
2.45232 -3.92454 8.88997
2.52044 -3.88114 8.88997
2.58779 -3.83656 11.8246
2.65436 -3.79081 11.8246
2.72011 -3.74391 11.8246
2.78504 -3.69587 14.4369
2.84912 -3.6467 14.4369
2.91233 -3.59642 14.4369
2.97465 -3.54505 16.6922
3.03606 -3.49259 16.6922
3.09656 -3.43907 18.567
3.1561 -3.38451 18.567
3.21469 -3.32891 18.567
3.2723 -3.2723 20.0492
3.32891 -3.21469 20.0492
3.38451 -3.1561 21.1379
3.43907 -3.09656 21.1379
3.49259 -3.03606 21.1379
3.54505 -2.97465 21.8426
3.59642 -2.91233 21.8426
3.6467 -2.84912 21.8426
3.69587 -2.78504 22.1823
3.74391 -2.72011 22.1823
3.79081 -2.65436 22.1839
3.83656 -2.58779 22.1839
3.88114 -2.52044 22.1839
3.92454 -2.45232 21.8815
3.96674 -2.38346 21.8815
4.00773 -2.31387 21.8815
4.0475 -2.24357 21.314
4.08604 -2.17259 21.314
4.12334 -2.10095 20.5237
4.15938 -2.02866 20.5237
4.19415 -1.95576 20.5237
4.22764 -1.88227 19.5539
4.25985 -1.8082 19.5539
4.29076 -1.73358 18.4476
4.32036 -1.65843 18.4476
4.34864 -1.58278 18.4476
4.37561 -1.50664 17.2453
4.40123 -1.43005 17.2453
4.42552 -1.35302 17.2453
4.44846 -1.27558 15.9841
4.47004 -1.19774 15.9841
4.49027 -1.11955 14.6966
4.50912 -1.04101 14.6966
4.5266 -0.962159 14.6966
4.54271 -0.883013 13.41
4.55742 -0.803597 13.41
4.57076 -0.723937 12.1459
4.58269 -0.644056 12.1459
4.59324 -0.563978 12.1459
4.60238 -0.48373 10.9205
4.61012 -0.403333 10.9205
4.61646 -0.322814 10.9205
4.62139 -0.242197 9.74454
4.62491 -0.161505 9.74454
4.62703 -0.080765 8.33682

4.70752 0 8.84788
4.7068 0.0821575 8.84788
4.70465 0.16429 7.76049
4.70107 0.246373 7.76049
4.69605 0.32838 6.73932
4.68961 0.410287 6.73932
4.68173 0.49207 6.73932
4.67243 0.573702 5.779
4.66171 0.65516 5.779
4.64956 0.736418 4.87263
4.636 0.817452 4.87263
4.62103 0.898237 4.87263
4.60465 0.978748 4.01237
4.58687 1.05896 4.01237
4.56769 1.13885 3.18983
4.54711 1.2184 3.18983
4.52516 1.29757 3.18983
4.50182 1.37635 2.3964
4.47712 1.4547 2.3964
4.45105 1.53262 1.62342
4.42362 1.61007 1.62342
4.39485 1.68702 1.62342
4.36474 1.76347 0.862297
4.33329 1.83937 0.862297
4.30053 1.91472 0.104543
4.26646 1.98948 0.104543
4.23109 2.06364 0.104543
4.19443 2.13717 -0.658244
4.15649 2.21005 -0.658244
4.11729 2.28225 -1.43439
4.07683 2.35376 -1.43439
4.03513 2.42455 -1.43439
3.9922 2.4946 -2.23216
3.94806 2.5639 -2.23216
3.90271 2.63241 -3.05965
3.85617 2.70012 -3.05965
3.80846 2.76701 -3.05965
3.75959 2.83306 -3.9247
3.70958 2.89824 -3.9247
3.65843 2.96254 -4.8346
3.60617 3.02593 -4.8346
3.55281 3.08841 -4.8346
3.49837 3.14994 -5.79578
3.44286 3.21052 -5.79578
3.38631 3.27012 -6.81328
3.32872 3.32872 -6.81328
3.27012 3.38631 -6.81328
3.21052 3.44286 -7.89013
3.14994 3.49837 -7.89013
3.08841 3.55281 -9.02661
3.02593 3.60617 -9.02661
2.96254 3.65843 -9.02661
2.89824 3.70958 -10.2194
2.83306 3.75959 -10.2194
2.76701 3.80846 -11.4611
2.70012 3.85617 -11.4611
2.63241 3.90271 -11.4611
2.5639 3.94806 -12.7391
2.4946 3.9922 -12.7391
2.42455 4.03513 -14.0356
2.35376 4.07683 -14.0356
2.28225 4.11729 -14.0356
2.21005 4.15649 -15.3274
2.13717 4.19443 -15.3274
2.06364 4.23109 -16.586
1.98948 4.26646 -16.586
1.91472 4.30053 -16.586
1.83937 4.33329 -17.778
1.76347 4.36474 -17.778
1.68702 4.39485 -18.8657
1.61007 4.42362 -18.8657
1.53262 4.45105 -18.8657
1.4547 4.47712 -19.8087
1.37635 4.50182 -19.8087
1.29757 4.52516 -20.5647
1.2184 4.54711 -20.5647
1.13885 4.56769 -20.5647
1.05896 4.58687 -21.0912
0.978748 4.60465 -21.0912
0.898237 4.62103 -21.3477
0.817452 4.636 -21.3477
0.736418 4.64956 -21.3477
0.65516 4.66171 -21.2972
0.573702 4.67243 -21.2972
0.49207 4.68173 -20.9082
0.410287 4.68961 -20.9082
0.32838 4.69605 -20.9082
0.246373 4.70107 -20.1558
0.16429 4.70465 -20.1558
0.0821575 4.7068 -19.0233
2.88252e-16 4.70752 -19.0233
-0.0821575 4.7068 -19.0233
-0.16429 4.70465 -17.5026
-0.246373 4.70107 -17.5026
-0.32838 4.69605 -15.5957
-0.410287 4.68961 -15.5957
-0.49207 4.68173 -15.5957
-0.573702 4.67243 -13.3147
-0.65516 4.66171 -13.3147
-0.736418 4.64956 -10.6828
-0.817452 4.636 -10.6828
-0.898237 4.62103 -10.6828
-0.978748 4.60465 -7.73362
-1.05896 4.58687 -7.73362
-1.13885 4.56769 -4.5109
-1.2184 4.54711 -4.5109
-1.29757 4.52516 -4.5109
-1.37635 4.50182 -1.06668
-1.4547 4.47712 -1.06668
-1.53262 4.45105 2.54049
-1.61007 4.42362 2.54049
-1.68702 4.39485 2.54049
-1.76347 4.36474 6.24801
-1.83937 4.33329 6.24801
-1.91472 4.30053 9.9917
-1.98948 4.26646 9.9917
-2.06364 4.23109 9.9917
-2.13717 4.19443 13.7082
-2.21005 4.15649 13.7082
-2.28225 4.11729 17.3375
-2.35376 4.07683 17.3375
-2.42455 4.03513 17.3375
-2.4946 3.9922 20.8249
-2.5639 3.94806 20.8249
-2.63241 3.90271 24.1235
-2.70012 3.85617 24.1235
-2.76701 3.80846 24.1235
-2.83306 3.75959 27.1952
-2.89824 3.70958 27.1952
-2.96254 3.65843 30.0123
-3.02593 3.60617 30.0123
-3.08841 3.55281 30.0123
-3.14994 3.49837 32.5567
-3.21052 3.44286 32.5567
-3.27012 3.38631 34.8198
-3.32872 3.32872 34.8198
-3.38631 3.27012 34.8198
-3.44286 3.21052 36.8013
-3.49837 3.14994 36.8013
-3.55281 3.08841 38.5071
-3.60617 3.02593 38.5071
-3.65843 2.96254 38.5071
-3.70958 2.89824 39.9482
-3.75959 2.83306 39.9482
-3.80846 2.76701 41.1389
-3.85617 2.70012 41.1389
-3.90271 2.63241 41.1389
-3.94806 2.5639 42.0946
-3.9922 2.4946 42.0946
-4.03513 2.42455 42.8304
-4.07683 2.35376 42.8304
-4.11729 2.28225 42.8304
-4.15649 2.21005 43.3593
-4.19443 2.13717 43.3593
-4.23109 2.06364 43.6908
-4.26646 1.98948 43.6908
-4.30053 1.91472 43.6908
-4.33329 1.83937 43.8293
-4.36474 1.76347 43.8293
-4.39485 1.68702 43.7737
-4.42362 1.61007 43.7737
-4.45105 1.53262 43.7737
-4.47712 1.4547 43.5171
-4.50182 1.37635 43.5171
-4.52516 1.29757 43.0472
-4.54711 1.2184 43.0472
-4.56769 1.13885 43.0472
-4.58687 1.05896 42.3472
-4.60465 0.978748 42.3472
-4.62103 0.898237 41.3975
-4.636 0.817452 41.3975
-4.64956 0.736418 41.3975
-4.66171 0.65516 40.177
-4.67243 0.573702 40.177
-4.68173 0.49207 38.6654
-4.68961 0.410287 38.6654
-4.69605 0.32838 38.6654
-4.70107 0.246373 36.8448
-4.70465 0.16429 36.8448
-4.7068 0.0821575 34.7016
-4.70752 5.76505e-16 34.7016
-4.7068 -0.0821575 34.7016
-4.70465 -0.16429 32.2275
-4.70107 -0.246373 32.2275
-4.69605 -0.32838 29.422
-4.68961 -0.410287 29.422
-4.68173 -0.49207 29.422
-4.67243 -0.573702 26.2937
-4.66171 -0.65516 26.2937
-4.64956 -0.736418 22.8613
-4.636 -0.817452 22.8613
-4.62103 -0.898237 22.8613
-4.60465 -0.978748 19.154
-4.58687 -1.05896 19.154
-4.56769 -1.13885 15.2112
-4.54711 -1.2184 15.2112
-4.52516 -1.29757 15.2112
-4.50182 -1.37635 11.0814
-4.47712 -1.4547 11.0814
-4.45105 -1.53262 6.8202
-4.42362 -1.61007 6.8202
-4.39485 -1.68702 6.8202
-4.36474 -1.76347 2.48822
-4.33329 -1.83937 2.48822
-4.30053 -1.91472 -1.85163
-4.26646 -1.98948 -1.85163
-4.23109 -2.06364 -1.85163
-4.19443 -2.13717 -6.13665
-4.15649 -2.21005 -6.13665
-4.11729 -2.28225 -10.3069
-4.07683 -2.35376 -10.3069
-4.03513 -2.42455 -10.3069
-3.9922 -2.4946 -14.3078
-3.94806 -2.5639 -14.3078
-3.90271 -2.63241 -18.0919
-3.85617 -2.70012 -18.0919
-3.80846 -2.76701 -18.0919
-3.75959 -2.83306 -21.6213
-3.70958 -2.89824 -21.6213
-3.65843 -2.96254 -24.8679
-3.60617 -3.02593 -24.8679
-3.55281 -3.08841 -24.8679
-3.49837 -3.14994 -27.8143
-3.44286 -3.21052 -27.8143
-3.38631 -3.27012 -30.4525
-3.32872 -3.32872 -30.4525
-3.27012 -3.38631 -30.4525
-3.21052 -3.44286 -32.7834
-3.14994 -3.49837 -32.7834
-3.08841 -3.55281 -34.8144
-3.02593 -3.60617 -34.8144
-2.96254 -3.65843 -34.8144
-2.89824 -3.70958 -36.5586
-2.83306 -3.75959 -36.5586
-2.76701 -3.80846 -38.0322
-2.70012 -3.85617 -38.0322
-2.63241 -3.90271 -38.0322
-2.5639 -3.94806 -39.2527
-2.4946 -3.9922 -39.2527
-2.42455 -4.03513 -40.2376
-2.35376 -4.07683 -40.2376
-2.28225 -4.11729 -40.2376
-2.21005 -4.15649 -41.0023
-2.13717 -4.19443 -41.0023
-2.06364 -4.23109 -41.5585
-1.98948 -4.26646 -41.5585
-1.91472 -4.30053 -41.5585
-1.83937 -4.33329 -41.9124
-1.76347 -4.36474 -41.9124
-1.68702 -4.39485 -42.0645
-1.61007 -4.42362 -42.0645
-1.53262 -4.45105 -42.0645
-1.4547 -4.47712 -42.0093
-1.37635 -4.50182 -42.0093
-1.29757 -4.52516 -41.7355
-1.2184 -4.54711 -41.7355
-1.13885 -4.56769 -41.7355
-1.05896 -4.58687 -41.2275
-0.978748 -4.60465 -41.2275
-0.898237 -4.62103 -40.4665
-0.817452 -4.636 -40.4665
-0.736418 -4.64956 -40.4665
-0.65516 -4.66171 -39.4325
-0.573702 -4.67243 -39.4325
-0.49207 -4.68173 -38.1063
-0.410287 -4.68961 -38.1063
-0.32838 -4.69605 -38.1063
-0.246373 -4.70107 -36.471
-0.16429 -4.70465 -36.471
-0.0821575 -4.7068 -34.5143
-8.64757e-16 -4.70752 -34.5143
0.0821575 -4.7068 -34.5143
0.16429 -4.70465 -32.2299
0.246373 -4.70107 -32.2299
0.32838 -4.69605 -29.6196
0.410287 -4.68961 -29.6196
0.49207 -4.68173 -29.6196
0.573702 -4.67243 -26.6943
0.65516 -4.66171 -26.6943
0.736418 -4.64956 -23.4757
0.817452 -4.636 -23.4757
0.898237 -4.62103 -23.4757
0.978748 -4.60465 -19.9965
1.05896 -4.58687 -19.9965
1.13885 -4.56769 -16.3001
1.2184 -4.54711 -16.3001
1.29757 -4.52516 -16.3001
1.37635 -4.50182 -12.4397
1.4547 -4.47712 -12.4397
1.53262 -4.45105 -8.47649
1.61007 -4.42362 -8.47649
1.68702 -4.39485 -8.47649
1.76347 -4.36474 -4.47755
1.83937 -4.33329 -4.47755
1.91472 -4.30053 -0.513156
1.98948 -4.26646 -0.513156
2.06364 -4.23109 -0.513156
2.13717 -4.19443 3.34573
2.21005 -4.15649 3.34573
2.28225 -4.11729 7.03011
2.35376 -4.07683 7.03011
2.42455 -4.03513 7.03011
2.4946 -3.9922 10.4755
2.5639 -3.94806 10.4755
2.63241 -3.90271 13.6249
2.70012 -3.85617 13.6249
2.76701 -3.80846 13.6249
2.83306 -3.75959 16.4307
2.89824 -3.70958 16.4307
2.96254 -3.65843 18.8564
3.02593 -3.60617 18.8564
3.08841 -3.55281 18.8564
3.14994 -3.49837 20.8774
3.21052 -3.44286 20.8774
3.27012 -3.38631 22.4806
3.32872 -3.32872 22.4806
3.38631 -3.27012 22.4806
3.44286 -3.21052 23.6644
3.49837 -3.14994 23.6644
3.55281 -3.08841 24.4378
3.60617 -3.02593 24.4378
3.65843 -2.96254 24.4378
3.70958 -2.89824 24.8191
3.75959 -2.83306 24.8191
3.80846 -2.76701 24.8354
3.85617 -2.70012 24.8354
3.90271 -2.63241 24.8354
3.94806 -2.5639 24.5212
3.9922 -2.4946 24.5212
4.03513 -2.42455 23.9166
4.07683 -2.35376 23.9166
4.11729 -2.28225 23.9166
4.15649 -2.21005 23.0655
4.19443 -2.13717 23.0655
4.23109 -2.06364 22.0141
4.26646 -1.98948 22.0141
4.30053 -1.91472 22.0141
4.33329 -1.83937 20.8083
4.36474 -1.76347 20.8083
4.39485 -1.68702 19.4924
4.42362 -1.61007 19.4924
4.45105 -1.53262 19.4924
4.47712 -1.4547 18.1073
4.50182 -1.37635 18.1073
4.52516 -1.29757 16.6895
4.54711 -1.2184 16.6895
4.56769 -1.13885 16.6895
4.58687 -1.05896 15.2705
4.60465 -0.978748 15.2705
4.62103 -0.898237 13.8757
4.636 -0.817452 13.8757
4.64956 -0.736418 13.8757
4.66171 -0.65516 12.5248
4.67243 -0.573702 12.5248
4.68173 -0.49207 11.2317
4.68961 -0.410287 11.2317
4.69605 -0.32838 11.2317
4.70107 -0.246373 10.0048
4.70465 -0.16429 10.0048
4.7068 -0.0821575 8.62422

4.78731 0 8.84788
4.78658 0.08355 8.84788
4.78439 0.167075 7.76049
4.78075 0.250548 7.76049
4.77565 0.333946 6.73932
4.76909 0.417241 6.73932
4.76108 0.50041 6.73932
4.75162 0.583426 5.779
4.74072 0.666264 5.779
4.72837 0.7489 4.87263
4.71458 0.831307 4.87263
4.69935 0.913461 4.87263
4.68269 0.995337 4.01237
4.66461 1.07691 4.01237
4.6451 1.15815 3.18983
4.62418 1.23905 3.18983
4.60186 1.31956 3.18983
4.57812 1.39967 2.3964
4.553 1.47936 2.3964
4.52649 1.55859 1.62342
4.4986 1.63736 1.62342
4.46934 1.71562 1.62342
4.43871 1.79336 0.862297
4.40674 1.87055 0.862297
4.37342 1.94717 0.104543
4.33877 2.0232 0.104543
4.3028 2.09862 0.104543
4.26552 2.17339 -0.658244
4.22694 2.2475 -0.658244
4.18707 2.32093 -1.43439
4.14593 2.39365 -1.43439
4.10352 2.46565 -1.43439
4.05987 2.53689 -2.23216
4.01497 2.60735 -2.23216
3.96886 2.67703 -3.05965
3.92153 2.74589 -3.05965
3.87301 2.81391 -3.05965
3.82331 2.88107 -3.9247
3.77245 2.94736 -3.9247
3.72044 3.01275 -4.8346
3.66729 3.07722 -4.8346
3.61303 3.14076 -4.8346
3.55766 3.20333 -5.79578
3.50121 3.26494 -5.79578
3.4437 3.32554 -6.81328
3.38514 3.38514 -6.81328
3.32554 3.4437 -6.81328
3.26494 3.50121 -7.89013
3.20333 3.55766 -7.89013
3.14076 3.61303 -9.02661
3.07722 3.66729 -9.02661
3.01275 3.72044 -9.02661
2.94736 3.77245 -10.2194
2.88107 3.82331 -10.2194
2.81391 3.87301 -11.4611
2.74589 3.92153 -11.4611
2.67703 3.96886 -11.4611
2.60735 4.01497 -12.7391
2.53689 4.05987 -12.7391
2.46565 4.10352 -14.0356
2.39365 4.14593 -14.0356
2.32093 4.18707 -14.0356
2.2475 4.22694 -15.3274
2.17339 4.26552 -15.3274
2.09862 4.3028 -16.586
2.0232 4.33877 -16.586
1.94717 4.37342 -16.586
1.87055 4.40674 -17.778
1.79336 4.43871 -17.778
1.71562 4.46934 -18.8657
1.63736 4.4986 -18.8657
1.55859 4.52649 -18.8657
1.47936 4.553 -19.8087
1.39967 4.57812 -19.8087
1.31956 4.60186 -20.5647
1.23905 4.62418 -20.5647
1.15815 4.6451 -20.5647
1.07691 4.66461 -21.0912
0.995337 4.68269 -21.0912
0.913461 4.69935 -21.3477
0.831307 4.71458 -21.3477
0.7489 4.72837 -21.3477
0.666264 4.74072 -21.2972
0.583426 4.75162 -21.2972
0.50041 4.76108 -20.9082
0.417241 4.76909 -20.9082
0.333946 4.77565 -20.9082
0.250548 4.78075 -20.1558
0.167075 4.78439 -20.1558
0.08355 4.78658 -19.0233
2.93138e-16 4.78731 -19.0233
-0.08355 4.78658 -19.0233
-0.167075 4.78439 -17.5026
-0.250548 4.78075 -17.5026
-0.333946 4.77565 -15.5957
-0.417241 4.76909 -15.5957
-0.50041 4.76108 -15.5957
-0.583426 4.75162 -13.3147
-0.666264 4.74072 -13.3147
-0.7489 4.72837 -10.6828
-0.831307 4.71458 -10.6828
-0.913461 4.69935 -10.6828
-0.995337 4.68269 -7.73362
-1.07691 4.66461 -7.73362
-1.15815 4.6451 -4.5109
-1.23905 4.62418 -4.5109
-1.31956 4.60186 -4.5109
-1.39967 4.57812 -1.06668
-1.47936 4.553 -1.06668
-1.55859 4.52649 2.54049
-1.63736 4.4986 2.54049
-1.71562 4.46934 2.54049
-1.79336 4.43871 6.24801
-1.87055 4.40674 6.24801
-1.94717 4.37342 9.9917
-2.0232 4.33877 9.9917
-2.09862 4.3028 9.9917
-2.17339 4.26552 13.7082
-2.2475 4.22694 13.7082
-2.32093 4.18707 17.3375
-2.39365 4.14593 17.3375
-2.46565 4.10352 17.3375
-2.53689 4.05987 20.8249
-2.60735 4.01497 20.8249
-2.67703 3.96886 24.1235
-2.74589 3.92153 24.1235
-2.81391 3.87301 24.1235
-2.88107 3.82331 27.1952
-2.94736 3.77245 27.1952
-3.01275 3.72044 30.0123
-3.07722 3.66729 30.0123
-3.14076 3.61303 30.0123
-3.20333 3.55766 32.5567
-3.26494 3.50121 32.5567
-3.32554 3.4437 34.8198
-3.38514 3.38514 34.8198
-3.4437 3.32554 34.8198
-3.50121 3.26494 36.8013
-3.55766 3.20333 36.8013
-3.61303 3.14076 38.5071
-3.66729 3.07722 38.5071
-3.72044 3.01275 38.5071
-3.77245 2.94736 39.9482
-3.82331 2.88107 39.9482
-3.87301 2.81391 41.1389
-3.92153 2.74589 41.1389
-3.96886 2.67703 41.1389
-4.01497 2.60735 42.0946
-4.05987 2.53689 42.0946
-4.10352 2.46565 42.8304
-4.14593 2.39365 42.8304
-4.18707 2.32093 42.8304
-4.22694 2.2475 43.3593
-4.26552 2.17339 43.3593
-4.3028 2.09862 43.6908
-4.33877 2.0232 43.6908
-4.37342 1.94717 43.6908
-4.40674 1.87055 43.8293
-4.43871 1.79336 43.8293
-4.46934 1.71562 43.7737
-4.4986 1.63736 43.7737
-4.52649 1.55859 43.7737
-4.553 1.47936 43.5171
-4.57812 1.39967 43.5171
-4.60186 1.31956 43.0472
-4.62418 1.23905 43.0472
-4.6451 1.15815 43.0472
-4.66461 1.07691 42.3472
-4.68269 0.995337 42.3472
-4.69935 0.913461 41.3975
-4.71458 0.831307 41.3975
-4.72837 0.7489 41.3975
-4.74072 0.666264 40.177
-4.75162 0.583426 40.177
-4.76108 0.50041 38.6654
-4.76909 0.417241 38.6654
-4.77565 0.333946 38.6654
-4.78075 0.250548 36.8448
-4.78439 0.167075 36.8448
-4.78658 0.08355 34.7016
-4.78731 5.86276e-16 34.7016
-4.78658 -0.08355 34.7016
-4.78439 -0.167075 32.2275
-4.78075 -0.250548 32.2275
-4.77565 -0.333946 29.422
-4.76909 -0.417241 29.422
-4.76108 -0.50041 29.422
-4.75162 -0.583426 26.2937
-4.74072 -0.666264 26.2937
-4.72837 -0.7489 22.8613
-4.71458 -0.831307 22.8613
-4.69935 -0.913461 22.8613
-4.68269 -0.995337 19.154
-4.66461 -1.07691 19.154
-4.6451 -1.15815 15.2112
-4.62418 -1.23905 15.2112
-4.60186 -1.31956 15.2112
-4.57812 -1.39967 11.0814
-4.553 -1.47936 11.0814
-4.52649 -1.55859 6.8202
-4.4986 -1.63736 6.8202
-4.46934 -1.71562 6.8202
-4.43871 -1.79336 2.48822
-4.40674 -1.87055 2.48822
-4.37342 -1.94717 -1.85163
-4.33877 -2.0232 -1.85163
-4.3028 -2.09862 -1.85163
-4.26552 -2.17339 -6.13665
-4.22694 -2.2475 -6.13665
-4.18707 -2.32093 -10.3069
-4.14593 -2.39365 -10.3069
-4.10352 -2.46565 -10.3069
-4.05987 -2.53689 -14.3078
-4.01497 -2.60735 -14.3078
-3.96886 -2.67703 -18.0919
-3.92153 -2.74589 -18.0919
-3.87301 -2.81391 -18.0919
-3.82331 -2.88107 -21.6213
-3.77245 -2.94736 -21.6213
-3.72044 -3.01275 -24.8679
-3.66729 -3.07722 -24.8679
-3.61303 -3.14076 -24.8679
-3.55766 -3.20333 -27.8143
-3.50121 -3.26494 -27.8143
-3.4437 -3.32554 -30.4525
-3.38514 -3.38514 -30.4525
-3.32554 -3.4437 -30.4525
-3.26494 -3.50121 -32.7834
-3.20333 -3.55766 -32.7834
-3.14076 -3.61303 -34.8144
-3.07722 -3.66729 -34.8144
-3.01275 -3.72044 -34.8144
-2.94736 -3.77245 -36.5586
-2.88107 -3.82331 -36.5586
-2.81391 -3.87301 -38.0322
-2.74589 -3.92153 -38.0322
-2.67703 -3.96886 -38.0322
-2.60735 -4.01497 -39.2527
-2.53689 -4.05987 -39.2527
-2.46565 -4.10352 -40.2376
-2.39365 -4.14593 -40.2376
-2.32093 -4.18707 -40.2376
-2.2475 -4.22694 -41.0023
-2.17339 -4.26552 -41.0023
-2.09862 -4.3028 -41.5585
-2.0232 -4.33877 -41.5585
-1.94717 -4.37342 -41.5585
-1.87055 -4.40674 -41.9124
-1.79336 -4.43871 -41.9124
-1.71562 -4.46934 -42.0645
-1.63736 -4.4986 -42.0645
-1.55859 -4.52649 -42.0645
-1.47936 -4.553 -42.0093
-1.39967 -4.57812 -42.0093
-1.31956 -4.60186 -41.7355
-1.23905 -4.62418 -41.7355
-1.15815 -4.6451 -41.7355
-1.07691 -4.66461 -41.2275
-0.995337 -4.68269 -41.2275
-0.913461 -4.69935 -40.4665
-0.831307 -4.71458 -40.4665
-0.7489 -4.72837 -40.4665
-0.666264 -4.74072 -39.4325
-0.583426 -4.75162 -39.4325
-0.50041 -4.76108 -38.1063
-0.417241 -4.76909 -38.1063
-0.333946 -4.77565 -38.1063
-0.250548 -4.78075 -36.471
-0.167075 -4.78439 -36.471
-0.08355 -4.78658 -34.5143
-8.79414e-16 -4.78731 -34.5143
0.08355 -4.78658 -34.5143
0.167075 -4.78439 -32.2299
0.250548 -4.78075 -32.2299
0.333946 -4.77565 -29.6196
0.417241 -4.76909 -29.6196
0.50041 -4.76108 -29.6196
0.583426 -4.75162 -26.6943
0.666264 -4.74072 -26.6943
0.7489 -4.72837 -23.4757
0.831307 -4.71458 -23.4757
0.913461 -4.69935 -23.4757
0.995337 -4.68269 -19.9965
1.07691 -4.66461 -19.9965
1.15815 -4.6451 -16.3001
1.23905 -4.62418 -16.3001
1.31956 -4.60186 -16.3001
1.39967 -4.57812 -12.4397
1.47936 -4.553 -12.4397
1.55859 -4.52649 -8.47649
1.63736 -4.4986 -8.47649
1.71562 -4.46934 -8.47649
1.79336 -4.43871 -4.47755
1.87055 -4.40674 -4.47755
1.94717 -4.37342 -0.513156
2.0232 -4.33877 -0.513156
2.09862 -4.3028 -0.513156
2.17339 -4.26552 3.34573
2.2475 -4.22694 3.34573
2.32093 -4.18707 7.03011
2.39365 -4.14593 7.03011
2.46565 -4.10352 7.03011
2.53689 -4.05987 10.4755
2.60735 -4.01497 10.4755
2.67703 -3.96886 13.6249
2.74589 -3.92153 13.6249
2.81391 -3.87301 13.6249
2.88107 -3.82331 16.4307
2.94736 -3.77245 16.4307
3.01275 -3.72044 18.8564
3.07722 -3.66729 18.8564
3.14076 -3.61303 18.8564
3.20333 -3.55766 20.8774
3.26494 -3.50121 20.8774
3.32554 -3.4437 22.4806
3.38514 -3.38514 22.4806
3.4437 -3.32554 22.4806
3.50121 -3.26494 23.6644
3.55766 -3.20333 23.6644
3.61303 -3.14076 24.4378
3.66729 -3.07722 24.4378
3.72044 -3.01275 24.4378
3.77245 -2.94736 24.8191
3.82331 -2.88107 24.8191
3.87301 -2.81391 24.8354
3.92153 -2.74589 24.8354
3.96886 -2.67703 24.8354
4.01497 -2.60735 24.5212
4.05987 -2.53689 24.5212
4.10352 -2.46565 23.9166
4.14593 -2.39365 23.9166
4.18707 -2.32093 23.9166
4.22694 -2.2475 23.0655
4.26552 -2.17339 23.0655
4.3028 -2.09862 22.0141
4.33877 -2.0232 22.0141
4.37342 -1.94717 22.0141
4.40674 -1.87055 20.8083
4.43871 -1.79336 20.8083
4.46934 -1.71562 19.4924
4.4986 -1.63736 19.4924
4.52649 -1.55859 19.4924
4.553 -1.47936 18.1073
4.57812 -1.39967 18.1073
4.60186 -1.31956 16.6895
4.62418 -1.23905 16.6895
4.6451 -1.15815 16.6895
4.66461 -1.07691 15.2705
4.68269 -0.995337 15.2705
4.69935 -0.913461 13.8757
4.71458 -0.831307 13.8757
4.72837 -0.7489 13.8757
4.74072 -0.666264 12.5248
4.75162 -0.583426 12.5248
4.76108 -0.50041 11.2317
4.76909 -0.417241 11.2317
4.77565 -0.333946 11.2317
4.78075 -0.250548 10.0048
4.78439 -0.167075 10.0048
4.78658 -0.08355 8.62422

4.8671 0 8.84788
4.86635 0.0849425 8.84788
4.86413 0.169859 7.76049
4.86043 0.254724 7.76049
4.85524 0.339511 6.73932
4.84858 0.424195 6.73932
4.84043 0.50875 6.73932
4.83082 0.59315 5.779
4.81973 0.677369 5.779
4.80717 0.761382 4.87263
4.79315 0.845162 4.87263
4.77767 0.928686 4.87263
4.76074 1.01193 4.01237
4.74235 1.09486 4.01237
4.72252 1.17746 3.18983
4.70125 1.2597 3.18983
4.67855 1.34155 3.18983
4.65443 1.423 2.3964
4.62888 1.50402 2.3964
4.60193 1.58457 1.62342
4.57357 1.66464 1.62342
4.54383 1.74421 1.62342
4.51269 1.82325 0.862297
4.48019 1.90173 0.862297
4.44631 1.97963 0.104543
4.41109 2.05692 0.104543
4.37452 2.13359 0.104543
4.33661 2.20962 -0.658244
4.29739 2.28496 -0.658244
4.25686 2.35961 -1.43439
4.21503 2.43355 -1.43439
4.17192 2.50674 -1.43439
4.12753 2.57917 -2.23216
4.08189 2.65081 -2.23216
4.03501 2.72165 -3.05965
3.98689 2.79165 -3.05965
3.93756 2.86081 -3.05965
3.88704 2.92909 -3.9247
3.83532 2.99648 -3.9247
3.78244 3.06296 -4.8346
3.72841 3.12851 -4.8346
3.67324 3.1931 -4.8346
3.61696 3.25672 -5.79578
3.55957 3.31935 -5.79578
3.5011 3.38097 -6.81328
3.44156 3.44156 -6.81328
3.38097 3.5011 -6.81328
3.31935 3.55957 -7.89013
3.25672 3.61696 -7.89013
3.1931 3.67324 -9.02661
3.12851 3.72841 -9.02661
3.06296 3.78244 -9.02661
2.99648 3.83532 -10.2194
2.92909 3.88704 -10.2194
2.86081 3.93756 -11.4611
2.79165 3.98689 -11.4611
2.72165 4.03501 -11.4611
2.65081 4.08189 -12.7391
2.57917 4.12753 -12.7391
2.50674 4.17192 -14.0356
2.43355 4.21503 -14.0356
2.35961 4.25686 -14.0356
2.28496 4.29739 -15.3274
2.20962 4.33661 -15.3274
2.13359 4.37452 -16.586
2.05692 4.41109 -16.586
1.97963 4.44631 -16.586
1.90173 4.48019 -17.778
1.82325 4.51269 -17.778
1.74421 4.54383 -18.8657
1.66464 4.57357 -18.8657
1.58457 4.60193 -18.8657
1.50402 4.62888 -19.8087
1.423 4.65443 -19.8087
1.34155 4.67855 -20.5647
1.2597 4.70125 -20.5647
1.17746 4.72252 -20.5647
1.09486 4.74235 -21.0912
1.01193 4.76074 -21.0912
0.928686 4.77767 -21.3477
0.845162 4.79315 -21.3477
0.761382 4.80717 -21.3477
0.677369 4.81973 -21.2972
0.59315 4.83082 -21.2972
0.50875 4.84043 -20.9082
0.424195 4.84858 -20.9082
0.339511 4.85524 -20.9082
0.254724 4.86043 -20.1558
0.169859 4.86413 -20.1558
0.0849425 4.86635 -19.0233
2.98024e-16 4.8671 -19.0233
-0.0849425 4.86635 -19.0233
-0.169859 4.86413 -17.5026
-0.254724 4.86043 -17.5026
-0.339511 4.85524 -15.5957
-0.424195 4.84858 -15.5957
-0.50875 4.84043 -15.5957
-0.59315 4.83082 -13.3147
-0.677369 4.81973 -13.3147
-0.761382 4.80717 -10.6828
-0.845162 4.79315 -10.6828
-0.928686 4.77767 -10.6828
-1.01193 4.76074 -7.73362
-1.09486 4.74235 -7.73362
-1.17746 4.72252 -4.5109
-1.2597 4.70125 -4.5109
-1.34155 4.67855 -4.5109
-1.423 4.65443 -1.06668
-1.50402 4.62888 -1.06668
-1.58457 4.60193 2.54049
-1.66464 4.57357 2.54049
-1.74421 4.54383 2.54049
-1.82325 4.51269 6.24801
-1.90173 4.48019 6.24801
-1.97963 4.44631 9.9917
-2.05692 4.41109 9.9917
-2.13359 4.37452 9.9917
-2.20962 4.33661 13.7082
-2.28496 4.29739 13.7082
-2.35961 4.25686 17.3375
-2.43355 4.21503 17.3375
-2.50674 4.17192 17.3375
-2.57917 4.12753 20.8249
-2.65081 4.08189 20.8249
-2.72165 4.03501 24.1235
-2.79165 3.98689 24.1235
-2.86081 3.93756 24.1235
-2.92909 3.88704 27.1952
-2.99648 3.83532 27.1952
-3.06296 3.78244 30.0123
-3.12851 3.72841 30.0123
-3.1931 3.67324 30.0123
-3.25672 3.61696 32.5567
-3.31935 3.55957 32.5567
-3.38097 3.5011 34.8198
-3.44156 3.44156 34.8198
-3.5011 3.38097 34.8198
-3.55957 3.31935 36.8013
-3.61696 3.25672 36.8013
-3.67324 3.1931 38.5071
-3.72841 3.12851 38.5071
-3.78244 3.06296 38.5071
-3.83532 2.99648 39.9482
-3.88704 2.92909 39.9482
-3.93756 2.86081 41.1389
-3.98689 2.79165 41.1389
-4.03501 2.72165 41.1389
-4.08189 2.65081 42.0946
-4.12753 2.57917 42.0946
-4.17192 2.50674 42.8304
-4.21503 2.43355 42.8304
-4.25686 2.35961 42.8304
-4.29739 2.28496 43.3593
-4.33661 2.20962 43.3593
-4.37452 2.13359 43.6908
-4.41109 2.05692 43.6908
-4.44631 1.97963 43.6908
-4.48019 1.90173 43.8293
-4.51269 1.82325 43.8293
-4.54383 1.74421 43.7737
-4.57357 1.66464 43.7737
-4.60193 1.58457 43.7737
-4.62888 1.50402 43.5171
-4.65443 1.423 43.5171
-4.67855 1.34155 43.0472
-4.70125 1.2597 43.0472
-4.72252 1.17746 43.0472
-4.74235 1.09486 42.3472
-4.76074 1.01193 42.3472
-4.77767 0.928686 41.3975
-4.79315 0.845162 41.3975
-4.80717 0.761382 41.3975
-4.81973 0.677369 40.177
-4.83082 0.59315 40.177
-4.84043 0.50875 38.6654
-4.84858 0.424195 38.6654
-4.85524 0.339511 38.6654
-4.86043 0.254724 36.8448
-4.86413 0.169859 36.8448
-4.86635 0.0849425 34.7016
-4.8671 5.96047e-16 34.7016
-4.86635 -0.0849425 34.7016
-4.86413 -0.169859 32.2275
-4.86043 -0.254724 32.2275
-4.85524 -0.339511 29.422
-4.84858 -0.424195 29.422
-4.84043 -0.50875 29.422
-4.83082 -0.59315 26.2937
-4.81973 -0.677369 26.2937
-4.80717 -0.761382 22.8613
-4.79315 -0.845162 22.8613
-4.77767 -0.928686 22.8613
-4.76074 -1.01193 19.154
-4.74235 -1.09486 19.154
-4.72252 -1.17746 15.2112
-4.70125 -1.2597 15.2112
-4.67855 -1.34155 15.2112
-4.65443 -1.423 11.0814
-4.62888 -1.50402 11.0814
-4.60193 -1.58457 6.8202
-4.57357 -1.66464 6.8202
-4.54383 -1.74421 6.8202
-4.51269 -1.82325 2.48822
-4.48019 -1.90173 2.48822
-4.44631 -1.97963 -1.85163
-4.41109 -2.05692 -1.85163
-4.37452 -2.13359 -1.85163
-4.33661 -2.20962 -6.13665
-4.29739 -2.28496 -6.13665
-4.25686 -2.35961 -10.3069
-4.21503 -2.43355 -10.3069
-4.17192 -2.50674 -10.3069
-4.12753 -2.57917 -14.3078
-4.08189 -2.65081 -14.3078
-4.03501 -2.72165 -18.0919
-3.98689 -2.79165 -18.0919
-3.93756 -2.86081 -18.0919
-3.88704 -2.92909 -21.6213
-3.83532 -2.99648 -21.6213
-3.78244 -3.06296 -24.8679
-3.72841 -3.12851 -24.8679
-3.67324 -3.1931 -24.8679
-3.61696 -3.25672 -27.8143
-3.55957 -3.31935 -27.8143
-3.5011 -3.38097 -30.4525
-3.44156 -3.44156 -30.4525
-3.38097 -3.5011 -30.4525
-3.31935 -3.55957 -32.7834
-3.25672 -3.61696 -32.7834
-3.1931 -3.67324 -34.8144
-3.12851 -3.72841 -34.8144
-3.06296 -3.78244 -34.8144
-2.99648 -3.83532 -36.5586
-2.92909 -3.88704 -36.5586
-2.86081 -3.93756 -38.0322
-2.79165 -3.98689 -38.0322
-2.72165 -4.03501 -38.0322
-2.65081 -4.08189 -39.2527
-2.57917 -4.12753 -39.2527
-2.50674 -4.17192 -40.2376
-2.43355 -4.21503 -40.2376
-2.35961 -4.25686 -40.2376
-2.28496 -4.29739 -41.0023
-2.20962 -4.33661 -41.0023
-2.13359 -4.37452 -41.5585
-2.05692 -4.41109 -41.5585
-1.97963 -4.44631 -41.5585
-1.90173 -4.48019 -41.9124
-1.82325 -4.51269 -41.9124
-1.74421 -4.54383 -42.0645
-1.66464 -4.57357 -42.0645
-1.58457 -4.60193 -42.0645
-1.50402 -4.62888 -42.0093
-1.423 -4.65443 -42.0093
-1.34155 -4.67855 -41.7355
-1.2597 -4.70125 -41.7355
-1.17746 -4.72252 -41.7355
-1.09486 -4.74235 -41.2275
-1.01193 -4.76074 -41.2275
-0.928686 -4.77767 -40.4665
-0.845162 -4.79315 -40.4665
-0.761382 -4.80717 -40.4665
-0.677369 -4.81973 -39.4325
-0.59315 -4.83082 -39.4325
-0.50875 -4.84043 -38.1063
-0.424195 -4.84858 -38.1063
-0.339511 -4.85524 -38.1063
-0.254724 -4.86043 -36.471
-0.169859 -4.86413 -36.471
-0.0849425 -4.86635 -34.5143
-8.94071e-16 -4.8671 -34.5143
0.0849425 -4.86635 -34.5143
0.169859 -4.86413 -32.2299
0.254724 -4.86043 -32.2299
0.339511 -4.85524 -29.6196
0.424195 -4.84858 -29.6196
0.50875 -4.84043 -29.6196
0.59315 -4.83082 -26.6943
0.677369 -4.81973 -26.6943
0.761382 -4.80717 -23.4757
0.845162 -4.79315 -23.4757
0.928686 -4.77767 -23.4757
1.01193 -4.76074 -19.9965
1.09486 -4.74235 -19.9965
1.17746 -4.72252 -16.3001
1.2597 -4.70125 -16.3001
1.34155 -4.67855 -16.3001
1.423 -4.65443 -12.4397
1.50402 -4.62888 -12.4397
1.58457 -4.60193 -8.47649
1.66464 -4.57357 -8.47649
1.74421 -4.54383 -8.47649
1.82325 -4.51269 -4.47755
1.90173 -4.48019 -4.47755
1.97963 -4.44631 -0.513156
2.05692 -4.41109 -0.513156
2.13359 -4.37452 -0.513156
2.20962 -4.33661 3.34573
2.28496 -4.29739 3.34573
2.35961 -4.25686 7.03011
2.43355 -4.21503 7.03011
2.50674 -4.17192 7.03011
2.57917 -4.12753 10.4755
2.65081 -4.08189 10.4755
2.72165 -4.03501 13.6249
2.79165 -3.98689 13.6249
2.86081 -3.93756 13.6249
2.92909 -3.88704 16.4307
2.99648 -3.83532 16.4307
3.06296 -3.78244 18.8564
3.12851 -3.72841 18.8564
3.1931 -3.67324 18.8564
3.25672 -3.61696 20.8774
3.31935 -3.55957 20.8774
3.38097 -3.5011 22.4806
3.44156 -3.44156 22.4806
3.5011 -3.38097 22.4806
3.55957 -3.31935 23.6644
3.61696 -3.25672 23.6644
3.67324 -3.1931 24.4378
3.72841 -3.12851 24.4378
3.78244 -3.06296 24.4378
3.83532 -2.99648 24.8191
3.88704 -2.92909 24.8191
3.93756 -2.86081 24.8354
3.98689 -2.79165 24.8354
4.03501 -2.72165 24.8354
4.08189 -2.65081 24.5212
4.12753 -2.57917 24.5212
4.17192 -2.50674 23.9166
4.21503 -2.43355 23.9166
4.25686 -2.35961 23.9166
4.29739 -2.28496 23.0655
4.33661 -2.20962 23.0655
4.37452 -2.13359 22.0141
4.41109 -2.05692 22.0141
4.44631 -1.97963 22.0141
4.48019 -1.90173 20.8083
4.51269 -1.82325 20.8083
4.54383 -1.74421 19.4924
4.57357 -1.66464 19.4924
4.60193 -1.58457 19.4924
4.62888 -1.50402 18.1073
4.65443 -1.423 18.1073
4.67855 -1.34155 16.6895
4.70125 -1.2597 16.6895
4.72252 -1.17746 16.6895
4.74235 -1.09486 15.2705
4.76074 -1.01193 15.2705
4.77767 -0.928686 13.8757
4.79315 -0.845162 13.8757
4.80717 -0.761382 13.8757
4.81973 -0.677369 12.5248
4.83082 -0.59315 12.5248
4.84043 -0.50875 11.2317
4.84858 -0.424195 11.2317
4.85524 -0.339511 11.2317
4.86043 -0.254724 10.0048
4.86413 -0.169859 10.0048
4.86635 -0.0849425 8.62422

4.94688 0 9.00003
4.94613 0.086335 9.00003
4.94387 0.172644 7.89503
4.9401 0.2589 7.89503
4.93483 0.345077 6.86606
4.92806 0.431149 6.86606
4.91978 0.51709 5.90597
4.91001 0.602874 5.90597
4.89874 0.688473 5.90597
4.88598 0.773863 5.00643
4.87173 0.859017 5.00643
4.856 0.94391 4.15842
4.83878 1.02852 4.15842
4.8201 1.11281 4.15842
4.79994 1.19676 3.35266
4.77832 1.28035 3.35266
4.75525 1.36355 2.57989
4.73073 1.44633 2.57989
4.70477 1.52867 1.831
4.67737 1.61055 1.831
4.64855 1.69193 1.831
4.61831 1.7728 1.0971
4.58667 1.85314 1.0971
4.55363 1.9329 0.369498
4.5192 2.01208 0.369498
4.4834 2.09064 0.369498
4.44623 2.16857 -0.360353
4.40771 2.24584 -0.360353
4.36784 2.32242 -1.10095
4.32664 2.3983 -1.10095
4.28413 2.47344 -1.86081
4.24031 2.54783 -1.86081
4.1952 2.62145 -1.86081
4.14881 2.69427 -2.64852
4.10115 2.76626 -2.64852
4.05225 2.83742 -3.47271
4.00211 2.90771 -3.47271
3.95076 2.97711 -3.47271
3.8982 3.04561 -4.34189
3.84445 3.11318 -4.34189
3.78953 3.1798 -5.26425
3.73346 3.24545 -5.26425
3.67625 3.31011 -6.2473
3.61792 3.37377 -6.2473
3.55849 3.43639 -6.2473
3.49798 3.49798 -7.29733
3.43639 3.55849 -7.29733
3.37377 3.61792 -8.41869
3.31011 3.67625 -8.41869
3.24545 3.73346 -8.41869
3.1798 3.78953 -9.61306
3.11318 3.84445 -9.61306
3.04561 3.8982 -10.8785
2.97711 3.95076 -10.8785
2.90771 4.00211 -12.2086
2.83742 4.05225 -12.2086
2.76626 4.10115 -12.2086
2.69427 4.14881 -13.5918
2.62145 4.1952 -13.5918
2.54783 4.24031 -15.0111
2.47344 4.28413 -15.0111
2.3983 4.32664 -15.0111
2.32242 4.36784 -16.4436
2.24584 4.40771 -16.4436
2.16857 4.44623 -17.8607
2.09064 4.4834 -17.8607
2.01208 4.5192 -19.2287
1.9329 4.55363 -19.2287
1.85314 4.58667 -19.2287
1.7728 4.61831 -20.5092
1.69193 4.64855 -20.5092
1.61055 4.67737 -21.6602
1.52867 4.70477 -21.6602
1.44633 4.73073 -21.6602
1.36355 4.75525 -22.637
1.28035 4.77832 -22.637
1.19676 4.79994 -23.3941
1.11281 4.8201 -23.3941
1.02852 4.83878 -23.8873
0.94391 4.856 -23.8873
0.859017 4.87173 -23.8873
0.773863 4.88598 -24.0753
0.688473 4.89874 -24.0753
0.602874 4.91001 -23.9215
0.51709 4.91978 -23.9215
0.431149 4.92806 -23.9215
0.345077 4.93483 -23.3959
0.2589 4.9401 -23.3959
0.172644 4.94387 -22.476
0.086335 4.94613 -22.476
3.02909e-16 4.94688 -21.1474
-0.086335 4.94613 -21.1474
-0.172644 4.94387 -21.1474
-0.2589 4.9401 -19.4052
-0.345077 4.93483 -19.4052
-0.431149 4.92806 -17.2545
-0.51709 4.91978 -17.2545
-0.602874 4.91001 -17.2545
-0.688473 4.89874 -14.711
-0.773863 4.88598 -14.711
-0.859017 4.87173 -11.8018
-0.94391 4.856 -11.8018
-1.02852 4.83878 -8.56525
-1.11281 4.8201 -8.56525
-1.19676 4.79994 -8.56525
-1.28035 4.77832 -5.04964
-1.36355 4.75525 -5.04964
-1.44633 4.73073 -1.31176
-1.52867 4.70477 -1.31176
-1.61055 4.67737 -1.31176
-1.69193 4.64855 2.58551
-1.7728 4.61831 2.58551
-1.85314 4.58667 6.57571
-1.9329 4.55363 6.57571
-2.01208 4.5192 10.5913
-2.09064 4.4834 10.5913
-2.16857 4.44623 10.5913
-2.24584 4.40771 14.5659
-2.32242 4.36784 14.5659
-2.3983 4.32664 18.4371
-2.47344 4.28413 18.4371
-2.54783 4.24031 18.4371
-2.62145 4.1952 22.148
-2.69427 4.14881 22.148
-2.76626 4.10115 25.6501
-2.83742 4.05225 25.6501
-2.90771 4.00211 28.9047
-2.97711 3.95076 28.9047
-3.04561 3.8982 28.9047
-3.11318 3.84445 31.884
-3.1798 3.78953 31.884
-3.24545 3.73346 34.5709
-3.31011 3.67625 34.5709
-3.37377 3.61792 34.5709
-3.43639 3.55849 36.9588
-3.49798 3.49798 36.9588
-3.55849 3.43639 39.0494
-3.61792 3.37377 39.0494
-3.67625 3.31011 40.8517
-3.73346 3.24545 40.8517
-3.78953 3.1798 40.8517
-3.84445 3.11318 42.3798
-3.8982 3.04561 42.3798
-3.95076 2.97711 43.6516
-4.00211 2.90771 43.6516
-4.05225 2.83742 43.6516
-4.10115 2.76626 44.6866
-4.14881 2.69427 44.6866
-4.1952 2.62145 45.5043
-4.24031 2.54783 45.5043
-4.28413 2.47344 46.1227
-4.32664 2.3983 46.1227
-4.36784 2.32242 46.1227
-4.40771 2.24584 46.5565
-4.44623 2.16857 46.5565
-4.4834 2.09064 46.8151
-4.5192 2.01208 46.8151
-4.55363 1.9329 46.8151
-4.58667 1.85314 46.9021
-4.61831 1.7728 46.9021
-4.64855 1.69193 46.8142
-4.67737 1.61055 46.8142
-4.70477 1.52867 46.5414
-4.73073 1.44633 46.5414
-4.75525 1.36355 46.5414
-4.77832 1.28035 46.0676
-4.79994 1.19676 46.0676
-4.8201 1.11281 45.372
-4.83878 1.02852 45.372
-4.856 0.94391 45.372
-4.87173 0.859017 44.4308
-4.88598 0.773863 44.4308
-4.89874 0.688473 43.2189
-4.91001 0.602874 43.2189
-4.91978 0.51709 41.712
-4.92806 0.431149 41.712
-4.93483 0.345077 41.712
-4.9401 0.2589 39.8883
-4.94387 0.172644 39.8883
-4.94613 0.086335 37.7302
-4.94688 6.05819e-16 37.7302
-4.94613 -0.086335 37.7302
-4.94387 -0.172644 35.2255
-4.9401 -0.2589 35.2255
-4.93483 -0.345077 32.3697
-4.92806 -0.431149 32.3697
-4.91978 -0.51709 32.3697
-4.91001 -0.602874 29.1678
-4.89874 -0.688473 29.1678
-4.88598 -0.773863 25.6353
-4.87173 -0.859017 25.6353
-4.856 -0.94391 21.7991
-4.83878 -1.02852 21.7991
-4.8201 -1.11281 21.7991
-4.79994 -1.19676 17.6972
-4.77832 -1.28035 17.6972
-4.75525 -1.36355 13.3781
-4.73073 -1.44633 13.3781
-4.70477 -1.52867 13.3781
-4.67737 -1.61055 8.89847
-4.64855 -1.69193 8.89847
-4.61831 -1.7728 4.32078
-4.58667 -1.85314 4.32078
-4.55363 -1.9329 -0.289098
-4.5192 -2.01208 -0.289098
-4.4834 -2.09064 -0.289098
-4.44623 -2.16857 -4.86458
-4.40771 -2.24584 -4.86458
-4.36784 -2.32242 -9.34096
-4.32664 -2.3983 -9.34096
-4.28413 -2.47344 -9.34096
-4.24031 -2.54783 -13.6579
-4.1952 -2.62145 -13.6579
-4.14881 -2.69427 -17.7621
-4.10115 -2.76626 -17.7621
-4.05225 -2.83742 -21.6091
-4.00211 -2.90771 -21.6091
-3.95076 -2.97711 -21.6091
-3.8982 -3.04561 -25.1651
-3.84445 -3.11318 -25.1651
-3.78953 -3.1798 -28.4077
-3.73346 -3.24545 -28.4077
-3.67625 -3.31011 -28.4077
-3.61792 -3.37377 -31.3255
-3.55849 -3.43639 -31.3255
-3.49798 -3.49798 -33.9172
-3.43639 -3.55849 -33.9172
-3.37377 -3.61792 -36.1896
-3.31011 -3.67625 -36.1896
-3.24545 -3.73346 -36.1896
-3.1798 -3.78953 -38.1562
-3.11318 -3.84445 -38.1562
-3.04561 -3.8982 -39.8352
-2.97711 -3.95076 -39.8352
-2.90771 -4.00211 -39.8352
-2.83742 -4.05225 -41.2477
-2.76626 -4.10115 -41.2477
-2.69427 -4.14881 -42.4157
-2.62145 -4.1952 -42.4157
-2.54783 -4.24031 -43.3606
-2.47344 -4.28413 -43.3606
-2.3983 -4.32664 -43.3606
-2.32242 -4.36784 -44.1013
-2.24584 -4.40771 -44.1013
-2.16857 -4.44623 -44.6523
-2.09064 -4.4834 -44.6523
-2.01208 -4.5192 -44.6523
-1.9329 -4.55363 -45.022
-1.85314 -4.58667 -45.022
-1.7728 -4.61831 -45.212
-1.69193 -4.64855 -45.212
-1.61055 -4.67737 -45.2169
-1.52867 -4.70477 -45.2169
-1.44633 -4.73073 -45.2169
-1.36355 -4.75525 -45.0245
-1.28035 -4.77832 -45.0245
-1.19676 -4.79994 -44.617
-1.11281 -4.8201 -44.617
-1.02852 -4.83878 -44.617
-0.94391 -4.856 -43.9726
-0.859017 -4.87173 -43.9726
-0.773863 -4.88598 -43.0672
-0.688473 -4.89874 -43.0672
-0.602874 -4.91001 -41.8767
-0.51709 -4.91978 -41.8767
-0.431149 -4.92806 -41.8767
-0.345077 -4.93483 -40.3784
-0.2589 -4.9401 -40.3784
-0.172644 -4.94387 -38.5534
-0.086335 -4.94613 -38.5534
-9.08728e-16 -4.94688 -38.5534
0.086335 -4.94613 -36.3879
0.172644 -4.94387 -36.3879
0.2589 -4.9401 -33.8752
0.345077 -4.93483 -33.8752
0.431149 -4.92806 -31.0172
0.51709 -4.91978 -31.0172
0.602874 -4.91001 -31.0172
0.688473 -4.89874 -27.8262
0.773863 -4.88598 -27.8262
0.859017 -4.87173 -24.3264
0.94391 -4.856 -24.3264
1.02852 -4.83878 -24.3264
1.11281 -4.8201 -20.5534
1.19676 -4.79994 -20.5534
1.28035 -4.77832 -16.5547
1.36355 -4.75525 -16.5547
1.44633 -4.73073 -12.3876
1.52867 -4.70477 -12.3876
1.61055 -4.67737 -12.3876
1.69193 -4.64855 -8.11767
1.7728 -4.61831 -8.11767
1.85314 -4.58667 -3.81583
1.9329 -4.55363 -3.81583
2.01208 -4.5192 -3.81583
2.09064 -4.4834 0.443841
2.16857 -4.44623 0.443841
2.24584 -4.40771 4.58675
2.32242 -4.36784 4.58675
2.3983 -4.32664 8.54046
2.47344 -4.28413 8.54046
2.54783 -4.24031 8.54046
2.62145 -4.1952 12.2372
2.69427 -4.14881 12.2372
2.76626 -4.10115 15.6169
2.83742 -4.05225 15.6169
2.90771 -4.00211 15.6169
2.97711 -3.95076 18.6296
3.04561 -3.8982 18.6296
3.11318 -3.84445 21.2371
3.1798 -3.78953 21.2371
3.24545 -3.73346 23.4135
3.31011 -3.67625 23.4135
3.37377 -3.61792 23.4135
3.43639 -3.55849 25.1451
3.49798 -3.49798 25.1451
3.55849 -3.43639 26.4297
3.61792 -3.37377 26.4297
3.67625 -3.31011 26.4297
3.73346 -3.24545 27.2756
3.78953 -3.1798 27.2756
3.84445 -3.11318 27.701
3.8982 -3.04561 27.701
3.95076 -2.97711 27.7327
4.00211 -2.90771 27.7327
4.05225 -2.83742 27.7327
4.10115 -2.76626 27.4052
4.14881 -2.69427 27.4052
4.1952 -2.62145 26.7596
4.24031 -2.54783 26.7596
4.28413 -2.47344 26.7596
4.32664 -2.3983 25.8416
4.36784 -2.32242 25.8416
4.40771 -2.24584 24.7
4.44623 -2.16857 24.7
4.4834 -2.09064 23.384
4.5192 -2.01208 23.384
4.55363 -1.9329 23.384
4.58667 -1.85314 21.9415
4.61831 -1.7728 21.9415
4.64855 -1.69193 20.4176
4.67737 -1.61055 20.4176
4.70477 -1.52867 20.4176
4.73073 -1.44633 18.8529
4.75525 -1.36355 18.8529
4.77832 -1.28035 17.2833
4.79994 -1.19676 17.2833
4.8201 -1.11281 15.7383
4.83878 -1.02852 15.7383
4.856 -0.94391 15.7383
4.87173 -0.859017 14.2417
4.88598 -0.773863 14.2417
4.89874 -0.688473 12.8109
4.91001 -0.602874 12.8109
4.91978 -0.51709 12.8109
4.92806 -0.431149 11.4572
4.93483 -0.345077 11.4572
4.9401 -0.2589 10.1865
4.94387 -0.172644 10.1865
4.94613 -0.086335 8.84788

5.02667 0 9.00003
5.02591 0.0877275 9.00003
5.02361 0.175428 7.89503
5.01978 0.263076 7.89503
5.01443 0.350643 6.86606
5.00754 0.438103 6.86606
4.99914 0.52543 5.90597
4.9892 0.612597 5.90597
4.97775 0.699578 5.90597
4.96479 0.786345 5.00643
4.95031 0.872873 5.00643
4.93432 0.959134 4.15842
4.91683 1.0451 4.15842
4.89784 1.13076 4.15842
4.87736 1.21606 3.35266
4.85539 1.301 3.35266
4.83195 1.38554 2.57989
4.80703 1.46966 2.57989
4.78065 1.55333 1.831
4.75281 1.63652 1.831
4.72353 1.71922 1.831
4.6928 1.8014 1.0971
4.66065 1.88302 1.0971
4.62708 1.96408 0.369498
4.59209 2.04453 0.369498
4.55571 2.12436 0.369498
4.51794 2.20355 -0.360353
4.4788 2.28206 -0.360353
4.43829 2.35988 -1.10095
4.39643 2.43698 -1.10095
4.35323 2.51334 -1.86081
4.3087 2.58893 -1.86081
4.26286 2.66373 -1.86081
4.21572 2.73772 -2.64852
4.1673 2.81088 -2.64852
4.11761 2.88318 -3.47271
4.06666 2.9546 -3.47271
4.01448 3.02513 -3.47271
3.96107 3.09473 -4.34189
3.90646 3.16339 -4.34189
3.85065 3.23108 -5.26425
3.79368 3.29779 -5.26425
3.73555 3.3635 -6.2473
3.67628 3.42818 -6.2473
3.61589 3.49182 -6.2473
3.55439 3.55439 -7.29733
3.49182 3.61589 -7.29733
3.42818 3.67628 -8.41869
3.3635 3.73555 -8.41869
3.29779 3.79368 -8.41869
3.23108 3.85065 -9.61306
3.16339 3.90646 -9.61306
3.09473 3.96107 -10.8785
3.02513 4.01448 -10.8785
2.9546 4.06666 -12.2086
2.88318 4.11761 -12.2086
2.81088 4.1673 -12.2086
2.73772 4.21572 -13.5918
2.66373 4.26286 -13.5918
2.58893 4.3087 -15.0111
2.51334 4.35323 -15.0111
2.43698 4.39643 -15.0111
2.35988 4.43829 -16.4436
2.28206 4.4788 -16.4436
2.20355 4.51794 -17.8607
2.12436 4.55571 -17.8607
2.04453 4.59209 -19.2287
1.96408 4.62708 -19.2287
1.88302 4.66065 -19.2287
1.8014 4.6928 -20.5092
1.71922 4.72353 -20.5092
1.63652 4.75281 -21.6602
1.55333 4.78065 -21.6602
1.46966 4.80703 -21.6602
1.38554 4.83195 -22.637
1.301 4.85539 -22.637
1.21606 4.87736 -23.3941
1.13076 4.89784 -23.3941
1.0451 4.91683 -23.8873
0.959134 4.93432 -23.8873
0.872873 4.95031 -23.8873
0.786345 4.96479 -24.0753
0.699578 4.97775 -24.0753
0.612597 4.9892 -23.9215
0.52543 4.99914 -23.9215
0.438103 5.00754 -23.9215
0.350643 5.01443 -23.3959
0.263076 5.01978 -23.3959
0.175428 5.02361 -22.476
0.0877275 5.02591 -22.476
3.07795e-16 5.02667 -21.1474
-0.0877275 5.02591 -21.1474
-0.175428 5.02361 -21.1474
-0.263076 5.01978 -19.4052
-0.350643 5.01443 -19.4052
-0.438103 5.00754 -17.2545
-0.52543 4.99914 -17.2545
-0.612597 4.9892 -17.2545
-0.699578 4.97775 -14.711
-0.786345 4.96479 -14.711
-0.872873 4.95031 -11.8018
-0.959134 4.93432 -11.8018
-1.0451 4.91683 -8.56525
-1.13076 4.89784 -8.56525
-1.21606 4.87736 -8.56525
-1.301 4.85539 -5.04964
-1.38554 4.83195 -5.04964
-1.46966 4.80703 -1.31176
-1.55333 4.78065 -1.31176
-1.63652 4.75281 -1.31176
-1.71922 4.72353 2.58551
-1.8014 4.6928 2.58551
-1.88302 4.66065 6.57571
-1.96408 4.62708 6.57571
-2.04453 4.59209 10.5913
-2.12436 4.55571 10.5913
-2.20355 4.51794 10.5913
-2.28206 4.4788 14.5659
-2.35988 4.43829 14.5659
-2.43698 4.39643 18.4371
-2.51334 4.35323 18.4371
-2.58893 4.3087 18.4371
-2.66373 4.26286 22.148
-2.73772 4.21572 22.148
-2.81088 4.1673 25.6501
-2.88318 4.11761 25.6501
-2.9546 4.06666 28.9047
-3.02513 4.01448 28.9047
-3.09473 3.96107 28.9047
-3.16339 3.90646 31.884
-3.23108 3.85065 31.884
-3.29779 3.79368 34.5709
-3.3635 3.73555 34.5709
-3.42818 3.67628 34.5709
-3.49182 3.61589 36.9588
-3.55439 3.55439 36.9588
-3.61589 3.49182 39.0494
-3.67628 3.42818 39.0494
-3.73555 3.3635 40.8517
-3.79368 3.29779 40.8517
-3.85065 3.23108 40.8517
-3.90646 3.16339 42.3798
-3.96107 3.09473 42.3798
-4.01448 3.02513 43.6516
-4.06666 2.9546 43.6516
-4.11761 2.88318 43.6516
-4.1673 2.81088 44.6866
-4.21572 2.73772 44.6866
-4.26286 2.66373 45.5043
-4.3087 2.58893 45.5043
-4.35323 2.51334 46.1227
-4.39643 2.43698 46.1227
-4.43829 2.35988 46.1227
-4.4788 2.28206 46.5565
-4.51794 2.20355 46.5565
-4.55571 2.12436 46.8151
-4.59209 2.04453 46.8151
-4.62708 1.96408 46.8151
-4.66065 1.88302 46.9021
-4.6928 1.8014 46.9021
-4.72353 1.71922 46.8142
-4.75281 1.63652 46.8142
-4.78065 1.55333 46.5414
-4.80703 1.46966 46.5414
-4.83195 1.38554 46.5414
-4.85539 1.301 46.0676
-4.87736 1.21606 46.0676
-4.89784 1.13076 45.372
-4.91683 1.0451 45.372
-4.93432 0.959134 45.372
-4.95031 0.872873 44.4308
-4.96479 0.786345 44.4308
-4.97775 0.699578 43.2189
-4.9892 0.612597 43.2189
-4.99914 0.52543 41.712
-5.00754 0.438103 41.712
-5.01443 0.350643 41.712
-5.01978 0.263076 39.8883
-5.02361 0.175428 39.8883
-5.02591 0.0877275 37.7302
-5.02667 6.1559e-16 37.7302
-5.02591 -0.0877275 37.7302
-5.02361 -0.175428 35.2255
-5.01978 -0.263076 35.2255
-5.01443 -0.350643 32.3697
-5.00754 -0.438103 32.3697
-4.99914 -0.52543 32.3697
-4.9892 -0.612597 29.1678
-4.97775 -0.699578 29.1678
-4.96479 -0.786345 25.6353
-4.95031 -0.872873 25.6353
-4.93432 -0.959134 21.7991
-4.91683 -1.0451 21.7991
-4.89784 -1.13076 21.7991
-4.87736 -1.21606 17.6972
-4.85539 -1.301 17.6972
-4.83195 -1.38554 13.3781
-4.80703 -1.46966 13.3781
-4.78065 -1.55333 13.3781
-4.75281 -1.63652 8.89847
-4.72353 -1.71922 8.89847
-4.6928 -1.8014 4.32078
-4.66065 -1.88302 4.32078
-4.62708 -1.96408 -0.289098
-4.59209 -2.04453 -0.289098
-4.55571 -2.12436 -0.289098
-4.51794 -2.20355 -4.86458
-4.4788 -2.28206 -4.86458
-4.43829 -2.35988 -9.34096
-4.39643 -2.43698 -9.34096
-4.35323 -2.51334 -9.34096
-4.3087 -2.58893 -13.6579
-4.26286 -2.66373 -13.6579
-4.21572 -2.73772 -17.7621
-4.1673 -2.81088 -17.7621
-4.11761 -2.88318 -21.6091
-4.06666 -2.9546 -21.6091
-4.01448 -3.02513 -21.6091
-3.96107 -3.09473 -25.1651
-3.90646 -3.16339 -25.1651
-3.85065 -3.23108 -28.4077
-3.79368 -3.29779 -28.4077
-3.73555 -3.3635 -28.4077
-3.67628 -3.42818 -31.3255
-3.61589 -3.49182 -31.3255
-3.55439 -3.55439 -33.9172
-3.49182 -3.61589 -33.9172
-3.42818 -3.67628 -36.1896
-3.3635 -3.73555 -36.1896
-3.29779 -3.79368 -36.1896
-3.23108 -3.85065 -38.1562
-3.16339 -3.90646 -38.1562
-3.09473 -3.96107 -39.8352
-3.02513 -4.01448 -39.8352
-2.9546 -4.06666 -39.8352
-2.88318 -4.11761 -41.2477
-2.81088 -4.1673 -41.2477
-2.73772 -4.21572 -42.4157
-2.66373 -4.26286 -42.4157
-2.58893 -4.3087 -43.3606
-2.51334 -4.35323 -43.3606
-2.43698 -4.39643 -43.3606
-2.35988 -4.43829 -44.1013
-2.28206 -4.4788 -44.1013
-2.20355 -4.51794 -44.6523
-2.12436 -4.55571 -44.6523
-2.04453 -4.59209 -44.6523
-1.96408 -4.62708 -45.022
-1.88302 -4.66065 -45.022
-1.8014 -4.6928 -45.212
-1.71922 -4.72353 -45.212
-1.63652 -4.75281 -45.2169
-1.55333 -4.78065 -45.2169
-1.46966 -4.80703 -45.2169
-1.38554 -4.83195 -45.0245
-1.301 -4.85539 -45.0245
-1.21606 -4.87736 -44.617
-1.13076 -4.89784 -44.617
-1.0451 -4.91683 -44.617
-0.959134 -4.93432 -43.9726
-0.872873 -4.95031 -43.9726
-0.786345 -4.96479 -43.0672
-0.699578 -4.97775 -43.0672
-0.612597 -4.9892 -41.8767
-0.52543 -4.99914 -41.8767
-0.438103 -5.00754 -41.8767
-0.350643 -5.01443 -40.3784
-0.263076 -5.01978 -40.3784
-0.175428 -5.02361 -38.5534
-0.0877275 -5.02591 -38.5534
-9.23385e-16 -5.02667 -38.5534
0.0877275 -5.02591 -36.3879
0.175428 -5.02361 -36.3879
0.263076 -5.01978 -33.8752
0.350643 -5.01443 -33.8752
0.438103 -5.00754 -31.0172
0.52543 -4.99914 -31.0172
0.612597 -4.9892 -31.0172
0.699578 -4.97775 -27.8262
0.786345 -4.96479 -27.8262
0.872873 -4.95031 -24.3264
0.959134 -4.93432 -24.3264
1.0451 -4.91683 -24.3264
1.13076 -4.89784 -20.5534
1.21606 -4.87736 -20.5534
1.301 -4.85539 -16.5547
1.38554 -4.83195 -16.5547
1.46966 -4.80703 -12.3876
1.55333 -4.78065 -12.3876
1.63652 -4.75281 -12.3876
1.71922 -4.72353 -8.11767
1.8014 -4.6928 -8.11767
1.88302 -4.66065 -3.81583
1.96408 -4.62708 -3.81583
2.04453 -4.59209 -3.81583
2.12436 -4.55571 0.443841
2.20355 -4.51794 0.443841
2.28206 -4.4788 4.58675
2.35988 -4.43829 4.58675
2.43698 -4.39643 8.54046
2.51334 -4.35323 8.54046
2.58893 -4.3087 8.54046
2.66373 -4.26286 12.2372
2.73772 -4.21572 12.2372
2.81088 -4.1673 15.6169
2.88318 -4.11761 15.6169
2.9546 -4.06666 15.6169
3.02513 -4.01448 18.6296
3.09473 -3.96107 18.6296
3.16339 -3.90646 21.2371
3.23108 -3.85065 21.2371
3.29779 -3.79368 23.4135
3.3635 -3.73555 23.4135
3.42818 -3.67628 23.4135
3.49182 -3.61589 25.1451
3.55439 -3.55439 25.1451
3.61589 -3.49182 26.4297
3.67628 -3.42818 26.4297
3.73555 -3.3635 26.4297
3.79368 -3.29779 27.2756
3.85065 -3.23108 27.2756
3.90646 -3.16339 27.701
3.96107 -3.09473 27.701
4.01448 -3.02513 27.7327
4.06666 -2.9546 27.7327
4.11761 -2.88318 27.7327
4.1673 -2.81088 27.4052
4.21572 -2.73772 27.4052
4.26286 -2.66373 26.7596
4.3087 -2.58893 26.7596
4.35323 -2.51334 26.7596
4.39643 -2.43698 25.8416
4.43829 -2.35988 25.8416
4.4788 -2.28206 24.7
4.51794 -2.20355 24.7
4.55571 -2.12436 23.384
4.59209 -2.04453 23.384
4.62708 -1.96408 23.384
4.66065 -1.88302 21.9415
4.6928 -1.8014 21.9415
4.72353 -1.71922 20.4176
4.75281 -1.63652 20.4176
4.78065 -1.55333 20.4176
4.80703 -1.46966 18.8529
4.83195 -1.38554 18.8529
4.85539 -1.301 17.2833
4.87736 -1.21606 17.2833
4.89784 -1.13076 15.7383
4.91683 -1.0451 15.7383
4.93432 -0.959134 15.7383
4.95031 -0.872873 14.2417
4.96479 -0.786345 14.2417
4.97775 -0.699578 12.8109
4.9892 -0.612597 12.8109
4.99914 -0.52543 12.8109
5.00754 -0.438103 11.4572
5.01443 -0.350643 11.4572
5.01978 -0.263076 10.1865
5.02361 -0.175428 10.1865
5.02591 -0.0877275 8.84788

5.10646 0 9.07314
5.10568 0.08912 9.07314
5.10335 0.178213 7.95823
5.09946 0.267252 7.95823
5.09402 0.356209 6.92871
5.08703 0.445057 6.92871
5.07849 0.533771 5.97559
5.0684 0.622321 5.97559
5.05677 0.710682 5.97559
5.04359 0.798827 5.08905
5.02888 0.886728 5.08905
5.01264 0.974359 4.25893
4.99487 1.06169 4.25893
4.97558 1.1487 3.47513
4.95478 1.23536 3.47513
4.93246 1.32165 2.72776
4.90865 1.40753 2.72776
4.88333 1.49298 2.72776
4.85653 1.57798 2.00736
4.82825 1.6625 2.00736
4.7985 1.74651 1.30484
4.76729 1.82999 1.30484
4.73463 1.91291 0.611438
4.70052 1.99525 0.611438
4.66498 2.07698 0.611438
4.62803 2.15808 -0.0813362
4.58966 2.23853 -0.0813362
4.54989 2.31828 -0.781903
4.50874 2.39734 -0.781903
4.46621 2.47566 -1.49874
4.42233 2.55323 -1.49874
4.37709 2.63002 -1.49874
4.33052 2.70601 -2.24053
4.28264 2.78118 -2.24053
4.23345 2.8555 -3.01618
4.18297 2.92895 -3.01618
4.13121 3.0015 -3.83488
4.0782 3.07315 -3.83488
4.02395 3.14385 -3.83488
3.96847 3.2136 -4.70591
3.91178 3.28237 -4.70591
3.8539 3.35014 -5.6385
3.79484 3.41689 -5.6385
3.73463 3.4826 -6.64138
3.67328 3.54725 -6.64138
3.61081 3.61081 -7.72225
3.54725 3.67328 -7.72225
3.4826 3.73463 -7.72225
3.41689 3.79484 -8.88704
3.35014 3.8539 -8.88704
3.28237 3.91178 -10.139
3.2136 3.96847 -10.139
3.14385 4.02395 -11.4777
3.07315 4.0782 -11.4777
3.0015 4.13121 -11.4777
2.92895 4.18297 -12.8982
2.8555 4.23345 -12.8982
2.78118 4.28264 -14.3898
2.70601 4.33052 -14.3898
2.63002 4.37709 -15.9363
2.55323 4.42233 -15.9363
2.47566 4.46621 -15.9363
2.39734 4.50874 -17.5151
2.31828 4.54989 -17.5151
2.23853 4.58966 -19.098
2.15808 4.62803 -19.098
2.07698 4.66498 -20.6509
1.99525 4.70052 -20.6509
1.91291 4.73463 -20.6509
1.82999 4.76729 -22.1347
1.74651 4.7985 -22.1347
1.6625 4.82825 -23.506
1.57798 4.85653 -23.506
1.49298 4.88333 -24.7182
1.40753 4.90865 -24.7182
1.32165 4.93246 -25.7226
1.23536 4.95478 -25.7226
1.1487 4.97558 -25.7226
1.06169 4.99487 -26.471
0.974359 5.01264 -26.471
0.886728 5.02888 -26.9179
0.798827 5.04359 -26.9179
0.710682 5.05677 -27.0218
0.622321 5.0684 -27.0218
0.533771 5.07849 -27.0218
0.445057 5.08703 -26.7476
0.356209 5.09402 -26.7476
0.267252 5.09946 -26.0674
0.178213 5.10335 -26.0674
0.08912 5.10568 -24.9612
3.12681e-16 5.10646 -24.9612
-0.08912 5.10568 -24.9612
-0.178213 5.10335 -23.4172
-0.267252 5.09946 -23.4172
-0.356209 5.09402 -21.4332
-0.445057 5.08703 -21.4332
-0.533771 5.07849 -19.0174
-0.622321 5.0684 -19.0174
-0.710682 5.05677 -19.0174
-0.798827 5.04359 -16.1891
-0.886728 5.02888 -16.1891
-0.974359 5.01264 -12.9797
-1.06169 4.99487 -12.9797
-1.1487 4.97558 -9.43241
-1.23536 4.95478 -9.43241
-1.32165 4.93246 -5.60088
-1.40753 4.90865 -5.60088
-1.49298 4.88333 -5.60088
-1.57798 4.85653 -1.54704
-1.6625 4.82825 -1.54704
-1.74651 4.7985 2.66152
-1.82999 4.76729 2.66152
-1.91291 4.73463 6.95423
-1.99525 4.70052 6.95423
-2.07698 4.66498 6.95423
-2.15808 4.62803 11.26
-2.23853 4.58966 11.26
-2.31828 4.54989 15.5095
-2.39734 4.50874 15.5095
-2.47566 4.46621 19.6373
-2.55323 4.42233 19.6373
-2.63002 4.37709 19.6373
-2.70601 4.33052 23.5839
-2.78118 4.28264 23.5839
-2.8555 4.23345 27.2988
-2.92895 4.18297 27.2988
-3.0015 4.13121 30.7421
-3.07315 4.0782 30.7421
-3.14385 4.02395 30.7421
-3.2136 3.96847 33.886
-3.28237 3.91178 33.886
-3.35014 3.8539 36.7144
-3.41689 3.79484 36.7144
-3.4826 3.73463 39.2225
-3.54725 3.67328 39.2225
-3.61081 3.61081 41.4147
-3.67328 3.54725 41.4147
-3.73463 3.4826 41.4147
-3.79484 3.41689 43.303
-3.8539 3.35014 43.303
-3.91178 3.28237 44.9049
-3.96847 3.2136 44.9049
-4.02395 3.14385 46.2415
-4.0782 3.07315 46.2415
-4.13121 3.0015 46.2415
-4.18297 2.92895 47.3365
-4.23345 2.8555 47.3365
-4.28264 2.78118 48.2141
-4.33052 2.70601 48.2141
-4.37709 2.63002 48.8973
-4.42233 2.55323 48.8973
-4.46621 2.47566 48.8973
-4.50874 2.39734 49.4062
-4.54989 2.31828 49.4062
-4.58966 2.23853 49.7564
-4.62803 2.15808 49.7564
-4.66498 2.07698 49.9569
-4.70052 1.99525 49.9569
-4.73463 1.91291 49.9569
-4.76729 1.82999 50.0095
-4.7985 1.74651 50.0095
-4.82825 1.6625 49.9078
-4.85653 1.57798 49.9078
-4.88333 1.49298 49.638
-4.90865 1.40753 49.638
-4.93246 1.32165 49.1798
-4.95478 1.23536 49.1798
-4.97558 1.1487 49.1798
-4.99487 1.06169 48.5076
-5.01264 0.974359 48.5076
-5.02888 0.886728 47.5932
-5.04359 0.798827 47.5932
-5.05677 0.710682 46.4071
-5.0684 0.622321 46.4071
-5.07849 0.533771 46.4071
-5.08703 0.445057 44.9211
-5.09402 0.356209 44.9211
-5.09946 0.267252 43.1093
-5.10335 0.178213 43.1093
-5.10568 0.08912 40.9502
-5.10646 6.25361e-16 40.9502
-5.10568 -0.08912 40.9502
-5.10335 -0.178213 38.4275
-5.09946 -0.267252 38.4275
-5.09402 -0.356209 35.5323
-5.08703 -0.445057 35.5323
-5.07849 -0.533771 32.2655
-5.0684 -0.622321 32.2655
-5.05677 -0.710682 32.2655
-5.04359 -0.798827 28.6388
-5.02888 -0.886728 28.6388
-5.01264 -0.974359 24.6764
-4.99487 -1.06169 24.6764
-4.97558 -1.1487 20.4151
-4.95478 -1.23536 20.4151
-4.93246 -1.32165 20.4151
-4.90865 -1.40753 15.9032
-4.88333 -1.49298 15.9032
-4.85653 -1.57798 11.1985
-4.82825 -1.6625 11.1985
-4.7985 -1.74651 6.36579
-4.76729 -1.82999 6.36579
-4.73463 -1.91291 1.47392
-4.70052 -1.99525 1.47392
-4.66498 -2.07698 1.47392
-4.62803 -2.15808 -3.40664
-4.58966 -2.23853 -3.40664
-4.54989 -2.31828 -8.20636
-4.50874 -2.39734 -8.20636
-4.46621 -2.47566 -12.8591
-4.42233 -2.55323 -12.8591
-4.37709 -2.63002 -12.8591
-4.33052 -2.70601 -17.3046
-4.28264 -2.78118 -17.3046
-4.23345 -2.8555 -21.4914
-4.18297 -2.92895 -21.4914
-4.13121 -3.0015 -25.3786
-4.0782 -3.07315 -25.3786
-4.02395 -3.14385 -25.3786
-3.96847 -3.2136 -28.9378
-3.91178 -3.28237 -28.9378
-3.8539 -3.35014 -32.1528
-3.79484 -3.41689 -32.1528
-3.73463 -3.4826 -35.0191
-3.67328 -3.54725 -35.0191
-3.61081 -3.61081 -35.0191
-3.54725 -3.67328 -37.5424
-3.4826 -3.73463 -37.5424
-3.41689 -3.79484 -39.736
-3.35014 -3.8539 -39.736
-3.28237 -3.91178 -41.6192
-3.2136 -3.96847 -41.6192
-3.14385 -4.02395 -43.2155
-3.07315 -4.0782 -43.2155
-3.0015 -4.13121 -43.2155
-2.92895 -4.18297 -44.5508
-2.8555 -4.23345 -44.5508
-2.78118 -4.28264 -45.6516
-2.70601 -4.33052 -45.6516
-2.63002 -4.37709 -46.5434
-2.55323 -4.42233 -46.5434
-2.47566 -4.46621 -46.5434
-2.39734 -4.50874 -47.249
-2.31828 -4.54989 -47.249
-2.23853 -4.58966 -47.786
-2.15808 -4.62803 -47.786
-2.07698 -4.66498 -48.1653
-1.99525 -4.70052 -48.1653
-1.91291 -4.73463 -48.1653
-1.82999 -4.76729 -48.39
-1.74651 -4.7985 -48.39
-1.6625 -4.82825 -48.4549
-1.57798 -4.85653 -48.4549
-1.49298 -4.88333 -48.347
-1.40753 -4.90865 -48.347
-1.32165 -4.93246 -48.347
-1.23536 -4.95478 -48.0467
-1.1487 -4.97558 -48.0467
-1.06169 -4.99487 -47.5289
-0.974359 -5.01264 -47.5289
-0.886728 -5.02888 -46.7657
-0.798827 -5.04359 -46.7657
-0.710682 -5.05677 -45.7281
-0.622321 -5.0684 -45.7281
-0.533771 -5.07849 -45.7281
-0.445057 -5.08703 -44.3882
-0.356209 -5.09402 -44.3882
-0.267252 -5.09946 -42.7207
-0.178213 -5.10335 -42.7207
-0.08912 -5.10568 -40.7046
-9.38042e-16 -5.10646 -40.7046
0.08912 -5.10568 -40.7046
0.178213 -5.10335 -38.325
0.267252 -5.09946 -38.325
0.356209 -5.09402 -35.5747
0.445057 -5.08703 -35.5747
0.533771 -5.07849 -32.4562
0.622321 -5.0684 -32.4562
0.710682 -5.05677 -32.4562
0.798827 -5.04359 -28.9835
0.886728 -5.02888 -28.9835
0.974359 -5.01264 -25.1833
1.06169 -4.99487 -25.1833
1.1487 -4.97558 -21.0956
1.23536 -4.95478 -21.0956
1.32165 -4.93246 -21.0956
1.40753 -4.90865 -16.7723
1.49298 -4.88333 -16.7723
1.57798 -4.85653 -12.2757
1.6625 -4.82825 -12.2757
1.74651 -4.7985 -7.6759
1.82999 -4.76729 -7.6759
1.91291 -4.73463 -3.04825
1.99525 -4.70052 -3.04825
2.07698 -4.66498 -3.04825
2.15808 -4.62803 1.52919
2.23853 -4.58966 1.52919
2.31828 -4.54989 5.97797
2.39734 -4.50874 5.97797
2.47566 -4.46621 10.2218
2.55323 -4.42233 10.2218
2.63002 -4.37709 10.2218
2.70601 -4.33052 14.189
2.78118 -4.28264 14.189
2.8555 -4.23345 17.8161
2.92895 -4.18297 17.8161
3.0015 -4.13121 21.0504
3.07315 -4.0782 21.0504
3.14385 -4.02395 21.0504
3.2136 -3.96847 23.8518
3.28237 -3.91178 23.8518
3.35014 -3.8539 26.1934
3.41689 -3.79484 26.1934
3.4826 -3.73463 28.061
3.54725 -3.67328 28.061
3.61081 -3.61081 28.061
3.67328 -3.54725 29.4523
3.73463 -3.4826 29.4523
3.79484 -3.41689 30.3754
3.8539 -3.35014 30.3754
3.91178 -3.28237 30.8479
3.96847 -3.2136 30.8479
4.02395 -3.14385 30.8961
4.0782 -3.07315 30.8961
4.13121 -3.0015 30.8961
4.18297 -2.92895 30.5545
4.23345 -2.8555 30.5545
4.28264 -2.78118 29.8646
4.33052 -2.70601 29.8646
4.37709 -2.63002 28.8739
4.42233 -2.55323 28.8739
4.46621 -2.47566 28.8739
4.50874 -2.39734 27.6336
4.54989 -2.31828 27.6336
4.58966 -2.23853 26.1962
4.62803 -2.15808 26.1962
4.66498 -2.07698 24.6138
4.70052 -1.99525 24.6138
4.73463 -1.91291 24.6138
4.76729 -1.82999 22.9356
4.7985 -1.74651 22.9356
4.82825 -1.6625 21.2067
4.85653 -1.57798 21.2067
4.88333 -1.49298 19.4671
4.90865 -1.40753 19.4671
4.93246 -1.32165 19.4671
4.95478 -1.23536 17.7513
4.97558 -1.1487 17.7513
4.99487 -1.06169 16.0871
5.01264 -0.974359 16.0871
5.02888 -0.886728 14.4962
5.04359 -0.798827 14.4962
5.05677 -0.710682 12.9934
5.0684 -0.622321 12.9934
5.07849 -0.533771 12.9934
5.08703 -0.445057 11.5873
5.09402 -0.356209 11.5873
5.09946 -0.267252 10.2811
5.10335 -0.178213 10.2811
5.10568 -0.08912 9.00003

5.18625 0 9.07314
5.18546 0.0905125 9.07314
5.18309 0.180998 7.95823
5.17914 0.271427 7.95823
5.17362 0.361774 6.92871
5.16651 0.452011 6.92871
5.15784 0.542111 5.97559
5.14759 0.632045 5.97559
5.13578 0.721786 5.97559
5.1224 0.811308 5.08905
5.10746 0.900583 5.08905
5.09096 0.989583 4.25893
5.07292 1.07828 4.25893
5.05333 1.16665 3.47513
5.0322 1.25467 3.47513
5.00953 1.3423 2.72776
4.98534 1.42952 2.72776
4.95964 1.51631 2.72776
4.93242 1.60264 2.00736
4.9037 1.68848 2.00736
4.87348 1.7738 1.30484
4.84178 1.85859 1.30484
4.80861 1.9428 0.611438
4.77397 2.02643 0.611438
4.73787 2.10944 0.611438
4.70034 2.1918 -0.0813362
4.66137 2.2735 -0.0813362
4.62098 2.35451 -0.781903
4.57919 2.4348 -0.781903
4.536 2.51434 -1.49874
4.49142 2.59312 -1.49874
4.44548 2.67112 -1.49874
4.39819 2.74829 -2.24053
4.34955 2.82463 -2.24053
4.2996 2.90011 -3.01618
4.24833 2.97471 -3.01618
4.19576 3.0484 -3.83488
4.14192 3.12116 -3.83488
4.08682 3.19297 -3.83488
4.03047 3.26381 -4.70591
3.9729 3.33366 -4.70591
3.91411 3.40249 -5.6385
3.85413 3.47028 -5.6385
3.79298 3.53701 -6.64138
3.73068 3.60267 -6.64138
3.66723 3.66723 -7.72225
3.60267 3.73068 -7.72225
3.53701 3.79298 -7.72225
3.47028 3.85413 -8.88704
3.40249 3.91411 -8.88704
3.33366 3.9729 -10.139
3.26381 4.03047 -10.139
3.19297 4.08682 -11.4777
3.12116 4.14192 -11.4777
3.0484 4.19576 -11.4777
2.97471 4.24833 -12.8982
2.90011 4.2996 -12.8982
2.82463 4.34955 -14.3898
2.74829 4.39819 -14.3898
2.67112 4.44548 -15.9363
2.59312 4.49142 -15.9363
2.51434 4.536 -15.9363
2.4348 4.57919 -17.5151
2.35451 4.62098 -17.5151
2.2735 4.66137 -19.098
2.1918 4.70034 -19.098
2.10944 4.73787 -20.6509
2.02643 4.77397 -20.6509
1.9428 4.80861 -20.6509
1.85859 4.84178 -22.1347
1.7738 4.87348 -22.1347
1.68848 4.9037 -23.506
1.60264 4.93242 -23.506
1.51631 4.95964 -24.7182
1.42952 4.98534 -24.7182
1.3423 5.00953 -25.7226
1.25467 5.0322 -25.7226
1.16665 5.05333 -25.7226
1.07828 5.07292 -26.471
0.989583 5.09096 -26.471
0.900583 5.10746 -26.9179
0.811308 5.1224 -26.9179
0.721786 5.13578 -27.0218
0.632045 5.14759 -27.0218
0.542111 5.15784 -27.0218
0.452011 5.16651 -26.7476
0.361774 5.17362 -26.7476
0.271427 5.17914 -26.0674
0.180998 5.18309 -26.0674
0.0905125 5.18546 -24.9612
3.17566e-16 5.18625 -24.9612
-0.0905125 5.18546 -24.9612
-0.180998 5.18309 -23.4172
-0.271427 5.17914 -23.4172
-0.361774 5.17362 -21.4332
-0.452011 5.16651 -21.4332
-0.542111 5.15784 -19.0174
-0.632045 5.14759 -19.0174
-0.721786 5.13578 -19.0174
-0.811308 5.1224 -16.1891
-0.900583 5.10746 -16.1891
-0.989583 5.09096 -12.9797
-1.07828 5.07292 -12.9797
-1.16665 5.05333 -9.43241
-1.25467 5.0322 -9.43241
-1.3423 5.00953 -5.60088
-1.42952 4.98534 -5.60088
-1.51631 4.95964 -5.60088
-1.60264 4.93242 -1.54704
-1.68848 4.9037 -1.54704
-1.7738 4.87348 2.66152
-1.85859 4.84178 2.66152
-1.9428 4.80861 6.95423
-2.02643 4.77397 6.95423
-2.10944 4.73787 6.95423
-2.1918 4.70034 11.26
-2.2735 4.66137 11.26
-2.35451 4.62098 15.5095
-2.4348 4.57919 15.5095
-2.51434 4.536 19.6373
-2.59312 4.49142 19.6373
-2.67112 4.44548 19.6373
-2.74829 4.39819 23.5839
-2.82463 4.34955 23.5839
-2.90011 4.2996 27.2988
-2.97471 4.24833 27.2988
-3.0484 4.19576 30.7421
-3.12116 4.14192 30.7421
-3.19297 4.08682 30.7421
-3.26381 4.03047 33.886
-3.33366 3.9729 33.886
-3.40249 3.91411 36.7144
-3.47028 3.85413 36.7144
-3.53701 3.79298 39.2225
-3.60267 3.73068 39.2225
-3.66723 3.66723 41.4147
-3.73068 3.60267 41.4147
-3.79298 3.53701 41.4147
-3.85413 3.47028 43.303
-3.91411 3.40249 43.303
-3.9729 3.33366 44.9049
-4.03047 3.26381 44.9049
-4.08682 3.19297 46.2415
-4.14192 3.12116 46.2415
-4.19576 3.0484 46.2415
-4.24833 2.97471 47.3365
-4.2996 2.90011 47.3365
-4.34955 2.82463 48.2141
-4.39819 2.74829 48.2141
-4.44548 2.67112 48.8973
-4.49142 2.59312 48.8973
-4.536 2.51434 48.8973
-4.57919 2.4348 49.4062
-4.62098 2.35451 49.4062
-4.66137 2.2735 49.7564
-4.70034 2.1918 49.7564
-4.73787 2.10944 49.9569
-4.77397 2.02643 49.9569
-4.80861 1.9428 49.9569
-4.84178 1.85859 50.0095
-4.87348 1.7738 50.0095
-4.9037 1.68848 49.9078
-4.93242 1.60264 49.9078
-4.95964 1.51631 49.638
-4.98534 1.42952 49.638
-5.00953 1.3423 49.1798
-5.0322 1.25467 49.1798
-5.05333 1.16665 49.1798
-5.07292 1.07828 48.5076
-5.09096 0.989583 48.5076
-5.10746 0.900583 47.5932
-5.1224 0.811308 47.5932
-5.13578 0.721786 46.4071
-5.14759 0.632045 46.4071
-5.15784 0.542111 46.4071
-5.16651 0.452011 44.9211
-5.17362 0.361774 44.9211
-5.17914 0.271427 43.1093
-5.18309 0.180998 43.1093
-5.18546 0.0905125 40.9502
-5.18625 6.35132e-16 40.9502
-5.18546 -0.0905125 40.9502
-5.18309 -0.180998 38.4275
-5.17914 -0.271427 38.4275
-5.17362 -0.361774 35.5323
-5.16651 -0.452011 35.5323
-5.15784 -0.542111 32.2655
-5.14759 -0.632045 32.2655
-5.13578 -0.721786 32.2655
-5.1224 -0.811308 28.6388
-5.10746 -0.900583 28.6388
-5.09096 -0.989583 24.6764
-5.07292 -1.07828 24.6764
-5.05333 -1.16665 20.4151
-5.0322 -1.25467 20.4151
-5.00953 -1.3423 20.4151
-4.98534 -1.42952 15.9032
-4.95964 -1.51631 15.9032
-4.93242 -1.60264 11.1985
-4.9037 -1.68848 11.1985
-4.87348 -1.7738 6.36579
-4.84178 -1.85859 6.36579
-4.80861 -1.9428 1.47392
-4.77397 -2.02643 1.47392
-4.73787 -2.10944 1.47392
-4.70034 -2.1918 -3.40664
-4.66137 -2.2735 -3.40664
-4.62098 -2.35451 -8.20636
-4.57919 -2.4348 -8.20636
-4.536 -2.51434 -12.8591
-4.49142 -2.59312 -12.8591
-4.44548 -2.67112 -12.8591
-4.39819 -2.74829 -17.3046
-4.34955 -2.82463 -17.3046
-4.2996 -2.90011 -21.4914
-4.24833 -2.97471 -21.4914
-4.19576 -3.0484 -25.3786
-4.14192 -3.12116 -25.3786
-4.08682 -3.19297 -25.3786
-4.03047 -3.26381 -28.9378
-3.9729 -3.33366 -28.9378
-3.91411 -3.40249 -32.1528
-3.85413 -3.47028 -32.1528
-3.79298 -3.53701 -35.0191
-3.73068 -3.60267 -35.0191
-3.66723 -3.66723 -35.0191
-3.60267 -3.73068 -37.5424
-3.53701 -3.79298 -37.5424
-3.47028 -3.85413 -39.736
-3.40249 -3.91411 -39.736
-3.33366 -3.9729 -41.6192
-3.26381 -4.03047 -41.6192
-3.19297 -4.08682 -43.2155
-3.12116 -4.14192 -43.2155
-3.0484 -4.19576 -43.2155
-2.97471 -4.24833 -44.5508
-2.90011 -4.2996 -44.5508
-2.82463 -4.34955 -45.6516
-2.74829 -4.39819 -45.6516
-2.67112 -4.44548 -46.5434
-2.59312 -4.49142 -46.5434
-2.51434 -4.536 -46.5434
-2.4348 -4.57919 -47.249
-2.35451 -4.62098 -47.249
-2.2735 -4.66137 -47.786
-2.1918 -4.70034 -47.786
-2.10944 -4.73787 -48.1653
-2.02643 -4.77397 -48.1653
-1.9428 -4.80861 -48.1653
-1.85859 -4.84178 -48.39
-1.7738 -4.87348 -48.39
-1.68848 -4.9037 -48.4549
-1.60264 -4.93242 -48.4549
-1.51631 -4.95964 -48.347
-1.42952 -4.98534 -48.347
-1.3423 -5.00953 -48.347
-1.25467 -5.0322 -48.0467
-1.16665 -5.05333 -48.0467
-1.07828 -5.07292 -47.5289
-0.989583 -5.09096 -47.5289
-0.900583 -5.10746 -46.7657
-0.811308 -5.1224 -46.7657
-0.721786 -5.13578 -45.7281
-0.632045 -5.14759 -45.7281
-0.542111 -5.15784 -45.7281
-0.452011 -5.16651 -44.3882
-0.361774 -5.17362 -44.3882
-0.271427 -5.17914 -42.7207
-0.180998 -5.18309 -42.7207
-0.0905125 -5.18546 -40.7046
-9.52699e-16 -5.18625 -40.7046
0.0905125 -5.18546 -40.7046
0.180998 -5.18309 -38.325
0.271427 -5.17914 -38.325
0.361774 -5.17362 -35.5747
0.452011 -5.16651 -35.5747
0.542111 -5.15784 -32.4562
0.632045 -5.14759 -32.4562
0.721786 -5.13578 -32.4562
0.811308 -5.1224 -28.9835
0.900583 -5.10746 -28.9835
0.989583 -5.09096 -25.1833
1.07828 -5.07292 -25.1833
1.16665 -5.05333 -21.0956
1.25467 -5.0322 -21.0956
1.3423 -5.00953 -21.0956
1.42952 -4.98534 -16.7723
1.51631 -4.95964 -16.7723
1.60264 -4.93242 -12.2757
1.68848 -4.9037 -12.2757
1.7738 -4.87348 -7.6759
1.85859 -4.84178 -7.6759
1.9428 -4.80861 -3.04825
2.02643 -4.77397 -3.04825
2.10944 -4.73787 -3.04825
2.1918 -4.70034 1.52919
2.2735 -4.66137 1.52919
2.35451 -4.62098 5.97797
2.4348 -4.57919 5.97797
2.51434 -4.536 10.2218
2.59312 -4.49142 10.2218
2.67112 -4.44548 10.2218
2.74829 -4.39819 14.189
2.82463 -4.34955 14.189
2.90011 -4.2996 17.8161
2.97471 -4.24833 17.8161
3.0484 -4.19576 21.0504
3.12116 -4.14192 21.0504
3.19297 -4.08682 21.0504
3.26381 -4.03047 23.8518
3.33366 -3.9729 23.8518
3.40249 -3.91411 26.1934
3.47028 -3.85413 26.1934
3.53701 -3.79298 28.061
3.60267 -3.73068 28.061
3.66723 -3.66723 28.061
3.73068 -3.60267 29.4523
3.79298 -3.53701 29.4523
3.85413 -3.47028 30.3754
3.91411 -3.40249 30.3754
3.9729 -3.33366 30.8479
4.03047 -3.26381 30.8479
4.08682 -3.19297 30.8961
4.14192 -3.12116 30.8961
4.19576 -3.0484 30.8961
4.24833 -2.97471 30.5545
4.2996 -2.90011 30.5545
4.34955 -2.82463 29.8646
4.39819 -2.74829 29.8646
4.44548 -2.67112 28.8739
4.49142 -2.59312 28.8739
4.536 -2.51434 28.8739
4.57919 -2.4348 27.6336
4.62098 -2.35451 27.6336
4.66137 -2.2735 26.1962
4.70034 -2.1918 26.1962
4.73787 -2.10944 24.6138
4.77397 -2.02643 24.6138
4.80861 -1.9428 24.6138
4.84178 -1.85859 22.9356
4.87348 -1.7738 22.9356
4.9037 -1.68848 21.2067
4.93242 -1.60264 21.2067
4.95964 -1.51631 19.4671
4.98534 -1.42952 19.4671
5.00953 -1.3423 19.4671
5.0322 -1.25467 17.7513
5.05333 -1.16665 17.7513
5.07292 -1.07828 16.0871
5.09096 -0.989583 16.0871
5.10746 -0.900583 14.4962
5.1224 -0.811308 14.4962
5.13578 -0.721786 12.9934
5.14759 -0.632045 12.9934
5.15784 -0.542111 12.9934
5.16651 -0.452011 11.5873
5.17362 -0.361774 11.5873
5.17914 -0.271427 10.2811
5.18309 -0.180998 10.2811
5.18546 -0.0905125 9.00003

5.26604 0 9.07314
5.26524 0.091905 9.07314
5.26283 0.183782 7.95823
5.25882 0.275603 7.95823
5.25321 0.36734 6.92871
5.246 0.458965 6.92871
5.23719 0.550451 5.97559
5.22679 0.641769 5.97559
5.21479 0.732891 5.97559
5.2012 0.82379 5.08905
5.18604 0.914438 5.08905
5.16929 1.00481 4.25893
5.15096 1.09487 4.25893
5.13107 1.1846 3.47513
5.10961 1.27397 3.47513
5.0866 1.36295 2.72776
5.06204 1.45152 2.72776
5.03594 1.53964 2.72776
5.0083 1.6273 2.00736
4.97914 1.71445 2.00736
4.94846 1.80109 1.30484
4.91627 1.88718 1.30484
4.88259 1.97269 0.611438
4.84741 2.05761 0.611438
4.81077 2.14189 0.611438
4.77265 2.22552 -0.0813362
4.73308 2.30848 -0.0813362
4.69207 2.39073 -0.781903
4.64964 2.47226 -0.781903
4.60578 2.55303 -1.49874
4.56052 2.63302 -1.49874
4.51388 2.71221 -1.49874
4.46585 2.79058 -2.24053
4.41647 2.86809 -2.24053
4.36574 2.94473 -3.01618
4.31369 3.02048 -3.01618
4.26031 3.0953 -3.83488
4.20565 3.16918 -3.83488
4.14969 3.2421 -3.83488
4.09248 3.31403 -4.70591
4.03402 3.38494 -4.70591
3.97433 3.45483 -5.6385
3.91343 3.52367 -5.6385
3.85134 3.59143 -6.64138
3.78807 3.6581 -6.64138
3.72365 3.72365 -7.72225
3.6581 3.78807 -7.72225
3.59143 3.85134 -7.72225
3.52367 3.91343 -8.88704
3.45483 3.97433 -8.88704
3.38494 4.03402 -10.139
3.31403 4.09248 -10.139
3.2421 4.14969 -11.4777
3.16918 4.20565 -11.4777
3.0953 4.26031 -11.4777
3.02048 4.31369 -12.8982
2.94473 4.36574 -12.8982
2.86809 4.41647 -14.3898
2.79058 4.46585 -14.3898
2.71221 4.51388 -15.9363
2.63302 4.56052 -15.9363
2.55303 4.60578 -15.9363
2.47226 4.64964 -17.5151
2.39073 4.69207 -17.5151
2.30848 4.73308 -19.098
2.22552 4.77265 -19.098
2.14189 4.81077 -20.6509
2.05761 4.84741 -20.6509
1.97269 4.88259 -20.6509
1.88718 4.91627 -22.1347
1.80109 4.94846 -22.1347
1.71445 4.97914 -23.506
1.6273 5.0083 -23.506
1.53964 5.03594 -24.7182
1.45152 5.06204 -24.7182
1.36295 5.0866 -25.7226
1.27397 5.10961 -25.7226
1.1846 5.13107 -25.7226
1.09487 5.15096 -26.471
1.00481 5.16929 -26.471
0.914438 5.18604 -26.9179
0.82379 5.2012 -26.9179
0.732891 5.21479 -27.0218
0.641769 5.22679 -27.0218
0.550451 5.23719 -27.0218
0.458965 5.246 -26.7476
0.36734 5.25321 -26.7476
0.275603 5.25882 -26.0674
0.183782 5.26283 -26.0674
0.091905 5.26524 -24.9612
3.22452e-16 5.26604 -24.9612
-0.091905 5.26524 -24.9612
-0.183782 5.26283 -23.4172
-0.275603 5.25882 -23.4172
-0.36734 5.25321 -21.4332
-0.458965 5.246 -21.4332
-0.550451 5.23719 -19.0174
-0.641769 5.22679 -19.0174
-0.732891 5.21479 -19.0174
-0.82379 5.2012 -16.1891
-0.914438 5.18604 -16.1891
-1.00481 5.16929 -12.9797
-1.09487 5.15096 -12.9797
-1.1846 5.13107 -9.43241
-1.27397 5.10961 -9.43241
-1.36295 5.0866 -5.60088
-1.45152 5.06204 -5.60088
-1.53964 5.03594 -5.60088
-1.6273 5.0083 -1.54704
-1.71445 4.97914 -1.54704
-1.80109 4.94846 2.66152
-1.88718 4.91627 2.66152
-1.97269 4.88259 6.95423
-2.05761 4.84741 6.95423
-2.14189 4.81077 6.95423
-2.22552 4.77265 11.26
-2.30848 4.73308 11.26
-2.39073 4.69207 15.5095
-2.47226 4.64964 15.5095
-2.55303 4.60578 19.6373
-2.63302 4.56052 19.6373
-2.71221 4.51388 19.6373
-2.79058 4.46585 23.5839
-2.86809 4.41647 23.5839
-2.94473 4.36574 27.2988
-3.02048 4.31369 27.2988
-3.0953 4.26031 30.7421
-3.16918 4.20565 30.7421
-3.2421 4.14969 30.7421
-3.31403 4.09248 33.886
-3.38494 4.03402 33.886
-3.45483 3.97433 36.7144
-3.52367 3.91343 36.7144
-3.59143 3.85134 39.2225
-3.6581 3.78807 39.2225
-3.72365 3.72365 41.4147
-3.78807 3.6581 41.4147
-3.85134 3.59143 41.4147
-3.91343 3.52367 43.303
-3.97433 3.45483 43.303
-4.03402 3.38494 44.9049
-4.09248 3.31403 44.9049
-4.14969 3.2421 46.2415
-4.20565 3.16918 46.2415
-4.26031 3.0953 46.2415
-4.31369 3.02048 47.3365
-4.36574 2.94473 47.3365
-4.41647 2.86809 48.2141
-4.46585 2.79058 48.2141
-4.51388 2.71221 48.8973
-4.56052 2.63302 48.8973
-4.60578 2.55303 48.8973
-4.64964 2.47226 49.4062
-4.69207 2.39073 49.4062
-4.73308 2.30848 49.7564
-4.77265 2.22552 49.7564
-4.81077 2.14189 49.9569
-4.84741 2.05761 49.9569
-4.88259 1.97269 49.9569
-4.91627 1.88718 50.0095
-4.94846 1.80109 50.0095
-4.97914 1.71445 49.9078
-5.0083 1.6273 49.9078
-5.03594 1.53964 49.638
-5.06204 1.45152 49.638
-5.0866 1.36295 49.1798
-5.10961 1.27397 49.1798
-5.13107 1.1846 49.1798
-5.15096 1.09487 48.5076
-5.16929 1.00481 48.5076
-5.18604 0.914438 47.5932
-5.2012 0.82379 47.5932
-5.21479 0.732891 46.4071
-5.22679 0.641769 46.4071
-5.23719 0.550451 46.4071
-5.246 0.458965 44.9211
-5.25321 0.36734 44.9211
-5.25882 0.275603 43.1093
-5.26283 0.183782 43.1093
-5.26524 0.091905 40.9502
-5.26604 6.44904e-16 40.9502
-5.26524 -0.091905 40.9502
-5.26283 -0.183782 38.4275
-5.25882 -0.275603 38.4275
-5.25321 -0.36734 35.5323
-5.246 -0.458965 35.5323
-5.23719 -0.550451 32.2655
-5.22679 -0.641769 32.2655
-5.21479 -0.732891 32.2655
-5.2012 -0.82379 28.6388
-5.18604 -0.914438 28.6388
-5.16929 -1.00481 24.6764
-5.15096 -1.09487 24.6764
-5.13107 -1.1846 20.4151
-5.10961 -1.27397 20.4151
-5.0866 -1.36295 20.4151
-5.06204 -1.45152 15.9032
-5.03594 -1.53964 15.9032
-5.0083 -1.6273 11.1985
-4.97914 -1.71445 11.1985
-4.94846 -1.80109 6.36579
-4.91627 -1.88718 6.36579
-4.88259 -1.97269 1.47392
-4.84741 -2.05761 1.47392
-4.81077 -2.14189 1.47392
-4.77265 -2.22552 -3.40664
-4.73308 -2.30848 -3.40664
-4.69207 -2.39073 -8.20636
-4.64964 -2.47226 -8.20636
-4.60578 -2.55303 -12.8591
-4.56052 -2.63302 -12.8591
-4.51388 -2.71221 -12.8591
-4.46585 -2.79058 -17.3046
-4.41647 -2.86809 -17.3046
-4.36574 -2.94473 -21.4914
-4.31369 -3.02048 -21.4914
-4.26031 -3.0953 -25.3786
-4.20565 -3.16918 -25.3786
-4.14969 -3.2421 -25.3786
-4.09248 -3.31403 -28.9378
-4.03402 -3.38494 -28.9378
-3.97433 -3.45483 -32.1528
-3.91343 -3.52367 -32.1528
-3.85134 -3.59143 -35.0191
-3.78807 -3.6581 -35.0191
-3.72365 -3.72365 -35.0191
-3.6581 -3.78807 -37.5424
-3.59143 -3.85134 -37.5424
-3.52367 -3.91343 -39.736
-3.45483 -3.97433 -39.736
-3.38494 -4.03402 -41.6192
-3.31403 -4.09248 -41.6192
-3.2421 -4.14969 -43.2155
-3.16918 -4.20565 -43.2155
-3.0953 -4.26031 -43.2155
-3.02048 -4.31369 -44.5508
-2.94473 -4.36574 -44.5508
-2.86809 -4.41647 -45.6516
-2.79058 -4.46585 -45.6516
-2.71221 -4.51388 -46.5434
-2.63302 -4.56052 -46.5434
-2.55303 -4.60578 -46.5434
-2.47226 -4.64964 -47.249
-2.39073 -4.69207 -47.249
-2.30848 -4.73308 -47.786
-2.22552 -4.77265 -47.786
-2.14189 -4.81077 -48.1653
-2.05761 -4.84741 -48.1653
-1.97269 -4.88259 -48.1653
-1.88718 -4.91627 -48.39
-1.80109 -4.94846 -48.39
-1.71445 -4.97914 -48.4549
-1.6273 -5.0083 -48.4549
-1.53964 -5.03594 -48.347
-1.45152 -5.06204 -48.347
-1.36295 -5.0866 -48.347
-1.27397 -5.10961 -48.0467
-1.1846 -5.13107 -48.0467
-1.09487 -5.15096 -47.5289
-1.00481 -5.16929 -47.5289
-0.914438 -5.18604 -46.7657
-0.82379 -5.2012 -46.7657
-0.732891 -5.21479 -45.7281
-0.641769 -5.22679 -45.7281
-0.550451 -5.23719 -45.7281
-0.458965 -5.246 -44.3882
-0.36734 -5.25321 -44.3882
-0.275603 -5.25882 -42.7207
-0.183782 -5.26283 -42.7207
-0.091905 -5.26524 -40.7046
-9.67356e-16 -5.26604 -40.7046
0.091905 -5.26524 -40.7046
0.183782 -5.26283 -38.325
0.275603 -5.25882 -38.325
0.36734 -5.25321 -35.5747
0.458965 -5.246 -35.5747
0.550451 -5.23719 -32.4562
0.641769 -5.22679 -32.4562
0.732891 -5.21479 -32.4562
0.82379 -5.2012 -28.9835
0.914438 -5.18604 -28.9835
1.00481 -5.16929 -25.1833
1.09487 -5.15096 -25.1833
1.1846 -5.13107 -21.0956
1.27397 -5.10961 -21.0956
1.36295 -5.0866 -21.0956
1.45152 -5.06204 -16.7723
1.53964 -5.03594 -16.7723
1.6273 -5.0083 -12.2757
1.71445 -4.97914 -12.2757
1.80109 -4.94846 -7.6759
1.88718 -4.91627 -7.6759
1.97269 -4.88259 -3.04825
2.05761 -4.84741 -3.04825
2.14189 -4.81077 -3.04825
2.22552 -4.77265 1.52919
2.30848 -4.73308 1.52919
2.39073 -4.69207 5.97797
2.47226 -4.64964 5.97797
2.55303 -4.60578 10.2218
2.63302 -4.56052 10.2218
2.71221 -4.51388 10.2218
2.79058 -4.46585 14.189
2.86809 -4.41647 14.189
2.94473 -4.36574 17.8161
3.02048 -4.31369 17.8161
3.0953 -4.26031 21.0504
3.16918 -4.20565 21.0504
3.2421 -4.14969 21.0504
3.31403 -4.09248 23.8518
3.38494 -4.03402 23.8518
3.45483 -3.97433 26.1934
3.52367 -3.91343 26.1934
3.59143 -3.85134 28.061
3.6581 -3.78807 28.061
3.72365 -3.72365 28.061
3.78807 -3.6581 29.4523
3.85134 -3.59143 29.4523
3.91343 -3.52367 30.3754
3.97433 -3.45483 30.3754
4.03402 -3.38494 30.8479
4.09248 -3.31403 30.8479
4.14969 -3.2421 30.8961
4.20565 -3.16918 30.8961
4.26031 -3.0953 30.8961
4.31369 -3.02048 30.5545
4.36574 -2.94473 30.5545
4.41647 -2.86809 29.8646
4.46585 -2.79058 29.8646
4.51388 -2.71221 28.8739
4.56052 -2.63302 28.8739
4.60578 -2.55303 28.8739
4.64964 -2.47226 27.6336
4.69207 -2.39073 27.6336
4.73308 -2.30848 26.1962
4.77265 -2.22552 26.1962
4.81077 -2.14189 24.6138
4.84741 -2.05761 24.6138
4.88259 -1.97269 24.6138
4.91627 -1.88718 22.9356
4.94846 -1.80109 22.9356
4.97914 -1.71445 21.2067
5.0083 -1.6273 21.2067
5.03594 -1.53964 19.4671
5.06204 -1.45152 19.4671
5.0866 -1.36295 19.4671
5.10961 -1.27397 17.7513
5.13107 -1.1846 17.7513
5.15096 -1.09487 16.0871
5.16929 -1.00481 16.0871
5.18604 -0.914438 14.4962
5.2012 -0.82379 14.4962
5.21479 -0.732891 12.9934
5.22679 -0.641769 12.9934
5.23719 -0.550451 12.9934
5.246 -0.458965 11.5873
5.25321 -0.36734 11.5873
5.25882 -0.275603 10.2811
5.26283 -0.183782 10.2811
5.26524 -0.091905 9.00003

5.34583 0 9.06004
5.34501 0.0932975 9.06004
5.34257 0.186567 7.94384
5.3385 0.279779 7.94384
5.3328 0.372906 6.92176
5.32548 0.465919 6.92176
5.31654 0.558791 5.98292
5.30598 0.651492 5.98292
5.2938 0.743995 5.116
5.28001 0.836272 5.116
5.26461 0.928293 4.30974
5.24761 1.02003 4.30974
5.22901 1.11146 4.30974
5.20881 1.20255 3.55322
5.18703 1.29327 3.55322
5.16367 1.3836 2.83603
5.13874 1.47351 2.83603
5.11224 1.56297 2.14838
5.08418 1.65195 2.14838
5.05458 1.74043 1.48107
5.02343 1.82838 1.48107
4.99076 1.91577 1.48107
4.95656 2.00258 0.825419
4.92086 2.08878 0.825419
4.88366 2.17434 0.173123
4.84496 2.25924 0.173123
4.8048 2.34346 -0.483959
4.76317 2.42695 -0.483959
4.72008 2.50971 -1.15401
4.67557 2.59171 -1.15401
4.62962 2.67291 -1.84543
4.58227 2.7533 -1.84543
4.53352 2.83286 -1.84543
4.48339 2.91155 -2.56707
4.43189 2.98935 -2.56707
4.37904 3.06624 -3.32821
4.32486 3.1422 -3.32821
4.26937 3.2172 -4.13865
4.21257 3.29122 -4.13865
4.15449 3.36424 -5.00859
4.09514 3.43623 -5.00859
4.03455 3.50718 -5.00859
3.97272 3.57706 -5.94838
3.90969 3.64584 -5.94838
3.84547 3.71352 -6.9682
3.78007 3.78007 -6.9682
3.71352 3.84547 -8.07738
3.64584 3.90969 -8.07738
3.57706 3.97272 -9.2837
3.50718 4.03455 -9.2837
3.43623 4.09514 -10.5923
3.36424 4.15449 -10.5923
3.29122 4.21257 -10.5923
3.2172 4.26937 -12.0044
3.1422 4.32486 -12.0044
3.06624 4.37904 -13.5165
2.98935 4.43189 -13.5165
2.91155 4.48339 -15.1194
2.83286 4.53352 -15.1194
2.7533 4.58227 -16.7972
2.67291 4.62962 -16.7972
2.59171 4.67557 -16.7972
2.50971 4.72008 -18.528
2.42695 4.76317 -18.528
2.34346 4.8048 -20.2836
2.25924 4.84496 -20.2836
2.17434 4.88366 -22.03
2.08878 4.92086 -22.03
2.00258 4.95656 -23.7277
1.91577 4.99076 -23.7277
1.82838 5.02343 -25.332
1.74043 5.05458 -25.332
1.65195 5.08418 -25.332
1.56297 5.11224 -26.7944
1.47351 5.13874 -26.7944
1.3836 5.16367 -28.0633
1.29327 5.18703 -28.0633
1.20255 5.20881 -29.0864
1.11146 5.22901 -29.0864
1.02003 5.24761 -29.8134
0.928293 5.26461 -29.8134
0.836272 5.28001 -29.8134
0.743995 5.2938 -30.1979
0.651492 5.30598 -30.1979
0.558791 5.31654 -30.1999
0.465919 5.32548 -30.1999
0.372906 5.3328 -29.7865
0.279779 5.3385 -29.7865
0.186567 5.34257 -28.9324
0.0932975 5.34501 -28.9324
3.27337e-16 5.34583 -27.62
-0.0932975 5.34501 -27.62
-0.186567 5.34257 -27.62
-0.279779 5.3385 -25.8401
-0.372906 5.3328 -25.8401
-0.465919 5.32548 -23.5926
-0.558791 5.31654 -23.5926
-0.651492 5.30598 -20.8885
-0.743995 5.2938 -20.8885
-0.836272 5.28001 -17.7507
-0.928293 5.26461 -17.7507
-1.02003 5.24761 -17.7507
-1.11146 5.22901 -14.2154
-1.20255 5.20881 -14.2154
-1.29327 5.18703 -10.3315
-1.3836 5.16367 -10.3315
-1.47351 5.13874 -6.15853
-1.56297 5.11224 -6.15853
-1.65195 5.08418 -1.76432
-1.74043 5.05458 -1.76432
-1.82838 5.02343 2.77851
-1.91577 4.99076 2.77851
-2.00258 4.95656 2.77851
-2.08878 4.92086 7.39525
-2.17434 4.88366 7.39525
-2.25924 4.84496 12.0113
-2.34346 4.8048 12.0113
-2.42695 4.76317 16.554
-2.50971 4.72008 16.554
-2.59171 4.67557 20.9547
-2.67291 4.62962 20.9547
-2.7533 4.58227 20.9547
-2.83286 4.53352 25.1508
-2.91155 4.48339 25.1508
-2.98935 4.43189 29.0891
-3.06624 4.37904 29.0891
-3.1422 4.32486 32.728
-3.2172 4.26937 32.728
-3.29122 4.21257 36.0392
-3.36424 4.15449 36.0392
-3.43623 4.09514 39.008
-3.50718 4.03455 39.008
-3.57706 3.97272 39.008
-3.64584 3.90969 41.6316
-3.71352 3.84547 41.6316
-3.78007 3.78007 43.9175
-3.84547 3.71352 43.9175
-3.90969 3.64584 45.8809
-3.97272 3.57706 45.8809
-4.03455 3.50718 47.5427
-4.09514 3.43623 47.5427
-4.15449 3.36424 47.5427
-4.21257 3.29122 48.9278
-4.26937 3.2172 48.9278
-4.32486 3.1422 50.0634
-4.37904 3.06624 50.0634
-4.43189 2.98935 50.9782
-4.48339 2.91155 50.9782
-4.53352 2.83286 51.7002
-4.58227 2.7533 51.7002
-4.62962 2.67291 52.2555
-4.67557 2.59171 52.2555
-4.72008 2.50971 52.2555
-4.76317 2.42695 52.666
-4.8048 2.34346 52.666
-4.84496 2.25924 52.9474
-4.88366 2.17434 52.9474
-4.92086 2.08878 53.1076
-4.95656 2.00258 53.1076
-4.99076 1.91577 53.1457
-5.02343 1.82838 53.1457
-5.05458 1.74043 53.1457
-5.08418 1.65195 53.0517
-5.11224 1.56297 53.0517
-5.13874 1.47351 52.807
-5.16367 1.3836 52.807
-5.18703 1.29327 52.3861
-5.20881 1.20255 52.3861
-5.22901 1.11146 51.7584
-5.24761 1.02003 51.7584
-5.26461 0.928293 50.8908
-5.28001 0.836272 50.8908
-5.2938 0.743995 50.8908
-5.30598 0.651492 49.7494
-5.31654 0.558791 49.7494
-5.32548 0.465919 48.302
-5.3328 0.372906 48.302
-5.3385 0.279779 46.5189
-5.34257 0.186567 46.5189
-5.34501 0.0932975 44.3746
-5.34583 6.54675e-16 44.3746
-5.34501 -0.0932975 44.3746
-5.34257 -0.186567 41.8484
-5.3385 -0.279779 41.8484
-5.3328 -0.372906 38.9267
-5.32548 -0.465919 38.9267
-5.31654 -0.558791 35.6054
-5.30598 -0.651492 35.6054
-5.2938 -0.743995 31.8921
-5.28001 -0.836272 31.8921
-5.26461 -0.928293 31.8921
-5.24761 -1.02003 27.8076
-5.22901 -1.11146 27.8076
-5.20881 -1.20255 23.387
-5.18703 -1.29327 23.387
-5.16367 -1.3836 18.6787
-5.13874 -1.47351 18.6787
-5.11224 -1.56297 13.742
-5.08418 -1.65195 13.742
-5.05458 -1.74043 8.64417
-5.02343 -1.82838 8.64417
-4.99076 -1.91577 8.64417
-4.95656 -2.00258 3.45741
-4.92086 -2.08878 3.45741
-4.88366 -2.17434 -1.744
-4.84496 -2.25924 -1.744
-4.8048 -2.34346 -6.88588
-4.76317 -2.42695 -6.88588
-4.72008 -2.50971 -11.8962
-4.67557 -2.59171 -11.8962
-4.62962 -2.67291 -11.8962
-4.58227 -2.7533 -16.7078
-4.53352 -2.83286 -16.7078
-4.48339 -2.91155 -21.2609
-4.43189 -2.98935 -21.2609
-4.37904 -3.06624 -25.5063
-4.32486 -3.1422 -25.5063
-4.26937 -3.2172 -29.4079
-4.21257 -3.29122 -29.4079
-4.15449 -3.36424 -32.9434
-4.09514 -3.43623 -32.9434
-4.03455 -3.50718 -32.9434
-3.97272 -3.57706 -36.1043
-3.90969 -3.64584 -36.1043
-3.84547 -3.71352 -38.8937
-3.78007 -3.78007 -38.8937
-3.71352 -3.84547 -41.3247
-3.64584 -3.90969 -41.3247
-3.57706 -3.97272 -43.4173
-3.50718 -4.03455 -43.4173
-3.43623 -4.09514 -43.4173
-3.36424 -4.15449 -45.1965
-3.29122 -4.21257 -45.1965
-3.2172 -4.26937 -46.691
-3.1422 -4.32486 -46.691
-3.06624 -4.37904 -47.9314
-2.98935 -4.43189 -47.9314
-2.91155 -4.48339 -48.9486
-2.83286 -4.53352 -48.9486
-2.7533 -4.58227 -49.7725
-2.67291 -4.62962 -49.7725
-2.59171 -4.67557 -49.7725
-2.50971 -4.72008 -50.4302
-2.42695 -4.76317 -50.4302
-2.34346 -4.8048 -50.9429
-2.25924 -4.84496 -50.9429
-2.17434 -4.88366 -51.3243
-2.08878 -4.92086 -51.3243
-2.00258 -4.95656 -51.5793
-1.91577 -4.99076 -51.5793
-1.82838 -5.02343 -51.5793
-1.74043 -5.05458 -51.7035
-1.65195 -5.08418 -51.7035
-1.56297 -5.11224 -51.6831
-1.47351 -5.13874 -51.6831
-1.3836 -5.16367 -51.4964
-1.29327 -5.18703 -51.4964
-1.20255 -5.20881 -51.1153
-1.11146 -5.22901 -51.1153
-1.02003 -5.24761 -50.5079
-0.928293 -5.26461 -50.5079
-0.836272 -5.28001 -50.5079
-0.743995 -5.2938 -49.6404
-0.651492 -5.30598 -49.6404
-0.558791 -5.31654 -48.4796
-0.465919 -5.32548 -48.4796
-0.372906 -5.3328 -46.9947
-0.279779 -5.3385 -46.9947
-0.186567 -5.34257 -45.1581
-0.0932975 -5.34501 -45.1581
-9.82012e-16 -5.34583 -45.1581
0.0932975 -5.34501 -42.9472
0.186567 -5.34257 -42.9472
0.279779 -5.3385 -40.3458
0.372906 -5.3328 -40.3458
0.465919 -5.32548 -37.346
0.558791 -5.31654 -37.346
0.651492 -5.30598 -33.951
0.743995 -5.2938 -33.951
0.836272 -5.28001 -30.1768
0.928293 -5.26461 -30.1768
1.02003 -5.24761 -30.1768
1.11146 -5.22901 -26.0538
1.20255 -5.20881 -26.0538
1.29327 -5.18703 -21.6268
1.3836 -5.16367 -21.6268
1.47351 -5.13874 -16.9535
1.56297 -5.11224 -16.9535
1.65195 -5.08418 -12.1016
1.74043 -5.05458 -12.1016
1.82838 -5.02343 -12.1016
1.91577 -4.99076 -7.14654
2.00258 -4.95656 -7.14654
2.08878 -4.92086 -2.16797
2.17434 -4.88366 -2.16797
2.25924 -4.84496 2.75193
2.34346 -4.8048 2.75193
2.42695 -4.76317 7.53064
2.50971 -4.72008 7.53064
2.59171 -4.67557 12.0876
2.67291 -4.62962 12.0876
2.7533 -4.58227 12.0876
2.83286 -4.53352 16.3466
2.91155 -4.48339 16.3466
2.98935 -4.43189 20.24
3.06624 -4.37904 20.24
3.1422 -4.32486 23.7117
3.2172 -4.26937 23.7117
3.29122 -4.21257 26.7198
3.36424 -4.15449 26.7198
3.43623 -4.09514 26.7198
3.50718 -4.03455 29.2365
3.57706 -3.97272 29.2365
3.64584 -3.90969 31.2479
3.71352 -3.84547 31.2479
3.78007 -3.78007 32.752
3.84547 -3.71352 32.752
3.90969 -3.64584 33.757
3.97272 -3.57706 33.757
4.03455 -3.50718 34.2801
4.09514 -3.43623 34.2801
4.15449 -3.36424 34.2801
4.21257 -3.29122 34.347
4.26937 -3.2172 34.347
4.32486 -3.1422 33.9914
4.37904 -3.06624 33.9914
4.43189 -2.98935 33.255
4.48339 -2.91155 33.255
4.53352 -2.83286 32.1861
4.58227 -2.7533 32.1861
4.62962 -2.67291 32.1861
4.67557 -2.59171 30.8386
4.72008 -2.50971 30.8386
4.76317 -2.42695 29.2685
4.8048 -2.34346 29.2685
4.84496 -2.25924 27.5322
4.88366 -2.17434 27.5322
4.92086 -2.08878 25.6835
4.95656 -2.00258 25.6835
4.99076 -1.91577 23.7721
5.02343 -1.82838 23.7721
5.05458 -1.74043 23.7721
5.08418 -1.65195 21.8427
5.11224 -1.56297 21.8427
5.13874 -1.47351 19.9342
5.16367 -1.3836 19.9342
5.18703 -1.29327 18.0792
5.20881 -1.20255 18.0792
5.22901 -1.11146 16.3038
5.24761 -1.02003 16.3038
5.26461 -0.928293 16.3038
5.28001 -0.836272 14.6273
5.2938 -0.743995 14.6273
5.30598 -0.651492 13.0617
5.31654 -0.558791 13.0617
5.32548 -0.465919 11.6127
5.3328 -0.372906 11.6127
5.3385 -0.279779 10.2803
5.34257 -0.186567 10.2803
5.34501 -0.0932975 9.07314

5.42562 0 9.06004
5.42479 0.09469 9.06004
5.42231 0.189351 7.94384
5.41818 0.283955 7.94384
5.4124 0.378472 6.92176
5.40497 0.472874 6.92176
5.39589 0.567131 5.98292
5.38517 0.661216 5.98292
5.37281 0.7551 5.116
5.35882 0.848753 5.116
5.34319 0.942148 4.30974
5.32593 1.03526 4.30974
5.30705 1.12805 4.30974
5.28656 1.2205 3.55322
5.26445 1.31258 3.55322
5.24074 1.40425 2.83603
5.21544 1.4955 2.83603
5.18854 1.5863 2.14838
5.16007 1.67661 2.14838
5.13002 1.76641 1.48107
5.09841 1.85567 1.48107
5.06525 1.94437 1.48107
5.03054 2.03247 0.825419
4.9943 2.11996 0.825419
4.95655 2.2068 0.173123
4.91728 2.29296 0.173123
4.87651 2.37843 -0.483959
4.83426 2.46318 -0.483959
4.79053 2.54717 -1.15401
4.74535 2.63039 -1.15401
4.69872 2.71281 -1.84543
4.65066 2.7944 -1.84543
4.60118 2.87514 -1.84543
4.5503 2.955 -2.56707
4.49804 3.03397 -2.56707
4.4444 3.112 -3.32821
4.38941 3.1891 -3.32821
4.33309 3.26522 -4.13865
4.27544 3.34034 -4.13865
4.21649 3.41445 -5.00859
4.15626 3.48752 -5.00859
4.09476 3.55952 -5.00859
4.03202 3.63045 -5.94838
3.96804 3.70026 -5.94838
3.90286 3.76895 -6.9682
3.83649 3.83649 -6.9682
3.76895 3.90286 -8.07738
3.70026 3.96804 -8.07738
3.63045 4.03202 -9.2837
3.55952 4.09476 -9.2837
3.48752 4.15626 -10.5923
3.41445 4.21649 -10.5923
3.34034 4.27544 -10.5923
3.26522 4.33309 -12.0044
3.1891 4.38941 -12.0044
3.112 4.4444 -13.5165
3.03397 4.49804 -13.5165
2.955 4.5503 -15.1194
2.87514 4.60118 -15.1194
2.7944 4.65066 -16.7972
2.71281 4.69872 -16.7972
2.63039 4.74535 -16.7972
2.54717 4.79053 -18.528
2.46318 4.83426 -18.528
2.37843 4.87651 -20.2836
2.29296 4.91728 -20.2836
2.2068 4.95655 -22.03
2.11996 4.9943 -22.03
2.03247 5.03054 -23.7277
1.94437 5.06525 -23.7277
1.85567 5.09841 -25.332
1.76641 5.13002 -25.332
1.67661 5.16007 -25.332
1.5863 5.18854 -26.7944
1.4955 5.21544 -26.7944
1.40425 5.24074 -28.0633
1.31258 5.26445 -28.0633
1.2205 5.28656 -29.0864
1.12805 5.30705 -29.0864
1.03526 5.32593 -29.8134
0.942148 5.34319 -29.8134
0.848753 5.35882 -29.8134
0.7551 5.37281 -30.1979
0.661216 5.38517 -30.1979
0.567131 5.39589 -30.1999
0.472874 5.40497 -30.1999
0.378472 5.4124 -29.7865
0.283955 5.41818 -29.7865
0.189351 5.42231 -28.9324
0.09469 5.42479 -28.9324
3.32223e-16 5.42562 -27.62
-0.09469 5.42479 -27.62
-0.189351 5.42231 -27.62
-0.283955 5.41818 -25.8401
-0.378472 5.4124 -25.8401
-0.472874 5.40497 -23.5926
-0.567131 5.39589 -23.5926
-0.661216 5.38517 -20.8885
-0.7551 5.37281 -20.8885
-0.848753 5.35882 -17.7507
-0.942148 5.34319 -17.7507
-1.03526 5.32593 -17.7507
-1.12805 5.30705 -14.2154
-1.2205 5.28656 -14.2154
-1.31258 5.26445 -10.3315
-1.40425 5.24074 -10.3315
-1.4955 5.21544 -6.15853
-1.5863 5.18854 -6.15853
-1.67661 5.16007 -1.76432
-1.76641 5.13002 -1.76432
-1.85567 5.09841 2.77851
-1.94437 5.06525 2.77851
-2.03247 5.03054 2.77851
-2.11996 4.9943 7.39525
-2.2068 4.95655 7.39525
-2.29296 4.91728 12.0113
-2.37843 4.87651 12.0113
-2.46318 4.83426 16.554
-2.54717 4.79053 16.554
-2.63039 4.74535 20.9547
-2.71281 4.69872 20.9547
-2.7944 4.65066 20.9547
-2.87514 4.60118 25.1508
-2.955 4.5503 25.1508
-3.03397 4.49804 29.0891
-3.112 4.4444 29.0891
-3.1891 4.38941 32.728
-3.26522 4.33309 32.728
-3.34034 4.27544 36.0392
-3.41445 4.21649 36.0392
-3.48752 4.15626 39.008
-3.55952 4.09476 39.008
-3.63045 4.03202 39.008
-3.70026 3.96804 41.6316
-3.76895 3.90286 41.6316
-3.83649 3.83649 43.9175
-3.90286 3.76895 43.9175
-3.96804 3.70026 45.8809
-4.03202 3.63045 45.8809
-4.09476 3.55952 47.5427
-4.15626 3.48752 47.5427
-4.21649 3.41445 47.5427
-4.27544 3.34034 48.9278
-4.33309 3.26522 48.9278
-4.38941 3.1891 50.0634
-4.4444 3.112 50.0634
-4.49804 3.03397 50.9782
-4.5503 2.955 50.9782
-4.60118 2.87514 51.7002
-4.65066 2.7944 51.7002
-4.69872 2.71281 52.2555
-4.74535 2.63039 52.2555
-4.79053 2.54717 52.2555
-4.83426 2.46318 52.666
-4.87651 2.37843 52.666
-4.91728 2.29296 52.9474
-4.95655 2.2068 52.9474
-4.9943 2.11996 53.1076
-5.03054 2.03247 53.1076
-5.06525 1.94437 53.1457
-5.09841 1.85567 53.1457
-5.13002 1.76641 53.1457
-5.16007 1.67661 53.0517
-5.18854 1.5863 53.0517
-5.21544 1.4955 52.807
-5.24074 1.40425 52.807
-5.26445 1.31258 52.3861
-5.28656 1.2205 52.3861
-5.30705 1.12805 51.7584
-5.32593 1.03526 51.7584
-5.34319 0.942148 50.8908
-5.35882 0.848753 50.8908
-5.37281 0.7551 50.8908
-5.38517 0.661216 49.7494
-5.39589 0.567131 49.7494
-5.40497 0.472874 48.302
-5.4124 0.378472 48.302
-5.41818 0.283955 46.5189
-5.42231 0.189351 46.5189
-5.42479 0.09469 44.3746
-5.42562 6.64446e-16 44.3746
-5.42479 -0.09469 44.3746
-5.42231 -0.189351 41.8484
-5.41818 -0.283955 41.8484
-5.4124 -0.378472 38.9267
-5.40497 -0.472874 38.9267
-5.39589 -0.567131 35.6054
-5.38517 -0.661216 35.6054
-5.37281 -0.7551 31.8921
-5.35882 -0.848753 31.8921
-5.34319 -0.942148 31.8921
-5.32593 -1.03526 27.8076
-5.30705 -1.12805 27.8076
-5.28656 -1.2205 23.387
-5.26445 -1.31258 23.387
-5.24074 -1.40425 18.6787
-5.21544 -1.4955 18.6787
-5.18854 -1.5863 13.742
-5.16007 -1.67661 13.742
-5.13002 -1.76641 8.64417
-5.09841 -1.85567 8.64417
-5.06525 -1.94437 8.64417
-5.03054 -2.03247 3.45741
-4.9943 -2.11996 3.45741
-4.95655 -2.2068 -1.744
-4.91728 -2.29296 -1.744
-4.87651 -2.37843 -6.88588
-4.83426 -2.46318 -6.88588
-4.79053 -2.54717 -11.8962
-4.74535 -2.63039 -11.8962
-4.69872 -2.71281 -11.8962
-4.65066 -2.7944 -16.7078
-4.60118 -2.87514 -16.7078
-4.5503 -2.955 -21.2609
-4.49804 -3.03397 -21.2609
-4.4444 -3.112 -25.5063
-4.38941 -3.1891 -25.5063
-4.33309 -3.26522 -29.4079
-4.27544 -3.34034 -29.4079
-4.21649 -3.41445 -32.9434
-4.15626 -3.48752 -32.9434
-4.09476 -3.55952 -32.9434
-4.03202 -3.63045 -36.1043
-3.96804 -3.70026 -36.1043
-3.90286 -3.76895 -38.8937
-3.83649 -3.83649 -38.8937
-3.76895 -3.90286 -41.3247
-3.70026 -3.96804 -41.3247
-3.63045 -4.03202 -43.4173
-3.55952 -4.09476 -43.4173
-3.48752 -4.15626 -43.4173
-3.41445 -4.21649 -45.1965
-3.34034 -4.27544 -45.1965
-3.26522 -4.33309 -46.691
-3.1891 -4.38941 -46.691
-3.112 -4.4444 -47.9314
-3.03397 -4.49804 -47.9314
-2.955 -4.5503 -48.9486
-2.87514 -4.60118 -48.9486
-2.7944 -4.65066 -49.7725
-2.71281 -4.69872 -49.7725
-2.63039 -4.74535 -49.7725
-2.54717 -4.79053 -50.4302
-2.46318 -4.83426 -50.4302
-2.37843 -4.87651 -50.9429
-2.29296 -4.91728 -50.9429
-2.2068 -4.95655 -51.3243
-2.11996 -4.9943 -51.3243
-2.03247 -5.03054 -51.5793
-1.94437 -5.06525 -51.5793
-1.85567 -5.09841 -51.5793
-1.76641 -5.13002 -51.7035
-1.67661 -5.16007 -51.7035
-1.5863 -5.18854 -51.6831
-1.4955 -5.21544 -51.6831
-1.40425 -5.24074 -51.4964
-1.31258 -5.26445 -51.4964
-1.2205 -5.28656 -51.1153
-1.12805 -5.30705 -51.1153
-1.03526 -5.32593 -50.5079
-0.942148 -5.34319 -50.5079
-0.848753 -5.35882 -50.5079
-0.7551 -5.37281 -49.6404
-0.661216 -5.38517 -49.6404
-0.567131 -5.39589 -48.4796
-0.472874 -5.40497 -48.4796
-0.378472 -5.4124 -46.9947
-0.283955 -5.41818 -46.9947
-0.189351 -5.42231 -45.1581
-0.09469 -5.42479 -45.1581
-9.96669e-16 -5.42562 -45.1581
0.09469 -5.42479 -42.9472
0.189351 -5.42231 -42.9472
0.283955 -5.41818 -40.3458
0.378472 -5.4124 -40.3458
0.472874 -5.40497 -37.346
0.567131 -5.39589 -37.346
0.661216 -5.38517 -33.951
0.7551 -5.37281 -33.951
0.848753 -5.35882 -30.1768
0.942148 -5.34319 -30.1768
1.03526 -5.32593 -30.1768
1.12805 -5.30705 -26.0538
1.2205 -5.28656 -26.0538
1.31258 -5.26445 -21.6268
1.40425 -5.24074 -21.6268
1.4955 -5.21544 -16.9535
1.5863 -5.18854 -16.9535
1.67661 -5.16007 -12.1016
1.76641 -5.13002 -12.1016
1.85567 -5.09841 -12.1016
1.94437 -5.06525 -7.14654
2.03247 -5.03054 -7.14654
2.11996 -4.9943 -2.16797
2.2068 -4.95655 -2.16797
2.29296 -4.91728 2.75193
2.37843 -4.87651 2.75193
2.46318 -4.83426 7.53064
2.54717 -4.79053 7.53064
2.63039 -4.74535 12.0876
2.71281 -4.69872 12.0876
2.7944 -4.65066 12.0876
2.87514 -4.60118 16.3466
2.955 -4.5503 16.3466
3.03397 -4.49804 20.24
3.112 -4.4444 20.24
3.1891 -4.38941 23.7117
3.26522 -4.33309 23.7117
3.34034 -4.27544 26.7198
3.41445 -4.21649 26.7198
3.48752 -4.15626 26.7198
3.55952 -4.09476 29.2365
3.63045 -4.03202 29.2365
3.70026 -3.96804 31.2479
3.76895 -3.90286 31.2479
3.83649 -3.83649 32.752
3.90286 -3.76895 32.752
3.96804 -3.70026 33.757
4.03202 -3.63045 33.757
4.09476 -3.55952 34.2801
4.15626 -3.48752 34.2801
4.21649 -3.41445 34.2801
4.27544 -3.34034 34.347
4.33309 -3.26522 34.347
4.38941 -3.1891 33.9914
4.4444 -3.112 33.9914
4.49804 -3.03397 33.255
4.5503 -2.955 33.255
4.60118 -2.87514 32.1861
4.65066 -2.7944 32.1861
4.69872 -2.71281 32.1861
4.74535 -2.63039 30.8386
4.79053 -2.54717 30.8386
4.83426 -2.46318 29.2685
4.87651 -2.37843 29.2685
4.91728 -2.29296 27.5322
4.95655 -2.2068 27.5322
4.9943 -2.11996 25.6835
5.03054 -2.03247 25.6835
5.06525 -1.94437 23.7721
5.09841 -1.85567 23.7721
5.13002 -1.76641 23.7721
5.16007 -1.67661 21.8427
5.18854 -1.5863 21.8427
5.21544 -1.4955 19.9342
5.24074 -1.40425 19.9342
5.26445 -1.31258 18.0792
5.28656 -1.2205 18.0792
5.30705 -1.12805 16.3038
5.32593 -1.03526 16.3038
5.34319 -0.942148 16.3038
5.35882 -0.848753 14.6273
5.37281 -0.7551 14.6273
5.38517 -0.661216 13.0617
5.39589 -0.567131 13.0617
5.40497 -0.472874 11.6127
5.4124 -0.378472 11.6127
5.41818 -0.283955 10.2803
5.42231 -0.189351 10.2803
5.42479 -0.09469 9.07314

5.5054 0 8.95401
5.50456 0.0960825 8.95401
5.50205 0.192136 7.84616
5.49786 0.288131 7.84616
5.49199 0.384038 6.84032
5.48445 0.479828 6.84032
5.47524 0.575471 5.92368
5.46437 0.67094 5.92368
5.45183 0.766204 5.08346
5.43762 0.861235 5.08346
5.42176 0.956003 4.30733
5.40425 1.05048 4.30733
5.3851 1.14464 3.58361
5.3643 1.23845 3.58361
5.34187 1.33188 2.90142
5.31781 1.4249 2.90142
5.29213 1.51749 2.90142
5.26484 1.60962 2.2507
5.23595 1.70126 2.2507
5.20546 1.79238 1.62222
5.17339 1.88296 1.62222
5.13974 1.97296 1.00745
5.10452 2.06236 1.00745
5.06775 2.15113 0.39841
5.02944 2.23925 0.39841
4.98959 2.32668 -0.212599
4.94822 2.41341 -0.212599
4.90535 2.4994 -0.833233
4.86098 2.58463 -0.833233
4.81513 2.66907 -1.47139
4.76782 2.7527 -1.47139
4.71905 2.83549 -1.47139
4.66885 2.91742 -2.13542
4.61722 2.99846 -2.13542
4.56419 3.07858 -2.83434
4.50976 3.15777 -2.83434
4.45396 3.23599 -3.5779
4.39681 3.31323 -3.5779
4.33832 3.38946 -4.37661
4.2785 3.46466 -4.37661
4.21738 3.53881 -5.24164
4.15498 3.61187 -5.24164
4.09131 3.68383 -6.18467
4.0264 3.75468 -6.18467
3.96026 3.82437 -7.21752
3.89291 3.89291 -7.21752
3.82437 3.96026 -7.21752
3.75468 4.0264 -8.35146
3.68383 4.09131 -8.35146
3.61187 4.15498 -9.59639
3.53881 4.21738 -9.59639
3.46466 4.2785 -10.9597
3.38946 4.33832 -10.9597
3.31323 4.39681 -12.4446
3.23599 4.45396 -12.4446
3.15777 4.50976 -14.0494
3.07858 4.56419 -14.0494
2.99846 4.61722 -15.7659
2.91742 4.66885 -15.7659
2.83549 4.71905 -17.5789
2.7527 4.76782 -17.5789
2.66907 4.81513 -17.5789
2.58463 4.86098 -19.467
2.4994 4.90535 -19.467
2.41341 4.94822 -21.4021
2.32668 4.98959 -21.4021
2.23925 5.02944 -23.3503
2.15113 5.06775 -23.3503
2.06236 5.10452 -25.2721
1.97296 5.13974 -25.2721
1.88296 5.17339 -27.1222
1.79238 5.20546 -27.1222
1.70126 5.23595 -28.8503
1.60962 5.26484 -28.8503
1.51749 5.29213 -30.4017
1.4249 5.31781 -30.4017
1.33188 5.34187 -30.4017
1.23845 5.3643 -31.7199
1.14464 5.3851 -31.7199
1.05048 5.40425 -32.7493
0.956003 5.42176 -32.7493
0.861235 5.43762 -33.4383
0.766204 5.45183 -33.4383
0.67094 5.46437 -33.7415
0.575471 5.47524 -33.7415
0.479828 5.48445 -33.6215
0.384038 5.49199 -33.6215
0.288131 5.49786 -33.0487
0.192136 5.50205 -33.0487
0.0960825 5.50456 -32.0006
3.37109e-16 5.5054 -32.0006
-0.0960825 5.50456 -32.0006
-0.192136 5.50205 -30.4617
-0.288131 5.49786 -30.4617
-0.384038 5.49199 -28.4245
-0.479828 5.48445 -28.4245
-0.575471 5.47524 -25.8904
-0.67094 5.46437 -25.8904
-0.766204 5.45183 -22.8724
-0.861235 5.43762 -22.8724
-0.956003 5.42176 -19.3975
-1.05048 5.40425 -19.3975
-1.14464 5.3851 -15.5073
-1.23845 5.3643 -15.5073
-1.33188 5.34187 -11.2575
-1.4249 5.31781 -11.2575
-1.51749 5.29213 -11.2575
-1.60962 5.26484 -6.71502
-1.70126 5.23595 -6.71502
-1.79238 5.20546 -1.95395
-1.88296 5.17339 -1.95395
-1.97296 5.13974 2.94783
-2.06236 5.10452 2.94783
-2.15113 5.06775 7.91161
-2.23925 5.02944 7.91161
-2.32668 4.98959 12.8595
-2.41341 4.94822 12.8595
-2.4994 4.90535 17.7157
-2.58463 4.86098 17.7157
-2.66907 4.81513 22.4078
-2.7527 4.76782 22.4078
-2.83549 4.71905 22.4078
-2.91742 4.66885 26.8694
-2.99846 4.61722 26.8694
-3.07858 4.56419 31.0434
-3.15777 4.50976 31.0434
-3.23599 4.45396 34.8856
-3.31323 4.39681 34.8856
-3.38946 4.33832 38.3674
-3.46466 4.2785 38.3674
-3.53881 4.21738 41.475
-3.61187 4.15498 41.475
-3.68383 4.09131 44.2087
-3.75468 4.0264 44.2087
-3.82437 3.96026 46.5796
-3.89291 3.89291 46.5796
-3.96026 3.82437 46.5796
-4.0264 3.75468 48.6067
-4.09131 3.68383 48.6067
-4.15498 3.61187 50.3145
-4.21738 3.53881 50.3145
-4.2785 3.46466 51.7314
-4.33832 3.38946 51.7314
-4.39681 3.31323 52.8881
-4.45396 3.23599 52.8881
-4.50976 3.15777 53.8171
-4.56419 3.07858 53.8171
-4.61722 2.99846 54.5514
-4.66885 2.91742 54.5514
-4.71905 2.83549 55.1228
-4.76782 2.7527 55.1228
-4.81513 2.66907 55.1228
-4.86098 2.58463 55.5601
-4.90535 2.4994 55.5601
-4.94822 2.41341 55.8865
-4.98959 2.32668 55.8865
-5.02944 2.23925 56.1174
-5.06775 2.15113 56.1174
-5.10452 2.06236 56.2587
-5.13974 1.97296 56.2587
-5.17339 1.88296 56.3058
-5.20546 1.79238 56.3058
-5.23595 1.70126 56.2441
-5.26484 1.60962 56.2441
-5.29213 1.51749 56.0493
-5.31781 1.4249 56.0493
-5.34187 1.33188 56.0493
-5.3643 1.23845 55.6901
-5.3851 1.14464 55.6901
-5.40425 1.05048 55.1301
-5.42176 0.956003 55.1301
-5.43762 0.861235 54.3309
-5.45183 0.766204 54.3309
-5.46437 0.67094 53.2545
-5.47524 0.575471 53.2545
-5.48445 0.479828 51.8648
-5.49199 0.384038 51.8648
-5.49786 0.288131 50.1287
-5.50205 0.192136 50.1287
-5.50456 0.0960825 48.0168
-5.5054 6.74217e-16 48.0168
-5.50456 -0.0960825 48.0168
-5.50205 -0.192136 45.504
-5.49786 -0.288131 45.504
-5.49199 -0.384038 42.5712
-5.48445 -0.479828 42.5712
-5.47524 -0.575471 39.2087
-5.46437 -0.67094 39.2087
-5.45183 -0.766204 35.4185
-5.43762 -0.861235 35.4185
-5.42176 -0.956003 31.2174
-5.40425 -1.05048 31.2174
-5.3851 -1.14464 26.6383
-5.3643 -1.23845 26.6383
-5.34187 -1.33188 21.7298
-5.31781 -1.4249 21.7298
-5.29213 -1.51749 21.7298
-5.26484 -1.60962 16.5534
-5.23595 -1.70126 16.5534
-5.20546 -1.79238 11.1796
-5.17339 -1.88296 11.1796
-5.13974 -1.97296 5.68419
-5.10452 -2.06236 5.68419
-5.06775 -2.15113 0.145305
-5.02944 -2.23925 0.145305
-4.98959 -2.32668 -5.35862
-4.94822 -2.41341 -5.35862
-4.90535 -2.4994 -10.7503
-4.86098 -2.58463 -10.7503
-4.81513 -2.66907 -15.9554
-4.76782 -2.7527 -15.9554
-4.71905 -2.83549 -15.9554
-4.66885 -2.91742 -20.9055
-4.61722 -2.99846 -20.9055
-4.56419 -3.07858 -25.5416
-4.50976 -3.15777 -25.5416
-4.45396 -3.23599 -29.8177
-4.39681 -3.31323 -29.8177
-4.33832 -3.38946 -33.7036
-4.2785 -3.46466 -33.7036
-4.21738 -3.53881 -37.1849
-4.15498 -3.61187 -37.1849
-4.09131 -3.68383 -40.2618
-4.0264 -3.75468 -40.2618
-3.96026 -3.82437 -42.9464
-3.89291 -3.89291 -42.9464
-3.82437 -3.96026 -42.9464
-3.75468 -4.0264 -45.2593
-3.68383 -4.09131 -45.2593
-3.61187 -4.15498 -47.227
-3.53881 -4.21738 -47.227
-3.46466 -4.2785 -48.8803
-3.38946 -4.33832 -48.8803
-3.31323 -4.39681 -50.2523
-3.23599 -4.45396 -50.2523
-3.15777 -4.50976 -51.3782
-3.07858 -4.56419 -51.3782
-2.99846 -4.61722 -52.2935
-2.91742 -4.66885 -52.2935
-2.83549 -4.71905 -53.0328
-2.7527 -4.76782 -53.0328
-2.66907 -4.81513 -53.0328
-2.58463 -4.86098 -53.6278
-2.4994 -4.90535 -53.6278
-2.41341 -4.94822 -54.104
-2.32668 -4.98959 -54.104
-2.23925 -5.02944 -54.4785
-2.15113 -5.06775 -54.4785
-2.06236 -5.10452 -54.7585
-1.97296 -5.13974 -54.7585
-1.88296 -5.17339 -54.9403
-1.79238 -5.20546 -54.9403
-1.70126 -5.23595 -55.0099
-1.60962 -5.26484 -55.0099
-1.51749 -5.29213 -54.9434
-1.4249 -5.31781 -54.9434
-1.33188 -5.34187 -54.9434
-1.23845 -5.3643 -54.7094
-1.14464 -5.3851 -54.7094
-1.05048 -5.40425 -54.2716
-0.956003 -5.42176 -54.2716
-0.861235 -5.43762 -53.5913
-0.766204 -5.45183 -53.5913
-0.67094 -5.46437 -52.6303
-0.575471 -5.47524 -52.6303
-0.479828 -5.48445 -51.3524
-0.384038 -5.49199 -51.3524
-0.288131 -5.49786 -49.7243
-0.192136 -5.50205 -49.7243
-0.0960825 -5.50456 -47.7168
-1.01133e-15 -5.5054 -47.7168
0.0960825 -5.50456 -47.7168
0.192136 -5.50205 -45.3053
0.288131 -5.49786 -45.3053
0.384038 -5.49199 -42.4719
0.479828 -5.48445 -42.4719
0.575471 -5.47524 -39.2078
0.67094 -5.46437 -39.2078
0.766204 -5.45183 -35.5167
0.861235 -5.43762 -35.5167
0.956003 -5.42176 -31.4173
1.05048 -5.40425 -31.4173
1.14464 -5.3851 -26.9447
1.23845 -5.3643 -26.9447
1.33188 -5.34187 -22.1499
1.4249 -5.31781 -22.1499
1.51749 -5.29213 -22.1499
1.60962 -5.26484 -17.0977
1.70126 -5.23595 -17.0977
1.79238 -5.20546 -11.8623
1.88296 -5.17339 -11.8623
1.97296 -5.13974 -6.52417
2.06236 -5.10452 -6.52417
2.15113 -5.06775 -1.16751
2.23925 -5.02944 -1.16751
2.32668 -4.98959 4.12174
2.41341 -4.94822 4.12174
2.4994 -4.90535 9.25696
2.58463 -4.86098 9.25696
2.66907 -4.81513 14.1527
2.7527 -4.76782 14.1527
2.83549 -4.71905 14.1527
2.91742 -4.66885 18.7275
2.99846 -4.61722 18.7275
3.07858 -4.56419 22.9081
3.15777 -4.50976 22.9081
3.23599 -4.45396 26.6346
3.31323 -4.39681 26.6346
3.38946 -4.33832 29.8627
3.46466 -4.2785 29.8627
3.53881 -4.21738 32.5645
3.61187 -4.15498 32.5645
3.68383 -4.09131 34.7269
3.75468 -4.0264 34.7269
3.82437 -3.96026 36.3494
3.89291 -3.89291 36.3494
3.96026 -3.82437 36.3494
4.0264 -3.75468 37.441
4.09131 -3.68383 37.441
4.15498 -3.61187 38.019
4.21738 -3.53881 38.019
4.2785 -3.46466 38.1078
4.33832 -3.38946 38.1078
4.39681 -3.31323 37.7398
4.45396 -3.23599 37.7398
4.50976 -3.15777 36.9556
4.56419 -3.07858 36.9556
4.61722 -2.99846 35.804
4.66885 -2.91742 35.804
4.71905 -2.83549 34.341
4.76782 -2.7527 34.341
4.81513 -2.66907 34.341
4.86098 -2.58463 32.6264
4.90535 -2.4994 32.6264
4.94822 -2.41341 30.7214
4.98959 -2.32668 30.7214
5.02944 -2.23925 28.6851
5.06775 -2.15113 28.6851
5.10452 -2.06236 26.5723
5.13974 -1.97296 26.5723
5.17339 -1.88296 24.4323
5.20546 -1.79238 24.4323
5.23595 -1.70126 22.3085
5.26484 -1.60962 22.3085
5.29213 -1.51749 20.2382
5.31781 -1.4249 20.2382
5.34187 -1.33188 20.2382
5.3643 -1.23845 18.2523
5.3851 -1.14464 18.2523
5.40425 -1.05048 16.3749
5.42176 -0.956003 16.3749
5.43762 -0.861235 14.6227
5.45183 -0.766204 14.6227
5.46437 -0.67094 13.005
5.47524 -0.575471 13.005
5.48445 -0.479828 11.524
5.49199 -0.384038 11.524
5.49786 -0.288131 10.1763
5.50205 -0.192136 10.1763
5.50456 -0.0960825 9.06004

5.58519 0 8.95401
5.58434 0.097475 8.95401
5.58179 0.19492 7.84616
5.57754 0.292306 7.84616
5.57159 0.389603 6.84032
5.56394 0.486782 6.84032
5.5546 0.583812 5.92368
5.54356 0.680664 5.92368
5.53084 0.777308 5.08346
5.51643 0.873717 5.08346
5.50034 0.969858 4.30733
5.48258 1.0657 4.30733
5.46314 1.16123 3.58361
5.44204 1.25639 3.58361
5.41929 1.35118 2.90142
5.39488 1.44555 2.90142
5.36883 1.53949 2.90142
5.34115 1.63295 2.2507
5.31183 1.72592 2.2507
5.2809 1.81836 1.62222
5.24836 1.91025 1.62222
5.21423 2.00155 1.00745
5.1785 2.09225 1.00745
5.1412 2.18231 0.39841
5.10233 2.2717 0.39841
5.0619 2.3604 -0.212599
5.01994 2.44839 -0.212599
4.97644 2.53562 -0.833233
4.93143 2.62209 -0.833233
4.88492 2.70775 -1.47139
4.83692 2.7926 -1.47139
4.78744 2.87659 -1.47139
4.73651 2.9597 -2.13542
4.68414 3.04191 -2.13542
4.63033 3.1232 -2.83434
4.57512 3.20353 -2.83434
4.51852 3.28289 -3.5779
4.46053 3.36125 -3.5779
4.40119 3.43859 -4.37661
4.34051 3.51488 -4.37661
4.27851 3.59009 -5.24164
4.2152 3.66422 -5.24164
4.15061 3.73722 -6.18467
4.08475 3.80909 -6.18467
4.01765 3.8798 -7.21752
3.94933 3.94933 -7.21752
3.8798 4.01765 -7.21752
3.80909 4.08475 -8.35146
3.73722 4.15061 -8.35146
3.66422 4.2152 -9.59639
3.59009 4.27851 -9.59639
3.51488 4.34051 -10.9597
3.43859 4.40119 -10.9597
3.36125 4.46053 -12.4446
3.28289 4.51852 -12.4446
3.20353 4.57512 -14.0494
3.1232 4.63033 -14.0494
3.04191 4.68414 -15.7659
2.9597 4.73651 -15.7659
2.87659 4.78744 -17.5789
2.7926 4.83692 -17.5789
2.70775 4.88492 -17.5789
2.62209 4.93143 -19.467
2.53562 4.97644 -19.467
2.44839 5.01994 -21.4021
2.3604 5.0619 -21.4021
2.2717 5.10233 -23.3503
2.18231 5.1412 -23.3503
2.09225 5.1785 -25.2721
2.00155 5.21423 -25.2721
1.91025 5.24836 -27.1222
1.81836 5.2809 -27.1222
1.72592 5.31183 -28.8503
1.63295 5.34115 -28.8503
1.53949 5.36883 -30.4017
1.44555 5.39488 -30.4017
1.35118 5.41929 -30.4017
1.25639 5.44204 -31.7199
1.16123 5.46314 -31.7199
1.0657 5.48258 -32.7493
0.969858 5.50034 -32.7493
0.873717 5.51643 -33.4383
0.777308 5.53084 -33.4383
0.680664 5.54356 -33.7415
0.583812 5.5546 -33.7415
0.486782 5.56394 -33.6215
0.389603 5.57159 -33.6215
0.292306 5.57754 -33.0487
0.19492 5.58179 -33.0487
0.097475 5.58434 -32.0006
3.41994e-16 5.58519 -32.0006
-0.097475 5.58434 -32.0006
-0.19492 5.58179 -30.4617
-0.292306 5.57754 -30.4617
-0.389603 5.57159 -28.4245
-0.486782 5.56394 -28.4245
-0.583812 5.5546 -25.8904
-0.680664 5.54356 -25.8904
-0.777308 5.53084 -22.8724
-0.873717 5.51643 -22.8724
-0.969858 5.50034 -19.3975
-1.0657 5.48258 -19.3975
-1.16123 5.46314 -15.5073
-1.25639 5.44204 -15.5073
-1.35118 5.41929 -11.2575
-1.44555 5.39488 -11.2575
-1.53949 5.36883 -11.2575
-1.63295 5.34115 -6.71502
-1.72592 5.31183 -6.71502
-1.81836 5.2809 -1.95395
-1.91025 5.24836 -1.95395
-2.00155 5.21423 2.94783
-2.09225 5.1785 2.94783
-2.18231 5.1412 7.91161
-2.2717 5.10233 7.91161
-2.3604 5.0619 12.8595
-2.44839 5.01994 12.8595
-2.53562 4.97644 17.7157
-2.62209 4.93143 17.7157
-2.70775 4.88492 22.4078
-2.7926 4.83692 22.4078
-2.87659 4.78744 22.4078
-2.9597 4.73651 26.8694
-3.04191 4.68414 26.8694
-3.1232 4.63033 31.0434
-3.20353 4.57512 31.0434
-3.28289 4.51852 34.8856
-3.36125 4.46053 34.8856
-3.43859 4.40119 38.3674
-3.51488 4.34051 38.3674
-3.59009 4.27851 41.475
-3.66422 4.2152 41.475
-3.73722 4.15061 44.2087
-3.80909 4.08475 44.2087
-3.8798 4.01765 46.5796
-3.94933 3.94933 46.5796
-4.01765 3.8798 46.5796
-4.08475 3.80909 48.6067
-4.15061 3.73722 48.6067
-4.2152 3.66422 50.3145
-4.27851 3.59009 50.3145
-4.34051 3.51488 51.7314
-4.40119 3.43859 51.7314
-4.46053 3.36125 52.8881
-4.51852 3.28289 52.8881
-4.57512 3.20353 53.8171
-4.63033 3.1232 53.8171
-4.68414 3.04191 54.5514
-4.73651 2.9597 54.5514
-4.78744 2.87659 55.1228
-4.83692 2.7926 55.1228
-4.88492 2.70775 55.1228
-4.93143 2.62209 55.5601
-4.97644 2.53562 55.5601
-5.01994 2.44839 55.8865
-5.0619 2.3604 55.8865
-5.10233 2.2717 56.1174
-5.1412 2.18231 56.1174
-5.1785 2.09225 56.2587
-5.21423 2.00155 56.2587
-5.24836 1.91025 56.3058
-5.2809 1.81836 56.3058
-5.31183 1.72592 56.2441
-5.34115 1.63295 56.2441
-5.36883 1.53949 56.0493
-5.39488 1.44555 56.0493
-5.41929 1.35118 56.0493
-5.44204 1.25639 55.6901
-5.46314 1.16123 55.6901
-5.48258 1.0657 55.1301
-5.50034 0.969858 55.1301
-5.51643 0.873717 54.3309
-5.53084 0.777308 54.3309
-5.54356 0.680664 53.2545
-5.5546 0.583812 53.2545
-5.56394 0.486782 51.8648
-5.57159 0.389603 51.8648
-5.57754 0.292306 50.1287
-5.58179 0.19492 50.1287
-5.58434 0.097475 48.0168
-5.58519 6.83989e-16 48.0168
-5.58434 -0.097475 48.0168
-5.58179 -0.19492 45.504
-5.57754 -0.292306 45.504
-5.57159 -0.389603 42.5712
-5.56394 -0.486782 42.5712
-5.5546 -0.583812 39.2087
-5.54356 -0.680664 39.2087
-5.53084 -0.777308 35.4185
-5.51643 -0.873717 35.4185
-5.50034 -0.969858 31.2174
-5.48258 -1.0657 31.2174
-5.46314 -1.16123 26.6383
-5.44204 -1.25639 26.6383
-5.41929 -1.35118 21.7298
-5.39488 -1.44555 21.7298
-5.36883 -1.53949 21.7298
-5.34115 -1.63295 16.5534
-5.31183 -1.72592 16.5534
-5.2809 -1.81836 11.1796
-5.24836 -1.91025 11.1796
-5.21423 -2.00155 5.68419
-5.1785 -2.09225 5.68419
-5.1412 -2.18231 0.145305
-5.10233 -2.2717 0.145305
-5.0619 -2.3604 -5.35862
-5.01994 -2.44839 -5.35862
-4.97644 -2.53562 -10.7503
-4.93143 -2.62209 -10.7503
-4.88492 -2.70775 -15.9554
-4.83692 -2.7926 -15.9554
-4.78744 -2.87659 -15.9554
-4.73651 -2.9597 -20.9055
-4.68414 -3.04191 -20.9055
-4.63033 -3.1232 -25.5416
-4.57512 -3.20353 -25.5416
-4.51852 -3.28289 -29.8177
-4.46053 -3.36125 -29.8177
-4.40119 -3.43859 -33.7036
-4.34051 -3.51488 -33.7036
-4.27851 -3.59009 -37.1849
-4.2152 -3.66422 -37.1849
-4.15061 -3.73722 -40.2618
-4.08475 -3.80909 -40.2618
-4.01765 -3.8798 -42.9464
-3.94933 -3.94933 -42.9464
-3.8798 -4.01765 -42.9464
-3.80909 -4.08475 -45.2593
-3.73722 -4.15061 -45.2593
-3.66422 -4.2152 -47.227
-3.59009 -4.27851 -47.227
-3.51488 -4.34051 -48.8803
-3.43859 -4.40119 -48.8803
-3.36125 -4.46053 -50.2523
-3.28289 -4.51852 -50.2523
-3.20353 -4.57512 -51.3782
-3.1232 -4.63033 -51.3782
-3.04191 -4.68414 -52.2935
-2.9597 -4.73651 -52.2935
-2.87659 -4.78744 -53.0328
-2.7926 -4.83692 -53.0328
-2.70775 -4.88492 -53.0328
-2.62209 -4.93143 -53.6278
-2.53562 -4.97644 -53.6278
-2.44839 -5.01994 -54.104
-2.3604 -5.0619 -54.104
-2.2717 -5.10233 -54.4785
-2.18231 -5.1412 -54.4785
-2.09225 -5.1785 -54.7585
-2.00155 -5.21423 -54.7585
-1.91025 -5.24836 -54.9403
-1.81836 -5.2809 -54.9403
-1.72592 -5.31183 -55.0099
-1.63295 -5.34115 -55.0099
-1.53949 -5.36883 -54.9434
-1.44555 -5.39488 -54.9434
-1.35118 -5.41929 -54.9434
-1.25639 -5.44204 -54.7094
-1.16123 -5.46314 -54.7094
-1.0657 -5.48258 -54.2716
-0.969858 -5.50034 -54.2716
-0.873717 -5.51643 -53.5913
-0.777308 -5.53084 -53.5913
-0.680664 -5.54356 -52.6303
-0.583812 -5.5546 -52.6303
-0.486782 -5.56394 -51.3524
-0.389603 -5.57159 -51.3524
-0.292306 -5.57754 -49.7243
-0.19492 -5.58179 -49.7243
-0.097475 -5.58434 -47.7168
-1.02598e-15 -5.58519 -47.7168
0.097475 -5.58434 -47.7168
0.19492 -5.58179 -45.3053
0.292306 -5.57754 -45.3053
0.389603 -5.57159 -42.4719
0.486782 -5.56394 -42.4719
0.583812 -5.5546 -39.2078
0.680664 -5.54356 -39.2078
0.777308 -5.53084 -35.5167
0.873717 -5.51643 -35.5167
0.969858 -5.50034 -31.4173
1.0657 -5.48258 -31.4173
1.16123 -5.46314 -26.9447
1.25639 -5.44204 -26.9447
1.35118 -5.41929 -22.1499
1.44555 -5.39488 -22.1499
1.53949 -5.36883 -22.1499
1.63295 -5.34115 -17.0977
1.72592 -5.31183 -17.0977
1.81836 -5.2809 -11.8623
1.91025 -5.24836 -11.8623
2.00155 -5.21423 -6.52417
2.09225 -5.1785 -6.52417
2.18231 -5.1412 -1.16751
2.2717 -5.10233 -1.16751
2.3604 -5.0619 4.12174
2.44839 -5.01994 4.12174
2.53562 -4.97644 9.25696
2.62209 -4.93143 9.25696
2.70775 -4.88492 14.1527
2.7926 -4.83692 14.1527
2.87659 -4.78744 14.1527
2.9597 -4.73651 18.7275
3.04191 -4.68414 18.7275
3.1232 -4.63033 22.9081
3.20353 -4.57512 22.9081
3.28289 -4.51852 26.6346
3.36125 -4.46053 26.6346
3.43859 -4.40119 29.8627
3.51488 -4.34051 29.8627
3.59009 -4.27851 32.5645
3.66422 -4.2152 32.5645
3.73722 -4.15061 34.7269
3.80909 -4.08475 34.7269
3.8798 -4.01765 36.3494
3.94933 -3.94933 36.3494
4.01765 -3.8798 36.3494
4.08475 -3.80909 37.441
4.15061 -3.73722 37.441
4.2152 -3.66422 38.019
4.27851 -3.59009 38.019
4.34051 -3.51488 38.1078
4.40119 -3.43859 38.1078
4.46053 -3.36125 37.7398
4.51852 -3.28289 37.7398
4.57512 -3.20353 36.9556
4.63033 -3.1232 36.9556
4.68414 -3.04191 35.804
4.73651 -2.9597 35.804
4.78744 -2.87659 34.341
4.83692 -2.7926 34.341
4.88492 -2.70775 34.341
4.93143 -2.62209 32.6264
4.97644 -2.53562 32.6264
5.01994 -2.44839 30.7214
5.0619 -2.3604 30.7214
5.10233 -2.2717 28.6851
5.1412 -2.18231 28.6851
5.1785 -2.09225 26.5723
5.21423 -2.00155 26.5723
5.24836 -1.91025 24.4323
5.2809 -1.81836 24.4323
5.31183 -1.72592 22.3085
5.34115 -1.63295 22.3085
5.36883 -1.53949 20.2382
5.39488 -1.44555 20.2382
5.41929 -1.35118 20.2382
5.44204 -1.25639 18.2523
5.46314 -1.16123 18.2523
5.48258 -1.0657 16.3749
5.50034 -0.969858 16.3749
5.51643 -0.873717 14.6227
5.53084 -0.777308 14.6227
5.54356 -0.680664 13.005
5.5546 -0.583812 13.005
5.56394 -0.486782 11.524
5.57159 -0.389603 11.524
5.57754 -0.292306 10.1763
5.58179 -0.19492 10.1763
5.58434 -0.097475 9.06004

5.66498 0 8.95401
5.66412 0.0988675 8.95401
5.66153 0.197705 7.84616
5.65722 0.296482 7.84616
5.65118 0.395169 6.84032
5.64342 0.493736 6.84032
5.63395 0.592152 5.92368
5.62275 0.690387 5.92368
5.60985 0.788413 5.08346
5.59524 0.886198 5.08346
5.57892 0.983714 4.30733
5.5609 1.08093 4.30733
5.54119 1.17782 3.58361
5.51979 1.27434 3.58361
5.49671 1.37048 2.90142
5.47195 1.4662 2.90142
5.44553 1.56148 2.90142
5.41745 1.65628 2.2507
5.38772 1.75058 2.2507
5.35634 1.84434 1.62222
5.32334 1.93754 1.62222
5.28871 2.03015 1.00745
5.25248 2.12214 1.00745
5.21464 2.21348 0.39841
5.17522 2.30416 0.39841
5.13422 2.39412 -0.212599
5.09165 2.48336 -0.212599
5.04753 2.57185 -0.833233
5.00188 2.65955 -0.833233
4.9547 2.74644 -1.47139
4.90602 2.83249 -1.47139
4.85584 2.91768 -1.47139
4.80418 3.00198 -2.13542
4.75105 3.08537 -2.13542
4.69648 3.16782 -2.83434
4.64048 3.2493 -2.83434
4.58307 3.32979 -3.5779
4.52425 3.40927 -3.5779
4.46407 3.48771 -4.37661
4.40252 3.56509 -4.37661
4.33963 3.64138 -5.24164
4.27541 3.71656 -5.24164
4.2099 3.79061 -6.18467
4.1431 3.86351 -6.18467
4.07505 3.93523 -7.21752
4.00575 4.00575 -7.21752
3.93523 4.07505 -7.21752
3.86351 4.1431 -8.35146
3.79061 4.2099 -8.35146
3.71656 4.27541 -9.59639
3.64138 4.33963 -9.59639
3.56509 4.40252 -10.9597
3.48771 4.46407 -10.9597
3.40927 4.52425 -12.4446
3.32979 4.58307 -12.4446
3.2493 4.64048 -14.0494
3.16782 4.69648 -14.0494
3.08537 4.75105 -15.7659
3.00198 4.80418 -15.7659
2.91768 4.85584 -17.5789
2.83249 4.90602 -17.5789
2.74644 4.9547 -17.5789
2.65955 5.00188 -19.467
2.57185 5.04753 -19.467
2.48336 5.09165 -21.4021
2.39412 5.13422 -21.4021
2.30416 5.17522 -23.3503
2.21348 5.21464 -23.3503
2.12214 5.25248 -25.2721
2.03015 5.28871 -25.2721
1.93754 5.32334 -27.1222
1.84434 5.35634 -27.1222
1.75058 5.38772 -28.8503
1.65628 5.41745 -28.8503
1.56148 5.44553 -30.4017
1.4662 5.47195 -30.4017
1.37048 5.49671 -30.4017
1.27434 5.51979 -31.7199
1.17782 5.54119 -31.7199
1.08093 5.5609 -32.7493
0.983714 5.57892 -32.7493
0.886198 5.59524 -33.4383
0.788413 5.60985 -33.4383
0.690387 5.62275 -33.7415
0.592152 5.63395 -33.7415
0.493736 5.64342 -33.6215
0.395169 5.65118 -33.6215
0.296482 5.65722 -33.0487
0.197705 5.66153 -33.0487
0.0988675 5.66412 -32.0006
3.4688e-16 5.66498 -32.0006
-0.0988675 5.66412 -32.0006
-0.197705 5.66153 -30.4617
-0.296482 5.65722 -30.4617
-0.395169 5.65118 -28.4245
-0.493736 5.64342 -28.4245
-0.592152 5.63395 -25.8904
-0.690387 5.62275 -25.8904
-0.788413 5.60985 -22.8724
-0.886198 5.59524 -22.8724
-0.983714 5.57892 -19.3975
-1.08093 5.5609 -19.3975
-1.17782 5.54119 -15.5073
-1.27434 5.51979 -15.5073
-1.37048 5.49671 -11.2575
-1.4662 5.47195 -11.2575
-1.56148 5.44553 -11.2575
-1.65628 5.41745 -6.71502
-1.75058 5.38772 -6.71502
-1.84434 5.35634 -1.95395
-1.93754 5.32334 -1.95395
-2.03015 5.28871 2.94783
-2.12214 5.25248 2.94783
-2.21348 5.21464 7.91161
-2.30416 5.17522 7.91161
-2.39412 5.13422 12.8595
-2.48336 5.09165 12.8595
-2.57185 5.04753 17.7157
-2.65955 5.00188 17.7157
-2.74644 4.9547 22.4078
-2.83249 4.90602 22.4078
-2.91768 4.85584 22.4078
-3.00198 4.80418 26.8694
-3.08537 4.75105 26.8694
-3.16782 4.69648 31.0434
-3.2493 4.64048 31.0434
-3.32979 4.58307 34.8856
-3.40927 4.52425 34.8856
-3.48771 4.46407 38.3674
-3.56509 4.40252 38.3674
-3.64138 4.33963 41.475
-3.71656 4.27541 41.475
-3.79061 4.2099 44.2087
-3.86351 4.1431 44.2087
-3.93523 4.07505 46.5796
-4.00575 4.00575 46.5796
-4.07505 3.93523 46.5796
-4.1431 3.86351 48.6067
-4.2099 3.79061 48.6067
-4.27541 3.71656 50.3145
-4.33963 3.64138 50.3145
-4.40252 3.56509 51.7314
-4.46407 3.48771 51.7314
-4.52425 3.40927 52.8881
-4.58307 3.32979 52.8881
-4.64048 3.2493 53.8171
-4.69648 3.16782 53.8171
-4.75105 3.08537 54.5514
-4.80418 3.00198 54.5514
-4.85584 2.91768 55.1228
-4.90602 2.83249 55.1228
-4.9547 2.74644 55.1228
-5.00188 2.65955 55.5601
-5.04753 2.57185 55.5601
-5.09165 2.48336 55.8865
-5.13422 2.39412 55.8865
-5.17522 2.30416 56.1174
-5.21464 2.21348 56.1174
-5.25248 2.12214 56.2587
-5.28871 2.03015 56.2587
-5.32334 1.93754 56.3058
-5.35634 1.84434 56.3058
-5.38772 1.75058 56.2441
-5.41745 1.65628 56.2441
-5.44553 1.56148 56.0493
-5.47195 1.4662 56.0493
-5.49671 1.37048 56.0493
-5.51979 1.27434 55.6901
-5.54119 1.17782 55.6901
-5.5609 1.08093 55.1301
-5.57892 0.983714 55.1301
-5.59524 0.886198 54.3309
-5.60985 0.788413 54.3309
-5.62275 0.690387 53.2545
-5.63395 0.592152 53.2545
-5.64342 0.493736 51.8648
-5.65118 0.395169 51.8648
-5.65722 0.296482 50.1287
-5.66153 0.197705 50.1287
-5.66412 0.0988675 48.0168
-5.66498 6.9376e-16 48.0168
-5.66412 -0.0988675 48.0168
-5.66153 -0.197705 45.504
-5.65722 -0.296482 45.504
-5.65118 -0.395169 42.5712
-5.64342 -0.493736 42.5712
-5.63395 -0.592152 39.2087
-5.62275 -0.690387 39.2087
-5.60985 -0.788413 35.4185
-5.59524 -0.886198 35.4185
-5.57892 -0.983714 31.2174
-5.5609 -1.08093 31.2174
-5.54119 -1.17782 26.6383
-5.51979 -1.27434 26.6383
-5.49671 -1.37048 21.7298
-5.47195 -1.4662 21.7298
-5.44553 -1.56148 21.7298
-5.41745 -1.65628 16.5534
-5.38772 -1.75058 16.5534
-5.35634 -1.84434 11.1796
-5.32334 -1.93754 11.1796
-5.28871 -2.03015 5.68419
-5.25248 -2.12214 5.68419
-5.21464 -2.21348 0.145305
-5.17522 -2.30416 0.145305
-5.13422 -2.39412 -5.35862
-5.09165 -2.48336 -5.35862
-5.04753 -2.57185 -10.7503
-5.00188 -2.65955 -10.7503
-4.9547 -2.74644 -15.9554
-4.90602 -2.83249 -15.9554
-4.85584 -2.91768 -15.9554
-4.80418 -3.00198 -20.9055
-4.75105 -3.08537 -20.9055
-4.69648 -3.16782 -25.5416
-4.64048 -3.2493 -25.5416
-4.58307 -3.32979 -29.8177
-4.52425 -3.40927 -29.8177
-4.46407 -3.48771 -33.7036
-4.40252 -3.56509 -33.7036
-4.33963 -3.64138 -37.1849
-4.27541 -3.71656 -37.1849
-4.2099 -3.79061 -40.2618
-4.1431 -3.86351 -40.2618
-4.07505 -3.93523 -42.9464
-4.00575 -4.00575 -42.9464
-3.93523 -4.07505 -42.9464
-3.86351 -4.1431 -45.2593
-3.79061 -4.2099 -45.2593
-3.71656 -4.27541 -47.227
-3.64138 -4.33963 -47.227
-3.56509 -4.40252 -48.8803
-3.48771 -4.46407 -48.8803
-3.40927 -4.52425 -50.2523
-3.32979 -4.58307 -50.2523
-3.2493 -4.64048 -51.3782
-3.16782 -4.69648 -51.3782
-3.08537 -4.75105 -52.2935
-3.00198 -4.80418 -52.2935
-2.91768 -4.85584 -53.0328
-2.83249 -4.90602 -53.0328
-2.74644 -4.9547 -53.0328
-2.65955 -5.00188 -53.6278
-2.57185 -5.04753 -53.6278
-2.48336 -5.09165 -54.104
-2.39412 -5.13422 -54.104
-2.30416 -5.17522 -54.4785
-2.21348 -5.21464 -54.4785
-2.12214 -5.25248 -54.7585
-2.03015 -5.28871 -54.7585
-1.93754 -5.32334 -54.9403
-1.84434 -5.35634 -54.9403
-1.75058 -5.38772 -55.0099
-1.65628 -5.41745 -55.0099
-1.56148 -5.44553 -54.9434
-1.4662 -5.47195 -54.9434
-1.37048 -5.49671 -54.9434
-1.27434 -5.51979 -54.7094
-1.17782 -5.54119 -54.7094
-1.08093 -5.5609 -54.2716
-0.983714 -5.57892 -54.2716
-0.886198 -5.59524 -53.5913
-0.788413 -5.60985 -53.5913
-0.690387 -5.62275 -52.6303
-0.592152 -5.63395 -52.6303
-0.493736 -5.64342 -51.3524
-0.395169 -5.65118 -51.3524
-0.296482 -5.65722 -49.7243
-0.197705 -5.66153 -49.7243
-0.0988675 -5.66412 -47.7168
-1.04064e-15 -5.66498 -47.7168
0.0988675 -5.66412 -47.7168
0.197705 -5.66153 -45.3053
0.296482 -5.65722 -45.3053
0.395169 -5.65118 -42.4719
0.493736 -5.64342 -42.4719
0.592152 -5.63395 -39.2078
0.690387 -5.62275 -39.2078
0.788413 -5.60985 -35.5167
0.886198 -5.59524 -35.5167
0.983714 -5.57892 -31.4173
1.08093 -5.5609 -31.4173
1.17782 -5.54119 -26.9447
1.27434 -5.51979 -26.9447
1.37048 -5.49671 -22.1499
1.4662 -5.47195 -22.1499
1.56148 -5.44553 -22.1499
1.65628 -5.41745 -17.0977
1.75058 -5.38772 -17.0977
1.84434 -5.35634 -11.8623
1.93754 -5.32334 -11.8623
2.03015 -5.28871 -6.52417
2.12214 -5.25248 -6.52417
2.21348 -5.21464 -1.16751
2.30416 -5.17522 -1.16751
2.39412 -5.13422 4.12174
2.48336 -5.09165 4.12174
2.57185 -5.04753 9.25696
2.65955 -5.00188 9.25696
2.74644 -4.9547 14.1527
2.83249 -4.90602 14.1527
2.91768 -4.85584 14.1527
3.00198 -4.80418 18.7275
3.08537 -4.75105 18.7275
3.16782 -4.69648 22.9081
3.2493 -4.64048 22.9081
3.32979 -4.58307 26.6346
3.40927 -4.52425 26.6346
3.48771 -4.46407 29.8627
3.56509 -4.40252 29.8627
3.64138 -4.33963 32.5645
3.71656 -4.27541 32.5645
3.79061 -4.2099 34.7269
3.86351 -4.1431 34.7269
3.93523 -4.07505 36.3494
4.00575 -4.00575 36.3494
4.07505 -3.93523 36.3494
4.1431 -3.86351 37.441
4.2099 -3.79061 37.441
4.27541 -3.71656 38.019
4.33963 -3.64138 38.019
4.40252 -3.56509 38.1078
4.46407 -3.48771 38.1078
4.52425 -3.40927 37.7398
4.58307 -3.32979 37.7398
4.64048 -3.2493 36.9556
4.69648 -3.16782 36.9556
4.75105 -3.08537 35.804
4.80418 -3.00198 35.804
4.85584 -2.91768 34.341
4.90602 -2.83249 34.341
4.9547 -2.74644 34.341
5.00188 -2.65955 32.6264
5.04753 -2.57185 32.6264
5.09165 -2.48336 30.7214
5.13422 -2.39412 30.7214
5.17522 -2.30416 28.6851
5.21464 -2.21348 28.6851
5.25248 -2.12214 26.5723
5.28871 -2.03015 26.5723
5.32334 -1.93754 24.4323
5.35634 -1.84434 24.4323
5.38772 -1.75058 22.3085
5.41745 -1.65628 22.3085
5.44553 -1.56148 20.2382
5.47195 -1.4662 20.2382
5.49671 -1.37048 20.2382
5.51979 -1.27434 18.2523
5.54119 -1.17782 18.2523
5.5609 -1.08093 16.3749
5.57892 -0.983714 16.3749
5.59524 -0.886198 14.6227
5.60985 -0.788413 14.6227
5.62275 -0.690387 13.005
5.63395 -0.592152 13.005
5.64342 -0.493736 11.524
5.65118 -0.395169 11.524
5.65722 -0.296482 10.1763
5.66153 -0.197705 10.1763
5.66412 -0.0988675 9.06004

5.74477 0 8.74896
5.74389 0.10026 8.74896
5.74127 0.20049 7.66018
5.7369 0.300658 7.66018
5.73077 0.400735 6.68023
5.72291 0.50069 6.68023
5.7133 0.600492 5.79436
5.70195 0.700111 5.79436
5.68886 0.799517 4.98837
5.67404 0.89868 4.98837
5.65749 0.997569 4.24894
5.63922 1.09615 4.24894
5.61923 1.1944 3.56375
5.59753 1.29229 3.56375
5.57412 1.38979 2.92146
5.54902 1.48686 2.92146
5.52223 1.58347 2.31184
5.49375 1.67961 2.31184
5.4636 1.77523 1.72563
5.43179 1.87031 1.72563
5.39832 1.96483 1.15455
5.3632 2.05874 1.15455
5.32646 2.15203 0.591011
5.28809 2.24466 0.591011
5.24811 2.33661 0.027918
5.20653 2.42784 0.027918
5.16336 2.51834 -0.541688
5.11863 2.60807 -0.541688
5.07233 2.69701 -1.12495
5.02449 2.78512 -1.12495
4.97512 2.87238 -1.72947
4.92423 2.95877 -1.72947
4.87184 3.04426 -1.72947
4.81797 3.12883 -2.36362
4.76263 3.21243 -2.36362
4.70584 3.29506 -3.03665
4.64762 3.37669 -3.03665
4.58798 3.45729 -3.7588
4.52694 3.53683 -3.7588
4.46452 3.6153 -4.54138
4.40075 3.69267 -4.54138
4.33563 3.76891 -5.39668
4.2692 3.844 -5.39668
4.20146 3.91792 -6.33785
4.13244 3.99065 -6.33785
4.06217 4.06217 -7.37858
3.99065 4.13244 -7.37858
3.91792 4.20146 -8.53244
3.844 4.2692 -8.53244
3.76891 4.33563 -9.81189
3.69267 4.40075 -9.81189
3.6153 4.46452 -11.2269
3.53683 4.52694 -11.2269
3.45729 4.58798 -12.7834
3.37669 4.64762 -12.7834
3.29506 4.70584 -14.4813
3.21243 4.76263 -14.4813
3.12883 4.81797 -16.3136
3.04426 4.87184 -16.3136
2.95877 4.92423 -18.2657
2.87238 4.97512 -18.2657
2.78512 5.02449 -18.2657
2.69701 5.07233 -20.3161
2.60807 5.11863 -20.3161
2.51834 5.16336 -22.437
2.42784 5.20653 -22.437
2.33661 5.24811 -24.5948
2.24466 5.28809 -24.5948
2.15203 5.32646 -26.7505
2.05874 5.3632 -26.7505
1.96483 5.39832 -28.8588
1.87031 5.43179 -28.8588
1.77523 5.4636 -30.8681
1.67961 5.49375 -30.8681
1.58347 5.52223 -32.7211
1.48686 5.54902 -32.7211
1.38979 5.57412 -34.3565
1.29229 5.59753 -34.3565
1.1944 5.61923 -35.7125
1.09615 5.63922 -35.7125
0.997569 5.65749 -36.731
0.89868 5.67404 -36.731
0.799517 5.68886 -37.3611
0.700111 5.70195 -37.3611
0.600492 5.7133 -37.5609
0.50069 5.72291 -37.5609
0.400735 5.73077 -37.2973
0.300658 5.7369 -37.2973
0.20049 5.74127 -36.5444
0.10026 5.74389 -36.5444
3.51766e-16 5.74477 -35.2826
-0.10026 5.74389 -35.2826
-0.20049 5.74127 -35.2826
-0.300658 5.7369 -33.4972
-0.400735 5.73077 -33.4972
-0.50069 5.72291 -31.1807
-0.600492 5.7133 -31.1807
-0.700111 5.70195 -28.3348
-0.799517 5.68886 -28.3348
-0.89868 5.67404 -24.9743
-0.997569 5.65749 -24.9743
-1.09615 5.63922 -21.1306
-1.1944 5.61923 -21.1306
-1.29229 5.59753 -16.8524
-1.38979 5.57412 -16.8524
-1.48686 5.54902 -12.204
-1.58347 5.52223 -12.204
-1.67961 5.49375 -7.26091
-1.77523 5.4636 -7.26091
-1.87031 5.43179 -2.10452
-1.96483 5.39832 -2.10452
-2.05874 5.3632 3.18225
-2.15203 5.32646 3.18225
-2.24466 5.28809 8.51736
-2.33661 5.24811 8.51736
-2.42784 5.20653 13.8203
-2.51834 5.16336 13.8203
-2.60807 5.11863 19.0124
-2.69701 5.07233 19.0124
-2.78512 5.02449 24.0171
-2.87238 4.97512 24.0171
-2.95877 4.92423 24.0171
-3.04426 4.87184 28.7627
-3.12883 4.81797 28.7627
-3.21243 4.76263 33.1869
-3.29506 4.70584 33.1869
-3.37669 4.64762 37.2418
-3.45729 4.58798 37.2418
-3.53683 4.52694 40.8975
-3.6153 4.46452 40.8975
-3.69267 4.40075 44.1421
-3.76891 4.33563 44.1421
-3.844 4.2692 46.9794
-3.91792 4.20146 46.9794
-3.99065 4.13244 49.4252
-4.06217 4.06217 49.4252
-4.13244 3.99065 51.5035
-4.20146 3.91792 51.5035
-4.2692 3.844 53.2428
-4.33563 3.76891 53.2428
-4.40075 3.69267 54.6748
-4.46452 3.6153 54.6748
-4.52694 3.53683 55.8333
-4.58798 3.45729 55.8333
-4.64762 3.37669 56.7539
-4.70584 3.29506 56.7539
-4.76263 3.21243 57.4737
-4.81797 3.12883 57.4737
-4.87184 3.04426 58.0302
-4.92423 2.95877 58.0302
-4.97512 2.87238 58.459
-5.02449 2.78512 58.459
-5.07233 2.69701 58.459
-5.11863 2.60807 58.7915
-5.16336 2.51834 58.7915
-5.20653 2.42784 59.0519
-5.24811 2.33661 59.0519
-5.28809 2.24466 59.2543
-5.32646 2.15203 59.2543
-5.3632 2.05874 59.4017
-5.39832 1.96483 59.4017
-5.43179 1.87031 59.4852
-5.4636 1.77523 59.4852
-5.49375 1.67961 59.4841
-5.52223 1.58347 59.4841
-5.54902 1.48686 59.3674
-5.57412 1.38979 59.3674
-5.59753 1.29229 59.0969
-5.61923 1.1944 59.0969
-5.63922 1.09615 58.6296
-5.65749 0.997569 58.6296
-5.67404 0.89868 57.922
-5.68886 0.799517 57.922
-5.70195 0.700111 56.9318
-5.7133 0.600492 56.9318
-5.72291 0.50069 55.62
-5.73077 0.400735 55.62
-5.7369 0.300658 53.9507
-5.74127 0.20049 53.9507
-5.74389 0.10026 51.891
-5.74477 7.03531e-16 51.891
-5.74389 -0.10026 51.891
-5.74127 -0.20049 49.411
-5.7369 -0.300658 49.411
-5.73077 -0.400735 46.4858
-5.72291 -0.50069 46.4858
-5.7133 -0.600492 43.0984
-5.70195 -0.700111 43.0984
-5.68886 -0.799517 39.2441
-5.67404 -0.89868 39.2441
-5.65749 -0.997569 34.934
-5.63922 -1.09615 34.934
-5.61923 -1.1944 30.1982
-5.59753 -1.29229 30.1982
-5.57412 -1.38979 25.0854
-5.54902 -1.48686 25.0854
-5.52223 -1.58347 19.6605
-5.49375 -1.67961 19.6605
-5.4636 -1.77523 13.9984
-5.43179 -1.87031 13.9984
-5.39832 -1.96483 8.17954
-5.3632 -2.05874 8.17954
-5.32646 -2.15203 2.28601
-5.28809 -2.24466 2.28601
-5.24811 -2.33661 -3.60023
-5.20653 -2.42784 -3.60023
-5.16336 -2.51834 -9.39764
-5.11863 -2.60807 -9.39764
-5.07233 -2.69701 -15.0258
-5.02449 -2.78512 -15.0258
-4.97512 -2.87238 -15.0258
-4.92423 -2.95877 -20.4075
-4.87184 -3.04426 -20.4075
-4.81797 -3.12883 -25.4725
-4.76263 -3.21243 -25.4725
-4.70584 -3.29506 -30.1625
-4.64762 -3.37669 -30.1625
-4.58798 -3.45729 -34.4362
-4.52694 -3.53683 -34.4362
-4.46452 -3.6153 -38.2712
-4.40075 -3.69267 -38.2712
-4.33563 -3.76891 -41.6632
-4.2692 -3.844 -41.6632
-4.20146 -3.91792 -44.623
-4.13244 -3.99065 -44.623
-4.06217 -4.06217 -47.1722
-3.99065 -4.13244 -47.1722
-3.91792 -4.20146 -49.3395
-3.844 -4.2692 -49.3395
-3.76891 -4.33563 -51.1575
-3.69267 -4.40075 -51.1575
-3.6153 -4.46452 -52.6616
-3.53683 -4.52694 -52.6616
-3.45729 -4.58798 -53.8891
-3.37669 -4.64762 -53.8891
-3.29506 -4.70584 -54.8792
-3.21243 -4.76263 -54.8792
-3.12883 -4.81797 -55.6722
-3.04426 -4.87184 -55.6722
-2.95877 -4.92423 -56.3078
-2.87238 -4.97512 -56.3078
-2.78512 -5.02449 -56.3078
-2.69701 -5.07233 -56.8229
-2.60807 -5.11863 -56.8229
-2.51834 -5.16336 -57.2483
-2.42784 -5.20653 -57.2483
-2.33661 -5.24811 -57.605
-2.24466 -5.28809 -57.605
-2.15203 -5.32646 -57.9031
-2.05874 -5.3632 -57.9031
-1.96483 -5.39832 -58.1403
-1.87031 -5.43179 -58.1403
-1.77523 -5.4636 -58.302
-1.67961 -5.49375 -58.302
-1.58347 -5.52223 -58.3624
-1.48686 -5.54902 -58.3624
-1.38979 -5.57412 -58.2865
-1.29229 -5.59753 -58.2865
-1.1944 -5.61923 -58.0327
-1.09615 -5.63922 -58.0327
-0.997569 -5.65749 -57.5573
-0.89868 -5.67404 -57.5573
-0.799517 -5.68886 -56.8164
-0.700111 -5.70195 -56.8164
-0.600492 -5.7133 -55.769
-0.50069 -5.72291 -55.769
-0.400735 -5.73077 -54.3772
-0.300658 -5.7369 -54.3772
-0.20049 -5.74127 -52.6061
-0.10026 -5.74389 -52.6061
-1.0553e-15 -5.74477 -52.6061
0.10026 -5.74389 -50.4245
0.20049 -5.74127 -50.4245
0.300658 -5.7369 -47.805
0.400735 -5.73077 -47.805
0.50069 -5.72291 -44.7272
0.600492 -5.7133 -44.7272
0.700111 -5.70195 -41.1806
0.799517 -5.68886 -41.1806
0.89868 -5.67404 -37.1695
0.997569 -5.65749 -37.1695
1.09615 -5.63922 -32.7161
1.1944 -5.61923 -32.7161
1.29229 -5.59753 -27.8619
1.38979 -5.57412 -27.8619
1.48686 -5.54902 -22.6666
1.58347 -5.52223 -22.6666
1.67961 -5.49375 -17.2032
1.77523 -5.4636 -17.2032
1.87031 -5.43179 -11.5533
1.96483 -5.39832 -11.5533
2.05874 -5.3632 -5.80259
2.15203 -5.32646 -5.80259
2.24466 -5.28809 -0.038837
2.33661 -5.24811 -0.038837
2.42784 -5.20653 5.64881
2.51834 -5.16336 5.64881
2.60807 -5.11863 11.1699
2.69701 -5.07233 11.1699
2.78512 -5.02449 16.4335
2.87238 -4.97512 16.4335
2.95877 -4.92423 16.4335
3.04426 -4.87184 21.3513
3.12883 -4.81797 21.3513
3.21243 -4.76263 25.843
3.29506 -4.70584 25.843
3.37669 -4.64762 29.8432
3.45729 -4.58798 29.8432
3.53683 -4.52694 33.3051
3.6153 -4.46452 33.3051
3.69267 -4.40075 36.2011
3.76891 -4.33563 36.2011
3.844 -4.2692 38.5206
3.91792 -4.20146 38.5206
3.99065 -4.13244 40.266
4.06217 -4.06217 40.266
4.13244 -3.99065 41.4484
4.20146 -3.91792 41.4484
4.2692 -3.844 42.0856
4.33563 -3.76891 42.0856
4.40075 -3.69267 42.2007
4.46452 -3.6153 42.2007
4.52694 -3.53683 41.8237
4.58798 -3.45729 41.8237
4.64762 -3.37669 40.9928
4.70584 -3.29506 40.9928
4.76263 -3.21243 39.7557
4.81797 -3.12883 39.7557
4.87184 -3.04426 38.1696
4.92423 -2.95877 38.1696
4.97512 -2.87238 38.1696
5.02449 -2.78512 36.2983
5.07233 -2.69701 36.2983
5.11863 -2.60807 34.2088
5.16336 -2.51834 34.2088
5.20653 -2.42784 31.9664
5.24811 -2.33661 31.9664
5.28809 -2.24466 29.6319
5.32646 -2.15203 29.6319
5.3632 -2.05874 27.2596
5.39832 -1.96483 27.2596
5.43179 -1.87031 24.8973
5.4636 -1.77523 24.8973
5.49375 -1.67961 22.5866
5.52223 -1.58347 22.5866
5.54902 -1.48686 20.3629
5.57412 -1.38979 20.3629
5.59753 -1.29229 18.2555
5.61923 -1.1944 18.2555
5.63922 -1.09615 16.2866
5.65749 -0.997569 16.2866
5.67404 -0.89868 14.4703
5.68886 -0.799517 14.4703
5.70195 -0.700111 12.8127
5.7133 -0.600492 12.8127
5.72291 -0.50069 11.3123
5.73077 -0.400735 11.3123
5.7369 -0.300658 9.9616
5.74127 -0.20049 9.9616
5.74389 -0.10026 8.95401

5.82456 0 8.74896
5.82367 0.101653 8.74896
5.82101 0.203274 7.66018
5.81657 0.304834 7.66018
5.81037 0.406301 6.68023
5.80239 0.507644 6.68023
5.79265 0.608832 5.79436
5.78114 0.709835 5.79436
5.76787 0.810622 4.98837
5.75285 0.911162 4.98837
5.73607 1.01142 4.24894
5.71754 1.11138 4.24894
5.69728 1.21099 3.56375
5.67527 1.31024 3.56375
5.65154 1.40909 2.92146
5.62609 1.50751 2.92146
5.59892 1.60547 2.31184
5.57005 1.70294 2.31184
5.53948 1.79989 1.72563
5.50723 1.89629 1.72563
5.47329 1.99212 1.15455
5.43769 2.08733 1.15455
5.40044 2.18192 0.591011
5.36153 2.27584 0.591011
5.321 2.36906 0.027918
5.27884 2.46156 0.027918
5.23508 2.55332 -0.541688
5.18972 2.64429 -0.541688
5.14278 2.73446 -1.12495
5.09427 2.8238 -1.12495
5.04421 2.91228 -1.72947
4.99262 2.99987 -1.72947
4.9395 3.08655 -1.72947
4.88488 3.17228 -2.36362
4.82878 3.25705 -2.36362
4.7712 3.34083 -3.03665
4.71217 3.42359 -3.03665
4.6517 3.50531 -3.7588
4.58981 3.58596 -3.7588
4.52653 3.66551 -4.54138
4.46187 3.74395 -4.54138
4.39585 3.82125 -5.39668
4.32849 3.89739 -5.39668
4.25981 3.97234 -6.33785
4.18984 4.04608 -6.33785
4.11858 4.11858 -7.37858
4.04608 4.18984 -7.37858
3.97234 4.25981 -8.53244
3.89739 4.32849 -8.53244
3.82125 4.39585 -9.81189
3.74395 4.46187 -9.81189
3.66551 4.52653 -11.2269
3.58596 4.58981 -11.2269
3.50531 4.6517 -12.7834
3.42359 4.71217 -12.7834
3.34083 4.7712 -14.4813
3.25705 4.82878 -14.4813
3.17228 4.88488 -16.3136
3.08655 4.9395 -16.3136
2.99987 4.99262 -18.2657
2.91228 5.04421 -18.2657
2.8238 5.09427 -18.2657
2.73446 5.14278 -20.3161
2.64429 5.18972 -20.3161
2.55332 5.23508 -22.437
2.46156 5.27884 -22.437
2.36906 5.321 -24.5948
2.27584 5.36153 -24.5948
2.18192 5.40044 -26.7505
2.08733 5.43769 -26.7505
1.99212 5.47329 -28.8588
1.89629 5.50723 -28.8588
1.79989 5.53948 -30.8681
1.70294 5.57005 -30.8681
1.60547 5.59892 -32.7211
1.50751 5.62609 -32.7211
1.40909 5.65154 -34.3565
1.31024 5.67527 -34.3565
1.21099 5.69728 -35.7125
1.11138 5.71754 -35.7125
1.01142 5.73607 -36.731
0.911162 5.75285 -36.731
0.810622 5.76787 -37.3611
0.709835 5.78114 -37.3611
0.608832 5.79265 -37.5609
0.507644 5.80239 -37.5609
0.406301 5.81037 -37.2973
0.304834 5.81657 -37.2973
0.203274 5.82101 -36.5444
0.101653 5.82367 -36.5444
3.56651e-16 5.82456 -35.2826
-0.101653 5.82367 -35.2826
-0.203274 5.82101 -35.2826
-0.304834 5.81657 -33.4972
-0.406301 5.81037 -33.4972
-0.507644 5.80239 -31.1807
-0.608832 5.79265 -31.1807
-0.709835 5.78114 -28.3348
-0.810622 5.76787 -28.3348
-0.911162 5.75285 -24.9743
-1.01142 5.73607 -24.9743
-1.11138 5.71754 -21.1306
-1.21099 5.69728 -21.1306
-1.31024 5.67527 -16.8524
-1.40909 5.65154 -16.8524
-1.50751 5.62609 -12.204
-1.60547 5.59892 -12.204
-1.70294 5.57005 -7.26091
-1.79989 5.53948 -7.26091
-1.89629 5.50723 -2.10452
-1.99212 5.47329 -2.10452
-2.08733 5.43769 3.18225
-2.18192 5.40044 3.18225
-2.27584 5.36153 8.51736
-2.36906 5.321 8.51736
-2.46156 5.27884 13.8203
-2.55332 5.23508 13.8203
-2.64429 5.18972 19.0124
-2.73446 5.14278 19.0124
-2.8238 5.09427 24.0171
-2.91228 5.04421 24.0171
-2.99987 4.99262 24.0171
-3.08655 4.9395 28.7627
-3.17228 4.88488 28.7627
-3.25705 4.82878 33.1869
-3.34083 4.7712 33.1869
-3.42359 4.71217 37.2418
-3.50531 4.6517 37.2418
-3.58596 4.58981 40.8975
-3.66551 4.52653 40.8975
-3.74395 4.46187 44.1421
-3.82125 4.39585 44.1421
-3.89739 4.32849 46.9794
-3.97234 4.25981 46.9794
-4.04608 4.18984 49.4252
-4.11858 4.11858 49.4252
-4.18984 4.04608 51.5035
-4.25981 3.97234 51.5035
-4.32849 3.89739 53.2428
-4.39585 3.82125 53.2428
-4.46187 3.74395 54.6748
-4.52653 3.66551 54.6748
-4.58981 3.58596 55.8333
-4.6517 3.50531 55.8333
-4.71217 3.42359 56.7539
-4.7712 3.34083 56.7539
-4.82878 3.25705 57.4737
-4.88488 3.17228 57.4737
-4.9395 3.08655 58.0302
-4.99262 2.99987 58.0302
-5.04421 2.91228 58.459
-5.09427 2.8238 58.459
-5.14278 2.73446 58.459
-5.18972 2.64429 58.7915
-5.23508 2.55332 58.7915
-5.27884 2.46156 59.0519
-5.321 2.36906 59.0519
-5.36153 2.27584 59.2543
-5.40044 2.18192 59.2543
-5.43769 2.08733 59.4017
-5.47329 1.99212 59.4017
-5.50723 1.89629 59.4852
-5.53948 1.79989 59.4852
-5.57005 1.70294 59.4841
-5.59892 1.60547 59.4841
-5.62609 1.50751 59.3674
-5.65154 1.40909 59.3674
-5.67527 1.31024 59.0969
-5.69728 1.21099 59.0969
-5.71754 1.11138 58.6296
-5.73607 1.01142 58.6296
-5.75285 0.911162 57.922
-5.76787 0.810622 57.922
-5.78114 0.709835 56.9318
-5.79265 0.608832 56.9318
-5.80239 0.507644 55.62
-5.81037 0.406301 55.62
-5.81657 0.304834 53.9507
-5.82101 0.203274 53.9507
-5.82367 0.101653 51.891
-5.82456 7.13303e-16 51.891
-5.82367 -0.101653 51.891
-5.82101 -0.203274 49.411
-5.81657 -0.304834 49.411
-5.81037 -0.406301 46.4858
-5.80239 -0.507644 46.4858
-5.79265 -0.608832 43.0984
-5.78114 -0.709835 43.0984
-5.76787 -0.810622 39.2441
-5.75285 -0.911162 39.2441
-5.73607 -1.01142 34.934
-5.71754 -1.11138 34.934
-5.69728 -1.21099 30.1982
-5.67527 -1.31024 30.1982
-5.65154 -1.40909 25.0854
-5.62609 -1.50751 25.0854
-5.59892 -1.60547 19.6605
-5.57005 -1.70294 19.6605
-5.53948 -1.79989 13.9984
-5.50723 -1.89629 13.9984
-5.47329 -1.99212 8.17954
-5.43769 -2.08733 8.17954
-5.40044 -2.18192 2.28601
-5.36153 -2.27584 2.28601
-5.321 -2.36906 -3.60023
-5.27884 -2.46156 -3.60023
-5.23508 -2.55332 -9.39764
-5.18972 -2.64429 -9.39764
-5.14278 -2.73446 -15.0258
-5.09427 -2.8238 -15.0258
-5.04421 -2.91228 -15.0258
-4.99262 -2.99987 -20.4075
-4.9395 -3.08655 -20.4075
-4.88488 -3.17228 -25.4725
-4.82878 -3.25705 -25.4725
-4.7712 -3.34083 -30.1625
-4.71217 -3.42359 -30.1625
-4.6517 -3.50531 -34.4362
-4.58981 -3.58596 -34.4362
-4.52653 -3.66551 -38.2712
-4.46187 -3.74395 -38.2712
-4.39585 -3.82125 -41.6632
-4.32849 -3.89739 -41.6632
-4.25981 -3.97234 -44.623
-4.18984 -4.04608 -44.623
-4.11858 -4.11858 -47.1722
-4.04608 -4.18984 -47.1722
-3.97234 -4.25981 -49.3395
-3.89739 -4.32849 -49.3395
-3.82125 -4.39585 -51.1575
-3.74395 -4.46187 -51.1575
-3.66551 -4.52653 -52.6616
-3.58596 -4.58981 -52.6616
-3.50531 -4.6517 -53.8891
-3.42359 -4.71217 -53.8891
-3.34083 -4.7712 -54.8792
-3.25705 -4.82878 -54.8792
-3.17228 -4.88488 -55.6722
-3.08655 -4.9395 -55.6722
-2.99987 -4.99262 -56.3078
-2.91228 -5.04421 -56.3078
-2.8238 -5.09427 -56.3078
-2.73446 -5.14278 -56.8229
-2.64429 -5.18972 -56.8229
-2.55332 -5.23508 -57.2483
-2.46156 -5.27884 -57.2483
-2.36906 -5.321 -57.605
-2.27584 -5.36153 -57.605
-2.18192 -5.40044 -57.9031
-2.08733 -5.43769 -57.9031
-1.99212 -5.47329 -58.1403
-1.89629 -5.50723 -58.1403
-1.79989 -5.53948 -58.302
-1.70294 -5.57005 -58.302
-1.60547 -5.59892 -58.3624
-1.50751 -5.62609 -58.3624
-1.40909 -5.65154 -58.2865
-1.31024 -5.67527 -58.2865
-1.21099 -5.69728 -58.0327
-1.11138 -5.71754 -58.0327
-1.01142 -5.73607 -57.5573
-0.911162 -5.75285 -57.5573
-0.810622 -5.76787 -56.8164
-0.709835 -5.78114 -56.8164
-0.608832 -5.79265 -55.769
-0.507644 -5.80239 -55.769
-0.406301 -5.81037 -54.3772
-0.304834 -5.81657 -54.3772
-0.203274 -5.82101 -52.6061
-0.101653 -5.82367 -52.6061
-1.06995e-15 -5.82456 -52.6061
0.101653 -5.82367 -50.4245
0.203274 -5.82101 -50.4245
0.304834 -5.81657 -47.805
0.406301 -5.81037 -47.805
0.507644 -5.80239 -44.7272
0.608832 -5.79265 -44.7272
0.709835 -5.78114 -41.1806
0.810622 -5.76787 -41.1806
0.911162 -5.75285 -37.1695
1.01142 -5.73607 -37.1695
1.11138 -5.71754 -32.7161
1.21099 -5.69728 -32.7161
1.31024 -5.67527 -27.8619
1.40909 -5.65154 -27.8619
1.50751 -5.62609 -22.6666
1.60547 -5.59892 -22.6666
1.70294 -5.57005 -17.2032
1.79989 -5.53948 -17.2032
1.89629 -5.50723 -11.5533
1.99212 -5.47329 -11.5533
2.08733 -5.43769 -5.80259
2.18192 -5.40044 -5.80259
2.27584 -5.36153 -0.038837
2.36906 -5.321 -0.038837
2.46156 -5.27884 5.64881
2.55332 -5.23508 5.64881
2.64429 -5.18972 11.1699
2.73446 -5.14278 11.1699
2.8238 -5.09427 16.4335
2.91228 -5.04421 16.4335
2.99987 -4.99262 16.4335
3.08655 -4.9395 21.3513
3.17228 -4.88488 21.3513
3.25705 -4.82878 25.843
3.34083 -4.7712 25.843
3.42359 -4.71217 29.8432
3.50531 -4.6517 29.8432
3.58596 -4.58981 33.3051
3.66551 -4.52653 33.3051
3.74395 -4.46187 36.2011
3.82125 -4.39585 36.2011
3.89739 -4.32849 38.5206
3.97234 -4.25981 38.5206
4.04608 -4.18984 40.266
4.11858 -4.11858 40.266
4.18984 -4.04608 41.4484
4.25981 -3.97234 41.4484
4.32849 -3.89739 42.0856
4.39585 -3.82125 42.0856
4.46187 -3.74395 42.2007
4.52653 -3.66551 42.2007
4.58981 -3.58596 41.8237
4.6517 -3.50531 41.8237
4.71217 -3.42359 40.9928
4.7712 -3.34083 40.9928
4.82878 -3.25705 39.7557
4.88488 -3.17228 39.7557
4.9395 -3.08655 38.1696
4.99262 -2.99987 38.1696
5.04421 -2.91228 38.1696
5.09427 -2.8238 36.2983
5.14278 -2.73446 36.2983
5.18972 -2.64429 34.2088
5.23508 -2.55332 34.2088
5.27884 -2.46156 31.9664
5.321 -2.36906 31.9664
5.36153 -2.27584 29.6319
5.40044 -2.18192 29.6319
5.43769 -2.08733 27.2596
5.47329 -1.99212 27.2596
5.50723 -1.89629 24.8973
5.53948 -1.79989 24.8973
5.57005 -1.70294 22.5866
5.59892 -1.60547 22.5866
5.62609 -1.50751 20.3629
5.65154 -1.40909 20.3629
5.67527 -1.31024 18.2555
5.69728 -1.21099 18.2555
5.71754 -1.11138 16.2866
5.73607 -1.01142 16.2866
5.75285 -0.911162 14.4703
5.76787 -0.810622 14.4703
5.78114 -0.709835 12.8127
5.79265 -0.608832 12.8127
5.80239 -0.507644 11.3123
5.81037 -0.406301 11.3123
5.81657 -0.304834 9.9616
5.82101 -0.203274 9.9616
5.82367 -0.101653 8.95401

5.90435 0 8.43965
5.90345 0.103045 7.38183
5.90075 0.206059 7.38183
5.89625 0.30901 6.43828
5.88996 0.411866 6.43828
5.88188 0.514598 5.59232
5.872 0.617172 5.59232
5.86034 0.719559 4.8285
5.84689 0.821726 4.8285
5.83165 0.923643 4.13265
5.81465 1.02528 4.13265
5.79587 1.1266 3.49188
5.77532 1.22758 3.49188
5.75302 1.32819 2.89453
5.72896 1.42839 2.89453
5.70316 1.52816 2.33018
5.67562 1.62746 2.33018
5.64635 1.72626 1.7896
5.61537 1.82454 1.7896
5.58267 1.92227 1.26475
5.54827 2.01941 1.26475
5.51218 2.11593 0.748544
5.47441 2.21181 0.748544
5.43498 2.30701 0.23457
5.39389 2.40151 0.23457
5.35115 2.49528 -0.283264
5.30679 2.58829 -0.283264
5.26081 2.68052 -0.811137
5.21323 2.77192 -0.811137
5.16406 2.86248 -1.35569
5.11331 2.95217 -1.35569
5.06101 3.04096 -1.92432
5.00717 3.12883 -1.92432
4.9518 3.21574 -2.52544
4.89492 3.30167 -2.52544
4.83656 3.38659 -3.16862
4.77672 3.47049 -3.16862
4.71542 3.55332 -3.86466
4.65269 3.63508 -3.86466
4.58854 3.71573 -4.6257
4.52299 3.79524 -4.6257
4.45607 3.8736 -5.46524
4.38778 3.95078 -5.46524
4.31817 4.02675 -6.39807
4.24723 4.1015 -6.39807
4.175 4.175 -7.44002
4.1015 4.24723 -7.44002
4.02675 4.31817 -8.60738
3.95078 4.38778 -8.60738
3.8736 4.45607 -9.91574
3.79524 4.52299 -9.91574
3.71573 4.58854 -11.3784
3.63508 4.65269 -11.3784
3.55332 4.71542 -13.0042
3.47049 4.77672 -13.0042
3.38659 4.83656 -14.7953
3.30167 4.89492 -14.7953
3.21574 4.9518 -16.7456
3.12883 5.00717 -16.7456
3.04096 5.06101 -18.8407
2.95217 5.11331 -18.8407
2.86248 5.16406 -21.0584
2.77192 5.21323 -21.0584
2.68052 5.26081 -23.3709
2.58829 5.30679 -23.3709
2.49528 5.35115 -25.7452
2.40151 5.39389 -25.7452
2.30701 5.43498 -28.1435
2.21181 5.47441 -28.1435
2.11593 5.51218 -30.5216
2.01941 5.54827 -30.5216
1.92227 5.58267 -32.8277
1.82454 5.61537 -32.8277
1.72626 5.64635 -35.0023
1.62746 5.67562 -35.0023
1.52816 5.70316 -36.9788
1.42839 5.72896 -36.9788
1.32819 5.75302 -38.6882
1.22758 5.77532 -38.6882
1.1266 5.79587 -40.0642
1.02528 5.81465 -40.0642
0.923643 5.83165 -41.0484
0.821726 5.84689 -41.0484
0.719559 5.86034 -41.5942
0.617172 5.872 -41.5942
0.514598 5.88188 -41.666
0.411866 5.88996 -41.666
0.30901 5.89625 -41.2366
0.206059 5.90075 -41.2366
0.103045 5.90345 -40.2845
3.61537e-16 5.90435 -40.2845
-0.103045 5.90345 -38.7909
-0.206059 5.90075 -38.7909
-0.30901 5.89625 -36.74
-0.411866 5.88996 -36.74
-0.514598 5.88188 -34.1217
-0.617172 5.872 -34.1217
-0.719559 5.86034 -30.9364
-0.821726 5.84689 -30.9364
-0.923643 5.83165 -27.2003
-1.02528 5.81465 -27.2003
-1.1266 5.79587 -22.9507
-1.22758 5.77532 -22.9507
-1.32819 5.75302 -18.2457
-1.42839 5.72896 -18.2457
-1.52816 5.70316 -13.1615
-1.62746 5.67562 -13.1615
-1.72626 5.64635 -7.78403
-1.82454 5.61537 -7.78403
-1.92227 5.58267 -2.20253
-2.01941 5.54827 -2.20253
-2.11593 5.51218 3.49583
-2.21181 5.47441 3.49583
-2.30701 5.43498 9.22716
-2.40151 5.39389 9.22716
-2.49528 5.35115 14.9098
-2.58829 5.30679 14.9098
-2.68052 5.26081 20.4627
-2.77192 5.21323 20.4627
-2.86248 5.16406 25.8046
-2.95217 5.11331 25.8046
-3.04096 5.06101 30.8568
-3.12883 5.00717 30.8568
-3.21574 4.9518 35.549
-3.30167 4.89492 35.549
-3.38659 4.83656 39.8277
-3.47049 4.77672 39.8277
-3.55332 4.71542 43.661
-3.63508 4.65269 43.661
-3.71573 4.58854 47.0393
-3.79524 4.52299 47.0393
-3.8736 4.45607 49.9717
-3.95078 4.38778 49.9717
-4.02675 4.31817 52.4805
-4.1015 4.24723 52.4805
-4.175 4.175 54.5957
-4.24723 4.1015 54.5957
-4.31817 4.02675 56.351
-4.38778 3.95078 56.351
-4.45607 3.8736 57.7814
-4.52299 3.79524 57.7814
-4.58854 3.71573 58.9231
-4.65269 3.63508 58.9231
-4.71542 3.55332 59.8137
-4.77672 3.47049 59.8137
-4.83656 3.38659 60.4931
-4.89492 3.30167 60.4931
-4.9518 3.21574 61.0034
-5.00717 3.12883 61.0034
-5.06101 3.04096 61.387
-5.11331 2.95217 61.387
-5.16406 2.86248 61.6842
-5.21323 2.77192 61.6842
-5.26081 2.68052 61.9288
-5.30679 2.58829 61.9288
-5.35115 2.49528 62.1451
-5.39389 2.40151 62.1451
-5.43498 2.30701 62.3455
-5.47441 2.21181 62.3455
-5.51218 2.11593 62.5288
-5.54827 2.01941 62.5288
-5.58267 1.92227 62.6805
-5.61537 1.82454 62.6805
-5.64635 1.72626 62.7724
-5.67562 1.62746 62.7724
-5.70316 1.52816 62.7657
-5.72896 1.42839 62.7657
-5.75302 1.32819 62.6135
-5.77532 1.22758 62.6135
-5.79587 1.1266 62.2658
-5.81465 1.02528 62.2658
-5.83165 0.923643 61.6736
-5.84689 0.821726 61.6736
-5.86034 0.719559 60.7915
-5.872 0.617172 60.7915
-5.88188 0.514598 59.5784
-5.88996 0.411866 59.5784
-5.89625 0.30901 57.9967
-5.90075 0.206059 57.9967
-5.90345 0.103045 56.0109
-5.90435 7.23074e-16 56.0109
-5.90345 -0.103045 56.0109
-5.90075 -0.206059 53.5864
-5.89625 -0.30901 53.5864
-5.88996 -0.411866 50.6914
-5.88188 -0.514598 50.6914
-5.872 -0.617172 47.3003
-5.86034 -0.719559 47.3003
-5.84689 -0.821726 43.3989
-5.83165 -0.923643 43.3989
-5.81465 -1.02528 38.9904
-5.79587 -1.1266 38.9904
-5.77532 -1.22758 34.1006
-5.75302 -1.32819 34.1006
-5.72896 -1.42839 28.7789
-5.70316 -1.52816 28.7789
-5.67562 -1.62746 23.0945
-5.64635 -1.72626 23.0945
-5.61537 -1.82454 17.1295
-5.58267 -1.92227 17.1295
-5.54827 -2.01941 10.9708
-5.51218 -2.11593 10.9708
-5.47441 -2.21181 4.70488
-5.43498 -2.30701 4.70488
-5.39389 -2.40151 -1.58344
-5.35115 -2.49528 -1.58344
-5.30679 -2.58829 -7.81039
-5.26081 -2.68052 -7.81039
-5.21323 -2.77192 -13.8916
-5.16406 -2.86248 -13.8916
-5.11331 -2.95217 -19.7421
-5.06101 -3.04096 -19.7421
-5.00717 -3.12883 -25.2797
-4.9518 -3.21574 -25.2797
-4.89492 -3.30167 -30.4311
-4.83656 -3.38659 -30.4311
-4.77672 -3.47049 -35.1398
-4.71542 -3.55332 -35.1398
-4.65269 -3.63508 -39.371
-4.58854 -3.71573 -39.371
-4.52299 -3.79524 -43.1136
-4.45607 -3.8736 -43.1136
-4.38778 -3.95078 -46.3762
-4.31817 -4.02675 -46.3762
-4.24723 -4.1015 -49.1823
-4.175 -4.175 -49.1823
-4.1015 -4.24723 -51.5639
-4.02675 -4.31817 -51.5639
-3.95078 -4.38778 -53.5571
-3.8736 -4.45607 -53.5571
-3.79524 -4.52299 -55.1998
-3.71573 -4.58854 -55.1998
-3.63508 -4.65269 -56.5308
-3.55332 -4.71542 -56.5308
-3.47049 -4.77672 -57.5906
-3.38659 -4.83656 -57.5906
-3.30167 -4.89492 -58.4218
-3.21574 -4.9518 -58.4218
-3.12883 -5.00717 -59.0694
-3.04096 -5.06101 -59.0694
-2.95217 -5.11331 -59.5792
-2.86248 -5.16406 -59.5792
-2.77192 -5.21323 -59.9946
-2.68052 -5.26081 -59.9946
-2.58829 -5.30679 -60.3522
-2.49528 -5.35115 -60.3522
-2.40151 -5.39389 -60.6781
-2.30701 -5.43498 -60.6781
-2.21181 -5.47441 -60.9857
-2.11593 -5.51218 -60.9857
-2.01941 -5.54827 -61.2746
-1.92227 -5.58267 -61.2746
-1.82454 -5.61537 -61.5303
-1.72626 -5.64635 -61.5303
-1.62746 -5.67562 -61.7248
-1.52816 -5.70316 -61.7248
-1.42839 -5.72896 -61.8188
-1.32819 -5.75302 -61.8188
-1.22758 -5.77532 -61.7653
-1.1266 -5.79587 -61.7653
-1.02528 -5.81465 -61.5134
-0.923643 -5.83165 -61.5134
-0.821726 -5.84689 -61.0135
-0.719559 -5.86034 -61.0135
-0.617172 -5.872 -60.2194
-0.514598 -5.88188 -60.2194
-0.411866 -5.88996 -59.0894
-0.30901 -5.89625 -59.0894
-0.206059 -5.90075 -57.5851
-0.103045 -5.90345 -57.5851
-1.08461e-15 -5.90435 -55.6705
0.103045 -5.90345 -55.6705
0.206059 -5.90075 -53.3112
0.30901 -5.89625 -53.3112
0.411866 -5.88996 -50.4756
0.514598 -5.88188 -50.4756
0.617172 -5.872 -47.1388
0.719559 -5.86034 -47.1388
0.821726 -5.84689 -43.2876
0.923643 -5.83165 -43.2876
1.02528 -5.81465 -38.9268
1.1266 -5.79587 -38.9268
1.22758 -5.77532 -34.0839
1.32819 -5.75302 -34.0839
1.42839 -5.72896 -28.81
1.52816 -5.70316 -28.81
1.62746 -5.67562 -23.176
1.72626 -5.64635 -23.176
1.82454 -5.61537 -17.2659
1.92227 -5.58267 -17.2659
2.01941 -5.54827 -11.1688
2.11593 -5.51218 -11.1688
2.21181 -5.47441 -4.97492
2.30701 -5.43498 -4.97492
2.40151 -5.39389 1.22599
2.49528 -5.35115 1.22599
2.58829 -5.30679 7.34309
2.68052 -5.26081 7.34309
2.77192 -5.21323 13.2826
2.86248 -5.16406 13.2826
2.95217 -5.11331 18.9475
3.04096 -5.06101 18.9475
3.12883 -5.00717 24.2403
3.21574 -4.9518 24.2403
3.30167 -4.89492 29.0708
3.38659 -4.83656 29.0708
3.47049 -4.77672 33.3659
3.55332 -4.71542 33.3659
3.63508 -4.65269 37.0754
3.71573 -4.58854 37.0754
3.79524 -4.52299 40.1734
3.8736 -4.45607 40.1734
3.95078 -4.38778 42.6536
4.02675 -4.31817 42.6536
4.1015 -4.24723 44.524
4.175 -4.175 44.524
4.24723 -4.1015 45.7998
4.31817 -4.02675 45.7998
4.38778 -3.95078 46.5004
4.45607 -3.8736 46.5004
4.52299 -3.79524 46.6476
4.58854 -3.71573 46.6476
4.65269 -3.63508 46.2678
4.71542 -3.55332 46.2678
4.77672 -3.47049 45.3944
4.83656 -3.38659 45.3944
4.89492 -3.30167 44.0718
4.9518 -3.21574 44.0718
5.00717 -3.12883 42.3566
5.06101 -3.04096 42.3566
5.11331 -2.95217 40.3164
5.16406 -2.86248 40.3164
5.21323 -2.77192 38.0248
5.26081 -2.68052 38.0248
5.30679 -2.58829 35.5555
5.35115 -2.49528 35.5555
5.39389 -2.40151 32.9767
5.43498 -2.30701 32.9767
5.47441 -2.21181 30.349
5.51218 -2.11593 30.349
5.54827 -2.01941 27.7246
5.58267 -1.92227 27.7246
5.61537 -1.82454 25.1483
5.64635 -1.72626 25.1483
5.67562 -1.62746 22.6593
5.70316 -1.52816 22.6593
5.72896 -1.42839 20.2914
5.75302 -1.32819 20.2914
5.77532 -1.22758 18.0729
5.79587 -1.1266 18.0729
5.81465 -1.02528 16.0242
5.83165 -0.923643 16.0242
5.84689 -0.821726 14.1572
5.86034 -0.719559 14.1572
5.872 -0.617172 12.4741
5.88188 -0.514598 12.4741
5.88996 -0.411866 10.9689
5.89625 -0.30901 10.9689
5.90075 -0.206059 9.62944
5.90345 -0.103045 9.62944

5.98413 0 8.43965
5.98322 0.104438 7.38183
5.98049 0.208843 7.38183
5.97593 0.313185 6.43828
5.96956 0.417432 6.43828
5.96136 0.521552 5.59232
5.95135 0.625512 5.59232
5.93953 0.729283 4.8285
5.9259 0.832831 4.8285
5.91046 0.936125 4.13265
5.89322 1.03913 4.13265
5.87419 1.14183 3.49188
5.85337 1.24417 3.49188
5.83076 1.34614 2.89453
5.80638 1.44769 2.89453
5.78023 1.54881 2.33018
5.75232 1.64945 2.33018
5.72266 1.74959 1.7896
5.69125 1.8492 1.7896
5.65811 1.94824 1.26475
5.62325 2.04669 1.26475
5.58667 2.14452 0.748544
5.54839 2.2417 0.748544
5.50842 2.33819 0.23457
5.46678 2.43397 0.23457
5.42347 2.529 -0.283264
5.3785 2.62327 -0.283264
5.3319 2.71674 -0.811137
5.28368 2.80938 -0.811137
5.23384 2.90117 -1.35569
5.18241 2.99207 -1.35569
5.1294 3.08206 -1.92432
5.07483 3.17111 -1.92432
5.01872 3.25919 -2.52544
4.96107 3.34629 -2.52544
4.90192 3.43236 -3.16862
4.84127 3.51739 -3.16862
4.77914 3.60134 -3.86466
4.71556 3.6842 -3.86466
4.65055 3.76594 -4.6257
4.58411 3.84653 -4.6257
4.51628 3.92595 -5.46524
4.44708 4.00417 -5.46524
4.37652 4.08117 -6.39807
4.30463 4.15693 -6.39807
4.23142 4.23142 -7.44002
4.15693 4.30463 -7.44002
4.08117 4.37652 -8.60738
4.00417 4.44708 -8.60738
3.92595 4.51628 -9.91574
3.84653 4.58411 -9.91574
3.76594 4.65055 -11.3784
3.6842 4.71556 -11.3784
3.60134 4.77914 -13.0042
3.51739 4.84127 -13.0042
3.43236 4.90192 -14.7953
3.34629 4.96107 -14.7953
3.25919 5.01872 -16.7456
3.17111 5.07483 -16.7456
3.08206 5.1294 -18.8407
2.99207 5.18241 -18.8407
2.90117 5.23384 -21.0584
2.80938 5.28368 -21.0584
2.71674 5.3319 -23.3709
2.62327 5.3785 -23.3709
2.529 5.42347 -25.7452
2.43397 5.46678 -25.7452
2.33819 5.50842 -28.1435
2.2417 5.54839 -28.1435
2.14452 5.58667 -30.5216
2.04669 5.62325 -30.5216
1.94824 5.65811 -32.8277
1.8492 5.69125 -32.8277
1.74959 5.72266 -35.0023
1.64945 5.75232 -35.0023
1.54881 5.78023 -36.9788
1.44769 5.80638 -36.9788
1.34614 5.83076 -38.6882
1.24417 5.85337 -38.6882
1.14183 5.87419 -40.0642
1.03913 5.89322 -40.0642
0.936125 5.91046 -41.0484
0.832831 5.9259 -41.0484
0.729283 5.93953 -41.5942
0.625512 5.95135 -41.5942
0.521552 5.96136 -41.666
0.417432 5.96956 -41.666
0.313185 5.97593 -41.2366
0.208843 5.98049 -41.2366
0.104438 5.98322 -40.2845
3.66423e-16 5.98413 -40.2845
-0.104438 5.98322 -38.7909
-0.208843 5.98049 -38.7909
-0.313185 5.97593 -36.74
-0.417432 5.96956 -36.74
-0.521552 5.96136 -34.1217
-0.625512 5.95135 -34.1217
-0.729283 5.93953 -30.9364
-0.832831 5.9259 -30.9364
-0.936125 5.91046 -27.2003
-1.03913 5.89322 -27.2003
-1.14183 5.87419 -22.9507
-1.24417 5.85337 -22.9507
-1.34614 5.83076 -18.2457
-1.44769 5.80638 -18.2457
-1.54881 5.78023 -13.1615
-1.64945 5.75232 -13.1615
-1.74959 5.72266 -7.78403
-1.8492 5.69125 -7.78403
-1.94824 5.65811 -2.20253
-2.04669 5.62325 -2.20253
-2.14452 5.58667 3.49583
-2.2417 5.54839 3.49583
-2.33819 5.50842 9.22716
-2.43397 5.46678 9.22716
-2.529 5.42347 14.9098
-2.62327 5.3785 14.9098
-2.71674 5.3319 20.4627
-2.80938 5.28368 20.4627
-2.90117 5.23384 25.8046
-2.99207 5.18241 25.8046
-3.08206 5.1294 30.8568
-3.17111 5.07483 30.8568
-3.25919 5.01872 35.549
-3.34629 4.96107 35.549
-3.43236 4.90192 39.8277
-3.51739 4.84127 39.8277
-3.60134 4.77914 43.661
-3.6842 4.71556 43.661
-3.76594 4.65055 47.0393
-3.84653 4.58411 47.0393
-3.92595 4.51628 49.9717
-4.00417 4.44708 49.9717
-4.08117 4.37652 52.4805
-4.15693 4.30463 52.4805
-4.23142 4.23142 54.5957
-4.30463 4.15693 54.5957
-4.37652 4.08117 56.351
-4.44708 4.00417 56.351
-4.51628 3.92595 57.7814
-4.58411 3.84653 57.7814
-4.65055 3.76594 58.9231
-4.71556 3.6842 58.9231
-4.77914 3.60134 59.8137
-4.84127 3.51739 59.8137
-4.90192 3.43236 60.4931
-4.96107 3.34629 60.4931
-5.01872 3.25919 61.0034
-5.07483 3.17111 61.0034
-5.1294 3.08206 61.387
-5.18241 2.99207 61.387
-5.23384 2.90117 61.6842
-5.28368 2.80938 61.6842
-5.3319 2.71674 61.9288
-5.3785 2.62327 61.9288
-5.42347 2.529 62.1451
-5.46678 2.43397 62.1451
-5.50842 2.33819 62.3455
-5.54839 2.2417 62.3455
-5.58667 2.14452 62.5288
-5.62325 2.04669 62.5288
-5.65811 1.94824 62.6805
-5.69125 1.8492 62.6805
-5.72266 1.74959 62.7724
-5.75232 1.64945 62.7724
-5.78023 1.54881 62.7657
-5.80638 1.44769 62.7657
-5.83076 1.34614 62.6135
-5.85337 1.24417 62.6135
-5.87419 1.14183 62.2658
-5.89322 1.03913 62.2658
-5.91046 0.936125 61.6736
-5.9259 0.832831 61.6736
-5.93953 0.729283 60.7915
-5.95135 0.625512 60.7915
-5.96136 0.521552 59.5784
-5.96956 0.417432 59.5784
-5.97593 0.313185 57.9967
-5.98049 0.208843 57.9967
-5.98322 0.104438 56.0109
-5.98413 7.32845e-16 56.0109
-5.98322 -0.104438 56.0109
-5.98049 -0.208843 53.5864
-5.97593 -0.313185 53.5864
-5.96956 -0.417432 50.6914
-5.96136 -0.521552 50.6914
-5.95135 -0.625512 47.3003
-5.93953 -0.729283 47.3003
-5.9259 -0.832831 43.3989
-5.91046 -0.936125 43.3989
-5.89322 -1.03913 38.9904
-5.87419 -1.14183 38.9904
-5.85337 -1.24417 34.1006
-5.83076 -1.34614 34.1006
-5.80638 -1.44769 28.7789
-5.78023 -1.54881 28.7789
-5.75232 -1.64945 23.0945
-5.72266 -1.74959 23.0945
-5.69125 -1.8492 17.1295
-5.65811 -1.94824 17.1295
-5.62325 -2.04669 10.9708
-5.58667 -2.14452 10.9708
-5.54839 -2.2417 4.70488
-5.50842 -2.33819 4.70488
-5.46678 -2.43397 -1.58344
-5.42347 -2.529 -1.58344
-5.3785 -2.62327 -7.81039
-5.3319 -2.71674 -7.81039
-5.28368 -2.80938 -13.8916
-5.23384 -2.90117 -13.8916
-5.18241 -2.99207 -19.7421
-5.1294 -3.08206 -19.7421
-5.07483 -3.17111 -25.2797
-5.01872 -3.25919 -25.2797
-4.96107 -3.34629 -30.4311
-4.90192 -3.43236 -30.4311
-4.84127 -3.51739 -35.1398
-4.77914 -3.60134 -35.1398
-4.71556 -3.6842 -39.371
-4.65055 -3.76594 -39.371
-4.58411 -3.84653 -43.1136
-4.51628 -3.92595 -43.1136
-4.44708 -4.00417 -46.3762
-4.37652 -4.08117 -46.3762
-4.30463 -4.15693 -49.1823
-4.23142 -4.23142 -49.1823
-4.15693 -4.30463 -51.5639
-4.08117 -4.37652 -51.5639
-4.00417 -4.44708 -53.5571
-3.92595 -4.51628 -53.5571
-3.84653 -4.58411 -55.1998
-3.76594 -4.65055 -55.1998
-3.6842 -4.71556 -56.5308
-3.60134 -4.77914 -56.5308
-3.51739 -4.84127 -57.5906
-3.43236 -4.90192 -57.5906
-3.34629 -4.96107 -58.4218
-3.25919 -5.01872 -58.4218
-3.17111 -5.07483 -59.0694
-3.08206 -5.1294 -59.0694
-2.99207 -5.18241 -59.5792
-2.90117 -5.23384 -59.5792
-2.80938 -5.28368 -59.9946
-2.71674 -5.3319 -59.9946
-2.62327 -5.3785 -60.3522
-2.529 -5.42347 -60.3522
-2.43397 -5.46678 -60.6781
-2.33819 -5.50842 -60.6781
-2.2417 -5.54839 -60.9857
-2.14452 -5.58667 -60.9857
-2.04669 -5.62325 -61.2746
-1.94824 -5.65811 -61.2746
-1.8492 -5.69125 -61.5303
-1.74959 -5.72266 -61.5303
-1.64945 -5.75232 -61.7248
-1.54881 -5.78023 -61.7248
-1.44769 -5.80638 -61.8188
-1.34614 -5.83076 -61.8188
-1.24417 -5.85337 -61.7653
-1.14183 -5.87419 -61.7653
-1.03913 -5.89322 -61.5134
-0.936125 -5.91046 -61.5134
-0.832831 -5.9259 -61.0135
-0.729283 -5.93953 -61.0135
-0.625512 -5.95135 -60.2194
-0.521552 -5.96136 -60.2194
-0.417432 -5.96956 -59.0894
-0.313185 -5.97593 -59.0894
-0.208843 -5.98049 -57.5851
-0.104438 -5.98322 -57.5851
-1.09927e-15 -5.98413 -55.6705
0.104438 -5.98322 -55.6705
0.208843 -5.98049 -53.3112
0.313185 -5.97593 -53.3112
0.417432 -5.96956 -50.4756
0.521552 -5.96136 -50.4756
0.625512 -5.95135 -47.1388
0.729283 -5.93953 -47.1388
0.832831 -5.9259 -43.2876
0.936125 -5.91046 -43.2876
1.03913 -5.89322 -38.9268
1.14183 -5.87419 -38.9268
1.24417 -5.85337 -34.0839
1.34614 -5.83076 -34.0839
1.44769 -5.80638 -28.81
1.54881 -5.78023 -28.81
1.64945 -5.75232 -23.176
1.74959 -5.72266 -23.176
1.8492 -5.69125 -17.2659
1.94824 -5.65811 -17.2659
2.04669 -5.62325 -11.1688
2.14452 -5.58667 -11.1688
2.2417 -5.54839 -4.97492
2.33819 -5.50842 -4.97492
2.43397 -5.46678 1.22599
2.529 -5.42347 1.22599
2.62327 -5.3785 7.34309
2.71674 -5.3319 7.34309
2.80938 -5.28368 13.2826
2.90117 -5.23384 13.2826
2.99207 -5.18241 18.9475
3.08206 -5.1294 18.9475
3.17111 -5.07483 24.2403
3.25919 -5.01872 24.2403
3.34629 -4.96107 29.0708
3.43236 -4.90192 29.0708
3.51739 -4.84127 33.3659
3.60134 -4.77914 33.3659
3.6842 -4.71556 37.0754
3.76594 -4.65055 37.0754
3.84653 -4.58411 40.1734
3.92595 -4.51628 40.1734
4.00417 -4.44708 42.6536
4.08117 -4.37652 42.6536
4.15693 -4.30463 44.524
4.23142 -4.23142 44.524
4.30463 -4.15693 45.7998
4.37652 -4.08117 45.7998
4.44708 -4.00417 46.5004
4.51628 -3.92595 46.5004
4.58411 -3.84653 46.6476
4.65055 -3.76594 46.6476
4.71556 -3.6842 46.2678
4.77914 -3.60134 46.2678
4.84127 -3.51739 45.3944
4.90192 -3.43236 45.3944
4.96107 -3.34629 44.0718
5.01872 -3.25919 44.0718
5.07483 -3.17111 42.3566
5.1294 -3.08206 42.3566
5.18241 -2.99207 40.3164
5.23384 -2.90117 40.3164
5.28368 -2.80938 38.0248
5.3319 -2.71674 38.0248
5.3785 -2.62327 35.5555
5.42347 -2.529 35.5555
5.46678 -2.43397 32.9767
5.50842 -2.33819 32.9767
5.54839 -2.2417 30.349
5.58667 -2.14452 30.349
5.62325 -2.04669 27.7246
5.65811 -1.94824 27.7246
5.69125 -1.8492 25.1483
5.72266 -1.74959 25.1483
5.75232 -1.64945 22.6593
5.78023 -1.54881 22.6593
5.80638 -1.44769 20.2914
5.83076 -1.34614 20.2914
5.85337 -1.24417 18.0729
5.87419 -1.14183 18.0729
5.89322 -1.03913 16.0242
5.91046 -0.936125 16.0242
5.9259 -0.832831 14.1572
5.93953 -0.729283 14.1572
5.95135 -0.625512 12.4741
5.96136 -0.521552 12.4741
5.96956 -0.417432 10.9689
5.97593 -0.313185 10.9689
5.98049 -0.208843 9.62944
5.98322 -0.104438 9.62944

6.06392 0 8.43965
6.063 0.10583 7.38183
6.06023 0.211628 7.38183
6.05561 0.317361 6.43828
6.04915 0.422998 6.43828
6.04085 0.528506 5.59232
6.0307 0.633853 5.59232
6.01872 0.739006 4.8285
6.00491 0.843935 4.8285
5.98927 0.948606 4.13265
5.9718 1.05299 4.13265
5.95251 1.15705 3.49188
5.93141 1.26076 3.49188
5.9085 1.36409 2.89453
5.8838 1.467 2.89453
5.8573 1.56946 2.33018
5.82902 1.67144 2.33018
5.79896 1.77292 1.7896
5.76713 1.87386 1.7896
5.73355 1.97422 1.26475
5.69822 2.07398 1.26475
5.66116 2.17312 0.748544
5.62237 2.27159 0.748544
5.58187 2.36936 0.23457
5.53967 2.46642 0.23457
5.49578 2.56272 -0.283264
5.45022 2.65825 -0.283264
5.40299 2.75296 -0.811137
5.35413 2.84684 -0.811137
5.30363 2.93985 -1.35569
5.25151 3.03196 -1.35569
5.1978 3.12315 -1.92432
5.1425 3.21339 -1.92432
5.08563 3.30265 -2.52544
5.02722 3.3909 -2.52544
4.96727 3.47812 -3.16862
4.90582 3.56428 -3.16862
4.84286 3.64936 -3.86466
4.77844 3.73332 -3.86466
4.71255 3.81615 -4.6257
4.64523 3.89781 -4.6257
4.5765 3.97829 -5.46524
4.50637 4.05756 -5.46524
4.43487 4.13559 -6.39807
4.36202 4.21235 -6.39807
4.28784 4.28784 -7.44002
4.21235 4.36202 -7.44002
4.13559 4.43487 -8.60738
4.05756 4.50637 -8.60738
3.97829 4.5765 -9.91574
3.89781 4.64523 -9.91574
3.81615 4.71255 -11.3784
3.73332 4.77844 -11.3784
3.64936 4.84286 -13.0042
3.56428 4.90582 -13.0042
3.47812 4.96727 -14.7953
3.3909 5.02722 -14.7953
3.30265 5.08563 -16.7456
3.21339 5.1425 -16.7456
3.12315 5.1978 -18.8407
3.03196 5.25151 -18.8407
2.93985 5.30363 -21.0584
2.84684 5.35413 -21.0584
2.75296 5.40299 -23.3709
2.65825 5.45022 -23.3709
2.56272 5.49578 -25.7452
2.46642 5.53967 -25.7452
2.36936 5.58187 -28.1435
2.27159 5.62237 -28.1435
2.17312 5.66116 -30.5216
2.07398 5.69822 -30.5216
1.97422 5.73355 -32.8277
1.87386 5.76713 -32.8277
1.77292 5.79896 -35.0023
1.67144 5.82902 -35.0023
1.56946 5.8573 -36.9788
1.467 5.8838 -36.9788
1.36409 5.9085 -38.6882
1.26076 5.93141 -38.6882
1.15705 5.95251 -40.0642
1.05299 5.9718 -40.0642
0.948606 5.98927 -41.0484
0.843935 6.00491 -41.0484
0.739006 6.01872 -41.5942
0.633853 6.0307 -41.5942
0.528506 6.04085 -41.666
0.422998 6.04915 -41.666
0.317361 6.05561 -41.2366
0.211628 6.06023 -41.2366
0.10583 6.063 -40.2845
3.71308e-16 6.06392 -40.2845
-0.10583 6.063 -38.7909
-0.211628 6.06023 -38.7909
-0.317361 6.05561 -36.74
-0.422998 6.04915 -36.74
-0.528506 6.04085 -34.1217
-0.633853 6.0307 -34.1217
-0.739006 6.01872 -30.9364
-0.843935 6.00491 -30.9364
-0.948606 5.98927 -27.2003
-1.05299 5.9718 -27.2003
-1.15705 5.95251 -22.9507
-1.26076 5.93141 -22.9507
-1.36409 5.9085 -18.2457
-1.467 5.8838 -18.2457
-1.56946 5.8573 -13.1615
-1.67144 5.82902 -13.1615
-1.77292 5.79896 -7.78403
-1.87386 5.76713 -7.78403
-1.97422 5.73355 -2.20253
-2.07398 5.69822 -2.20253
-2.17312 5.66116 3.49583
-2.27159 5.62237 3.49583
-2.36936 5.58187 9.22716
-2.46642 5.53967 9.22716
-2.56272 5.49578 14.9098
-2.65825 5.45022 14.9098
-2.75296 5.40299 20.4627
-2.84684 5.35413 20.4627
-2.93985 5.30363 25.8046
-3.03196 5.25151 25.8046
-3.12315 5.1978 30.8568
-3.21339 5.1425 30.8568
-3.30265 5.08563 35.549
-3.3909 5.02722 35.549
-3.47812 4.96727 39.8277
-3.56428 4.90582 39.8277
-3.64936 4.84286 43.661
-3.73332 4.77844 43.661
-3.81615 4.71255 47.0393
-3.89781 4.64523 47.0393
-3.97829 4.5765 49.9717
-4.05756 4.50637 49.9717
-4.13559 4.43487 52.4805
-4.21235 4.36202 52.4805
-4.28784 4.28784 54.5957
-4.36202 4.21235 54.5957
-4.43487 4.13559 56.351
-4.50637 4.05756 56.351
-4.5765 3.97829 57.7814
-4.64523 3.89781 57.7814
-4.71255 3.81615 58.9231
-4.77844 3.73332 58.9231
-4.84286 3.64936 59.8137
-4.90582 3.56428 59.8137
-4.96727 3.47812 60.4931
-5.02722 3.3909 60.4931
-5.08563 3.30265 61.0034
-5.1425 3.21339 61.0034
-5.1978 3.12315 61.387
-5.25151 3.03196 61.387
-5.30363 2.93985 61.6842
-5.35413 2.84684 61.6842
-5.40299 2.75296 61.9288
-5.45022 2.65825 61.9288
-5.49578 2.56272 62.1451
-5.53967 2.46642 62.1451
-5.58187 2.36936 62.3455
-5.62237 2.27159 62.3455
-5.66116 2.17312 62.5288
-5.69822 2.07398 62.5288
-5.73355 1.97422 62.6805
-5.76713 1.87386 62.6805
-5.79896 1.77292 62.7724
-5.82902 1.67144 62.7724
-5.8573 1.56946 62.7657
-5.8838 1.467 62.7657
-5.9085 1.36409 62.6135
-5.93141 1.26076 62.6135
-5.95251 1.15705 62.2658
-5.9718 1.05299 62.2658
-5.98927 0.948606 61.6736
-6.00491 0.843935 61.6736
-6.01872 0.739006 60.7915
-6.0307 0.633853 60.7915
-6.04085 0.528506 59.5784
-6.04915 0.422998 59.5784
-6.05561 0.317361 57.9967
-6.06023 0.211628 57.9967
-6.063 0.10583 56.0109
-6.06392 7.42616e-16 56.0109
-6.063 -0.10583 56.0109
-6.06023 -0.211628 53.5864
-6.05561 -0.317361 53.5864
-6.04915 -0.422998 50.6914
-6.04085 -0.528506 50.6914
-6.0307 -0.633853 47.3003
-6.01872 -0.739006 47.3003
-6.00491 -0.843935 43.3989
-5.98927 -0.948606 43.3989
-5.9718 -1.05299 38.9904
-5.95251 -1.15705 38.9904
-5.93141 -1.26076 34.1006
-5.9085 -1.36409 34.1006
-5.8838 -1.467 28.7789
-5.8573 -1.56946 28.7789
-5.82902 -1.67144 23.0945
-5.79896 -1.77292 23.0945
-5.76713 -1.87386 17.1295
-5.73355 -1.97422 17.1295
-5.69822 -2.07398 10.9708
-5.66116 -2.17312 10.9708
-5.62237 -2.27159 4.70488
-5.58187 -2.36936 4.70488
-5.53967 -2.46642 -1.58344
-5.49578 -2.56272 -1.58344
-5.45022 -2.65825 -7.81039
-5.40299 -2.75296 -7.81039
-5.35413 -2.84684 -13.8916
-5.30363 -2.93985 -13.8916
-5.25151 -3.03196 -19.7421
-5.1978 -3.12315 -19.7421
-5.1425 -3.21339 -25.2797
-5.08563 -3.30265 -25.2797
-5.02722 -3.3909 -30.4311
-4.96727 -3.47812 -30.4311
-4.90582 -3.56428 -35.1398
-4.84286 -3.64936 -35.1398
-4.77844 -3.73332 -39.371
-4.71255 -3.81615 -39.371
-4.64523 -3.89781 -43.1136
-4.5765 -3.97829 -43.1136
-4.50637 -4.05756 -46.3762
-4.43487 -4.13559 -46.3762
-4.36202 -4.21235 -49.1823
-4.28784 -4.28784 -49.1823
-4.21235 -4.36202 -51.5639
-4.13559 -4.43487 -51.5639
-4.05756 -4.50637 -53.5571
-3.97829 -4.5765 -53.5571
-3.89781 -4.64523 -55.1998
-3.81615 -4.71255 -55.1998
-3.73332 -4.77844 -56.5308
-3.64936 -4.84286 -56.5308
-3.56428 -4.90582 -57.5906
-3.47812 -4.96727 -57.5906
-3.3909 -5.02722 -58.4218
-3.30265 -5.08563 -58.4218
-3.21339 -5.1425 -59.0694
-3.12315 -5.1978 -59.0694
-3.03196 -5.25151 -59.5792
-2.93985 -5.30363 -59.5792
-2.84684 -5.35413 -59.9946
-2.75296 -5.40299 -59.9946
-2.65825 -5.45022 -60.3522
-2.56272 -5.49578 -60.3522
-2.46642 -5.53967 -60.6781
-2.36936 -5.58187 -60.6781
-2.27159 -5.62237 -60.9857
-2.17312 -5.66116 -60.9857
-2.07398 -5.69822 -61.2746
-1.97422 -5.73355 -61.2746
-1.87386 -5.76713 -61.5303
-1.77292 -5.79896 -61.5303
-1.67144 -5.82902 -61.7248
-1.56946 -5.8573 -61.7248
-1.467 -5.8838 -61.8188
-1.36409 -5.9085 -61.8188
-1.26076 -5.93141 -61.7653
-1.15705 -5.95251 -61.7653
-1.05299 -5.9718 -61.5134
-0.948606 -5.98927 -61.5134
-0.843935 -6.00491 -61.0135
-0.739006 -6.01872 -61.0135
-0.633853 -6.0307 -60.2194
-0.528506 -6.04085 -60.2194
-0.422998 -6.04915 -59.0894
-0.317361 -6.05561 -59.0894
-0.211628 -6.06023 -57.5851
-0.10583 -6.063 -57.5851
-1.11392e-15 -6.06392 -55.6705
0.10583 -6.063 -55.6705
0.211628 -6.06023 -53.3112
0.317361 -6.05561 -53.3112
0.422998 -6.04915 -50.4756
0.528506 -6.04085 -50.4756
0.633853 -6.0307 -47.1388
0.739006 -6.01872 -47.1388
0.843935 -6.00491 -43.2876
0.948606 -5.98927 -43.2876
1.05299 -5.9718 -38.9268
1.15705 -5.95251 -38.9268
1.26076 -5.93141 -34.0839
1.36409 -5.9085 -34.0839
1.467 -5.8838 -28.81
1.56946 -5.8573 -28.81
1.67144 -5.82902 -23.176
1.77292 -5.79896 -23.176
1.87386 -5.76713 -17.2659
1.97422 -5.73355 -17.2659
2.07398 -5.69822 -11.1688
2.17312 -5.66116 -11.1688
2.27159 -5.62237 -4.97492
2.36936 -5.58187 -4.97492
2.46642 -5.53967 1.22599
2.56272 -5.49578 1.22599
2.65825 -5.45022 7.34309
2.75296 -5.40299 7.34309
2.84684 -5.35413 13.2826
2.93985 -5.30363 13.2826
3.03196 -5.25151 18.9475
3.12315 -5.1978 18.9475
3.21339 -5.1425 24.2403
3.30265 -5.08563 24.2403
3.3909 -5.02722 29.0708
3.47812 -4.96727 29.0708
3.56428 -4.90582 33.3659
3.64936 -4.84286 33.3659
3.73332 -4.77844 37.0754
3.81615 -4.71255 37.0754
3.89781 -4.64523 40.1734
3.97829 -4.5765 40.1734
4.05756 -4.50637 42.6536
4.13559 -4.43487 42.6536
4.21235 -4.36202 44.524
4.28784 -4.28784 44.524
4.36202 -4.21235 45.7998
4.43487 -4.13559 45.7998
4.50637 -4.05756 46.5004
4.5765 -3.97829 46.5004
4.64523 -3.89781 46.6476
4.71255 -3.81615 46.6476
4.77844 -3.73332 46.2678
4.84286 -3.64936 46.2678
4.90582 -3.56428 45.3944
4.96727 -3.47812 45.3944
5.02722 -3.3909 44.0718
5.08563 -3.30265 44.0718
5.1425 -3.21339 42.3566
5.1978 -3.12315 42.3566
5.25151 -3.03196 40.3164
5.30363 -2.93985 40.3164
5.35413 -2.84684 38.0248
5.40299 -2.75296 38.0248
5.45022 -2.65825 35.5555
5.49578 -2.56272 35.5555
5.53967 -2.46642 32.9767
5.58187 -2.36936 32.9767
5.62237 -2.27159 30.349
5.66116 -2.17312 30.349
5.69822 -2.07398 27.7246
5.73355 -1.97422 27.7246
5.76713 -1.87386 25.1483
5.79896 -1.77292 25.1483
5.82902 -1.67144 22.6593
5.8573 -1.56946 22.6593
5.8838 -1.467 20.2914
5.9085 -1.36409 20.2914
5.93141 -1.26076 18.0729
5.95251 -1.15705 18.0729
5.9718 -1.05299 16.0242
5.98927 -0.948606 16.0242
6.00491 -0.843935 14.1572
6.01872 -0.739006 14.1572
6.0307 -0.633853 12.4741
6.04085 -0.528506 12.4741
6.04915 -0.422998 10.9689
6.05561 -0.317361 10.9689
6.06023 -0.211628 9.62944
6.063 -0.10583 9.62944

6.14371 0 8.02198
6.14278 0.107223 7.00823
6.13997 0.214412 7.00823
6.13529 0.321537 6.11238
6.12875 0.428564 6.11238
6.12033 0.53546 5.31601
6.11006 0.642193 5.31601
6.09792 0.74873 4.60261
6.08392 0.855039 4.60261
6.06807 0.961088 3.9574
6.05037 1.06684 3.9574
6.03083 1.17228 3.36712
6.00946 1.27735 3.36712
5.98625 1.38203 2.81985
5.96122 1.4863 2.81985
5.93437 1.59011 2.30501
5.90571 1.69344 2.30501
5.87526 1.79625 1.81339
5.84302 1.89851 1.81339
5.80899 2.0002 1.33717
5.7732 2.10127 1.33717
5.73565 2.20171 0.869768
5.69635 2.30147 0.869768
5.65532 2.40054 0.405577
5.61256 2.49887 0.405577
5.56809 2.59644 -0.0604979
5.52193 2.69323 -0.0604979
5.47409 2.78919 -0.533494
5.42457 2.8843 -0.533494
5.37341 2.97853 -1.01884
5.32061 3.07186 -1.52276
5.26619 3.16425 -1.52276
5.21016 3.25567 -2.05254
5.15255 3.3461 -2.05254
5.09337 3.43552 -2.61674
5.03263 3.52389 -2.61674
4.97037 3.61118 -3.22528
4.90659 3.69738 -3.22528
4.84131 3.78245 -3.88953
4.77456 3.86636 -3.88953
4.70636 3.9491 -4.62246
4.63672 4.03064 -4.62246
4.56567 4.11095 -5.43882
4.49323 4.19 -5.43882
4.41942 4.26778 -6.35517
4.34426 4.34426 -6.35517
4.26778 4.41942 -7.38983
4.19 4.49323 -7.38983
4.11095 4.56567 -8.5623
4.03064 4.63672 -8.5623
3.9491 4.70636 -9.89206
3.86636 4.77456 -9.89206
3.78245 4.84131 -11.3966
3.69738 4.90659 -11.3966
3.61118 4.97037 -13.0886
3.52389 5.03263 -13.0886
3.43552 5.09337 -14.9728
3.3461 5.15255 -14.9728
3.25567 5.21016 -17.0439
3.16425 5.26619 -17.0439
3.07186 5.32061 -19.2864
2.97853 5.37341 -21.6765
2.8843 5.42457 -21.6765
2.78919 5.47409 -24.1857
2.69323 5.52193 -24.1857
2.59644 5.56809 -26.7821
2.49887 5.61256 -26.7821
2.40054 5.65532 -29.4299
2.30147 5.69635 -29.4299
2.20171 5.73565 -32.0877
2.10127 5.7732 -32.0877
2.0002 5.80899 -34.7055
1.89851 5.84302 -34.7055
1.79625 5.87526 -37.2223
1.69344 5.90571 -37.2223
1.59011 5.93437 -39.5667
1.4863 5.96122 -39.5667
1.38203 5.98625 -41.6605
1.27735 6.00946 -41.6605
1.17228 6.03083 -43.4259
1.06684 6.05037 -43.4259
0.961088 6.06807 -44.7946
0.855039 6.08392 -44.7946
0.74873 6.09792 -45.7133
0.642193 6.11006 -45.7133
0.53546 6.12033 -46.1448
0.428564 6.12875 -46.1448
0.321537 6.13529 -46.0632
0.214412 6.13997 -46.0632
0.107223 6.14278 -45.4484
3.76194e-16 6.14371 -44.2815
-0.107223 6.14278 -44.2815
-0.214412 6.13997 -42.5416
-0.321537 6.13529 -42.5416
-0.428564 6.12875 -40.2082
-0.53546 6.12033 -40.2082
-0.642193 6.11006 -37.2651
-0.74873 6.09792 -37.2651
-0.855039 6.08392 -33.7089
-0.961088 6.06807 -33.7089
-1.06684 6.05037 -29.5574
-1.17228 6.03083 -29.5574
-1.27735 6.00946 -24.8565
-1.38203 5.98625 -24.8565
-1.4863 5.96122 -19.6789
-1.59011 5.93437 -19.6789
-1.69344 5.90571 -14.1165
-1.79625 5.87526 -14.1165
-1.89851 5.84302 -8.26861
-2.0002 5.80899 -8.26861
-2.10127 5.7732 -2.2321
-2.20171 5.73565 -2.2321
-2.30147 5.69635 3.90362
-2.40054 5.65532 3.90362
-2.49887 5.61256 10.0556
-2.59644 5.56809 10.0556
-2.69323 5.52193 16.1436
-2.78919 5.47409 16.1436
-2.8843 5.42457 22.0853
-2.97853 5.37341 22.0853
-3.07186 5.32061 27.7941
-3.16425 5.26619 33.181
-3.25567 5.21016 33.181
-3.3461 5.15255 38.1641
-3.43552 5.09337 38.1641
-3.52389 5.03263 42.6804
-3.61118 4.97037 42.6804
-3.69738 4.90659 46.695
-3.78245 4.84131 46.695
-3.86636 4.77456 50.2017
-3.9491 4.70636 50.2017
-4.03064 4.63672 53.2174
-4.11095 4.56567 53.2174
-4.19 4.49323 55.7736
-4.26778 4.41942 55.7736
-4.34426 4.34426 57.9089
-4.41942 4.26778 57.9089
-4.49323 4.19 59.663
-4.56567 4.11095 59.663
-4.63672 4.03064 61.0748
-4.70636 3.9491 61.0748
-4.77456 3.86636 62.1821
-4.84131 3.78245 62.1821
-4.90659 3.69738 63.023
-4.97037 3.61118 63.023
-5.03263 3.52389 63.638
-5.09337 3.43552 63.638
-5.15255 3.3461 64.0721
-5.21016 3.25567 64.0721
-5.26619 3.16425 64.3736
-5.32061 3.07186 64.5919
-5.37341 2.97853 64.5919
-5.42457 2.8843 64.7718
-5.47409 2.78919 64.7718
-5.52193 2.69323 64.9496
-5.56809 2.59644 64.9496
-5.61256 2.49887 65.1487
-5.65532 2.40054 65.1487
-5.69635 2.30147 65.3786
-5.73565 2.20171 65.3786
-5.7732 2.10127 65.6328
-5.80899 2.0002 65.6328
-5.84302 1.89851 65.8895
-5.87526 1.79625 65.8895
-5.90571 1.69344 66.112
-5.93437 1.59011 66.112
-5.96122 1.4863 66.2511
-5.98625 1.38203 66.2511
-6.00946 1.27735 66.2498
-6.03083 1.17228 66.2498
-6.05037 1.06684 66.0499
-6.06807 0.961088 66.0499
-6.08392 0.855039 65.5971
-6.09792 0.74873 65.5971
-6.11006 0.642193 64.8442
-6.12033 0.53546 64.8442
-6.12875 0.428564 63.7503
-6.13529 0.321537 63.7503
-6.13997 0.214412 62.2778
-6.14278 0.107223 62.2778
-6.14371 7.52388e-16 60.3896
-6.14278 -0.107223 58.0469
-6.13997 -0.214412 58.0469
-6.13529 -0.321537 55.2099
-6.12875 -0.428564 55.2099
-6.12033 -0.53546 51.8422
-6.11006 -0.642193 51.8422
-6.09792 -0.74873 47.9168
-6.08392 -0.855039 47.9168
-6.06807 -0.961088 43.4254
-6.05037 -1.06684 43.4254
-6.03083 -1.17228 38.3865
-6.00946 -1.27735 38.3865
-5.98625 -1.38203 32.8496
-5.96122 -1.4863 32.8496
-5.93437 -1.59011 26.8914
-5.90571 -1.69344 26.8914
-5.87526 -1.79625 20.6046
-5.84302 -1.89851 20.6046
-5.80899 -2.0002 14.0863
-5.7732 -2.10127 14.0863
-5.73565 -2.20171 7.42938
-5.69635 -2.30147 7.42938
-5.65532 -2.40054 0.720468
-5.61256 -2.49887 0.720468
-5.56809 -2.59644 -5.95711
-5.52193 -2.69323 -5.95711
-5.47409 -2.78919 -12.5189
-5.42457 -2.8843 -12.5189
-5.37341 -2.97853 -18.8756
-5.32061 -3.07186 -18.8756
-5.26619 -3.16425 -24.9342
-5.21016 -3.25567 -30.6037
-5.15255 -3.3461 -30.6037
-5.09337 -3.43552 -35.8065
-5.03263 -3.52389 -35.8065
-4.97037 -3.61118 -40.4892
-4.90659 -3.69738 -40.4892
-4.84131 -3.78245 -44.6286
-4.77456 -3.86636 -44.6286
-4.70636 -3.9491 -48.2295
-4.63672 -4.03064 -48.2295
-4.56567 -4.11095 -51.3175
-4.49323 -4.19 -51.3175
-4.41942 -4.26778 -53.9306
-4.34426 -4.34426 -53.9306
-4.26778 -4.41942 -56.1112
-4.19 -4.49323 -56.1112
-4.11095 -4.56567 -57.902
-4.03064 -4.63672 -57.902
-3.9491 -4.70636 -59.3443
-3.86636 -4.77456 -59.3443
-3.78245 -4.84131 -60.4784
-3.69738 -4.90659 -60.4784
-3.61118 -4.97037 -61.3462
-3.52389 -5.03263 -61.3462
-3.43552 -5.09337 -61.9932
-3.3461 -5.15255 -61.9932
-3.25567 -5.21016 -62.4694
-3.16425 -5.26619 -62.4694
-3.07186 -5.32061 -62.8278
-2.97853 -5.37341 -63.1197
-2.8843 -5.42457 -63.1197
-2.78919 -5.47409 -63.3894
-2.69323 -5.52193 -63.3894
-2.59644 -5.56809 -63.6687
-2.49887 -5.61256 -63.6687
-2.40054 -5.65532 -63.9752
-2.30147 -5.69635 -63.9752
-2.20171 -5.73565 -64.3108
-2.10127 -5.7732 -64.3108
-2.0002 -5.80899 -64.6616
-1.89851 -5.84302 -64.6616
-1.79625 -5.87526 -64.9977
-1.69344 -5.90571 -64.9977
-1.59011 -5.93437 -65.2755
-1.4863 -5.96122 -65.2755
-1.38203 -5.98625 -65.4406
-1.27735 -6.00946 -65.4406
-1.17228 -6.03083 -65.4336
-1.06684 -6.05037 -65.4336
-0.961088 -6.06807 -65.1969
-0.855039 -6.08392 -65.1969
-0.74873 -6.09792 -64.6786
-0.642193 -6.11006 -64.6786
-0.53546 -6.12033 -63.8338
-0.428564 -6.12875 -63.8338
-0.321537 -6.13529 -62.6228
-0.214412 -6.13997 -62.6228
-0.107223 -6.14278 -61.0078
-1.12858e-15 -6.14371 -61.0078
0.107223 -6.14278 -58.9506
0.214412 -6.13997 -56.4113
0.321537 -6.13529 -56.4113
0.428564 -6.12875 -53.3514
0.53546 -6.12033 -53.3514
0.642193 -6.11006 -49.7385
0.74873 -6.09792 -49.7385
0.855039 -6.08392 -45.5551
0.961088 -6.06807 -45.5551
1.06684 -6.05037 -40.8069
1.17228 -6.03083 -40.8069
1.27735 -6.00946 -35.53
1.38203 -5.98625 -35.53
1.4863 -5.96122 -29.7899
1.59011 -5.93437 -29.7899
1.69344 -5.90571 -23.6738
1.79625 -5.87526 -23.6738
1.89851 -5.84302 -17.2785
2.0002 -5.80899 -17.2785
2.10127 -5.7732 -10.7012
2.20171 -5.73565 -10.7012
2.30147 -5.69635 -4.03407
2.40054 -5.65532 -4.03407
2.49887 -5.61256 2.63404
2.59644 -5.56809 2.63404
2.69323 -5.52193 9.21328
2.78919 -5.47409 9.21328
2.8843 -5.42457 15.6078
2.97853 -5.37341 15.6078
3.07186 -5.32061 21.7134
3.16425 -5.26619 27.4201
3.25567 -5.21016 27.4201
3.3461 -5.15255 32.6229
3.43552 -5.09337 32.6229
3.52389 -5.03263 37.237
3.61118 -4.97037 37.237
3.69738 -4.90659 41.2078
3.78245 -4.84131 41.2078
3.86636 -4.77456 44.5124
3.9491 -4.70636 44.5124
4.03064 -4.63672 47.1529
4.11095 -4.56567 47.1529
4.19 -4.49323 49.146
4.26778 -4.41942 49.146
4.34426 -4.34426 50.5146
4.41942 -4.26778 50.5146
4.49323 -4.19 51.2816
4.56567 -4.11095 51.2816
4.63672 -4.03064 51.468
4.70636 -3.9491 51.468
4.77456 -3.86636 51.0951
4.84131 -3.78245 51.0951
4.90659 -3.69738 50.1886
4.97037 -3.61118 50.1886
5.03263 -3.52389 48.7855
5.09337 -3.43552 48.7855
5.15255 -3.3461 46.9388
5.21016 -3.25567 46.9388
5.26619 -3.16425 44.7181
5.32061 -3.07186 44.7181
5.37341 -2.97853 42.205
5.42457 -2.8843 39.4841
5.47409 -2.78919 39.4841
5.52193 -2.69323 36.6348
5.56809 -2.59644 36.6348
5.61256 -2.49887 33.7257
5.65532 -2.40054 33.7257
5.69635 -2.30147 30.8142
5.73565 -2.20171 30.8142
5.7732 -2.10127 27.9476
5.80899 -2.0002 27.9476
5.84302 -1.89851 25.1669
5.87526 -1.79625 25.1669
5.90571 -1.69344 22.5087
5.93437 -1.59011 22.5087
5.96122 -1.4863 20.0062
5.98625 -1.38203 20.0062
6.00946 -1.27735 17.6874
6.03083 -1.17228 17.6874
6.05037 -1.06684 15.5724
6.06807 -0.961088 15.5724
6.08392 -0.855039 13.6703
6.09792 -0.74873 13.6703
6.11006 -0.642193 11.9787
6.12033 -0.53546 11.9787
6.12875 -0.428564 10.486
6.13529 -0.321537 10.486
6.13997 -0.214412 9.17403
6.14278 -0.107223 9.17403

6.2235 0 8.02198
6.22255 0.108615 7.00823
6.21971 0.217197 7.00823
6.21497 0.325713 6.11238
6.20834 0.434129 6.11238
6.19982 0.542414 5.31601
6.18941 0.650533 5.31601
6.17711 0.758454 4.60261
6.16293 0.866144 4.60261
6.14688 0.97357 3.9574
6.12895 1.0807 3.9574
6.10916 1.1875 3.36712
6.0875 1.29394 3.36712
6.06399 1.39998 2.81985
6.03864 1.5056 2.81985
6.01144 1.61076 2.30501
5.98241 1.71543 2.30501
5.95156 1.81958 1.81339
5.9189 1.92317 1.81339
5.88443 2.02617 1.33717
5.84818 2.12856 1.33717
5.81014 2.2303 0.869768
5.77033 2.33136 0.869768
5.72876 2.43172 0.405577
5.68545 2.53133 0.405577
5.64041 2.63016 -0.0604979
5.59364 2.7282 -0.0604979
5.54518 2.82541 -0.533494
5.49502 2.92176 -0.533494
5.4432 3.01721 -1.01884
5.38971 3.11175 -1.52276
5.33458 3.20534 -1.52276
5.27783 3.29795 -2.05254
5.21947 3.38956 -2.05254
5.15951 3.48014 -2.61674
5.09799 3.56965 -2.61674
5.03492 3.65808 -3.22528
4.97031 3.7454 -3.22528
4.90418 3.83157 -3.88953
4.83657 3.91658 -3.88953
4.76748 4.00039 -4.62246
4.69693 4.08298 -4.62246
4.62496 4.16433 -5.43882
4.55158 4.24442 -5.43882
4.47681 4.32321 -6.35517
4.40068 4.40068 -6.35517
4.32321 4.47681 -7.38983
4.24442 4.55158 -7.38983
4.16433 4.62496 -8.5623
4.08298 4.69693 -8.5623
4.00039 4.76748 -9.89206
3.91658 4.83657 -9.89206
3.83157 4.90418 -11.3966
3.7454 4.97031 -11.3966
3.65808 5.03492 -13.0886
3.56965 5.09799 -13.0886
3.48014 5.15951 -14.9728
3.38956 5.21947 -14.9728
3.29795 5.27783 -17.0439
3.20534 5.33458 -17.0439
3.11175 5.38971 -19.2864
3.01721 5.4432 -21.6765
2.92176 5.49502 -21.6765
2.82541 5.54518 -24.1857
2.7282 5.59364 -24.1857
2.63016 5.64041 -26.7821
2.53133 5.68545 -26.7821
2.43172 5.72876 -29.4299
2.33136 5.77033 -29.4299
2.2303 5.81014 -32.0877
2.12856 5.84818 -32.0877
2.02617 5.88443 -34.7055
1.92317 5.9189 -34.7055
1.81958 5.95156 -37.2223
1.71543 5.98241 -37.2223
1.61076 6.01144 -39.5667
1.5056 6.03864 -39.5667
1.39998 6.06399 -41.6605
1.29394 6.0875 -41.6605
1.1875 6.10916 -43.4259
1.0807 6.12895 -43.4259
0.97357 6.14688 -44.7946
0.866144 6.16293 -44.7946
0.758454 6.17711 -45.7133
0.650533 6.18941 -45.7133
0.542414 6.19982 -46.1448
0.434129 6.20834 -46.1448
0.325713 6.21497 -46.0632
0.217197 6.21971 -46.0632
0.108615 6.22255 -45.4484
3.81079e-16 6.2235 -44.2815
-0.108615 6.22255 -44.2815
-0.217197 6.21971 -42.5416
-0.325713 6.21497 -42.5416
-0.434129 6.20834 -40.2082
-0.542414 6.19982 -40.2082
-0.650533 6.18941 -37.2651
-0.758454 6.17711 -37.2651
-0.866144 6.16293 -33.7089
-0.97357 6.14688 -33.7089
-1.0807 6.12895 -29.5574
-1.1875 6.10916 -29.5574
-1.29394 6.0875 -24.8565
-1.39998 6.06399 -24.8565
-1.5056 6.03864 -19.6789
-1.61076 6.01144 -19.6789
-1.71543 5.98241 -14.1165
-1.81958 5.95156 -14.1165
-1.92317 5.9189 -8.26861
-2.02617 5.88443 -8.26861
-2.12856 5.84818 -2.2321
-2.2303 5.81014 -2.2321
-2.33136 5.77033 3.90362
-2.43172 5.72876 3.90362
-2.53133 5.68545 10.0556
-2.63016 5.64041 10.0556
-2.7282 5.59364 16.1436
-2.82541 5.54518 16.1436
-2.92176 5.49502 22.0853
-3.01721 5.4432 22.0853
-3.11175 5.38971 27.7941
-3.20534 5.33458 33.181
-3.29795 5.27783 33.181
-3.38956 5.21947 38.1641
-3.48014 5.15951 38.1641
-3.56965 5.09799 42.6804
-3.65808 5.03492 42.6804
-3.7454 4.97031 46.695
-3.83157 4.90418 46.695
-3.91658 4.83657 50.2017
-4.00039 4.76748 50.2017
-4.08298 4.69693 53.2174
-4.16433 4.62496 53.2174
-4.24442 4.55158 55.7736
-4.32321 4.47681 55.7736
-4.40068 4.40068 57.9089
-4.47681 4.32321 57.9089
-4.55158 4.24442 59.663
-4.62496 4.16433 59.663
-4.69693 4.08298 61.0748
-4.76748 4.00039 61.0748
-4.83657 3.91658 62.1821
-4.90418 3.83157 62.1821
-4.97031 3.7454 63.023
-5.03492 3.65808 63.023
-5.09799 3.56965 63.638
-5.15951 3.48014 63.638
-5.21947 3.38956 64.0721
-5.27783 3.29795 64.0721
-5.33458 3.20534 64.3736
-5.38971 3.11175 64.5919
-5.4432 3.01721 64.5919
-5.49502 2.92176 64.7718
-5.54518 2.82541 64.7718
-5.59364 2.7282 64.9496
-5.64041 2.63016 64.9496
-5.68545 2.53133 65.1487
-5.72876 2.43172 65.1487
-5.77033 2.33136 65.3786
-5.81014 2.2303 65.3786
-5.84818 2.12856 65.6328
-5.88443 2.02617 65.6328
-5.9189 1.92317 65.8895
-5.95156 1.81958 65.8895
-5.98241 1.71543 66.112
-6.01144 1.61076 66.112
-6.03864 1.5056 66.2511
-6.06399 1.39998 66.2511
-6.0875 1.29394 66.2498
-6.10916 1.1875 66.2498
-6.12895 1.0807 66.0499
-6.14688 0.97357 66.0499
-6.16293 0.866144 65.5971
-6.17711 0.758454 65.5971
-6.18941 0.650533 64.8442
-6.19982 0.542414 64.8442
-6.20834 0.434129 63.7503
-6.21497 0.325713 63.7503
-6.21971 0.217197 62.2778
-6.22255 0.108615 62.2778
-6.2235 7.62159e-16 60.3896
-6.22255 -0.108615 58.0469
-6.21971 -0.217197 58.0469
-6.21497 -0.325713 55.2099
-6.20834 -0.434129 55.2099
-6.19982 -0.542414 51.8422
-6.18941 -0.650533 51.8422
-6.17711 -0.758454 47.9168
-6.16293 -0.866144 47.9168
-6.14688 -0.97357 43.4254
-6.12895 -1.0807 43.4254
-6.10916 -1.1875 38.3865
-6.0875 -1.29394 38.3865
-6.06399 -1.39998 32.8496
-6.03864 -1.5056 32.8496
-6.01144 -1.61076 26.8914
-5.98241 -1.71543 26.8914
-5.95156 -1.81958 20.6046
-5.9189 -1.92317 20.6046
-5.88443 -2.02617 14.0863
-5.84818 -2.12856 14.0863
-5.81014 -2.2303 7.42938
-5.77033 -2.33136 7.42938
-5.72876 -2.43172 0.720468
-5.68545 -2.53133 0.720468
-5.64041 -2.63016 -5.95711
-5.59364 -2.7282 -5.95711
-5.54518 -2.82541 -12.5189
-5.49502 -2.92176 -12.5189
-5.4432 -3.01721 -18.8756
-5.38971 -3.11175 -18.8756
-5.33458 -3.20534 -24.9342
-5.27783 -3.29795 -30.6037
-5.21947 -3.38956 -30.6037
-5.15951 -3.48014 -35.8065
-5.09799 -3.56965 -35.8065
-5.03492 -3.65808 -40.4892
-4.97031 -3.7454 -40.4892
-4.90418 -3.83157 -44.6286
-4.83657 -3.91658 -44.6286
-4.76748 -4.00039 -48.2295
-4.69693 -4.08298 -48.2295
-4.62496 -4.16433 -51.3175
-4.55158 -4.24442 -51.3175
-4.47681 -4.32321 -53.9306
-4.40068 -4.40068 -53.9306
-4.32321 -4.47681 -56.1112
-4.24442 -4.55158 -56.1112
-4.16433 -4.62496 -57.902
-4.08298 -4.69693 -57.902
-4.00039 -4.76748 -59.3443
-3.91658 -4.83657 -59.3443
-3.83157 -4.90418 -60.4784
-3.7454 -4.97031 -60.4784
-3.65808 -5.03492 -61.3462
-3.56965 -5.09799 -61.3462
-3.48014 -5.15951 -61.9932
-3.38956 -5.21947 -61.9932
-3.29795 -5.27783 -62.4694
-3.20534 -5.33458 -62.4694
-3.11175 -5.38971 -62.8278
-3.01721 -5.4432 -63.1197
-2.92176 -5.49502 -63.1197
-2.82541 -5.54518 -63.3894
-2.7282 -5.59364 -63.3894
-2.63016 -5.64041 -63.6687
-2.53133 -5.68545 -63.6687
-2.43172 -5.72876 -63.9752
-2.33136 -5.77033 -63.9752
-2.2303 -5.81014 -64.3108
-2.12856 -5.84818 -64.3108
-2.02617 -5.88443 -64.6616
-1.92317 -5.9189 -64.6616
-1.81958 -5.95156 -64.9977
-1.71543 -5.98241 -64.9977
-1.61076 -6.01144 -65.2755
-1.5056 -6.03864 -65.2755
-1.39998 -6.06399 -65.4406
-1.29394 -6.0875 -65.4406
-1.1875 -6.10916 -65.4336
-1.0807 -6.12895 -65.4336
-0.97357 -6.14688 -65.1969
-0.866144 -6.16293 -65.1969
-0.758454 -6.17711 -64.6786
-0.650533 -6.18941 -64.6786
-0.542414 -6.19982 -63.8338
-0.434129 -6.20834 -63.8338
-0.325713 -6.21497 -62.6228
-0.217197 -6.21971 -62.6228
-0.108615 -6.22255 -61.0078
-1.14324e-15 -6.2235 -61.0078
0.108615 -6.22255 -58.9506
0.217197 -6.21971 -56.4113
0.325713 -6.21497 -56.4113
0.434129 -6.20834 -53.3514
0.542414 -6.19982 -53.3514
0.650533 -6.18941 -49.7385
0.758454 -6.17711 -49.7385
0.866144 -6.16293 -45.5551
0.97357 -6.14688 -45.5551
1.0807 -6.12895 -40.8069
1.1875 -6.10916 -40.8069
1.29394 -6.0875 -35.53
1.39998 -6.06399 -35.53
1.5056 -6.03864 -29.7899
1.61076 -6.01144 -29.7899
1.71543 -5.98241 -23.6738
1.81958 -5.95156 -23.6738
1.92317 -5.9189 -17.2785
2.02617 -5.88443 -17.2785
2.12856 -5.84818 -10.7012
2.2303 -5.81014 -10.7012
2.33136 -5.77033 -4.03407
2.43172 -5.72876 -4.03407
2.53133 -5.68545 2.63404
2.63016 -5.64041 2.63404
2.7282 -5.59364 9.21328
2.82541 -5.54518 9.21328
2.92176 -5.49502 15.6078
3.01721 -5.4432 15.6078
3.11175 -5.38971 21.7134
3.20534 -5.33458 27.4201
3.29795 -5.27783 27.4201
3.38956 -5.21947 32.6229
3.48014 -5.15951 32.6229
3.56965 -5.09799 37.237
3.65808 -5.03492 37.237
3.7454 -4.97031 41.2078
3.83157 -4.90418 41.2078
3.91658 -4.83657 44.5124
4.00039 -4.76748 44.5124
4.08298 -4.69693 47.1529
4.16433 -4.62496 47.1529
4.24442 -4.55158 49.146
4.32321 -4.47681 49.146
4.40068 -4.40068 50.5146
4.47681 -4.32321 50.5146
4.55158 -4.24442 51.2816
4.62496 -4.16433 51.2816
4.69693 -4.08298 51.468
4.76748 -4.00039 51.468
4.83657 -3.91658 51.0951
4.90418 -3.83157 51.0951
4.97031 -3.7454 50.1886
5.03492 -3.65808 50.1886
5.09799 -3.56965 48.7855
5.15951 -3.48014 48.7855
5.21947 -3.38956 46.9388
5.27783 -3.29795 46.9388
5.33458 -3.20534 44.7181
5.38971 -3.11175 44.7181
5.4432 -3.01721 42.205
5.49502 -2.92176 39.4841
5.54518 -2.82541 39.4841
5.59364 -2.7282 36.6348
5.64041 -2.63016 36.6348
5.68545 -2.53133 33.7257
5.72876 -2.43172 33.7257
5.77033 -2.33136 30.8142
5.81014 -2.2303 30.8142
5.84818 -2.12856 27.9476
5.88443 -2.02617 27.9476
5.9189 -1.92317 25.1669
5.95156 -1.81958 25.1669
5.98241 -1.71543 22.5087
6.01144 -1.61076 22.5087
6.03864 -1.5056 20.0062
6.06399 -1.39998 20.0062
6.0875 -1.29394 17.6874
6.10916 -1.1875 17.6874
6.12895 -1.0807 15.5724
6.14688 -0.97357 15.5724
6.16293 -0.866144 13.6703
6.17711 -0.758454 13.6703
6.18941 -0.650533 11.9787
6.19982 -0.542414 11.9787
6.20834 -0.434129 10.486
6.21497 -0.325713 10.486
6.21971 -0.217197 9.17403
6.22255 -0.108615 9.17403

6.30329 0 7.4934
6.30233 0.110008 6.53802
6.29945 0.219982 6.53802
6.29465 0.329889 5.70188
6.28793 0.439695 5.70188
6.2793 0.549368 4.96512
6.26876 0.658873 4.96512
6.2563 0.768178 4.31053
6.24194 0.877248 4.31053
6.22568 0.986051 3.72309
6.20753 1.09455 3.72309
6.18748 1.20272 3.18943
6.16555 1.31053 3.18943
6.14174 1.41793 2.6975
6.11605 1.5249 2.6975
6.08851 1.63141 2.23654
6.05911 1.73742 1.79724
6.02786 1.8429 1.79724
5.99478 1.94782 1.37196
5.95988 2.05215 1.37196
5.92315 2.15585 0.954607
5.88463 2.2589 0.954607
5.84431 2.36125 0.540418
5.80221 2.46289 0.540418
5.75834 2.56378 0.12542
5.71272 2.66388 0.12542
5.66536 2.76318 -0.294098
5.61627 2.86163 -0.294098
5.56547 2.95921 -0.722141
5.51298 3.05589 -0.722141
5.45881 3.15164 -1.1635
5.40297 3.24643 -1.62412
5.34549 3.34023 -1.62412
5.28638 3.43302 -2.11133
5.22566 3.52475 -2.11133
5.16335 3.61542 -2.63392
5.09947 3.70498 -2.63392
5.03403 3.79341 -3.20216
4.96706 3.88069 -3.20216
4.89857 3.96679 -3.82792
4.8286 4.05168 -3.82792
4.75715 4.13533 -4.52491
4.68426 4.21772 -4.52491
4.60993 4.29883 -5.30906
4.53421 4.37863 -5.30906
4.4571 4.4571 -6.19884
4.37863 4.53421 -7.21534
4.29883 4.60993 -7.21534
4.21772 4.68426 -8.38193
4.13533 4.75715 -8.38193
4.05168 4.8286 -9.72305
3.96679 4.89857 -9.72305
3.88069 4.96706 -11.2617
3.79341 5.03403 -11.2617
3.70498 5.09947 -13.0159
3.61542 5.16335 -13.0159
3.52475 5.22566 -14.9935
3.43302 5.28638 -14.9935
3.34023 5.34549 -17.1893
3.24643 5.40297 -17.1893
3.15164 5.45881 -19.585
3.05589 5.51298 -22.1533
2.95921 5.56547 -22.1533
2.86163 5.61627 -24.8638
2.76318 5.66536 -24.8638
2.66388 5.71272 -27.6857
2.56378 5.75834 -27.6857
2.46289 5.80221 -30.587
2.36125 5.84431 -30.587
2.2589 5.88463 -33.5314
2.15585 5.92315 -33.5314
2.05215 5.95988 -36.4732
1.94782 5.99478 -36.4732
1.8429 6.02786 -39.3529
1.73742 6.05911 -39.3529
1.63141 6.08851 -42.0948
1.5249 6.11605 -44.6098
1.41793 6.14174 -44.6098
1.31053 6.16555 -46.8041
1.20272 6.18748 -46.8041
1.09455 6.20753 -48.5936
0.986051 6.22568 -48.5936
0.877248 6.24194 -49.9149
0.768178 6.2563 -49.9149
0.658873 6.26876 -50.7288
0.549368 6.2793 -50.7288
0.439695 6.28793 -51.0136
0.329889 6.29465 -51.0136
0.219982 6.29945 -50.7561
0.110008 6.30233 -50.7561
3.85965e-16 6.30329 -49.9423
-0.110008 6.30233 -48.552
-0.219982 6.29945 -48.552
-0.329889 6.29465 -46.5577
-0.439695 6.28793 -46.5577
-0.549368 6.2793 -43.928
-0.658873 6.26876 -43.928
-0.768178 6.2563 -40.6355
-0.877248 6.24194 -40.6355
-0.986051 6.22568 -36.6701
-1.09455 6.20753 -36.6701
-1.20272 6.18748 -32.0527
-1.31053 6.16555 -32.0527
-1.41793 6.14174 -26.8432
-1.5249 6.11605 -26.8432
-1.63141 6.08851 -21.1371
-1.73742 6.05911 -15.0489
-1.8429 6.02786 -15.0489
-1.94782 5.99478 -8.69387
-2.05215 5.95988 -8.69387
-2.15585 5.92315 -2.17472
-2.2589 5.88463 -2.17472
-2.36125 5.84431 4.42088
-2.46289 5.80221 4.42088
-2.56378 5.75834 11.0158
-2.66388 5.71272 11.0158
-2.76318 5.66536 17.5351
-2.86163 5.61627 17.5351
-2.95921 5.56547 23.8973
-3.05589 5.51298 23.8973
-3.15164 5.45881 30.0096
-3.24643 5.40297 35.7687
-3.34023 5.34549 35.7687
-3.43302 5.28638 41.0732
-3.52475 5.22566 41.0732
-3.61542 5.16335 45.8451
-3.70498 5.09947 45.8451
-3.79341 5.03403 50.0442
-3.88069 4.96706 50.0442
-3.96679 4.89857 53.6702
-4.05168 4.8286 53.6702
-4.13533 4.75715 56.752
-4.21772 4.68426 56.752
-4.29883 4.60993 59.3348
-4.37863 4.53421 59.3348
-4.4571 4.4571 61.4687
-4.53421 4.37863 63.2019
-4.60993 4.29883 63.2019
-4.68426 4.21772 64.5776
-4.75715 4.13533 64.5776
-4.8286 4.05168 65.6344
-4.89857 3.96679 65.6344
-4.96706 3.88069 66.4089
-5.03403 3.79341 66.4089
-5.09947 3.70498 66.9393
-5.16335 3.61542 66.9393
-5.22566 3.52475 67.2702
-5.28638 3.43302 67.2702
-5.34549 3.34023 67.4538
-5.40297 3.24643 67.4538
-5.45881 3.15164 67.5482
-5.51298 3.05589 67.6111
-5.56547 2.95921 67.6111
-5.61627 2.86163 67.6927
-5.66536 2.76318 67.6927
-5.71272 2.66388 67.83
-5.75834 2.56378 67.83
-5.80221 2.46289 68.0445
-5.84431 2.36125 68.0445
-5.88463 2.2589 68.3411
-5.92315 2.15585 68.3411
-5.95988 2.05215 68.7071
-5.99478 1.94782 68.7071
-6.02786 1.8429 69.1123
-6.05911 1.73742 69.1123
-6.08851 1.63141 69.5089
-6.11605 1.5249 69.8347
-6.14174 1.41793 69.8347
-6.16555 1.31053 70.0198
-6.18748 1.20272 70.0198
-6.20753 1.09455 69.9961
-6.22568 0.986051 69.9961
-6.24194 0.877248 69.7052
-6.2563 0.768178 69.7052
-6.26876 0.658873 69.1007
-6.2793 0.549368 69.1007
-6.28793 0.439695 68.1447
-6.29465 0.329889 68.1447
-6.29945 0.219982 66.8025
-6.30233 0.110008 66.8025
-6.30329 7.7193e-16 65.0374
-6.30233 -0.110008 62.8068
-6.29945 -0.219982 62.8068
-6.29465 -0.329889 60.0624
-6.28793 -0.439695 60.0624
-6.2793 -0.549368 56.754
-6.26876 -0.658873 56.754
-6.2563 -0.768178 52.8371
-6.24194 -0.877248 52.8371
-6.22568 -0.986051 48.2857
-6.20753 -1.09455 48.2857
-6.18748 -1.20272 43.1058
-6.16555 -1.31053 43.1058
-6.14174 -1.41793 37.3458
-6.11605 -1.5249 37.3458
-6.08851 -1.63141 31.0929
-6.05911 -1.73742 24.458
-6.02786 -1.8429 24.458
-5.99478 -1.94782 17.5546
-5.95988 -2.05215 17.5546
-5.92315 -2.15585 10.4854
-5.88463 -2.2589 10.4854
-5.84431 -2.36125 3.33911
-5.80221 -2.46289 3.33911
-5.75834 -2.56378 -3.80512
-5.71272 -2.66388 -3.80512
-5.66536 -2.76318 -10.8686
-5.61627 -2.86163 -10.8686
-5.56547 -2.95921 -17.7645
-5.51298 -3.05589 -17.7645
-5.45881 -3.15164 -24.3934
-5.40297 -3.24643 -30.6462
-5.34549 -3.34023 -30.6462
-5.28638 -3.43302 -36.4178
-5.22566 -3.52475 -36.4178
-5.16335 -3.61542 -41.6253
-5.09947 -3.70498 -41.6253
-5.03403 -3.79341 -46.224
-4.96706 -3.88069 -46.224
-4.89857 -3.96679 -50.2098
-4.8286 -4.05168 -50.2098
-4.75715 -4.13533 -53.6109
-4.68426 -4.21772 -53.6109
-4.60993 -4.29883 -56.4743
-4.53421 -4.37863 -56.4743
-4.4571 -4.4571 -58.8536
-4.37863 -4.53421 -60.8007
-4.29883 -4.60993 -60.8007
-4.21772 -4.68426 -62.3626
-4.13533 -4.75715 -62.3626
-4.05168 -4.8286 -63.5812
-3.96679 -4.89857 -63.5812
-3.88069 -4.96706 -64.4956
-3.79341 -5.03403 -64.4956
-3.70498 -5.09947 -65.1467
-3.61542 -5.16335 -65.1467
-3.52475 -5.22566 -65.5816
-3.43302 -5.28638 -65.5816
-3.34023 -5.34549 -65.856
-3.24643 -5.40297 -65.856
-3.15164 -5.45881 -66.0323
-3.05589 -5.51298 -66.1726
-2.95921 -5.56547 -66.1726
-2.86163 -5.61627 -66.3304
-2.76318 -5.66536 -66.3304
-2.66388 -5.71272 -66.5442
-2.56378 -5.75834 -66.5442
-2.46289 -5.80221 -66.8364
-2.36125 -5.84431 -66.8364
-2.2589 -5.88463 -67.2117
-2.15585 -5.92315 -67.2117
-2.05215 -5.95988 -67.6577
-1.94782 -5.99478 -67.6577
-1.8429 -6.02786 -68.1435
-1.73742 -6.05911 -68.1435
-1.63141 -6.08851 -68.6208
-1.5249 -6.11605 -69.0267
-1.41793 -6.14174 -69.0267
-1.31053 -6.16555 -69.2905
-1.20272 -6.18748 -69.2905
-1.09455 -6.20753 -69.3428
-0.986051 -6.22568 -69.3428
-0.877248 -6.24194 -69.1237
-0.768178 -6.2563 -69.1237
-0.658873 -6.26876 -68.5854
-0.549368 -6.2793 -68.5854
-0.439695 -6.28793 -67.6892
-0.329889 -6.29465 -67.6892
-0.219982 -6.29945 -66.3997
-0.110008 -6.30233 -66.3997
-1.1579e-15 -6.30329 -64.679
0.110008 -6.30233 -62.484
0.219982 -6.29945 -62.484
0.329889 -6.29465 -59.766
0.439695 -6.28793 -59.766
0.549368 -6.2793 -56.4743
0.658873 -6.26876 -56.4743
0.768178 -6.2563 -52.5651
0.877248 -6.24194 -52.5651
0.986051 -6.22568 -48.0135
1.09455 -6.20753 -48.0135
1.20272 -6.18748 -42.8283
1.31053 -6.16555 -42.8283
1.41793 -6.14174 -37.06
1.5249 -6.11605 -37.06
1.63141 -6.08851 -30.7968
1.73742 -6.05911 -24.149
1.8429 -6.02786 -24.149
1.94782 -5.99478 -17.2294
2.05215 -5.95988 -17.2294
2.15585 -5.92315 -10.1409
2.2589 -5.88463 -10.1409
2.36125 -5.84431 -2.97361
2.46289 -5.80221 -2.97361
2.56378 -5.75834 4.18975
2.66388 -5.71272 4.18975
2.76318 -5.66536 11.2647
2.86163 -5.61627 11.2647
2.95921 -5.56547 18.1555
3.05589 -5.51298 18.1555
3.15164 -5.45881 24.75
3.24643 -5.40297 30.9201
3.34023 -5.34549 30.9201
3.43302 -5.28638 36.5378
3.52475 -5.22566 36.5378
3.61542 -5.16335 41.4995
3.70498 -5.09947 41.4995
3.79341 -5.03403 45.7444
3.88069 -4.96706 45.7444
3.96679 -4.89857 49.2555
4.05168 -4.8286 49.2555
4.13533 -4.75715 52.0485
4.21772 -4.68426 52.0485
4.29883 -4.60993 54.1551
4.37863 -4.53421 54.1551
4.4571 -4.4571 55.6104
4.53421 -4.37863 56.4438
4.60993 -4.29883 56.4438
4.68426 -4.21772 56.6769
4.75715 -4.13533 56.6769
4.8286 -4.05168 56.3248
4.89857 -3.96679 56.3248
4.96706 -3.88069 55.402
5.03403 -3.79341 55.402
5.09947 -3.70498 53.9323
5.16335 -3.61542 53.9323
5.22566 -3.52475 51.9585
5.28638 -3.43302 51.9585
5.34549 -3.34023 49.5486
5.40297 -3.24643 49.5486
5.45881 -3.15164 46.7923
5.51298 -3.05589 43.7898
5.56547 -2.95921 43.7898
5.61627 -2.86163 40.6368
5.66536 -2.76318 40.6368
5.71272 -2.66388 37.415
5.75834 -2.56378 37.415
5.80221 -2.46289 34.1884
5.84431 -2.36125 34.1884
5.88463 -2.2589 31.007
5.92315 -2.15585 31.007
5.95988 -2.05215 27.9108
5.99478 -1.94782 27.9108
6.02786 -1.8429 24.9356
6.05911 -1.73742 24.9356
6.08851 -1.63141 22.1165
6.11605 -1.5249 19.488
6.14174 -1.41793 19.488
6.16555 -1.31053 17.0804
6.18748 -1.20272 17.0804
6.20753 -1.09455 14.9144
6.22568 -0.986051 14.9144
6.24194 -0.877248 12.9958
6.2563 -0.768178 12.9958
6.26876 -0.658873 11.3163
6.2793 -0.549368 11.3163
6.28793 -0.439695 9.85636
6.29465 -0.329889 9.85636
6.29945 -0.219982 8.59095
6.30233 -0.110008 8.59095

6.38308 0 7.4934
6.3821 0.1114 6.53802
6.37919 0.222766 6.53802
6.37433 0.334064 5.70188
6.36753 0.445261 5.70188
6.35879 0.556322 4.96512
6.34811 0.667213 4.96512
6.3355 0.777901 4.31053
6.32096 0.888353 4.31053
6.30449 0.998533 3.72309
6.2861 1.10841 3.72309
6.2658 1.21795 3.18943
6.24359 1.32712 3.18943
6.21948 1.43588 2.6975
6.19347 1.54421 2.6975
6.16558 1.65206 2.23654
6.13581 1.75941 1.79724
6.10417 1.86623 1.79724
6.07067 1.97248 1.37196
6.03532 2.07813 1.37196
5.99813 2.18314 0.954607
5.95912 2.28749 0.954607
5.91829 2.39114 0.540418
5.87565 2.49407 0.540418
5.83123 2.59623 0.12542
5.78503 2.6976 0.12542
5.73707 2.79816 -0.294098
5.68736 2.89786 -0.294098
5.63592 2.99667 -0.722141
5.58276 3.09458 -0.722141
5.52791 3.19154 -1.1635
5.47136 3.28753 -1.62412
5.41316 3.38252 -1.62412
5.3533 3.47647 -2.11133
5.29181 3.56937 -2.11133
5.22871 3.66118 -2.63392
5.16402 3.75188 -2.63392
5.09775 3.84143 -3.20216
5.02993 3.92981 -3.20216
4.96058 4.017 -3.82792
4.88972 4.10296 -3.82792
4.81737 4.18767 -4.52491
4.74355 4.27111 -4.52491
4.66829 4.35325 -5.30906
4.5916 4.43406 -5.30906
4.51352 4.51352 -6.19884
4.43406 4.5916 -7.21534
4.35325 4.66829 -7.21534
4.27111 4.74355 -8.38193
4.18767 4.81737 -8.38193
4.10296 4.88972 -9.72305
4.017 4.96058 -9.72305
3.92981 5.02993 -11.2617
3.84143 5.09775 -11.2617
3.75188 5.16402 -13.0159
3.66118 5.22871 -13.0159
3.56937 5.29181 -14.9935
3.47647 5.3533 -14.9935
3.38252 5.41316 -17.1893
3.28753 5.47136 -17.1893
3.19154 5.52791 -19.585
3.09458 5.58276 -22.1533
2.99667 5.63592 -22.1533
2.89786 5.68736 -24.8638
2.79816 5.73707 -24.8638
2.6976 5.78503 -27.6857
2.59623 5.83123 -27.6857
2.49407 5.87565 -30.587
2.39114 5.91829 -30.587
2.28749 5.95912 -33.5314
2.18314 5.99813 -33.5314
2.07813 6.03532 -36.4732
1.97248 6.07067 -36.4732
1.86623 6.10417 -39.3529
1.75941 6.13581 -39.3529
1.65206 6.16558 -42.0948
1.54421 6.19347 -44.6098
1.43588 6.21948 -44.6098
1.32712 6.24359 -46.8041
1.21795 6.2658 -46.8041
1.10841 6.2861 -48.5936
0.998533 6.30449 -48.5936
0.888353 6.32096 -49.9149
0.777901 6.3355 -49.9149
0.667213 6.34811 -50.7288
0.556322 6.35879 -50.7288
0.445261 6.36753 -51.0136
0.334064 6.37433 -51.0136
0.222766 6.37919 -50.7561
0.1114 6.3821 -50.7561
3.90851e-16 6.38308 -49.9423
-0.1114 6.3821 -48.552
-0.222766 6.37919 -48.552
-0.334064 6.37433 -46.5577
-0.445261 6.36753 -46.5577
-0.556322 6.35879 -43.928
-0.667213 6.34811 -43.928
-0.777901 6.3355 -40.6355
-0.888353 6.32096 -40.6355
-0.998533 6.30449 -36.6701
-1.10841 6.2861 -36.6701
-1.21795 6.2658 -32.0527
-1.32712 6.24359 -32.0527
-1.43588 6.21948 -26.8432
-1.54421 6.19347 -26.8432
-1.65206 6.16558 -21.1371
-1.75941 6.13581 -15.0489
-1.86623 6.10417 -15.0489
-1.97248 6.07067 -8.69387
-2.07813 6.03532 -8.69387
-2.18314 5.99813 -2.17472
-2.28749 5.95912 -2.17472
-2.39114 5.91829 4.42088
-2.49407 5.87565 4.42088
-2.59623 5.83123 11.0158
-2.6976 5.78503 11.0158
-2.79816 5.73707 17.5351
-2.89786 5.68736 17.5351
-2.99667 5.63592 23.8973
-3.09458 5.58276 23.8973
-3.19154 5.52791 30.0096
-3.28753 5.47136 35.7687
-3.38252 5.41316 35.7687
-3.47647 5.3533 41.0732
-3.56937 5.29181 41.0732
-3.66118 5.22871 45.8451
-3.75188 5.16402 45.8451
-3.84143 5.09775 50.0442
-3.92981 5.02993 50.0442
-4.017 4.96058 53.6702
-4.10296 4.88972 53.6702
-4.18767 4.81737 56.752
-4.27111 4.74355 56.752
-4.35325 4.66829 59.3348
-4.43406 4.5916 59.3348
-4.51352 4.51352 61.4687
-4.5916 4.43406 63.2019
-4.66829 4.35325 63.2019
-4.74355 4.27111 64.5776
-4.81737 4.18767 64.5776
-4.88972 4.10296 65.6344
-4.96058 4.017 65.6344
-5.02993 3.92981 66.4089
-5.09775 3.84143 66.4089
-5.16402 3.75188 66.9393
-5.22871 3.66118 66.9393
-5.29181 3.56937 67.2702
-5.3533 3.47647 67.2702
-5.41316 3.38252 67.4538
-5.47136 3.28753 67.4538
-5.52791 3.19154 67.5482
-5.58276 3.09458 67.6111
-5.63592 2.99667 67.6111
-5.68736 2.89786 67.6927
-5.73707 2.79816 67.6927
-5.78503 2.6976 67.83
-5.83123 2.59623 67.83
-5.87565 2.49407 68.0445
-5.91829 2.39114 68.0445
-5.95912 2.28749 68.3411
-5.99813 2.18314 68.3411
-6.03532 2.07813 68.7071
-6.07067 1.97248 68.7071
-6.10417 1.86623 69.1123
-6.13581 1.75941 69.1123
-6.16558 1.65206 69.5089
-6.19347 1.54421 69.8347
-6.21948 1.43588 69.8347
-6.24359 1.32712 70.0198
-6.2658 1.21795 70.0198
-6.2861 1.10841 69.9961
-6.30449 0.998533 69.9961
-6.32096 0.888353 69.7052
-6.3355 0.777901 69.7052
-6.34811 0.667213 69.1007
-6.35879 0.556322 69.1007
-6.36753 0.445261 68.1447
-6.37433 0.334064 68.1447
-6.37919 0.222766 66.8025
-6.3821 0.1114 66.8025
-6.38308 7.81701e-16 65.0374
-6.3821 -0.1114 62.8068
-6.37919 -0.222766 62.8068
-6.37433 -0.334064 60.0624
-6.36753 -0.445261 60.0624
-6.35879 -0.556322 56.754
-6.34811 -0.667213 56.754
-6.3355 -0.777901 52.8371
-6.32096 -0.888353 52.8371
-6.30449 -0.998533 48.2857
-6.2861 -1.10841 48.2857
-6.2658 -1.21795 43.1058
-6.24359 -1.32712 43.1058
-6.21948 -1.43588 37.3458
-6.19347 -1.54421 37.3458
-6.16558 -1.65206 31.0929
-6.13581 -1.75941 24.458
-6.10417 -1.86623 24.458
-6.07067 -1.97248 17.5546
-6.03532 -2.07813 17.5546
-5.99813 -2.18314 10.4854
-5.95912 -2.28749 10.4854
-5.91829 -2.39114 3.33911
-5.87565 -2.49407 3.33911
-5.83123 -2.59623 -3.80512
-5.78503 -2.6976 -3.80512
-5.73707 -2.79816 -10.8686
-5.68736 -2.89786 -10.8686
-5.63592 -2.99667 -17.7645
-5.58276 -3.09458 -17.7645
-5.52791 -3.19154 -24.3934
-5.47136 -3.28753 -30.6462
-5.41316 -3.38252 -30.6462
-5.3533 -3.47647 -36.4178
-5.29181 -3.56937 -36.4178
-5.22871 -3.66118 -41.6253
-5.16402 -3.75188 -41.6253
-5.09775 -3.84143 -46.224
-5.02993 -3.92981 -46.224
-4.96058 -4.017 -50.2098
-4.88972 -4.10296 -50.2098
-4.81737 -4.18767 -53.6109
-4.74355 -4.27111 -53.6109
-4.66829 -4.35325 -56.4743
-4.5916 -4.43406 -56.4743
-4.51352 -4.51352 -58.8536
-4.43406 -4.5916 -60.8007
-4.35325 -4.66829 -60.8007
-4.27111 -4.74355 -62.3626
-4.18767 -4.81737 -62.3626
-4.10296 -4.88972 -63.5812
-4.017 -4.96058 -63.5812
-3.92981 -5.02993 -64.4956
-3.84143 -5.09775 -64.4956
-3.75188 -5.16402 -65.1467
-3.66118 -5.22871 -65.1467
-3.56937 -5.29181 -65.5816
-3.47647 -5.3533 -65.5816
-3.38252 -5.41316 -65.856
-3.28753 -5.47136 -65.856
-3.19154 -5.52791 -66.0323
-3.09458 -5.58276 -66.1726
-2.99667 -5.63592 -66.1726
-2.89786 -5.68736 -66.3304
-2.79816 -5.73707 -66.3304
-2.6976 -5.78503 -66.5442
-2.59623 -5.83123 -66.5442
-2.49407 -5.87565 -66.8364
-2.39114 -5.91829 -66.8364
-2.28749 -5.95912 -67.2117
-2.18314 -5.99813 -67.2117
-2.07813 -6.03532 -67.6577
-1.97248 -6.07067 -67.6577
-1.86623 -6.10417 -68.1435
-1.75941 -6.13581 -68.1435
-1.65206 -6.16558 -68.6208
-1.54421 -6.19347 -69.0267
-1.43588 -6.21948 -69.0267
-1.32712 -6.24359 -69.2905
-1.21795 -6.2658 -69.2905
-1.10841 -6.2861 -69.3428
-0.998533 -6.30449 -69.3428
-0.888353 -6.32096 -69.1237
-0.777901 -6.3355 -69.1237
-0.667213 -6.34811 -68.5854
-0.556322 -6.35879 -68.5854
-0.445261 -6.36753 -67.6892
-0.334064 -6.37433 -67.6892
-0.222766 -6.37919 -66.3997
-0.1114 -6.3821 -66.3997
-1.17255e-15 -6.38308 -64.679
0.1114 -6.3821 -62.484
0.222766 -6.37919 -62.484
0.334064 -6.37433 -59.766
0.445261 -6.36753 -59.766
0.556322 -6.35879 -56.4743
0.667213 -6.34811 -56.4743
0.777901 -6.3355 -52.5651
0.888353 -6.32096 -52.5651
0.998533 -6.30449 -48.0135
1.10841 -6.2861 -48.0135
1.21795 -6.2658 -42.8283
1.32712 -6.24359 -42.8283
1.43588 -6.21948 -37.06
1.54421 -6.19347 -37.06
1.65206 -6.16558 -30.7968
1.75941 -6.13581 -24.149
1.86623 -6.10417 -24.149
1.97248 -6.07067 -17.2294
2.07813 -6.03532 -17.2294
2.18314 -5.99813 -10.1409
2.28749 -5.95912 -10.1409
2.39114 -5.91829 -2.97361
2.49407 -5.87565 -2.97361
2.59623 -5.83123 4.18975
2.6976 -5.78503 4.18975
2.79816 -5.73707 11.2647
2.89786 -5.68736 11.2647
2.99667 -5.63592 18.1555
3.09458 -5.58276 18.1555
3.19154 -5.52791 24.75
3.28753 -5.47136 30.9201
3.38252 -5.41316 30.9201
3.47647 -5.3533 36.5378
3.56937 -5.29181 36.5378
3.66118 -5.22871 41.4995
3.75188 -5.16402 41.4995
3.84143 -5.09775 45.7444
3.92981 -5.02993 45.7444
4.017 -4.96058 49.2555
4.10296 -4.88972 49.2555
4.18767 -4.81737 52.0485
4.27111 -4.74355 52.0485
4.35325 -4.66829 54.1551
4.43406 -4.5916 54.1551
4.51352 -4.51352 55.6104
4.5916 -4.43406 56.4438
4.66829 -4.35325 56.4438
4.74355 -4.27111 56.6769
4.81737 -4.18767 56.6769
4.88972 -4.10296 56.3248
4.96058 -4.017 56.3248
5.02993 -3.92981 55.402
5.09775 -3.84143 55.402
5.16402 -3.75188 53.9323
5.22871 -3.66118 53.9323
5.29181 -3.56937 51.9585
5.3533 -3.47647 51.9585
5.41316 -3.38252 49.5486
5.47136 -3.28753 49.5486
5.52791 -3.19154 46.7923
5.58276 -3.09458 43.7898
5.63592 -2.99667 43.7898
5.68736 -2.89786 40.6368
5.73707 -2.79816 40.6368
5.78503 -2.6976 37.415
5.83123 -2.59623 37.415
5.87565 -2.49407 34.1884
5.91829 -2.39114 34.1884
5.95912 -2.28749 31.007
5.99813 -2.18314 31.007
6.03532 -2.07813 27.9108
6.07067 -1.97248 27.9108
6.10417 -1.86623 24.9356
6.13581 -1.75941 24.9356
6.16558 -1.65206 22.1165
6.19347 -1.54421 19.488
6.21948 -1.43588 19.488
6.24359 -1.32712 17.0804
6.2658 -1.21795 17.0804
6.2861 -1.10841 14.9144
6.30449 -0.998533 14.9144
6.32096 -0.888353 12.9958
6.3355 -0.777901 12.9958
6.34811 -0.667213 11.3163
6.35879 -0.556322 11.3163
6.36753 -0.445261 9.85636
6.37433 -0.334064 9.85636
6.37919 -0.222766 8.59095
6.3821 -0.1114 8.59095

6.46286 0 7.4934
6.46188 0.112793 6.53802
6.45893 0.225551 6.53802
6.45401 0.33824 5.70188
6.44712 0.450827 5.70188
6.43827 0.563276 4.96512
6.42746 0.675553 4.96512
6.41469 0.787625 4.31053
6.39997 0.899457 4.31053
6.3833 1.01101 3.72309
6.36468 1.12226 3.72309
6.34412 1.23317 3.18943
6.32164 1.34371 3.18943
6.29722 1.45383 2.6975
6.27089 1.56351 2.6975
6.24265 1.67271 2.23654
6.2125 1.78141 1.79724
6.18047 1.88956 1.79724
6.14655 1.99714 1.37196
6.11076 2.1041 1.37196
6.07311 2.21043 0.954607
6.0336 2.31608 0.954607
5.99226 2.42103 0.540418
5.9491 2.52524 0.540418
5.90412 2.62868 0.12542
5.85734 2.73132 0.12542
5.80878 2.83313 -0.294098
5.75845 2.93408 -0.294098
5.70637 3.03413 -0.722141
5.65255 3.13326 -0.722141
5.59701 3.23143 -1.1635
5.53976 3.32862 -1.62412
5.48082 3.4248 -1.62412
5.42021 3.51993 -2.11133
5.35796 3.61399 -2.11133
5.29407 3.70695 -2.63392
5.22857 3.79878 -2.63392
5.16147 3.88945 -3.20216
5.09281 3.97894 -3.20216
5.02259 4.06721 -3.82792
4.95084 4.15425 -3.82792
4.87759 4.24002 -4.52491
4.80284 4.3245 -4.52491
4.72664 4.40766 -5.30906
4.649 4.48948 -5.30906
4.56994 4.56994 -6.19884
4.48948 4.649 -7.21534
4.40766 4.72664 -7.21534
4.3245 4.80284 -8.38193
4.24002 4.87759 -8.38193
4.15425 4.95084 -9.72305
4.06721 5.02259 -9.72305
3.97894 5.09281 -11.2617
3.88945 5.16147 -11.2617
3.79878 5.22857 -13.0159
3.70695 5.29407 -13.0159
3.61399 5.35796 -14.9935
3.51993 5.42021 -14.9935
3.4248 5.48082 -17.1893
3.32862 5.53976 -17.1893
3.23143 5.59701 -19.585
3.13326 5.65255 -22.1533
3.03413 5.70637 -22.1533
2.93408 5.75845 -24.8638
2.83313 5.80878 -24.8638
2.73132 5.85734 -27.6857
2.62868 5.90412 -27.6857
2.52524 5.9491 -30.587
2.42103 5.99226 -30.587
2.31608 6.0336 -33.5314
2.21043 6.07311 -33.5314
2.1041 6.11076 -36.4732
1.99714 6.14655 -36.4732
1.88956 6.18047 -39.3529
1.78141 6.2125 -39.3529
1.67271 6.24265 -42.0948
1.56351 6.27089 -44.6098
1.45383 6.29722 -44.6098
1.34371 6.32164 -46.8041
1.23317 6.34412 -46.8041
1.12226 6.36468 -48.5936
1.01101 6.3833 -48.5936
0.899457 6.39997 -49.9149
0.787625 6.41469 -49.9149
0.675553 6.42746 -50.7288
0.563276 6.43827 -50.7288
0.450827 6.44712 -51.0136
0.33824 6.45401 -51.0136
0.225551 6.45893 -50.7561
0.112793 6.46188 -50.7561
3.95736e-16 6.46286 -49.9423
-0.112793 6.46188 -48.552
-0.225551 6.45893 -48.552
-0.33824 6.45401 -46.5577
-0.450827 6.44712 -46.5577
-0.563276 6.43827 -43.928
-0.675553 6.42746 -43.928
-0.787625 6.41469 -40.6355
-0.899457 6.39997 -40.6355
-1.01101 6.3833 -36.6701
-1.12226 6.36468 -36.6701
-1.23317 6.34412 -32.0527
-1.34371 6.32164 -32.0527
-1.45383 6.29722 -26.8432
-1.56351 6.27089 -26.8432
-1.67271 6.24265 -21.1371
-1.78141 6.2125 -15.0489
-1.88956 6.18047 -15.0489
-1.99714 6.14655 -8.69387
-2.1041 6.11076 -8.69387
-2.21043 6.07311 -2.17472
-2.31608 6.0336 -2.17472
-2.42103 5.99226 4.42088
-2.52524 5.9491 4.42088
-2.62868 5.90412 11.0158
-2.73132 5.85734 11.0158
-2.83313 5.80878 17.5351
-2.93408 5.75845 17.5351
-3.03413 5.70637 23.8973
-3.13326 5.65255 23.8973
-3.23143 5.59701 30.0096
-3.32862 5.53976 35.7687
-3.4248 5.48082 35.7687
-3.51993 5.42021 41.0732
-3.61399 5.35796 41.0732
-3.70695 5.29407 45.8451
-3.79878 5.22857 45.8451
-3.88945 5.16147 50.0442
-3.97894 5.09281 50.0442
-4.06721 5.02259 53.6702
-4.15425 4.95084 53.6702
-4.24002 4.87759 56.752
-4.3245 4.80284 56.752
-4.40766 4.72664 59.3348
-4.48948 4.649 59.3348
-4.56994 4.56994 61.4687
-4.649 4.48948 63.2019
-4.72664 4.40766 63.2019
-4.80284 4.3245 64.5776
-4.87759 4.24002 64.5776
-4.95084 4.15425 65.6344
-5.02259 4.06721 65.6344
-5.09281 3.97894 66.4089
-5.16147 3.88945 66.4089
-5.22857 3.79878 66.9393
-5.29407 3.70695 66.9393
-5.35796 3.61399 67.2702
-5.42021 3.51993 67.2702
-5.48082 3.4248 67.4538
-5.53976 3.32862 67.4538
-5.59701 3.23143 67.5482
-5.65255 3.13326 67.6111
-5.70637 3.03413 67.6111
-5.75845 2.93408 67.6927
-5.80878 2.83313 67.6927
-5.85734 2.73132 67.83
-5.90412 2.62868 67.83
-5.9491 2.52524 68.0445
-5.99226 2.42103 68.0445
-6.0336 2.31608 68.3411
-6.07311 2.21043 68.3411
-6.11076 2.1041 68.7071
-6.14655 1.99714 68.7071
-6.18047 1.88956 69.1123
-6.2125 1.78141 69.1123
-6.24265 1.67271 69.5089
-6.27089 1.56351 69.8347
-6.29722 1.45383 69.8347
-6.32164 1.34371 70.0198
-6.34412 1.23317 70.0198
-6.36468 1.12226 69.9961
-6.3833 1.01101 69.9961
-6.39997 0.899457 69.7052
-6.41469 0.787625 69.7052
-6.42746 0.675553 69.1007
-6.43827 0.563276 69.1007
-6.44712 0.450827 68.1447
-6.45401 0.33824 68.1447
-6.45893 0.225551 66.8025
-6.46188 0.112793 66.8025
-6.46286 7.91473e-16 65.0374
-6.46188 -0.112793 62.8068
-6.45893 -0.225551 62.8068
-6.45401 -0.33824 60.0624
-6.44712 -0.450827 60.0624
-6.43827 -0.563276 56.754
-6.42746 -0.675553 56.754
-6.41469 -0.787625 52.8371
-6.39997 -0.899457 52.8371
-6.3833 -1.01101 48.2857
-6.36468 -1.12226 48.2857
-6.34412 -1.23317 43.1058
-6.32164 -1.34371 43.1058
-6.29722 -1.45383 37.3458
-6.27089 -1.56351 37.3458
-6.24265 -1.67271 31.0929
-6.2125 -1.78141 24.458
-6.18047 -1.88956 24.458
-6.14655 -1.99714 17.5546
-6.11076 -2.1041 17.5546
-6.07311 -2.21043 10.4854
-6.0336 -2.31608 10.4854
-5.99226 -2.42103 3.33911
-5.9491 -2.52524 3.33911
-5.90412 -2.62868 -3.80512
-5.85734 -2.73132 -3.80512
-5.80878 -2.83313 -10.8686
-5.75845 -2.93408 -10.8686
-5.70637 -3.03413 -17.7645
-5.65255 -3.13326 -17.7645
-5.59701 -3.23143 -24.3934
-5.53976 -3.32862 -30.6462
-5.48082 -3.4248 -30.6462
-5.42021 -3.51993 -36.4178
-5.35796 -3.61399 -36.4178
-5.29407 -3.70695 -41.6253
-5.22857 -3.79878 -41.6253
-5.16147 -3.88945 -46.224
-5.09281 -3.97894 -46.224
-5.02259 -4.06721 -50.2098
-4.95084 -4.15425 -50.2098
-4.87759 -4.24002 -53.6109
-4.80284 -4.3245 -53.6109
-4.72664 -4.40766 -56.4743
-4.649 -4.48948 -56.4743
-4.56994 -4.56994 -58.8536
-4.48948 -4.649 -60.8007
-4.40766 -4.72664 -60.8007
-4.3245 -4.80284 -62.3626
-4.24002 -4.87759 -62.3626
-4.15425 -4.95084 -63.5812
-4.06721 -5.02259 -63.5812
-3.97894 -5.09281 -64.4956
-3.88945 -5.16147 -64.4956
-3.79878 -5.22857 -65.1467
-3.70695 -5.29407 -65.1467
-3.61399 -5.35796 -65.5816
-3.51993 -5.42021 -65.5816
-3.4248 -5.48082 -65.856
-3.32862 -5.53976 -65.856
-3.23143 -5.59701 -66.0323
-3.13326 -5.65255 -66.1726
-3.03413 -5.70637 -66.1726
-2.93408 -5.75845 -66.3304
-2.83313 -5.80878 -66.3304
-2.73132 -5.85734 -66.5442
-2.62868 -5.90412 -66.5442
-2.52524 -5.9491 -66.8364
-2.42103 -5.99226 -66.8364
-2.31608 -6.0336 -67.2117
-2.21043 -6.07311 -67.2117
-2.1041 -6.11076 -67.6577
-1.99714 -6.14655 -67.6577
-1.88956 -6.18047 -68.1435
-1.78141 -6.2125 -68.1435
-1.67271 -6.24265 -68.6208
-1.56351 -6.27089 -69.0267
-1.45383 -6.29722 -69.0267
-1.34371 -6.32164 -69.2905
-1.23317 -6.34412 -69.2905
-1.12226 -6.36468 -69.3428
-1.01101 -6.3833 -69.3428
-0.899457 -6.39997 -69.1237
-0.787625 -6.41469 -69.1237
-0.675553 -6.42746 -68.5854
-0.563276 -6.43827 -68.5854
-0.450827 -6.44712 -67.6892
-0.33824 -6.45401 -67.6892
-0.225551 -6.45893 -66.3997
-0.112793 -6.46188 -66.3997
-1.18721e-15 -6.46286 -64.679
0.112793 -6.46188 -62.484
0.225551 -6.45893 -62.484
0.33824 -6.45401 -59.766
0.450827 -6.44712 -59.766
0.563276 -6.43827 -56.4743
0.675553 -6.42746 -56.4743
0.787625 -6.41469 -52.5651
0.899457 -6.39997 -52.5651
1.01101 -6.3833 -48.0135
1.12226 -6.36468 -48.0135
1.23317 -6.34412 -42.8283
1.34371 -6.32164 -42.8283
1.45383 -6.29722 -37.06
1.56351 -6.27089 -37.06
1.67271 -6.24265 -30.7968
1.78141 -6.2125 -24.149
1.88956 -6.18047 -24.149
1.99714 -6.14655 -17.2294
2.1041 -6.11076 -17.2294
2.21043 -6.07311 -10.1409
2.31608 -6.0336 -10.1409
2.42103 -5.99226 -2.97361
2.52524 -5.9491 -2.97361
2.62868 -5.90412 4.18975
2.73132 -5.85734 4.18975
2.83313 -5.80878 11.2647
2.93408 -5.75845 11.2647
3.03413 -5.70637 18.1555
3.13326 -5.65255 18.1555
3.23143 -5.59701 24.75
3.32862 -5.53976 30.9201
3.4248 -5.48082 30.9201
3.51993 -5.42021 36.5378
3.61399 -5.35796 36.5378
3.70695 -5.29407 41.4995
3.79878 -5.22857 41.4995
3.88945 -5.16147 45.7444
3.97894 -5.09281 45.7444
4.06721 -5.02259 49.2555
4.15425 -4.95084 49.2555
4.24002 -4.87759 52.0485
4.3245 -4.80284 52.0485
4.40766 -4.72664 54.1551
4.48948 -4.649 54.1551
4.56994 -4.56994 55.6104
4.649 -4.48948 56.4438
4.72664 -4.40766 56.4438
4.80284 -4.3245 56.6769
4.87759 -4.24002 56.6769
4.95084 -4.15425 56.3248
5.02259 -4.06721 56.3248
5.09281 -3.97894 55.402
5.16147 -3.88945 55.402
5.22857 -3.79878 53.9323
5.29407 -3.70695 53.9323
5.35796 -3.61399 51.9585
5.42021 -3.51993 51.9585
5.48082 -3.4248 49.5486
5.53976 -3.32862 49.5486
5.59701 -3.23143 46.7923
5.65255 -3.13326 43.7898
5.70637 -3.03413 43.7898
5.75845 -2.93408 40.6368
5.80878 -2.83313 40.6368
5.85734 -2.73132 37.415
5.90412 -2.62868 37.415
5.9491 -2.52524 34.1884
5.99226 -2.42103 34.1884
6.0336 -2.31608 31.007
6.07311 -2.21043 31.007
6.11076 -2.1041 27.9108
6.14655 -1.99714 27.9108
6.18047 -1.88956 24.9356
6.2125 -1.78141 24.9356
6.24265 -1.67271 22.1165
6.27089 -1.56351 19.488
6.29722 -1.45383 19.488
6.32164 -1.34371 17.0804
6.34412 -1.23317 17.0804
6.36468 -1.12226 14.9144
6.3833 -1.01101 14.9144
6.39997 -0.899457 12.9958
6.41469 -0.787625 12.9958
6.42746 -0.675553 11.3163
6.43827 -0.563276 11.3163
6.44712 -0.450827 9.85636
6.45401 -0.33824 9.85636
6.45893 -0.225551 8.59095
6.46188 -0.112793 8.59095

6.54265 0 6.85338
6.54166 0.114185 5.97177
6.53867 0.228335 5.97177
6.53369 0.342416 5.2078
6.52672 0.456392 5.2078
6.51776 0.57023 4.54073
6.50681 0.683894 4.54073
6.49389 0.797349 3.95323
6.47898 0.910561 3.95323
6.4621 1.0235 3.43052
6.44326 1.13612 2.95955
6.42245 1.2484 2.95955
6.39968 1.36029 2.52833
6.37497 1.47178 2.52833
6.34831 1.58281 2.12582
6.31972 1.69336 2.12582
6.2892 1.8034 1.74242
6.25677 1.91289 1.74242
6.22243 2.02179 1.37042
6.1862 2.13008 1.37042
6.14808 2.23772 1.00421
6.10809 2.34468 0.639876
6.06624 2.45092 0.639876
6.02254 2.55642 0.274688
5.97701 2.66114 0.274688
5.92966 2.76504 -0.0935681
5.8805 2.86811 -0.0935681
5.82955 2.9703 -0.467242
5.77682 3.07159 -0.467242
5.72233 3.17194 -0.849421
5.6661 3.27133 -1.24445
5.60815 3.36972 -1.24445
5.54848 3.46708 -1.65825
5.48713 3.56338 -1.65825
5.42411 3.65861 -2.0984
5.35943 3.75271 -2.0984
5.29312 3.84568 -2.57397
5.2252 3.93747 -2.57397
5.15568 4.02806 -3.09546
5.0846 4.11743 -3.09546
5.01196 4.20554 -3.67501
4.9378 4.29237 -4.32687
4.86214 4.37789 -4.32687
4.78499 4.46208 -5.06798
4.70639 4.54491 -5.06798
4.62635 4.62635 -5.91871
4.54491 4.70639 -5.91871
4.46208 4.78499 -6.90322
4.37789 4.86214 -6.90322
4.29237 4.9378 -8.04952
4.20554 5.01196 -9.3884
4.11743 5.0846 -9.3884
4.02806 5.15568 -10.9506
3.93747 5.2252 -10.9506
3.84568 5.29312 -12.7615
3.75271 5.35943 -12.7615
3.65861 5.42411 -14.8337
3.56338 5.48713 -14.8337
3.46708 5.54848 -17.1611
3.36972 5.60815 -17.1611
3.27133 5.6661 -19.719
3.17194 5.72233 -22.4729
3.07159 5.77682 -22.4729
2.9703 5.82955 -25.3886
2.86811 5.8805 -25.3886
2.76504 5.92966 -28.4368
2.66114 5.97701 -28.4368
2.55642 6.02254 -31.591
2.45092 6.06624 -31.591
2.34468 6.10809 -34.8233
2.23772 6.14808 -38.0968
2.13008 6.1862 -38.0968
2.02179 6.22243 -41.3578
1.91289 6.25677 -41.3578
1.8034 6.2892 -44.5295
1.69336 6.31972 -44.5295
1.58281 6.34831 -47.5107
1.47178 6.37497 -47.5107
1.36029 6.39968 -50.1852
1.2484 6.42245 -50.1852
1.13612 6.44326 -52.4431
1.0235 6.4621 -54.203
0.910561 6.47898 -54.203
0.797349 6.49389 -55.4214
0.683894 6.50681 -55.4214
0.57023 6.51776 -56.0851
0.456392 6.52672 -56.0851
0.342416 6.53369 -56.194
0.228335 6.53867 -56.194
0.114185 6.54166 -55.7469
4.00622e-16 6.54265 -54.7317
-0.114185 6.54166 -54.7317
-0.228335 6.53867 -53.121
-0.342416 6.53369 -53.121
-0.456392 6.52672 -50.8731
-0.57023 6.51776 -50.8731
-0.683894 6.50681 -47.9374
-0.797349 6.49389 -47.9374
-0.910561 6.47898 -44.2678
-1.0235 6.4621 -44.2678
-1.13612 6.44326 -39.8435
-1.2484 6.42245 -34.6913
-1.36029 6.39968 -34.6913
-1.47178 6.37497 -28.8977
-1.58281 6.34831 -28.8977
-1.69336 6.31972 -22.5946
-1.8034 6.2892 -22.5946
-1.91289 6.25677 -15.9288
-2.02179 6.22243 -15.9288
-2.13008 6.1862 -9.03239
-2.23772 6.14808 -2.00945
-2.34468 6.10809 -2.00945
-2.45092 6.06624 5.06147
-2.55642 6.02254 5.06147
-2.66114 5.97701 12.1164
-2.76504 5.92966 12.1164
-2.86811 5.8805 19.0919
-2.9703 5.82955 19.0919
-3.07159 5.77682 25.9113
-3.17194 5.72233 25.9113
-3.27133 5.6661 32.4747
-3.36972 5.60815 38.6576
-3.46708 5.54848 38.6576
-3.56338 5.48713 44.3273
-3.65861 5.42411 44.3273
-3.75271 5.35943 49.3789
-3.84568 5.29312 49.3789
-3.93747 5.2252 53.7646
-4.02806 5.15568 53.7646
-4.11743 5.0846 57.4942
-4.20554 5.01196 60.6162
-4.29237 4.9378 60.6162
-4.37789 4.86214 63.1961
-4.46208 4.78499 63.1961
-4.54491 4.70639 65.3006
-4.62635 4.62635 65.3006
-4.70639 4.54491 66.9887
-4.78499 4.46208 66.9887
-4.86214 4.37789 68.3092
-4.9378 4.29237 68.3092
-5.01196 4.20554 69.3011
-5.0846 4.11743 69.9971
-5.15568 4.02806 69.9971
-5.2252 3.93747 70.4291
-5.29312 3.84568 70.4291
-5.35943 3.75271 70.636
-5.42411 3.65861 70.636
-5.48713 3.56338 70.6694
-5.54848 3.46708 70.6694
-5.60815 3.36972 70.5949
-5.6661 3.27133 70.4848
-5.72233 3.17194 70.4848
-5.77682 3.07159 70.407
-5.82955 2.9703 70.407
-5.8805 2.86811 70.4151
-5.92966 2.76504 70.4151
-5.97701 2.66114 70.5449
-6.02254 2.55642 70.5449
-6.06624 2.45092 70.8137
-6.10809 2.34468 70.8137
-6.14808 2.23772 71.2207
-6.1862 2.13008 71.7466
-6.22243 2.02179 71.7466
-6.25677 1.91289 72.3515
-6.2892 1.8034 72.3515
-6.31972 1.69336 72.9739
-6.34831 1.58281 72.9739
-6.37497 1.47178 73.5338
-6.39968 1.36029 73.5338
-6.42245 1.2484 73.9434
-6.44326 1.13612 74.1232
-6.4621 1.0235 74.1232
-6.47898 0.910561 74.0126
-6.49389 0.797349 74.0126
-6.50681 0.683894 73.5706
-6.51776 0.57023 73.5706
-6.52672 0.456392 72.7676
-6.53369 0.342416 72.7676
-6.53867 0.228335 71.5754
-6.54166 0.114185 71.5754
-6.54265 8.01244e-16 69.9602
-6.54166 -0.114185 67.8769
-6.53867 -0.228335 67.8769
-6.53369 -0.342416 65.2678
-6.52672 -0.456392 65.2678
-6.51776 -0.57023 62.0662
-6.50681 -0.683894 62.0662
-6.49389 -0.797349 58.2043
-6.47898 -0.910561 58.2043
-6.4621 -1.0235 53.6286
-6.44326 -1.13612 53.6286
-6.42245 -1.2484 48.323
-6.39968 -1.36029 42.3292
-6.37497 -1.47178 42.3292
-6.34831 -1.58281 35.7505
-6.31972 -1.69336 35.7505
-6.2892 -1.8034 28.7274
-6.25677 -1.91289 28.7274
-6.22243 -2.02179 21.4021
-6.1862 -2.13008 21.4021
-6.14808 -2.23772 13.894
-6.10809 -2.34468 6.29469
-6.06624 -2.45092 6.29469
-6.02254 -2.55642 -1.32476
-5.97701 -2.66114 -1.32476
-5.92966 -2.76504 -8.89935
-5.8805 -2.86811 -8.89935
-5.82955 -2.9703 -16.3553
-5.77682 -3.07159 -16.3553
-5.72233 -3.17194 -23.5973
-5.6661 -3.27133 -23.5973
-5.60815 -3.36972 -30.5037
-5.54848 -3.46708 -36.9364
-5.48713 -3.56338 -36.9364
-5.42411 -3.65861 -42.7681
-5.35943 -3.75271 -42.7681
-5.29312 -3.84568 -47.9142
-5.2252 -3.93747 -47.9142
-5.15568 -4.02806 -52.3504
-5.0846 -4.11743 -52.3504
-5.01196 -4.20554 -56.1054
-4.9378 -4.29237 -59.2399
-4.86214 -4.37789 -59.2399
-4.78499 -4.46208 -61.8256
-4.70639 -4.54491 -61.8256
-4.62635 -4.62635 -63.9311
-4.54491 -4.70639 -63.9311
-4.46208 -4.78499 -65.6155
-4.37789 -4.86214 -65.6155
-4.29237 -4.9378 -66.9263
-4.20554 -5.01196 -66.9263
-4.11743 -5.0846 -67.9019
-4.02806 -5.15568 -68.5763
-3.93747 -5.2252 -68.5763
-3.84568 -5.29312 -68.9857
-3.75271 -5.35943 -68.9857
-3.65861 -5.42411 -69.1771
-3.56338 -5.48713 -69.1771
-3.46708 -5.54848 -69.2132
-3.36972 -5.60815 -69.2132
-3.27133 -5.6661 -69.17
-3.17194 -5.72233 -69.1245
-3.07159 -5.77682 -69.1245
-2.9703 -5.82955 -69.1418
-2.86811 -5.8805 -69.1418
-2.76504 -5.92966 -69.2679
-2.66114 -5.97701 -69.2679
-2.55642 -6.02254 -69.5296
-2.45092 -6.06624 -69.5296
-2.34468 -6.10809 -69.9353
-2.23772 -6.14808 -69.9353
-2.13008 -6.1862 -70.4745
-2.02179 -6.22243 -71.1174
-1.91289 -6.25677 -71.1174
-1.8034 -6.2892 -71.8122
-1.69336 -6.31972 -71.8122
-1.58281 -6.34831 -72.4869
-1.47178 -6.37497 -72.4869
-1.36029 -6.39968 -73.0547
-1.2484 -6.42245 -73.0547
-1.13612 -6.44326 -73.4286
-1.0235 -6.4621 -73.5358
-0.910561 -6.47898 -73.5358
-0.797349 -6.49389 -73.3242
-0.683894 -6.50681 -73.3242
-0.57023 -6.51776 -72.7588
-0.456392 -6.52672 -72.7588
-0.342416 -6.53369 -71.8112
-0.228335 -6.53867 -71.8112
-0.114185 -6.54166 -70.4504
-1.20187e-15 -6.54265 -70.4504
0.114185 -6.54166 -68.6363
0.228335 -6.53867 -66.3165
0.342416 -6.53369 -66.3165
0.456392 -6.52672 -63.4271
0.57023 -6.51776 -63.4271
0.683894 -6.50681 -59.8985
0.797349 -6.49389 -59.8985
0.910561 -6.47898 -55.6675
1.0235 -6.4621 -55.6675
1.13612 -6.44326 -50.6989
1.2484 -6.42245 -45.0077
1.36029 -6.39968 -45.0077
1.47178 -6.37497 -38.6711
1.58281 -6.34831 -38.6711
1.69336 -6.31972 -31.8148
1.8034 -6.2892 -31.8148
1.91289 -6.25677 -24.5813
2.02179 -6.22243 -24.5813
2.13008 -6.1862 -17.1007
2.23772 -6.14808 -17.1007
2.34468 -6.10809 -9.47667
2.45092 -6.06624 -1.78958
2.55642 -6.02254 -1.78958
2.66114 -5.97701 5.89198
2.76504 -5.92966 5.89198
2.86811 -5.8805 13.4957
2.9703 -5.82955 13.4957
3.07159 -5.77682 20.9303
3.17194 -5.72233 20.9303
3.27133 -5.6661 28.0744
3.36972 -5.60815 34.7746
3.46708 -5.54848 34.7746
3.56338 -5.48713 40.8651
3.65861 -5.42411 40.8651
3.75271 -5.35943 46.2104
3.84568 -5.29312 46.2104
3.93747 -5.2252 50.7398
4.02806 -5.15568 50.7398
4.11743 -5.0846 54.4485
4.20554 -5.01196 54.4485
4.29237 -4.9378 57.3748
4.37789 -4.86214 59.5745
4.46208 -4.78499 59.5745
4.54491 -4.70639 61.1012
4.62635 -4.62635 61.1012
4.70639 -4.54491 61.9955
4.78499 -4.46208 61.9955
4.86214 -4.37789 62.2817
4.9378 -4.29237 62.2817
5.01196 -4.20554 61.9687
5.0846 -4.11743 61.0563
5.15568 -4.02806 61.0563
5.2252 -3.93747 59.5476
5.29312 -3.84568 59.5476
5.35943 -3.75271 57.4645
5.42411 -3.65861 57.4645
5.48713 -3.56338 54.8641
5.54848 -3.46708 54.8641
5.60815 -3.36972 51.8422
5.6661 -3.27133 51.8422
5.72233 -3.17194 48.52
5.77682 -3.07159 45.0192
5.82955 -2.9703 45.0192
5.8805 -2.86811 41.4428
5.92966 -2.76504 41.4428
5.97701 -2.66114 37.8668
6.02254 -2.55642 37.8668
6.06624 -2.45092 34.3439
6.10809 -2.34468 34.3439
6.14808 -2.23772 30.9113
6.1862 -2.13008 27.599
6.22243 -2.02179 27.599
6.25677 -1.91289 24.4377
6.2892 -1.8034 24.4377
6.31972 -1.69336 21.4629
6.34831 -1.58281 21.4629
6.37497 -1.47178 18.7146
6.39968 -1.36029 18.7146
6.42245 -1.2484 16.2297
6.44326 -1.13612 16.2297
6.4621 -1.0235 14.0307
6.47898 -0.910561 12.1191
6.49389 -0.797349 12.1191
6.50681 -0.683894 10.4771
6.51776 -0.57023 10.4771
6.52672 -0.456392 9.07465
6.53369 -0.342416 9.07465
6.53867 -0.228335 7.87778
6.54166 -0.114185 7.87778

6.62244 0 6.85338
6.62143 0.115578 5.97177
6.61841 0.23112 5.97177
6.61337 0.346592 5.2078
6.60631 0.461958 5.2078
6.59724 0.577184 4.54073
6.58616 0.692234 4.54073
6.57308 0.807073 3.95323
6.55799 0.921666 3.95323
6.54091 1.03598 3.43052
6.52183 1.14997 2.95955
6.50077 1.26362 2.95955
6.47773 1.37688 2.52833
6.45271 1.48973 2.52833
6.42573 1.60211 2.12582
6.39679 1.71401 2.12582
6.3659 1.82539 1.74242
6.33307 1.93621 1.74242
6.29832 2.04645 1.37042
6.26164 2.15606 1.37042
6.22306 2.26501 1.00421
6.18258 2.37327 0.639876
6.14022 2.48081 0.639876
6.09599 2.58759 0.274688
6.0499 2.69359 0.274688
6.00197 2.79876 -0.0935681
5.95221 2.90309 -0.0935681
5.90064 3.00653 -0.467242
5.84727 3.10905 -0.467242
5.79212 3.21062 -0.849421
5.7352 3.31122 -1.24445
5.67654 3.41081 -1.24445
5.61615 3.50936 -1.65825
5.55405 3.60684 -1.65825
5.49025 3.70322 -2.0984
5.42479 3.79848 -2.0984
5.35767 3.89257 -2.57397
5.28892 3.98548 -2.57397
5.21856 4.07718 -3.09546
5.1466 4.16764 -3.09546
5.07308 4.25682 -3.67501
4.99802 4.34471 -4.32687
4.92143 4.43128 -4.32687
4.84335 4.51649 -5.06798
4.76379 4.60033 -5.06798
4.68277 4.68277 -5.91871
4.60033 4.76379 -5.91871
4.51649 4.84335 -6.90322
4.43128 4.92143 -6.90322
4.34471 4.99802 -8.04952
4.25682 5.07308 -9.3884
4.16764 5.1466 -9.3884
4.07718 5.21856 -10.9506
3.98548 5.28892 -10.9506
3.89257 5.35767 -12.7615
3.79848 5.42479 -12.7615
3.70322 5.49025 -14.8337
3.60684 5.55405 -14.8337
3.50936 5.61615 -17.1611
3.41081 5.67654 -17.1611
3.31122 5.7352 -19.719
3.21062 5.79212 -22.4729
3.10905 5.84727 -22.4729
3.00653 5.90064 -25.3886
2.90309 5.95221 -25.3886
2.79876 6.00197 -28.4368
2.69359 6.0499 -28.4368
2.58759 6.09599 -31.591
2.48081 6.14022 -31.591
2.37327 6.18258 -34.8233
2.26501 6.22306 -38.0968
2.15606 6.26164 -38.0968
2.04645 6.29832 -41.3578
1.93621 6.33307 -41.3578
1.82539 6.3659 -44.5295
1.71401 6.39679 -44.5295
1.60211 6.42573 -47.5107
1.48973 6.45271 -47.5107
1.37688 6.47773 -50.1852
1.26362 6.50077 -50.1852
1.14997 6.52183 -52.4431
1.03598 6.54091 -54.203
0.921666 6.55799 -54.203
0.807073 6.57308 -55.4214
0.692234 6.58616 -55.4214
0.577184 6.59724 -56.0851
0.461958 6.60631 -56.0851
0.346592 6.61337 -56.194
0.23112 6.61841 -56.194
0.115578 6.62143 -55.7469
4.05508e-16 6.62244 -54.7317
-0.115578 6.62143 -54.7317
-0.23112 6.61841 -53.121
-0.346592 6.61337 -53.121
-0.461958 6.60631 -50.8731
-0.577184 6.59724 -50.8731
-0.692234 6.58616 -47.9374
-0.807073 6.57308 -47.9374
-0.921666 6.55799 -44.2678
-1.03598 6.54091 -44.2678
-1.14997 6.52183 -39.8435
-1.26362 6.50077 -34.6913
-1.37688 6.47773 -34.6913
-1.48973 6.45271 -28.8977
-1.60211 6.42573 -28.8977
-1.71401 6.39679 -22.5946
-1.82539 6.3659 -22.5946
-1.93621 6.33307 -15.9288
-2.04645 6.29832 -15.9288
-2.15606 6.26164 -9.03239
-2.26501 6.22306 -2.00945
-2.37327 6.18258 -2.00945
-2.48081 6.14022 5.06147
-2.58759 6.09599 5.06147
-2.69359 6.0499 12.1164
-2.79876 6.00197 12.1164
-2.90309 5.95221 19.0919
-3.00653 5.90064 19.0919
-3.10905 5.84727 25.9113
-3.21062 5.79212 25.9113
-3.31122 5.7352 32.4747
-3.41081 5.67654 38.6576
-3.50936 5.61615 38.6576
-3.60684 5.55405 44.3273
-3.70322 5.49025 44.3273
-3.79848 5.42479 49.3789
-3.89257 5.35767 49.3789
-3.98548 5.28892 53.7646
-4.07718 5.21856 53.7646
-4.16764 5.1466 57.4942
-4.25682 5.07308 60.6162
-4.34471 4.99802 60.6162
-4.43128 4.92143 63.1961
-4.51649 4.84335 63.1961
-4.60033 4.76379 65.3006
-4.68277 4.68277 65.3006
-4.76379 4.60033 66.9887
-4.84335 4.51649 66.9887
-4.92143 4.43128 68.3092
-4.99802 4.34471 68.3092
-5.07308 4.25682 69.3011
-5.1466 4.16764 69.9971
-5.21856 4.07718 69.9971
-5.28892 3.98548 70.4291
-5.35767 3.89257 70.4291
-5.42479 3.79848 70.636
-5.49025 3.70322 70.636
-5.55405 3.60684 70.6694
-5.61615 3.50936 70.6694
-5.67654 3.41081 70.5949
-5.7352 3.31122 70.4848
-5.79212 3.21062 70.4848
-5.84727 3.10905 70.407
-5.90064 3.00653 70.407
-5.95221 2.90309 70.4151
-6.00197 2.79876 70.4151
-6.0499 2.69359 70.5449
-6.09599 2.58759 70.5449
-6.14022 2.48081 70.8137
-6.18258 2.37327 70.8137
-6.22306 2.26501 71.2207
-6.26164 2.15606 71.7466
-6.29832 2.04645 71.7466
-6.33307 1.93621 72.3515
-6.3659 1.82539 72.3515
-6.39679 1.71401 72.9739
-6.42573 1.60211 72.9739
-6.45271 1.48973 73.5338
-6.47773 1.37688 73.5338
-6.50077 1.26362 73.9434
-6.52183 1.14997 74.1232
-6.54091 1.03598 74.1232
-6.55799 0.921666 74.0126
-6.57308 0.807073 74.0126
-6.58616 0.692234 73.5706
-6.59724 0.577184 73.5706
-6.60631 0.461958 72.7676
-6.61337 0.346592 72.7676
-6.61841 0.23112 71.5754
-6.62143 0.115578 71.5754
-6.62244 8.11015e-16 69.9602
-6.62143 -0.115578 67.8769
-6.61841 -0.23112 67.8769
-6.61337 -0.346592 65.2678
-6.60631 -0.461958 65.2678
-6.59724 -0.577184 62.0662
-6.58616 -0.692234 62.0662
-6.57308 -0.807073 58.2043
-6.55799 -0.921666 58.2043
-6.54091 -1.03598 53.6286
-6.52183 -1.14997 53.6286
-6.50077 -1.26362 48.323
-6.47773 -1.37688 42.3292
-6.45271 -1.48973 42.3292
-6.42573 -1.60211 35.7505
-6.39679 -1.71401 35.7505
-6.3659 -1.82539 28.7274
-6.33307 -1.93621 28.7274
-6.29832 -2.04645 21.4021
-6.26164 -2.15606 21.4021
-6.22306 -2.26501 13.894
-6.18258 -2.37327 6.29469
-6.14022 -2.48081 6.29469
-6.09599 -2.58759 -1.32476
-6.0499 -2.69359 -1.32476
-6.00197 -2.79876 -8.89935
-5.95221 -2.90309 -8.89935
-5.90064 -3.00653 -16.3553
-5.84727 -3.10905 -16.3553
-5.79212 -3.21062 -23.5973
-5.7352 -3.31122 -23.5973
-5.67654 -3.41081 -30.5037
-5.61615 -3.50936 -36.9364
-5.55405 -3.60684 -36.9364
-5.49025 -3.70322 -42.7681
-5.42479 -3.79848 -42.7681
-5.35767 -3.89257 -47.9142
-5.28892 -3.98548 -47.9142
-5.21856 -4.07718 -52.3504
-5.1466 -4.16764 -52.3504
-5.07308 -4.25682 -56.1054
-4.99802 -4.34471 -59.2399
-4.92143 -4.43128 -59.2399
-4.84335 -4.51649 -61.8256
-4.76379 -4.60033 -61.8256
-4.68277 -4.68277 -63.9311
-4.60033 -4.76379 -63.9311
-4.51649 -4.84335 -65.6155
-4.43128 -4.92143 -65.6155
-4.34471 -4.99802 -66.9263
-4.25682 -5.07308 -66.9263
-4.16764 -5.1466 -67.9019
-4.07718 -5.21856 -68.5763
-3.98548 -5.28892 -68.5763
-3.89257 -5.35767 -68.9857
-3.79848 -5.42479 -68.9857
-3.70322 -5.49025 -69.1771
-3.60684 -5.55405 -69.1771
-3.50936 -5.61615 -69.2132
-3.41081 -5.67654 -69.2132
-3.31122 -5.7352 -69.17
-3.21062 -5.79212 -69.1245
-3.10905 -5.84727 -69.1245
-3.00653 -5.90064 -69.1418
-2.90309 -5.95221 -69.1418
-2.79876 -6.00197 -69.2679
-2.69359 -6.0499 -69.2679
-2.58759 -6.09599 -69.5296
-2.48081 -6.14022 -69.5296
-2.37327 -6.18258 -69.9353
-2.26501 -6.22306 -69.9353
-2.15606 -6.26164 -70.4745
-2.04645 -6.29832 -71.1174
-1.93621 -6.33307 -71.1174
-1.82539 -6.3659 -71.8122
-1.71401 -6.39679 -71.8122
-1.60211 -6.42573 -72.4869
-1.48973 -6.45271 -72.4869
-1.37688 -6.47773 -73.0547
-1.26362 -6.50077 -73.0547
-1.14997 -6.52183 -73.4286
-1.03598 -6.54091 -73.5358
-0.921666 -6.55799 -73.5358
-0.807073 -6.57308 -73.3242
-0.692234 -6.58616 -73.3242
-0.577184 -6.59724 -72.7588
-0.461958 -6.60631 -72.7588
-0.346592 -6.61337 -71.8112
-0.23112 -6.61841 -71.8112
-0.115578 -6.62143 -70.4504
-1.21652e-15 -6.62244 -70.4504
0.115578 -6.62143 -68.6363
0.23112 -6.61841 -66.3165
0.346592 -6.61337 -66.3165
0.461958 -6.60631 -63.4271
0.577184 -6.59724 -63.4271
0.692234 -6.58616 -59.8985
0.807073 -6.57308 -59.8985
0.921666 -6.55799 -55.6675
1.03598 -6.54091 -55.6675
1.14997 -6.52183 -50.6989
1.26362 -6.50077 -45.0077
1.37688 -6.47773 -45.0077
1.48973 -6.45271 -38.6711
1.60211 -6.42573 -38.6711
1.71401 -6.39679 -31.8148
1.82539 -6.3659 -31.8148
1.93621 -6.33307 -24.5813
2.04645 -6.29832 -24.5813
2.15606 -6.26164 -17.1007
2.26501 -6.22306 -17.1007
2.37327 -6.18258 -9.47667
2.48081 -6.14022 -1.78958
2.58759 -6.09599 -1.78958
2.69359 -6.0499 5.89198
2.79876 -6.00197 5.89198
2.90309 -5.95221 13.4957
3.00653 -5.90064 13.4957
3.10905 -5.84727 20.9303
3.21062 -5.79212 20.9303
3.31122 -5.7352 28.0744
3.41081 -5.67654 34.7746
3.50936 -5.61615 34.7746
3.60684 -5.55405 40.8651
3.70322 -5.49025 40.8651
3.79848 -5.42479 46.2104
3.89257 -5.35767 46.2104
3.98548 -5.28892 50.7398
4.07718 -5.21856 50.7398
4.16764 -5.1466 54.4485
4.25682 -5.07308 54.4485
4.34471 -4.99802 57.3748
4.43128 -4.92143 59.5745
4.51649 -4.84335 59.5745
4.60033 -4.76379 61.1012
4.68277 -4.68277 61.1012
4.76379 -4.60033 61.9955
4.84335 -4.51649 61.9955
4.92143 -4.43128 62.2817
4.99802 -4.34471 62.2817
5.07308 -4.25682 61.9687
5.1466 -4.16764 61.0563
5.21856 -4.07718 61.0563
5.28892 -3.98548 59.5476
5.35767 -3.89257 59.5476
5.42479 -3.79848 57.4645
5.49025 -3.70322 57.4645
5.55405 -3.60684 54.8641
5.61615 -3.50936 54.8641
5.67654 -3.41081 51.8422
5.7352 -3.31122 51.8422
5.79212 -3.21062 48.52
5.84727 -3.10905 45.0192
5.90064 -3.00653 45.0192
5.95221 -2.90309 41.4428
6.00197 -2.79876 41.4428
6.0499 -2.69359 37.8668
6.09599 -2.58759 37.8668
6.14022 -2.48081 34.3439
6.18258 -2.37327 34.3439
6.22306 -2.26501 30.9113
6.26164 -2.15606 27.599
6.29832 -2.04645 27.599
6.33307 -1.93621 24.4377
6.3659 -1.82539 24.4377
6.39679 -1.71401 21.4629
6.42573 -1.60211 21.4629
6.45271 -1.48973 18.7146
6.47773 -1.37688 18.7146
6.50077 -1.26362 16.2297
6.52183 -1.14997 16.2297
6.54091 -1.03598 14.0307
6.55799 -0.921666 12.1191
6.57308 -0.807073 12.1191
6.58616 -0.692234 10.4771
6.59724 -0.577184 10.4771
6.60631 -0.461958 9.07465
6.61337 -0.346592 9.07465
6.61841 -0.23112 7.87778
6.62143 -0.115578 7.87778

6.70223 0 6.10425
6.70121 0.11697 5.31249
6.69815 0.233904 5.31249
6.69305 0.350768 4.63323
6.6859 0.467524 4.63323
6.67673 0.584138 4.0456
6.66551 0.700574 4.0456
6.65227 0.816796 3.53291
6.637 0.93277 3.08138
6.61971 1.04846 3.08138
6.60041 1.16383 2.67889
6.57909 1.27885 2.67889
6.55577 1.39347 2.31381
6.53045 1.50767 2.31381
6.50315 1.62142 1.97473
6.47386 1.73466 1.65119
6.4426 1.84739 1.65119
6.40937 1.95954 1.33509
6.3742 2.0711 1.33509
6.33708 2.18203 1.02106
6.29804 2.2923 1.02106
6.25707 2.40186 0.70614
6.2142 2.5107 0.70614
6.16944 2.61877 0.388972
6.12279 2.72604 0.0690001
6.07428 2.83248 0.0690001
6.02392 2.93806 -0.254248
5.97173 3.04275 -0.254248
5.91772 3.14651 -0.581854
5.8619 3.24931 -0.581854
5.8043 3.35112 -0.916197
5.74493 3.4519 -1.26151
5.68381 3.55164 -1.26151
5.62096 3.6503 -1.62411
5.5564 3.74784 -1.62411
5.49015 3.84424 -2.01205
5.42222 3.93947 -2.01205
5.35264 4.0335 -2.43463
5.28143 4.12631 -2.90229
5.20861 4.21785 -2.90229
5.13421 4.30811 -3.42701
5.05824 4.39706 -3.42701
4.98073 4.48467 -4.02315
4.9017 4.57091 -4.02315
4.82118 4.65576 -4.7084
4.73919 4.73919 -5.50478
4.65576 4.82118 -5.50478
4.57091 4.9017 -6.43969
4.48467 4.98073 -6.43969
4.39706 5.05824 -7.54657
4.30811 5.13421 -7.54657
4.21785 5.20861 -8.86441
4.12631 5.28143 -8.86441
4.0335 5.35264 -10.4349
3.93947 5.42222 -12.2952
3.84424 5.49015 -12.2952
3.74784 5.5564 -14.4657
3.6503 5.62096 -14.4657
3.55164 5.68381 -16.9374
3.4519 5.74493 -16.9374
3.35112 5.8043 -19.6726
3.24931 5.8619 -22.6228
3.14651 5.91772 -22.6228
3.04275 5.97173 -25.7473
2.93806 6.02392 -25.7473
2.83248 6.07428 -29.0185
2.72604 6.12279 -29.0185
2.61877 6.16944 -32.4183
2.5107 6.2142 -35.9313
2.40186 6.25707 -35.9313
2.2923 6.29804 -39.5352
2.18203 6.33708 -39.5352
2.0711 6.3742 -43.1896
1.95954 6.40937 -43.1896
1.84739 6.4426 -46.8233
1.73466 6.47386 -50.3259
1.62142 6.50315 -50.3259
1.50767 6.53045 -53.5512
1.39347 6.55577 -53.5512
1.27885 6.57909 -56.3458
1.16383 6.60041 -56.3458
1.04846 6.61971 -58.5933
0.93277 6.637 -58.5933
0.816796 6.65227 -60.2406
0.700574 6.66551 -61.2878
0.584138 6.67673 -61.2878
0.467524 6.6859 -61.7584
0.350768 6.69305 -61.7584
0.233904 6.69815 -61.6738
0.11697 6.70121 -61.6738
4.10393e-16 6.70223 -61.0394
-0.11697 6.70121 -59.838
-0.233904 6.69815 -59.838
-0.350768 6.69305 -58.0267
-0.467524 6.6859 -58.0267
-0.584138 6.67673 -55.5394
-0.700574 6.66551 -55.5394
-0.816796 6.65227 -52.294
-0.93277 6.637 -48.2131
-1.04846 6.61971 -48.2131
-1.16383 6.60041 -43.2584
-1.27885 6.57909 -43.2584
-1.39347 6.55577 -37.4721
-1.50767 6.53045 -37.4721
-1.62142 6.50315 -30.9906
-1.73466 6.47386 -24.0072
-1.84739 6.4426 -24.0072
-1.95954 6.40937 -16.7114
-2.0711 6.3742 -16.7114
-2.18203 6.33708 -9.24858
-2.2923 6.29804 -9.24858
-2.40186 6.25707 -1.71383
-2.5107 6.2142 -1.71383
-2.61877 6.16944 5.8351
-2.72604 6.12279 13.3579
-2.83248 6.07428 13.3579
-2.93806 6.02392 20.8115
-3.04275 5.97173 20.8115
-3.14651 5.91772 28.1302
-3.24931 5.8619 28.1302
-3.35112 5.8043 35.2084
-3.4519 5.74493 41.8911
-3.55164 5.68381 41.8911
-3.6503 5.62096 47.9923
-3.74784 5.5564 47.9923
-3.84424 5.49015 53.3581
-3.93947 5.42222 53.3581
-4.0335 5.35264 57.9284
-4.12631 5.28143 61.7339
-4.21785 5.20861 61.7339
-4.30811 5.13421 64.8561
-4.39706 5.05824 64.8561
-4.48467 4.98073 67.3911
-4.57091 4.9017 67.3911
-4.65576 4.82118 69.4281
-4.73919 4.73919 71.0406
-4.82118 4.65576 71.0406
-4.9017 4.57091 72.284
-4.98073 4.48467 72.284
-5.05824 4.39706 73.1977
-5.13421 4.30811 73.1977
-5.20861 4.21785 73.8087
-5.28143 4.12631 73.8087
-5.35264 4.0335 74.1381
-5.42222 3.93947 74.2113
-5.49015 3.84424 74.2113
-5.5564 3.74784 74.0707
-5.62096 3.6503 74.0707
-5.68381 3.55164 73.7844
-5.74493 3.4519 73.7844
-5.8043 3.35112 73.4415
-5.8619 3.24931 73.134
-5.91772 3.14651 73.134
-5.97173 3.04275 72.938
-6.02392 2.93806 72.938
-6.07428 2.83248 72.906
-6.12279 2.72604 72.906
-6.16944 2.61877 73.0684
-6.2142 2.5107 73.4366
-6.25707 2.40186 73.4366
-6.29804 2.2923 74.0044
-6.33708 2.18203 74.0044
-6.3742 2.0711 74.7466
-6.40937 1.95954 74.7466
-6.4426 1.84739 75.6133
-6.47386 1.73466 76.5251
-6.50315 1.62142 76.5251
-6.53045 1.50767 77.3755
-6.55577 1.39347 77.3755
-6.57909 1.27885 78.0502
-6.60041 1.16383 78.0502
-6.61971 1.04846 78.4557
-6.637 0.93277 78.4557
-6.65227 0.816796 78.5353
-6.66551 0.700574 78.2617
-6.67673 0.584138 78.2617
-6.6859 0.467524 77.6204
-6.69305 0.350768 77.6204
-6.69815 0.233904 76.5948
-6.70121 0.11697 76.5948
-6.70223 8.20786e-16 75.1566
-6.70121 -0.11697 73.26
-6.69815 -0.233904 73.26
-6.69305 -0.350768 70.8388
-6.6859 -0.467524 70.8388
-6.67673 -0.584138 67.8076
-6.66551 -0.700574 67.8076
-6.65227 -0.816796 64.0679
-6.637 -0.93277 59.5256
-6.61971 -1.04846 59.5256
-6.60041 -1.16383 54.1236
-6.57909 -1.27885 54.1236
-6.55577 -1.39347 47.884
-6.53045 -1.50767 47.884
-6.50315 -1.62142 40.9303
-6.47386 -1.73466 40.9303
-6.4426 -1.84739 33.4551
-6.40937 -1.95954 25.6511
-6.3742 -2.0711 25.6511
-6.33708 -2.18203 17.6666
-6.29804 -2.2923 17.6666
-6.25707 -2.40186 9.59777
-6.2142 -2.5107 9.59777
-6.16944 -2.61877 1.50355
-6.12279 -2.72604 -6.57409
-6.07428 -2.83248 -6.57409
-6.02392 -2.93806 -14.5883
-5.97173 -3.04275 -14.5883
-5.91772 -3.14651 -22.4658
-5.8619 -3.24931 -22.4658
-5.8043 -3.35112 -30.0891
-5.74493 -3.4519 -37.2916
-5.68381 -3.55164 -37.2916
-5.62096 -3.6503 -43.8832
-5.5564 -3.74784 -43.8832
-5.49015 -3.84424 -49.7074
-5.42222 -3.93947 -49.7074
-5.35264 -4.0335 -54.6927
-5.28143 -4.12631 -58.8598
-5.20861 -4.21785 -58.8598
-5.13421 -4.30811 -62.2899
-5.05824 -4.39706 -62.2899
-4.98073 -4.48467 -65.0844
-4.9017 -4.57091 -65.0844
-4.82118 -4.65576 -67.3399
-4.73919 -4.73919 -67.3399
-4.65576 -4.82118 -69.1367
-4.57091 -4.9017 -70.5358
-4.48467 -4.98073 -70.5358
-4.39706 -5.05824 -71.5806
-4.30811 -5.13421 -71.5806
-4.21785 -5.20861 -72.3009
-4.12631 -5.28143 -72.3009
-4.0335 -5.35264 -72.7196
-3.93947 -5.42222 -72.8628
-3.84424 -5.49015 -72.8628
-3.74784 -5.5564 -72.774
-3.6503 -5.62096 -72.774
-3.55164 -5.68381 -72.5257
-3.4519 -5.74493 -72.5257
-3.35112 -5.8043 -72.2155
-3.24931 -5.8619 -71.9424
-3.14651 -5.91772 -71.9424
-3.04275 -5.97173 -71.7857
-2.93806 -6.02392 -71.7857
-2.83248 -6.07428 -71.7984
-2.72604 -6.12279 -71.7984
-2.61877 -6.16944 -72.0108
-2.5107 -6.2142 -72.4339
-2.40186 -6.25707 -72.4339
-2.2923 -6.29804 -73.0611
-2.18203 -6.33708 -73.0611
-2.0711 -6.3742 -73.866
-1.95954 -6.40937 -73.866
-1.84739 -6.4426 -74.7976
-1.73466 -6.47386 -74.7976
-1.62142 -6.50315 -75.7755
-1.50767 -6.53045 -76.693
-1.39347 -6.55577 -76.693
-1.27885 -6.57909 -77.4344
-1.16383 -6.60041 -77.4344
-1.04846 -6.61971 -77.9031
-0.93277 -6.637 -77.9031
-0.816796 -6.65227 -78.0391
-0.700574 -6.66551 -77.8143
-0.584138 -6.67673 -77.8143
-0.467524 -6.6859 -77.214
-0.350768 -6.69305 -77.214
-0.233904 -6.69815 -76.2215
-0.11697 -6.70121 -76.2215
-1.23118e-15 -6.70223 -74.8076
0.11697 -6.70121 -72.9252
0.233904 -6.69815 -72.9252
0.350768 -6.69305 -70.5065
0.467524 -6.6859 -70.5065
0.584138 -6.67673 -67.4637
0.700574 -6.66551 -67.4637
0.816796 -6.65227 -63.6964
0.93277 -6.637 -59.1103
1.04846 -6.61971 -59.1103
1.16383 -6.60041 -53.653
1.27885 -6.57909 -53.653
1.39347 -6.55577 -47.355
1.50767 -6.53045 -47.355
1.62142 -6.50315 -40.3444
1.73466 -6.47386 -40.3444
1.84739 -6.4426 -32.8092
1.95954 -6.40937 -24.9355
2.0711 -6.3742 -24.9355
2.18203 -6.33708 -16.8666
2.2923 -6.29804 -16.8666
2.40186 -6.25707 -8.69654
2.5107 -6.2142 -8.69654
2.61877 -6.16944 -0.48347
2.72604 -6.12279 7.72947
2.83248 -6.07428 7.72947
2.93806 -6.02392 15.8921
3.04275 -5.97173 15.8921
3.14651 -5.91772 23.9248
3.24931 -5.8619 23.9248
3.35112 -5.8043 31.6987
3.4519 -5.74493 39.024
3.55164 -5.68381 39.024
3.6503 -5.62096 45.6719
3.74784 -5.5564 45.6719
3.84424 -5.49015 51.4481
3.93947 -5.42222 51.4481
4.0335 -5.35264 56.2674
4.12631 -5.28143 60.1494
4.21785 -5.20861 60.1494
4.30811 -5.13421 63.1719
4.39706 -5.05824 63.1719
4.48467 -4.98073 65.4272
4.57091 -4.9017 65.4272
4.65576 -4.82118 66.9963
4.73919 -4.73919 66.9963
4.82118 -4.65576 67.9365
4.9017 -4.57091 68.278
4.98073 -4.48467 68.278
5.05824 -4.39706 68.0253
5.13421 -4.30811 68.0253
5.20861 -4.21785 67.1618
5.28143 -4.12631 67.1618
5.35264 -4.0335 65.6617
5.42222 -3.93947 63.5111
5.49015 -3.84424 63.5111
5.5564 -3.74784 60.7371
5.62096 -3.6503 60.7371
5.68381 -3.55164 57.4306
5.74493 -3.4519 57.4306
5.8043 -3.35112 53.7395
5.8619 -3.24931 49.8285
5.91772 -3.14651 49.8285
5.97173 -3.04275 45.8378
6.02392 -2.93806 45.8378
6.07428 -2.83248 41.8648
6.12279 -2.72604 41.8648
6.16944 -2.61877 37.9677
6.2142 -2.5107 34.1789
6.25707 -2.40186 34.1789
6.29804 -2.2923 30.5175
6.33708 -2.18203 30.5175
6.3742 -2.0711 27.0014
6.40937 -1.95954 27.0014
6.4426 -1.84739 23.6571
6.47386 -1.73466 23.6571
6.50315 -1.62142 20.5249
6.53045 -1.50767 17.6581
6.55577 -1.39347 17.6581
6.57909 -1.27885 15.1073
6.60041 -1.16383 15.1073
6.61971 -1.04846 12.8988
6.637 -0.93277 12.8988
6.65227 -0.816796 11.0251
6.66551 -0.700574 9.45312
6.67673 -0.584138 9.45312
6.6859 -0.467524 8.13806
6.69305 -0.350768 8.13806
6.69815 -0.233904 7.03504
6.70121 -0.11697 7.03504

6.78202 0 6.10425
6.78099 0.118363 5.31249
6.77789 0.236689 5.31249
6.77272 0.354943 4.63323
6.7655 0.47309 4.63323
6.75621 0.591092 4.0456
6.74487 0.708914 4.0456
6.73147 0.82652 3.53291
6.71602 0.943875 3.08138
6.69852 1.06094 3.08138
6.67898 1.17769 2.67889
6.65741 1.29407 2.67889
6.63382 1.41006 2.31381
6.6082 1.52562 2.31381
6.58056 1.64072 1.97473
6.55093 1.75532 1.65119
6.51929 1.86938 1.65119
6.48568 1.98287 1.33509
6.45008 2.09576 1.33509
6.41252 2.20801 1.02106
6.37301 2.31959 1.02106
6.33156 2.43046 0.70614
6.28818 2.54059 0.70614
6.24288 2.64995 0.388972
6.19568 2.7585 0.0690001
6.1466 2.8662 0.0690001
6.09564 2.97304 -0.254248
6.04282 3.07897 -0.254248
5.98817 3.18396 -0.581854
5.93169 3.28799 -0.581854
5.8734 3.39101 -0.916197
5.81332 3.493 -1.26151
5.75148 3.59392 -1.26151
5.68788 3.69375 -1.62411
5.62255 3.79246 -1.62411
5.5555 3.89001 -2.01205
5.48677 3.98637 -2.01205
5.41636 4.08152 -2.43463
5.3443 4.17543 -2.90229
5.27062 4.26806 -2.90229
5.19533 4.3594 -3.42701
5.11845 4.4494 -3.42701
5.04002 4.53806 -4.02315
4.96005 4.62533 -4.02315
4.87858 4.71119 -4.7084
4.79561 4.79561 -5.50478
4.71119 4.87858 -5.50478
4.62533 4.96005 -6.43969
4.53806 5.04002 -6.43969
4.4494 5.11845 -7.54657
4.3594 5.19533 -7.54657
4.26806 5.27062 -8.86441
4.17543 5.3443 -8.86441
4.08152 5.41636 -10.4349
3.98637 5.48677 -12.2952
3.89001 5.5555 -12.2952
3.79246 5.62255 -14.4657
3.69375 5.68788 -14.4657
3.59392 5.75148 -16.9374
3.493 5.81332 -16.9374
3.39101 5.8734 -19.6726
3.28799 5.93169 -22.6228
3.18396 5.98817 -22.6228
3.07897 6.04282 -25.7473
2.97304 6.09564 -25.7473
2.8662 6.1466 -29.0185
2.7585 6.19568 -29.0185
2.64995 6.24288 -32.4183
2.54059 6.28818 -35.9313
2.43046 6.33156 -35.9313
2.31959 6.37301 -39.5352
2.20801 6.41252 -39.5352
2.09576 6.45008 -43.1896
1.98287 6.48568 -43.1896
1.86938 6.51929 -46.8233
1.75532 6.55093 -50.3259
1.64072 6.58056 -50.3259
1.52562 6.6082 -53.5512
1.41006 6.63382 -53.5512
1.29407 6.65741 -56.3458
1.17769 6.67898 -56.3458
1.06094 6.69852 -58.5933
0.943875 6.71602 -58.5933
0.82652 6.73147 -60.2406
0.708914 6.74487 -61.2878
0.591092 6.75621 -61.2878
0.47309 6.7655 -61.7584
0.354943 6.77272 -61.7584
0.236689 6.77789 -61.6738
0.118363 6.78099 -61.6738
4.15279e-16 6.78202 -61.0394
-0.118363 6.78099 -59.838
-0.236689 6.77789 -59.838
-0.354943 6.77272 -58.0267
-0.47309 6.7655 -58.0267
-0.591092 6.75621 -55.5394
-0.708914 6.74487 -55.5394
-0.82652 6.73147 -52.294
-0.943875 6.71602 -48.2131
-1.06094 6.69852 -48.2131
-1.17769 6.67898 -43.2584
-1.29407 6.65741 -43.2584
-1.41006 6.63382 -37.4721
-1.52562 6.6082 -37.4721
-1.64072 6.58056 -30.9906
-1.75532 6.55093 -24.0072
-1.86938 6.51929 -24.0072
-1.98287 6.48568 -16.7114
-2.09576 6.45008 -16.7114
-2.20801 6.41252 -9.24858
-2.31959 6.37301 -9.24858
-2.43046 6.33156 -1.71383
-2.54059 6.28818 -1.71383
-2.64995 6.24288 5.8351
-2.7585 6.19568 13.3579
-2.8662 6.1466 13.3579
-2.97304 6.09564 20.8115
-3.07897 6.04282 20.8115
-3.18396 5.98817 28.1302
-3.28799 5.93169 28.1302
-3.39101 5.8734 35.2084
-3.493 5.81332 41.8911
-3.59392 5.75148 41.8911
-3.69375 5.68788 47.9923
-3.79246 5.62255 47.9923
-3.89001 5.5555 53.3581
-3.98637 5.48677 53.3581
-4.08152 5.41636 57.9284
-4.17543 5.3443 61.7339
-4.26806 5.27062 61.7339
-4.3594 5.19533 64.8561
-4.4494 5.11845 64.8561
-4.53806 5.04002 67.3911
-4.62533 4.96005 67.3911
-4.71119 4.87858 69.4281
-4.79561 4.79561 71.0406
-4.87858 4.71119 71.0406
-4.96005 4.62533 72.284
-5.04002 4.53806 72.284
-5.11845 4.4494 73.1977
-5.19533 4.3594 73.1977
-5.27062 4.26806 73.8087
-5.3443 4.17543 73.8087
-5.41636 4.08152 74.1381
-5.48677 3.98637 74.2113
-5.5555 3.89001 74.2113
-5.62255 3.79246 74.0707
-5.68788 3.69375 74.0707
-5.75148 3.59392 73.7844
-5.81332 3.493 73.7844
-5.8734 3.39101 73.4415
-5.93169 3.28799 73.134
-5.98817 3.18396 73.134
-6.04282 3.07897 72.938
-6.09564 2.97304 72.938
-6.1466 2.8662 72.906
-6.19568 2.7585 72.906
-6.24288 2.64995 73.0684
-6.28818 2.54059 73.4366
-6.33156 2.43046 73.4366
-6.37301 2.31959 74.0044
-6.41252 2.20801 74.0044
-6.45008 2.09576 74.7466
-6.48568 1.98287 74.7466
-6.51929 1.86938 75.6133
-6.55093 1.75532 76.5251
-6.58056 1.64072 76.5251
-6.6082 1.52562 77.3755
-6.63382 1.41006 77.3755
-6.65741 1.29407 78.0502
-6.67898 1.17769 78.0502
-6.69852 1.06094 78.4557
-6.71602 0.943875 78.4557
-6.73147 0.82652 78.5353
-6.74487 0.708914 78.2617
-6.75621 0.591092 78.2617
-6.7655 0.47309 77.6204
-6.77272 0.354943 77.6204
-6.77789 0.236689 76.5948
-6.78099 0.118363 76.5948
-6.78202 8.30558e-16 75.1566
-6.78099 -0.118363 73.26
-6.77789 -0.236689 73.26
-6.77272 -0.354943 70.8388
-6.7655 -0.47309 70.8388
-6.75621 -0.591092 67.8076
-6.74487 -0.708914 67.8076
-6.73147 -0.82652 64.0679
-6.71602 -0.943875 59.5256
-6.69852 -1.06094 59.5256
-6.67898 -1.17769 54.1236
-6.65741 -1.29407 54.1236
-6.63382 -1.41006 47.884
-6.6082 -1.52562 47.884
-6.58056 -1.64072 40.9303
-6.55093 -1.75532 40.9303
-6.51929 -1.86938 33.4551
-6.48568 -1.98287 25.6511
-6.45008 -2.09576 25.6511
-6.41252 -2.20801 17.6666
-6.37301 -2.31959 17.6666
-6.33156 -2.43046 9.59777
-6.28818 -2.54059 9.59777
-6.24288 -2.64995 1.50355
-6.19568 -2.7585 -6.57409
-6.1466 -2.8662 -6.57409
-6.09564 -2.97304 -14.5883
-6.04282 -3.07897 -14.5883
-5.98817 -3.18396 -22.4658
-5.93169 -3.28799 -22.4658
-5.8734 -3.39101 -30.0891
-5.81332 -3.493 -37.2916
-5.75148 -3.59392 -37.2916
-5.68788 -3.69375 -43.8832
-5.62255 -3.79246 -43.8832
-5.5555 -3.89001 -49.7074
-5.48677 -3.98637 -49.7074
-5.41636 -4.08152 -54.6927
-5.3443 -4.17543 -58.8598
-5.27062 -4.26806 -58.8598
-5.19533 -4.3594 -62.2899
-5.11845 -4.4494 -62.2899
-5.04002 -4.53806 -65.0844
-4.96005 -4.62533 -65.0844
-4.87858 -4.71119 -67.3399
-4.79561 -4.79561 -67.3399
-4.71119 -4.87858 -69.1367
-4.62533 -4.96005 -70.5358
-4.53806 -5.04002 -70.5358
-4.4494 -5.11845 -71.5806
-4.3594 -5.19533 -71.5806
-4.26806 -5.27062 -72.3009
-4.17543 -5.3443 -72.3009
-4.08152 -5.41636 -72.7196
-3.98637 -5.48677 -72.8628
-3.89001 -5.5555 -72.8628
-3.79246 -5.62255 -72.774
-3.69375 -5.68788 -72.774
-3.59392 -5.75148 -72.5257
-3.493 -5.81332 -72.5257
-3.39101 -5.8734 -72.2155
-3.28799 -5.93169 -71.9424
-3.18396 -5.98817 -71.9424
-3.07897 -6.04282 -71.7857
-2.97304 -6.09564 -71.7857
-2.8662 -6.1466 -71.7984
-2.7585 -6.19568 -71.7984
-2.64995 -6.24288 -72.0108
-2.54059 -6.28818 -72.4339
-2.43046 -6.33156 -72.4339
-2.31959 -6.37301 -73.0611
-2.20801 -6.41252 -73.0611
-2.09576 -6.45008 -73.866
-1.98287 -6.48568 -73.866
-1.86938 -6.51929 -74.7976
-1.75532 -6.55093 -74.7976
-1.64072 -6.58056 -75.7755
-1.52562 -6.6082 -76.693
-1.41006 -6.63382 -76.693
-1.29407 -6.65741 -77.4344
-1.17769 -6.67898 -77.4344
-1.06094 -6.69852 -77.9031
-0.943875 -6.71602 -77.9031
-0.82652 -6.73147 -78.0391
-0.708914 -6.74487 -77.8143
-0.591092 -6.75621 -77.8143
-0.47309 -6.7655 -77.214
-0.354943 -6.77272 -77.214
-0.236689 -6.77789 -76.2215
-0.118363 -6.78099 -76.2215
-1.24584e-15 -6.78202 -74.8076
0.118363 -6.78099 -72.9252
0.236689 -6.77789 -72.9252
0.354943 -6.77272 -70.5065
0.47309 -6.7655 -70.5065
0.591092 -6.75621 -67.4637
0.708914 -6.74487 -67.4637
0.82652 -6.73147 -63.6964
0.943875 -6.71602 -59.1103
1.06094 -6.69852 -59.1103
1.17769 -6.67898 -53.653
1.29407 -6.65741 -53.653
1.41006 -6.63382 -47.355
1.52562 -6.6082 -47.355
1.64072 -6.58056 -40.3444
1.75532 -6.55093 -40.3444
1.86938 -6.51929 -32.8092
1.98287 -6.48568 -24.9355
2.09576 -6.45008 -24.9355
2.20801 -6.41252 -16.8666
2.31959 -6.37301 -16.8666
2.43046 -6.33156 -8.69654
2.54059 -6.28818 -8.69654
2.64995 -6.24288 -0.48347
2.7585 -6.19568 7.72947
2.8662 -6.1466 7.72947
2.97304 -6.09564 15.8921
3.07897 -6.04282 15.8921
3.18396 -5.98817 23.9248
3.28799 -5.93169 23.9248
3.39101 -5.8734 31.6987
3.493 -5.81332 39.024
3.59392 -5.75148 39.024
3.69375 -5.68788 45.6719
3.79246 -5.62255 45.6719
3.89001 -5.5555 51.4481
3.98637 -5.48677 51.4481
4.08152 -5.41636 56.2674
4.17543 -5.3443 60.1494
4.26806 -5.27062 60.1494
4.3594 -5.19533 63.1719
4.4494 -5.11845 63.1719
4.53806 -5.04002 65.4272
4.62533 -4.96005 65.4272
4.71119 -4.87858 66.9963
4.79561 -4.79561 66.9963
4.87858 -4.71119 67.9365
4.96005 -4.62533 68.278
5.04002 -4.53806 68.278
5.11845 -4.4494 68.0253
5.19533 -4.3594 68.0253
5.27062 -4.26806 67.1618
5.3443 -4.17543 67.1618
5.41636 -4.08152 65.6617
5.48677 -3.98637 63.5111
5.5555 -3.89001 63.5111
5.62255 -3.79246 60.7371
5.68788 -3.69375 60.7371
5.75148 -3.59392 57.4306
5.81332 -3.493 57.4306
5.8734 -3.39101 53.7395
5.93169 -3.28799 49.8285
5.98817 -3.18396 49.8285
6.04282 -3.07897 45.8378
6.09564 -2.97304 45.8378
6.1466 -2.8662 41.8648
6.19568 -2.7585 41.8648
6.24288 -2.64995 37.9677
6.28818 -2.54059 34.1789
6.33156 -2.43046 34.1789
6.37301 -2.31959 30.5175
6.41252 -2.20801 30.5175
6.45008 -2.09576 27.0014
6.48568 -1.98287 27.0014
6.51929 -1.86938 23.6571
6.55093 -1.75532 23.6571
6.58056 -1.64072 20.5249
6.6082 -1.52562 17.6581
6.63382 -1.41006 17.6581
6.65741 -1.29407 15.1073
6.67898 -1.17769 15.1073
6.69852 -1.06094 12.8988
6.71602 -0.943875 12.8988
6.73147 -0.82652 11.0251
6.74487 -0.708914 9.45312
6.75621 -0.591092 9.45312
6.7655 -0.47309 8.13806
6.77272 -0.354943 8.13806
6.77789 -0.236689 7.03504
6.78099 -0.118363 7.03504

6.86181 0 6.10425
6.86076 0.119755 5.31249
6.85763 0.239474 5.31249
6.8524 0.359119 4.63323
6.84509 0.478655 4.63323
6.8357 0.598046 4.0456
6.82422 0.717254 4.0456
6.81066 0.836244 3.53291
6.79503 0.954979 3.08138
6.77733 1.07342 3.08138
6.75756 1.19154 2.67889
6.73574 1.30929 2.67889
6.71186 1.42665 2.31381
6.68594 1.54357 2.31381
6.65798 1.66002 1.97473
6.628 1.77597 1.65119
6.59599 1.89137 1.65119
6.56198 2.0062 1.33509
6.52597 2.12042 1.33509
6.48797 2.23399 1.02106
6.44799 2.34688 1.02106
6.40605 2.45905 0.70614
6.36216 2.57048 0.70614
6.31633 2.68112 0.388972
6.26857 2.79095 0.0690001
6.21891 2.89993 0.0690001
6.16735 3.00802 -0.254248
6.11392 3.1152 -0.254248
6.05862 3.22142 -0.581854
6.00147 3.32667 -0.581854
5.9425 3.4309 -0.916197
5.88172 3.53409 -1.26151
5.81914 3.6362 -1.26151
5.7548 3.73721 -1.62411
5.6887 3.83707 -1.62411
5.62086 3.93577 -2.01205
5.55132 4.03327 -2.01205
5.48008 4.12954 -2.43463
5.40718 4.22455 -2.90229
5.33263 4.31828 -2.90229
5.25645 4.41068 -3.42701
5.17867 4.50175 -3.42701
5.09932 4.59145 -4.02315
5.01841 4.67974 -4.02315
4.93597 4.76661 -4.7084
4.85203 4.85203 -5.50478
4.76661 4.93597 -5.50478
4.67974 5.01841 -6.43969
4.59145 5.09932 -6.43969
4.50175 5.17867 -7.54657
4.41068 5.25645 -7.54657
4.31828 5.33263 -8.86441
4.22455 5.40718 -8.86441
4.12954 5.48008 -10.4349
4.03327 5.55132 -12.2952
3.93577 5.62086 -12.2952
3.83707 5.6887 -14.4657
3.73721 5.7548 -14.4657
3.6362 5.81914 -16.9374
3.53409 5.88172 -16.9374
3.4309 5.9425 -19.6726
3.32667 6.00147 -22.6228
3.22142 6.05862 -22.6228
3.1152 6.11392 -25.7473
3.00802 6.16735 -25.7473
2.89993 6.21891 -29.0185
2.79095 6.26857 -29.0185
2.68112 6.31633 -32.4183
2.57048 6.36216 -35.9313
2.45905 6.40605 -35.9313
2.34688 6.44799 -39.5352
2.23399 6.48797 -39.5352
2.12042 6.52597 -43.1896
2.0062 6.56198 -43.1896
1.89137 6.59599 -46.8233
1.77597 6.628 -50.3259
1.66002 6.65798 -50.3259
1.54357 6.68594 -53.5512
1.42665 6.71186 -53.5512
1.30929 6.73574 -56.3458
1.19154 6.75756 -56.3458
1.07342 6.77733 -58.5933
0.954979 6.79503 -58.5933
0.836244 6.81066 -60.2406
0.717254 6.82422 -61.2878
0.598046 6.8357 -61.2878
0.478655 6.84509 -61.7584
0.359119 6.8524 -61.7584
0.239474 6.85763 -61.6738
0.119755 6.86076 -61.6738
4.20165e-16 6.86181 -61.0394
-0.119755 6.86076 -59.838
-0.239474 6.85763 -59.838
-0.359119 6.8524 -58.0267
-0.478655 6.84509 -58.0267
-0.598046 6.8357 -55.5394
-0.717254 6.82422 -55.5394
-0.836244 6.81066 -52.294
-0.954979 6.79503 -48.2131
-1.07342 6.77733 -48.2131
-1.19154 6.75756 -43.2584
-1.30929 6.73574 -43.2584
-1.42665 6.71186 -37.4721
-1.54357 6.68594 -37.4721
-1.66002 6.65798 -30.9906
-1.77597 6.628 -24.0072
-1.89137 6.59599 -24.0072
-2.0062 6.56198 -16.7114
-2.12042 6.52597 -16.7114
-2.23399 6.48797 -9.24858
-2.34688 6.44799 -9.24858
-2.45905 6.40605 -1.71383
-2.57048 6.36216 -1.71383
-2.68112 6.31633 5.8351
-2.79095 6.26857 13.3579
-2.89993 6.21891 13.3579
-3.00802 6.16735 20.8115
-3.1152 6.11392 20.8115
-3.22142 6.05862 28.1302
-3.32667 6.00147 28.1302
-3.4309 5.9425 35.2084
-3.53409 5.88172 41.8911
-3.6362 5.81914 41.8911
-3.73721 5.7548 47.9923
-3.83707 5.6887 47.9923
-3.93577 5.62086 53.3581
-4.03327 5.55132 53.3581
-4.12954 5.48008 57.9284
-4.22455 5.40718 61.7339
-4.31828 5.33263 61.7339
-4.41068 5.25645 64.8561
-4.50175 5.17867 64.8561
-4.59145 5.09932 67.3911
-4.67974 5.01841 67.3911
-4.76661 4.93597 69.4281
-4.85203 4.85203 71.0406
-4.93597 4.76661 71.0406
-5.01841 4.67974 72.284
-5.09932 4.59145 72.284
-5.17867 4.50175 73.1977
-5.25645 4.41068 73.1977
-5.33263 4.31828 73.8087
-5.40718 4.22455 73.8087
-5.48008 4.12954 74.1381
-5.55132 4.03327 74.2113
-5.62086 3.93577 74.2113
-5.6887 3.83707 74.0707
-5.7548 3.73721 74.0707
-5.81914 3.6362 73.7844
-5.88172 3.53409 73.7844
-5.9425 3.4309 73.4415
-6.00147 3.32667 73.134
-6.05862 3.22142 73.134
-6.11392 3.1152 72.938
-6.16735 3.00802 72.938
-6.21891 2.89993 72.906
-6.26857 2.79095 72.906
-6.31633 2.68112 73.0684
-6.36216 2.57048 73.4366
-6.40605 2.45905 73.4366
-6.44799 2.34688 74.0044
-6.48797 2.23399 74.0044
-6.52597 2.12042 74.7466
-6.56198 2.0062 74.7466
-6.59599 1.89137 75.6133
-6.628 1.77597 76.5251
-6.65798 1.66002 76.5251
-6.68594 1.54357 77.3755
-6.71186 1.42665 77.3755
-6.73574 1.30929 78.0502
-6.75756 1.19154 78.0502
-6.77733 1.07342 78.4557
-6.79503 0.954979 78.4557
-6.81066 0.836244 78.5353
-6.82422 0.717254 78.2617
-6.8357 0.598046 78.2617
-6.84509 0.478655 77.6204
-6.8524 0.359119 77.6204
-6.85763 0.239474 76.5948
-6.86076 0.119755 76.5948
-6.86181 8.40329e-16 75.1566
-6.86076 -0.119755 73.26
-6.85763 -0.239474 73.26
-6.8524 -0.359119 70.8388
-6.84509 -0.478655 70.8388
-6.8357 -0.598046 67.8076
-6.82422 -0.717254 67.8076
-6.81066 -0.836244 64.0679
-6.79503 -0.954979 59.5256
-6.77733 -1.07342 59.5256
-6.75756 -1.19154 54.1236
-6.73574 -1.30929 54.1236
-6.71186 -1.42665 47.884
-6.68594 -1.54357 47.884
-6.65798 -1.66002 40.9303
-6.628 -1.77597 40.9303
-6.59599 -1.89137 33.4551
-6.56198 -2.0062 25.6511
-6.52597 -2.12042 25.6511
-6.48797 -2.23399 17.6666
-6.44799 -2.34688 17.6666
-6.40605 -2.45905 9.59777
-6.36216 -2.57048 9.59777
-6.31633 -2.68112 1.50355
-6.26857 -2.79095 -6.57409
-6.21891 -2.89993 -6.57409
-6.16735 -3.00802 -14.5883
-6.11392 -3.1152 -14.5883
-6.05862 -3.22142 -22.4658
-6.00147 -3.32667 -22.4658
-5.9425 -3.4309 -30.0891
-5.88172 -3.53409 -37.2916
-5.81914 -3.6362 -37.2916
-5.7548 -3.73721 -43.8832
-5.6887 -3.83707 -43.8832
-5.62086 -3.93577 -49.7074
-5.55132 -4.03327 -49.7074
-5.48008 -4.12954 -54.6927
-5.40718 -4.22455 -58.8598
-5.33263 -4.31828 -58.8598
-5.25645 -4.41068 -62.2899
-5.17867 -4.50175 -62.2899
-5.09932 -4.59145 -65.0844
-5.01841 -4.67974 -65.0844
-4.93597 -4.76661 -67.3399
-4.85203 -4.85203 -67.3399
-4.76661 -4.93597 -69.1367
-4.67974 -5.01841 -70.5358
-4.59145 -5.09932 -70.5358
-4.50175 -5.17867 -71.5806
-4.41068 -5.25645 -71.5806
-4.31828 -5.33263 -72.3009
-4.22455 -5.40718 -72.3009
-4.12954 -5.48008 -72.7196
-4.03327 -5.55132 -72.8628
-3.93577 -5.62086 -72.8628
-3.83707 -5.6887 -72.774
-3.73721 -5.7548 -72.774
-3.6362 -5.81914 -72.5257
-3.53409 -5.88172 -72.5257
-3.4309 -5.9425 -72.2155
-3.32667 -6.00147 -71.9424
-3.22142 -6.05862 -71.9424
-3.1152 -6.11392 -71.7857
-3.00802 -6.16735 -71.7857
-2.89993 -6.21891 -71.7984
-2.79095 -6.26857 -71.7984
-2.68112 -6.31633 -72.0108
-2.57048 -6.36216 -72.4339
-2.45905 -6.40605 -72.4339
-2.34688 -6.44799 -73.0611
-2.23399 -6.48797 -73.0611
-2.12042 -6.52597 -73.866
-2.0062 -6.56198 -73.866
-1.89137 -6.59599 -74.7976
-1.77597 -6.628 -74.7976
-1.66002 -6.65798 -75.7755
-1.54357 -6.68594 -76.693
-1.42665 -6.71186 -76.693
-1.30929 -6.73574 -77.4344
-1.19154 -6.75756 -77.4344
-1.07342 -6.77733 -77.9031
-0.954979 -6.79503 -77.9031
-0.836244 -6.81066 -78.0391
-0.717254 -6.82422 -77.8143
-0.598046 -6.8357 -77.8143
-0.478655 -6.84509 -77.214
-0.359119 -6.8524 -77.214
-0.239474 -6.85763 -76.2215
-0.119755 -6.86076 -76.2215
-1.26049e-15 -6.86181 -74.8076
0.119755 -6.86076 -72.9252
0.239474 -6.85763 -72.9252
0.359119 -6.8524 -70.5065
0.478655 -6.84509 -70.5065
0.598046 -6.8357 -67.4637
0.717254 -6.82422 -67.4637
0.836244 -6.81066 -63.6964
0.954979 -6.79503 -59.1103
1.07342 -6.77733 -59.1103
1.19154 -6.75756 -53.653
1.30929 -6.73574 -53.653
1.42665 -6.71186 -47.355
1.54357 -6.68594 -47.355
1.66002 -6.65798 -40.3444
1.77597 -6.628 -40.3444
1.89137 -6.59599 -32.8092
2.0062 -6.56198 -24.9355
2.12042 -6.52597 -24.9355
2.23399 -6.48797 -16.8666
2.34688 -6.44799 -16.8666
2.45905 -6.40605 -8.69654
2.57048 -6.36216 -8.69654
2.68112 -6.31633 -0.48347
2.79095 -6.26857 7.72947
2.89993 -6.21891 7.72947
3.00802 -6.16735 15.8921
3.1152 -6.11392 15.8921
3.22142 -6.05862 23.9248
3.32667 -6.00147 23.9248
3.4309 -5.9425 31.6987
3.53409 -5.88172 39.024
3.6362 -5.81914 39.024
3.73721 -5.7548 45.6719
3.83707 -5.6887 45.6719
3.93577 -5.62086 51.4481
4.03327 -5.55132 51.4481
4.12954 -5.48008 56.2674
4.22455 -5.40718 60.1494
4.31828 -5.33263 60.1494
4.41068 -5.25645 63.1719
4.50175 -5.17867 63.1719
4.59145 -5.09932 65.4272
4.67974 -5.01841 65.4272
4.76661 -4.93597 66.9963
4.85203 -4.85203 66.9963
4.93597 -4.76661 67.9365
5.01841 -4.67974 68.278
5.09932 -4.59145 68.278
5.17867 -4.50175 68.0253
5.25645 -4.41068 68.0253
5.33263 -4.31828 67.1618
5.40718 -4.22455 67.1618
5.48008 -4.12954 65.6617
5.55132 -4.03327 63.5111
5.62086 -3.93577 63.5111
5.6887 -3.83707 60.7371
5.7548 -3.73721 60.7371
5.81914 -3.6362 57.4306
5.88172 -3.53409 57.4306
5.9425 -3.4309 53.7395
6.00147 -3.32667 49.8285
6.05862 -3.22142 49.8285
6.11392 -3.1152 45.8378
6.16735 -3.00802 45.8378
6.21891 -2.89993 41.8648
6.26857 -2.79095 41.8648
6.31633 -2.68112 37.9677
6.36216 -2.57048 34.1789
6.40605 -2.45905 34.1789
6.44799 -2.34688 30.5175
6.48797 -2.23399 30.5175
6.52597 -2.12042 27.0014
6.56198 -2.0062 27.0014
6.59599 -1.89137 23.6571
6.628 -1.77597 23.6571
6.65798 -1.66002 20.5249
6.68594 -1.54357 17.6581
6.71186 -1.42665 17.6581
6.73574 -1.30929 15.1073
6.75756 -1.19154 15.1073
6.77733 -1.07342 12.8988
6.79503 -0.954979 12.8988
6.81066 -0.836244 11.0251
6.82422 -0.717254 9.45312
6.8357 -0.598046 9.45312
6.84509 -0.478655 8.13806
6.8524 -0.359119 8.13806
6.85763 -0.239474 7.03504
6.86076 -0.119755 7.03504

6.9416 0 5.25197
6.94054 0.121148 4.56624
6.93737 0.242258 4.56624
6.93208 0.363295 3.98366
6.92469 0.484221 3.98366
6.91518 0.605 3.4843
6.90357 0.725594 3.05305
6.88985 0.845968 3.05305
6.87404 0.966083 2.67808
6.85613 1.0859 2.67808
6.83614 1.2054 2.34915
6.81406 1.32452 2.34915
6.78991 1.44324 2.05573
6.76368 1.56152 1.78573
6.7354 1.67932 1.78573
6.70507 1.79662 1.52689
6.67269 1.91336 1.52689
6.63828 2.02953 1.26978
6.60185 2.14507 1.0091
6.56341 2.25996 1.0091
6.52297 2.37417 0.742938
6.48054 2.48765 0.742938
6.43614 2.60037 0.471518
6.38977 2.7123 0.471518
6.34146 2.8234 0.19614
6.29122 2.93365 -0.0816052
6.23906 3.043 -0.0816052
6.18501 3.15142 -0.360518
6.12907 3.25888 -0.360518
6.07126 3.36535 -0.640543
6.0116 3.4708 -0.923669
5.95011 3.57519 -0.923669
5.88681 3.67849 -1.21466
5.82171 3.78066 -1.21466
5.75484 3.88169 -1.52091
5.68622 3.98154 -1.52091
5.61587 4.08017 -1.85119
5.5438 4.17756 -2.21468
5.47005 4.27367 -2.21468
5.39463 4.36849 -2.62106
5.31757 4.46197 -2.62106
5.23889 4.5541 -3.08157
5.15861 4.64483 -3.61012
5.07676 4.73416 -3.61012
4.99337 4.82204 -4.22452
4.90845 4.90845 -4.22452
4.82204 4.99337 -4.94803
4.73416 5.07676 -4.94803
4.64483 5.15861 -5.81101
4.5541 5.23889 -6.85282
4.46197 5.31757 -6.85282
4.36849 5.39463 -8.12287
4.27367 5.47005 -8.12287
4.17756 5.5438 -9.67881
4.08017 5.61587 -11.5776
3.98154 5.68622 -11.5776
3.88169 5.75484 -13.8546
3.78066 5.82171 -13.8546
3.67849 5.88681 -16.4954
3.57519 5.95011 -16.4954
3.4708 6.0116 -19.4342
3.36535 6.07126 -22.597
3.25888 6.12907 -22.597
3.15142 6.18501 -25.9332
3.043 6.23906 -25.9332
2.93365 6.29122 -29.4188
2.8234 6.34146 -33.0477
2.7123 6.38977 -33.0477
2.60037 6.43614 -36.8219
2.48765 6.48054 -36.8219
2.37417 6.52297 -40.7404
2.25996 6.56341 -40.7404
2.14507 6.60185 -44.7862
2.02953 6.63828 -48.9074
1.91336 6.67269 -48.9074
1.79662 6.70507 -52.9953
1.67932 6.7354 -52.9953
1.56152 6.76368 -56.8707
1.44324 6.78991 -60.3089
1.32452 6.81406 -60.3089
1.2054 6.83614 -63.1205
1.0859 6.85613 -63.1205
0.966083 6.87404 -65.2272
0.845968 6.88985 -65.2272
0.725594 6.90357 -66.6531
0.605 6.91518 -67.4617
0.484221 6.92469 -67.4617
0.363295 6.93208 -67.7123
0.242258 6.93737 -67.7123
0.121148 6.94054 -67.4389
4.2505e-16 6.9416 -66.6442
-0.121148 6.94054 -66.6442
-0.242258 6.93737 -65.2967
-0.363295 6.93208 -65.2967
-0.484221 6.92469 -63.3286
-0.605 6.91518 -63.3286
-0.725594 6.90357 -60.6361
-0.845968 6.88985 -57.0866
-0.966083 6.87404 -57.0866
-1.0859 6.85613 -52.5474
-1.2054 6.83614 -52.5474
-1.32452 6.81406 -46.9504
-1.44324 6.78991 -40.3754
-1.56152 6.76368 -40.3754
-1.67932 6.7354 -33.0608
-1.79662 6.70507 -33.0608
-1.91336 6.67269 -25.3005
-2.02953 6.63828 -25.3005
-2.14507 6.60185 -17.3318
-2.25996 6.56341 -9.29826
-2.37417 6.52297 -9.29826
-2.48765 6.48054 -1.26632
-2.60037 6.43614 -1.26632
-2.7123 6.38977 6.74316
-2.8234 6.34146 14.7265
-2.93365 6.29122 14.7265
-3.043 6.23906 22.6729
-3.15142 6.18501 22.6729
-3.25888 6.12907 30.5384
-3.36535 6.07126 30.5384
-3.4708 6.0116 38.2182
-3.57519 5.95011 45.5179
-3.67849 5.88681 45.5179
-3.78066 5.82171 52.1599
-3.88169 5.75484 52.1599
-3.98154 5.68622 57.8898
-4.08017 5.61587 62.6328
-4.17756 5.5438 62.6328
-4.27367 5.47005 66.4645
-4.36849 5.39463 66.4645
-4.46197 5.31757 69.5241
-4.5541 5.23889 69.5241
-4.64483 5.15861 71.9533
-4.73416 5.07676 73.8712
-4.82204 4.99337 73.8712
-4.90845 4.90845 75.3684
-4.99337 4.82204 75.3684
-5.07676 4.73416 76.5079
-5.15861 4.64483 77.3298
-5.23889 4.5541 77.3298
-5.31757 4.46197 77.8549
-5.39463 4.36849 77.8549
-5.47005 4.27367 78.0903
-5.5438 4.17756 78.0903
-5.61587 4.08017 78.0389
-5.68622 3.98154 77.7185
-5.75484 3.88169 77.7185
-5.82171 3.78066 77.1855
-5.88681 3.67849 77.1855
-5.95011 3.57519 76.5454
-6.0116 3.4708 75.9266
-6.07126 3.36535 75.9266
-6.12907 3.25888 75.4402
-6.18501 3.15142 75.4402
-6.23906 3.043 75.1614
-6.29122 2.93365 75.1614
-6.34146 2.8234 75.1326
-6.38977 2.7123 75.3743
-6.43614 2.60037 75.3743
-6.48054 2.48765 75.8919
-6.52297 2.37417 75.8919
-6.56341 2.25996 76.677
-6.60185 2.14507 77.7019
-6.63828 2.02953 77.7019
-6.67269 1.91336 78.9082
-6.70507 1.79662 78.9082
-6.7354 1.67932 80.1923
-6.76368 1.56152 80.1923
-6.78991 1.44324 81.4038
-6.81406 1.32452 82.3841
-6.83614 1.2054 82.3841
-6.85613 1.0859 83.026
-6.87404 0.966083 83.026
-6.88985 0.845968 83.29
-6.90357 0.725594 83.177
-6.91518 0.605 83.177
-6.92469 0.484221 82.6969
-6.93208 0.363295 82.6969
-6.93737 0.242258 81.849
-6.94054 0.121148 81.849
-6.9416 8.501e-16 80.6139
-6.94054 -0.121148 78.9475
-6.93737 -0.242258 78.9475
-6.93208 -0.363295 76.777
-6.92469 -0.484221 76.777
-6.91518 -0.605 73.9989
-6.90357 -0.725594 73.9989
-6.88985 -0.845968 70.4788
-6.87404 -0.966083 66.065
-6.85613 -1.0859 66.065
-6.83614 -1.2054 60.6272
-6.81406 -1.32452 60.6272
-6.78991 -1.44324 54.133
-6.76368 -1.56152 46.725
-6.7354 -1.67932 46.725
-6.70507 -1.79662 38.6904
-6.67269 -1.91336 38.6904
-6.63828 -2.02953 30.3159
-6.60185 -2.14507 30.3159
-6.56341 -2.25996 21.7976
-6.52297 -2.37417 13.2387
-6.48054 -2.48765 13.2387
-6.43614 -2.60037 4.6793
-6.38977 -2.7123 4.6793
-6.34146 -2.8234 -3.8715
-6.29122 -2.93365 -12.4084
-6.23906 -3.043 -12.4084
-6.18501 -3.15142 -20.9032
-6.12907 -3.25888 -20.9032
-6.07126 -3.36535 -29.2741
-6.0116 -3.4708 -29.2741
-5.95011 -3.57519 -37.3546
-5.88681 -3.67849 -44.8875
-5.82171 -3.78066 -44.8875
-5.75484 -3.88169 -51.592
-5.68622 -3.98154 -51.592
-5.61587 -4.08017 -57.2871
-5.5438 -4.17756 -61.9585
-5.47005 -4.27367 -61.9585
-5.39463 -4.36849 -65.7164
-5.31757 -4.46197 -65.7164
-5.23889 -4.5541 -68.714
-5.15861 -4.64483 -68.714
-5.07676 -4.73416 -71.0951
-4.99337 -4.82204 -72.9748
-4.90845 -4.90845 -72.9748
-4.82204 -4.99337 -74.4374
-4.73416 -5.07676 -74.4374
-4.64483 -5.15861 -75.5395
-4.5541 -5.23889 -76.3147
-4.46197 -5.31757 -76.3147
-4.36849 -5.39463 -76.7782
-4.27367 -5.47005 -76.7782
-4.17756 -5.5438 -76.934
-4.08017 -5.61587 -76.934
-3.98154 -5.68622 -76.7885
-3.88169 -5.75484 -76.3744
-3.78066 -5.82171 -76.3744
-3.67849 -5.88681 -75.779
-3.57519 -5.95011 -75.779
-3.4708 -6.0116 -75.1387
-3.36535 -6.07126 -74.5866
-3.25888 -6.12907 -74.5866
-3.15142 -6.18501 -74.2181
-3.043 -6.23906 -74.2181
-2.93365 -6.29122 -74.0898
-2.8234 -6.34146 -74.0898
-2.7123 -6.38977 -74.2317
-2.60037 -6.43614 -74.6558
-2.48765 -6.48054 -74.6558
-2.37417 -6.52297 -75.3598
-2.25996 -6.56341 -75.3598
-2.14507 -6.60185 -76.3256
-2.02953 -6.63828 -77.51
-1.91336 -6.67269 -77.51
-1.79662 -6.70507 -78.8319
-1.67932 -6.7354 -78.8319
-1.56152 -6.76368 -80.163
-1.44324 -6.78991 -80.163
-1.32452 -6.81406 -81.3421
-1.2054 -6.83614 -82.2251
-1.0859 -6.85613 -82.2251
-0.966083 -6.87404 -82.7338
-0.845968 -6.88985 -82.7338
-0.725594 -6.90357 -82.8526
-0.605 -6.91518 -82.5914
-0.484221 -6.92469 -82.5914
-0.363295 -6.93208 -81.9572
-0.242258 -6.93737 -81.9572
-0.121148 -6.94054 -80.9407
-1.27515e-15 -6.9416 -80.9407
0.121148 -6.94054 -79.5093
0.242258 -6.93737 -77.6033
0.363295 -6.93208 -77.6033
0.484221 -6.92469 -75.132
0.605 -6.91518 -75.132
0.725594 -6.90357 -71.9715
0.845968 -6.88985 -67.9715
0.966083 -6.87404 -67.9715
1.0859 -6.85613 -62.983
1.2054 -6.83614 -62.983
1.32452 -6.81406 -56.9233
1.44324 -6.78991 -56.9233
1.56152 -6.76368 -49.8611
1.67932 -6.7354 -42.0283
1.79662 -6.70507 -42.0283
1.91336 -6.67269 -33.7149
2.02953 -6.63828 -33.7149
2.14507 -6.60185 -25.156
2.25996 -6.56341 -16.4931
2.37417 -6.52297 -16.4931
2.48765 -6.48054 -7.79037
2.60037 -6.43614 -7.79037
2.7123 -6.38977 0.933209
2.8234 -6.34146 0.933209
2.93365 -6.29122 9.67417
3.043 -6.23906 18.4179
3.15142 -6.18501 18.4179
3.25888 -6.12907 27.1095
3.36535 -6.07126 27.1095
3.4708 -6.0116 35.6207
3.57519 -5.95011 43.715
3.67849 -5.88681 43.715
3.78066 -5.82171 51.0552
3.88169 -5.75484 51.0552
3.98154 -5.68622 57.3279
4.08017 -5.61587 57.3279
4.17756 -5.5438 62.4297
4.27367 -5.47005 66.4337
4.36849 -5.39463 66.4337
4.46197 -5.31757 69.4861
4.5541 -5.23889 69.4861
4.64483 -5.15861 71.735
4.73416 -5.07676 73.2983
4.82204 -4.99337 73.2983
4.90845 -4.90845 74.255
4.99337 -4.82204 74.255
5.07676 -4.73416 74.6454
5.15861 -4.64483 74.6454
5.23889 -4.5541 74.4729
5.31757 -4.46197 73.7068
5.39463 -4.36849 73.7068
5.47005 -4.27367 72.2889
5.5438 -4.17756 72.2889
5.61587 -4.08017 70.1521
5.68622 -3.98154 67.2603
5.75484 -3.88169 67.2603
5.82171 -3.78066 63.6673
5.88681 -3.67849 63.6673
5.95011 -3.57519 59.5452
6.0116 -3.4708 59.5452
6.07126 -3.36535 55.131
6.12907 -3.25888 50.635
6.18501 -3.15142 50.635
6.23906 -3.043 46.1938
6.29122 -2.93365 46.1938
6.34146 -2.8234 41.8762
6.38977 -2.7123 37.7078
6.43614 -2.60037 37.7078
6.48054 -2.48765 33.6917
6.52297 -2.37417 33.6917
6.56341 -2.25996 29.8254
6.60185 -2.14507 29.8254
6.63828 -2.02953 26.113
6.67269 -1.91336 22.5777
6.70507 -1.79662 22.5777
6.7354 -1.67932 19.2725
6.76368 -1.56152 19.2725
6.78991 -1.44324 16.2792
6.81406 -1.32452 13.6758
6.83614 -1.2054 13.6758
6.85613 -1.0859 11.4917
6.87404 -0.966083 11.4917
6.88985 -0.845968 9.69948
6.90357 -0.725594 9.69948
6.91518 -0.605 8.23987
6.92469 -0.484221 7.04822
6.93208 -0.363295 7.04822
6.93737 -0.242258 6.0675
6.94054 -0.121148 6.0675

7.02138 0 5.25197
7.02031 0.12254 4.56624
7.01711 0.245043 4.56624
7.01176 0.367471 3.98366
7.00428 0.489787 3.98366
6.99467 0.611954 3.4843
6.98292 0.733934 3.05305
6.96905 0.855691 3.05305
6.95305 0.977188 2.67808
6.93494 1.09839 2.67808
6.91471 1.21925 2.34915
6.89238 1.33974 2.34915
6.86795 1.45983 2.05573
6.84143 1.57947 1.78573
6.81282 1.69863 1.78573
6.78214 1.81727 1.52689
6.74939 1.93536 1.52689
6.71458 2.05285 1.26978
6.67773 2.16973 1.0091
6.63885 2.28594 1.0091
6.59794 2.40145 0.742938
6.55503 2.51624 0.742938
6.51011 2.63026 0.471518
6.46322 2.74347 0.471518
6.41435 2.85585 0.19614
6.36354 2.96737 -0.0816052
6.31078 3.07797 -0.0816052
6.2561 3.18764 -0.360518
6.19951 3.29634 -0.360518
6.14104 3.40403 -0.640543
6.0807 3.51069 -0.923669
6.0185 3.61628 -0.923669
5.95447 3.72077 -1.21466
5.88863 3.82412 -1.21466
5.82099 3.92631 -1.52091
5.75158 4.0273 -1.52091
5.68042 4.12707 -1.85119
5.60753 4.22557 -2.21468
5.53293 4.3228 -2.21468
5.45664 4.4187 -2.62106
5.37869 4.51326 -2.62106
5.29911 4.60644 -3.08157
5.21791 4.69822 -3.61012
5.13512 4.78857 -3.61012
5.05076 4.87746 -4.22452
4.96487 4.96487 -4.22452
4.87746 5.05076 -4.94803
4.78857 5.13512 -4.94803
4.69822 5.21791 -5.81101
4.60644 5.29911 -6.85282
4.51326 5.37869 -6.85282
4.4187 5.45664 -8.12287
4.3228 5.53293 -8.12287
4.22557 5.60753 -9.67881
4.12707 5.68042 -11.5776
4.0273 5.75158 -11.5776
3.92631 5.82099 -13.8546
3.82412 5.88863 -13.8546
3.72077 5.95447 -16.4954
3.61628 6.0185 -16.4954
3.51069 6.0807 -19.4342
3.40403 6.14104 -22.597
3.29634 6.19951 -22.597
3.18764 6.2561 -25.9332
3.07797 6.31078 -25.9332
2.96737 6.36354 -29.4188
2.85585 6.41435 -33.0477
2.74347 6.46322 -33.0477
2.63026 6.51011 -36.8219
2.51624 6.55503 -36.8219
2.40145 6.59794 -40.7404
2.28594 6.63885 -40.7404
2.16973 6.67773 -44.7862
2.05285 6.71458 -48.9074
1.93536 6.74939 -48.9074
1.81727 6.78214 -52.9953
1.69863 6.81282 -52.9953
1.57947 6.84143 -56.8707
1.45983 6.86795 -60.3089
1.33974 6.89238 -60.3089
1.21925 6.91471 -63.1205
1.09839 6.93494 -63.1205
0.977188 6.95305 -65.2272
0.855691 6.96905 -65.2272
0.733934 6.98292 -66.6531
0.611954 6.99467 -67.4617
0.489787 7.00428 -67.4617
0.367471 7.01176 -67.7123
0.245043 7.01711 -67.7123
0.12254 7.02031 -67.4389
4.29936e-16 7.02138 -66.6442
-0.12254 7.02031 -66.6442
-0.245043 7.01711 -65.2967
-0.367471 7.01176 -65.2967
-0.489787 7.00428 -63.3286
-0.611954 6.99467 -63.3286
-0.733934 6.98292 -60.6361
-0.855691 6.96905 -57.0866
-0.977188 6.95305 -57.0866
-1.09839 6.93494 -52.5474
-1.21925 6.91471 -52.5474
-1.33974 6.89238 -46.9504
-1.45983 6.86795 -40.3754
-1.57947 6.84143 -40.3754
-1.69863 6.81282 -33.0608
-1.81727 6.78214 -33.0608
-1.93536 6.74939 -25.3005
-2.05285 6.71458 -25.3005
-2.16973 6.67773 -17.3318
-2.28594 6.63885 -9.29826
-2.40145 6.59794 -9.29826
-2.51624 6.55503 -1.26632
-2.63026 6.51011 -1.26632
-2.74347 6.46322 6.74316
-2.85585 6.41435 14.7265
-2.96737 6.36354 14.7265
-3.07797 6.31078 22.6729
-3.18764 6.2561 22.6729
-3.29634 6.19951 30.5384
-3.40403 6.14104 30.5384
-3.51069 6.0807 38.2182
-3.61628 6.0185 45.5179
-3.72077 5.95447 45.5179
-3.82412 5.88863 52.1599
-3.92631 5.82099 52.1599
-4.0273 5.75158 57.8898
-4.12707 5.68042 62.6328
-4.22557 5.60753 62.6328
-4.3228 5.53293 66.4645
-4.4187 5.45664 66.4645
-4.51326 5.37869 69.5241
-4.60644 5.29911 69.5241
-4.69822 5.21791 71.9533
-4.78857 5.13512 73.8712
-4.87746 5.05076 73.8712
-4.96487 4.96487 75.3684
-5.05076 4.87746 75.3684
-5.13512 4.78857 76.5079
-5.21791 4.69822 77.3298
-5.29911 4.60644 77.3298
-5.37869 4.51326 77.8549
-5.45664 4.4187 77.8549
-5.53293 4.3228 78.0903
-5.60753 4.22557 78.0903
-5.68042 4.12707 78.0389
-5.75158 4.0273 77.7185
-5.82099 3.92631 77.7185
-5.88863 3.82412 77.1855
-5.95447 3.72077 77.1855
-6.0185 3.61628 76.5454
-6.0807 3.51069 75.9266
-6.14104 3.40403 75.9266
-6.19951 3.29634 75.4402
-6.2561 3.18764 75.4402
-6.31078 3.07797 75.1614
-6.36354 2.96737 75.1614
-6.41435 2.85585 75.1326
-6.46322 2.74347 75.3743
-6.51011 2.63026 75.3743
-6.55503 2.51624 75.8919
-6.59794 2.40145 75.8919
-6.63885 2.28594 76.677
-6.67773 2.16973 77.7019
-6.71458 2.05285 77.7019
-6.74939 1.93536 78.9082
-6.78214 1.81727 78.9082
-6.81282 1.69863 80.1923
-6.84143 1.57947 80.1923
-6.86795 1.45983 81.4038
-6.89238 1.33974 82.3841
-6.91471 1.21925 82.3841
-6.93494 1.09839 83.026
-6.95305 0.977188 83.026
-6.96905 0.855691 83.29
-6.98292 0.733934 83.177
-6.99467 0.611954 83.177
-7.00428 0.489787 82.6969
-7.01176 0.367471 82.6969
-7.01711 0.245043 81.849
-7.02031 0.12254 81.849
-7.02138 8.59872e-16 80.6139
-7.02031 -0.12254 78.9475
-7.01711 -0.245043 78.9475
-7.01176 -0.367471 76.777
-7.00428 -0.489787 76.777
-6.99467 -0.611954 73.9989
-6.98292 -0.733934 73.9989
-6.96905 -0.855691 70.4788
-6.95305 -0.977188 66.065
-6.93494 -1.09839 66.065
-6.91471 -1.21925 60.6272
-6.89238 -1.33974 60.6272
-6.86795 -1.45983 54.133
-6.84143 -1.57947 46.725
-6.81282 -1.69863 46.725
-6.78214 -1.81727 38.6904
-6.74939 -1.93536 38.6904
-6.71458 -2.05285 30.3159
-6.67773 -2.16973 30.3159
-6.63885 -2.28594 21.7976
-6.59794 -2.40145 13.2387
-6.55503 -2.51624 13.2387
-6.51011 -2.63026 4.6793
-6.46322 -2.74347 4.6793
-6.41435 -2.85585 -3.8715
-6.36354 -2.96737 -12.4084
-6.31078 -3.07797 -12.4084
-6.2561 -3.18764 -20.9032
-6.19951 -3.29634 -20.9032
-6.14104 -3.40403 -29.2741
-6.0807 -3.51069 -29.2741
-6.0185 -3.61628 -37.3546
-5.95447 -3.72077 -44.8875
-5.88863 -3.82412 -44.8875
-5.82099 -3.92631 -51.592
-5.75158 -4.0273 -51.592
-5.68042 -4.12707 -57.2871
-5.60753 -4.22557 -61.9585
-5.53293 -4.3228 -61.9585
-5.45664 -4.4187 -65.7164
-5.37869 -4.51326 -65.7164
-5.29911 -4.60644 -68.714
-5.21791 -4.69822 -68.714
-5.13512 -4.78857 -71.0951
-5.05076 -4.87746 -72.9748
-4.96487 -4.96487 -72.9748
-4.87746 -5.05076 -74.4374
-4.78857 -5.13512 -74.4374
-4.69822 -5.21791 -75.5395
-4.60644 -5.29911 -76.3147
-4.51326 -5.37869 -76.3147
-4.4187 -5.45664 -76.7782
-4.3228 -5.53293 -76.7782
-4.22557 -5.60753 -76.934
-4.12707 -5.68042 -76.934
-4.0273 -5.75158 -76.7885
-3.92631 -5.82099 -76.3744
-3.82412 -5.88863 -76.3744
-3.72077 -5.95447 -75.779
-3.61628 -6.0185 -75.779
-3.51069 -6.0807 -75.1387
-3.40403 -6.14104 -74.5866
-3.29634 -6.19951 -74.5866
-3.18764 -6.2561 -74.2181
-3.07797 -6.31078 -74.2181
-2.96737 -6.36354 -74.0898
-2.85585 -6.41435 -74.0898
-2.74347 -6.46322 -74.2317
-2.63026 -6.51011 -74.6558
-2.51624 -6.55503 -74.6558
-2.40145 -6.59794 -75.3598
-2.28594 -6.63885 -75.3598
-2.16973 -6.67773 -76.3256
-2.05285 -6.71458 -77.51
-1.93536 -6.74939 -77.51
-1.81727 -6.78214 -78.8319
-1.69863 -6.81282 -78.8319
-1.57947 -6.84143 -80.163
-1.45983 -6.86795 -80.163
-1.33974 -6.89238 -81.3421
-1.21925 -6.91471 -82.2251
-1.09839 -6.93494 -82.2251
-0.977188 -6.95305 -82.7338
-0.855691 -6.96905 -82.7338
-0.733934 -6.98292 -82.8526
-0.611954 -6.99467 -82.5914
-0.489787 -7.00428 -82.5914
-0.367471 -7.01176 -81.9572
-0.245043 -7.01711 -81.9572
-0.12254 -7.02031 -80.9407
-1.28981e-15 -7.02138 -80.9407
0.12254 -7.02031 -79.5093
0.245043 -7.01711 -77.6033
0.367471 -7.01176 -77.6033
0.489787 -7.00428 -75.132
0.611954 -6.99467 -75.132
0.733934 -6.98292 -71.9715
0.855691 -6.96905 -67.9715
0.977188 -6.95305 -67.9715
1.09839 -6.93494 -62.983
1.21925 -6.91471 -62.983
1.33974 -6.89238 -56.9233
1.45983 -6.86795 -56.9233
1.57947 -6.84143 -49.8611
1.69863 -6.81282 -42.0283
1.81727 -6.78214 -42.0283
1.93536 -6.74939 -33.7149
2.05285 -6.71458 -33.7149
2.16973 -6.67773 -25.156
2.28594 -6.63885 -16.4931
2.40145 -6.59794 -16.4931
2.51624 -6.55503 -7.79037
2.63026 -6.51011 -7.79037
2.74347 -6.46322 0.933209
2.85585 -6.41435 0.933209
2.96737 -6.36354 9.67417
3.07797 -6.31078 18.4179
3.18764 -6.2561 18.4179
3.29634 -6.19951 27.1095
3.40403 -6.14104 27.1095
3.51069 -6.0807 35.6207
3.61628 -6.0185 43.715
3.72077 -5.95447 43.715
3.82412 -5.88863 51.0552
3.92631 -5.82099 51.0552
4.0273 -5.75158 57.3279
4.12707 -5.68042 57.3279
4.22557 -5.60753 62.4297
4.3228 -5.53293 66.4337
4.4187 -5.45664 66.4337
4.51326 -5.37869 69.4861
4.60644 -5.29911 69.4861
4.69822 -5.21791 71.735
4.78857 -5.13512 73.2983
4.87746 -5.05076 73.2983
4.96487 -4.96487 74.255
5.05076 -4.87746 74.255
5.13512 -4.78857 74.6454
5.21791 -4.69822 74.6454
5.29911 -4.60644 74.4729
5.37869 -4.51326 73.7068
5.45664 -4.4187 73.7068
5.53293 -4.3228 72.2889
5.60753 -4.22557 72.2889
5.68042 -4.12707 70.1521
5.75158 -4.0273 67.2603
5.82099 -3.92631 67.2603
5.88863 -3.82412 63.6673
5.95447 -3.72077 63.6673
6.0185 -3.61628 59.5452
6.0807 -3.51069 59.5452
6.14104 -3.40403 55.131
6.19951 -3.29634 50.635
6.2561 -3.18764 50.635
6.31078 -3.07797 46.1938
6.36354 -2.96737 46.1938
6.41435 -2.85585 41.8762
6.46322 -2.74347 37.7078
6.51011 -2.63026 37.7078
6.55503 -2.51624 33.6917
6.59794 -2.40145 33.6917
6.63885 -2.28594 29.8254
6.67773 -2.16973 29.8254
6.71458 -2.05285 26.113
6.74939 -1.93536 22.5777
6.78214 -1.81727 22.5777
6.81282 -1.69863 19.2725
6.84143 -1.57947 19.2725
6.86795 -1.45983 16.2792
6.89238 -1.33974 13.6758
6.91471 -1.21925 13.6758
6.93494 -1.09839 11.4917
6.95305 -0.977188 11.4917
6.96905 -0.855691 9.69948
6.98292 -0.733934 9.69948
6.99467 -0.611954 8.23987
7.00428 -0.489787 7.04822
7.01176 -0.367471 7.04822
7.01711 -0.245043 6.0675
7.02031 -0.12254 6.0675

7.10117 0 4.30719
7.10009 0.123933 3.74268
7.09685 0.247827 3.74268
7.09144 0.371647 3.26735
7.08387 0.495353 3.26735
7.07415 0.618908 2.86348
7.06227 0.742275 2.51851
7.04824 0.865415 2.51851
7.03206 0.988292 2.22358
7.01375 1.11087 2.22358
6.99329 1.23311 1.97182
6.9707 1.35497 1.75534
6.94599 1.47642 1.75534
6.91917 1.59742 1.56153
6.89024 1.71793 1.56153
6.85921 1.83792 1.37391
6.82609 1.95735 1.17991
6.79089 2.07618 1.17991
6.75362 2.19438 0.973975
6.71429 2.31192 0.973975
6.67292 2.42874 0.755675
6.62952 2.54483 0.527256
6.58409 2.66015 0.527256
6.53666 2.77465 0.292131
6.48724 2.88831 0.292131
6.43585 3.00109 0.0540637
6.38249 3.11295 -0.183332
6.32719 3.22386 -0.183332
6.26996 3.3338 -0.417171
6.21083 3.44272 -0.417171
6.1498 3.55059 -0.646289
6.08689 3.65737 -0.872839
6.02214 3.76305 -0.872839
5.95554 3.86758 -1.10351
5.88714 3.97093 -1.10351
5.81694 4.07307 -1.34801
5.74497 4.17396 -1.61566
5.67125 4.27359 -1.61566
5.5958 4.37192 -1.91435
5.51865 4.46891 -1.91435
5.43981 4.56455 -2.25206
5.35932 4.65879 -2.63851
5.2772 4.75161 -2.63851
5.19347 4.84299 -3.08645
5.10816 4.93289 -3.08645
5.02129 5.02129 -3.61303
4.93289 5.10816 -4.24164
4.84299 5.19347 -4.24164
4.75161 5.2772 -5.00463
4.65879 5.35932 -5.00463
4.56455 5.43981 -5.94687
4.46891 5.51865 -7.12992
4.37192 5.5958 -7.12992
4.27359 5.67125 -8.63425
4.17396 5.74497 -8.63425
4.07307 5.81694 -10.5518
3.97093 5.88714 -12.9523
3.86758 5.95554 -12.9523
3.76305 6.02214 -15.8117
3.65737 6.08689 -15.8117
3.55059 6.1498 -19.0012
3.44272 6.21083 -22.4014
3.3338 6.26996 -22.4014
3.22386 6.32719 -25.9509
3.11295 6.38249 -25.9509
3.00109 6.43585 -29.6346
2.88831 6.48724 -33.4638
2.77465 6.53666 -33.4638
2.66015 6.58409 -37.4631
2.54483 6.62952 -37.4631
2.42874 6.67292 -41.6591
2.31192 6.71429 -46.0692
2.19438 6.75362 -46.0692
2.07618 6.79089 -50.6808
1.95735 6.82609 -50.6808
1.83792 6.85921 -55.4155
1.71793 6.89024 -60.0788
1.59742 6.91917 -60.0788
1.47642 6.94599 -64.3406
1.35497 6.9707 -64.3406
1.23311 6.99329 -67.8519
1.11087 7.01375 -70.4617
0.988292 7.03206 -70.4617
0.865415 7.04824 -72.2449
0.742275 7.06227 -72.2449
0.618908 7.07415 -73.3413
0.495353 7.08387 -73.8697
0.371647 7.09144 -73.8697
0.247827 7.09685 -73.9056
0.123933 7.10009 -73.9056
4.34821e-16 7.10117 -73.4803
-0.123933 7.10009 -72.5837
-0.247827 7.09685 -72.5837
-0.371647 7.09144 -71.1631
-0.495353 7.08387 -71.1631
-0.618908 7.07415 -69.1172
-0.742275 7.06227 -66.2874
-0.865415 7.04824 -66.2874
-0.988292 7.03206 -62.4575
-1.11087 7.01375 -62.4575
-1.23311 6.99329 -57.3901
-1.35497 6.9707 -50.9546
-1.47642 6.94599 -50.9546
-1.59742 6.91917 -43.3344
-1.71793 6.89024 -43.3344
-1.83792 6.85921 -34.9868
-1.95735 6.82609 -26.3548
-2.07618 6.79089 -26.3548
-2.19438 6.75362 -17.7021
-2.31192 6.71429 -17.7021
-2.42874 6.67292 -9.1311
-2.54483 6.62952 -0.650797
-2.66015 6.58409 -0.650797
-2.77465 6.53666 7.77298
-2.88831 6.48724 7.77298
-3.00109 6.43585 16.1864
-3.11295 6.38249 24.6249
-3.22386 6.32719 24.6249
-3.3338 6.26996 33.0854
-3.44272 6.21083 33.0854
-3.55059 6.1498 41.484
-3.65737 6.08689 49.5891
-3.76305 6.02214 49.5891
-3.86758 5.95554 56.9696
-3.97093 5.88714 56.9696
-4.07307 5.81694 63.137
-4.17396 5.74497 68.0127
-4.27359 5.67125 68.0127
-4.37192 5.5958 71.7793
-4.46891 5.51865 71.7793
-4.56455 5.43981 74.677
-4.65879 5.35932 76.9133
-4.75161 5.2772 76.9133
-4.84299 5.19347 78.6431
-4.93289 5.10816 78.6431
-5.02129 5.02129 79.9739
-5.10816 4.93289 80.9758
-5.19347 4.84299 80.9758
-5.2772 4.75161 81.6895
-5.35932 4.65879 81.6895
-5.43981 4.56455 82.131
-5.51865 4.46891 82.2938
-5.5958 4.37192 82.2938
-5.67125 4.27359 82.1537
-5.74497 4.17396 82.1537
-5.81694 4.07307 81.6834
-5.88714 3.97093 80.8935
-5.95554 3.86758 80.8935
-6.02214 3.76305 79.8882
-6.08689 3.65737 79.8882
-6.1498 3.55059 78.8546
-6.21083 3.44272 77.971
-6.26996 3.3338 77.971
-6.32719 3.22386 77.3478
-6.38249 3.11295 77.3478
-6.43585 3.00109 77.0382
-6.48724 2.88831 77.0644
-6.53666 2.77465 77.0644
-6.58409 2.66015 77.4353
-6.62952 2.54483 77.4353
-6.67292 2.42874 78.1541
-6.71429 2.31192 79.2168
-6.75362 2.19438 79.2168
-6.79089 2.07618 80.6027
-6.82609 1.95735 80.6027
-6.85921 1.83792 82.2514
-6.89024 1.71793 84.0267
-6.91917 1.59742 84.0267
-6.94599 1.47642 85.6933
-6.9707 1.35497 85.6933
-6.99329 1.23311 87.0122
-7.01375 1.11087 87.8741
-7.03206 0.988292 87.8741
-7.04824 0.865415 88.2898
-7.06227 0.742275 88.2898
-7.07415 0.618908 88.3105
-7.08387 0.495353 87.979
-7.09144 0.371647 87.979
-7.09685 0.247827 87.3135
-7.10009 0.123933 87.3135
-7.10117 8.69643e-16 86.3047
-7.10009 -0.123933 84.9133
-7.09685 -0.247827 84.9133
-7.09144 -0.371647 83.0648
-7.08387 -0.495353 83.0648
-7.07415 -0.618908 80.6431
-7.06227 -0.742275 77.4796
-7.04824 -0.865415 77.4796
-7.03206 -0.988292 73.3509
-7.01375 -1.11087 73.3509
-6.99329 -1.23311 68.0056
-6.9707 -1.35497 61.2729
-6.94599 -1.47642 61.2729
-6.91917 -1.59742 53.2762
-6.89024 -1.71793 53.2762
-6.85921 -1.83792 44.4923
-6.82609 -1.95735 35.3942
-6.79089 -2.07618 35.3942
-6.75362 -2.19438 26.2542
-6.71429 -2.31192 26.2542
-6.67292 -2.42874 17.1766
-6.62952 -2.54483 8.16996
-6.58409 -2.66015 8.16996
-6.53666 -2.77465 -0.801061
-6.48724 -2.88831 -0.801061
-6.43585 -3.00109 -9.78451
-6.38249 -3.11295 -18.8168
-6.32719 -3.22386 -18.8168
-6.26996 -3.3338 -27.8914
-6.21083 -3.44272 -27.8914
-6.1498 -3.55059 -36.9064
-6.08689 -3.65737 -45.5918
-6.02214 -3.76305 -45.5918
-5.95554 -3.86758 -53.4975
-5.88714 -3.97093 -53.4975
-5.81694 -4.07307 -60.1908
-5.74497 -4.17396 -65.5287
-5.67125 -4.27359 -65.5287
-5.5958 -4.37192 -69.6612
-5.51865 -4.46891 -69.6612
-5.43981 -4.56455 -72.8416
-5.35932 -4.65879 -75.2986
-5.2772 -4.75161 -75.2986
-5.19347 -4.84299 -77.204
-5.10816 -4.93289 -77.204
-5.02129 -5.02129 -78.6768
-4.93289 -5.10816 -79.7948
-4.84299 -5.19347 -79.7948
-4.75161 -5.2772 -80.6032
-4.65879 -5.35932 -80.6032
-4.56455 -5.43981 -81.1208
-4.46891 -5.51865 -81.3427
-4.37192 -5.5958 -81.3427
-4.27359 -5.67125 -81.2439
-4.17396 -5.74497 -81.2439
-4.07307 -5.81694 -80.7936
-3.97093 -5.88714 -79.9946
-3.86758 -5.95554 -79.9946
-3.76305 -6.02214 -78.9575
-3.65737 -6.08689 -78.9575
-3.55059 -6.1498 -77.8991
-3.44272 -6.21083 -77.006
-3.3338 -6.26996 -77.006
-3.22386 -6.32719 -76.3862
-3.11295 -6.38249 -76.3862
-3.00109 -6.43585 -76.0907
-2.88831 -6.48724 -76.1412
-2.77465 -6.53666 -76.1412
-2.66015 -6.58409 -76.5463
-2.54483 -6.62952 -76.5463
-2.42874 -6.67292 -77.3081
-2.31192 -6.71429 -78.4212
-2.19438 -6.75362 -78.4212
-2.07618 -6.79089 -79.8624
-1.95735 -6.82609 -79.8624
-1.83792 -6.85921 -81.5678
-1.71793 -6.89024 -83.4002
-1.59742 -6.91917 -83.4002
-1.47642 -6.94599 -85.133
-1.35497 -6.9707 -85.133
-1.23311 -6.99329 -86.5211
-1.11087 -7.01375 -87.437
-0.988292 -7.03206 -87.437
-0.865415 -7.04824 -87.8929
-0.742275 -7.06227 -87.8929
-0.618908 -7.07415 -87.9445
-0.495353 -7.08387 -87.6368
-0.371647 -7.09144 -87.6368
-0.247827 -7.09685 -86.9892
-0.123933 -7.10009 -86.9892
-1.30446e-15 -7.10117 -85.9913
0.123933 -7.10009 -84.6024
0.247827 -7.09685 -84.6024
0.371647 -7.09144 -82.7456
0.495353 -7.08387 -82.7456
0.618908 -7.07415 -80.3
0.742275 -7.06227 -77.0895
0.865415 -7.04824 -77.0895
0.988292 -7.03206 -72.8804
1.11087 -7.01375 -72.8804
1.23311 -6.99329 -67.4184
1.35497 -6.9707 -60.557
1.47642 -6.94599 -60.557
1.59742 -6.91917 -52.4695
1.71793 -6.89024 -52.4695
1.83792 -6.85921 -43.6097
1.95735 -6.82609 -34.4204
2.07618 -6.79089 -34.4204
2.19438 -6.75362 -25.1639
2.31192 -6.71429 -25.1639
2.42874 -6.67292 -15.9403
2.54483 -6.62952 -6.75437
2.66015 -6.58409 -6.75437
2.77465 -6.53666 2.433
2.88831 -6.48724 2.433
3.00109 -6.43585 11.6727
3.11295 -6.38249 21.0024
3.22386 -6.32719 21.0024
3.3338 -6.26996 30.4145
3.44272 -6.21083 30.4145
3.55059 -6.1498 39.8056
3.65737 -6.08689 48.8965
3.76305 -6.02214 48.8965
3.86758 -5.95554 57.1686
3.97093 -5.88714 57.1686
4.07307 -5.81694 64.0308
4.17396 -5.74497 69.3743
4.27359 -5.67125 69.3743
4.37192 -5.5958 73.3981
4.46891 -5.51865 73.3981
4.56455 -5.43981 76.3693
4.65879 -5.35932 78.5155
4.75161 -5.2772 78.5155
4.84299 -5.19347 79.9998
4.93289 -5.10816 79.9998
5.02129 -5.02129 80.9253
5.10816 -4.93289 81.3441
5.19347 -4.84299 81.3441
5.2772 -4.75161 81.2633
5.35932 -4.65879 81.2633
5.43981 -4.56455 80.6453
5.51865 -4.46891 79.4065
5.5958 -4.37192 79.4065
5.67125 -4.27359 77.4201
5.74497 -4.17396 77.4201
5.81694 -4.07307 74.5453
5.88714 -3.97093 70.7199
5.95554 -3.86758 70.7199
6.02214 -3.76305 66.0959
6.08689 -3.65737 66.0959
6.1498 -3.55059 61.0312
6.21083 -3.44272 55.8816
6.26996 -3.3338 55.8816
6.32719 -3.22386 50.8604
6.38249 -3.11295 50.8604
6.43585 -3.00109 46.0525
6.48724 -2.88831 41.4709
6.53666 -2.77465 41.4709
6.58409 -2.66015 37.0959
6.62952 -2.54483 37.0959
6.67292 -2.42874 32.8976
6.71429 -2.31192 28.8487
6.75362 -2.19438 28.8487
6.79089 -2.07618 24.9369
6.82609 -1.95735 24.9369
6.85921 -1.83792 21.182
6.89024 -1.71793 17.6604
6.91917 -1.59742 17.6604
6.94599 -1.47642 14.516
6.9707 -1.35497 14.516
6.99329 -1.23311 11.8821
7.01375 -1.11087 9.77899
7.03206 -0.988292 9.77899
7.04824 -0.865415 8.13195
7.06227 -0.742275 8.13195
7.07415 -0.618908 6.83983
7.08387 -0.495353 5.81369
7.09144 -0.371647 5.81369
7.09685 -0.247827 4.98582
7.10009 -0.123933 4.98582

7.18096 0 4.30719
7.17987 0.125325 3.74268
7.17659 0.250612 3.74268
7.17112 0.375822 3.26735
7.16347 0.500919 3.26735
7.15364 0.625862 2.86348
7.14162 0.750615 2.51851
7.12744 0.875139 2.51851
7.11108 0.999397 2.22358
7.09255 1.12335 2.22358
7.07187 1.24696 1.97182
7.04903 1.37019 1.75534
7.02404 1.49301 1.75534
6.99691 1.61536 1.56153
6.96766 1.73723 1.56153
6.93628 1.85857 1.37391
6.90278 1.97934 1.17991
6.86719 2.09951 1.17991
6.8295 2.21904 0.973975
6.78973 2.33789 0.973975
6.7479 2.45603 0.755675
6.704 2.57343 0.527256
6.65807 2.69004 0.527256
6.61011 2.80583 0.292131
6.56013 2.92076 0.292131
6.50816 3.03481 0.0540637
6.45421 3.14793 -0.183332
6.39828 3.26009 -0.183332
6.34041 3.37126 -0.417171
6.28061 3.4814 -0.417171
6.21889 3.59048 -0.646289
6.15528 3.69847 -0.872839
6.0898 3.80533 -0.872839
6.02246 3.91103 -1.10351
5.95329 4.01554 -1.10351
5.8823 4.11883 -1.34801
5.80952 4.22086 -1.61566
5.73497 4.32161 -1.61566
5.65867 4.42104 -1.91435
5.58065 4.51913 -1.91435
5.50094 4.61583 -2.25206
5.41954 4.71113 -2.63851
5.33649 4.805 -2.63851
5.25182 4.8974 -3.08645
5.16555 4.98831 -3.08645
5.07771 5.07771 -3.61303
4.98831 5.16555 -4.24164
4.8974 5.25182 -4.24164
4.805 5.33649 -5.00463
4.71113 5.41954 -5.00463
4.61583 5.50094 -5.94687
4.51913 5.58065 -7.12992
4.42104 5.65867 -7.12992
4.32161 5.73497 -8.63425
4.22086 5.80952 -8.63425
4.11883 5.8823 -10.5518
4.01554 5.95329 -12.9523
3.91103 6.02246 -12.9523
3.80533 6.0898 -15.8117
3.69847 6.15528 -15.8117
3.59048 6.21889 -19.0012
3.4814 6.28061 -22.4014
3.37126 6.34041 -22.4014
3.26009 6.39828 -25.9509
3.14793 6.45421 -25.9509
3.03481 6.50816 -29.6346
2.92076 6.56013 -33.4638
2.80583 6.61011 -33.4638
2.69004 6.65807 -37.4631
2.57343 6.704 -37.4631
2.45603 6.7479 -41.6591
2.33789 6.78973 -46.0692
2.21904 6.8295 -46.0692
2.09951 6.86719 -50.6808
1.97934 6.90278 -50.6808
1.85857 6.93628 -55.4155
1.73723 6.96766 -60.0788
1.61536 6.99691 -60.0788
1.49301 7.02404 -64.3406
1.37019 7.04903 -64.3406
1.24696 7.07187 -67.8519
1.12335 7.09255 -70.4617
0.999397 7.11108 -70.4617
0.875139 7.12744 -72.2449
0.750615 7.14162 -72.2449
0.625862 7.15364 -73.3413
0.500919 7.16347 -73.8697
0.375822 7.17112 -73.8697
0.250612 7.17659 -73.9056
0.125325 7.17987 -73.9056
4.39707e-16 7.18096 -73.4803
-0.125325 7.17987 -72.5837
-0.250612 7.17659 -72.5837
-0.375822 7.17112 -71.1631
-0.500919 7.16347 -71.1631
-0.625862 7.15364 -69.1172
-0.750615 7.14162 -66.2874
-0.875139 7.12744 -66.2874
-0.999397 7.11108 -62.4575
-1.12335 7.09255 -62.4575
-1.24696 7.07187 -57.3901
-1.37019 7.04903 -50.9546
-1.49301 7.02404 -50.9546
-1.61536 6.99691 -43.3344
-1.73723 6.96766 -43.3344
-1.85857 6.93628 -34.9868
-1.97934 6.90278 -26.3548
-2.09951 6.86719 -26.3548
-2.21904 6.8295 -17.7021
-2.33789 6.78973 -17.7021
-2.45603 6.7479 -9.1311
-2.57343 6.704 -0.650797
-2.69004 6.65807 -0.650797
-2.80583 6.61011 7.77298
-2.92076 6.56013 7.77298
-3.03481 6.50816 16.1864
-3.14793 6.45421 24.6249
-3.26009 6.39828 24.6249
-3.37126 6.34041 33.0854
-3.4814 6.28061 33.0854
-3.59048 6.21889 41.484
-3.69847 6.15528 49.5891
-3.80533 6.0898 49.5891
-3.91103 6.02246 56.9696
-4.01554 5.95329 56.9696
-4.11883 5.8823 63.137
-4.22086 5.80952 68.0127
-4.32161 5.73497 68.0127
-4.42104 5.65867 71.7793
-4.51913 5.58065 71.7793
-4.61583 5.50094 74.677
-4.71113 5.41954 76.9133
-4.805 5.33649 76.9133
-4.8974 5.25182 78.6431
-4.98831 5.16555 78.6431
-5.07771 5.07771 79.9739
-5.16555 4.98831 80.9758
-5.25182 4.8974 80.9758
-5.33649 4.805 81.6895
-5.41954 4.71113 81.6895
-5.50094 4.61583 82.131
-5.58065 4.51913 82.2938
-5.65867 4.42104 82.2938
-5.73497 4.32161 82.1537
-5.80952 4.22086 82.1537
-5.8823 4.11883 81.6834
-5.95329 4.01554 80.8935
-6.02246 3.91103 80.8935
-6.0898 3.80533 79.8882
-6.15528 3.69847 79.8882
-6.21889 3.59048 78.8546
-6.28061 3.4814 77.971
-6.34041 3.37126 77.971
-6.39828 3.26009 77.3478
-6.45421 3.14793 77.3478
-6.50816 3.03481 77.0382
-6.56013 2.92076 77.0644
-6.61011 2.80583 77.0644
-6.65807 2.69004 77.4353
-6.704 2.57343 77.4353
-6.7479 2.45603 78.1541
-6.78973 2.33789 79.2168
-6.8295 2.21904 79.2168
-6.86719 2.09951 80.6027
-6.90278 1.97934 80.6027
-6.93628 1.85857 82.2514
-6.96766 1.73723 84.0267
-6.99691 1.61536 84.0267
-7.02404 1.49301 85.6933
-7.04903 1.37019 85.6933
-7.07187 1.24696 87.0122
-7.09255 1.12335 87.8741
-7.11108 0.999397 87.8741
-7.12744 0.875139 88.2898
-7.14162 0.750615 88.2898
-7.15364 0.625862 88.3105
-7.16347 0.500919 87.979
-7.17112 0.375822 87.979
-7.17659 0.250612 87.3135
-7.17987 0.125325 87.3135
-7.18096 8.79414e-16 86.3047
-7.17987 -0.125325 84.9133
-7.17659 -0.250612 84.9133
-7.17112 -0.375822 83.0648
-7.16347 -0.500919 83.0648
-7.15364 -0.625862 80.6431
-7.14162 -0.750615 77.4796
-7.12744 -0.875139 77.4796
-7.11108 -0.999397 73.3509
-7.09255 -1.12335 73.3509
-7.07187 -1.24696 68.0056
-7.04903 -1.37019 61.2729
-7.02404 -1.49301 61.2729
-6.99691 -1.61536 53.2762
-6.96766 -1.73723 53.2762
-6.93628 -1.85857 44.4923
-6.90278 -1.97934 35.3942
-6.86719 -2.09951 35.3942
-6.8295 -2.21904 26.2542
-6.78973 -2.33789 26.2542
-6.7479 -2.45603 17.1766
-6.704 -2.57343 8.16996
-6.65807 -2.69004 8.16996
-6.61011 -2.80583 -0.801061
-6.56013 -2.92076 -0.801061
-6.50816 -3.03481 -9.78451
-6.45421 -3.14793 -18.8168
-6.39828 -3.26009 -18.8168
-6.34041 -3.37126 -27.8914
-6.28061 -3.4814 -27.8914
-6.21889 -3.59048 -36.9064
-6.15528 -3.69847 -45.5918
-6.0898 -3.80533 -45.5918
-6.02246 -3.91103 -53.4975
-5.95329 -4.01554 -53.4975
-5.8823 -4.11883 -60.1908
-5.80952 -4.22086 -65.5287
-5.73497 -4.32161 -65.5287
-5.65867 -4.42104 -69.6612
-5.58065 -4.51913 -69.6612
-5.50094 -4.61583 -72.8416
-5.41954 -4.71113 -75.2986
-5.33649 -4.805 -75.2986
-5.25182 -4.8974 -77.204
-5.16555 -4.98831 -77.204
-5.07771 -5.07771 -78.6768
-4.98831 -5.16555 -79.7948
-4.8974 -5.25182 -79.7948
-4.805 -5.33649 -80.6032
-4.71113 -5.41954 -80.6032
-4.61583 -5.50094 -81.1208
-4.51913 -5.58065 -81.3427
-4.42104 -5.65867 -81.3427
-4.32161 -5.73497 -81.2439
-4.22086 -5.80952 -81.2439
-4.11883 -5.8823 -80.7936
-4.01554 -5.95329 -79.9946
-3.91103 -6.02246 -79.9946
-3.80533 -6.0898 -78.9575
-3.69847 -6.15528 -78.9575
-3.59048 -6.21889 -77.8991
-3.4814 -6.28061 -77.006
-3.37126 -6.34041 -77.006
-3.26009 -6.39828 -76.3862
-3.14793 -6.45421 -76.3862
-3.03481 -6.50816 -76.0907
-2.92076 -6.56013 -76.1412
-2.80583 -6.61011 -76.1412
-2.69004 -6.65807 -76.5463
-2.57343 -6.704 -76.5463
-2.45603 -6.7479 -77.3081
-2.33789 -6.78973 -78.4212
-2.21904 -6.8295 -78.4212
-2.09951 -6.86719 -79.8624
-1.97934 -6.90278 -79.8624
-1.85857 -6.93628 -81.5678
-1.73723 -6.96766 -83.4002
-1.61536 -6.99691 -83.4002
-1.49301 -7.02404 -85.133
-1.37019 -7.04903 -85.133
-1.24696 -7.07187 -86.5211
-1.12335 -7.09255 -87.437
-0.999397 -7.11108 -87.437
-0.875139 -7.12744 -87.8929
-0.750615 -7.14162 -87.8929
-0.625862 -7.15364 -87.9445
-0.500919 -7.16347 -87.6368
-0.375822 -7.17112 -87.6368
-0.250612 -7.17659 -86.9892
-0.125325 -7.17987 -86.9892
-1.31912e-15 -7.18096 -85.9913
0.125325 -7.17987 -84.6024
0.250612 -7.17659 -84.6024
0.375822 -7.17112 -82.7456
0.500919 -7.16347 -82.7456
0.625862 -7.15364 -80.3
0.750615 -7.14162 -77.0895
0.875139 -7.12744 -77.0895
0.999397 -7.11108 -72.8804
1.12335 -7.09255 -72.8804
1.24696 -7.07187 -67.4184
1.37019 -7.04903 -60.557
1.49301 -7.02404 -60.557
1.61536 -6.99691 -52.4695
1.73723 -6.96766 -52.4695
1.85857 -6.93628 -43.6097
1.97934 -6.90278 -34.4204
2.09951 -6.86719 -34.4204
2.21904 -6.8295 -25.1639
2.33789 -6.78973 -25.1639
2.45603 -6.7479 -15.9403
2.57343 -6.704 -6.75437
2.69004 -6.65807 -6.75437
2.80583 -6.61011 2.433
2.92076 -6.56013 2.433
3.03481 -6.50816 11.6727
3.14793 -6.45421 21.0024
3.26009 -6.39828 21.0024
3.37126 -6.34041 30.4145
3.4814 -6.28061 30.4145
3.59048 -6.21889 39.8056
3.69847 -6.15528 48.8965
3.80533 -6.0898 48.8965
3.91103 -6.02246 57.1686
4.01554 -5.95329 57.1686
4.11883 -5.8823 64.0308
4.22086 -5.80952 69.3743
4.32161 -5.73497 69.3743
4.42104 -5.65867 73.3981
4.51913 -5.58065 73.3981
4.61583 -5.50094 76.3693
4.71113 -5.41954 78.5155
4.805 -5.33649 78.5155
4.8974 -5.25182 79.9998
4.98831 -5.16555 79.9998
5.07771 -5.07771 80.9253
5.16555 -4.98831 81.3441
5.25182 -4.8974 81.3441
5.33649 -4.805 81.2633
5.41954 -4.71113 81.2633
5.50094 -4.61583 80.6453
5.58065 -4.51913 79.4065
5.65867 -4.42104 79.4065
5.73497 -4.32161 77.4201
5.80952 -4.22086 77.4201
5.8823 -4.11883 74.5453
5.95329 -4.01554 70.7199
6.02246 -3.91103 70.7199
6.0898 -3.80533 66.0959
6.15528 -3.69847 66.0959
6.21889 -3.59048 61.0312
6.28061 -3.4814 55.8816
6.34041 -3.37126 55.8816
6.39828 -3.26009 50.8604
6.45421 -3.14793 50.8604
6.50816 -3.03481 46.0525
6.56013 -2.92076 41.4709
6.61011 -2.80583 41.4709
6.65807 -2.69004 37.0959
6.704 -2.57343 37.0959
6.7479 -2.45603 32.8976
6.78973 -2.33789 28.8487
6.8295 -2.21904 28.8487
6.86719 -2.09951 24.9369
6.90278 -1.97934 24.9369
6.93628 -1.85857 21.182
6.96766 -1.73723 17.6604
6.99691 -1.61536 17.6604
7.02404 -1.49301 14.516
7.04903 -1.37019 14.516
7.07187 -1.24696 11.8821
7.09255 -1.12335 9.77899
7.11108 -0.999397 9.77899
7.12744 -0.875139 8.13195
7.14162 -0.750615 8.13195
7.15364 -0.625862 6.83983
7.16347 -0.500919 5.81369
7.17112 -0.375822 5.81369
7.17659 -0.250612 4.98582
7.17987 -0.125325 4.98582

7.26075 0 4.30719
7.25964 0.126718 3.74268
7.25633 0.253397 3.74268
7.2508 0.379998 3.26735
7.24306 0.506484 3.26735
7.23312 0.632816 2.86348
7.22097 0.758955 2.51851
7.20663 0.884863 2.51851
7.19009 1.0105 2.22358
7.17136 1.13583 2.22358
7.15044 1.26082 1.97182
7.12735 1.38542 1.75534
7.10208 1.50959 1.75534
7.07466 1.63331 1.56153
7.04507 1.75653 1.56153
7.01335 1.87922 1.37391
6.97948 2.00133 1.17991
6.94349 2.12284 1.17991
6.90538 2.24369 0.973975
6.86517 2.36387 0.973975
6.82287 2.48332 0.755675
6.77849 2.60202 0.527256
6.73205 2.71992 0.527256
6.68356 2.837 0.292131
6.63302 2.95321 0.292131
6.58047 3.06853 0.0540637
6.52592 3.1829 -0.183332
6.46938 3.29631 -0.183332
6.41086 3.40872 -0.417171
6.35039 3.52008 -0.417171
6.28799 3.63037 -0.646289
6.22368 3.73956 -0.872839
6.15746 3.84761 -0.872839
6.08938 3.95449 -1.10351
6.01943 4.06016 -1.10351
5.94766 4.16459 -1.34801
5.87407 4.26776 -1.61566
5.79869 4.36963 -1.61566
5.72155 4.47016 -1.91435
5.64266 4.56934 -1.91435
5.56206 4.66712 -2.25206
5.47976 4.76348 -2.63851
5.39579 4.85839 -2.63851
5.31018 4.95182 -3.08645
5.22295 5.04374 -3.08645
5.13413 5.13413 -3.61303
5.04374 5.22295 -4.24164
4.95182 5.31018 -4.24164
4.85839 5.39579 -5.00463
4.76348 5.47976 -5.00463
4.66712 5.56206 -5.94687
4.56934 5.64266 -7.12992
4.47016 5.72155 -7.12992
4.36963 5.79869 -8.63425
4.26776 5.87407 -8.63425
4.16459 5.94766 -10.5518
4.06016 6.01943 -12.9523
3.95449 6.08938 -12.9523
3.84761 6.15746 -15.8117
3.73956 6.22368 -15.8117
3.63037 6.28799 -19.0012
3.52008 6.35039 -22.4014
3.40872 6.41086 -22.4014
3.29631 6.46938 -25.9509
3.1829 6.52592 -25.9509
3.06853 6.58047 -29.6346
2.95321 6.63302 -33.4638
2.837 6.68356 -33.4638
2.71992 6.73205 -37.4631
2.60202 6.77849 -37.4631
2.48332 6.82287 -41.6591
2.36387 6.86517 -46.0692
2.24369 6.90538 -46.0692
2.12284 6.94349 -50.6808
2.00133 6.97948 -50.6808
1.87922 7.01335 -55.4155
1.75653 7.04507 -60.0788
1.63331 7.07466 -60.0788
1.50959 7.10208 -64.3406
1.38542 7.12735 -64.3406
1.26082 7.15044 -67.8519
1.13583 7.17136 -70.4617
1.0105 7.19009 -70.4617
0.884863 7.20663 -72.2449
0.758955 7.22097 -72.2449
0.632816 7.23312 -73.3413
0.506484 7.24306 -73.8697
0.379998 7.2508 -73.8697
0.253397 7.25633 -73.9056
0.126718 7.25964 -73.9056
4.44593e-16 7.26075 -73.4803
-0.126718 7.25964 -72.5837
-0.253397 7.25633 -72.5837
-0.379998 7.2508 -71.1631
-0.506484 7.24306 -71.1631
-0.632816 7.23312 -69.1172
-0.758955 7.22097 -66.2874
-0.884863 7.20663 -66.2874
-1.0105 7.19009 -62.4575
-1.13583 7.17136 -62.4575
-1.26082 7.15044 -57.3901
-1.38542 7.12735 -50.9546
-1.50959 7.10208 -50.9546
-1.63331 7.07466 -43.3344
-1.75653 7.04507 -43.3344
-1.87922 7.01335 -34.9868
-2.00133 6.97948 -26.3548
-2.12284 6.94349 -26.3548
-2.24369 6.90538 -17.7021
-2.36387 6.86517 -17.7021
-2.48332 6.82287 -9.1311
-2.60202 6.77849 -0.650797
-2.71992 6.73205 -0.650797
-2.837 6.68356 7.77298
-2.95321 6.63302 7.77298
-3.06853 6.58047 16.1864
-3.1829 6.52592 24.6249
-3.29631 6.46938 24.6249
-3.40872 6.41086 33.0854
-3.52008 6.35039 33.0854
-3.63037 6.28799 41.484
-3.73956 6.22368 49.5891
-3.84761 6.15746 49.5891
-3.95449 6.08938 56.9696
-4.06016 6.01943 56.9696
-4.16459 5.94766 63.137
-4.26776 5.87407 68.0127
-4.36963 5.79869 68.0127
-4.47016 5.72155 71.7793
-4.56934 5.64266 71.7793
-4.66712 5.56206 74.677
-4.76348 5.47976 76.9133
-4.85839 5.39579 76.9133
-4.95182 5.31018 78.6431
-5.04374 5.22295 78.6431
-5.13413 5.13413 79.9739
-5.22295 5.04374 80.9758
-5.31018 4.95182 80.9758
-5.39579 4.85839 81.6895
-5.47976 4.76348 81.6895
-5.56206 4.66712 82.131
-5.64266 4.56934 82.2938
-5.72155 4.47016 82.2938
-5.79869 4.36963 82.1537
-5.87407 4.26776 82.1537
-5.94766 4.16459 81.6834
-6.01943 4.06016 80.8935
-6.08938 3.95449 80.8935
-6.15746 3.84761 79.8882
-6.22368 3.73956 79.8882
-6.28799 3.63037 78.8546
-6.35039 3.52008 77.971
-6.41086 3.40872 77.971
-6.46938 3.29631 77.3478
-6.52592 3.1829 77.3478
-6.58047 3.06853 77.0382
-6.63302 2.95321 77.0644
-6.68356 2.837 77.0644
-6.73205 2.71992 77.4353
-6.77849 2.60202 77.4353
-6.82287 2.48332 78.1541
-6.86517 2.36387 79.2168
-6.90538 2.24369 79.2168
-6.94349 2.12284 80.6027
-6.97948 2.00133 80.6027
-7.01335 1.87922 82.2514
-7.04507 1.75653 84.0267
-7.07466 1.63331 84.0267
-7.10208 1.50959 85.6933
-7.12735 1.38542 85.6933
-7.15044 1.26082 87.0122
-7.17136 1.13583 87.8741
-7.19009 1.0105 87.8741
-7.20663 0.884863 88.2898
-7.22097 0.758955 88.2898
-7.23312 0.632816 88.3105
-7.24306 0.506484 87.979
-7.2508 0.379998 87.979
-7.25633 0.253397 87.3135
-7.25964 0.126718 87.3135
-7.26075 8.89185e-16 86.3047
-7.25964 -0.126718 84.9133
-7.25633 -0.253397 84.9133
-7.2508 -0.379998 83.0648
-7.24306 -0.506484 83.0648
-7.23312 -0.632816 80.6431
-7.22097 -0.758955 77.4796
-7.20663 -0.884863 77.4796
-7.19009 -1.0105 73.3509
-7.17136 -1.13583 73.3509
-7.15044 -1.26082 68.0056
-7.12735 -1.38542 61.2729
-7.10208 -1.50959 61.2729
-7.07466 -1.63331 53.2762
-7.04507 -1.75653 53.2762
-7.01335 -1.87922 44.4923
-6.97948 -2.00133 35.3942
-6.94349 -2.12284 35.3942
-6.90538 -2.24369 26.2542
-6.86517 -2.36387 26.2542
-6.82287 -2.48332 17.1766
-6.77849 -2.60202 8.16996
-6.73205 -2.71992 8.16996
-6.68356 -2.837 -0.801061
-6.63302 -2.95321 -0.801061
-6.58047 -3.06853 -9.78451
-6.52592 -3.1829 -18.8168
-6.46938 -3.29631 -18.8168
-6.41086 -3.40872 -27.8914
-6.35039 -3.52008 -27.8914
-6.28799 -3.63037 -36.9064
-6.22368 -3.73956 -45.5918
-6.15746 -3.84761 -45.5918
-6.08938 -3.95449 -53.4975
-6.01943 -4.06016 -53.4975
-5.94766 -4.16459 -60.1908
-5.87407 -4.26776 -65.5287
-5.79869 -4.36963 -65.5287
-5.72155 -4.47016 -69.6612
-5.64266 -4.56934 -69.6612
-5.56206 -4.66712 -72.8416
-5.47976 -4.76348 -75.2986
-5.39579 -4.85839 -75.2986
-5.31018 -4.95182 -77.204
-5.22295 -5.04374 -77.204
-5.13413 -5.13413 -78.6768
-5.04374 -5.22295 -79.7948
-4.95182 -5.31018 -79.7948
-4.85839 -5.39579 -80.6032
-4.76348 -5.47976 -80.6032
-4.66712 -5.56206 -81.1208
-4.56934 -5.64266 -81.3427
-4.47016 -5.72155 -81.3427
-4.36963 -5.79869 -81.2439
-4.26776 -5.87407 -81.2439
-4.16459 -5.94766 -80.7936
-4.06016 -6.01943 -79.9946
-3.95449 -6.08938 -79.9946
-3.84761 -6.15746 -78.9575
-3.73956 -6.22368 -78.9575
-3.63037 -6.28799 -77.8991
-3.52008 -6.35039 -77.006
-3.40872 -6.41086 -77.006
-3.29631 -6.46938 -76.3862
-3.1829 -6.52592 -76.3862
-3.06853 -6.58047 -76.0907
-2.95321 -6.63302 -76.1412
-2.837 -6.68356 -76.1412
-2.71992 -6.73205 -76.5463
-2.60202 -6.77849 -76.5463
-2.48332 -6.82287 -77.3081
-2.36387 -6.86517 -78.4212
-2.24369 -6.90538 -78.4212
-2.12284 -6.94349 -79.8624
-2.00133 -6.97948 -79.8624
-1.87922 -7.01335 -81.5678
-1.75653 -7.04507 -83.4002
-1.63331 -7.07466 -83.4002
-1.50959 -7.10208 -85.133
-1.38542 -7.12735 -85.133
-1.26082 -7.15044 -86.5211
-1.13583 -7.17136 -87.437
-1.0105 -7.19009 -87.437
-0.884863 -7.20663 -87.8929
-0.758955 -7.22097 -87.8929
-0.632816 -7.23312 -87.9445
-0.506484 -7.24306 -87.6368
-0.379998 -7.2508 -87.6368
-0.253397 -7.25633 -86.9892
-0.126718 -7.25964 -86.9892
-1.33378e-15 -7.26075 -85.9913
0.126718 -7.25964 -84.6024
0.253397 -7.25633 -84.6024
0.379998 -7.2508 -82.7456
0.506484 -7.24306 -82.7456
0.632816 -7.23312 -80.3
0.758955 -7.22097 -77.0895
0.884863 -7.20663 -77.0895
1.0105 -7.19009 -72.8804
1.13583 -7.17136 -72.8804
1.26082 -7.15044 -67.4184
1.38542 -7.12735 -60.557
1.50959 -7.10208 -60.557
1.63331 -7.07466 -52.4695
1.75653 -7.04507 -52.4695
1.87922 -7.01335 -43.6097
2.00133 -6.97948 -34.4204
2.12284 -6.94349 -34.4204
2.24369 -6.90538 -25.1639
2.36387 -6.86517 -25.1639
2.48332 -6.82287 -15.9403
2.60202 -6.77849 -6.75437
2.71992 -6.73205 -6.75437
2.837 -6.68356 2.433
2.95321 -6.63302 2.433
3.06853 -6.58047 11.6727
3.1829 -6.52592 21.0024
3.29631 -6.46938 21.0024
3.40872 -6.41086 30.4145
3.52008 -6.35039 30.4145
3.63037 -6.28799 39.8056
3.73956 -6.22368 48.8965
3.84761 -6.15746 48.8965
3.95449 -6.08938 57.1686
4.06016 -6.01943 57.1686
4.16459 -5.94766 64.0308
4.26776 -5.87407 69.3743
4.36963 -5.79869 69.3743
4.47016 -5.72155 73.3981
4.56934 -5.64266 73.3981
4.66712 -5.56206 76.3693
4.76348 -5.47976 78.5155
4.85839 -5.39579 78.5155
4.95182 -5.31018 79.9998
5.04374 -5.22295 79.9998
5.13413 -5.13413 80.9253
5.22295 -5.04374 81.3441
5.31018 -4.95182 81.3441
5.39579 -4.85839 81.2633
5.47976 -4.76348 81.2633
5.56206 -4.66712 80.6453
5.64266 -4.56934 79.4065
5.72155 -4.47016 79.4065
5.79869 -4.36963 77.4201
5.87407 -4.26776 77.4201
5.94766 -4.16459 74.5453
6.01943 -4.06016 70.7199
6.08938 -3.95449 70.7199
6.15746 -3.84761 66.0959
6.22368 -3.73956 66.0959
6.28799 -3.63037 61.0312
6.35039 -3.52008 55.8816
6.41086 -3.40872 55.8816
6.46938 -3.29631 50.8604
6.52592 -3.1829 50.8604
6.58047 -3.06853 46.0525
6.63302 -2.95321 41.4709
6.68356 -2.837 41.4709
6.73205 -2.71992 37.0959
6.77849 -2.60202 37.0959
6.82287 -2.48332 32.8976
6.86517 -2.36387 28.8487
6.90538 -2.24369 28.8487
6.94349 -2.12284 24.9369
6.97948 -2.00133 24.9369
7.01335 -1.87922 21.182
7.04507 -1.75653 17.6604
7.07466 -1.63331 17.6604
7.10208 -1.50959 14.516
7.12735 -1.38542 14.516
7.15044 -1.26082 11.8821
7.17136 -1.13583 9.77899
7.19009 -1.0105 9.77899
7.20663 -0.884863 8.13195
7.22097 -0.758955 8.13195
7.23312 -0.632816 6.83983
7.24306 -0.506484 5.81369
7.2508 -0.379998 5.81369
7.25633 -0.253397 4.98582
7.25964 -0.126718 4.98582

7.34054 0 3.28594
7.33942 0.12811 2.85543
7.33607 0.256181 2.85543
7.33048 0.384174 2.49556
7.32266 0.51205 2.49556
7.3126 0.63977 2.1921
7.30033 0.767295 1.93579
7.28582 0.894587 1.93579
7.2691 1.02161 1.72141
7.25016 1.14831 1.54716
7.22902 1.27467 1.54716
7.20567 1.40064 1.41169
7.18013 1.52618 1.41169
7.1524 1.65126 1.30416
7.12249 1.77584 1.19806
7.09042 1.89987 1.19806
7.05618 2.02333 1.07302
7.01979 2.14617 1.07302
6.98127 2.26835 0.92343
6.94061 2.38985 0.751642
6.89785 2.51061 0.751642
6.85298 2.63061 0.562863
6.80603 2.74981 0.363027
6.757 2.86818 0.363027
6.70592 2.98567 0.158109
6.65279 3.10225 0.158109
6.59763 3.21788 -0.0460217
6.54047 3.33253 -0.243684
6.48131 3.44617 -0.243684
6.42018 3.55876 -0.429865
6.35709 3.67027 -0.601862
6.29207 3.78066 -0.601862
6.22513 3.88989 -0.763267
6.15629 3.99794 -0.763267
6.08558 4.10478 -0.926474
6.01302 4.21036 -1.10517
5.93862 4.31466 -1.10517
5.86241 4.41765 -1.3069
5.78442 4.51929 -1.3069
5.70467 4.61955 -1.53606
5.62318 4.71841 -1.79803
5.53997 4.81583 -1.79803
5.45508 4.91178 -2.10047
5.36853 5.00623 -2.45419
5.28034 5.09917 -2.45419
5.19054 5.19054 -2.87444
5.09917 5.28034 -2.87444
5.00623 5.36853 -3.38302
4.91178 5.45508 -4.01178
4.81583 5.53997 -4.01178
4.71841 5.62318 -4.80853
4.61955 5.70467 -4.80853
4.51929 5.78442 -5.84609
4.41765 5.86241 -7.23451
4.31466 5.93862 -7.23451
4.21036 6.01302 -9.12759
4.10478 6.08558 -11.684
3.99794 6.15629 -11.684
3.88989 6.22513 -14.8687
3.78066 6.29207 -14.8687
3.67027 6.35709 -18.3914
3.55876 6.42018 -22.0622
3.44617 6.48131 -22.0622
3.33253 6.54047 -25.8211
3.21788 6.59763 -25.8211
3.10225 6.65279 -29.6752
2.98567 6.70592 -33.6616
2.86818 6.757 -33.6616
2.74981 6.80603 -37.8306
2.63061 6.85298 -42.2398
2.51061 6.89785 -42.2398
2.38985 6.94061 -46.9484
2.26835 6.98127 -46.9484
2.14617 7.01979 -52.0044
2.02333 7.05618 -57.4085
1.89987 7.09042 -57.4085
1.77584 7.12249 -63.0247
1.65126 7.1524 -63.0247
1.52618 7.18013 -68.4285
1.40064 7.20567 -72.9201
1.27467 7.22902 -72.9201
1.14831 7.25016 -76.0973
1.02161 7.2691 -78.1795
0.894587 7.28582 -78.1795
0.767295 7.30033 -79.4672
0.63977 7.3126 -79.4672
0.51205 7.32266 -80.1757
0.384174 7.33048 -80.4328
0.256181 7.33607 -80.4328
0.12811 7.33942 -80.3021
4.49478e-16 7.34054 -79.7988
-0.12811 7.33942 -79.7988
-0.256181 7.33607 -78.8956
-0.384174 7.33048 -78.8956
-0.51205 7.32266 -77.5176
-0.63977 7.3126 -75.5261
-0.767295 7.30033 -75.5261
-0.894587 7.28582 -72.6895
-1.02161 7.2691 -72.6895
-1.14831 7.25016 -68.6495
-1.27467 7.22902 -62.9452
-1.40064 7.20567 -62.9452
-1.52618 7.18013 -55.2772
-1.65126 7.1524 -46.1654
-1.77584 7.12249 -46.1654
-1.89987 7.09042 -36.5416
-2.02333 7.05618 -36.5416
-2.14617 7.01979 -26.9946
-2.26835 6.98127 -17.7157
-2.38985 6.94061 -17.7157
-2.51061 6.89785 -8.6987
-2.63061 6.85298 -8.6987
-2.74981 6.80603 0.136483
-2.86818 6.757 8.89174
-2.98567 6.70592 8.89174
-3.10225 6.65279 17.6717
-3.21788 6.59763 26.5724
-3.33253 6.54047 26.5724
-3.44617 6.48131 35.6603
-3.55876 6.42018 35.6603
-3.67027 6.35709 44.9209
-3.78066 6.29207 54.1377
-3.88989 6.22513 54.1377
-3.99794 6.15629 62.6652
-4.10478 6.08558 62.6652
-4.21036 6.01302 69.3666
-4.31466 5.93862 74.2592
-4.41765 5.86241 74.2592
-4.51929 5.78442 77.7891
-4.61955 5.70467 80.3699
-4.71841 5.62318 80.3699
-4.81583 5.53997 82.2925
-4.91178 5.45508 82.2925
-5.00623 5.36853 83.7452
-5.09917 5.28034 84.8466
-5.19054 5.19054 84.8466
-5.28034 5.09917 85.6691
-5.36853 5.00623 85.6691
-5.45508 4.91178 86.2526
-5.53997 4.81583 86.6102
-5.62318 4.71841 86.6102
-5.70467 4.61955 86.7284
-5.78442 4.51929 86.562
-5.86241 4.41765 86.562
-5.93862 4.31466 86.0319
-6.01302 4.21036 86.0319
-6.08558 4.10478 85.045
-6.15629 3.99794 83.6188
-6.22513 3.88989 83.6188
-6.29207 3.78066 82.0205
-6.35709 3.67027 80.5866
-6.42018 3.55876 80.5866
-6.48131 3.44617 79.4984
-6.54047 3.33253 79.4984
-6.59763 3.21788 78.8132
-6.65279 3.10225 78.5395
-6.70592 2.98567 78.5395
-6.757 2.86818 78.6751
-6.80603 2.74981 78.6751
-6.85298 2.63061 79.2216
-6.89785 2.51061 80.1876
-6.94061 2.38985 80.1876
-6.98127 2.26835 81.5867
-7.01979 2.14617 83.424
-7.05618 2.02333 83.424
-7.09042 1.89987 85.6596
-7.12249 1.77584 85.6596
-7.1524 1.65126 88.1225
-7.18013 1.52618 90.38
-7.20567 1.40064 90.38
-7.22902 1.27467 92.0345
-7.25016 1.14831 92.0345
-7.2691 1.02161 93.0424
-7.28582 0.894587 93.536
-7.30033 0.767295 93.536
-7.3126 0.63977 93.6406
-7.32266 0.51205 93.433
-7.33048 0.384174 93.433
-7.33607 0.256181 92.9472
-7.33942 0.12811 92.9472
-7.34054 8.98957e-16 92.183
-7.33942 -0.12811 91.1084
-7.33607 -0.256181 91.1084
-7.33048 -0.384174 89.6556
-7.32266 -0.51205 89.6556
-7.3126 -0.63977 87.7086
-7.30033 -0.767295 85.0805
-7.28582 -0.894587 85.0805
-7.2691 -1.02161 81.4828
-7.25016 -1.14831 76.5018
-7.22902 -1.27467 76.5018
-7.20567 -1.40064 69.6524
-7.18013 -1.52618 69.6524
-7.1524 -1.65126 60.8236
-7.12249 -1.77584 50.9276
-7.09042 -1.89987 50.9276
-7.05618 -2.02333 40.8477
-7.01979 -2.14617 40.8477
-6.98127 -2.26835 30.9567
-6.94061 -2.38985 21.325
-6.89785 -2.51061 21.325
-6.85298 -2.63061 11.8988
-6.80603 -2.74981 2.58187
-6.757 -2.86818 2.58187
-6.70592 -2.98567 -6.73411
-6.65279 -3.10225 -6.73411
-6.59763 -3.21788 -16.1563
-6.54047 -3.33253 -25.7763
-6.48131 -3.44617 -25.7763
-6.42018 -3.55876 -35.6314
-6.35709 -3.67027 -35.6314
-6.29207 -3.78066 -45.599
-6.22513 -3.88989 -55.1764
-6.15629 -3.99794 -55.1764
-6.08558 -4.10478 -63.4438
-6.01302 -4.21036 -69.7811
-5.93862 -4.31466 -69.7811
-5.86241 -4.41765 -74.359
-5.78442 -4.51929 -74.359
-5.70467 -4.61955 -77.6665
-5.62318 -4.71841 -80.1034
-5.53997 -4.81583 -80.1034
-5.45508 -4.91178 -81.9348
-5.36853 -5.00623 -83.3275
-5.28034 -5.09917 -83.3275
-5.19054 -5.19054 -84.3844
-5.09917 -5.28034 -84.3844
-5.00623 -5.36853 -85.1662
-4.91178 -5.45508 -85.7024
-4.81583 -5.53997 -85.7024
-4.71841 -5.62318 -85.9947
-4.61955 -5.70467 -85.9947
-4.51929 -5.78442 -86.0151
-4.41765 -5.86241 -85.6994
-4.31466 -5.93862 -85.6994
-4.21036 -6.01302 -84.9484
-4.10478 -6.08558 -83.6789
-3.99794 -6.15629 -83.6789
-3.88989 -6.22513 -82.0371
-3.78066 -6.29207 -82.0371
-3.67027 -6.35709 -80.4335
-3.55876 -6.42018 -79.13
-3.44617 -6.48131 -79.13
-3.33253 -6.54047 -78.2258
-3.21788 -6.59763 -78.2258
-3.10225 -6.65279 -77.7452
-2.98567 -6.70592 -77.6883
-2.86818 -6.757 -77.6883
-2.74981 -6.80603 -78.0533
-2.63061 -6.85298 -78.8442
-2.51061 -6.89785 -78.8442
-2.38985 -6.94061 -80.0717
-2.26835 -6.98127 -80.0717
-2.14617 -7.01979 -81.745
-2.02333 -7.05618 -83.849
-1.89987 -7.09042 -83.849
-1.77584 -7.12249 -86.2857
-1.65126 -7.1524 -86.2857
-1.52618 -7.18013 -88.7736
-1.40064 -7.20567 -90.8494
-1.27467 -7.22902 -90.8494
-1.14831 -7.25016 -92.2229
-1.02161 -7.2691 -92.9888
-0.894587 -7.28582 -92.9888
-0.767295 -7.30033 -93.2988
-0.63977 -7.3126 -93.2988
-0.51205 -7.32266 -93.2587
-0.384174 -7.33048 -92.9238
-0.256181 -7.33607 -92.9238
-0.12811 -7.33942 -92.31
-1.34843e-15 -7.34054 -92.31
0.12811 -7.33942 -91.4002
0.256181 -7.33607 -90.1439
0.384174 -7.33048 -90.1439
0.51205 -7.32266 -88.4481
0.63977 -7.3126 -86.1584
0.767295 -7.30033 -86.1584
0.894587 -7.28582 -83.0277
1.02161 -7.2691 -83.0277
1.14831 -7.25016 -78.6803
1.27467 -7.22902 -72.635
1.40064 -7.20567 -72.635
1.52618 -7.18013 -64.572
1.65126 -7.1524 -55.0043
1.77584 -7.12249 -55.0043
1.89987 -7.09042 -44.8683
2.02333 -7.05618 -44.8683
2.14617 -7.01979 -34.7568
2.26835 -6.98127 -24.8607
2.38985 -6.94061 -24.8607
2.51061 -6.89785 -15.1698
2.63061 -6.85298 -15.1698
2.74981 -6.80603 -5.59774
2.86818 -6.757 3.96633
2.98567 -6.70592 3.96633
3.10225 -6.65279 13.6377
3.21788 -6.59763 23.5235
3.33253 -6.54047 23.5235
3.44617 -6.48131 33.6981
3.55876 -6.42018 33.6981
3.67027 -6.35709 44.1416
3.78066 -6.29207 54.5951
3.88989 -6.22513 54.5951
3.99794 -6.15629 64.2885
4.10478 -6.08558 64.2885
4.21036 -6.01302 71.8614
4.31466 -5.93862 77.3157
4.41765 -5.86241 77.3157
4.51929 -5.78442 81.1616
4.61955 -5.70467 83.872
4.71841 -5.62318 83.872
4.81583 -5.53997 85.7758
4.91178 -5.45508 85.7758
5.00623 -5.36853 87.0797
5.09917 -5.28034 87.9052
5.19054 -5.19054 87.9052
5.28034 -5.09917 88.3136
5.36853 -5.00623 88.3136
5.45508 -4.91178 88.3185
5.53997 -4.81583 87.8866
5.62318 -4.71841 87.8866
5.70467 -4.61955 86.9284
5.78442 -4.51929 85.2795
5.86241 -4.41765 85.2795
5.93862 -4.31466 82.687
6.01302 -4.21036 82.687
6.08558 -4.10478 78.8452
6.15629 -3.99794 73.6818
6.22513 -3.88989 73.6818
6.29207 -3.78066 67.7114
6.35709 -3.67027 67.7114
6.42018 -3.55876 61.6454
6.48131 -3.44617 55.8613
6.54047 -3.33253 55.8613
6.59763 -3.21788 50.4577
6.65279 -3.10225 45.414
6.70592 -2.98567 45.414
6.757 -2.86818 40.6718
6.80603 -2.74981 40.6718
6.85298 -2.63061 36.1656
6.89785 -2.51061 31.833
6.94061 -2.38985 31.833
6.98127 -2.26835 27.6203
7.01979 -2.14617 23.491
7.05618 -2.02333 23.491
7.09042 -1.89987 19.4512
7.12249 -1.77584 19.4512
7.1524 -1.65126 15.6093
7.18013 -1.52618 12.2608
7.20567 -1.40064 12.2608
7.22902 -1.27467 9.65136
7.25016 -1.14831 9.65136
7.2691 -1.02161 7.73267
7.28582 -0.894587 6.32468
7.30033 -0.767295 6.32468
7.3126 -0.63977 5.26819
7.32266 -0.51205 4.45326
7.33048 -0.384174 4.45326
7.33607 -0.256181 3.80814
7.33942 -0.12811 3.80814

7.42033 0 3.28594
7.4192 0.129503 2.85543
7.41581 0.258966 2.85543
7.41016 0.38835 2.49556
7.40225 0.517616 2.49556
7.39209 0.646724 2.1921
7.37968 0.775635 1.93579
7.36502 0.90431 1.93579
7.34811 1.03271 1.72141
7.32897 1.16079 1.54716
7.30759 1.28853 1.54716
7.28399 1.41587 1.41169
7.25817 1.54277 1.41169
7.23014 1.66921 1.30416
7.19991 1.79514 1.19806
7.16748 1.92052 1.19806
7.13288 2.04532 1.07302
7.09609 2.16949 1.07302
7.05715 2.29301 0.92343
7.01606 2.41582 0.751642
6.97283 2.5379 0.751642
6.92747 2.65921 0.562863
6.88001 2.7797 0.363027
6.83045 2.89935 0.363027
6.77881 3.01812 0.158109
6.7251 3.13597 0.158109
6.66935 3.25286 -0.0460217
6.61156 3.36876 -0.243684
6.55176 3.48363 -0.243684
6.48996 3.59745 -0.429865
6.42619 3.71016 -0.601862
6.36046 3.82175 -0.601862
6.29279 3.93217 -0.763267
6.22321 4.0414 -0.763267
6.15173 4.14939 -0.926474
6.07838 4.25612 -1.10517
6.00317 4.36156 -1.10517
5.92614 4.46566 -1.3069
5.8473 4.56841 -1.3069
5.76668 4.66976 -1.53606
5.6843 4.76969 -1.79803
5.60019 4.86817 -1.79803
5.51438 4.96517 -2.10047
5.42688 5.06065 -2.45419
5.33774 5.15459 -2.45419
5.24696 5.24696 -2.87444
5.15459 5.33774 -2.87444
5.06065 5.42688 -3.38302
4.96517 5.51438 -4.01178
4.86817 5.60019 -4.01178
4.76969 5.6843 -4.80853
4.66976 5.76668 -4.80853
4.56841 5.8473 -5.84609
4.46566 5.92614 -7.23451
4.36156 6.00317 -7.23451
4.25612 6.07838 -9.12759
4.14939 6.15173 -11.684
4.0414 6.22321 -11.684
3.93217 6.29279 -14.8687
3.82175 6.36046 -14.8687
3.71016 6.42619 -18.3914
3.59745 6.48996 -22.0622
3.48363 6.55176 -22.0622
3.36876 6.61156 -25.8211
3.25286 6.66935 -25.8211
3.13597 6.7251 -29.6752
3.01812 6.77881 -33.6616
2.89935 6.83045 -33.6616
2.7797 6.88001 -37.8306
2.65921 6.92747 -42.2398
2.5379 6.97283 -42.2398
2.41582 7.01606 -46.9484
2.29301 7.05715 -46.9484
2.16949 7.09609 -52.0044
2.04532 7.13288 -57.4085
1.92052 7.16748 -57.4085
1.79514 7.19991 -63.0247
1.66921 7.23014 -63.0247
1.54277 7.25817 -68.4285
1.41587 7.28399 -72.9201
1.28853 7.30759 -72.9201
1.16079 7.32897 -76.0973
1.03271 7.34811 -78.1795
0.90431 7.36502 -78.1795
0.775635 7.37968 -79.4672
0.646724 7.39209 -79.4672
0.517616 7.40225 -80.1757
0.38835 7.41016 -80.4328
0.258966 7.41581 -80.4328
0.129503 7.4192 -80.3021
4.54364e-16 7.42033 -79.7988
-0.129503 7.4192 -79.7988
-0.258966 7.41581 -78.8956
-0.38835 7.41016 -78.8956
-0.517616 7.40225 -77.5176
-0.646724 7.39209 -75.5261
-0.775635 7.37968 -75.5261
-0.90431 7.36502 -72.6895
-1.03271 7.34811 -72.6895
-1.16079 7.32897 -68.6495
-1.28853 7.30759 -62.9452
-1.41587 7.28399 -62.9452
-1.54277 7.25817 -55.2772
-1.66921 7.23014 -46.1654
-1.79514 7.19991 -46.1654
-1.92052 7.16748 -36.5416
-2.04532 7.13288 -36.5416
-2.16949 7.09609 -26.9946
-2.29301 7.05715 -17.7157
-2.41582 7.01606 -17.7157
-2.5379 6.97283 -8.6987
-2.65921 6.92747 -8.6987
-2.7797 6.88001 0.136483
-2.89935 6.83045 8.89174
-3.01812 6.77881 8.89174
-3.13597 6.7251 17.6717
-3.25286 6.66935 26.5724
-3.36876 6.61156 26.5724
-3.48363 6.55176 35.6603
-3.59745 6.48996 35.6603
-3.71016 6.42619 44.9209
-3.82175 6.36046 54.1377
-3.93217 6.29279 54.1377
-4.0414 6.22321 62.6652
-4.14939 6.15173 62.6652
-4.25612 6.07838 69.3666
-4.36156 6.00317 74.2592
-4.46566 5.92614 74.2592
-4.56841 5.8473 77.7891
-4.66976 5.76668 80.3699
-4.76969 5.6843 80.3699
-4.86817 5.60019 82.2925
-4.96517 5.51438 82.2925
-5.06065 5.42688 83.7452
-5.15459 5.33774 84.8466
-5.24696 5.24696 84.8466
-5.33774 5.15459 85.6691
-5.42688 5.06065 85.6691
-5.51438 4.96517 86.2526
-5.60019 4.86817 86.6102
-5.6843 4.76969 86.6102
-5.76668 4.66976 86.7284
-5.8473 4.56841 86.562
-5.92614 4.46566 86.562
-6.00317 4.36156 86.0319
-6.07838 4.25612 86.0319
-6.15173 4.14939 85.045
-6.22321 4.0414 83.6188
-6.29279 3.93217 83.6188
-6.36046 3.82175 82.0205
-6.42619 3.71016 80.5866
-6.48996 3.59745 80.5866
-6.55176 3.48363 79.4984
-6.61156 3.36876 79.4984
-6.66935 3.25286 78.8132
-6.7251 3.13597 78.5395
-6.77881 3.01812 78.5395
-6.83045 2.89935 78.6751
-6.88001 2.7797 78.6751
-6.92747 2.65921 79.2216
-6.97283 2.5379 80.1876
-7.01606 2.41582 80.1876
-7.05715 2.29301 81.5867
-7.09609 2.16949 83.424
-7.13288 2.04532 83.424
-7.16748 1.92052 85.6596
-7.19991 1.79514 85.6596
-7.23014 1.66921 88.1225
-7.25817 1.54277 90.38
-7.28399 1.41587 90.38
-7.30759 1.28853 92.0345
-7.32897 1.16079 92.0345
-7.34811 1.03271 93.0424
-7.36502 0.90431 93.536
-7.37968 0.775635 93.536
-7.39209 0.646724 93.6406
-7.40225 0.517616 93.433
-7.41016 0.38835 93.433
-7.41581 0.258966 92.9472
-7.4192 0.129503 92.9472
-7.42033 9.08728e-16 92.183
-7.4192 -0.129503 91.1084
-7.41581 -0.258966 91.1084
-7.41016 -0.38835 89.6556
-7.40225 -0.517616 89.6556
-7.39209 -0.646724 87.7086
-7.37968 -0.775635 85.0805
-7.36502 -0.90431 85.0805
-7.34811 -1.03271 81.4828
-7.32897 -1.16079 76.5018
-7.30759 -1.28853 76.5018
-7.28399 -1.41587 69.6524
-7.25817 -1.54277 69.6524
-7.23014 -1.66921 60.8236
-7.19991 -1.79514 50.9276
-7.16748 -1.92052 50.9276
-7.13288 -2.04532 40.8477
-7.09609 -2.16949 40.8477
-7.05715 -2.29301 30.9567
-7.01606 -2.41582 21.325
-6.97283 -2.5379 21.325
-6.92747 -2.65921 11.8988
-6.88001 -2.7797 2.58187
-6.83045 -2.89935 2.58187
-6.77881 -3.01812 -6.73411
-6.7251 -3.13597 -6.73411
-6.66935 -3.25286 -16.1563
-6.61156 -3.36876 -25.7763
-6.55176 -3.48363 -25.7763
-6.48996 -3.59745 -35.6314
-6.42619 -3.71016 -35.6314
-6.36046 -3.82175 -45.599
-6.29279 -3.93217 -55.1764
-6.22321 -4.0414 -55.1764
-6.15173 -4.14939 -63.4438
-6.07838 -4.25612 -69.7811
-6.00317 -4.36156 -69.7811
-5.92614 -4.46566 -74.359
-5.8473 -4.56841 -74.359
-5.76668 -4.66976 -77.6665
-5.6843 -4.76969 -80.1034
-5.60019 -4.86817 -80.1034
-5.51438 -4.96517 -81.9348
-5.42688 -5.06065 -83.3275
-5.33774 -5.15459 -83.3275
-5.24696 -5.24696 -84.3844
-5.15459 -5.33774 -84.3844
-5.06065 -5.42688 -85.1662
-4.96517 -5.51438 -85.7024
-4.86817 -5.60019 -85.7024
-4.76969 -5.6843 -85.9947
-4.66976 -5.76668 -85.9947
-4.56841 -5.8473 -86.0151
-4.46566 -5.92614 -85.6994
-4.36156 -6.00317 -85.6994
-4.25612 -6.07838 -84.9484
-4.14939 -6.15173 -83.6789
-4.0414 -6.22321 -83.6789
-3.93217 -6.29279 -82.0371
-3.82175 -6.36046 -82.0371
-3.71016 -6.42619 -80.4335
-3.59745 -6.48996 -79.13
-3.48363 -6.55176 -79.13
-3.36876 -6.61156 -78.2258
-3.25286 -6.66935 -78.2258
-3.13597 -6.7251 -77.7452
-3.01812 -6.77881 -77.6883
-2.89935 -6.83045 -77.6883
-2.7797 -6.88001 -78.0533
-2.65921 -6.92747 -78.8442
-2.5379 -6.97283 -78.8442
-2.41582 -7.01606 -80.0717
-2.29301 -7.05715 -80.0717
-2.16949 -7.09609 -81.745
-2.04532 -7.13288 -83.849
-1.92052 -7.16748 -83.849
-1.79514 -7.19991 -86.2857
-1.66921 -7.23014 -86.2857
-1.54277 -7.25817 -88.7736
-1.41587 -7.28399 -90.8494
-1.28853 -7.30759 -90.8494
-1.16079 -7.32897 -92.2229
-1.03271 -7.34811 -92.9888
-0.90431 -7.36502 -92.9888
-0.775635 -7.37968 -93.2988
-0.646724 -7.39209 -93.2988
-0.517616 -7.40225 -93.2587
-0.38835 -7.41016 -92.9238
-0.258966 -7.41581 -92.9238
-0.129503 -7.4192 -92.31
-1.36309e-15 -7.42033 -92.31
0.129503 -7.4192 -91.4002
0.258966 -7.41581 -90.1439
0.38835 -7.41016 -90.1439
0.517616 -7.40225 -88.4481
0.646724 -7.39209 -86.1584
0.775635 -7.37968 -86.1584
0.90431 -7.36502 -83.0277
1.03271 -7.34811 -83.0277
1.16079 -7.32897 -78.6803
1.28853 -7.30759 -72.635
1.41587 -7.28399 -72.635
1.54277 -7.25817 -64.572
1.66921 -7.23014 -55.0043
1.79514 -7.19991 -55.0043
1.92052 -7.16748 -44.8683
2.04532 -7.13288 -44.8683
2.16949 -7.09609 -34.7568
2.29301 -7.05715 -24.8607
2.41582 -7.01606 -24.8607
2.5379 -6.97283 -15.1698
2.65921 -6.92747 -15.1698
2.7797 -6.88001 -5.59774
2.89935 -6.83045 3.96633
3.01812 -6.77881 3.96633
3.13597 -6.7251 13.6377
3.25286 -6.66935 23.5235
3.36876 -6.61156 23.5235
3.48363 -6.55176 33.6981
3.59745 -6.48996 33.6981
3.71016 -6.42619 44.1416
3.82175 -6.36046 54.5951
3.93217 -6.29279 54.5951
4.0414 -6.22321 64.2885
4.14939 -6.15173 64.2885
4.25612 -6.07838 71.8614
4.36156 -6.00317 77.3157
4.46566 -5.92614 77.3157
4.56841 -5.8473 81.1616
4.66976 -5.76668 83.872
4.76969 -5.6843 83.872
4.86817 -5.60019 85.7758
4.96517 -5.51438 85.7758
5.06065 -5.42688 87.0797
5.15459 -5.33774 87.9052
5.24696 -5.24696 87.9052
5.33774 -5.15459 88.3136
5.42688 -5.06065 88.3136
5.51438 -4.96517 88.3185
5.60019 -4.86817 87.8866
5.6843 -4.76969 87.8866
5.76668 -4.66976 86.9284
5.8473 -4.56841 85.2795
5.92614 -4.46566 85.2795
6.00317 -4.36156 82.687
6.07838 -4.25612 82.687
6.15173 -4.14939 78.8452
6.22321 -4.0414 73.6818
6.29279 -3.93217 73.6818
6.36046 -3.82175 67.7114
6.42619 -3.71016 67.7114
6.48996 -3.59745 61.6454
6.55176 -3.48363 55.8613
6.61156 -3.36876 55.8613
6.66935 -3.25286 50.4577
6.7251 -3.13597 45.414
6.77881 -3.01812 45.414
6.83045 -2.89935 40.6718
6.88001 -2.7797 40.6718
6.92747 -2.65921 36.1656
6.97283 -2.5379 31.833
7.01606 -2.41582 31.833
7.05715 -2.29301 27.6203
7.09609 -2.16949 23.491
7.13288 -2.04532 23.491
7.16748 -1.92052 19.4512
7.19991 -1.79514 19.4512
7.23014 -1.66921 15.6093
7.25817 -1.54277 12.2608
7.28399 -1.41587 12.2608
7.30759 -1.28853 9.65136
7.32897 -1.16079 9.65136
7.34811 -1.03271 7.73267
7.36502 -0.90431 6.32468
7.37968 -0.775635 6.32468
7.39209 -0.646724 5.26819
7.40225 -0.517616 4.45326
7.41016 -0.38835 4.45326
7.41581 -0.258966 3.80814
7.4192 -0.129503 3.80814

7.50011 0 2.20979
7.49897 0.130895 1.92194
7.49555 0.26175 1.92194
7.48984 0.392526 1.68247
7.48184 0.523182 1.4816
7.47157 0.653678 1.4816
7.45903 0.783975 1.31354
7.44421 0.914034 1.31354
7.42712 1.04381 1.17637
7.40778 1.17328 1.07356
7.38617 1.30238 1.07356
7.36232 1.43109 1.01707
7.33622 1.55936 1.01285
7.30789 1.68716 1.01285
7.27733 1.81444 1.00771
7.24455 1.94117 0.960226
7.20957 2.06731 0.960226
7.1724 2.19282 0.868132
7.13303 2.31766 0.868132
7.0915 2.4418 0.740296
7.0478 2.56519 0.586738
7.00196 2.6878 0.586738
6.95399 2.80959 0.416522
6.90389 2.93053 0.237778
6.8517 3.05057 0.237778
6.79741 3.16969 0.0581735
6.74106 3.28783 0.0581735
6.68265 3.40498 -0.114532
6.62221 3.52109 -0.272028
6.55975 3.63613 -0.272028
6.49529 3.75006 -0.4055
6.42885 3.86284 -0.508228
6.36046 3.97446 -0.508228
6.29013 4.08486 -0.589668
6.21788 4.19401 -0.68017
6.14373 4.30189 -0.68017
6.06772 4.40846 -0.794157
5.98986 4.51368 -0.794157
5.91017 4.61753 -0.929111
5.82868 4.71998 -1.08502
5.74542 4.82098 -1.08502
5.66041 4.92052 -1.26477
5.57367 5.01856 -1.47371
5.48524 5.11507 -1.47371
5.39513 5.21002 -1.71989
5.30338 5.30338 -2.01508
5.21002 5.39513 -2.01508
5.11507 5.48524 -2.3768
5.01856 5.57367 -2.3768
4.92052 5.66041 -2.83212
4.82098 5.74542 -3.42508
4.71998 5.82868 -3.42508
4.61753 5.91017 -4.23125
4.51368 5.98986 -5.38703
4.40846 6.06772 -5.38703
4.30189 6.14373 -7.14283
4.19401 6.21788 -7.14283
4.08486 6.29013 -9.91402
3.97446 6.36046 -13.6759
3.86284 6.42885 -13.6759
3.75006 6.49529 -17.6668
3.63613 6.55975 -21.639
3.52109 6.62221 -21.639
3.40498 6.68265 -25.5864
3.28783 6.74106 -29.5661
3.16969 6.79741 -29.5661
3.05057 6.8517 -33.6496
2.93053 6.90389 -33.6496
2.80959 6.95399 -37.9141
2.6878 7.00196 -42.4446
2.56519 7.0478 -42.4446
2.4418 7.0915 -47.3392
2.31766 7.13303 -52.7141
2.19282 7.1724 -52.7141
2.06731 7.20957 -58.6952
1.94117 7.24455 -65.3521
1.81444 7.27733 -65.3521
1.68716 7.30789 -72.4284
1.55936 7.33622 -72.4284
1.43109 7.36232 -78.6256
1.30238 7.38617 -82.4373
1.17328 7.40778 -82.4373
1.04381 7.42712 -84.6539
0.914034 7.44421 -85.9492
0.783975 7.45903 -85.9492
0.653678 7.47157 -86.6818
0.523182 7.48184 -86.6818
0.392526 7.48984 -87.0314
0.26175 7.49555 -87.0851
0.130895 7.49897 -87.0851
4.5925e-16 7.50011 -86.8772
-0.130895 7.49897 -86.4047
-0.26175 7.49555 -86.4047
-0.392526 7.48984 -85.6289
-0.523182 7.48184 -84.4635
-0.653678 7.47157 -84.4635
-0.783975 7.45903 -82.7437
-0.914034 7.44421 -82.7437
-1.04381 7.42712 -80.158
-1.17328 7.40778 -76.1147
-1.30238 7.38617 -76.1147
-1.43109 7.36232 -69.6234
-1.55936 7.33622 -59.7536
-1.68716 7.30789 -59.7536
-1.81444 7.27733 -48.4051
-1.94117 7.24455 -37.3517
-2.06731 7.20957 -37.3517
-2.19282 7.1724 -27.003
-2.31766 7.13303 -27.003
-2.4418 7.0915 -17.2701
-2.56519 7.0478 -7.96963
-2.6878 7.00196 -7.96963
-2.80959 6.95399 1.07906
-2.93053 6.90389 10.0427
-3.05057 6.8517 10.0427
-3.16969 6.79741 19.0823
-3.28783 6.74106 19.0823
-3.40498 6.68265 28.3624
-3.52109 6.62221 38.053
-3.63613 6.55975 38.053
-3.75006 6.49529 48.2978
-3.86284 6.42885 59.0793
-3.97446 6.36046 59.0793
-4.08486 6.29013 69.7614
-4.19401 6.21788 77.0495
-4.30189 6.14373 77.0495
-4.40846 6.06772 81.6331
-4.51368 5.98986 81.6331
-4.61753 5.91017 84.607
-4.71998 5.82868 86.6384
-4.82098 5.74542 86.6384
-4.92052 5.66041 88.0899
-5.01856 5.57367 89.1597
-5.11507 5.48524 89.1597
-5.21002 5.39513 89.96
-5.30338 5.30338 90.5548
-5.39513 5.21002 90.5548
-5.48524 5.11507 90.9784
-5.57367 5.01856 90.9784
-5.66041 4.92052 91.2426
-5.74542 4.82098 91.3355
-5.82868 4.71998 91.3355
-5.91017 4.61753 91.2117
-5.98986 4.51368 90.7674
-6.06772 4.40846 90.7674
-6.14373 4.30189 89.8147
-6.21788 4.19401 89.8147
-6.29013 4.08486 88.0292
-6.36046 3.97446 85.6008
-6.42885 3.86284 85.6008
-6.49529 3.75006 83.3483
-6.55975 3.63613 81.628
-6.62221 3.52109 81.628
-6.68265 3.40498 80.466
-6.74106 3.28783 79.8196
-6.79741 3.16969 79.8196
-6.8517 3.05057 79.651
-6.90389 2.93053 79.651
-6.95399 2.80959 79.9419
-7.00196 2.6878 80.6957
-7.0478 2.56519 80.6957
-7.0915 2.4418 81.9379
-7.13303 2.31766 83.7169
-7.1724 2.19282 83.7169
-7.20957 2.06731 86.0986
-7.24455 1.94117 89.1317
-7.27733 1.81444 89.1317
-7.30789 1.68716 92.6793
-7.33622 1.55936 92.6793
-7.36232 1.43109 95.7312
-7.38617 1.30238 97.5827
-7.40778 1.17328 97.5827
-7.42712 1.04381 98.5516
-7.44421 0.914034 99.0004
-7.45903 0.783975 99.0004
-7.47157 0.653678 99.1211
-7.48184 0.523182 99.1211
-7.48984 0.392526 99.0055
-7.49555 0.26175 98.6911
-7.49897 0.130895 98.6911
-7.50011 9.18499e-16 98.1824
-7.49897 -0.130895 97.4575
-7.49555 -0.26175 97.4575
-7.48984 -0.392526 96.4643
-7.48184 -0.523182 95.1078
-7.47157 -0.653678 95.1078
-7.45903 -0.783975 93.218
-7.44421 -0.914034 93.218
-7.42712 -1.04381 90.4895
-7.40778 -1.17328 86.3985
-7.38617 -1.30238 86.3985
-7.36232 -1.43109 79.982
-7.33622 -1.55936 69.824
-7.30789 -1.68716 69.824
-7.27733 -1.81444 58.0405
-7.24455 -1.94117 58.0405
-7.20957 -2.06731 46.549
-7.1724 -2.19282 35.7433
-7.13303 -2.31766 35.7433
-7.0915 -2.4418 25.5333
-7.0478 -2.56519 15.7355
-7.00196 -2.6878 15.7355
-6.95399 -2.80959 6.16739
-6.90389 -2.93053 -3.3414
-6.8517 -3.05057 -3.3414
-6.79741 -3.16969 -12.9578
-6.74106 -3.28783 -12.9578
-6.68265 -3.40498 -22.857
-6.62221 -3.52109 -33.2278
-6.55975 -3.63613 -33.2278
-6.49529 -3.75006 -44.2409
-6.42885 -3.86284 -55.8502
-6.36046 -3.97446 -55.8502
-6.29013 -4.08486 -66.9111
-6.21788 -4.19401 -75.1335
-6.14373 -4.30189 -75.1335
-6.06772 -4.40846 -80.2458
-5.98986 -4.51368 -80.2458
-5.91017 -4.61753 -83.5164
-5.82868 -4.71998 -85.7374
-5.74542 -4.82098 -85.7374
-5.66041 -4.92052 -87.3233
-5.57367 -5.01856 -88.4946
-5.48524 -5.11507 -88.4946
-5.39513 -5.21002 -89.3743
-5.30338 -5.30338 -89.3743
-5.21002 -5.39513 -90.0325
-5.11507 -5.48524 -90.5067
-5.01856 -5.57367 -90.5067
-4.92052 -5.66041 -90.8102
-4.82098 -5.74542 -90.932
-4.71998 -5.82868 -90.932
-4.61753 -5.91017 -90.8263
-4.51368 -5.98986 -90.3883
-4.40846 -6.06772 -90.3883
-4.30189 -6.14373 -89.4073
-4.19401 -6.21788 -89.4073
-4.08486 -6.29013 -87.5347
-3.97446 -6.36046 -84.9547
-3.86284 -6.42885 -84.9547
-3.75006 -6.49529 -82.6269
-3.63613 -6.55975 -80.8555
-3.52109 -6.62221 -80.8555
-3.40498 -6.68265 -79.6587
-3.28783 -6.74106 -78.9949
-3.16969 -6.79741 -78.9949
-3.05057 -6.8517 -78.8262
-2.93053 -6.90389 -78.8262
-2.80959 -6.95399 -79.1328
-2.6878 -7.00196 -79.9167
-2.56519 -7.0478 -79.9167
-2.4418 -7.0915 -81.202
-2.31766 -7.13303 -83.0358
-2.19282 -7.1724 -83.0358
-2.06731 -7.20957 -85.4806
-1.94117 -7.24455 -85.4806
-1.81444 -7.27733 -88.5719
-1.68716 -7.30789 -92.144
-1.55936 -7.33622 -92.144
-1.43109 -7.36232 -95.3684
-1.30238 -7.38617 -97.2584
-1.17328 -7.40778 -97.2584
-1.04381 -7.42712 -98.2468
-0.914034 -7.44421 -98.7092
-0.783975 -7.45903 -98.7092
-0.653678 -7.47157 -98.8411
-0.523182 -7.48184 -98.8411
-0.392526 -7.48984 -98.7346
-0.26175 -7.49555 -98.4268
-0.130895 -7.49897 -98.4268
-1.37775e-15 -7.50011 -97.9216
0.130895 -7.49897 -97.1961
0.26175 -7.49555 -97.1961
0.392526 -7.48984 -96.1969
0.523182 -7.48184 -94.8259
0.653678 -7.47157 -94.8259
0.783975 -7.45903 -92.9071
0.914034 -7.44421 -92.9071
1.04381 -7.42712 -90.1154
1.17328 -7.40778 -85.8399
1.30238 -7.38617 -85.8399
1.43109 -7.36232 -79.0622
1.55936 -7.33622 -68.814
1.68716 -7.30789 -68.814
1.81444 -7.27733 -57.006
1.94117 -7.24455 -57.006
2.06731 -7.20957 -45.4334
2.19282 -7.1724 -34.5118
2.31766 -7.13303 -34.5118
2.4418 -7.0915 -24.1504
2.56519 -7.0478 -14.1596
2.6878 -7.00196 -14.1596
2.80959 -6.95399 -4.34989
2.93053 -6.90389 5.45844
3.05057 -6.8517 5.45844
3.16969 -6.79741 15.4435
3.28783 -6.74106 15.4435
3.40498 -6.68265 25.7925
3.52109 -6.62221 36.7027
3.63613 -6.55975 36.7027
3.75006 -6.49529 48.3437
3.86284 -6.42885 60.6972
3.97446 -6.36046 60.6972
4.08486 -6.29013 73.0115
4.19401 -6.21788 81.3656
4.30189 -6.14373 81.3656
4.40846 -6.06772 86.5528
4.51368 -5.98986 86.5528
4.61753 -5.91017 89.8474
4.71998 -5.82868 92.0236
4.82098 -5.74542 92.0236
4.92052 -5.66041 93.4985
5.01856 -5.57367 94.4955
5.11507 -5.48524 94.4955
5.21002 -5.39513 95.1345
5.30338 -5.30338 95.1345
5.39513 -5.21002 95.4753
5.48524 -5.11507 95.5359
5.57367 -5.01856 95.5359
5.66041 -4.92052 95.2963
5.74542 -4.82098 94.6874
5.82868 -4.71998 94.6874
5.91017 -4.61753 93.5605
5.98986 -4.51368 91.6219
6.06772 -4.40846 91.6219
6.14373 -4.30189 88.3702
6.21788 -4.19401 88.3702
6.29013 -4.08486 82.9205
6.36046 -3.97446 75.5346
6.42885 -3.86284 75.5346
6.49529 -3.75006 68.0179
6.55975 -3.63613 61.1618
6.62221 -3.52109 61.1618
6.68265 -3.40498 55.0125
6.74106 -3.28783 49.4454
6.79741 -3.16969 49.4454
6.8517 -3.05057 44.3253
6.90389 -2.93053 44.3253
6.95399 -2.80959 39.5357
7.00196 -2.6878 34.9773
7.0478 -2.56519 34.9773
7.0915 -2.4418 30.5613
7.13303 -2.31766 26.2037
7.1724 -2.19282 26.2037
7.20957 -2.06731 21.8252
7.24455 -1.94117 21.8252
7.27733 -1.81444 17.3753
7.30789 -1.68716 12.9548
7.33622 -1.55936 12.9548
7.36232 -1.43109 9.30401
7.38617 -1.30238 6.89204
7.40778 -1.17328 6.89204
7.42712 -1.04381 5.34972
7.44421 -0.914034 4.30726
7.45903 -0.783975 4.30726
7.47157 -0.653678 3.5603
7.48184 -0.523182 3.5603
7.48984 -0.392526 2.99887
7.49555 -0.26175 2.56103
7.49897 -0.130895 2.56103

7.5799 0 2.20979
7.57875 0.132288 1.92194
7.57529 0.264535 1.92194
7.56952 0.396701 1.68247
7.56144 0.528747 1.4816
7.55106 0.660632 1.4816
7.53838 0.792316 1.31354
7.5234 0.923758 1.31354
7.50614 1.05492 1.17637
7.48658 1.18576 1.07356
7.46475 1.31624 1.07356
7.44064 1.44631 1.01707
7.41426 1.57595 1.01285
7.38563 1.70511 1.01285
7.35475 1.83374 1.00771
7.32162 1.96182 0.960226
7.28627 2.0893 0.960226
7.2487 2.21615 0.868132
7.20892 2.34232 0.868132
7.16694 2.46778 0.740296
7.12278 2.59248 0.586738
7.07645 2.71639 0.586738
7.02796 2.83948 0.416522
6.97734 2.9617 0.237778
6.92459 3.08302 0.237778
6.86973 3.20341 0.0581735
6.81277 3.32281 0.0581735
6.75374 3.4412 -0.114532
6.69266 3.55855 -0.272028
6.62953 3.67481 -0.272028
6.56439 3.78995 -0.4055
6.49725 3.90394 -0.508228
6.42812 4.01674 -0.508228
6.35704 4.12831 -0.589668
6.28402 4.23863 -0.68017
6.20909 4.34765 -0.68017
6.13227 4.45536 -0.794157
6.05358 4.5617 -0.794157
5.97305 4.66665 -0.929111
5.89069 4.77019 -1.08502
5.80654 4.87227 -1.08502
5.72063 4.97286 -1.26477
5.63297 5.07195 -1.47371
5.54359 5.16948 -1.47371
5.45253 5.26544 -1.71989
5.3598 5.3598 -2.01508
5.26544 5.45253 -2.01508
5.16948 5.54359 -2.3768
5.07195 5.63297 -2.3768
4.97286 5.72063 -2.83212
4.87227 5.80654 -3.42508
4.77019 5.89069 -3.42508
4.66665 5.97305 -4.23125
4.5617 6.05358 -5.38703
4.45536 6.13227 -5.38703
4.34765 6.20909 -7.14283
4.23863 6.28402 -7.14283
4.12831 6.35704 -9.91402
4.01674 6.42812 -13.6759
3.90394 6.49725 -13.6759
3.78995 6.56439 -17.6668
3.67481 6.62953 -21.639
3.55855 6.69266 -21.639
3.4412 6.75374 -25.5864
3.32281 6.81277 -29.5661
3.20341 6.86973 -29.5661
3.08302 6.92459 -33.6496
2.9617 6.97734 -33.6496
2.83948 7.02796 -37.9141
2.71639 7.07645 -42.4446
2.59248 7.12278 -42.4446
2.46778 7.16694 -47.3392
2.34232 7.20892 -52.7141
2.21615 7.2487 -52.7141
2.0893 7.28627 -58.6952
1.96182 7.32162 -65.3521
1.83374 7.35475 -65.3521
1.70511 7.38563 -72.4284
1.57595 7.41426 -72.4284
1.44631 7.44064 -78.6256
1.31624 7.46475 -82.4373
1.18576 7.48658 -82.4373
1.05492 7.50614 -84.6539
0.923758 7.5234 -85.9492
0.792316 7.53838 -85.9492
0.660632 7.55106 -86.6818
0.528747 7.56144 -86.6818
0.396701 7.56952 -87.0314
0.264535 7.57529 -87.0851
0.132288 7.57875 -87.0851
4.64135e-16 7.5799 -86.8772
-0.132288 7.57875 -86.4047
-0.264535 7.57529 -86.4047
-0.396701 7.56952 -85.6289
-0.528747 7.56144 -84.4635
-0.660632 7.55106 -84.4635
-0.792316 7.53838 -82.7437
-0.923758 7.5234 -82.7437
-1.05492 7.50614 -80.158
-1.18576 7.48658 -76.1147
-1.31624 7.46475 -76.1147
-1.44631 7.44064 -69.6234
-1.57595 7.41426 -59.7536
-1.70511 7.38563 -59.7536
-1.83374 7.35475 -48.4051
-1.96182 7.32162 -37.3517
-2.0893 7.28627 -37.3517
-2.21615 7.2487 -27.003
-2.34232 7.20892 -27.003
-2.46778 7.16694 -17.2701
-2.59248 7.12278 -7.96963
-2.71639 7.07645 -7.96963
-2.83948 7.02796 1.07906
-2.9617 6.97734 10.0427
-3.08302 6.92459 10.0427
-3.20341 6.86973 19.0823
-3.32281 6.81277 19.0823
-3.4412 6.75374 28.3624
-3.55855 6.69266 38.053
-3.67481 6.62953 38.053
-3.78995 6.56439 48.2978
-3.90394 6.49725 59.0793
-4.01674 6.42812 59.0793
-4.12831 6.35704 69.7614
-4.23863 6.28402 77.0495
-4.34765 6.20909 77.0495
-4.45536 6.13227 81.6331
-4.5617 6.05358 81.6331
-4.66665 5.97305 84.607
-4.77019 5.89069 86.6384
-4.87227 5.80654 86.6384
-4.97286 5.72063 88.0899
-5.07195 5.63297 89.1597
-5.16948 5.54359 89.1597
-5.26544 5.45253 89.96
-5.3598 5.3598 90.5548
-5.45253 5.26544 90.5548
-5.54359 5.16948 90.9784
-5.63297 5.07195 90.9784
-5.72063 4.97286 91.2426
-5.80654 4.87227 91.3355
-5.89069 4.77019 91.3355
-5.97305 4.66665 91.2117
-6.05358 4.5617 90.7674
-6.13227 4.45536 90.7674
-6.20909 4.34765 89.8147
-6.28402 4.23863 89.8147
-6.35704 4.12831 88.0292
-6.42812 4.01674 85.6008
-6.49725 3.90394 85.6008
-6.56439 3.78995 83.3483
-6.62953 3.67481 81.628
-6.69266 3.55855 81.628
-6.75374 3.4412 80.466
-6.81277 3.32281 79.8196
-6.86973 3.20341 79.8196
-6.92459 3.08302 79.651
-6.97734 2.9617 79.651
-7.02796 2.83948 79.9419
-7.07645 2.71639 80.6957
-7.12278 2.59248 80.6957
-7.16694 2.46778 81.9379
-7.20892 2.34232 83.7169
-7.2487 2.21615 83.7169
-7.28627 2.0893 86.0986
-7.32162 1.96182 89.1317
-7.35475 1.83374 89.1317
-7.38563 1.70511 92.6793
-7.41426 1.57595 92.6793
-7.44064 1.44631 95.7312
-7.46475 1.31624 97.5827
-7.48658 1.18576 97.5827
-7.50614 1.05492 98.5516
-7.5234 0.923758 99.0004
-7.53838 0.792316 99.0004
-7.55106 0.660632 99.1211
-7.56144 0.528747 99.1211
-7.56952 0.396701 99.0055
-7.57529 0.264535 98.6911
-7.57875 0.132288 98.6911
-7.5799 9.2827e-16 98.1824
-7.57875 -0.132288 97.4575
-7.57529 -0.264535 97.4575
-7.56952 -0.396701 96.4643
-7.56144 -0.528747 95.1078
-7.55106 -0.660632 95.1078
-7.53838 -0.792316 93.218
-7.5234 -0.923758 93.218
-7.50614 -1.05492 90.4895
-7.48658 -1.18576 86.3985
-7.46475 -1.31624 86.3985
-7.44064 -1.44631 79.982
-7.41426 -1.57595 69.824
-7.38563 -1.70511 69.824
-7.35475 -1.83374 58.0405
-7.32162 -1.96182 58.0405
-7.28627 -2.0893 46.549
-7.2487 -2.21615 35.7433
-7.20892 -2.34232 35.7433
-7.16694 -2.46778 25.5333
-7.12278 -2.59248 15.7355
-7.07645 -2.71639 15.7355
-7.02796 -2.83948 6.16739
-6.97734 -2.9617 -3.3414
-6.92459 -3.08302 -3.3414
-6.86973 -3.20341 -12.9578
-6.81277 -3.32281 -12.9578
-6.75374 -3.4412 -22.857
-6.69266 -3.55855 -33.2278
-6.62953 -3.67481 -33.2278
-6.56439 -3.78995 -44.2409
-6.49725 -3.90394 -55.8502
-6.42812 -4.01674 -55.8502
-6.35704 -4.12831 -66.9111
-6.28402 -4.23863 -75.1335
-6.20909 -4.34765 -75.1335
-6.13227 -4.45536 -80.2458
-6.05358 -4.5617 -80.2458
-5.97305 -4.66665 -83.5164
-5.89069 -4.77019 -85.7374
-5.80654 -4.87227 -85.7374
-5.72063 -4.97286 -87.3233
-5.63297 -5.07195 -88.4946
-5.54359 -5.16948 -88.4946
-5.45253 -5.26544 -89.3743
-5.3598 -5.3598 -89.3743
-5.26544 -5.45253 -90.0325
-5.16948 -5.54359 -90.5067
-5.07195 -5.63297 -90.5067
-4.97286 -5.72063 -90.8102
-4.87227 -5.80654 -90.932
-4.77019 -5.89069 -90.932
-4.66665 -5.97305 -90.8263
-4.5617 -6.05358 -90.3883
-4.45536 -6.13227 -90.3883
-4.34765 -6.20909 -89.4073
-4.23863 -6.28402 -89.4073
-4.12831 -6.35704 -87.5347
-4.01674 -6.42812 -84.9547
-3.90394 -6.49725 -84.9547
-3.78995 -6.56439 -82.6269
-3.67481 -6.62953 -80.8555
-3.55855 -6.69266 -80.8555
-3.4412 -6.75374 -79.6587
-3.32281 -6.81277 -78.9949
-3.20341 -6.86973 -78.9949
-3.08302 -6.92459 -78.8262
-2.9617 -6.97734 -78.8262
-2.83948 -7.02796 -79.1328
-2.71639 -7.07645 -79.9167
-2.59248 -7.12278 -79.9167
-2.46778 -7.16694 -81.202
-2.34232 -7.20892 -83.0358
-2.21615 -7.2487 -83.0358
-2.0893 -7.28627 -85.4806
-1.96182 -7.32162 -85.4806
-1.83374 -7.35475 -88.5719
-1.70511 -7.38563 -92.144
-1.57595 -7.41426 -92.144
-1.44631 -7.44064 -95.3684
-1.31624 -7.46475 -97.2584
-1.18576 -7.48658 -97.2584
-1.05492 -7.50614 -98.2468
-0.923758 -7.5234 -98.7092
-0.792316 -7.53838 -98.7092
-0.660632 -7.55106 -98.8411
-0.528747 -7.56144 -98.8411
-0.396701 -7.56952 -98.7346
-0.264535 -7.57529 -98.4268
-0.132288 -7.57875 -98.4268
-1.39241e-15 -7.5799 -97.9216
0.132288 -7.57875 -97.1961
0.264535 -7.57529 -97.1961
0.396701 -7.56952 -96.1969
0.528747 -7.56144 -94.8259
0.660632 -7.55106 -94.8259
0.792316 -7.53838 -92.9071
0.923758 -7.5234 -92.9071
1.05492 -7.50614 -90.1154
1.18576 -7.48658 -85.8399
1.31624 -7.46475 -85.8399
1.44631 -7.44064 -79.0622
1.57595 -7.41426 -68.814
1.70511 -7.38563 -68.814
1.83374 -7.35475 -57.006
1.96182 -7.32162 -57.006
2.0893 -7.28627 -45.4334
2.21615 -7.2487 -34.5118
2.34232 -7.20892 -34.5118
2.46778 -7.16694 -24.1504
2.59248 -7.12278 -14.1596
2.71639 -7.07645 -14.1596
2.83948 -7.02796 -4.34989
2.9617 -6.97734 5.45844
3.08302 -6.92459 5.45844
3.20341 -6.86973 15.4435
3.32281 -6.81277 15.4435
3.4412 -6.75374 25.7925
3.55855 -6.69266 36.7027
3.67481 -6.62953 36.7027
3.78995 -6.56439 48.3437
3.90394 -6.49725 60.6972
4.01674 -6.42812 60.6972
4.12831 -6.35704 73.0115
4.23863 -6.28402 81.3656
4.34765 -6.20909 81.3656
4.45536 -6.13227 86.5528
4.5617 -6.05358 86.5528
4.66665 -5.97305 89.8474
4.77019 -5.89069 92.0236
4.87227 -5.80654 92.0236
4.97286 -5.72063 93.4985
5.07195 -5.63297 94.4955
5.16948 -5.54359 94.4955
5.26544 -5.45253 95.1345
5.3598 -5.3598 95.1345
5.45253 -5.26544 95.4753
5.54359 -5.16948 95.5359
5.63297 -5.07195 95.5359
5.72063 -4.97286 95.2963
5.80654 -4.87227 94.6874
5.89069 -4.77019 94.6874
5.97305 -4.66665 93.5605
6.05358 -4.5617 91.6219
6.13227 -4.45536 91.6219
6.20909 -4.34765 88.3702
6.28402 -4.23863 88.3702
6.35704 -4.12831 82.9205
6.42812 -4.01674 75.5346
6.49725 -3.90394 75.5346
6.56439 -3.78995 68.0179
6.62953 -3.67481 61.1618
6.69266 -3.55855 61.1618
6.75374 -3.4412 55.0125
6.81277 -3.32281 49.4454
6.86973 -3.20341 49.4454
6.92459 -3.08302 44.3253
6.97734 -2.9617 44.3253
7.02796 -2.83948 39.5357
7.07645 -2.71639 34.9773
7.12278 -2.59248 34.9773
7.16694 -2.46778 30.5613
7.20892 -2.34232 26.2037
7.2487 -2.21615 26.2037
7.28627 -2.0893 21.8252
7.32162 -1.96182 21.8252
7.35475 -1.83374 17.3753
7.38563 -1.70511 12.9548
7.41426 -1.57595 12.9548
7.44064 -1.44631 9.30401
7.46475 -1.31624 6.89204
7.48658 -1.18576 6.89204
7.50614 -1.05492 5.34972
7.5234 -0.923758 4.30726
7.53838 -0.792316 4.30726
7.55106 -0.660632 3.5603
7.56144 -0.528747 3.5603
7.56952 -0.396701 2.99887
7.57529 -0.264535 2.56103
7.57875 -0.132288 2.56103

7.65969 0 2.20979
7.65853 0.13368 1.92194
7.65503 0.267319 1.92194
7.64919 0.400877 1.68247
7.64103 0.534313 1.4816
7.63054 0.667586 1.4816
7.61773 0.800656 1.31354
7.6026 0.933482 1.31354
7.58515 1.06602 1.17637
7.56539 1.19824 1.07356
7.54332 1.33009 1.07356
7.51896 1.46154 1.01707
7.49231 1.59254 1.01285
7.46337 1.72306 1.01285
7.43217 1.85305 1.00771
7.39869 1.98247 0.960226
7.36297 2.1113 0.960226
7.325 2.23948 0.868132
7.2848 2.36697 0.868132
7.24238 2.49375 0.740296
7.19776 2.61977 0.586738
7.15094 2.74499 0.586738
7.10194 2.86937 0.416522
7.05078 2.99288 0.237778
6.99748 3.11548 0.237778
6.94204 3.23713 0.0581735
6.88449 3.35779 0.0581735
6.82484 3.47743 -0.114532
6.76311 3.59601 -0.272028
6.69932 3.71349 -0.272028
6.63349 3.82985 -0.4055
6.56564 3.94503 -0.508228
6.49579 4.05902 -0.508228
6.42396 4.17177 -0.589668
6.35017 4.28325 -0.68017
6.27445 4.39342 -0.68017
6.19682 4.50225 -0.794157
6.1173 4.60972 -0.794157
6.03592 4.71578 -0.929111
5.9527 4.8204 -1.08502
5.86766 4.92355 -1.08502
5.78084 5.02521 -1.26477
5.69226 5.12533 -1.47371
5.60194 5.2239 -1.47371
5.50992 5.32087 -1.71989
5.41622 5.41622 -2.01508
5.32087 5.50992 -2.01508
5.2239 5.60194 -2.3768
5.12533 5.69226 -2.3768
5.02521 5.78084 -2.83212
4.92355 5.86766 -3.42508
4.8204 5.9527 -3.42508
4.71578 6.03592 -4.23125
4.60972 6.1173 -5.38703
4.50225 6.19682 -5.38703
4.39342 6.27445 -7.14283
4.28325 6.35017 -7.14283
4.17177 6.42396 -9.91402
4.05902 6.49579 -13.6759
3.94503 6.56564 -13.6759
3.82985 6.63349 -17.6668
3.71349 6.69932 -21.639
3.59601 6.76311 -21.639
3.47743 6.82484 -25.5864
3.35779 6.88449 -29.5661
3.23713 6.94204 -29.5661
3.11548 6.99748 -33.6496
2.99288 7.05078 -33.6496
2.86937 7.10194 -37.9141
2.74499 7.15094 -42.4446
2.61977 7.19776 -42.4446
2.49375 7.24238 -47.3392
2.36697 7.2848 -52.7141
2.23948 7.325 -52.7141
2.1113 7.36297 -58.6952
1.98247 7.39869 -65.3521
1.85305 7.43217 -65.3521
1.72306 7.46337 -72.4284
1.59254 7.49231 -72.4284
1.46154 7.51896 -78.6256
1.33009 7.54332 -82.4373
1.19824 7.56539 -82.4373
1.06602 7.58515 -84.6539
0.933482 7.6026 -85.9492
0.800656 7.61773 -85.9492
0.667586 7.63054 -86.6818
0.534313 7.64103 -86.6818
0.400877 7.64919 -87.0314
0.267319 7.65503 -87.0851
0.13368 7.65853 -87.0851
4.69021e-16 7.65969 -86.8772
-0.13368 7.65853 -86.4047
-0.267319 7.65503 -86.4047
-0.400877 7.64919 -85.6289
-0.534313 7.64103 -84.4635
-0.667586 7.63054 -84.4635
-0.800656 7.61773 -82.7437
-0.933482 7.6026 -82.7437
-1.06602 7.58515 -80.158
-1.19824 7.56539 -76.1147
-1.33009 7.54332 -76.1147
-1.46154 7.51896 -69.6234
-1.59254 7.49231 -59.7536
-1.72306 7.46337 -59.7536
-1.85305 7.43217 -48.4051
-1.98247 7.39869 -37.3517
-2.1113 7.36297 -37.3517
-2.23948 7.325 -27.003
-2.36697 7.2848 -27.003
-2.49375 7.24238 -17.2701
-2.61977 7.19776 -7.96963
-2.74499 7.15094 -7.96963
-2.86937 7.10194 1.07906
-2.99288 7.05078 10.0427
-3.11548 6.99748 10.0427
-3.23713 6.94204 19.0823
-3.35779 6.88449 19.0823
-3.47743 6.82484 28.3624
-3.59601 6.76311 38.053
-3.71349 6.69932 38.053
-3.82985 6.63349 48.2978
-3.94503 6.56564 59.0793
-4.05902 6.49579 59.0793
-4.17177 6.42396 69.7614
-4.28325 6.35017 77.0495
-4.39342 6.27445 77.0495
-4.50225 6.19682 81.6331
-4.60972 6.1173 81.6331
-4.71578 6.03592 84.607
-4.8204 5.9527 86.6384
-4.92355 5.86766 86.6384
-5.02521 5.78084 88.0899
-5.12533 5.69226 89.1597
-5.2239 5.60194 89.1597
-5.32087 5.50992 89.96
-5.41622 5.41622 90.5548
-5.50992 5.32087 90.5548
-5.60194 5.2239 90.9784
-5.69226 5.12533 90.9784
-5.78084 5.02521 91.2426
-5.86766 4.92355 91.3355
-5.9527 4.8204 91.3355
-6.03592 4.71578 91.2117
-6.1173 4.60972 90.7674
-6.19682 4.50225 90.7674
-6.27445 4.39342 89.8147
-6.35017 4.28325 89.8147
-6.42396 4.17177 88.0292
-6.49579 4.05902 85.6008
-6.56564 3.94503 85.6008
-6.63349 3.82985 83.3483
-6.69932 3.71349 81.628
-6.76311 3.59601 81.628
-6.82484 3.47743 80.466
-6.88449 3.35779 79.8196
-6.94204 3.23713 79.8196
-6.99748 3.11548 79.651
-7.05078 2.99288 79.651
-7.10194 2.86937 79.9419
-7.15094 2.74499 80.6957
-7.19776 2.61977 80.6957
-7.24238 2.49375 81.9379
-7.2848 2.36697 83.7169
-7.325 2.23948 83.7169
-7.36297 2.1113 86.0986
-7.39869 1.98247 89.1317
-7.43217 1.85305 89.1317
-7.46337 1.72306 92.6793
-7.49231 1.59254 92.6793
-7.51896 1.46154 95.7312
-7.54332 1.33009 97.5827
-7.56539 1.19824 97.5827
-7.58515 1.06602 98.5516
-7.6026 0.933482 99.0004
-7.61773 0.800656 99.0004
-7.63054 0.667586 99.1211
-7.64103 0.534313 99.1211
-7.64919 0.400877 99.0055
-7.65503 0.267319 98.6911
-7.65853 0.13368 98.6911
-7.65969 9.38042e-16 98.1824
-7.65853 -0.13368 97.4575
-7.65503 -0.267319 97.4575
-7.64919 -0.400877 96.4643
-7.64103 -0.534313 95.1078
-7.63054 -0.667586 95.1078
-7.61773 -0.800656 93.218
-7.6026 -0.933482 93.218
-7.58515 -1.06602 90.4895
-7.56539 -1.19824 86.3985
-7.54332 -1.33009 86.3985
-7.51896 -1.46154 79.982
-7.49231 -1.59254 69.824
-7.46337 -1.72306 69.824
-7.43217 -1.85305 58.0405
-7.39869 -1.98247 58.0405
-7.36297 -2.1113 46.549
-7.325 -2.23948 35.7433
-7.2848 -2.36697 35.7433
-7.24238 -2.49375 25.5333
-7.19776 -2.61977 15.7355
-7.15094 -2.74499 15.7355
-7.10194 -2.86937 6.16739
-7.05078 -2.99288 -3.3414
-6.99748 -3.11548 -3.3414
-6.94204 -3.23713 -12.9578
-6.88449 -3.35779 -12.9578
-6.82484 -3.47743 -22.857
-6.76311 -3.59601 -33.2278
-6.69932 -3.71349 -33.2278
-6.63349 -3.82985 -44.2409
-6.56564 -3.94503 -55.8502
-6.49579 -4.05902 -55.8502
-6.42396 -4.17177 -66.9111
-6.35017 -4.28325 -75.1335
-6.27445 -4.39342 -75.1335
-6.19682 -4.50225 -80.2458
-6.1173 -4.60972 -80.2458
-6.03592 -4.71578 -83.5164
-5.9527 -4.8204 -85.7374
-5.86766 -4.92355 -85.7374
-5.78084 -5.02521 -87.3233
-5.69226 -5.12533 -88.4946
-5.60194 -5.2239 -88.4946
-5.50992 -5.32087 -89.3743
-5.41622 -5.41622 -89.3743
-5.32087 -5.50992 -90.0325
-5.2239 -5.60194 -90.5067
-5.12533 -5.69226 -90.5067
-5.02521 -5.78084 -90.8102
-4.92355 -5.86766 -90.932
-4.8204 -5.9527 -90.932
-4.71578 -6.03592 -90.8263
-4.60972 -6.1173 -90.3883
-4.50225 -6.19682 -90.3883
-4.39342 -6.27445 -89.4073
-4.28325 -6.35017 -89.4073
-4.17177 -6.42396 -87.5347
-4.05902 -6.49579 -84.9547
-3.94503 -6.56564 -84.9547
-3.82985 -6.63349 -82.6269
-3.71349 -6.69932 -80.8555
-3.59601 -6.76311 -80.8555
-3.47743 -6.82484 -79.6587
-3.35779 -6.88449 -78.9949
-3.23713 -6.94204 -78.9949
-3.11548 -6.99748 -78.8262
-2.99288 -7.05078 -78.8262
-2.86937 -7.10194 -79.1328
-2.74499 -7.15094 -79.9167
-2.61977 -7.19776 -79.9167
-2.49375 -7.24238 -81.202
-2.36697 -7.2848 -83.0358
-2.23948 -7.325 -83.0358
-2.1113 -7.36297 -85.4806
-1.98247 -7.39869 -85.4806
-1.85305 -7.43217 -88.5719
-1.72306 -7.46337 -92.144
-1.59254 -7.49231 -92.144
-1.46154 -7.51896 -95.3684
-1.33009 -7.54332 -97.2584
-1.19824 -7.56539 -97.2584
-1.06602 -7.58515 -98.2468
-0.933482 -7.6026 -98.7092
-0.800656 -7.61773 -98.7092
-0.667586 -7.63054 -98.8411
-0.534313 -7.64103 -98.8411
-0.400877 -7.64919 -98.7346
-0.267319 -7.65503 -98.4268
-0.13368 -7.65853 -98.4268
-1.40706e-15 -7.65969 -97.9216
0.13368 -7.65853 -97.1961
0.267319 -7.65503 -97.1961
0.400877 -7.64919 -96.1969
0.534313 -7.64103 -94.8259
0.667586 -7.63054 -94.8259
0.800656 -7.61773 -92.9071
0.933482 -7.6026 -92.9071
1.06602 -7.58515 -90.1154
1.19824 -7.56539 -85.8399
1.33009 -7.54332 -85.8399
1.46154 -7.51896 -79.0622
1.59254 -7.49231 -68.814
1.72306 -7.46337 -68.814
1.85305 -7.43217 -57.006
1.98247 -7.39869 -57.006
2.1113 -7.36297 -45.4334
2.23948 -7.325 -34.5118
2.36697 -7.2848 -34.5118
2.49375 -7.24238 -24.1504
2.61977 -7.19776 -14.1596
2.74499 -7.15094 -14.1596
2.86937 -7.10194 -4.34989
2.99288 -7.05078 5.45844
3.11548 -6.99748 5.45844
3.23713 -6.94204 15.4435
3.35779 -6.88449 15.4435
3.47743 -6.82484 25.7925
3.59601 -6.76311 36.7027
3.71349 -6.69932 36.7027
3.82985 -6.63349 48.3437
3.94503 -6.56564 60.6972
4.05902 -6.49579 60.6972
4.17177 -6.42396 73.0115
4.28325 -6.35017 81.3656
4.39342 -6.27445 81.3656
4.50225 -6.19682 86.5528
4.60972 -6.1173 86.5528
4.71578 -6.03592 89.8474
4.8204 -5.9527 92.0236
4.92355 -5.86766 92.0236
5.02521 -5.78084 93.4985
5.12533 -5.69226 94.4955
5.2239 -5.60194 94.4955
5.32087 -5.50992 95.1345
5.41622 -5.41622 95.1345
5.50992 -5.32087 95.4753
5.60194 -5.2239 95.5359
5.69226 -5.12533 95.5359
5.78084 -5.02521 95.2963
5.86766 -4.92355 94.6874
5.9527 -4.8204 94.6874
6.03592 -4.71578 93.5605
6.1173 -4.60972 91.6219
6.19682 -4.50225 91.6219
6.27445 -4.39342 88.3702
6.35017 -4.28325 88.3702
6.42396 -4.17177 82.9205
6.49579 -4.05902 75.5346
6.56564 -3.94503 75.5346
6.63349 -3.82985 68.0179
6.69932 -3.71349 61.1618
6.76311 -3.59601 61.1618
6.82484 -3.47743 55.0125
6.88449 -3.35779 49.4454
6.94204 -3.23713 49.4454
6.99748 -3.11548 44.3253
7.05078 -2.99288 44.3253
7.10194 -2.86937 39.5357
7.15094 -2.74499 34.9773
7.19776 -2.61977 34.9773
7.24238 -2.49375 30.5613
7.2848 -2.36697 26.2037
7.325 -2.23948 26.2037
7.36297 -2.1113 21.8252
7.39869 -1.98247 21.8252
7.43217 -1.85305 17.3753
7.46337 -1.72306 12.9548
7.49231 -1.59254 12.9548
7.51896 -1.46154 9.30401
7.54332 -1.33009 6.89204
7.56539 -1.19824 6.89204
7.58515 -1.06602 5.34972
7.6026 -0.933482 4.30726
7.61773 -0.800656 4.30726
7.63054 -0.667586 3.5603
7.64103 -0.534313 3.5603
7.64919 -0.400877 2.99887
7.65503 -0.267319 2.56103
7.65853 -0.13368 2.56103

7.73948 0 1.10496
7.7383 0.135073 0.962776
7.73477 0.270104 0.962776
7.72887 0.405053 0.844659
7.72063 0.539879 0.74576
7.71003 0.67454 0.74576
7.69708 0.808996 0.663394
7.68179 0.943205 0.597247
7.66416 1.07713 0.597247
7.64419 1.21072 0.551222
7.6219 1.34395 0.543984
7.59728 1.47676 0.543984
7.57035 1.60913 0.677761
7.54112 1.741 0.677761
7.50958 1.87235 0.818838
7.47576 2.00312 0.859755
7.43967 2.13329 0.859755
7.4013 2.26281 0.823037
7.36068 2.39163 0.733532
7.31782 2.51973 0.733532
7.27273 2.64706 0.608815
7.22543 2.77358 0.461558
7.17592 2.89926 0.461558
7.12423 3.02406 0.30176
7.07037 3.14793 0.138211
7.01435 3.27085 0.138211
6.9562 3.39276 -0.0204095
6.89593 3.51365 -0.16441
6.83356 3.63347 -0.16441
6.7691 3.75217 -0.281564
6.70259 3.86974 -0.354635
6.63403 3.98613 -0.354635
6.56345 4.1013 -0.358112
6.49087 4.21522 -0.358112
6.41632 4.32786 -0.331586
6.33981 4.43918 -0.365965
6.26137 4.54915 -0.365965
6.18102 4.65774 -0.421782
6.09879 4.7649 -0.490015
6.01471 4.87061 -0.490015
5.92879 4.97484 -0.569422
5.84106 5.07756 -0.66135
5.75155 5.17872 -0.66135
5.6603 5.27831 -0.768649
5.56732 5.37629 -0.895714
5.47264 5.47264 -0.895714
5.37629 5.56732 -1.0491
5.27831 5.6603 -1.23887
5.17872 5.75155 -1.23887
5.07756 5.84106 -1.48132
4.97484 5.92879 -1.80488
4.87061 6.01471 -1.80488
4.7649 6.09879 -2.26461
4.65774 6.18102 -2.26461
4.54915 6.26137 -2.9816
4.43918 6.33981 -4.26583
4.32786 6.41632 -4.26583
4.21522 6.49087 -7.34232
4.1013 6.56345 -12.3652
3.98613 6.63403 -12.3652
3.86974 6.70259 -16.9821
3.75217 6.7691 -21.2376
3.63347 6.83356 -21.2376
3.51365 6.89593 -25.3124
3.39276 6.9562 -29.3472
3.27085 7.01435 -29.3472
3.14793 7.07037 -33.4518
3.02406 7.12423 -37.7238
2.89926 7.17592 -37.7238
2.77358 7.22543 -42.2644
2.64706 7.27273 -47.1945
2.51973 7.31782 -47.1945
2.39163 7.36068 -52.6761
2.26281 7.4013 -52.6761
2.13329 7.43967 -58.947
2.00312 7.47576 -66.374
1.87235 7.50958 -66.374
1.741 7.54112 -75.4256
1.60913 7.57035 -85.8648
1.47676 7.59728 -85.8648
1.34395 7.6219 -90.123
1.21072 7.64419 -91.9767
1.07713 7.66416 -91.9767
0.943205 7.68179 -92.9268
0.808996 7.69708 -93.4477
0.67454 7.71003 -93.4477
0.539879 7.72063 -93.7198
0.405053 7.72887 -93.8205
0.270104 7.73477 -93.8205
0.135073 7.7383 -93.783
4.73906e-16 7.73948 -93.6159
-0.135073 7.7383 -93.6159
-0.270104 7.73477 -93.3087
-0.405053 7.72887 -93.3087
-0.539879 7.72063 -92.8288
-0.67454 7.71003 -92.1082
-0.808996 7.69708 -92.1082
-0.943205 7.68179 -91.0055
-1.07713 7.66416 -89.1956
-1.21072 7.64419 -89.1956
-1.34395 7.6219 -85.7861
-1.47676 7.59728 -78.52
-1.60913 7.57035 -78.52
-1.741 7.54112 -63.2883
-1.87235 7.50958 -49.1033
-2.00312 7.47576 -49.1033
-2.13329 7.43967 -36.9555
-2.26281 7.4013 -26.1959
-2.39163 7.36068 -26.1959
-2.51973 7.31782 -16.3086
-2.64706 7.27273 -6.94811
-2.77358 7.22543 -6.94811
-2.89926 7.17592 2.1355
-3.02406 7.12423 2.1355
-3.14793 7.07037 11.1489
-3.27085 7.01435 20.291
-3.39276 6.9562 20.291
-3.51365 6.89593 29.7859
-3.63347 6.83356 39.9213
-3.75217 6.7691 39.9213
-3.86974 6.70259 51.0915
-3.98613 6.63403 63.7546
-4.1013 6.56345 63.7546
-4.21522 6.49087 79.6326
-4.32786 6.41632 87.0405
-4.43918 6.33981 87.0405
-4.54915 6.26137 90.4283
-4.65774 6.18102 92.2911
-4.7649 6.09879 92.2911
-4.87061 6.01471 93.4612
-4.97484 5.92879 94.2621
-5.07756 5.84106 94.2621
-5.17872 5.75155 94.8397
-5.27831 5.6603 94.8397
-5.37629 5.56732 95.2675
-5.47264 5.47264 95.5853
-5.56732 5.37629 95.5853
-5.6603 5.27831 95.8141
-5.75155 5.17872 95.9621
-5.84106 5.07756 95.9621
-5.92879 4.97484 96.0249
-6.01471 4.87061 95.9781
-6.09879 4.7649 95.9781
-6.18102 4.65774 95.753
-6.26137 4.54915 95.1453
-6.33981 4.43918 95.1453
-6.41632 4.32786 93.86
-6.49087 4.21522 89.9858
-6.56345 4.1013 89.9858
-6.63403 3.98613 86.2921
-6.70259 3.86974 83.692
-6.7691 3.75217 83.692
-6.83356 3.63347 81.9575
-6.89593 3.51365 81.9575
-6.9562 3.39276 80.892
-7.01435 3.27085 80.3824
-7.07037 3.14793 80.3824
-7.12423 3.02406 80.372
-7.17592 2.89926 80.8425
-7.22543 2.77358 80.8425
-7.27273 2.64706 81.8086
-7.31782 2.51973 83.3205
-7.36068 2.39163 83.3205
-7.4013 2.26281 85.4764
-7.43967 2.13329 88.4501
-7.47576 2.00312 88.4501
-7.50958 1.87235 92.5431
-7.54112 1.741 98.226
-7.57035 1.60913 98.226
-7.59728 1.47676 102.308
-7.6219 1.34395 103.732
-7.64419 1.21072 103.732
-7.66416 1.07713 104.341
-7.68179 0.943205 104.341
-7.69708 0.808996 104.602
-7.71003 0.67454 104.675
-7.72063 0.539879 104.675
-7.72887 0.405053 104.623
-7.73477 0.270104 104.47
-7.7383 0.135073 104.47
-7.73948 9.47813e-16 104.219
-7.7383 -0.135073 103.86
-7.73477 -0.270104 103.86
-7.72887 -0.405053 103.365
-7.72063 -0.539879 102.681
-7.71003 -0.67454 102.681
-7.69708 -0.808996 101.704
-7.68179 -0.943205 100.21
-7.66416 -1.07713 100.21
-7.64419 -1.21072 97.6156
-7.6219 -1.34395 97.6156
-7.59728 -1.47676 93.994
-7.57035 -1.60913 81.2785
-7.54112 -1.741 81.2785
-7.50958 -1.87235 65.6818
-7.47576 -2.00312 52.1444
-7.43967 -2.13329 52.1444
-7.4013 -2.26281 40.3089
-7.36068 -2.39163 29.5663
-7.31782 -2.51973 29.5663
-7.27273 -2.64706 19.4926
-7.22543 -2.77358 9.79432
-7.17592 -2.89926 9.79432
-7.12423 -3.02406 0.244098
-7.07037 -3.14793 -9.36188
-7.01435 -3.27085 -9.36188
-6.9562 -3.39276 -19.2384
-6.89593 -3.51365 -29.6502
-6.83356 -3.63347 -29.6502
-6.7691 -3.75217 -40.9727
-6.70259 -3.86974 -40.9727
-6.63403 -3.98613 -53.7927
-6.56345 -4.1013 -68.9615
-6.49087 -4.21522 -68.9615
-6.41632 -4.32786 -82.7929
-6.33981 -4.43918 -88.2791
-6.26137 -4.54915 -88.2791
-6.18102 -4.65774 -90.9558
-6.09879 -4.7649 -92.5314
-6.01471 -4.87061 -92.5314
-5.92879 -4.97484 -93.5723
-5.84106 -5.07756 -94.3088
-5.75155 -5.17872 -94.3088
-5.6603 -5.27831 -94.851
-5.56732 -5.37629 -95.2566
-5.47264 -5.47264 -95.2566
-5.37629 -5.56732 -95.5572
-5.27831 -5.6603 -95.7683
-5.17872 -5.75155 -95.7683
-5.07756 -5.84106 -95.8925
-4.97484 -5.92879 -95.8925
-4.87061 -6.01471 -95.9169
-4.7649 -6.09879 -95.8004
-4.65774 -6.18102 -95.8004
-4.54915 -6.26137 -95.4355
-4.43918 -6.33981 -94.5221
-4.32786 -6.41632 -94.5221
-4.21522 -6.49087 -91.8369
-4.1013 -6.56345 -87.4902
-3.98613 -6.63403 -87.4902
-3.86974 -6.70259 -84.2567
-3.75217 -6.7691 -82.0353
-3.63347 -6.83356 -82.0353
-3.51365 -6.89593 -80.5952
-3.39276 -6.9562 -79.7852
-3.27085 -7.01435 -79.7852
-3.14793 -7.07037 -79.5195
-3.02406 -7.12423 -79.7581
-2.89926 -7.17592 -79.7581
-2.77358 -7.22543 -80.4969
-2.64706 -7.27273 -80.4969
-2.51973 -7.31782 -81.7663
-2.39163 -7.36068 -83.6378
-2.26281 -7.4013 -83.6378
-2.13329 -7.43967 -86.2434
-2.00312 -7.47576 -89.8084
-1.87235 -7.50958 -89.8084
-1.741 -7.54112 -94.6371
-1.60913 -7.57035 -100.596
-1.47676 -7.59728 -100.596
-1.34395 -7.6219 -102.917
-1.21072 -7.64419 -103.846
-1.07713 -7.66416 -103.846
-0.943205 -7.68179 -104.255
-0.808996 -7.69708 -104.415
-0.67454 -7.71003 -104.415
-0.539879 -7.72063 -104.425
-0.405053 -7.72887 -104.325
-0.270104 -7.73477 -104.325
-0.135073 -7.7383 -104.126
-1.42172e-15 -7.73948 -104.126
0.135073 -7.7383 -103.823
0.270104 -7.73477 -103.399
0.405053 -7.72887 -103.399
0.539879 -7.72063 -102.814
0.67454 -7.71003 -101.993
0.808996 -7.69708 -101.993
0.943205 -7.68179 -100.79
1.07713 -7.66416 -98.8688
1.21072 -7.64419 -98.8688
1.34395 -7.6219 -95.3149
1.47676 -7.59728 -87.8306
1.60913 -7.57035 -87.8306
1.741 -7.54112 -72.1855
1.87235 -7.50958 -57.519
2.00312 -7.47576 -57.519
2.13329 -7.43967 -44.8422
2.26281 -7.4013 -33.5036
2.39163 -7.36068 -33.5036
2.51973 -7.31782 -22.9814
2.64706 -7.27273 -22.9814
2.77358 -7.22543 -12.9218
2.89926 -7.17592 -3.06392
3.02406 -7.12423 -3.06392
3.14793 -7.07037 6.81484
3.27085 -7.01435 16.9361
3.39276 -6.9562 16.9361
3.51365 -6.89593 27.557
3.63347 -6.83356 39.0155
3.75217 -6.7691 39.0155
3.86974 -6.70259 51.7808
3.98613 -6.63403 66.403
4.1013 -6.56345 66.403
4.21522 -6.49087 84.9506
4.32786 -6.41632 93.5451
4.43918 -6.33981 93.5451
4.54915 -6.26137 97.4263
4.65774 -6.18102 99.5169
4.7649 -6.09879 99.5169
4.87061 -6.01471 100.789
4.97484 -5.92879 100.789
5.07756 -5.84106 101.619
5.17872 -5.75155 102.174
5.27831 -5.6603 102.174
5.37629 -5.56732 102.533
5.47264 -5.47264 102.737
5.56732 -5.37629 102.737
5.6603 -5.27831 102.8
5.75155 -5.17872 102.716
5.84106 -5.07756 102.716
5.92879 -4.97484 102.454
6.01471 -4.87061 101.934
6.09879 -4.7649 101.934
6.18102 -4.65774 100.967
6.26137 -4.54915 99.0203
6.33981 -4.43918 99.0203
6.41632 -4.32786 95.4557
6.49087 -4.21522 85.369
6.56345 -4.1013 85.369
6.63403 -3.98613 75.0612
6.70259 -3.86974 75.0612
6.7691 -3.75217 66.6165
6.83356 -3.63347 59.5495
6.89593 -3.51365 59.5495
6.9562 -3.39276 53.4135
7.01435 -3.27085 47.9205
7.07037 -3.14793 47.9205
7.12423 -3.02406 42.8788
7.17592 -2.89926 38.1489
7.22543 -2.77358 38.1489
7.27273 -2.64706 33.617
7.31782 -2.51973 29.1767
7.36068 -2.39163 29.1767
7.4013 -2.26281 24.7109
7.43967 -2.13329 20.0677
7.47576 -2.00312 20.0677
7.50958 -1.87235 15.0238
7.54112 -1.741 9.27028
7.57035 -1.60913 9.27028
7.59728 -1.47676 5.20747
7.6219 -1.34395 5.20747
7.64419 -1.21072 3.57671
7.66416 -1.07713 2.70339
7.68179 -0.943205 2.70339
7.69708 -0.808996 2.1562
7.71003 -0.67454 1.77694
7.72063 -0.539879 1.77694
7.72887 -0.405053 1.49618
7.73477 -0.270104 1.27877
7.7383 -0.135073 1.27877

7.81927 0 1.10496
7.81808 0.136465 0.962776
7.81451 0.272889 0.962776
7.80855 0.409229 0.844659
7.80022 0.545445 0.74576
7.78951 0.681494 0.74576
7.77643 0.817336 0.663394
7.76099 0.952929 0.597247
7.74317 1.08823 0.597247
7.723 1.2232 0.551222
7.70048 1.3578 0.543984
7.67561 1.49199 0.543984
7.6484 1.62572 0.677761
7.61886 1.75895 0.677761
7.587 1.89165 0.818838
7.55283 2.02378 0.859755
7.51636 2.15528 0.859755
7.4776 2.28613 0.823037
7.43657 2.41629 0.733532
7.39326 2.5457 0.733532
7.34771 2.67435 0.608815
7.29992 2.80218 0.461558
7.2499 2.92915 0.461558
7.19767 3.05523 0.30176
7.14326 3.18038 0.138211
7.08666 3.30457 0.138211
7.02791 3.42774 -0.0204095
6.96702 3.54987 -0.16441
6.904 3.67092 -0.16441
6.83889 3.79086 -0.281564
6.77169 3.90963 -0.354635
6.70242 4.02722 -0.354635
6.63112 4.14358 -0.358112
6.55779 4.25868 -0.358112
6.48247 4.37248 -0.331586
6.40517 4.48495 -0.365965
6.32592 4.59605 -0.365965
6.24475 4.70575 -0.421782
6.16167 4.81402 -0.490015
6.07671 4.92083 -0.490015
5.98991 5.02613 -0.569422
5.90128 5.1299 -0.66135
5.81085 5.23211 -0.66135
5.71865 5.33273 -0.768649
5.62471 5.43172 -0.895714
5.52906 5.52906 -0.895714
5.43172 5.62471 -1.0491
5.33273 5.71865 -1.23887
5.23211 5.81085 -1.23887
5.1299 5.90128 -1.48132
5.02613 5.98991 -1.80488
4.92083 6.07671 -1.80488
4.81402 6.16167 -2.26461
4.70575 6.24475 -2.26461
4.59605 6.32592 -2.9816
4.48495 6.40517 -4.26583
4.37248 6.48247 -4.26583
4.25868 6.55779 -7.34232
4.14358 6.63112 -12.3652
4.02722 6.70242 -12.3652
3.90963 6.77169 -16.9821
3.79086 6.83889 -21.2376
3.67092 6.904 -21.2376
3.54987 6.96702 -25.3124
3.42774 7.02791 -29.3472
3.30457 7.08666 -29.3472
3.18038 7.14326 -33.4518
3.05523 7.19767 -37.7238
2.92915 7.2499 -37.7238
2.80218 7.29992 -42.2644
2.67435 7.34771 -47.1945
2.5457 7.39326 -47.1945
2.41629 7.43657 -52.6761
2.28613 7.4776 -52.6761
2.15528 7.51636 -58.947
2.02378 7.55283 -66.374
1.89165 7.587 -66.374
1.75895 7.61886 -75.4256
1.62572 7.6484 -85.8648
1.49199 7.67561 -85.8648
1.3578 7.70048 -90.123
1.2232 7.723 -91.9767
1.08823 7.74317 -91.9767
0.952929 7.76099 -92.9268
0.817336 7.77643 -93.4477
0.681494 7.78951 -93.4477
0.545445 7.80022 -93.7198
0.409229 7.80855 -93.8205
0.272889 7.81451 -93.8205
0.136465 7.81808 -93.783
4.78792e-16 7.81927 -93.6159
-0.136465 7.81808 -93.6159
-0.272889 7.81451 -93.3087
-0.409229 7.80855 -93.3087
-0.545445 7.80022 -92.8288
-0.681494 7.78951 -92.1082
-0.817336 7.77643 -92.1082
-0.952929 7.76099 -91.0055
-1.08823 7.74317 -89.1956
-1.2232 7.723 -89.1956
-1.3578 7.70048 -85.7861
-1.49199 7.67561 -78.52
-1.62572 7.6484 -78.52
-1.75895 7.61886 -63.2883
-1.89165 7.587 -49.1033
-2.02378 7.55283 -49.1033
-2.15528 7.51636 -36.9555
-2.28613 7.4776 -26.1959
-2.41629 7.43657 -26.1959
-2.5457 7.39326 -16.3086
-2.67435 7.34771 -6.94811
-2.80218 7.29992 -6.94811
-2.92915 7.2499 2.1355
-3.05523 7.19767 2.1355
-3.18038 7.14326 11.1489
-3.30457 7.08666 20.291
-3.42774 7.02791 20.291
-3.54987 6.96702 29.7859
-3.67092 6.904 39.9213
-3.79086 6.83889 39.9213
-3.90963 6.77169 51.0915
-4.02722 6.70242 63.7546
-4.14358 6.63112 63.7546
-4.25868 6.55779 79.6326
-4.37248 6.48247 87.0405
-4.48495 6.40517 87.0405
-4.59605 6.32592 90.4283
-4.70575 6.24475 92.2911
-4.81402 6.16167 92.2911
-4.92083 6.07671 93.4612
-5.02613 5.98991 94.2621
-5.1299 5.90128 94.2621
-5.23211 5.81085 94.8397
-5.33273 5.71865 94.8397
-5.43172 5.62471 95.2675
-5.52906 5.52906 95.5853
-5.62471 5.43172 95.5853
-5.71865 5.33273 95.8141
-5.81085 5.23211 95.9621
-5.90128 5.1299 95.9621
-5.98991 5.02613 96.0249
-6.07671 4.92083 95.9781
-6.16167 4.81402 95.9781
-6.24475 4.70575 95.753
-6.32592 4.59605 95.1453
-6.40517 4.48495 95.1453
-6.48247 4.37248 93.86
-6.55779 4.25868 89.9858
-6.63112 4.14358 89.9858
-6.70242 4.02722 86.2921
-6.77169 3.90963 83.692
-6.83889 3.79086 83.692
-6.904 3.67092 81.9575
-6.96702 3.54987 81.9575
-7.02791 3.42774 80.892
-7.08666 3.30457 80.3824
-7.14326 3.18038 80.3824
-7.19767 3.05523 80.372
-7.2499 2.92915 80.8425
-7.29992 2.80218 80.8425
-7.34771 2.67435 81.8086
-7.39326 2.5457 83.3205
-7.43657 2.41629 83.3205
-7.4776 2.28613 85.4764
-7.51636 2.15528 88.4501
-7.55283 2.02378 88.4501
-7.587 1.89165 92.5431
-7.61886 1.75895 98.226
-7.6484 1.62572 98.226
-7.67561 1.49199 102.308
-7.70048 1.3578 103.732
-7.723 1.2232 103.732
-7.74317 1.08823 104.341
-7.76099 0.952929 104.341
-7.77643 0.817336 104.602
-7.78951 0.681494 104.675
-7.80022 0.545445 104.675
-7.80855 0.409229 104.623
-7.81451 0.272889 104.47
-7.81808 0.136465 104.47
-7.81927 9.57584e-16 104.219
-7.81808 -0.136465 103.86
-7.81451 -0.272889 103.86
-7.80855 -0.409229 103.365
-7.80022 -0.545445 102.681
-7.78951 -0.681494 102.681
-7.77643 -0.817336 101.704
-7.76099 -0.952929 100.21
-7.74317 -1.08823 100.21
-7.723 -1.2232 97.6156
-7.70048 -1.3578 97.6156
-7.67561 -1.49199 93.994
-7.6484 -1.62572 81.2785
-7.61886 -1.75895 81.2785
-7.587 -1.89165 65.6818
-7.55283 -2.02378 52.1444
-7.51636 -2.15528 52.1444
-7.4776 -2.28613 40.3089
-7.43657 -2.41629 29.5663
-7.39326 -2.5457 29.5663
-7.34771 -2.67435 19.4926
-7.29992 -2.80218 9.79432
-7.2499 -2.92915 9.79432
-7.19767 -3.05523 0.244098
-7.14326 -3.18038 -9.36188
-7.08666 -3.30457 -9.36188
-7.02791 -3.42774 -19.2384
-6.96702 -3.54987 -29.6502
-6.904 -3.67092 -29.6502
-6.83889 -3.79086 -40.9727
-6.77169 -3.90963 -40.9727
-6.70242 -4.02722 -53.7927
-6.63112 -4.14358 -68.9615
-6.55779 -4.25868 -68.9615
-6.48247 -4.37248 -82.7929
-6.40517 -4.48495 -88.2791
-6.32592 -4.59605 -88.2791
-6.24475 -4.70575 -90.9558
-6.16167 -4.81402 -92.5314
-6.07671 -4.92083 -92.5314
-5.98991 -5.02613 -93.5723
-5.90128 -5.1299 -94.3088
-5.81085 -5.23211 -94.3088
-5.71865 -5.33273 -94.851
-5.62471 -5.43172 -95.2566
-5.52906 -5.52906 -95.2566
-5.43172 -5.62471 -95.5572
-5.33273 -5.71865 -95.7683
-5.23211 -5.81085 -95.7683
-5.1299 -5.90128 -95.8925
-5.02613 -5.98991 -95.8925
-4.92083 -6.07671 -95.9169
-4.81402 -6.16167 -95.8004
-4.70575 -6.24475 -95.8004
-4.59605 -6.32592 -95.4355
-4.48495 -6.40517 -94.5221
-4.37248 -6.48247 -94.5221
-4.25868 -6.55779 -91.8369
-4.14358 -6.63112 -87.4902
-4.02722 -6.70242 -87.4902
-3.90963 -6.77169 -84.2567
-3.79086 -6.83889 -82.0353
-3.67092 -6.904 -82.0353
-3.54987 -6.96702 -80.5952
-3.42774 -7.02791 -79.7852
-3.30457 -7.08666 -79.7852
-3.18038 -7.14326 -79.5195
-3.05523 -7.19767 -79.7581
-2.92915 -7.2499 -79.7581
-2.80218 -7.29992 -80.4969
-2.67435 -7.34771 -80.4969
-2.5457 -7.39326 -81.7663
-2.41629 -7.43657 -83.6378
-2.28613 -7.4776 -83.6378
-2.15528 -7.51636 -86.2434
-2.02378 -7.55283 -89.8084
-1.89165 -7.587 -89.8084
-1.75895 -7.61886 -94.6371
-1.62572 -7.6484 -100.596
-1.49199 -7.67561 -100.596
-1.3578 -7.70048 -102.917
-1.2232 -7.723 -103.846
-1.08823 -7.74317 -103.846
-0.952929 -7.76099 -104.255
-0.817336 -7.77643 -104.415
-0.681494 -7.78951 -104.415
-0.545445 -7.80022 -104.425
-0.409229 -7.80855 -104.325
-0.272889 -7.81451 -104.325
-0.136465 -7.81808 -104.126
-1.43638e-15 -7.81927 -104.126
0.136465 -7.81808 -103.823
0.272889 -7.81451 -103.399
0.409229 -7.80855 -103.399
0.545445 -7.80022 -102.814
0.681494 -7.78951 -101.993
0.817336 -7.77643 -101.993
0.952929 -7.76099 -100.79
1.08823 -7.74317 -98.8688
1.2232 -7.723 -98.8688
1.3578 -7.70048 -95.3149
1.49199 -7.67561 -87.8306
1.62572 -7.6484 -87.8306
1.75895 -7.61886 -72.1855
1.89165 -7.587 -57.519
2.02378 -7.55283 -57.519
2.15528 -7.51636 -44.8422
2.28613 -7.4776 -33.5036
2.41629 -7.43657 -33.5036
2.5457 -7.39326 -22.9814
2.67435 -7.34771 -22.9814
2.80218 -7.29992 -12.9218
2.92915 -7.2499 -3.06392
3.05523 -7.19767 -3.06392
3.18038 -7.14326 6.81484
3.30457 -7.08666 16.9361
3.42774 -7.02791 16.9361
3.54987 -6.96702 27.557
3.67092 -6.904 39.0155
3.79086 -6.83889 39.0155
3.90963 -6.77169 51.7808
4.02722 -6.70242 66.403
4.14358 -6.63112 66.403
4.25868 -6.55779 84.9506
4.37248 -6.48247 93.5451
4.48495 -6.40517 93.5451
4.59605 -6.32592 97.4263
4.70575 -6.24475 99.5169
4.81402 -6.16167 99.5169
4.92083 -6.07671 100.789
5.02613 -5.98991 100.789
5.1299 -5.90128 101.619
5.23211 -5.81085 102.174
5.33273 -5.71865 102.174
5.43172 -5.62471 102.533
5.52906 -5.52906 102.737
5.62471 -5.43172 102.737
5.71865 -5.33273 102.8
5.81085 -5.23211 102.716
5.90128 -5.1299 102.716
5.98991 -5.02613 102.454
6.07671 -4.92083 101.934
6.16167 -4.81402 101.934
6.24475 -4.70575 100.967
6.32592 -4.59605 99.0203
6.40517 -4.48495 99.0203
6.48247 -4.37248 95.4557
6.55779 -4.25868 85.369
6.63112 -4.14358 85.369
6.70242 -4.02722 75.0612
6.77169 -3.90963 75.0612
6.83889 -3.79086 66.6165
6.904 -3.67092 59.5495
6.96702 -3.54987 59.5495
7.02791 -3.42774 53.4135
7.08666 -3.30457 47.9205
7.14326 -3.18038 47.9205
7.19767 -3.05523 42.8788
7.2499 -2.92915 38.1489
7.29992 -2.80218 38.1489
7.34771 -2.67435 33.617
7.39326 -2.5457 29.1767
7.43657 -2.41629 29.1767
7.4776 -2.28613 24.7109
7.51636 -2.15528 20.0677
7.55283 -2.02378 20.0677
7.587 -1.89165 15.0238
7.61886 -1.75895 9.27028
7.6484 -1.62572 9.27028
7.67561 -1.49199 5.20747
7.70048 -1.3578 5.20747
7.723 -1.2232 3.57671
7.74317 -1.08823 2.70339
7.76099 -0.952929 2.70339
7.77643 -0.817336 2.1562
7.78951 -0.681494 1.77694
7.80022 -0.545445 1.77694
7.80855 -0.409229 1.49618
7.81451 -0.272889 1.27877
7.81808 -0.136465 1.27877

7.89906 0 0
7.89785 0.137858 0
7.89425 0.275673 0
7.88823 0.413405 0
7.87982 0.55101 0
7.869 0.688448 0
7.85579 0.825676 0
7.84018 0.962653 0
7.82218 1.09934 0
7.80181 1.23568 0
7.77905 1.37166 0
7.75393 1.50721 0
7.72644 1.64231 0.257875
7.6966 1.7769 0.677339
7.66442 1.91095 0.677339
7.6299 2.04443 0.804471
7.59306 2.17728 0.808779
7.55391 2.30946 0.808779
7.51245 2.44094 0.745441
7.46871 2.57168 0.639951
7.42269 2.70164 0.639951
7.37441 2.83077 0.507592
7.32388 2.95904 0.359316
7.27112 3.08641 0.359316
7.21615 3.21284 0.204154
7.15898 3.33829 0.0505941
7.09963 3.46272 0.0505941
7.03811 3.5861 -0.0922387
6.97445 3.70838 -0.213011
6.90867 3.82954 -0.213011
6.84078 3.94953 -0.295101
6.77081 4.06832 -0.308214
6.69878 4.18586 -0.308214
6.62471 4.30213 0
6.54862 4.4171 0
6.47053 4.53071 0
6.39047 4.64295 0
6.30847 4.75377 0
6.22454 4.86315 0
6.13872 4.97104 0
6.05103 5.07742 0
5.96149 5.18225 0
5.87014 5.2855 0
5.777 5.38714 0
5.68211 5.48715 0
5.58548 5.58548 0
5.48715 5.68211 0
5.38714 5.777 0
5.2855 5.87014 0
5.18225 5.96149 0
5.07742 6.05103 0
4.97104 6.13872 0
4.86315 6.22454 0
4.75377 6.30847 0
4.64295 6.39047 0
4.53071 6.47053 0
4.4171 6.54862 0
4.30213 6.62471 -4.32935
4.18586 6.69878 -11.547
4.06832 6.77081 -11.547
3.94953 6.84078 -16.645
3.82954 6.90867 -21.0029
3.70838 6.97445 -21.0029
3.5861 7.03811 -25.0741
3.46272 7.09963 -29.065
3.33829 7.15898 -29.065
3.21284 7.21615 -33.1033
3.08641 7.27112 -37.2909
2.95904 7.32388 -37.2909
2.83077 7.37441 -41.729
2.70164 7.42269 -46.5366
2.57168 7.46871 -46.5366
2.44094 7.51245 -51.8757
2.30946 7.55391 -57.9994
2.17728 7.59306 -57.9994
2.04443 7.6299 -65.377
1.91095 7.66442 -75.1272
1.7769 7.6966 -75.1272
1.64231 7.72644 -100.5
1.50721 7.75393 -100.5
1.37166 7.77905 -100.5
1.23568 7.80181 -100.5
1.09934 7.82218 -100.5
0.962653 7.84018 -100.5
0.825676 7.85579 -100.5
0.688448 7.869 -100.5
0.55101 7.87982 -100.5
0.413405 7.88823 -100.5
0.275673 7.89425 -100.5
0.137858 7.89785 -100.5
4.83678e-16 7.89906 -100.5
-0.137858 7.89785 -100.5
-0.275673 7.89425 -100.5
-0.413405 7.88823 -100.5
-0.55101 7.87982 -100.5
-0.688448 7.869 -100.5
-0.825676 7.85579 -100.5
-0.962653 7.84018 -100.5
-1.09934 7.82218 -100.5
-1.23568 7.80181 -100.5
-1.37166 7.77905 -100.5
-1.50721 7.75393 -100.5
-1.64231 7.72644 -86.1027
-1.7769 7.6966 -62.4062
-1.91095 7.66442 -62.4062
-2.04443 7.6299 -47.1959
-2.17728 7.59306 -35.1029
-2.30946 7.55391 -35.1029
-2.44094 7.51245 -24.5477
-2.57168 7.46871 -14.8649
-2.70164 7.42269 -14.8649
-2.83077 7.37441 -5.68524
-2.95904 7.32388 3.24337
-3.08641 7.27112 3.24337
-3.21284 7.21615 12.128
-3.33829 7.15898 21.1728
-3.46272 7.09963 21.1728
-3.5861 7.03811 30.6219
-3.70838 6.97445 40.8314
-3.82954 6.90867 40.8314
-3.94953 6.84078 52.4518
-4.06832 6.77081 67.0591
-4.18586 6.69878 67.0591
-4.30213 6.62471 100.7
-4.4171 6.54862 100.7
-4.53071 6.47053 100.7
-4.64295 6.39047 100.7
-4.75377 6.30847 100.7
-4.86315 6.22454 100.7
-4.97104 6.13872 100.7
-5.07742 6.05103 100.7
-5.18225 5.96149 100.7
-5.2855 5.87014 100.7
-5.38714 5.777 100.7
-5.48715 5.68211 100.7
-5.58548 5.58548 100.7
-5.68211 5.48715 100.7
-5.777 5.38714 100.7
-5.87014 5.2855 100.7
-5.96149 5.18225 100.7
-6.05103 5.07742 100.7
-6.13872 4.97104 100.7
-6.22454 4.86315 100.7
-6.30847 4.75377 100.7
-6.39047 4.64295 100.7
-6.47053 4.53071 100.7
-6.54862 4.4171 100.7
-6.62471 4.30213 96.3572
-6.69878 4.18586 89.1934
-6.77081 4.06832 89.1934
-6.84078 3.94953 85.4641
-6.90867 3.82954 83.1513
-6.97445 3.70838 83.1513
-7.03811 3.5861 81.6878
-7.09963 3.46272 80.8518
-7.15898 3.33829 80.8518
-7.21615 3.21284 80.5407
-7.27112 3.08641 80.71
-7.32388 2.95904 80.71
-7.37441 2.83077 81.3536
-7.42269 2.70164 82.4995
-7.46871 2.57168 82.4995
-7.51245 2.44094 84.2182
-7.55391 2.30946 86.6468
-7.59306 2.17728 86.6468
-7.6299 2.04443 90.0574
-7.66442 1.91095 95.0638
-7.6966 1.7769 95.0638
-7.72644 1.64231 110.2
-7.75393 1.50721 110.2
-7.77905 1.37166 110.2
-7.80181 1.23568 110.2
-7.82218 1.09934 110.2
-7.84018 0.962653 110.2
-7.85579 0.825676 110.2
-7.869 0.688448 110.2
-7.87982 0.55101 110.2
-7.88823 0.413405 110.2
-7.89425 0.275673 110.2
-7.89785 0.137858 110.2
-7.89906 9.67356e-16 110.2
-7.89785 -0.137858 110.2
-7.89425 -0.275673 110.2
-7.88823 -0.413405 110.2
-7.87982 -0.55101 110.2
-7.869 -0.688448 110.2
-7.85579 -0.825676 110.2
-7.84018 -0.962653 110.2
-7.82218 -1.09934 110.2
-7.80181 -1.23568 110.2
-7.77905 -1.37166 110.2
-7.75393 -1.50721 110.2
-7.72644 -1.64231 97.7408
-7.6966 -1.7769 72.6461
-7.66442 -1.91095 72.6461
-7.6299 -2.04443 56.739
-7.59306 -2.17728 44.1301
-7.55391 -2.30946 44.1301
-7.51245 -2.44094 33.0973
-7.46871 -2.57168 22.9373
-7.42269 -2.70164 22.9373
-7.37441 -2.83077 13.2685
-7.32388 -2.95904 3.83214
-7.27112 -3.08641 3.83214
-7.21615 -3.21284 -5.58358
-7.15898 -3.33829 -15.1881
-7.09963 -3.46272 -15.1881
-7.03811 -3.5861 -25.2306
-6.97445 -3.70838 -36.0675
-6.90867 -3.82954 -36.0675
-6.84078 -3.94953 -48.3226
-6.77081 -4.06832 -63.3981
-6.69878 -4.18586 -63.3981
-6.62471 -4.30213 -100.9
-6.54862 -4.4171 -100.9
-6.47053 -4.53071 -100.9
-6.39047 -4.64295 -100.9
-6.30847 -4.75377 -100.9
-6.22454 -4.86315 -100.9
-6.13872 -4.97104 -100.9
-6.05103 -5.07742 -100.9
-5.96149 -5.18225 -100.9
-5.87014 -5.2855 -100.9
-5.777 -5.38714 -100.9
-5.68211 -5.48715 -100.9
-5.58548 -5.58548 -100.9
-5.48715 -5.68211 -100.9
-5.38714 -5.777 -100.9
-5.2855 -5.87014 -100.9
-5.18225 -5.96149 -100.9
-5.07742 -6.05103 -100.9
-4.97104 -6.13872 -100.9
-4.86315 -6.22454 -100.9
-4.75377 -6.30847 -100.9
-4.64295 -6.39047 -100.9
-4.53071 -6.47053 -100.9
-4.4171 -6.54862 -100.9
-4.30213 -6.62471 -95.9942
-4.18586 -6.69878 -88.8391
-4.06832 -6.77081 -88.8391
-3.94953 -6.84078 -84.9282
-3.82954 -6.90867 -82.4918
-3.70838 -6.97445 -82.4918
-3.5861 -7.03811 -80.954
-3.46272 -7.09963 -80.0781
-3.33829 -7.15898 -80.0781
-3.21284 -7.21615 -79.7518
-3.08641 -7.27112 -79.9254
-2.95904 -7.32388 -79.9254
-2.83077 -7.37441 -80.5893
-2.70164 -7.42269 -81.77
-2.57168 -7.46871 -81.77
-2.44094 -7.51245 -83.5376
-2.30946 -7.55391 -86.0325
-2.17728 -7.59306 -86.0325
-2.04443 -7.6299 -89.5433
-1.91095 -7.66442 -94.7818
-1.7769 -7.6966 -94.7818
-1.64231 -7.72644 -110
-1.50721 -7.75393 -110
-1.37166 -7.77905 -110
-1.23568 -7.80181 -110
-1.09934 -7.82218 -110
-0.962653 -7.84018 -110
-0.825676 -7.85579 -110
-0.688448 -7.869 -110
-0.55101 -7.87982 -110
-0.413405 -7.88823 -110
-0.275673 -7.89425 -110
-0.137858 -7.89785 -110
-1.45103e-15 -7.89906 -110
0.137858 -7.89785 -110
0.275673 -7.89425 -110
0.413405 -7.88823 -110
0.55101 -7.87982 -110
0.688448 -7.869 -110
0.825676 -7.85579 -110
0.962653 -7.84018 -110
1.09934 -7.82218 -110
1.23568 -7.80181 -110
1.37166 -7.77905 -110
1.50721 -7.75393 -110
1.64231 -7.72644 -95.3796
1.7769 -7.6966 -71.1748
1.91095 -7.66442 -71.1748
2.04443 -7.6299 -55.4668
2.17728 -7.59306 -42.842
2.30946 -7.55391 -42.842
2.44094 -7.51245 -31.7077
2.57168 -7.46871 -21.3908
2.70164 -7.42269 -21.3908
2.83077 -7.37441 -11.5132
2.95904 -7.32388 -1.81084
3.08641 -7.27112 -1.81084
3.21284 -7.21615 7.9398
3.33829 -7.15898 17.9674
3.46272 -7.09963 17.9674
3.5861 -7.03811 28.5537
3.70838 -6.97445 40.1186
3.82954 -6.90867 40.1186
3.94953 -6.84078 53.4368
4.06832 -6.77081 70.3911
4.18586 -6.69878 70.3911
4.30213 -6.62471 110
4.4171 -6.54862 110
4.53071 -6.47053 110
4.64295 -6.39047 110
4.75377 -6.30847 110
4.86315 -6.22454 110
4.97104 -6.13872 110
5.07742 -6.05103 110
5.18225 -5.96149 110
5.2855 -5.87014 110
5.38714 -5.777 110
5.48715 -5.68211 110
5.58548 -5.58548 110
5.68211 -5.48715 110
5.777 -5.38714 110
5.87014 -5.2855 110
5.96149 -5.18225 110
6.05103 -5.07742 110
6.13872 -4.97104 110
6.22454 -4.86315 110
6.30847 -4.75377 110
6.39047 -4.64295 110
6.47053 -4.53071 110
6.54862 -4.4171 110
6.62471 -4.30213 99.9081
6.69878 -4.18586 82.2996
6.77081 -4.06832 82.2996
6.84078 -3.94953 71.7053
6.90867 -3.82954 63.7109
6.97445 -3.70838 63.7109
7.03811 -3.5861 57.0696
7.09963 -3.46272 51.2695
7.15898 -3.33829 51.2695
7.21615 -3.21284 46.0363
7.27112 -3.08641 41.1946
7.32388 -2.95904 41.1946
7.37441 -2.83077 36.6154
7.42269 -2.70164 32.1885
7.46871 -2.57168 32.1885
7.51245 -2.44094 27.803
7.55391 -2.30946 23.3212
7.59306 -2.17728 23.3212
7.6299 -2.04443 18.5255
7.66442 -1.91095 12.9629
7.6966 -1.7769 12.9629
7.72644 -1.64231 0
7.75393 -1.50721 0
7.77905 -1.37166 0
7.80181 -1.23568 0
7.82218 -1.09934 0
7.84018 -0.962653 0
7.85579 -0.825676 0
7.869 -0.688448 0
7.87982 -0.55101 0
7.88823 -0.413405 0
7.89425 -0.275673 0
7.89785 -0.137858 0

7.97885 0 0
7.97763 0.13925 0
7.97399 0.278458 0
7.96791 0.417581 0
7.95941 0.556576 0
7.94848 0.695402 0
7.93514 0.834016 0
7.91937 0.972377 0
7.9012 1.11044 0
7.88061 1.24817 0
7.85763 1.38551 0
7.83225 1.52244 0
7.80449 1.6589 0.257875
7.77435 1.79485 0.677339
7.74184 1.93026 0.677339
7.70697 2.06508 0.804471
7.66976 2.19927 0.808779
7.63021 2.33279 0.808779
7.58833 2.4656 0.745441
7.54415 2.59766 0.639951
7.49766 2.72893 0.639951
7.44889 2.85936 0.507592
7.39786 2.98893 0.359316
7.34457 3.11758 0.359316
7.28904 3.24529 0.204154
7.23129 3.37201 0.0505941
7.17134 3.4977 0.0505941
7.1092 3.62232 -0.0922387
7.0449 3.74584 -0.213011
6.97846 3.86822 -0.213011
6.90988 3.98942 -0.295101
6.83921 4.10941 -0.308214
6.76644 4.22814 -0.308214
6.69162 4.34559 0
6.61476 4.46171 0
6.53589 4.57648 0
6.45502 4.68985 0
6.37219 4.80179 0
6.28742 4.91227 0
6.20073 5.02125 0
6.11215 5.1287 0
6.02171 5.23459 0
5.92944 5.33889 0
5.83536 5.44156 0
5.7395 5.54257 0
5.6419 5.6419 0
5.54257 5.7395 0
5.44156 5.83536 0
5.33889 5.92944 0
5.23459 6.02171 0
5.1287 6.11215 0
5.02125 6.20073 0
4.91227 6.28742 0
4.80179 6.37219 0
4.68985 6.45502 0
4.57648 6.53589 0
4.46171 6.61476 0
4.34559 6.69162 -4.32935
4.22814 6.76644 -11.547
4.10941 6.83921 -11.547
3.98942 6.90988 -16.645
3.86822 6.97846 -21.0029
3.74584 7.0449 -21.0029
3.62232 7.1092 -25.0741
3.4977 7.17134 -29.065
3.37201 7.23129 -29.065
3.24529 7.28904 -33.1033
3.11758 7.34457 -37.2909
2.98893 7.39786 -37.2909
2.85936 7.44889 -41.729
2.72893 7.49766 -46.5366
2.59766 7.54415 -46.5366
2.4656 7.58833 -51.8757
2.33279 7.63021 -57.9994
2.19927 7.66976 -57.9994
2.06508 7.70697 -65.377
1.93026 7.74184 -75.1272
1.79485 7.77435 -75.1272
1.6589 7.80449 -100.5
1.52244 7.83225 -100.5
1.38551 7.85763 -100.5
1.24817 7.88061 -100.5
1.11044 7.9012 -100.5
0.972377 7.91937 -100.5
0.834016 7.93514 -100.5
0.695402 7.94848 -100.5
0.556576 7.95941 -100.5
0.417581 7.96791 -100.5
0.278458 7.97399 -100.5
0.13925 7.97763 -100.5
4.88563e-16 7.97885 -100.5
-0.13925 7.97763 -100.5
-0.278458 7.97399 -100.5
-0.417581 7.96791 -100.5
-0.556576 7.95941 -100.5
-0.695402 7.94848 -100.5
-0.834016 7.93514 -100.5
-0.972377 7.91937 -100.5
-1.11044 7.9012 -100.5
-1.24817 7.88061 -100.5
-1.38551 7.85763 -100.5
-1.52244 7.83225 -100.5
-1.6589 7.80449 -86.1027
-1.79485 7.77435 -62.4062
-1.93026 7.74184 -62.4062
-2.06508 7.70697 -47.1959
-2.19927 7.66976 -35.1029
-2.33279 7.63021 -35.1029
-2.4656 7.58833 -24.5477
-2.59766 7.54415 -14.8649
-2.72893 7.49766 -14.8649
-2.85936 7.44889 -5.68524
-2.98893 7.39786 3.24337
-3.11758 7.34457 3.24337
-3.24529 7.28904 12.128
-3.37201 7.23129 21.1728
-3.4977 7.17134 21.1728
-3.62232 7.1092 30.6219
-3.74584 7.0449 40.8314
-3.86822 6.97846 40.8314
-3.98942 6.90988 52.4518
-4.10941 6.83921 67.0591
-4.22814 6.76644 67.0591
-4.34559 6.69162 100.7
-4.46171 6.61476 100.7
-4.57648 6.53589 100.7
-4.68985 6.45502 100.7
-4.80179 6.37219 100.7
-4.91227 6.28742 100.7
-5.02125 6.20073 100.7
-5.1287 6.11215 100.7
-5.23459 6.02171 100.7
-5.33889 5.92944 100.7
-5.44156 5.83536 100.7
-5.54257 5.7395 100.7
-5.6419 5.6419 100.7
-5.7395 5.54257 100.7
-5.83536 5.44156 100.7
-5.92944 5.33889 100.7
-6.02171 5.23459 100.7
-6.11215 5.1287 100.7
-6.20073 5.02125 100.7
-6.28742 4.91227 100.7
-6.37219 4.80179 100.7
-6.45502 4.68985 100.7
-6.53589 4.57648 100.7
-6.61476 4.46171 100.7
-6.69162 4.34559 96.3572
-6.76644 4.22814 89.1934
-6.83921 4.10941 89.1934
-6.90988 3.98942 85.4641
-6.97846 3.86822 83.1513
-7.0449 3.74584 83.1513
-7.1092 3.62232 81.6878
-7.17134 3.4977 80.8518
-7.23129 3.37201 80.8518
-7.28904 3.24529 80.5407
-7.34457 3.11758 80.71
-7.39786 2.98893 80.71
-7.44889 2.85936 81.3536
-7.49766 2.72893 82.4995
-7.54415 2.59766 82.4995
-7.58833 2.4656 84.2182
-7.63021 2.33279 86.6468
-7.66976 2.19927 86.6468
-7.70697 2.06508 90.0574
-7.74184 1.93026 95.0638
-7.77435 1.79485 95.0638
-7.80449 1.6589 110.2
-7.83225 1.52244 110.2
-7.85763 1.38551 110.2
-7.88061 1.24817 110.2
-7.9012 1.11044 110.2
-7.91937 0.972377 110.2
-7.93514 0.834016 110.2
-7.94848 0.695402 110.2
-7.95941 0.556576 110.2
-7.96791 0.417581 110.2
-7.97399 0.278458 110.2
-7.97763 0.13925 110.2
-7.97885 9.77127e-16 110.2
-7.97763 -0.13925 110.2
-7.97399 -0.278458 110.2
-7.96791 -0.417581 110.2
-7.95941 -0.556576 110.2
-7.94848 -0.695402 110.2
-7.93514 -0.834016 110.2
-7.91937 -0.972377 110.2
-7.9012 -1.11044 110.2
-7.88061 -1.24817 110.2
-7.85763 -1.38551 110.2
-7.83225 -1.52244 110.2
-7.80449 -1.6589 97.7408
-7.77435 -1.79485 72.6461
-7.74184 -1.93026 72.6461
-7.70697 -2.06508 56.739
-7.66976 -2.19927 44.1301
-7.63021 -2.33279 44.1301
-7.58833 -2.4656 33.0973
-7.54415 -2.59766 22.9373
-7.49766 -2.72893 22.9373
-7.44889 -2.85936 13.2685
-7.39786 -2.98893 3.83214
-7.34457 -3.11758 3.83214
-7.28904 -3.24529 -5.58358
-7.23129 -3.37201 -15.1881
-7.17134 -3.4977 -15.1881
-7.1092 -3.62232 -25.2306
-7.0449 -3.74584 -36.0675
-6.97846 -3.86822 -36.0675
-6.90988 -3.98942 -48.3226
-6.83921 -4.10941 -63.3981
-6.76644 -4.22814 -63.3981
-6.69162 -4.34559 -100.9
-6.61476 -4.46171 -100.9
-6.53589 -4.57648 -100.9
-6.45502 -4.68985 -100.9
-6.37219 -4.80179 -100.9
-6.28742 -4.91227 -100.9
-6.20073 -5.02125 -100.9
-6.11215 -5.1287 -100.9
-6.02171 -5.23459 -100.9
-5.92944 -5.33889 -100.9
-5.83536 -5.44156 -100.9
-5.7395 -5.54257 -100.9
-5.6419 -5.6419 -100.9
-5.54257 -5.7395 -100.9
-5.44156 -5.83536 -100.9
-5.33889 -5.92944 -100.9
-5.23459 -6.02171 -100.9
-5.1287 -6.11215 -100.9
-5.02125 -6.20073 -100.9
-4.91227 -6.28742 -100.9
-4.80179 -6.37219 -100.9
-4.68985 -6.45502 -100.9
-4.57648 -6.53589 -100.9
-4.46171 -6.61476 -100.9
-4.34559 -6.69162 -95.9942
-4.22814 -6.76644 -88.8391
-4.10941 -6.83921 -88.8391
-3.98942 -6.90988 -84.9282
-3.86822 -6.97846 -82.4918
-3.74584 -7.0449 -82.4918
-3.62232 -7.1092 -80.954
-3.4977 -7.17134 -80.0781
-3.37201 -7.23129 -80.0781
-3.24529 -7.28904 -79.7518
-3.11758 -7.34457 -79.9254
-2.98893 -7.39786 -79.9254
-2.85936 -7.44889 -80.5893
-2.72893 -7.49766 -81.77
-2.59766 -7.54415 -81.77
-2.4656 -7.58833 -83.5376
-2.33279 -7.63021 -86.0325
-2.19927 -7.66976 -86.0325
-2.06508 -7.70697 -89.5433
-1.93026 -7.74184 -94.7818
-1.79485 -7.77435 -94.7818
-1.6589 -7.80449 -110
-1.52244 -7.83225 -110
-1.38551 -7.85763 -110
-1.24817 -7.88061 -110
-1.11044 -7.9012 -110
-0.972377 -7.91937 -110
-0.834016 -7.93514 -110
-0.695402 -7.94848 -110
-0.556576 -7.95941 -110
-0.417581 -7.96791 -110
-0.278458 -7.97399 -110
-0.13925 -7.97763 -110
-1.46569e-15 -7.97885 -110
0.13925 -7.97763 -110
0.278458 -7.97399 -110
0.417581 -7.96791 -110
0.556576 -7.95941 -110
0.695402 -7.94848 -110
0.834016 -7.93514 -110
0.972377 -7.91937 -110
1.11044 -7.9012 -110
1.24817 -7.88061 -110
1.38551 -7.85763 -110
1.52244 -7.83225 -110
1.6589 -7.80449 -95.3796
1.79485 -7.77435 -71.1748
1.93026 -7.74184 -71.1748
2.06508 -7.70697 -55.4668
2.19927 -7.66976 -42.842
2.33279 -7.63021 -42.842
2.4656 -7.58833 -31.7077
2.59766 -7.54415 -21.3908
2.72893 -7.49766 -21.3908
2.85936 -7.44889 -11.5132
2.98893 -7.39786 -1.81084
3.11758 -7.34457 -1.81084
3.24529 -7.28904 7.9398
3.37201 -7.23129 17.9674
3.4977 -7.17134 17.9674
3.62232 -7.1092 28.5537
3.74584 -7.0449 40.1186
3.86822 -6.97846 40.1186
3.98942 -6.90988 53.4368
4.10941 -6.83921 70.3911
4.22814 -6.76644 70.3911
4.34559 -6.69162 110
4.46171 -6.61476 110
4.57648 -6.53589 110
4.68985 -6.45502 110
4.80179 -6.37219 110
4.91227 -6.28742 110
5.02125 -6.20073 110
5.1287 -6.11215 110
5.23459 -6.02171 110
5.33889 -5.92944 110
5.44156 -5.83536 110
5.54257 -5.7395 110
5.6419 -5.6419 110
5.7395 -5.54257 110
5.83536 -5.44156 110
5.92944 -5.33889 110
6.02171 -5.23459 110
6.11215 -5.1287 110
6.20073 -5.02125 110
6.28742 -4.91227 110
6.37219 -4.80179 110
6.45502 -4.68985 110
6.53589 -4.57648 110
6.61476 -4.46171 110
6.69162 -4.34559 99.9081
6.76644 -4.22814 82.2996
6.83921 -4.10941 82.2996
6.90988 -3.98942 71.7053
6.97846 -3.86822 63.7109
7.0449 -3.74584 63.7109
7.1092 -3.62232 57.0696
7.17134 -3.4977 51.2695
7.23129 -3.37201 51.2695
7.28904 -3.24529 46.0363
7.34457 -3.11758 41.1946
7.39786 -2.98893 41.1946
7.44889 -2.85936 36.6154
7.49766 -2.72893 32.1885
7.54415 -2.59766 32.1885
7.58833 -2.4656 27.803
7.63021 -2.33279 23.3212
7.66976 -2.19927 23.3212
7.70697 -2.06508 18.5255
7.74184 -1.93026 12.9629
7.77435 -1.79485 12.9629
7.80449 -1.6589 0
7.83225 -1.52244 0
7.85763 -1.38551 0
7.88061 -1.24817 0
7.9012 -1.11044 0
7.91937 -0.972377 0
7.93514 -0.834016 0
7.94848 -0.695402 0
7.95941 -0.556576 0
7.96791 -0.417581 0
7.97399 -0.278458 0
7.97763 -0.13925 0

