0.0797885 0 1.29119
0.0797763 0.0013925 1.29119
0.0797399 0.00278458 1.29119
0.0796791 0.00417581 1.29119
0.0795941 0.00556576 1.29119
0.0794848 0.00695402 1.29119
0.0793514 0.00834016 1.29119
0.0791937 0.00972377 1.29119
0.079012 0.0111044 1.29119
0.0788061 0.0124817 1.29119
0.0785763 0.0138551 1.29119
0.0783225 0.0152244 1.29119
0.0780449 0.016589 1.29119
0.0777435 0.0179485 1.29119
0.0774184 0.0193026 1.29119
0.0770697 0.0206508 1.29119
0.0766976 0.0219927 1.29119
0.0763021 0.0233279 1.29119
0.0758833 0.024656 1.29119
0.0754415 0.0259766 1.29119
0.0749766 0.0272893 1.29119
0.0744889 0.0285936 1.29119
0.0739786 0.0298893 1.29119
0.0734457 0.0311758 1.29119
0.0728904 0.0324529 1.29119
0.0723129 0.0337201 1.29119
0.0717134 0.034977 1.29119
0.071092 0.0362232 1.29119
0.070449 0.0374584 1.29119
0.0697846 0.0386822 1.29119
0.0690988 0.0398942 1.29119
0.0683921 0.0410941 1.29119
0.0676644 0.0422814 1.29119
0.0669162 0.0434559 1.29119
0.0661476 0.0446171 1.29119
0.0653589 0.0457648 1.29119
0.0645502 0.0468985 1.29119
0.0637219 0.0480179 1.29119
0.0628742 0.0491227 1.29119
0.0620073 0.0502125 1.29119
0.0611215 0.051287 1.29119
0.0602171 0.0523459 1.29119
0.0592944 0.0533889 1.29119
0.0583536 0.0544156 1.29119
0.057395 0.0554257 1.29119
0.056419 0.056419 1.29119
0.0554257 0.057395 1.29119
0.0544156 0.0583536 1.29119
0.0533889 0.0592944 1.29119
0.0523459 0.0602171 1.29119
0.051287 0.0611215 1.29119
0.0502125 0.0620073 1.29119
0.0491227 0.0628742 1.29119
0.0480179 0.0637219 1.29119
0.0468985 0.0645502 1.29119
0.0457648 0.0653589 1.29119
0.0446171 0.0661476 1.29119
0.0434559 0.0669162 1.29119
0.0422814 0.0676644 1.29119
0.0410941 0.0683921 1.29119
0.0398942 0.0690988 1.29119
0.0386822 0.0697846 1.29119
0.0374584 0.070449 1.29119
0.0362232 0.071092 1.29119
0.034977 0.0717134 1.29119
0.0337201 0.0723129 1.29119
0.0324529 0.0728904 1.29119
0.0311758 0.0734457 1.29119
0.0298893 0.0739786 1.29119
0.0285936 0.0744889 1.29119
0.0272893 0.0749766 1.29119
0.0259766 0.0754415 1.29119
0.024656 0.0758833 1.29119
0.0233279 0.0763021 1.29119
0.0219927 0.0766976 1.29119
0.0206508 0.0770697 1.29119
0.0193026 0.0774184 1.29119
0.0179485 0.0777435 1.29119
0.016589 0.0780449 1.29119
0.0152244 0.0783225 1.29119
0.0138551 0.0785763 1.29119
0.0124817 0.0788061 1.29119
0.0111044 0.079012 1.29119
0.00972377 0.0791937 1.29119
0.00834016 0.0793514 1.29119
0.00695402 0.0794848 1.29119
0.00556576 0.0795941 1.29119
0.00417581 0.0796791 1.29119
0.00278458 0.0797399 1.29119
0.0013925 0.0797763 1.29119
4.88563e-18 0.0797885 1.29119
-0.0013925 0.0797763 1.29119
-0.00278458 0.0797399 1.29119
-0.00417581 0.0796791 1.29119
-0.00556576 0.0795941 1.29119
-0.00695402 0.0794848 1.29119
-0.00834016 0.0793514 1.29119
-0.00972377 0.0791937 1.29119
-0.0111044 0.079012 1.29119
-0.0124817 0.0788061 1.29119
-0.0138551 0.0785763 1.29119
-0.0152244 0.0783225 1.29119
-0.016589 0.0780449 1.29119
-0.0179485 0.0777435 1.29119
-0.0193026 0.0774184 1.29119
-0.0206508 0.0770697 1.29119
-0.0219927 0.0766976 1.29119
-0.0233279 0.0763021 1.29119
-0.024656 0.0758833 1.29119
-0.0259766 0.0754415 1.29119
-0.0272893 0.0749766 1.29119
-0.0285936 0.0744889 1.29119
-0.0298893 0.0739786 1.29119
-0.0311758 0.0734457 1.29119
-0.0324529 0.0728904 1.29119
-0.0337201 0.0723129 1.29119
-0.034977 0.0717134 1.29119
-0.0362232 0.071092 1.29119
-0.0374584 0.070449 1.29119
-0.0386822 0.0697846 1.29119
-0.0398942 0.0690988 1.29119
-0.0410941 0.0683921 1.29119
-0.0422814 0.0676644 1.29119
-0.0434559 0.0669162 1.29119
-0.0446171 0.0661476 1.29119
-0.0457648 0.0653589 1.29119
-0.0468985 0.0645502 1.29119
-0.0480179 0.0637219 1.29119
-0.0491227 0.0628742 1.29119
-0.0502125 0.0620073 1.29119
-0.051287 0.0611215 1.29119
-0.0523459 0.0602171 1.29119
-0.0533889 0.0592944 1.29119
-0.0544156 0.0583536 1.29119
-0.0554257 0.057395 1.29119
-0.056419 0.056419 1.29119
-0.057395 0.0554257 1.29119
-0.0583536 0.0544156 1.29119
-0.0592944 0.0533889 1.29119
-0.0602171 0.0523459 1.29119
-0.0611215 0.051287 1.29119
-0.0620073 0.0502125 1.29119
-0.0628742 0.0491227 1.29119
-0.0637219 0.0480179 1.29119
-0.0645502 0.0468985 1.29119
-0.0653589 0.0457648 1.29119
-0.0661476 0.0446171 1.29119
-0.0669162 0.0434559 1.29119
-0.0676644 0.0422814 1.29119
-0.0683921 0.0410941 1.29119
-0.0690988 0.0398942 1.29119
-0.0697846 0.0386822 1.29119
-0.070449 0.0374584 1.29119
-0.071092 0.0362232 1.29119
-0.0717134 0.034977 1.29119
-0.0723129 0.0337201 1.29119
-0.0728904 0.0324529 1.29119
-0.0734457 0.0311758 1.29119
-0.0739786 0.0298893 1.29119
-0.0744889 0.0285936 1.29119
-0.0749766 0.0272893 1.29119
-0.0754415 0.0259766 1.29119
-0.0758833 0.024656 1.29119
-0.0763021 0.0233279 1.29119
-0.0766976 0.0219927 1.29119
-0.0770697 0.0206508 1.29119
-0.0774184 0.0193026 1.29119
-0.0777435 0.0179485 1.29119
-0.0780449 0.016589 1.29119
-0.0783225 0.0152244 1.29119
-0.0785763 0.0138551 1.29119
-0.0788061 0.0124817 1.29119
-0.079012 0.0111044 1.29119
-0.0791937 0.00972377 1.29119
-0.0793514 0.00834016 1.29119
-0.0794848 0.00695402 1.29119
-0.0795941 0.00556576 1.29119
-0.0796791 0.00417581 1.29119
-0.0797399 0.00278458 1.29119
-0.0797763 0.0013925 1.29119
-0.0797885 9.77127e-18 1.29119
-0.0797763 -0.0013925 1.29119
-0.0797399 -0.00278458 1.29119
-0.0796791 -0.00417581 1.29119
-0.0795941 -0.00556576 1.29119
-0.0794848 -0.00695402 1.29119
-0.0793514 -0.00834016 1.29119
-0.0791937 -0.00972377 1.29119
-0.079012 -0.0111044 1.29119
-0.0788061 -0.0124817 1.29119
-0.0785763 -0.0138551 1.29119
-0.0783225 -0.0152244 1.29119
-0.0780449 -0.016589 1.29119
-0.0777435 -0.0179485 1.29119
-0.0774184 -0.0193026 1.29119
-0.0770697 -0.0206508 1.29119
-0.0766976 -0.0219927 1.29119
-0.0763021 -0.0233279 1.29119
-0.0758833 -0.024656 1.29119
-0.0754415 -0.0259766 1.29119
-0.0749766 -0.0272893 1.29119
-0.0744889 -0.0285936 1.29119
-0.0739786 -0.0298893 1.29119
-0.0734457 -0.0311758 1.29119
-0.0728904 -0.0324529 1.29119
-0.0723129 -0.0337201 1.29119
-0.0717134 -0.034977 1.29119
-0.071092 -0.0362232 1.29119
-0.070449 -0.0374584 1.29119
-0.0697846 -0.0386822 1.29119
-0.0690988 -0.0398942 1.29119
-0.0683921 -0.0410941 1.29119
-0.0676644 -0.0422814 1.29119
-0.0669162 -0.0434559 1.29119
-0.0661476 -0.0446171 1.29119
-0.0653589 -0.0457648 1.29119
-0.0645502 -0.0468985 1.29119
-0.0637219 -0.0480179 1.29119
-0.0628742 -0.0491227 1.29119
-0.0620073 -0.0502125 1.29119
-0.0611215 -0.051287 1.29119
-0.0602171 -0.0523459 1.29119
-0.0592944 -0.0533889 1.29119
-0.0583536 -0.0544156 1.29119
-0.057395 -0.0554257 1.29119
-0.056419 -0.056419 1.29119
-0.0554257 -0.057395 1.29119
-0.0544156 -0.0583536 1.29119
-0.0533889 -0.0592944 1.29119
-0.0523459 -0.0602171 1.29119
-0.051287 -0.0611215 1.29119
-0.0502125 -0.0620073 1.29119
-0.0491227 -0.0628742 1.29119
-0.0480179 -0.0637219 1.29119
-0.0468985 -0.0645502 1.29119
-0.0457648 -0.0653589 1.29119
-0.0446171 -0.0661476 1.29119
-0.0434559 -0.0669162 1.29119
-0.0422814 -0.0676644 1.29119
-0.0410941 -0.0683921 1.29119
-0.0398942 -0.0690988 1.29119
-0.0386822 -0.0697846 1.29119
-0.0374584 -0.070449 1.29119
-0.0362232 -0.071092 1.29119
-0.034977 -0.0717134 1.29119
-0.0337201 -0.0723129 1.29119
-0.0324529 -0.0728904 1.29119
-0.0311758 -0.0734457 1.29119
-0.0298893 -0.0739786 1.29119
-0.0285936 -0.0744889 1.29119
-0.0272893 -0.0749766 1.29119
-0.0259766 -0.0754415 1.29119
-0.024656 -0.0758833 1.29119
-0.0233279 -0.0763021 1.29119
-0.0219927 -0.0766976 1.29119
-0.0206508 -0.0770697 1.29119
-0.0193026 -0.0774184 1.29119
-0.0179485 -0.0777435 1.29119
-0.016589 -0.0780449 1.29119
-0.0152244 -0.0783225 1.29119
-0.0138551 -0.0785763 1.29119
-0.0124817 -0.0788061 1.29119
-0.0111044 -0.079012 1.29119
-0.00972377 -0.0791937 1.29119
-0.00834016 -0.0793514 1.29119
-0.00695402 -0.0794848 1.29119
-0.00556576 -0.0795941 1.29119
-0.00417581 -0.0796791 1.29119
-0.00278458 -0.0797399 1.29119
-0.0013925 -0.0797763 1.29119
-1.46569e-17 -0.0797885 1.29119
0.0013925 -0.0797763 1.29119
0.00278458 -0.0797399 1.29119
0.00417581 -0.0796791 1.29119
0.00556576 -0.0795941 1.29119
0.00695402 -0.0794848 1.29119
0.00834016 -0.0793514 1.29119
0.00972377 -0.0791937 1.29119
0.0111044 -0.079012 1.29119
0.0124817 -0.0788061 1.29119
0.0138551 -0.0785763 1.29119
0.0152244 -0.0783225 1.29119
0.016589 -0.0780449 1.29119
0.0179485 -0.0777435 1.29119
0.0193026 -0.0774184 1.29119
0.0206508 -0.0770697 1.29119
0.0219927 -0.0766976 1.29119
0.0233279 -0.0763021 1.29119
0.024656 -0.0758833 1.29119
0.0259766 -0.0754415 1.29119
0.0272893 -0.0749766 1.29119
0.0285936 -0.0744889 1.29119
0.0298893 -0.0739786 1.29119
0.0311758 -0.0734457 1.29119
0.0324529 -0.0728904 1.29119
0.0337201 -0.0723129 1.29119
0.034977 -0.0717134 1.29119
0.0362232 -0.071092 1.29119
0.0374584 -0.070449 1.29119
0.0386822 -0.0697846 1.29119
0.0398942 -0.0690988 1.29119
0.0410941 -0.0683921 1.29119
0.0422814 -0.0676644 1.29119
0.0434559 -0.0669162 1.29119
0.0446171 -0.0661476 1.29119
0.0457648 -0.0653589 1.29119
0.0468985 -0.0645502 1.29119
0.0480179 -0.0637219 1.29119
0.0491227 -0.0628742 1.29119
0.0502125 -0.0620073 1.29119
0.051287 -0.0611215 1.29119
0.0523459 -0.0602171 1.29119
0.0533889 -0.0592944 1.29119
0.0544156 -0.0583536 1.29119
0.0554257 -0.057395 1.29119
0.056419 -0.056419 1.29119
0.057395 -0.0554257 1.29119
0.0583536 -0.0544156 1.29119
0.0592944 -0.0533889 1.29119
0.0602171 -0.0523459 1.29119
0.0611215 -0.051287 1.29119
0.0620073 -0.0502125 1.29119
0.0628742 -0.0491227 1.29119
0.0637219 -0.0480179 1.29119
0.0645502 -0.0468985 1.29119
0.0653589 -0.0457648 1.29119
0.0661476 -0.0446171 1.29119
0.0669162 -0.0434559 1.29119
0.0676644 -0.0422814 1.29119
0.0683921 -0.0410941 1.29119
0.0690988 -0.0398942 1.29119
0.0697846 -0.0386822 1.29119
0.070449 -0.0374584 1.29119
0.071092 -0.0362232 1.29119
0.0717134 -0.034977 1.29119
0.0723129 -0.0337201 1.29119
0.0728904 -0.0324529 1.29119
0.0734457 -0.0311758 1.29119
0.0739786 -0.0298893 1.29119
0.0744889 -0.0285936 1.29119
0.0749766 -0.0272893 1.29119
0.0754415 -0.0259766 1.29119
0.0758833 -0.024656 1.29119
0.0763021 -0.0233279 1.29119
0.0766976 -0.0219927 1.29119
0.0770697 -0.0206508 1.29119
0.0774184 -0.0193026 1.29119
0.0777435 -0.0179485 1.29119
0.0780449 -0.016589 1.29119
0.0783225 -0.0152244 1.29119
0.0785763 -0.0138551 1.29119
0.0788061 -0.0124817 1.29119
0.079012 -0.0111044 1.29119
0.0791937 -0.00972377 1.29119
0.0793514 -0.00834016 1.29119
0.0794848 -0.00695402 1.29119
0.0795941 -0.00556576 1.29119
0.0796791 -0.00417581 1.29119
0.0797399 -0.00278458 1.29119
0.0797763 -0.0013925 1.29119

0.159577 0 1.27219
0.159553 0.002785 1.27219
0.15948 0.00556915 1.27219
0.159358 0.00835161 1.27219
0.159188 0.0111315 1.27219
0.15897 0.013908 1.27219
0.158703 0.0166803 1.27219
0.158387 0.0194475 1.27219
0.158024 0.0222088 1.27219
0.157612 0.0249633 1.27219
0.157153 0.0277102 1.27219
0.156645 0.0304487 1.27219
0.15609 0.0331779 1.27219
0.155487 0.035897 1.27219
0.154837 0.0386051 1.27219
0.154139 0.0413015 1.27219
0.153395 0.0439854 1.27219
0.152604 0.0466558 1.27219
0.151767 0.049312 1.27219
0.150883 0.0519532 1.27219
0.149953 0.0545785 1.27219
0.148978 0.0571873 1.27219
0.147957 0.0597786 1.27219
0.146891 0.0623517 1.27219
0.145781 0.0649058 1.27219
0.144626 0.0674401 1.27219
0.143427 0.0699539 1.27219
0.142184 0.0724464 1.27219
0.140898 0.0749168 1.27219
0.139569 0.0773644 1.27219
0.138198 0.0797885 1.28385
0.136784 0.0821882 1.28385
0.135329 0.0845629 1.28385
0.133832 0.0869118 1.28385
0.132295 0.0892343 1.28385
0.130718 0.0915296 1.28385
0.1291 0.093797 1.28385
0.127444 0.0960358 1.28385
0.125748 0.0982454 1.28385
0.124015 0.100425 1.28385
0.122243 0.102574 1.28385
0.120434 0.104692 1.28385
0.118589 0.106778 1.28385
0.116707 0.108831 1.28385
0.11479 0.110851 1.28385
0.112838 0.112838 1.28385
0.110851 0.11479 1.28385
0.108831 0.116707 1.28385
0.106778 0.118589 1.28385
0.104692 0.120434 1.28385
0.102574 0.122243 1.28385
0.100425 0.124015 1.28385
0.0982454 0.125748 1.28385
0.0960358 0.127444 1.28385
0.093797 0.1291 1.28385
0.0915296 0.130718 1.28385
0.0892343 0.132295 1.28385
0.0869118 0.133832 1.28385
0.0845629 0.135329 1.28385
0.0821882 0.136784 1.28385
0.0797885 0.138198 1.28385
0.0773644 0.139569 1.28385
0.0749168 0.140898 1.28385
0.0724464 0.142184 1.28385
0.0699539 0.143427 1.28385
0.0674401 0.144626 1.28385
0.0649058 0.145781 1.28385
0.0623517 0.146891 1.28385
0.0597786 0.147957 1.28385
0.0571873 0.148978 1.28385
0.0545785 0.149953 1.28385
0.0519532 0.150883 1.28385
0.049312 0.151767 1.28385
0.0466558 0.152604 1.28385
0.0439854 0.153395 1.28385
0.0413015 0.154139 1.28385
0.0386051 0.154837 1.28385
0.035897 0.155487 1.28385
0.0331779 0.15609 1.28385
0.0304487 0.156645 1.28385
0.0277102 0.157153 1.28385
0.0249633 0.157612 1.28385
0.0222088 0.158024 1.28385
0.0194475 0.158387 1.28385
0.0166803 0.158703 1.28385
0.013908 0.15897 1.28385
0.0111315 0.159188 1.28385
0.00835161 0.159358 1.28385
0.00556915 0.15948 1.28385
0.002785 0.159553 1.28385
9.77127e-18 0.159577 1.30155
-0.002785 0.159553 1.30155
-0.00556915 0.15948 1.30155
-0.00835161 0.159358 1.30155
-0.0111315 0.159188 1.30155
-0.013908 0.15897 1.30155
-0.0166803 0.158703 1.30155
-0.0194475 0.158387 1.30155
-0.0222088 0.158024 1.30155
-0.0249633 0.157612 1.30155
-0.0277102 0.157153 1.30155
-0.0304487 0.156645 1.30155
-0.0331779 0.15609 1.30155
-0.035897 0.155487 1.30155
-0.0386051 0.154837 1.30155
-0.0413015 0.154139 1.30155
-0.0439854 0.153395 1.30155
-0.0466558 0.152604 1.30155
-0.049312 0.151767 1.30155
-0.0519532 0.150883 1.30155
-0.0545785 0.149953 1.30155
-0.0571873 0.148978 1.30155
-0.0597786 0.147957 1.30155
-0.0623517 0.146891 1.30155
-0.0649058 0.145781 1.30155
-0.0674401 0.144626 1.30155
-0.0699539 0.143427 1.30155
-0.0724464 0.142184 1.30155
-0.0749168 0.140898 1.30155
-0.0773644 0.139569 1.30155
-0.0797885 0.138198 1.30155
-0.0821882 0.136784 1.30155
-0.0845629 0.135329 1.30155
-0.0869118 0.133832 1.30155
-0.0892343 0.132295 1.30155
-0.0915296 0.130718 1.30155
-0.093797 0.1291 1.30155
-0.0960358 0.127444 1.30155
-0.0982454 0.125748 1.30155
-0.100425 0.124015 1.30155
-0.102574 0.122243 1.30155
-0.104692 0.120434 1.30155
-0.106778 0.118589 1.30155
-0.108831 0.116707 1.30155
-0.110851 0.11479 1.30155
-0.112838 0.112838 1.30155
-0.11479 0.110851 1.30155
-0.116707 0.108831 1.30155
-0.118589 0.106778 1.30155
-0.120434 0.104692 1.30155
-0.122243 0.102574 1.30155
-0.124015 0.100425 1.30155
-0.125748 0.0982454 1.30155
-0.127444 0.0960358 1.30155
-0.1291 0.093797 1.30155
-0.130718 0.0915296 1.30155
-0.132295 0.0892343 1.30155
-0.133832 0.0869118 1.30155
-0.135329 0.0845629 1.30155
-0.136784 0.0821882 1.30155
-0.138198 0.0797885 1.30703
-0.139569 0.0773644 1.30703
-0.140898 0.0749168 1.30703
-0.142184 0.0724464 1.30703
-0.143427 0.0699539 1.30703
-0.144626 0.0674401 1.30703
-0.145781 0.0649058 1.30703
-0.146891 0.0623517 1.30703
-0.147957 0.0597786 1.30703
-0.148978 0.0571873 1.30703
-0.149953 0.0545785 1.30703
-0.150883 0.0519532 1.30703
-0.151767 0.049312 1.30703
-0.152604 0.0466558 1.30703
-0.153395 0.0439854 1.30703
-0.154139 0.0413015 1.30703
-0.154837 0.0386051 1.30703
-0.155487 0.035897 1.30703
-0.15609 0.0331779 1.30703
-0.156645 0.0304487 1.30703
-0.157153 0.0277102 1.30703
-0.157612 0.0249633 1.30703
-0.158024 0.0222088 1.30703
-0.158387 0.0194475 1.30703
-0.158703 0.0166803 1.30703
-0.15897 0.013908 1.30703
-0.159188 0.0111315 1.30703
-0.159358 0.00835161 1.30703
-0.15948 0.00556915 1.30703
-0.159553 0.002785 1.30703
-0.159577 1.95425e-17 1.30703
-0.159553 -0.002785 1.30703
-0.15948 -0.00556915 1.30703
-0.159358 -0.00835161 1.30703
-0.159188 -0.0111315 1.30703
-0.15897 -0.013908 1.30703
-0.158703 -0.0166803 1.30703
-0.158387 -0.0194475 1.30703
-0.158024 -0.0222088 1.30703
-0.157612 -0.0249633 1.30703
-0.157153 -0.0277102 1.30703
-0.156645 -0.0304487 1.30703
-0.15609 -0.0331779 1.30703
-0.155487 -0.035897 1.30703
-0.154837 -0.0386051 1.30703
-0.154139 -0.0413015 1.30703
-0.153395 -0.0439854 1.30703
-0.152604 -0.0466558 1.30703
-0.151767 -0.049312 1.30703
-0.150883 -0.0519532 1.30703
-0.149953 -0.0545785 1.30703
-0.148978 -0.0571873 1.30703
-0.147957 -0.0597786 1.30703
-0.146891 -0.0623517 1.30703
-0.145781 -0.0649058 1.30703
-0.144626 -0.0674401 1.30703
-0.143427 -0.0699539 1.30703
-0.142184 -0.0724464 1.30703
-0.140898 -0.0749168 1.30703
-0.139569 -0.0773644 1.30703
-0.138198 -0.0797885 1.30703
-0.136784 -0.0821882 1.30019
-0.135329 -0.0845629 1.30019
-0.133832 -0.0869118 1.30019
-0.132295 -0.0892343 1.30019
-0.130718 -0.0915296 1.30019
-0.1291 -0.093797 1.30019
-0.127444 -0.0960358 1.30019
-0.125748 -0.0982454 1.30019
-0.124015 -0.100425 1.30019
-0.122243 -0.102574 1.30019
-0.120434 -0.104692 1.30019
-0.118589 -0.106778 1.30019
-0.116707 -0.108831 1.30019
-0.11479 -0.110851 1.30019
-0.112838 -0.112838 1.30019
-0.110851 -0.11479 1.30019
-0.108831 -0.116707 1.30019
-0.106778 -0.118589 1.30019
-0.104692 -0.120434 1.30019
-0.102574 -0.122243 1.30019
-0.100425 -0.124015 1.30019
-0.0982454 -0.125748 1.30019
-0.0960358 -0.127444 1.30019
-0.093797 -0.1291 1.30019
-0.0915296 -0.130718 1.30019
-0.0892343 -0.132295 1.30019
-0.0869118 -0.133832 1.30019
-0.0845629 -0.135329 1.30019
-0.0821882 -0.136784 1.30019
-0.0797885 -0.138198 1.30019
-0.0773644 -0.139569 1.30019
-0.0749168 -0.140898 1.30019
-0.0724464 -0.142184 1.30019
-0.0699539 -0.143427 1.30019
-0.0674401 -0.144626 1.30019
-0.0649058 -0.145781 1.30019
-0.0623517 -0.146891 1.30019
-0.0597786 -0.147957 1.30019
-0.0571873 -0.148978 1.30019
-0.0545785 -0.149953 1.30019
-0.0519532 -0.150883 1.30019
-0.049312 -0.151767 1.30019
-0.0466558 -0.152604 1.30019
-0.0439854 -0.153395 1.30019
-0.0413015 -0.154139 1.30019
-0.0386051 -0.154837 1.30019
-0.035897 -0.155487 1.30019
-0.0331779 -0.15609 1.30019
-0.0304487 -0.156645 1.30019
-0.0277102 -0.157153 1.30019
-0.0249633 -0.157612 1.30019
-0.0222088 -0.158024 1.30019
-0.0194475 -0.158387 1.30019
-0.0166803 -0.158703 1.30019
-0.013908 -0.15897 1.30019
-0.0111315 -0.159188 1.30019
-0.00835161 -0.159358 1.30019
-0.00556915 -0.15948 1.30019
-0.002785 -0.159553 1.30019
-2.93138e-17 -0.159577 1.30019
0.002785 -0.159553 1.28235
0.00556915 -0.15948 1.28235
0.00835161 -0.159358 1.28235
0.0111315 -0.159188 1.28235
0.013908 -0.15897 1.28235
0.0166803 -0.158703 1.28235
0.0194475 -0.158387 1.28235
0.0222088 -0.158024 1.28235
0.0249633 -0.157612 1.28235
0.0277102 -0.157153 1.28235
0.0304487 -0.156645 1.28235
0.0331779 -0.15609 1.28235
0.035897 -0.155487 1.28235
0.0386051 -0.154837 1.28235
0.0413015 -0.154139 1.28235
0.0439854 -0.153395 1.28235
0.0466558 -0.152604 1.28235
0.049312 -0.151767 1.28235
0.0519532 -0.150883 1.28235
0.0545785 -0.149953 1.28235
0.0571873 -0.148978 1.28235
0.0597786 -0.147957 1.28235
0.0623517 -0.146891 1.28235
0.0649058 -0.145781 1.28235
0.0674401 -0.144626 1.28235
0.0699539 -0.143427 1.28235
0.0724464 -0.142184 1.28235
0.0749168 -0.140898 1.28235
0.0773644 -0.139569 1.28235
0.0797885 -0.138198 1.28235
0.0821882 -0.136784 1.28235
0.0845629 -0.135329 1.28235
0.0869118 -0.133832 1.28235
0.0892343 -0.132295 1.28235
0.0915296 -0.130718 1.28235
0.093797 -0.1291 1.28235
0.0960358 -0.127444 1.28235
0.0982454 -0.125748 1.28235
0.100425 -0.124015 1.28235
0.102574 -0.122243 1.28235
0.104692 -0.120434 1.28235
0.106778 -0.118589 1.28235
0.108831 -0.116707 1.28235
0.110851 -0.11479 1.28235
0.112838 -0.112838 1.28235
0.11479 -0.110851 1.28235
0.116707 -0.108831 1.28235
0.118589 -0.106778 1.28235
0.120434 -0.104692 1.28235
0.122243 -0.102574 1.28235
0.124015 -0.100425 1.28235
0.125748 -0.0982454 1.28235
0.127444 -0.0960358 1.28235
0.1291 -0.093797 1.28235
0.130718 -0.0915296 1.28235
0.132295 -0.0892343 1.28235
0.133832 -0.0869118 1.28235
0.135329 -0.0845629 1.28235
0.136784 -0.0821882 1.28235
0.138198 -0.0797885 1.28235
0.139569 -0.0773644 1.29119
0.140898 -0.0749168 1.29119
0.142184 -0.0724464 1.29119
0.143427 -0.0699539 1.29119
0.144626 -0.0674401 1.29119
0.145781 -0.0649058 1.29119
0.146891 -0.0623517 1.29119
0.147957 -0.0597786 1.29119
0.148978 -0.0571873 1.29119
0.149953 -0.0545785 1.29119
0.150883 -0.0519532 1.29119
0.151767 -0.049312 1.29119
0.152604 -0.0466558 1.29119
0.153395 -0.0439854 1.29119
0.154139 -0.0413015 1.29119
0.154837 -0.0386051 1.29119
0.155487 -0.035897 1.29119
0.15609 -0.0331779 1.29119
0.156645 -0.0304487 1.29119
0.157153 -0.0277102 1.29119
0.157612 -0.0249633 1.29119
0.158024 -0.0222088 1.29119
0.158387 -0.0194475 1.29119
0.158703 -0.0166803 1.29119
0.15897 -0.013908 1.29119
0.159188 -0.0111315 1.29119
0.159358 -0.00835161 1.29119
0.15948 -0.00556915 1.29119
0.159553 -0.002785 1.29119

0.239365 0 1.27219
0.239329 0.0041775 1.27219
0.23922 0.00835373 1.27219
0.239037 0.0125274 1.27219
0.238782 0.0166973 1.27219
0.238455 0.0208621 1.27219
0.238054 0.0250205 1.27219
0.237581 0.0291713 1.27219
0.237036 0.0333132 1.27219
0.236418 0.037445 1.27219
0.235729 0.0415654 1.27219
0.234968 0.0456731 1.27219
0.234135 0.0497669 1.27219
0.23323 0.0538455 1.27219
0.232255 0.0579077 1.27219
0.231209 0.0619523 1.27219
0.230093 0.065978 1.27219
0.228906 0.0699837 1.27219
0.22765 0.073968 1.27219
0.226324 0.0779297 1.27219
0.22493 0.0818678 1.27219
0.223467 0.0857809 1.27219
0.221936 0.0896678 1.27219
0.220337 0.0935275 1.27219
0.218671 0.0973587 1.27219
0.216939 0.10116 1.27219
0.21514 0.104931 1.27219
0.213276 0.10867 1.27219
0.211347 0.112375 1.27219
0.209354 0.116047 1.27219
0.207296 0.119683 1.28385
0.205176 0.123282 1.28385
0.202993 0.126844 1.28385
0.200749 0.130368 1.28385
0.198443 0.133851 1.28385
0.196077 0.137294 1.28385
0.193651 0.140695 1.28385
0.191166 0.144054 1.28385
0.188622 0.147368 1.28385
0.186022 0.150638 1.28385
0.183365 0.153861 1.28385
0.180651 0.157038 1.28385
0.177883 0.160167 1.28385
0.175061 0.163247 1.28385
0.172185 0.166277 1.28385
0.169257 0.169257 1.28385
0.166277 0.172185 1.28385
0.163247 0.175061 1.28385
0.160167 0.177883 1.28385
0.157038 0.180651 1.28385
0.153861 0.183365 1.28385
0.150638 0.186022 1.28385
0.147368 0.188622 1.28385
0.144054 0.191166 1.28385
0.140695 0.193651 1.28385
0.137294 0.196077 1.28385
0.133851 0.198443 1.28385
0.130368 0.200749 1.28385
0.126844 0.202993 1.28385
0.123282 0.205176 1.28385
0.119683 0.207296 1.28385
0.116047 0.209354 1.28385
0.112375 0.211347 1.28385
0.10867 0.213276 1.28385
0.104931 0.21514 1.28385
0.10116 0.216939 1.28385
0.0973587 0.218671 1.28385
0.0935275 0.220337 1.28385
0.0896678 0.221936 1.28385
0.0857809 0.223467 1.28385
0.0818678 0.22493 1.28385
0.0779297 0.226324 1.28385
0.073968 0.22765 1.28385
0.0699837 0.228906 1.28385
0.065978 0.230093 1.28385
0.0619523 0.231209 1.28385
0.0579077 0.232255 1.28385
0.0538455 0.23323 1.28385
0.0497669 0.234135 1.28385
0.0456731 0.234968 1.28385
0.0415654 0.235729 1.28385
0.037445 0.236418 1.28385
0.0333132 0.237036 1.28385
0.0291713 0.237581 1.28385
0.0250205 0.238054 1.28385
0.0208621 0.238455 1.28385
0.0166973 0.238782 1.28385
0.0125274 0.239037 1.28385
0.00835373 0.23922 1.28385
0.0041775 0.239329 1.28385
1.46569e-17 0.239365 1.30155
-0.0041775 0.239329 1.30155
-0.00835373 0.23922 1.30155
-0.0125274 0.239037 1.30155
-0.0166973 0.238782 1.30155
-0.0208621 0.238455 1.30155
-0.0250205 0.238054 1.30155
-0.0291713 0.237581 1.30155
-0.0333132 0.237036 1.30155
-0.037445 0.236418 1.30155
-0.0415654 0.235729 1.30155
-0.0456731 0.234968 1.30155
-0.0497669 0.234135 1.30155
-0.0538455 0.23323 1.30155
-0.0579077 0.232255 1.30155
-0.0619523 0.231209 1.30155
-0.065978 0.230093 1.30155
-0.0699837 0.228906 1.30155
-0.073968 0.22765 1.30155
-0.0779297 0.226324 1.30155
-0.0818678 0.22493 1.30155
-0.0857809 0.223467 1.30155
-0.0896678 0.221936 1.30155
-0.0935275 0.220337 1.30155
-0.0973587 0.218671 1.30155
-0.10116 0.216939 1.30155
-0.104931 0.21514 1.30155
-0.10867 0.213276 1.30155
-0.112375 0.211347 1.30155
-0.116047 0.209354 1.30155
-0.119683 0.207296 1.30155
-0.123282 0.205176 1.30155
-0.126844 0.202993 1.30155
-0.130368 0.200749 1.30155
-0.133851 0.198443 1.30155
-0.137294 0.196077 1.30155
-0.140695 0.193651 1.30155
-0.144054 0.191166 1.30155
-0.147368 0.188622 1.30155
-0.150638 0.186022 1.30155
-0.153861 0.183365 1.30155
-0.157038 0.180651 1.30155
-0.160167 0.177883 1.30155
-0.163247 0.175061 1.30155
-0.166277 0.172185 1.30155
-0.169257 0.169257 1.30155
-0.172185 0.166277 1.30155
-0.175061 0.163247 1.30155
-0.177883 0.160167 1.30155
-0.180651 0.157038 1.30155
-0.183365 0.153861 1.30155
-0.186022 0.150638 1.30155
-0.188622 0.147368 1.30155
-0.191166 0.144054 1.30155
-0.193651 0.140695 1.30155
-0.196077 0.137294 1.30155
-0.198443 0.133851 1.30155
-0.200749 0.130368 1.30155
-0.202993 0.126844 1.30155
-0.205176 0.123282 1.30155
-0.207296 0.119683 1.30703
-0.209354 0.116047 1.30703
-0.211347 0.112375 1.30703
-0.213276 0.10867 1.30703
-0.21514 0.104931 1.30703
-0.216939 0.10116 1.30703
-0.218671 0.0973587 1.30703
-0.220337 0.0935275 1.30703
-0.221936 0.0896678 1.30703
-0.223467 0.0857809 1.30703
-0.22493 0.0818678 1.30703
-0.226324 0.0779297 1.30703
-0.22765 0.073968 1.30703
-0.228906 0.0699837 1.30703
-0.230093 0.065978 1.30703
-0.231209 0.0619523 1.30703
-0.232255 0.0579077 1.30703
-0.23323 0.0538455 1.30703
-0.234135 0.0497669 1.30703
-0.234968 0.0456731 1.30703
-0.235729 0.0415654 1.30703
-0.236418 0.037445 1.30703
-0.237036 0.0333132 1.30703
-0.237581 0.0291713 1.30703
-0.238054 0.0250205 1.30703
-0.238455 0.0208621 1.30703
-0.238782 0.0166973 1.30703
-0.239037 0.0125274 1.30703
-0.23922 0.00835373 1.30703
-0.239329 0.0041775 1.30703
-0.239365 2.93138e-17 1.30703
-0.239329 -0.0041775 1.30703
-0.23922 -0.00835373 1.30703
-0.239037 -0.0125274 1.30703
-0.238782 -0.0166973 1.30703
-0.238455 -0.0208621 1.30703
-0.238054 -0.0250205 1.30703
-0.237581 -0.0291713 1.30703
-0.237036 -0.0333132 1.30703
-0.236418 -0.037445 1.30703
-0.235729 -0.0415654 1.30703
-0.234968 -0.0456731 1.30703
-0.234135 -0.0497669 1.30703
-0.23323 -0.0538455 1.30703
-0.232255 -0.0579077 1.30703
-0.231209 -0.0619523 1.30703
-0.230093 -0.065978 1.30703
-0.228906 -0.0699837 1.30703
-0.22765 -0.073968 1.30703
-0.226324 -0.0779297 1.30703
-0.22493 -0.0818678 1.30703
-0.223467 -0.0857809 1.30703
-0.221936 -0.0896678 1.30703
-0.220337 -0.0935275 1.30703
-0.218671 -0.0973587 1.30703
-0.216939 -0.10116 1.30703
-0.21514 -0.104931 1.30703
-0.213276 -0.10867 1.30703
-0.211347 -0.112375 1.30703
-0.209354 -0.116047 1.30703
-0.207296 -0.119683 1.30703
-0.205176 -0.123282 1.30019
-0.202993 -0.126844 1.30019
-0.200749 -0.130368 1.30019
-0.198443 -0.133851 1.30019
-0.196077 -0.137294 1.30019
-0.193651 -0.140695 1.30019
-0.191166 -0.144054 1.30019
-0.188622 -0.147368 1.30019
-0.186022 -0.150638 1.30019
-0.183365 -0.153861 1.30019
-0.180651 -0.157038 1.30019
-0.177883 -0.160167 1.30019
-0.175061 -0.163247 1.30019
-0.172185 -0.166277 1.30019
-0.169257 -0.169257 1.30019
-0.166277 -0.172185 1.30019
-0.163247 -0.175061 1.30019
-0.160167 -0.177883 1.30019
-0.157038 -0.180651 1.30019
-0.153861 -0.183365 1.30019
-0.150638 -0.186022 1.30019
-0.147368 -0.188622 1.30019
-0.144054 -0.191166 1.30019
-0.140695 -0.193651 1.30019
-0.137294 -0.196077 1.30019
-0.133851 -0.198443 1.30019
-0.130368 -0.200749 1.30019
-0.126844 -0.202993 1.30019
-0.123282 -0.205176 1.30019
-0.119683 -0.207296 1.30019
-0.116047 -0.209354 1.30019
-0.112375 -0.211347 1.30019
-0.10867 -0.213276 1.30019
-0.104931 -0.21514 1.30019
-0.10116 -0.216939 1.30019
-0.0973587 -0.218671 1.30019
-0.0935275 -0.220337 1.30019
-0.0896678 -0.221936 1.30019
-0.0857809 -0.223467 1.30019
-0.0818678 -0.22493 1.30019
-0.0779297 -0.226324 1.30019
-0.073968 -0.22765 1.30019
-0.0699837 -0.228906 1.30019
-0.065978 -0.230093 1.30019
-0.0619523 -0.231209 1.30019
-0.0579077 -0.232255 1.30019
-0.0538455 -0.23323 1.30019
-0.0497669 -0.234135 1.30019
-0.0456731 -0.234968 1.30019
-0.0415654 -0.235729 1.30019
-0.037445 -0.236418 1.30019
-0.0333132 -0.237036 1.30019
-0.0291713 -0.237581 1.30019
-0.0250205 -0.238054 1.30019
-0.0208621 -0.238455 1.30019
-0.0166973 -0.238782 1.30019
-0.0125274 -0.239037 1.30019
-0.00835373 -0.23922 1.30019
-0.0041775 -0.239329 1.30019
-4.39707e-17 -0.239365 1.30019
0.0041775 -0.239329 1.28235
0.00835373 -0.23922 1.28235
0.0125274 -0.239037 1.28235
0.0166973 -0.238782 1.28235
0.0208621 -0.238455 1.28235
0.0250205 -0.238054 1.28235
0.0291713 -0.237581 1.28235
0.0333132 -0.237036 1.28235
0.037445 -0.236418 1.28235
0.0415654 -0.235729 1.28235
0.0456731 -0.234968 1.28235
0.0497669 -0.234135 1.28235
0.0538455 -0.23323 1.28235
0.0579077 -0.232255 1.28235
0.0619523 -0.231209 1.28235
0.065978 -0.230093 1.28235
0.0699837 -0.228906 1.28235
0.073968 -0.22765 1.28235
0.0779297 -0.226324 1.28235
0.0818678 -0.22493 1.28235
0.0857809 -0.223467 1.28235
0.0896678 -0.221936 1.28235
0.0935275 -0.220337 1.28235
0.0973587 -0.218671 1.28235
0.10116 -0.216939 1.28235
0.104931 -0.21514 1.28235
0.10867 -0.213276 1.28235
0.112375 -0.211347 1.28235
0.116047 -0.209354 1.28235
0.119683 -0.207296 1.28235
0.123282 -0.205176 1.28235
0.126844 -0.202993 1.28235
0.130368 -0.200749 1.28235
0.133851 -0.198443 1.28235
0.137294 -0.196077 1.28235
0.140695 -0.193651 1.28235
0.144054 -0.191166 1.28235
0.147368 -0.188622 1.28235
0.150638 -0.186022 1.28235
0.153861 -0.183365 1.28235
0.157038 -0.180651 1.28235
0.160167 -0.177883 1.28235
0.163247 -0.175061 1.28235
0.166277 -0.172185 1.28235
0.169257 -0.169257 1.28235
0.172185 -0.166277 1.28235
0.175061 -0.163247 1.28235
0.177883 -0.160167 1.28235
0.180651 -0.157038 1.28235
0.183365 -0.153861 1.28235
0.186022 -0.150638 1.28235
0.188622 -0.147368 1.28235
0.191166 -0.144054 1.28235
0.193651 -0.140695 1.28235
0.196077 -0.137294 1.28235
0.198443 -0.133851 1.28235
0.200749 -0.130368 1.28235
0.202993 -0.126844 1.28235
0.205176 -0.123282 1.28235
0.207296 -0.119683 1.28235
0.209354 -0.116047 1.29119
0.211347 -0.112375 1.29119
0.213276 -0.10867 1.29119
0.21514 -0.104931 1.29119
0.216939 -0.10116 1.29119
0.218671 -0.0973587 1.29119
0.220337 -0.0935275 1.29119
0.221936 -0.0896678 1.29119
0.223467 -0.0857809 1.29119
0.22493 -0.0818678 1.29119
0.226324 -0.0779297 1.29119
0.22765 -0.073968 1.29119
0.228906 -0.0699837 1.29119
0.230093 -0.065978 1.29119
0.231209 -0.0619523 1.29119
0.232255 -0.0579077 1.29119
0.23323 -0.0538455 1.29119
0.234135 -0.0497669 1.29119
0.234968 -0.0456731 1.29119
0.235729 -0.0415654 1.29119
0.236418 -0.037445 1.29119
0.237036 -0.0333132 1.29119
0.237581 -0.0291713 1.29119
0.238054 -0.0250205 1.29119
0.238455 -0.0208621 1.29119
0.238782 -0.0166973 1.29119
0.239037 -0.0125274 1.29119
0.23922 -0.00835373 1.29119
0.239329 -0.0041775 1.29119

0.319154 0 1.25096
0.319105 0.00557 1.25096
0.318959 0.0111383 1.25096
0.318716 0.0167032 1.25096
0.318376 0.022263 1.25096
0.317939 0.0278161 1.25096
0.317405 0.0333607 1.25096
0.316775 0.0388951 1.25096
0.316048 0.0444176 1.25096
0.315225 0.0499267 1.25096
0.314305 0.0554205 1.25096
0.31329 0.0608974 1.25096
0.31218 0.0663558 1.25096
0.310974 0.071794 1.25096
0.309674 0.0772103 1.25096
0.308279 0.0826031 1.25877
0.30679 0.0879707 1.25877
0.305208 0.0933115 1.25877
0.303533 0.098624 1.25877
0.301766 0.103906 1.25877
0.299906 0.109157 1.25877
0.297956 0.114375 1.25877
0.295914 0.119557 1.25877
0.293783 0.124703 1.25877
0.291562 0.129812 1.25877
0.289252 0.13488 1.25877
0.286854 0.139908 1.25877
0.284368 0.144893 1.25877
0.281796 0.149834 1.25877
0.279138 0.154729 1.25877
0.276395 0.159577 1.25877
0.273568 0.164376 1.25877
0.270658 0.169126 1.25877
0.267665 0.173824 1.25877
0.264591 0.178469 1.25877
0.261436 0.183059 1.25877
0.258201 0.187594 1.25877
0.254888 0.192072 1.25877
0.251497 0.196491 1.25877
0.248029 0.20085 1.25877
0.244486 0.205148 1.25877
0.240868 0.209384 1.25877
0.237178 0.213556 1.25877
0.233414 0.217662 1.25877
0.22958 0.221703 1.25877
0.225676 0.225676 1.27742
0.221703 0.22958 1.27742
0.217662 0.233414 1.27742
0.213556 0.237178 1.27742
0.209384 0.240868 1.27742
0.205148 0.244486 1.27742
0.20085 0.248029 1.27742
0.196491 0.251497 1.27742
0.192072 0.254888 1.27742
0.187594 0.258201 1.27742
0.183059 0.261436 1.27742
0.178469 0.264591 1.27742
0.173824 0.267665 1.27742
0.169126 0.270658 1.27742
0.164376 0.273568 1.27742
0.159577 0.276395 1.27742
0.154729 0.279138 1.27742
0.149834 0.281796 1.27742
0.144893 0.284368 1.27742
0.139908 0.286854 1.27742
0.13488 0.289252 1.27742
0.129812 0.291562 1.27742
0.124703 0.293783 1.27742
0.119557 0.295914 1.27742
0.114375 0.297956 1.27742
0.109157 0.299906 1.27742
0.103906 0.301766 1.27742
0.098624 0.303533 1.27742
0.0933115 0.305208 1.27742
0.0879707 0.30679 1.27742
0.0826031 0.308279 1.29881
0.0772103 0.309674 1.29881
0.071794 0.310974 1.29881
0.0663558 0.31218 1.29881
0.0608974 0.31329 1.29881
0.0554205 0.314305 1.29881
0.0499267 0.315225 1.29881
0.0444176 0.316048 1.29881
0.0388951 0.316775 1.29881
0.0333607 0.317405 1.29881
0.0278161 0.317939 1.29881
0.022263 0.318376 1.29881
0.0167032 0.318716 1.29881
0.0111383 0.318959 1.29881
0.00557 0.319105 1.29881
1.95425e-17 0.319154 1.29881
-0.00557 0.319105 1.29881
-0.0111383 0.318959 1.29881
-0.0167032 0.318716 1.29881
-0.022263 0.318376 1.29881
-0.0278161 0.317939 1.29881
-0.0333607 0.317405 1.29881
-0.0388951 0.316775 1.29881
-0.0444176 0.316048 1.29881
-0.0499267 0.315225 1.29881
-0.0554205 0.314305 1.29881
-0.0608974 0.31329 1.29881
-0.0663558 0.31218 1.29881
-0.071794 0.310974 1.29881
-0.0772103 0.309674 1.29881
-0.0826031 0.308279 1.31373
-0.0879707 0.30679 1.31373
-0.0933115 0.305208 1.31373
-0.098624 0.303533 1.31373
-0.103906 0.301766 1.31373
-0.109157 0.299906 1.31373
-0.114375 0.297956 1.31373
-0.119557 0.295914 1.31373
-0.124703 0.293783 1.31373
-0.129812 0.291562 1.31373
-0.13488 0.289252 1.31373
-0.139908 0.286854 1.31373
-0.144893 0.284368 1.31373
-0.149834 0.281796 1.31373
-0.154729 0.279138 1.31373
-0.159577 0.276395 1.31373
-0.164376 0.273568 1.31373
-0.169126 0.270658 1.31373
-0.173824 0.267665 1.31373
-0.178469 0.264591 1.31373
-0.183059 0.261436 1.31373
-0.187594 0.258201 1.31373
-0.192072 0.254888 1.31373
-0.196491 0.251497 1.31373
-0.20085 0.248029 1.31373
-0.205148 0.244486 1.31373
-0.209384 0.240868 1.31373
-0.213556 0.237178 1.31373
-0.217662 0.233414 1.31373
-0.221703 0.22958 1.31373
-0.225676 0.225676 1.31927
-0.22958 0.221703 1.31927
-0.233414 0.217662 1.31927
-0.237178 0.213556 1.31927
-0.240868 0.209384 1.31927
-0.244486 0.205148 1.31927
-0.248029 0.20085 1.31927
-0.251497 0.196491 1.31927
-0.254888 0.192072 1.31927
-0.258201 0.187594 1.31927
-0.261436 0.183059 1.31927
-0.264591 0.178469 1.31927
-0.267665 0.173824 1.31927
-0.270658 0.169126 1.31927
-0.273568 0.164376 1.31927
-0.276395 0.159577 1.31927
-0.279138 0.154729 1.31927
-0.281796 0.149834 1.31927
-0.284368 0.144893 1.31927
-0.286854 0.139908 1.31927
-0.289252 0.13488 1.31927
-0.291562 0.129812 1.31927
-0.293783 0.124703 1.31927
-0.295914 0.119557 1.31927
-0.297956 0.114375 1.31927
-0.299906 0.109157 1.31927
-0.301766 0.103906 1.31927
-0.303533 0.098624 1.31927
-0.305208 0.0933115 1.31927
-0.30679 0.0879707 1.31927
-0.308279 0.0826031 1.31961
-0.309674 0.0772103 1.31961
-0.310974 0.071794 1.31961
-0.31218 0.0663558 1.31961
-0.31329 0.0608974 1.31961
-0.314305 0.0554205 1.31961
-0.315225 0.0499267 1.31961
-0.316048 0.0444176 1.31961
-0.316775 0.0388951 1.31961
-0.317405 0.0333607 1.31961
-0.317939 0.0278161 1.31961
-0.318376 0.022263 1.31961
-0.318716 0.0167032 1.31961
-0.318959 0.0111383 1.31961
-0.319105 0.00557 1.31961
-0.319154 3.90851e-17 1.31961
-0.319105 -0.00557 1.31961
-0.318959 -0.0111383 1.31961
-0.318716 -0.0167032 1.31961
-0.318376 -0.022263 1.31961
-0.317939 -0.0278161 1.31961
-0.317405 -0.0333607 1.31961
-0.316775 -0.0388951 1.31961
-0.316048 -0.0444176 1.31961
-0.315225 -0.0499267 1.31961
-0.314305 -0.0554205 1.31961
-0.31329 -0.0608974 1.31961
-0.31218 -0.0663558 1.31961
-0.310974 -0.071794 1.31961
-0.309674 -0.0772103 1.31961
-0.308279 -0.0826031 1.31961
-0.30679 -0.0879707 1.31792
-0.305208 -0.0933115 1.31792
-0.303533 -0.098624 1.31792
-0.301766 -0.103906 1.31792
-0.299906 -0.109157 1.31792
-0.297956 -0.114375 1.31792
-0.295914 -0.119557 1.31792
-0.293783 -0.124703 1.31792
-0.291562 -0.129812 1.31792
-0.289252 -0.13488 1.31792
-0.286854 -0.139908 1.31792
-0.284368 -0.144893 1.31792
-0.281796 -0.149834 1.31792
-0.279138 -0.154729 1.31792
-0.276395 -0.159577 1.31792
-0.273568 -0.164376 1.31792
-0.270658 -0.169126 1.31792
-0.267665 -0.173824 1.31792
-0.264591 -0.178469 1.31792
-0.261436 -0.183059 1.31792
-0.258201 -0.187594 1.31792
-0.254888 -0.192072 1.31792
-0.251497 -0.196491 1.31792
-0.248029 -0.20085 1.31792
-0.244486 -0.205148 1.31792
-0.240868 -0.209384 1.31792
-0.237178 -0.213556 1.31792
-0.233414 -0.217662 1.31792
-0.22958 -0.221703 1.31792
-0.225676 -0.225676 1.31792
-0.221703 -0.22958 1.31112
-0.217662 -0.233414 1.31112
-0.213556 -0.237178 1.31112
-0.209384 -0.240868 1.31112
-0.205148 -0.244486 1.31112
-0.20085 -0.248029 1.31112
-0.196491 -0.251497 1.31112
-0.192072 -0.254888 1.31112
-0.187594 -0.258201 1.31112
-0.183059 -0.261436 1.31112
-0.178469 -0.264591 1.31112
-0.173824 -0.267665 1.31112
-0.169126 -0.270658 1.31112
-0.164376 -0.273568 1.31112
-0.159577 -0.276395 1.31112
-0.154729 -0.279138 1.31112
-0.149834 -0.281796 1.31112
-0.144893 -0.284368 1.31112
-0.139908 -0.286854 1.31112
-0.13488 -0.289252 1.31112
-0.129812 -0.291562 1.31112
-0.124703 -0.293783 1.31112
-0.119557 -0.295914 1.31112
-0.114375 -0.297956 1.31112
-0.109157 -0.299906 1.31112
-0.103906 -0.301766 1.31112
-0.098624 -0.303533 1.31112
-0.0933115 -0.305208 1.31112
-0.0879707 -0.30679 1.31112
-0.0826031 -0.308279 1.31112
-0.0772103 -0.309674 1.29546
-0.071794 -0.310974 1.29546
-0.0663558 -0.31218 1.29546
-0.0608974 -0.31329 1.29546
-0.0554205 -0.314305 1.29546
-0.0499267 -0.315225 1.29546
-0.0444176 -0.316048 1.29546
-0.0388951 -0.316775 1.29546
-0.0333607 -0.317405 1.29546
-0.0278161 -0.317939 1.29546
-0.022263 -0.318376 1.29546
-0.0167032 -0.318716 1.29546
-0.0111383 -0.318959 1.29546
-0.00557 -0.319105 1.29546
-5.86276e-17 -0.319154 1.29546
0.00557 -0.319105 1.29546
0.0111383 -0.318959 1.29546
0.0167032 -0.318716 1.29546
0.022263 -0.318376 1.29546
0.0278161 -0.317939 1.29546
0.0333607 -0.317405 1.29546
0.0388951 -0.316775 1.29546
0.0444176 -0.316048 1.29546
0.0499267 -0.315225 1.29546
0.0554205 -0.314305 1.29546
0.0608974 -0.31329 1.29546
0.0663558 -0.31218 1.29546
0.071794 -0.310974 1.29546
0.0772103 -0.309674 1.29546
0.0826031 -0.308279 1.29546
0.0879707 -0.30679 1.27432
0.0933115 -0.305208 1.27432
0.098624 -0.303533 1.27432
0.103906 -0.301766 1.27432
0.109157 -0.299906 1.27432
0.114375 -0.297956 1.27432
0.119557 -0.295914 1.27432
0.124703 -0.293783 1.27432
0.129812 -0.291562 1.27432
0.13488 -0.289252 1.27432
0.139908 -0.286854 1.27432
0.144893 -0.284368 1.27432
0.149834 -0.281796 1.27432
0.154729 -0.279138 1.27432
0.159577 -0.276395 1.27432
0.164376 -0.273568 1.27432
0.169126 -0.270658 1.27432
0.173824 -0.267665 1.27432
0.178469 -0.264591 1.27432
0.183059 -0.261436 1.27432
0.187594 -0.258201 1.27432
0.192072 -0.254888 1.27432
0.196491 -0.251497 1.27432
0.20085 -0.248029 1.27432
0.205148 -0.244486 1.27432
0.209384 -0.240868 1.27432
0.213556 -0.237178 1.27432
0.217662 -0.233414 1.27432
0.221703 -0.22958 1.27432
0.225676 -0.225676 1.27432
0.22958 -0.221703 1.25693
0.233414 -0.217662 1.25693
0.237178 -0.213556 1.25693
0.240868 -0.209384 1.25693
0.244486 -0.205148 1.25693
0.248029 -0.20085 1.25693
0.251497 -0.196491 1.25693
0.254888 -0.192072 1.25693
0.258201 -0.187594 1.25693
0.261436 -0.183059 1.25693
0.264591 -0.178469 1.25693
0.267665 -0.173824 1.25693
0.270658 -0.169126 1.25693
0.273568 -0.164376 1.25693
0.276395 -0.159577 1.25693
0.279138 -0.154729 1.25693
0.281796 -0.149834 1.25693
0.284368 -0.144893 1.25693
0.286854 -0.139908 1.25693
0.289252 -0.13488 1.25693
0.291562 -0.129812 1.25693
0.293783 -0.124703 1.25693
0.295914 -0.119557 1.25693
0.297956 -0.114375 1.25693
0.299906 -0.109157 1.25693
0.301766 -0.103906 1.25693
0.303533 -0.098624 1.25693
0.305208 -0.0933115 1.25693
0.30679 -0.0879707 1.25693
0.308279 -0.0826031 1.25693
0.309674 -0.0772103 1.27219
0.310974 -0.071794 1.27219
0.31218 -0.0663558 1.27219
0.31329 -0.0608974 1.27219
0.314305 -0.0554205 1.27219
0.315225 -0.0499267 1.27219
0.316048 -0.0444176 1.27219
0.316775 -0.0388951 1.27219
0.317405 -0.0333607 1.27219
0.317939 -0.0278161 1.27219
0.318376 -0.022263 1.27219
0.318716 -0.0167032 1.27219
0.318959 -0.0111383 1.27219
0.319105 -0.00557 1.27219

0.398942 0 1.25096
0.398882 0.0069625 1.25096
0.398699 0.0139229 1.25096
0.398396 0.020879 1.25096
0.39797 0.0278288 1.25096
0.397424 0.0347701 1.25096
0.396757 0.0417008 1.25096
0.395969 0.0486188 1.25096
0.39506 0.055522 1.25096
0.394031 0.0624083 1.25096
0.392881 0.0692756 1.25096
0.391613 0.0761218 1.25096
0.390224 0.0829448 1.25096
0.388717 0.0897425 1.25096
0.387092 0.0965129 1.25096
0.385349 0.103254 1.25877
0.383488 0.109963 1.25877
0.38151 0.116639 1.25877
0.379417 0.12328 1.25877
0.377207 0.129883 1.25877
0.374883 0.136446 1.25877
0.372445 0.142968 1.25877
0.369893 0.149446 1.25877
0.367228 0.155879 1.25877
0.364452 0.162264 1.25877
0.361564 0.1686 1.25877
0.358567 0.174885 1.25877
0.35546 0.181116 1.25877
0.352245 0.187292 1.25877
0.348923 0.193411 1.25877
0.345494 0.199471 1.25877
0.34196 0.20547 1.25877
0.338322 0.211407 1.25877
0.334581 0.21728 1.25877
0.330738 0.223086 1.25877
0.326794 0.228824 1.25877
0.322751 0.234492 1.25877
0.318609 0.240089 1.25877
0.314371 0.245613 1.25877
0.310036 0.251063 1.25877
0.305608 0.256435 1.25877
0.301086 0.26173 1.25877
0.296472 0.266944 1.25877
0.291768 0.272078 1.25877
0.286975 0.277129 1.25877
0.282095 0.282095 1.27742
0.277129 0.286975 1.27742
0.272078 0.291768 1.27742
0.266944 0.296472 1.27742
0.26173 0.301086 1.27742
0.256435 0.305608 1.27742
0.251063 0.310036 1.27742
0.245613 0.314371 1.27742
0.240089 0.318609 1.27742
0.234492 0.322751 1.27742
0.228824 0.326794 1.27742
0.223086 0.330738 1.27742
0.21728 0.334581 1.27742
0.211407 0.338322 1.27742
0.20547 0.34196 1.27742
0.199471 0.345494 1.27742
0.193411 0.348923 1.27742
0.187292 0.352245 1.27742
0.181116 0.35546 1.27742
0.174885 0.358567 1.27742
0.1686 0.361564 1.27742
0.162264 0.364452 1.27742
0.155879 0.367228 1.27742
0.149446 0.369893 1.27742
0.142968 0.372445 1.27742
0.136446 0.374883 1.27742
0.129883 0.377207 1.27742
0.12328 0.379417 1.27742
0.116639 0.38151 1.27742
0.109963 0.383488 1.27742
0.103254 0.385349 1.29881
0.0965129 0.387092 1.29881
0.0897425 0.388717 1.29881
0.0829448 0.390224 1.29881
0.0761218 0.391613 1.29881
0.0692756 0.392881 1.29881
0.0624083 0.394031 1.29881
0.055522 0.39506 1.29881
0.0486188 0.395969 1.29881
0.0417008 0.396757 1.29881
0.0347701 0.397424 1.29881
0.0278288 0.39797 1.29881
0.020879 0.398396 1.29881
0.0139229 0.398699 1.29881
0.0069625 0.398882 1.29881
2.44282e-17 0.398942 1.29881
-0.0069625 0.398882 1.29881
-0.0139229 0.398699 1.29881
-0.020879 0.398396 1.29881
-0.0278288 0.39797 1.29881
-0.0347701 0.397424 1.29881
-0.0417008 0.396757 1.29881
-0.0486188 0.395969 1.29881
-0.055522 0.39506 1.29881
-0.0624083 0.394031 1.29881
-0.0692756 0.392881 1.29881
-0.0761218 0.391613 1.29881
-0.0829448 0.390224 1.29881
-0.0897425 0.388717 1.29881
-0.0965129 0.387092 1.29881
-0.103254 0.385349 1.31373
-0.109963 0.383488 1.31373
-0.116639 0.38151 1.31373
-0.12328 0.379417 1.31373
-0.129883 0.377207 1.31373
-0.136446 0.374883 1.31373
-0.142968 0.372445 1.31373
-0.149446 0.369893 1.31373
-0.155879 0.367228 1.31373
-0.162264 0.364452 1.31373
-0.1686 0.361564 1.31373
-0.174885 0.358567 1.31373
-0.181116 0.35546 1.31373
-0.187292 0.352245 1.31373
-0.193411 0.348923 1.31373
-0.199471 0.345494 1.31373
-0.20547 0.34196 1.31373
-0.211407 0.338322 1.31373
-0.21728 0.334581 1.31373
-0.223086 0.330738 1.31373
-0.228824 0.326794 1.31373
-0.234492 0.322751 1.31373
-0.240089 0.318609 1.31373
-0.245613 0.314371 1.31373
-0.251063 0.310036 1.31373
-0.256435 0.305608 1.31373
-0.26173 0.301086 1.31373
-0.266944 0.296472 1.31373
-0.272078 0.291768 1.31373
-0.277129 0.286975 1.31373
-0.282095 0.282095 1.31927
-0.286975 0.277129 1.31927
-0.291768 0.272078 1.31927
-0.296472 0.266944 1.31927
-0.301086 0.26173 1.31927
-0.305608 0.256435 1.31927
-0.310036 0.251063 1.31927
-0.314371 0.245613 1.31927
-0.318609 0.240089 1.31927
-0.322751 0.234492 1.31927
-0.326794 0.228824 1.31927
-0.330738 0.223086 1.31927
-0.334581 0.21728 1.31927
-0.338322 0.211407 1.31927
-0.34196 0.20547 1.31927
-0.345494 0.199471 1.31927
-0.348923 0.193411 1.31927
-0.352245 0.187292 1.31927
-0.35546 0.181116 1.31927
-0.358567 0.174885 1.31927
-0.361564 0.1686 1.31927
-0.364452 0.162264 1.31927
-0.367228 0.155879 1.31927
-0.369893 0.149446 1.31927
-0.372445 0.142968 1.31927
-0.374883 0.136446 1.31927
-0.377207 0.129883 1.31927
-0.379417 0.12328 1.31927
-0.38151 0.116639 1.31927
-0.383488 0.109963 1.31927
-0.385349 0.103254 1.31961
-0.387092 0.0965129 1.31961
-0.388717 0.0897425 1.31961
-0.390224 0.0829448 1.31961
-0.391613 0.0761218 1.31961
-0.392881 0.0692756 1.31961
-0.394031 0.0624083 1.31961
-0.39506 0.055522 1.31961
-0.395969 0.0486188 1.31961
-0.396757 0.0417008 1.31961
-0.397424 0.0347701 1.31961
-0.39797 0.0278288 1.31961
-0.398396 0.020879 1.31961
-0.398699 0.0139229 1.31961
-0.398882 0.0069625 1.31961
-0.398942 4.88563e-17 1.31961
-0.398882 -0.0069625 1.31961
-0.398699 -0.0139229 1.31961
-0.398396 -0.020879 1.31961
-0.39797 -0.0278288 1.31961
-0.397424 -0.0347701 1.31961
-0.396757 -0.0417008 1.31961
-0.395969 -0.0486188 1.31961
-0.39506 -0.055522 1.31961
-0.394031 -0.0624083 1.31961
-0.392881 -0.0692756 1.31961
-0.391613 -0.0761218 1.31961
-0.390224 -0.0829448 1.31961
-0.388717 -0.0897425 1.31961
-0.387092 -0.0965129 1.31961
-0.385349 -0.103254 1.31961
-0.383488 -0.109963 1.31792
-0.38151 -0.116639 1.31792
-0.379417 -0.12328 1.31792
-0.377207 -0.129883 1.31792
-0.374883 -0.136446 1.31792
-0.372445 -0.142968 1.31792
-0.369893 -0.149446 1.31792
-0.367228 -0.155879 1.31792
-0.364452 -0.162264 1.31792
-0.361564 -0.1686 1.31792
-0.358567 -0.174885 1.31792
-0.35546 -0.181116 1.31792
-0.352245 -0.187292 1.31792
-0.348923 -0.193411 1.31792
-0.345494 -0.199471 1.31792
-0.34196 -0.20547 1.31792
-0.338322 -0.211407 1.31792
-0.334581 -0.21728 1.31792
-0.330738 -0.223086 1.31792
-0.326794 -0.228824 1.31792
-0.322751 -0.234492 1.31792
-0.318609 -0.240089 1.31792
-0.314371 -0.245613 1.31792
-0.310036 -0.251063 1.31792
-0.305608 -0.256435 1.31792
-0.301086 -0.26173 1.31792
-0.296472 -0.266944 1.31792
-0.291768 -0.272078 1.31792
-0.286975 -0.277129 1.31792
-0.282095 -0.282095 1.31792
-0.277129 -0.286975 1.31112
-0.272078 -0.291768 1.31112
-0.266944 -0.296472 1.31112
-0.26173 -0.301086 1.31112
-0.256435 -0.305608 1.31112
-0.251063 -0.310036 1.31112
-0.245613 -0.314371 1.31112
-0.240089 -0.318609 1.31112
-0.234492 -0.322751 1.31112
-0.228824 -0.326794 1.31112
-0.223086 -0.330738 1.31112
-0.21728 -0.334581 1.31112
-0.211407 -0.338322 1.31112
-0.20547 -0.34196 1.31112
-0.199471 -0.345494 1.31112
-0.193411 -0.348923 1.31112
-0.187292 -0.352245 1.31112
-0.181116 -0.35546 1.31112
-0.174885 -0.358567 1.31112
-0.1686 -0.361564 1.31112
-0.162264 -0.364452 1.31112
-0.155879 -0.367228 1.31112
-0.149446 -0.369893 1.31112
-0.142968 -0.372445 1.31112
-0.136446 -0.374883 1.31112
-0.129883 -0.377207 1.31112
-0.12328 -0.379417 1.31112
-0.116639 -0.38151 1.31112
-0.109963 -0.383488 1.31112
-0.103254 -0.385349 1.31112
-0.0965129 -0.387092 1.29546
-0.0897425 -0.388717 1.29546
-0.0829448 -0.390224 1.29546
-0.0761218 -0.391613 1.29546
-0.0692756 -0.392881 1.29546
-0.0624083 -0.394031 1.29546
-0.055522 -0.39506 1.29546
-0.0486188 -0.395969 1.29546
-0.0417008 -0.396757 1.29546
-0.0347701 -0.397424 1.29546
-0.0278288 -0.39797 1.29546
-0.020879 -0.398396 1.29546
-0.0139229 -0.398699 1.29546
-0.0069625 -0.398882 1.29546
-7.32845e-17 -0.398942 1.29546
0.0069625 -0.398882 1.29546
0.0139229 -0.398699 1.29546
0.020879 -0.398396 1.29546
0.0278288 -0.39797 1.29546
0.0347701 -0.397424 1.29546
0.0417008 -0.396757 1.29546
0.0486188 -0.395969 1.29546
0.055522 -0.39506 1.29546
0.0624083 -0.394031 1.29546
0.0692756 -0.392881 1.29546
0.0761218 -0.391613 1.29546
0.0829448 -0.390224 1.29546
0.0897425 -0.388717 1.29546
0.0965129 -0.387092 1.29546
0.103254 -0.385349 1.29546
0.109963 -0.383488 1.27432
0.116639 -0.38151 1.27432
0.12328 -0.379417 1.27432
0.129883 -0.377207 1.27432
0.136446 -0.374883 1.27432
0.142968 -0.372445 1.27432
0.149446 -0.369893 1.27432
0.155879 -0.367228 1.27432
0.162264 -0.364452 1.27432
0.1686 -0.361564 1.27432
0.174885 -0.358567 1.27432
0.181116 -0.35546 1.27432
0.187292 -0.352245 1.27432
0.193411 -0.348923 1.27432
0.199471 -0.345494 1.27432
0.20547 -0.34196 1.27432
0.211407 -0.338322 1.27432
0.21728 -0.334581 1.27432
0.223086 -0.330738 1.27432
0.228824 -0.326794 1.27432
0.234492 -0.322751 1.27432
0.240089 -0.318609 1.27432
0.245613 -0.314371 1.27432
0.251063 -0.310036 1.27432
0.256435 -0.305608 1.27432
0.26173 -0.301086 1.27432
0.266944 -0.296472 1.27432
0.272078 -0.291768 1.27432
0.277129 -0.286975 1.27432
0.282095 -0.282095 1.27432
0.286975 -0.277129 1.25693
0.291768 -0.272078 1.25693
0.296472 -0.266944 1.25693
0.301086 -0.26173 1.25693
0.305608 -0.256435 1.25693
0.310036 -0.251063 1.25693
0.314371 -0.245613 1.25693
0.318609 -0.240089 1.25693
0.322751 -0.234492 1.25693
0.326794 -0.228824 1.25693
0.330738 -0.223086 1.25693
0.334581 -0.21728 1.25693
0.338322 -0.211407 1.25693
0.34196 -0.20547 1.25693
0.345494 -0.199471 1.25693
0.348923 -0.193411 1.25693
0.352245 -0.187292 1.25693
0.35546 -0.181116 1.25693
0.358567 -0.174885 1.25693
0.361564 -0.1686 1.25693
0.364452 -0.162264 1.25693
0.367228 -0.155879 1.25693
0.369893 -0.149446 1.25693
0.372445 -0.142968 1.25693
0.374883 -0.136446 1.25693
0.377207 -0.129883 1.25693
0.379417 -0.12328 1.25693
0.38151 -0.116639 1.25693
0.383488 -0.109963 1.25693
0.385349 -0.103254 1.25693
0.387092 -0.0965129 1.27219
0.388717 -0.0897425 1.27219
0.390224 -0.0829448 1.27219
0.391613 -0.0761218 1.27219
0.392881 -0.0692756 1.27219
0.394031 -0.0624083 1.27219
0.39506 -0.055522 1.27219
0.395969 -0.0486188 1.27219
0.396757 -0.0417008 1.27219
0.397424 -0.0347701 1.27219
0.39797 -0.0278288 1.27219
0.398396 -0.020879 1.27219
0.398699 -0.0139229 1.27219
0.398882 -0.0069625 1.27219

0.478731 0 1.25096
0.478658 0.008355 1.25096
0.478439 0.0167075 1.25096
0.478075 0.0250548 1.25096
0.477565 0.0333946 1.25096
0.476909 0.0417241 1.25096
0.476108 0.050041 1.25096
0.475162 0.0583426 1.25096
0.474072 0.0666264 1.25096
0.472837 0.07489 1.25096
0.471458 0.0831307 1.25096
0.469935 0.0913461 1.25096
0.468269 0.0995337 1.25096
0.466461 0.107691 1.25096
0.46451 0.115815 1.25096
0.462418 0.123905 1.25877
0.460186 0.131956 1.25877
0.457812 0.139967 1.25877
0.4553 0.147936 1.25877
0.452649 0.155859 1.25877
0.44986 0.163736 1.25877
0.446934 0.171562 1.25877
0.443871 0.179336 1.25877
0.440674 0.187055 1.25877
0.437342 0.194717 1.25877
0.433877 0.20232 1.25877
0.43028 0.209862 1.25877
0.426552 0.217339 1.25877
0.422694 0.22475 1.25877
0.418707 0.232093 1.25877
0.414593 0.239365 1.25877
0.410352 0.246565 1.25877
0.405987 0.253689 1.25877
0.401497 0.260735 1.25877
0.396886 0.267703 1.25877
0.392153 0.274589 1.25877
0.387301 0.281391 1.25877
0.382331 0.288107 1.25877
0.377245 0.294736 1.25877
0.372044 0.301275 1.25877
0.366729 0.307722 1.25877
0.361303 0.314076 1.25877
0.355766 0.320333 1.25877
0.350121 0.326494 1.25877
0.34437 0.332554 1.25877
0.338514 0.338514 1.27742
0.332554 0.34437 1.27742
0.326494 0.350121 1.27742
0.320333 0.355766 1.27742
0.314076 0.361303 1.27742
0.307722 0.366729 1.27742
0.301275 0.372044 1.27742
0.294736 0.377245 1.27742
0.288107 0.382331 1.27742
0.281391 0.387301 1.27742
0.274589 0.392153 1.27742
0.267703 0.396886 1.27742
0.260735 0.401497 1.27742
0.253689 0.405987 1.27742
0.246565 0.410352 1.27742
0.239365 0.414593 1.27742
0.232093 0.418707 1.27742
0.22475 0.422694 1.27742
0.217339 0.426552 1.27742
0.209862 0.43028 1.27742
0.20232 0.433877 1.27742
0.194717 0.437342 1.27742
0.187055 0.440674 1.27742
0.179336 0.443871 1.27742
0.171562 0.446934 1.27742
0.163736 0.44986 1.27742
0.155859 0.452649 1.27742
0.147936 0.4553 1.27742
0.139967 0.457812 1.27742
0.131956 0.460186 1.27742
0.123905 0.462418 1.29881
0.115815 0.46451 1.29881
0.107691 0.466461 1.29881
0.0995337 0.468269 1.29881
0.0913461 0.469935 1.29881
0.0831307 0.471458 1.29881
0.07489 0.472837 1.29881
0.0666264 0.474072 1.29881
0.0583426 0.475162 1.29881
0.050041 0.476108 1.29881
0.0417241 0.476909 1.29881
0.0333946 0.477565 1.29881
0.0250548 0.478075 1.29881
0.0167075 0.478439 1.29881
0.008355 0.478658 1.29881
2.93138e-17 0.478731 1.29881
-0.008355 0.478658 1.29881
-0.0167075 0.478439 1.29881
-0.0250548 0.478075 1.29881
-0.0333946 0.477565 1.29881
-0.0417241 0.476909 1.29881
-0.050041 0.476108 1.29881
-0.0583426 0.475162 1.29881
-0.0666264 0.474072 1.29881
-0.07489 0.472837 1.29881
-0.0831307 0.471458 1.29881
-0.0913461 0.469935 1.29881
-0.0995337 0.468269 1.29881
-0.107691 0.466461 1.29881
-0.115815 0.46451 1.29881
-0.123905 0.462418 1.31373
-0.131956 0.460186 1.31373
-0.139967 0.457812 1.31373
-0.147936 0.4553 1.31373
-0.155859 0.452649 1.31373
-0.163736 0.44986 1.31373
-0.171562 0.446934 1.31373
-0.179336 0.443871 1.31373
-0.187055 0.440674 1.31373
-0.194717 0.437342 1.31373
-0.20232 0.433877 1.31373
-0.209862 0.43028 1.31373
-0.217339 0.426552 1.31373
-0.22475 0.422694 1.31373
-0.232093 0.418707 1.31373
-0.239365 0.414593 1.31373
-0.246565 0.410352 1.31373
-0.253689 0.405987 1.31373
-0.260735 0.401497 1.31373
-0.267703 0.396886 1.31373
-0.274589 0.392153 1.31373
-0.281391 0.387301 1.31373
-0.288107 0.382331 1.31373
-0.294736 0.377245 1.31373
-0.301275 0.372044 1.31373
-0.307722 0.366729 1.31373
-0.314076 0.361303 1.31373
-0.320333 0.355766 1.31373
-0.326494 0.350121 1.31373
-0.332554 0.34437 1.31373
-0.338514 0.338514 1.31927
-0.34437 0.332554 1.31927
-0.350121 0.326494 1.31927
-0.355766 0.320333 1.31927
-0.361303 0.314076 1.31927
-0.366729 0.307722 1.31927
-0.372044 0.301275 1.31927
-0.377245 0.294736 1.31927
-0.382331 0.288107 1.31927
-0.387301 0.281391 1.31927
-0.392153 0.274589 1.31927
-0.396886 0.267703 1.31927
-0.401497 0.260735 1.31927
-0.405987 0.253689 1.31927
-0.410352 0.246565 1.31927
-0.414593 0.239365 1.31927
-0.418707 0.232093 1.31927
-0.422694 0.22475 1.31927
-0.426552 0.217339 1.31927
-0.43028 0.209862 1.31927
-0.433877 0.20232 1.31927
-0.437342 0.194717 1.31927
-0.440674 0.187055 1.31927
-0.443871 0.179336 1.31927
-0.446934 0.171562 1.31927
-0.44986 0.163736 1.31927
-0.452649 0.155859 1.31927
-0.4553 0.147936 1.31927
-0.457812 0.139967 1.31927
-0.460186 0.131956 1.31927
-0.462418 0.123905 1.31961
-0.46451 0.115815 1.31961
-0.466461 0.107691 1.31961
-0.468269 0.0995337 1.31961
-0.469935 0.0913461 1.31961
-0.471458 0.0831307 1.31961
-0.472837 0.07489 1.31961
-0.474072 0.0666264 1.31961
-0.475162 0.0583426 1.31961
-0.476108 0.050041 1.31961
-0.476909 0.0417241 1.31961
-0.477565 0.0333946 1.31961
-0.478075 0.0250548 1.31961
-0.478439 0.0167075 1.31961
-0.478658 0.008355 1.31961
-0.478731 5.86276e-17 1.31961
-0.478658 -0.008355 1.31961
-0.478439 -0.0167075 1.31961
-0.478075 -0.0250548 1.31961
-0.477565 -0.0333946 1.31961
-0.476909 -0.0417241 1.31961
-0.476108 -0.050041 1.31961
-0.475162 -0.0583426 1.31961
-0.474072 -0.0666264 1.31961
-0.472837 -0.07489 1.31961
-0.471458 -0.0831307 1.31961
-0.469935 -0.0913461 1.31961
-0.468269 -0.0995337 1.31961
-0.466461 -0.107691 1.31961
-0.46451 -0.115815 1.31961
-0.462418 -0.123905 1.31961
-0.460186 -0.131956 1.31792
-0.457812 -0.139967 1.31792
-0.4553 -0.147936 1.31792
-0.452649 -0.155859 1.31792
-0.44986 -0.163736 1.31792
-0.446934 -0.171562 1.31792
-0.443871 -0.179336 1.31792
-0.440674 -0.187055 1.31792
-0.437342 -0.194717 1.31792
-0.433877 -0.20232 1.31792
-0.43028 -0.209862 1.31792
-0.426552 -0.217339 1.31792
-0.422694 -0.22475 1.31792
-0.418707 -0.232093 1.31792
-0.414593 -0.239365 1.31792
-0.410352 -0.246565 1.31792
-0.405987 -0.253689 1.31792
-0.401497 -0.260735 1.31792
-0.396886 -0.267703 1.31792
-0.392153 -0.274589 1.31792
-0.387301 -0.281391 1.31792
-0.382331 -0.288107 1.31792
-0.377245 -0.294736 1.31792
-0.372044 -0.301275 1.31792
-0.366729 -0.307722 1.31792
-0.361303 -0.314076 1.31792
-0.355766 -0.320333 1.31792
-0.350121 -0.326494 1.31792
-0.34437 -0.332554 1.31792
-0.338514 -0.338514 1.31792
-0.332554 -0.34437 1.31112
-0.326494 -0.350121 1.31112
-0.320333 -0.355766 1.31112
-0.314076 -0.361303 1.31112
-0.307722 -0.366729 1.31112
-0.301275 -0.372044 1.31112
-0.294736 -0.377245 1.31112
-0.288107 -0.382331 1.31112
-0.281391 -0.387301 1.31112
-0.274589 -0.392153 1.31112
-0.267703 -0.396886 1.31112
-0.260735 -0.401497 1.31112
-0.253689 -0.405987 1.31112
-0.246565 -0.410352 1.31112
-0.239365 -0.414593 1.31112
-0.232093 -0.418707 1.31112
-0.22475 -0.422694 1.31112
-0.217339 -0.426552 1.31112
-0.209862 -0.43028 1.31112
-0.20232 -0.433877 1.31112
-0.194717 -0.437342 1.31112
-0.187055 -0.440674 1.31112
-0.179336 -0.443871 1.31112
-0.171562 -0.446934 1.31112
-0.163736 -0.44986 1.31112
-0.155859 -0.452649 1.31112
-0.147936 -0.4553 1.31112
-0.139967 -0.457812 1.31112
-0.131956 -0.460186 1.31112
-0.123905 -0.462418 1.31112
-0.115815 -0.46451 1.29546
-0.107691 -0.466461 1.29546
-0.0995337 -0.468269 1.29546
-0.0913461 -0.469935 1.29546
-0.0831307 -0.471458 1.29546
-0.07489 -0.472837 1.29546
-0.0666264 -0.474072 1.29546
-0.0583426 -0.475162 1.29546
-0.050041 -0.476108 1.29546
-0.0417241 -0.476909 1.29546
-0.0333946 -0.477565 1.29546
-0.0250548 -0.478075 1.29546
-0.0167075 -0.478439 1.29546
-0.008355 -0.478658 1.29546
-8.79414e-17 -0.478731 1.29546
0.008355 -0.478658 1.29546
0.0167075 -0.478439 1.29546
0.0250548 -0.478075 1.29546
0.0333946 -0.477565 1.29546
0.0417241 -0.476909 1.29546
0.050041 -0.476108 1.29546
0.0583426 -0.475162 1.29546
0.0666264 -0.474072 1.29546
0.07489 -0.472837 1.29546
0.0831307 -0.471458 1.29546
0.0913461 -0.469935 1.29546
0.0995337 -0.468269 1.29546
0.107691 -0.466461 1.29546
0.115815 -0.46451 1.29546
0.123905 -0.462418 1.29546
0.131956 -0.460186 1.27432
0.139967 -0.457812 1.27432
0.147936 -0.4553 1.27432
0.155859 -0.452649 1.27432
0.163736 -0.44986 1.27432
0.171562 -0.446934 1.27432
0.179336 -0.443871 1.27432
0.187055 -0.440674 1.27432
0.194717 -0.437342 1.27432
0.20232 -0.433877 1.27432
0.209862 -0.43028 1.27432
0.217339 -0.426552 1.27432
0.22475 -0.422694 1.27432
0.232093 -0.418707 1.27432
0.239365 -0.414593 1.27432
0.246565 -0.410352 1.27432
0.253689 -0.405987 1.27432
0.260735 -0.401497 1.27432
0.267703 -0.396886 1.27432
0.274589 -0.392153 1.27432
0.281391 -0.387301 1.27432
0.288107 -0.382331 1.27432
0.294736 -0.377245 1.27432
0.301275 -0.372044 1.27432
0.307722 -0.366729 1.27432
0.314076 -0.361303 1.27432
0.320333 -0.355766 1.27432
0.326494 -0.350121 1.27432
0.332554 -0.34437 1.27432
0.338514 -0.338514 1.27432
0.34437 -0.332554 1.25693
0.350121 -0.326494 1.25693
0.355766 -0.320333 1.25693
0.361303 -0.314076 1.25693
0.366729 -0.307722 1.25693
0.372044 -0.301275 1.25693
0.377245 -0.294736 1.25693
0.382331 -0.288107 1.25693
0.387301 -0.281391 1.25693
0.392153 -0.274589 1.25693
0.396886 -0.267703 1.25693
0.401497 -0.260735 1.25693
0.405987 -0.253689 1.25693
0.410352 -0.246565 1.25693
0.414593 -0.239365 1.25693
0.418707 -0.232093 1.25693
0.422694 -0.22475 1.25693
0.426552 -0.217339 1.25693
0.43028 -0.209862 1.25693
0.433877 -0.20232 1.25693
0.437342 -0.194717 1.25693
0.440674 -0.187055 1.25693
0.443871 -0.179336 1.25693
0.446934 -0.171562 1.25693
0.44986 -0.163736 1.25693
0.452649 -0.155859 1.25693
0.4553 -0.147936 1.25693
0.457812 -0.139967 1.25693
0.460186 -0.131956 1.25693
0.462418 -0.123905 1.25693
0.46451 -0.115815 1.27219
0.466461 -0.107691 1.27219
0.468269 -0.0995337 1.27219
0.469935 -0.0913461 1.27219
0.471458 -0.0831307 1.27219
0.472837 -0.07489 1.27219
0.474072 -0.0666264 1.27219
0.475162 -0.0583426 1.27219
0.476108 -0.050041 1.27219
0.476909 -0.0417241 1.27219
0.477565 -0.0333946 1.27219
0.478075 -0.0250548 1.27219
0.478439 -0.0167075 1.27219
0.478658 -0.008355 1.27219

0.558519 0 1.22792
0.558434 0.0097475 1.22792
0.558179 0.019492 1.22792
0.557754 0.0292306 1.22792
0.557159 0.0389603 1.22792
0.556394 0.0486782 1.22792
0.55546 0.0583812 1.22792
0.554356 0.0680664 1.22792
0.553084 0.0777308 1.22792
0.551643 0.0873717 1.22792
0.550034 0.0969858 1.23384
0.548258 0.10657 1.23384
0.546314 0.116123 1.23384
0.544204 0.125639 1.23384
0.541929 0.135118 1.23384
0.539488 0.144555 1.23384
0.536883 0.153949 1.23384
0.534115 0.163295 1.23384
0.531183 0.172592 1.23384
0.52809 0.181836 1.23384
0.524836 0.191025 1.23384
0.521423 0.200155 1.23384
0.51785 0.209225 1.23384
0.51412 0.218231 1.23384
0.510233 0.22717 1.23384
0.50619 0.23604 1.23384
0.501994 0.244839 1.23384
0.497644 0.253562 1.23384
0.493143 0.262209 1.23384
0.488492 0.270775 1.23384
0.483692 0.27926 1.24913
0.478744 0.287659 1.24913
0.473651 0.29597 1.24913
0.468414 0.304191 1.24913
0.463033 0.31232 1.24913
0.457512 0.320353 1.24913
0.451852 0.328289 1.24913
0.446053 0.336125 1.24913
0.440119 0.343859 1.24913
0.434051 0.351488 1.24913
0.427851 0.359009 1.24913
0.42152 0.366422 1.24913
0.415061 0.373722 1.24913
0.408475 0.380909 1.24913
0.401765 0.38798 1.24913
0.394933 0.394933 1.24913
0.38798 0.401765 1.24913
0.380909 0.408475 1.24913
0.373722 0.415061 1.24913
0.366422 0.42152 1.24913
0.359009 0.427851 1.27145
0.351488 0.434051 1.27145
0.343859 0.440119 1.27145
0.336125 0.446053 1.27145
0.328289 0.451852 1.27145
0.320353 0.457512 1.27145
0.31232 0.463033 1.27145
0.304191 0.468414 1.27145
0.29597 0.473651 1.27145
0.287659 0.478744 1.27145
0.27926 0.483692 1.27145
0.270775 0.488492 1.27145
0.262209 0.493143 1.27145
0.253562 0.497644 1.27145
0.244839 0.501994 1.27145
0.23604 0.50619 1.27145
0.22717 0.510233 1.27145
0.218231 0.51412 1.27145
0.209225 0.51785 1.27145
0.200155 0.521423 1.27145
0.191025 0.524836 1.29594
0.181836 0.52809 1.29594
0.172592 0.531183 1.29594
0.163295 0.534115 1.29594
0.153949 0.536883 1.29594
0.144555 0.539488 1.29594
0.135118 0.541929 1.29594
0.125639 0.544204 1.29594
0.116123 0.546314 1.29594
0.10657 0.548258 1.29594
0.0969858 0.550034 1.29594
0.0873717 0.551643 1.29594
0.0777308 0.553084 1.29594
0.0680664 0.554356 1.29594
0.0583812 0.55546 1.29594
0.0486782 0.556394 1.29594
0.0389603 0.557159 1.29594
0.0292306 0.557754 1.29594
0.019492 0.558179 1.29594
0.0097475 0.558434 1.29594
3.41994e-17 0.558519 1.31638
-0.0097475 0.558434 1.31638
-0.019492 0.558179 1.31638
-0.0292306 0.557754 1.31638
-0.0389603 0.557159 1.31638
-0.0486782 0.556394 1.31638
-0.0583812 0.55546 1.31638
-0.0680664 0.554356 1.31638
-0.0777308 0.553084 1.31638
-0.0873717 0.551643 1.31638
-0.0969858 0.550034 1.31638
-0.10657 0.548258 1.31638
-0.116123 0.546314 1.31638
-0.125639 0.544204 1.31638
-0.135118 0.541929 1.31638
-0.144555 0.539488 1.31638
-0.153949 0.536883 1.31638
-0.163295 0.534115 1.31638
-0.172592 0.531183 1.31638
-0.181836 0.52809 1.31638
-0.191025 0.524836 1.32831
-0.200155 0.521423 1.32831
-0.209225 0.51785 1.32831
-0.218231 0.51412 1.32831
-0.22717 0.510233 1.32831
-0.23604 0.50619 1.32831
-0.244839 0.501994 1.32831
-0.253562 0.497644 1.32831
-0.262209 0.493143 1.32831
-0.270775 0.488492 1.32831
-0.27926 0.483692 1.32831
-0.287659 0.478744 1.32831
-0.29597 0.473651 1.32831
-0.304191 0.468414 1.32831
-0.31232 0.463033 1.32831
-0.320353 0.457512 1.32831
-0.328289 0.451852 1.32831
-0.336125 0.446053 1.32831
-0.343859 0.440119 1.32831
-0.351488 0.434051 1.32831
-0.359009 0.427851 1.33155
-0.366422 0.42152 1.33155
-0.373722 0.415061 1.33155
-0.380909 0.408475 1.33155
-0.38798 0.401765 1.33155
-0.394933 0.394933 1.33155
-0.401765 0.38798 1.33155
-0.408475 0.380909 1.33155
-0.415061 0.373722 1.33155
-0.42152 0.366422 1.33155
-0.427851 0.359009 1.33155
-0.434051 0.351488 1.33155
-0.440119 0.343859 1.33155
-0.446053 0.336125 1.33155
-0.451852 0.328289 1.33155
-0.457512 0.320353 1.33155
-0.463033 0.31232 1.33155
-0.468414 0.304191 1.33155
-0.473651 0.29597 1.33155
-0.478744 0.287659 1.33155
-0.483692 0.27926 1.32989
-0.488492 0.270775 1.32989
-0.493143 0.262209 1.32989
-0.497644 0.253562 1.32989
-0.501994 0.244839 1.32989
-0.50619 0.23604 1.32989
-0.510233 0.22717 1.32989
-0.51412 0.218231 1.32989
-0.51785 0.209225 1.32989
-0.521423 0.200155 1.32989
-0.524836 0.191025 1.32989
-0.52809 0.181836 1.32989
-0.531183 0.172592 1.32989
-0.534115 0.163295 1.32989
-0.536883 0.153949 1.32989
-0.539488 0.144555 1.32989
-0.541929 0.135118 1.32989
-0.544204 0.125639 1.32989
-0.546314 0.116123 1.32989
-0.548258 0.10657 1.32989
-0.550034 0.0969858 1.32828
-0.551643 0.0873717 1.32828
-0.553084 0.0777308 1.32828
-0.554356 0.0680664 1.32828
-0.55546 0.0583812 1.32828
-0.556394 0.0486782 1.32828
-0.557159 0.0389603 1.32828
-0.557754 0.0292306 1.32828
-0.558179 0.019492 1.32828
-0.558434 0.0097475 1.32828
-0.558519 6.83989e-17 1.32828
-0.558434 -0.0097475 1.32828
-0.558179 -0.019492 1.32828
-0.557754 -0.0292306 1.32828
-0.557159 -0.0389603 1.32828
-0.556394 -0.0486782 1.32828
-0.55546 -0.0583812 1.32828
-0.554356 -0.0680664 1.32828
-0.553084 -0.0777308 1.32828
-0.551643 -0.0873717 1.32828
-0.550034 -0.0969858 1.32828
-0.548258 -0.10657 1.32876
-0.546314 -0.116123 1.32876
-0.544204 -0.125639 1.32876
-0.541929 -0.135118 1.32876
-0.539488 -0.144555 1.32876
-0.536883 -0.153949 1.32876
-0.534115 -0.163295 1.32876
-0.531183 -0.172592 1.32876
-0.52809 -0.181836 1.32876
-0.524836 -0.191025 1.32876
-0.521423 -0.200155 1.32876
-0.51785 -0.209225 1.32876
-0.51412 -0.218231 1.32876
-0.510233 -0.22717 1.32876
-0.50619 -0.23604 1.32876
-0.501994 -0.244839 1.32876
-0.497644 -0.253562 1.32876
-0.493143 -0.262209 1.32876
-0.488492 -0.270775 1.32876
-0.483692 -0.27926 1.32876
-0.478744 -0.287659 1.32915
-0.473651 -0.29597 1.32915
-0.468414 -0.304191 1.32915
-0.463033 -0.31232 1.32915
-0.457512 -0.320353 1.32915
-0.451852 -0.328289 1.32915
-0.446053 -0.336125 1.32915
-0.440119 -0.343859 1.32915
-0.434051 -0.351488 1.32915
-0.427851 -0.359009 1.32915
-0.42152 -0.366422 1.32915
-0.415061 -0.373722 1.32915
-0.408475 -0.380909 1.32915
-0.401765 -0.38798 1.32915
-0.394933 -0.394933 1.32915
-0.38798 -0.401765 1.32915
-0.380909 -0.408475 1.32915
-0.373722 -0.415061 1.32915
-0.366422 -0.42152 1.32915
-0.359009 -0.427851 1.32915
-0.351488 -0.434051 1.32458
-0.343859 -0.440119 1.32458
-0.336125 -0.446053 1.32458
-0.328289 -0.451852 1.32458
-0.320353 -0.457512 1.32458
-0.31232 -0.463033 1.32458
-0.304191 -0.468414 1.32458
-0.29597 -0.473651 1.32458
-0.287659 -0.478744 1.32458
-0.27926 -0.483692 1.32458
-0.270775 -0.488492 1.32458
-0.262209 -0.493143 1.32458
-0.253562 -0.497644 1.32458
-0.244839 -0.501994 1.32458
-0.23604 -0.50619 1.32458
-0.22717 -0.510233 1.32458
-0.218231 -0.51412 1.32458
-0.209225 -0.51785 1.32458
-0.200155 -0.521423 1.32458
-0.191025 -0.524836 1.32458
-0.181836 -0.52809 1.31158
-0.172592 -0.531183 1.31158
-0.163295 -0.534115 1.31158
-0.153949 -0.536883 1.31158
-0.144555 -0.539488 1.31158
-0.135118 -0.541929 1.31158
-0.125639 -0.544204 1.31158
-0.116123 -0.546314 1.31158
-0.10657 -0.548258 1.31158
-0.0969858 -0.550034 1.31158
-0.0873717 -0.551643 1.31158
-0.0777308 -0.553084 1.31158
-0.0680664 -0.554356 1.31158
-0.0583812 -0.55546 1.31158
-0.0486782 -0.556394 1.31158
-0.0389603 -0.557159 1.31158
-0.0292306 -0.557754 1.31158
-0.019492 -0.558179 1.31158
-0.0097475 -0.558434 1.31158
-1.02598e-16 -0.558519 1.31158
0.0097475 -0.558434 1.29069
0.019492 -0.558179 1.29069
0.0292306 -0.557754 1.29069
0.0389603 -0.557159 1.29069
0.0486782 -0.556394 1.29069
0.0583812 -0.55546 1.29069
0.0680664 -0.554356 1.29069
0.0777308 -0.553084 1.29069
0.0873717 -0.551643 1.29069
0.0969858 -0.550034 1.29069
0.10657 -0.548258 1.29069
0.116123 -0.546314 1.29069
0.125639 -0.544204 1.29069
0.135118 -0.541929 1.29069
0.144555 -0.539488 1.29069
0.153949 -0.536883 1.29069
0.163295 -0.534115 1.29069
0.172592 -0.531183 1.29069
0.181836 -0.52809 1.29069
0.191025 -0.524836 1.29069
0.200155 -0.521423 1.26661
0.209225 -0.51785 1.26661
0.218231 -0.51412 1.26661
0.22717 -0.510233 1.26661
0.23604 -0.50619 1.26661
0.244839 -0.501994 1.26661
0.253562 -0.497644 1.26661
0.262209 -0.493143 1.26661
0.270775 -0.488492 1.26661
0.27926 -0.483692 1.26661
0.287659 -0.478744 1.26661
0.29597 -0.473651 1.26661
0.304191 -0.468414 1.26661
0.31232 -0.463033 1.26661
0.320353 -0.457512 1.26661
0.328289 -0.451852 1.26661
0.336125 -0.446053 1.26661
0.343859 -0.440119 1.26661
0.351488 -0.434051 1.26661
0.359009 -0.427851 1.26661
0.366422 -0.42152 1.24549
0.373722 -0.415061 1.24549
0.380909 -0.408475 1.24549
0.38798 -0.401765 1.24549
0.394933 -0.394933 1.24549
0.401765 -0.38798 1.24549
0.408475 -0.380909 1.24549
0.415061 -0.373722 1.24549
0.42152 -0.366422 1.24549
0.427851 -0.359009 1.24549
0.434051 -0.351488 1.24549
0.440119 -0.343859 1.24549
0.446053 -0.336125 1.24549
0.451852 -0.328289 1.24549
0.457512 -0.320353 1.24549
0.463033 -0.31232 1.24549
0.468414 -0.304191 1.24549
0.473651 -0.29597 1.24549
0.478744 -0.287659 1.24549
0.483692 -0.27926 1.24549
0.488492 -0.270775 1.23191
0.493143 -0.262209 1.23191
0.497644 -0.253562 1.23191
0.501994 -0.244839 1.23191
0.50619 -0.23604 1.23191
0.510233 -0.22717 1.23191
0.51412 -0.218231 1.23191
0.51785 -0.209225 1.23191
0.521423 -0.200155 1.23191
0.524836 -0.191025 1.23191
0.52809 -0.181836 1.23191
0.531183 -0.172592 1.23191
0.534115 -0.163295 1.23191
0.536883 -0.153949 1.23191
0.539488 -0.144555 1.23191
0.541929 -0.135118 1.23191
0.544204 -0.125639 1.23191
0.546314 -0.116123 1.23191
0.548258 -0.10657 1.23191
0.550034 -0.0969858 1.23191
0.551643 -0.0873717 1.25096
0.553084 -0.0777308 1.25096
0.554356 -0.0680664 1.25096
0.55546 -0.0583812 1.25096
0.556394 -0.0486782 1.25096
0.557159 -0.0389603 1.25096
0.557754 -0.0292306 1.25096
0.558179 -0.019492 1.25096
0.558434 -0.0097475 1.25096

0.638308 0 1.22792
0.63821 0.01114 1.22792
0.637919 0.0222766 1.22792
0.637433 0.0334064 1.22792
0.636753 0.0445261 1.22792
0.635879 0.0556322 1.22792
0.634811 0.0667213 1.22792
0.63355 0.0777901 1.22792
0.632096 0.0888353 1.22792
0.630449 0.0998533 1.22792
0.62861 0.110841 1.23384
0.62658 0.121795 1.23384
0.624359 0.132712 1.23384
0.621948 0.143588 1.23384
0.619347 0.154421 1.23384
0.616558 0.165206 1.23384
0.613581 0.175941 1.23384
0.610417 0.186623 1.23384
0.607067 0.197248 1.23384
0.603532 0.207813 1.23384
0.599813 0.218314 1.23384
0.595912 0.228749 1.23384
0.591829 0.239114 1.23384
0.587565 0.249407 1.23384
0.583123 0.259623 1.23384
0.578503 0.26976 1.23384
0.573707 0.279816 1.23384
0.568736 0.289786 1.23384
0.563592 0.299667 1.23384
0.558276 0.309458 1.23384
0.552791 0.319154 1.24913
0.547136 0.328753 1.24913
0.541316 0.338252 1.24913
0.53533 0.347647 1.24913
0.529181 0.356937 1.24913
0.522871 0.366118 1.24913
0.516402 0.375188 1.24913
0.509775 0.384143 1.24913
0.502993 0.392981 1.24913
0.496058 0.4017 1.24913
0.488972 0.410296 1.24913
0.481737 0.418767 1.24913
0.474355 0.427111 1.24913
0.466829 0.435325 1.24913
0.45916 0.443406 1.24913
0.451352 0.451352 1.24913
0.443406 0.45916 1.24913
0.435325 0.466829 1.24913
0.427111 0.474355 1.24913
0.418767 0.481737 1.24913
0.410296 0.488972 1.27145
0.4017 0.496058 1.27145
0.392981 0.502993 1.27145
0.384143 0.509775 1.27145
0.375188 0.516402 1.27145
0.366118 0.522871 1.27145
0.356937 0.529181 1.27145
0.347647 0.53533 1.27145
0.338252 0.541316 1.27145
0.328753 0.547136 1.27145
0.319154 0.552791 1.27145
0.309458 0.558276 1.27145
0.299667 0.563592 1.27145
0.289786 0.568736 1.27145
0.279816 0.573707 1.27145
0.26976 0.578503 1.27145
0.259623 0.583123 1.27145
0.249407 0.587565 1.27145
0.239114 0.591829 1.27145
0.228749 0.595912 1.27145
0.218314 0.599813 1.29594
0.207813 0.603532 1.29594
0.197248 0.607067 1.29594
0.186623 0.610417 1.29594
0.175941 0.613581 1.29594
0.165206 0.616558 1.29594
0.154421 0.619347 1.29594
0.143588 0.621948 1.29594
0.132712 0.624359 1.29594
0.121795 0.62658 1.29594
0.110841 0.62861 1.29594
0.0998533 0.630449 1.29594
0.0888353 0.632096 1.29594
0.0777901 0.63355 1.29594
0.0667213 0.634811 1.29594
0.0556322 0.635879 1.29594
0.0445261 0.636753 1.29594
0.0334064 0.637433 1.29594
0.0222766 0.637919 1.29594
0.01114 0.63821 1.29594
3.90851e-17 0.638308 1.31638
-0.01114 0.63821 1.31638
-0.0222766 0.637919 1.31638
-0.0334064 0.637433 1.31638
-0.0445261 0.636753 1.31638
-0.0556322 0.635879 1.31638
-0.0667213 0.634811 1.31638
-0.0777901 0.63355 1.31638
-0.0888353 0.632096 1.31638
-0.0998533 0.630449 1.31638
-0.110841 0.62861 1.31638
-0.121795 0.62658 1.31638
-0.132712 0.624359 1.31638
-0.143588 0.621948 1.31638
-0.154421 0.619347 1.31638
-0.165206 0.616558 1.31638
-0.175941 0.613581 1.31638
-0.186623 0.610417 1.31638
-0.197248 0.607067 1.31638
-0.207813 0.603532 1.31638
-0.218314 0.599813 1.32831
-0.228749 0.595912 1.32831
-0.239114 0.591829 1.32831
-0.249407 0.587565 1.32831
-0.259623 0.583123 1.32831
-0.26976 0.578503 1.32831
-0.279816 0.573707 1.32831
-0.289786 0.568736 1.32831
-0.299667 0.563592 1.32831
-0.309458 0.558276 1.32831
-0.319154 0.552791 1.32831
-0.328753 0.547136 1.32831
-0.338252 0.541316 1.32831
-0.347647 0.53533 1.32831
-0.356937 0.529181 1.32831
-0.366118 0.522871 1.32831
-0.375188 0.516402 1.32831
-0.384143 0.509775 1.32831
-0.392981 0.502993 1.32831
-0.4017 0.496058 1.32831
-0.410296 0.488972 1.33155
-0.418767 0.481737 1.33155
-0.427111 0.474355 1.33155
-0.435325 0.466829 1.33155
-0.443406 0.45916 1.33155
-0.451352 0.451352 1.33155
-0.45916 0.443406 1.33155
-0.466829 0.435325 1.33155
-0.474355 0.427111 1.33155
-0.481737 0.418767 1.33155
-0.488972 0.410296 1.33155
-0.496058 0.4017 1.33155
-0.502993 0.392981 1.33155
-0.509775 0.384143 1.33155
-0.516402 0.375188 1.33155
-0.522871 0.366118 1.33155
-0.529181 0.356937 1.33155
-0.53533 0.347647 1.33155
-0.541316 0.338252 1.33155
-0.547136 0.328753 1.33155
-0.552791 0.319154 1.32989
-0.558276 0.309458 1.32989
-0.563592 0.299667 1.32989
-0.568736 0.289786 1.32989
-0.573707 0.279816 1.32989
-0.578503 0.26976 1.32989
-0.583123 0.259623 1.32989
-0.587565 0.249407 1.32989
-0.591829 0.239114 1.32989
-0.595912 0.228749 1.32989
-0.599813 0.218314 1.32989
-0.603532 0.207813 1.32989
-0.607067 0.197248 1.32989
-0.610417 0.186623 1.32989
-0.613581 0.175941 1.32989
-0.616558 0.165206 1.32989
-0.619347 0.154421 1.32989
-0.621948 0.143588 1.32989
-0.624359 0.132712 1.32989
-0.62658 0.121795 1.32989
-0.62861 0.110841 1.32828
-0.630449 0.0998533 1.32828
-0.632096 0.0888353 1.32828
-0.63355 0.0777901 1.32828
-0.634811 0.0667213 1.32828
-0.635879 0.0556322 1.32828
-0.636753 0.0445261 1.32828
-0.637433 0.0334064 1.32828
-0.637919 0.0222766 1.32828
-0.63821 0.01114 1.32828
-0.638308 7.81701e-17 1.32828
-0.63821 -0.01114 1.32828
-0.637919 -0.0222766 1.32828
-0.637433 -0.0334064 1.32828
-0.636753 -0.0445261 1.32828
-0.635879 -0.0556322 1.32828
-0.634811 -0.0667213 1.32828
-0.63355 -0.0777901 1.32828
-0.632096 -0.0888353 1.32828
-0.630449 -0.0998533 1.32828
-0.62861 -0.110841 1.32828
-0.62658 -0.121795 1.32876
-0.624359 -0.132712 1.32876
-0.621948 -0.143588 1.32876
-0.619347 -0.154421 1.32876
-0.616558 -0.165206 1.32876
-0.613581 -0.175941 1.32876
-0.610417 -0.186623 1.32876
-0.607067 -0.197248 1.32876
-0.603532 -0.207813 1.32876
-0.599813 -0.218314 1.32876
-0.595912 -0.228749 1.32876
-0.591829 -0.239114 1.32876
-0.587565 -0.249407 1.32876
-0.583123 -0.259623 1.32876
-0.578503 -0.26976 1.32876
-0.573707 -0.279816 1.32876
-0.568736 -0.289786 1.32876
-0.563592 -0.299667 1.32876
-0.558276 -0.309458 1.32876
-0.552791 -0.319154 1.32876
-0.547136 -0.328753 1.32915
-0.541316 -0.338252 1.32915
-0.53533 -0.347647 1.32915
-0.529181 -0.356937 1.32915
-0.522871 -0.366118 1.32915
-0.516402 -0.375188 1.32915
-0.509775 -0.384143 1.32915
-0.502993 -0.392981 1.32915
-0.496058 -0.4017 1.32915
-0.488972 -0.410296 1.32915
-0.481737 -0.418767 1.32915
-0.474355 -0.427111 1.32915
-0.466829 -0.435325 1.32915
-0.45916 -0.443406 1.32915
-0.451352 -0.451352 1.32915
-0.443406 -0.45916 1.32915
-0.435325 -0.466829 1.32915
-0.427111 -0.474355 1.32915
-0.418767 -0.481737 1.32915
-0.410296 -0.488972 1.32915
-0.4017 -0.496058 1.32458
-0.392981 -0.502993 1.32458
-0.384143 -0.509775 1.32458
-0.375188 -0.516402 1.32458
-0.366118 -0.522871 1.32458
-0.356937 -0.529181 1.32458
-0.347647 -0.53533 1.32458
-0.338252 -0.541316 1.32458
-0.328753 -0.547136 1.32458
-0.319154 -0.552791 1.32458
-0.309458 -0.558276 1.32458
-0.299667 -0.563592 1.32458
-0.289786 -0.568736 1.32458
-0.279816 -0.573707 1.32458
-0.26976 -0.578503 1.32458
-0.259623 -0.583123 1.32458
-0.249407 -0.587565 1.32458
-0.239114 -0.591829 1.32458
-0.228749 -0.595912 1.32458
-0.218314 -0.599813 1.32458
-0.207813 -0.603532 1.31158
-0.197248 -0.607067 1.31158
-0.186623 -0.610417 1.31158
-0.175941 -0.613581 1.31158
-0.165206 -0.616558 1.31158
-0.154421 -0.619347 1.31158
-0.143588 -0.621948 1.31158
-0.132712 -0.624359 1.31158
-0.121795 -0.62658 1.31158
-0.110841 -0.62861 1.31158
-0.0998533 -0.630449 1.31158
-0.0888353 -0.632096 1.31158
-0.0777901 -0.63355 1.31158
-0.0667213 -0.634811 1.31158
-0.0556322 -0.635879 1.31158
-0.0445261 -0.636753 1.31158
-0.0334064 -0.637433 1.31158
-0.0222766 -0.637919 1.31158
-0.01114 -0.63821 1.31158
-1.17255e-16 -0.638308 1.31158
0.01114 -0.63821 1.29069
0.0222766 -0.637919 1.29069
0.0334064 -0.637433 1.29069
0.0445261 -0.636753 1.29069
0.0556322 -0.635879 1.29069
0.0667213 -0.634811 1.29069
0.0777901 -0.63355 1.29069
0.0888353 -0.632096 1.29069
0.0998533 -0.630449 1.29069
0.110841 -0.62861 1.29069
0.121795 -0.62658 1.29069
0.132712 -0.624359 1.29069
0.143588 -0.621948 1.29069
0.154421 -0.619347 1.29069
0.165206 -0.616558 1.29069
0.175941 -0.613581 1.29069
0.186623 -0.610417 1.29069
0.197248 -0.607067 1.29069
0.207813 -0.603532 1.29069
0.218314 -0.599813 1.29069
0.228749 -0.595912 1.26661
0.239114 -0.591829 1.26661
0.249407 -0.587565 1.26661
0.259623 -0.583123 1.26661
0.26976 -0.578503 1.26661
0.279816 -0.573707 1.26661
0.289786 -0.568736 1.26661
0.299667 -0.563592 1.26661
0.309458 -0.558276 1.26661
0.319154 -0.552791 1.26661
0.328753 -0.547136 1.26661
0.338252 -0.541316 1.26661
0.347647 -0.53533 1.26661
0.356937 -0.529181 1.26661
0.366118 -0.522871 1.26661
0.375188 -0.516402 1.26661
0.384143 -0.509775 1.26661
0.392981 -0.502993 1.26661
0.4017 -0.496058 1.26661
0.410296 -0.488972 1.26661
0.418767 -0.481737 1.24549
0.427111 -0.474355 1.24549
0.435325 -0.466829 1.24549
0.443406 -0.45916 1.24549
0.451352 -0.451352 1.24549
0.45916 -0.443406 1.24549
0.466829 -0.435325 1.24549
0.474355 -0.427111 1.24549
0.481737 -0.418767 1.24549
0.488972 -0.410296 1.24549
0.496058 -0.4017 1.24549
0.502993 -0.392981 1.24549
0.509775 -0.384143 1.24549
0.516402 -0.375188 1.24549
0.522871 -0.366118 1.24549
0.529181 -0.356937 1.24549
0.53533 -0.347647 1.24549
0.541316 -0.338252 1.24549
0.547136 -0.328753 1.24549
0.552791 -0.319154 1.24549
0.558276 -0.309458 1.23191
0.563592 -0.299667 1.23191
0.568736 -0.289786 1.23191
0.573707 -0.279816 1.23191
0.578503 -0.26976 1.23191
0.583123 -0.259623 1.23191
0.587565 -0.249407 1.23191
0.591829 -0.239114 1.23191
0.595912 -0.228749 1.23191
0.599813 -0.218314 1.23191
0.603532 -0.207813 1.23191
0.607067 -0.197248 1.23191
0.610417 -0.186623 1.23191
0.613581 -0.175941 1.23191
0.616558 -0.165206 1.23191
0.619347 -0.154421 1.23191
0.621948 -0.143588 1.23191
0.624359 -0.132712 1.23191
0.62658 -0.121795 1.23191
0.62861 -0.110841 1.23191
0.630449 -0.0998533 1.25096
0.632096 -0.0888353 1.25096
0.63355 -0.0777901 1.25096
0.634811 -0.0667213 1.25096
0.635879 -0.0556322 1.25096
0.636753 -0.0445261 1.25096
0.637433 -0.0334064 1.25096
0.637919 -0.0222766 1.25096
0.63821 -0.01114 1.25096

0.718096 0 1.20368
0.717987 0.0125325 1.20368
0.717659 0.0250612 1.20368
0.717112 0.0375822 1.20368
0.716347 0.0500919 1.20368
0.715364 0.0625862 1.20368
0.714162 0.0750615 1.20368
0.712744 0.0875139 1.20368
0.711108 0.0999397 1.20834
0.709255 0.112335 1.20834
0.707187 0.124696 1.20834
0.704903 0.137019 1.20834
0.702404 0.149301 1.20834
0.699691 0.161536 1.20834
0.696766 0.173723 1.20834
0.693628 0.185857 1.20834
0.690278 0.197934 1.20834
0.686719 0.209951 1.20834
0.68295 0.221904 1.20834
0.678973 0.233789 1.20834
0.67479 0.245603 1.20834
0.6704 0.257343 1.20834
0.665807 0.269004 1.20834
0.661011 0.280583 1.22051
0.656013 0.292076 1.22051
0.650816 0.303481 1.22051
0.645421 0.314793 1.22051
0.639828 0.326009 1.22051
0.634041 0.337126 1.22051
0.628061 0.34814 1.22051
0.621889 0.359048 1.22051
0.615528 0.369847 1.22051
0.60898 0.380533 1.22051
0.602246 0.391103 1.22051
0.595329 0.401554 1.22051
0.58823 0.411883 1.22051
0.580952 0.422086 1.22051
0.573497 0.432161 1.22051
0.565867 0.442104 1.24004
0.558065 0.451913 1.24004
0.550094 0.461583 1.24004
0.541954 0.471113 1.24004
0.533649 0.4805 1.24004
0.525182 0.48974 1.24004
0.516555 0.498831 1.24004
0.507771 0.507771 1.24004
0.498831 0.516555 1.24004
0.48974 0.525182 1.24004
0.4805 0.533649 1.24004
0.471113 0.541954 1.24004
0.461583 0.550094 1.24004
0.451913 0.558065 1.24004
0.442104 0.565867 1.24004
0.432161 0.573497 1.26538
0.422086 0.580952 1.26538
0.411883 0.58823 1.26538
0.401554 0.595329 1.26538
0.391103 0.602246 1.26538
0.380533 0.60898 1.26538
0.369847 0.615528 1.26538
0.359048 0.621889 1.26538
0.34814 0.628061 1.26538
0.337126 0.634041 1.26538
0.326009 0.639828 1.26538
0.314793 0.645421 1.26538
0.303481 0.650816 1.26538
0.292076 0.656013 1.26538
0.280583 0.661011 1.26538
0.269004 0.665807 1.29306
0.257343 0.6704 1.29306
0.245603 0.67479 1.29306
0.233789 0.678973 1.29306
0.221904 0.68295 1.29306
0.209951 0.686719 1.29306
0.197934 0.690278 1.29306
0.185857 0.693628 1.29306
0.173723 0.696766 1.29306
0.161536 0.699691 1.29306
0.149301 0.702404 1.29306
0.137019 0.704903 1.29306
0.124696 0.707187 1.29306
0.112335 0.709255 1.29306
0.0999397 0.711108 1.29306
0.0875139 0.712744 1.31832
0.0750615 0.714162 1.31832
0.0625862 0.715364 1.31832
0.0500919 0.716347 1.31832
0.0375822 0.717112 1.31832
0.0250612 0.717659 1.31832
0.0125325 0.717987 1.31832
4.39707e-17 0.718096 1.31832
-0.0125325 0.717987 1.31832
-0.0250612 0.717659 1.31832
-0.0375822 0.717112 1.31832
-0.0500919 0.716347 1.31832
-0.0625862 0.715364 1.31832
-0.0750615 0.714162 1.31832
-0.0875139 0.712744 1.31832
-0.0999397 0.711108 1.33668
-0.112335 0.709255 1.33668
-0.124696 0.707187 1.33668
-0.137019 0.704903 1.33668
-0.149301 0.702404 1.33668
-0.161536 0.699691 1.33668
-0.173723 0.696766 1.33668
-0.185857 0.693628 1.33668
-0.197934 0.690278 1.33668
-0.209951 0.686719 1.33668
-0.221904 0.68295 1.33668
-0.233789 0.678973 1.33668
-0.245603 0.67479 1.33668
-0.257343 0.6704 1.33668
-0.269004 0.665807 1.33668
-0.280583 0.661011 1.34578
-0.292076 0.656013 1.34578
-0.303481 0.650816 1.34578
-0.314793 0.645421 1.34578
-0.326009 0.639828 1.34578
-0.337126 0.634041 1.34578
-0.34814 0.628061 1.34578
-0.359048 0.621889 1.34578
-0.369847 0.615528 1.34578
-0.380533 0.60898 1.34578
-0.391103 0.602246 1.34578
-0.401554 0.595329 1.34578
-0.411883 0.58823 1.34578
-0.422086 0.580952 1.34578
-0.432161 0.573497 1.34578
-0.442104 0.565867 1.34618
-0.451913 0.558065 1.34618
-0.461583 0.550094 1.34618
-0.471113 0.541954 1.34618
-0.4805 0.533649 1.34618
-0.48974 0.525182 1.34618
-0.498831 0.516555 1.34618
-0.507771 0.507771 1.34618
-0.516555 0.498831 1.34618
-0.525182 0.48974 1.34618
-0.533649 0.4805 1.34618
-0.541954 0.471113 1.34618
-0.550094 0.461583 1.34618
-0.558065 0.451913 1.34618
-0.565867 0.442104 1.34618
-0.573497 0.432161 1.34113
-0.580952 0.422086 1.34113
-0.58823 0.411883 1.34113
-0.595329 0.401554 1.34113
-0.602246 0.391103 1.34113
-0.60898 0.380533 1.34113
-0.615528 0.369847 1.34113
-0.621889 0.359048 1.34113
-0.628061 0.34814 1.34113
-0.634041 0.337126 1.34113
-0.639828 0.326009 1.34113
-0.645421 0.314793 1.34113
-0.650816 0.303481 1.34113
-0.656013 0.292076 1.34113
-0.661011 0.280583 1.34113
-0.665807 0.269004 1.33527
-0.6704 0.257343 1.33527
-0.67479 0.245603 1.33527
-0.678973 0.233789 1.33527
-0.68295 0.221904 1.33527
-0.686719 0.209951 1.33527
-0.690278 0.197934 1.33527
-0.693628 0.185857 1.33527
-0.696766 0.173723 1.33527
-0.699691 0.161536 1.33527
-0.702404 0.149301 1.33527
-0.704903 0.137019 1.33527
-0.707187 0.124696 1.33527
-0.709255 0.112335 1.33527
-0.711108 0.0999397 1.33527
-0.712744 0.0875139 1.33256
-0.714162 0.0750615 1.33256
-0.715364 0.0625862 1.33256
-0.716347 0.0500919 1.33256
-0.717112 0.0375822 1.33256
-0.717659 0.0250612 1.33256
-0.717987 0.0125325 1.33256
-0.718096 8.79414e-17 1.33256
-0.717987 -0.0125325 1.33256
-0.717659 -0.0250612 1.33256
-0.717112 -0.0375822 1.33256
-0.716347 -0.0500919 1.33256
-0.715364 -0.0625862 1.33256
-0.714162 -0.0750615 1.33256
-0.712744 -0.0875139 1.33256
-0.711108 -0.0999397 1.33441
-0.709255 -0.112335 1.33441
-0.707187 -0.124696 1.33441
-0.704903 -0.137019 1.33441
-0.702404 -0.149301 1.33441
-0.699691 -0.161536 1.33441
-0.696766 -0.173723 1.33441
-0.693628 -0.185857 1.33441
-0.690278 -0.197934 1.33441
-0.686719 -0.209951 1.33441
-0.68295 -0.221904 1.33441
-0.678973 -0.233789 1.33441
-0.67479 -0.245603 1.33441
-0.6704 -0.257343 1.33441
-0.665807 -0.269004 1.33441
-0.661011 -0.280583 1.33922
-0.656013 -0.292076 1.33922
-0.650816 -0.303481 1.33922
-0.645421 -0.314793 1.33922
-0.639828 -0.326009 1.33922
-0.634041 -0.337126 1.33922
-0.628061 -0.34814 1.33922
-0.621889 -0.359048 1.33922
-0.615528 -0.369847 1.33922
-0.60898 -0.380533 1.33922
-0.602246 -0.391103 1.33922
-0.595329 -0.401554 1.33922
-0.58823 -0.411883 1.33922
-0.580952 -0.422086 1.33922
-0.573497 -0.432161 1.33922
-0.565867 -0.442104 1.34294
-0.558065 -0.451913 1.34294
-0.550094 -0.461583 1.34294
-0.541954 -0.471113 1.34294
-0.533649 -0.4805 1.34294
-0.525182 -0.48974 1.34294
-0.516555 -0.498831 1.34294
-0.507771 -0.507771 1.34294
-0.498831 -0.516555 1.34294
-0.48974 -0.525182 1.34294
-0.4805 -0.533649 1.34294
-0.471113 -0.541954 1.34294
-0.461583 -0.550094 1.34294
-0.451913 -0.558065 1.34294
-0.442104 -0.565867 1.34294
-0.432161 -0.573497 1.34105
-0.422086 -0.580952 1.34105
-0.411883 -0.58823 1.34105
-0.401554 -0.595329 1.34105
-0.391103 -0.602246 1.34105
-0.380533 -0.60898 1.34105
-0.369847 -0.615528 1.34105
-0.359048 -0.621889 1.34105
-0.34814 -0.628061 1.34105
-0.337126 -0.634041 1.34105
-0.326009 -0.639828 1.34105
-0.314793 -0.645421 1.34105
-0.303481 -0.650816 1.34105
-0.292076 -0.656013 1.34105
-0.280583 -0.661011 1.34105
-0.269004 -0.665807 1.33059
-0.257343 -0.6704 1.33059
-0.245603 -0.67479 1.33059
-0.233789 -0.678973 1.33059
-0.221904 -0.68295 1.33059
-0.209951 -0.686719 1.33059
-0.197934 -0.690278 1.33059
-0.185857 -0.693628 1.33059
-0.173723 -0.696766 1.33059
-0.161536 -0.699691 1.33059
-0.149301 -0.702404 1.33059
-0.137019 -0.704903 1.33059
-0.124696 -0.707187 1.33059
-0.112335 -0.709255 1.33059
-0.0999397 -0.711108 1.33059
-0.0875139 -0.712744 1.31131
-0.0750615 -0.714162 1.31131
-0.0625862 -0.715364 1.31131
-0.0500919 -0.716347 1.31131
-0.0375822 -0.717112 1.31131
-0.0250612 -0.717659 1.31131
-0.0125325 -0.717987 1.31131
-1.31912e-16 -0.718096 1.31131
0.0125325 -0.717987 1.31131
0.0250612 -0.717659 1.31131
0.0375822 -0.717112 1.31131
0.0500919 -0.716347 1.31131
0.0625862 -0.715364 1.31131
0.0750615 -0.714162 1.31131
0.0875139 -0.712744 1.31131
0.0999397 -0.711108 1.28582
0.112335 -0.709255 1.28582
0.124696 -0.707187 1.28582
0.137019 -0.704903 1.28582
0.149301 -0.702404 1.28582
0.161536 -0.699691 1.28582
0.173723 -0.696766 1.28582
0.185857 -0.693628 1.28582
0.197934 -0.690278 1.28582
0.209951 -0.686719 1.28582
0.221904 -0.68295 1.28582
0.233789 -0.678973 1.28582
0.245603 -0.67479 1.28582
0.257343 -0.6704 1.28582
0.269004 -0.665807 1.28582
0.280583 -0.661011 1.25868
0.292076 -0.656013 1.25868
0.303481 -0.650816 1.25868
0.314793 -0.645421 1.25868
0.326009 -0.639828 1.25868
0.337126 -0.634041 1.25868
0.34814 -0.628061 1.25868
0.359048 -0.621889 1.25868
0.369847 -0.615528 1.25868
0.380533 -0.60898 1.25868
0.391103 -0.602246 1.25868
0.401554 -0.595329 1.25868
0.411883 -0.58823 1.25868
0.422086 -0.580952 1.25868
0.432161 -0.573497 1.25868
0.442104 -0.565867 1.23455
0.451913 -0.558065 1.23455
0.461583 -0.550094 1.23455
0.471113 -0.541954 1.23455
0.4805 -0.533649 1.23455
0.48974 -0.525182 1.23455
0.498831 -0.516555 1.23455
0.507771 -0.507771 1.23455
0.516555 -0.498831 1.23455
0.525182 -0.48974 1.23455
0.533649 -0.4805 1.23455
0.541954 -0.471113 1.23455
0.550094 -0.461583 1.23455
0.558065 -0.451913 1.23455
0.565867 -0.442104 1.23455
0.573497 -0.432161 1.21668
0.580952 -0.422086 1.21668
0.58823 -0.411883 1.21668
0.595329 -0.401554 1.21668
0.602246 -0.391103 1.21668
0.60898 -0.380533 1.21668
0.615528 -0.369847 1.21668
0.621889 -0.359048 1.21668
0.628061 -0.34814 1.21668
0.634041 -0.337126 1.21668
0.639828 -0.326009 1.21668
0.645421 -0.314793 1.21668
0.650816 -0.303481 1.21668
0.656013 -0.292076 1.21668
0.661011 -0.280583 1.21668
0.665807 -0.269004 1.20639
0.6704 -0.257343 1.20639
0.67479 -0.245603 1.20639
0.678973 -0.233789 1.20639
0.68295 -0.221904 1.20639
0.686719 -0.209951 1.20639
0.690278 -0.197934 1.20639
0.693628 -0.185857 1.20639
0.696766 -0.173723 1.20639
0.699691 -0.161536 1.20639
0.702404 -0.149301 1.20639
0.704903 -0.137019 1.20639
0.707187 -0.124696 1.20639
0.709255 -0.112335 1.20639
0.711108 -0.0999397 1.20639
0.712744 -0.0875139 1.22792
0.714162 -0.0750615 1.22792
0.715364 -0.0625862 1.22792
0.716347 -0.0500919 1.22792
0.717112 -0.0375822 1.22792
0.717659 -0.0250612 1.22792
0.717987 -0.0125325 1.22792

0.797885 0 1.20368
0.797763 0.013925 1.20368
0.797399 0.0278458 1.20368
0.796791 0.0417581 1.20368
0.795941 0.0556576 1.20368
0.794848 0.0695402 1.20368
0.793514 0.0834016 1.20368
0.791937 0.0972377 1.20368
0.79012 0.111044 1.20834
0.788061 0.124817 1.20834
0.785763 0.138551 1.20834
0.783225 0.152244 1.20834
0.780449 0.16589 1.20834
0.777435 0.179485 1.20834
0.774184 0.193026 1.20834
0.770697 0.206508 1.20834
0.766976 0.219927 1.20834
0.763021 0.233279 1.20834
0.758833 0.24656 1.20834
0.754415 0.259766 1.20834
0.749766 0.272893 1.20834
0.744889 0.285936 1.20834
0.739786 0.298893 1.20834
0.734457 0.311758 1.22051
0.728904 0.324529 1.22051
0.723129 0.337201 1.22051
0.717134 0.34977 1.22051
0.71092 0.362232 1.22051
0.70449 0.374584 1.22051
0.697846 0.386822 1.22051
0.690988 0.398942 1.22051
0.683921 0.410941 1.22051
0.676644 0.422814 1.22051
0.669162 0.434559 1.22051
0.661476 0.446171 1.22051
0.653589 0.457648 1.22051
0.645502 0.468985 1.22051
0.637219 0.480179 1.22051
0.628742 0.491227 1.24004
0.620073 0.502125 1.24004
0.611215 0.51287 1.24004
0.602171 0.523459 1.24004
0.592944 0.533889 1.24004
0.583536 0.544156 1.24004
0.57395 0.554257 1.24004
0.56419 0.56419 1.24004
0.554257 0.57395 1.24004
0.544156 0.583536 1.24004
0.533889 0.592944 1.24004
0.523459 0.602171 1.24004
0.51287 0.611215 1.24004
0.502125 0.620073 1.24004
0.491227 0.628742 1.24004
0.480179 0.637219 1.26538
0.468985 0.645502 1.26538
0.457648 0.653589 1.26538
0.446171 0.661476 1.26538
0.434559 0.669162 1.26538
0.422814 0.676644 1.26538
0.410941 0.683921 1.26538
0.398942 0.690988 1.26538
0.386822 0.697846 1.26538
0.374584 0.70449 1.26538
0.362232 0.71092 1.26538
0.34977 0.717134 1.26538
0.337201 0.723129 1.26538
0.324529 0.728904 1.26538
0.311758 0.734457 1.26538
0.298893 0.739786 1.29306
0.285936 0.744889 1.29306
0.272893 0.749766 1.29306
0.259766 0.754415 1.29306
0.24656 0.758833 1.29306
0.233279 0.763021 1.29306
0.219927 0.766976 1.29306
0.206508 0.770697 1.29306
0.193026 0.774184 1.29306
0.179485 0.777435 1.29306
0.16589 0.780449 1.29306
0.152244 0.783225 1.29306
0.138551 0.785763 1.29306
0.124817 0.788061 1.29306
0.111044 0.79012 1.29306
0.0972377 0.791937 1.31832
0.0834016 0.793514 1.31832
0.0695402 0.794848 1.31832
0.0556576 0.795941 1.31832
0.0417581 0.796791 1.31832
0.0278458 0.797399 1.31832
0.013925 0.797763 1.31832
4.88563e-17 0.797885 1.31832
-0.013925 0.797763 1.31832
-0.0278458 0.797399 1.31832
-0.0417581 0.796791 1.31832
-0.0556576 0.795941 1.31832
-0.0695402 0.794848 1.31832
-0.0834016 0.793514 1.31832
-0.0972377 0.791937 1.31832
-0.111044 0.79012 1.33668
-0.124817 0.788061 1.33668
-0.138551 0.785763 1.33668
-0.152244 0.783225 1.33668
-0.16589 0.780449 1.33668
-0.179485 0.777435 1.33668
-0.193026 0.774184 1.33668
-0.206508 0.770697 1.33668
-0.219927 0.766976 1.33668
-0.233279 0.763021 1.33668
-0.24656 0.758833 1.33668
-0.259766 0.754415 1.33668
-0.272893 0.749766 1.33668
-0.285936 0.744889 1.33668
-0.298893 0.739786 1.33668
-0.311758 0.734457 1.34578
-0.324529 0.728904 1.34578
-0.337201 0.723129 1.34578
-0.34977 0.717134 1.34578
-0.362232 0.71092 1.34578
-0.374584 0.70449 1.34578
-0.386822 0.697846 1.34578
-0.398942 0.690988 1.34578
-0.410941 0.683921 1.34578
-0.422814 0.676644 1.34578
-0.434559 0.669162 1.34578
-0.446171 0.661476 1.34578
-0.457648 0.653589 1.34578
-0.468985 0.645502 1.34578
-0.480179 0.637219 1.34578
-0.491227 0.628742 1.34618
-0.502125 0.620073 1.34618
-0.51287 0.611215 1.34618
-0.523459 0.602171 1.34618
-0.533889 0.592944 1.34618
-0.544156 0.583536 1.34618
-0.554257 0.57395 1.34618
-0.56419 0.56419 1.34618
-0.57395 0.554257 1.34618
-0.583536 0.544156 1.34618
-0.592944 0.533889 1.34618
-0.602171 0.523459 1.34618
-0.611215 0.51287 1.34618
-0.620073 0.502125 1.34618
-0.628742 0.491227 1.34618
-0.637219 0.480179 1.34113
-0.645502 0.468985 1.34113
-0.653589 0.457648 1.34113
-0.661476 0.446171 1.34113
-0.669162 0.434559 1.34113
-0.676644 0.422814 1.34113
-0.683921 0.410941 1.34113
-0.690988 0.398942 1.34113
-0.697846 0.386822 1.34113
-0.70449 0.374584 1.34113
-0.71092 0.362232 1.34113
-0.717134 0.34977 1.34113
-0.723129 0.337201 1.34113
-0.728904 0.324529 1.34113
-0.734457 0.311758 1.34113
-0.739786 0.298893 1.33527
-0.744889 0.285936 1.33527
-0.749766 0.272893 1.33527
-0.754415 0.259766 1.33527
-0.758833 0.24656 1.33527
-0.763021 0.233279 1.33527
-0.766976 0.219927 1.33527
-0.770697 0.206508 1.33527
-0.774184 0.193026 1.33527
-0.777435 0.179485 1.33527
-0.780449 0.16589 1.33527
-0.783225 0.152244 1.33527
-0.785763 0.138551 1.33527
-0.788061 0.124817 1.33527
-0.79012 0.111044 1.33527
-0.791937 0.0972377 1.33256
-0.793514 0.0834016 1.33256
-0.794848 0.0695402 1.33256
-0.795941 0.0556576 1.33256
-0.796791 0.0417581 1.33256
-0.797399 0.0278458 1.33256
-0.797763 0.013925 1.33256
-0.797885 9.77127e-17 1.33256
-0.797763 -0.013925 1.33256
-0.797399 -0.0278458 1.33256
-0.796791 -0.0417581 1.33256
-0.795941 -0.0556576 1.33256
-0.794848 -0.0695402 1.33256
-0.793514 -0.0834016 1.33256
-0.791937 -0.0972377 1.33256
-0.79012 -0.111044 1.33441
-0.788061 -0.124817 1.33441
-0.785763 -0.138551 1.33441
-0.783225 -0.152244 1.33441
-0.780449 -0.16589 1.33441
-0.777435 -0.179485 1.33441
-0.774184 -0.193026 1.33441
-0.770697 -0.206508 1.33441
-0.766976 -0.219927 1.33441
-0.763021 -0.233279 1.33441
-0.758833 -0.24656 1.33441
-0.754415 -0.259766 1.33441
-0.749766 -0.272893 1.33441
-0.744889 -0.285936 1.33441
-0.739786 -0.298893 1.33441
-0.734457 -0.311758 1.33922
-0.728904 -0.324529 1.33922
-0.723129 -0.337201 1.33922
-0.717134 -0.34977 1.33922
-0.71092 -0.362232 1.33922
-0.70449 -0.374584 1.33922
-0.697846 -0.386822 1.33922
-0.690988 -0.398942 1.33922
-0.683921 -0.410941 1.33922
-0.676644 -0.422814 1.33922
-0.669162 -0.434559 1.33922
-0.661476 -0.446171 1.33922
-0.653589 -0.457648 1.33922
-0.645502 -0.468985 1.33922
-0.637219 -0.480179 1.33922
-0.628742 -0.491227 1.34294
-0.620073 -0.502125 1.34294
-0.611215 -0.51287 1.34294
-0.602171 -0.523459 1.34294
-0.592944 -0.533889 1.34294
-0.583536 -0.544156 1.34294
-0.57395 -0.554257 1.34294
-0.56419 -0.56419 1.34294
-0.554257 -0.57395 1.34294
-0.544156 -0.583536 1.34294
-0.533889 -0.592944 1.34294
-0.523459 -0.602171 1.34294
-0.51287 -0.611215 1.34294
-0.502125 -0.620073 1.34294
-0.491227 -0.628742 1.34294
-0.480179 -0.637219 1.34105
-0.468985 -0.645502 1.34105
-0.457648 -0.653589 1.34105
-0.446171 -0.661476 1.34105
-0.434559 -0.669162 1.34105
-0.422814 -0.676644 1.34105
-0.410941 -0.683921 1.34105
-0.398942 -0.690988 1.34105
-0.386822 -0.697846 1.34105
-0.374584 -0.70449 1.34105
-0.362232 -0.71092 1.34105
-0.34977 -0.717134 1.34105
-0.337201 -0.723129 1.34105
-0.324529 -0.728904 1.34105
-0.311758 -0.734457 1.34105
-0.298893 -0.739786 1.33059
-0.285936 -0.744889 1.33059
-0.272893 -0.749766 1.33059
-0.259766 -0.754415 1.33059
-0.24656 -0.758833 1.33059
-0.233279 -0.763021 1.33059
-0.219927 -0.766976 1.33059
-0.206508 -0.770697 1.33059
-0.193026 -0.774184 1.33059
-0.179485 -0.777435 1.33059
-0.16589 -0.780449 1.33059
-0.152244 -0.783225 1.33059
-0.138551 -0.785763 1.33059
-0.124817 -0.788061 1.33059
-0.111044 -0.79012 1.33059
-0.0972377 -0.791937 1.31131
-0.0834016 -0.793514 1.31131
-0.0695402 -0.794848 1.31131
-0.0556576 -0.795941 1.31131
-0.0417581 -0.796791 1.31131
-0.0278458 -0.797399 1.31131
-0.013925 -0.797763 1.31131
-1.46569e-16 -0.797885 1.31131
0.013925 -0.797763 1.31131
0.0278458 -0.797399 1.31131
0.0417581 -0.796791 1.31131
0.0556576 -0.795941 1.31131
0.0695402 -0.794848 1.31131
0.0834016 -0.793514 1.31131
0.0972377 -0.791937 1.31131
0.111044 -0.79012 1.28582
0.124817 -0.788061 1.28582
0.138551 -0.785763 1.28582
0.152244 -0.783225 1.28582
0.16589 -0.780449 1.28582
0.179485 -0.777435 1.28582
0.193026 -0.774184 1.28582
0.206508 -0.770697 1.28582
0.219927 -0.766976 1.28582
0.233279 -0.763021 1.28582
0.24656 -0.758833 1.28582
0.259766 -0.754415 1.28582
0.272893 -0.749766 1.28582
0.285936 -0.744889 1.28582
0.298893 -0.739786 1.28582
0.311758 -0.734457 1.25868
0.324529 -0.728904 1.25868
0.337201 -0.723129 1.25868
0.34977 -0.717134 1.25868
0.362232 -0.71092 1.25868
0.374584 -0.70449 1.25868
0.386822 -0.697846 1.25868
0.398942 -0.690988 1.25868
0.410941 -0.683921 1.25868
0.422814 -0.676644 1.25868
0.434559 -0.669162 1.25868
0.446171 -0.661476 1.25868
0.457648 -0.653589 1.25868
0.468985 -0.645502 1.25868
0.480179 -0.637219 1.25868
0.491227 -0.628742 1.23455
0.502125 -0.620073 1.23455
0.51287 -0.611215 1.23455
0.523459 -0.602171 1.23455
0.533889 -0.592944 1.23455
0.544156 -0.583536 1.23455
0.554257 -0.57395 1.23455
0.56419 -0.56419 1.23455
0.57395 -0.554257 1.23455
0.583536 -0.544156 1.23455
0.592944 -0.533889 1.23455
0.602171 -0.523459 1.23455
0.611215 -0.51287 1.23455
0.620073 -0.502125 1.23455
0.628742 -0.491227 1.23455
0.637219 -0.480179 1.21668
0.645502 -0.468985 1.21668
0.653589 -0.457648 1.21668
0.661476 -0.446171 1.21668
0.669162 -0.434559 1.21668
0.676644 -0.422814 1.21668
0.683921 -0.410941 1.21668
0.690988 -0.398942 1.21668
0.697846 -0.386822 1.21668
0.70449 -0.374584 1.21668
0.71092 -0.362232 1.21668
0.717134 -0.34977 1.21668
0.723129 -0.337201 1.21668
0.728904 -0.324529 1.21668
0.734457 -0.311758 1.21668
0.739786 -0.298893 1.20639
0.744889 -0.285936 1.20639
0.749766 -0.272893 1.20639
0.754415 -0.259766 1.20639
0.758833 -0.24656 1.20639
0.763021 -0.233279 1.20639
0.766976 -0.219927 1.20639
0.770697 -0.206508 1.20639
0.774184 -0.193026 1.20639
0.777435 -0.179485 1.20639
0.780449 -0.16589 1.20639
0.783225 -0.152244 1.20639
0.785763 -0.138551 1.20639
0.788061 -0.124817 1.20639
0.79012 -0.111044 1.20639
0.791937 -0.0972377 1.22792
0.793514 -0.0834016 1.22792
0.794848 -0.0695402 1.22792
0.795941 -0.0556576 1.22792
0.796791 -0.0417581 1.22792
0.797399 -0.0278458 1.22792
0.797763 -0.013925 1.22792

0.877673 0 1.20368
0.877539 0.0153175 1.20368
0.877138 0.0306303 1.20368
0.87647 0.0459339 1.20368
0.875535 0.0612234 1.20368
0.874333 0.0764942 1.20368
0.872865 0.0917418 1.20368
0.871131 0.106961 1.20368
0.869132 0.122148 1.20834
0.866867 0.137298 1.20834
0.864339 0.152406 1.20834
0.861548 0.167468 1.20834
0.858494 0.182478 1.20834
0.855178 0.197433 1.20834
0.851602 0.212328 1.20834
0.847767 0.227158 1.20834
0.843673 0.241919 1.20834
0.839323 0.256607 1.20834
0.834717 0.271216 1.20834
0.829856 0.285742 1.20834
0.824743 0.300182 1.20834
0.819378 0.31453 1.20834
0.813764 0.328782 1.20834
0.807902 0.342934 1.22051
0.801794 0.356982 1.22051
0.795442 0.370921 1.22051
0.788847 0.384747 1.22051
0.782012 0.398455 1.22051
0.774939 0.412043 1.22051
0.76763 0.425504 1.22051
0.760087 0.438837 1.22051
0.752313 0.452035 1.22051
0.744309 0.465096 1.22051
0.736079 0.478015 1.22051
0.727624 0.490789 1.22051
0.718948 0.503413 1.22051
0.710052 0.515883 1.22051
0.700941 0.528197 1.22051
0.691616 0.540349 1.24004
0.68208 0.552338 1.24004
0.672337 0.564157 1.24004
0.662388 0.575805 1.24004
0.652238 0.587278 1.24004
0.641889 0.598572 1.24004
0.631345 0.609683 1.24004
0.620609 0.620609 1.24004
0.609683 0.631345 1.24004
0.598572 0.641889 1.24004
0.587278 0.652238 1.24004
0.575805 0.662388 1.24004
0.564157 0.672337 1.24004
0.552338 0.68208 1.24004
0.540349 0.691616 1.24004
0.528197 0.700941 1.26538
0.515883 0.710052 1.26538
0.503413 0.718948 1.26538
0.490789 0.727624 1.26538
0.478015 0.736079 1.26538
0.465096 0.744309 1.26538
0.452035 0.752313 1.26538
0.438837 0.760087 1.26538
0.425504 0.76763 1.26538
0.412043 0.774939 1.26538
0.398455 0.782012 1.26538
0.384747 0.788847 1.26538
0.370921 0.795442 1.26538
0.356982 0.801794 1.26538
0.342934 0.807902 1.26538
0.328782 0.813764 1.29306
0.31453 0.819378 1.29306
0.300182 0.824743 1.29306
0.285742 0.829856 1.29306
0.271216 0.834717 1.29306
0.256607 0.839323 1.29306
0.241919 0.843673 1.29306
0.227158 0.847767 1.29306
0.212328 0.851602 1.29306
0.197433 0.855178 1.29306
0.182478 0.858494 1.29306
0.167468 0.861548 1.29306
0.152406 0.864339 1.29306
0.137298 0.866867 1.29306
0.122148 0.869132 1.29306
0.106961 0.871131 1.31832
0.0917418 0.872865 1.31832
0.0764942 0.874333 1.31832
0.0612234 0.875535 1.31832
0.0459339 0.87647 1.31832
0.0306303 0.877138 1.31832
0.0153175 0.877539 1.31832
5.3742e-17 0.877673 1.31832
-0.0153175 0.877539 1.31832
-0.0306303 0.877138 1.31832
-0.0459339 0.87647 1.31832
-0.0612234 0.875535 1.31832
-0.0764942 0.874333 1.31832
-0.0917418 0.872865 1.31832
-0.106961 0.871131 1.31832
-0.122148 0.869132 1.33668
-0.137298 0.866867 1.33668
-0.152406 0.864339 1.33668
-0.167468 0.861548 1.33668
-0.182478 0.858494 1.33668
-0.197433 0.855178 1.33668
-0.212328 0.851602 1.33668
-0.227158 0.847767 1.33668
-0.241919 0.843673 1.33668
-0.256607 0.839323 1.33668
-0.271216 0.834717 1.33668
-0.285742 0.829856 1.33668
-0.300182 0.824743 1.33668
-0.31453 0.819378 1.33668
-0.328782 0.813764 1.33668
-0.342934 0.807902 1.34578
-0.356982 0.801794 1.34578
-0.370921 0.795442 1.34578
-0.384747 0.788847 1.34578
-0.398455 0.782012 1.34578
-0.412043 0.774939 1.34578
-0.425504 0.76763 1.34578
-0.438837 0.760087 1.34578
-0.452035 0.752313 1.34578
-0.465096 0.744309 1.34578
-0.478015 0.736079 1.34578
-0.490789 0.727624 1.34578
-0.503413 0.718948 1.34578
-0.515883 0.710052 1.34578
-0.528197 0.700941 1.34578
-0.540349 0.691616 1.34618
-0.552338 0.68208 1.34618
-0.564157 0.672337 1.34618
-0.575805 0.662388 1.34618
-0.587278 0.652238 1.34618
-0.598572 0.641889 1.34618
-0.609683 0.631345 1.34618
-0.620609 0.620609 1.34618
-0.631345 0.609683 1.34618
-0.641889 0.598572 1.34618
-0.652238 0.587278 1.34618
-0.662388 0.575805 1.34618
-0.672337 0.564157 1.34618
-0.68208 0.552338 1.34618
-0.691616 0.540349 1.34618
-0.700941 0.528197 1.34113
-0.710052 0.515883 1.34113
-0.718948 0.503413 1.34113
-0.727624 0.490789 1.34113
-0.736079 0.478015 1.34113
-0.744309 0.465096 1.34113
-0.752313 0.452035 1.34113
-0.760087 0.438837 1.34113
-0.76763 0.425504 1.34113
-0.774939 0.412043 1.34113
-0.782012 0.398455 1.34113
-0.788847 0.384747 1.34113
-0.795442 0.370921 1.34113
-0.801794 0.356982 1.34113
-0.807902 0.342934 1.34113
-0.813764 0.328782 1.33527
-0.819378 0.31453 1.33527
-0.824743 0.300182 1.33527
-0.829856 0.285742 1.33527
-0.834717 0.271216 1.33527
-0.839323 0.256607 1.33527
-0.843673 0.241919 1.33527
-0.847767 0.227158 1.33527
-0.851602 0.212328 1.33527
-0.855178 0.197433 1.33527
-0.858494 0.182478 1.33527
-0.861548 0.167468 1.33527
-0.864339 0.152406 1.33527
-0.866867 0.137298 1.33527
-0.869132 0.122148 1.33527
-0.871131 0.106961 1.33256
-0.872865 0.0917418 1.33256
-0.874333 0.0764942 1.33256
-0.875535 0.0612234 1.33256
-0.87647 0.0459339 1.33256
-0.877138 0.0306303 1.33256
-0.877539 0.0153175 1.33256
-0.877673 1.07484e-16 1.33256
-0.877539 -0.0153175 1.33256
-0.877138 -0.0306303 1.33256
-0.87647 -0.0459339 1.33256
-0.875535 -0.0612234 1.33256
-0.874333 -0.0764942 1.33256
-0.872865 -0.0917418 1.33256
-0.871131 -0.106961 1.33256
-0.869132 -0.122148 1.33441
-0.866867 -0.137298 1.33441
-0.864339 -0.152406 1.33441
-0.861548 -0.167468 1.33441
-0.858494 -0.182478 1.33441
-0.855178 -0.197433 1.33441
-0.851602 -0.212328 1.33441
-0.847767 -0.227158 1.33441
-0.843673 -0.241919 1.33441
-0.839323 -0.256607 1.33441
-0.834717 -0.271216 1.33441
-0.829856 -0.285742 1.33441
-0.824743 -0.300182 1.33441
-0.819378 -0.31453 1.33441
-0.813764 -0.328782 1.33441
-0.807902 -0.342934 1.33922
-0.801794 -0.356982 1.33922
-0.795442 -0.370921 1.33922
-0.788847 -0.384747 1.33922
-0.782012 -0.398455 1.33922
-0.774939 -0.412043 1.33922
-0.76763 -0.425504 1.33922
-0.760087 -0.438837 1.33922
-0.752313 -0.452035 1.33922
-0.744309 -0.465096 1.33922
-0.736079 -0.478015 1.33922
-0.727624 -0.490789 1.33922
-0.718948 -0.503413 1.33922
-0.710052 -0.515883 1.33922
-0.700941 -0.528197 1.33922
-0.691616 -0.540349 1.34294
-0.68208 -0.552338 1.34294
-0.672337 -0.564157 1.34294
-0.662388 -0.575805 1.34294
-0.652238 -0.587278 1.34294
-0.641889 -0.598572 1.34294
-0.631345 -0.609683 1.34294
-0.620609 -0.620609 1.34294
-0.609683 -0.631345 1.34294
-0.598572 -0.641889 1.34294
-0.587278 -0.652238 1.34294
-0.575805 -0.662388 1.34294
-0.564157 -0.672337 1.34294
-0.552338 -0.68208 1.34294
-0.540349 -0.691616 1.34294
-0.528197 -0.700941 1.34105
-0.515883 -0.710052 1.34105
-0.503413 -0.718948 1.34105
-0.490789 -0.727624 1.34105
-0.478015 -0.736079 1.34105
-0.465096 -0.744309 1.34105
-0.452035 -0.752313 1.34105
-0.438837 -0.760087 1.34105
-0.425504 -0.76763 1.34105
-0.412043 -0.774939 1.34105
-0.398455 -0.782012 1.34105
-0.384747 -0.788847 1.34105
-0.370921 -0.795442 1.34105
-0.356982 -0.801794 1.34105
-0.342934 -0.807902 1.34105
-0.328782 -0.813764 1.33059
-0.31453 -0.819378 1.33059
-0.300182 -0.824743 1.33059
-0.285742 -0.829856 1.33059
-0.271216 -0.834717 1.33059
-0.256607 -0.839323 1.33059
-0.241919 -0.843673 1.33059
-0.227158 -0.847767 1.33059
-0.212328 -0.851602 1.33059
-0.197433 -0.855178 1.33059
-0.182478 -0.858494 1.33059
-0.167468 -0.861548 1.33059
-0.152406 -0.864339 1.33059
-0.137298 -0.866867 1.33059
-0.122148 -0.869132 1.33059
-0.106961 -0.871131 1.31131
-0.0917418 -0.872865 1.31131
-0.0764942 -0.874333 1.31131
-0.0612234 -0.875535 1.31131
-0.0459339 -0.87647 1.31131
-0.0306303 -0.877138 1.31131
-0.0153175 -0.877539 1.31131
-1.61226e-16 -0.877673 1.31131
0.0153175 -0.877539 1.31131
0.0306303 -0.877138 1.31131
0.0459339 -0.87647 1.31131
0.0612234 -0.875535 1.31131
0.0764942 -0.874333 1.31131
0.0917418 -0.872865 1.31131
0.106961 -0.871131 1.31131
0.122148 -0.869132 1.28582
0.137298 -0.866867 1.28582
0.152406 -0.864339 1.28582
0.167468 -0.861548 1.28582
0.182478 -0.858494 1.28582
0.197433 -0.855178 1.28582
0.212328 -0.851602 1.28582
0.227158 -0.847767 1.28582
0.241919 -0.843673 1.28582
0.256607 -0.839323 1.28582
0.271216 -0.834717 1.28582
0.285742 -0.829856 1.28582
0.300182 -0.824743 1.28582
0.31453 -0.819378 1.28582
0.328782 -0.813764 1.28582
0.342934 -0.807902 1.25868
0.356982 -0.801794 1.25868
0.370921 -0.795442 1.25868
0.384747 -0.788847 1.25868
0.398455 -0.782012 1.25868
0.412043 -0.774939 1.25868
0.425504 -0.76763 1.25868
0.438837 -0.760087 1.25868
0.452035 -0.752313 1.25868
0.465096 -0.744309 1.25868
0.478015 -0.736079 1.25868
0.490789 -0.727624 1.25868
0.503413 -0.718948 1.25868
0.515883 -0.710052 1.25868
0.528197 -0.700941 1.25868
0.540349 -0.691616 1.23455
0.552338 -0.68208 1.23455
0.564157 -0.672337 1.23455
0.575805 -0.662388 1.23455
0.587278 -0.652238 1.23455
0.598572 -0.641889 1.23455
0.609683 -0.631345 1.23455
0.620609 -0.620609 1.23455
0.631345 -0.609683 1.23455
0.641889 -0.598572 1.23455
0.652238 -0.587278 1.23455
0.662388 -0.575805 1.23455
0.672337 -0.564157 1.23455
0.68208 -0.552338 1.23455
0.691616 -0.540349 1.23455
0.700941 -0.528197 1.21668
0.710052 -0.515883 1.21668
0.718948 -0.503413 1.21668
0.727624 -0.490789 1.21668
0.736079 -0.478015 1.21668
0.744309 -0.465096 1.21668
0.752313 -0.452035 1.21668
0.760087 -0.438837 1.21668
0.76763 -0.425504 1.21668
0.774939 -0.412043 1.21668
0.782012 -0.398455 1.21668
0.788847 -0.384747 1.21668
0.795442 -0.370921 1.21668
0.801794 -0.356982 1.21668
0.807902 -0.342934 1.21668
0.813764 -0.328782 1.20639
0.819378 -0.31453 1.20639
0.824743 -0.300182 1.20639
0.829856 -0.285742 1.20639
0.834717 -0.271216 1.20639
0.839323 -0.256607 1.20639
0.843673 -0.241919 1.20639
0.847767 -0.227158 1.20639
0.851602 -0.212328 1.20639
0.855178 -0.197433 1.20639
0.858494 -0.182478 1.20639
0.861548 -0.167468 1.20639
0.864339 -0.152406 1.20639
0.866867 -0.137298 1.20639
0.869132 -0.122148 1.20639
0.871131 -0.106961 1.22792
0.872865 -0.0917418 1.22792
0.874333 -0.0764942 1.22792
0.875535 -0.0612234 1.22792
0.87647 -0.0459339 1.22792
0.877138 -0.0306303 1.22792
0.877539 -0.0153175 1.22792

0.957461 0 1.17889
0.957316 0.01671 1.17889
0.956878 0.0334149 1.17889
0.956149 0.0501097 1.17889
0.955129 0.0667891 1.17889
0.953818 0.0834483 1.17889
0.952216 0.100082 1.18252
0.950325 0.116685 1.18252
0.948144 0.133253 1.18252
0.945674 0.14978 1.18252
0.942915 0.166261 1.18252
0.93987 0.182692 1.18252
0.936539 0.199067 1.18252
0.932922 0.215382 1.18252
0.929021 0.231631 1.18252
0.924837 0.247809 1.18252
0.920371 0.263912 1.18252
0.915625 0.279935 1.18252
0.9106 0.295872 1.19189
0.905298 0.311719 1.19189
0.899719 0.327471 1.19189
0.893867 0.343124 1.19189
0.887743 0.358671 1.19189
0.881348 0.37411 1.19189
0.874685 0.389435 1.19189
0.867755 0.404641 1.19189
0.860561 0.419723 1.19189
0.853104 0.434678 1.19189
0.845388 0.449501 1.19189
0.837415 0.464187 1.19189
0.829186 0.478731 1.20778
0.820705 0.493129 1.20778
0.811973 0.507377 1.20778
0.802995 0.521471 1.20778
0.793772 0.535406 1.20778
0.784307 0.549177 1.20778
0.774603 0.562782 1.20778
0.764663 0.576215 1.20778
0.75449 0.589472 1.20778
0.744087 0.60255 1.20778
0.733458 0.615444 1.20778
0.722605 0.628151 1.20778
0.711533 0.640667 1.23042
0.700243 0.652987 1.23042
0.68874 0.665109 1.23042
0.677028 0.677028 1.23042
0.665109 0.68874 1.23042
0.652987 0.700243 1.23042
0.640667 0.711533 1.23042
0.628151 0.722605 1.23042
0.615444 0.733458 1.23042
0.60255 0.744087 1.23042
0.589472 0.75449 1.23042
0.576215 0.764663 1.23042
0.562782 0.774603 1.25867
0.549177 0.784307 1.25867
0.535406 0.793772 1.25867
0.521471 0.802995 1.25867
0.507377 0.811973 1.25867
0.493129 0.820705 1.25867
0.478731 0.829186 1.25867
0.464187 0.837415 1.25867
0.449501 0.845388 1.25867
0.434678 0.853104 1.25867
0.419723 0.860561 1.25867
0.404641 0.867755 1.25867
0.389435 0.874685 1.28973
0.37411 0.881348 1.28973
0.358671 0.887743 1.28973
0.343124 0.893867 1.28973
0.327471 0.899719 1.28973
0.311719 0.905298 1.28973
0.295872 0.9106 1.28973
0.279935 0.915625 1.28973
0.263912 0.920371 1.28973
0.247809 0.924837 1.28973
0.231631 0.929021 1.28973
0.215382 0.932922 1.28973
0.199067 0.936539 1.31962
0.182692 0.93987 1.31962
0.166261 0.942915 1.31962
0.14978 0.945674 1.31962
0.133253 0.948144 1.31962
0.116685 0.950325 1.31962
0.100082 0.952216 1.31962
0.0834483 0.953818 1.31962
0.0667891 0.955129 1.31962
0.0501097 0.956149 1.31962
0.0334149 0.956878 1.31962
0.01671 0.957316 1.31962
5.86276e-17 0.957461 1.34419
-0.01671 0.957316 1.34419
-0.0334149 0.956878 1.34419
-0.0501097 0.956149 1.34419
-0.0667891 0.955129 1.34419
-0.0834483 0.953818 1.34419
-0.100082 0.952216 1.34419
-0.116685 0.950325 1.34419
-0.133253 0.948144 1.34419
-0.14978 0.945674 1.34419
-0.166261 0.942915 1.34419
-0.182692 0.93987 1.34419
-0.199067 0.936539 1.36028
-0.215382 0.932922 1.36028
-0.231631 0.929021 1.36028
-0.247809 0.924837 1.36028
-0.263912 0.920371 1.36028
-0.279935 0.915625 1.36028
-0.295872 0.9106 1.36028
-0.311719 0.905298 1.36028
-0.327471 0.899719 1.36028
-0.343124 0.893867 1.36028
-0.358671 0.887743 1.36028
-0.37411 0.881348 1.36028
-0.389435 0.874685 1.36657
-0.404641 0.867755 1.36657
-0.419723 0.860561 1.36657
-0.434678 0.853104 1.36657
-0.449501 0.845388 1.36657
-0.464187 0.837415 1.36657
-0.478731 0.829186 1.36657
-0.493129 0.820705 1.36657
-0.507377 0.811973 1.36657
-0.521471 0.802995 1.36657
-0.535406 0.793772 1.36657
-0.549177 0.784307 1.36657
-0.562782 0.774603 1.36392
-0.576215 0.764663 1.36392
-0.589472 0.75449 1.36392
-0.60255 0.744087 1.36392
-0.615444 0.733458 1.36392
-0.628151 0.722605 1.36392
-0.640667 0.711533 1.36392
-0.652987 0.700243 1.36392
-0.665109 0.68874 1.36392
-0.677028 0.677028 1.36392
-0.68874 0.665109 1.36392
-0.700243 0.652987 1.36392
-0.711533 0.640667 1.3551
-0.722605 0.628151 1.3551
-0.733458 0.615444 1.3551
-0.744087 0.60255 1.3551
-0.75449 0.589472 1.3551
-0.764663 0.576215 1.3551
-0.774603 0.562782 1.3551
-0.784307 0.549177 1.3551
-0.793772 0.535406 1.3551
-0.802995 0.521471 1.3551
-0.811973 0.507377 1.3551
-0.820705 0.493129 1.3551
-0.829186 0.478731 1.34419
-0.837415 0.464187 1.34419
-0.845388 0.449501 1.34419
-0.853104 0.434678 1.34419
-0.860561 0.419723 1.34419
-0.867755 0.404641 1.34419
-0.874685 0.389435 1.34419
-0.881348 0.37411 1.34419
-0.887743 0.358671 1.34419
-0.893867 0.343124 1.34419
-0.899719 0.327471 1.34419
-0.905298 0.311719 1.34419
-0.9106 0.295872 1.33543
-0.915625 0.279935 1.33543
-0.920371 0.263912 1.33543
-0.924837 0.247809 1.33543
-0.929021 0.231631 1.33543
-0.932922 0.215382 1.33543
-0.936539 0.199067 1.33543
-0.93987 0.182692 1.33543
-0.942915 0.166261 1.33543
-0.945674 0.14978 1.33543
-0.948144 0.133253 1.33543
-0.950325 0.116685 1.33543
-0.952216 0.100082 1.33198
-0.953818 0.0834483 1.33198
-0.955129 0.0667891 1.33198
-0.956149 0.0501097 1.33198
-0.956878 0.0334149 1.33198
-0.957316 0.01671 1.33198
-0.957461 1.17255e-16 1.33198
-0.957316 -0.01671 1.33198
-0.956878 -0.0334149 1.33198
-0.956149 -0.0501097 1.33198
-0.955129 -0.0667891 1.33198
-0.953818 -0.0834483 1.33198
-0.952216 -0.100082 1.33198
-0.950325 -0.116685 1.33489
-0.948144 -0.133253 1.33489
-0.945674 -0.14978 1.33489
-0.942915 -0.166261 1.33489
-0.93987 -0.182692 1.33489
-0.936539 -0.199067 1.33489
-0.932922 -0.215382 1.33489
-0.929021 -0.231631 1.33489
-0.924837 -0.247809 1.33489
-0.920371 -0.263912 1.33489
-0.915625 -0.279935 1.33489
-0.9106 -0.295872 1.33489
-0.905298 -0.311719 1.34289
-0.899719 -0.327471 1.34289
-0.893867 -0.343124 1.34289
-0.887743 -0.358671 1.34289
-0.881348 -0.37411 1.34289
-0.874685 -0.389435 1.34289
-0.867755 -0.404641 1.34289
-0.860561 -0.419723 1.34289
-0.853104 -0.434678 1.34289
-0.845388 -0.449501 1.34289
-0.837415 -0.464187 1.34289
-0.829186 -0.478731 1.34289
-0.820705 -0.493129 1.35268
-0.811973 -0.507377 1.35268
-0.802995 -0.521471 1.35268
-0.793772 -0.535406 1.35268
-0.784307 -0.549177 1.35268
-0.774603 -0.562782 1.35268
-0.764663 -0.576215 1.35268
-0.75449 -0.589472 1.35268
-0.744087 -0.60255 1.35268
-0.733458 -0.615444 1.35268
-0.722605 -0.628151 1.35268
-0.711533 -0.640667 1.35268
-0.700243 -0.652987 1.36003
-0.68874 -0.665109 1.36003
-0.677028 -0.677028 1.36003
-0.665109 -0.68874 1.36003
-0.652987 -0.700243 1.36003
-0.640667 -0.711533 1.36003
-0.628151 -0.722605 1.36003
-0.615444 -0.733458 1.36003
-0.60255 -0.744087 1.36003
-0.589472 -0.75449 1.36003
-0.576215 -0.764663 1.36003
-0.562782 -0.774603 1.36003
-0.549177 -0.784307 1.36098
-0.535406 -0.793772 1.36098
-0.521471 -0.802995 1.36098
-0.507377 -0.811973 1.36098
-0.493129 -0.820705 1.36098
-0.478731 -0.829186 1.36098
-0.464187 -0.837415 1.36098
-0.449501 -0.845388 1.36098
-0.434678 -0.853104 1.36098
-0.419723 -0.860561 1.36098
-0.404641 -0.867755 1.36098
-0.389435 -0.874685 1.36098
-0.37411 -0.881348 1.35303
-0.358671 -0.887743 1.35303
-0.343124 -0.893867 1.35303
-0.327471 -0.899719 1.35303
-0.311719 -0.905298 1.35303
-0.295872 -0.9106 1.35303
-0.279935 -0.915625 1.35303
-0.263912 -0.920371 1.35303
-0.247809 -0.924837 1.35303
-0.231631 -0.929021 1.35303
-0.215382 -0.932922 1.35303
-0.199067 -0.936539 1.35303
-0.182692 -0.93987 1.3356
-0.166261 -0.942915 1.3356
-0.14978 -0.945674 1.3356
-0.133253 -0.948144 1.3356
-0.116685 -0.950325 1.3356
-0.100082 -0.952216 1.3356
-0.0834483 -0.953818 1.3356
-0.0667891 -0.955129 1.3356
-0.0501097 -0.956149 1.3356
-0.0334149 -0.956878 1.3356
-0.01671 -0.957316 1.3356
-1.75883e-16 -0.957461 1.3356
0.01671 -0.957316 1.31027
0.0334149 -0.956878 1.31027
0.0501097 -0.956149 1.31027
0.0667891 -0.955129 1.31027
0.0834483 -0.953818 1.31027
0.100082 -0.952216 1.31027
0.116685 -0.950325 1.31027
0.133253 -0.948144 1.31027
0.14978 -0.945674 1.31027
0.166261 -0.942915 1.31027
0.182692 -0.93987 1.31027
0.199067 -0.936539 1.31027
0.215382 -0.932922 1.28034
0.231631 -0.929021 1.28034
0.247809 -0.924837 1.28034
0.263912 -0.920371 1.28034
0.279935 -0.915625 1.28034
0.295872 -0.9106 1.28034
0.311719 -0.905298 1.28034
0.327471 -0.899719 1.28034
0.343124 -0.893867 1.28034
0.358671 -0.887743 1.28034
0.37411 -0.881348 1.28034
0.389435 -0.874685 1.28034
0.404641 -0.867755 1.24998
0.419723 -0.860561 1.24998
0.434678 -0.853104 1.24998
0.449501 -0.845388 1.24998
0.464187 -0.837415 1.24998
0.478731 -0.829186 1.24998
0.493129 -0.820705 1.24998
0.507377 -0.811973 1.24998
0.521471 -0.802995 1.24998
0.535406 -0.793772 1.24998
0.549177 -0.784307 1.24998
0.562782 -0.774603 1.24998
0.576215 -0.764663 1.22303
0.589472 -0.75449 1.22303
0.60255 -0.744087 1.22303
0.615444 -0.733458 1.22303
0.628151 -0.722605 1.22303
0.640667 -0.711533 1.22303
0.652987 -0.700243 1.22303
0.665109 -0.68874 1.22303
0.677028 -0.677028 1.22303
0.68874 -0.665109 1.22303
0.700243 -0.652987 1.22303
0.711533 -0.640667 1.22303
0.722605 -0.628151 1.20207
0.733458 -0.615444 1.20207
0.744087 -0.60255 1.20207
0.75449 -0.589472 1.20207
0.764663 -0.576215 1.20207
0.774603 -0.562782 1.20207
0.784307 -0.549177 1.20207
0.793772 -0.535406 1.20207
0.802995 -0.521471 1.20207
0.811973 -0.507377 1.20207
0.820705 -0.493129 1.20207
0.829186 -0.478731 1.20207
0.837415 -0.464187 1.18806
0.845388 -0.449501 1.18806
0.853104 -0.434678 1.18806
0.860561 -0.419723 1.18806
0.867755 -0.404641 1.18806
0.874685 -0.389435 1.18806
0.881348 -0.37411 1.18806
0.887743 -0.358671 1.18806
0.893867 -0.343124 1.18806
0.899719 -0.327471 1.18806
0.905298 -0.311719 1.18806
0.9106 -0.295872 1.18806
0.915625 -0.279935 1.18061
0.920371 -0.263912 1.18061
0.924837 -0.247809 1.18061
0.929021 -0.231631 1.18061
0.932922 -0.215382 1.18061
0.936539 -0.199067 1.18061
0.93987 -0.182692 1.18061
0.942915 -0.166261 1.18061
0.945674 -0.14978 1.18061
0.948144 -0.133253 1.18061
0.950325 -0.116685 1.18061
0.952216 -0.100082 1.18061
0.953818 -0.0834483 1.20368
0.955129 -0.0667891 1.20368
0.956149 -0.0501097 1.20368
0.956878 -0.0334149 1.20368
0.957316 -0.01671 1.20368

1.03725 0 1.17889
1.03709 0.0181025 1.17889
1.03662 0.0361995 1.17889
1.03583 0.0542855 1.17889
1.03472 0.0723549 1.17889
1.0333 0.0904023 1.17889
1.03157 0.108422 1.18252
1.02952 0.126409 1.18252
1.02716 0.144357 1.18252
1.02448 0.162262 1.18252
1.02149 0.180117 1.18252
1.01819 0.197917 1.18252
1.01458 0.215656 1.18252
1.01067 0.23333 1.18252
1.00644 0.250933 1.18252
1.00191 0.26846 1.18252
0.997069 0.285905 1.18252
0.991927 0.303263 1.18252
0.986483 0.320528 1.19189
0.980739 0.337696 1.19189
0.974696 0.35476 1.19189
0.968356 0.371717 1.19189
0.961721 0.388561 1.19189
0.954794 0.405286 1.19189
0.947575 0.421888 1.19189
0.940068 0.438361 1.19189
0.932274 0.4547 1.19189
0.924196 0.470902 1.19189
0.915837 0.486959 1.19189
0.907199 0.502869 1.19189
0.898285 0.518625 1.20778
0.889097 0.534223 1.20778
0.879638 0.549659 1.20778
0.869911 0.564927 1.20778
0.859919 0.580023 1.20778
0.849665 0.594942 1.20778
0.839153 0.60968 1.20778
0.828385 0.624233 1.20778
0.817364 0.638595 1.20778
0.806095 0.652763 1.20778
0.79458 0.666731 1.20778
0.782822 0.680497 1.20778
0.770827 0.694056 1.23042
0.758597 0.707403 1.23042
0.746135 0.720534 1.23042
0.733446 0.733446 1.23042
0.720534 0.746135 1.23042
0.707403 0.758597 1.23042
0.694056 0.770827 1.23042
0.680497 0.782822 1.23042
0.666731 0.79458 1.23042
0.652763 0.806095 1.23042
0.638595 0.817364 1.23042
0.624233 0.828385 1.23042
0.60968 0.839153 1.25867
0.594942 0.849665 1.25867
0.580023 0.859919 1.25867
0.564927 0.869911 1.25867
0.549659 0.879638 1.25867
0.534223 0.889097 1.25867
0.518625 0.898285 1.25867
0.502869 0.907199 1.25867
0.486959 0.915837 1.25867
0.470902 0.924196 1.25867
0.4547 0.932274 1.25867
0.438361 0.940068 1.25867
0.421888 0.947575 1.28973
0.405286 0.954794 1.28973
0.388561 0.961721 1.28973
0.371717 0.968356 1.28973
0.35476 0.974696 1.28973
0.337696 0.980739 1.28973
0.320528 0.986483 1.28973
0.303263 0.991927 1.28973
0.285905 0.997069 1.28973
0.26846 1.00191 1.28973
0.250933 1.00644 1.28973
0.23333 1.01067 1.28973
0.215656 1.01458 1.31962
0.197917 1.01819 1.31962
0.180117 1.02149 1.31962
0.162262 1.02448 1.31962
0.144357 1.02716 1.31962
0.126409 1.02952 1.31962
0.108422 1.03157 1.31962
0.0904023 1.0333 1.31962
0.0723549 1.03472 1.31962
0.0542855 1.03583 1.31962
0.0361995 1.03662 1.31962
0.0181025 1.03709 1.31962
6.35132e-17 1.03725 1.34419
-0.0181025 1.03709 1.34419
-0.0361995 1.03662 1.34419
-0.0542855 1.03583 1.34419
-0.0723549 1.03472 1.34419
-0.0904023 1.0333 1.34419
-0.108422 1.03157 1.34419
-0.126409 1.02952 1.34419
-0.144357 1.02716 1.34419
-0.162262 1.02448 1.34419
-0.180117 1.02149 1.34419
-0.197917 1.01819 1.34419
-0.215656 1.01458 1.36028
-0.23333 1.01067 1.36028
-0.250933 1.00644 1.36028
-0.26846 1.00191 1.36028
-0.285905 0.997069 1.36028
-0.303263 0.991927 1.36028
-0.320528 0.986483 1.36028
-0.337696 0.980739 1.36028
-0.35476 0.974696 1.36028
-0.371717 0.968356 1.36028
-0.388561 0.961721 1.36028
-0.405286 0.954794 1.36028
-0.421888 0.947575 1.36657
-0.438361 0.940068 1.36657
-0.4547 0.932274 1.36657
-0.470902 0.924196 1.36657
-0.486959 0.915837 1.36657
-0.502869 0.907199 1.36657
-0.518625 0.898285 1.36657
-0.534223 0.889097 1.36657
-0.549659 0.879638 1.36657
-0.564927 0.869911 1.36657
-0.580023 0.859919 1.36657
-0.594942 0.849665 1.36657
-0.60968 0.839153 1.36392
-0.624233 0.828385 1.36392
-0.638595 0.817364 1.36392
-0.652763 0.806095 1.36392
-0.666731 0.79458 1.36392
-0.680497 0.782822 1.36392
-0.694056 0.770827 1.36392
-0.707403 0.758597 1.36392
-0.720534 0.746135 1.36392
-0.733446 0.733446 1.36392
-0.746135 0.720534 1.36392
-0.758597 0.707403 1.36392
-0.770827 0.694056 1.3551
-0.782822 0.680497 1.3551
-0.79458 0.666731 1.3551
-0.806095 0.652763 1.3551
-0.817364 0.638595 1.3551
-0.828385 0.624233 1.3551
-0.839153 0.60968 1.3551
-0.849665 0.594942 1.3551
-0.859919 0.580023 1.3551
-0.869911 0.564927 1.3551
-0.879638 0.549659 1.3551
-0.889097 0.534223 1.3551
-0.898285 0.518625 1.34419
-0.907199 0.502869 1.34419
-0.915837 0.486959 1.34419
-0.924196 0.470902 1.34419
-0.932274 0.4547 1.34419
-0.940068 0.438361 1.34419
-0.947575 0.421888 1.34419
-0.954794 0.405286 1.34419
-0.961721 0.388561 1.34419
-0.968356 0.371717 1.34419
-0.974696 0.35476 1.34419
-0.980739 0.337696 1.34419
-0.986483 0.320528 1.33543
-0.991927 0.303263 1.33543
-0.997069 0.285905 1.33543
-1.00191 0.26846 1.33543
-1.00644 0.250933 1.33543
-1.01067 0.23333 1.33543
-1.01458 0.215656 1.33543
-1.01819 0.197917 1.33543
-1.02149 0.180117 1.33543
-1.02448 0.162262 1.33543
-1.02716 0.144357 1.33543
-1.02952 0.126409 1.33543
-1.03157 0.108422 1.33198
-1.0333 0.0904023 1.33198
-1.03472 0.0723549 1.33198
-1.03583 0.0542855 1.33198
-1.03662 0.0361995 1.33198
-1.03709 0.0181025 1.33198
-1.03725 1.27026e-16 1.33198
-1.03709 -0.0181025 1.33198
-1.03662 -0.0361995 1.33198
-1.03583 -0.0542855 1.33198
-1.03472 -0.0723549 1.33198
-1.0333 -0.0904023 1.33198
-1.03157 -0.108422 1.33198
-1.02952 -0.126409 1.33489
-1.02716 -0.144357 1.33489
-1.02448 -0.162262 1.33489
-1.02149 -0.180117 1.33489
-1.01819 -0.197917 1.33489
-1.01458 -0.215656 1.33489
-1.01067 -0.23333 1.33489
-1.00644 -0.250933 1.33489
-1.00191 -0.26846 1.33489
-0.997069 -0.285905 1.33489
-0.991927 -0.303263 1.33489
-0.986483 -0.320528 1.33489
-0.980739 -0.337696 1.34289
-0.974696 -0.35476 1.34289
-0.968356 -0.371717 1.34289
-0.961721 -0.388561 1.34289
-0.954794 -0.405286 1.34289
-0.947575 -0.421888 1.34289
-0.940068 -0.438361 1.34289
-0.932274 -0.4547 1.34289
-0.924196 -0.470902 1.34289
-0.915837 -0.486959 1.34289
-0.907199 -0.502869 1.34289
-0.898285 -0.518625 1.34289
-0.889097 -0.534223 1.35268
-0.879638 -0.549659 1.35268
-0.869911 -0.564927 1.35268
-0.859919 -0.580023 1.35268
-0.849665 -0.594942 1.35268
-0.839153 -0.60968 1.35268
-0.828385 -0.624233 1.35268
-0.817364 -0.638595 1.35268
-0.806095 -0.652763 1.35268
-0.79458 -0.666731 1.35268
-0.782822 -0.680497 1.35268
-0.770827 -0.694056 1.35268
-0.758597 -0.707403 1.36003
-0.746135 -0.720534 1.36003
-0.733446 -0.733446 1.36003
-0.720534 -0.746135 1.36003
-0.707403 -0.758597 1.36003
-0.694056 -0.770827 1.36003
-0.680497 -0.782822 1.36003
-0.666731 -0.79458 1.36003
-0.652763 -0.806095 1.36003
-0.638595 -0.817364 1.36003
-0.624233 -0.828385 1.36003
-0.60968 -0.839153 1.36003
-0.594942 -0.849665 1.36098
-0.580023 -0.859919 1.36098
-0.564927 -0.869911 1.36098
-0.549659 -0.879638 1.36098
-0.534223 -0.889097 1.36098
-0.518625 -0.898285 1.36098
-0.502869 -0.907199 1.36098
-0.486959 -0.915837 1.36098
-0.470902 -0.924196 1.36098
-0.4547 -0.932274 1.36098
-0.438361 -0.940068 1.36098
-0.421888 -0.947575 1.36098
-0.405286 -0.954794 1.35303
-0.388561 -0.961721 1.35303
-0.371717 -0.968356 1.35303
-0.35476 -0.974696 1.35303
-0.337696 -0.980739 1.35303
-0.320528 -0.986483 1.35303
-0.303263 -0.991927 1.35303
-0.285905 -0.997069 1.35303
-0.26846 -1.00191 1.35303
-0.250933 -1.00644 1.35303
-0.23333 -1.01067 1.35303
-0.215656 -1.01458 1.35303
-0.197917 -1.01819 1.3356
-0.180117 -1.02149 1.3356
-0.162262 -1.02448 1.3356
-0.144357 -1.02716 1.3356
-0.126409 -1.02952 1.3356
-0.108422 -1.03157 1.3356
-0.0904023 -1.0333 1.3356
-0.0723549 -1.03472 1.3356
-0.0542855 -1.03583 1.3356
-0.0361995 -1.03662 1.3356
-0.0181025 -1.03709 1.3356
-1.9054e-16 -1.03725 1.3356
0.0181025 -1.03709 1.31027
0.0361995 -1.03662 1.31027
0.0542855 -1.03583 1.31027
0.0723549 -1.03472 1.31027
0.0904023 -1.0333 1.31027
0.108422 -1.03157 1.31027
0.126409 -1.02952 1.31027
0.144357 -1.02716 1.31027
0.162262 -1.02448 1.31027
0.180117 -1.02149 1.31027
0.197917 -1.01819 1.31027
0.215656 -1.01458 1.31027
0.23333 -1.01067 1.28034
0.250933 -1.00644 1.28034
0.26846 -1.00191 1.28034
0.285905 -0.997069 1.28034
0.303263 -0.991927 1.28034
0.320528 -0.986483 1.28034
0.337696 -0.980739 1.28034
0.35476 -0.974696 1.28034
0.371717 -0.968356 1.28034
0.388561 -0.961721 1.28034
0.405286 -0.954794 1.28034
0.421888 -0.947575 1.28034
0.438361 -0.940068 1.24998
0.4547 -0.932274 1.24998
0.470902 -0.924196 1.24998
0.486959 -0.915837 1.24998
0.502869 -0.907199 1.24998
0.518625 -0.898285 1.24998
0.534223 -0.889097 1.24998
0.549659 -0.879638 1.24998
0.564927 -0.869911 1.24998
0.580023 -0.859919 1.24998
0.594942 -0.849665 1.24998
0.60968 -0.839153 1.24998
0.624233 -0.828385 1.22303
0.638595 -0.817364 1.22303
0.652763 -0.806095 1.22303
0.666731 -0.79458 1.22303
0.680497 -0.782822 1.22303
0.694056 -0.770827 1.22303
0.707403 -0.758597 1.22303
0.720534 -0.746135 1.22303
0.733446 -0.733446 1.22303
0.746135 -0.720534 1.22303
0.758597 -0.707403 1.22303
0.770827 -0.694056 1.22303
0.782822 -0.680497 1.20207
0.79458 -0.666731 1.20207
0.806095 -0.652763 1.20207
0.817364 -0.638595 1.20207
0.828385 -0.624233 1.20207
0.839153 -0.60968 1.20207
0.849665 -0.594942 1.20207
0.859919 -0.580023 1.20207
0.869911 -0.564927 1.20207
0.879638 -0.549659 1.20207
0.889097 -0.534223 1.20207
0.898285 -0.518625 1.20207
0.907199 -0.502869 1.18806
0.915837 -0.486959 1.18806
0.924196 -0.470902 1.18806
0.932274 -0.4547 1.18806
0.940068 -0.438361 1.18806
0.947575 -0.421888 1.18806
0.954794 -0.405286 1.18806
0.961721 -0.388561 1.18806
0.968356 -0.371717 1.18806
0.974696 -0.35476 1.18806
0.980739 -0.337696 1.18806
0.986483 -0.320528 1.18806
0.991927 -0.303263 1.18061
0.997069 -0.285905 1.18061
1.00191 -0.26846 1.18061
1.00644 -0.250933 1.18061
1.01067 -0.23333 1.18061
1.01458 -0.215656 1.18061
1.01819 -0.197917 1.18061
1.02149 -0.180117 1.18061
1.02448 -0.162262 1.18061
1.02716 -0.144357 1.18061
1.02952 -0.126409 1.18061
1.03157 -0.108422 1.18061
1.0333 -0.0904023 1.20368
1.03472 -0.0723549 1.20368
1.03583 -0.0542855 1.20368
1.03662 -0.0361995 1.20368
1.03709 -0.0181025 1.20368

1.11704 0 1.15424
1.11687 0.019495 1.15424
1.11636 0.0389841 1.15424
1.11551 0.0584613 1.15424
1.11432 0.0779207 1.15424
1.11279 0.0973563 1.15692
1.11092 0.116762 1.15692
1.10871 0.136133 1.15692
1.10617 0.155462 1.15692
1.10329 0.174743 1.15692
1.10007 0.193972 1.15692
1.09652 0.213141 1.15692
1.09263 0.232245 1.15692
1.08841 0.251279 1.15692
1.08386 0.270236 1.15692
1.07898 0.289111 1.16368
1.07377 0.307898 1.16368
1.06823 0.32659 1.16368
1.06237 0.345184 1.16368
1.05618 0.363672 1.16368
1.04967 0.38205 1.16368
1.04285 0.400311 1.16368
1.0357 0.41845 1.16368
1.02824 0.436462 1.16368
1.02047 0.45434 1.16368
1.01238 0.472081 1.17571
1.00399 0.489677 1.17571
0.995288 0.507125 1.17571
0.986286 0.524418 1.17571
0.976984 0.541551 1.17571
0.967384 0.558519 1.17571
0.957489 0.575317 1.17571
0.947302 0.59194 1.17571
0.936827 0.608383 1.17571
0.926067 0.62464 1.17571
0.915024 0.640707 1.1942
0.903703 0.656579 1.1942
0.892107 0.67225 1.1942
0.880238 0.687718 1.1942
0.868102 0.702975 1.1942
0.855701 0.718018 1.1942
0.84304 0.732843 1.1942
0.830121 0.747445 1.1942
0.81695 0.761818 1.1942
0.80353 0.77596 1.1942
0.789865 0.789865 1.21956
0.77596 0.80353 1.21956
0.761818 0.81695 1.21956
0.747445 0.830121 1.21956
0.732843 0.84304 1.21956
0.718018 0.855701 1.21956
0.702975 0.868102 1.21956
0.687718 0.880238 1.21956
0.67225 0.892107 1.21956
0.656579 0.903703 1.21956
0.640707 0.915024 1.25077
0.62464 0.926067 1.25077
0.608383 0.936827 1.25077
0.59194 0.947302 1.25077
0.575317 0.957489 1.25077
0.558519 0.967384 1.25077
0.541551 0.976984 1.25077
0.524418 0.986286 1.25077
0.507125 0.995288 1.25077
0.489677 1.00399 1.25077
0.472081 1.01238 1.28542
0.45434 1.02047 1.28542
0.436462 1.02824 1.28542
0.41845 1.0357 1.28542
0.400311 1.04285 1.28542
0.38205 1.04967 1.28542
0.363672 1.05618 1.28542
0.345184 1.06237 1.28542
0.32659 1.06823 1.28542
0.307898 1.07377 1.28542
0.289111 1.07898 1.31998
0.270236 1.08386 1.31998
0.251279 1.08841 1.31998
0.232245 1.09263 1.31998
0.213141 1.09652 1.31998
0.193972 1.10007 1.31998
0.174743 1.10329 1.31998
0.155462 1.10617 1.31998
0.136133 1.10871 1.31998
0.116762 1.11092 1.31998
0.0973563 1.11279 1.35061
0.0779207 1.11432 1.35061
0.0584613 1.11551 1.35061
0.0389841 1.11636 1.35061
0.019495 1.11687 1.35061
6.83989e-17 1.11704 1.35061
-0.019495 1.11687 1.35061
-0.0389841 1.11636 1.35061
-0.0584613 1.11551 1.35061
-0.0779207 1.11432 1.35061
-0.0973563 1.11279 1.37391
-0.116762 1.11092 1.37391
-0.136133 1.10871 1.37391
-0.155462 1.10617 1.37391
-0.174743 1.10329 1.37391
-0.193972 1.10007 1.37391
-0.213141 1.09652 1.37391
-0.232245 1.09263 1.37391
-0.251279 1.08841 1.37391
-0.270236 1.08386 1.37391
-0.289111 1.07898 1.38765
-0.307898 1.07377 1.38765
-0.32659 1.06823 1.38765
-0.345184 1.06237 1.38765
-0.363672 1.05618 1.38765
-0.38205 1.04967 1.38765
-0.400311 1.04285 1.38765
-0.41845 1.0357 1.38765
-0.436462 1.02824 1.38765
-0.45434 1.02047 1.38765
-0.472081 1.01238 1.39113
-0.489677 1.00399 1.39113
-0.507125 0.995288 1.39113
-0.524418 0.986286 1.39113
-0.541551 0.976984 1.39113
-0.558519 0.967384 1.39113
-0.575317 0.957489 1.39113
-0.59194 0.947302 1.39113
-0.608383 0.936827 1.39113
-0.62464 0.926067 1.39113
-0.640707 0.915024 1.3853
-0.656579 0.903703 1.3853
-0.67225 0.892107 1.3853
-0.687718 0.880238 1.3853
-0.702975 0.868102 1.3853
-0.718018 0.855701 1.3853
-0.732843 0.84304 1.3853
-0.747445 0.830121 1.3853
-0.761818 0.81695 1.3853
-0.77596 0.80353 1.3853
-0.789865 0.789865 1.37257
-0.80353 0.77596 1.37257
-0.81695 0.761818 1.37257
-0.830121 0.747445 1.37257
-0.84304 0.732843 1.37257
-0.855701 0.718018 1.37257
-0.868102 0.702975 1.37257
-0.880238 0.687718 1.37257
-0.892107 0.67225 1.37257
-0.903703 0.656579 1.37257
-0.915024 0.640707 1.35648
-0.926067 0.62464 1.35648
-0.936827 0.608383 1.35648
-0.947302 0.59194 1.35648
-0.957489 0.575317 1.35648
-0.967384 0.558519 1.35648
-0.976984 0.541551 1.35648
-0.986286 0.524418 1.35648
-0.995288 0.507125 1.35648
-1.00399 0.489677 1.35648
-1.01238 0.472081 1.34108
-1.02047 0.45434 1.34108
-1.02824 0.436462 1.34108
-1.0357 0.41845 1.34108
-1.04285 0.400311 1.34108
-1.04967 0.38205 1.34108
-1.05618 0.363672 1.34108
-1.06237 0.345184 1.34108
-1.06823 0.32659 1.34108
-1.07377 0.307898 1.34108
-1.07898 0.289111 1.33008
-1.08386 0.270236 1.33008
-1.08841 0.251279 1.33008
-1.09263 0.232245 1.33008
-1.09652 0.213141 1.33008
-1.10007 0.193972 1.33008
-1.10329 0.174743 1.33008
-1.10617 0.155462 1.33008
-1.10871 0.136133 1.33008
-1.11092 0.116762 1.33008
-1.11279 0.0973563 1.32608
-1.11432 0.0779207 1.32608
-1.11551 0.0584613 1.32608
-1.11636 0.0389841 1.32608
-1.11687 0.019495 1.32608
-1.11704 1.36798e-16 1.32608
-1.11687 -0.019495 1.32608
-1.11636 -0.0389841 1.32608
-1.11551 -0.0584613 1.32608
-1.11432 -0.0779207 1.32608
-1.11279 -0.0973563 1.32608
-1.11092 -0.116762 1.3299
-1.10871 -0.136133 1.3299
-1.10617 -0.155462 1.3299
-1.10329 -0.174743 1.3299
-1.10007 -0.193972 1.3299
-1.09652 -0.213141 1.3299
-1.09263 -0.232245 1.3299
-1.08841 -0.251279 1.3299
-1.08386 -0.270236 1.3299
-1.07898 -0.289111 1.3299
-1.07377 -0.307898 1.34048
-1.06823 -0.32659 1.34048
-1.06237 -0.345184 1.34048
-1.05618 -0.363672 1.34048
-1.04967 -0.38205 1.34048
-1.04285 -0.400311 1.34048
-1.0357 -0.41845 1.34048
-1.02824 -0.436462 1.34048
-1.02047 -0.45434 1.34048
-1.01238 -0.472081 1.34048
-1.00399 -0.489677 1.35508
-0.995288 -0.507125 1.35508
-0.986286 -0.524418 1.35508
-0.976984 -0.541551 1.35508
-0.967384 -0.558519 1.35508
-0.957489 -0.575317 1.35508
-0.947302 -0.59194 1.35508
-0.936827 -0.608383 1.35508
-0.926067 -0.62464 1.35508
-0.915024 -0.640707 1.35508
-0.903703 -0.656579 1.36989
-0.892107 -0.67225 1.36989
-0.880238 -0.687718 1.36989
-0.868102 -0.702975 1.36989
-0.855701 -0.718018 1.36989
-0.84304 -0.732843 1.36989
-0.830121 -0.747445 1.36989
-0.81695 -0.761818 1.36989
-0.80353 -0.77596 1.36989
-0.789865 -0.789865 1.36989
-0.77596 -0.80353 1.38093
-0.761818 -0.81695 1.38093
-0.747445 -0.830121 1.38093
-0.732843 -0.84304 1.38093
-0.718018 -0.855701 1.38093
-0.702975 -0.868102 1.38093
-0.687718 -0.880238 1.38093
-0.67225 -0.892107 1.38093
-0.656579 -0.903703 1.38093
-0.640707 -0.915024 1.38093
-0.62464 -0.926067 1.38481
-0.608383 -0.936827 1.38481
-0.59194 -0.947302 1.38481
-0.575317 -0.957489 1.38481
-0.558519 -0.967384 1.38481
-0.541551 -0.976984 1.38481
-0.524418 -0.986286 1.38481
-0.507125 -0.995288 1.38481
-0.489677 -1.00399 1.38481
-0.472081 -1.01238 1.38481
-0.45434 -1.02047 1.37934
-0.436462 -1.02824 1.37934
-0.41845 -1.0357 1.37934
-0.400311 -1.04285 1.37934
-0.38205 -1.04967 1.37934
-0.363672 -1.05618 1.37934
-0.345184 -1.06237 1.37934
-0.32659 -1.06823 1.37934
-0.307898 -1.07377 1.37934
-0.289111 -1.07898 1.37934
-0.270236 -1.08386 1.36387
-0.251279 -1.08841 1.36387
-0.232245 -1.09263 1.36387
-0.213141 -1.09652 1.36387
-0.193972 -1.10007 1.36387
-0.174743 -1.10329 1.36387
-0.155462 -1.10617 1.36387
-0.136133 -1.10871 1.36387
-0.116762 -1.11092 1.36387
-0.0973563 -1.11279 1.36387
-0.0779207 -1.11432 1.33932
-0.0584613 -1.11551 1.33932
-0.0389841 -1.11636 1.33932
-0.019495 -1.11687 1.33932
-2.05197e-16 -1.11704 1.33932
0.019495 -1.11687 1.33932
0.0389841 -1.11636 1.33932
0.0584613 -1.11551 1.33932
0.0779207 -1.11432 1.33932
0.0973563 -1.11279 1.33932
0.116762 -1.11092 1.30812
0.136133 -1.10871 1.30812
0.155462 -1.10617 1.30812
0.174743 -1.10329 1.30812
0.193972 -1.10007 1.30812
0.213141 -1.09652 1.30812
0.232245 -1.09263 1.30812
0.251279 -1.08841 1.30812
0.270236 -1.08386 1.30812
0.289111 -1.07898 1.30812
0.307898 -1.07377 1.27373
0.32659 -1.06823 1.27373
0.345184 -1.06237 1.27373
0.363672 -1.05618 1.27373
0.38205 -1.04967 1.27373
0.400311 -1.04285 1.27373
0.41845 -1.0357 1.27373
0.436462 -1.02824 1.27373
0.45434 -1.02047 1.27373
0.472081 -1.01238 1.27373
0.489677 -1.00399 1.23996
0.507125 -0.995288 1.23996
0.524418 -0.986286 1.23996
0.541551 -0.976984 1.23996
0.558519 -0.967384 1.23996
0.575317 -0.957489 1.23996
0.59194 -0.947302 1.23996
0.608383 -0.936827 1.23996
0.62464 -0.926067 1.23996
0.640707 -0.915024 1.23996
0.656579 -0.903703 1.21017
0.67225 -0.892107 1.21017
0.687718 -0.880238 1.21017
0.702975 -0.868102 1.21017
0.718018 -0.855701 1.21017
0.732843 -0.84304 1.21017
0.747445 -0.830121 1.21017
0.761818 -0.81695 1.21017
0.77596 -0.80353 1.21017
0.789865 -0.789865 1.21017
0.80353 -0.77596 1.18661
0.81695 -0.761818 1.18661
0.830121 -0.747445 1.18661
0.84304 -0.732843 1.18661
0.855701 -0.718018 1.18661
0.868102 -0.702975 1.18661
0.880238 -0.687718 1.18661
0.892107 -0.67225 1.18661
0.903703 -0.656579 1.18661
0.915024 -0.640707 1.18661
0.926067 -0.62464 1.17006
0.936827 -0.608383 1.17006
0.947302 -0.59194 1.17006
0.957489 -0.575317 1.17006
0.967384 -0.558519 1.17006
0.976984 -0.541551 1.17006
0.986286 -0.524418 1.17006
0.995288 -0.507125 1.17006
1.00399 -0.489677 1.17006
1.01238 -0.472081 1.17006
1.02047 -0.45434 1.15998
1.02824 -0.436462 1.15998
1.0357 -0.41845 1.15998
1.04285 -0.400311 1.15998
1.04967 -0.38205 1.15998
1.05618 -0.363672 1.15998
1.06237 -0.345184 1.15998
1.06823 -0.32659 1.15998
1.07377 -0.307898 1.15998
1.07898 -0.289111 1.15998
1.08386 -0.270236 1.15511
1.08841 -0.251279 1.15511
1.09263 -0.232245 1.15511
1.09652 -0.213141 1.15511
1.10007 -0.193972 1.15511
1.10329 -0.174743 1.15511
1.10617 -0.155462 1.15511
1.10871 -0.136133 1.15511
1.11092 -0.116762 1.15511
1.11279 -0.0973563 1.15511
1.11432 -0.0779207 1.17889
1.11551 -0.0584613 1.17889
1.11636 -0.0389841 1.17889
1.11687 -0.019495 1.17889

1.19683 0 1.15424
1.19664 0.0208875 1.15424
1.1961 0.0417687 1.15424
1.19519 0.0626371 1.15424
1.19391 0.0834864 1.15424
1.19227 0.10431 1.15692
1.19027 0.125102 1.15692
1.18791 0.145857 1.15692
1.18518 0.166566 1.15692
1.18209 0.187225 1.15692
1.17864 0.207827 1.15692
1.17484 0.228365 1.15692
1.17067 0.248834 1.15692
1.16615 0.269227 1.15692
1.16128 0.289539 1.15692
1.15605 0.309762 1.16368
1.15046 0.32989 1.16368
1.14453 0.349918 1.16368
1.13825 0.36984 1.16368
1.13162 0.389649 1.16368
1.12465 0.409339 1.16368
1.11733 0.428904 1.16368
1.10968 0.448339 1.16368
1.10168 0.467638 1.16368
1.09336 0.486793 1.16368
1.08469 0.505801 1.17571
1.0757 0.524654 1.17571
1.06638 0.543348 1.17571
1.05674 0.561876 1.17571
1.04677 0.580233 1.17571
1.03648 0.598413 1.17571
1.02588 0.616411 1.17571
1.01497 0.634222 1.17571
1.00374 0.651839 1.17571
0.992214 0.669257 1.17571
0.980383 0.686472 1.1942
0.968253 0.703477 1.1942
0.955828 0.720268 1.1942
0.943112 0.73684 1.1942
0.930109 0.753188 1.1942
0.916823 0.769305 1.1942
0.903257 0.785189 1.1942
0.889416 0.800833 1.1942
0.875304 0.816234 1.1942
0.860925 0.831386 1.1942
0.846284 0.846284 1.21956
0.831386 0.860925 1.21956
0.816234 0.875304 1.21956
0.800833 0.889416 1.21956
0.785189 0.903257 1.21956
0.769305 0.916823 1.21956
0.753188 0.930109 1.21956
0.73684 0.943112 1.21956
0.720268 0.955828 1.21956
0.703477 0.968253 1.21956
0.686472 0.980383 1.25077
0.669257 0.992214 1.25077
0.651839 1.00374 1.25077
0.634222 1.01497 1.25077
0.616411 1.02588 1.25077
0.598413 1.03648 1.25077
0.580233 1.04677 1.25077
0.561876 1.05674 1.25077
0.543348 1.06638 1.25077
0.524654 1.0757 1.25077
0.505801 1.08469 1.28542
0.486793 1.09336 1.28542
0.467638 1.10168 1.28542
0.448339 1.10968 1.28542
0.428904 1.11733 1.28542
0.409339 1.12465 1.28542
0.389649 1.13162 1.28542
0.36984 1.13825 1.28542
0.349918 1.14453 1.28542
0.32989 1.15046 1.28542
0.309762 1.15605 1.31998
0.289539 1.16128 1.31998
0.269227 1.16615 1.31998
0.248834 1.17067 1.31998
0.228365 1.17484 1.31998
0.207827 1.17864 1.31998
0.187225 1.18209 1.31998
0.166566 1.18518 1.31998
0.145857 1.18791 1.31998
0.125102 1.19027 1.31998
0.10431 1.19227 1.35061
0.0834864 1.19391 1.35061
0.0626371 1.19519 1.35061
0.0417687 1.1961 1.35061
0.0208875 1.19664 1.35061
7.32845e-17 1.19683 1.35061
-0.0208875 1.19664 1.35061
-0.0417687 1.1961 1.35061
-0.0626371 1.19519 1.35061
-0.0834864 1.19391 1.35061
-0.10431 1.19227 1.37391
-0.125102 1.19027 1.37391
-0.145857 1.18791 1.37391
-0.166566 1.18518 1.37391
-0.187225 1.18209 1.37391
-0.207827 1.17864 1.37391
-0.228365 1.17484 1.37391
-0.248834 1.17067 1.37391
-0.269227 1.16615 1.37391
-0.289539 1.16128 1.37391
-0.309762 1.15605 1.38765
-0.32989 1.15046 1.38765
-0.349918 1.14453 1.38765
-0.36984 1.13825 1.38765
-0.389649 1.13162 1.38765
-0.409339 1.12465 1.38765
-0.428904 1.11733 1.38765
-0.448339 1.10968 1.38765
-0.467638 1.10168 1.38765
-0.486793 1.09336 1.38765
-0.505801 1.08469 1.39113
-0.524654 1.0757 1.39113
-0.543348 1.06638 1.39113
-0.561876 1.05674 1.39113
-0.580233 1.04677 1.39113
-0.598413 1.03648 1.39113
-0.616411 1.02588 1.39113
-0.634222 1.01497 1.39113
-0.651839 1.00374 1.39113
-0.669257 0.992214 1.39113
-0.686472 0.980383 1.3853
-0.703477 0.968253 1.3853
-0.720268 0.955828 1.3853
-0.73684 0.943112 1.3853
-0.753188 0.930109 1.3853
-0.769305 0.916823 1.3853
-0.785189 0.903257 1.3853
-0.800833 0.889416 1.3853
-0.816234 0.875304 1.3853
-0.831386 0.860925 1.3853
-0.846284 0.846284 1.37257
-0.860925 0.831386 1.37257
-0.875304 0.816234 1.37257
-0.889416 0.800833 1.37257
-0.903257 0.785189 1.37257
-0.916823 0.769305 1.37257
-0.930109 0.753188 1.37257
-0.943112 0.73684 1.37257
-0.955828 0.720268 1.37257
-0.968253 0.703477 1.37257
-0.980383 0.686472 1.35648
-0.992214 0.669257 1.35648
-1.00374 0.651839 1.35648
-1.01497 0.634222 1.35648
-1.02588 0.616411 1.35648
-1.03648 0.598413 1.35648
-1.04677 0.580233 1.35648
-1.05674 0.561876 1.35648
-1.06638 0.543348 1.35648
-1.0757 0.524654 1.35648
-1.08469 0.505801 1.34108
-1.09336 0.486793 1.34108
-1.10168 0.467638 1.34108
-1.10968 0.448339 1.34108
-1.11733 0.428904 1.34108
-1.12465 0.409339 1.34108
-1.13162 0.389649 1.34108
-1.13825 0.36984 1.34108
-1.14453 0.349918 1.34108
-1.15046 0.32989 1.34108
-1.15605 0.309762 1.33008
-1.16128 0.289539 1.33008
-1.16615 0.269227 1.33008
-1.17067 0.248834 1.33008
-1.17484 0.228365 1.33008
-1.17864 0.207827 1.33008
-1.18209 0.187225 1.33008
-1.18518 0.166566 1.33008
-1.18791 0.145857 1.33008
-1.19027 0.125102 1.33008
-1.19227 0.10431 1.32608
-1.19391 0.0834864 1.32608
-1.19519 0.0626371 1.32608
-1.1961 0.0417687 1.32608
-1.19664 0.0208875 1.32608
-1.19683 1.46569e-16 1.32608
-1.19664 -0.0208875 1.32608
-1.1961 -0.0417687 1.32608
-1.19519 -0.0626371 1.32608
-1.19391 -0.0834864 1.32608
-1.19227 -0.10431 1.32608
-1.19027 -0.125102 1.3299
-1.18791 -0.145857 1.3299
-1.18518 -0.166566 1.3299
-1.18209 -0.187225 1.3299
-1.17864 -0.207827 1.3299
-1.17484 -0.228365 1.3299
-1.17067 -0.248834 1.3299
-1.16615 -0.269227 1.3299
-1.16128 -0.289539 1.3299
-1.15605 -0.309762 1.3299
-1.15046 -0.32989 1.34048
-1.14453 -0.349918 1.34048
-1.13825 -0.36984 1.34048
-1.13162 -0.389649 1.34048
-1.12465 -0.409339 1.34048
-1.11733 -0.428904 1.34048
-1.10968 -0.448339 1.34048
-1.10168 -0.467638 1.34048
-1.09336 -0.486793 1.34048
-1.08469 -0.505801 1.34048
-1.0757 -0.524654 1.35508
-1.06638 -0.543348 1.35508
-1.05674 -0.561876 1.35508
-1.04677 -0.580233 1.35508
-1.03648 -0.598413 1.35508
-1.02588 -0.616411 1.35508
-1.01497 -0.634222 1.35508
-1.00374 -0.651839 1.35508
-0.992214 -0.669257 1.35508
-0.980383 -0.686472 1.35508
-0.968253 -0.703477 1.36989
-0.955828 -0.720268 1.36989
-0.943112 -0.73684 1.36989
-0.930109 -0.753188 1.36989
-0.916823 -0.769305 1.36989
-0.903257 -0.785189 1.36989
-0.889416 -0.800833 1.36989
-0.875304 -0.816234 1.36989
-0.860925 -0.831386 1.36989
-0.846284 -0.846284 1.36989
-0.831386 -0.860925 1.38093
-0.816234 -0.875304 1.38093
-0.800833 -0.889416 1.38093
-0.785189 -0.903257 1.38093
-0.769305 -0.916823 1.38093
-0.753188 -0.930109 1.38093
-0.73684 -0.943112 1.38093
-0.720268 -0.955828 1.38093
-0.703477 -0.968253 1.38093
-0.686472 -0.980383 1.38093
-0.669257 -0.992214 1.38481
-0.651839 -1.00374 1.38481
-0.634222 -1.01497 1.38481
-0.616411 -1.02588 1.38481
-0.598413 -1.03648 1.38481
-0.580233 -1.04677 1.38481
-0.561876 -1.05674 1.38481
-0.543348 -1.06638 1.38481
-0.524654 -1.0757 1.38481
-0.505801 -1.08469 1.38481
-0.486793 -1.09336 1.37934
-0.467638 -1.10168 1.37934
-0.448339 -1.10968 1.37934
-0.428904 -1.11733 1.37934
-0.409339 -1.12465 1.37934
-0.389649 -1.13162 1.37934
-0.36984 -1.13825 1.37934
-0.349918 -1.14453 1.37934
-0.32989 -1.15046 1.37934
-0.309762 -1.15605 1.37934
-0.289539 -1.16128 1.36387
-0.269227 -1.16615 1.36387
-0.248834 -1.17067 1.36387
-0.228365 -1.17484 1.36387
-0.207827 -1.17864 1.36387
-0.187225 -1.18209 1.36387
-0.166566 -1.18518 1.36387
-0.145857 -1.18791 1.36387
-0.125102 -1.19027 1.36387
-0.10431 -1.19227 1.36387
-0.0834864 -1.19391 1.33932
-0.0626371 -1.19519 1.33932
-0.0417687 -1.1961 1.33932
-0.0208875 -1.19664 1.33932
-2.19854e-16 -1.19683 1.33932
0.0208875 -1.19664 1.33932
0.0417687 -1.1961 1.33932
0.0626371 -1.19519 1.33932
0.0834864 -1.19391 1.33932
0.10431 -1.19227 1.33932
0.125102 -1.19027 1.30812
0.145857 -1.18791 1.30812
0.166566 -1.18518 1.30812
0.187225 -1.18209 1.30812
0.207827 -1.17864 1.30812
0.228365 -1.17484 1.30812
0.248834 -1.17067 1.30812
0.269227 -1.16615 1.30812
0.289539 -1.16128 1.30812
0.309762 -1.15605 1.30812
0.32989 -1.15046 1.27373
0.349918 -1.14453 1.27373
0.36984 -1.13825 1.27373
0.389649 -1.13162 1.27373
0.409339 -1.12465 1.27373
0.428904 -1.11733 1.27373
0.448339 -1.10968 1.27373
0.467638 -1.10168 1.27373
0.486793 -1.09336 1.27373
0.505801 -1.08469 1.27373
0.524654 -1.0757 1.23996
0.543348 -1.06638 1.23996
0.561876 -1.05674 1.23996
0.580233 -1.04677 1.23996
0.598413 -1.03648 1.23996
0.616411 -1.02588 1.23996
0.634222 -1.01497 1.23996
0.651839 -1.00374 1.23996
0.669257 -0.992214 1.23996
0.686472 -0.980383 1.23996
0.703477 -0.968253 1.21017
0.720268 -0.955828 1.21017
0.73684 -0.943112 1.21017
0.753188 -0.930109 1.21017
0.769305 -0.916823 1.21017
0.785189 -0.903257 1.21017
0.800833 -0.889416 1.21017
0.816234 -0.875304 1.21017
0.831386 -0.860925 1.21017
0.846284 -0.846284 1.21017
0.860925 -0.831386 1.18661
0.875304 -0.816234 1.18661
0.889416 -0.800833 1.18661
0.903257 -0.785189 1.18661
0.916823 -0.769305 1.18661
0.930109 -0.753188 1.18661
0.943112 -0.73684 1.18661
0.955828 -0.720268 1.18661
0.968253 -0.703477 1.18661
0.980383 -0.686472 1.18661
0.992214 -0.669257 1.17006
1.00374 -0.651839 1.17006
1.01497 -0.634222 1.17006
1.02588 -0.616411 1.17006
1.03648 -0.598413 1.17006
1.04677 -0.580233 1.17006
1.05674 -0.561876 1.17006
1.06638 -0.543348 1.17006
1.0757 -0.524654 1.17006
1.08469 -0.505801 1.17006
1.09336 -0.486793 1.15998
1.10168 -0.467638 1.15998
1.10968 -0.448339 1.15998
1.11733 -0.428904 1.15998
1.12465 -0.409339 1.15998
1.13162 -0.389649 1.15998
1.13825 -0.36984 1.15998
1.14453 -0.349918 1.15998
1.15046 -0.32989 1.15998
1.15605 -0.309762 1.15998
1.16128 -0.289539 1.15511
1.16615 -0.269227 1.15511
1.17067 -0.248834 1.15511
1.17484 -0.228365 1.15511
1.17864 -0.207827 1.15511
1.18209 -0.187225 1.15511
1.18518 -0.166566 1.15511
1.18791 -0.145857 1.15511
1.19027 -0.125102 1.15511
1.19227 -0.10431 1.15511
1.19391 -0.0834864 1.17889
1.19519 -0.0626371 1.17889
1.1961 -0.0417687 1.17889
1.19664 -0.0208875 1.17889

1.27662 0 1.15424
1.27642 0.02228 1.15424
1.27584 0.0445532 1.15424
1.27487 0.0668129 1.15424
1.27351 0.0890522 1.15424
1.27176 0.111264 1.15692
1.26962 0.133443 1.15692
1.2671 0.15558 1.15692
1.26419 0.177671 1.15692
1.2609 0.199707 1.15692
1.25722 0.221682 1.15692
1.25316 0.24359 1.15692
1.24872 0.265423 1.15692
1.2439 0.287176 1.15692
1.23869 0.308841 1.15692
1.23312 0.330412 1.16368
1.22716 0.351883 1.16368
1.22083 0.373246 1.16368
1.21413 0.394496 1.16368
1.20706 0.415625 1.16368
1.19963 0.436628 1.16368
1.19182 0.457498 1.16368
1.18366 0.478229 1.16368
1.17513 0.498813 1.16368
1.16625 0.519246 1.16368
1.15701 0.539521 1.17571
1.14741 0.559631 1.17571
1.13747 0.579571 1.17571
1.12718 0.599335 1.17571
1.11655 0.618915 1.17571
1.10558 0.638308 1.17571
1.09427 0.657505 1.17571
1.08263 0.676503 1.17571
1.07066 0.695295 1.17571
1.05836 0.713874 1.17571
1.04574 0.732236 1.1942
1.0328 0.750376 1.1942
1.01955 0.768286 1.1942
1.00599 0.785963 1.1942
0.992116 0.8034 1.1942
0.977944 0.820592 1.1942
0.963474 0.837535 1.1942
0.94871 0.854222 1.1942
0.933657 0.87065 1.1942
0.91832 0.886812 1.1942
0.902703 0.902703 1.21956
0.886812 0.91832 1.21956
0.87065 0.933657 1.21956
0.854222 0.94871 1.21956
0.837535 0.963474 1.21956
0.820592 0.977944 1.21956
0.8034 0.992116 1.21956
0.785963 1.00599 1.21956
0.768286 1.01955 1.21956
0.750376 1.0328 1.21956
0.732236 1.04574 1.25077
0.713874 1.05836 1.25077
0.695295 1.07066 1.25077
0.676503 1.08263 1.25077
0.657505 1.09427 1.25077
0.638308 1.10558 1.25077
0.618915 1.11655 1.25077
0.599335 1.12718 1.25077
0.579571 1.13747 1.25077
0.559631 1.14741 1.25077
0.539521 1.15701 1.28542
0.519246 1.16625 1.28542
0.498813 1.17513 1.28542
0.478229 1.18366 1.28542
0.457498 1.19182 1.28542
0.436628 1.19963 1.28542
0.415625 1.20706 1.28542
0.394496 1.21413 1.28542
0.373246 1.22083 1.28542
0.351883 1.22716 1.28542
0.330412 1.23312 1.31998
0.308841 1.23869 1.31998
0.287176 1.2439 1.31998
0.265423 1.24872 1.31998
0.24359 1.25316 1.31998
0.221682 1.25722 1.31998
0.199707 1.2609 1.31998
0.177671 1.26419 1.31998
0.15558 1.2671 1.31998
0.133443 1.26962 1.31998
0.111264 1.27176 1.35061
0.0890522 1.27351 1.35061
0.0668129 1.27487 1.35061
0.0445532 1.27584 1.35061
0.02228 1.27642 1.35061
7.81701e-17 1.27662 1.35061
-0.02228 1.27642 1.35061
-0.0445532 1.27584 1.35061
-0.0668129 1.27487 1.35061
-0.0890522 1.27351 1.35061
-0.111264 1.27176 1.37391
-0.133443 1.26962 1.37391
-0.15558 1.2671 1.37391
-0.177671 1.26419 1.37391
-0.199707 1.2609 1.37391
-0.221682 1.25722 1.37391
-0.24359 1.25316 1.37391
-0.265423 1.24872 1.37391
-0.287176 1.2439 1.37391
-0.308841 1.23869 1.37391
-0.330412 1.23312 1.38765
-0.351883 1.22716 1.38765
-0.373246 1.22083 1.38765
-0.394496 1.21413 1.38765
-0.415625 1.20706 1.38765
-0.436628 1.19963 1.38765
-0.457498 1.19182 1.38765
-0.478229 1.18366 1.38765
-0.498813 1.17513 1.38765
-0.519246 1.16625 1.38765
-0.539521 1.15701 1.39113
-0.559631 1.14741 1.39113
-0.579571 1.13747 1.39113
-0.599335 1.12718 1.39113
-0.618915 1.11655 1.39113
-0.638308 1.10558 1.39113
-0.657505 1.09427 1.39113
-0.676503 1.08263 1.39113
-0.695295 1.07066 1.39113
-0.713874 1.05836 1.39113
-0.732236 1.04574 1.3853
-0.750376 1.0328 1.3853
-0.768286 1.01955 1.3853
-0.785963 1.00599 1.3853
-0.8034 0.992116 1.3853
-0.820592 0.977944 1.3853
-0.837535 0.963474 1.3853
-0.854222 0.94871 1.3853
-0.87065 0.933657 1.3853
-0.886812 0.91832 1.3853
-0.902703 0.902703 1.37257
-0.91832 0.886812 1.37257
-0.933657 0.87065 1.37257
-0.94871 0.854222 1.37257
-0.963474 0.837535 1.37257
-0.977944 0.820592 1.37257
-0.992116 0.8034 1.37257
-1.00599 0.785963 1.37257
-1.01955 0.768286 1.37257
-1.0328 0.750376 1.37257
-1.04574 0.732236 1.35648
-1.05836 0.713874 1.35648
-1.07066 0.695295 1.35648
-1.08263 0.676503 1.35648
-1.09427 0.657505 1.35648
-1.10558 0.638308 1.35648
-1.11655 0.618915 1.35648
-1.12718 0.599335 1.35648
-1.13747 0.579571 1.35648
-1.14741 0.559631 1.35648
-1.15701 0.539521 1.34108
-1.16625 0.519246 1.34108
-1.17513 0.498813 1.34108
-1.18366 0.478229 1.34108
-1.19182 0.457498 1.34108
-1.19963 0.436628 1.34108
-1.20706 0.415625 1.34108
-1.21413 0.394496 1.34108
-1.22083 0.373246 1.34108
-1.22716 0.351883 1.34108
-1.23312 0.330412 1.33008
-1.23869 0.308841 1.33008
-1.2439 0.287176 1.33008
-1.24872 0.265423 1.33008
-1.25316 0.24359 1.33008
-1.25722 0.221682 1.33008
-1.2609 0.199707 1.33008
-1.26419 0.177671 1.33008
-1.2671 0.15558 1.33008
-1.26962 0.133443 1.33008
-1.27176 0.111264 1.32608
-1.27351 0.0890522 1.32608
-1.27487 0.0668129 1.32608
-1.27584 0.0445532 1.32608
-1.27642 0.02228 1.32608
-1.27662 1.5634e-16 1.32608
-1.27642 -0.02228 1.32608
-1.27584 -0.0445532 1.32608
-1.27487 -0.0668129 1.32608
-1.27351 -0.0890522 1.32608
-1.27176 -0.111264 1.32608
-1.26962 -0.133443 1.3299
-1.2671 -0.15558 1.3299
-1.26419 -0.177671 1.3299
-1.2609 -0.199707 1.3299
-1.25722 -0.221682 1.3299
-1.25316 -0.24359 1.3299
-1.24872 -0.265423 1.3299
-1.2439 -0.287176 1.3299
-1.23869 -0.308841 1.3299
-1.23312 -0.330412 1.3299
-1.22716 -0.351883 1.34048
-1.22083 -0.373246 1.34048
-1.21413 -0.394496 1.34048
-1.20706 -0.415625 1.34048
-1.19963 -0.436628 1.34048
-1.19182 -0.457498 1.34048
-1.18366 -0.478229 1.34048
-1.17513 -0.498813 1.34048
-1.16625 -0.519246 1.34048
-1.15701 -0.539521 1.34048
-1.14741 -0.559631 1.35508
-1.13747 -0.579571 1.35508
-1.12718 -0.599335 1.35508
-1.11655 -0.618915 1.35508
-1.10558 -0.638308 1.35508
-1.09427 -0.657505 1.35508
-1.08263 -0.676503 1.35508
-1.07066 -0.695295 1.35508
-1.05836 -0.713874 1.35508
-1.04574 -0.732236 1.35508
-1.0328 -0.750376 1.36989
-1.01955 -0.768286 1.36989
-1.00599 -0.785963 1.36989
-0.992116 -0.8034 1.36989
-0.977944 -0.820592 1.36989
-0.963474 -0.837535 1.36989
-0.94871 -0.854222 1.36989
-0.933657 -0.87065 1.36989
-0.91832 -0.886812 1.36989
-0.902703 -0.902703 1.36989
-0.886812 -0.91832 1.38093
-0.87065 -0.933657 1.38093
-0.854222 -0.94871 1.38093
-0.837535 -0.963474 1.38093
-0.820592 -0.977944 1.38093
-0.8034 -0.992116 1.38093
-0.785963 -1.00599 1.38093
-0.768286 -1.01955 1.38093
-0.750376 -1.0328 1.38093
-0.732236 -1.04574 1.38093
-0.713874 -1.05836 1.38481
-0.695295 -1.07066 1.38481
-0.676503 -1.08263 1.38481
-0.657505 -1.09427 1.38481
-0.638308 -1.10558 1.38481
-0.618915 -1.11655 1.38481
-0.599335 -1.12718 1.38481
-0.579571 -1.13747 1.38481
-0.559631 -1.14741 1.38481
-0.539521 -1.15701 1.38481
-0.519246 -1.16625 1.37934
-0.498813 -1.17513 1.37934
-0.478229 -1.18366 1.37934
-0.457498 -1.19182 1.37934
-0.436628 -1.19963 1.37934
-0.415625 -1.20706 1.37934
-0.394496 -1.21413 1.37934
-0.373246 -1.22083 1.37934
-0.351883 -1.22716 1.37934
-0.330412 -1.23312 1.37934
-0.308841 -1.23869 1.36387
-0.287176 -1.2439 1.36387
-0.265423 -1.24872 1.36387
-0.24359 -1.25316 1.36387
-0.221682 -1.25722 1.36387
-0.199707 -1.2609 1.36387
-0.177671 -1.26419 1.36387
-0.15558 -1.2671 1.36387
-0.133443 -1.26962 1.36387
-0.111264 -1.27176 1.36387
-0.0890522 -1.27351 1.33932
-0.0668129 -1.27487 1.33932
-0.0445532 -1.27584 1.33932
-0.02228 -1.27642 1.33932
-2.3451e-16 -1.27662 1.33932
0.02228 -1.27642 1.33932
0.0445532 -1.27584 1.33932
0.0668129 -1.27487 1.33932
0.0890522 -1.27351 1.33932
0.111264 -1.27176 1.33932
0.133443 -1.26962 1.30812
0.15558 -1.2671 1.30812
0.177671 -1.26419 1.30812
0.199707 -1.2609 1.30812
0.221682 -1.25722 1.30812
0.24359 -1.25316 1.30812
0.265423 -1.24872 1.30812
0.287176 -1.2439 1.30812
0.308841 -1.23869 1.30812
0.330412 -1.23312 1.30812
0.351883 -1.22716 1.27373
0.373246 -1.22083 1.27373
0.394496 -1.21413 1.27373
0.415625 -1.20706 1.27373
0.436628 -1.19963 1.27373
0.457498 -1.19182 1.27373
0.478229 -1.18366 1.27373
0.498813 -1.17513 1.27373
0.519246 -1.16625 1.27373
0.539521 -1.15701 1.27373
0.559631 -1.14741 1.23996
0.579571 -1.13747 1.23996
0.599335 -1.12718 1.23996
0.618915 -1.11655 1.23996
0.638308 -1.10558 1.23996
0.657505 -1.09427 1.23996
0.676503 -1.08263 1.23996
0.695295 -1.07066 1.23996
0.713874 -1.05836 1.23996
0.732236 -1.04574 1.23996
0.750376 -1.0328 1.21017
0.768286 -1.01955 1.21017
0.785963 -1.00599 1.21017
0.8034 -0.992116 1.21017
0.820592 -0.977944 1.21017
0.837535 -0.963474 1.21017
0.854222 -0.94871 1.21017
0.87065 -0.933657 1.21017
0.886812 -0.91832 1.21017
0.902703 -0.902703 1.21017
0.91832 -0.886812 1.18661
0.933657 -0.87065 1.18661
0.94871 -0.854222 1.18661
0.963474 -0.837535 1.18661
0.977944 -0.820592 1.18661
0.992116 -0.8034 1.18661
1.00599 -0.785963 1.18661
1.01955 -0.768286 1.18661
1.0328 -0.750376 1.18661
1.04574 -0.732236 1.18661
1.05836 -0.713874 1.17006
1.07066 -0.695295 1.17006
1.08263 -0.676503 1.17006
1.09427 -0.657505 1.17006
1.10558 -0.638308 1.17006
1.11655 -0.618915 1.17006
1.12718 -0.599335 1.17006
1.13747 -0.579571 1.17006
1.14741 -0.559631 1.17006
1.15701 -0.539521 1.17006
1.16625 -0.519246 1.15998
1.17513 -0.498813 1.15998
1.18366 -0.478229 1.15998
1.19182 -0.457498 1.15998
1.19963 -0.436628 1.15998
1.20706 -0.415625 1.15998
1.21413 -0.394496 1.15998
1.22083 -0.373246 1.15998
1.22716 -0.351883 1.15998
1.23312 -0.330412 1.15998
1.23869 -0.308841 1.15511
1.2439 -0.287176 1.15511
1.24872 -0.265423 1.15511
1.25316 -0.24359 1.15511
1.25722 -0.221682 1.15511
1.2609 -0.199707 1.15511
1.26419 -0.177671 1.15511
1.2671 -0.15558 1.15511
1.26962 -0.133443 1.15511
1.27176 -0.111264 1.15511
1.27351 -0.0890522 1.17889
1.27487 -0.0668129 1.17889
1.27584 -0.0445532 1.17889
1.27642 -0.02228 1.17889

1.3564 0 1.13046
1.3562 0.0236725 1.13046
1.35558 0.0473378 1.13046
1.35454 0.0709887 1.13046
1.3531 0.0946179 1.13046
1.35124 0.118218 1.13222
1.34897 0.141783 1.13222
1.34629 0.165304 1.13222
1.3432 0.188775 1.13222
1.3397 0.212188 1.13222
1.3358 0.235537 1.13222
1.33148 0.258814 1.13222
1.32676 0.282012 1.13222
1.32164 0.305124 1.13642
1.31611 0.328144 1.13642
1.31019 0.351063 1.13642
1.30386 0.373876 1.13642
1.29714 0.396574 1.13642
1.29002 0.419152 1.13642
1.2825 0.441602 1.13642
1.2746 0.463917 1.13642
1.26631 0.486092 1.13642
1.25764 0.508118 1.14448
1.24858 0.529989 1.14448
1.23914 0.551699 1.14448
1.22932 0.573241 1.14448
1.21913 0.594608 1.14448
1.20856 0.615794 1.14448
1.19763 0.636793 1.14448
1.18634 0.657598 1.14448
1.17468 0.678202 1.15815
1.16266 0.6986 1.15815
1.1503 0.718784 1.15815
1.13758 0.73875 1.15815
1.12451 0.758491 1.15815
1.1111 0.778001 1.15815
1.09735 0.797274 1.15815
1.08327 0.816304 1.15815
1.06886 0.835086 1.15815
1.05412 0.853613 1.17879
1.03907 0.87188 1.17879
1.02369 0.889881 1.17879
1.008 0.907611 1.17879
0.992011 0.925065 1.17879
0.975715 0.942237 1.17879
0.959122 0.959122 1.17879
0.942237 0.975715 1.17879
0.925065 0.992011 1.17879
0.907611 1.008 1.20677
0.889881 1.02369 1.20677
0.87188 1.03907 1.20677
0.853613 1.05412 1.20677
0.835086 1.06886 1.20677
0.816304 1.08327 1.20677
0.797274 1.09735 1.20677
0.778001 1.1111 1.20677
0.758491 1.12451 1.24114
0.73875 1.13758 1.24114
0.718784 1.1503 1.24114
0.6986 1.16266 1.24114
0.678202 1.17468 1.24114
0.657598 1.18634 1.24114
0.636793 1.19763 1.24114
0.615794 1.20856 1.24114
0.594608 1.21913 1.24114
0.573241 1.22932 1.27963
0.551699 1.23914 1.27963
0.529989 1.24858 1.27963
0.508118 1.25764 1.27963
0.486092 1.26631 1.27963
0.463917 1.2746 1.27963
0.441602 1.2825 1.27963
0.419152 1.29002 1.27963
0.396574 1.29714 1.31903
0.373876 1.30386 1.31903
0.351063 1.31019 1.31903
0.328144 1.31611 1.31903
0.305124 1.32164 1.31903
0.282012 1.32676 1.31903
0.258814 1.33148 1.31903
0.235537 1.3358 1.31903
0.212188 1.3397 1.31903
0.188775 1.3432 1.3557
0.165304 1.34629 1.3557
0.141783 1.34897 1.3557
0.118218 1.35124 1.3557
0.0946179 1.3531 1.3557
0.0709887 1.35454 1.3557
0.0473378 1.35558 1.3557
0.0236725 1.3562 1.3557
8.30558e-17 1.3564 1.38621
-0.0236725 1.3562 1.38621
-0.0473378 1.35558 1.38621
-0.0709887 1.35454 1.38621
-0.0946179 1.3531 1.38621
-0.118218 1.35124 1.38621
-0.141783 1.34897 1.38621
-0.165304 1.34629 1.38621
-0.188775 1.3432 1.38621
-0.212188 1.3397 1.4079
-0.235537 1.3358 1.4079
-0.258814 1.33148 1.4079
-0.282012 1.32676 1.4079
-0.305124 1.32164 1.4079
-0.328144 1.31611 1.4079
-0.351063 1.31019 1.4079
-0.373876 1.30386 1.4079
-0.396574 1.29714 1.4079
-0.419152 1.29002 1.41922
-0.441602 1.2825 1.41922
-0.463917 1.2746 1.41922
-0.486092 1.26631 1.41922
-0.508118 1.25764 1.41922
-0.529989 1.24858 1.41922
-0.551699 1.23914 1.41922
-0.573241 1.22932 1.41922
-0.594608 1.21913 1.41985
-0.615794 1.20856 1.41985
-0.636793 1.19763 1.41985
-0.657598 1.18634 1.41985
-0.678202 1.17468 1.41985
-0.6986 1.16266 1.41985
-0.718784 1.1503 1.41985
-0.73875 1.13758 1.41985
-0.758491 1.12451 1.41985
-0.778001 1.1111 1.41077
-0.797274 1.09735 1.41077
-0.816304 1.08327 1.41077
-0.835086 1.06886 1.41077
-0.853613 1.05412 1.41077
-0.87188 1.03907 1.41077
-0.889881 1.02369 1.41077
-0.907611 1.008 1.41077
-0.925065 0.992011 1.39407
-0.942237 0.975715 1.39407
-0.959122 0.959122 1.39407
-0.975715 0.942237 1.39407
-0.992011 0.925065 1.39407
-1.008 0.907611 1.39407
-1.02369 0.889881 1.39407
-1.03907 0.87188 1.39407
-1.05412 0.853613 1.39407
-1.06886 0.835086 1.37285
-1.08327 0.816304 1.37285
-1.09735 0.797274 1.37285
-1.1111 0.778001 1.37285
-1.12451 0.758491 1.37285
-1.13758 0.73875 1.37285
-1.1503 0.718784 1.37285
-1.16266 0.6986 1.37285
-1.17468 0.678202 1.35079
-1.18634 0.657598 1.35079
-1.19763 0.636793 1.35079
-1.20856 0.615794 1.35079
-1.21913 0.594608 1.35079
-1.22932 0.573241 1.35079
-1.23914 0.551699 1.35079
-1.24858 0.529989 1.35079
-1.25764 0.508118 1.35079
-1.26631 0.486092 1.33169
-1.2746 0.463917 1.33169
-1.2825 0.441602 1.33169
-1.29002 0.419152 1.33169
-1.29714 0.396574 1.33169
-1.30386 0.373876 1.33169
-1.31019 0.351063 1.33169
-1.31611 0.328144 1.33169
-1.32164 0.305124 1.33169
-1.32676 0.282012 1.31882
-1.33148 0.258814 1.31882
-1.3358 0.235537 1.31882
-1.3397 0.212188 1.31882
-1.3432 0.188775 1.31882
-1.34629 0.165304 1.31882
-1.34897 0.141783 1.31882
-1.35124 0.118218 1.31882
-1.3531 0.0946179 1.31437
-1.35454 0.0709887 1.31437
-1.35558 0.0473378 1.31437
-1.3562 0.0236725 1.31437
-1.3564 1.66112e-16 1.31437
-1.3562 -0.0236725 1.31437
-1.35558 -0.0473378 1.31437
-1.35454 -0.0709887 1.31437
-1.3531 -0.0946179 1.31437
-1.35124 -0.118218 1.31903
-1.34897 -0.141783 1.31903
-1.34629 -0.165304 1.31903
-1.3432 -0.188775 1.31903
-1.3397 -0.212188 1.31903
-1.3358 -0.235537 1.31903
-1.33148 -0.258814 1.31903
-1.32676 -0.282012 1.31903
-1.32164 -0.305124 1.33188
-1.31611 -0.328144 1.33188
-1.31019 -0.351063 1.33188
-1.30386 -0.373876 1.33188
-1.29714 -0.396574 1.33188
-1.29002 -0.419152 1.33188
-1.2825 -0.441602 1.33188
-1.2746 -0.463917 1.33188
-1.26631 -0.486092 1.33188
-1.25764 -0.508118 1.35055
-1.24858 -0.529989 1.35055
-1.23914 -0.551699 1.35055
-1.22932 -0.573241 1.35055
-1.21913 -0.594608 1.35055
-1.20856 -0.615794 1.35055
-1.19763 -0.636793 1.35055
-1.18634 -0.657598 1.35055
-1.17468 -0.678202 1.35055
-1.16266 -0.6986 1.37164
-1.1503 -0.718784 1.37164
-1.13758 -0.73875 1.37164
-1.12451 -0.758491 1.37164
-1.1111 -0.778001 1.37164
-1.09735 -0.797274 1.37164
-1.08327 -0.816304 1.37164
-1.06886 -0.835086 1.37164
-1.05412 -0.853613 1.39137
-1.03907 -0.87188 1.39137
-1.02369 -0.889881 1.39137
-1.008 -0.907611 1.39137
-0.992011 -0.925065 1.39137
-0.975715 -0.942237 1.39137
-0.959122 -0.959122 1.39137
-0.942237 -0.975715 1.39137
-0.925065 -0.992011 1.39137
-0.907611 -1.008 1.4061
-0.889881 -1.02369 1.4061
-0.87188 -1.03907 1.4061
-0.853613 -1.05412 1.4061
-0.835086 -1.06886 1.4061
-0.816304 -1.08327 1.4061
-0.797274 -1.09735 1.4061
-0.778001 -1.1111 1.4061
-0.758491 -1.12451 1.41293
-0.73875 -1.13758 1.41293
-0.718784 -1.1503 1.41293
-0.6986 -1.16266 1.41293
-0.678202 -1.17468 1.41293
-0.657598 -1.18634 1.41293
-0.636793 -1.19763 1.41293
-0.615794 -1.20856 1.41293
-0.594608 -1.21913 1.41293
-0.573241 -1.22932 1.40997
-0.551699 -1.23914 1.40997
-0.529989 -1.24858 1.40997
-0.508118 -1.25764 1.40997
-0.486092 -1.26631 1.40997
-0.463917 -1.2746 1.40997
-0.441602 -1.2825 1.40997
-0.419152 -1.29002 1.40997
-0.396574 -1.29714 1.39651
-0.373876 -1.30386 1.39651
-0.351063 -1.31019 1.39651
-0.328144 -1.31611 1.39651
-0.305124 -1.32164 1.39651
-0.282012 -1.32676 1.39651
-0.258814 -1.33148 1.39651
-0.235537 -1.3358 1.39651
-0.212188 -1.3397 1.39651
-0.188775 -1.3432 1.3731
-0.165304 -1.34629 1.3731
-0.141783 -1.34897 1.3731
-0.118218 -1.35124 1.3731
-0.0946179 -1.3531 1.3731
-0.0709887 -1.35454 1.3731
-0.0473378 -1.35558 1.3731
-0.0236725 -1.3562 1.3731
-2.49167e-16 -1.3564 1.3731
0.0236725 -1.3562 1.34148
0.0473378 -1.35558 1.34148
0.0709887 -1.35454 1.34148
0.0946179 -1.3531 1.34148
0.118218 -1.35124 1.34148
0.141783 -1.34897 1.34148
0.165304 -1.34629 1.34148
0.188775 -1.3432 1.34148
0.212188 -1.3397 1.30445
0.235537 -1.3358 1.30445
0.258814 -1.33148 1.30445
0.282012 -1.32676 1.30445
0.305124 -1.32164 1.30445
0.328144 -1.31611 1.30445
0.351063 -1.31019 1.30445
0.373876 -1.30386 1.30445
0.396574 -1.29714 1.30445
0.419152 -1.29002 1.26545
0.441602 -1.2825 1.26545
0.463917 -1.2746 1.26545
0.486092 -1.26631 1.26545
0.508118 -1.25764 1.26545
0.529989 -1.24858 1.26545
0.551699 -1.23914 1.26545
0.573241 -1.22932 1.26545
0.594608 -1.21913 1.22804
0.615794 -1.20856 1.22804
0.636793 -1.19763 1.22804
0.657598 -1.18634 1.22804
0.678202 -1.17468 1.22804
0.6986 -1.16266 1.22804
0.718784 -1.1503 1.22804
0.73875 -1.13758 1.22804
0.758491 -1.12451 1.22804
0.778001 -1.1111 1.1953
0.797274 -1.09735 1.1953
0.816304 -1.08327 1.1953
0.835086 -1.06886 1.1953
0.853613 -1.05412 1.1953
0.87188 -1.03907 1.1953
0.889881 -1.02369 1.1953
0.907611 -1.008 1.1953
0.925065 -0.992011 1.16928
0.942237 -0.975715 1.16928
0.959122 -0.959122 1.16928
0.975715 -0.942237 1.16928
0.992011 -0.925065 1.16928
1.008 -0.907611 1.16928
1.02369 -0.889881 1.16928
1.03907 -0.87188 1.16928
1.05412 -0.853613 1.16928
1.06886 -0.835086 1.15074
1.08327 -0.816304 1.15074
1.09735 -0.797274 1.15074
1.1111 -0.778001 1.15074
1.12451 -0.758491 1.15074
1.13758 -0.73875 1.15074
1.1503 -0.718784 1.15074
1.16266 -0.6986 1.15074
1.17468 -0.678202 1.15074
1.18634 -0.657598 1.13913
1.19763 -0.636793 1.13913
1.20856 -0.615794 1.13913
1.21913 -0.594608 1.13913
1.22932 -0.573241 1.13913
1.23914 -0.551699 1.13913
1.24858 -0.529989 1.13913
1.25764 -0.508118 1.13913
1.26631 -0.486092 1.13299
1.2746 -0.463917 1.13299
1.2825 -0.441602 1.13299
1.29002 -0.419152 1.13299
1.29714 -0.396574 1.13299
1.30386 -0.373876 1.13299
1.31019 -0.351063 1.13299
1.31611 -0.328144 1.13299
1.32164 -0.305124 1.13299
1.32676 -0.282012 1.13055
1.33148 -0.258814 1.13055
1.3358 -0.235537 1.13055
1.3397 -0.212188 1.13055
1.3432 -0.188775 1.13055
1.34629 -0.165304 1.13055
1.34897 -0.141783 1.13055
1.35124 -0.118218 1.13055
1.3531 -0.0946179 1.15424
1.35454 -0.0709887 1.15424
1.35558 -0.0473378 1.15424
1.3562 -0.0236725 1.15424

1.43619 0 1.13046
1.43597 0.025065 1.13046
1.43532 0.0501224 1.13046
1.43422 0.0751645 1.13046
1.43269 0.100184 1.13046
1.43073 0.125172 1.13222
1.42832 0.150123 1.13222
1.42549 0.175028 1.13222
1.42222 0.199879 1.13222
1.41851 0.22467 1.13222
1.41437 0.249392 1.13222
1.40981 0.274038 1.13222
1.40481 0.298601 1.13222
1.39938 0.323073 1.13642
1.39353 0.347446 1.13642
1.38726 0.371714 1.13642
1.38056 0.395868 1.13642
1.37344 0.419902 1.13642
1.3659 0.443808 1.13642
1.35795 0.467578 1.13642
1.34958 0.491207 1.13642
1.3408 0.514685 1.13642
1.33161 0.538007 1.14448
1.32202 0.561165 1.14448
1.31203 0.584152 1.14448
1.30163 0.606961 1.14448
1.29084 0.629585 1.14448
1.27966 0.652018 1.14448
1.26808 0.674251 1.14448
1.25612 0.69628 1.14448
1.24378 0.718096 1.15815
1.23106 0.739694 1.15815
1.21796 0.761066 1.15815
1.20449 0.782206 1.15815
1.19066 0.803108 1.15815
1.17646 0.823766 1.15815
1.1619 0.844173 1.15815
1.14699 0.864322 1.15815
1.13173 0.884208 1.15815
1.11613 0.903825 1.17879
1.10019 0.923167 1.17879
1.08391 0.942227 1.17879
1.0673 0.961 1.17879
1.05036 0.979481 1.17879
1.03311 0.997663 1.17879
1.01554 1.01554 1.17879
0.997663 1.03311 1.17879
0.979481 1.05036 1.17879
0.961 1.0673 1.20677
0.942227 1.08391 1.20677
0.923167 1.10019 1.20677
0.903825 1.11613 1.20677
0.884208 1.13173 1.20677
0.864322 1.14699 1.20677
0.844173 1.1619 1.20677
0.823766 1.17646 1.20677
0.803108 1.19066 1.24114
0.782206 1.20449 1.24114
0.761066 1.21796 1.24114
0.739694 1.23106 1.24114
0.718096 1.24378 1.24114
0.69628 1.25612 1.24114
0.674251 1.26808 1.24114
0.652018 1.27966 1.24114
0.629585 1.29084 1.24114
0.606961 1.30163 1.27963
0.584152 1.31203 1.27963
0.561165 1.32202 1.27963
0.538007 1.33161 1.27963
0.514685 1.3408 1.27963
0.491207 1.34958 1.27963
0.467578 1.35795 1.27963
0.443808 1.3659 1.27963
0.419902 1.37344 1.31903
0.395868 1.38056 1.31903
0.371714 1.38726 1.31903
0.347446 1.39353 1.31903
0.323073 1.39938 1.31903
0.298601 1.40481 1.31903
0.274038 1.40981 1.31903
0.249392 1.41437 1.31903
0.22467 1.41851 1.31903
0.199879 1.42222 1.3557
0.175028 1.42549 1.3557
0.150123 1.42832 1.3557
0.125172 1.43073 1.3557
0.100184 1.43269 1.3557
0.0751645 1.43422 1.3557
0.0501224 1.43532 1.3557
0.025065 1.43597 1.3557
8.79414e-17 1.43619 1.38621
-0.025065 1.43597 1.38621
-0.0501224 1.43532 1.38621
-0.0751645 1.43422 1.38621
-0.100184 1.43269 1.38621
-0.125172 1.43073 1.38621
-0.150123 1.42832 1.38621
-0.175028 1.42549 1.38621
-0.199879 1.42222 1.38621
-0.22467 1.41851 1.4079
-0.249392 1.41437 1.4079
-0.274038 1.40981 1.4079
-0.298601 1.40481 1.4079
-0.323073 1.39938 1.4079
-0.347446 1.39353 1.4079
-0.371714 1.38726 1.4079
-0.395868 1.38056 1.4079
-0.419902 1.37344 1.4079
-0.443808 1.3659 1.41922
-0.467578 1.35795 1.41922
-0.491207 1.34958 1.41922
-0.514685 1.3408 1.41922
-0.538007 1.33161 1.41922
-0.561165 1.32202 1.41922
-0.584152 1.31203 1.41922
-0.606961 1.30163 1.41922
-0.629585 1.29084 1.41985
-0.652018 1.27966 1.41985
-0.674251 1.26808 1.41985
-0.69628 1.25612 1.41985
-0.718096 1.24378 1.41985
-0.739694 1.23106 1.41985
-0.761066 1.21796 1.41985
-0.782206 1.20449 1.41985
-0.803108 1.19066 1.41985
-0.823766 1.17646 1.41077
-0.844173 1.1619 1.41077
-0.864322 1.14699 1.41077
-0.884208 1.13173 1.41077
-0.903825 1.11613 1.41077
-0.923167 1.10019 1.41077
-0.942227 1.08391 1.41077
-0.961 1.0673 1.41077
-0.979481 1.05036 1.39407
-0.997663 1.03311 1.39407
-1.01554 1.01554 1.39407
-1.03311 0.997663 1.39407
-1.05036 0.979481 1.39407
-1.0673 0.961 1.39407
-1.08391 0.942227 1.39407
-1.10019 0.923167 1.39407
-1.11613 0.903825 1.39407
-1.13173 0.884208 1.37285
-1.14699 0.864322 1.37285
-1.1619 0.844173 1.37285
-1.17646 0.823766 1.37285
-1.19066 0.803108 1.37285
-1.20449 0.782206 1.37285
-1.21796 0.761066 1.37285
-1.23106 0.739694 1.37285
-1.24378 0.718096 1.35079
-1.25612 0.69628 1.35079
-1.26808 0.674251 1.35079
-1.27966 0.652018 1.35079
-1.29084 0.629585 1.35079
-1.30163 0.606961 1.35079
-1.31203 0.584152 1.35079
-1.32202 0.561165 1.35079
-1.33161 0.538007 1.35079
-1.3408 0.514685 1.33169
-1.34958 0.491207 1.33169
-1.35795 0.467578 1.33169
-1.3659 0.443808 1.33169
-1.37344 0.419902 1.33169
-1.38056 0.395868 1.33169
-1.38726 0.371714 1.33169
-1.39353 0.347446 1.33169
-1.39938 0.323073 1.33169
-1.40481 0.298601 1.31882
-1.40981 0.274038 1.31882
-1.41437 0.249392 1.31882
-1.41851 0.22467 1.31882
-1.42222 0.199879 1.31882
-1.42549 0.175028 1.31882
-1.42832 0.150123 1.31882
-1.43073 0.125172 1.31882
-1.43269 0.100184 1.31437
-1.43422 0.0751645 1.31437
-1.43532 0.0501224 1.31437
-1.43597 0.025065 1.31437
-1.43619 1.75883e-16 1.31437
-1.43597 -0.025065 1.31437
-1.43532 -0.0501224 1.31437
-1.43422 -0.0751645 1.31437
-1.43269 -0.100184 1.31437
-1.43073 -0.125172 1.31903
-1.42832 -0.150123 1.31903
-1.42549 -0.175028 1.31903
-1.42222 -0.199879 1.31903
-1.41851 -0.22467 1.31903
-1.41437 -0.249392 1.31903
-1.40981 -0.274038 1.31903
-1.40481 -0.298601 1.31903
-1.39938 -0.323073 1.33188
-1.39353 -0.347446 1.33188
-1.38726 -0.371714 1.33188
-1.38056 -0.395868 1.33188
-1.37344 -0.419902 1.33188
-1.3659 -0.443808 1.33188
-1.35795 -0.467578 1.33188
-1.34958 -0.491207 1.33188
-1.3408 -0.514685 1.33188
-1.33161 -0.538007 1.35055
-1.32202 -0.561165 1.35055
-1.31203 -0.584152 1.35055
-1.30163 -0.606961 1.35055
-1.29084 -0.629585 1.35055
-1.27966 -0.652018 1.35055
-1.26808 -0.674251 1.35055
-1.25612 -0.69628 1.35055
-1.24378 -0.718096 1.35055
-1.23106 -0.739694 1.37164
-1.21796 -0.761066 1.37164
-1.20449 -0.782206 1.37164
-1.19066 -0.803108 1.37164
-1.17646 -0.823766 1.37164
-1.1619 -0.844173 1.37164
-1.14699 -0.864322 1.37164
-1.13173 -0.884208 1.37164
-1.11613 -0.903825 1.39137
-1.10019 -0.923167 1.39137
-1.08391 -0.942227 1.39137
-1.0673 -0.961 1.39137
-1.05036 -0.979481 1.39137
-1.03311 -0.997663 1.39137
-1.01554 -1.01554 1.39137
-0.997663 -1.03311 1.39137
-0.979481 -1.05036 1.39137
-0.961 -1.0673 1.4061
-0.942227 -1.08391 1.4061
-0.923167 -1.10019 1.4061
-0.903825 -1.11613 1.4061
-0.884208 -1.13173 1.4061
-0.864322 -1.14699 1.4061
-0.844173 -1.1619 1.4061
-0.823766 -1.17646 1.4061
-0.803108 -1.19066 1.41293
-0.782206 -1.20449 1.41293
-0.761066 -1.21796 1.41293
-0.739694 -1.23106 1.41293
-0.718096 -1.24378 1.41293
-0.69628 -1.25612 1.41293
-0.674251 -1.26808 1.41293
-0.652018 -1.27966 1.41293
-0.629585 -1.29084 1.41293
-0.606961 -1.30163 1.40997
-0.584152 -1.31203 1.40997
-0.561165 -1.32202 1.40997
-0.538007 -1.33161 1.40997
-0.514685 -1.3408 1.40997
-0.491207 -1.34958 1.40997
-0.467578 -1.35795 1.40997
-0.443808 -1.3659 1.40997
-0.419902 -1.37344 1.39651
-0.395868 -1.38056 1.39651
-0.371714 -1.38726 1.39651
-0.347446 -1.39353 1.39651
-0.323073 -1.39938 1.39651
-0.298601 -1.40481 1.39651
-0.274038 -1.40981 1.39651
-0.249392 -1.41437 1.39651
-0.22467 -1.41851 1.39651
-0.199879 -1.42222 1.3731
-0.175028 -1.42549 1.3731
-0.150123 -1.42832 1.3731
-0.125172 -1.43073 1.3731
-0.100184 -1.43269 1.3731
-0.0751645 -1.43422 1.3731
-0.0501224 -1.43532 1.3731
-0.025065 -1.43597 1.3731
-2.63824e-16 -1.43619 1.3731
0.025065 -1.43597 1.34148
0.0501224 -1.43532 1.34148
0.0751645 -1.43422 1.34148
0.100184 -1.43269 1.34148
0.125172 -1.43073 1.34148
0.150123 -1.42832 1.34148
0.175028 -1.42549 1.34148
0.199879 -1.42222 1.34148
0.22467 -1.41851 1.30445
0.249392 -1.41437 1.30445
0.274038 -1.40981 1.30445
0.298601 -1.40481 1.30445
0.323073 -1.39938 1.30445
0.347446 -1.39353 1.30445
0.371714 -1.38726 1.30445
0.395868 -1.38056 1.30445
0.419902 -1.37344 1.30445
0.443808 -1.3659 1.26545
0.467578 -1.35795 1.26545
0.491207 -1.34958 1.26545
0.514685 -1.3408 1.26545
0.538007 -1.33161 1.26545
0.561165 -1.32202 1.26545
0.584152 -1.31203 1.26545
0.606961 -1.30163 1.26545
0.629585 -1.29084 1.22804
0.652018 -1.27966 1.22804
0.674251 -1.26808 1.22804
0.69628 -1.25612 1.22804
0.718096 -1.24378 1.22804
0.739694 -1.23106 1.22804
0.761066 -1.21796 1.22804
0.782206 -1.20449 1.22804
0.803108 -1.19066 1.22804
0.823766 -1.17646 1.1953
0.844173 -1.1619 1.1953
0.864322 -1.14699 1.1953
0.884208 -1.13173 1.1953
0.903825 -1.11613 1.1953
0.923167 -1.10019 1.1953
0.942227 -1.08391 1.1953
0.961 -1.0673 1.1953
0.979481 -1.05036 1.16928
0.997663 -1.03311 1.16928
1.01554 -1.01554 1.16928
1.03311 -0.997663 1.16928
1.05036 -0.979481 1.16928
1.0673 -0.961 1.16928
1.08391 -0.942227 1.16928
1.10019 -0.923167 1.16928
1.11613 -0.903825 1.16928
1.13173 -0.884208 1.15074
1.14699 -0.864322 1.15074
1.1619 -0.844173 1.15074
1.17646 -0.823766 1.15074
1.19066 -0.803108 1.15074
1.20449 -0.782206 1.15074
1.21796 -0.761066 1.15074
1.23106 -0.739694 1.15074
1.24378 -0.718096 1.15074
1.25612 -0.69628 1.13913
1.26808 -0.674251 1.13913
1.27966 -0.652018 1.13913
1.29084 -0.629585 1.13913
1.30163 -0.606961 1.13913
1.31203 -0.584152 1.13913
1.32202 -0.561165 1.13913
1.33161 -0.538007 1.13913
1.3408 -0.514685 1.13299
1.34958 -0.491207 1.13299
1.35795 -0.467578 1.13299
1.3659 -0.443808 1.13299
1.37344 -0.419902 1.13299
1.38056 -0.395868 1.13299
1.38726 -0.371714 1.13299
1.39353 -0.347446 1.13299
1.39938 -0.323073 1.13299
1.40481 -0.298601 1.13055
1.40981 -0.274038 1.13055
1.41437 -0.249392 1.13055
1.41851 -0.22467 1.13055
1.42222 -0.199879 1.13055
1.42549 -0.175028 1.13055
1.42832 -0.150123 1.13055
1.43073 -0.125172 1.13055
1.43269 -0.100184 1.15424
1.43422 -0.0751645 1.15424
1.43532 -0.0501224 1.15424
1.43597 -0.025065 1.15424

1.51598 0 1.10834
1.51575 0.0264575 1.10834
1.51506 0.052907 1.10834
1.5139 0.0793403 1.10834
1.51229 0.105749 1.10917
1.51021 0.132126 1.10917
1.50768 0.158463 1.10917
1.50468 0.184752 1.10917
1.50123 0.210984 1.10917
1.49732 0.237152 1.10917
1.49295 0.263247 1.10917
1.48813 0.289263 1.10917
1.48285 0.31519 1.11081
1.47713 0.341021 1.11081
1.47095 0.366749 1.11081
1.46432 0.392365 1.11081
1.45725 0.417861 1.11081
1.44974 0.44323 1.11081
1.44178 0.468464 1.11081
1.43339 0.493555 1.1148
1.42456 0.518496 1.1148
1.41529 0.543279 1.1148
1.40559 0.567896 1.1148
1.39547 0.592341 1.1148
1.38492 0.616605 1.1148
1.37395 0.640681 1.1148
1.36255 0.664562 1.1148
1.35075 0.688241 1.12322
1.33853 0.71171 1.12322
1.32591 0.734962 1.12322
1.31288 0.75799 1.12322
1.29945 0.780788 1.12322
1.28562 0.803347 1.12322
1.27141 0.825662 1.12322
1.2568 0.847726 1.13807
1.24182 0.869531 1.13807
1.22645 0.891071 1.13807
1.21072 0.91234 1.13807
1.19461 0.933331 1.13807
1.17814 0.954038 1.13807
1.16131 0.974454 1.13807
1.14413 0.994573 1.13807
1.12659 1.01439 1.16071
1.10872 1.0339 1.16071
1.09051 1.05309 1.16071
1.07196 1.07196 1.16071
1.05309 1.09051 1.16071
1.0339 1.10872 1.16071
1.01439 1.12659 1.16071
0.994573 1.14413 1.19142
0.974454 1.16131 1.19142
0.954038 1.17814 1.19142
0.933331 1.19461 1.19142
0.91234 1.21072 1.19142
0.891071 1.22645 1.19142
0.869531 1.24182 1.19142
0.847726 1.2568 1.19142
0.825662 1.27141 1.22921
0.803347 1.28562 1.22921
0.780788 1.29945 1.22921
0.75799 1.31288 1.22921
0.734962 1.32591 1.22921
0.71171 1.33853 1.22921
0.688241 1.35075 1.22921
0.664562 1.36255 1.27187
0.640681 1.37395 1.27187
0.616605 1.38492 1.27187
0.592341 1.39547 1.27187
0.567896 1.40559 1.27187
0.543279 1.41529 1.27187
0.518496 1.42456 1.27187
0.493555 1.43339 1.27187
0.468464 1.44178 1.31635
0.44323 1.44974 1.31635
0.417861 1.45725 1.31635
0.392365 1.46432 1.31635
0.366749 1.47095 1.31635
0.341021 1.47713 1.31635
0.31519 1.48285 1.31635
0.289263 1.48813 1.35915
0.263247 1.49295 1.35915
0.237152 1.49732 1.35915
0.210984 1.50123 1.35915
0.184752 1.50468 1.35915
0.158463 1.50768 1.35915
0.132126 1.51021 1.35915
0.105749 1.51229 1.35915
0.0793403 1.5139 1.39689
0.052907 1.51506 1.39689
0.0264575 1.51575 1.39689
9.2827e-17 1.51598 1.39689
-0.0264575 1.51575 1.39689
-0.052907 1.51506 1.39689
-0.0793403 1.5139 1.39689
-0.105749 1.51229 1.4267
-0.132126 1.51021 1.4267
-0.158463 1.50768 1.4267
-0.184752 1.50468 1.4267
-0.210984 1.50123 1.4267
-0.237152 1.49732 1.4267
-0.263247 1.49295 1.4267
-0.289263 1.48813 1.4267
-0.31519 1.48285 1.44654
-0.341021 1.47713 1.44654
-0.366749 1.47095 1.44654
-0.392365 1.46432 1.44654
-0.417861 1.45725 1.44654
-0.44323 1.44974 1.44654
-0.468464 1.44178 1.44654
-0.493555 1.43339 1.45535
-0.518496 1.42456 1.45535
-0.543279 1.41529 1.45535
-0.567896 1.40559 1.45535
-0.592341 1.39547 1.45535
-0.616605 1.38492 1.45535
-0.640681 1.37395 1.45535
-0.664562 1.36255 1.45535
-0.688241 1.35075 1.45309
-0.71171 1.33853 1.45309
-0.734962 1.32591 1.45309
-0.75799 1.31288 1.45309
-0.780788 1.29945 1.45309
-0.803347 1.28562 1.45309
-0.825662 1.27141 1.45309
-0.847726 1.2568 1.44072
-0.869531 1.24182 1.44072
-0.891071 1.22645 1.44072
-0.91234 1.21072 1.44072
-0.933331 1.19461 1.44072
-0.954038 1.17814 1.44072
-0.974454 1.16131 1.44072
-0.994573 1.14413 1.44072
-1.01439 1.12659 1.42006
-1.0339 1.10872 1.42006
-1.05309 1.09051 1.42006
-1.07196 1.07196 1.42006
-1.09051 1.05309 1.42006
-1.10872 1.0339 1.42006
-1.12659 1.01439 1.42006
-1.14413 0.994573 1.39381
-1.16131 0.974454 1.39381
-1.17814 0.954038 1.39381
-1.19461 0.933331 1.39381
-1.21072 0.91234 1.39381
-1.22645 0.891071 1.39381
-1.24182 0.869531 1.39381
-1.2568 0.847726 1.39381
-1.27141 0.825662 1.36527
-1.28562 0.803347 1.36527
-1.29945 0.780788 1.36527
-1.31288 0.75799 1.36527
-1.32591 0.734962 1.36527
-1.33853 0.71171 1.36527
-1.35075 0.688241 1.36527
-1.36255 0.664562 1.33807
-1.37395 0.640681 1.33807
-1.38492 0.616605 1.33807
-1.39547 0.592341 1.33807
-1.40559 0.567896 1.33807
-1.41529 0.543279 1.33807
-1.42456 0.518496 1.33807
-1.43339 0.493555 1.33807
-1.44178 0.468464 1.31573
-1.44974 0.44323 1.31573
-1.45725 0.417861 1.31573
-1.46432 0.392365 1.31573
-1.47095 0.366749 1.31573
-1.47713 0.341021 1.31573
-1.48285 0.31519 1.31573
-1.48813 0.289263 1.30119
-1.49295 0.263247 1.30119
-1.49732 0.237152 1.30119
-1.50123 0.210984 1.30119
-1.50468 0.184752 1.30119
-1.50768 0.158463 1.30119
-1.51021 0.132126 1.30119
-1.51229 0.105749 1.30119
-1.5139 0.0793403 1.29636
-1.51506 0.052907 1.29636
-1.51575 0.0264575 1.29636
-1.51598 1.85654e-16 1.29636
-1.51575 -0.0264575 1.29636
-1.51506 -0.052907 1.29636
-1.5139 -0.0793403 1.29636
-1.51229 -0.105749 1.30183
-1.51021 -0.132126 1.30183
-1.50768 -0.158463 1.30183
-1.50468 -0.184752 1.30183
-1.50123 -0.210984 1.30183
-1.49732 -0.237152 1.30183
-1.49295 -0.263247 1.30183
-1.48813 -0.289263 1.30183
-1.48285 -0.31519 1.31678
-1.47713 -0.341021 1.31678
-1.47095 -0.366749 1.31678
-1.46432 -0.392365 1.31678
-1.45725 -0.417861 1.31678
-1.44974 -0.44323 1.31678
-1.44178 -0.468464 1.31678
-1.43339 -0.493555 1.3391
-1.42456 -0.518496 1.3391
-1.41529 -0.543279 1.3391
-1.40559 -0.567896 1.3391
-1.39547 -0.592341 1.3391
-1.38492 -0.616605 1.3391
-1.37395 -0.640681 1.3391
-1.36255 -0.664562 1.3391
-1.35075 -0.688241 1.36573
-1.33853 -0.71171 1.36573
-1.32591 -0.734962 1.36573
-1.31288 -0.75799 1.36573
-1.29945 -0.780788 1.36573
-1.28562 -0.803347 1.36573
-1.27141 -0.825662 1.36573
-1.2568 -0.847726 1.39307
-1.24182 -0.869531 1.39307
-1.22645 -0.891071 1.39307
-1.21072 -0.91234 1.39307
-1.19461 -0.933331 1.39307
-1.17814 -0.954038 1.39307
-1.16131 -0.974454 1.39307
-1.14413 -0.994573 1.39307
-1.12659 -1.01439 1.41754
-1.10872 -1.0339 1.41754
-1.09051 -1.05309 1.41754
-1.07196 -1.07196 1.41754
-1.05309 -1.09051 1.41754
-1.0339 -1.10872 1.41754
-1.01439 -1.12659 1.41754
-0.994573 -1.14413 1.43592
-0.974454 -1.16131 1.43592
-0.954038 -1.17814 1.43592
-0.933331 -1.19461 1.43592
-0.91234 -1.21072 1.43592
-0.891071 -1.22645 1.43592
-0.869531 -1.24182 1.43592
-0.847726 -1.2568 1.43592
-0.825662 -1.27141 1.44571
-0.803347 -1.28562 1.44571
-0.780788 -1.29945 1.44571
-0.75799 -1.31288 1.44571
-0.734962 -1.32591 1.44571
-0.71171 -1.33853 1.44571
-0.688241 -1.35075 1.44571
-0.664562 -1.36255 1.44527
-0.640681 -1.37395 1.44527
-0.616605 -1.38492 1.44527
-0.592341 -1.39547 1.44527
-0.567896 -1.40559 1.44527
-0.543279 -1.41529 1.44527
-0.518496 -1.42456 1.44527
-0.493555 -1.43339 1.44527
-0.468464 -1.44178 1.4339
-0.44323 -1.44974 1.4339
-0.417861 -1.45725 1.4339
-0.392365 -1.46432 1.4339
-0.366749 -1.47095 1.4339
-0.341021 -1.47713 1.4339
-0.31519 -1.48285 1.4339
-0.289263 -1.48813 1.41187
-0.263247 -1.49295 1.41187
-0.237152 -1.49732 1.41187
-0.210984 -1.50123 1.41187
-0.184752 -1.50468 1.41187
-0.158463 -1.50768 1.41187
-0.132126 -1.51021 1.41187
-0.105749 -1.51229 1.41187
-0.0793403 -1.5139 1.38042
-0.052907 -1.51506 1.38042
-0.0264575 -1.51575 1.38042
-2.78481e-16 -1.51598 1.38042
0.0264575 -1.51575 1.38042
0.052907 -1.51506 1.38042
0.0793403 -1.5139 1.38042
0.105749 -1.51229 1.34177
0.132126 -1.51021 1.34177
0.158463 -1.50768 1.34177
0.184752 -1.50468 1.34177
0.210984 -1.50123 1.34177
0.237152 -1.49732 1.34177
0.263247 -1.49295 1.34177
0.289263 -1.48813 1.34177
0.31519 -1.48285 1.29883
0.341021 -1.47713 1.29883
0.366749 -1.47095 1.29883
0.392365 -1.46432 1.29883
0.417861 -1.45725 1.29883
0.44323 -1.44974 1.29883
0.468464 -1.44178 1.29883
0.493555 -1.43339 1.255
0.518496 -1.42456 1.255
0.543279 -1.41529 1.255
0.567896 -1.40559 1.255
0.592341 -1.39547 1.255
0.616605 -1.38492 1.255
0.640681 -1.37395 1.255
0.664562 -1.36255 1.255
0.688241 -1.35075 1.21368
0.71171 -1.33853 1.21368
0.734962 -1.32591 1.21368
0.75799 -1.31288 1.21368
0.780788 -1.29945 1.21368
0.803347 -1.28562 1.21368
0.825662 -1.27141 1.21368
0.847726 -1.2568 1.17776
0.869531 -1.24182 1.17776
0.891071 -1.22645 1.17776
0.91234 -1.21072 1.17776
0.933331 -1.19461 1.17776
0.954038 -1.17814 1.17776
0.974454 -1.16131 1.17776
0.994573 -1.14413 1.17776
1.01439 -1.12659 1.14924
1.0339 -1.10872 1.14924
1.05309 -1.09051 1.14924
1.07196 -1.07196 1.14924
1.09051 -1.05309 1.14924
1.10872 -1.0339 1.14924
1.12659 -1.01439 1.14924
1.14413 -0.994573 1.12891
1.16131 -0.974454 1.12891
1.17814 -0.954038 1.12891
1.19461 -0.933331 1.12891
1.21072 -0.91234 1.12891
1.22645 -0.891071 1.12891
1.24182 -0.869531 1.12891
1.2568 -0.847726 1.12891
1.27141 -0.825662 1.11631
1.28562 -0.803347 1.11631
1.29945 -0.780788 1.11631
1.31288 -0.75799 1.11631
1.32591 -0.734962 1.11631
1.33853 -0.71171 1.11631
1.35075 -0.688241 1.11631
1.36255 -0.664562 1.10994
1.37395 -0.640681 1.10994
1.38492 -0.616605 1.10994
1.39547 -0.592341 1.10994
1.40559 -0.567896 1.10994
1.41529 -0.543279 1.10994
1.42456 -0.518496 1.10994
1.43339 -0.493555 1.10994
1.44178 -0.468464 1.10775
1.44974 -0.44323 1.10775
1.45725 -0.417861 1.10775
1.46432 -0.392365 1.10775
1.47095 -0.366749 1.10775
1.47713 -0.341021 1.10775
1.48285 -0.31519 1.10775
1.48813 -0.289263 1.10771
1.49295 -0.263247 1.10771
1.49732 -0.237152 1.10771
1.50123 -0.210984 1.10771
1.50468 -0.184752 1.10771
1.50768 -0.158463 1.10771
1.51021 -0.132126 1.10771
1.51229 -0.105749 1.10771
1.5139 -0.0793403 1.13046
1.51506 -0.052907 1.13046
1.51575 -0.0264575 1.13046

1.59577 0 1.10834
1.59553 0.02785 1.10834
1.5948 0.0556915 1.10834
1.59358 0.0835161 1.10834
1.59188 0.111315 1.10917
1.5897 0.13908 1.10917
1.58703 0.166803 1.10917
1.58387 0.194475 1.10917
1.58024 0.222088 1.10917
1.57612 0.249633 1.10917
1.57153 0.277102 1.10917
1.56645 0.304487 1.10917
1.5609 0.331779 1.11081
1.55487 0.35897 1.11081
1.54837 0.386051 1.11081
1.54139 0.413015 1.11081
1.53395 0.439854 1.11081
1.52604 0.466558 1.11081
1.51767 0.49312 1.11081
1.50883 0.519532 1.1148
1.49953 0.545785 1.1148
1.48978 0.571873 1.1148
1.47957 0.597786 1.1148
1.46891 0.623517 1.1148
1.45781 0.649058 1.1148
1.44626 0.674401 1.1148
1.43427 0.699539 1.1148
1.42184 0.724464 1.12322
1.40898 0.749168 1.12322
1.39569 0.773644 1.12322
1.38198 0.797885 1.12322
1.36784 0.821882 1.12322
1.35329 0.845629 1.12322
1.33832 0.869118 1.12322
1.32295 0.892343 1.13807
1.30718 0.915296 1.13807
1.291 0.93797 1.13807
1.27444 0.960358 1.13807
1.25748 0.982454 1.13807
1.24015 1.00425 1.13807
1.22243 1.02574 1.13807
1.20434 1.04692 1.13807
1.18589 1.06778 1.16071
1.16707 1.08831 1.16071
1.1479 1.10851 1.16071
1.12838 1.12838 1.16071
1.10851 1.1479 1.16071
1.08831 1.16707 1.16071
1.06778 1.18589 1.16071
1.04692 1.20434 1.19142
1.02574 1.22243 1.19142
1.00425 1.24015 1.19142
0.982454 1.25748 1.19142
0.960358 1.27444 1.19142
0.93797 1.291 1.19142
0.915296 1.30718 1.19142
0.892343 1.32295 1.19142
0.869118 1.33832 1.22921
0.845629 1.35329 1.22921
0.821882 1.36784 1.22921
0.797885 1.38198 1.22921
0.773644 1.39569 1.22921
0.749168 1.40898 1.22921
0.724464 1.42184 1.22921
0.699539 1.43427 1.27187
0.674401 1.44626 1.27187
0.649058 1.45781 1.27187
0.623517 1.46891 1.27187
0.597786 1.47957 1.27187
0.571873 1.48978 1.27187
0.545785 1.49953 1.27187
0.519532 1.50883 1.27187
0.49312 1.51767 1.31635
0.466558 1.52604 1.31635
0.439854 1.53395 1.31635
0.413015 1.54139 1.31635
0.386051 1.54837 1.31635
0.35897 1.55487 1.31635
0.331779 1.5609 1.31635
0.304487 1.56645 1.35915
0.277102 1.57153 1.35915
0.249633 1.57612 1.35915
0.222088 1.58024 1.35915
0.194475 1.58387 1.35915
0.166803 1.58703 1.35915
0.13908 1.5897 1.35915
0.111315 1.59188 1.35915
0.0835161 1.59358 1.39689
0.0556915 1.5948 1.39689
0.02785 1.59553 1.39689
9.77127e-17 1.59577 1.39689
-0.02785 1.59553 1.39689
-0.0556915 1.5948 1.39689
-0.0835161 1.59358 1.39689
-0.111315 1.59188 1.4267
-0.13908 1.5897 1.4267
-0.166803 1.58703 1.4267
-0.194475 1.58387 1.4267
-0.222088 1.58024 1.4267
-0.249633 1.57612 1.4267
-0.277102 1.57153 1.4267
-0.304487 1.56645 1.4267
-0.331779 1.5609 1.44654
-0.35897 1.55487 1.44654
-0.386051 1.54837 1.44654
-0.413015 1.54139 1.44654
-0.439854 1.53395 1.44654
-0.466558 1.52604 1.44654
-0.49312 1.51767 1.44654
-0.519532 1.50883 1.45535
-0.545785 1.49953 1.45535
-0.571873 1.48978 1.45535
-0.597786 1.47957 1.45535
-0.623517 1.46891 1.45535
-0.649058 1.45781 1.45535
-0.674401 1.44626 1.45535
-0.699539 1.43427 1.45535
-0.724464 1.42184 1.45309
-0.749168 1.40898 1.45309
-0.773644 1.39569 1.45309
-0.797885 1.38198 1.45309
-0.821882 1.36784 1.45309
-0.845629 1.35329 1.45309
-0.869118 1.33832 1.45309
-0.892343 1.32295 1.44072
-0.915296 1.30718 1.44072
-0.93797 1.291 1.44072
-0.960358 1.27444 1.44072
-0.982454 1.25748 1.44072
-1.00425 1.24015 1.44072
-1.02574 1.22243 1.44072
-1.04692 1.20434 1.44072
-1.06778 1.18589 1.42006
-1.08831 1.16707 1.42006
-1.10851 1.1479 1.42006
-1.12838 1.12838 1.42006
-1.1479 1.10851 1.42006
-1.16707 1.08831 1.42006
-1.18589 1.06778 1.42006
-1.20434 1.04692 1.39381
-1.22243 1.02574 1.39381
-1.24015 1.00425 1.39381
-1.25748 0.982454 1.39381
-1.27444 0.960358 1.39381
-1.291 0.93797 1.39381
-1.30718 0.915296 1.39381
-1.32295 0.892343 1.39381
-1.33832 0.869118 1.36527
-1.35329 0.845629 1.36527
-1.36784 0.821882 1.36527
-1.38198 0.797885 1.36527
-1.39569 0.773644 1.36527
-1.40898 0.749168 1.36527
-1.42184 0.724464 1.36527
-1.43427 0.699539 1.33807
-1.44626 0.674401 1.33807
-1.45781 0.649058 1.33807
-1.46891 0.623517 1.33807
-1.47957 0.597786 1.33807
-1.48978 0.571873 1.33807
-1.49953 0.545785 1.33807
-1.50883 0.519532 1.33807
-1.51767 0.49312 1.31573
-1.52604 0.466558 1.31573
-1.53395 0.439854 1.31573
-1.54139 0.413015 1.31573
-1.54837 0.386051 1.31573
-1.55487 0.35897 1.31573
-1.5609 0.331779 1.31573
-1.56645 0.304487 1.30119
-1.57153 0.277102 1.30119
-1.57612 0.249633 1.30119
-1.58024 0.222088 1.30119
-1.58387 0.194475 1.30119
-1.58703 0.166803 1.30119
-1.5897 0.13908 1.30119
-1.59188 0.111315 1.30119
-1.59358 0.0835161 1.29636
-1.5948 0.0556915 1.29636
-1.59553 0.02785 1.29636
-1.59577 1.95425e-16 1.29636
-1.59553 -0.02785 1.29636
-1.5948 -0.0556915 1.29636
-1.59358 -0.0835161 1.29636
-1.59188 -0.111315 1.30183
-1.5897 -0.13908 1.30183
-1.58703 -0.166803 1.30183
-1.58387 -0.194475 1.30183
-1.58024 -0.222088 1.30183
-1.57612 -0.249633 1.30183
-1.57153 -0.277102 1.30183
-1.56645 -0.304487 1.30183
-1.5609 -0.331779 1.31678
-1.55487 -0.35897 1.31678
-1.54837 -0.386051 1.31678
-1.54139 -0.413015 1.31678
-1.53395 -0.439854 1.31678
-1.52604 -0.466558 1.31678
-1.51767 -0.49312 1.31678
-1.50883 -0.519532 1.3391
-1.49953 -0.545785 1.3391
-1.48978 -0.571873 1.3391
-1.47957 -0.597786 1.3391
-1.46891 -0.623517 1.3391
-1.45781 -0.649058 1.3391
-1.44626 -0.674401 1.3391
-1.43427 -0.699539 1.3391
-1.42184 -0.724464 1.36573
-1.40898 -0.749168 1.36573
-1.39569 -0.773644 1.36573
-1.38198 -0.797885 1.36573
-1.36784 -0.821882 1.36573
-1.35329 -0.845629 1.36573
-1.33832 -0.869118 1.36573
-1.32295 -0.892343 1.39307
-1.30718 -0.915296 1.39307
-1.291 -0.93797 1.39307
-1.27444 -0.960358 1.39307
-1.25748 -0.982454 1.39307
-1.24015 -1.00425 1.39307
-1.22243 -1.02574 1.39307
-1.20434 -1.04692 1.39307
-1.18589 -1.06778 1.41754
-1.16707 -1.08831 1.41754
-1.1479 -1.10851 1.41754
-1.12838 -1.12838 1.41754
-1.10851 -1.1479 1.41754
-1.08831 -1.16707 1.41754
-1.06778 -1.18589 1.41754
-1.04692 -1.20434 1.43592
-1.02574 -1.22243 1.43592
-1.00425 -1.24015 1.43592
-0.982454 -1.25748 1.43592
-0.960358 -1.27444 1.43592
-0.93797 -1.291 1.43592
-0.915296 -1.30718 1.43592
-0.892343 -1.32295 1.43592
-0.869118 -1.33832 1.44571
-0.845629 -1.35329 1.44571
-0.821882 -1.36784 1.44571
-0.797885 -1.38198 1.44571
-0.773644 -1.39569 1.44571
-0.749168 -1.40898 1.44571
-0.724464 -1.42184 1.44571
-0.699539 -1.43427 1.44527
-0.674401 -1.44626 1.44527
-0.649058 -1.45781 1.44527
-0.623517 -1.46891 1.44527
-0.597786 -1.47957 1.44527
-0.571873 -1.48978 1.44527
-0.545785 -1.49953 1.44527
-0.519532 -1.50883 1.44527
-0.49312 -1.51767 1.4339
-0.466558 -1.52604 1.4339
-0.439854 -1.53395 1.4339
-0.413015 -1.54139 1.4339
-0.386051 -1.54837 1.4339
-0.35897 -1.55487 1.4339
-0.331779 -1.5609 1.4339
-0.304487 -1.56645 1.41187
-0.277102 -1.57153 1.41187
-0.249633 -1.57612 1.41187
-0.222088 -1.58024 1.41187
-0.194475 -1.58387 1.41187
-0.166803 -1.58703 1.41187
-0.13908 -1.5897 1.41187
-0.111315 -1.59188 1.41187
-0.0835161 -1.59358 1.38042
-0.0556915 -1.5948 1.38042
-0.02785 -1.59553 1.38042
-2.93138e-16 -1.59577 1.38042
0.02785 -1.59553 1.38042
0.0556915 -1.5948 1.38042
0.0835161 -1.59358 1.38042
0.111315 -1.59188 1.34177
0.13908 -1.5897 1.34177
0.166803 -1.58703 1.34177
0.194475 -1.58387 1.34177
0.222088 -1.58024 1.34177
0.249633 -1.57612 1.34177
0.277102 -1.57153 1.34177
0.304487 -1.56645 1.34177
0.331779 -1.5609 1.29883
0.35897 -1.55487 1.29883
0.386051 -1.54837 1.29883
0.413015 -1.54139 1.29883
0.439854 -1.53395 1.29883
0.466558 -1.52604 1.29883
0.49312 -1.51767 1.29883
0.519532 -1.50883 1.255
0.545785 -1.49953 1.255
0.571873 -1.48978 1.255
0.597786 -1.47957 1.255
0.623517 -1.46891 1.255
0.649058 -1.45781 1.255
0.674401 -1.44626 1.255
0.699539 -1.43427 1.255
0.724464 -1.42184 1.21368
0.749168 -1.40898 1.21368
0.773644 -1.39569 1.21368
0.797885 -1.38198 1.21368
0.821882 -1.36784 1.21368
0.845629 -1.35329 1.21368
0.869118 -1.33832 1.21368
0.892343 -1.32295 1.17776
0.915296 -1.30718 1.17776
0.93797 -1.291 1.17776
0.960358 -1.27444 1.17776
0.982454 -1.25748 1.17776
1.00425 -1.24015 1.17776
1.02574 -1.22243 1.17776
1.04692 -1.20434 1.17776
1.06778 -1.18589 1.14924
1.08831 -1.16707 1.14924
1.10851 -1.1479 1.14924
1.12838 -1.12838 1.14924
1.1479 -1.10851 1.14924
1.16707 -1.08831 1.14924
1.18589 -1.06778 1.14924
1.20434 -1.04692 1.12891
1.22243 -1.02574 1.12891
1.24015 -1.00425 1.12891
1.25748 -0.982454 1.12891
1.27444 -0.960358 1.12891
1.291 -0.93797 1.12891
1.30718 -0.915296 1.12891
1.32295 -0.892343 1.12891
1.33832 -0.869118 1.11631
1.35329 -0.845629 1.11631
1.36784 -0.821882 1.11631
1.38198 -0.797885 1.11631
1.39569 -0.773644 1.11631
1.40898 -0.749168 1.11631
1.42184 -0.724464 1.11631
1.43427 -0.699539 1.10994
1.44626 -0.674401 1.10994
1.45781 -0.649058 1.10994
1.46891 -0.623517 1.10994
1.47957 -0.597786 1.10994
1.48978 -0.571873 1.10994
1.49953 -0.545785 1.10994
1.50883 -0.519532 1.10994
1.51767 -0.49312 1.10775
1.52604 -0.466558 1.10775
1.53395 -0.439854 1.10775
1.54139 -0.413015 1.10775
1.54837 -0.386051 1.10775
1.55487 -0.35897 1.10775
1.5609 -0.331779 1.10775
1.56645 -0.304487 1.10771
1.57153 -0.277102 1.10771
1.57612 -0.249633 1.10771
1.58024 -0.222088 1.10771
1.58387 -0.194475 1.10771
1.58703 -0.166803 1.10771
1.5897 -0.13908 1.10771
1.59188 -0.111315 1.10771
1.59358 -0.0835161 1.13046
1.5948 -0.0556915 1.13046
1.59553 -0.02785 1.13046

1.67556 0 1.10834
1.6753 0.0292425 1.10834
1.67454 0.0584761 1.10834
1.67326 0.0876919 1.10834
1.67148 0.116881 1.10917
1.66918 0.146034 1.10917
1.66638 0.175143 1.10917
1.66307 0.204199 1.10917
1.65925 0.233193 1.10917
1.65493 0.262115 1.10917
1.6501 0.290958 1.10917
1.64477 0.319711 1.10917
1.63894 0.348368 1.11081
1.63261 0.376918 1.11081
1.62579 0.405354 1.11081
1.61846 0.433666 1.11081
1.61065 0.461846 1.11081
1.60234 0.489886 1.11081
1.59355 0.517776 1.11081
1.58427 0.545508 1.1148
1.57451 0.573074 1.1148
1.56427 0.600466 1.1148
1.55355 0.627675 1.1148
1.54236 0.654693 1.1148
1.5307 0.681511 1.1148
1.51857 0.708121 1.1148
1.50598 0.734516 1.1148
1.49293 0.760687 1.12322
1.47943 0.786627 1.12322
1.46548 0.812326 1.12322
1.45108 0.837779 1.12322
1.43623 0.862976 1.12322
1.42095 0.88791 1.12322
1.40524 0.912574 1.12322
1.3891 0.93696 1.13807
1.37254 0.96106 1.13807
1.35555 0.984868 1.13807
1.33816 1.00838 1.13807
1.32036 1.03158 1.13807
1.30215 1.05446 1.13807
1.28355 1.07703 1.13807
1.26456 1.09926 1.13807
1.24518 1.12117 1.16071
1.22543 1.14273 1.16071
1.2053 1.16394 1.16071
1.1848 1.1848 1.16071
1.16394 1.2053 1.16071
1.14273 1.22543 1.16071
1.12117 1.24518 1.16071
1.09926 1.26456 1.19142
1.07703 1.28355 1.19142
1.05446 1.30215 1.19142
1.03158 1.32036 1.19142
1.00838 1.33816 1.19142
0.984868 1.35555 1.19142
0.96106 1.37254 1.19142
0.93696 1.3891 1.19142
0.912574 1.40524 1.22921
0.88791 1.42095 1.22921
0.862976 1.43623 1.22921
0.837779 1.45108 1.22921
0.812326 1.46548 1.22921
0.786627 1.47943 1.22921
0.760687 1.49293 1.22921
0.734516 1.50598 1.27187
0.708121 1.51857 1.27187
0.681511 1.5307 1.27187
0.654693 1.54236 1.27187
0.627675 1.55355 1.27187
0.600466 1.56427 1.27187
0.573074 1.57451 1.27187
0.545508 1.58427 1.27187
0.517776 1.59355 1.31635
0.489886 1.60234 1.31635
0.461846 1.61065 1.31635
0.433666 1.61846 1.31635
0.405354 1.62579 1.31635
0.376918 1.63261 1.31635
0.348368 1.63894 1.31635
0.319711 1.64477 1.35915
0.290958 1.6501 1.35915
0.262115 1.65493 1.35915
0.233193 1.65925 1.35915
0.204199 1.66307 1.35915
0.175143 1.66638 1.35915
0.146034 1.66918 1.35915
0.116881 1.67148 1.35915
0.0876919 1.67326 1.39689
0.0584761 1.67454 1.39689
0.0292425 1.6753 1.39689
1.02598e-16 1.67556 1.39689
-0.0292425 1.6753 1.39689
-0.0584761 1.67454 1.39689
-0.0876919 1.67326 1.39689
-0.116881 1.67148 1.4267
-0.146034 1.66918 1.4267
-0.175143 1.66638 1.4267
-0.204199 1.66307 1.4267
-0.233193 1.65925 1.4267
-0.262115 1.65493 1.4267
-0.290958 1.6501 1.4267
-0.319711 1.64477 1.4267
-0.348368 1.63894 1.44654
-0.376918 1.63261 1.44654
-0.405354 1.62579 1.44654
-0.433666 1.61846 1.44654
-0.461846 1.61065 1.44654
-0.489886 1.60234 1.44654
-0.517776 1.59355 1.44654
-0.545508 1.58427 1.45535
-0.573074 1.57451 1.45535
-0.600466 1.56427 1.45535
-0.627675 1.55355 1.45535
-0.654693 1.54236 1.45535
-0.681511 1.5307 1.45535
-0.708121 1.51857 1.45535
-0.734516 1.50598 1.45535
-0.760687 1.49293 1.45309
-0.786627 1.47943 1.45309
-0.812326 1.46548 1.45309
-0.837779 1.45108 1.45309
-0.862976 1.43623 1.45309
-0.88791 1.42095 1.45309
-0.912574 1.40524 1.45309
-0.93696 1.3891 1.44072
-0.96106 1.37254 1.44072
-0.984868 1.35555 1.44072
-1.00838 1.33816 1.44072
-1.03158 1.32036 1.44072
-1.05446 1.30215 1.44072
-1.07703 1.28355 1.44072
-1.09926 1.26456 1.44072
-1.12117 1.24518 1.42006
-1.14273 1.22543 1.42006
-1.16394 1.2053 1.42006
-1.1848 1.1848 1.42006
-1.2053 1.16394 1.42006
-1.22543 1.14273 1.42006
-1.24518 1.12117 1.42006
-1.26456 1.09926 1.39381
-1.28355 1.07703 1.39381
-1.30215 1.05446 1.39381
-1.32036 1.03158 1.39381
-1.33816 1.00838 1.39381
-1.35555 0.984868 1.39381
-1.37254 0.96106 1.39381
-1.3891 0.93696 1.39381
-1.40524 0.912574 1.36527
-1.42095 0.88791 1.36527
-1.43623 0.862976 1.36527
-1.45108 0.837779 1.36527
-1.46548 0.812326 1.36527
-1.47943 0.786627 1.36527
-1.49293 0.760687 1.36527
-1.50598 0.734516 1.33807
-1.51857 0.708121 1.33807
-1.5307 0.681511 1.33807
-1.54236 0.654693 1.33807
-1.55355 0.627675 1.33807
-1.56427 0.600466 1.33807
-1.57451 0.573074 1.33807
-1.58427 0.545508 1.33807
-1.59355 0.517776 1.31573
-1.60234 0.489886 1.31573
-1.61065 0.461846 1.31573
-1.61846 0.433666 1.31573
-1.62579 0.405354 1.31573
-1.63261 0.376918 1.31573
-1.63894 0.348368 1.31573
-1.64477 0.319711 1.30119
-1.6501 0.290958 1.30119
-1.65493 0.262115 1.30119
-1.65925 0.233193 1.30119
-1.66307 0.204199 1.30119
-1.66638 0.175143 1.30119
-1.66918 0.146034 1.30119
-1.67148 0.116881 1.30119
-1.67326 0.0876919 1.29636
-1.67454 0.0584761 1.29636
-1.6753 0.0292425 1.29636
-1.67556 2.05197e-16 1.29636
-1.6753 -0.0292425 1.29636
-1.67454 -0.0584761 1.29636
-1.67326 -0.0876919 1.29636
-1.67148 -0.116881 1.30183
-1.66918 -0.146034 1.30183
-1.66638 -0.175143 1.30183
-1.66307 -0.204199 1.30183
-1.65925 -0.233193 1.30183
-1.65493 -0.262115 1.30183
-1.6501 -0.290958 1.30183
-1.64477 -0.319711 1.30183
-1.63894 -0.348368 1.31678
-1.63261 -0.376918 1.31678
-1.62579 -0.405354 1.31678
-1.61846 -0.433666 1.31678
-1.61065 -0.461846 1.31678
-1.60234 -0.489886 1.31678
-1.59355 -0.517776 1.31678
-1.58427 -0.545508 1.3391
-1.57451 -0.573074 1.3391
-1.56427 -0.600466 1.3391
-1.55355 -0.627675 1.3391
-1.54236 -0.654693 1.3391
-1.5307 -0.681511 1.3391
-1.51857 -0.708121 1.3391
-1.50598 -0.734516 1.3391
-1.49293 -0.760687 1.36573
-1.47943 -0.786627 1.36573
-1.46548 -0.812326 1.36573
-1.45108 -0.837779 1.36573
-1.43623 -0.862976 1.36573
-1.42095 -0.88791 1.36573
-1.40524 -0.912574 1.36573
-1.3891 -0.93696 1.39307
-1.37254 -0.96106 1.39307
-1.35555 -0.984868 1.39307
-1.33816 -1.00838 1.39307
-1.32036 -1.03158 1.39307
-1.30215 -1.05446 1.39307
-1.28355 -1.07703 1.39307
-1.26456 -1.09926 1.39307
-1.24518 -1.12117 1.41754
-1.22543 -1.14273 1.41754
-1.2053 -1.16394 1.41754
-1.1848 -1.1848 1.41754
-1.16394 -1.2053 1.41754
-1.14273 -1.22543 1.41754
-1.12117 -1.24518 1.41754
-1.09926 -1.26456 1.43592
-1.07703 -1.28355 1.43592
-1.05446 -1.30215 1.43592
-1.03158 -1.32036 1.43592
-1.00838 -1.33816 1.43592
-0.984868 -1.35555 1.43592
-0.96106 -1.37254 1.43592
-0.93696 -1.3891 1.43592
-0.912574 -1.40524 1.44571
-0.88791 -1.42095 1.44571
-0.862976 -1.43623 1.44571
-0.837779 -1.45108 1.44571
-0.812326 -1.46548 1.44571
-0.786627 -1.47943 1.44571
-0.760687 -1.49293 1.44571
-0.734516 -1.50598 1.44527
-0.708121 -1.51857 1.44527
-0.681511 -1.5307 1.44527
-0.654693 -1.54236 1.44527
-0.627675 -1.55355 1.44527
-0.600466 -1.56427 1.44527
-0.573074 -1.57451 1.44527
-0.545508 -1.58427 1.44527
-0.517776 -1.59355 1.4339
-0.489886 -1.60234 1.4339
-0.461846 -1.61065 1.4339
-0.433666 -1.61846 1.4339
-0.405354 -1.62579 1.4339
-0.376918 -1.63261 1.4339
-0.348368 -1.63894 1.4339
-0.319711 -1.64477 1.41187
-0.290958 -1.6501 1.41187
-0.262115 -1.65493 1.41187
-0.233193 -1.65925 1.41187
-0.204199 -1.66307 1.41187
-0.175143 -1.66638 1.41187
-0.146034 -1.66918 1.41187
-0.116881 -1.67148 1.41187
-0.0876919 -1.67326 1.38042
-0.0584761 -1.67454 1.38042
-0.0292425 -1.6753 1.38042
-3.07795e-16 -1.67556 1.38042
0.0292425 -1.6753 1.38042
0.0584761 -1.67454 1.38042
0.0876919 -1.67326 1.38042
0.116881 -1.67148 1.34177
0.146034 -1.66918 1.34177
0.175143 -1.66638 1.34177
0.204199 -1.66307 1.34177
0.233193 -1.65925 1.34177
0.262115 -1.65493 1.34177
0.290958 -1.6501 1.34177
0.319711 -1.64477 1.34177
0.348368 -1.63894 1.29883
0.376918 -1.63261 1.29883
0.405354 -1.62579 1.29883
0.433666 -1.61846 1.29883
0.461846 -1.61065 1.29883
0.489886 -1.60234 1.29883
0.517776 -1.59355 1.29883
0.545508 -1.58427 1.255
0.573074 -1.57451 1.255
0.600466 -1.56427 1.255
0.627675 -1.55355 1.255
0.654693 -1.54236 1.255
0.681511 -1.5307 1.255
0.708121 -1.51857 1.255
0.734516 -1.50598 1.255
0.760687 -1.49293 1.21368
0.786627 -1.47943 1.21368
0.812326 -1.46548 1.21368
0.837779 -1.45108 1.21368
0.862976 -1.43623 1.21368
0.88791 -1.42095 1.21368
0.912574 -1.40524 1.21368
0.93696 -1.3891 1.17776
0.96106 -1.37254 1.17776
0.984868 -1.35555 1.17776
1.00838 -1.33816 1.17776
1.03158 -1.32036 1.17776
1.05446 -1.30215 1.17776
1.07703 -1.28355 1.17776
1.09926 -1.26456 1.17776
1.12117 -1.24518 1.14924
1.14273 -1.22543 1.14924
1.16394 -1.2053 1.14924
1.1848 -1.1848 1.14924
1.2053 -1.16394 1.14924
1.22543 -1.14273 1.14924
1.24518 -1.12117 1.14924
1.26456 -1.09926 1.12891
1.28355 -1.07703 1.12891
1.30215 -1.05446 1.12891
1.32036 -1.03158 1.12891
1.33816 -1.00838 1.12891
1.35555 -0.984868 1.12891
1.37254 -0.96106 1.12891
1.3891 -0.93696 1.12891
1.40524 -0.912574 1.11631
1.42095 -0.88791 1.11631
1.43623 -0.862976 1.11631
1.45108 -0.837779 1.11631
1.46548 -0.812326 1.11631
1.47943 -0.786627 1.11631
1.49293 -0.760687 1.11631
1.50598 -0.734516 1.10994
1.51857 -0.708121 1.10994
1.5307 -0.681511 1.10994
1.54236 -0.654693 1.10994
1.55355 -0.627675 1.10994
1.56427 -0.600466 1.10994
1.57451 -0.573074 1.10994
1.58427 -0.545508 1.10994
1.59355 -0.517776 1.10775
1.60234 -0.489886 1.10775
1.61065 -0.461846 1.10775
1.61846 -0.433666 1.10775
1.62579 -0.405354 1.10775
1.63261 -0.376918 1.10775
1.63894 -0.348368 1.10775
1.64477 -0.319711 1.10771
1.6501 -0.290958 1.10771
1.65493 -0.262115 1.10771
1.65925 -0.233193 1.10771
1.66307 -0.204199 1.10771
1.66638 -0.175143 1.10771
1.66918 -0.146034 1.10771
1.67148 -0.116881 1.10771
1.67326 -0.0876919 1.13046
1.67454 -0.0584761 1.13046
1.6753 -0.0292425 1.13046

1.75535 0 1.08874
1.75508 0.030635 1.08874
1.75428 0.0612607 1.08874
1.75294 0.0918677 1.08874
1.75107 0.122447 1.0886
1.74867 0.152988 1.0886
1.74573 0.183484 1.0886
1.74226 0.213923 1.0886
1.73826 0.244297 1.0886
1.73373 0.274597 1.0886
1.72868 0.304813 1.08761
1.7231 0.334936 1.08761
1.71699 0.364957 1.08761
1.71036 0.394867 1.08761
1.7032 0.424657 1.08761
1.69553 0.454317 1.08761
1.68735 0.483839 1.08761
1.67865 0.513214 1.0874
1.66943 0.542432 1.0874
1.65971 0.571485 1.0874
1.64949 0.600364 1.0874
1.63876 0.62906 1.0874
1.62753 0.657564 1.0874
1.6158 0.685868 1.0874
1.60359 0.713964 1.09025
1.59088 0.741841 1.09025
1.57769 0.769493 1.09025
1.56402 0.79691 1.09025
1.54988 0.824085 1.09025
1.53526 0.851009 1.09025
1.52017 0.877673 1.09858
1.50463 0.90407 1.09858
1.48862 0.930192 1.09858
1.47216 0.95603 1.09858
1.45525 0.981577 1.09858
1.4379 1.00683 1.09858
1.4201 1.03177 1.09858
1.40188 1.05639 1.11448
1.38323 1.0807 1.11448
1.36416 1.10468 1.11448
1.34467 1.12831 1.11448
1.32478 1.15161 1.11448
1.30448 1.17456 1.11448
1.28378 1.19714 1.11448
1.26269 1.21937 1.13921
1.24122 1.24122 1.13921
1.21937 1.26269 1.13921
1.19714 1.28378 1.13921
1.17456 1.30448 1.13921
1.15161 1.32478 1.13921
1.12831 1.34467 1.17289
1.10468 1.36416 1.17289
1.0807 1.38323 1.17289
1.05639 1.40188 1.17289
1.03177 1.4201 1.17289
1.00683 1.4379 1.17289
0.981577 1.45525 1.17289
0.95603 1.47216 1.21444
0.930192 1.48862 1.21444
0.90407 1.50463 1.21444
0.877673 1.52017 1.21444
0.851009 1.53526 1.21444
0.824085 1.54988 1.21444
0.79691 1.56402 1.21444
0.769493 1.57769 1.26165
0.741841 1.59088 1.26165
0.713964 1.60359 1.26165
0.685868 1.6158 1.26165
0.657564 1.62753 1.26165
0.62906 1.63876 1.26165
0.600364 1.64949 1.31153
0.571485 1.65971 1.31153
0.542432 1.66943 1.31153
0.513214 1.67865 1.31153
0.483839 1.68735 1.31153
0.454317 1.69553 1.31153
0.424657 1.7032 1.31153
0.394867 1.71036 1.36068
0.364957 1.71699 1.36068
0.334936 1.7231 1.36068
0.304813 1.72868 1.36068
0.274597 1.73373 1.36068
0.244297 1.73826 1.36068
0.213923 1.74226 1.36068
0.183484 1.74573 1.40574
0.152988 1.74867 1.40574
0.122447 1.75107 1.40574
0.0918677 1.75294 1.40574
0.0612607 1.75428 1.40574
0.030635 1.75508 1.40574
1.07484e-16 1.75535 1.44374
-0.030635 1.75508 1.44374
-0.0612607 1.75428 1.44374
-0.0918677 1.75294 1.44374
-0.122447 1.75107 1.44374
-0.152988 1.74867 1.44374
-0.183484 1.74573 1.44374
-0.213923 1.74226 1.47238
-0.244297 1.73826 1.47238
-0.274597 1.73373 1.47238
-0.304813 1.72868 1.47238
-0.334936 1.7231 1.47238
-0.364957 1.71699 1.47238
-0.394867 1.71036 1.47238
-0.424657 1.7032 1.49014
-0.454317 1.69553 1.49014
-0.483839 1.68735 1.49014
-0.513214 1.67865 1.49014
-0.542432 1.66943 1.49014
-0.571485 1.65971 1.49014
-0.600364 1.64949 1.49636
-0.62906 1.63876 1.49636
-0.657564 1.62753 1.49636
-0.685868 1.6158 1.49636
-0.713964 1.60359 1.49636
-0.741841 1.59088 1.49636
-0.769493 1.57769 1.49636
-0.79691 1.56402 1.49118
-0.824085 1.54988 1.49118
-0.851009 1.53526 1.49118
-0.877673 1.52017 1.49118
-0.90407 1.50463 1.49118
-0.930192 1.48862 1.49118
-0.95603 1.47216 1.49118
-0.981577 1.45525 1.47549
-1.00683 1.4379 1.47549
-1.03177 1.4201 1.47549
-1.05639 1.40188 1.47549
-1.0807 1.38323 1.47549
-1.10468 1.36416 1.47549
-1.12831 1.34467 1.45092
-1.15161 1.32478 1.45092
-1.17456 1.30448 1.45092
-1.19714 1.28378 1.45092
-1.21937 1.26269 1.45092
-1.24122 1.24122 1.45092
-1.26269 1.21937 1.45092
-1.28378 1.19714 1.41977
-1.30448 1.17456 1.41977
-1.32478 1.15161 1.41977
-1.34467 1.12831 1.41977
-1.36416 1.10468 1.41977
-1.38323 1.0807 1.41977
-1.40188 1.05639 1.41977
-1.4201 1.03177 1.38499
-1.4379 1.00683 1.38499
-1.45525 0.981577 1.38499
-1.47216 0.95603 1.38499
-1.48862 0.930192 1.38499
-1.50463 0.90407 1.38499
-1.52017 0.877673 1.34993
-1.53526 0.851009 1.34993
-1.54988 0.824085 1.34993
-1.56402 0.79691 1.34993
-1.57769 0.769493 1.34993
-1.59088 0.741841 1.34993
-1.60359 0.713964 1.34993
-1.6158 0.685868 1.3181
-1.62753 0.657564 1.3181
-1.63876 0.62906 1.3181
-1.64949 0.600364 1.3181
-1.65971 0.571485 1.3181
-1.66943 0.542432 1.3181
-1.67865 0.513214 1.3181
-1.68735 0.483839 1.2928
-1.69553 0.454317 1.2928
-1.7032 0.424657 1.2928
-1.71036 0.394867 1.2928
-1.71699 0.364957 1.2928
-1.7231 0.334936 1.2928
-1.72868 0.304813 1.2767
-1.73373 0.274597 1.2767
-1.73826 0.244297 1.2767
-1.74226 0.213923 1.2767
-1.74573 0.183484 1.2767
-1.74867 0.152988 1.2767
-1.75107 0.122447 1.2767
-1.75294 0.0918677 1.27153
-1.75428 0.0612607 1.27153
-1.75508 0.030635 1.27153
-1.75535 2.14968e-16 1.27153
-1.75508 -0.030635 1.27153
-1.75428 -0.0612607 1.27153
-1.75294 -0.0918677 1.27153
-1.75107 -0.122447 1.27781
-1.74867 -0.152988 1.27781
-1.74573 -0.183484 1.27781
-1.74226 -0.213923 1.27781
-1.73826 -0.244297 1.27781
-1.73373 -0.274597 1.27781
-1.72868 -0.304813 1.27781
-1.7231 -0.334936 1.29478
-1.71699 -0.364957 1.29478
-1.71036 -0.394867 1.29478
-1.7032 -0.424657 1.29478
-1.69553 -0.454317 1.29478
-1.68735 -0.483839 1.29478
-1.67865 -0.513214 1.32053
-1.66943 -0.542432 1.32053
-1.65971 -0.571485 1.32053
-1.64949 -0.600364 1.32053
-1.63876 -0.62906 1.32053
-1.62753 -0.657564 1.32053
-1.6158 -0.685868 1.32053
-1.60359 -0.713964 1.35223
-1.59088 -0.741841 1.35223
-1.57769 -0.769493 1.35223
-1.56402 -0.79691 1.35223
-1.54988 -0.824085 1.35223
-1.53526 -0.851009 1.35223
-1.52017 -0.877673 1.35223
-1.50463 -0.90407 1.38648
-1.48862 -0.930192 1.38648
-1.47216 -0.95603 1.38648
-1.45525 -0.981577 1.38648
-1.4379 -1.00683 1.38648
-1.4201 -1.03177 1.38648
-1.40188 -1.05639 1.41977
-1.38323 -1.0807 1.41977
-1.36416 -1.10468 1.41977
-1.34467 -1.12831 1.41977
-1.32478 -1.15161 1.41977
-1.30448 -1.17456 1.41977
-1.28378 -1.19714 1.41977
-1.26269 -1.21937 1.4488
-1.24122 -1.24122 1.4488
-1.21937 -1.26269 1.4488
-1.19714 -1.28378 1.4488
-1.17456 -1.30448 1.4488
-1.15161 -1.32478 1.4488
-1.12831 -1.34467 1.4488
-1.10468 -1.36416 1.47076
-1.0807 -1.38323 1.47076
-1.05639 -1.40188 1.47076
-1.03177 -1.4201 1.47076
-1.00683 -1.4379 1.47076
-0.981577 -1.45525 1.47076
-0.95603 -1.47216 1.48348
-0.930192 -1.48862 1.48348
-0.90407 -1.50463 1.48348
-0.877673 -1.52017 1.48348
-0.851009 -1.53526 1.48348
-0.824085 -1.54988 1.48348
-0.79691 -1.56402 1.48348
-0.769493 -1.57769 1.48557
-0.741841 -1.59088 1.48557
-0.713964 -1.60359 1.48557
-0.685868 -1.6158 1.48557
-0.657564 -1.62753 1.48557
-0.62906 -1.63876 1.48557
-0.600364 -1.64949 1.48557
-0.571485 -1.65971 1.47635
-0.542432 -1.66943 1.47635
-0.513214 -1.67865 1.47635
-0.483839 -1.68735 1.47635
-0.454317 -1.69553 1.47635
-0.424657 -1.7032 1.47635
-0.394867 -1.71036 1.4559
-0.364957 -1.71699 1.4559
-0.334936 -1.7231 1.4559
-0.304813 -1.72868 1.4559
-0.274597 -1.73373 1.4559
-0.244297 -1.73826 1.4559
-0.213923 -1.74226 1.4559
-0.183484 -1.74573 1.4251
-0.152988 -1.74867 1.4251
-0.122447 -1.75107 1.4251
-0.0918677 -1.75294 1.4251
-0.0612607 -1.75428 1.4251
-0.030635 -1.75508 1.4251
-3.22452e-16 -1.75535 1.4251
0.030635 -1.75508 1.38561
0.0612607 -1.75428 1.38561
0.0918677 -1.75294 1.38561
0.122447 -1.75107 1.38561
0.152988 -1.74867 1.38561
0.183484 -1.74573 1.38561
0.213923 -1.74226 1.33984
0.244297 -1.73826 1.33984
0.274597 -1.73373 1.33984
0.304813 -1.72868 1.33984
0.334936 -1.7231 1.33984
0.364957 -1.71699 1.33984
0.394867 -1.71036 1.33984
0.424657 -1.7032 1.29082
0.454317 -1.69553 1.29082
0.483839 -1.68735 1.29082
0.513214 -1.67865 1.29082
0.542432 -1.66943 1.29082
0.571485 -1.65971 1.29082
0.600364 -1.64949 1.29082
0.62906 -1.63876 1.24188
0.657564 -1.62753 1.24188
0.685868 -1.6158 1.24188
0.713964 -1.60359 1.24188
0.741841 -1.59088 1.24188
0.769493 -1.57769 1.24188
0.79691 -1.56402 1.1963
0.824085 -1.54988 1.1963
0.851009 -1.53526 1.1963
0.877673 -1.52017 1.1963
0.90407 -1.50463 1.1963
0.930192 -1.48862 1.1963
0.95603 -1.47216 1.1963
0.981577 -1.45525 1.15692
1.00683 -1.4379 1.15692
1.03177 -1.4201 1.15692
1.05639 -1.40188 1.15692
1.0807 -1.38323 1.15692
1.10468 -1.36416 1.15692
1.12831 -1.34467 1.15692
1.15161 -1.32478 1.12572
1.17456 -1.30448 1.12572
1.19714 -1.28378 1.12572
1.21937 -1.26269 1.12572
1.24122 -1.24122 1.12572
1.26269 -1.21937 1.12572
1.28378 -1.19714 1.10359
1.30448 -1.17456 1.10359
1.32478 -1.15161 1.10359
1.34467 -1.12831 1.10359
1.36416 -1.10468 1.10359
1.38323 -1.0807 1.10359
1.40188 -1.05639 1.10359
1.4201 -1.03177 1.09019
1.4379 -1.00683 1.09019
1.45525 -0.981577 1.09019
1.47216 -0.95603 1.09019
1.48862 -0.930192 1.09019
1.50463 -0.90407 1.09019
1.52017 -0.877673 1.09019
1.53526 -0.851009 1.08412
1.54988 -0.824085 1.08412
1.56402 -0.79691 1.08412
1.57769 -0.769493 1.08412
1.59088 -0.741841 1.08412
1.60359 -0.713964 1.08412
1.6158 -0.685868 1.08323
1.62753 -0.657564 1.08323
1.63876 -0.62906 1.08323
1.64949 -0.600364 1.08323
1.65971 -0.571485 1.08323
1.66943 -0.542432 1.08323
1.67865 -0.513214 1.08323
1.68735 -0.483839 1.08506
1.69553 -0.454317 1.08506
1.7032 -0.424657 1.08506
1.71036 -0.394867 1.08506
1.71699 -0.364957 1.08506
1.7231 -0.334936 1.08506
1.72868 -0.304813 1.08506
1.73373 -0.274597 1.0874
1.73826 -0.244297 1.0874
1.74226 -0.213923 1.0874
1.74573 -0.183484 1.0874
1.74867 -0.152988 1.0874
1.75107 -0.122447 1.0874
1.75294 -0.0918677 1.10834
1.75428 -0.0612607 1.10834
1.75508 -0.030635 1.10834

1.83513 0 1.08874
1.83485 0.0320275 1.08874
1.83402 0.0640453 1.08874
1.83262 0.0960435 1.08874
1.83066 0.128013 1.0886
1.82815 0.159943 1.0886
1.82508 0.191824 1.0886
1.82146 0.223647 1.0886
1.81728 0.255401 1.0886
1.81254 0.287078 1.0886
1.80725 0.318668 1.08761
1.80142 0.35016 1.08761
1.79503 0.381546 1.08761
1.7881 0.412815 1.08761
1.78062 0.443959 1.08761
1.7726 0.474968 1.08761
1.76404 0.505832 1.08761
1.75495 0.536541 1.0874
1.74532 0.567088 1.0874
1.73515 0.597461 1.0874
1.72446 0.627653 1.0874
1.71325 0.657653 1.0874
1.70151 0.687453 1.0874
1.68925 0.717044 1.0874
1.67648 0.746416 1.09025
1.6632 0.775561 1.09025
1.64941 0.80447 1.09025
1.63512 0.833134 1.09025
1.62033 0.861543 1.09025
1.60504 0.889691 1.09025
1.58927 0.917567 1.09858
1.57302 0.945164 1.09858
1.55628 0.972473 1.09858
1.53907 0.999486 1.09858
1.5214 1.02619 1.09858
1.50325 1.05259 1.09858
1.48465 1.07866 1.09858
1.4656 1.10441 1.11448
1.44611 1.12982 1.11448
1.42617 1.15489 1.11448
1.40579 1.1796 1.11448
1.38499 1.20396 1.11448
1.36377 1.22794 1.11448
1.34213 1.25156 1.11448
1.32009 1.27479 1.13921
1.29764 1.29764 1.13921
1.27479 1.32009 1.13921
1.25156 1.34213 1.13921
1.22794 1.36377 1.13921
1.20396 1.38499 1.13921
1.1796 1.40579 1.17289
1.15489 1.42617 1.17289
1.12982 1.44611 1.17289
1.10441 1.4656 1.17289
1.07866 1.48465 1.17289
1.05259 1.50325 1.17289
1.02619 1.5214 1.17289
0.999486 1.53907 1.21444
0.972473 1.55628 1.21444
0.945164 1.57302 1.21444
0.917567 1.58927 1.21444
0.889691 1.60504 1.21444
0.861543 1.62033 1.21444
0.833134 1.63512 1.21444
0.80447 1.64941 1.26165
0.775561 1.6632 1.26165
0.746416 1.67648 1.26165
0.717044 1.68925 1.26165
0.687453 1.70151 1.26165
0.657653 1.71325 1.26165
0.627653 1.72446 1.31153
0.597461 1.73515 1.31153
0.567088 1.74532 1.31153
0.536541 1.75495 1.31153
0.505832 1.76404 1.31153
0.474968 1.7726 1.31153
0.443959 1.78062 1.31153
0.412815 1.7881 1.36068
0.381546 1.79503 1.36068
0.35016 1.80142 1.36068
0.318668 1.80725 1.36068
0.287078 1.81254 1.36068
0.255401 1.81728 1.36068
0.223647 1.82146 1.36068
0.191824 1.82508 1.40574
0.159943 1.82815 1.40574
0.128013 1.83066 1.40574
0.0960435 1.83262 1.40574
0.0640453 1.83402 1.40574
0.0320275 1.83485 1.40574
1.1237e-16 1.83513 1.44374
-0.0320275 1.83485 1.44374
-0.0640453 1.83402 1.44374
-0.0960435 1.83262 1.44374
-0.128013 1.83066 1.44374
-0.159943 1.82815 1.44374
-0.191824 1.82508 1.44374
-0.223647 1.82146 1.47238
-0.255401 1.81728 1.47238
-0.287078 1.81254 1.47238
-0.318668 1.80725 1.47238
-0.35016 1.80142 1.47238
-0.381546 1.79503 1.47238
-0.412815 1.7881 1.47238
-0.443959 1.78062 1.49014
-0.474968 1.7726 1.49014
-0.505832 1.76404 1.49014
-0.536541 1.75495 1.49014
-0.567088 1.74532 1.49014
-0.597461 1.73515 1.49014
-0.627653 1.72446 1.49636
-0.657653 1.71325 1.49636
-0.687453 1.70151 1.49636
-0.717044 1.68925 1.49636
-0.746416 1.67648 1.49636
-0.775561 1.6632 1.49636
-0.80447 1.64941 1.49636
-0.833134 1.63512 1.49118
-0.861543 1.62033 1.49118
-0.889691 1.60504 1.49118
-0.917567 1.58927 1.49118
-0.945164 1.57302 1.49118
-0.972473 1.55628 1.49118
-0.999486 1.53907 1.49118
-1.02619 1.5214 1.47549
-1.05259 1.50325 1.47549
-1.07866 1.48465 1.47549
-1.10441 1.4656 1.47549
-1.12982 1.44611 1.47549
-1.15489 1.42617 1.47549
-1.1796 1.40579 1.45092
-1.20396 1.38499 1.45092
-1.22794 1.36377 1.45092
-1.25156 1.34213 1.45092
-1.27479 1.32009 1.45092
-1.29764 1.29764 1.45092
-1.32009 1.27479 1.45092
-1.34213 1.25156 1.41977
-1.36377 1.22794 1.41977
-1.38499 1.20396 1.41977
-1.40579 1.1796 1.41977
-1.42617 1.15489 1.41977
-1.44611 1.12982 1.41977
-1.4656 1.10441 1.41977
-1.48465 1.07866 1.38499
-1.50325 1.05259 1.38499
-1.5214 1.02619 1.38499
-1.53907 0.999486 1.38499
-1.55628 0.972473 1.38499
-1.57302 0.945164 1.38499
-1.58927 0.917567 1.34993
-1.60504 0.889691 1.34993
-1.62033 0.861543 1.34993
-1.63512 0.833134 1.34993
-1.64941 0.80447 1.34993
-1.6632 0.775561 1.34993
-1.67648 0.746416 1.34993
-1.68925 0.717044 1.3181
-1.70151 0.687453 1.3181
-1.71325 0.657653 1.3181
-1.72446 0.627653 1.3181
-1.73515 0.597461 1.3181
-1.74532 0.567088 1.3181
-1.75495 0.536541 1.3181
-1.76404 0.505832 1.2928
-1.7726 0.474968 1.2928
-1.78062 0.443959 1.2928
-1.7881 0.412815 1.2928
-1.79503 0.381546 1.2928
-1.80142 0.35016 1.2928
-1.80725 0.318668 1.2767
-1.81254 0.287078 1.2767
-1.81728 0.255401 1.2767
-1.82146 0.223647 1.2767
-1.82508 0.191824 1.2767
-1.82815 0.159943 1.2767
-1.83066 0.128013 1.2767
-1.83262 0.0960435 1.27153
-1.83402 0.0640453 1.27153
-1.83485 0.0320275 1.27153
-1.83513 2.24739e-16 1.27153
-1.83485 -0.0320275 1.27153
-1.83402 -0.0640453 1.27153
-1.83262 -0.0960435 1.27153
-1.83066 -0.128013 1.27781
-1.82815 -0.159943 1.27781
-1.82508 -0.191824 1.27781
-1.82146 -0.223647 1.27781
-1.81728 -0.255401 1.27781
-1.81254 -0.287078 1.27781
-1.80725 -0.318668 1.27781
-1.80142 -0.35016 1.29478
-1.79503 -0.381546 1.29478
-1.7881 -0.412815 1.29478
-1.78062 -0.443959 1.29478
-1.7726 -0.474968 1.29478
-1.76404 -0.505832 1.29478
-1.75495 -0.536541 1.32053
-1.74532 -0.567088 1.32053
-1.73515 -0.597461 1.32053
-1.72446 -0.627653 1.32053
-1.71325 -0.657653 1.32053
-1.70151 -0.687453 1.32053
-1.68925 -0.717044 1.32053
-1.67648 -0.746416 1.35223
-1.6632 -0.775561 1.35223
-1.64941 -0.80447 1.35223
-1.63512 -0.833134 1.35223
-1.62033 -0.861543 1.35223
-1.60504 -0.889691 1.35223
-1.58927 -0.917567 1.35223
-1.57302 -0.945164 1.38648
-1.55628 -0.972473 1.38648
-1.53907 -0.999486 1.38648
-1.5214 -1.02619 1.38648
-1.50325 -1.05259 1.38648
-1.48465 -1.07866 1.38648
-1.4656 -1.10441 1.41977
-1.44611 -1.12982 1.41977
-1.42617 -1.15489 1.41977
-1.40579 -1.1796 1.41977
-1.38499 -1.20396 1.41977
-1.36377 -1.22794 1.41977
-1.34213 -1.25156 1.41977
-1.32009 -1.27479 1.4488
-1.29764 -1.29764 1.4488
-1.27479 -1.32009 1.4488
-1.25156 -1.34213 1.4488
-1.22794 -1.36377 1.4488
-1.20396 -1.38499 1.4488
-1.1796 -1.40579 1.4488
-1.15489 -1.42617 1.47076
-1.12982 -1.44611 1.47076
-1.10441 -1.4656 1.47076
-1.07866 -1.48465 1.47076
-1.05259 -1.50325 1.47076
-1.02619 -1.5214 1.47076
-0.999486 -1.53907 1.48348
-0.972473 -1.55628 1.48348
-0.945164 -1.57302 1.48348
-0.917567 -1.58927 1.48348
-0.889691 -1.60504 1.48348
-0.861543 -1.62033 1.48348
-0.833134 -1.63512 1.48348
-0.80447 -1.64941 1.48557
-0.775561 -1.6632 1.48557
-0.746416 -1.67648 1.48557
-0.717044 -1.68925 1.48557
-0.687453 -1.70151 1.48557
-0.657653 -1.71325 1.48557
-0.627653 -1.72446 1.48557
-0.597461 -1.73515 1.47635
-0.567088 -1.74532 1.47635
-0.536541 -1.75495 1.47635
-0.505832 -1.76404 1.47635
-0.474968 -1.7726 1.47635
-0.443959 -1.78062 1.47635
-0.412815 -1.7881 1.4559
-0.381546 -1.79503 1.4559
-0.35016 -1.80142 1.4559
-0.318668 -1.80725 1.4559
-0.287078 -1.81254 1.4559
-0.255401 -1.81728 1.4559
-0.223647 -1.82146 1.4559
-0.191824 -1.82508 1.4251
-0.159943 -1.82815 1.4251
-0.128013 -1.83066 1.4251
-0.0960435 -1.83262 1.4251
-0.0640453 -1.83402 1.4251
-0.0320275 -1.83485 1.4251
-3.37109e-16 -1.83513 1.4251
0.0320275 -1.83485 1.38561
0.0640453 -1.83402 1.38561
0.0960435 -1.83262 1.38561
0.128013 -1.83066 1.38561
0.159943 -1.82815 1.38561
0.191824 -1.82508 1.38561
0.223647 -1.82146 1.33984
0.255401 -1.81728 1.33984
0.287078 -1.81254 1.33984
0.318668 -1.80725 1.33984
0.35016 -1.80142 1.33984
0.381546 -1.79503 1.33984
0.412815 -1.7881 1.33984
0.443959 -1.78062 1.29082
0.474968 -1.7726 1.29082
0.505832 -1.76404 1.29082
0.536541 -1.75495 1.29082
0.567088 -1.74532 1.29082
0.597461 -1.73515 1.29082
0.627653 -1.72446 1.29082
0.657653 -1.71325 1.24188
0.687453 -1.70151 1.24188
0.717044 -1.68925 1.24188
0.746416 -1.67648 1.24188
0.775561 -1.6632 1.24188
0.80447 -1.64941 1.24188
0.833134 -1.63512 1.1963
0.861543 -1.62033 1.1963
0.889691 -1.60504 1.1963
0.917567 -1.58927 1.1963
0.945164 -1.57302 1.1963
0.972473 -1.55628 1.1963
0.999486 -1.53907 1.1963
1.02619 -1.5214 1.15692
1.05259 -1.50325 1.15692
1.07866 -1.48465 1.15692
1.10441 -1.4656 1.15692
1.12982 -1.44611 1.15692
1.15489 -1.42617 1.15692
1.1796 -1.40579 1.15692
1.20396 -1.38499 1.12572
1.22794 -1.36377 1.12572
1.25156 -1.34213 1.12572
1.27479 -1.32009 1.12572
1.29764 -1.29764 1.12572
1.32009 -1.27479 1.12572
1.34213 -1.25156 1.10359
1.36377 -1.22794 1.10359
1.38499 -1.20396 1.10359
1.40579 -1.1796 1.10359
1.42617 -1.15489 1.10359
1.44611 -1.12982 1.10359
1.4656 -1.10441 1.10359
1.48465 -1.07866 1.09019
1.50325 -1.05259 1.09019
1.5214 -1.02619 1.09019
1.53907 -0.999486 1.09019
1.55628 -0.972473 1.09019
1.57302 -0.945164 1.09019
1.58927 -0.917567 1.09019
1.60504 -0.889691 1.08412
1.62033 -0.861543 1.08412
1.63512 -0.833134 1.08412
1.64941 -0.80447 1.08412
1.6632 -0.775561 1.08412
1.67648 -0.746416 1.08412
1.68925 -0.717044 1.08323
1.70151 -0.687453 1.08323
1.71325 -0.657653 1.08323
1.72446 -0.627653 1.08323
1.73515 -0.597461 1.08323
1.74532 -0.567088 1.08323
1.75495 -0.536541 1.08323
1.76404 -0.505832 1.08506
1.7726 -0.474968 1.08506
1.78062 -0.443959 1.08506
1.7881 -0.412815 1.08506
1.79503 -0.381546 1.08506
1.80142 -0.35016 1.08506
1.80725 -0.318668 1.08506
1.81254 -0.287078 1.0874
1.81728 -0.255401 1.0874
1.82146 -0.223647 1.0874
1.82508 -0.191824 1.0874
1.82815 -0.159943 1.0874
1.83066 -0.128013 1.0874
1.83262 -0.0960435 1.10834
1.83402 -0.0640453 1.10834
1.83485 -0.0320275 1.10834

1.91492 0 1.07255
1.91463 0.03342 1.07255
1.91376 0.0668298 1.07255
1.9123 0.100219 1.0714
1.91026 0.133578 1.0714
1.90764 0.166897 1.0714
1.90443 0.200164 1.0714
1.90065 0.23337 1.0714
1.89629 0.266506 1.0714
1.89135 0.29956 1.06769
1.88583 0.332523 1.06769
1.87974 0.365385 1.06769
1.87308 0.398135 1.06769
1.86584 0.430764 1.06769
1.85804 0.463262 1.06769
1.84967 0.495619 1.06311
1.84074 0.527824 1.06311
1.83125 0.559869 1.06311
1.8212 0.591744 1.06311
1.8106 0.623438 1.06311
1.79944 0.654942 1.06311
1.78773 0.686247 1.06007
1.77549 0.717343 1.06007
1.7627 0.74822 1.06007
1.74937 0.778869 1.06007
1.73551 0.809281 1.06007
1.72112 0.839447 1.06007
1.70621 0.869357 1.06132
1.69078 0.899002 1.06132
1.67483 0.928373 1.06132
1.65837 0.957461 1.06132
1.64141 0.986258 1.06132
1.62395 1.01475 1.06132
1.60599 1.04294 1.06946
1.58754 1.07081 1.06946
1.56861 1.09835 1.06946
1.54921 1.12556 1.06946
1.52933 1.15243 1.06946
1.50898 1.17894 1.06946
1.48817 1.2051 1.08651
1.46692 1.23089 1.08651
1.44521 1.2563 1.08651
1.42307 1.28133 1.08651
1.40049 1.30597 1.08651
1.37748 1.33022 1.08651
1.35406 1.35406 1.11356
1.33022 1.37748 1.11356
1.30597 1.40049 1.11356
1.28133 1.42307 1.11356
1.2563 1.44521 1.11356
1.23089 1.46692 1.11356
1.2051 1.48817 1.15055
1.17894 1.50898 1.15055
1.15243 1.52933 1.15055
1.12556 1.54921 1.15055
1.09835 1.56861 1.15055
1.07081 1.58754 1.15055
1.04294 1.60599 1.19627
1.01475 1.62395 1.19627
0.986258 1.64141 1.19627
0.957461 1.65837 1.19627
0.928373 1.67483 1.19627
0.899002 1.69078 1.19627
0.869357 1.70621 1.24846
0.839447 1.72112 1.24846
0.809281 1.73551 1.24846
0.778869 1.74937 1.24846
0.74822 1.7627 1.24846
0.717343 1.77549 1.24846
0.686247 1.78773 1.30415
0.654942 1.79944 1.30415
0.623438 1.8106 1.30415
0.591744 1.8212 1.30415
0.559869 1.83125 1.30415
0.527824 1.84074 1.30415
0.495619 1.84967 1.35997
0.463262 1.85804 1.35997
0.430764 1.86584 1.35997
0.398135 1.87308 1.35997
0.365385 1.87974 1.35997
0.332523 1.88583 1.35997
0.29956 1.89135 1.41256
0.266506 1.89629 1.41256
0.23337 1.90065 1.41256
0.200164 1.90443 1.41256
0.166897 1.90764 1.41256
0.133578 1.91026 1.41256
0.100219 1.9123 1.45886
0.0668298 1.91376 1.45886
0.03342 1.91463 1.45886
1.17255e-16 1.91492 1.45886
-0.03342 1.91463 1.45886
-0.0668298 1.91376 1.45886
-0.100219 1.9123 1.49643
-0.133578 1.91026 1.49643
-0.166897 1.90764 1.49643
-0.200164 1.90443 1.49643
-0.23337 1.90065 1.49643
-0.266506 1.89629 1.49643
-0.29956 1.89135 1.52348
-0.332523 1.88583 1.52348
-0.365385 1.87974 1.52348
-0.398135 1.87308 1.52348
-0.430764 1.86584 1.52348
-0.463262 1.85804 1.52348
-0.495619 1.84967 1.53896
-0.527824 1.84074 1.53896
-0.559869 1.83125 1.53896
-0.591744 1.8212 1.53896
-0.623438 1.8106 1.53896
-0.654942 1.79944 1.53896
-0.686247 1.78773 1.5425
-0.717343 1.77549 1.5425
-0.74822 1.7627 1.5425
-0.778869 1.74937 1.5425
-0.809281 1.73551 1.5425
-0.839447 1.72112 1.5425
-0.869357 1.70621 1.53438
-0.899002 1.69078 1.53438
-0.928373 1.67483 1.53438
-0.957461 1.65837 1.53438
-0.986258 1.64141 1.53438
-1.01475 1.62395 1.53438
-1.04294 1.60599 1.51542
-1.07081 1.58754 1.51542
-1.09835 1.56861 1.51542
-1.12556 1.54921 1.51542
-1.15243 1.52933 1.51542
-1.17894 1.50898 1.51542
-1.2051 1.48817 1.48701
-1.23089 1.46692 1.48701
-1.2563 1.44521 1.48701
-1.28133 1.42307 1.48701
-1.30597 1.40049 1.48701
-1.33022 1.37748 1.48701
-1.35406 1.35406 1.45114
-1.37748 1.33022 1.45114
-1.40049 1.30597 1.45114
-1.42307 1.28133 1.45114
-1.44521 1.2563 1.45114
-1.46692 1.23089 1.45114
-1.48817 1.2051 1.41039
-1.50898 1.17894 1.41039
-1.52933 1.15243 1.41039
-1.54921 1.12556 1.41039
-1.56861 1.09835 1.41039
-1.58754 1.07081 1.41039
-1.60599 1.04294 1.3678
-1.62395 1.01475 1.3678
-1.64141 0.986258 1.3678
-1.65837 0.957461 1.3678
-1.67483 0.928373 1.3678
-1.69078 0.899002 1.3678
-1.70621 0.869357 1.32672
-1.72112 0.839447 1.32672
-1.73551 0.809281 1.32672
-1.74937 0.778869 1.32672
-1.7627 0.74822 1.32672
-1.77549 0.717343 1.32672
-1.78773 0.686247 1.29056
-1.79944 0.654942 1.29056
-1.8106 0.623438 1.29056
-1.8212 0.591744 1.29056
-1.83125 0.559869 1.29056
-1.84074 0.527824 1.29056
-1.84967 0.495619 1.26243
-1.85804 0.463262 1.26243
-1.86584 0.430764 1.26243
-1.87308 0.398135 1.26243
-1.87974 0.365385 1.26243
-1.88583 0.332523 1.26243
-1.89135 0.29956 1.24483
-1.89629 0.266506 1.24483
-1.90065 0.23337 1.24483
-1.90443 0.200164 1.24483
-1.90764 0.166897 1.24483
-1.91026 0.133578 1.24483
-1.9123 0.100219 1.23935
-1.91376 0.0668298 1.23935
-1.91463 0.03342 1.23935
-1.91492 2.3451e-16 1.23935
-1.91463 -0.03342 1.23935
-1.91376 -0.0668298 1.23935
-1.9123 -0.100219 1.23935
-1.91026 -0.133578 1.24644
-1.90764 -0.166897 1.24644
-1.90443 -0.200164 1.24644
-1.90065 -0.23337 1.24644
-1.89629 -0.266506 1.24644
-1.89135 -0.29956 1.24644
-1.88583 -0.332523 1.26542
-1.87974 -0.365385 1.26542
-1.87308 -0.398135 1.26542
-1.86584 -0.430764 1.26542
-1.85804 -0.463262 1.26542
-1.84967 -0.495619 1.26542
-1.84074 -0.527824 1.2945
-1.83125 -0.559869 1.2945
-1.8212 -0.591744 1.2945
-1.8106 -0.623438 1.2945
-1.79944 -0.654942 1.2945
-1.78773 -0.686247 1.2945
-1.77549 -0.717343 1.33102
-1.7627 -0.74822 1.33102
-1.74937 -0.778869 1.33102
-1.73551 -0.809281 1.33102
-1.72112 -0.839447 1.33102
-1.70621 -0.869357 1.33102
-1.69078 -0.899002 1.37174
-1.67483 -0.928373 1.37174
-1.65837 -0.957461 1.37174
-1.64141 -0.986258 1.37174
-1.62395 -1.01475 1.37174
-1.60599 -1.04294 1.37174
-1.58754 -1.07081 1.41322
-1.56861 -1.09835 1.41322
-1.54921 -1.12556 1.41322
-1.52933 -1.15243 1.41322
-1.50898 -1.17894 1.41322
-1.48817 -1.2051 1.41322
-1.46692 -1.23089 1.45213
-1.44521 -1.2563 1.45213
-1.42307 -1.28133 1.45213
-1.40049 -1.30597 1.45213
-1.37748 -1.33022 1.45213
-1.35406 -1.35406 1.45213
-1.33022 -1.37748 1.48551
-1.30597 -1.40049 1.48551
-1.28133 -1.42307 1.48551
-1.2563 -1.44521 1.48551
-1.23089 -1.46692 1.48551
-1.2051 -1.48817 1.48551
-1.17894 -1.50898 1.51091
-1.15243 -1.52933 1.51091
-1.12556 -1.54921 1.51091
-1.09835 -1.56861 1.51091
-1.07081 -1.58754 1.51091
-1.04294 -1.60599 1.51091
-1.01475 -1.62395 1.52651
-0.986258 -1.64141 1.52651
-0.957461 -1.65837 1.52651
-0.928373 -1.67483 1.52651
-0.899002 -1.69078 1.52651
-0.869357 -1.70621 1.52651
-0.839447 -1.72112 1.53112
-0.809281 -1.73551 1.53112
-0.778869 -1.74937 1.53112
-0.74822 -1.7627 1.53112
-0.717343 -1.77549 1.53112
-0.686247 -1.78773 1.53112
-0.654942 -1.79944 1.52412
-0.623438 -1.8106 1.52412
-0.591744 -1.8212 1.52412
-0.559869 -1.83125 1.52412
-0.527824 -1.84074 1.52412
-0.495619 -1.84967 1.52412
-0.463262 -1.85804 1.50545
-0.430764 -1.86584 1.50545
-0.398135 -1.87308 1.50545
-0.365385 -1.87974 1.50545
-0.332523 -1.88583 1.50545
-0.29956 -1.89135 1.50545
-0.266506 -1.89629 1.47568
-0.23337 -1.90065 1.47568
-0.200164 -1.90443 1.47568
-0.166897 -1.90764 1.47568
-0.133578 -1.91026 1.47568
-0.100219 -1.9123 1.47568
-0.0668298 -1.91376 1.43603
-0.03342 -1.91463 1.43603
-3.51766e-16 -1.91492 1.43603
0.03342 -1.91463 1.43603
0.0668298 -1.91376 1.43603
0.100219 -1.9123 1.43603
0.133578 -1.91026 1.38842
0.166897 -1.90764 1.38842
0.200164 -1.90443 1.38842
0.23337 -1.90065 1.38842
0.266506 -1.89629 1.38842
0.29956 -1.89135 1.38842
0.332523 -1.88583 1.33539
0.365385 -1.87974 1.33539
0.398135 -1.87308 1.33539
0.430764 -1.86584 1.33539
0.463262 -1.85804 1.33539
0.495619 -1.84967 1.33539
0.527824 -1.84074 1.28
0.559869 -1.83125 1.28
0.591744 -1.8212 1.28
0.623438 -1.8106 1.28
0.654942 -1.79944 1.28
0.686247 -1.78773 1.28
0.717343 -1.77549 1.22557
0.74822 -1.7627 1.22557
0.778869 -1.74937 1.22557
0.809281 -1.73551 1.22557
0.839447 -1.72112 1.22557
0.869357 -1.70621 1.22557
0.899002 -1.69078 1.17534
0.928373 -1.67483 1.17534
0.957461 -1.65837 1.17534
0.986258 -1.64141 1.17534
1.01475 -1.62395 1.17534
1.04294 -1.60599 1.17534
1.07081 -1.58754 1.13212
1.09835 -1.56861 1.13212
1.12556 -1.54921 1.13212
1.15243 -1.52933 1.13212
1.17894 -1.50898 1.13212
1.2051 -1.48817 1.13212
1.23089 -1.46692 1.09796
1.2563 -1.44521 1.09796
1.28133 -1.42307 1.09796
1.30597 -1.40049 1.09796
1.33022 -1.37748 1.09796
1.35406 -1.35406 1.09796
1.37748 -1.33022 1.07385
1.40049 -1.30597 1.07385
1.42307 -1.28133 1.07385
1.44521 -1.2563 1.07385
1.46692 -1.23089 1.07385
1.48817 -1.2051 1.07385
1.50898 -1.17894 1.05964
1.52933 -1.15243 1.05964
1.54921 -1.12556 1.05964
1.56861 -1.09835 1.05964
1.58754 -1.07081 1.05964
1.60599 -1.04294 1.05964
1.62395 -1.01475 1.05408
1.64141 -0.986258 1.05408
1.65837 -0.957461 1.05408
1.67483 -0.928373 1.05408
1.69078 -0.899002 1.05408
1.70621 -0.869357 1.05408
1.72112 -0.839447 1.05502
1.73551 -0.809281 1.05502
1.74937 -0.778869 1.05502
1.7627 -0.74822 1.05502
1.77549 -0.717343 1.05502
1.78773 -0.686247 1.05502
1.79944 -0.654942 1.05982
1.8106 -0.623438 1.05982
1.8212 -0.591744 1.05982
1.83125 -0.559869 1.05982
1.84074 -0.527824 1.05982
1.84967 -0.495619 1.05982
1.85804 -0.463262 1.06576
1.86584 -0.430764 1.06576
1.87308 -0.398135 1.06576
1.87974 -0.365385 1.06576
1.88583 -0.332523 1.06576
1.89135 -0.29956 1.06576
1.89629 -0.266506 1.07052
1.90065 -0.23337 1.07052
1.90443 -0.200164 1.07052
1.90764 -0.166897 1.07052
1.91026 -0.133578 1.07052
1.9123 -0.100219 1.07052
1.91376 -0.0668298 1.08874
1.91463 -0.03342 1.08874

1.99471 0 1.07255
1.99441 0.0348125 1.07255
1.9935 0.0696144 1.07255
1.99198 0.104395 1.0714
1.98985 0.139144 1.0714
1.98712 0.173851 1.0714
1.98378 0.208504 1.0714
1.97984 0.243094 1.0714
1.9753 0.27761 1.0714
1.97015 0.312042 1.06769
1.96441 0.346378 1.06769
1.95806 0.380609 1.06769
1.95112 0.414724 1.06769
1.94359 0.448712 1.06769
1.93546 0.482564 1.06769
1.92674 0.516269 1.06311
1.91744 0.549817 1.06311
1.90755 0.583197 1.06311
1.89708 0.6164 1.06311
1.88604 0.649415 1.06311
1.87442 0.682231 1.06311
1.86222 0.714841 1.06007
1.84946 0.747232 1.06007
1.83614 0.779396 1.06007
1.82226 0.811322 1.06007
1.80782 0.843001 1.06007
1.79283 0.874424 1.06007
1.7773 0.90558 1.06132
1.76123 0.93646 1.06132
1.74461 0.967055 1.06132
1.72747 0.997356 1.06132
1.7098 1.02735 1.06132
1.69161 1.05704 1.06132
1.67291 1.0864 1.06946
1.65369 1.11543 1.06946
1.63397 1.14412 1.06946
1.61376 1.17246 1.06946
1.59305 1.20045 1.06946
1.57185 1.22807 1.06946
1.55018 1.25531 1.08651
1.52804 1.28218 1.08651
1.50543 1.30865 1.08651
1.48236 1.33472 1.08651
1.45884 1.36039 1.08651
1.43488 1.38564 1.08651
1.41047 1.41047 1.11356
1.38564 1.43488 1.11356
1.36039 1.45884 1.11356
1.33472 1.48236 1.11356
1.30865 1.50543 1.11356
1.28218 1.52804 1.11356
1.25531 1.55018 1.15055
1.22807 1.57185 1.15055
1.20045 1.59305 1.15055
1.17246 1.61376 1.15055
1.14412 1.63397 1.15055
1.11543 1.65369 1.15055
1.0864 1.67291 1.19627
1.05704 1.69161 1.19627
1.02735 1.7098 1.19627
0.997356 1.72747 1.19627
0.967055 1.74461 1.19627
0.93646 1.76123 1.19627
0.90558 1.7773 1.24846
0.874424 1.79283 1.24846
0.843001 1.80782 1.24846
0.811322 1.82226 1.24846
0.779396 1.83614 1.24846
0.747232 1.84946 1.24846
0.714841 1.86222 1.30415
0.682231 1.87442 1.30415
0.649415 1.88604 1.30415
0.6164 1.89708 1.30415
0.583197 1.90755 1.30415
0.549817 1.91744 1.30415
0.516269 1.92674 1.35997
0.482564 1.93546 1.35997
0.448712 1.94359 1.35997
0.414724 1.95112 1.35997
0.380609 1.95806 1.35997
0.346378 1.96441 1.35997
0.312042 1.97015 1.41256
0.27761 1.9753 1.41256
0.243094 1.97984 1.41256
0.208504 1.98378 1.41256
0.173851 1.98712 1.41256
0.139144 1.98985 1.41256
0.104395 1.99198 1.45886
0.0696144 1.9935 1.45886
0.0348125 1.99441 1.45886
1.22141e-16 1.99471 1.45886
-0.0348125 1.99441 1.45886
-0.0696144 1.9935 1.45886
-0.104395 1.99198 1.49643
-0.139144 1.98985 1.49643
-0.173851 1.98712 1.49643
-0.208504 1.98378 1.49643
-0.243094 1.97984 1.49643
-0.27761 1.9753 1.49643
-0.312042 1.97015 1.52348
-0.346378 1.96441 1.52348
-0.380609 1.95806 1.52348
-0.414724 1.95112 1.52348
-0.448712 1.94359 1.52348
-0.482564 1.93546 1.52348
-0.516269 1.92674 1.53896
-0.549817 1.91744 1.53896
-0.583197 1.90755 1.53896
-0.6164 1.89708 1.53896
-0.649415 1.88604 1.53896
-0.682231 1.87442 1.53896
-0.714841 1.86222 1.5425
-0.747232 1.84946 1.5425
-0.779396 1.83614 1.5425
-0.811322 1.82226 1.5425
-0.843001 1.80782 1.5425
-0.874424 1.79283 1.5425
-0.90558 1.7773 1.53438
-0.93646 1.76123 1.53438
-0.967055 1.74461 1.53438
-0.997356 1.72747 1.53438
-1.02735 1.7098 1.53438
-1.05704 1.69161 1.53438
-1.0864 1.67291 1.51542
-1.11543 1.65369 1.51542
-1.14412 1.63397 1.51542
-1.17246 1.61376 1.51542
-1.20045 1.59305 1.51542
-1.22807 1.57185 1.51542
-1.25531 1.55018 1.48701
-1.28218 1.52804 1.48701
-1.30865 1.50543 1.48701
-1.33472 1.48236 1.48701
-1.36039 1.45884 1.48701
-1.38564 1.43488 1.48701
-1.41047 1.41047 1.45114
-1.43488 1.38564 1.45114
-1.45884 1.36039 1.45114
-1.48236 1.33472 1.45114
-1.50543 1.30865 1.45114
-1.52804 1.28218 1.45114
-1.55018 1.25531 1.41039
-1.57185 1.22807 1.41039
-1.59305 1.20045 1.41039
-1.61376 1.17246 1.41039
-1.63397 1.14412 1.41039
-1.65369 1.11543 1.41039
-1.67291 1.0864 1.3678
-1.69161 1.05704 1.3678
-1.7098 1.02735 1.3678
-1.72747 0.997356 1.3678
-1.74461 0.967055 1.3678
-1.76123 0.93646 1.3678
-1.7773 0.90558 1.32672
-1.79283 0.874424 1.32672
-1.80782 0.843001 1.32672
-1.82226 0.811322 1.32672
-1.83614 0.779396 1.32672
-1.84946 0.747232 1.32672
-1.86222 0.714841 1.29056
-1.87442 0.682231 1.29056
-1.88604 0.649415 1.29056
-1.89708 0.6164 1.29056
-1.90755 0.583197 1.29056
-1.91744 0.549817 1.29056
-1.92674 0.516269 1.26243
-1.93546 0.482564 1.26243
-1.94359 0.448712 1.26243
-1.95112 0.414724 1.26243
-1.95806 0.380609 1.26243
-1.96441 0.346378 1.26243
-1.97015 0.312042 1.24483
-1.9753 0.27761 1.24483
-1.97984 0.243094 1.24483
-1.98378 0.208504 1.24483
-1.98712 0.173851 1.24483
-1.98985 0.139144 1.24483
-1.99198 0.104395 1.23935
-1.9935 0.0696144 1.23935
-1.99441 0.0348125 1.23935
-1.99471 2.44282e-16 1.23935
-1.99441 -0.0348125 1.23935
-1.9935 -0.0696144 1.23935
-1.99198 -0.104395 1.23935
-1.98985 -0.139144 1.24644
-1.98712 -0.173851 1.24644
-1.98378 -0.208504 1.24644
-1.97984 -0.243094 1.24644
-1.9753 -0.27761 1.24644
-1.97015 -0.312042 1.24644
-1.96441 -0.346378 1.26542
-1.95806 -0.380609 1.26542
-1.95112 -0.414724 1.26542
-1.94359 -0.448712 1.26542
-1.93546 -0.482564 1.26542
-1.92674 -0.516269 1.26542
-1.91744 -0.549817 1.2945
-1.90755 -0.583197 1.2945
-1.89708 -0.6164 1.2945
-1.88604 -0.649415 1.2945
-1.87442 -0.682231 1.2945
-1.86222 -0.714841 1.2945
-1.84946 -0.747232 1.33102
-1.83614 -0.779396 1.33102
-1.82226 -0.811322 1.33102
-1.80782 -0.843001 1.33102
-1.79283 -0.874424 1.33102
-1.7773 -0.90558 1.33102
-1.76123 -0.93646 1.37174
-1.74461 -0.967055 1.37174
-1.72747 -0.997356 1.37174
-1.7098 -1.02735 1.37174
-1.69161 -1.05704 1.37174
-1.67291 -1.0864 1.37174
-1.65369 -1.11543 1.41322
-1.63397 -1.14412 1.41322
-1.61376 -1.17246 1.41322
-1.59305 -1.20045 1.41322
-1.57185 -1.22807 1.41322
-1.55018 -1.25531 1.41322
-1.52804 -1.28218 1.45213
-1.50543 -1.30865 1.45213
-1.48236 -1.33472 1.45213
-1.45884 -1.36039 1.45213
-1.43488 -1.38564 1.45213
-1.41047 -1.41047 1.45213
-1.38564 -1.43488 1.48551
-1.36039 -1.45884 1.48551
-1.33472 -1.48236 1.48551
-1.30865 -1.50543 1.48551
-1.28218 -1.52804 1.48551
-1.25531 -1.55018 1.48551
-1.22807 -1.57185 1.51091
-1.20045 -1.59305 1.51091
-1.17246 -1.61376 1.51091
-1.14412 -1.63397 1.51091
-1.11543 -1.65369 1.51091
-1.0864 -1.67291 1.51091
-1.05704 -1.69161 1.52651
-1.02735 -1.7098 1.52651
-0.997356 -1.72747 1.52651
-0.967055 -1.74461 1.52651
-0.93646 -1.76123 1.52651
-0.90558 -1.7773 1.52651
-0.874424 -1.79283 1.53112
-0.843001 -1.80782 1.53112
-0.811322 -1.82226 1.53112
-0.779396 -1.83614 1.53112
-0.747232 -1.84946 1.53112
-0.714841 -1.86222 1.53112
-0.682231 -1.87442 1.52412
-0.649415 -1.88604 1.52412
-0.6164 -1.89708 1.52412
-0.583197 -1.90755 1.52412
-0.549817 -1.91744 1.52412
-0.516269 -1.92674 1.52412
-0.482564 -1.93546 1.50545
-0.448712 -1.94359 1.50545
-0.414724 -1.95112 1.50545
-0.380609 -1.95806 1.50545
-0.346378 -1.96441 1.50545
-0.312042 -1.97015 1.50545
-0.27761 -1.9753 1.47568
-0.243094 -1.97984 1.47568
-0.208504 -1.98378 1.47568
-0.173851 -1.98712 1.47568
-0.139144 -1.98985 1.47568
-0.104395 -1.99198 1.47568
-0.0696144 -1.9935 1.43603
-0.0348125 -1.99441 1.43603
-3.66423e-16 -1.99471 1.43603
0.0348125 -1.99441 1.43603
0.0696144 -1.9935 1.43603
0.104395 -1.99198 1.43603
0.139144 -1.98985 1.38842
0.173851 -1.98712 1.38842
0.208504 -1.98378 1.38842
0.243094 -1.97984 1.38842
0.27761 -1.9753 1.38842
0.312042 -1.97015 1.38842
0.346378 -1.96441 1.33539
0.380609 -1.95806 1.33539
0.414724 -1.95112 1.33539
0.448712 -1.94359 1.33539
0.482564 -1.93546 1.33539
0.516269 -1.92674 1.33539
0.549817 -1.91744 1.28
0.583197 -1.90755 1.28
0.6164 -1.89708 1.28
0.649415 -1.88604 1.28
0.682231 -1.87442 1.28
0.714841 -1.86222 1.28
0.747232 -1.84946 1.22557
0.779396 -1.83614 1.22557
0.811322 -1.82226 1.22557
0.843001 -1.80782 1.22557
0.874424 -1.79283 1.22557
0.90558 -1.7773 1.22557
0.93646 -1.76123 1.17534
0.967055 -1.74461 1.17534
0.997356 -1.72747 1.17534
1.02735 -1.7098 1.17534
1.05704 -1.69161 1.17534
1.0864 -1.67291 1.17534
1.11543 -1.65369 1.13212
1.14412 -1.63397 1.13212
1.17246 -1.61376 1.13212
1.20045 -1.59305 1.13212
1.22807 -1.57185 1.13212
1.25531 -1.55018 1.13212
1.28218 -1.52804 1.09796
1.30865 -1.50543 1.09796
1.33472 -1.48236 1.09796
1.36039 -1.45884 1.09796
1.38564 -1.43488 1.09796
1.41047 -1.41047 1.09796
1.43488 -1.38564 1.07385
1.45884 -1.36039 1.07385
1.48236 -1.33472 1.07385
1.50543 -1.30865 1.07385
1.52804 -1.28218 1.07385
1.55018 -1.25531 1.07385
1.57185 -1.22807 1.05964
1.59305 -1.20045 1.05964
1.61376 -1.17246 1.05964
1.63397 -1.14412 1.05964
1.65369 -1.11543 1.05964
1.67291 -1.0864 1.05964
1.69161 -1.05704 1.05408
1.7098 -1.02735 1.05408
1.72747 -0.997356 1.05408
1.74461 -0.967055 1.05408
1.76123 -0.93646 1.05408
1.7773 -0.90558 1.05408
1.79283 -0.874424 1.05502
1.80782 -0.843001 1.05502
1.82226 -0.811322 1.05502
1.83614 -0.779396 1.05502
1.84946 -0.747232 1.05502
1.86222 -0.714841 1.05502
1.87442 -0.682231 1.05982
1.88604 -0.649415 1.05982
1.89708 -0.6164 1.05982
1.90755 -0.583197 1.05982
1.91744 -0.549817 1.05982
1.92674 -0.516269 1.05982
1.93546 -0.482564 1.06576
1.94359 -0.448712 1.06576
1.95112 -0.414724 1.06576
1.95806 -0.380609 1.06576
1.96441 -0.346378 1.06576
1.97015 -0.312042 1.06576
1.9753 -0.27761 1.07052
1.97984 -0.243094 1.07052
1.98378 -0.208504 1.07052
1.98712 -0.173851 1.07052
1.98985 -0.139144 1.07052
1.99198 -0.104395 1.07052
1.9935 -0.0696144 1.08874
1.99441 -0.0348125 1.08874

2.0745 0 1.07255
2.07418 0.036205 1.07255
2.07324 0.072399 1.07255
2.07166 0.108571 1.0714
2.06945 0.14471 1.0714
2.06661 0.180805 1.0714
2.06314 0.216844 1.0714
2.05904 0.252818 1.0714
2.05431 0.288715 1.0714
2.04896 0.324523 1.06769
2.04298 0.360233 1.06769
2.03639 0.395833 1.06769
2.02917 0.431313 1.06769
2.02133 0.466661 1.06769
2.01288 0.501867 1.06769
2.00381 0.53692 1.06311
1.99414 0.57181 1.06311
1.98385 0.606525 1.06311
1.97297 0.641056 1.06311
1.96148 0.675391 1.06311
1.94939 0.709521 1.06311
1.93671 0.743434 1.06007
1.92344 0.777121 1.06007
1.90959 0.810572 1.06007
1.89515 0.843775 1.06007
1.88014 0.876722 1.06007
1.86455 0.909401 1.06007
1.84839 0.941803 1.06132
1.83167 0.973919 1.06132
1.8144 1.00574 1.06132
1.79657 1.03725 1.06132
1.77819 1.06845 1.06132
1.75928 1.09932 1.06132
1.73982 1.12985 1.06946
1.71984 1.16005 1.06946
1.69933 1.18988 1.06946
1.67831 1.21936 1.06946
1.65677 1.24847 1.06946
1.63473 1.27719 1.06946
1.61219 1.30553 1.08651
1.58916 1.33346 1.08651
1.56564 1.36099 1.08651
1.54165 1.38811 1.08651
1.51719 1.41481 1.08651
1.49227 1.44107 1.08651
1.46689 1.46689 1.11356
1.44107 1.49227 1.11356
1.41481 1.51719 1.11356
1.38811 1.54165 1.11356
1.36099 1.56564 1.11356
1.33346 1.58916 1.11356
1.30553 1.61219 1.15055
1.27719 1.63473 1.15055
1.24847 1.65677 1.15055
1.21936 1.67831 1.15055
1.18988 1.69933 1.15055
1.16005 1.71984 1.15055
1.12985 1.73982 1.19627
1.09932 1.75928 1.19627
1.06845 1.77819 1.19627
1.03725 1.79657 1.19627
1.00574 1.8144 1.19627
0.973919 1.83167 1.19627
0.941803 1.84839 1.24846
0.909401 1.86455 1.24846
0.876722 1.88014 1.24846
0.843775 1.89515 1.24846
0.810572 1.90959 1.24846
0.777121 1.92344 1.24846
0.743434 1.93671 1.30415
0.709521 1.94939 1.30415
0.675391 1.96148 1.30415
0.641056 1.97297 1.30415
0.606525 1.98385 1.30415
0.57181 1.99414 1.30415
0.53692 2.00381 1.35997
0.501867 2.01288 1.35997
0.466661 2.02133 1.35997
0.431313 2.02917 1.35997
0.395833 2.03639 1.35997
0.360233 2.04298 1.35997
0.324523 2.04896 1.41256
0.288715 2.05431 1.41256
0.252818 2.05904 1.41256
0.216844 2.06314 1.41256
0.180805 2.06661 1.41256
0.14471 2.06945 1.41256
0.108571 2.07166 1.45886
0.072399 2.07324 1.45886
0.036205 2.07418 1.45886
1.27026e-16 2.0745 1.45886
-0.036205 2.07418 1.45886
-0.072399 2.07324 1.45886
-0.108571 2.07166 1.49643
-0.14471 2.06945 1.49643
-0.180805 2.06661 1.49643
-0.216844 2.06314 1.49643
-0.252818 2.05904 1.49643
-0.288715 2.05431 1.49643
-0.324523 2.04896 1.52348
-0.360233 2.04298 1.52348
-0.395833 2.03639 1.52348
-0.431313 2.02917 1.52348
-0.466661 2.02133 1.52348
-0.501867 2.01288 1.52348
-0.53692 2.00381 1.53896
-0.57181 1.99414 1.53896
-0.606525 1.98385 1.53896
-0.641056 1.97297 1.53896
-0.675391 1.96148 1.53896
-0.709521 1.94939 1.53896
-0.743434 1.93671 1.5425
-0.777121 1.92344 1.5425
-0.810572 1.90959 1.5425
-0.843775 1.89515 1.5425
-0.876722 1.88014 1.5425
-0.909401 1.86455 1.5425
-0.941803 1.84839 1.53438
-0.973919 1.83167 1.53438
-1.00574 1.8144 1.53438
-1.03725 1.79657 1.53438
-1.06845 1.77819 1.53438
-1.09932 1.75928 1.53438
-1.12985 1.73982 1.51542
-1.16005 1.71984 1.51542
-1.18988 1.69933 1.51542
-1.21936 1.67831 1.51542
-1.24847 1.65677 1.51542
-1.27719 1.63473 1.51542
-1.30553 1.61219 1.48701
-1.33346 1.58916 1.48701
-1.36099 1.56564 1.48701
-1.38811 1.54165 1.48701
-1.41481 1.51719 1.48701
-1.44107 1.49227 1.48701
-1.46689 1.46689 1.45114
-1.49227 1.44107 1.45114
-1.51719 1.41481 1.45114
-1.54165 1.38811 1.45114
-1.56564 1.36099 1.45114
-1.58916 1.33346 1.45114
-1.61219 1.30553 1.41039
-1.63473 1.27719 1.41039
-1.65677 1.24847 1.41039
-1.67831 1.21936 1.41039
-1.69933 1.18988 1.41039
-1.71984 1.16005 1.41039
-1.73982 1.12985 1.3678
-1.75928 1.09932 1.3678
-1.77819 1.06845 1.3678
-1.79657 1.03725 1.3678
-1.8144 1.00574 1.3678
-1.83167 0.973919 1.3678
-1.84839 0.941803 1.32672
-1.86455 0.909401 1.32672
-1.88014 0.876722 1.32672
-1.89515 0.843775 1.32672
-1.90959 0.810572 1.32672
-1.92344 0.777121 1.32672
-1.93671 0.743434 1.29056
-1.94939 0.709521 1.29056
-1.96148 0.675391 1.29056
-1.97297 0.641056 1.29056
-1.98385 0.606525 1.29056
-1.99414 0.57181 1.29056
-2.00381 0.53692 1.26243
-2.01288 0.501867 1.26243
-2.02133 0.466661 1.26243
-2.02917 0.431313 1.26243
-2.03639 0.395833 1.26243
-2.04298 0.360233 1.26243
-2.04896 0.324523 1.24483
-2.05431 0.288715 1.24483
-2.05904 0.252818 1.24483
-2.06314 0.216844 1.24483
-2.06661 0.180805 1.24483
-2.06945 0.14471 1.24483
-2.07166 0.108571 1.23935
-2.07324 0.072399 1.23935
-2.07418 0.036205 1.23935
-2.0745 2.54053e-16 1.23935
-2.07418 -0.036205 1.23935
-2.07324 -0.072399 1.23935
-2.07166 -0.108571 1.23935
-2.06945 -0.14471 1.24644
-2.06661 -0.180805 1.24644
-2.06314 -0.216844 1.24644
-2.05904 -0.252818 1.24644
-2.05431 -0.288715 1.24644
-2.04896 -0.324523 1.24644
-2.04298 -0.360233 1.26542
-2.03639 -0.395833 1.26542
-2.02917 -0.431313 1.26542
-2.02133 -0.466661 1.26542
-2.01288 -0.501867 1.26542
-2.00381 -0.53692 1.26542
-1.99414 -0.57181 1.2945
-1.98385 -0.606525 1.2945
-1.97297 -0.641056 1.2945
-1.96148 -0.675391 1.2945
-1.94939 -0.709521 1.2945
-1.93671 -0.743434 1.2945
-1.92344 -0.777121 1.33102
-1.90959 -0.810572 1.33102
-1.89515 -0.843775 1.33102
-1.88014 -0.876722 1.33102
-1.86455 -0.909401 1.33102
-1.84839 -0.941803 1.33102
-1.83167 -0.973919 1.37174
-1.8144 -1.00574 1.37174
-1.79657 -1.03725 1.37174
-1.77819 -1.06845 1.37174
-1.75928 -1.09932 1.37174
-1.73982 -1.12985 1.37174
-1.71984 -1.16005 1.41322
-1.69933 -1.18988 1.41322
-1.67831 -1.21936 1.41322
-1.65677 -1.24847 1.41322
-1.63473 -1.27719 1.41322
-1.61219 -1.30553 1.41322
-1.58916 -1.33346 1.45213
-1.56564 -1.36099 1.45213
-1.54165 -1.38811 1.45213
-1.51719 -1.41481 1.45213
-1.49227 -1.44107 1.45213
-1.46689 -1.46689 1.45213
-1.44107 -1.49227 1.48551
-1.41481 -1.51719 1.48551
-1.38811 -1.54165 1.48551
-1.36099 -1.56564 1.48551
-1.33346 -1.58916 1.48551
-1.30553 -1.61219 1.48551
-1.27719 -1.63473 1.51091
-1.24847 -1.65677 1.51091
-1.21936 -1.67831 1.51091
-1.18988 -1.69933 1.51091
-1.16005 -1.71984 1.51091
-1.12985 -1.73982 1.51091
-1.09932 -1.75928 1.52651
-1.06845 -1.77819 1.52651
-1.03725 -1.79657 1.52651
-1.00574 -1.8144 1.52651
-0.973919 -1.83167 1.52651
-0.941803 -1.84839 1.52651
-0.909401 -1.86455 1.53112
-0.876722 -1.88014 1.53112
-0.843775 -1.89515 1.53112
-0.810572 -1.90959 1.53112
-0.777121 -1.92344 1.53112
-0.743434 -1.93671 1.53112
-0.709521 -1.94939 1.52412
-0.675391 -1.96148 1.52412
-0.641056 -1.97297 1.52412
-0.606525 -1.98385 1.52412
-0.57181 -1.99414 1.52412
-0.53692 -2.00381 1.52412
-0.501867 -2.01288 1.50545
-0.466661 -2.02133 1.50545
-0.431313 -2.02917 1.50545
-0.395833 -2.03639 1.50545
-0.360233 -2.04298 1.50545
-0.324523 -2.04896 1.50545
-0.288715 -2.05431 1.47568
-0.252818 -2.05904 1.47568
-0.216844 -2.06314 1.47568
-0.180805 -2.06661 1.47568
-0.14471 -2.06945 1.47568
-0.108571 -2.07166 1.47568
-0.072399 -2.07324 1.43603
-0.036205 -2.07418 1.43603
-3.81079e-16 -2.0745 1.43603
0.036205 -2.07418 1.43603
0.072399 -2.07324 1.43603
0.108571 -2.07166 1.43603
0.14471 -2.06945 1.38842
0.180805 -2.06661 1.38842
0.216844 -2.06314 1.38842
0.252818 -2.05904 1.38842
0.288715 -2.05431 1.38842
0.324523 -2.04896 1.38842
0.360233 -2.04298 1.33539
0.395833 -2.03639 1.33539
0.431313 -2.02917 1.33539
0.466661 -2.02133 1.33539
0.501867 -2.01288 1.33539
0.53692 -2.00381 1.33539
0.57181 -1.99414 1.28
0.606525 -1.98385 1.28
0.641056 -1.97297 1.28
0.675391 -1.96148 1.28
0.709521 -1.94939 1.28
0.743434 -1.93671 1.28
0.777121 -1.92344 1.22557
0.810572 -1.90959 1.22557
0.843775 -1.89515 1.22557
0.876722 -1.88014 1.22557
0.909401 -1.86455 1.22557
0.941803 -1.84839 1.22557
0.973919 -1.83167 1.17534
1.00574 -1.8144 1.17534
1.03725 -1.79657 1.17534
1.06845 -1.77819 1.17534
1.09932 -1.75928 1.17534
1.12985 -1.73982 1.17534
1.16005 -1.71984 1.13212
1.18988 -1.69933 1.13212
1.21936 -1.67831 1.13212
1.24847 -1.65677 1.13212
1.27719 -1.63473 1.13212
1.30553 -1.61219 1.13212
1.33346 -1.58916 1.09796
1.36099 -1.56564 1.09796
1.38811 -1.54165 1.09796
1.41481 -1.51719 1.09796
1.44107 -1.49227 1.09796
1.46689 -1.46689 1.09796
1.49227 -1.44107 1.07385
1.51719 -1.41481 1.07385
1.54165 -1.38811 1.07385
1.56564 -1.36099 1.07385
1.58916 -1.33346 1.07385
1.61219 -1.30553 1.07385
1.63473 -1.27719 1.05964
1.65677 -1.24847 1.05964
1.67831 -1.21936 1.05964
1.69933 -1.18988 1.05964
1.71984 -1.16005 1.05964
1.73982 -1.12985 1.05964
1.75928 -1.09932 1.05408
1.77819 -1.06845 1.05408
1.79657 -1.03725 1.05408
1.8144 -1.00574 1.05408
1.83167 -0.973919 1.05408
1.84839 -0.941803 1.05408
1.86455 -0.909401 1.05502
1.88014 -0.876722 1.05502
1.89515 -0.843775 1.05502
1.90959 -0.810572 1.05502
1.92344 -0.777121 1.05502
1.93671 -0.743434 1.05502
1.94939 -0.709521 1.05982
1.96148 -0.675391 1.05982
1.97297 -0.641056 1.05982
1.98385 -0.606525 1.05982
1.99414 -0.57181 1.05982
2.00381 -0.53692 1.05982
2.01288 -0.501867 1.06576
2.02133 -0.466661 1.06576
2.02917 -0.431313 1.06576
2.03639 -0.395833 1.06576
2.04298 -0.360233 1.06576
2.04896 -0.324523 1.06576
2.05431 -0.288715 1.07052
2.05904 -0.252818 1.07052
2.06314 -0.216844 1.07052
2.06661 -0.180805 1.07052
2.06945 -0.14471 1.07052
2.07166 -0.108571 1.07052
2.07324 -0.072399 1.08874
2.07418 -0.036205 1.08874

2.15429 0 1.06077
2.15396 0.0375975 1.06077
2.15298 0.0751836 1.06077
2.15134 0.112747 1.05853
2.14904 0.150276 1.05853
2.14609 0.187759 1.05853
2.14249 0.225184 1.05853
2.13823 0.262542 1.05853
2.13332 0.299819 1.05853
2.12777 0.337005 1.05199
2.12156 0.374088 1.05199
2.11471 0.411058 1.05199
2.10721 0.447902 1.05199
2.09907 0.484609 1.05199
2.0903 0.52117 1.04284
2.08088 0.557571 1.04284
2.07083 0.593802 1.04284
2.06016 0.629853 1.04284
2.04885 0.665712 1.04284
2.03692 0.701368 1.04284
2.02437 0.73681 1.03361
2.0112 0.772028 1.03361
1.99742 0.807011 1.03361
1.98303 0.841748 1.03361
1.96804 0.876228 1.03361
1.95245 0.910442 1.02726
1.93626 0.944378 1.02726
1.91948 0.978026 1.02726
1.90212 1.01138 1.02726
1.88418 1.04442 1.02726
1.86567 1.07714 1.0268
1.84659 1.10954 1.0268
1.82694 1.1416 1.0268
1.80674 1.17331 1.0268
1.78599 1.20466 1.0268
1.76469 1.23565 1.0268
1.74286 1.26626 1.03485
1.72049 1.29648 1.03485
1.6976 1.32631 1.03485
1.6742 1.35574 1.03485
1.65028 1.38475 1.03485
1.62586 1.41334 1.0533
1.60095 1.4415 1.0533
1.57555 1.46922 1.0533
1.54967 1.49649 1.0533
1.52331 1.52331 1.0533
1.49649 1.54967 1.0533
1.46922 1.57555 1.08302
1.4415 1.60095 1.08302
1.41334 1.62586 1.08302
1.38475 1.65028 1.08302
1.35574 1.6742 1.08302
1.32631 1.6976 1.12377
1.29648 1.72049 1.12377
1.26626 1.74286 1.12377
1.23565 1.76469 1.12377
1.20466 1.78599 1.12377
1.17331 1.80674 1.12377
1.1416 1.82694 1.17415
1.10954 1.84659 1.17415
1.07714 1.86567 1.17415
1.04442 1.88418 1.17415
1.01138 1.90212 1.17415
0.978026 1.91948 1.23185
0.944378 1.93626 1.23185
0.910442 1.95245 1.23185
0.876228 1.96804 1.23185
0.841748 1.98303 1.23185
0.807011 1.99742 1.23185
0.772028 2.0112 1.29383
0.73681 2.02437 1.29383
0.701368 2.03692 1.29383
0.665712 2.04885 1.29383
0.629853 2.06016 1.29383
0.593802 2.07083 1.35672
0.557571 2.08088 1.35672
0.52117 2.0903 1.35672
0.484609 2.09907 1.35672
0.447902 2.10721 1.35672
0.411058 2.11471 1.35672
0.374088 2.12156 1.41713
0.337005 2.12777 1.41713
0.299819 2.13332 1.41713
0.262542 2.13823 1.41713
0.225184 2.14249 1.41713
0.187759 2.14609 1.47195
0.150276 2.14904 1.47195
0.112747 2.15134 1.47195
0.0751836 2.15298 1.47195
0.0375975 2.15396 1.47195
1.31912e-16 2.15429 1.51858
-0.0375975 2.15396 1.51858
-0.0751836 2.15298 1.51858
-0.112747 2.15134 1.51858
-0.150276 2.14904 1.51858
-0.187759 2.14609 1.51858
-0.225184 2.14249 1.55509
-0.262542 2.13823 1.55509
-0.299819 2.13332 1.55509
-0.337005 2.12777 1.55509
-0.374088 2.12156 1.55509
-0.411058 2.11471 1.58017
-0.447902 2.10721 1.58017
-0.484609 2.09907 1.58017
-0.52117 2.0903 1.58017
-0.557571 2.08088 1.58017
-0.593802 2.07083 1.58017
-0.629853 2.06016 1.59318
-0.665712 2.04885 1.59318
-0.701368 2.03692 1.59318
-0.73681 2.02437 1.59318
-0.772028 2.0112 1.59318
-0.807011 1.99742 1.59398
-0.841748 1.98303 1.59398
-0.876228 1.96804 1.59398
-0.910442 1.95245 1.59398
-0.944378 1.93626 1.59398
-0.978026 1.91948 1.59398
-1.01138 1.90212 1.58292
-1.04442 1.88418 1.58292
-1.07714 1.86567 1.58292
-1.10954 1.84659 1.58292
-1.1416 1.82694 1.58292
-1.17331 1.80674 1.56075
-1.20466 1.78599 1.56075
-1.23565 1.76469 1.56075
-1.26626 1.74286 1.56075
-1.29648 1.72049 1.56075
-1.32631 1.6976 1.56075
-1.35574 1.6742 1.52864
-1.38475 1.65028 1.52864
-1.41334 1.62586 1.52864
-1.4415 1.60095 1.52864
-1.46922 1.57555 1.52864
-1.49649 1.54967 1.48827
-1.52331 1.52331 1.48827
-1.54967 1.49649 1.48827
-1.57555 1.46922 1.48827
-1.60095 1.4415 1.48827
-1.62586 1.41334 1.48827
-1.65028 1.38475 1.44186
-1.6742 1.35574 1.44186
-1.6976 1.32631 1.44186
-1.72049 1.29648 1.44186
-1.74286 1.26626 1.44186
-1.76469 1.23565 1.39212
-1.78599 1.20466 1.39212
-1.80674 1.17331 1.39212
-1.82694 1.1416 1.39212
-1.84659 1.10954 1.39212
-1.86567 1.07714 1.34217
-1.88418 1.04442 1.34217
-1.90212 1.01138 1.34217
-1.91948 0.978026 1.34217
-1.93626 0.944378 1.34217
-1.95245 0.910442 1.34217
-1.96804 0.876228 1.29535
-1.98303 0.841748 1.29535
-1.99742 0.807011 1.29535
-2.0112 0.772028 1.29535
-2.02437 0.73681 1.29535
-2.03692 0.701368 1.255
-2.04885 0.665712 1.255
-2.06016 0.629853 1.255
-2.07083 0.593802 1.255
-2.08088 0.557571 1.255
-2.0903 0.52117 1.255
-2.09907 0.484609 1.22409
-2.10721 0.447902 1.22409
-2.11471 0.411058 1.22409
-2.12156 0.374088 1.22409
-2.12777 0.337005 1.22409
-2.13332 0.299819 1.20501
-2.13823 0.262542 1.20501
-2.14249 0.225184 1.20501
-2.14609 0.187759 1.20501
-2.14904 0.150276 1.20501
-2.15134 0.112747 1.20501
-2.15298 0.0751836 1.19922
-2.15396 0.0375975 1.19922
-2.15429 2.63824e-16 1.19922
-2.15396 -0.0375975 1.19922
-2.15298 -0.0751836 1.19922
-2.15134 -0.112747 1.20716
-2.14904 -0.150276 1.20716
-2.14609 -0.187759 1.20716
-2.14249 -0.225184 1.20716
-2.13823 -0.262542 1.20716
-2.13332 -0.299819 1.20716
-2.12777 -0.337005 1.22818
-2.12156 -0.374088 1.22818
-2.11471 -0.411058 1.22818
-2.10721 -0.447902 1.22818
-2.09907 -0.484609 1.22818
-2.0903 -0.52117 1.26057
-2.08088 -0.557571 1.26057
-2.07083 -0.593802 1.26057
-2.06016 -0.629853 1.26057
-2.04885 -0.665712 1.26057
-2.03692 -0.701368 1.26057
-2.02437 -0.73681 1.30181
-2.0112 -0.772028 1.30181
-1.99742 -0.807011 1.30181
-1.98303 -0.841748 1.30181
-1.96804 -0.876228 1.30181
-1.95245 -0.910442 1.34876
-1.93626 -0.944378 1.34876
-1.91948 -0.978026 1.34876
-1.90212 -1.01138 1.34876
-1.88418 -1.04442 1.34876
-1.86567 -1.07714 1.34876
-1.84659 -1.10954 1.39806
-1.82694 -1.1416 1.39806
-1.80674 -1.17331 1.39806
-1.78599 -1.20466 1.39806
-1.76469 -1.23565 1.39806
-1.74286 -1.26626 1.44633
-1.72049 -1.29648 1.44633
-1.6976 -1.32631 1.44633
-1.6742 -1.35574 1.44633
-1.65028 -1.38475 1.44633
-1.62586 -1.41334 1.4905
-1.60095 -1.4415 1.4905
-1.57555 -1.46922 1.4905
-1.54967 -1.49649 1.4905
-1.52331 -1.52331 1.4905
-1.49649 -1.54967 1.4905
-1.46922 -1.57555 1.52796
-1.4415 -1.60095 1.52796
-1.41334 -1.62586 1.52796
-1.38475 -1.65028 1.52796
-1.35574 -1.6742 1.52796
-1.32631 -1.6976 1.55665
-1.29648 -1.72049 1.55665
-1.26626 -1.74286 1.55665
-1.23565 -1.76469 1.55665
-1.20466 -1.78599 1.55665
-1.17331 -1.80674 1.55665
-1.1416 -1.82694 1.57504
-1.10954 -1.84659 1.57504
-1.07714 -1.86567 1.57504
-1.04442 -1.88418 1.57504
-1.01138 -1.90212 1.57504
-0.978026 -1.91948 1.58214
-0.944378 -1.93626 1.58214
-0.910442 -1.95245 1.58214
-0.876228 -1.96804 1.58214
-0.841748 -1.98303 1.58214
-0.807011 -1.99742 1.58214
-0.772028 -2.0112 1.5774
-0.73681 -2.02437 1.5774
-0.701368 -2.03692 1.5774
-0.665712 -2.04885 1.5774
-0.629853 -2.06016 1.5774
-0.593802 -2.07083 1.56069
-0.557571 -2.08088 1.56069
-0.52117 -2.0903 1.56069
-0.484609 -2.09907 1.56069
-0.447902 -2.10721 1.56069
-0.411058 -2.11471 1.56069
-0.374088 -2.12156 1.53231
-0.337005 -2.12777 1.53231
-0.299819 -2.13332 1.53231
-0.262542 -2.13823 1.53231
-0.225184 -2.14249 1.53231
-0.187759 -2.14609 1.49312
-0.150276 -2.14904 1.49312
-0.112747 -2.15134 1.49312
-0.0751836 -2.15298 1.49312
-0.0375975 -2.15396 1.49312
-3.95736e-16 -2.15429 1.49312
0.0375975 -2.15396 1.44454
0.0751836 -2.15298 1.44454
0.112747 -2.15134 1.44454
0.150276 -2.14904 1.44454
0.187759 -2.14609 1.44454
0.225184 -2.14249 1.38864
0.262542 -2.13823 1.38864
0.299819 -2.13332 1.38864
0.337005 -2.12777 1.38864
0.374088 -2.12156 1.38864
0.411058 -2.11471 1.32808
0.447902 -2.10721 1.32808
0.484609 -2.09907 1.32808
0.52117 -2.0903 1.32808
0.557571 -2.08088 1.32808
0.593802 -2.07083 1.32808
0.629853 -2.06016 1.26595
0.665712 -2.04885 1.26595
0.701368 -2.03692 1.26595
0.73681 -2.02437 1.26595
0.772028 -2.0112 1.26595
0.807011 -1.99742 1.20558
0.841748 -1.98303 1.20558
0.876228 -1.96804 1.20558
0.910442 -1.95245 1.20558
0.944378 -1.93626 1.20558
0.978026 -1.91948 1.20558
1.01138 -1.90212 1.15023
1.04442 -1.88418 1.15023
1.07714 -1.86567 1.15023
1.10954 -1.84659 1.15023
1.1416 -1.82694 1.15023
1.17331 -1.80674 1.10274
1.20466 -1.78599 1.10274
1.23565 -1.76469 1.10274
1.26626 -1.74286 1.10274
1.29648 -1.72049 1.10274
1.32631 -1.6976 1.10274
1.35574 -1.6742 1.06523
1.38475 -1.65028 1.06523
1.41334 -1.62586 1.06523
1.4415 -1.60095 1.06523
1.46922 -1.57555 1.06523
1.49649 -1.54967 1.03885
1.52331 -1.52331 1.03885
1.54967 -1.49649 1.03885
1.57555 -1.46922 1.03885
1.60095 -1.4415 1.03885
1.62586 -1.41334 1.03885
1.65028 -1.38475 1.02364
1.6742 -1.35574 1.02364
1.6976 -1.32631 1.02364
1.72049 -1.29648 1.02364
1.74286 -1.26626 1.02364
1.76469 -1.23565 1.01855
1.78599 -1.20466 1.01855
1.80674 -1.17331 1.01855
1.82694 -1.1416 1.01855
1.84659 -1.10954 1.01855
1.86567 -1.07714 1.01855
1.88418 -1.04442 1.02154
1.90212 -1.01138 1.02154
1.91948 -0.978026 1.02154
1.93626 -0.944378 1.02154
1.95245 -0.910442 1.02154
1.96804 -0.876228 1.0299
1.98303 -0.841748 1.0299
1.99742 -0.807011 1.0299
2.0112 -0.772028 1.0299
2.02437 -0.73681 1.0299
2.03692 -0.701368 1.04063
2.04885 -0.665712 1.04063
2.06016 -0.629853 1.04063
2.07083 -0.593802 1.04063
2.08088 -0.557571 1.04063
2.0903 -0.52117 1.04063
2.09907 -0.484609 1.05081
2.10721 -0.447902 1.05081
2.11471 -0.411058 1.05081
2.12156 -0.374088 1.05081
2.12777 -0.337005 1.05081
2.13332 -0.299819 1.05803
2.13823 -0.262542 1.05803
2.14249 -0.225184 1.05803
2.14609 -0.187759 1.05803
2.14904 -0.150276 1.05803
2.15134 -0.112747 1.05803
2.15298 -0.0751836 1.07255
2.15396 -0.0375975 1.07255

2.23408 0 1.06077
2.23374 0.03899 1.06077
2.23272 0.0779682 1.06077
2.23102 0.116923 1.05853
2.22863 0.155841 1.05853
2.22558 0.194713 1.05853
2.22184 0.233525 1.05853
2.21742 0.272265 1.05853
2.21233 0.310923 1.05853
2.20657 0.349487 1.05199
2.20014 0.387943 1.05199
2.19303 0.426282 1.05199
2.18526 0.464491 1.05199
2.17682 0.502558 1.05199
2.16772 0.540472 1.04284
2.15795 0.578222 1.04284
2.14753 0.615795 1.04284
2.13646 0.653181 1.04284
2.12473 0.690368 1.04284
2.11236 0.727344 1.04284
2.09935 0.764099 1.03361
2.08569 0.800622 1.03361
2.0714 0.8369 1.03361
2.05648 0.872923 1.03361
2.04093 0.908681 1.03361
2.02476 0.944162 1.02726
2.00797 0.979355 1.02726
1.99058 1.01425 1.02726
1.97257 1.04884 1.02726
1.95397 1.0831 1.02726
1.93477 1.11704 1.0268
1.91498 1.15063 1.0268
1.8946 1.18388 1.0268
1.87365 1.21677 1.0268
1.85213 1.24928 1.0268
1.83005 1.28141 1.0268
1.80741 1.31316 1.03485
1.78421 1.3445 1.03485
1.76048 1.37544 1.03485
1.7362 1.40595 1.03485
1.7114 1.43604 1.03485
1.68608 1.46569 1.0533
1.66024 1.49489 1.0533
1.6339 1.52364 1.0533
1.60706 1.55192 1.0533
1.57973 1.57973 1.0533
1.55192 1.60706 1.0533
1.52364 1.6339 1.08302
1.49489 1.66024 1.08302
1.46569 1.68608 1.08302
1.43604 1.7114 1.08302
1.40595 1.7362 1.08302
1.37544 1.76048 1.12377
1.3445 1.78421 1.12377
1.31316 1.80741 1.12377
1.28141 1.83005 1.12377
1.24928 1.85213 1.12377
1.21677 1.87365 1.12377
1.18388 1.8946 1.17415
1.15063 1.91498 1.17415
1.11704 1.93477 1.17415
1.0831 1.95397 1.17415
1.04884 1.97257 1.17415
1.01425 1.99058 1.23185
0.979355 2.00797 1.23185
0.944162 2.02476 1.23185
0.908681 2.04093 1.23185
0.872923 2.05648 1.23185
0.8369 2.0714 1.23185
0.800622 2.08569 1.29383
0.764099 2.09935 1.29383
0.727344 2.11236 1.29383
0.690368 2.12473 1.29383
0.653181 2.13646 1.29383
0.615795 2.14753 1.35672
0.578222 2.15795 1.35672
0.540472 2.16772 1.35672
0.502558 2.17682 1.35672
0.464491 2.18526 1.35672
0.426282 2.19303 1.35672
0.387943 2.20014 1.41713
0.349487 2.20657 1.41713
0.310923 2.21233 1.41713
0.272265 2.21742 1.41713
0.233525 2.22184 1.41713
0.194713 2.22558 1.47195
0.155841 2.22863 1.47195
0.116923 2.23102 1.47195
0.0779682 2.23272 1.47195
0.03899 2.23374 1.47195
1.36798e-16 2.23408 1.51858
-0.03899 2.23374 1.51858
-0.0779682 2.23272 1.51858
-0.116923 2.23102 1.51858
-0.155841 2.22863 1.51858
-0.194713 2.22558 1.51858
-0.233525 2.22184 1.55509
-0.272265 2.21742 1.55509
-0.310923 2.21233 1.55509
-0.349487 2.20657 1.55509
-0.387943 2.20014 1.55509
-0.426282 2.19303 1.58017
-0.464491 2.18526 1.58017
-0.502558 2.17682 1.58017
-0.540472 2.16772 1.58017
-0.578222 2.15795 1.58017
-0.615795 2.14753 1.58017
-0.653181 2.13646 1.59318
-0.690368 2.12473 1.59318
-0.727344 2.11236 1.59318
-0.764099 2.09935 1.59318
-0.800622 2.08569 1.59318
-0.8369 2.0714 1.59398
-0.872923 2.05648 1.59398
-0.908681 2.04093 1.59398
-0.944162 2.02476 1.59398
-0.979355 2.00797 1.59398
-1.01425 1.99058 1.59398
-1.04884 1.97257 1.58292
-1.0831 1.95397 1.58292
-1.11704 1.93477 1.58292
-1.15063 1.91498 1.58292
-1.18388 1.8946 1.58292
-1.21677 1.87365 1.56075
-1.24928 1.85213 1.56075
-1.28141 1.83005 1.56075
-1.31316 1.80741 1.56075
-1.3445 1.78421 1.56075
-1.37544 1.76048 1.56075
-1.40595 1.7362 1.52864
-1.43604 1.7114 1.52864
-1.46569 1.68608 1.52864
-1.49489 1.66024 1.52864
-1.52364 1.6339 1.52864
-1.55192 1.60706 1.48827
-1.57973 1.57973 1.48827
-1.60706 1.55192 1.48827
-1.6339 1.52364 1.48827
-1.66024 1.49489 1.48827
-1.68608 1.46569 1.48827
-1.7114 1.43604 1.44186
-1.7362 1.40595 1.44186
-1.76048 1.37544 1.44186
-1.78421 1.3445 1.44186
-1.80741 1.31316 1.44186
-1.83005 1.28141 1.39212
-1.85213 1.24928 1.39212
-1.87365 1.21677 1.39212
-1.8946 1.18388 1.39212
-1.91498 1.15063 1.39212
-1.93477 1.11704 1.34217
-1.95397 1.0831 1.34217
-1.97257 1.04884 1.34217
-1.99058 1.01425 1.34217
-2.00797 0.979355 1.34217
-2.02476 0.944162 1.34217
-2.04093 0.908681 1.29535
-2.05648 0.872923 1.29535
-2.0714 0.8369 1.29535
-2.08569 0.800622 1.29535
-2.09935 0.764099 1.29535
-2.11236 0.727344 1.255
-2.12473 0.690368 1.255
-2.13646 0.653181 1.255
-2.14753 0.615795 1.255
-2.15795 0.578222 1.255
-2.16772 0.540472 1.255
-2.17682 0.502558 1.22409
-2.18526 0.464491 1.22409
-2.19303 0.426282 1.22409
-2.20014 0.387943 1.22409
-2.20657 0.349487 1.22409
-2.21233 0.310923 1.20501
-2.21742 0.272265 1.20501
-2.22184 0.233525 1.20501
-2.22558 0.194713 1.20501
-2.22863 0.155841 1.20501
-2.23102 0.116923 1.20501
-2.23272 0.0779682 1.19922
-2.23374 0.03899 1.19922
-2.23408 2.73595e-16 1.19922
-2.23374 -0.03899 1.19922
-2.23272 -0.0779682 1.19922
-2.23102 -0.116923 1.20716
-2.22863 -0.155841 1.20716
-2.22558 -0.194713 1.20716
-2.22184 -0.233525 1.20716
-2.21742 -0.272265 1.20716
-2.21233 -0.310923 1.20716
-2.20657 -0.349487 1.22818
-2.20014 -0.387943 1.22818
-2.19303 -0.426282 1.22818
-2.18526 -0.464491 1.22818
-2.17682 -0.502558 1.22818
-2.16772 -0.540472 1.26057
-2.15795 -0.578222 1.26057
-2.14753 -0.615795 1.26057
-2.13646 -0.653181 1.26057
-2.12473 -0.690368 1.26057
-2.11236 -0.727344 1.26057
-2.09935 -0.764099 1.30181
-2.08569 -0.800622 1.30181
-2.0714 -0.8369 1.30181
-2.05648 -0.872923 1.30181
-2.04093 -0.908681 1.30181
-2.02476 -0.944162 1.34876
-2.00797 -0.979355 1.34876
-1.99058 -1.01425 1.34876
-1.97257 -1.04884 1.34876
-1.95397 -1.0831 1.34876
-1.93477 -1.11704 1.34876
-1.91498 -1.15063 1.39806
-1.8946 -1.18388 1.39806
-1.87365 -1.21677 1.39806
-1.85213 -1.24928 1.39806
-1.83005 -1.28141 1.39806
-1.80741 -1.31316 1.44633
-1.78421 -1.3445 1.44633
-1.76048 -1.37544 1.44633
-1.7362 -1.40595 1.44633
-1.7114 -1.43604 1.44633
-1.68608 -1.46569 1.4905
-1.66024 -1.49489 1.4905
-1.6339 -1.52364 1.4905
-1.60706 -1.55192 1.4905
-1.57973 -1.57973 1.4905
-1.55192 -1.60706 1.4905
-1.52364 -1.6339 1.52796
-1.49489 -1.66024 1.52796
-1.46569 -1.68608 1.52796
-1.43604 -1.7114 1.52796
-1.40595 -1.7362 1.52796
-1.37544 -1.76048 1.55665
-1.3445 -1.78421 1.55665
-1.31316 -1.80741 1.55665
-1.28141 -1.83005 1.55665
-1.24928 -1.85213 1.55665
-1.21677 -1.87365 1.55665
-1.18388 -1.8946 1.57504
-1.15063 -1.91498 1.57504
-1.11704 -1.93477 1.57504
-1.0831 -1.95397 1.57504
-1.04884 -1.97257 1.57504
-1.01425 -1.99058 1.58214
-0.979355 -2.00797 1.58214
-0.944162 -2.02476 1.58214
-0.908681 -2.04093 1.58214
-0.872923 -2.05648 1.58214
-0.8369 -2.0714 1.58214
-0.800622 -2.08569 1.5774
-0.764099 -2.09935 1.5774
-0.727344 -2.11236 1.5774
-0.690368 -2.12473 1.5774
-0.653181 -2.13646 1.5774
-0.615795 -2.14753 1.56069
-0.578222 -2.15795 1.56069
-0.540472 -2.16772 1.56069
-0.502558 -2.17682 1.56069
-0.464491 -2.18526 1.56069
-0.426282 -2.19303 1.56069
-0.387943 -2.20014 1.53231
-0.349487 -2.20657 1.53231
-0.310923 -2.21233 1.53231
-0.272265 -2.21742 1.53231
-0.233525 -2.22184 1.53231
-0.194713 -2.22558 1.49312
-0.155841 -2.22863 1.49312
-0.116923 -2.23102 1.49312
-0.0779682 -2.23272 1.49312
-0.03899 -2.23374 1.49312
-4.10393e-16 -2.23408 1.49312
0.03899 -2.23374 1.44454
0.0779682 -2.23272 1.44454
0.116923 -2.23102 1.44454
0.155841 -2.22863 1.44454
0.194713 -2.22558 1.44454
0.233525 -2.22184 1.38864
0.272265 -2.21742 1.38864
0.310923 -2.21233 1.38864
0.349487 -2.20657 1.38864
0.387943 -2.20014 1.38864
0.426282 -2.19303 1.32808
0.464491 -2.18526 1.32808
0.502558 -2.17682 1.32808
0.540472 -2.16772 1.32808
0.578222 -2.15795 1.32808
0.615795 -2.14753 1.32808
0.653181 -2.13646 1.26595
0.690368 -2.12473 1.26595
0.727344 -2.11236 1.26595
0.764099 -2.09935 1.26595
0.800622 -2.08569 1.26595
0.8369 -2.0714 1.20558
0.872923 -2.05648 1.20558
0.908681 -2.04093 1.20558
0.944162 -2.02476 1.20558
0.979355 -2.00797 1.20558
1.01425 -1.99058 1.20558
1.04884 -1.97257 1.15023
1.0831 -1.95397 1.15023
1.11704 -1.93477 1.15023
1.15063 -1.91498 1.15023
1.18388 -1.8946 1.15023
1.21677 -1.87365 1.10274
1.24928 -1.85213 1.10274
1.28141 -1.83005 1.10274
1.31316 -1.80741 1.10274
1.3445 -1.78421 1.10274
1.37544 -1.76048 1.10274
1.40595 -1.7362 1.06523
1.43604 -1.7114 1.06523
1.46569 -1.68608 1.06523
1.49489 -1.66024 1.06523
1.52364 -1.6339 1.06523
1.55192 -1.60706 1.03885
1.57973 -1.57973 1.03885
1.60706 -1.55192 1.03885
1.6339 -1.52364 1.03885
1.66024 -1.49489 1.03885
1.68608 -1.46569 1.03885
1.7114 -1.43604 1.02364
1.7362 -1.40595 1.02364
1.76048 -1.37544 1.02364
1.78421 -1.3445 1.02364
1.80741 -1.31316 1.02364
1.83005 -1.28141 1.01855
1.85213 -1.24928 1.01855
1.87365 -1.21677 1.01855
1.8946 -1.18388 1.01855
1.91498 -1.15063 1.01855
1.93477 -1.11704 1.01855
1.95397 -1.0831 1.02154
1.97257 -1.04884 1.02154
1.99058 -1.01425 1.02154
2.00797 -0.979355 1.02154
2.02476 -0.944162 1.02154
2.04093 -0.908681 1.0299
2.05648 -0.872923 1.0299
2.0714 -0.8369 1.0299
2.08569 -0.800622 1.0299
2.09935 -0.764099 1.0299
2.11236 -0.727344 1.04063
2.12473 -0.690368 1.04063
2.13646 -0.653181 1.04063
2.14753 -0.615795 1.04063
2.15795 -0.578222 1.04063
2.16772 -0.540472 1.04063
2.17682 -0.502558 1.05081
2.18526 -0.464491 1.05081
2.19303 -0.426282 1.05081
2.20014 -0.387943 1.05081
2.20657 -0.349487 1.05081
2.21233 -0.310923 1.05803
2.21742 -0.272265 1.05803
2.22184 -0.233525 1.05803
2.22558 -0.194713 1.05803
2.22863 -0.155841 1.05803
2.23102 -0.116923 1.05803
2.23272 -0.0779682 1.07255
2.23374 -0.03899 1.07255

2.31387 0 1.05442
2.31351 0.0403825 1.05442
2.31246 0.0807527 1.05442
2.31069 0.121098 1.05104
2.30823 0.161407 1.05104
2.30506 0.201667 1.05104
2.30119 0.241865 1.05104
2.29662 0.281989 1.05104
2.29135 0.322028 1.04151
2.28538 0.361968 1.04151
2.27871 0.401798 1.04151
2.27135 0.441506 1.04151
2.2633 0.48108 1.04151
2.25456 0.520506 1.02758
2.24513 0.559775 1.02758
2.23502 0.598872 1.02758
2.22423 0.637788 1.02758
2.21276 0.676509 1.02758
2.20062 0.715024 1.01182
2.1878 0.753321 1.01182
2.17432 0.791389 1.01182
2.16018 0.829215 1.01182
2.14538 0.866789 1.01182
2.12992 0.904099 0.997385
2.11382 0.941134 0.997385
2.09707 0.977882 0.997385
2.07969 1.01433 0.997385
2.06167 1.05047 0.997385
2.04302 1.08629 0.987586
2.02375 1.12178 0.987586
2.00387 1.15693 0.987586
1.98337 1.19173 0.987586
1.96227 1.22616 0.987586
1.94057 1.26022 0.985536
1.91828 1.2939 0.985536
1.89541 1.32718 0.985536
1.87196 1.36006 0.985536
1.84793 1.39252 0.985536
1.82335 1.42456 0.993785
1.79821 1.45616 0.993785
1.77252 1.48732 0.993785
1.7463 1.51803 0.993785
1.71954 1.54828 0.993785
1.69225 1.57805 1.01402
1.66446 1.60735 1.01402
1.63615 1.63615 1.01402
1.60735 1.66446 1.01402
1.57805 1.69225 1.01402
1.54828 1.71954 1.04689
1.51803 1.7463 1.04689
1.48732 1.77252 1.04689
1.45616 1.79821 1.04689
1.42456 1.82335 1.04689
1.39252 1.84793 1.09191
1.36006 1.87196 1.09191
1.32718 1.89541 1.09191
1.2939 1.91828 1.09191
1.26022 1.94057 1.09191
1.22616 1.96227 1.14754
1.19173 1.98337 1.14754
1.15693 2.00387 1.14754
1.12178 2.02375 1.14754
1.08629 2.04302 1.14754
1.05047 2.06167 1.21132
1.01433 2.07969 1.21132
0.977882 2.09707 1.21132
0.941134 2.11382 1.21132
0.904099 2.12992 1.21132
0.866789 2.14538 1.28016
0.829215 2.16018 1.28016
0.791389 2.17432 1.28016
0.753321 2.1878 1.28016
0.715024 2.20062 1.28016
0.676509 2.21276 1.35062
0.637788 2.22423 1.35062
0.598872 2.23502 1.35062
0.559775 2.24513 1.35062
0.520506 2.25456 1.35062
0.48108 2.2633 1.41927
0.441506 2.27135 1.41927
0.401798 2.27871 1.41927
0.361968 2.28538 1.41927
0.322028 2.29135 1.41927
0.281989 2.29662 1.4829
0.241865 2.30119 1.4829
0.201667 2.30506 1.4829
0.161407 2.30823 1.4829
0.121098 2.31069 1.4829
0.0807527 2.31246 1.53882
0.0403825 2.31351 1.53882
1.41683e-16 2.31387 1.53882
-0.0403825 2.31351 1.53882
-0.0807527 2.31246 1.53882
-0.121098 2.31069 1.58493
-0.161407 2.30823 1.58493
-0.201667 2.30506 1.58493
-0.241865 2.30119 1.58493
-0.281989 2.29662 1.58493
-0.322028 2.29135 1.61979
-0.361968 2.28538 1.61979
-0.401798 2.27871 1.61979
-0.441506 2.27135 1.61979
-0.48108 2.2633 1.61979
-0.520506 2.25456 1.64256
-0.559775 2.24513 1.64256
-0.598872 2.23502 1.64256
-0.637788 2.22423 1.64256
-0.676509 2.21276 1.64256
-0.715024 2.20062 1.65292
-0.753321 2.1878 1.65292
-0.791389 2.17432 1.65292
-0.829215 2.16018 1.65292
-0.866789 2.14538 1.65292
-0.904099 2.12992 1.65093
-0.941134 2.11382 1.65093
-0.977882 2.09707 1.65093
-1.01433 2.07969 1.65093
-1.05047 2.06167 1.65093
-1.08629 2.04302 1.63698
-1.12178 2.02375 1.63698
-1.15693 2.00387 1.63698
-1.19173 1.98337 1.63698
-1.22616 1.96227 1.63698
-1.26022 1.94057 1.6117
-1.2939 1.91828 1.6117
-1.32718 1.89541 1.6117
-1.36006 1.87196 1.6117
-1.39252 1.84793 1.6117
-1.42456 1.82335 1.57608
-1.45616 1.79821 1.57608
-1.48732 1.77252 1.57608
-1.51803 1.7463 1.57608
-1.54828 1.71954 1.57608
-1.57805 1.69225 1.53148
-1.60735 1.66446 1.53148
-1.63615 1.63615 1.53148
-1.66446 1.60735 1.53148
-1.69225 1.57805 1.53148
-1.71954 1.54828 1.47977
-1.7463 1.51803 1.47977
-1.77252 1.48732 1.47977
-1.79821 1.45616 1.47977
-1.82335 1.42456 1.47977
-1.84793 1.39252 1.42331
-1.87196 1.36006 1.42331
-1.89541 1.32718 1.42331
-1.91828 1.2939 1.42331
-1.94057 1.26022 1.42331
-1.96227 1.22616 1.36494
-1.98337 1.19173 1.36494
-2.00387 1.15693 1.36494
-2.02375 1.12178 1.36494
-2.04302 1.08629 1.36494
-2.06167 1.05047 1.30786
-2.07969 1.01433 1.30786
-2.09707 0.977882 1.30786
-2.11382 0.941134 1.30786
-2.12992 0.904099 1.30786
-2.14538 0.866789 1.25543
-2.16018 0.829215 1.25543
-2.17432 0.791389 1.25543
-2.1878 0.753321 1.25543
-2.20062 0.715024 1.25543
-2.21276 0.676509 1.21091
-2.22423 0.637788 1.21091
-2.23502 0.598872 1.21091
-2.24513 0.559775 1.21091
-2.25456 0.520506 1.21091
-2.2633 0.48108 1.17722
-2.27135 0.441506 1.17722
-2.27871 0.401798 1.17722
-2.28538 0.361968 1.17722
-2.29135 0.322028 1.17722
-2.29662 0.281989 1.15662
-2.30119 0.241865 1.15662
-2.30506 0.201667 1.15662
-2.30823 0.161407 1.15662
-2.31069 0.121098 1.15662
-2.31246 0.0807527 1.15053
-2.31351 0.0403825 1.15053
-2.31387 2.83367e-16 1.15053
-2.31351 -0.0403825 1.15053
-2.31246 -0.0807527 1.15053
-2.31069 -0.121098 1.15936
-2.30823 -0.161407 1.15936
-2.30506 -0.201667 1.15936
-2.30119 -0.241865 1.15936
-2.29662 -0.281989 1.15936
-2.29135 -0.322028 1.18247
-2.28538 -0.361968 1.18247
-2.27871 -0.401798 1.18247
-2.27135 -0.441506 1.18247
-2.2633 -0.48108 1.18247
-2.25456 -0.520506 1.21823
-2.24513 -0.559775 1.21823
-2.23502 -0.598872 1.21823
-2.22423 -0.637788 1.21823
-2.21276 -0.676509 1.21823
-2.20062 -0.715024 1.2642
-2.1878 -0.753321 1.2642
-2.17432 -0.791389 1.2642
-2.16018 -0.829215 1.2642
-2.14538 -0.866789 1.2642
-2.12992 -0.904099 1.31732
-2.11382 -0.941134 1.31732
-2.09707 -0.977882 1.31732
-2.07969 -1.01433 1.31732
-2.06167 -1.05047 1.31732
-2.04302 -1.08629 1.37425
-2.02375 -1.12178 1.37425
-2.00387 -1.15693 1.37425
-1.98337 -1.19173 1.37425
-1.96227 -1.22616 1.37425
-1.94057 -1.26022 1.43158
-1.91828 -1.2939 1.43158
-1.89541 -1.32718 1.43158
-1.87196 -1.36006 1.43158
-1.84793 -1.39252 1.43158
-1.82335 -1.42456 1.48615
-1.79821 -1.45616 1.48615
-1.77252 -1.48732 1.48615
-1.7463 -1.51803 1.48615
-1.71954 -1.54828 1.48615
-1.69225 -1.57805 1.53518
-1.66446 -1.60735 1.53518
-1.63615 -1.63615 1.53518
-1.60735 -1.66446 1.53518
-1.57805 -1.69225 1.53518
-1.54828 -1.71954 1.57644
-1.51803 -1.7463 1.57644
-1.48732 -1.77252 1.57644
-1.45616 -1.79821 1.57644
-1.42456 -1.82335 1.57644
-1.39252 -1.84793 1.60819
-1.36006 -1.87196 1.60819
-1.32718 -1.89541 1.60819
-1.2939 -1.91828 1.60819
-1.26022 -1.94057 1.60819
-1.22616 -1.96227 1.62922
-1.19173 -1.98337 1.62922
-1.15693 -2.00387 1.62922
-1.12178 -2.02375 1.62922
-1.08629 -2.04302 1.62922
-1.05047 -2.06167 1.63876
-1.01433 -2.07969 1.63876
-0.977882 -2.09707 1.63876
-0.941134 -2.11382 1.63876
-0.904099 -2.12992 1.63876
-0.866789 -2.14538 1.63632
-0.829215 -2.16018 1.63632
-0.791389 -2.17432 1.63632
-0.753321 -2.1878 1.63632
-0.715024 -2.20062 1.63632
-0.676509 -2.21276 1.62172
-0.637788 -2.22423 1.62172
-0.598872 -2.23502 1.62172
-0.559775 -2.24513 1.62172
-0.520506 -2.25456 1.62172
-0.48108 -2.2633 1.59507
-0.441506 -2.27135 1.59507
-0.401798 -2.27871 1.59507
-0.361968 -2.28538 1.59507
-0.322028 -2.29135 1.59507
-0.281989 -2.29662 1.55689
-0.241865 -2.30119 1.55689
-0.201667 -2.30506 1.55689
-0.161407 -2.30823 1.55689
-0.121098 -2.31069 1.55689
-0.0807527 -2.31246 1.50818
-0.0403825 -2.31351 1.50818
-4.2505e-16 -2.31387 1.50818
0.0403825 -2.31351 1.50818
0.0807527 -2.31246 1.50818
0.121098 -2.31069 1.45051
0.161407 -2.30823 1.45051
0.201667 -2.30506 1.45051
0.241865 -2.30119 1.45051
0.281989 -2.29662 1.45051
0.322028 -2.29135 1.38606
0.361968 -2.28538 1.38606
0.401798 -2.27871 1.38606
0.441506 -2.27135 1.38606
0.48108 -2.2633 1.38606
0.520506 -2.25456 1.31758
0.559775 -2.24513 1.31758
0.598872 -2.23502 1.31758
0.637788 -2.22423 1.31758
0.676509 -2.21276 1.31758
0.715024 -2.20062 1.24824
0.753321 -2.1878 1.24824
0.791389 -2.17432 1.24824
0.829215 -2.16018 1.24824
0.866789 -2.14538 1.24824
0.904099 -2.12992 1.18142
0.941134 -2.11382 1.18142
0.977882 -2.09707 1.18142
1.01433 -2.07969 1.18142
1.05047 -2.06167 1.18142
1.08629 -2.04302 1.1204
1.12178 -2.02375 1.1204
1.15693 -2.00387 1.1204
1.19173 -1.98337 1.1204
1.22616 -1.96227 1.1204
1.26022 -1.94057 1.06811
1.2939 -1.91828 1.06811
1.32718 -1.89541 1.06811
1.36006 -1.87196 1.06811
1.39252 -1.84793 1.06811
1.42456 -1.82335 1.02677
1.45616 -1.79821 1.02677
1.48732 -1.77252 1.02677
1.51803 -1.7463 1.02677
1.54828 -1.71954 1.02677
1.57805 -1.69225 0.997722
1.60735 -1.66446 0.997722
1.63615 -1.63615 0.997722
1.66446 -1.60735 0.997722
1.69225 -1.57805 0.997722
1.71954 -1.54828 0.981203
1.7463 -1.51803 0.981203
1.77252 -1.48732 0.981203
1.79821 -1.45616 0.981203
1.82335 -1.42456 0.981203
1.84793 -1.39252 0.976371
1.87196 -1.36006 0.976371
1.89541 -1.32718 0.976371
1.91828 -1.2939 0.976371
1.94057 -1.26022 0.976371
1.96227 -1.22616 0.981371
1.98337 -1.19173 0.981371
2.00387 -1.15693 0.981371
2.02375 -1.12178 0.981371
2.04302 -1.08629 0.981371
2.06167 -1.05047 0.993545
2.07969 -1.01433 0.993545
2.09707 -0.977882 0.993545
2.11382 -0.941134 0.993545
2.12992 -0.904099 0.993545
2.14538 -0.866789 1.00974
2.16018 -0.829215 1.00974
2.17432 -0.791389 1.00974
2.1878 -0.753321 1.00974
2.20062 -0.715024 1.00974
2.21276 -0.676509 1.02664
2.22423 -0.637788 1.02664
2.23502 -0.598872 1.02664
2.24513 -0.559775 1.02664
2.25456 -0.520506 1.02664
2.2633 -0.48108 1.04121
2.27135 -0.441506 1.04121
2.27871 -0.401798 1.04121
2.28538 -0.361968 1.04121
2.29135 -0.322028 1.04121
2.29662 -0.281989 1.05099
2.30119 -0.241865 1.05099
2.30506 -0.201667 1.05099
2.30823 -0.161407 1.05099
2.31069 -0.121098 1.05099
2.31246 -0.0807527 1.06077
2.31351 -0.0403825 1.06077

2.39365 0 1.05442
2.39329 0.041775 1.05442
2.3922 0.0835373 1.05442
2.39037 0.125274 1.05104
2.38782 0.166973 1.05104
2.38455 0.208621 1.05104
2.38054 0.250205 1.05104
2.37581 0.291713 1.05104
2.37036 0.333132 1.04151
2.36418 0.37445 1.04151
2.35729 0.415654 1.04151
2.34968 0.456731 1.04151
2.34135 0.497669 1.04151
2.3323 0.538455 1.02758
2.32255 0.579077 1.02758
2.31209 0.619523 1.02758
2.30093 0.65978 1.02758
2.28906 0.699837 1.02758
2.2765 0.73968 1.01182
2.26324 0.779297 1.01182
2.2493 0.818678 1.01182
2.23467 0.857809 1.01182
2.21936 0.896678 1.01182
2.20337 0.935275 0.997385
2.18671 0.973587 0.997385
2.16939 1.0116 0.997385
2.1514 1.04931 0.997385
2.13276 1.0867 0.997385
2.11347 1.12375 0.987586
2.09354 1.16047 0.987586
2.07296 1.19683 0.987586
2.05176 1.23282 0.987586
2.02993 1.26844 0.987586
2.00749 1.30368 0.985536
1.98443 1.33851 0.985536
1.96077 1.37294 0.985536
1.93651 1.40695 0.985536
1.91166 1.44054 0.985536
1.88622 1.47368 0.993785
1.86022 1.50638 0.993785
1.83365 1.53861 0.993785
1.80651 1.57038 0.993785
1.77883 1.60167 0.993785
1.75061 1.63247 1.01402
1.72185 1.66277 1.01402
1.69257 1.69257 1.01402
1.66277 1.72185 1.01402
1.63247 1.75061 1.01402
1.60167 1.77883 1.04689
1.57038 1.80651 1.04689
1.53861 1.83365 1.04689
1.50638 1.86022 1.04689
1.47368 1.88622 1.04689
1.44054 1.91166 1.09191
1.40695 1.93651 1.09191
1.37294 1.96077 1.09191
1.33851 1.98443 1.09191
1.30368 2.00749 1.09191
1.26844 2.02993 1.14754
1.23282 2.05176 1.14754
1.19683 2.07296 1.14754
1.16047 2.09354 1.14754
1.12375 2.11347 1.14754
1.0867 2.13276 1.21132
1.04931 2.1514 1.21132
1.0116 2.16939 1.21132
0.973587 2.18671 1.21132
0.935275 2.20337 1.21132
0.896678 2.21936 1.28016
0.857809 2.23467 1.28016
0.818678 2.2493 1.28016
0.779297 2.26324 1.28016
0.73968 2.2765 1.28016
0.699837 2.28906 1.35062
0.65978 2.30093 1.35062
0.619523 2.31209 1.35062
0.579077 2.32255 1.35062
0.538455 2.3323 1.35062
0.497669 2.34135 1.41927
0.456731 2.34968 1.41927
0.415654 2.35729 1.41927
0.37445 2.36418 1.41927
0.333132 2.37036 1.41927
0.291713 2.37581 1.4829
0.250205 2.38054 1.4829
0.208621 2.38455 1.4829
0.166973 2.38782 1.4829
0.125274 2.39037 1.4829
0.0835373 2.3922 1.53882
0.041775 2.39329 1.53882
1.46569e-16 2.39365 1.53882
-0.041775 2.39329 1.53882
-0.0835373 2.3922 1.53882
-0.125274 2.39037 1.58493
-0.166973 2.38782 1.58493
-0.208621 2.38455 1.58493
-0.250205 2.38054 1.58493
-0.291713 2.37581 1.58493
-0.333132 2.37036 1.61979
-0.37445 2.36418 1.61979
-0.415654 2.35729 1.61979
-0.456731 2.34968 1.61979
-0.497669 2.34135 1.61979
-0.538455 2.3323 1.64256
-0.579077 2.32255 1.64256
-0.619523 2.31209 1.64256
-0.65978 2.30093 1.64256
-0.699837 2.28906 1.64256
-0.73968 2.2765 1.65292
-0.779297 2.26324 1.65292
-0.818678 2.2493 1.65292
-0.857809 2.23467 1.65292
-0.896678 2.21936 1.65292
-0.935275 2.20337 1.65093
-0.973587 2.18671 1.65093
-1.0116 2.16939 1.65093
-1.04931 2.1514 1.65093
-1.0867 2.13276 1.65093
-1.12375 2.11347 1.63698
-1.16047 2.09354 1.63698
-1.19683 2.07296 1.63698
-1.23282 2.05176 1.63698
-1.26844 2.02993 1.63698
-1.30368 2.00749 1.6117
-1.33851 1.98443 1.6117
-1.37294 1.96077 1.6117
-1.40695 1.93651 1.6117
-1.44054 1.91166 1.6117
-1.47368 1.88622 1.57608
-1.50638 1.86022 1.57608
-1.53861 1.83365 1.57608
-1.57038 1.80651 1.57608
-1.60167 1.77883 1.57608
-1.63247 1.75061 1.53148
-1.66277 1.72185 1.53148
-1.69257 1.69257 1.53148
-1.72185 1.66277 1.53148
-1.75061 1.63247 1.53148
-1.77883 1.60167 1.47977
-1.80651 1.57038 1.47977
-1.83365 1.53861 1.47977
-1.86022 1.50638 1.47977
-1.88622 1.47368 1.47977
-1.91166 1.44054 1.42331
-1.93651 1.40695 1.42331
-1.96077 1.37294 1.42331
-1.98443 1.33851 1.42331
-2.00749 1.30368 1.42331
-2.02993 1.26844 1.36494
-2.05176 1.23282 1.36494
-2.07296 1.19683 1.36494
-2.09354 1.16047 1.36494
-2.11347 1.12375 1.36494
-2.13276 1.0867 1.30786
-2.1514 1.04931 1.30786
-2.16939 1.0116 1.30786
-2.18671 0.973587 1.30786
-2.20337 0.935275 1.30786
-2.21936 0.896678 1.25543
-2.23467 0.857809 1.25543
-2.2493 0.818678 1.25543
-2.26324 0.779297 1.25543
-2.2765 0.73968 1.25543
-2.28906 0.699837 1.21091
-2.30093 0.65978 1.21091
-2.31209 0.619523 1.21091
-2.32255 0.579077 1.21091
-2.3323 0.538455 1.21091
-2.34135 0.497669 1.17722
-2.34968 0.456731 1.17722
-2.35729 0.415654 1.17722
-2.36418 0.37445 1.17722
-2.37036 0.333132 1.17722
-2.37581 0.291713 1.15662
-2.38054 0.250205 1.15662
-2.38455 0.208621 1.15662
-2.38782 0.166973 1.15662
-2.39037 0.125274 1.15662
-2.3922 0.0835373 1.15053
-2.39329 0.041775 1.15053
-2.39365 2.93138e-16 1.15053
-2.39329 -0.041775 1.15053
-2.3922 -0.0835373 1.15053
-2.39037 -0.125274 1.15936
-2.38782 -0.166973 1.15936
-2.38455 -0.208621 1.15936
-2.38054 -0.250205 1.15936
-2.37581 -0.291713 1.15936
-2.37036 -0.333132 1.18247
-2.36418 -0.37445 1.18247
-2.35729 -0.415654 1.18247
-2.34968 -0.456731 1.18247
-2.34135 -0.497669 1.18247
-2.3323 -0.538455 1.21823
-2.32255 -0.579077 1.21823
-2.31209 -0.619523 1.21823
-2.30093 -0.65978 1.21823
-2.28906 -0.699837 1.21823
-2.2765 -0.73968 1.2642
-2.26324 -0.779297 1.2642
-2.2493 -0.818678 1.2642
-2.23467 -0.857809 1.2642
-2.21936 -0.896678 1.2642
-2.20337 -0.935275 1.31732
-2.18671 -0.973587 1.31732
-2.16939 -1.0116 1.31732
-2.1514 -1.04931 1.31732
-2.13276 -1.0867 1.31732
-2.11347 -1.12375 1.37425
-2.09354 -1.16047 1.37425
-2.07296 -1.19683 1.37425
-2.05176 -1.23282 1.37425
-2.02993 -1.26844 1.37425
-2.00749 -1.30368 1.43158
-1.98443 -1.33851 1.43158
-1.96077 -1.37294 1.43158
-1.93651 -1.40695 1.43158
-1.91166 -1.44054 1.43158
-1.88622 -1.47368 1.48615
-1.86022 -1.50638 1.48615
-1.83365 -1.53861 1.48615
-1.80651 -1.57038 1.48615
-1.77883 -1.60167 1.48615
-1.75061 -1.63247 1.53518
-1.72185 -1.66277 1.53518
-1.69257 -1.69257 1.53518
-1.66277 -1.72185 1.53518
-1.63247 -1.75061 1.53518
-1.60167 -1.77883 1.57644
-1.57038 -1.80651 1.57644
-1.53861 -1.83365 1.57644
-1.50638 -1.86022 1.57644
-1.47368 -1.88622 1.57644
-1.44054 -1.91166 1.60819
-1.40695 -1.93651 1.60819
-1.37294 -1.96077 1.60819
-1.33851 -1.98443 1.60819
-1.30368 -2.00749 1.60819
-1.26844 -2.02993 1.62922
-1.23282 -2.05176 1.62922
-1.19683 -2.07296 1.62922
-1.16047 -2.09354 1.62922
-1.12375 -2.11347 1.62922
-1.0867 -2.13276 1.63876
-1.04931 -2.1514 1.63876
-1.0116 -2.16939 1.63876
-0.973587 -2.18671 1.63876
-0.935275 -2.20337 1.63876
-0.896678 -2.21936 1.63632
-0.857809 -2.23467 1.63632
-0.818678 -2.2493 1.63632
-0.779297 -2.26324 1.63632
-0.73968 -2.2765 1.63632
-0.699837 -2.28906 1.62172
-0.65978 -2.30093 1.62172
-0.619523 -2.31209 1.62172
-0.579077 -2.32255 1.62172
-0.538455 -2.3323 1.62172
-0.497669 -2.34135 1.59507
-0.456731 -2.34968 1.59507
-0.415654 -2.35729 1.59507
-0.37445 -2.36418 1.59507
-0.333132 -2.37036 1.59507
-0.291713 -2.37581 1.55689
-0.250205 -2.38054 1.55689
-0.208621 -2.38455 1.55689
-0.166973 -2.38782 1.55689
-0.125274 -2.39037 1.55689
-0.0835373 -2.3922 1.50818
-0.041775 -2.39329 1.50818
-4.39707e-16 -2.39365 1.50818
0.041775 -2.39329 1.50818
0.0835373 -2.3922 1.50818
0.125274 -2.39037 1.45051
0.166973 -2.38782 1.45051
0.208621 -2.38455 1.45051
0.250205 -2.38054 1.45051
0.291713 -2.37581 1.45051
0.333132 -2.37036 1.38606
0.37445 -2.36418 1.38606
0.415654 -2.35729 1.38606
0.456731 -2.34968 1.38606
0.497669 -2.34135 1.38606
0.538455 -2.3323 1.31758
0.579077 -2.32255 1.31758
0.619523 -2.31209 1.31758
0.65978 -2.30093 1.31758
0.699837 -2.28906 1.31758
0.73968 -2.2765 1.24824
0.779297 -2.26324 1.24824
0.818678 -2.2493 1.24824
0.857809 -2.23467 1.24824
0.896678 -2.21936 1.24824
0.935275 -2.20337 1.18142
0.973587 -2.18671 1.18142
1.0116 -2.16939 1.18142
1.04931 -2.1514 1.18142
1.0867 -2.13276 1.18142
1.12375 -2.11347 1.1204
1.16047 -2.09354 1.1204
1.19683 -2.07296 1.1204
1.23282 -2.05176 1.1204
1.26844 -2.02993 1.1204
1.30368 -2.00749 1.06811
1.33851 -1.98443 1.06811
1.37294 -1.96077 1.06811
1.40695 -1.93651 1.06811
1.44054 -1.91166 1.06811
1.47368 -1.88622 1.02677
1.50638 -1.86022 1.02677
1.53861 -1.83365 1.02677
1.57038 -1.80651 1.02677
1.60167 -1.77883 1.02677
1.63247 -1.75061 0.997722
1.66277 -1.72185 0.997722
1.69257 -1.69257 0.997722
1.72185 -1.66277 0.997722
1.75061 -1.63247 0.997722
1.77883 -1.60167 0.981203
1.80651 -1.57038 0.981203
1.83365 -1.53861 0.981203
1.86022 -1.50638 0.981203
1.88622 -1.47368 0.981203
1.91166 -1.44054 0.976371
1.93651 -1.40695 0.976371
1.96077 -1.37294 0.976371
1.98443 -1.33851 0.976371
2.00749 -1.30368 0.976371
2.02993 -1.26844 0.981371
2.05176 -1.23282 0.981371
2.07296 -1.19683 0.981371
2.09354 -1.16047 0.981371
2.11347 -1.12375 0.981371
2.13276 -1.0867 0.993545
2.1514 -1.04931 0.993545
2.16939 -1.0116 0.993545
2.18671 -0.973587 0.993545
2.20337 -0.935275 0.993545
2.21936 -0.896678 1.00974
2.23467 -0.857809 1.00974
2.2493 -0.818678 1.00974
2.26324 -0.779297 1.00974
2.2765 -0.73968 1.00974
2.28906 -0.699837 1.02664
2.30093 -0.65978 1.02664
2.31209 -0.619523 1.02664
2.32255 -0.579077 1.02664
2.3323 -0.538455 1.02664
2.34135 -0.497669 1.04121
2.34968 -0.456731 1.04121
2.35729 -0.415654 1.04121
2.36418 -0.37445 1.04121
2.37036 -0.333132 1.04121
2.37581 -0.291713 1.05099
2.38054 -0.250205 1.05099
2.38455 -0.208621 1.05099
2.38782 -0.166973 1.05099
2.39037 -0.125274 1.05099
2.3922 -0.0835373 1.06077
2.39329 -0.041775 1.06077

2.47344 0 1.05442
2.47307 0.0431675 1.05442
2.47194 0.0863219 1.05442
2.47005 0.12945 1.05104
2.46742 0.172539 1.05104
2.46403 0.215575 1.05104
2.45989 0.258545 1.05104
2.45501 0.301437 1.05104
2.44937 0.344237 1.04151
2.44299 0.386932 1.04151
2.43586 0.429509 1.04151
2.428 0.471955 1.04151
2.41939 0.514258 1.04151
2.41005 0.556403 1.02758
2.39997 0.59838 1.02758
2.38916 0.640174 1.02758
2.37763 0.681773 1.02758
2.36536 0.723164 1.02758
2.35238 0.764336 1.01182
2.33869 0.805274 1.01182
2.32428 0.845967 1.01182
2.30916 0.886402 1.01182
2.29334 0.926568 1.01182
2.27682 0.966451 0.997385
2.2596 1.00604 0.997385
2.2417 1.04532 0.997385
2.22312 1.08429 0.997385
2.20385 1.12292 0.997385
2.18392 1.16121 0.987586
2.16332 1.19915 0.987586
2.14206 1.23672 0.987586
2.12015 1.27392 0.987586
2.0976 1.31072 0.987586
2.0744 1.34713 0.985536
2.05058 1.38313 0.985536
2.02613 1.41871 0.985536
2.00106 1.45385 0.985536
1.97538 1.48855 0.985536
1.9491 1.5228 0.993785
1.92223 1.55659 0.993785
1.89477 1.5899 0.993785
1.86673 1.62272 0.993785
1.83813 1.65506 0.993785
1.80896 1.68688 1.01402
1.77925 1.7182 1.01402
1.74899 1.74899 1.01402
1.7182 1.77925 1.01402
1.68688 1.80896 1.01402
1.65506 1.83813 1.04689
1.62272 1.86673 1.04689
1.5899 1.89477 1.04689
1.55659 1.92223 1.04689
1.5228 1.9491 1.04689
1.48855 1.97538 1.09191
1.45385 2.00106 1.09191
1.41871 2.02613 1.09191
1.38313 2.05058 1.09191
1.34713 2.0744 1.09191
1.31072 2.0976 1.14754
1.27392 2.12015 1.14754
1.23672 2.14206 1.14754
1.19915 2.16332 1.14754
1.16121 2.18392 1.14754
1.12292 2.20385 1.21132
1.08429 2.22312 1.21132
1.04532 2.2417 1.21132
1.00604 2.2596 1.21132
0.966451 2.27682 1.21132
0.926568 2.29334 1.28016
0.886402 2.30916 1.28016
0.845967 2.32428 1.28016
0.805274 2.33869 1.28016
0.764336 2.35238 1.28016
0.723164 2.36536 1.35062
0.681773 2.37763 1.35062
0.640174 2.38916 1.35062
0.59838 2.39997 1.35062
0.556403 2.41005 1.35062
0.514258 2.41939 1.41927
0.471955 2.428 1.41927
0.429509 2.43586 1.41927
0.386932 2.44299 1.41927
0.344237 2.44937 1.41927
0.301437 2.45501 1.4829
0.258545 2.45989 1.4829
0.215575 2.46403 1.4829
0.172539 2.46742 1.4829
0.12945 2.47005 1.4829
0.0863219 2.47194 1.53882
0.0431675 2.47307 1.53882
1.51455e-16 2.47344 1.53882
-0.0431675 2.47307 1.53882
-0.0863219 2.47194 1.53882
-0.12945 2.47005 1.58493
-0.172539 2.46742 1.58493
-0.215575 2.46403 1.58493
-0.258545 2.45989 1.58493
-0.301437 2.45501 1.58493
-0.344237 2.44937 1.61979
-0.386932 2.44299 1.61979
-0.429509 2.43586 1.61979
-0.471955 2.428 1.61979
-0.514258 2.41939 1.61979
-0.556403 2.41005 1.64256
-0.59838 2.39997 1.64256
-0.640174 2.38916 1.64256
-0.681773 2.37763 1.64256
-0.723164 2.36536 1.64256
-0.764336 2.35238 1.65292
-0.805274 2.33869 1.65292
-0.845967 2.32428 1.65292
-0.886402 2.30916 1.65292
-0.926568 2.29334 1.65292
-0.966451 2.27682 1.65093
-1.00604 2.2596 1.65093
-1.04532 2.2417 1.65093
-1.08429 2.22312 1.65093
-1.12292 2.20385 1.65093
-1.16121 2.18392 1.63698
-1.19915 2.16332 1.63698
-1.23672 2.14206 1.63698
-1.27392 2.12015 1.63698
-1.31072 2.0976 1.63698
-1.34713 2.0744 1.6117
-1.38313 2.05058 1.6117
-1.41871 2.02613 1.6117
-1.45385 2.00106 1.6117
-1.48855 1.97538 1.6117
-1.5228 1.9491 1.57608
-1.55659 1.92223 1.57608
-1.5899 1.89477 1.57608
-1.62272 1.86673 1.57608
-1.65506 1.83813 1.57608
-1.68688 1.80896 1.53148
-1.7182 1.77925 1.53148
-1.74899 1.74899 1.53148
-1.77925 1.7182 1.53148
-1.80896 1.68688 1.53148
-1.83813 1.65506 1.47977
-1.86673 1.62272 1.47977
-1.89477 1.5899 1.47977
-1.92223 1.55659 1.47977
-1.9491 1.5228 1.47977
-1.97538 1.48855 1.42331
-2.00106 1.45385 1.42331
-2.02613 1.41871 1.42331
-2.05058 1.38313 1.42331
-2.0744 1.34713 1.42331
-2.0976 1.31072 1.36494
-2.12015 1.27392 1.36494
-2.14206 1.23672 1.36494
-2.16332 1.19915 1.36494
-2.18392 1.16121 1.36494
-2.20385 1.12292 1.30786
-2.22312 1.08429 1.30786
-2.2417 1.04532 1.30786
-2.2596 1.00604 1.30786
-2.27682 0.966451 1.30786
-2.29334 0.926568 1.25543
-2.30916 0.886402 1.25543
-2.32428 0.845967 1.25543
-2.33869 0.805274 1.25543
-2.35238 0.764336 1.25543
-2.36536 0.723164 1.21091
-2.37763 0.681773 1.21091
-2.38916 0.640174 1.21091
-2.39997 0.59838 1.21091
-2.41005 0.556403 1.21091
-2.41939 0.514258 1.17722
-2.428 0.471955 1.17722
-2.43586 0.429509 1.17722
-2.44299 0.386932 1.17722
-2.44937 0.344237 1.17722
-2.45501 0.301437 1.15662
-2.45989 0.258545 1.15662
-2.46403 0.215575 1.15662
-2.46742 0.172539 1.15662
-2.47005 0.12945 1.15662
-2.47194 0.0863219 1.15053
-2.47307 0.0431675 1.15053
-2.47344 3.02909e-16 1.15053
-2.47307 -0.0431675 1.15053
-2.47194 -0.0863219 1.15053
-2.47005 -0.12945 1.15936
-2.46742 -0.172539 1.15936
-2.46403 -0.215575 1.15936
-2.45989 -0.258545 1.15936
-2.45501 -0.301437 1.15936
-2.44937 -0.344237 1.18247
-2.44299 -0.386932 1.18247
-2.43586 -0.429509 1.18247
-2.428 -0.471955 1.18247
-2.41939 -0.514258 1.18247
-2.41005 -0.556403 1.21823
-2.39997 -0.59838 1.21823
-2.38916 -0.640174 1.21823
-2.37763 -0.681773 1.21823
-2.36536 -0.723164 1.21823
-2.35238 -0.764336 1.2642
-2.33869 -0.805274 1.2642
-2.32428 -0.845967 1.2642
-2.30916 -0.886402 1.2642
-2.29334 -0.926568 1.2642
-2.27682 -0.966451 1.31732
-2.2596 -1.00604 1.31732
-2.2417 -1.04532 1.31732
-2.22312 -1.08429 1.31732
-2.20385 -1.12292 1.31732
-2.18392 -1.16121 1.37425
-2.16332 -1.19915 1.37425
-2.14206 -1.23672 1.37425
-2.12015 -1.27392 1.37425
-2.0976 -1.31072 1.37425
-2.0744 -1.34713 1.43158
-2.05058 -1.38313 1.43158
-2.02613 -1.41871 1.43158
-2.00106 -1.45385 1.43158
-1.97538 -1.48855 1.43158
-1.9491 -1.5228 1.48615
-1.92223 -1.55659 1.48615
-1.89477 -1.5899 1.48615
-1.86673 -1.62272 1.48615
-1.83813 -1.65506 1.48615
-1.80896 -1.68688 1.53518
-1.77925 -1.7182 1.53518
-1.74899 -1.74899 1.53518
-1.7182 -1.77925 1.53518
-1.68688 -1.80896 1.53518
-1.65506 -1.83813 1.57644
-1.62272 -1.86673 1.57644
-1.5899 -1.89477 1.57644
-1.55659 -1.92223 1.57644
-1.5228 -1.9491 1.57644
-1.48855 -1.97538 1.60819
-1.45385 -2.00106 1.60819
-1.41871 -2.02613 1.60819
-1.38313 -2.05058 1.60819
-1.34713 -2.0744 1.60819
-1.31072 -2.0976 1.62922
-1.27392 -2.12015 1.62922
-1.23672 -2.14206 1.62922
-1.19915 -2.16332 1.62922
-1.16121 -2.18392 1.62922
-1.12292 -2.20385 1.63876
-1.08429 -2.22312 1.63876
-1.04532 -2.2417 1.63876
-1.00604 -2.2596 1.63876
-0.966451 -2.27682 1.63876
-0.926568 -2.29334 1.63632
-0.886402 -2.30916 1.63632
-0.845967 -2.32428 1.63632
-0.805274 -2.33869 1.63632
-0.764336 -2.35238 1.63632
-0.723164 -2.36536 1.62172
-0.681773 -2.37763 1.62172
-0.640174 -2.38916 1.62172
-0.59838 -2.39997 1.62172
-0.556403 -2.41005 1.62172
-0.514258 -2.41939 1.59507
-0.471955 -2.428 1.59507
-0.429509 -2.43586 1.59507
-0.386932 -2.44299 1.59507
-0.344237 -2.44937 1.59507
-0.301437 -2.45501 1.55689
-0.258545 -2.45989 1.55689
-0.215575 -2.46403 1.55689
-0.172539 -2.46742 1.55689
-0.12945 -2.47005 1.55689
-0.0863219 -2.47194 1.50818
-0.0431675 -2.47307 1.50818
-4.54364e-16 -2.47344 1.50818
0.0431675 -2.47307 1.50818
0.0863219 -2.47194 1.50818
0.12945 -2.47005 1.45051
0.172539 -2.46742 1.45051
0.215575 -2.46403 1.45051
0.258545 -2.45989 1.45051
0.301437 -2.45501 1.45051
0.344237 -2.44937 1.38606
0.386932 -2.44299 1.38606
0.429509 -2.43586 1.38606
0.471955 -2.428 1.38606
0.514258 -2.41939 1.38606
0.556403 -2.41005 1.31758
0.59838 -2.39997 1.31758
0.640174 -2.38916 1.31758
0.681773 -2.37763 1.31758
0.723164 -2.36536 1.31758
0.764336 -2.35238 1.24824
0.805274 -2.33869 1.24824
0.845967 -2.32428 1.24824
0.886402 -2.30916 1.24824
0.926568 -2.29334 1.24824
0.966451 -2.27682 1.18142
1.00604 -2.2596 1.18142
1.04532 -2.2417 1.18142
1.08429 -2.22312 1.18142
1.12292 -2.20385 1.18142
1.16121 -2.18392 1.1204
1.19915 -2.16332 1.1204
1.23672 -2.14206 1.1204
1.27392 -2.12015 1.1204
1.31072 -2.0976 1.1204
1.34713 -2.0744 1.06811
1.38313 -2.05058 1.06811
1.41871 -2.02613 1.06811
1.45385 -2.00106 1.06811
1.48855 -1.97538 1.06811
1.5228 -1.9491 1.02677
1.55659 -1.92223 1.02677
1.5899 -1.89477 1.02677
1.62272 -1.86673 1.02677
1.65506 -1.83813 1.02677
1.68688 -1.80896 0.997722
1.7182 -1.77925 0.997722
1.74899 -1.74899 0.997722
1.77925 -1.7182 0.997722
1.80896 -1.68688 0.997722
1.83813 -1.65506 0.981203
1.86673 -1.62272 0.981203
1.89477 -1.5899 0.981203
1.92223 -1.55659 0.981203
1.9491 -1.5228 0.981203
1.97538 -1.48855 0.976371
2.00106 -1.45385 0.976371
2.02613 -1.41871 0.976371
2.05058 -1.38313 0.976371
2.0744 -1.34713 0.976371
2.0976 -1.31072 0.981371
2.12015 -1.27392 0.981371
2.14206 -1.23672 0.981371
2.16332 -1.19915 0.981371
2.18392 -1.16121 0.981371
2.20385 -1.12292 0.993545
2.22312 -1.08429 0.993545
2.2417 -1.04532 0.993545
2.2596 -1.00604 0.993545
2.27682 -0.966451 0.993545
2.29334 -0.926568 1.00974
2.30916 -0.886402 1.00974
2.32428 -0.845967 1.00974
2.33869 -0.805274 1.00974
2.35238 -0.764336 1.00974
2.36536 -0.723164 1.02664
2.37763 -0.681773 1.02664
2.38916 -0.640174 1.02664
2.39997 -0.59838 1.02664
2.41005 -0.556403 1.02664
2.41939 -0.514258 1.04121
2.428 -0.471955 1.04121
2.43586 -0.429509 1.04121
2.44299 -0.386932 1.04121
2.44937 -0.344237 1.04121
2.45501 -0.301437 1.05099
2.45989 -0.258545 1.05099
2.46403 -0.215575 1.05099
2.46742 -0.172539 1.05099
2.47005 -0.12945 1.05099
2.47194 -0.0863219 1.06077
2.47307 -0.0431675 1.06077

2.55323 0 1.05462
2.55284 0.04456 1.05462
2.55168 0.0891065 1.05462
2.54973 0.133626 1.05002
2.54701 0.178104 1.05002
2.54351 0.222529 1.05002
2.53924 0.266885 1.05002
2.5342 0.311161 1.03735
2.52838 0.355341 1.03735
2.5218 0.399413 1.03735
2.51444 0.443364 1.03735
2.50632 0.487179 1.03735
2.49744 0.530846 1.01838
2.48779 0.574352 1.01838
2.47739 0.617682 1.01838
2.46623 0.660825 1.01838
2.45432 0.703766 1.01838
2.44167 0.746492 0.995759
2.42827 0.788992 0.995759
2.41413 0.831251 0.995759
2.39925 0.873256 0.995759
2.38365 0.914996 0.972752
2.36731 0.956457 0.972752
2.35026 0.997627 0.972752
2.33249 1.03849 0.972752
2.31401 1.07904 0.972752
2.29483 1.11926 0.952931
2.27495 1.15914 0.952931
2.25437 1.19867 0.952931
2.23311 1.23783 0.952931
2.21116 1.27662 0.939804
2.18855 1.31501 0.939804
2.16526 1.35301 0.939804
2.14132 1.39059 0.939804
2.11672 1.42775 0.939804
2.09148 1.46447 0.936472
2.06561 1.50075 0.936472
2.0391 1.53657 0.936472
2.01197 1.57193 0.936472
1.98423 1.6068 0.936472
1.95589 1.64118 0.945337
1.92695 1.67507 0.945337
1.89742 1.70844 0.945337
1.86731 1.7413 0.945337
1.83664 1.77362 0.967862
1.80541 1.80541 0.967862
1.77362 1.83664 0.967862
1.7413 1.86731 0.967862
1.70844 1.89742 0.967862
1.67507 1.92695 1.00444
1.64118 1.95589 1.00444
1.6068 1.98423 1.00444
1.57193 2.01197 1.00444
1.53657 2.0391 1.00444
1.50075 2.06561 1.05435
1.46447 2.09148 1.05435
1.42775 2.11672 1.05435
1.39059 2.14132 1.05435
1.35301 2.16526 1.11587
1.31501 2.18855 1.11587
1.27662 2.21116 1.11587
1.23783 2.23311 1.11587
1.19867 2.25437 1.11587
1.15914 2.27495 1.18641
1.11926 2.29483 1.18641
1.07904 2.31401 1.18641
1.03849 2.33249 1.18641
0.997627 2.35026 1.26275
0.956457 2.36731 1.26275
0.914996 2.38365 1.26275
0.873256 2.39925 1.26275
0.831251 2.41413 1.26275
0.788992 2.42827 1.3414
0.746492 2.44167 1.3414
0.703766 2.45432 1.3414
0.660825 2.46623 1.3414
0.617682 2.47739 1.3414
0.574352 2.48779 1.4188
0.530846 2.49744 1.4188
0.487179 2.50632 1.4188
0.443364 2.51444 1.4188
0.399413 2.5218 1.49167
0.355341 2.52838 1.49167
0.311161 2.5342 1.49167
0.266885 2.53924 1.49167
0.222529 2.54351 1.49167
0.178104 2.54701 1.55718
0.133626 2.54973 1.55718
0.0891065 2.55168 1.55718
0.04456 2.55284 1.55718
1.5634e-16 2.55323 1.6131
-0.04456 2.55284 1.6131
-0.0891065 2.55168 1.6131
-0.133626 2.54973 1.6131
-0.178104 2.54701 1.6131
-0.222529 2.54351 1.65786
-0.266885 2.53924 1.65786
-0.311161 2.5342 1.65786
-0.355341 2.52838 1.65786
-0.399413 2.5218 1.65786
-0.443364 2.51444 1.69052
-0.487179 2.50632 1.69052
-0.530846 2.49744 1.69052
-0.574352 2.48779 1.69052
-0.617682 2.47739 1.71065
-0.660825 2.46623 1.71065
-0.703766 2.45432 1.71065
-0.746492 2.44167 1.71065
-0.788992 2.42827 1.71065
-0.831251 2.41413 1.71821
-0.873256 2.39925 1.71821
-0.914996 2.38365 1.71821
-0.956457 2.36731 1.71821
-0.997627 2.35026 1.71821
-1.03849 2.33249 1.71341
-1.07904 2.31401 1.71341
-1.11926 2.29483 1.71341
-1.15914 2.27495 1.71341
-1.19867 2.25437 1.69664
-1.23783 2.23311 1.69664
-1.27662 2.21116 1.69664
-1.31501 2.18855 1.69664
-1.35301 2.16526 1.69664
-1.39059 2.14132 1.66844
-1.42775 2.11672 1.66844
-1.46447 2.09148 1.66844
-1.50075 2.06561 1.66844
-1.53657 2.0391 1.62955
-1.57193 2.01197 1.62955
-1.6068 1.98423 1.62955
-1.64118 1.95589 1.62955
-1.67507 1.92695 1.62955
-1.70844 1.89742 1.58105
-1.7413 1.86731 1.58105
-1.77362 1.83664 1.58105
-1.80541 1.80541 1.58105
-1.83664 1.77362 1.58105
-1.86731 1.7413 1.52446
-1.89742 1.70844 1.52446
-1.92695 1.67507 1.52446
-1.95589 1.64118 1.52446
-1.98423 1.6068 1.46178
-2.01197 1.57193 1.46178
-2.0391 1.53657 1.46178
-2.06561 1.50075 1.46178
-2.09148 1.46447 1.46178
-2.11672 1.42775 1.39553
-2.14132 1.39059 1.39553
-2.16526 1.35301 1.39553
-2.18855 1.31501 1.39553
-2.21116 1.27662 1.32868
-2.23311 1.23783 1.32868
-2.25437 1.19867 1.32868
-2.27495 1.15914 1.32868
-2.29483 1.11926 1.32868
-2.31401 1.07904 1.26453
-2.33249 1.03849 1.26453
-2.35026 0.997627 1.26453
-2.36731 0.956457 1.26453
-2.38365 0.914996 1.26453
-2.39925 0.873256 1.20646
-2.41413 0.831251 1.20646
-2.42827 0.788992 1.20646
-2.44167 0.746492 1.20646
-2.45432 0.703766 1.15772
-2.46623 0.660825 1.15772
-2.47739 0.617682 1.15772
-2.48779 0.574352 1.15772
-2.49744 0.530846 1.15772
-2.50632 0.487179 1.12116
-2.51444 0.443364 1.12116
-2.5218 0.399413 1.12116
-2.52838 0.355341 1.12116
-2.5342 0.311161 1.12116
-2.53924 0.266885 1.09901
-2.54351 0.222529 1.09901
-2.54701 0.178104 1.09901
-2.54973 0.133626 1.09901
-2.55168 0.0891065 1.09262
-2.55284 0.04456 1.09262
-2.55323 3.12681e-16 1.09262
-2.55284 -0.04456 1.09262
-2.55168 -0.0891065 1.09262
-2.54973 -0.133626 1.10237
-2.54701 -0.178104 1.10237
-2.54351 -0.222529 1.10237
-2.53924 -0.266885 1.10237
-2.5342 -0.311161 1.12766
-2.52838 -0.355341 1.12766
-2.5218 -0.399413 1.12766
-2.51444 -0.443364 1.12766
-2.50632 -0.487179 1.12766
-2.49744 -0.530846 1.16691
-2.48779 -0.574352 1.16691
-2.47739 -0.617682 1.16691
-2.46623 -0.660825 1.16691
-2.45432 -0.703766 1.16691
-2.44167 -0.746492 1.21771
-2.42827 -0.788992 1.21771
-2.41413 -0.831251 1.21771
-2.39925 -0.873256 1.21771
-2.38365 -0.914996 1.27706
-2.36731 -0.956457 1.27706
-2.35026 -0.997627 1.27706
-2.33249 -1.03849 1.27706
-2.31401 -1.07904 1.27706
-2.29483 -1.11926 1.34161
-2.27495 -1.15914 1.34161
-2.25437 -1.19867 1.34161
-2.23311 -1.23783 1.34161
-2.21116 -1.27662 1.34161
-2.18855 -1.31501 1.40792
-2.16526 -1.35301 1.40792
-2.14132 -1.39059 1.40792
-2.11672 -1.42775 1.40792
-2.09148 -1.46447 1.47269
-2.06561 -1.50075 1.47269
-2.0391 -1.53657 1.47269
-2.01197 -1.57193 1.47269
-1.98423 -1.6068 1.47269
-1.95589 -1.64118 1.53302
-1.92695 -1.67507 1.53302
-1.89742 -1.70844 1.53302
-1.86731 -1.7413 1.53302
-1.83664 -1.77362 1.58646
-1.80541 -1.80541 1.58646
-1.77362 -1.83664 1.58646
-1.7413 -1.86731 1.58646
-1.70844 -1.89742 1.58646
-1.67507 -1.92695 1.63114
-1.64118 -1.95589 1.63114
-1.6068 -1.98423 1.63114
-1.57193 -2.01197 1.63114
-1.53657 -2.0391 1.63114
-1.50075 -2.06561 1.66568
-1.46447 -2.09148 1.66568
-1.42775 -2.11672 1.66568
-1.39059 -2.14132 1.66568
-1.35301 -2.16526 1.68917
-1.31501 -2.18855 1.68917
-1.27662 -2.21116 1.68917
-1.23783 -2.23311 1.68917
-1.19867 -2.25437 1.68917
-1.15914 -2.27495 1.70103
-1.11926 -2.29483 1.70103
-1.07904 -2.31401 1.70103
-1.03849 -2.33249 1.70103
-0.997627 -2.35026 1.7009
-0.956457 -2.36731 1.7009
-0.914996 -2.38365 1.7009
-0.873256 -2.39925 1.7009
-0.831251 -2.41413 1.7009
-0.788992 -2.42827 1.68856
-0.746492 -2.44167 1.68856
-0.703766 -2.45432 1.68856
-0.660825 -2.46623 1.68856
-0.617682 -2.47739 1.68856
-0.574352 -2.48779 1.66397
-0.530846 -2.49744 1.66397
-0.487179 -2.50632 1.66397
-0.443364 -2.51444 1.66397
-0.399413 -2.5218 1.62734
-0.355341 -2.52838 1.62734
-0.311161 -2.5342 1.62734
-0.266885 -2.53924 1.62734
-0.222529 -2.54351 1.62734
-0.178104 -2.54701 1.57929
-0.133626 -2.54973 1.57929
-0.0891065 -2.55168 1.57929
-0.04456 -2.55284 1.57929
-4.69021e-16 -2.55323 1.57929
0.04456 -2.55284 1.5209
0.0891065 -2.55168 1.5209
0.133626 -2.54973 1.5209
0.178104 -2.54701 1.5209
0.222529 -2.54351 1.45386
0.266885 -2.53924 1.45386
0.311161 -2.5342 1.45386
0.355341 -2.52838 1.45386
0.399413 -2.5218 1.45386
0.443364 -2.51444 1.38047
0.487179 -2.50632 1.38047
0.530846 -2.49744 1.38047
0.574352 -2.48779 1.38047
0.617682 -2.47739 1.30359
0.660825 -2.46623 1.30359
0.703766 -2.45432 1.30359
0.746492 -2.44167 1.30359
0.788992 -2.42827 1.30359
0.831251 -2.41413 1.22648
0.873256 -2.39925 1.22648
0.914996 -2.38365 1.22648
0.956457 -2.36731 1.22648
0.997627 -2.35026 1.22648
1.03849 -2.33249 1.15258
1.07904 -2.31401 1.15258
1.11926 -2.29483 1.15258
1.15914 -2.27495 1.15258
1.19867 -2.25437 1.08528
1.23783 -2.23311 1.08528
1.27662 -2.21116 1.08528
1.31501 -2.18855 1.08528
1.35301 -2.16526 1.08528
1.39059 -2.14132 1.02758
1.42775 -2.11672 1.02758
1.46447 -2.09148 1.02758
1.50075 -2.06561 1.02758
1.53657 -2.0391 0.981859
1.57193 -2.01197 0.981859
1.6068 -1.98423 0.981859
1.64118 -1.95589 0.981859
1.67507 -1.92695 0.981859
1.70844 -1.89742 0.949629
1.7413 -1.86731 0.949629
1.77362 -1.83664 0.949629
1.80541 -1.80541 0.949629
1.83664 -1.77362 0.949629
1.86731 -1.7413 0.931362
1.89742 -1.70844 0.931362
1.92695 -1.67507 0.931362
1.95589 -1.64118 0.931362
1.98423 -1.6068 0.92645
2.01197 -1.57193 0.92645
2.0391 -1.53657 0.92645
2.06561 -1.50075 0.92645
2.09148 -1.46447 0.92645
2.11672 -1.42775 0.933245
2.14132 -1.39059 0.933245
2.16526 -1.35301 0.933245
2.18855 -1.31501 0.933245
2.21116 -1.27662 0.933245
2.23311 -1.23783 0.94921
2.25437 -1.19867 0.94921
2.27495 -1.15914 0.94921
2.29483 -1.11926 0.94921
2.31401 -1.07904 0.971162
2.33249 -1.03849 0.971162
2.35026 -0.997627 0.971162
2.36731 -0.956457 0.971162
2.38365 -0.914996 0.971162
2.39925 -0.873256 0.995577
2.41413 -0.831251 0.995577
2.42827 -0.788992 0.995577
2.44167 -0.746492 0.995577
2.45432 -0.703766 1.01894
2.46623 -0.660825 1.01894
2.47739 -0.617682 1.01894
2.48779 -0.574352 1.01894
2.49744 -0.530846 1.01894
2.50632 -0.487179 1.03807
2.51444 -0.443364 1.03807
2.5218 -0.399413 1.03807
2.52838 -0.355341 1.03807
2.5342 -0.311161 1.03807
2.53924 -0.266885 1.05048
2.54351 -0.222529 1.05048
2.54701 -0.178104 1.05048
2.54973 -0.133626 1.05048
2.55168 -0.0891065 1.05442
2.55284 -0.04456 1.05442

2.63302 0 1.05462
2.63262 0.0459525 1.05462
2.63142 0.091891 1.05462
2.62941 0.137802 1.05002
2.62661 0.18367 1.05002
2.623 0.229483 1.05002
2.6186 0.275225 1.05002
2.61339 0.320884 1.03735
2.60739 0.366445 1.03735
2.6006 0.411895 1.03735
2.59302 0.457219 1.03735
2.58464 0.502404 1.03735
2.57548 0.547435 1.01838
2.56553 0.5923 1.01838
2.55481 0.636985 1.01838
2.5433 0.681475 1.01838
2.53102 0.725758 1.01838
2.51797 0.76982 0.995759
2.50415 0.813648 0.995759
2.48957 0.857227 0.995759
2.47423 0.900546 0.995759
2.45814 0.94359 0.972752
2.44129 0.986346 0.972752
2.42371 1.0288 0.972752
2.40538 1.07095 0.972752
2.38633 1.11276 0.972752
2.36654 1.15424 0.952931
2.34604 1.19537 0.952931
2.32482 1.23613 0.952931
2.30289 1.27651 0.952931
2.28026 1.31651 0.939804
2.25694 1.35611 0.939804
2.23293 1.39529 0.939804
2.20824 1.43404 0.939804
2.18287 1.47237 0.939804
2.15684 1.51024 0.936472
2.13016 1.54765 0.936472
2.10282 1.58459 0.936472
2.07485 1.62105 0.936472
2.04624 1.65701 0.936472
2.01701 1.69247 0.945337
1.98716 1.72742 0.945337
1.95671 1.76183 0.945337
1.92567 1.79571 0.945337
1.89404 1.82905 0.967862
1.86183 1.86183 0.967862
1.82905 1.89404 0.967862
1.79571 1.92567 0.967862
1.76183 1.95671 0.967862
1.72742 1.98716 1.00444
1.69247 2.01701 1.00444
1.65701 2.04624 1.00444
1.62105 2.07485 1.00444
1.58459 2.10282 1.00444
1.54765 2.13016 1.05435
1.51024 2.15684 1.05435
1.47237 2.18287 1.05435
1.43404 2.20824 1.05435
1.39529 2.23293 1.11587
1.35611 2.25694 1.11587
1.31651 2.28026 1.11587
1.27651 2.30289 1.11587
1.23613 2.32482 1.11587
1.19537 2.34604 1.18641
1.15424 2.36654 1.18641
1.11276 2.38633 1.18641
1.07095 2.40538 1.18641
1.0288 2.42371 1.26275
0.986346 2.44129 1.26275
0.94359 2.45814 1.26275
0.900546 2.47423 1.26275
0.857227 2.48957 1.26275
0.813648 2.50415 1.3414
0.76982 2.51797 1.3414
0.725758 2.53102 1.3414
0.681475 2.5433 1.3414
0.636985 2.55481 1.3414
0.5923 2.56553 1.4188
0.547435 2.57548 1.4188
0.502404 2.58464 1.4188
0.457219 2.59302 1.4188
0.411895 2.6006 1.49167
0.366445 2.60739 1.49167
0.320884 2.61339 1.49167
0.275225 2.6186 1.49167
0.229483 2.623 1.49167
0.18367 2.62661 1.55718
0.137802 2.62941 1.55718
0.091891 2.63142 1.55718
0.0459525 2.63262 1.55718
1.61226e-16 2.63302 1.6131
-0.0459525 2.63262 1.6131
-0.091891 2.63142 1.6131
-0.137802 2.62941 1.6131
-0.18367 2.62661 1.6131
-0.229483 2.623 1.65786
-0.275225 2.6186 1.65786
-0.320884 2.61339 1.65786
-0.366445 2.60739 1.65786
-0.411895 2.6006 1.65786
-0.457219 2.59302 1.69052
-0.502404 2.58464 1.69052
-0.547435 2.57548 1.69052
-0.5923 2.56553 1.69052
-0.636985 2.55481 1.71065
-0.681475 2.5433 1.71065
-0.725758 2.53102 1.71065
-0.76982 2.51797 1.71065
-0.813648 2.50415 1.71065
-0.857227 2.48957 1.71821
-0.900546 2.47423 1.71821
-0.94359 2.45814 1.71821
-0.986346 2.44129 1.71821
-1.0288 2.42371 1.71821
-1.07095 2.40538 1.71341
-1.11276 2.38633 1.71341
-1.15424 2.36654 1.71341
-1.19537 2.34604 1.71341
-1.23613 2.32482 1.69664
-1.27651 2.30289 1.69664
-1.31651 2.28026 1.69664
-1.35611 2.25694 1.69664
-1.39529 2.23293 1.69664
-1.43404 2.20824 1.66844
-1.47237 2.18287 1.66844
-1.51024 2.15684 1.66844
-1.54765 2.13016 1.66844
-1.58459 2.10282 1.62955
-1.62105 2.07485 1.62955
-1.65701 2.04624 1.62955
-1.69247 2.01701 1.62955
-1.72742 1.98716 1.62955
-1.76183 1.95671 1.58105
-1.79571 1.92567 1.58105
-1.82905 1.89404 1.58105
-1.86183 1.86183 1.58105
-1.89404 1.82905 1.58105
-1.92567 1.79571 1.52446
-1.95671 1.76183 1.52446
-1.98716 1.72742 1.52446
-2.01701 1.69247 1.52446
-2.04624 1.65701 1.46178
-2.07485 1.62105 1.46178
-2.10282 1.58459 1.46178
-2.13016 1.54765 1.46178
-2.15684 1.51024 1.46178
-2.18287 1.47237 1.39553
-2.20824 1.43404 1.39553
-2.23293 1.39529 1.39553
-2.25694 1.35611 1.39553
-2.28026 1.31651 1.32868
-2.30289 1.27651 1.32868
-2.32482 1.23613 1.32868
-2.34604 1.19537 1.32868
-2.36654 1.15424 1.32868
-2.38633 1.11276 1.26453
-2.40538 1.07095 1.26453
-2.42371 1.0288 1.26453
-2.44129 0.986346 1.26453
-2.45814 0.94359 1.26453
-2.47423 0.900546 1.20646
-2.48957 0.857227 1.20646
-2.50415 0.813648 1.20646
-2.51797 0.76982 1.20646
-2.53102 0.725758 1.15772
-2.5433 0.681475 1.15772
-2.55481 0.636985 1.15772
-2.56553 0.5923 1.15772
-2.57548 0.547435 1.15772
-2.58464 0.502404 1.12116
-2.59302 0.457219 1.12116
-2.6006 0.411895 1.12116
-2.60739 0.366445 1.12116
-2.61339 0.320884 1.12116
-2.6186 0.275225 1.09901
-2.623 0.229483 1.09901
-2.62661 0.18367 1.09901
-2.62941 0.137802 1.09901
-2.63142 0.091891 1.09262
-2.63262 0.0459525 1.09262
-2.63302 3.22452e-16 1.09262
-2.63262 -0.0459525 1.09262
-2.63142 -0.091891 1.09262
-2.62941 -0.137802 1.10237
-2.62661 -0.18367 1.10237
-2.623 -0.229483 1.10237
-2.6186 -0.275225 1.10237
-2.61339 -0.320884 1.12766
-2.60739 -0.366445 1.12766
-2.6006 -0.411895 1.12766
-2.59302 -0.457219 1.12766
-2.58464 -0.502404 1.12766
-2.57548 -0.547435 1.16691
-2.56553 -0.5923 1.16691
-2.55481 -0.636985 1.16691
-2.5433 -0.681475 1.16691
-2.53102 -0.725758 1.16691
-2.51797 -0.76982 1.21771
-2.50415 -0.813648 1.21771
-2.48957 -0.857227 1.21771
-2.47423 -0.900546 1.21771
-2.45814 -0.94359 1.27706
-2.44129 -0.986346 1.27706
-2.42371 -1.0288 1.27706
-2.40538 -1.07095 1.27706
-2.38633 -1.11276 1.27706
-2.36654 -1.15424 1.34161
-2.34604 -1.19537 1.34161
-2.32482 -1.23613 1.34161
-2.30289 -1.27651 1.34161
-2.28026 -1.31651 1.34161
-2.25694 -1.35611 1.40792
-2.23293 -1.39529 1.40792
-2.20824 -1.43404 1.40792
-2.18287 -1.47237 1.40792
-2.15684 -1.51024 1.47269
-2.13016 -1.54765 1.47269
-2.10282 -1.58459 1.47269
-2.07485 -1.62105 1.47269
-2.04624 -1.65701 1.47269
-2.01701 -1.69247 1.53302
-1.98716 -1.72742 1.53302
-1.95671 -1.76183 1.53302
-1.92567 -1.79571 1.53302
-1.89404 -1.82905 1.58646
-1.86183 -1.86183 1.58646
-1.82905 -1.89404 1.58646
-1.79571 -1.92567 1.58646
-1.76183 -1.95671 1.58646
-1.72742 -1.98716 1.63114
-1.69247 -2.01701 1.63114
-1.65701 -2.04624 1.63114
-1.62105 -2.07485 1.63114
-1.58459 -2.10282 1.63114
-1.54765 -2.13016 1.66568
-1.51024 -2.15684 1.66568
-1.47237 -2.18287 1.66568
-1.43404 -2.20824 1.66568
-1.39529 -2.23293 1.68917
-1.35611 -2.25694 1.68917
-1.31651 -2.28026 1.68917
-1.27651 -2.30289 1.68917
-1.23613 -2.32482 1.68917
-1.19537 -2.34604 1.70103
-1.15424 -2.36654 1.70103
-1.11276 -2.38633 1.70103
-1.07095 -2.40538 1.70103
-1.0288 -2.42371 1.7009
-0.986346 -2.44129 1.7009
-0.94359 -2.45814 1.7009
-0.900546 -2.47423 1.7009
-0.857227 -2.48957 1.7009
-0.813648 -2.50415 1.68856
-0.76982 -2.51797 1.68856
-0.725758 -2.53102 1.68856
-0.681475 -2.5433 1.68856
-0.636985 -2.55481 1.68856
-0.5923 -2.56553 1.66397
-0.547435 -2.57548 1.66397
-0.502404 -2.58464 1.66397
-0.457219 -2.59302 1.66397
-0.411895 -2.6006 1.62734
-0.366445 -2.60739 1.62734
-0.320884 -2.61339 1.62734
-0.275225 -2.6186 1.62734
-0.229483 -2.623 1.62734
-0.18367 -2.62661 1.57929
-0.137802 -2.62941 1.57929
-0.091891 -2.63142 1.57929
-0.0459525 -2.63262 1.57929
-4.83678e-16 -2.63302 1.57929
0.0459525 -2.63262 1.5209
0.091891 -2.63142 1.5209
0.137802 -2.62941 1.5209
0.18367 -2.62661 1.5209
0.229483 -2.623 1.45386
0.275225 -2.6186 1.45386
0.320884 -2.61339 1.45386
0.366445 -2.60739 1.45386
0.411895 -2.6006 1.45386
0.457219 -2.59302 1.38047
0.502404 -2.58464 1.38047
0.547435 -2.57548 1.38047
0.5923 -2.56553 1.38047
0.636985 -2.55481 1.30359
0.681475 -2.5433 1.30359
0.725758 -2.53102 1.30359
0.76982 -2.51797 1.30359
0.813648 -2.50415 1.30359
0.857227 -2.48957 1.22648
0.900546 -2.47423 1.22648
0.94359 -2.45814 1.22648
0.986346 -2.44129 1.22648
1.0288 -2.42371 1.22648
1.07095 -2.40538 1.15258
1.11276 -2.38633 1.15258
1.15424 -2.36654 1.15258
1.19537 -2.34604 1.15258
1.23613 -2.32482 1.08528
1.27651 -2.30289 1.08528
1.31651 -2.28026 1.08528
1.35611 -2.25694 1.08528
1.39529 -2.23293 1.08528
1.43404 -2.20824 1.02758
1.47237 -2.18287 1.02758
1.51024 -2.15684 1.02758
1.54765 -2.13016 1.02758
1.58459 -2.10282 0.981859
1.62105 -2.07485 0.981859
1.65701 -2.04624 0.981859
1.69247 -2.01701 0.981859
1.72742 -1.98716 0.981859
1.76183 -1.95671 0.949629
1.79571 -1.92567 0.949629
1.82905 -1.89404 0.949629
1.86183 -1.86183 0.949629
1.89404 -1.82905 0.949629
1.92567 -1.79571 0.931362
1.95671 -1.76183 0.931362
1.98716 -1.72742 0.931362
2.01701 -1.69247 0.931362
2.04624 -1.65701 0.92645
2.07485 -1.62105 0.92645
2.10282 -1.58459 0.92645
2.13016 -1.54765 0.92645
2.15684 -1.51024 0.92645
2.18287 -1.47237 0.933245
2.20824 -1.43404 0.933245
2.23293 -1.39529 0.933245
2.25694 -1.35611 0.933245
2.28026 -1.31651 0.933245
2.30289 -1.27651 0.94921
2.32482 -1.23613 0.94921
2.34604 -1.19537 0.94921
2.36654 -1.15424 0.94921
2.38633 -1.11276 0.971162
2.40538 -1.07095 0.971162
2.42371 -1.0288 0.971162
2.44129 -0.986346 0.971162
2.45814 -0.94359 0.971162
2.47423 -0.900546 0.995577
2.48957 -0.857227 0.995577
2.50415 -0.813648 0.995577
2.51797 -0.76982 0.995577
2.53102 -0.725758 1.01894
2.5433 -0.681475 1.01894
2.55481 -0.636985 1.01894
2.56553 -0.5923 1.01894
2.57548 -0.547435 1.01894
2.58464 -0.502404 1.03807
2.59302 -0.457219 1.03807
2.6006 -0.411895 1.03807
2.60739 -0.366445 1.03807
2.61339 -0.320884 1.03807
2.6186 -0.275225 1.05048
2.623 -0.229483 1.05048
2.62661 -0.18367 1.05048
2.62941 -0.137802 1.05048
2.63142 -0.091891 1.05442
2.63262 -0.0459525 1.05442

2.71281 0 1.06256
2.71239 0.047345 1.06256
2.71115 0.0946756 1.06256
2.70909 0.141977 1.05665
2.7062 0.189236 1.05665
2.70248 0.236437 1.05665
2.69795 0.283566 1.05665
2.69259 0.330608 1.04068
2.68641 0.37755 1.04068
2.67941 0.424377 1.04068
2.67159 0.471074 1.04068
2.66297 0.517628 1.01641
2.65353 0.564024 1.01641
2.64328 0.610249 1.01641
2.63223 0.656288 1.01641
2.62037 0.702126 0.986544
2.60772 0.747751 0.986544
2.59427 0.793148 0.986544
2.58003 0.838304 0.986544
2.56501 0.883204 0.986544
2.54921 0.927835 0.954472
2.53262 0.972183 0.954472
2.51527 1.01624 0.954472
2.49715 1.05998 0.954472
2.47827 1.1034 0.923963
2.45864 1.14648 0.923963
2.43826 1.18922 0.923963
2.41713 1.23159 0.923963
2.39527 1.27359 0.898851
2.37267 1.3152 0.898851
2.34936 1.3564 0.898851
2.32533 1.3972 0.898851
2.30059 1.43757 0.898851
2.27515 1.4775 0.882709
2.24902 1.51698 0.882709
2.2222 1.556 0.882709
2.19471 1.59455 0.882709
2.16654 1.63261 0.878547
2.13772 1.67017 0.878547
2.10825 1.70723 0.878547
2.07813 1.74376 0.878547
2.04738 1.77976 0.888569
2.01601 1.81522 0.888569
1.98402 1.85013 0.888569
1.95143 1.88447 0.888569
1.91824 1.91824 0.913987
1.88447 1.95143 0.913987
1.85013 1.98402 0.913987
1.81522 2.01601 0.913987
1.77976 2.04738 0.913987
1.74376 2.07813 0.954928
1.70723 2.10825 0.954928
1.67017 2.13772 0.954928
1.63261 2.16654 0.954928
1.59455 2.19471 1.01044
1.556 2.2222 1.01044
1.51698 2.24902 1.01044
1.4775 2.27515 1.01044
1.43757 2.30059 1.0786
1.3972 2.32533 1.0786
1.3564 2.34936 1.0786
1.3152 2.37267 1.0786
1.27359 2.39527 1.0786
1.23159 2.41713 1.15664
1.18922 2.43826 1.15664
1.14648 2.45864 1.15664
1.1034 2.47827 1.15664
1.05998 2.49715 1.24123
1.01624 2.51527 1.24123
0.972183 2.53262 1.24123
0.927835 2.54921 1.24123
0.883204 2.56501 1.32875
0.838304 2.58003 1.32875
0.793148 2.59427 1.32875
0.747751 2.60772 1.32875
0.702126 2.62037 1.41555
0.656288 2.63223 1.41555
0.610249 2.64328 1.41555
0.564024 2.65353 1.41555
0.517628 2.66297 1.41555
0.471074 2.67159 1.4982
0.424377 2.67941 1.4982
0.37755 2.68641 1.4982
0.330608 2.69259 1.4982
0.283566 2.69795 1.57373
0.236437 2.70248 1.57373
0.189236 2.7062 1.57373
0.141977 2.70909 1.57373
0.0946756 2.71115 1.63977
0.047345 2.71239 1.63977
1.66112e-16 2.71281 1.63977
-0.047345 2.71239 1.63977
-0.0946756 2.71115 1.63977
-0.141977 2.70909 1.69462
-0.189236 2.7062 1.69462
-0.236437 2.70248 1.69462
-0.283566 2.69795 1.69462
-0.330608 2.69259 1.73724
-0.37755 2.68641 1.73724
-0.424377 2.67941 1.73724
-0.471074 2.67159 1.73724
-0.517628 2.66297 1.76717
-0.564024 2.65353 1.76717
-0.610249 2.64328 1.76717
-0.656288 2.63223 1.76717
-0.702126 2.62037 1.78435
-0.747751 2.60772 1.78435
-0.793148 2.59427 1.78435
-0.838304 2.58003 1.78435
-0.883204 2.56501 1.78435
-0.927835 2.54921 1.78898
-0.972183 2.53262 1.78898
-1.01624 2.51527 1.78898
-1.05998 2.49715 1.78898
-1.1034 2.47827 1.78139
-1.14648 2.45864 1.78139
-1.18922 2.43826 1.78139
-1.23159 2.41713 1.78139
-1.27359 2.39527 1.76194
-1.3152 2.37267 1.76194
-1.3564 2.34936 1.76194
-1.3972 2.32533 1.76194
-1.43757 2.30059 1.76194
-1.4775 2.27515 1.73105
-1.51698 2.24902 1.73105
-1.556 2.2222 1.73105
-1.59455 2.19471 1.73105
-1.63261 2.16654 1.68922
-1.67017 2.13772 1.68922
-1.70723 2.10825 1.68922
-1.74376 2.07813 1.68922
-1.77976 2.04738 1.63723
-1.81522 2.01601 1.63723
-1.85013 1.98402 1.63723
-1.88447 1.95143 1.63723
-1.91824 1.91824 1.57624
-1.95143 1.88447 1.57624
-1.98402 1.85013 1.57624
-2.01601 1.81522 1.57624
-2.04738 1.77976 1.57624
-2.07813 1.74376 1.50789
-2.10825 1.70723 1.50789
-2.13772 1.67017 1.50789
-2.16654 1.63261 1.50789
-2.19471 1.59455 1.43436
-2.2222 1.556 1.43436
-2.24902 1.51698 1.43436
-2.27515 1.4775 1.43436
-2.30059 1.43757 1.35835
-2.32533 1.3972 1.35835
-2.34936 1.3564 1.35835
-2.37267 1.3152 1.35835
-2.39527 1.27359 1.35835
-2.41713 1.23159 1.283
-2.43826 1.18922 1.283
-2.45864 1.14648 1.283
-2.47827 1.1034 1.283
-2.49715 1.05998 1.21168
-2.51527 1.01624 1.21168
-2.53262 0.972183 1.21168
-2.54921 0.927835 1.21168
-2.56501 0.883204 1.14785
-2.58003 0.838304 1.14785
-2.59427 0.793148 1.14785
-2.60772 0.747751 1.14785
-2.62037 0.702126 1.09475
-2.63223 0.656288 1.09475
-2.64328 0.610249 1.09475
-2.65353 0.564024 1.09475
-2.66297 0.517628 1.09475
-2.67159 0.471074 1.05523
-2.67941 0.424377 1.05523
-2.68641 0.37755 1.05523
-2.69259 0.330608 1.05523
-2.69795 0.283566 1.03145
-2.70248 0.236437 1.03145
-2.7062 0.189236 1.03145
-2.70909 0.141977 1.03145
-2.71115 0.0946756 1.02474
-2.71239 0.047345 1.02474
-2.71281 3.32223e-16 1.02474
-2.71239 -0.047345 1.02474
-2.71115 -0.0946756 1.02474
-2.70909 -0.141977 1.03548
-2.7062 -0.189236 1.03548
-2.70248 -0.236437 1.03548
-2.69795 -0.283566 1.03548
-2.69259 -0.330608 1.06307
-2.68641 -0.37755 1.06307
-2.67941 -0.424377 1.06307
-2.67159 -0.471074 1.06307
-2.66297 -0.517628 1.10594
-2.65353 -0.564024 1.10594
-2.64328 -0.610249 1.10594
-2.63223 -0.656288 1.10594
-2.62037 -0.702126 1.10594
-2.60772 -0.747751 1.16175
-2.59427 -0.793148 1.16175
-2.58003 -0.838304 1.16175
-2.56501 -0.883204 1.16175
-2.54921 -0.927835 1.22749
-2.53262 -0.972183 1.22749
-2.51527 -1.01624 1.22749
-2.49715 -1.05998 1.22749
-2.47827 -1.1034 1.2998
-2.45864 -1.14648 1.2998
-2.43826 -1.18922 1.2998
-2.41713 -1.23159 1.2998
-2.39527 -1.27359 1.37517
-2.37267 -1.3152 1.37517
-2.34936 -1.3564 1.37517
-2.32533 -1.3972 1.37517
-2.30059 -1.43757 1.37517
-2.27515 -1.4775 1.45019
-2.24902 -1.51698 1.45019
-2.2222 -1.556 1.45019
-2.19471 -1.59455 1.45019
-2.16654 -1.63261 1.52176
-2.13772 -1.67017 1.52176
-2.10825 -1.70723 1.52176
-2.07813 -1.74376 1.52176
-2.04738 -1.77976 1.58724
-2.01601 -1.81522 1.58724
-1.98402 -1.85013 1.58724
-1.95143 -1.88447 1.58724
-1.91824 -1.91824 1.58724
-1.88447 -1.95143 1.64457
-1.85013 -1.98402 1.64457
-1.81522 -2.01601 1.64457
-1.77976 -2.04738 1.64457
-1.74376 -2.07813 1.69223
-1.70723 -2.10825 1.69223
-1.67017 -2.13772 1.69223
-1.63261 -2.16654 1.69223
-1.59455 -2.19471 1.72922
-1.556 -2.2222 1.72922
-1.51698 -2.24902 1.72922
-1.4775 -2.27515 1.72922
-1.43757 -2.30059 1.75491
-1.3972 -2.32533 1.75491
-1.3564 -2.34936 1.75491
-1.3152 -2.37267 1.75491
-1.27359 -2.39527 1.75491
-1.23159 -2.41713 1.76895
-1.18922 -2.43826 1.76895
-1.14648 -2.45864 1.76895
-1.1034 -2.47827 1.76895
-1.05998 -2.49715 1.77109
-1.01624 -2.51527 1.77109
-0.972183 -2.53262 1.77109
-0.927835 -2.54921 1.77109
-0.883204 -2.56501 1.76113
-0.838304 -2.58003 1.76113
-0.793148 -2.59427 1.76113
-0.747751 -2.60772 1.76113
-0.702126 -2.62037 1.76113
-0.656288 -2.63223 1.7389
-0.610249 -2.64328 1.7389
-0.564024 -2.65353 1.7389
-0.517628 -2.66297 1.7389
-0.471074 -2.67159 1.70436
-0.424377 -2.67941 1.70436
-0.37755 -2.68641 1.70436
-0.330608 -2.69259 1.70436
-0.283566 -2.69795 1.65773
-0.236437 -2.70248 1.65773
-0.189236 -2.7062 1.65773
-0.141977 -2.70909 1.65773
-0.0946756 -2.71115 1.59966
-0.047345 -2.71239 1.59966
-4.98335e-16 -2.71281 1.59966
0.047345 -2.71239 1.59966
0.0946756 -2.71115 1.59966
0.141977 -2.70909 1.53132
0.189236 -2.7062 1.53132
0.236437 -2.70248 1.53132
0.283566 -2.69795 1.53132
0.330608 -2.69259 1.45452
0.37755 -2.68641 1.45452
0.424377 -2.67941 1.45452
0.471074 -2.67159 1.45452
0.517628 -2.66297 1.37168
0.564024 -2.65353 1.37168
0.610249 -2.64328 1.37168
0.656288 -2.63223 1.37168
0.702126 -2.62037 1.37168
0.747751 -2.60772 1.28579
0.793148 -2.59427 1.28579
0.838304 -2.58003 1.28579
0.883204 -2.56501 1.28579
0.927835 -2.54921 1.20023
0.972183 -2.53262 1.20023
1.01624 -2.51527 1.20023
1.05998 -2.49715 1.20023
1.1034 -2.47827 1.11857
1.14648 -2.45864 1.11857
1.18922 -2.43826 1.11857
1.23159 -2.41713 1.11857
1.27359 -2.39527 1.04427
1.3152 -2.37267 1.04427
1.3564 -2.34936 1.04427
1.3972 -2.32533 1.04427
1.43757 -2.30059 1.04427
1.4775 -2.27515 0.980479
1.51698 -2.24902 0.980479
1.556 -2.2222 0.980479
1.59455 -2.19471 0.980479
1.63261 -2.16654 0.92973
1.67017 -2.13772 0.92973
1.70723 -2.10825 0.92973
1.74376 -2.07813 0.92973
1.77976 -2.04738 0.893723
1.81522 -2.01601 0.893723
1.85013 -1.98402 0.893723
1.88447 -1.95143 0.893723
1.91824 -1.91824 0.893723
1.95143 -1.88447 0.873169
1.98402 -1.85013 0.873169
2.01601 -1.81522 0.873169
2.04738 -1.77976 0.873169
2.07813 -1.74376 0.867708
2.10825 -1.70723 0.867708
2.13772 -1.67017 0.867708
2.16654 -1.63261 0.867708
2.19471 -1.59455 0.875928
2.2222 -1.556 0.875928
2.24902 -1.51698 0.875928
2.27515 -1.4775 0.875928
2.30059 -1.43757 0.895466
2.32533 -1.3972 0.895466
2.34936 -1.3564 0.895466
2.37267 -1.3152 0.895466
2.39527 -1.27359 0.895466
2.41713 -1.23159 0.923199
2.43826 -1.18922 0.923199
2.45864 -1.14648 0.923199
2.47827 -1.1034 0.923199
2.49715 -1.05998 0.955504
2.51527 -1.01624 0.955504
2.53262 -0.972183 0.955504
2.54921 -0.927835 0.955504
2.56501 -0.883204 0.988556
2.58003 -0.838304 0.988556
2.59427 -0.793148 0.988556
2.60772 -0.747751 0.988556
2.62037 -0.702126 0.988556
2.63223 -0.656288 1.01866
2.64328 -0.610249 1.01866
2.65353 -0.564024 1.01866
2.66297 -0.517628 1.01866
2.67159 -0.471074 1.04255
2.67941 -0.424377 1.04255
2.68641 -0.37755 1.04255
2.69259 -0.330608 1.04255
2.69795 -0.283566 1.0577
2.70248 -0.236437 1.0577
2.7062 -0.189236 1.0577
2.70909 -0.141977 1.0577
2.71115 -0.0946756 1.05462
2.71239 -0.047345 1.05462

2.7926 0 1.06256
2.79217 0.0487375 1.06256
2.79089 0.0974602 1.06256
2.78877 0.146153 1.05665
2.78579 0.194802 1.05665
2.78197 0.243391 1.05665
2.7773 0.291906 1.05665
2.77178 0.340332 1.04068
2.76542 0.388654 1.04068
2.75821 0.436858 1.04068
2.75017 0.484929 1.04068
2.74129 0.532852 1.01641
2.73157 0.580613 1.01641
2.72102 0.628197 1.01641
2.70964 0.67559 1.01641
2.69744 0.722777 0.986544
2.68442 0.769744 0.986544
2.67057 0.816476 0.986544
2.65592 0.86296 0.986544
2.64045 0.90918 0.986544
2.62418 0.955124 0.954472
2.60711 1.00078 0.954472
2.58925 1.04612 0.954472
2.5706 1.09115 0.954472
2.55116 1.13585 0.923963
2.53095 1.1802 0.923963
2.50997 1.22419 0.923963
2.48822 1.26781 0.923963
2.46572 1.31104 0.898851
2.44246 1.35388 0.898851
2.41846 1.3963 0.898851
2.39372 1.43829 0.898851
2.36826 1.47985 0.898851
2.34207 1.52096 0.882709
2.31517 1.5616 0.882709
2.28756 1.60177 0.882709
2.25926 1.64145 0.882709
2.23027 1.68063 0.878547
2.2006 1.71929 0.878547
2.17025 1.75744 0.878547
2.13925 1.79505 0.878547
2.1076 1.83211 0.888569
2.0753 1.86861 0.888569
2.04238 1.90455 0.888569
2.00883 1.9399 0.888569
1.97466 1.97466 0.913987
1.9399 2.00883 0.913987
1.90455 2.04238 0.913987
1.86861 2.0753 0.913987
1.83211 2.1076 0.913987
1.79505 2.13925 0.954928
1.75744 2.17025 0.954928
1.71929 2.2006 0.954928
1.68063 2.23027 0.954928
1.64145 2.25926 1.01044
1.60177 2.28756 1.01044
1.5616 2.31517 1.01044
1.52096 2.34207 1.01044
1.47985 2.36826 1.0786
1.43829 2.39372 1.0786
1.3963 2.41846 1.0786
1.35388 2.44246 1.0786
1.31104 2.46572 1.0786
1.26781 2.48822 1.15664
1.22419 2.50997 1.15664
1.1802 2.53095 1.15664
1.13585 2.55116 1.15664
1.09115 2.5706 1.24123
1.04612 2.58925 1.24123
1.00078 2.60711 1.24123
0.955124 2.62418 1.24123
0.90918 2.64045 1.32875
0.86296 2.65592 1.32875
0.816476 2.67057 1.32875
0.769744 2.68442 1.32875
0.722777 2.69744 1.41555
0.67559 2.70964 1.41555
0.628197 2.72102 1.41555
0.580613 2.73157 1.41555
0.532852 2.74129 1.41555
0.484929 2.75017 1.4982
0.436858 2.75821 1.4982
0.388654 2.76542 1.4982
0.340332 2.77178 1.4982
0.291906 2.7773 1.57373
0.243391 2.78197 1.57373
0.194802 2.78579 1.57373
0.146153 2.78877 1.57373
0.0974602 2.79089 1.63977
0.0487375 2.79217 1.63977
1.70997e-16 2.7926 1.63977
-0.0487375 2.79217 1.63977
-0.0974602 2.79089 1.63977
-0.146153 2.78877 1.69462
-0.194802 2.78579 1.69462
-0.243391 2.78197 1.69462
-0.291906 2.7773 1.69462
-0.340332 2.77178 1.73724
-0.388654 2.76542 1.73724
-0.436858 2.75821 1.73724
-0.484929 2.75017 1.73724
-0.532852 2.74129 1.76717
-0.580613 2.73157 1.76717
-0.628197 2.72102 1.76717
-0.67559 2.70964 1.76717
-0.722777 2.69744 1.78435
-0.769744 2.68442 1.78435
-0.816476 2.67057 1.78435
-0.86296 2.65592 1.78435
-0.90918 2.64045 1.78435
-0.955124 2.62418 1.78898
-1.00078 2.60711 1.78898
-1.04612 2.58925 1.78898
-1.09115 2.5706 1.78898
-1.13585 2.55116 1.78139
-1.1802 2.53095 1.78139
-1.22419 2.50997 1.78139
-1.26781 2.48822 1.78139
-1.31104 2.46572 1.76194
-1.35388 2.44246 1.76194
-1.3963 2.41846 1.76194
-1.43829 2.39372 1.76194
-1.47985 2.36826 1.76194
-1.52096 2.34207 1.73105
-1.5616 2.31517 1.73105
-1.60177 2.28756 1.73105
-1.64145 2.25926 1.73105
-1.68063 2.23027 1.68922
-1.71929 2.2006 1.68922
-1.75744 2.17025 1.68922
-1.79505 2.13925 1.68922
-1.83211 2.1076 1.63723
-1.86861 2.0753 1.63723
-1.90455 2.04238 1.63723
-1.9399 2.00883 1.63723
-1.97466 1.97466 1.57624
-2.00883 1.9399 1.57624
-2.04238 1.90455 1.57624
-2.0753 1.86861 1.57624
-2.1076 1.83211 1.57624
-2.13925 1.79505 1.50789
-2.17025 1.75744 1.50789
-2.2006 1.71929 1.50789
-2.23027 1.68063 1.50789
-2.25926 1.64145 1.43436
-2.28756 1.60177 1.43436
-2.31517 1.5616 1.43436
-2.34207 1.52096 1.43436
-2.36826 1.47985 1.35835
-2.39372 1.43829 1.35835
-2.41846 1.3963 1.35835
-2.44246 1.35388 1.35835
-2.46572 1.31104 1.35835
-2.48822 1.26781 1.283
-2.50997 1.22419 1.283
-2.53095 1.1802 1.283
-2.55116 1.13585 1.283
-2.5706 1.09115 1.21168
-2.58925 1.04612 1.21168
-2.60711 1.00078 1.21168
-2.62418 0.955124 1.21168
-2.64045 0.90918 1.14785
-2.65592 0.86296 1.14785
-2.67057 0.816476 1.14785
-2.68442 0.769744 1.14785
-2.69744 0.722777 1.09475
-2.70964 0.67559 1.09475
-2.72102 0.628197 1.09475
-2.73157 0.580613 1.09475
-2.74129 0.532852 1.09475
-2.75017 0.484929 1.05523
-2.75821 0.436858 1.05523
-2.76542 0.388654 1.05523
-2.77178 0.340332 1.05523
-2.7773 0.291906 1.03145
-2.78197 0.243391 1.03145
-2.78579 0.194802 1.03145
-2.78877 0.146153 1.03145
-2.79089 0.0974602 1.02474
-2.79217 0.0487375 1.02474
-2.7926 3.41994e-16 1.02474
-2.79217 -0.0487375 1.02474
-2.79089 -0.0974602 1.02474
-2.78877 -0.146153 1.03548
-2.78579 -0.194802 1.03548
-2.78197 -0.243391 1.03548
-2.7773 -0.291906 1.03548
-2.77178 -0.340332 1.06307
-2.76542 -0.388654 1.06307
-2.75821 -0.436858 1.06307
-2.75017 -0.484929 1.06307
-2.74129 -0.532852 1.10594
-2.73157 -0.580613 1.10594
-2.72102 -0.628197 1.10594
-2.70964 -0.67559 1.10594
-2.69744 -0.722777 1.10594
-2.68442 -0.769744 1.16175
-2.67057 -0.816476 1.16175
-2.65592 -0.86296 1.16175
-2.64045 -0.90918 1.16175
-2.62418 -0.955124 1.22749
-2.60711 -1.00078 1.22749
-2.58925 -1.04612 1.22749
-2.5706 -1.09115 1.22749
-2.55116 -1.13585 1.2998
-2.53095 -1.1802 1.2998
-2.50997 -1.22419 1.2998
-2.48822 -1.26781 1.2998
-2.46572 -1.31104 1.37517
-2.44246 -1.35388 1.37517
-2.41846 -1.3963 1.37517
-2.39372 -1.43829 1.37517
-2.36826 -1.47985 1.37517
-2.34207 -1.52096 1.45019
-2.31517 -1.5616 1.45019
-2.28756 -1.60177 1.45019
-2.25926 -1.64145 1.45019
-2.23027 -1.68063 1.52176
-2.2006 -1.71929 1.52176
-2.17025 -1.75744 1.52176
-2.13925 -1.79505 1.52176
-2.1076 -1.83211 1.58724
-2.0753 -1.86861 1.58724
-2.04238 -1.90455 1.58724
-2.00883 -1.9399 1.58724
-1.97466 -1.97466 1.58724
-1.9399 -2.00883 1.64457
-1.90455 -2.04238 1.64457
-1.86861 -2.0753 1.64457
-1.83211 -2.1076 1.64457
-1.79505 -2.13925 1.69223
-1.75744 -2.17025 1.69223
-1.71929 -2.2006 1.69223
-1.68063 -2.23027 1.69223
-1.64145 -2.25926 1.72922
-1.60177 -2.28756 1.72922
-1.5616 -2.31517 1.72922
-1.52096 -2.34207 1.72922
-1.47985 -2.36826 1.75491
-1.43829 -2.39372 1.75491
-1.3963 -2.41846 1.75491
-1.35388 -2.44246 1.75491
-1.31104 -2.46572 1.75491
-1.26781 -2.48822 1.76895
-1.22419 -2.50997 1.76895
-1.1802 -2.53095 1.76895
-1.13585 -2.55116 1.76895
-1.09115 -2.5706 1.77109
-1.04612 -2.58925 1.77109
-1.00078 -2.60711 1.77109
-0.955124 -2.62418 1.77109
-0.90918 -2.64045 1.76113
-0.86296 -2.65592 1.76113
-0.816476 -2.67057 1.76113
-0.769744 -2.68442 1.76113
-0.722777 -2.69744 1.76113
-0.67559 -2.70964 1.7389
-0.628197 -2.72102 1.7389
-0.580613 -2.73157 1.7389
-0.532852 -2.74129 1.7389
-0.484929 -2.75017 1.70436
-0.436858 -2.75821 1.70436
-0.388654 -2.76542 1.70436
-0.340332 -2.77178 1.70436
-0.291906 -2.7773 1.65773
-0.243391 -2.78197 1.65773
-0.194802 -2.78579 1.65773
-0.146153 -2.78877 1.65773
-0.0974602 -2.79089 1.59966
-0.0487375 -2.79217 1.59966
-5.12992e-16 -2.7926 1.59966
0.0487375 -2.79217 1.59966
0.0974602 -2.79089 1.59966
0.146153 -2.78877 1.53132
0.194802 -2.78579 1.53132
0.243391 -2.78197 1.53132
0.291906 -2.7773 1.53132
0.340332 -2.77178 1.45452
0.388654 -2.76542 1.45452
0.436858 -2.75821 1.45452
0.484929 -2.75017 1.45452
0.532852 -2.74129 1.37168
0.580613 -2.73157 1.37168
0.628197 -2.72102 1.37168
0.67559 -2.70964 1.37168
0.722777 -2.69744 1.37168
0.769744 -2.68442 1.28579
0.816476 -2.67057 1.28579
0.86296 -2.65592 1.28579
0.90918 -2.64045 1.28579
0.955124 -2.62418 1.20023
1.00078 -2.60711 1.20023
1.04612 -2.58925 1.20023
1.09115 -2.5706 1.20023
1.13585 -2.55116 1.11857
1.1802 -2.53095 1.11857
1.22419 -2.50997 1.11857
1.26781 -2.48822 1.11857
1.31104 -2.46572 1.04427
1.35388 -2.44246 1.04427
1.3963 -2.41846 1.04427
1.43829 -2.39372 1.04427
1.47985 -2.36826 1.04427
1.52096 -2.34207 0.980479
1.5616 -2.31517 0.980479
1.60177 -2.28756 0.980479
1.64145 -2.25926 0.980479
1.68063 -2.23027 0.92973
1.71929 -2.2006 0.92973
1.75744 -2.17025 0.92973
1.79505 -2.13925 0.92973
1.83211 -2.1076 0.893723
1.86861 -2.0753 0.893723
1.90455 -2.04238 0.893723
1.9399 -2.00883 0.893723
1.97466 -1.97466 0.893723
2.00883 -1.9399 0.873169
2.04238 -1.90455 0.873169
2.0753 -1.86861 0.873169
2.1076 -1.83211 0.873169
2.13925 -1.79505 0.867708
2.17025 -1.75744 0.867708
2.2006 -1.71929 0.867708
2.23027 -1.68063 0.867708
2.25926 -1.64145 0.875928
2.28756 -1.60177 0.875928
2.31517 -1.5616 0.875928
2.34207 -1.52096 0.875928
2.36826 -1.47985 0.895466
2.39372 -1.43829 0.895466
2.41846 -1.3963 0.895466
2.44246 -1.35388 0.895466
2.46572 -1.31104 0.895466
2.48822 -1.26781 0.923199
2.50997 -1.22419 0.923199
2.53095 -1.1802 0.923199
2.55116 -1.13585 0.923199
2.5706 -1.09115 0.955504
2.58925 -1.04612 0.955504
2.60711 -1.00078 0.955504
2.62418 -0.955124 0.955504
2.64045 -0.90918 0.988556
2.65592 -0.86296 0.988556
2.67057 -0.816476 0.988556
2.68442 -0.769744 0.988556
2.69744 -0.722777 0.988556
2.70964 -0.67559 1.01866
2.72102 -0.628197 1.01866
2.73157 -0.580613 1.01866
2.74129 -0.532852 1.01866
2.75017 -0.484929 1.04255
2.75821 -0.436858 1.04255
2.76542 -0.388654 1.04255
2.77178 -0.340332 1.04255
2.7773 -0.291906 1.0577
2.78197 -0.243391 1.0577
2.78579 -0.194802 1.0577
2.78877 -0.146153 1.0577
2.79089 -0.0974602 1.05462
2.79217 -0.0487375 1.05462

2.87238 0 1.06256
2.87195 0.05013 1.06256
2.87063 0.100245 1.06256
2.86845 0.150329 1.05665
2.86539 0.200367 1.05665
2.86145 0.250345 1.05665
2.85665 0.300246 1.05665
2.85097 0.350056 1.04068
2.84443 0.399759 1.04068
2.83702 0.44934 1.04068
2.82875 0.498784 1.04068
2.81961 0.548077 1.01641
2.80962 0.597202 1.01641
2.79877 0.646146 1.01641
2.78706 0.694893 1.01641
2.77451 0.743428 0.986544
2.76111 0.791736 0.986544
2.74687 0.839804 0.986544
2.7318 0.887616 0.986544
2.71589 0.935157 0.986544
2.69916 0.982413 0.954472
2.6816 1.02937 0.954472
2.66323 1.07601 0.954472
2.64404 1.12233 0.954472
2.62405 1.1683 0.923963
2.60326 1.21392 0.923963
2.58168 1.25917 0.923963
2.55931 1.30404 0.923963
2.53616 1.3485 0.898851
2.51224 1.39256 0.898851
2.48756 1.43619 0.898851
2.46211 1.47939 0.898851
2.43592 1.52213 0.898851
2.40898 1.56441 0.882709
2.38131 1.60622 0.882709
2.35292 1.64753 0.882709
2.32381 1.68835 0.882709
2.29399 1.72864 0.878547
2.26347 1.76842 0.878547
2.23226 1.80765 0.878547
2.20037 1.84633 0.878547
2.16782 1.88445 0.888569
2.1346 1.922 0.888569
2.10073 1.95896 0.888569
2.06622 1.99533 0.888569
2.03108 2.03108 0.913987
1.99533 2.06622 0.913987
1.95896 2.10073 0.913987
1.922 2.1346 0.913987
1.88445 2.16782 0.913987
1.84633 2.20037 0.954928
1.80765 2.23226 0.954928
1.76842 2.26347 0.954928
1.72864 2.29399 0.954928
1.68835 2.32381 1.01044
1.64753 2.35292 1.01044
1.60622 2.38131 1.01044
1.56441 2.40898 1.01044
1.52213 2.43592 1.0786
1.47939 2.46211 1.0786
1.43619 2.48756 1.0786
1.39256 2.51224 1.0786
1.3485 2.53616 1.0786
1.30404 2.55931 1.15664
1.25917 2.58168 1.15664
1.21392 2.60326 1.15664
1.1683 2.62405 1.15664
1.12233 2.64404 1.24123
1.07601 2.66323 1.24123
1.02937 2.6816 1.24123
0.982413 2.69916 1.24123
0.935157 2.71589 1.32875
0.887616 2.7318 1.32875
0.839804 2.74687 1.32875
0.791736 2.76111 1.32875
0.743428 2.77451 1.41555
0.694893 2.78706 1.41555
0.646146 2.79877 1.41555
0.597202 2.80962 1.41555
0.548077 2.81961 1.41555
0.498784 2.82875 1.4982
0.44934 2.83702 1.4982
0.399759 2.84443 1.4982
0.350056 2.85097 1.4982
0.300246 2.85665 1.57373
0.250345 2.86145 1.57373
0.200367 2.86539 1.57373
0.150329 2.86845 1.57373
0.100245 2.87063 1.63977
0.05013 2.87195 1.63977
1.75883e-16 2.87238 1.63977
-0.05013 2.87195 1.63977
-0.100245 2.87063 1.63977
-0.150329 2.86845 1.69462
-0.200367 2.86539 1.69462
-0.250345 2.86145 1.69462
-0.300246 2.85665 1.69462
-0.350056 2.85097 1.73724
-0.399759 2.84443 1.73724
-0.44934 2.83702 1.73724
-0.498784 2.82875 1.73724
-0.548077 2.81961 1.76717
-0.597202 2.80962 1.76717
-0.646146 2.79877 1.76717
-0.694893 2.78706 1.76717
-0.743428 2.77451 1.78435
-0.791736 2.76111 1.78435
-0.839804 2.74687 1.78435
-0.887616 2.7318 1.78435
-0.935157 2.71589 1.78435
-0.982413 2.69916 1.78898
-1.02937 2.6816 1.78898
-1.07601 2.66323 1.78898
-1.12233 2.64404 1.78898
-1.1683 2.62405 1.78139
-1.21392 2.60326 1.78139
-1.25917 2.58168 1.78139
-1.30404 2.55931 1.78139
-1.3485 2.53616 1.76194
-1.39256 2.51224 1.76194
-1.43619 2.48756 1.76194
-1.47939 2.46211 1.76194
-1.52213 2.43592 1.76194
-1.56441 2.40898 1.73105
-1.60622 2.38131 1.73105
-1.64753 2.35292 1.73105
-1.68835 2.32381 1.73105
-1.72864 2.29399 1.68922
-1.76842 2.26347 1.68922
-1.80765 2.23226 1.68922
-1.84633 2.20037 1.68922
-1.88445 2.16782 1.63723
-1.922 2.1346 1.63723
-1.95896 2.10073 1.63723
-1.99533 2.06622 1.63723
-2.03108 2.03108 1.57624
-2.06622 1.99533 1.57624
-2.10073 1.95896 1.57624
-2.1346 1.922 1.57624
-2.16782 1.88445 1.57624
-2.20037 1.84633 1.50789
-2.23226 1.80765 1.50789
-2.26347 1.76842 1.50789
-2.29399 1.72864 1.50789
-2.32381 1.68835 1.43436
-2.35292 1.64753 1.43436
-2.38131 1.60622 1.43436
-2.40898 1.56441 1.43436
-2.43592 1.52213 1.35835
-2.46211 1.47939 1.35835
-2.48756 1.43619 1.35835
-2.51224 1.39256 1.35835
-2.53616 1.3485 1.35835
-2.55931 1.30404 1.283
-2.58168 1.25917 1.283
-2.60326 1.21392 1.283
-2.62405 1.1683 1.283
-2.64404 1.12233 1.21168
-2.66323 1.07601 1.21168
-2.6816 1.02937 1.21168
-2.69916 0.982413 1.21168
-2.71589 0.935157 1.14785
-2.7318 0.887616 1.14785
-2.74687 0.839804 1.14785
-2.76111 0.791736 1.14785
-2.77451 0.743428 1.09475
-2.78706 0.694893 1.09475
-2.79877 0.646146 1.09475
-2.80962 0.597202 1.09475
-2.81961 0.548077 1.09475
-2.82875 0.498784 1.05523
-2.83702 0.44934 1.05523
-2.84443 0.399759 1.05523
-2.85097 0.350056 1.05523
-2.85665 0.300246 1.03145
-2.86145 0.250345 1.03145
-2.86539 0.200367 1.03145
-2.86845 0.150329 1.03145
-2.87063 0.100245 1.02474
-2.87195 0.05013 1.02474
-2.87238 3.51766e-16 1.02474
-2.87195 -0.05013 1.02474
-2.87063 -0.100245 1.02474
-2.86845 -0.150329 1.03548
-2.86539 -0.200367 1.03548
-2.86145 -0.250345 1.03548
-2.85665 -0.300246 1.03548
-2.85097 -0.350056 1.06307
-2.84443 -0.399759 1.06307
-2.83702 -0.44934 1.06307
-2.82875 -0.498784 1.06307
-2.81961 -0.548077 1.10594
-2.80962 -0.597202 1.10594
-2.79877 -0.646146 1.10594
-2.78706 -0.694893 1.10594
-2.77451 -0.743428 1.10594
-2.76111 -0.791736 1.16175
-2.74687 -0.839804 1.16175
-2.7318 -0.887616 1.16175
-2.71589 -0.935157 1.16175
-2.69916 -0.982413 1.22749
-2.6816 -1.02937 1.22749
-2.66323 -1.07601 1.22749
-2.64404 -1.12233 1.22749
-2.62405 -1.1683 1.2998
-2.60326 -1.21392 1.2998
-2.58168 -1.25917 1.2998
-2.55931 -1.30404 1.2998
-2.53616 -1.3485 1.37517
-2.51224 -1.39256 1.37517
-2.48756 -1.43619 1.37517
-2.46211 -1.47939 1.37517
-2.43592 -1.52213 1.37517
-2.40898 -1.56441 1.45019
-2.38131 -1.60622 1.45019
-2.35292 -1.64753 1.45019
-2.32381 -1.68835 1.45019
-2.29399 -1.72864 1.52176
-2.26347 -1.76842 1.52176
-2.23226 -1.80765 1.52176
-2.20037 -1.84633 1.52176
-2.16782 -1.88445 1.58724
-2.1346 -1.922 1.58724
-2.10073 -1.95896 1.58724
-2.06622 -1.99533 1.58724
-2.03108 -2.03108 1.58724
-1.99533 -2.06622 1.64457
-1.95896 -2.10073 1.64457
-1.922 -2.1346 1.64457
-1.88445 -2.16782 1.64457
-1.84633 -2.20037 1.69223
-1.80765 -2.23226 1.69223
-1.76842 -2.26347 1.69223
-1.72864 -2.29399 1.69223
-1.68835 -2.32381 1.72922
-1.64753 -2.35292 1.72922
-1.60622 -2.38131 1.72922
-1.56441 -2.40898 1.72922
-1.52213 -2.43592 1.75491
-1.47939 -2.46211 1.75491
-1.43619 -2.48756 1.75491
-1.39256 -2.51224 1.75491
-1.3485 -2.53616 1.75491
-1.30404 -2.55931 1.76895
-1.25917 -2.58168 1.76895
-1.21392 -2.60326 1.76895
-1.1683 -2.62405 1.76895
-1.12233 -2.64404 1.77109
-1.07601 -2.66323 1.77109
-1.02937 -2.6816 1.77109
-0.982413 -2.69916 1.77109
-0.935157 -2.71589 1.76113
-0.887616 -2.7318 1.76113
-0.839804 -2.74687 1.76113
-0.791736 -2.76111 1.76113
-0.743428 -2.77451 1.76113
-0.694893 -2.78706 1.7389
-0.646146 -2.79877 1.7389
-0.597202 -2.80962 1.7389
-0.548077 -2.81961 1.7389
-0.498784 -2.82875 1.70436
-0.44934 -2.83702 1.70436
-0.399759 -2.84443 1.70436
-0.350056 -2.85097 1.70436
-0.300246 -2.85665 1.65773
-0.250345 -2.86145 1.65773
-0.200367 -2.86539 1.65773
-0.150329 -2.86845 1.65773
-0.100245 -2.87063 1.59966
-0.05013 -2.87195 1.59966
-5.27648e-16 -2.87238 1.59966
0.05013 -2.87195 1.59966
0.100245 -2.87063 1.59966
0.150329 -2.86845 1.53132
0.200367 -2.86539 1.53132
0.250345 -2.86145 1.53132
0.300246 -2.85665 1.53132
0.350056 -2.85097 1.45452
0.399759 -2.84443 1.45452
0.44934 -2.83702 1.45452
0.498784 -2.82875 1.45452
0.548077 -2.81961 1.37168
0.597202 -2.80962 1.37168
0.646146 -2.79877 1.37168
0.694893 -2.78706 1.37168
0.743428 -2.77451 1.37168
0.791736 -2.76111 1.28579
0.839804 -2.74687 1.28579
0.887616 -2.7318 1.28579
0.935157 -2.71589 1.28579
0.982413 -2.69916 1.20023
1.02937 -2.6816 1.20023
1.07601 -2.66323 1.20023
1.12233 -2.64404 1.20023
1.1683 -2.62405 1.11857
1.21392 -2.60326 1.11857
1.25917 -2.58168 1.11857
1.30404 -2.55931 1.11857
1.3485 -2.53616 1.04427
1.39256 -2.51224 1.04427
1.43619 -2.48756 1.04427
1.47939 -2.46211 1.04427
1.52213 -2.43592 1.04427
1.56441 -2.40898 0.980479
1.60622 -2.38131 0.980479
1.64753 -2.35292 0.980479
1.68835 -2.32381 0.980479
1.72864 -2.29399 0.92973
1.76842 -2.26347 0.92973
1.80765 -2.23226 0.92973
1.84633 -2.20037 0.92973
1.88445 -2.16782 0.893723
1.922 -2.1346 0.893723
1.95896 -2.10073 0.893723
1.99533 -2.06622 0.893723
2.03108 -2.03108 0.893723
2.06622 -1.99533 0.873169
2.10073 -1.95896 0.873169
2.1346 -1.922 0.873169
2.16782 -1.88445 0.873169
2.20037 -1.84633 0.867708
2.23226 -1.80765 0.867708
2.26347 -1.76842 0.867708
2.29399 -1.72864 0.867708
2.32381 -1.68835 0.875928
2.35292 -1.64753 0.875928
2.38131 -1.60622 0.875928
2.40898 -1.56441 0.875928
2.43592 -1.52213 0.895466
2.46211 -1.47939 0.895466
2.48756 -1.43619 0.895466
2.51224 -1.39256 0.895466
2.53616 -1.3485 0.895466
2.55931 -1.30404 0.923199
2.58168 -1.25917 0.923199
2.60326 -1.21392 0.923199
2.62405 -1.1683 0.923199
2.64404 -1.12233 0.955504
2.66323 -1.07601 0.955504
2.6816 -1.02937 0.955504
2.69916 -0.982413 0.955504
2.71589 -0.935157 0.988556
2.7318 -0.887616 0.988556
2.74687 -0.839804 0.988556
2.76111 -0.791736 0.988556
2.77451 -0.743428 0.988556
2.78706 -0.694893 1.01866
2.79877 -0.646146 1.01866
2.80962 -0.597202 1.01866
2.81961 -0.548077 1.01866
2.82875 -0.498784 1.04255
2.83702 -0.44934 1.04255
2.84443 -0.399759 1.04255
2.85097 -0.350056 1.04255
2.85665 -0.300246 1.0577
2.86145 -0.250345 1.0577
2.86539 -0.200367 1.0577
2.86845 -0.150329 1.0577
2.87063 -0.100245 1.05462
2.87195 -0.05013 1.05462

2.95217 0 1.0795
2.95172 0.0515225 1.0795
2.95037 0.103029 1.0722
2.94813 0.154505 1.0722
2.94498 0.205933 1.0722
2.94094 0.257299 1.0722
2.936 0.308586 1.05273
2.93017 0.359779 1.05273
2.92344 0.410863 1.05273
2.91583 0.461822 1.05273
2.90732 0.512639 1.02287
2.89793 0.563301 1.02287
2.88766 0.613791 1.02287
2.87651 0.664094 1.02287
2.86448 0.714195 0.98538
2.85158 0.764079 0.98538
2.83781 0.813729 0.98538
2.82318 0.863132 0.98538
2.80768 0.912272 0.943734
2.79133 0.961133 0.943734
2.77414 1.0097 0.943734
2.75609 1.05796 0.943734
2.73721 1.1059 0.901877
2.71749 1.15351 0.901877
2.69694 1.20076 0.901877
2.67558 1.24764 0.901877
2.6534 1.29415 0.863918
2.63041 1.34026 0.863918
2.60661 1.38596 0.863918
2.58203 1.43124 0.863918
2.55666 1.47609 0.833825
2.53051 1.52048 0.833825
2.50358 1.56441 0.833825
2.4759 1.60787 0.833825
2.44746 1.65083 0.81514
2.41828 1.6933 0.81514
2.38836 1.73524 0.81514
2.35771 1.77666 0.81514
2.32634 1.81754 0.810723
2.29427 1.85786 0.810723
2.2615 1.89762 0.810723
2.22803 1.9368 0.810723
2.19389 1.97539 0.82255
2.15908 2.01338 0.82255
2.12362 2.05075 0.82255
2.0875 2.0875 0.82255
2.05075 2.12362 0.851565
2.01338 2.15908 0.851565
1.97539 2.19389 0.851565
1.9368 2.22803 0.851565
1.89762 2.2615 0.897626
1.85786 2.29427 0.897626
1.81754 2.32634 0.897626
1.77666 2.35771 0.897626
1.73524 2.38836 0.959537
1.6933 2.41828 0.959537
1.65083 2.44746 0.959537
1.60787 2.4759 0.959537
1.56441 2.50358 1.03515
1.52048 2.53051 1.03515
1.47609 2.55666 1.03515
1.43124 2.58203 1.03515
1.38596 2.60661 1.12153
1.34026 2.63041 1.12153
1.29415 2.6534 1.12153
1.24764 2.67558 1.12153
1.20076 2.69694 1.2152
1.15351 2.71749 1.2152
1.1059 2.73721 1.2152
1.05796 2.75609 1.2152
1.0097 2.77414 1.31241
0.961133 2.79133 1.31241
0.912272 2.80768 1.31241
0.863132 2.82318 1.31241
0.813729 2.83781 1.40935
0.764079 2.85158 1.40935
0.714195 2.86448 1.40935
0.664094 2.87651 1.40935
0.613791 2.88766 1.50245
0.563301 2.89793 1.50245
0.512639 2.90732 1.50245
0.461822 2.91583 1.50245
0.410863 2.92344 1.58858
0.359779 2.93017 1.58858
0.308586 2.936 1.58858
0.257299 2.94094 1.58858
0.205933 2.94498 1.66518
0.154505 2.94813 1.66518
0.103029 2.95037 1.66518
0.0515225 2.95172 1.66518
1.80768e-16 2.95217 1.73041
-0.0515225 2.95172 1.73041
-0.103029 2.95037 1.73041
-0.154505 2.94813 1.73041
-0.205933 2.94498 1.78314
-0.257299 2.94094 1.78314
-0.308586 2.936 1.78314
-0.359779 2.93017 1.78314
-0.410863 2.92344 1.82285
-0.461822 2.91583 1.82285
-0.512639 2.90732 1.82285
-0.563301 2.89793 1.82285
-0.613791 2.88766 1.84953
-0.664094 2.87651 1.84953
-0.714195 2.86448 1.84953
-0.764079 2.85158 1.84953
-0.813729 2.83781 1.86347
-0.863132 2.82318 1.86347
-0.912272 2.80768 1.86347
-0.961133 2.79133 1.86347
-1.0097 2.77414 1.86507
-1.05796 2.75609 1.86507
-1.1059 2.73721 1.86507
-1.15351 2.71749 1.86507
-1.20076 2.69694 1.85475
-1.24764 2.67558 1.85475
-1.29415 2.6534 1.85475
-1.34026 2.63041 1.85475
-1.38596 2.60661 1.83283
-1.43124 2.58203 1.83283
-1.47609 2.55666 1.83283
-1.52048 2.53051 1.83283
-1.56441 2.50358 1.79956
-1.60787 2.4759 1.79956
-1.65083 2.44746 1.79956
-1.6933 2.41828 1.79956
-1.73524 2.38836 1.75521
-1.77666 2.35771 1.75521
-1.81754 2.32634 1.75521
-1.85786 2.29427 1.75521
-1.89762 2.2615 1.70022
-1.9368 2.22803 1.70022
-1.97539 2.19389 1.70022
-2.01338 2.15908 1.70022
-2.05075 2.12362 1.6354
-2.0875 2.0875 1.6354
-2.12362 2.05075 1.6354
-2.15908 2.01338 1.6354
-2.19389 1.97539 1.56201
-2.22803 1.9368 1.56201
-2.2615 1.89762 1.56201
-2.29427 1.85786 1.56201
-2.32634 1.81754 1.48188
-2.35771 1.77666 1.48188
-2.38836 1.73524 1.48188
-2.41828 1.6933 1.48188
-2.44746 1.65083 1.39741
-2.4759 1.60787 1.39741
-2.50358 1.56441 1.39741
-2.53051 1.52048 1.39741
-2.55666 1.47609 1.31149
-2.58203 1.43124 1.31149
-2.60661 1.38596 1.31149
-2.63041 1.34026 1.31149
-2.6534 1.29415 1.22743
-2.67558 1.24764 1.22743
-2.69694 1.20076 1.22743
-2.71749 1.15351 1.22743
-2.73721 1.1059 1.14875
-2.75609 1.05796 1.14875
-2.77414 1.0097 1.14875
-2.79133 0.961133 1.14875
-2.80768 0.912272 1.07894
-2.82318 0.863132 1.07894
-2.83781 0.813729 1.07894
-2.85158 0.764079 1.07894
-2.86448 0.714195 1.0213
-2.87651 0.664094 1.0213
-2.88766 0.613791 1.0213
-2.89793 0.563301 1.0213
-2.90732 0.512639 0.978651
-2.91583 0.461822 0.978651
-2.92344 0.410863 0.978651
-2.93017 0.359779 0.978651
-2.936 0.308586 0.953147
-2.94094 0.257299 0.953147
-2.94498 0.205933 0.953147
-2.94813 0.154505 0.953147
-2.95037 0.103029 0.946105
-2.95172 0.0515225 0.946105
-2.95217 3.61537e-16 0.946105
-2.95172 -0.0515225 0.946105
-2.95037 -0.103029 0.946105
-2.94813 -0.154505 0.957895
-2.94498 -0.205933 0.957895
-2.94094 -0.257299 0.957895
-2.936 -0.308586 0.957895
-2.93017 -0.359779 0.987913
-2.92344 -0.410863 0.987913
-2.91583 -0.461822 0.987913
-2.90732 -0.512639 0.987913
-2.89793 -0.563301 1.03462
-2.88766 -0.613791 1.03462
-2.87651 -0.664094 1.03462
-2.86448 -0.714195 1.03462
-2.85158 -0.764079 1.09566
-2.83781 -0.813729 1.09566
-2.82318 -0.863132 1.09566
-2.80768 -0.912272 1.09566
-2.79133 -0.961133 1.16805
-2.77414 -1.0097 1.16805
-2.75609 -1.05796 1.16805
-2.73721 -1.1059 1.16805
-2.71749 -1.15351 1.24838
-2.69694 -1.20076 1.24838
-2.67558 -1.24764 1.24838
-2.6534 -1.29415 1.24838
-2.63041 -1.34026 1.33305
-2.60661 -1.38596 1.33305
-2.58203 -1.43124 1.33305
-2.55666 -1.47609 1.33305
-2.53051 -1.52048 1.41852
-2.50358 -1.56441 1.41852
-2.4759 -1.60787 1.41852
-2.44746 -1.65083 1.41852
-2.41828 -1.6933 1.50149
-2.38836 -1.73524 1.50149
-2.35771 -1.77666 1.50149
-2.32634 -1.81754 1.50149
-2.29427 -1.85786 1.57911
-2.2615 -1.89762 1.57911
-2.22803 -1.9368 1.57911
-2.19389 -1.97539 1.57911
-2.15908 -2.01338 1.64908
-2.12362 -2.05075 1.64908
-2.0875 -2.0875 1.64908
-2.05075 -2.12362 1.64908
-2.01338 -2.15908 1.70969
-1.97539 -2.19389 1.70969
-1.9368 -2.22803 1.70969
-1.89762 -2.2615 1.70969
-1.85786 -2.29427 1.75982
-1.81754 -2.32634 1.75982
-1.77666 -2.35771 1.75982
-1.73524 -2.38836 1.75982
-1.6933 -2.41828 1.79882
-1.65083 -2.44746 1.79882
-1.60787 -2.4759 1.79882
-1.56441 -2.50358 1.79882
-1.52048 -2.53051 1.82638
-1.47609 -2.55666 1.82638
-1.43124 -2.58203 1.82638
-1.38596 -2.60661 1.82638
-1.34026 -2.63041 1.84239
-1.29415 -2.6534 1.84239
-1.24764 -2.67558 1.84239
-1.20076 -2.69694 1.84239
-1.15351 -2.71749 1.84674
-1.1059 -2.73721 1.84674
-1.05796 -2.75609 1.84674
-1.0097 -2.77414 1.84674
-0.961133 -2.79133 1.83925
-0.912272 -2.80768 1.83925
-0.863132 -2.82318 1.83925
-0.813729 -2.83781 1.83925
-0.764079 -2.85158 1.81966
-0.714195 -2.86448 1.81966
-0.664094 -2.87651 1.81966
-0.613791 -2.88766 1.81966
-0.563301 -2.89793 1.78771
-0.512639 -2.90732 1.78771
-0.461822 -2.91583 1.78771
-0.410863 -2.92344 1.78771
-0.359779 -2.93017 1.74328
-0.308586 -2.936 1.74328
-0.257299 -2.94094 1.74328
-0.205933 -2.94498 1.74328
-0.154505 -2.94813 1.68656
-0.103029 -2.95037 1.68656
-0.0515225 -2.95172 1.68656
-5.42305e-16 -2.95217 1.68656
0.0515225 -2.95172 1.61821
0.103029 -2.95037 1.61821
0.154505 -2.94813 1.61821
0.205933 -2.94498 1.61821
0.257299 -2.94094 1.53951
0.308586 -2.936 1.53951
0.359779 -2.93017 1.53951
0.410863 -2.92344 1.53951
0.461822 -2.91583 1.4524
0.512639 -2.90732 1.4524
0.563301 -2.89793 1.4524
0.613791 -2.88766 1.4524
0.664094 -2.87651 1.35947
0.714195 -2.86448 1.35947
0.764079 -2.85158 1.35947
0.813729 -2.83781 1.35947
0.863132 -2.82318 1.26387
0.912272 -2.80768 1.26387
0.961133 -2.79133 1.26387
1.0097 -2.77414 1.26387
1.05796 -2.75609 1.16911
1.1059 -2.73721 1.16911
1.15351 -2.71749 1.16911
1.20076 -2.69694 1.16911
1.24764 -2.67558 1.07889
1.29415 -2.6534 1.07889
1.34026 -2.63041 1.07889
1.38596 -2.60661 1.07889
1.43124 -2.58203 0.996804
1.47609 -2.55666 0.996804
1.52048 -2.53051 0.996804
1.56441 -2.50358 0.996804
1.60787 -2.4759 0.926144
1.65083 -2.44746 0.926144
1.6933 -2.41828 0.926144
1.73524 -2.38836 0.926144
1.77666 -2.35771 0.86962
1.81754 -2.32634 0.86962
1.85786 -2.29427 0.86962
1.89762 -2.2615 0.86962
1.9368 -2.22803 0.829142
1.97539 -2.19389 0.829142
2.01338 -2.15908 0.829142
2.05075 -2.12362 0.829142
2.0875 -2.0875 0.805662
2.12362 -2.05075 0.805662
2.15908 -2.01338 0.805662
2.19389 -1.97539 0.805662
2.22803 -1.9368 0.799078
2.2615 -1.89762 0.799078
2.29427 -1.85786 0.799078
2.32634 -1.81754 0.799078
2.35771 -1.77666 0.808229
2.38836 -1.73524 0.808229
2.41828 -1.6933 0.808229
2.44746 -1.65083 0.808229
2.4759 -1.60787 0.830958
2.50358 -1.56441 0.830958
2.53051 -1.52048 0.830958
2.55666 -1.47609 0.830958
2.58203 -1.43124 0.86427
2.60661 -1.38596 0.86427
2.63041 -1.34026 0.86427
2.6534 -1.29415 0.86427
2.67558 -1.24764 0.904538
2.69694 -1.20076 0.904538
2.71749 -1.15351 0.904538
2.73721 -1.1059 0.904538
2.75609 -1.05796 0.947768
2.77414 -1.0097 0.947768
2.79133 -0.961133 0.947768
2.80768 -0.912272 0.947768
2.82318 -0.863132 0.989886
2.83781 -0.813729 0.989886
2.85158 -0.764079 0.989886
2.86448 -0.714195 0.989886
2.87651 -0.664094 1.02704
2.88766 -0.613791 1.02704
2.89793 -0.563301 1.02704
2.90732 -0.512639 1.02704
2.91583 -0.461822 1.0559
2.92344 -0.410863 1.0559
2.93017 -0.359779 1.0559
2.936 -0.308586 1.0559
2.94094 -0.257299 1.07391
2.94498 -0.205933 1.07391
2.94813 -0.154505 1.07391
2.95037 -0.103029 1.07391
2.95172 -0.0515225 1.06256

3.03196 0 1.0795
3.0315 0.052915 1.0795
3.03011 0.105814 1.0722
3.02781 0.158681 1.0722
3.02458 0.211499 1.0722
3.02042 0.264253 1.0722
3.01535 0.316926 1.05273
3.00936 0.369503 1.05273
3.00245 0.421967 1.05273
2.99463 0.474303 1.05273
2.9859 0.526495 1.02287
2.97626 0.578525 1.02287
2.96571 0.63038 1.02287
2.95425 0.682043 1.02287
2.9419 0.733498 0.98538
2.92865 0.784729 0.98538
2.91451 0.835722 0.98538
2.89948 0.88646 0.98538
2.88357 0.936928 0.943734
2.86678 0.98711 0.943734
2.84911 1.03699 0.943734
2.83058 1.08656 0.943734
2.81119 1.13579 0.901877
2.79094 1.18468 0.901877
2.76983 1.23321 0.901877
2.74789 1.28136 0.901877
2.72511 1.32912 0.863918
2.7015 1.37648 0.863918
2.67706 1.42342 0.863918
2.65181 1.46992 0.863918
2.62576 1.51598 0.833825
2.5989 1.56158 0.833825
2.57125 1.60669 0.833825
2.54282 1.65132 0.833825
2.51361 1.69545 0.81514
2.48364 1.73906 0.81514
2.45291 1.78214 0.81514
2.42143 1.82468 0.81514
2.38922 1.86666 0.810723
2.35628 1.90808 0.810723
2.32262 1.94891 0.810723
2.28825 1.98915 0.810723
2.25319 2.02878 0.82255
2.21744 2.06779 0.82255
2.18101 2.10618 0.82255
2.14392 2.14392 0.82255
2.10618 2.18101 0.851565
2.06779 2.21744 0.851565
2.02878 2.25319 0.851565
1.98915 2.28825 0.851565
1.94891 2.32262 0.897626
1.90808 2.35628 0.897626
1.86666 2.38922 0.897626
1.82468 2.42143 0.897626
1.78214 2.45291 0.959537
1.73906 2.48364 0.959537
1.69545 2.51361 0.959537
1.65132 2.54282 0.959537
1.60669 2.57125 1.03515
1.56158 2.5989 1.03515
1.51598 2.62576 1.03515
1.46992 2.65181 1.03515
1.42342 2.67706 1.12153
1.37648 2.7015 1.12153
1.32912 2.72511 1.12153
1.28136 2.74789 1.12153
1.23321 2.76983 1.2152
1.18468 2.79094 1.2152
1.13579 2.81119 1.2152
1.08656 2.83058 1.2152
1.03699 2.84911 1.31241
0.98711 2.86678 1.31241
0.936928 2.88357 1.31241
0.88646 2.89948 1.31241
0.835722 2.91451 1.40935
0.784729 2.92865 1.40935
0.733498 2.9419 1.40935
0.682043 2.95425 1.40935
0.63038 2.96571 1.50245
0.578525 2.97626 1.50245
0.526495 2.9859 1.50245
0.474303 2.99463 1.50245
0.421967 3.00245 1.58858
0.369503 3.00936 1.58858
0.316926 3.01535 1.58858
0.264253 3.02042 1.58858
0.211499 3.02458 1.66518
0.158681 3.02781 1.66518
0.105814 3.03011 1.66518
0.052915 3.0315 1.66518
1.85654e-16 3.03196 1.73041
-0.052915 3.0315 1.73041
-0.105814 3.03011 1.73041
-0.158681 3.02781 1.73041
-0.211499 3.02458 1.78314
-0.264253 3.02042 1.78314
-0.316926 3.01535 1.78314
-0.369503 3.00936 1.78314
-0.421967 3.00245 1.82285
-0.474303 2.99463 1.82285
-0.526495 2.9859 1.82285
-0.578525 2.97626 1.82285
-0.63038 2.96571 1.84953
-0.682043 2.95425 1.84953
-0.733498 2.9419 1.84953
-0.784729 2.92865 1.84953
-0.835722 2.91451 1.86347
-0.88646 2.89948 1.86347
-0.936928 2.88357 1.86347
-0.98711 2.86678 1.86347
-1.03699 2.84911 1.86507
-1.08656 2.83058 1.86507
-1.13579 2.81119 1.86507
-1.18468 2.79094 1.86507
-1.23321 2.76983 1.85475
-1.28136 2.74789 1.85475
-1.32912 2.72511 1.85475
-1.37648 2.7015 1.85475
-1.42342 2.67706 1.83283
-1.46992 2.65181 1.83283
-1.51598 2.62576 1.83283
-1.56158 2.5989 1.83283
-1.60669 2.57125 1.79956
-1.65132 2.54282 1.79956
-1.69545 2.51361 1.79956
-1.73906 2.48364 1.79956
-1.78214 2.45291 1.75521
-1.82468 2.42143 1.75521
-1.86666 2.38922 1.75521
-1.90808 2.35628 1.75521
-1.94891 2.32262 1.70022
-1.98915 2.28825 1.70022
-2.02878 2.25319 1.70022
-2.06779 2.21744 1.70022
-2.10618 2.18101 1.6354
-2.14392 2.14392 1.6354
-2.18101 2.10618 1.6354
-2.21744 2.06779 1.6354
-2.25319 2.02878 1.56201
-2.28825 1.98915 1.56201
-2.32262 1.94891 1.56201
-2.35628 1.90808 1.56201
-2.38922 1.86666 1.48188
-2.42143 1.82468 1.48188
-2.45291 1.78214 1.48188
-2.48364 1.73906 1.48188
-2.51361 1.69545 1.39741
-2.54282 1.65132 1.39741
-2.57125 1.60669 1.39741
-2.5989 1.56158 1.39741
-2.62576 1.51598 1.31149
-2.65181 1.46992 1.31149
-2.67706 1.42342 1.31149
-2.7015 1.37648 1.31149
-2.72511 1.32912 1.22743
-2.74789 1.28136 1.22743
-2.76983 1.23321 1.22743
-2.79094 1.18468 1.22743
-2.81119 1.13579 1.14875
-2.83058 1.08656 1.14875
-2.84911 1.03699 1.14875
-2.86678 0.98711 1.14875
-2.88357 0.936928 1.07894
-2.89948 0.88646 1.07894
-2.91451 0.835722 1.07894
-2.92865 0.784729 1.07894
-2.9419 0.733498 1.0213
-2.95425 0.682043 1.0213
-2.96571 0.63038 1.0213
-2.97626 0.578525 1.0213
-2.9859 0.526495 0.978651
-2.99463 0.474303 0.978651
-3.00245 0.421967 0.978651
-3.00936 0.369503 0.978651
-3.01535 0.316926 0.953147
-3.02042 0.264253 0.953147
-3.02458 0.211499 0.953147
-3.02781 0.158681 0.953147
-3.03011 0.105814 0.946105
-3.0315 0.052915 0.946105
-3.03196 3.71308e-16 0.946105
-3.0315 -0.052915 0.946105
-3.03011 -0.105814 0.946105
-3.02781 -0.158681 0.957895
-3.02458 -0.211499 0.957895
-3.02042 -0.264253 0.957895
-3.01535 -0.316926 0.957895
-3.00936 -0.369503 0.987913
-3.00245 -0.421967 0.987913
-2.99463 -0.474303 0.987913
-2.9859 -0.526495 0.987913
-2.97626 -0.578525 1.03462
-2.96571 -0.63038 1.03462
-2.95425 -0.682043 1.03462
-2.9419 -0.733498 1.03462
-2.92865 -0.784729 1.09566
-2.91451 -0.835722 1.09566
-2.89948 -0.88646 1.09566
-2.88357 -0.936928 1.09566
-2.86678 -0.98711 1.16805
-2.84911 -1.03699 1.16805
-2.83058 -1.08656 1.16805
-2.81119 -1.13579 1.16805
-2.79094 -1.18468 1.24838
-2.76983 -1.23321 1.24838
-2.74789 -1.28136 1.24838
-2.72511 -1.32912 1.24838
-2.7015 -1.37648 1.33305
-2.67706 -1.42342 1.33305
-2.65181 -1.46992 1.33305
-2.62576 -1.51598 1.33305
-2.5989 -1.56158 1.41852
-2.57125 -1.60669 1.41852
-2.54282 -1.65132 1.41852
-2.51361 -1.69545 1.41852
-2.48364 -1.73906 1.50149
-2.45291 -1.78214 1.50149
-2.42143 -1.82468 1.50149
-2.38922 -1.86666 1.50149
-2.35628 -1.90808 1.57911
-2.32262 -1.94891 1.57911
-2.28825 -1.98915 1.57911
-2.25319 -2.02878 1.57911
-2.21744 -2.06779 1.64908
-2.18101 -2.10618 1.64908
-2.14392 -2.14392 1.64908
-2.10618 -2.18101 1.64908
-2.06779 -2.21744 1.70969
-2.02878 -2.25319 1.70969
-1.98915 -2.28825 1.70969
-1.94891 -2.32262 1.70969
-1.90808 -2.35628 1.75982
-1.86666 -2.38922 1.75982
-1.82468 -2.42143 1.75982
-1.78214 -2.45291 1.75982
-1.73906 -2.48364 1.79882
-1.69545 -2.51361 1.79882
-1.65132 -2.54282 1.79882
-1.60669 -2.57125 1.79882
-1.56158 -2.5989 1.82638
-1.51598 -2.62576 1.82638
-1.46992 -2.65181 1.82638
-1.42342 -2.67706 1.82638
-1.37648 -2.7015 1.84239
-1.32912 -2.72511 1.84239
-1.28136 -2.74789 1.84239
-1.23321 -2.76983 1.84239
-1.18468 -2.79094 1.84674
-1.13579 -2.81119 1.84674
-1.08656 -2.83058 1.84674
-1.03699 -2.84911 1.84674
-0.98711 -2.86678 1.83925
-0.936928 -2.88357 1.83925
-0.88646 -2.89948 1.83925
-0.835722 -2.91451 1.83925
-0.784729 -2.92865 1.81966
-0.733498 -2.9419 1.81966
-0.682043 -2.95425 1.81966
-0.63038 -2.96571 1.81966
-0.578525 -2.97626 1.78771
-0.526495 -2.9859 1.78771
-0.474303 -2.99463 1.78771
-0.421967 -3.00245 1.78771
-0.369503 -3.00936 1.74328
-0.316926 -3.01535 1.74328
-0.264253 -3.02042 1.74328
-0.211499 -3.02458 1.74328
-0.158681 -3.02781 1.68656
-0.105814 -3.03011 1.68656
-0.052915 -3.0315 1.68656
-5.56962e-16 -3.03196 1.68656
0.052915 -3.0315 1.61821
0.105814 -3.03011 1.61821
0.158681 -3.02781 1.61821
0.211499 -3.02458 1.61821
0.264253 -3.02042 1.53951
0.316926 -3.01535 1.53951
0.369503 -3.00936 1.53951
0.421967 -3.00245 1.53951
0.474303 -2.99463 1.4524
0.526495 -2.9859 1.4524
0.578525 -2.97626 1.4524
0.63038 -2.96571 1.4524
0.682043 -2.95425 1.35947
0.733498 -2.9419 1.35947
0.784729 -2.92865 1.35947
0.835722 -2.91451 1.35947
0.88646 -2.89948 1.26387
0.936928 -2.88357 1.26387
0.98711 -2.86678 1.26387
1.03699 -2.84911 1.26387
1.08656 -2.83058 1.16911
1.13579 -2.81119 1.16911
1.18468 -2.79094 1.16911
1.23321 -2.76983 1.16911
1.28136 -2.74789 1.07889
1.32912 -2.72511 1.07889
1.37648 -2.7015 1.07889
1.42342 -2.67706 1.07889
1.46992 -2.65181 0.996804
1.51598 -2.62576 0.996804
1.56158 -2.5989 0.996804
1.60669 -2.57125 0.996804
1.65132 -2.54282 0.926144
1.69545 -2.51361 0.926144
1.73906 -2.48364 0.926144
1.78214 -2.45291 0.926144
1.82468 -2.42143 0.86962
1.86666 -2.38922 0.86962
1.90808 -2.35628 0.86962
1.94891 -2.32262 0.86962
1.98915 -2.28825 0.829142
2.02878 -2.25319 0.829142
2.06779 -2.21744 0.829142
2.10618 -2.18101 0.829142
2.14392 -2.14392 0.805662
2.18101 -2.10618 0.805662
2.21744 -2.06779 0.805662
2.25319 -2.02878 0.805662
2.28825 -1.98915 0.799078
2.32262 -1.94891 0.799078
2.35628 -1.90808 0.799078
2.38922 -1.86666 0.799078
2.42143 -1.82468 0.808229
2.45291 -1.78214 0.808229
2.48364 -1.73906 0.808229
2.51361 -1.69545 0.808229
2.54282 -1.65132 0.830958
2.57125 -1.60669 0.830958
2.5989 -1.56158 0.830958
2.62576 -1.51598 0.830958
2.65181 -1.46992 0.86427
2.67706 -1.42342 0.86427
2.7015 -1.37648 0.86427
2.72511 -1.32912 0.86427
2.74789 -1.28136 0.904538
2.76983 -1.23321 0.904538
2.79094 -1.18468 0.904538
2.81119 -1.13579 0.904538
2.83058 -1.08656 0.947768
2.84911 -1.03699 0.947768
2.86678 -0.98711 0.947768
2.88357 -0.936928 0.947768
2.89948 -0.88646 0.989886
2.91451 -0.835722 0.989886
2.92865 -0.784729 0.989886
2.9419 -0.733498 0.989886
2.95425 -0.682043 1.02704
2.96571 -0.63038 1.02704
2.97626 -0.578525 1.02704
2.9859 -0.526495 1.02704
2.99463 -0.474303 1.0559
3.00245 -0.421967 1.0559
3.00936 -0.369503 1.0559
3.01535 -0.316926 1.0559
3.02042 -0.264253 1.07391
3.02458 -0.211499 1.07391
3.02781 -0.158681 1.07391
3.03011 -0.105814 1.07391
3.0315 -0.052915 1.06256

3.11175 0 1.10679
3.11128 0.0543075 1.10679
3.10985 0.108599 1.09801
3.10749 0.162856 1.09801
3.10417 0.217065 1.09801
3.09991 0.271207 1.09801
3.0947 0.325266 1.07484
3.08856 0.379227 1.07484
3.08147 0.433072 1.07484
3.07344 0.486785 1.07484
3.06448 0.54035 1.03908
3.05458 0.59375 1.03908
3.04375 0.646969 1.03908
3.032 0.699991 1.03908
3.01932 0.7528 0.993549
3.00572 0.80538 0.993549
2.99121 0.857714 0.993549
2.97578 0.909788 0.941803
2.95945 0.961584 0.941803
2.94222 1.01309 0.941803
2.92409 1.06428 0.941803
2.90507 1.11515 0.887934
2.88516 1.16568 0.887934
2.86438 1.21586 0.887934
2.84272 1.26566 0.887934
2.8202 1.31508 0.836282
2.79682 1.3641 0.836282
2.77259 1.4127 0.836282
2.74751 1.46088 0.836282
2.7216 1.50861 0.791155
2.69485 1.55587 0.791155
2.66729 1.60267 0.791155
2.63891 1.64898 0.756558
2.60973 1.69478 0.756558
2.57976 1.74007 0.756558
2.549 1.78483 0.756558
2.51746 1.82904 0.735935
2.48515 1.8727 0.735935
2.45209 1.91578 0.735935
2.41828 1.95829 0.735935
2.38374 2.00019 0.731953
2.34847 2.04149 0.731953
2.31248 2.08217 0.731953
2.27579 2.12221 0.731953
2.23841 2.1616 0.746336
2.20034 2.20034 0.746336
2.1616 2.23841 0.746336
2.12221 2.27579 0.779751
2.08217 2.31248 0.779751
2.04149 2.34847 0.779751
2.00019 2.38374 0.779751
1.95829 2.41828 0.831783
1.91578 2.45209 0.831783
1.8727 2.48515 0.831783
1.82904 2.51746 0.831783
1.78483 2.549 0.900976
1.74007 2.57976 0.900976
1.69478 2.60973 0.900976
1.64898 2.63891 0.900976
1.60267 2.66729 0.984963
1.55587 2.69485 0.984963
1.50861 2.7216 0.984963
1.46088 2.74751 1.08062
1.4127 2.77259 1.08062
1.3641 2.79682 1.08062
1.31508 2.8202 1.08062
1.26566 2.84272 1.1843
1.21586 2.86438 1.1843
1.16568 2.88516 1.1843
1.11515 2.90507 1.1843
1.06428 2.92409 1.29209
1.01309 2.94222 1.29209
0.961584 2.95945 1.29209
0.909788 2.97578 1.29209
0.857714 2.99121 1.40004
0.80538 3.00572 1.40004
0.7528 3.01932 1.40004
0.699991 3.032 1.5044
0.646969 3.04375 1.5044
0.59375 3.05458 1.5044
0.54035 3.06448 1.5044
0.486785 3.07344 1.60182
0.433072 3.08147 1.60182
0.379227 3.08856 1.60182
0.325266 3.0947 1.60182
0.271207 3.09991 1.68958
0.217065 3.10417 1.68958
0.162856 3.10749 1.68958
0.108599 3.10985 1.68958
0.0543075 3.11128 1.76565
1.9054e-16 3.11175 1.76565
-0.0543075 3.11128 1.76565
-0.108599 3.10985 1.82874
-0.162856 3.10749 1.82874
-0.217065 3.10417 1.82874
-0.271207 3.09991 1.82874
-0.325266 3.0947 1.87829
-0.379227 3.08856 1.87829
-0.433072 3.08147 1.87829
-0.486785 3.07344 1.87829
-0.54035 3.06448 1.91432
-0.59375 3.05458 1.91432
-0.646969 3.04375 1.91432
-0.699991 3.032 1.91432
-0.7528 3.01932 1.93725
-0.80538 3.00572 1.93725
-0.857714 2.99121 1.93725
-0.909788 2.97578 1.94767
-0.961584 2.95945 1.94767
-1.01309 2.94222 1.94767
-1.06428 2.92409 1.94767
-1.11515 2.90507 1.94619
-1.16568 2.88516 1.94619
-1.21586 2.86438 1.94619
-1.26566 2.84272 1.94619
-1.31508 2.8202 1.93328
-1.3641 2.79682 1.93328
-1.4127 2.77259 1.93328
-1.46088 2.74751 1.93328
-1.50861 2.7216 1.90917
-1.55587 2.69485 1.90917
-1.60267 2.66729 1.90917
-1.64898 2.63891 1.87394
-1.69478 2.60973 1.87394
-1.74007 2.57976 1.87394
-1.78483 2.549 1.87394
-1.82904 2.51746 1.82757
-1.8727 2.48515 1.82757
-1.91578 2.45209 1.82757
-1.95829 2.41828 1.82757
-2.00019 2.38374 1.77018
-2.04149 2.34847 1.77018
-2.08217 2.31248 1.77018
-2.12221 2.27579 1.77018
-2.1616 2.23841 1.7022
-2.20034 2.20034 1.7022
-2.23841 2.1616 1.7022
-2.27579 2.12221 1.6245
-2.31248 2.08217 1.6245
-2.34847 2.04149 1.6245
-2.38374 2.00019 1.6245
-2.41828 1.95829 1.53853
-2.45209 1.91578 1.53853
-2.48515 1.8727 1.53853
-2.51746 1.82904 1.53853
-2.549 1.78483 1.44636
-2.57976 1.74007 1.44636
-2.60973 1.69478 1.44636
-2.63891 1.64898 1.44636
-2.66729 1.60267 1.35063
-2.69485 1.55587 1.35063
-2.7216 1.50861 1.35063
-2.74751 1.46088 1.25448
-2.77259 1.4127 1.25448
-2.79682 1.3641 1.25448
-2.8202 1.31508 1.25448
-2.84272 1.26566 1.16141
-2.86438 1.21586 1.16141
-2.88516 1.16568 1.16141
-2.90507 1.11515 1.16141
-2.92409 1.06428 1.07504
-2.94222 1.01309 1.07504
-2.95945 0.961584 1.07504
-2.97578 0.909788 1.07504
-2.99121 0.857714 0.998979
-3.00572 0.80538 0.998979
-3.01932 0.7528 0.998979
-3.032 0.699991 0.93655
-3.04375 0.646969 0.93655
-3.05458 0.59375 0.93655
-3.06448 0.54035 0.93655
-3.07344 0.486785 0.890592
-3.08147 0.433072 0.890592
-3.08856 0.379227 0.890592
-3.0947 0.325266 0.890592
-3.09991 0.271207 0.863258
-3.10417 0.217065 0.863258
-3.10749 0.162856 0.863258
-3.10985 0.108599 0.863258
-3.11128 0.0543075 0.855861
-3.11175 3.81079e-16 0.855861
-3.11128 -0.0543075 0.855861
-3.10985 -0.108599 0.868768
-3.10749 -0.162856 0.868768
-3.10417 -0.217065 0.868768
-3.09991 -0.271207 0.868768
-3.0947 -0.325266 0.901373
-3.08856 -0.379227 0.901373
-3.08147 -0.433072 0.901373
-3.07344 -0.486785 0.901373
-3.06448 -0.54035 0.952139
-3.05458 -0.59375 0.952139
-3.04375 -0.646969 0.952139
-3.032 -0.699991 0.952139
-3.01932 -0.7528 1.01871
-3.00572 -0.80538 1.01871
-2.99121 -0.857714 1.01871
-2.97578 -0.909788 1.09807
-2.95945 -0.961584 1.09807
-2.94222 -1.01309 1.09807
-2.92409 -1.06428 1.09807
-2.90507 -1.11515 1.18676
-2.88516 -1.16568 1.18676
-2.86438 -1.21586 1.18676
-2.84272 -1.26566 1.18676
-2.8202 -1.31508 1.2811
-2.79682 -1.3641 1.2811
-2.77259 -1.4127 1.2811
-2.74751 -1.46088 1.2811
-2.7216 -1.50861 1.37739
-2.69485 -1.55587 1.37739
-2.66729 -1.60267 1.37739
-2.63891 -1.64898 1.47213
-2.60973 -1.69478 1.47213
-2.57976 -1.74007 1.47213
-2.549 -1.78483 1.47213
-2.51746 -1.82904 1.56222
-2.48515 -1.8727 1.56222
-2.45209 -1.91578 1.56222
-2.41828 -1.95829 1.56222
-2.38374 -2.00019 1.64509
-2.34847 -2.04149 1.64509
-2.31248 -2.08217 1.64509
-2.27579 -2.12221 1.64509
-2.23841 -2.1616 1.71878
-2.20034 -2.20034 1.71878
-2.1616 -2.23841 1.71878
-2.12221 -2.27579 1.78197
-2.08217 -2.31248 1.78197
-2.04149 -2.34847 1.78197
-2.00019 -2.38374 1.78197
-1.95829 -2.41828 1.83395
-1.91578 -2.45209 1.83395
-1.8727 -2.48515 1.83395
-1.82904 -2.51746 1.83395
-1.78483 -2.549 1.87443
-1.74007 -2.57976 1.87443
-1.69478 -2.60973 1.87443
-1.64898 -2.63891 1.87443
-1.60267 -2.66729 1.90345
-1.55587 -2.69485 1.90345
-1.50861 -2.7216 1.90345
-1.46088 -2.74751 1.92114
-1.4127 -2.77259 1.92114
-1.3641 -2.79682 1.92114
-1.31508 -2.8202 1.92114
-1.26566 -2.84272 1.92757
-1.21586 -2.86438 1.92757
-1.16568 -2.88516 1.92757
-1.11515 -2.90507 1.92757
-1.06428 -2.92409 1.92261
-1.01309 -2.94222 1.92261
-0.961584 -2.95945 1.92261
-0.909788 -2.97578 1.92261
-0.857714 -2.99121 1.90594
-0.80538 -3.00572 1.90594
-0.7528 -3.01932 1.90594
-0.699991 -3.032 1.87709
-0.646969 -3.04375 1.87709
-0.59375 -3.05458 1.87709
-0.54035 -3.06448 1.87709
-0.486785 -3.07344 1.83561
-0.433072 -3.08147 1.83561
-0.379227 -3.08856 1.83561
-0.325266 -3.0947 1.83561
-0.271207 -3.09991 1.78126
-0.217065 -3.10417 1.78126
-0.162856 -3.10749 1.78126
-0.108599 -3.10985 1.78126
-0.0543075 -3.11128 1.7142
-5.71619e-16 -3.11175 1.7142
0.0543075 -3.11128 1.7142
0.108599 -3.10985 1.63516
0.162856 -3.10749 1.63516
0.217065 -3.10417 1.63516
0.271207 -3.09991 1.63516
0.325266 -3.0947 1.54553
0.379227 -3.08856 1.54553
0.433072 -3.08147 1.54553
0.486785 -3.07344 1.54553
0.54035 -3.06448 1.44743
0.59375 -3.05458 1.44743
0.646969 -3.04375 1.44743
0.699991 -3.032 1.44743
0.7528 -3.01932 1.34366
0.80538 -3.00572 1.34366
0.857714 -2.99121 1.34366
0.909788 -2.97578 1.23752
0.961584 -2.95945 1.23752
1.01309 -2.94222 1.23752
1.06428 -2.92409 1.23752
1.11515 -2.90507 1.13269
1.16568 -2.88516 1.13269
1.21586 -2.86438 1.13269
1.26566 -2.84272 1.13269
1.31508 -2.8202 1.03303
1.3641 -2.79682 1.03303
1.4127 -2.77259 1.03303
1.46088 -2.74751 1.03303
1.50861 -2.7216 0.942275
1.55587 -2.69485 0.942275
1.60267 -2.66729 0.942275
1.64898 -2.63891 0.863884
1.69478 -2.60973 0.863884
1.74007 -2.57976 0.863884
1.78483 -2.549 0.863884
1.82904 -2.51746 0.800755
1.8727 -2.48515 0.800755
1.91578 -2.45209 0.800755
1.95829 -2.41828 0.800755
2.00019 -2.38374 0.755017
2.04149 -2.34847 0.755017
2.08217 -2.31248 0.755017
2.12221 -2.27579 0.755017
2.1616 -2.23841 0.727872
2.20034 -2.20034 0.727872
2.23841 -2.1616 0.727872
2.27579 -2.12221 0.719484
2.31248 -2.08217 0.719484
2.34847 -2.04149 0.719484
2.38374 -2.00019 0.719484
2.41828 -1.95829 0.728956
2.45209 -1.91578 0.728956
2.48515 -1.8727 0.728956
2.51746 -1.82904 0.728956
2.549 -1.78483 0.754364
2.57976 -1.74007 0.754364
2.60973 -1.69478 0.754364
2.63891 -1.64898 0.754364
2.66729 -1.60267 0.792879
2.69485 -1.55587 0.792879
2.7216 -1.50861 0.792879
2.74751 -1.46088 0.840943
2.77259 -1.4127 0.840943
2.79682 -1.3641 0.840943
2.8202 -1.31508 0.840943
2.84272 -1.26566 0.894496
2.86438 -1.21586 0.894496
2.88516 -1.16568 0.894496
2.90507 -1.11515 0.894496
2.92409 -1.06428 0.949228
2.94222 -1.01309 0.949228
2.95945 -0.961584 0.949228
2.97578 -0.909788 0.949228
2.99121 -0.857714 1.00086
3.00572 -0.80538 1.00086
3.01932 -0.7528 1.00086
3.032 -0.699991 1.04541
3.04375 -0.646969 1.04541
3.05458 -0.59375 1.04541
3.06448 -0.54035 1.04541
3.07344 -0.486785 1.07947
3.08147 -0.433072 1.07947
3.08856 -0.379227 1.07947
3.0947 -0.325266 1.07947
3.09991 -0.271207 1.10046
3.10417 -0.217065 1.10046
3.10749 -0.162856 1.10046
3.10985 -0.108599 1.10046
3.11128 -0.0543075 1.0795

3.19154 0 1.10679
3.19105 0.0557 1.10679
3.18959 0.111383 1.09801
3.18716 0.167032 1.09801
3.18376 0.22263 1.09801
3.17939 0.278161 1.09801
3.17405 0.333607 1.07484
3.16775 0.388951 1.07484
3.16048 0.444176 1.07484
3.15225 0.499267 1.07484
3.14305 0.554205 1.03908
3.1329 0.608974 1.03908
3.1218 0.663558 1.03908
3.10974 0.71794 1.03908
3.09674 0.772103 0.993549
3.08279 0.826031 0.993549
3.0679 0.879707 0.993549
3.05208 0.933115 0.941803
3.03533 0.98624 0.941803
3.01766 1.03906 0.941803
2.99906 1.09157 0.941803
2.97956 1.14375 0.887934
2.95914 1.19557 0.887934
2.93783 1.24703 0.887934
2.91562 1.29812 0.887934
2.89252 1.3488 0.836282
2.86854 1.39908 0.836282
2.84368 1.44893 0.836282
2.81796 1.49834 0.836282
2.79138 1.54729 0.791155
2.76395 1.59577 0.791155
2.73568 1.64376 0.791155
2.70658 1.69126 0.756558
2.67665 1.73824 0.756558
2.64591 1.78469 0.756558
2.61436 1.83059 0.756558
2.58201 1.87594 0.735935
2.54888 1.92072 0.735935
2.51497 1.96491 0.735935
2.48029 2.0085 0.735935
2.44486 2.05148 0.731953
2.40868 2.09384 0.731953
2.37178 2.13556 0.731953
2.33414 2.17662 0.731953
2.2958 2.21703 0.746336
2.25676 2.25676 0.746336
2.21703 2.2958 0.746336
2.17662 2.33414 0.779751
2.13556 2.37178 0.779751
2.09384 2.40868 0.779751
2.05148 2.44486 0.779751
2.0085 2.48029 0.831783
1.96491 2.51497 0.831783
1.92072 2.54888 0.831783
1.87594 2.58201 0.831783
1.83059 2.61436 0.900976
1.78469 2.64591 0.900976
1.73824 2.67665 0.900976
1.69126 2.70658 0.900976
1.64376 2.73568 0.984963
1.59577 2.76395 0.984963
1.54729 2.79138 0.984963
1.49834 2.81796 1.08062
1.44893 2.84368 1.08062
1.39908 2.86854 1.08062
1.3488 2.89252 1.08062
1.29812 2.91562 1.1843
1.24703 2.93783 1.1843
1.19557 2.95914 1.1843
1.14375 2.97956 1.1843
1.09157 2.99906 1.29209
1.03906 3.01766 1.29209
0.98624 3.03533 1.29209
0.933115 3.05208 1.29209
0.879707 3.0679 1.40004
0.826031 3.08279 1.40004
0.772103 3.09674 1.40004
0.71794 3.10974 1.5044
0.663558 3.1218 1.5044
0.608974 3.1329 1.5044
0.554205 3.14305 1.5044
0.499267 3.15225 1.60182
0.444176 3.16048 1.60182
0.388951 3.16775 1.60182
0.333607 3.17405 1.60182
0.278161 3.17939 1.68958
0.22263 3.18376 1.68958
0.167032 3.18716 1.68958
0.111383 3.18959 1.68958
0.0557 3.19105 1.76565
1.95425e-16 3.19154 1.76565
-0.0557 3.19105 1.76565
-0.111383 3.18959 1.82874
-0.167032 3.18716 1.82874
-0.22263 3.18376 1.82874
-0.278161 3.17939 1.82874
-0.333607 3.17405 1.87829
-0.388951 3.16775 1.87829
-0.444176 3.16048 1.87829
-0.499267 3.15225 1.87829
-0.554205 3.14305 1.91432
-0.608974 3.1329 1.91432
-0.663558 3.1218 1.91432
-0.71794 3.10974 1.91432
-0.772103 3.09674 1.93725
-0.826031 3.08279 1.93725
-0.879707 3.0679 1.93725
-0.933115 3.05208 1.94767
-0.98624 3.03533 1.94767
-1.03906 3.01766 1.94767
-1.09157 2.99906 1.94767
-1.14375 2.97956 1.94619
-1.19557 2.95914 1.94619
-1.24703 2.93783 1.94619
-1.29812 2.91562 1.94619
-1.3488 2.89252 1.93328
-1.39908 2.86854 1.93328
-1.44893 2.84368 1.93328
-1.49834 2.81796 1.93328
-1.54729 2.79138 1.90917
-1.59577 2.76395 1.90917
-1.64376 2.73568 1.90917
-1.69126 2.70658 1.87394
-1.73824 2.67665 1.87394
-1.78469 2.64591 1.87394
-1.83059 2.61436 1.87394
-1.87594 2.58201 1.82757
-1.92072 2.54888 1.82757
-1.96491 2.51497 1.82757
-2.0085 2.48029 1.82757
-2.05148 2.44486 1.77018
-2.09384 2.40868 1.77018
-2.13556 2.37178 1.77018
-2.17662 2.33414 1.77018
-2.21703 2.2958 1.7022
-2.25676 2.25676 1.7022
-2.2958 2.21703 1.7022
-2.33414 2.17662 1.6245
-2.37178 2.13556 1.6245
-2.40868 2.09384 1.6245
-2.44486 2.05148 1.6245
-2.48029 2.0085 1.53853
-2.51497 1.96491 1.53853
-2.54888 1.92072 1.53853
-2.58201 1.87594 1.53853
-2.61436 1.83059 1.44636
-2.64591 1.78469 1.44636
-2.67665 1.73824 1.44636
-2.70658 1.69126 1.44636
-2.73568 1.64376 1.35063
-2.76395 1.59577 1.35063
-2.79138 1.54729 1.35063
-2.81796 1.49834 1.25448
-2.84368 1.44893 1.25448
-2.86854 1.39908 1.25448
-2.89252 1.3488 1.25448
-2.91562 1.29812 1.16141
-2.93783 1.24703 1.16141
-2.95914 1.19557 1.16141
-2.97956 1.14375 1.16141
-2.99906 1.09157 1.07504
-3.01766 1.03906 1.07504
-3.03533 0.98624 1.07504
-3.05208 0.933115 1.07504
-3.0679 0.879707 0.998979
-3.08279 0.826031 0.998979
-3.09674 0.772103 0.998979
-3.10974 0.71794 0.93655
-3.1218 0.663558 0.93655
-3.1329 0.608974 0.93655
-3.14305 0.554205 0.93655
-3.15225 0.499267 0.890592
-3.16048 0.444176 0.890592
-3.16775 0.388951 0.890592
-3.17405 0.333607 0.890592
-3.17939 0.278161 0.863258
-3.18376 0.22263 0.863258
-3.18716 0.167032 0.863258
-3.18959 0.111383 0.863258
-3.19105 0.0557 0.855861
-3.19154 3.90851e-16 0.855861
-3.19105 -0.0557 0.855861
-3.18959 -0.111383 0.868768
-3.18716 -0.167032 0.868768
-3.18376 -0.22263 0.868768
-3.17939 -0.278161 0.868768
-3.17405 -0.333607 0.901373
-3.16775 -0.388951 0.901373
-3.16048 -0.444176 0.901373
-3.15225 -0.499267 0.901373
-3.14305 -0.554205 0.952139
-3.1329 -0.608974 0.952139
-3.1218 -0.663558 0.952139
-3.10974 -0.71794 0.952139
-3.09674 -0.772103 1.01871
-3.08279 -0.826031 1.01871
-3.0679 -0.879707 1.01871
-3.05208 -0.933115 1.09807
-3.03533 -0.98624 1.09807
-3.01766 -1.03906 1.09807
-2.99906 -1.09157 1.09807
-2.97956 -1.14375 1.18676
-2.95914 -1.19557 1.18676
-2.93783 -1.24703 1.18676
-2.91562 -1.29812 1.18676
-2.89252 -1.3488 1.2811
-2.86854 -1.39908 1.2811
-2.84368 -1.44893 1.2811
-2.81796 -1.49834 1.2811
-2.79138 -1.54729 1.37739
-2.76395 -1.59577 1.37739
-2.73568 -1.64376 1.37739
-2.70658 -1.69126 1.47213
-2.67665 -1.73824 1.47213
-2.64591 -1.78469 1.47213
-2.61436 -1.83059 1.47213
-2.58201 -1.87594 1.56222
-2.54888 -1.92072 1.56222
-2.51497 -1.96491 1.56222
-2.48029 -2.0085 1.56222
-2.44486 -2.05148 1.64509
-2.40868 -2.09384 1.64509
-2.37178 -2.13556 1.64509
-2.33414 -2.17662 1.64509
-2.2958 -2.21703 1.71878
-2.25676 -2.25676 1.71878
-2.21703 -2.2958 1.71878
-2.17662 -2.33414 1.78197
-2.13556 -2.37178 1.78197
-2.09384 -2.40868 1.78197
-2.05148 -2.44486 1.78197
-2.0085 -2.48029 1.83395
-1.96491 -2.51497 1.83395
-1.92072 -2.54888 1.83395
-1.87594 -2.58201 1.83395
-1.83059 -2.61436 1.87443
-1.78469 -2.64591 1.87443
-1.73824 -2.67665 1.87443
-1.69126 -2.70658 1.87443
-1.64376 -2.73568 1.90345
-1.59577 -2.76395 1.90345
-1.54729 -2.79138 1.90345
-1.49834 -2.81796 1.92114
-1.44893 -2.84368 1.92114
-1.39908 -2.86854 1.92114
-1.3488 -2.89252 1.92114
-1.29812 -2.91562 1.92757
-1.24703 -2.93783 1.92757
-1.19557 -2.95914 1.92757
-1.14375 -2.97956 1.92757
-1.09157 -2.99906 1.92261
-1.03906 -3.01766 1.92261
-0.98624 -3.03533 1.92261
-0.933115 -3.05208 1.92261
-0.879707 -3.0679 1.90594
-0.826031 -3.08279 1.90594
-0.772103 -3.09674 1.90594
-0.71794 -3.10974 1.87709
-0.663558 -3.1218 1.87709
-0.608974 -3.1329 1.87709
-0.554205 -3.14305 1.87709
-0.499267 -3.15225 1.83561
-0.444176 -3.16048 1.83561
-0.388951 -3.16775 1.83561
-0.333607 -3.17405 1.83561
-0.278161 -3.17939 1.78126
-0.22263 -3.18376 1.78126
-0.167032 -3.18716 1.78126
-0.111383 -3.18959 1.78126
-0.0557 -3.19105 1.7142
-5.86276e-16 -3.19154 1.7142
0.0557 -3.19105 1.7142
0.111383 -3.18959 1.63516
0.167032 -3.18716 1.63516
0.22263 -3.18376 1.63516
0.278161 -3.17939 1.63516
0.333607 -3.17405 1.54553
0.388951 -3.16775 1.54553
0.444176 -3.16048 1.54553
0.499267 -3.15225 1.54553
0.554205 -3.14305 1.44743
0.608974 -3.1329 1.44743
0.663558 -3.1218 1.44743
0.71794 -3.10974 1.44743
0.772103 -3.09674 1.34366
0.826031 -3.08279 1.34366
0.879707 -3.0679 1.34366
0.933115 -3.05208 1.23752
0.98624 -3.03533 1.23752
1.03906 -3.01766 1.23752
1.09157 -2.99906 1.23752
1.14375 -2.97956 1.13269
1.19557 -2.95914 1.13269
1.24703 -2.93783 1.13269
1.29812 -2.91562 1.13269
1.3488 -2.89252 1.03303
1.39908 -2.86854 1.03303
1.44893 -2.84368 1.03303
1.49834 -2.81796 1.03303
1.54729 -2.79138 0.942275
1.59577 -2.76395 0.942275
1.64376 -2.73568 0.942275
1.69126 -2.70658 0.863884
1.73824 -2.67665 0.863884
1.78469 -2.64591 0.863884
1.83059 -2.61436 0.863884
1.87594 -2.58201 0.800755
1.92072 -2.54888 0.800755
1.96491 -2.51497 0.800755
2.0085 -2.48029 0.800755
2.05148 -2.44486 0.755017
2.09384 -2.40868 0.755017
2.13556 -2.37178 0.755017
2.17662 -2.33414 0.755017
2.21703 -2.2958 0.727872
2.25676 -2.25676 0.727872
2.2958 -2.21703 0.727872
2.33414 -2.17662 0.719484
2.37178 -2.13556 0.719484
2.40868 -2.09384 0.719484
2.44486 -2.05148 0.719484
2.48029 -2.0085 0.728956
2.51497 -1.96491 0.728956
2.54888 -1.92072 0.728956
2.58201 -1.87594 0.728956
2.61436 -1.83059 0.754364
2.64591 -1.78469 0.754364
2.67665 -1.73824 0.754364
2.70658 -1.69126 0.754364
2.73568 -1.64376 0.792879
2.76395 -1.59577 0.792879
2.79138 -1.54729 0.792879
2.81796 -1.49834 0.840943
2.84368 -1.44893 0.840943
2.86854 -1.39908 0.840943
2.89252 -1.3488 0.840943
2.91562 -1.29812 0.894496
2.93783 -1.24703 0.894496
2.95914 -1.19557 0.894496
2.97956 -1.14375 0.894496
2.99906 -1.09157 0.949228
3.01766 -1.03906 0.949228
3.03533 -0.98624 0.949228
3.05208 -0.933115 0.949228
3.0679 -0.879707 1.00086
3.08279 -0.826031 1.00086
3.09674 -0.772103 1.00086
3.10974 -0.71794 1.04541
3.1218 -0.663558 1.04541
3.1329 -0.608974 1.04541
3.14305 -0.554205 1.04541
3.15225 -0.499267 1.07947
3.16048 -0.444176 1.07947
3.16775 -0.388951 1.07947
3.17405 -0.333607 1.07947
3.17939 -0.278161 1.10046
3.18376 -0.22263 1.10046
3.18716 -0.167032 1.10046
3.18959 -0.111383 1.10046
3.19105 -0.0557 1.0795

3.27133 0 1.10679
3.27083 0.0570925 1.10679
3.26933 0.114168 1.09801
3.26684 0.171208 1.09801
3.26336 0.228196 1.09801
3.25888 0.285115 1.09801
3.25341 0.341947 1.07484
3.24694 0.398674 1.07484
3.23949 0.455281 1.07484
3.23105 0.511748 1.07484
3.22163 0.56806 1.03908
3.21122 0.624199 1.03908
3.19984 0.680147 1.03908
3.18748 0.735888 1.03908
3.17415 0.791406 0.993549
3.15986 0.846682 0.993549
3.1446 0.9017 0.993549
3.12839 0.956443 0.941803
3.11122 1.0109 0.941803
3.0931 1.06504 0.941803
3.07404 1.11886 0.941803
3.05405 1.17234 0.887934
3.03312 1.22546 0.887934
3.01127 1.27821 0.887934
2.98851 1.33057 0.887934
2.96483 1.38252 0.836282
2.94025 1.43406 0.836282
2.91477 1.48515 0.836282
2.88841 1.53579 0.836282
2.86117 1.58597 0.791155
2.83305 1.63566 0.791155
2.80407 1.68486 0.791155
2.77424 1.73354 0.756558
2.74357 1.78169 0.756558
2.71205 1.8293 0.756558
2.67971 1.87636 0.756558
2.64656 1.92284 0.735935
2.6126 1.96873 0.735935
2.57784 2.01403 0.735935
2.5423 2.05871 0.735935
2.50598 2.10277 0.731953
2.4689 2.14618 0.731953
2.43107 2.18894 0.731953
2.3925 2.23104 0.731953
2.3532 2.27245 0.746336
2.31318 2.31318 0.746336
2.27245 2.3532 0.746336
2.23104 2.3925 0.779751
2.18894 2.43107 0.779751
2.14618 2.4689 0.779751
2.10277 2.50598 0.779751
2.05871 2.5423 0.831783
2.01403 2.57784 0.831783
1.96873 2.6126 0.831783
1.92284 2.64656 0.831783
1.87636 2.67971 0.900976
1.8293 2.71205 0.900976
1.78169 2.74357 0.900976
1.73354 2.77424 0.900976
1.68486 2.80407 0.984963
1.63566 2.83305 0.984963
1.58597 2.86117 0.984963
1.53579 2.88841 1.08062
1.48515 2.91477 1.08062
1.43406 2.94025 1.08062
1.38252 2.96483 1.08062
1.33057 2.98851 1.1843
1.27821 3.01127 1.1843
1.22546 3.03312 1.1843
1.17234 3.05405 1.1843
1.11886 3.07404 1.29209
1.06504 3.0931 1.29209
1.0109 3.11122 1.29209
0.956443 3.12839 1.29209
0.9017 3.1446 1.40004
0.846682 3.15986 1.40004
0.791406 3.17415 1.40004
0.735888 3.18748 1.5044
0.680147 3.19984 1.5044
0.624199 3.21122 1.5044
0.56806 3.22163 1.5044
0.511748 3.23105 1.60182
0.455281 3.23949 1.60182
0.398674 3.24694 1.60182
0.341947 3.25341 1.60182
0.285115 3.25888 1.68958
0.228196 3.26336 1.68958
0.171208 3.26684 1.68958
0.114168 3.26933 1.68958
0.0570925 3.27083 1.76565
2.00311e-16 3.27133 1.76565
-0.0570925 3.27083 1.76565
-0.114168 3.26933 1.82874
-0.171208 3.26684 1.82874
-0.228196 3.26336 1.82874
-0.285115 3.25888 1.82874
-0.341947 3.25341 1.87829
-0.398674 3.24694 1.87829
-0.455281 3.23949 1.87829
-0.511748 3.23105 1.87829
-0.56806 3.22163 1.91432
-0.624199 3.21122 1.91432
-0.680147 3.19984 1.91432
-0.735888 3.18748 1.91432
-0.791406 3.17415 1.93725
-0.846682 3.15986 1.93725
-0.9017 3.1446 1.93725
-0.956443 3.12839 1.94767
-1.0109 3.11122 1.94767
-1.06504 3.0931 1.94767
-1.11886 3.07404 1.94767
-1.17234 3.05405 1.94619
-1.22546 3.03312 1.94619
-1.27821 3.01127 1.94619
-1.33057 2.98851 1.94619
-1.38252 2.96483 1.93328
-1.43406 2.94025 1.93328
-1.48515 2.91477 1.93328
-1.53579 2.88841 1.93328
-1.58597 2.86117 1.90917
-1.63566 2.83305 1.90917
-1.68486 2.80407 1.90917
-1.73354 2.77424 1.87394
-1.78169 2.74357 1.87394
-1.8293 2.71205 1.87394
-1.87636 2.67971 1.87394
-1.92284 2.64656 1.82757
-1.96873 2.6126 1.82757
-2.01403 2.57784 1.82757
-2.05871 2.5423 1.82757
-2.10277 2.50598 1.77018
-2.14618 2.4689 1.77018
-2.18894 2.43107 1.77018
-2.23104 2.3925 1.77018
-2.27245 2.3532 1.7022
-2.31318 2.31318 1.7022
-2.3532 2.27245 1.7022
-2.3925 2.23104 1.6245
-2.43107 2.18894 1.6245
-2.4689 2.14618 1.6245
-2.50598 2.10277 1.6245
-2.5423 2.05871 1.53853
-2.57784 2.01403 1.53853
-2.6126 1.96873 1.53853
-2.64656 1.92284 1.53853
-2.67971 1.87636 1.44636
-2.71205 1.8293 1.44636
-2.74357 1.78169 1.44636
-2.77424 1.73354 1.44636
-2.80407 1.68486 1.35063
-2.83305 1.63566 1.35063
-2.86117 1.58597 1.35063
-2.88841 1.53579 1.25448
-2.91477 1.48515 1.25448
-2.94025 1.43406 1.25448
-2.96483 1.38252 1.25448
-2.98851 1.33057 1.16141
-3.01127 1.27821 1.16141
-3.03312 1.22546 1.16141
-3.05405 1.17234 1.16141
-3.07404 1.11886 1.07504
-3.0931 1.06504 1.07504
-3.11122 1.0109 1.07504
-3.12839 0.956443 1.07504
-3.1446 0.9017 0.998979
-3.15986 0.846682 0.998979
-3.17415 0.791406 0.998979
-3.18748 0.735888 0.93655
-3.19984 0.680147 0.93655
-3.21122 0.624199 0.93655
-3.22163 0.56806 0.93655
-3.23105 0.511748 0.890592
-3.23949 0.455281 0.890592
-3.24694 0.398674 0.890592
-3.25341 0.341947 0.890592
-3.25888 0.285115 0.863258
-3.26336 0.228196 0.863258
-3.26684 0.171208 0.863258
-3.26933 0.114168 0.863258
-3.27083 0.0570925 0.855861
-3.27133 4.00622e-16 0.855861
-3.27083 -0.0570925 0.855861
-3.26933 -0.114168 0.868768
-3.26684 -0.171208 0.868768
-3.26336 -0.228196 0.868768
-3.25888 -0.285115 0.868768
-3.25341 -0.341947 0.901373
-3.24694 -0.398674 0.901373
-3.23949 -0.455281 0.901373
-3.23105 -0.511748 0.901373
-3.22163 -0.56806 0.952139
-3.21122 -0.624199 0.952139
-3.19984 -0.680147 0.952139
-3.18748 -0.735888 0.952139
-3.17415 -0.791406 1.01871
-3.15986 -0.846682 1.01871
-3.1446 -0.9017 1.01871
-3.12839 -0.956443 1.09807
-3.11122 -1.0109 1.09807
-3.0931 -1.06504 1.09807
-3.07404 -1.11886 1.09807
-3.05405 -1.17234 1.18676
-3.03312 -1.22546 1.18676
-3.01127 -1.27821 1.18676
-2.98851 -1.33057 1.18676
-2.96483 -1.38252 1.2811
-2.94025 -1.43406 1.2811
-2.91477 -1.48515 1.2811
-2.88841 -1.53579 1.2811
-2.86117 -1.58597 1.37739
-2.83305 -1.63566 1.37739
-2.80407 -1.68486 1.37739
-2.77424 -1.73354 1.47213
-2.74357 -1.78169 1.47213
-2.71205 -1.8293 1.47213
-2.67971 -1.87636 1.47213
-2.64656 -1.92284 1.56222
-2.6126 -1.96873 1.56222
-2.57784 -2.01403 1.56222
-2.5423 -2.05871 1.56222
-2.50598 -2.10277 1.64509
-2.4689 -2.14618 1.64509
-2.43107 -2.18894 1.64509
-2.3925 -2.23104 1.64509
-2.3532 -2.27245 1.71878
-2.31318 -2.31318 1.71878
-2.27245 -2.3532 1.71878
-2.23104 -2.3925 1.78197
-2.18894 -2.43107 1.78197
-2.14618 -2.4689 1.78197
-2.10277 -2.50598 1.78197
-2.05871 -2.5423 1.83395
-2.01403 -2.57784 1.83395
-1.96873 -2.6126 1.83395
-1.92284 -2.64656 1.83395
-1.87636 -2.67971 1.87443
-1.8293 -2.71205 1.87443
-1.78169 -2.74357 1.87443
-1.73354 -2.77424 1.87443
-1.68486 -2.80407 1.90345
-1.63566 -2.83305 1.90345
-1.58597 -2.86117 1.90345
-1.53579 -2.88841 1.92114
-1.48515 -2.91477 1.92114
-1.43406 -2.94025 1.92114
-1.38252 -2.96483 1.92114
-1.33057 -2.98851 1.92757
-1.27821 -3.01127 1.92757
-1.22546 -3.03312 1.92757
-1.17234 -3.05405 1.92757
-1.11886 -3.07404 1.92261
-1.06504 -3.0931 1.92261
-1.0109 -3.11122 1.92261
-0.956443 -3.12839 1.92261
-0.9017 -3.1446 1.90594
-0.846682 -3.15986 1.90594
-0.791406 -3.17415 1.90594
-0.735888 -3.18748 1.87709
-0.680147 -3.19984 1.87709
-0.624199 -3.21122 1.87709
-0.56806 -3.22163 1.87709
-0.511748 -3.23105 1.83561
-0.455281 -3.23949 1.83561
-0.398674 -3.24694 1.83561
-0.341947 -3.25341 1.83561
-0.285115 -3.25888 1.78126
-0.228196 -3.26336 1.78126
-0.171208 -3.26684 1.78126
-0.114168 -3.26933 1.78126
-0.0570925 -3.27083 1.7142
-6.00933e-16 -3.27133 1.7142
0.0570925 -3.27083 1.7142
0.114168 -3.26933 1.63516
0.171208 -3.26684 1.63516
0.228196 -3.26336 1.63516
0.285115 -3.25888 1.63516
0.341947 -3.25341 1.54553
0.398674 -3.24694 1.54553
0.455281 -3.23949 1.54553
0.511748 -3.23105 1.54553
0.56806 -3.22163 1.44743
0.624199 -3.21122 1.44743
0.680147 -3.19984 1.44743
0.735888 -3.18748 1.44743
0.791406 -3.17415 1.34366
0.846682 -3.15986 1.34366
0.9017 -3.1446 1.34366
0.956443 -3.12839 1.23752
1.0109 -3.11122 1.23752
1.06504 -3.0931 1.23752
1.11886 -3.07404 1.23752
1.17234 -3.05405 1.13269
1.22546 -3.03312 1.13269
1.27821 -3.01127 1.13269
1.33057 -2.98851 1.13269
1.38252 -2.96483 1.03303
1.43406 -2.94025 1.03303
1.48515 -2.91477 1.03303
1.53579 -2.88841 1.03303
1.58597 -2.86117 0.942275
1.63566 -2.83305 0.942275
1.68486 -2.80407 0.942275
1.73354 -2.77424 0.863884
1.78169 -2.74357 0.863884
1.8293 -2.71205 0.863884
1.87636 -2.67971 0.863884
1.92284 -2.64656 0.800755
1.96873 -2.6126 0.800755
2.01403 -2.57784 0.800755
2.05871 -2.5423 0.800755
2.10277 -2.50598 0.755017
2.14618 -2.4689 0.755017
2.18894 -2.43107 0.755017
2.23104 -2.3925 0.755017
2.27245 -2.3532 0.727872
2.31318 -2.31318 0.727872
2.3532 -2.27245 0.727872
2.3925 -2.23104 0.719484
2.43107 -2.18894 0.719484
2.4689 -2.14618 0.719484
2.50598 -2.10277 0.719484
2.5423 -2.05871 0.728956
2.57784 -2.01403 0.728956
2.6126 -1.96873 0.728956
2.64656 -1.92284 0.728956
2.67971 -1.87636 0.754364
2.71205 -1.8293 0.754364
2.74357 -1.78169 0.754364
2.77424 -1.73354 0.754364
2.80407 -1.68486 0.792879
2.83305 -1.63566 0.792879
2.86117 -1.58597 0.792879
2.88841 -1.53579 0.840943
2.91477 -1.48515 0.840943
2.94025 -1.43406 0.840943
2.96483 -1.38252 0.840943
2.98851 -1.33057 0.894496
3.01127 -1.27821 0.894496
3.03312 -1.22546 0.894496
3.05405 -1.17234 0.894496
3.07404 -1.11886 0.949228
3.0931 -1.06504 0.949228
3.11122 -1.0109 0.949228
3.12839 -0.956443 0.949228
3.1446 -0.9017 1.00086
3.15986 -0.846682 1.00086
3.17415 -0.791406 1.00086
3.18748 -0.735888 1.04541
3.19984 -0.680147 1.04541
3.21122 -0.624199 1.04541
3.22163 -0.56806 1.04541
3.23105 -0.511748 1.07947
3.23949 -0.455281 1.07947
3.24694 -0.398674 1.07947
3.25341 -0.341947 1.07947
3.25888 -0.285115 1.10046
3.26336 -0.228196 1.10046
3.26684 -0.171208 1.10046
3.26933 -0.114168 1.10046
3.27083 -0.0570925 1.0795

3.35112 0 1.14587
3.3506 0.058485 1.14587
3.34907 0.116952 1.13551
3.34652 0.175384 1.13551
3.34295 0.233762 1.13551
3.33836 0.292069 1.13551
3.33276 0.350287 1.10841
3.32614 0.408398 1.10841
3.3185 0.466385 1.10841
3.30986 0.52423 1.06643
3.3002 0.581915 1.06643
3.28955 0.639423 1.06643
3.27789 0.696736 1.06643
3.26523 0.753837 1.01241
3.25157 0.810708 1.01241
3.23693 0.867332 1.01241
3.2213 0.923693 0.950017
3.20469 0.979771 0.950017
3.1871 1.03555 0.950017
3.16854 1.09102 0.950017
3.14902 1.14615 0.883459
3.12854 1.20093 0.883459
3.1071 1.25535 0.883459
3.08472 1.30939 0.817282
3.0614 1.36302 0.817282
3.03714 1.41624 0.817282
3.01196 1.46903 0.817282
2.98587 1.52137 0.756083
2.95886 1.57325 0.756083
2.93095 1.62465 0.756083
2.90215 1.67556 0.704261
2.87247 1.72595 0.704261
2.84191 1.77582 0.704261
2.81048 1.82515 0.704261
2.7782 1.87392 0.66578
2.74507 1.92212 0.66578
2.71111 1.96974 0.66578
2.67632 2.01675 0.66578
2.64071 2.06315 0.643937
2.60431 2.10893 0.643937
2.5671 2.15406 0.643937
2.52912 2.19853 0.641183
2.49036 2.24233 0.641183
2.45085 2.28546 0.641183
2.41059 2.32788 0.641183
2.3696 2.3696 0.658974
2.32788 2.41059 0.658974
2.28546 2.45085 0.658974
2.24233 2.49036 0.697691
2.19853 2.52912 0.697691
2.15406 2.5671 0.697691
2.10893 2.60431 0.697691
2.06315 2.64071 0.756637
2.01675 2.67632 0.756637
1.96974 2.71111 0.756637
1.92212 2.74507 0.834095
1.87392 2.7782 0.834095
1.82515 2.81048 0.834095
1.77582 2.84191 0.834095
1.72595 2.87247 0.927463
1.67556 2.90215 0.927463
1.62465 2.93095 0.927463
1.57325 2.95886 1.03342
1.52137 2.98587 1.03342
1.46903 3.01196 1.03342
1.41624 3.03714 1.03342
1.36302 3.0614 1.14813
1.30939 3.08472 1.14813
1.25535 3.1071 1.14813
1.20093 3.12854 1.26751
1.14615 3.14902 1.26751
1.09102 3.16854 1.26751
1.03555 3.1871 1.26751
0.979771 3.20469 1.38745
0.923693 3.2213 1.38745
0.867332 3.23693 1.38745
0.810708 3.25157 1.504
0.753837 3.26523 1.504
0.696736 3.27789 1.504
0.639423 3.28955 1.504
0.581915 3.3002 1.61359
0.52423 3.30986 1.61359
0.466385 3.3185 1.61359
0.408398 3.32614 1.71327
0.350287 3.33276 1.71327
0.292069 3.33836 1.71327
0.233762 3.34295 1.71327
0.175384 3.34652 1.80078
0.116952 3.34907 1.80078
0.058485 3.3506 1.80078
2.05197e-16 3.35112 1.87467
-0.058485 3.3506 1.87467
-0.116952 3.34907 1.87467
-0.175384 3.34652 1.87467
-0.233762 3.34295 1.93425
-0.292069 3.33836 1.93425
-0.350287 3.33276 1.93425
-0.408398 3.32614 1.93425
-0.466385 3.3185 1.97957
-0.52423 3.30986 1.97957
-0.581915 3.3002 1.97957
-0.639423 3.28955 2.01114
-0.696736 3.27789 2.01114
-0.753837 3.26523 2.01114
-0.810708 3.25157 2.01114
-0.867332 3.23693 2.02982
-0.923693 3.2213 2.02982
-0.979771 3.20469 2.02982
-1.03555 3.1871 2.03651
-1.09102 3.16854 2.03651
-1.14615 3.14902 2.03651
-1.20093 3.12854 2.03651
-1.25535 3.1071 2.03195
-1.30939 3.08472 2.03195
-1.36302 3.0614 2.03195
-1.41624 3.03714 2.01665
-1.46903 3.01196 2.01665
-1.52137 2.98587 2.01665
-1.57325 2.95886 2.01665
-1.62465 2.93095 1.99073
-1.67556 2.90215 1.99073
-1.72595 2.87247 1.99073
-1.77582 2.84191 1.95405
-1.82515 2.81048 1.95405
-1.87392 2.7782 1.95405
-1.92212 2.74507 1.95405
-1.96974 2.71111 1.90629
-2.01675 2.67632 1.90629
-2.06315 2.64071 1.90629
-2.10893 2.60431 1.84722
-2.15406 2.5671 1.84722
-2.19853 2.52912 1.84722
-2.24233 2.49036 1.84722
-2.28546 2.45085 1.77686
-2.32788 2.41059 1.77686
-2.3696 2.3696 1.77686
-2.41059 2.32788 1.69567
-2.45085 2.28546 1.69567
-2.49036 2.24233 1.69567
-2.52912 2.19853 1.69567
-2.5671 2.15406 1.60473
-2.60431 2.10893 1.60473
-2.64071 2.06315 1.60473
-2.67632 2.01675 1.50573
-2.71111 1.96974 1.50573
-2.74507 1.92212 1.50573
-2.7782 1.87392 1.50573
-2.81048 1.82515 1.40104
-2.84191 1.77582 1.40104
-2.87247 1.72595 1.40104
-2.90215 1.67556 1.29358
-2.93095 1.62465 1.29358
-2.95886 1.57325 1.29358
-2.98587 1.52137 1.29358
-3.01196 1.46903 1.18676
-3.03714 1.41624 1.18676
-3.0614 1.36302 1.18676
-3.08472 1.30939 1.18676
-3.1071 1.25535 1.08423
-3.12854 1.20093 1.08423
-3.14902 1.14615 1.08423
-3.16854 1.09102 0.989795
-3.1871 1.03555 0.989795
-3.20469 0.979771 0.989795
-3.2213 0.923693 0.989795
-3.23693 0.867332 0.907131
-3.25157 0.810708 0.907131
-3.26523 0.753837 0.907131
-3.27789 0.696736 0.839622
-3.28955 0.639423 0.839622
-3.3002 0.581915 0.839622
-3.30986 0.52423 0.839622
-3.3185 0.466385 0.790137
-3.32614 0.408398 0.790137
-3.33276 0.350287 0.790137
-3.33836 0.292069 0.760846
-3.34295 0.233762 0.760846
-3.34652 0.175384 0.760846
-3.34907 0.116952 0.760846
-3.3506 0.058485 0.753066
-3.35112 4.10393e-16 0.753066
-3.3506 -0.058485 0.753066
-3.34907 -0.116952 0.767167
-3.34652 -0.175384 0.767167
-3.34295 -0.233762 0.767167
-3.33836 -0.292069 0.767167
-3.33276 -0.350287 0.802535
-3.32614 -0.408398 0.802535
-3.3185 -0.466385 0.802535
-3.30986 -0.52423 0.857625
-3.3002 -0.581915 0.857625
-3.28955 -0.639423 0.857625
-3.27789 -0.696736 0.857625
-3.26523 -0.753837 0.930056
-3.25157 -0.810708 0.930056
-3.23693 -0.867332 0.930056
-3.2213 -0.923693 1.01678
-3.20469 -0.979771 1.01678
-3.1871 -1.03555 1.01678
-3.16854 -1.09102 1.01678
-3.14902 -1.14615 1.11428
-3.12854 -1.20093 1.11428
-3.1071 -1.25535 1.11428
-3.08472 -1.30939 1.21876
-3.0614 -1.36302 1.21876
-3.03714 -1.41624 1.21876
-3.01196 -1.46903 1.21876
-2.98587 -1.52137 1.32637
-2.95886 -1.57325 1.32637
-2.93095 -1.62465 1.32637
-2.90215 -1.67556 1.32637
-2.87247 -1.72595 1.43341
-2.84191 -1.77582 1.43341
-2.81048 -1.82515 1.43341
-2.7782 -1.87392 1.53651
-2.74507 -1.92212 1.53651
-2.71111 -1.96974 1.53651
-2.67632 -2.01675 1.53651
-2.64071 -2.06315 1.63278
-2.60431 -2.10893 1.63278
-2.5671 -2.15406 1.63278
-2.52912 -2.19853 1.71998
-2.49036 -2.24233 1.71998
-2.45085 -2.28546 1.71998
-2.41059 -2.32788 1.71998
-2.3696 -2.3696 1.79652
-2.32788 -2.41059 1.79652
-2.28546 -2.45085 1.79652
-2.24233 -2.49036 1.86149
-2.19853 -2.52912 1.86149
-2.15406 -2.5671 1.86149
-2.10893 -2.60431 1.86149
-2.06315 -2.64071 1.91458
-2.01675 -2.67632 1.91458
-1.96974 -2.71111 1.91458
-1.92212 -2.74507 1.95591
-1.87392 -2.7782 1.95591
-1.82515 -2.81048 1.95591
-1.77582 -2.84191 1.95591
-1.72595 -2.87247 1.98586
-1.67556 -2.90215 1.98586
-1.62465 -2.93095 1.98586
-1.57325 -2.95886 2.00486
-1.52137 -2.98587 2.00486
-1.46903 -3.01196 2.00486
-1.41624 -3.03714 2.00486
-1.36302 -3.0614 2.01318
-1.30939 -3.08472 2.01318
-1.25535 -3.1071 2.01318
-1.20093 -3.12854 2.01077
-1.14615 -3.14902 2.01077
-1.09102 -3.16854 2.01077
-1.03555 -3.1871 2.01077
-0.979771 -3.20469 1.99725
-0.923693 -3.2213 1.99725
-0.867332 -3.23693 1.99725
-0.810708 -3.25157 1.97199
-0.753837 -3.26523 1.97199
-0.696736 -3.27789 1.97199
-0.639423 -3.28955 1.97199
-0.581915 -3.3002 1.93424
-0.52423 -3.30986 1.93424
-0.466385 -3.3185 1.93424
-0.408398 -3.32614 1.88333
-0.350287 -3.33276 1.88333
-0.292069 -3.33836 1.88333
-0.233762 -3.34295 1.88333
-0.175384 -3.34652 1.81889
-0.116952 -3.34907 1.81889
-0.058485 -3.3506 1.81889
-6.1559e-16 -3.35112 1.81889
0.058485 -3.3506 1.74108
0.116952 -3.34907 1.74108
0.175384 -3.34652 1.74108
0.233762 -3.34295 1.65074
0.292069 -3.33836 1.65074
0.350287 -3.33276 1.65074
0.408398 -3.32614 1.65074
0.466385 -3.3185 1.54946
0.52423 -3.30986 1.54946
0.581915 -3.3002 1.54946
0.639423 -3.28955 1.43956
0.696736 -3.27789 1.43956
0.753837 -3.26523 1.43956
0.810708 -3.25157 1.43956
0.867332 -3.23693 1.32404
0.923693 -3.2213 1.32404
0.979771 -3.20469 1.32404
1.03555 -3.1871 1.20642
1.09102 -3.16854 1.20642
1.14615 -3.14902 1.20642
1.20093 -3.12854 1.20642
1.25535 -3.1071 1.09056
1.30939 -3.08472 1.09056
1.36302 -3.0614 1.09056
1.41624 -3.03714 0.980479
1.46903 -3.01196 0.980479
1.52137 -2.98587 0.980479
1.57325 -2.95886 0.980479
1.62465 -2.93095 0.880084
1.67556 -2.90215 0.880084
1.72595 -2.87247 0.880084
1.77582 -2.84191 0.793004
1.82515 -2.81048 0.793004
1.87392 -2.7782 0.793004
1.92212 -2.74507 0.793004
1.96974 -2.71111 0.722343
2.01675 -2.67632 0.722343
2.06315 -2.64071 0.722343
2.10893 -2.60431 0.670459
2.15406 -2.5671 0.670459
2.19853 -2.52912 0.670459
2.24233 -2.49036 0.670459
2.28546 -2.45085 0.638813
2.32788 -2.41059 0.638813
2.3696 -2.3696 0.638813
2.41059 -2.32788 0.627843
2.45085 -2.28546 0.627843
2.49036 -2.24233 0.627843
2.52912 -2.19853 0.627843
2.5671 -2.15406 0.636923
2.60431 -2.10893 0.636923
2.64071 -2.06315 0.636923
2.67632 -2.01675 0.664376
2.71111 -1.96974 0.664376
2.74507 -1.92212 0.664376
2.7782 -1.87392 0.664376
2.81048 -1.82515 0.707571
2.84191 -1.77582 0.707571
2.87247 -1.72595 0.707571
2.90215 -1.67556 0.707571
2.93095 -1.62465 0.763072
2.95886 -1.57325 0.763072
2.98587 -1.52137 0.763072
3.01196 -1.46903 0.82683
3.03714 -1.41624 0.82683
3.0614 -1.36302 0.82683
3.08472 -1.30939 0.82683
3.1071 -1.25535 0.894411
3.12854 -1.20093 0.894411
3.14902 -1.14615 0.894411
3.16854 -1.09102 0.961238
3.1871 -1.03555 0.961238
3.20469 -0.979771 0.961238
3.2213 -0.923693 0.961238
3.23693 -0.867332 1.02285
3.25157 -0.810708 1.02285
3.26523 -0.753837 1.02285
3.27789 -0.696736 1.07515
3.28955 -0.639423 1.07515
3.3002 -0.581915 1.07515
3.30986 -0.52423 1.07515
3.3185 -0.466385 1.11467
3.32614 -0.408398 1.11467
3.33276 -0.350287 1.11467
3.33836 -0.292069 1.13877
3.34295 -0.233762 1.13877
3.34652 -0.175384 1.13877
3.34907 -0.116952 1.13877
3.3506 -0.058485 1.10679

3.4309 0 1.14587
3.43038 0.0598775 1.14587
3.42881 0.119737 1.13551
3.4262 0.17956 1.13551
3.42255 0.239328 1.13551
3.41785 0.299023 1.13551
3.41211 0.358627 1.10841
3.40533 0.418122 1.10841
3.39751 0.477489 1.10841
3.38866 0.536712 1.06643
3.37878 0.59577 1.06643
3.36787 0.654647 1.06643
3.35593 0.713325 1.06643
3.34297 0.771785 1.01241
3.32899 0.830011 1.01241
3.314 0.887983 1.01241
3.298 0.945685 0.950017
3.28099 1.0031 0.950017
3.26298 1.06021 0.950017
3.24398 1.11699 0.950017
3.22399 1.17344 0.883459
3.20302 1.22953 0.883459
3.18108 1.28524 0.883459
3.15816 1.34056 0.817282
3.13429 1.39547 0.817282
3.10945 1.44996 0.817282
3.08368 1.50401 0.817282
3.05696 1.5576 0.756083
3.02931 1.61071 0.756083
3.00074 1.66334 0.756083
2.97125 1.71545 0.704261
2.94086 1.76705 0.704261
2.90957 1.8181 0.704261
2.8774 1.8686 0.704261
2.84435 1.91854 0.66578
2.81043 1.96789 0.66578
2.77566 2.01663 0.66578
2.74004 2.06477 0.66578
2.70359 2.11228 0.643937
2.66631 2.15914 0.643937
2.62822 2.20534 0.643937
2.58934 2.25088 0.641183
2.54966 2.29572 0.641183
2.5092 2.33987 0.641183
2.46799 2.38331 0.641183
2.42602 2.42602 0.658974
2.38331 2.46799 0.658974
2.33987 2.5092 0.658974
2.29572 2.54966 0.697691
2.25088 2.58934 0.697691
2.20534 2.62822 0.697691
2.15914 2.66631 0.697691
2.11228 2.70359 0.756637
2.06477 2.74004 0.756637
2.01663 2.77566 0.756637
1.96789 2.81043 0.834095
1.91854 2.84435 0.834095
1.8686 2.8774 0.834095
1.8181 2.90957 0.834095
1.76705 2.94086 0.927463
1.71545 2.97125 0.927463
1.66334 3.00074 0.927463
1.61071 3.02931 1.03342
1.5576 3.05696 1.03342
1.50401 3.08368 1.03342
1.44996 3.10945 1.03342
1.39547 3.13429 1.14813
1.34056 3.15816 1.14813
1.28524 3.18108 1.14813
1.22953 3.20302 1.26751
1.17344 3.22399 1.26751
1.11699 3.24398 1.26751
1.06021 3.26298 1.26751
1.0031 3.28099 1.38745
0.945685 3.298 1.38745
0.887983 3.314 1.38745
0.830011 3.32899 1.504
0.771785 3.34297 1.504
0.713325 3.35593 1.504
0.654647 3.36787 1.504
0.59577 3.37878 1.61359
0.536712 3.38866 1.61359
0.477489 3.39751 1.61359
0.418122 3.40533 1.71327
0.358627 3.41211 1.71327
0.299023 3.41785 1.71327
0.239328 3.42255 1.71327
0.17956 3.4262 1.80078
0.119737 3.42881 1.80078
0.0598775 3.43038 1.80078
2.10082e-16 3.4309 1.87467
-0.0598775 3.43038 1.87467
-0.119737 3.42881 1.87467
-0.17956 3.4262 1.87467
-0.239328 3.42255 1.93425
-0.299023 3.41785 1.93425
-0.358627 3.41211 1.93425
-0.418122 3.40533 1.93425
-0.477489 3.39751 1.97957
-0.536712 3.38866 1.97957
-0.59577 3.37878 1.97957
-0.654647 3.36787 2.01114
-0.713325 3.35593 2.01114
-0.771785 3.34297 2.01114
-0.830011 3.32899 2.01114
-0.887983 3.314 2.02982
-0.945685 3.298 2.02982
-1.0031 3.28099 2.02982
-1.06021 3.26298 2.03651
-1.11699 3.24398 2.03651
-1.17344 3.22399 2.03651
-1.22953 3.20302 2.03651
-1.28524 3.18108 2.03195
-1.34056 3.15816 2.03195
-1.39547 3.13429 2.03195
-1.44996 3.10945 2.01665
-1.50401 3.08368 2.01665
-1.5576 3.05696 2.01665
-1.61071 3.02931 2.01665
-1.66334 3.00074 1.99073
-1.71545 2.97125 1.99073
-1.76705 2.94086 1.99073
-1.8181 2.90957 1.95405
-1.8686 2.8774 1.95405
-1.91854 2.84435 1.95405
-1.96789 2.81043 1.95405
-2.01663 2.77566 1.90629
-2.06477 2.74004 1.90629
-2.11228 2.70359 1.90629
-2.15914 2.66631 1.84722
-2.20534 2.62822 1.84722
-2.25088 2.58934 1.84722
-2.29572 2.54966 1.84722
-2.33987 2.5092 1.77686
-2.38331 2.46799 1.77686
-2.42602 2.42602 1.77686
-2.46799 2.38331 1.69567
-2.5092 2.33987 1.69567
-2.54966 2.29572 1.69567
-2.58934 2.25088 1.69567
-2.62822 2.20534 1.60473
-2.66631 2.15914 1.60473
-2.70359 2.11228 1.60473
-2.74004 2.06477 1.50573
-2.77566 2.01663 1.50573
-2.81043 1.96789 1.50573
-2.84435 1.91854 1.50573
-2.8774 1.8686 1.40104
-2.90957 1.8181 1.40104
-2.94086 1.76705 1.40104
-2.97125 1.71545 1.29358
-3.00074 1.66334 1.29358
-3.02931 1.61071 1.29358
-3.05696 1.5576 1.29358
-3.08368 1.50401 1.18676
-3.10945 1.44996 1.18676
-3.13429 1.39547 1.18676
-3.15816 1.34056 1.18676
-3.18108 1.28524 1.08423
-3.20302 1.22953 1.08423
-3.22399 1.17344 1.08423
-3.24398 1.11699 0.989795
-3.26298 1.06021 0.989795
-3.28099 1.0031 0.989795
-3.298 0.945685 0.989795
-3.314 0.887983 0.907131
-3.32899 0.830011 0.907131
-3.34297 0.771785 0.907131
-3.35593 0.713325 0.839622
-3.36787 0.654647 0.839622
-3.37878 0.59577 0.839622
-3.38866 0.536712 0.839622
-3.39751 0.477489 0.790137
-3.40533 0.418122 0.790137
-3.41211 0.358627 0.790137
-3.41785 0.299023 0.760846
-3.42255 0.239328 0.760846
-3.4262 0.17956 0.760846
-3.42881 0.119737 0.760846
-3.43038 0.0598775 0.753066
-3.4309 4.20165e-16 0.753066
-3.43038 -0.0598775 0.753066
-3.42881 -0.119737 0.767167
-3.4262 -0.17956 0.767167
-3.42255 -0.239328 0.767167
-3.41785 -0.299023 0.767167
-3.41211 -0.358627 0.802535
-3.40533 -0.418122 0.802535
-3.39751 -0.477489 0.802535
-3.38866 -0.536712 0.857625
-3.37878 -0.59577 0.857625
-3.36787 -0.654647 0.857625
-3.35593 -0.713325 0.857625
-3.34297 -0.771785 0.930056
-3.32899 -0.830011 0.930056
-3.314 -0.887983 0.930056
-3.298 -0.945685 1.01678
-3.28099 -1.0031 1.01678
-3.26298 -1.06021 1.01678
-3.24398 -1.11699 1.01678
-3.22399 -1.17344 1.11428
-3.20302 -1.22953 1.11428
-3.18108 -1.28524 1.11428
-3.15816 -1.34056 1.21876
-3.13429 -1.39547 1.21876
-3.10945 -1.44996 1.21876
-3.08368 -1.50401 1.21876
-3.05696 -1.5576 1.32637
-3.02931 -1.61071 1.32637
-3.00074 -1.66334 1.32637
-2.97125 -1.71545 1.32637
-2.94086 -1.76705 1.43341
-2.90957 -1.8181 1.43341
-2.8774 -1.8686 1.43341
-2.84435 -1.91854 1.53651
-2.81043 -1.96789 1.53651
-2.77566 -2.01663 1.53651
-2.74004 -2.06477 1.53651
-2.70359 -2.11228 1.63278
-2.66631 -2.15914 1.63278
-2.62822 -2.20534 1.63278
-2.58934 -2.25088 1.71998
-2.54966 -2.29572 1.71998
-2.5092 -2.33987 1.71998
-2.46799 -2.38331 1.71998
-2.42602 -2.42602 1.79652
-2.38331 -2.46799 1.79652
-2.33987 -2.5092 1.79652
-2.29572 -2.54966 1.86149
-2.25088 -2.58934 1.86149
-2.20534 -2.62822 1.86149
-2.15914 -2.66631 1.86149
-2.11228 -2.70359 1.91458
-2.06477 -2.74004 1.91458
-2.01663 -2.77566 1.91458
-1.96789 -2.81043 1.95591
-1.91854 -2.84435 1.95591
-1.8686 -2.8774 1.95591
-1.8181 -2.90957 1.95591
-1.76705 -2.94086 1.98586
-1.71545 -2.97125 1.98586
-1.66334 -3.00074 1.98586
-1.61071 -3.02931 2.00486
-1.5576 -3.05696 2.00486
-1.50401 -3.08368 2.00486
-1.44996 -3.10945 2.00486
-1.39547 -3.13429 2.01318
-1.34056 -3.15816 2.01318
-1.28524 -3.18108 2.01318
-1.22953 -3.20302 2.01077
-1.17344 -3.22399 2.01077
-1.11699 -3.24398 2.01077
-1.06021 -3.26298 2.01077
-1.0031 -3.28099 1.99725
-0.945685 -3.298 1.99725
-0.887983 -3.314 1.99725
-0.830011 -3.32899 1.97199
-0.771785 -3.34297 1.97199
-0.713325 -3.35593 1.97199
-0.654647 -3.36787 1.97199
-0.59577 -3.37878 1.93424
-0.536712 -3.38866 1.93424
-0.477489 -3.39751 1.93424
-0.418122 -3.40533 1.88333
-0.358627 -3.41211 1.88333
-0.299023 -3.41785 1.88333
-0.239328 -3.42255 1.88333
-0.17956 -3.4262 1.81889
-0.119737 -3.42881 1.81889
-0.0598775 -3.43038 1.81889
-6.30247e-16 -3.4309 1.81889
0.0598775 -3.43038 1.74108
0.119737 -3.42881 1.74108
0.17956 -3.4262 1.74108
0.239328 -3.42255 1.65074
0.299023 -3.41785 1.65074
0.358627 -3.41211 1.65074
0.418122 -3.40533 1.65074
0.477489 -3.39751 1.54946
0.536712 -3.38866 1.54946
0.59577 -3.37878 1.54946
0.654647 -3.36787 1.43956
0.713325 -3.35593 1.43956
0.771785 -3.34297 1.43956
0.830011 -3.32899 1.43956
0.887983 -3.314 1.32404
0.945685 -3.298 1.32404
1.0031 -3.28099 1.32404
1.06021 -3.26298 1.20642
1.11699 -3.24398 1.20642
1.17344 -3.22399 1.20642
1.22953 -3.20302 1.20642
1.28524 -3.18108 1.09056
1.34056 -3.15816 1.09056
1.39547 -3.13429 1.09056
1.44996 -3.10945 0.980479
1.50401 -3.08368 0.980479
1.5576 -3.05696 0.980479
1.61071 -3.02931 0.980479
1.66334 -3.00074 0.880084
1.71545 -2.97125 0.880084
1.76705 -2.94086 0.880084
1.8181 -2.90957 0.793004
1.8686 -2.8774 0.793004
1.91854 -2.84435 0.793004
1.96789 -2.81043 0.793004
2.01663 -2.77566 0.722343
2.06477 -2.74004 0.722343
2.11228 -2.70359 0.722343
2.15914 -2.66631 0.670459
2.20534 -2.62822 0.670459
2.25088 -2.58934 0.670459
2.29572 -2.54966 0.670459
2.33987 -2.5092 0.638813
2.38331 -2.46799 0.638813
2.42602 -2.42602 0.638813
2.46799 -2.38331 0.627843
2.5092 -2.33987 0.627843
2.54966 -2.29572 0.627843
2.58934 -2.25088 0.627843
2.62822 -2.20534 0.636923
2.66631 -2.15914 0.636923
2.70359 -2.11228 0.636923
2.74004 -2.06477 0.664376
2.77566 -2.01663 0.664376
2.81043 -1.96789 0.664376
2.84435 -1.91854 0.664376
2.8774 -1.8686 0.707571
2.90957 -1.8181 0.707571
2.94086 -1.76705 0.707571
2.97125 -1.71545 0.707571
3.00074 -1.66334 0.763072
3.02931 -1.61071 0.763072
3.05696 -1.5576 0.763072
3.08368 -1.50401 0.82683
3.10945 -1.44996 0.82683
3.13429 -1.39547 0.82683
3.15816 -1.34056 0.82683
3.18108 -1.28524 0.894411
3.20302 -1.22953 0.894411
3.22399 -1.17344 0.894411
3.24398 -1.11699 0.961238
3.26298 -1.06021 0.961238
3.28099 -1.0031 0.961238
3.298 -0.945685 0.961238
3.314 -0.887983 1.02285
3.32899 -0.830011 1.02285
3.34297 -0.771785 1.02285
3.35593 -0.713325 1.07515
3.36787 -0.654647 1.07515
3.37878 -0.59577 1.07515
3.38866 -0.536712 1.07515
3.39751 -0.477489 1.11467
3.40533 -0.418122 1.11467
3.41211 -0.358627 1.11467
3.41785 -0.299023 1.13877
3.42255 -0.239328 1.13877
3.4262 -0.17956 1.13877
3.42881 -0.119737 1.13877
3.43038 -0.0598775 1.10679

3.51069 0 1.19826
3.51016 0.06127 1.19826
3.50855 0.122521 1.18621
3.50588 0.183735 1.18621
3.50214 0.244893 1.18621
3.49733 0.305977 1.15495
3.49146 0.366967 1.15495
3.48452 0.427846 1.15495
3.47653 0.488594 1.15495
3.46747 0.549193 1.10639
3.45736 0.609625 1.10639
3.44619 0.669872 1.10639
3.43398 0.729914 1.04342
3.42071 0.789734 1.04342
3.40641 0.849313 1.04342
3.39107 0.908634 0.969793
3.37469 0.967678 0.969793
3.35729 1.02643 0.969793
3.33887 1.08486 0.969793
3.31942 1.14297 0.889853
3.29897 1.20073 0.889853
3.27751 1.25812 0.889853
3.25506 1.31513 0.808317
3.23161 1.37174 0.808317
3.20718 1.42793 0.808317
3.18177 1.48368 0.73003
3.15539 1.53899 0.73003
3.12805 1.59382 0.73003
3.09976 1.64817 0.73003
3.07052 1.70202 0.659732
3.04035 1.75535 0.659732
3.00925 1.80814 0.659732
2.97724 1.86038 0.601837
2.94431 1.91206 0.601837
2.9105 1.96315 0.601837
2.87579 2.01365 0.560209
2.84021 2.06353 0.560209
2.80376 2.11279 0.560209
2.76646 2.1614 0.560209
2.72832 2.20935 0.537973
2.68935 2.25663 0.537973
2.64955 2.30322 0.537973
2.60895 2.34911 0.53734
2.56756 2.39429 0.53734
2.52538 2.43873 0.53734
2.48243 2.48243 0.559489
2.43873 2.52538 0.559489
2.39429 2.56756 0.559489
2.34911 2.60895 0.559489
2.30322 2.64955 0.604512
2.25663 2.68935 0.604512
2.20935 2.72832 0.604512
2.1614 2.76646 0.671417
2.11279 2.80376 0.671417
2.06353 2.84021 0.671417
2.01365 2.87579 0.758218
1.96315 2.9105 0.758218
1.91206 2.94431 0.758218
1.86038 2.97724 0.758218
1.80814 3.00925 0.862068
1.75535 3.04035 0.862068
1.70202 3.07052 0.862068
1.64817 3.09976 0.979429
1.59382 3.12805 0.979429
1.53899 3.15539 0.979429
1.48368 3.18177 1.10629
1.42793 3.20718 1.10629
1.37174 3.23161 1.10629
1.31513 3.25506 1.10629
1.25812 3.27751 1.23838
1.20073 3.29897 1.23838
1.14297 3.31942 1.23838
1.08486 3.33887 1.37141
1.02643 3.35729 1.37141
0.967678 3.37469 1.37141
0.908634 3.39107 1.5012
0.849313 3.40641 1.5012
0.789734 3.42071 1.5012
0.729914 3.43398 1.5012
0.669872 3.44619 1.62399
0.609625 3.45736 1.62399
0.549193 3.46747 1.62399
0.488594 3.47653 1.73652
0.427846 3.48452 1.73652
0.366967 3.49146 1.73652
0.305977 3.49733 1.83629
0.244893 3.50214 1.83629
0.183735 3.50588 1.83629
0.122521 3.50855 1.83629
0.06127 3.51016 1.92161
2.14968e-16 3.51069 1.92161
-0.06127 3.51016 1.92161
-0.122521 3.50855 1.99163
-0.183735 3.50588 1.99163
-0.244893 3.50214 1.99163
-0.305977 3.49733 2.04632
-0.366967 3.49146 2.04632
-0.427846 3.48452 2.04632
-0.488594 3.47653 2.04632
-0.549193 3.46747 2.0863
-0.609625 3.45736 2.0863
-0.669872 3.44619 2.0863
-0.729914 3.43398 2.11264
-0.789734 3.42071 2.11264
-0.849313 3.40641 2.11264
-0.908634 3.39107 2.1266
-0.967678 3.37469 2.1266
-1.02643 3.35729 2.1266
-1.08486 3.33887 2.1266
-1.14297 3.31942 2.12936
-1.20073 3.29897 2.12936
-1.25812 3.27751 2.12936
-1.31513 3.25506 2.1218
-1.37174 3.23161 2.1218
-1.42793 3.20718 2.1218
-1.48368 3.18177 2.1044
-1.53899 3.15539 2.1044
-1.59382 3.12805 2.1044
-1.64817 3.09976 2.1044
-1.70202 3.07052 2.07716
-1.75535 3.04035 2.07716
-1.80814 3.00925 2.07716
-1.86038 2.97724 2.03968
-1.91206 2.94431 2.03968
-1.96315 2.9105 2.03968
-2.01365 2.87579 1.9913
-2.06353 2.84021 1.9913
-2.11279 2.80376 1.9913
-2.1614 2.76646 1.9913
-2.20935 2.72832 1.93139
-2.25663 2.68935 1.93139
-2.30322 2.64955 1.93139
-2.34911 2.60895 1.85956
-2.39429 2.56756 1.85956
-2.43873 2.52538 1.85956
-2.48243 2.48243 1.77584
-2.52538 2.43873 1.77584
-2.56756 2.39429 1.77584
-2.60895 2.34911 1.77584
-2.64955 2.30322 1.68089
-2.68935 2.25663 1.68089
-2.72832 2.20935 1.68089
-2.76646 2.1614 1.57604
-2.80376 2.11279 1.57604
-2.84021 2.06353 1.57604
-2.87579 2.01365 1.46334
-2.9105 1.96315 1.46334
-2.94431 1.91206 1.46334
-2.97724 1.86038 1.46334
-3.00925 1.80814 1.34547
-3.04035 1.75535 1.34547
-3.07052 1.70202 1.34547
-3.09976 1.64817 1.22568
-3.12805 1.59382 1.22568
-3.15539 1.53899 1.22568
-3.18177 1.48368 1.10761
-3.20718 1.42793 1.10761
-3.23161 1.37174 1.10761
-3.25506 1.31513 1.10761
-3.27751 1.25812 0.995127
-3.29897 1.20073 0.995127
-3.31942 1.14297 0.995127
-3.33887 1.08486 0.892152
-3.35729 1.02643 0.892152
-3.37469 0.967678 0.892152
-3.39107 0.908634 0.802476
-3.40641 0.849313 0.802476
-3.42071 0.789734 0.802476
-3.43398 0.729914 0.802476
-3.44619 0.669872 0.729549
-3.45736 0.609625 0.729549
-3.46747 0.549193 0.729549
-3.47653 0.488594 0.676287
-3.48452 0.427846 0.676287
-3.49146 0.366967 0.676287
-3.49733 0.305977 0.644893
-3.50214 0.244893 0.644893
-3.50588 0.183735 0.644893
-3.50855 0.122521 0.644893
-3.51016 0.06127 0.6367
-3.51069 4.29936e-16 0.6367
-3.51016 -0.06127 0.6367
-3.50855 -0.122521 0.652079
-3.50588 -0.183735 0.652079
-3.50214 -0.244893 0.652079
-3.49733 -0.305977 0.652079
-3.49146 -0.366967 0.690409
-3.48452 -0.427846 0.690409
-3.47653 -0.488594 0.690409
-3.46747 -0.549193 0.750121
-3.45736 -0.609625 0.750121
-3.44619 -0.669872 0.750121
-3.43398 -0.729914 0.828799
-3.42071 -0.789734 0.828799
-3.40641 -0.849313 0.828799
-3.39107 -0.908634 0.828799
-3.37469 -0.967678 0.923345
-3.35729 -1.02643 0.923345
-3.33887 -1.08486 0.923345
-3.31942 -1.14297 1.03016
-3.29897 -1.20073 1.03016
-3.27751 -1.25812 1.03016
-3.25506 -1.31513 1.14534
-3.23161 -1.37174 1.14534
-3.20718 -1.42793 1.14534
-3.18177 -1.48368 1.14534
-3.15539 -1.53899 1.26489
-3.12805 -1.59382 1.26489
-3.09976 -1.64817 1.26489
-3.07052 -1.70202 1.38489
-3.04035 -1.75535 1.38489
-3.00925 -1.80814 1.38489
-2.97724 -1.86038 1.50171
-2.94431 -1.91206 1.50171
-2.9105 -1.96315 1.50171
-2.87579 -2.01365 1.50171
-2.84021 -2.06353 1.61214
-2.80376 -2.11279 1.61214
-2.76646 -2.1614 1.61214
-2.72832 -2.20935 1.71358
-2.68935 -2.25663 1.71358
-2.64955 -2.30322 1.71358
-2.60895 -2.34911 1.80409
-2.56756 -2.39429 1.80409
-2.52538 -2.43873 1.80409
-2.48243 -2.48243 1.80409
-2.43873 -2.52538 1.88249
-2.39429 -2.56756 1.88249
-2.34911 -2.60895 1.88249
-2.30322 -2.64955 1.94828
-2.25663 -2.68935 1.94828
-2.20935 -2.72832 1.94828
-2.1614 -2.76646 2.00161
-2.11279 -2.80376 2.00161
-2.06353 -2.84021 2.00161
-2.01365 -2.87579 2.00161
-1.96315 -2.9105 2.04301
-1.91206 -2.94431 2.04301
-1.86038 -2.97724 2.04301
-1.80814 -3.00925 2.07325
-1.75535 -3.04035 2.07325
-1.70202 -3.07052 2.07325
-1.64817 -3.09976 2.09309
-1.59382 -3.12805 2.09309
-1.53899 -3.15539 2.09309
-1.48368 -3.18177 2.09309
-1.42793 -3.20718 2.10302
-1.37174 -3.23161 2.10302
-1.31513 -3.25506 2.10302
-1.25812 -3.27751 2.10311
-1.20073 -3.29897 2.10311
-1.14297 -3.31942 2.10311
-1.08486 -3.33887 2.09297
-1.02643 -3.35729 2.09297
-0.967678 -3.37469 2.09297
-0.908634 -3.39107 2.09297
-0.849313 -3.40641 2.0718
-0.789734 -3.42071 2.0718
-0.729914 -3.43398 2.0718
-0.669872 -3.44619 2.03856
-0.609625 -3.45736 2.03856
-0.549193 -3.46747 2.03856
-0.488594 -3.47653 1.99216
-0.427846 -3.48452 1.99216
-0.366967 -3.49146 1.99216
-0.305977 -3.49733 1.99216
-0.244893 -3.50214 1.9317
-0.183735 -3.50588 1.9317
-0.122521 -3.50855 1.9317
-0.06127 -3.51016 1.85678
-6.44904e-16 -3.51069 1.85678
0.06127 -3.51016 1.85678
0.122521 -3.50855 1.76761
0.183735 -3.50588 1.76761
0.244893 -3.50214 1.76761
0.305977 -3.49733 1.76761
0.366967 -3.49146 1.6652
0.427846 -3.48452 1.6652
0.488594 -3.47653 1.6652
0.549193 -3.46747 1.55136
0.609625 -3.45736 1.55136
0.669872 -3.44619 1.55136
0.729914 -3.43398 1.42868
0.789734 -3.42071 1.42868
0.849313 -3.40641 1.42868
0.908634 -3.39107 1.42868
0.967678 -3.37469 1.30039
1.02643 -3.35729 1.30039
1.08486 -3.33887 1.30039
1.14297 -3.31942 1.17024
1.20073 -3.29897 1.17024
1.25812 -3.27751 1.17024
1.31513 -3.25506 1.04229
1.37174 -3.23161 1.04229
1.42793 -3.20718 1.04229
1.48368 -3.18177 1.04229
1.53899 -3.15539 0.920717
1.59382 -3.12805 0.920717
1.64817 -3.09976 0.920717
1.70202 -3.07052 0.809614
1.75535 -3.04035 0.809614
1.80814 -3.00925 0.809614
1.86038 -2.97724 0.712796
1.91206 -2.94431 0.712796
1.96315 -2.9105 0.712796
2.01365 -2.87579 0.712796
2.06353 -2.84021 0.63358
2.11279 -2.80376 0.63358
2.1614 -2.76646 0.63358
2.20935 -2.72832 0.574566
2.25663 -2.68935 0.574566
2.30322 -2.64955 0.574566
2.34911 -2.60895 0.537481
2.39429 -2.56756 0.537481
2.43873 -2.52538 0.537481
2.48243 -2.48243 0.537481
2.52538 -2.43873 0.523049
2.56756 -2.39429 0.523049
2.60895 -2.34911 0.523049
2.64955 -2.30322 0.530922
2.68935 -2.25663 0.530922
2.72832 -2.20935 0.530922
2.76646 -2.1614 0.559682
2.80376 -2.11279 0.559682
2.84021 -2.06353 0.559682
2.87579 -2.01365 0.559682
2.9105 -1.96315 0.606916
2.94431 -1.91206 0.606916
2.97724 -1.86038 0.606916
3.00925 -1.80814 0.669339
3.04035 -1.75535 0.669339
3.07052 -1.70202 0.669339
3.09976 -1.64817 0.742973
3.12805 -1.59382 0.742973
3.15539 -1.53899 0.742973
3.18177 -1.48368 0.742973
3.20718 -1.42793 0.823343
3.23161 -1.37174 0.823343
3.25506 -1.31513 0.823343
3.27751 -1.25812 0.905697
3.29897 -1.20073 0.905697
3.31942 -1.14297 0.905697
3.33887 -1.08486 0.98523
3.35729 -1.02643 0.98523
3.37469 -0.967678 0.98523
3.39107 -0.908634 0.98523
3.40641 -0.849313 1.05732
3.42071 -0.789734 1.05732
3.43398 -0.729914 1.05732
3.44619 -0.669872 1.11776
3.45736 -0.609625 1.11776
3.46747 -0.549193 1.11776
3.47653 -0.488594 1.163
3.48452 -0.427846 1.163
3.49146 -0.366967 1.163
3.49733 -0.305977 1.163
3.50214 -0.244893 1.19038
3.50588 -0.183735 1.19038
3.50855 -0.122521 1.19038
3.51016 -0.06127 1.14587

3.59048 0 1.19826
3.58993 0.0626625 1.19826
3.58829 0.125306 1.18621
3.58556 0.187911 1.18621
3.58173 0.250459 1.18621
3.57682 0.312931 1.15495
3.57081 0.375307 1.15495
3.56372 0.43757 1.15495
3.55554 0.499698 1.15495
3.54628 0.561675 1.10639
3.53593 0.62348 1.10639
3.52451 0.685096 1.10639
3.51202 0.746503 1.04342
3.49846 0.807682 1.04342
3.48383 0.868616 1.04342
3.46814 0.929285 0.969793
3.45139 0.989671 0.969793
3.43359 1.04975 0.969793
3.41475 1.10952 0.969793
3.39487 1.16895 0.889853
3.37395 1.22802 0.889853
3.352 1.28671 0.889853
3.32904 1.34502 0.808317
3.30505 1.40291 0.808317
3.28007 1.46038 0.808317
3.25408 1.5174 0.73003
3.2271 1.57396 0.73003
3.19914 1.63004 0.73003
3.17021 1.68563 0.73003
3.14031 1.7407 0.659732
3.10945 1.79524 0.659732
3.07764 1.84923 0.659732
3.0449 1.90266 0.601837
3.01123 1.95552 0.601837
2.97664 2.00777 0.601837
2.94115 2.05942 0.560209
2.90476 2.11043 0.560209
2.86749 2.16081 0.560209
2.82934 2.21052 0.560209
2.79033 2.25956 0.537973
2.75047 2.30792 0.537973
2.70977 2.35557 0.537973
2.66825 2.4025 0.53734
2.62591 2.4487 0.53734
2.58278 2.49416 0.53734
2.53885 2.53885 0.559489
2.49416 2.58278 0.559489
2.4487 2.62591 0.559489
2.4025 2.66825 0.559489
2.35557 2.70977 0.604512
2.30792 2.75047 0.604512
2.25956 2.79033 0.604512
2.21052 2.82934 0.671417
2.16081 2.86749 0.671417
2.11043 2.90476 0.671417
2.05942 2.94115 0.758218
2.00777 2.97664 0.758218
1.95552 3.01123 0.758218
1.90266 3.0449 0.758218
1.84923 3.07764 0.862068
1.79524 3.10945 0.862068
1.7407 3.14031 0.862068
1.68563 3.17021 0.979429
1.63004 3.19914 0.979429
1.57396 3.2271 0.979429
1.5174 3.25408 1.10629
1.46038 3.28007 1.10629
1.40291 3.30505 1.10629
1.34502 3.32904 1.10629
1.28671 3.352 1.23838
1.22802 3.37395 1.23838
1.16895 3.39487 1.23838
1.10952 3.41475 1.37141
1.04975 3.43359 1.37141
0.989671 3.45139 1.37141
0.929285 3.46814 1.5012
0.868616 3.48383 1.5012
0.807682 3.49846 1.5012
0.746503 3.51202 1.5012
0.685096 3.52451 1.62399
0.62348 3.53593 1.62399
0.561675 3.54628 1.62399
0.499698 3.55554 1.73652
0.43757 3.56372 1.73652
0.375307 3.57081 1.73652
0.312931 3.57682 1.83629
0.250459 3.58173 1.83629
0.187911 3.58556 1.83629
0.125306 3.58829 1.83629
0.0626625 3.58993 1.92161
2.19854e-16 3.59048 1.92161
-0.0626625 3.58993 1.92161
-0.125306 3.58829 1.99163
-0.187911 3.58556 1.99163
-0.250459 3.58173 1.99163
-0.312931 3.57682 2.04632
-0.375307 3.57081 2.04632
-0.43757 3.56372 2.04632
-0.499698 3.55554 2.04632
-0.561675 3.54628 2.0863
-0.62348 3.53593 2.0863
-0.685096 3.52451 2.0863
-0.746503 3.51202 2.11264
-0.807682 3.49846 2.11264
-0.868616 3.48383 2.11264
-0.929285 3.46814 2.1266
-0.989671 3.45139 2.1266
-1.04975 3.43359 2.1266
-1.10952 3.41475 2.1266
-1.16895 3.39487 2.12936
-1.22802 3.37395 2.12936
-1.28671 3.352 2.12936
-1.34502 3.32904 2.1218
-1.40291 3.30505 2.1218
-1.46038 3.28007 2.1218
-1.5174 3.25408 2.1044
-1.57396 3.2271 2.1044
-1.63004 3.19914 2.1044
-1.68563 3.17021 2.1044
-1.7407 3.14031 2.07716
-1.79524 3.10945 2.07716
-1.84923 3.07764 2.07716
-1.90266 3.0449 2.03968
-1.95552 3.01123 2.03968
-2.00777 2.97664 2.03968
-2.05942 2.94115 1.9913
-2.11043 2.90476 1.9913
-2.16081 2.86749 1.9913
-2.21052 2.82934 1.9913
-2.25956 2.79033 1.93139
-2.30792 2.75047 1.93139
-2.35557 2.70977 1.93139
-2.4025 2.66825 1.85956
-2.4487 2.62591 1.85956
-2.49416 2.58278 1.85956
-2.53885 2.53885 1.77584
-2.58278 2.49416 1.77584
-2.62591 2.4487 1.77584
-2.66825 2.4025 1.77584
-2.70977 2.35557 1.68089
-2.75047 2.30792 1.68089
-2.79033 2.25956 1.68089
-2.82934 2.21052 1.57604
-2.86749 2.16081 1.57604
-2.90476 2.11043 1.57604
-2.94115 2.05942 1.46334
-2.97664 2.00777 1.46334
-3.01123 1.95552 1.46334
-3.0449 1.90266 1.46334
-3.07764 1.84923 1.34547
-3.10945 1.79524 1.34547
-3.14031 1.7407 1.34547
-3.17021 1.68563 1.22568
-3.19914 1.63004 1.22568
-3.2271 1.57396 1.22568
-3.25408 1.5174 1.10761
-3.28007 1.46038 1.10761
-3.30505 1.40291 1.10761
-3.32904 1.34502 1.10761
-3.352 1.28671 0.995127
-3.37395 1.22802 0.995127
-3.39487 1.16895 0.995127
-3.41475 1.10952 0.892152
-3.43359 1.04975 0.892152
-3.45139 0.989671 0.892152
-3.46814 0.929285 0.802476
-3.48383 0.868616 0.802476
-3.49846 0.807682 0.802476
-3.51202 0.746503 0.802476
-3.52451 0.685096 0.729549
-3.53593 0.62348 0.729549
-3.54628 0.561675 0.729549
-3.55554 0.499698 0.676287
-3.56372 0.43757 0.676287
-3.57081 0.375307 0.676287
-3.57682 0.312931 0.644893
-3.58173 0.250459 0.644893
-3.58556 0.187911 0.644893
-3.58829 0.125306 0.644893
-3.58993 0.0626625 0.6367
-3.59048 4.39707e-16 0.6367
-3.58993 -0.0626625 0.6367
-3.58829 -0.125306 0.652079
-3.58556 -0.187911 0.652079
-3.58173 -0.250459 0.652079
-3.57682 -0.312931 0.652079
-3.57081 -0.375307 0.690409
-3.56372 -0.43757 0.690409
-3.55554 -0.499698 0.690409
-3.54628 -0.561675 0.750121
-3.53593 -0.62348 0.750121
-3.52451 -0.685096 0.750121
-3.51202 -0.746503 0.828799
-3.49846 -0.807682 0.828799
-3.48383 -0.868616 0.828799
-3.46814 -0.929285 0.828799
-3.45139 -0.989671 0.923345
-3.43359 -1.04975 0.923345
-3.41475 -1.10952 0.923345
-3.39487 -1.16895 1.03016
-3.37395 -1.22802 1.03016
-3.352 -1.28671 1.03016
-3.32904 -1.34502 1.14534
-3.30505 -1.40291 1.14534
-3.28007 -1.46038 1.14534
-3.25408 -1.5174 1.14534
-3.2271 -1.57396 1.26489
-3.19914 -1.63004 1.26489
-3.17021 -1.68563 1.26489
-3.14031 -1.7407 1.38489
-3.10945 -1.79524 1.38489
-3.07764 -1.84923 1.38489
-3.0449 -1.90266 1.50171
-3.01123 -1.95552 1.50171
-2.97664 -2.00777 1.50171
-2.94115 -2.05942 1.50171
-2.90476 -2.11043 1.61214
-2.86749 -2.16081 1.61214
-2.82934 -2.21052 1.61214
-2.79033 -2.25956 1.71358
-2.75047 -2.30792 1.71358
-2.70977 -2.35557 1.71358
-2.66825 -2.4025 1.80409
-2.62591 -2.4487 1.80409
-2.58278 -2.49416 1.80409
-2.53885 -2.53885 1.80409
-2.49416 -2.58278 1.88249
-2.4487 -2.62591 1.88249
-2.4025 -2.66825 1.88249
-2.35557 -2.70977 1.94828
-2.30792 -2.75047 1.94828
-2.25956 -2.79033 1.94828
-2.21052 -2.82934 2.00161
-2.16081 -2.86749 2.00161
-2.11043 -2.90476 2.00161
-2.05942 -2.94115 2.00161
-2.00777 -2.97664 2.04301
-1.95552 -3.01123 2.04301
-1.90266 -3.0449 2.04301
-1.84923 -3.07764 2.07325
-1.79524 -3.10945 2.07325
-1.7407 -3.14031 2.07325
-1.68563 -3.17021 2.09309
-1.63004 -3.19914 2.09309
-1.57396 -3.2271 2.09309
-1.5174 -3.25408 2.09309
-1.46038 -3.28007 2.10302
-1.40291 -3.30505 2.10302
-1.34502 -3.32904 2.10302
-1.28671 -3.352 2.10311
-1.22802 -3.37395 2.10311
-1.16895 -3.39487 2.10311
-1.10952 -3.41475 2.09297
-1.04975 -3.43359 2.09297
-0.989671 -3.45139 2.09297
-0.929285 -3.46814 2.09297
-0.868616 -3.48383 2.0718
-0.807682 -3.49846 2.0718
-0.746503 -3.51202 2.0718
-0.685096 -3.52451 2.03856
-0.62348 -3.53593 2.03856
-0.561675 -3.54628 2.03856
-0.499698 -3.55554 1.99216
-0.43757 -3.56372 1.99216
-0.375307 -3.57081 1.99216
-0.312931 -3.57682 1.99216
-0.250459 -3.58173 1.9317
-0.187911 -3.58556 1.9317
-0.125306 -3.58829 1.9317
-0.0626625 -3.58993 1.85678
-6.59561e-16 -3.59048 1.85678
0.0626625 -3.58993 1.85678
0.125306 -3.58829 1.76761
0.187911 -3.58556 1.76761
0.250459 -3.58173 1.76761
0.312931 -3.57682 1.76761
0.375307 -3.57081 1.6652
0.43757 -3.56372 1.6652
0.499698 -3.55554 1.6652
0.561675 -3.54628 1.55136
0.62348 -3.53593 1.55136
0.685096 -3.52451 1.55136
0.746503 -3.51202 1.42868
0.807682 -3.49846 1.42868
0.868616 -3.48383 1.42868
0.929285 -3.46814 1.42868
0.989671 -3.45139 1.30039
1.04975 -3.43359 1.30039
1.10952 -3.41475 1.30039
1.16895 -3.39487 1.17024
1.22802 -3.37395 1.17024
1.28671 -3.352 1.17024
1.34502 -3.32904 1.04229
1.40291 -3.30505 1.04229
1.46038 -3.28007 1.04229
1.5174 -3.25408 1.04229
1.57396 -3.2271 0.920717
1.63004 -3.19914 0.920717
1.68563 -3.17021 0.920717
1.7407 -3.14031 0.809614
1.79524 -3.10945 0.809614
1.84923 -3.07764 0.809614
1.90266 -3.0449 0.712796
1.95552 -3.01123 0.712796
2.00777 -2.97664 0.712796
2.05942 -2.94115 0.712796
2.11043 -2.90476 0.63358
2.16081 -2.86749 0.63358
2.21052 -2.82934 0.63358
2.25956 -2.79033 0.574566
2.30792 -2.75047 0.574566
2.35557 -2.70977 0.574566
2.4025 -2.66825 0.537481
2.4487 -2.62591 0.537481
2.49416 -2.58278 0.537481
2.53885 -2.53885 0.537481
2.58278 -2.49416 0.523049
2.62591 -2.4487 0.523049
2.66825 -2.4025 0.523049
2.70977 -2.35557 0.530922
2.75047 -2.30792 0.530922
2.79033 -2.25956 0.530922
2.82934 -2.21052 0.559682
2.86749 -2.16081 0.559682
2.90476 -2.11043 0.559682
2.94115 -2.05942 0.559682
2.97664 -2.00777 0.606916
3.01123 -1.95552 0.606916
3.0449 -1.90266 0.606916
3.07764 -1.84923 0.669339
3.10945 -1.79524 0.669339
3.14031 -1.7407 0.669339
3.17021 -1.68563 0.742973
3.19914 -1.63004 0.742973
3.2271 -1.57396 0.742973
3.25408 -1.5174 0.742973
3.28007 -1.46038 0.823343
3.30505 -1.40291 0.823343
3.32904 -1.34502 0.823343
3.352 -1.28671 0.905697
3.37395 -1.22802 0.905697
3.39487 -1.16895 0.905697
3.41475 -1.10952 0.98523
3.43359 -1.04975 0.98523
3.45139 -0.989671 0.98523
3.46814 -0.929285 0.98523
3.48383 -0.868616 1.05732
3.49846 -0.807682 1.05732
3.51202 -0.746503 1.05732
3.52451 -0.685096 1.11776
3.53593 -0.62348 1.11776
3.54628 -0.561675 1.11776
3.55554 -0.499698 1.163
3.56372 -0.43757 1.163
3.57081 -0.375307 1.163
3.57682 -0.312931 1.163
3.58173 -0.250459 1.19038
3.58556 -0.187911 1.19038
3.58829 -0.125306 1.19038
3.58993 -0.0626625 1.14587

3.67027 0 1.19826
3.66971 0.064055 1.19826
3.66803 0.128091 1.18621
3.66524 0.192087 1.18621
3.66133 0.256025 1.18621
3.6563 0.319885 1.15495
3.65016 0.383648 1.15495
3.64291 0.447293 1.15495
3.63455 0.510803 1.15495
3.62508 0.574157 1.10639
3.61451 0.637336 1.10639
3.60284 0.70032 1.10639
3.59006 0.763092 1.04342
3.5762 0.825631 1.04342
3.56125 0.887918 1.04342
3.54521 0.949936 0.969793
3.52809 1.01166 0.969793
3.5099 1.07308 0.969793
3.49063 1.13418 0.969793
3.47031 1.19492 0.889853
3.44892 1.25531 0.889853
3.42649 1.31531 0.889853
3.40301 1.37491 0.808317
3.3785 1.43409 0.808317
3.35296 1.49283 0.808317
3.32639 1.55112 0.73003
3.29882 1.60894 0.73003
3.27023 1.66627 0.73003
3.24066 1.72309 0.73003
3.21009 1.77938 0.659732
3.17855 1.83513 0.659732
3.14603 1.89033 0.659732
3.11256 1.94495 0.601837
3.07815 1.99897 0.601837
3.04279 2.05239 0.601837
3.00651 2.10518 0.560209
2.96931 2.15733 0.560209
2.93121 2.20882 0.560209
2.89221 2.25964 0.560209
2.85233 2.30978 0.537973
2.81159 2.3592 0.537973
2.76999 2.40791 0.537973
2.72754 2.45589 0.53734
2.68426 2.50312 0.53734
2.64017 2.54958 0.53734
2.59527 2.59527 0.559489
2.54958 2.64017 0.559489
2.50312 2.68426 0.559489
2.45589 2.72754 0.559489
2.40791 2.76999 0.604512
2.3592 2.81159 0.604512
2.30978 2.85233 0.604512
2.25964 2.89221 0.671417
2.20882 2.93121 0.671417
2.15733 2.96931 0.671417
2.10518 3.00651 0.758218
2.05239 3.04279 0.758218
1.99897 3.07815 0.758218
1.94495 3.11256 0.758218
1.89033 3.14603 0.862068
1.83513 3.17855 0.862068
1.77938 3.21009 0.862068
1.72309 3.24066 0.979429
1.66627 3.27023 0.979429
1.60894 3.29882 0.979429
1.55112 3.32639 1.10629
1.49283 3.35296 1.10629
1.43409 3.3785 1.10629
1.37491 3.40301 1.10629
1.31531 3.42649 1.23838
1.25531 3.44892 1.23838
1.19492 3.47031 1.23838
1.13418 3.49063 1.37141
1.07308 3.5099 1.37141
1.01166 3.52809 1.37141
0.949936 3.54521 1.5012
0.887918 3.56125 1.5012
0.825631 3.5762 1.5012
0.763092 3.59006 1.5012
0.70032 3.60284 1.62399
0.637336 3.61451 1.62399
0.574157 3.62508 1.62399
0.510803 3.63455 1.73652
0.447293 3.64291 1.73652
0.383648 3.65016 1.73652
0.319885 3.6563 1.83629
0.256025 3.66133 1.83629
0.192087 3.66524 1.83629
0.128091 3.66803 1.83629
0.064055 3.66971 1.92161
2.24739e-16 3.67027 1.92161
-0.064055 3.66971 1.92161
-0.128091 3.66803 1.99163
-0.192087 3.66524 1.99163
-0.256025 3.66133 1.99163
-0.319885 3.6563 2.04632
-0.383648 3.65016 2.04632
-0.447293 3.64291 2.04632
-0.510803 3.63455 2.04632
-0.574157 3.62508 2.0863
-0.637336 3.61451 2.0863
-0.70032 3.60284 2.0863
-0.763092 3.59006 2.11264
-0.825631 3.5762 2.11264
-0.887918 3.56125 2.11264
-0.949936 3.54521 2.1266
-1.01166 3.52809 2.1266
-1.07308 3.5099 2.1266
-1.13418 3.49063 2.1266
-1.19492 3.47031 2.12936
-1.25531 3.44892 2.12936
-1.31531 3.42649 2.12936
-1.37491 3.40301 2.1218
-1.43409 3.3785 2.1218
-1.49283 3.35296 2.1218
-1.55112 3.32639 2.1044
-1.60894 3.29882 2.1044
-1.66627 3.27023 2.1044
-1.72309 3.24066 2.1044
-1.77938 3.21009 2.07716
-1.83513 3.17855 2.07716
-1.89033 3.14603 2.07716
-1.94495 3.11256 2.03968
-1.99897 3.07815 2.03968
-2.05239 3.04279 2.03968
-2.10518 3.00651 1.9913
-2.15733 2.96931 1.9913
-2.20882 2.93121 1.9913
-2.25964 2.89221 1.9913
-2.30978 2.85233 1.93139
-2.3592 2.81159 1.93139
-2.40791 2.76999 1.93139
-2.45589 2.72754 1.85956
-2.50312 2.68426 1.85956
-2.54958 2.64017 1.85956
-2.59527 2.59527 1.77584
-2.64017 2.54958 1.77584
-2.68426 2.50312 1.77584
-2.72754 2.45589 1.77584
-2.76999 2.40791 1.68089
-2.81159 2.3592 1.68089
-2.85233 2.30978 1.68089
-2.89221 2.25964 1.57604
-2.93121 2.20882 1.57604
-2.96931 2.15733 1.57604
-3.00651 2.10518 1.46334
-3.04279 2.05239 1.46334
-3.07815 1.99897 1.46334
-3.11256 1.94495 1.46334
-3.14603 1.89033 1.34547
-3.17855 1.83513 1.34547
-3.21009 1.77938 1.34547
-3.24066 1.72309 1.22568
-3.27023 1.66627 1.22568
-3.29882 1.60894 1.22568
-3.32639 1.55112 1.10761
-3.35296 1.49283 1.10761
-3.3785 1.43409 1.10761
-3.40301 1.37491 1.10761
-3.42649 1.31531 0.995127
-3.44892 1.25531 0.995127
-3.47031 1.19492 0.995127
-3.49063 1.13418 0.892152
-3.5099 1.07308 0.892152
-3.52809 1.01166 0.892152
-3.54521 0.949936 0.802476
-3.56125 0.887918 0.802476
-3.5762 0.825631 0.802476
-3.59006 0.763092 0.802476
-3.60284 0.70032 0.729549
-3.61451 0.637336 0.729549
-3.62508 0.574157 0.729549
-3.63455 0.510803 0.676287
-3.64291 0.447293 0.676287
-3.65016 0.383648 0.676287
-3.6563 0.319885 0.644893
-3.66133 0.256025 0.644893
-3.66524 0.192087 0.644893
-3.66803 0.128091 0.644893
-3.66971 0.064055 0.6367
-3.67027 4.49478e-16 0.6367
-3.66971 -0.064055 0.6367
-3.66803 -0.128091 0.652079
-3.66524 -0.192087 0.652079
-3.66133 -0.256025 0.652079
-3.6563 -0.319885 0.652079
-3.65016 -0.383648 0.690409
-3.64291 -0.447293 0.690409
-3.63455 -0.510803 0.690409
-3.62508 -0.574157 0.750121
-3.61451 -0.637336 0.750121
-3.60284 -0.70032 0.750121
-3.59006 -0.763092 0.828799
-3.5762 -0.825631 0.828799
-3.56125 -0.887918 0.828799
-3.54521 -0.949936 0.828799
-3.52809 -1.01166 0.923345
-3.5099 -1.07308 0.923345
-3.49063 -1.13418 0.923345
-3.47031 -1.19492 1.03016
-3.44892 -1.25531 1.03016
-3.42649 -1.31531 1.03016
-3.40301 -1.37491 1.14534
-3.3785 -1.43409 1.14534
-3.35296 -1.49283 1.14534
-3.32639 -1.55112 1.14534
-3.29882 -1.60894 1.26489
-3.27023 -1.66627 1.26489
-3.24066 -1.72309 1.26489
-3.21009 -1.77938 1.38489
-3.17855 -1.83513 1.38489
-3.14603 -1.89033 1.38489
-3.11256 -1.94495 1.50171
-3.07815 -1.99897 1.50171
-3.04279 -2.05239 1.50171
-3.00651 -2.10518 1.50171
-2.96931 -2.15733 1.61214
-2.93121 -2.20882 1.61214
-2.89221 -2.25964 1.61214
-2.85233 -2.30978 1.71358
-2.81159 -2.3592 1.71358
-2.76999 -2.40791 1.71358
-2.72754 -2.45589 1.80409
-2.68426 -2.50312 1.80409
-2.64017 -2.54958 1.80409
-2.59527 -2.59527 1.80409
-2.54958 -2.64017 1.88249
-2.50312 -2.68426 1.88249
-2.45589 -2.72754 1.88249
-2.40791 -2.76999 1.94828
-2.3592 -2.81159 1.94828
-2.30978 -2.85233 1.94828
-2.25964 -2.89221 2.00161
-2.20882 -2.93121 2.00161
-2.15733 -2.96931 2.00161
-2.10518 -3.00651 2.00161
-2.05239 -3.04279 2.04301
-1.99897 -3.07815 2.04301
-1.94495 -3.11256 2.04301
-1.89033 -3.14603 2.07325
-1.83513 -3.17855 2.07325
-1.77938 -3.21009 2.07325
-1.72309 -3.24066 2.09309
-1.66627 -3.27023 2.09309
-1.60894 -3.29882 2.09309
-1.55112 -3.32639 2.09309
-1.49283 -3.35296 2.10302
-1.43409 -3.3785 2.10302
-1.37491 -3.40301 2.10302
-1.31531 -3.42649 2.10311
-1.25531 -3.44892 2.10311
-1.19492 -3.47031 2.10311
-1.13418 -3.49063 2.09297
-1.07308 -3.5099 2.09297
-1.01166 -3.52809 2.09297
-0.949936 -3.54521 2.09297
-0.887918 -3.56125 2.0718
-0.825631 -3.5762 2.0718
-0.763092 -3.59006 2.0718
-0.70032 -3.60284 2.03856
-0.637336 -3.61451 2.03856
-0.574157 -3.62508 2.03856
-0.510803 -3.63455 1.99216
-0.447293 -3.64291 1.99216
-0.383648 -3.65016 1.99216
-0.319885 -3.6563 1.99216
-0.256025 -3.66133 1.9317
-0.192087 -3.66524 1.9317
-0.128091 -3.66803 1.9317
-0.064055 -3.66971 1.85678
-6.74217e-16 -3.67027 1.85678
0.064055 -3.66971 1.85678
0.128091 -3.66803 1.76761
0.192087 -3.66524 1.76761
0.256025 -3.66133 1.76761
0.319885 -3.6563 1.76761
0.383648 -3.65016 1.6652
0.447293 -3.64291 1.6652
0.510803 -3.63455 1.6652
0.574157 -3.62508 1.55136
0.637336 -3.61451 1.55136
0.70032 -3.60284 1.55136
0.763092 -3.59006 1.42868
0.825631 -3.5762 1.42868
0.887918 -3.56125 1.42868
0.949936 -3.54521 1.42868
1.01166 -3.52809 1.30039
1.07308 -3.5099 1.30039
1.13418 -3.49063 1.30039
1.19492 -3.47031 1.17024
1.25531 -3.44892 1.17024
1.31531 -3.42649 1.17024
1.37491 -3.40301 1.04229
1.43409 -3.3785 1.04229
1.49283 -3.35296 1.04229
1.55112 -3.32639 1.04229
1.60894 -3.29882 0.920717
1.66627 -3.27023 0.920717
1.72309 -3.24066 0.920717
1.77938 -3.21009 0.809614
1.83513 -3.17855 0.809614
1.89033 -3.14603 0.809614
1.94495 -3.11256 0.712796
1.99897 -3.07815 0.712796
2.05239 -3.04279 0.712796
2.10518 -3.00651 0.712796
2.15733 -2.96931 0.63358
2.20882 -2.93121 0.63358
2.25964 -2.89221 0.63358
2.30978 -2.85233 0.574566
2.3592 -2.81159 0.574566
2.40791 -2.76999 0.574566
2.45589 -2.72754 0.537481
2.50312 -2.68426 0.537481
2.54958 -2.64017 0.537481
2.59527 -2.59527 0.537481
2.64017 -2.54958 0.523049
2.68426 -2.50312 0.523049
2.72754 -2.45589 0.523049
2.76999 -2.40791 0.530922
2.81159 -2.3592 0.530922
2.85233 -2.30978 0.530922
2.89221 -2.25964 0.559682
2.93121 -2.20882 0.559682
2.96931 -2.15733 0.559682
3.00651 -2.10518 0.559682
3.04279 -2.05239 0.606916
3.07815 -1.99897 0.606916
3.11256 -1.94495 0.606916
3.14603 -1.89033 0.669339
3.17855 -1.83513 0.669339
3.21009 -1.77938 0.669339
3.24066 -1.72309 0.742973
3.27023 -1.66627 0.742973
3.29882 -1.60894 0.742973
3.32639 -1.55112 0.742973
3.35296 -1.49283 0.823343
3.3785 -1.43409 0.823343
3.40301 -1.37491 0.823343
3.42649 -1.31531 0.905697
3.44892 -1.25531 0.905697
3.47031 -1.19492 0.905697
3.49063 -1.13418 0.98523
3.5099 -1.07308 0.98523
3.52809 -1.01166 0.98523
3.54521 -0.949936 0.98523
3.56125 -0.887918 1.05732
3.5762 -0.825631 1.05732
3.59006 -0.763092 1.05732
3.60284 -0.70032 1.11776
3.61451 -0.637336 1.11776
3.62508 -0.574157 1.11776
3.63455 -0.510803 1.163
3.64291 -0.447293 1.163
3.65016 -0.383648 1.163
3.6563 -0.319885 1.163
3.66133 -0.256025 1.19038
3.66524 -0.192087 1.19038
3.66803 -0.128091 1.19038
3.66971 -0.064055 1.14587

3.75006 0 1.2656
3.74949 0.0654475 1.2656
3.74777 0.130875 1.25173
3.74492 0.196263 1.25173
3.74092 0.261591 1.25173
3.73579 0.326839 1.21606
3.72951 0.391988 1.21606
3.72211 0.457017 1.21606
3.71356 0.521907 1.16052
3.70389 0.586638 1.16052
3.69309 0.651191 1.16052
3.68116 0.715545 1.16052
3.66811 0.779681 1.08809
3.65394 0.843579 1.08809
3.63866 0.907221 1.08809
3.62228 0.970586 1.00262
3.60479 1.03366 1.00262
3.5862 1.09641 1.00262
3.56652 1.15883 0.908581
3.54575 1.2209 0.908581
3.5239 1.2826 0.908581
3.50098 1.3439 0.810845
3.47699 1.4048 0.810845
3.45195 1.46526 0.810845
3.42585 1.52529 0.714474
3.39871 1.58484 0.714474
3.37053 1.64392 0.714474
3.34133 1.70249 0.624497
3.3111 1.76055 0.624497
3.27987 1.81806 0.624497
3.24765 1.87503 0.545712
3.21443 1.93142 0.545712
3.18023 1.98723 0.545712
3.14506 2.04243 0.545712
3.10894 2.09701 0.482485
3.07187 2.15094 0.482485
3.03386 2.20423 0.482485
2.99493 2.25684 0.438555
2.95509 2.30877 0.438555
2.91434 2.35999 0.438555
2.87271 2.41049 0.416848
2.8302 2.46026 0.416848
2.78684 2.50928 0.416848
2.74262 2.55753 0.419328
2.69757 2.60501 0.419328
2.65169 2.65169 0.419328
2.60501 2.69757 0.44689
2.55753 2.74262 0.44689
2.50928 2.78684 0.44689
2.46026 2.8302 0.499324
2.41049 2.87271 0.499324
2.35999 2.91434 0.499324
2.30877 2.95509 0.499324
2.25684 2.99493 0.575337
2.20423 3.03386 0.575337
2.15094 3.07187 0.575337
2.09701 3.10894 0.672659
2.04243 3.14506 0.672659
1.98723 3.18023 0.672659
1.93142 3.21443 0.788188
1.87503 3.24765 0.788188
1.81806 3.27987 0.788188
1.76055 3.3111 0.918163
1.70249 3.34133 0.918163
1.64392 3.37053 0.918163
1.58484 3.39871 1.05838
1.52529 3.42585 1.05838
1.46526 3.45195 1.05838
1.4048 3.47699 1.20439
1.3439 3.50098 1.20439
1.2826 3.5239 1.20439
1.2209 3.54575 1.20439
1.15883 3.56652 1.3517
1.09641 3.5862 1.3517
1.03366 3.60479 1.3517
0.970586 3.62228 1.49595
0.907221 3.63866 1.49595
0.843579 3.65394 1.49595
0.779681 3.66811 1.63309
0.715545 3.68116 1.63309
0.651191 3.69309 1.63309
0.586638 3.70389 1.75961
0.521907 3.71356 1.75961
0.457017 3.72211 1.75961
0.391988 3.72951 1.87266
0.326839 3.73579 1.87266
0.261591 3.74092 1.87266
0.196263 3.74492 1.97028
0.130875 3.74777 1.97028
0.0654475 3.74949 1.97028
2.29625e-16 3.75006 2.05137
-0.0654475 3.74949 2.05137
-0.130875 3.74777 2.05137
-0.196263 3.74492 2.05137
-0.261591 3.74092 2.11576
-0.326839 3.73579 2.11576
-0.391988 3.72951 2.11576
-0.457017 3.72211 2.1641
-0.521907 3.71356 2.1641
-0.586638 3.70389 2.1641
-0.651191 3.69309 2.19764
-0.715545 3.68116 2.19764
-0.779681 3.66811 2.19764
-0.843579 3.65394 2.21796
-0.907221 3.63866 2.21796
-0.970586 3.62228 2.21796
-1.03366 3.60479 2.22675
-1.09641 3.5862 2.22675
-1.15883 3.56652 2.22675
-1.2209 3.54575 2.22543
-1.2826 3.5239 2.22543
-1.3439 3.50098 2.22543
-1.4048 3.47699 2.22543
-1.46526 3.45195 2.21502
-1.52529 3.42585 2.21502
-1.58484 3.39871 2.21502
-1.64392 3.37053 2.19594
-1.70249 3.34133 2.19594
-1.76055 3.3111 2.19594
-1.81806 3.27987 2.168
-1.87503 3.24765 2.168
-1.93142 3.21443 2.168
-1.98723 3.18023 2.13051
-2.04243 3.14506 2.13051
-2.09701 3.10894 2.13051
-2.15094 3.07187 2.08243
-2.20423 3.03386 2.08243
-2.25684 2.99493 2.08243
-2.30877 2.95509 2.02271
-2.35999 2.91434 2.02271
-2.41049 2.87271 2.02271
-2.46026 2.8302 2.02271
-2.50928 2.78684 1.95047
-2.55753 2.74262 1.95047
-2.60501 2.69757 1.95047
-2.65169 2.65169 1.86532
-2.69757 2.60501 1.86532
-2.74262 2.55753 1.86532
-2.78684 2.50928 1.76745
-2.8302 2.46026 1.76745
-2.87271 2.41049 1.76745
-2.91434 2.35999 1.65783
-2.95509 2.30877 1.65783
-2.99493 2.25684 1.65783
-3.03386 2.20423 1.53816
-3.07187 2.15094 1.53816
-3.10894 2.09701 1.53816
-3.14506 2.04243 1.41089
-3.18023 1.98723 1.41089
-3.21443 1.93142 1.41089
-3.24765 1.87503 1.27906
-3.27987 1.81806 1.27906
-3.3111 1.76055 1.27906
-3.34133 1.70249 1.27906
-3.37053 1.64392 1.14622
-3.39871 1.58484 1.14622
-3.42585 1.52529 1.14622
-3.45195 1.46526 1.01625
-3.47699 1.4048 1.01625
-3.50098 1.3439 1.01625
-3.5239 1.2826 0.893205
-3.54575 1.2209 0.893205
-3.56652 1.15883 0.893205
-3.5862 1.09641 0.781159
-3.60479 1.03366 0.781159
-3.62228 0.970586 0.781159
-3.63866 0.907221 0.684003
-3.65394 0.843579 0.684003
-3.66811 0.779681 0.684003
-3.68116 0.715545 0.605273
-3.69309 0.651191 0.605273
-3.70389 0.586638 0.605273
-3.71356 0.521907 0.605273
-3.72211 0.457017 0.547952
-3.72951 0.391988 0.547952
-3.73579 0.326839 0.547952
-3.74092 0.261591 0.514288
-3.74492 0.196263 0.514288
-3.74777 0.130875 0.514288
-3.74949 0.0654475 0.505643
-3.75006 4.5925e-16 0.505643
-3.74949 -0.0654475 0.505643
-3.74777 -0.130875 0.522396
-3.74492 -0.196263 0.522396
-3.74092 -0.261591 0.522396
-3.73579 -0.326839 0.56391
-3.72951 -0.391988 0.56391
-3.72211 -0.457017 0.56391
-3.71356 -0.521907 0.628581
-3.70389 -0.586638 0.628581
-3.69309 -0.651191 0.628581
-3.68116 -0.715545 0.628581
-3.66811 -0.779681 0.713939
-3.65394 -0.843579 0.713939
-3.63866 -0.907221 0.713939
-3.62228 -0.970586 0.816816
-3.60479 -1.03366 0.816816
-3.5862 -1.09641 0.816816
-3.56652 -1.15883 0.933523
-3.54575 -1.2209 0.933523
-3.5239 -1.2826 0.933523
-3.50098 -1.3439 1.06005
-3.47699 -1.4048 1.06005
-3.45195 -1.46526 1.06005
-3.42585 -1.52529 1.19223
-3.39871 -1.58484 1.19223
-3.37053 -1.64392 1.19223
-3.34133 -1.70249 1.32598
-3.3111 -1.76055 1.32598
-3.27987 -1.81806 1.32598
-3.24765 -1.87503 1.32598
-3.21443 -1.93142 1.45737
-3.18023 -1.98723 1.45737
-3.14506 -2.04243 1.45737
-3.10894 -2.09701 1.58289
-3.07187 -2.15094 1.58289
-3.03386 -2.20423 1.58289
-2.99493 -2.25684 1.69955
-2.95509 -2.30877 1.69955
-2.91434 -2.35999 1.69955
-2.87271 -2.41049 1.805
-2.8302 -2.46026 1.805
-2.78684 -2.50928 1.805
-2.74262 -2.55753 1.89767
-2.69757 -2.60501 1.89767
-2.65169 -2.65169 1.89767
-2.60501 -2.69757 1.97679
-2.55753 -2.74262 1.97679
-2.50928 -2.78684 1.97679
-2.46026 -2.8302 2.04232
-2.41049 -2.87271 2.04232
-2.35999 -2.91434 2.04232
-2.30877 -2.95509 2.04232
-2.25684 -2.99493 2.09484
-2.20423 -3.03386 2.09484
-2.15094 -3.07187 2.09484
-2.09701 -3.10894 2.13539
-2.04243 -3.14506 2.13539
-1.98723 -3.18023 2.13539
-1.93142 -3.21443 2.16514
-1.87503 -3.24765 2.16514
-1.81806 -3.27987 2.16514
-1.76055 -3.3111 2.18522
-1.70249 -3.34133 2.18522
-1.64392 -3.37053 2.18522
-1.58484 -3.39871 2.19639
-1.52529 -3.42585 2.19639
-1.46526 -3.45195 2.19639
-1.4048 -3.47699 2.19886
-1.3439 -3.50098 2.19886
-1.2826 -3.5239 2.19886
-1.2209 -3.54575 2.19886
-1.15883 -3.56652 2.19227
-1.09641 -3.5862 2.19227
-1.03366 -3.60479 2.19227
-0.970586 -3.62228 2.17569
-0.907221 -3.63866 2.17569
-0.843579 -3.65394 2.17569
-0.779681 -3.66811 2.14776
-0.715545 -3.68116 2.14776
-0.651191 -3.69309 2.14776
-0.586638 -3.70389 2.10699
-0.521907 -3.71356 2.10699
-0.457017 -3.72211 2.10699
-0.391988 -3.72951 2.05196
-0.326839 -3.73579 2.05196
-0.261591 -3.74092 2.05196
-0.196263 -3.74492 1.98163
-0.130875 -3.74777 1.98163
-0.0654475 -3.74949 1.98163
-6.88874e-16 -3.75006 1.98163
0.0654475 -3.74949 1.89559
0.130875 -3.74777 1.89559
0.196263 -3.74492 1.89559
0.261591 -3.74092 1.79422
0.326839 -3.73579 1.79422
0.391988 -3.72951 1.79422
0.457017 -3.72211 1.67874
0.521907 -3.71356 1.67874
0.586638 -3.70389 1.67874
0.651191 -3.69309 1.55127
0.715545 -3.68116 1.55127
0.779681 -3.66811 1.55127
0.843579 -3.65394 1.41468
0.907221 -3.63866 1.41468
0.970586 -3.62228 1.41468
1.03366 -3.60479 1.27248
1.09641 -3.5862 1.27248
1.15883 -3.56652 1.27248
1.2209 -3.54575 1.12864
1.2826 -3.5239 1.12864
1.3439 -3.50098 1.12864
1.4048 -3.47699 1.12864
1.46526 -3.45195 0.987438
1.52529 -3.42585 0.987438
1.58484 -3.39871 0.987438
1.64392 -3.37053 0.853214
1.70249 -3.34133 0.853214
1.76055 -3.3111 0.853214
1.81806 -3.27987 0.730244
1.87503 -3.24765 0.730244
1.93142 -3.21443 0.730244
1.98723 -3.18023 0.622539
2.04243 -3.14506 0.622539
2.09701 -3.10894 0.622539
2.15094 -3.07187 0.533642
2.20423 -3.03386 0.533642
2.25684 -2.99493 0.533642
2.30877 -2.95509 0.466409
2.35999 -2.91434 0.466409
2.41049 -2.87271 0.466409
2.46026 -2.8302 0.466409
2.50928 -2.78684 0.422847
2.55753 -2.74262 0.422847
2.60501 -2.69757 0.422847
2.65169 -2.65169 0.403972
2.69757 -2.60501 0.403972
2.74262 -2.55753 0.403972
2.78684 -2.50928 0.409726
2.8302 -2.46026 0.409726
2.87271 -2.41049 0.409726
2.91434 -2.35999 0.43896
2.95509 -2.30877 0.43896
2.99493 -2.25684 0.43896
3.03386 -2.20423 0.489484
3.07187 -2.15094 0.489484
3.10894 -2.09701 0.489484
3.14506 -2.04243 0.558189
3.18023 -1.98723 0.558189
3.21443 -1.93142 0.558189
3.24765 -1.87503 0.558189
3.27987 -1.81806 0.641202
3.3111 -1.76055 0.641202
3.34133 -1.70249 0.641202
3.37053 -1.64392 0.734071
3.39871 -1.58484 0.734071
3.42585 -1.52529 0.734071
3.45195 -1.46526 0.831958
3.47699 -1.4048 0.831958
3.50098 -1.3439 0.831958
3.5239 -1.2826 0.92984
3.54575 -1.2209 0.92984
3.56652 -1.15883 0.92984
3.5862 -1.09641 1.02272
3.60479 -1.03366 1.02272
3.62228 -0.970586 1.02272
3.63866 -0.907221 1.10581
3.65394 -0.843579 1.10581
3.66811 -0.779681 1.10581
3.68116 -0.715545 1.17481
3.69309 -0.651191 1.17481
3.70389 -0.586638 1.17481
3.71356 -0.521907 1.17481
3.72211 -0.457017 1.22608
3.72951 -0.391988 1.22608
3.73579 -0.326839 1.22608
3.74092 -0.261591 1.2569
3.74492 -0.196263 1.2569
3.74777 -0.130875 1.2569
3.74949 -0.0654475 1.19826

3.82985 0 1.2656
3.82926 0.06684 1.2656
3.82751 0.13366 1.25173
3.8246 0.200439 1.25173
3.82052 0.267157 1.25173
3.81527 0.333793 1.21606
3.80887 0.400328 1.21606
3.8013 0.466741 1.21606
3.79257 0.533012 1.16052
3.78269 0.59912 1.16052
3.77166 0.665046 1.16052
3.75948 0.730769 1.16052
3.74615 0.79627 1.08809
3.73169 0.861528 1.08809
3.71608 0.926524 1.08809
3.69935 0.991237 1.00262
3.68148 1.05565 1.00262
3.6625 1.11974 1.00262
3.6424 1.18349 0.908581
3.62119 1.24688 0.908581
3.59888 1.30988 0.908581
3.57547 1.37249 0.810845
3.55097 1.43469 0.810845
3.52539 1.49644 0.810845
3.49874 1.55774 0.714474
3.47102 1.61856 0.714474
3.44224 1.67889 0.714474
3.41242 1.73871 0.624497
3.38155 1.798 0.624497
3.34966 1.85675 0.624497
3.31674 1.91492 0.545712
3.28282 1.97252 0.545712
3.24789 2.02951 0.545712
3.21198 2.08588 0.545712
3.17509 2.14162 0.482485
3.13723 2.19671 0.482485
3.09841 2.25113 0.482485
3.05865 2.30486 0.438555
3.01796 2.35789 0.438555
2.97635 2.4102 0.438555
2.93383 2.46178 0.416848
2.89042 2.5126 0.416848
2.84613 2.56267 0.416848
2.80097 2.61195 0.419328
2.75496 2.66043 0.419328
2.70811 2.70811 0.419328
2.66043 2.75496 0.44689
2.61195 2.80097 0.44689
2.56267 2.84613 0.44689
2.5126 2.89042 0.499324
2.46178 2.93383 0.499324
2.4102 2.97635 0.499324
2.35789 3.01796 0.499324
2.30486 3.05865 0.575337
2.25113 3.09841 0.575337
2.19671 3.13723 0.575337
2.14162 3.17509 0.672659
2.08588 3.21198 0.672659
2.02951 3.24789 0.672659
1.97252 3.28282 0.788188
1.91492 3.31674 0.788188
1.85675 3.34966 0.788188
1.798 3.38155 0.918163
1.73871 3.41242 0.918163
1.67889 3.44224 0.918163
1.61856 3.47102 1.05838
1.55774 3.49874 1.05838
1.49644 3.52539 1.05838
1.43469 3.55097 1.20439
1.37249 3.57547 1.20439
1.30988 3.59888 1.20439
1.24688 3.62119 1.20439
1.18349 3.6424 1.3517
1.11974 3.6625 1.3517
1.05565 3.68148 1.3517
0.991237 3.69935 1.49595
0.926524 3.71608 1.49595
0.861528 3.73169 1.49595
0.79627 3.74615 1.63309
0.730769 3.75948 1.63309
0.665046 3.77166 1.63309
0.59912 3.78269 1.75961
0.533012 3.79257 1.75961
0.466741 3.8013 1.75961
0.400328 3.80887 1.87266
0.333793 3.81527 1.87266
0.267157 3.82052 1.87266
0.200439 3.8246 1.97028
0.13366 3.82751 1.97028
0.06684 3.82926 1.97028
2.3451e-16 3.82985 2.05137
-0.06684 3.82926 2.05137
-0.13366 3.82751 2.05137
-0.200439 3.8246 2.05137
-0.267157 3.82052 2.11576
-0.333793 3.81527 2.11576
-0.400328 3.80887 2.11576
-0.466741 3.8013 2.1641
-0.533012 3.79257 2.1641
-0.59912 3.78269 2.1641
-0.665046 3.77166 2.19764
-0.730769 3.75948 2.19764
-0.79627 3.74615 2.19764
-0.861528 3.73169 2.21796
-0.926524 3.71608 2.21796
-0.991237 3.69935 2.21796
-1.05565 3.68148 2.22675
-1.11974 3.6625 2.22675
-1.18349 3.6424 2.22675
-1.24688 3.62119 2.22543
-1.30988 3.59888 2.22543
-1.37249 3.57547 2.22543
-1.43469 3.55097 2.22543
-1.49644 3.52539 2.21502
-1.55774 3.49874 2.21502
-1.61856 3.47102 2.21502
-1.67889 3.44224 2.19594
-1.73871 3.41242 2.19594
-1.798 3.38155 2.19594
-1.85675 3.34966 2.168
-1.91492 3.31674 2.168
-1.97252 3.28282 2.168
-2.02951 3.24789 2.13051
-2.08588 3.21198 2.13051
-2.14162 3.17509 2.13051
-2.19671 3.13723 2.08243
-2.25113 3.09841 2.08243
-2.30486 3.05865 2.08243
-2.35789 3.01796 2.02271
-2.4102 2.97635 2.02271
-2.46178 2.93383 2.02271
-2.5126 2.89042 2.02271
-2.56267 2.84613 1.95047
-2.61195 2.80097 1.95047
-2.66043 2.75496 1.95047
-2.70811 2.70811 1.86532
-2.75496 2.66043 1.86532
-2.80097 2.61195 1.86532
-2.84613 2.56267 1.76745
-2.89042 2.5126 1.76745
-2.93383 2.46178 1.76745
-2.97635 2.4102 1.65783
-3.01796 2.35789 1.65783
-3.05865 2.30486 1.65783
-3.09841 2.25113 1.53816
-3.13723 2.19671 1.53816
-3.17509 2.14162 1.53816
-3.21198 2.08588 1.41089
-3.24789 2.02951 1.41089
-3.28282 1.97252 1.41089
-3.31674 1.91492 1.27906
-3.34966 1.85675 1.27906
-3.38155 1.798 1.27906
-3.41242 1.73871 1.27906
-3.44224 1.67889 1.14622
-3.47102 1.61856 1.14622
-3.49874 1.55774 1.14622
-3.52539 1.49644 1.01625
-3.55097 1.43469 1.01625
-3.57547 1.37249 1.01625
-3.59888 1.30988 0.893205
-3.62119 1.24688 0.893205
-3.6424 1.18349 0.893205
-3.6625 1.11974 0.781159
-3.68148 1.05565 0.781159
-3.69935 0.991237 0.781159
-3.71608 0.926524 0.684003
-3.73169 0.861528 0.684003
-3.74615 0.79627 0.684003
-3.75948 0.730769 0.605273
-3.77166 0.665046 0.605273
-3.78269 0.59912 0.605273
-3.79257 0.533012 0.605273
-3.8013 0.466741 0.547952
-3.80887 0.400328 0.547952
-3.81527 0.333793 0.547952
-3.82052 0.267157 0.514288
-3.8246 0.200439 0.514288
-3.82751 0.13366 0.514288
-3.82926 0.06684 0.505643
-3.82985 4.69021e-16 0.505643
-3.82926 -0.06684 0.505643
-3.82751 -0.13366 0.522396
-3.8246 -0.200439 0.522396
-3.82052 -0.267157 0.522396
-3.81527 -0.333793 0.56391
-3.80887 -0.400328 0.56391
-3.8013 -0.466741 0.56391
-3.79257 -0.533012 0.628581
-3.78269 -0.59912 0.628581
-3.77166 -0.665046 0.628581
-3.75948 -0.730769 0.628581
-3.74615 -0.79627 0.713939
-3.73169 -0.861528 0.713939
-3.71608 -0.926524 0.713939
-3.69935 -0.991237 0.816816
-3.68148 -1.05565 0.816816
-3.6625 -1.11974 0.816816
-3.6424 -1.18349 0.933523
-3.62119 -1.24688 0.933523
-3.59888 -1.30988 0.933523
-3.57547 -1.37249 1.06005
-3.55097 -1.43469 1.06005
-3.52539 -1.49644 1.06005
-3.49874 -1.55774 1.19223
-3.47102 -1.61856 1.19223
-3.44224 -1.67889 1.19223
-3.41242 -1.73871 1.32598
-3.38155 -1.798 1.32598
-3.34966 -1.85675 1.32598
-3.31674 -1.91492 1.32598
-3.28282 -1.97252 1.45737
-3.24789 -2.02951 1.45737
-3.21198 -2.08588 1.45737
-3.17509 -2.14162 1.58289
-3.13723 -2.19671 1.58289
-3.09841 -2.25113 1.58289
-3.05865 -2.30486 1.69955
-3.01796 -2.35789 1.69955
-2.97635 -2.4102 1.69955
-2.93383 -2.46178 1.805
-2.89042 -2.5126 1.805
-2.84613 -2.56267 1.805
-2.80097 -2.61195 1.89767
-2.75496 -2.66043 1.89767
-2.70811 -2.70811 1.89767
-2.66043 -2.75496 1.97679
-2.61195 -2.80097 1.97679
-2.56267 -2.84613 1.97679
-2.5126 -2.89042 2.04232
-2.46178 -2.93383 2.04232
-2.4102 -2.97635 2.04232
-2.35789 -3.01796 2.04232
-2.30486 -3.05865 2.09484
-2.25113 -3.09841 2.09484
-2.19671 -3.13723 2.09484
-2.14162 -3.17509 2.13539
-2.08588 -3.21198 2.13539
-2.02951 -3.24789 2.13539
-1.97252 -3.28282 2.16514
-1.91492 -3.31674 2.16514
-1.85675 -3.34966 2.16514
-1.798 -3.38155 2.18522
-1.73871 -3.41242 2.18522
-1.67889 -3.44224 2.18522
-1.61856 -3.47102 2.19639
-1.55774 -3.49874 2.19639
-1.49644 -3.52539 2.19639
-1.43469 -3.55097 2.19886
-1.37249 -3.57547 2.19886
-1.30988 -3.59888 2.19886
-1.24688 -3.62119 2.19886
-1.18349 -3.6424 2.19227
-1.11974 -3.6625 2.19227
-1.05565 -3.68148 2.19227
-0.991237 -3.69935 2.17569
-0.926524 -3.71608 2.17569
-0.861528 -3.73169 2.17569
-0.79627 -3.74615 2.14776
-0.730769 -3.75948 2.14776
-0.665046 -3.77166 2.14776
-0.59912 -3.78269 2.10699
-0.533012 -3.79257 2.10699
-0.466741 -3.8013 2.10699
-0.400328 -3.80887 2.05196
-0.333793 -3.81527 2.05196
-0.267157 -3.82052 2.05196
-0.200439 -3.8246 1.98163
-0.13366 -3.82751 1.98163
-0.06684 -3.82926 1.98163
-7.03531e-16 -3.82985 1.98163
0.06684 -3.82926 1.89559
0.13366 -3.82751 1.89559
0.200439 -3.8246 1.89559
0.267157 -3.82052 1.79422
0.333793 -3.81527 1.79422
0.400328 -3.80887 1.79422
0.466741 -3.8013 1.67874
0.533012 -3.79257 1.67874
0.59912 -3.78269 1.67874
0.665046 -3.77166 1.55127
0.730769 -3.75948 1.55127
0.79627 -3.74615 1.55127
0.861528 -3.73169 1.41468
0.926524 -3.71608 1.41468
0.991237 -3.69935 1.41468
1.05565 -3.68148 1.27248
1.11974 -3.6625 1.27248
1.18349 -3.6424 1.27248
1.24688 -3.62119 1.12864
1.30988 -3.59888 1.12864
1.37249 -3.57547 1.12864
1.43469 -3.55097 1.12864
1.49644 -3.52539 0.987438
1.55774 -3.49874 0.987438
1.61856 -3.47102 0.987438
1.67889 -3.44224 0.853214
1.73871 -3.41242 0.853214
1.798 -3.38155 0.853214
1.85675 -3.34966 0.730244
1.91492 -3.31674 0.730244
1.97252 -3.28282 0.730244
2.02951 -3.24789 0.622539
2.08588 -3.21198 0.622539
2.14162 -3.17509 0.622539
2.19671 -3.13723 0.533642
2.25113 -3.09841 0.533642
2.30486 -3.05865 0.533642
2.35789 -3.01796 0.466409
2.4102 -2.97635 0.466409
2.46178 -2.93383 0.466409
2.5126 -2.89042 0.466409
2.56267 -2.84613 0.422847
2.61195 -2.80097 0.422847
2.66043 -2.75496 0.422847
2.70811 -2.70811 0.403972
2.75496 -2.66043 0.403972
2.80097 -2.61195 0.403972
2.84613 -2.56267 0.409726
2.89042 -2.5126 0.409726
2.93383 -2.46178 0.409726
2.97635 -2.4102 0.43896
3.01796 -2.35789 0.43896
3.05865 -2.30486 0.43896
3.09841 -2.25113 0.489484
3.13723 -2.19671 0.489484
3.17509 -2.14162 0.489484
3.21198 -2.08588 0.558189
3.24789 -2.02951 0.558189
3.28282 -1.97252 0.558189
3.31674 -1.91492 0.558189
3.34966 -1.85675 0.641202
3.38155 -1.798 0.641202
3.41242 -1.73871 0.641202
3.44224 -1.67889 0.734071
3.47102 -1.61856 0.734071
3.49874 -1.55774 0.734071
3.52539 -1.49644 0.831958
3.55097 -1.43469 0.831958
3.57547 -1.37249 0.831958
3.59888 -1.30988 0.92984
3.62119 -1.24688 0.92984
3.6424 -1.18349 0.92984
3.6625 -1.11974 1.02272
3.68148 -1.05565 1.02272
3.69935 -0.991237 1.02272
3.71608 -0.926524 1.10581
3.73169 -0.861528 1.10581
3.74615 -0.79627 1.10581
3.75948 -0.730769 1.17481
3.77166 -0.665046 1.17481
3.78269 -0.59912 1.17481
3.79257 -0.533012 1.17481
3.8013 -0.466741 1.22608
3.80887 -0.400328 1.22608
3.81527 -0.333793 1.22608
3.82052 -0.267157 1.2569
3.8246 -0.200439 1.2569
3.82751 -0.13366 1.2569
3.82926 -0.06684 1.19826

3.90963 0 1.34962
3.90904 0.0682325 1.34962
3.90725 0.136444 1.33381
3.90428 0.204614 1.33381
3.90011 0.272722 1.33381
3.89476 0.340747 1.29342
3.88822 0.408668 1.29342
3.88049 0.476465 1.29342
3.87159 0.544116 1.23048
3.8615 0.611602 1.23048
3.85024 0.678901 1.23048
3.8378 0.745993 1.14804
3.8242 0.812859 1.14804
3.80943 0.879476 1.14804
3.7935 0.945826 1.05007
3.77642 1.01189 1.05007
3.75818 1.07764 1.05007
3.7388 1.14307 0.941173
3.71828 1.20814 0.941173
3.69663 1.27285 0.941173
3.67385 1.33717 0.826381
3.64996 1.40109 0.826381
3.62495 1.46457 0.826381
3.59884 1.52762 0.710941
3.57163 1.59019 0.710941
3.54333 1.65228 0.710941
3.51396 1.71387 0.600123
3.48351 1.77494 0.600123
3.452 1.83546 0.600123
3.41944 1.89543 0.499047
3.38584 1.95482 0.499047
3.35121 2.01361 0.499047
3.31556 2.07179 0.412506
3.2789 2.12934 0.412506
3.24123 2.18624 0.412506
3.20258 2.24247 0.34479
3.16296 2.29803 0.34479
3.12237 2.35288 0.34479
3.08083 2.40701 0.29949
3.03836 2.46041 0.29949
2.99495 2.51306 0.29949
2.95064 2.56495 0.279331
2.90542 2.61606 0.279331
2.85933 2.66636 0.279331
2.81236 2.71586 0.28602
2.76453 2.76453 0.28602
2.71586 2.81236 0.28602
2.66636 2.85933 0.320159
2.61606 2.90542 0.320159
2.56495 2.95064 0.320159
2.51306 2.99495 0.381222
2.46041 3.03836 0.381222
2.40701 3.08083 0.381222
2.35288 3.12237 0.467602
2.29803 3.16296 0.467602
2.24247 3.20258 0.467602
2.18624 3.24123 0.576728
2.12934 3.2789 0.576728
2.07179 3.31556 0.576728
2.01361 3.35121 0.705229
1.95482 3.38584 0.705229
1.89543 3.41944 0.705229
1.83546 3.452 0.849113
1.77494 3.48351 0.849113
1.71387 3.51396 0.849113
1.65228 3.54333 1.00398
1.59019 3.57163 1.00398
1.52762 3.59884 1.00398
1.46457 3.62495 1.1652
1.40109 3.64996 1.1652
1.33717 3.67385 1.1652
1.27285 3.69663 1.32812
1.20814 3.71828 1.32812
1.14307 3.7388 1.32812
1.07764 3.75818 1.48813
1.01189 3.77642 1.48813
0.945826 3.7935 1.48813
0.879476 3.80943 1.64096
0.812859 3.8242 1.64096
0.745993 3.8378 1.64096
0.678901 3.85024 1.78275
0.611602 3.8615 1.78275
0.544116 3.87159 1.78275
0.476465 3.88049 1.91034
0.408668 3.88822 1.91034
0.340747 3.89476 1.91034
0.272722 3.90011 2.02137
0.204614 3.90428 2.02137
0.136444 3.90725 2.02137
0.0682325 3.90904 2.11446
2.39396e-16 3.90963 2.11446
-0.0682325 3.90904 2.11446
-0.136444 3.90725 2.18919
-0.204614 3.90428 2.18919
-0.272722 3.90011 2.18919
-0.340747 3.89476 2.24611
-0.408668 3.88822 2.24611
-0.476465 3.88049 2.24611
-0.544116 3.87159 2.28658
-0.611602 3.8615 2.28658
-0.678901 3.85024 2.28658
-0.745993 3.8378 2.3125
-0.812859 3.8242 2.3125
-0.879476 3.80943 2.3125
-0.945826 3.7935 2.32601
-1.01189 3.77642 2.32601
-1.07764 3.75818 2.32601
-1.14307 3.7388 2.3292
-1.20814 3.71828 2.3292
-1.27285 3.69663 2.3292
-1.33717 3.67385 2.32374
-1.40109 3.64996 2.32374
-1.46457 3.62495 2.32374
-1.52762 3.59884 2.31074
-1.59019 3.57163 2.31074
-1.65228 3.54333 2.31074
-1.71387 3.51396 2.29051
-1.77494 3.48351 2.29051
-1.83546 3.452 2.29051
-1.89543 3.41944 2.26266
-1.95482 3.38584 2.26266
-2.01361 3.35121 2.26266
-2.07179 3.31556 2.22614
-2.12934 3.2789 2.22614
-2.18624 3.24123 2.22614
-2.24247 3.20258 2.17947
-2.29803 3.16296 2.17947
-2.35288 3.12237 2.17947
-2.40701 3.08083 2.12112
-2.46041 3.03836 2.12112
-2.51306 2.99495 2.12112
-2.56495 2.95064 2.04973
-2.61606 2.90542 2.04973
-2.66636 2.85933 2.04973
-2.71586 2.81236 1.96439
-2.76453 2.76453 1.96439
-2.81236 2.71586 1.96439
-2.85933 2.66636 1.86485
-2.90542 2.61606 1.86485
-2.95064 2.56495 1.86485
-2.99495 2.51306 1.75166
-3.03836 2.46041 1.75166
-3.08083 2.40701 1.75166
-3.12237 2.35288 1.62619
-3.16296 2.29803 1.62619
-3.20258 2.24247 1.62619
-3.24123 2.18624 1.4906
-3.2789 2.12934 1.4906
-3.31556 2.07179 1.4906
-3.35121 2.01361 1.34774
-3.38584 1.95482 1.34774
-3.41944 1.89543 1.34774
-3.452 1.83546 1.20104
-3.48351 1.77494 1.20104
-3.51396 1.71387 1.20104
-3.54333 1.65228 1.05435
-3.57163 1.59019 1.05435
-3.59884 1.52762 1.05435
-3.62495 1.46457 0.911752
-3.64996 1.40109 0.911752
-3.67385 1.33717 0.911752
-3.69663 1.27285 0.777493
-3.71828 1.20814 0.777493
-3.7388 1.14307 0.777493
-3.75818 1.07764 0.655775
-3.77642 1.01189 0.655775
-3.7935 0.945826 0.655775
-3.80943 0.879476 0.550611
-3.8242 0.812859 0.550611
-3.8378 0.745993 0.550611
-3.85024 0.678901 0.465642
-3.8615 0.611602 0.465642
-3.87159 0.544116 0.465642
-3.88049 0.476465 0.403938
-3.88822 0.408668 0.403938
-3.89476 0.340747 0.403938
-3.90011 0.272722 0.367815
-3.90428 0.204614 0.367815
-3.90725 0.136444 0.367815
-3.90904 0.0682325 0.358675
-3.90963 4.78792e-16 0.358675
-3.90904 -0.0682325 0.358675
-3.90725 -0.136444 0.376909
-3.90428 -0.204614 0.376909
-3.90011 -0.272722 0.376909
-3.89476 -0.340747 0.421858
-3.88822 -0.408668 0.421858
-3.88049 -0.476465 0.421858
-3.87159 -0.544116 0.491866
-3.8615 -0.611602 0.491866
-3.85024 -0.678901 0.491866
-3.8378 -0.745993 0.584392
-3.8242 -0.812859 0.584392
-3.80943 -0.879476 0.584392
-3.7935 -0.945826 0.696173
-3.77642 -1.01189 0.696173
-3.75818 -1.07764 0.696173
-3.7388 -1.14307 0.823415
-3.71828 -1.20814 0.823415
-3.69663 -1.27285 0.823415
-3.67385 -1.33717 0.961985
-3.64996 -1.40109 0.961985
-3.62495 -1.46457 0.961985
-3.59884 -1.52762 1.10759
-3.57163 -1.59019 1.10759
-3.54333 -1.65228 1.10759
-3.51396 -1.71387 1.25593
-3.48351 -1.77494 1.25593
-3.452 -1.83546 1.25593
-3.41944 -1.89543 1.40286
-3.38584 -1.95482 1.40286
-3.35121 -2.01361 1.40286
-3.31556 -2.07179 1.54455
-3.2789 -2.12934 1.54455
-3.24123 -2.18624 1.54455
-3.20258 -2.24247 1.67761
-3.16296 -2.29803 1.67761
-3.12237 -2.35288 1.67761
-3.08083 -2.40701 1.79925
-3.03836 -2.46041 1.79925
-2.99495 -2.51306 1.79925
-2.95064 -2.56495 1.90745
-2.90542 -2.61606 1.90745
-2.85933 -2.66636 1.90745
-2.81236 -2.71586 2.00099
-2.76453 -2.76453 2.00099
-2.71586 -2.81236 2.00099
-2.66636 -2.85933 2.07952
-2.61606 -2.90542 2.07952
-2.56495 -2.95064 2.07952
-2.51306 -2.99495 2.1435
-2.46041 -3.03836 2.1435
-2.40701 -3.08083 2.1435
-2.35288 -3.12237 2.19402
-2.29803 -3.16296 2.19402
-2.24247 -3.20258 2.19402
-2.18624 -3.24123 2.23259
-2.12934 -3.2789 2.23259
-2.07179 -3.31556 2.23259
-2.01361 -3.35121 2.2609
-1.95482 -3.38584 2.2609
-1.89543 -3.41944 2.2609
-1.83546 -3.452 2.28046
-1.77494 -3.48351 2.28046
-1.71387 -3.51396 2.28046
-1.65228 -3.54333 2.29238
-1.59019 -3.57163 2.29238
-1.52762 -3.59884 2.29238
-1.46457 -3.62495 2.29704
-1.40109 -3.64996 2.29704
-1.33717 -3.67385 2.29704
-1.27285 -3.69663 2.29413
-1.20814 -3.71828 2.29413
-1.14307 -3.7388 2.29413
-1.07764 -3.75818 2.2826
-1.01189 -3.77642 2.2826
-0.945826 -3.7935 2.2826
-0.879476 -3.80943 2.26083
-0.812859 -3.8242 2.26083
-0.745993 -3.8378 2.26083
-0.678901 -3.85024 2.22688
-0.611602 -3.8615 2.22688
-0.544116 -3.87159 2.22688
-0.476465 -3.88049 2.17878
-0.408668 -3.88822 2.17878
-0.340747 -3.89476 2.17878
-0.272722 -3.90011 2.11486
-0.204614 -3.90428 2.11486
-0.136444 -3.90725 2.11486
-0.0682325 -3.90904 2.03402
-7.18188e-16 -3.90963 2.03402
0.0682325 -3.90904 2.03402
0.136444 -3.90725 1.93595
0.204614 -3.90428 1.93595
0.272722 -3.90011 1.93595
0.340747 -3.89476 1.82127
0.408668 -3.88822 1.82127
0.476465 -3.88049 1.82127
0.544116 -3.87159 1.69153
0.611602 -3.8615 1.69153
0.678901 -3.85024 1.69153
0.745993 -3.8378 1.54918
0.812859 -3.8242 1.54918
0.879476 -3.80943 1.54918
0.945826 -3.7935 1.39742
1.01189 -3.77642 1.39742
1.07764 -3.75818 1.39742
1.14307 -3.7388 1.24004
1.20814 -3.71828 1.24004
1.27285 -3.69663 1.24004
1.33717 -3.67385 1.08127
1.40109 -3.64996 1.08127
1.46457 -3.62495 1.08127
1.52762 -3.59884 0.925562
1.59019 -3.57163 0.925562
1.65228 -3.54333 0.925562
1.71387 -3.51396 0.777437
1.77494 -3.48351 0.777437
1.83546 -3.452 0.777437
1.89543 -3.41944 0.641348
1.95482 -3.38584 0.641348
2.01361 -3.35121 0.641348
2.07179 -3.31556 0.521508
2.12934 -3.2789 0.521508
2.18624 -3.24123 0.521508
2.24247 -3.20258 0.421697
2.29803 -3.16296 0.421697
2.35288 -3.12237 0.421697
2.40701 -3.08083 0.345044
2.46041 -3.03836 0.345044
2.51306 -2.99495 0.345044
2.56495 -2.95064 0.293853
2.61606 -2.90542 0.293853
2.66636 -2.85933 0.293853
2.71586 -2.81236 0.269448
2.76453 -2.76453 0.269448
2.81236 -2.71586 0.269448
2.85933 -2.66636 0.272072
2.90542 -2.61606 0.272072
2.95064 -2.56495 0.272072
2.99495 -2.51306 0.300849
3.03836 -2.46041 0.300849
3.08083 -2.40701 0.300849
3.12237 -2.35288 0.353825
3.16296 -2.29803 0.353825
3.20258 -2.24247 0.353825
3.24123 -2.18624 0.428073
3.2789 -2.12934 0.428073
3.31556 -2.07179 0.428073
3.35121 -2.01361 0.519844
3.38584 -1.95482 0.519844
3.41944 -1.89543 0.519844
3.452 -1.83546 0.62474
3.48351 -1.77494 0.62474
3.51396 -1.71387 0.62474
3.54333 -1.65228 0.737907
3.57163 -1.59019 0.737907
3.59884 -1.52762 0.737907
3.62495 -1.46457 0.854206
3.64996 -1.40109 0.854206
3.67385 -1.33717 0.854206
3.69663 -1.27285 0.968392
3.71828 -1.20814 0.968392
3.7388 -1.14307 0.968392
3.75818 -1.07764 1.07528
3.77642 -1.01189 1.07528
3.7935 -0.945826 1.07528
3.80943 -0.879476 1.16996
3.8242 -0.812859 1.16996
3.8378 -0.745993 1.16996
3.85024 -0.678901 1.24799
3.8615 -0.611602 1.24799
3.87159 -0.544116 1.24799
3.88049 -0.476465 1.30563
3.88822 -0.408668 1.30563
3.89476 -0.340747 1.30563
3.90011 -0.272722 1.34007
3.90428 -0.204614 1.34007
3.90725 -0.136444 1.34007
3.90904 -0.0682325 1.2656

3.98942 0 1.34962
3.98882 0.069625 1.34962
3.98699 0.139229 1.33381
3.98396 0.20879 1.33381
3.9797 0.278288 1.33381
3.97424 0.347701 1.29342
3.96757 0.417008 1.29342
3.95969 0.486188 1.29342
3.9506 0.55522 1.23048
3.94031 0.624083 1.23048
3.92881 0.692756 1.23048
3.91613 0.761218 1.14804
3.90224 0.829448 1.14804
3.88717 0.897425 1.14804
3.87092 0.965129 1.05007
3.85349 1.03254 1.05007
3.83488 1.09963 1.05007
3.8151 1.16639 0.941173
3.79417 1.2328 0.941173
3.77207 1.29883 0.941173
3.74883 1.36446 0.826381
3.72445 1.42968 0.826381
3.69893 1.49446 0.826381
3.67228 1.55879 0.710941
3.64452 1.62264 0.710941
3.61564 1.686 0.710941
3.58567 1.74885 0.600123
3.5546 1.81116 0.600123
3.52245 1.87292 0.600123
3.48923 1.93411 0.499047
3.45494 1.99471 0.499047
3.4196 2.0547 0.499047
3.38322 2.11407 0.412506
3.34581 2.1728 0.412506
3.30738 2.23086 0.412506
3.26794 2.28824 0.34479
3.22751 2.34492 0.34479
3.18609 2.40089 0.34479
3.14371 2.45613 0.29949
3.10036 2.51063 0.29949
3.05608 2.56435 0.29949
3.01086 2.6173 0.279331
2.96472 2.66944 0.279331
2.91768 2.72078 0.279331
2.86975 2.77129 0.28602
2.82095 2.82095 0.28602
2.77129 2.86975 0.28602
2.72078 2.91768 0.320159
2.66944 2.96472 0.320159
2.6173 3.01086 0.320159
2.56435 3.05608 0.381222
2.51063 3.10036 0.381222
2.45613 3.14371 0.381222
2.40089 3.18609 0.467602
2.34492 3.22751 0.467602
2.28824 3.26794 0.467602
2.23086 3.30738 0.576728
2.1728 3.34581 0.576728
2.11407 3.38322 0.576728
2.0547 3.4196 0.705229
1.99471 3.45494 0.705229
1.93411 3.48923 0.705229
1.87292 3.52245 0.849113
1.81116 3.5546 0.849113
1.74885 3.58567 0.849113
1.686 3.61564 1.00398
1.62264 3.64452 1.00398
1.55879 3.67228 1.00398
1.49446 3.69893 1.1652
1.42968 3.72445 1.1652
1.36446 3.74883 1.1652
1.29883 3.77207 1.32812
1.2328 3.79417 1.32812
1.16639 3.8151 1.32812
1.09963 3.83488 1.48813
1.03254 3.85349 1.48813
0.965129 3.87092 1.48813
0.897425 3.88717 1.64096
0.829448 3.90224 1.64096
0.761218 3.91613 1.64096
0.692756 3.92881 1.78275
0.624083 3.94031 1.78275
0.55522 3.9506 1.78275
0.486188 3.95969 1.91034
0.417008 3.96757 1.91034
0.347701 3.97424 1.91034
0.278288 3.9797 2.02137
0.20879 3.98396 2.02137
0.139229 3.98699 2.02137
0.069625 3.98882 2.11446
2.44282e-16 3.98942 2.11446
-0.069625 3.98882 2.11446
-0.139229 3.98699 2.18919
-0.20879 3.98396 2.18919
-0.278288 3.9797 2.18919
-0.347701 3.97424 2.24611
-0.417008 3.96757 2.24611
-0.486188 3.95969 2.24611
-0.55522 3.9506 2.28658
-0.624083 3.94031 2.28658
-0.692756 3.92881 2.28658
-0.761218 3.91613 2.3125
-0.829448 3.90224 2.3125
-0.897425 3.88717 2.3125
-0.965129 3.87092 2.32601
-1.03254 3.85349 2.32601
-1.09963 3.83488 2.32601
-1.16639 3.8151 2.3292
-1.2328 3.79417 2.3292
-1.29883 3.77207 2.3292
-1.36446 3.74883 2.32374
-1.42968 3.72445 2.32374
-1.49446 3.69893 2.32374
-1.55879 3.67228 2.31074
-1.62264 3.64452 2.31074
-1.686 3.61564 2.31074
-1.74885 3.58567 2.29051
-1.81116 3.5546 2.29051
-1.87292 3.52245 2.29051
-1.93411 3.48923 2.26266
-1.99471 3.45494 2.26266
-2.0547 3.4196 2.26266
-2.11407 3.38322 2.22614
-2.1728 3.34581 2.22614
-2.23086 3.30738 2.22614
-2.28824 3.26794 2.17947
-2.34492 3.22751 2.17947
-2.40089 3.18609 2.17947
-2.45613 3.14371 2.12112
-2.51063 3.10036 2.12112
-2.56435 3.05608 2.12112
-2.6173 3.01086 2.04973
-2.66944 2.96472 2.04973
-2.72078 2.91768 2.04973
-2.77129 2.86975 1.96439
-2.82095 2.82095 1.96439
-2.86975 2.77129 1.96439
-2.91768 2.72078 1.86485
-2.96472 2.66944 1.86485
-3.01086 2.6173 1.86485
-3.05608 2.56435 1.75166
-3.10036 2.51063 1.75166
-3.14371 2.45613 1.75166
-3.18609 2.40089 1.62619
-3.22751 2.34492 1.62619
-3.26794 2.28824 1.62619
-3.30738 2.23086 1.4906
-3.34581 2.1728 1.4906
-3.38322 2.11407 1.4906
-3.4196 2.0547 1.34774
-3.45494 1.99471 1.34774
-3.48923 1.93411 1.34774
-3.52245 1.87292 1.20104
-3.5546 1.81116 1.20104
-3.58567 1.74885 1.20104
-3.61564 1.686 1.05435
-3.64452 1.62264 1.05435
-3.67228 1.55879 1.05435
-3.69893 1.49446 0.911752
-3.72445 1.42968 0.911752
-3.74883 1.36446 0.911752
-3.77207 1.29883 0.777493
-3.79417 1.2328 0.777493
-3.8151 1.16639 0.777493
-3.83488 1.09963 0.655775
-3.85349 1.03254 0.655775
-3.87092 0.965129 0.655775
-3.88717 0.897425 0.550611
-3.90224 0.829448 0.550611
-3.91613 0.761218 0.550611
-3.92881 0.692756 0.465642
-3.94031 0.624083 0.465642
-3.9506 0.55522 0.465642
-3.95969 0.486188 0.403938
-3.96757 0.417008 0.403938
-3.97424 0.347701 0.403938
-3.9797 0.278288 0.367815
-3.98396 0.20879 0.367815
-3.98699 0.139229 0.367815
-3.98882 0.069625 0.358675
-3.98942 4.88563e-16 0.358675
-3.98882 -0.069625 0.358675
-3.98699 -0.139229 0.376909
-3.98396 -0.20879 0.376909
-3.9797 -0.278288 0.376909
-3.97424 -0.347701 0.421858
-3.96757 -0.417008 0.421858
-3.95969 -0.486188 0.421858
-3.9506 -0.55522 0.491866
-3.94031 -0.624083 0.491866
-3.92881 -0.692756 0.491866
-3.91613 -0.761218 0.584392
-3.90224 -0.829448 0.584392
-3.88717 -0.897425 0.584392
-3.87092 -0.965129 0.696173
-3.85349 -1.03254 0.696173
-3.83488 -1.09963 0.696173
-3.8151 -1.16639 0.823415
-3.79417 -1.2328 0.823415
-3.77207 -1.29883 0.823415
-3.74883 -1.36446 0.961985
-3.72445 -1.42968 0.961985
-3.69893 -1.49446 0.961985
-3.67228 -1.55879 1.10759
-3.64452 -1.62264 1.10759
-3.61564 -1.686 1.10759
-3.58567 -1.74885 1.25593
-3.5546 -1.81116 1.25593
-3.52245 -1.87292 1.25593
-3.48923 -1.93411 1.40286
-3.45494 -1.99471 1.40286
-3.4196 -2.0547 1.40286
-3.38322 -2.11407 1.54455
-3.34581 -2.1728 1.54455
-3.30738 -2.23086 1.54455
-3.26794 -2.28824 1.67761
-3.22751 -2.34492 1.67761
-3.18609 -2.40089 1.67761
-3.14371 -2.45613 1.79925
-3.10036 -2.51063 1.79925
-3.05608 -2.56435 1.79925
-3.01086 -2.6173 1.90745
-2.96472 -2.66944 1.90745
-2.91768 -2.72078 1.90745
-2.86975 -2.77129 2.00099
-2.82095 -2.82095 2.00099
-2.77129 -2.86975 2.00099
-2.72078 -2.91768 2.07952
-2.66944 -2.96472 2.07952
-2.6173 -3.01086 2.07952
-2.56435 -3.05608 2.1435
-2.51063 -3.10036 2.1435
-2.45613 -3.14371 2.1435
-2.40089 -3.18609 2.19402
-2.34492 -3.22751 2.19402
-2.28824 -3.26794 2.19402
-2.23086 -3.30738 2.23259
-2.1728 -3.34581 2.23259
-2.11407 -3.38322 2.23259
-2.0547 -3.4196 2.2609
-1.99471 -3.45494 2.2609
-1.93411 -3.48923 2.2609
-1.87292 -3.52245 2.28046
-1.81116 -3.5546 2.28046
-1.74885 -3.58567 2.28046
-1.686 -3.61564 2.29238
-1.62264 -3.64452 2.29238
-1.55879 -3.67228 2.29238
-1.49446 -3.69893 2.29704
-1.42968 -3.72445 2.29704
-1.36446 -3.74883 2.29704
-1.29883 -3.77207 2.29413
-1.2328 -3.79417 2.29413
-1.16639 -3.8151 2.29413
-1.09963 -3.83488 2.2826
-1.03254 -3.85349 2.2826
-0.965129 -3.87092 2.2826
-0.897425 -3.88717 2.26083
-0.829448 -3.90224 2.26083
-0.761218 -3.91613 2.26083
-0.692756 -3.92881 2.22688
-0.624083 -3.94031 2.22688
-0.55522 -3.9506 2.22688
-0.486188 -3.95969 2.17878
-0.417008 -3.96757 2.17878
-0.347701 -3.97424 2.17878
-0.278288 -3.9797 2.11486
-0.20879 -3.98396 2.11486
-0.139229 -3.98699 2.11486
-0.069625 -3.98882 2.03402
-7.32845e-16 -3.98942 2.03402
0.069625 -3.98882 2.03402
0.139229 -3.98699 1.93595
0.20879 -3.98396 1.93595
0.278288 -3.9797 1.93595
0.347701 -3.97424 1.82127
0.417008 -3.96757 1.82127
0.486188 -3.95969 1.82127
0.55522 -3.9506 1.69153
0.624083 -3.94031 1.69153
0.692756 -3.92881 1.69153
0.761218 -3.91613 1.54918
0.829448 -3.90224 1.54918
0.897425 -3.88717 1.54918
0.965129 -3.87092 1.39742
1.03254 -3.85349 1.39742
1.09963 -3.83488 1.39742
1.16639 -3.8151 1.24004
1.2328 -3.79417 1.24004
1.29883 -3.77207 1.24004
1.36446 -3.74883 1.08127
1.42968 -3.72445 1.08127
1.49446 -3.69893 1.08127
1.55879 -3.67228 0.925562
1.62264 -3.64452 0.925562
1.686 -3.61564 0.925562
1.74885 -3.58567 0.777437
1.81116 -3.5546 0.777437
1.87292 -3.52245 0.777437
1.93411 -3.48923 0.641348
1.99471 -3.45494 0.641348
2.0547 -3.4196 0.641348
2.11407 -3.38322 0.521508
2.1728 -3.34581 0.521508
2.23086 -3.30738 0.521508
2.28824 -3.26794 0.421697
2.34492 -3.22751 0.421697
2.40089 -3.18609 0.421697
2.45613 -3.14371 0.345044
2.51063 -3.10036 0.345044
2.56435 -3.05608 0.345044
2.6173 -3.01086 0.293853
2.66944 -2.96472 0.293853
2.72078 -2.91768 0.293853
2.77129 -2.86975 0.269448
2.82095 -2.82095 0.269448
2.86975 -2.77129 0.269448
2.91768 -2.72078 0.272072
2.96472 -2.66944 0.272072
3.01086 -2.6173 0.272072
3.05608 -2.56435 0.300849
3.10036 -2.51063 0.300849
3.14371 -2.45613 0.300849
3.18609 -2.40089 0.353825
3.22751 -2.34492 0.353825
3.26794 -2.28824 0.353825
3.30738 -2.23086 0.428073
3.34581 -2.1728 0.428073
3.38322 -2.11407 0.428073
3.4196 -2.0547 0.519844
3.45494 -1.99471 0.519844
3.48923 -1.93411 0.519844
3.52245 -1.87292 0.62474
3.5546 -1.81116 0.62474
3.58567 -1.74885 0.62474
3.61564 -1.686 0.737907
3.64452 -1.62264 0.737907
3.67228 -1.55879 0.737907
3.69893 -1.49446 0.854206
3.72445 -1.42968 0.854206
3.74883 -1.36446 0.854206
3.77207 -1.29883 0.968392
3.79417 -1.2328 0.968392
3.8151 -1.16639 0.968392
3.83488 -1.09963 1.07528
3.85349 -1.03254 1.07528
3.87092 -0.965129 1.07528
3.88717 -0.897425 1.16996
3.90224 -0.829448 1.16996
3.91613 -0.761218 1.16996
3.92881 -0.692756 1.24799
3.94031 -0.624083 1.24799
3.9506 -0.55522 1.24799
3.95969 -0.486188 1.30563
3.96757 -0.417008 1.30563
3.97424 -0.347701 1.30563
3.9797 -0.278288 1.34007
3.98396 -0.20879 1.34007
3.98699 -0.139229 1.34007
3.98882 -0.069625 1.2656

4.06921 0 1.34962
4.06859 0.0710175 1.34962
4.06673 0.142013 1.33381
4.06363 0.212966 1.33381
4.0593 0.283854 1.33381
4.05373 0.354655 1.29342
4.04692 0.425348 1.29342
4.03888 0.495912 1.29342
4.02961 0.566325 1.23048
4.01911 0.636565 1.23048
4.00739 0.706611 1.23048
3.99445 0.776442 1.14804
3.98029 0.846037 1.14804
3.96492 0.915373 1.14804
3.94834 0.984431 1.05007
3.93056 1.05319 1.05007
3.91158 1.12163 1.05007
3.89141 1.18972 0.941173
3.87005 1.25746 0.941173
3.84751 1.32481 0.941173
3.82381 1.39175 0.826381
3.79894 1.45827 0.826381
3.77291 1.52435 0.826381
3.74573 1.58997 0.710941
3.71741 1.6551 0.710941
3.68796 1.71972 0.710941
3.65738 1.78382 0.600123
3.62569 1.84738 0.600123
3.5929 1.91038 0.600123
3.55901 1.97279 0.499047
3.52404 2.03461 0.499047
3.48799 2.0958 0.499047
3.45089 2.15635 0.412506
3.41273 2.21625 0.412506
3.37353 2.27547 0.412506
3.3333 2.334 0.34479
3.29206 2.39182 0.34479
3.24982 2.44891 0.34479
3.20658 2.50526 0.29949
3.16237 2.56084 0.29949
3.1172 2.61564 0.29949
3.07107 2.66964 0.279331
3.02401 2.72283 0.279331
2.97603 2.7752 0.279331
2.92715 2.82671 0.28602
2.87737 2.87737 0.28602
2.82671 2.92715 0.28602
2.7752 2.97603 0.320159
2.72283 3.02401 0.320159
2.66964 3.07107 0.320159
2.61564 3.1172 0.381222
2.56084 3.16237 0.381222
2.50526 3.20658 0.381222
2.44891 3.24982 0.467602
2.39182 3.29206 0.467602
2.334 3.3333 0.467602
2.27547 3.37353 0.576728
2.21625 3.41273 0.576728
2.15635 3.45089 0.576728
2.0958 3.48799 0.705229
2.03461 3.52404 0.705229
1.97279 3.55901 0.705229
1.91038 3.5929 0.849113
1.84738 3.62569 0.849113
1.78382 3.65738 0.849113
1.71972 3.68796 1.00398
1.6551 3.71741 1.00398
1.58997 3.74573 1.00398
1.52435 3.77291 1.1652
1.45827 3.79894 1.1652
1.39175 3.82381 1.1652
1.32481 3.84751 1.32812
1.25746 3.87005 1.32812
1.18972 3.89141 1.32812
1.12163 3.91158 1.48813
1.05319 3.93056 1.48813
0.984431 3.94834 1.48813
0.915373 3.96492 1.64096
0.846037 3.98029 1.64096
0.776442 3.99445 1.64096
0.706611 4.00739 1.78275
0.636565 4.01911 1.78275
0.566325 4.02961 1.78275
0.495912 4.03888 1.91034
0.425348 4.04692 1.91034
0.354655 4.05373 1.91034
0.283854 4.0593 2.02137
0.212966 4.06363 2.02137
0.142013 4.06673 2.02137
0.0710175 4.06859 2.11446
2.49167e-16 4.06921 2.11446
-0.0710175 4.06859 2.11446
-0.142013 4.06673 2.18919
-0.212966 4.06363 2.18919
-0.283854 4.0593 2.18919
-0.354655 4.05373 2.24611
-0.425348 4.04692 2.24611
-0.495912 4.03888 2.24611
-0.566325 4.02961 2.28658
-0.636565 4.01911 2.28658
-0.706611 4.00739 2.28658
-0.776442 3.99445 2.3125
-0.846037 3.98029 2.3125
-0.915373 3.96492 2.3125
-0.984431 3.94834 2.32601
-1.05319 3.93056 2.32601
-1.12163 3.91158 2.32601
-1.18972 3.89141 2.3292
-1.25746 3.87005 2.3292
-1.32481 3.84751 2.3292
-1.39175 3.82381 2.32374
-1.45827 3.79894 2.32374
-1.52435 3.77291 2.32374
-1.58997 3.74573 2.31074
-1.6551 3.71741 2.31074
-1.71972 3.68796 2.31074
-1.78382 3.65738 2.29051
-1.84738 3.62569 2.29051
-1.91038 3.5929 2.29051
-1.97279 3.55901 2.26266
-2.03461 3.52404 2.26266
-2.0958 3.48799 2.26266
-2.15635 3.45089 2.22614
-2.21625 3.41273 2.22614
-2.27547 3.37353 2.22614
-2.334 3.3333 2.17947
-2.39182 3.29206 2.17947
-2.44891 3.24982 2.17947
-2.50526 3.20658 2.12112
-2.56084 3.16237 2.12112
-2.61564 3.1172 2.12112
-2.66964 3.07107 2.04973
-2.72283 3.02401 2.04973
-2.7752 2.97603 2.04973
-2.82671 2.92715 1.96439
-2.87737 2.87737 1.96439
-2.92715 2.82671 1.96439
-2.97603 2.7752 1.86485
-3.02401 2.72283 1.86485
-3.07107 2.66964 1.86485
-3.1172 2.61564 1.75166
-3.16237 2.56084 1.75166
-3.20658 2.50526 1.75166
-3.24982 2.44891 1.62619
-3.29206 2.39182 1.62619
-3.3333 2.334 1.62619
-3.37353 2.27547 1.4906
-3.41273 2.21625 1.4906
-3.45089 2.15635 1.4906
-3.48799 2.0958 1.34774
-3.52404 2.03461 1.34774
-3.55901 1.97279 1.34774
-3.5929 1.91038 1.20104
-3.62569 1.84738 1.20104
-3.65738 1.78382 1.20104
-3.68796 1.71972 1.05435
-3.71741 1.6551 1.05435
-3.74573 1.58997 1.05435
-3.77291 1.52435 0.911752
-3.79894 1.45827 0.911752
-3.82381 1.39175 0.911752
-3.84751 1.32481 0.777493
-3.87005 1.25746 0.777493
-3.89141 1.18972 0.777493
-3.91158 1.12163 0.655775
-3.93056 1.05319 0.655775
-3.94834 0.984431 0.655775
-3.96492 0.915373 0.550611
-3.98029 0.846037 0.550611
-3.99445 0.776442 0.550611
-4.00739 0.706611 0.465642
-4.01911 0.636565 0.465642
-4.02961 0.566325 0.465642
-4.03888 0.495912 0.403938
-4.04692 0.425348 0.403938
-4.05373 0.354655 0.403938
-4.0593 0.283854 0.367815
-4.06363 0.212966 0.367815
-4.06673 0.142013 0.367815
-4.06859 0.0710175 0.358675
-4.06921 4.98335e-16 0.358675
-4.06859 -0.0710175 0.358675
-4.06673 -0.142013 0.376909
-4.06363 -0.212966 0.376909
-4.0593 -0.283854 0.376909
-4.05373 -0.354655 0.421858
-4.04692 -0.425348 0.421858
-4.03888 -0.495912 0.421858
-4.02961 -0.566325 0.491866
-4.01911 -0.636565 0.491866
-4.00739 -0.706611 0.491866
-3.99445 -0.776442 0.584392
-3.98029 -0.846037 0.584392
-3.96492 -0.915373 0.584392
-3.94834 -0.984431 0.696173
-3.93056 -1.05319 0.696173
-3.91158 -1.12163 0.696173
-3.89141 -1.18972 0.823415
-3.87005 -1.25746 0.823415
-3.84751 -1.32481 0.823415
-3.82381 -1.39175 0.961985
-3.79894 -1.45827 0.961985
-3.77291 -1.52435 0.961985
-3.74573 -1.58997 1.10759
-3.71741 -1.6551 1.10759
-3.68796 -1.71972 1.10759
-3.65738 -1.78382 1.25593
-3.62569 -1.84738 1.25593
-3.5929 -1.91038 1.25593
-3.55901 -1.97279 1.40286
-3.52404 -2.03461 1.40286
-3.48799 -2.0958 1.40286
-3.45089 -2.15635 1.54455
-3.41273 -2.21625 1.54455
-3.37353 -2.27547 1.54455
-3.3333 -2.334 1.67761
-3.29206 -2.39182 1.67761
-3.24982 -2.44891 1.67761
-3.20658 -2.50526 1.79925
-3.16237 -2.56084 1.79925
-3.1172 -2.61564 1.79925
-3.07107 -2.66964 1.90745
-3.02401 -2.72283 1.90745
-2.97603 -2.7752 1.90745
-2.92715 -2.82671 2.00099
-2.87737 -2.87737 2.00099
-2.82671 -2.92715 2.00099
-2.7752 -2.97603 2.07952
-2.72283 -3.02401 2.07952
-2.66964 -3.07107 2.07952
-2.61564 -3.1172 2.1435
-2.56084 -3.16237 2.1435
-2.50526 -3.20658 2.1435
-2.44891 -3.24982 2.19402
-2.39182 -3.29206 2.19402
-2.334 -3.3333 2.19402
-2.27547 -3.37353 2.23259
-2.21625 -3.41273 2.23259
-2.15635 -3.45089 2.23259
-2.0958 -3.48799 2.2609
-2.03461 -3.52404 2.2609
-1.97279 -3.55901 2.2609
-1.91038 -3.5929 2.28046
-1.84738 -3.62569 2.28046
-1.78382 -3.65738 2.28046
-1.71972 -3.68796 2.29238
-1.6551 -3.71741 2.29238
-1.58997 -3.74573 2.29238
-1.52435 -3.77291 2.29704
-1.45827 -3.79894 2.29704
-1.39175 -3.82381 2.29704
-1.32481 -3.84751 2.29413
-1.25746 -3.87005 2.29413
-1.18972 -3.89141 2.29413
-1.12163 -3.91158 2.2826
-1.05319 -3.93056 2.2826
-0.984431 -3.94834 2.2826
-0.915373 -3.96492 2.26083
-0.846037 -3.98029 2.26083
-0.776442 -3.99445 2.26083
-0.706611 -4.00739 2.22688
-0.636565 -4.01911 2.22688
-0.566325 -4.02961 2.22688
-0.495912 -4.03888 2.17878
-0.425348 -4.04692 2.17878
-0.354655 -4.05373 2.17878
-0.283854 -4.0593 2.11486
-0.212966 -4.06363 2.11486
-0.142013 -4.06673 2.11486
-0.0710175 -4.06859 2.03402
-7.47502e-16 -4.06921 2.03402
0.0710175 -4.06859 2.03402
0.142013 -4.06673 1.93595
0.212966 -4.06363 1.93595
0.283854 -4.0593 1.93595
0.354655 -4.05373 1.82127
0.425348 -4.04692 1.82127
0.495912 -4.03888 1.82127
0.566325 -4.02961 1.69153
0.636565 -4.01911 1.69153
0.706611 -4.00739 1.69153
0.776442 -3.99445 1.54918
0.846037 -3.98029 1.54918
0.915373 -3.96492 1.54918
0.984431 -3.94834 1.39742
1.05319 -3.93056 1.39742
1.12163 -3.91158 1.39742
1.18972 -3.89141 1.24004
1.25746 -3.87005 1.24004
1.32481 -3.84751 1.24004
1.39175 -3.82381 1.08127
1.45827 -3.79894 1.08127
1.52435 -3.77291 1.08127
1.58997 -3.74573 0.925562
1.6551 -3.71741 0.925562
1.71972 -3.68796 0.925562
1.78382 -3.65738 0.777437
1.84738 -3.62569 0.777437
1.91038 -3.5929 0.777437
1.97279 -3.55901 0.641348
2.03461 -3.52404 0.641348
2.0958 -3.48799 0.641348
2.15635 -3.45089 0.521508
2.21625 -3.41273 0.521508
2.27547 -3.37353 0.521508
2.334 -3.3333 0.421697
2.39182 -3.29206 0.421697
2.44891 -3.24982 0.421697
2.50526 -3.20658 0.345044
2.56084 -3.16237 0.345044
2.61564 -3.1172 0.345044
2.66964 -3.07107 0.293853
2.72283 -3.02401 0.293853
2.7752 -2.97603 0.293853
2.82671 -2.92715 0.269448
2.87737 -2.87737 0.269448
2.92715 -2.82671 0.269448
2.97603 -2.7752 0.272072
3.02401 -2.72283 0.272072
3.07107 -2.66964 0.272072
3.1172 -2.61564 0.300849
3.16237 -2.56084 0.300849
3.20658 -2.50526 0.300849
3.24982 -2.44891 0.353825
3.29206 -2.39182 0.353825
3.3333 -2.334 0.353825
3.37353 -2.27547 0.428073
3.41273 -2.21625 0.428073
3.45089 -2.15635 0.428073
3.48799 -2.0958 0.519844
3.52404 -2.03461 0.519844
3.55901 -1.97279 0.519844
3.5929 -1.91038 0.62474
3.62569 -1.84738 0.62474
3.65738 -1.78382 0.62474
3.68796 -1.71972 0.737907
3.71741 -1.6551 0.737907
3.74573 -1.58997 0.737907
3.77291 -1.52435 0.854206
3.79894 -1.45827 0.854206
3.82381 -1.39175 0.854206
3.84751 -1.32481 0.968392
3.87005 -1.25746 0.968392
3.89141 -1.18972 0.968392
3.91158 -1.12163 1.07528
3.93056 -1.05319 1.07528
3.94834 -0.984431 1.07528
3.96492 -0.915373 1.16996
3.98029 -0.846037 1.16996
3.99445 -0.776442 1.16996
4.00739 -0.706611 1.24799
4.01911 -0.636565 1.24799
4.02961 -0.566325 1.24799
4.03888 -0.495912 1.30563
4.04692 -0.425348 1.30563
4.05373 -0.354655 1.30563
4.0593 -0.283854 1.34007
4.06363 -0.212966 1.34007
4.06673 -0.142013 1.34007
4.06859 -0.0710175 1.2656

4.149 0 1.45219
4.14837 0.07241 1.45219
4.14647 0.144798 1.43428
4.14331 0.217142 1.43428
4.13889 0.28942 1.43428
4.13321 0.361609 1.38887
4.12627 0.433689 1.38887
4.11807 0.505636 1.38887
4.10862 0.577429 1.31803
4.09792 0.649047 1.31803
4.08597 0.720466 1.22496
4.07277 0.791666 1.22496
4.05833 0.862626 1.22496
4.04266 0.933322 1.11377
4.02576 1.00373 1.11377
4.00763 1.07384 1.11377
3.98827 1.14362 0.989216
3.96771 1.21305 0.989216
3.94593 1.28211 0.989216
3.92296 1.35078 0.856487
3.89878 1.41904 0.856487
3.87342 1.48687 0.856487
3.84689 1.55424 0.721
3.81917 1.62114 0.721
3.7903 1.68755 0.721
3.76027 1.75344 0.58822
3.7291 1.8188 0.58822
3.69679 1.88361 0.58822
3.66335 1.94784 0.463524
3.6288 2.01147 0.463524
3.59314 2.0745 0.352058
3.55639 2.13689 0.352058
3.51855 2.19863 0.352058
3.47964 2.25971 0.258582
3.43968 2.32009 0.258582
3.39866 2.37977 0.258582
3.35661 2.43872 0.187296
3.31354 2.49693 0.187296
3.26946 2.55438 0.187296
3.22438 2.61105 0.141647
3.17832 2.66693 0.141647
3.13129 2.72199 0.141647
3.08331 2.77622 0.124151
3.03439 2.82961 0.124151
2.98454 2.88214 0.124151
2.93379 2.93379 0.136255
2.88214 2.98454 0.136255
2.82961 3.03439 0.136255
2.77622 3.08331 0.178254
2.72199 3.13129 0.178254
2.66693 3.17832 0.249288
2.61105 3.22438 0.249288
2.55438 3.26946 0.249288
2.49693 3.31354 0.347412
2.43872 3.35661 0.347412
2.37977 3.39866 0.347412
2.32009 3.43968 0.469735
2.25971 3.47964 0.469735
2.19863 3.51855 0.469735
2.13689 3.55639 0.612601
2.0745 3.59314 0.612601
2.01147 3.6288 0.612601
1.94784 3.66335 0.771775
1.88361 3.69679 0.771775
1.8188 3.7291 0.771775
1.75344 3.76027 0.942662
1.68755 3.7903 0.942662
1.62114 3.81917 0.942662
1.55424 3.84689 1.12048
1.48687 3.87342 1.12048
1.41904 3.89878 1.30038
1.35078 3.92296 1.30038
1.28211 3.94593 1.30038
1.21305 3.96771 1.47759
1.14362 3.98827 1.47759
1.07384 4.00763 1.47759
1.00373 4.02576 1.64756
0.933322 4.04266 1.64756
0.862626 4.05833 1.64756
0.791666 4.07277 1.80613
0.720466 4.08597 1.80613
0.649047 4.09792 1.80613
0.577429 4.10862 1.94972
0.505636 4.11807 1.94972
0.433689 4.12627 1.94972
0.361609 4.13321 2.07558
0.28942 4.13889 2.07558
0.217142 4.14331 2.07558
0.144798 4.14647 2.18188
0.07241 4.14837 2.18188
2.54053e-16 4.149 2.26791
-0.07241 4.14837 2.26791
-0.144798 4.14647 2.26791
-0.217142 4.14331 2.33401
-0.28942 4.13889 2.33401
-0.361609 4.13321 2.33401
-0.433689 4.12627 2.3815
-0.505636 4.11807 2.3815
-0.577429 4.10862 2.3815
-0.649047 4.09792 2.41249
-0.720466 4.08597 2.41249
-0.791666 4.07277 2.41249
-0.862626 4.05833 2.42956
-0.933322 4.04266 2.42956
-1.00373 4.02576 2.42956
-1.07384 4.00763 2.43546
-1.14362 3.98827 2.43546
-1.21305 3.96771 2.43546
-1.28211 3.94593 2.43265
-1.35078 3.92296 2.43265
-1.41904 3.89878 2.42307
-1.48687 3.87342 2.42307
-1.55424 3.84689 2.42307
-1.62114 3.81917 2.40785
-1.68755 3.7903 2.40785
-1.75344 3.76027 2.40785
-1.8188 3.7291 2.38719
-1.88361 3.69679 2.38719
-1.94784 3.66335 2.38719
-2.01147 3.6288 2.3604
-2.0745 3.59314 2.3604
-2.13689 3.55639 2.3604
-2.19863 3.51855 2.32603
-2.25971 3.47964 2.32603
-2.32009 3.43968 2.32603
-2.37977 3.39866 2.28211
-2.43872 3.35661 2.28211
-2.49693 3.31354 2.28211
-2.55438 3.26946 2.22656
-2.61105 3.22438 2.22656
-2.66693 3.17832 2.15746
-2.72199 3.13129 2.15746
-2.77622 3.08331 2.15746
-2.82961 3.03439 2.07337
-2.88214 2.98454 2.07337
-2.93379 2.93379 2.07337
-2.98454 2.88214 1.97356
-3.03439 2.82961 1.97356
-3.08331 2.77622 1.97356
-3.13129 2.72199 1.85814
-3.17832 2.66693 1.85814
-3.22438 2.61105 1.85814
-3.26946 2.55438 1.72812
-3.31354 2.49693 1.72812
-3.35661 2.43872 1.72812
-3.39866 2.37977 1.5854
-3.43968 2.32009 1.5854
-3.47964 2.25971 1.5854
-3.51855 2.19863 1.43263
-3.55639 2.13689 1.43263
-3.59314 2.0745 1.27309
-3.6288 2.01147 1.27309
-3.66335 1.94784 1.27309
-3.69679 1.88361 1.11057
-3.7291 1.8188 1.11057
-3.76027 1.75344 1.11057
-3.7903 1.68755 0.949147
-3.81917 1.62114 0.949147
-3.84689 1.55424 0.949147
-3.87342 1.48687 0.793139
-3.89878 1.41904 0.793139
-3.92296 1.35078 0.793139
-3.94593 1.28211 0.646932
-3.96771 1.21305 0.646932
-3.98827 1.14362 0.646932
-4.00763 1.07384 0.51487
-4.02576 1.00373 0.51487
-4.04266 0.933322 0.51487
-4.05833 0.862626 0.401101
-4.07277 0.791666 0.401101
-4.08597 0.720466 0.309396
-4.09792 0.649047 0.309396
-4.10862 0.577429 0.309396
-4.11807 0.505636 0.242942
-4.12627 0.433689 0.242942
-4.13321 0.361609 0.242942
-4.13889 0.28942 0.204143
-4.14331 0.217142 0.204143
-4.14647 0.144798 0.204143
-4.14837 0.07241 0.194459
-4.149 5.08106e-16 0.194459
-4.14837 -0.07241 0.194459
-4.14647 -0.144798 0.214294
-4.14331 -0.217142 0.214294
-4.13889 -0.28942 0.214294
-4.13321 -0.361609 0.262961
-4.12627 -0.433689 0.262961
-4.11807 -0.505636 0.262961
-4.10862 -0.577429 0.338735
-4.09792 -0.649047 0.338735
-4.08597 -0.720466 0.338735
-4.07277 -0.791666 0.438977
-4.05833 -0.862626 0.438977
-4.04266 -0.933322 0.560304
-4.02576 -1.00373 0.560304
-4.00763 -1.07384 0.560304
-3.98827 -1.14362 0.698792
-3.96771 -1.21305 0.698792
-3.94593 -1.28211 0.698792
-3.92296 -1.35078 0.850177
-3.89878 -1.41904 0.850177
-3.87342 -1.48687 0.850177
-3.84689 -1.55424 1.01002
-3.81917 -1.62114 1.01002
-3.7903 -1.68755 1.01002
-3.76027 -1.75344 1.17388
-3.7291 -1.8188 1.17388
-3.69679 -1.88361 1.17388
-3.66335 -1.94784 1.33738
-3.6288 -2.01147 1.33738
-3.59314 -2.0745 1.33738
-3.55639 -2.13689 1.49642
-3.51855 -2.19863 1.49642
-3.47964 -2.25971 1.64722
-3.43968 -2.32009 1.64722
-3.39866 -2.37977 1.64722
-3.35661 -2.43872 1.78654
-3.31354 -2.49693 1.78654
-3.26946 -2.55438 1.78654
-3.22438 -2.61105 1.91183
-3.17832 -2.66693 1.91183
-3.13129 -2.72199 1.91183
-3.08331 -2.77622 2.02136
-3.03439 -2.82961 2.02136
-2.98454 -2.88214 2.02136
-2.93379 -2.93379 2.11429
-2.88214 -2.98454 2.11429
-2.82961 -3.03439 2.11429
-2.77622 -3.08331 2.19075
-2.72199 -3.13129 2.19075
-2.66693 -3.17832 2.19075
-2.61105 -3.22438 2.25168
-2.55438 -3.26946 2.25168
-2.49693 -3.31354 2.29875
-2.43872 -3.35661 2.29875
-2.37977 -3.39866 2.29875
-2.32009 -3.43968 2.33404
-2.25971 -3.47964 2.33404
-2.19863 -3.51855 2.33404
-2.13689 -3.55639 2.35974
-2.0745 -3.59314 2.35974
-2.01147 -3.6288 2.35974
-1.94784 -3.66335 2.37787
-1.88361 -3.69679 2.37787
-1.8188 -3.7291 2.37787
-1.75344 -3.76027 2.38988
-1.68755 -3.7903 2.38988
-1.62114 -3.81917 2.38988
-1.55424 -3.84689 2.39644
-1.48687 -3.87342 2.39644
-1.41904 -3.89878 2.39644
-1.35078 -3.92296 2.39728
-1.28211 -3.94593 2.39728
-1.21305 -3.96771 2.39127
-1.14362 -3.98827 2.39127
-1.07384 -4.00763 2.39127
-1.00373 -4.02576 2.37652
-0.933322 -4.04266 2.37652
-0.862626 -4.05833 2.37652
-0.791666 -4.07277 2.35064
-0.720466 -4.08597 2.35064
-0.649047 -4.09792 2.35064
-0.577429 -4.10862 2.31108
-0.505636 -4.11807 2.31108
-0.433689 -4.12627 2.31108
-0.361609 -4.13321 2.25551
-0.28942 -4.13889 2.25551
-0.217142 -4.14331 2.25551
-0.144798 -4.14647 2.18207
-0.07241 -4.14837 2.18207
-7.62159e-16 -4.149 2.18207
0.07241 -4.14837 2.08973
0.144798 -4.14647 2.08973
0.217142 -4.14331 1.97842
0.28942 -4.13889 1.97842
0.361609 -4.13321 1.97842
0.433689 -4.12627 1.84908
0.505636 -4.11807 1.84908
0.577429 -4.10862 1.84908
0.649047 -4.09792 1.70367
0.720466 -4.08597 1.70367
0.791666 -4.07277 1.70367
0.862626 -4.05833 1.54502
0.933322 -4.04266 1.54502
1.00373 -4.02576 1.54502
1.07384 -4.00763 1.3767
1.14362 -3.98827 1.3767
1.21305 -3.96771 1.3767
1.28211 -3.94593 1.20279
1.35078 -3.92296 1.20279
1.41904 -3.89878 1.20279
1.48687 -3.87342 1.02775
1.55424 -3.84689 1.02775
1.62114 -3.81917 0.856209
1.68755 -3.7903 0.856209
1.75344 -3.76027 0.856209
1.8188 -3.7291 0.692852
1.88361 -3.69679 0.692852
1.94784 -3.66335 0.692852
2.01147 -3.6288 0.542301
2.0745 -3.59314 0.542301
2.13689 -3.55639 0.542301
2.19863 -3.51855 0.408973
2.25971 -3.47964 0.408973
2.32009 -3.43968 0.408973
2.37977 -3.39866 0.296901
2.43872 -3.35661 0.296901
2.49693 -3.31354 0.296901
2.55438 -3.26946 0.209505
2.61105 -3.22438 0.209505
2.66693 -3.17832 0.209505
2.72199 -3.13129 0.149411
2.77622 -3.08331 0.149411
2.82961 -3.03439 0.118271
2.88214 -2.98454 0.118271
2.93379 -2.93379 0.118271
2.98454 -2.88214 0.116645
3.03439 -2.82961 0.116645
3.08331 -2.77622 0.116645
3.13129 -2.72199 0.143944
3.17832 -2.66693 0.143944
3.22438 -2.61105 0.143944
3.26946 -2.55438 0.198453
3.31354 -2.49693 0.198453
3.35661 -2.43872 0.198453
3.39866 -2.37977 0.277426
3.43968 -2.32009 0.277426
3.47964 -2.25971 0.277426
3.51855 -2.19863 0.377239
3.55639 -2.13689 0.377239
3.59314 -2.0745 0.377239
3.6288 -2.01147 0.493564
3.66335 -1.94784 0.493564
3.69679 -1.88361 0.621566
3.7291 -1.8188 0.621566
3.76027 -1.75344 0.621566
3.7903 -1.68755 0.756061
3.81917 -1.62114 0.756061
3.84689 -1.55424 0.756061
3.87342 -1.48687 0.891672
3.89878 -1.41904 0.891672
3.92296 -1.35078 0.891672
3.94593 -1.28211 1.02297
3.96771 -1.21305 1.02297
3.98827 -1.14362 1.02297
4.00763 -1.07384 1.1446
4.02576 -1.00373 1.1446
4.04266 -0.933322 1.1446
4.05833 -0.862626 1.2515
4.07277 -0.791666 1.2515
4.08597 -0.720466 1.2515
4.09792 -0.649047 1.33908
4.10862 -0.577429 1.33908
4.11807 -0.505636 1.40347
4.12627 -0.433689 1.40347
4.13321 -0.361609 1.40347
4.13889 -0.28942 1.44176
4.14331 -0.217142 1.44176
4.14647 -0.144798 1.44176
4.14837 -0.07241 1.34962

4.22879 0 1.45219
4.22814 0.0738025 1.45219
4.22621 0.147583 1.43428
4.22299 0.221318 1.43428
4.21849 0.294985 1.43428
4.2127 0.368563 1.38887
4.20562 0.442029 1.38887
4.19727 0.51536 1.38887
4.18763 0.588534 1.31803
4.17672 0.661528 1.31803
4.16454 0.734321 1.22496
4.15109 0.806891 1.22496
4.13638 0.879214 1.22496
4.1204 0.95127 1.11377
4.10318 1.02304 1.11377
4.0847 1.09449 1.11377
4.06497 1.16561 0.989216
4.04401 1.23638 0.989216
4.02182 1.30677 0.989216
3.9984 1.37676 0.856487
3.97376 1.44633 0.856487
3.94791 1.51546 0.856487
3.92086 1.58413 0.721
3.89262 1.65232 0.721
3.86319 1.72 0.721
3.83258 1.78716 0.58822
3.80081 1.85378 0.58822
3.76788 1.91983 0.58822
3.7338 1.9853 0.463524
3.69858 2.05016 0.463524
3.66224 2.11439 0.352058
3.62478 2.17799 0.352058
3.58622 2.24092 0.352058
3.54656 2.30316 0.258582
3.50582 2.36471 0.258582
3.46402 2.42553 0.258582
3.42116 2.48562 0.187296
3.37726 2.54495 0.187296
3.33233 2.6035 0.187296
3.28639 2.66126 0.141647
3.23944 2.71821 0.141647
3.19151 2.77433 0.141647
3.1426 2.82961 0.124151
3.09274 2.88403 0.124151
3.04194 2.93756 0.124151
2.9902 2.9902 0.136255
2.93756 3.04194 0.136255
2.88403 3.09274 0.136255
2.82961 3.1426 0.178254
2.77433 3.19151 0.178254
2.71821 3.23944 0.249288
2.66126 3.28639 0.249288
2.6035 3.33233 0.249288
2.54495 3.37726 0.347412
2.48562 3.42116 0.347412
2.42553 3.46402 0.347412
2.36471 3.50582 0.469735
2.30316 3.54656 0.469735
2.24092 3.58622 0.469735
2.17799 3.62478 0.612601
2.11439 3.66224 0.612601
2.05016 3.69858 0.612601
1.9853 3.7338 0.771775
1.91983 3.76788 0.771775
1.85378 3.80081 0.771775
1.78716 3.83258 0.942662
1.72 3.86319 0.942662
1.65232 3.89262 0.942662
1.58413 3.92086 1.12048
1.51546 3.94791 1.12048
1.44633 3.97376 1.30038
1.37676 3.9984 1.30038
1.30677 4.02182 1.30038
1.23638 4.04401 1.47759
1.16561 4.06497 1.47759
1.09449 4.0847 1.47759
1.02304 4.10318 1.64756
0.95127 4.1204 1.64756
0.879214 4.13638 1.64756
0.806891 4.15109 1.80613
0.734321 4.16454 1.80613
0.661528 4.17672 1.80613
0.588534 4.18763 1.94972
0.51536 4.19727 1.94972
0.442029 4.20562 1.94972
0.368563 4.2127 2.07558
0.294985 4.21849 2.07558
0.221318 4.22299 2.07558
0.147583 4.22621 2.18188
0.0738025 4.22814 2.18188
2.58939e-16 4.22879 2.26791
-0.0738025 4.22814 2.26791
-0.147583 4.22621 2.26791
-0.221318 4.22299 2.33401
-0.294985 4.21849 2.33401
-0.368563 4.2127 2.33401
-0.442029 4.20562 2.3815
-0.51536 4.19727 2.3815
-0.588534 4.18763 2.3815
-0.661528 4.17672 2.41249
-0.734321 4.16454 2.41249
-0.806891 4.15109 2.41249
-0.879214 4.13638 2.42956
-0.95127 4.1204 2.42956
-1.02304 4.10318 2.42956
-1.09449 4.0847 2.43546
-1.16561 4.06497 2.43546
-1.23638 4.04401 2.43546
-1.30677 4.02182 2.43265
-1.37676 3.9984 2.43265
-1.44633 3.97376 2.42307
-1.51546 3.94791 2.42307
-1.58413 3.92086 2.42307
-1.65232 3.89262 2.40785
-1.72 3.86319 2.40785
-1.78716 3.83258 2.40785
-1.85378 3.80081 2.38719
-1.91983 3.76788 2.38719
-1.9853 3.7338 2.38719
-2.05016 3.69858 2.3604
-2.11439 3.66224 2.3604
-2.17799 3.62478 2.3604
-2.24092 3.58622 2.32603
-2.30316 3.54656 2.32603
-2.36471 3.50582 2.32603
-2.42553 3.46402 2.28211
-2.48562 3.42116 2.28211
-2.54495 3.37726 2.28211
-2.6035 3.33233 2.22656
-2.66126 3.28639 2.22656
-2.71821 3.23944 2.15746
-2.77433 3.19151 2.15746
-2.82961 3.1426 2.15746
-2.88403 3.09274 2.07337
-2.93756 3.04194 2.07337
-2.9902 2.9902 2.07337
-3.04194 2.93756 1.97356
-3.09274 2.88403 1.97356
-3.1426 2.82961 1.97356
-3.19151 2.77433 1.85814
-3.23944 2.71821 1.85814
-3.28639 2.66126 1.85814
-3.33233 2.6035 1.72812
-3.37726 2.54495 1.72812
-3.42116 2.48562 1.72812
-3.46402 2.42553 1.5854
-3.50582 2.36471 1.5854
-3.54656 2.30316 1.5854
-3.58622 2.24092 1.43263
-3.62478 2.17799 1.43263
-3.66224 2.11439 1.27309
-3.69858 2.05016 1.27309
-3.7338 1.9853 1.27309
-3.76788 1.91983 1.11057
-3.80081 1.85378 1.11057
-3.83258 1.78716 1.11057
-3.86319 1.72 0.949147
-3.89262 1.65232 0.949147
-3.92086 1.58413 0.949147
-3.94791 1.51546 0.793139
-3.97376 1.44633 0.793139
-3.9984 1.37676 0.793139
-4.02182 1.30677 0.646932
-4.04401 1.23638 0.646932
-4.06497 1.16561 0.646932
-4.0847 1.09449 0.51487
-4.10318 1.02304 0.51487
-4.1204 0.95127 0.51487
-4.13638 0.879214 0.401101
-4.15109 0.806891 0.401101
-4.16454 0.734321 0.309396
-4.17672 0.661528 0.309396
-4.18763 0.588534 0.309396
-4.19727 0.51536 0.242942
-4.20562 0.442029 0.242942
-4.2127 0.368563 0.242942
-4.21849 0.294985 0.204143
-4.22299 0.221318 0.204143
-4.22621 0.147583 0.204143
-4.22814 0.0738025 0.194459
-4.22879 5.17877e-16 0.194459
-4.22814 -0.0738025 0.194459
-4.22621 -0.147583 0.214294
-4.22299 -0.221318 0.214294
-4.21849 -0.294985 0.214294
-4.2127 -0.368563 0.262961
-4.20562 -0.442029 0.262961
-4.19727 -0.51536 0.262961
-4.18763 -0.588534 0.338735
-4.17672 -0.661528 0.338735
-4.16454 -0.734321 0.338735
-4.15109 -0.806891 0.438977
-4.13638 -0.879214 0.438977
-4.1204 -0.95127 0.560304
-4.10318 -1.02304 0.560304
-4.0847 -1.09449 0.560304
-4.06497 -1.16561 0.698792
-4.04401 -1.23638 0.698792
-4.02182 -1.30677 0.698792
-3.9984 -1.37676 0.850177
-3.97376 -1.44633 0.850177
-3.94791 -1.51546 0.850177
-3.92086 -1.58413 1.01002
-3.89262 -1.65232 1.01002
-3.86319 -1.72 1.01002
-3.83258 -1.78716 1.17388
-3.80081 -1.85378 1.17388
-3.76788 -1.91983 1.17388
-3.7338 -1.9853 1.33738
-3.69858 -2.05016 1.33738
-3.66224 -2.11439 1.33738
-3.62478 -2.17799 1.49642
-3.58622 -2.24092 1.49642
-3.54656 -2.30316 1.64722
-3.50582 -2.36471 1.64722
-3.46402 -2.42553 1.64722
-3.42116 -2.48562 1.78654
-3.37726 -2.54495 1.78654
-3.33233 -2.6035 1.78654
-3.28639 -2.66126 1.91183
-3.23944 -2.71821 1.91183
-3.19151 -2.77433 1.91183
-3.1426 -2.82961 2.02136
-3.09274 -2.88403 2.02136
-3.04194 -2.93756 2.02136
-2.9902 -2.9902 2.11429
-2.93756 -3.04194 2.11429
-2.88403 -3.09274 2.11429
-2.82961 -3.1426 2.19075
-2.77433 -3.19151 2.19075
-2.71821 -3.23944 2.19075
-2.66126 -3.28639 2.25168
-2.6035 -3.33233 2.25168
-2.54495 -3.37726 2.29875
-2.48562 -3.42116 2.29875
-2.42553 -3.46402 2.29875
-2.36471 -3.50582 2.33404
-2.30316 -3.54656 2.33404
-2.24092 -3.58622 2.33404
-2.17799 -3.62478 2.35974
-2.11439 -3.66224 2.35974
-2.05016 -3.69858 2.35974
-1.9853 -3.7338 2.37787
-1.91983 -3.76788 2.37787
-1.85378 -3.80081 2.37787
-1.78716 -3.83258 2.38988
-1.72 -3.86319 2.38988
-1.65232 -3.89262 2.38988
-1.58413 -3.92086 2.39644
-1.51546 -3.94791 2.39644
-1.44633 -3.97376 2.39644
-1.37676 -3.9984 2.39728
-1.30677 -4.02182 2.39728
-1.23638 -4.04401 2.39127
-1.16561 -4.06497 2.39127
-1.09449 -4.0847 2.39127
-1.02304 -4.10318 2.37652
-0.95127 -4.1204 2.37652
-0.879214 -4.13638 2.37652
-0.806891 -4.15109 2.35064
-0.734321 -4.16454 2.35064
-0.661528 -4.17672 2.35064
-0.588534 -4.18763 2.31108
-0.51536 -4.19727 2.31108
-0.442029 -4.20562 2.31108
-0.368563 -4.2127 2.25551
-0.294985 -4.21849 2.25551
-0.221318 -4.22299 2.25551
-0.147583 -4.22621 2.18207
-0.0738025 -4.22814 2.18207
-7.76816e-16 -4.22879 2.18207
0.0738025 -4.22814 2.08973
0.147583 -4.22621 2.08973
0.221318 -4.22299 1.97842
0.294985 -4.21849 1.97842
0.368563 -4.2127 1.97842
0.442029 -4.20562 1.84908
0.51536 -4.19727 1.84908
0.588534 -4.18763 1.84908
0.661528 -4.17672 1.70367
0.734321 -4.16454 1.70367
0.806891 -4.15109 1.70367
0.879214 -4.13638 1.54502
0.95127 -4.1204 1.54502
1.02304 -4.10318 1.54502
1.09449 -4.0847 1.3767
1.16561 -4.06497 1.3767
1.23638 -4.04401 1.3767
1.30677 -4.02182 1.20279
1.37676 -3.9984 1.20279
1.44633 -3.97376 1.20279
1.51546 -3.94791 1.02775
1.58413 -3.92086 1.02775
1.65232 -3.89262 0.856209
1.72 -3.86319 0.856209
1.78716 -3.83258 0.856209
1.85378 -3.80081 0.692852
1.91983 -3.76788 0.692852
1.9853 -3.7338 0.692852
2.05016 -3.69858 0.542301
2.11439 -3.66224 0.542301
2.17799 -3.62478 0.542301
2.24092 -3.58622 0.408973
2.30316 -3.54656 0.408973
2.36471 -3.50582 0.408973
2.42553 -3.46402 0.296901
2.48562 -3.42116 0.296901
2.54495 -3.37726 0.296901
2.6035 -3.33233 0.209505
2.66126 -3.28639 0.209505
2.71821 -3.23944 0.209505
2.77433 -3.19151 0.149411
2.82961 -3.1426 0.149411
2.88403 -3.09274 0.118271
2.93756 -3.04194 0.118271
2.9902 -2.9902 0.118271
3.04194 -2.93756 0.116645
3.09274 -2.88403 0.116645
3.1426 -2.82961 0.116645
3.19151 -2.77433 0.143944
3.23944 -2.71821 0.143944
3.28639 -2.66126 0.143944
3.33233 -2.6035 0.198453
3.37726 -2.54495 0.198453
3.42116 -2.48562 0.198453
3.46402 -2.42553 0.277426
3.50582 -2.36471 0.277426
3.54656 -2.30316 0.277426
3.58622 -2.24092 0.377239
3.62478 -2.17799 0.377239
3.66224 -2.11439 0.377239
3.69858 -2.05016 0.493564
3.7338 -1.9853 0.493564
3.76788 -1.91983 0.621566
3.80081 -1.85378 0.621566
3.83258 -1.78716 0.621566
3.86319 -1.72 0.756061
3.89262 -1.65232 0.756061
3.92086 -1.58413 0.756061
3.94791 -1.51546 0.891672
3.97376 -1.44633 0.891672
3.9984 -1.37676 0.891672
4.02182 -1.30677 1.02297
4.04401 -1.23638 1.02297
4.06497 -1.16561 1.02297
4.0847 -1.09449 1.1446
4.10318 -1.02304 1.1446
4.1204 -0.95127 1.1446
4.13638 -0.879214 1.2515
4.15109 -0.806891 1.2515
4.16454 -0.734321 1.2515
4.17672 -0.661528 1.33908
4.18763 -0.588534 1.33908
4.19727 -0.51536 1.40347
4.20562 -0.442029 1.40347
4.2127 -0.368563 1.40347
4.21849 -0.294985 1.44176
4.22299 -0.221318 1.44176
4.22621 -0.147583 1.44176
4.22814 -0.0738025 1.34962

4.30858 0 1.57532
4.30792 0.075195 1.57532
4.30595 0.150367 1.55515
4.30267 0.225493 1.55515
4.29808 0.300551 1.55515
4.29218 0.375517 1.50432
4.28497 0.450369 1.50432
4.27646 0.525083 1.42504
4.26665 0.599638 1.42504
4.25553 0.67401 1.42504
4.24312 0.748176 1.32065
4.22942 0.822115 1.32065
4.21442 0.895803 1.32065
4.19815 0.969219 1.19543
4.18059 1.04234 1.19543
4.16177 1.11514 1.05434
4.14167 1.1876 1.05434
4.12031 1.25971 1.05434
4.0977 1.33142 0.902753
4.07384 1.40274 0.902753
4.04874 1.47362 0.902753
4.0224 1.54406 0.746237
3.99484 1.61402 0.746237
3.96607 1.6835 0.746237
3.93608 1.75246 0.590417
3.9049 1.82088 0.590417
3.87252 1.88876 0.440856
3.83897 1.95605 0.440856
3.80425 2.02275 0.440856
3.76837 2.08884 0.302966
3.73134 2.15429 0.302966
3.69317 2.21908 0.302966
3.65388 2.2832 0.18189
3.61348 2.34662 0.18189
3.57197 2.40933 0.18189
3.52938 2.4713 0.0823578
3.48571 2.53252 0.0823578
3.44098 2.59297 0.00848952
3.3952 2.65262 0.00848952
3.34839 2.71148 0.00848952
3.30056 2.7695 -0.0364049
3.25172 2.82668 -0.0364049
3.2019 2.883 -0.0364049
3.15109 2.93844 -0.0500152
3.09933 2.99299 -0.0500152
3.04662 3.04662 -0.0311682
2.99299 3.09933 -0.0311682
2.93844 3.15109 -0.0311682
2.883 3.2019 0.0201065
2.82668 3.25172 0.0201065
2.7695 3.30056 0.0201065
2.71148 3.34839 0.10259
2.65262 3.3952 0.10259
2.59297 3.44098 0.10259
2.53252 3.48571 0.213969
2.4713 3.52938 0.213969
2.40933 3.57197 0.351003
2.34662 3.61348 0.351003
2.2832 3.65388 0.351003
2.21908 3.69317 0.509726
2.15429 3.73134 0.509726
2.08884 3.76837 0.509726
2.02275 3.80425 0.685653
1.95605 3.83897 0.685653
1.88876 3.87252 0.685653
1.82088 3.9049 0.873998
1.75246 3.93608 0.873998
1.6835 3.96607 1.06984
1.61402 3.99484 1.06984
1.54406 4.0224 1.06984
1.47362 4.04874 1.26819
1.40274 4.07384 1.26819
1.33142 4.0977 1.26819
1.25971 4.12031 1.46411
1.1876 4.14167 1.46411
1.11514 4.16177 1.65282
1.04234 4.18059 1.65282
0.969219 4.19815 1.65282
0.895803 4.21442 1.82981
0.822115 4.22942 1.82981
0.748176 4.24312 1.82981
0.67401 4.25553 1.99111
0.599638 4.26665 1.99111
0.525083 4.27646 1.99111
0.450369 4.28497 2.13347
0.375517 4.29218 2.13347
0.300551 4.29808 2.25458
0.225493 4.30267 2.25458
0.150367 4.30595 2.25458
0.075195 4.30792 2.35327
2.63824e-16 4.30858 2.35327
-0.075195 4.30792 2.35327
-0.150367 4.30595 2.42953
-0.225493 4.30267 2.42953
-0.300551 4.29808 2.42953
-0.375517 4.29218 2.48454
-0.450369 4.28497 2.48454
-0.525083 4.27646 2.52047
-0.599638 4.26665 2.52047
-0.67401 4.25553 2.52047
-0.748176 4.24312 2.54025
-0.822115 4.22942 2.54025
-0.895803 4.21442 2.54025
-0.969219 4.19815 2.54721
-1.04234 4.18059 2.54721
-1.11514 4.16177 2.54466
-1.1876 4.14167 2.54466
-1.25971 4.12031 2.54466
-1.33142 4.0977 2.53553
-1.40274 4.07384 2.53553
-1.47362 4.04874 2.53553
-1.54406 4.0224 2.52194
-1.61402 3.99484 2.52194
-1.6835 3.96607 2.52194
-1.75246 3.93608 2.50504
-1.82088 3.9049 2.50504
-1.88876 3.87252 2.48484
-1.95605 3.83897 2.48484
-2.02275 3.80425 2.48484
-2.08884 3.76837 2.46033
-2.15429 3.73134 2.46033
-2.21908 3.69317 2.46033
-2.2832 3.65388 2.42955
-2.34662 3.61348 2.42955
-2.40933 3.57197 2.42955
-2.4713 3.52938 2.38996
-2.53252 3.48571 2.38996
-2.59297 3.44098 2.33888
-2.65262 3.3952 2.33888
-2.71148 3.34839 2.33888
-2.7695 3.30056 2.27376
-2.82668 3.25172 2.27376
-2.883 3.2019 2.27376
-2.93844 3.15109 2.19258
-2.99299 3.09933 2.19258
-3.04662 3.04662 2.09408
-3.09933 2.99299 2.09408
-3.15109 2.93844 2.09408
-3.2019 2.883 1.97792
-3.25172 2.82668 1.97792
-3.30056 2.7695 1.97792
-3.34839 2.71148 1.84474
-3.3952 2.65262 1.84474
-3.44098 2.59297 1.84474
-3.48571 2.53252 1.69616
-3.52938 2.4713 1.69616
-3.57197 2.40933 1.53465
-3.61348 2.34662 1.53465
-3.65388 2.2832 1.53465
-3.69317 2.21908 1.36336
-3.73134 2.15429 1.36336
-3.76837 2.08884 1.36336
-3.80425 2.02275 1.18601
-3.83897 1.95605 1.18601
-3.87252 1.88876 1.18601
-3.9049 1.82088 1.00665
-3.93608 1.75246 1.00665
-3.96607 1.6835 0.82961
-3.99484 1.61402 0.82961
-4.0224 1.54406 0.82961
-4.04874 1.47362 0.659344
-4.07384 1.40274 0.659344
-4.0977 1.33142 0.659344
-4.12031 1.25971 0.500385
-4.14167 1.1876 0.500385
-4.16177 1.11514 0.357225
-4.18059 1.04234 0.357225
-4.19815 0.969219 0.357225
-4.21442 0.895803 0.234173
-4.22942 0.822115 0.234173
-4.24312 0.748176 0.234173
-4.25553 0.67401 0.135162
-4.26665 0.599638 0.135162
-4.27646 0.525083 0.135162
-4.28497 0.450369 0.0635325
-4.29218 0.375517 0.0635325
-4.29808 0.300551 0.0218081
-4.30267 0.225493 0.0218081
-4.30595 0.150367 0.0218081
-4.30792 0.075195 0.0115215
-4.30858 5.27648e-16 0.0115215
-4.30792 -0.075195 0.0115215
-4.30595 -0.150367 0.0330962
-4.30267 -0.225493 0.0330962
-4.29808 -0.300551 0.0330962
-4.29218 -0.375517 0.0858071
-4.28497 -0.450369 0.0858071
-4.27646 -0.525083 0.16784
-4.26665 -0.599638 0.16784
-4.25553 -0.67401 0.16784
-4.24312 -0.748176 0.276424
-4.22942 -0.822115 0.276424
-4.21442 -0.895803 0.276424
-4.19815 -0.969219 0.40802
-4.18059 -1.04234 0.40802
-4.16177 -1.11514 0.40802
-4.14167 -1.1876 0.558543
-4.12031 -1.25971 0.558543
-4.0977 -1.33142 0.723575
-4.07384 -1.40274 0.723575
-4.04874 -1.47362 0.723575
-4.0224 -1.54406 0.898543
-3.99484 -1.61402 0.898543
-3.96607 -1.6835 0.898543
-3.93608 -1.75246 1.07886
-3.9049 -1.82088 1.07886
-3.87252 -1.88876 1.25999
-3.83897 -1.95605 1.25999
-3.80425 -2.02275 1.25999
-3.76837 -2.08884 1.43759
-3.73134 -2.15429 1.43759
-3.69317 -2.21908 1.43759
-3.65388 -2.2832 1.60756
-3.61348 -2.34662 1.60756
-3.57197 -2.40933 1.60756
-3.52938 -2.4713 1.76622
-3.48571 -2.53252 1.76622
-3.44098 -2.59297 1.91045
-3.3952 -2.65262 1.91045
-3.34839 -2.71148 1.91045
-3.30056 -2.7695 2.03791
-3.25172 -2.82668 2.03791
-3.2019 -2.883 2.03791
-3.15109 -2.93844 2.14719
-3.09933 -2.99299 2.14719
-3.04662 -3.04662 2.14719
-2.99299 -3.09933 2.23785
-2.93844 -3.15109 2.23785
-2.883 -3.2019 2.3105
-2.82668 -3.25172 2.3105
-2.7695 -3.30056 2.3105
-2.71148 -3.34839 2.36666
-2.65262 -3.3952 2.36666
-2.59297 -3.44098 2.36666
-2.53252 -3.48571 2.40859
-2.4713 -3.52938 2.40859
-2.40933 -3.57197 2.439
-2.34662 -3.61348 2.439
-2.2832 -3.65388 2.439
-2.21908 -3.69317 2.4607
-2.15429 -3.73134 2.4607
-2.08884 -3.76837 2.4607
-2.02275 -3.80425 2.47625
-1.95605 -3.83897 2.47625
-1.88876 -3.87252 2.47625
-1.82088 -3.9049 2.48756
-1.75246 -3.93608 2.48756
-1.6835 -3.96607 2.49557
-1.61402 -3.99484 2.49557
-1.54406 -4.0224 2.49557
-1.47362 -4.04874 2.50015
-1.40274 -4.07384 2.50015
-1.33142 -4.0977 2.50015
-1.25971 -4.12031 2.50011
-1.1876 -4.14167 2.50011
-1.11514 -4.16177 2.50011
-1.04234 -4.18059 2.49327
-0.969219 -4.19815 2.49327
-0.895803 -4.21442 2.4768
-0.822115 -4.22942 2.4768
-0.748176 -4.24312 2.4768
-0.67401 -4.25553 2.44754
-0.599638 -4.26665 2.44754
-0.525083 -4.27646 2.44754
-0.450369 -4.28497 2.4024
-0.375517 -4.29218 2.4024
-0.300551 -4.29808 2.33876
-0.225493 -4.30267 2.33876
-0.150367 -4.30595 2.33876
-0.075195 -4.30792 2.25477
-7.91473e-16 -4.30858 2.25477
0.075195 -4.30792 2.25477
0.150367 -4.30595 2.14959
0.225493 -4.30267 2.14959
0.300551 -4.29808 2.14959
0.375517 -4.29218 2.0235
0.450369 -4.28497 2.0235
0.525083 -4.27646 1.87788
0.599638 -4.26665 1.87788
0.67401 -4.25553 1.87788
0.748176 -4.24312 1.71517
0.822115 -4.22942 1.71517
0.895803 -4.21442 1.71517
0.969219 -4.19815 1.53866
1.04234 -4.18059 1.53866
1.11514 -4.16177 1.53866
1.1876 -4.14167 1.35227
1.25971 -4.12031 1.35227
1.33142 -4.0977 1.1604
1.40274 -4.07384 1.1604
1.47362 -4.04874 1.1604
1.54406 -4.0224 0.967689
1.61402 -3.99484 0.967689
1.6835 -3.96607 0.967689
1.75246 -3.93608 0.778927
1.82088 -3.9049 0.778927
1.88876 -3.87252 0.598936
1.95605 -3.83897 0.598936
2.02275 -3.80425 0.598936
2.08884 -3.76837 0.432489
2.15429 -3.73134 0.432489
2.21908 -3.69317 0.432489
2.2832 -3.65388 0.284212
2.34662 -3.61348 0.284212
2.40933 -3.57197 0.284212
2.4713 -3.52938 0.158405
2.53252 -3.48571 0.158405
2.59297 -3.44098 0.0588087
2.65262 -3.3952 0.0588087
2.71148 -3.34839 0.0588087
2.7695 -3.30056 -0.0116011
2.82668 -3.25172 -0.0116011
2.883 -3.2019 -0.0116011
2.93844 -3.15109 -0.0508107
2.99299 -3.09933 -0.0508107
3.04662 -3.04662 -0.0508107
3.09933 -2.99299 -0.0579213
3.15109 -2.93844 -0.0579213
3.2019 -2.883 -0.0332199
3.25172 -2.82668 -0.0332199
3.30056 -2.7695 -0.0332199
3.34839 -2.71148 0.0218227
3.3952 -2.65262 0.0218227
3.44098 -2.59297 0.0218227
3.48571 -2.53252 0.104641
3.52938 -2.4713 0.104641
3.57197 -2.40933 0.211722
3.61348 -2.34662 0.211722
3.65388 -2.2832 0.211722
3.69317 -2.21908 0.338802
3.73134 -2.15429 0.338802
3.76837 -2.08884 0.338802
3.80425 -2.02275 0.481063
3.83897 -1.95605 0.481063
3.87252 -1.88876 0.481063
3.9049 -1.82088 0.633317
3.93608 -1.75246 0.633317
3.96607 -1.6835 0.790138
3.99484 -1.61402 0.790138
4.0224 -1.54406 0.790138
4.04874 -1.47362 0.945973
4.07384 -1.40274 0.945973
4.0977 -1.33142 0.945973
4.12031 -1.25971 1.09523
4.14167 -1.1876 1.09523
4.16177 -1.11514 1.09523
4.18059 -1.04234 1.23241
4.19815 -0.969219 1.23241
4.21442 -0.895803 1.35225
4.22942 -0.822115 1.35225
4.24312 -0.748176 1.35225
4.25553 -0.67401 1.44998
4.26665 -0.599638 1.44998
4.27646 -0.525083 1.44998
4.28497 -0.450369 1.52157
4.29218 -0.375517 1.52157
4.29808 -0.300551 1.56396
4.30267 -0.225493 1.56396
4.30595 -0.150367 1.56396
4.30792 -0.075195 1.45219

4.38837 0 1.57532
4.3877 0.0765875 1.57532
4.38569 0.153152 1.55515
4.38235 0.229669 1.55515
4.37768 0.306117 1.55515
4.37167 0.382471 1.50432
4.36433 0.458709 1.50432
4.35565 0.534807 1.42504
4.34566 0.610742 1.42504
4.33434 0.686492 1.42504
4.3217 0.762032 1.32065
4.30774 0.83734 1.32065
4.29247 0.912392 1.32065
4.27589 0.987167 1.19543
4.25801 1.06164 1.19543
4.23884 1.13579 1.05434
4.21837 1.2096 1.05434
4.19661 1.28303 1.05434
4.17358 1.35608 0.902753
4.14928 1.42871 0.902753
4.12371 1.50091 0.902753
4.09689 1.57265 0.746237
4.06882 1.64391 0.746237
4.03951 1.71467 0.746237
4.00897 1.78491 0.590417
3.97721 1.8546 0.590417
3.94424 1.92373 0.440856
3.91006 1.99228 0.440856
3.8747 2.06021 0.440856
3.83815 2.12752 0.302966
3.80044 2.19418 0.302966
3.76156 2.26018 0.302966
3.72154 2.32548 0.18189
3.68039 2.39007 0.18189
3.63812 2.45394 0.18189
3.59474 2.51706 0.0823578
3.55026 2.57942 0.0823578
3.5047 2.64098 0.00848952
3.45808 2.70175 0.00848952
3.4104 2.76169 0.00848952
3.36168 2.82079 -0.0364049
3.31194 2.87903 -0.0364049
3.26119 2.93639 -0.0364049
3.20945 2.99286 -0.0500152
3.15673 3.04841 -0.0500152
3.10304 3.10304 -0.0311682
3.04841 3.15673 -0.0311682
2.99286 3.20945 -0.0311682
2.93639 3.26119 0.0201065
2.87903 3.31194 0.0201065
2.82079 3.36168 0.0201065
2.76169 3.4104 0.10259
2.70175 3.45808 0.10259
2.64098 3.5047 0.10259
2.57942 3.55026 0.213969
2.51706 3.59474 0.213969
2.45394 3.63812 0.351003
2.39007 3.68039 0.351003
2.32548 3.72154 0.351003
2.26018 3.76156 0.509726
2.19418 3.80044 0.509726
2.12752 3.83815 0.509726
2.06021 3.8747 0.685653
1.99228 3.91006 0.685653
1.92373 3.94424 0.685653
1.8546 3.97721 0.873998
1.78491 4.00897 0.873998
1.71467 4.03951 1.06984
1.64391 4.06882 1.06984
1.57265 4.09689 1.06984
1.50091 4.12371 1.26819
1.42871 4.14928 1.26819
1.35608 4.17358 1.26819
1.28303 4.19661 1.46411
1.2096 4.21837 1.46411
1.13579 4.23884 1.65282
1.06164 4.25801 1.65282
0.987167 4.27589 1.65282
0.912392 4.29247 1.82981
0.83734 4.30774 1.82981
0.762032 4.3217 1.82981
0.686492 4.33434 1.99111
0.610742 4.34566 1.99111
0.534807 4.35565 1.99111
0.458709 4.36433 2.13347
0.382471 4.37167 2.13347
0.306117 4.37768 2.25458
0.229669 4.38235 2.25458
0.153152 4.38569 2.25458
0.0765875 4.3877 2.35327
2.6871e-16 4.38837 2.35327
-0.0765875 4.3877 2.35327
-0.153152 4.38569 2.42953
-0.229669 4.38235 2.42953
-0.306117 4.37768 2.42953
-0.382471 4.37167 2.48454
-0.458709 4.36433 2.48454
-0.534807 4.35565 2.52047
-0.610742 4.34566 2.52047
-0.686492 4.33434 2.52047
-0.762032 4.3217 2.54025
-0.83734 4.30774 2.54025
-0.912392 4.29247 2.54025
-0.987167 4.27589 2.54721
-1.06164 4.25801 2.54721
-1.13579 4.23884 2.54466
-1.2096 4.21837 2.54466
-1.28303 4.19661 2.54466
-1.35608 4.17358 2.53553
-1.42871 4.14928 2.53553
-1.50091 4.12371 2.53553
-1.57265 4.09689 2.52194
-1.64391 4.06882 2.52194
-1.71467 4.03951 2.52194
-1.78491 4.00897 2.50504
-1.8546 3.97721 2.50504
-1.92373 3.94424 2.48484
-1.99228 3.91006 2.48484
-2.06021 3.8747 2.48484
-2.12752 3.83815 2.46033
-2.19418 3.80044 2.46033
-2.26018 3.76156 2.46033
-2.32548 3.72154 2.42955
-2.39007 3.68039 2.42955
-2.45394 3.63812 2.42955
-2.51706 3.59474 2.38996
-2.57942 3.55026 2.38996
-2.64098 3.5047 2.33888
-2.70175 3.45808 2.33888
-2.76169 3.4104 2.33888
-2.82079 3.36168 2.27376
-2.87903 3.31194 2.27376
-2.93639 3.26119 2.27376
-2.99286 3.20945 2.19258
-3.04841 3.15673 2.19258
-3.10304 3.10304 2.09408
-3.15673 3.04841 2.09408
-3.20945 2.99286 2.09408
-3.26119 2.93639 1.97792
-3.31194 2.87903 1.97792
-3.36168 2.82079 1.97792
-3.4104 2.76169 1.84474
-3.45808 2.70175 1.84474
-3.5047 2.64098 1.84474
-3.55026 2.57942 1.69616
-3.59474 2.51706 1.69616
-3.63812 2.45394 1.53465
-3.68039 2.39007 1.53465
-3.72154 2.32548 1.53465
-3.76156 2.26018 1.36336
-3.80044 2.19418 1.36336
-3.83815 2.12752 1.36336
-3.8747 2.06021 1.18601
-3.91006 1.99228 1.18601
-3.94424 1.92373 1.18601
-3.97721 1.8546 1.00665
-4.00897 1.78491 1.00665
-4.03951 1.71467 0.82961
-4.06882 1.64391 0.82961
-4.09689 1.57265 0.82961
-4.12371 1.50091 0.659344
-4.14928 1.42871 0.659344
-4.17358 1.35608 0.659344
-4.19661 1.28303 0.500385
-4.21837 1.2096 0.500385
-4.23884 1.13579 0.357225
-4.25801 1.06164 0.357225
-4.27589 0.987167 0.357225
-4.29247 0.912392 0.234173
-4.30774 0.83734 0.234173
-4.3217 0.762032 0.234173
-4.33434 0.686492 0.135162
-4.34566 0.610742 0.135162
-4.35565 0.534807 0.135162
-4.36433 0.458709 0.0635325
-4.37167 0.382471 0.0635325
-4.37768 0.306117 0.0218081
-4.38235 0.229669 0.0218081
-4.38569 0.153152 0.0218081
-4.3877 0.0765875 0.0115215
-4.38837 5.3742e-16 0.0115215
-4.3877 -0.0765875 0.0115215
-4.38569 -0.153152 0.0330962
-4.38235 -0.229669 0.0330962
-4.37768 -0.306117 0.0330962
-4.37167 -0.382471 0.0858071
-4.36433 -0.458709 0.0858071
-4.35565 -0.534807 0.16784
-4.34566 -0.610742 0.16784
-4.33434 -0.686492 0.16784
-4.3217 -0.762032 0.276424
-4.30774 -0.83734 0.276424
-4.29247 -0.912392 0.276424
-4.27589 -0.987167 0.40802
-4.25801 -1.06164 0.40802
-4.23884 -1.13579 0.40802
-4.21837 -1.2096 0.558543
-4.19661 -1.28303 0.558543
-4.17358 -1.35608 0.723575
-4.14928 -1.42871 0.723575
-4.12371 -1.50091 0.723575
-4.09689 -1.57265 0.898543
-4.06882 -1.64391 0.898543
-4.03951 -1.71467 0.898543
-4.00897 -1.78491 1.07886
-3.97721 -1.8546 1.07886
-3.94424 -1.92373 1.25999
-3.91006 -1.99228 1.25999
-3.8747 -2.06021 1.25999
-3.83815 -2.12752 1.43759
-3.80044 -2.19418 1.43759
-3.76156 -2.26018 1.43759
-3.72154 -2.32548 1.60756
-3.68039 -2.39007 1.60756
-3.63812 -2.45394 1.60756
-3.59474 -2.51706 1.76622
-3.55026 -2.57942 1.76622
-3.5047 -2.64098 1.91045
-3.45808 -2.70175 1.91045
-3.4104 -2.76169 1.91045
-3.36168 -2.82079 2.03791
-3.31194 -2.87903 2.03791
-3.26119 -2.93639 2.03791
-3.20945 -2.99286 2.14719
-3.15673 -3.04841 2.14719
-3.10304 -3.10304 2.14719
-3.04841 -3.15673 2.23785
-2.99286 -3.20945 2.23785
-2.93639 -3.26119 2.3105
-2.87903 -3.31194 2.3105
-2.82079 -3.36168 2.3105
-2.76169 -3.4104 2.36666
-2.70175 -3.45808 2.36666
-2.64098 -3.5047 2.36666
-2.57942 -3.55026 2.40859
-2.51706 -3.59474 2.40859
-2.45394 -3.63812 2.439
-2.39007 -3.68039 2.439
-2.32548 -3.72154 2.439
-2.26018 -3.76156 2.4607
-2.19418 -3.80044 2.4607
-2.12752 -3.83815 2.4607
-2.06021 -3.8747 2.47625
-1.99228 -3.91006 2.47625
-1.92373 -3.94424 2.47625
-1.8546 -3.97721 2.48756
-1.78491 -4.00897 2.48756
-1.71467 -4.03951 2.49557
-1.64391 -4.06882 2.49557
-1.57265 -4.09689 2.49557
-1.50091 -4.12371 2.50015
-1.42871 -4.14928 2.50015
-1.35608 -4.17358 2.50015
-1.28303 -4.19661 2.50011
-1.2096 -4.21837 2.50011
-1.13579 -4.23884 2.50011
-1.06164 -4.25801 2.49327
-0.987167 -4.27589 2.49327
-0.912392 -4.29247 2.4768
-0.83734 -4.30774 2.4768
-0.762032 -4.3217 2.4768
-0.686492 -4.33434 2.44754
-0.610742 -4.34566 2.44754
-0.534807 -4.35565 2.44754
-0.458709 -4.36433 2.4024
-0.382471 -4.37167 2.4024
-0.306117 -4.37768 2.33876
-0.229669 -4.38235 2.33876
-0.153152 -4.38569 2.33876
-0.0765875 -4.3877 2.25477
-8.0613e-16 -4.38837 2.25477
0.0765875 -4.3877 2.25477
0.153152 -4.38569 2.14959
0.229669 -4.38235 2.14959
0.306117 -4.37768 2.14959
0.382471 -4.37167 2.0235
0.458709 -4.36433 2.0235
0.534807 -4.35565 1.87788
0.610742 -4.34566 1.87788
0.686492 -4.33434 1.87788
0.762032 -4.3217 1.71517
0.83734 -4.30774 1.71517
0.912392 -4.29247 1.71517
0.987167 -4.27589 1.53866
1.06164 -4.25801 1.53866
1.13579 -4.23884 1.53866
1.2096 -4.21837 1.35227
1.28303 -4.19661 1.35227
1.35608 -4.17358 1.1604
1.42871 -4.14928 1.1604
1.50091 -4.12371 1.1604
1.57265 -4.09689 0.967689
1.64391 -4.06882 0.967689
1.71467 -4.03951 0.967689
1.78491 -4.00897 0.778927
1.8546 -3.97721 0.778927
1.92373 -3.94424 0.598936
1.99228 -3.91006 0.598936
2.06021 -3.8747 0.598936
2.12752 -3.83815 0.432489
2.19418 -3.80044 0.432489
2.26018 -3.76156 0.432489
2.32548 -3.72154 0.284212
2.39007 -3.68039 0.284212
2.45394 -3.63812 0.284212
2.51706 -3.59474 0.158405
2.57942 -3.55026 0.158405
2.64098 -3.5047 0.0588087
2.70175 -3.45808 0.0588087
2.76169 -3.4104 0.0588087
2.82079 -3.36168 -0.0116011
2.87903 -3.31194 -0.0116011
2.93639 -3.26119 -0.0116011
2.99286 -3.20945 -0.0508107
3.04841 -3.15673 -0.0508107
3.10304 -3.10304 -0.0508107
3.15673 -3.04841 -0.0579213
3.20945 -2.99286 -0.0579213
3.26119 -2.93639 -0.0332199
3.31194 -2.87903 -0.0332199
3.36168 -2.82079 -0.0332199
3.4104 -2.76169 0.0218227
3.45808 -2.70175 0.0218227
3.5047 -2.64098 0.0218227
3.55026 -2.57942 0.104641
3.59474 -2.51706 0.104641
3.63812 -2.45394 0.211722
3.68039 -2.39007 0.211722
3.72154 -2.32548 0.211722
3.76156 -2.26018 0.338802
3.80044 -2.19418 0.338802
3.83815 -2.12752 0.338802
3.8747 -2.06021 0.481063
3.91006 -1.99228 0.481063
3.94424 -1.92373 0.481063
3.97721 -1.8546 0.633317
4.00897 -1.78491 0.633317
4.03951 -1.71467 0.790138
4.06882 -1.64391 0.790138
4.09689 -1.57265 0.790138
4.12371 -1.50091 0.945973
4.14928 -1.42871 0.945973
4.17358 -1.35608 0.945973
4.19661 -1.28303 1.09523
4.21837 -1.2096 1.09523
4.23884 -1.13579 1.09523
4.25801 -1.06164 1.23241
4.27589 -0.987167 1.23241
4.29247 -0.912392 1.35225
4.30774 -0.83734 1.35225
4.3217 -0.762032 1.35225
4.33434 -0.686492 1.44998
4.34566 -0.610742 1.44998
4.35565 -0.534807 1.44998
4.36433 -0.458709 1.52157
4.37167 -0.382471 1.52157
4.37768 -0.306117 1.56396
4.38235 -0.229669 1.56396
4.38569 -0.153152 1.56396
4.3877 -0.0765875 1.45219

4.46815 0 1.57532
4.46747 0.07798 1.57532
4.46543 0.155936 1.55515
4.46203 0.233845 1.55515
4.45727 0.311683 1.55515
4.45115 0.389425 1.50432
4.44368 0.467049 1.50432
4.43485 0.544531 1.42504
4.42467 0.621847 1.42504
4.41314 0.698973 1.42504
4.40027 0.775887 1.32065
4.38606 0.852564 1.32065
4.37051 0.928981 1.32065
4.35364 1.00512 1.19543
4.33543 1.08094 1.19543
4.3159 1.15644 1.05434
4.29506 1.23159 1.05434
4.27292 1.30636 1.05434
4.24947 1.38074 0.902753
4.22472 1.45469 0.902753
4.19869 1.5282 0.902753
4.17138 1.60124 0.746237
4.1428 1.6738 0.746237
4.11296 1.74585 0.746237
4.08186 1.81736 0.590417
4.04952 1.88832 0.590417
4.01595 1.95871 0.440856
3.98115 2.0285 0.440856
3.94515 2.09767 0.440856
3.90794 2.1662 0.302966
3.86953 2.23408 0.302966
3.82996 2.30127 0.302966
3.78921 2.36776 0.18189
3.74731 2.43353 0.18189
3.70427 2.49856 0.18189
3.6601 2.56283 0.0823578
3.61481 2.62631 0.0823578
3.56843 2.689 0.00848952
3.52095 2.75087 0.00848952
3.47241 2.8119 0.00848952
3.4228 2.87207 -0.0364049
3.37216 2.93137 -0.0364049
3.32049 2.98978 -0.0364049
3.2678 3.04727 -0.0500152
3.21412 3.10384 -0.0500152
3.15946 3.15946 -0.0311682
3.10384 3.21412 -0.0311682
3.04727 3.2678 -0.0311682
2.98978 3.32049 0.0201065
2.93137 3.37216 0.0201065
2.87207 3.4228 0.0201065
2.8119 3.47241 0.10259
2.75087 3.52095 0.10259
2.689 3.56843 0.10259
2.62631 3.61481 0.213969
2.56283 3.6601 0.213969
2.49856 3.70427 0.351003
2.43353 3.74731 0.351003
2.36776 3.78921 0.351003
2.30127 3.82996 0.509726
2.23408 3.86953 0.509726
2.1662 3.90794 0.509726
2.09767 3.94515 0.685653
2.0285 3.98115 0.685653
1.95871 4.01595 0.685653
1.88832 4.04952 0.873998
1.81736 4.08186 0.873998
1.74585 4.11296 1.06984
1.6738 4.1428 1.06984
1.60124 4.17138 1.06984
1.5282 4.19869 1.26819
1.45469 4.22472 1.26819
1.38074 4.24947 1.26819
1.30636 4.27292 1.46411
1.23159 4.29506 1.46411
1.15644 4.3159 1.65282
1.08094 4.33543 1.65282
1.00512 4.35364 1.65282
0.928981 4.37051 1.82981
0.852564 4.38606 1.82981
0.775887 4.40027 1.82981
0.698973 4.41314 1.99111
0.621847 4.42467 1.99111
0.544531 4.43485 1.99111
0.467049 4.44368 2.13347
0.389425 4.45115 2.13347
0.311683 4.45727 2.25458
0.233845 4.46203 2.25458
0.155936 4.46543 2.25458
0.07798 4.46747 2.35327
2.73595e-16 4.46815 2.35327
-0.07798 4.46747 2.35327
-0.155936 4.46543 2.42953
-0.233845 4.46203 2.42953
-0.311683 4.45727 2.42953
-0.389425 4.45115 2.48454
-0.467049 4.44368 2.48454
-0.544531 4.43485 2.52047
-0.621847 4.42467 2.52047
-0.698973 4.41314 2.52047
-0.775887 4.40027 2.54025
-0.852564 4.38606 2.54025
-0.928981 4.37051 2.54025
-1.00512 4.35364 2.54721
-1.08094 4.33543 2.54721
-1.15644 4.3159 2.54466
-1.23159 4.29506 2.54466
-1.30636 4.27292 2.54466
-1.38074 4.24947 2.53553
-1.45469 4.22472 2.53553
-1.5282 4.19869 2.53553
-1.60124 4.17138 2.52194
-1.6738 4.1428 2.52194
-1.74585 4.11296 2.52194
-1.81736 4.08186 2.50504
-1.88832 4.04952 2.50504
-1.95871 4.01595 2.48484
-2.0285 3.98115 2.48484
-2.09767 3.94515 2.48484
-2.1662 3.90794 2.46033
-2.23408 3.86953 2.46033
-2.30127 3.82996 2.46033
-2.36776 3.78921 2.42955
-2.43353 3.74731 2.42955
-2.49856 3.70427 2.42955
-2.56283 3.6601 2.38996
-2.62631 3.61481 2.38996
-2.689 3.56843 2.33888
-2.75087 3.52095 2.33888
-2.8119 3.47241 2.33888
-2.87207 3.4228 2.27376
-2.93137 3.37216 2.27376
-2.98978 3.32049 2.27376
-3.04727 3.2678 2.19258
-3.10384 3.21412 2.19258
-3.15946 3.15946 2.09408
-3.21412 3.10384 2.09408
-3.2678 3.04727 2.09408
-3.32049 2.98978 1.97792
-3.37216 2.93137 1.97792
-3.4228 2.87207 1.97792
-3.47241 2.8119 1.84474
-3.52095 2.75087 1.84474
-3.56843 2.689 1.84474
-3.61481 2.62631 1.69616
-3.6601 2.56283 1.69616
-3.70427 2.49856 1.53465
-3.74731 2.43353 1.53465
-3.78921 2.36776 1.53465
-3.82996 2.30127 1.36336
-3.86953 2.23408 1.36336
-3.90794 2.1662 1.36336
-3.94515 2.09767 1.18601
-3.98115 2.0285 1.18601
-4.01595 1.95871 1.18601
-4.04952 1.88832 1.00665
-4.08186 1.81736 1.00665
-4.11296 1.74585 0.82961
-4.1428 1.6738 0.82961
-4.17138 1.60124 0.82961
-4.19869 1.5282 0.659344
-4.22472 1.45469 0.659344
-4.24947 1.38074 0.659344
-4.27292 1.30636 0.500385
-4.29506 1.23159 0.500385
-4.3159 1.15644 0.357225
-4.33543 1.08094 0.357225
-4.35364 1.00512 0.357225
-4.37051 0.928981 0.234173
-4.38606 0.852564 0.234173
-4.40027 0.775887 0.234173
-4.41314 0.698973 0.135162
-4.42467 0.621847 0.135162
-4.43485 0.544531 0.135162
-4.44368 0.467049 0.0635325
-4.45115 0.389425 0.0635325
-4.45727 0.311683 0.0218081
-4.46203 0.233845 0.0218081
-4.46543 0.155936 0.0218081
-4.46747 0.07798 0.0115215
-4.46815 5.47191e-16 0.0115215
-4.46747 -0.07798 0.0115215
-4.46543 -0.155936 0.0330962
-4.46203 -0.233845 0.0330962
-4.45727 -0.311683 0.0330962
-4.45115 -0.389425 0.0858071
-4.44368 -0.467049 0.0858071
-4.43485 -0.544531 0.16784
-4.42467 -0.621847 0.16784
-4.41314 -0.698973 0.16784
-4.40027 -0.775887 0.276424
-4.38606 -0.852564 0.276424
-4.37051 -0.928981 0.276424
-4.35364 -1.00512 0.40802
-4.33543 -1.08094 0.40802
-4.3159 -1.15644 0.40802
-4.29506 -1.23159 0.558543
-4.27292 -1.30636 0.558543
-4.24947 -1.38074 0.723575
-4.22472 -1.45469 0.723575
-4.19869 -1.5282 0.723575
-4.17138 -1.60124 0.898543
-4.1428 -1.6738 0.898543
-4.11296 -1.74585 0.898543
-4.08186 -1.81736 1.07886
-4.04952 -1.88832 1.07886
-4.01595 -1.95871 1.25999
-3.98115 -2.0285 1.25999
-3.94515 -2.09767 1.25999
-3.90794 -2.1662 1.43759
-3.86953 -2.23408 1.43759
-3.82996 -2.30127 1.43759
-3.78921 -2.36776 1.60756
-3.74731 -2.43353 1.60756
-3.70427 -2.49856 1.60756
-3.6601 -2.56283 1.76622
-3.61481 -2.62631 1.76622
-3.56843 -2.689 1.91045
-3.52095 -2.75087 1.91045
-3.47241 -2.8119 1.91045
-3.4228 -2.87207 2.03791
-3.37216 -2.93137 2.03791
-3.32049 -2.98978 2.03791
-3.2678 -3.04727 2.14719
-3.21412 -3.10384 2.14719
-3.15946 -3.15946 2.14719
-3.10384 -3.21412 2.23785
-3.04727 -3.2678 2.23785
-2.98978 -3.32049 2.3105
-2.93137 -3.37216 2.3105
-2.87207 -3.4228 2.3105
-2.8119 -3.47241 2.36666
-2.75087 -3.52095 2.36666
-2.689 -3.56843 2.36666
-2.62631 -3.61481 2.40859
-2.56283 -3.6601 2.40859
-2.49856 -3.70427 2.439
-2.43353 -3.74731 2.439
-2.36776 -3.78921 2.439
-2.30127 -3.82996 2.4607
-2.23408 -3.86953 2.4607
-2.1662 -3.90794 2.4607
-2.09767 -3.94515 2.47625
-2.0285 -3.98115 2.47625
-1.95871 -4.01595 2.47625
-1.88832 -4.04952 2.48756
-1.81736 -4.08186 2.48756
-1.74585 -4.11296 2.49557
-1.6738 -4.1428 2.49557
-1.60124 -4.17138 2.49557
-1.5282 -4.19869 2.50015
-1.45469 -4.22472 2.50015
-1.38074 -4.24947 2.50015
-1.30636 -4.27292 2.50011
-1.23159 -4.29506 2.50011
-1.15644 -4.3159 2.50011
-1.08094 -4.33543 2.49327
-1.00512 -4.35364 2.49327
-0.928981 -4.37051 2.4768
-0.852564 -4.38606 2.4768
-0.775887 -4.40027 2.4768
-0.698973 -4.41314 2.44754
-0.621847 -4.42467 2.44754
-0.544531 -4.43485 2.44754
-0.467049 -4.44368 2.4024
-0.389425 -4.45115 2.4024
-0.311683 -4.45727 2.33876
-0.233845 -4.46203 2.33876
-0.155936 -4.46543 2.33876
-0.07798 -4.46747 2.25477
-8.20786e-16 -4.46815 2.25477
0.07798 -4.46747 2.25477
0.155936 -4.46543 2.14959
0.233845 -4.46203 2.14959
0.311683 -4.45727 2.14959
0.389425 -4.45115 2.0235
0.467049 -4.44368 2.0235
0.544531 -4.43485 1.87788
0.621847 -4.42467 1.87788
0.698973 -4.41314 1.87788
0.775887 -4.40027 1.71517
0.852564 -4.38606 1.71517
0.928981 -4.37051 1.71517
1.00512 -4.35364 1.53866
1.08094 -4.33543 1.53866
1.15644 -4.3159 1.53866
1.23159 -4.29506 1.35227
1.30636 -4.27292 1.35227
1.38074 -4.24947 1.1604
1.45469 -4.22472 1.1604
1.5282 -4.19869 1.1604
1.60124 -4.17138 0.967689
1.6738 -4.1428 0.967689
1.74585 -4.11296 0.967689
1.81736 -4.08186 0.778927
1.88832 -4.04952 0.778927
1.95871 -4.01595 0.598936
2.0285 -3.98115 0.598936
2.09767 -3.94515 0.598936
2.1662 -3.90794 0.432489
2.23408 -3.86953 0.432489
2.30127 -3.82996 0.432489
2.36776 -3.78921 0.284212
2.43353 -3.74731 0.284212
2.49856 -3.70427 0.284212
2.56283 -3.6601 0.158405
2.62631 -3.61481 0.158405
2.689 -3.56843 0.0588087
2.75087 -3.52095 0.0588087
2.8119 -3.47241 0.0588087
2.87207 -3.4228 -0.0116011
2.93137 -3.37216 -0.0116011
2.98978 -3.32049 -0.0116011
3.04727 -3.2678 -0.0508107
3.10384 -3.21412 -0.0508107
3.15946 -3.15946 -0.0508107
3.21412 -3.10384 -0.0579213
3.2678 -3.04727 -0.0579213
3.32049 -2.98978 -0.0332199
3.37216 -2.93137 -0.0332199
3.4228 -2.87207 -0.0332199
3.47241 -2.8119 0.0218227
3.52095 -2.75087 0.0218227
3.56843 -2.689 0.0218227
3.61481 -2.62631 0.104641
3.6601 -2.56283 0.104641
3.70427 -2.49856 0.211722
3.74731 -2.43353 0.211722
3.78921 -2.36776 0.211722
3.82996 -2.30127 0.338802
3.86953 -2.23408 0.338802
3.90794 -2.1662 0.338802
3.94515 -2.09767 0.481063
3.98115 -2.0285 0.481063
4.01595 -1.95871 0.481063
4.04952 -1.88832 0.633317
4.08186 -1.81736 0.633317
4.11296 -1.74585 0.790138
4.1428 -1.6738 0.790138
4.17138 -1.60124 0.790138
4.19869 -1.5282 0.945973
4.22472 -1.45469 0.945973
4.24947 -1.38074 0.945973
4.27292 -1.30636 1.09523
4.29506 -1.23159 1.09523
4.3159 -1.15644 1.09523
4.33543 -1.08094 1.23241
4.35364 -1.00512 1.23241
4.37051 -0.928981 1.35225
4.38606 -0.852564 1.35225
4.40027 -0.775887 1.35225
4.41314 -0.698973 1.44998
4.42467 -0.621847 1.44998
4.43485 -0.544531 1.44998
4.44368 -0.467049 1.52157
4.45115 -0.389425 1.52157
4.45727 -0.311683 1.56396
4.46203 -0.233845 1.56396
4.46543 -0.155936 1.56396
4.46747 -0.07798 1.45219

4.54794 0 1.72118
4.54725 0.0793725 1.72118
4.54517 0.158721 1.69855
4.54171 0.238021 1.69855
4.53686 0.317248 1.64188
4.53064 0.396379 1.64188
4.52303 0.475389 1.64188
4.51404 0.554255 1.55351
4.50368 0.632951 1.55351
4.49195 0.711455 1.55351
4.47885 0.789742 1.43698
4.46438 0.867788 1.43698
4.44856 0.94557 1.29682
4.43138 1.02306 1.29682
4.41285 1.10025 1.29682
4.39297 1.17709 1.13822
4.37176 1.25358 1.13822
4.34922 1.32969 0.966784
4.32535 1.40539 0.966784
4.30016 1.48067 0.966784
4.27367 1.55549 0.788239
4.24587 1.62984 0.788239
4.21678 1.70369 0.788239
4.1864 1.77702 0.608339
4.15475 1.84981 0.608339
4.12184 1.92204 0.432763
4.08766 1.99369 0.432763
4.05225 2.06472 0.432763
4.01559 2.13513 0.267086
3.97772 2.20489 0.267086
3.93863 2.27397 0.116729
3.89835 2.34236 0.116729
3.85687 2.41004 0.116729
3.81423 2.47699 -0.0131511
3.77041 2.54318 -0.0131511
3.72546 2.60859 -0.0131511
3.67936 2.67321 -0.117828
3.63215 2.73702 -0.117828
3.58383 2.79999 -0.19323
3.53441 2.86211 -0.19323
3.48393 2.92336 -0.19323
3.43238 2.98372 -0.236174
3.37978 3.04317 -0.236174
3.32615 3.10169 -0.236174
3.27152 3.15927 -0.244558
3.21588 3.21588 -0.244558
3.15927 3.27152 -0.217498
3.10169 3.32615 -0.217498
3.04317 3.37978 -0.217498
2.98372 3.43238 -0.155376
2.92336 3.48393 -0.155376
2.86211 3.53441 -0.0598059
2.79999 3.58383 -0.0598059
2.73702 3.63215 -0.0598059
2.67321 3.67936 0.0664912
2.60859 3.72546 0.0664912
2.54318 3.77041 0.0664912
2.47699 3.81423 0.219881
2.41004 3.85687 0.219881
2.34236 3.89835 0.396059
2.27397 3.93863 0.396059
2.20489 3.97772 0.396059
2.13513 4.01559 0.590272
2.06472 4.05225 0.590272
1.99369 4.08766 0.797558
1.92204 4.12184 0.797558
1.84981 4.15475 0.797558
1.77702 4.1864 1.01288
1.70369 4.21678 1.01288
1.62984 4.24587 1.01288
1.55549 4.27367 1.23117
1.48067 4.30016 1.23117
1.40539 4.32535 1.44738
1.32969 4.34922 1.44738
1.25358 4.37176 1.44738
1.17709 4.39297 1.65651
1.10025 4.41285 1.65651
1.02306 4.43138 1.85376
0.94557 4.44856 1.85376
0.867788 4.46438 1.85376
0.789742 4.47885 2.03469
0.711455 4.49195 2.03469
0.632951 4.50368 2.03469
0.554255 4.51404 2.19553
0.475389 4.52303 2.19553
0.396379 4.53064 2.33339
0.317248 4.53686 2.33339
0.238021 4.54171 2.33339
0.158721 4.54517 2.4465
0.0793725 4.54725 2.4465
2.78481e-16 4.54794 2.53441
-0.0793725 4.54725 2.53441
-0.158721 4.54517 2.53441
-0.238021 4.54171 2.59794
-0.317248 4.53686 2.59794
-0.396379 4.53064 2.59794
-0.475389 4.52303 2.63918
-0.554255 4.51404 2.63918
-0.632951 4.50368 2.66125
-0.711455 4.49195 2.66125
-0.789742 4.47885 2.66125
-0.867788 4.46438 2.66797
-0.94557 4.44856 2.66797
-1.02306 4.43138 2.66797
-1.10025 4.41285 2.66346
-1.17709 4.39297 2.66346
-1.25358 4.37176 2.65167
-1.32969 4.34922 2.65167
-1.40539 4.32535 2.65167
-1.48067 4.30016 2.63593
-1.55549 4.27367 2.63593
-1.62984 4.24587 2.61857
-1.70369 4.21678 2.61857
-1.77702 4.1864 2.61857
-1.84981 4.15475 2.60072
-1.92204 4.12184 2.60072
-1.99369 4.08766 2.60072
-2.06472 4.05225 2.58214
-2.13513 4.01559 2.58214
-2.20489 3.97772 2.56138
-2.27397 3.93863 2.56138
-2.34236 3.89835 2.56138
-2.41004 3.85687 2.53592
-2.47699 3.81423 2.53592
-2.54318 3.77041 2.50256
-2.60859 3.72546 2.50256
-2.67321 3.67936 2.50256
-2.73702 3.63215 2.45791
-2.79999 3.58383 2.45791
-2.86211 3.53441 2.45791
-2.92336 3.48393 2.39875
-2.98372 3.43238 2.39875
-3.04317 3.37978 2.32239
-3.10169 3.32615 2.32239
-3.15927 3.27152 2.32239
-3.21588 3.21588 2.22701
-3.27152 3.15927 2.22701
-3.32615 3.10169 2.11176
-3.37978 3.04317 2.11176
-3.43238 2.98372 2.11176
-3.48393 2.92336 1.97693
-3.53441 2.86211 1.97693
-3.58383 2.79999 1.97693
-3.63215 2.73702 1.82385
-3.67936 2.67321 1.82385
-3.72546 2.60859 1.65482
-3.77041 2.54318 1.65482
-3.81423 2.47699 1.65482
-3.85687 2.41004 1.4729
-3.89835 2.34236 1.4729
-3.93863 2.27397 1.28176
-3.97772 2.20489 1.28176
-4.01559 2.13513 1.28176
-4.05225 2.06472 1.08545
-4.08766 1.99369 1.08545
-4.12184 1.92204 1.08545
-4.15475 1.84981 0.888273
-4.1864 1.77702 0.888273
-4.21678 1.70369 0.694679
-4.24587 1.62984 0.694679
-4.27367 1.55549 0.694679
-4.30016 1.48067 0.509252
-4.32535 1.40539 0.509252
-4.34922 1.32969 0.509252
-4.37176 1.25358 0.336651
-4.39297 1.17709 0.336651
-4.41285 1.10025 0.181534
-4.43138 1.02306 0.181534
-4.44856 0.94557 0.181534
-4.46438 0.867788 0.0484132
-4.47885 0.789742 0.0484132
-4.49195 0.711455 -0.0585644
-4.50368 0.632951 -0.0585644
-4.51404 0.554255 -0.0585644
-4.52303 0.475389 -0.135863
-4.53064 0.396379 -0.135863
-4.53686 0.317248 -0.135863
-4.54171 0.238021 -0.180805
-4.54517 0.158721 -0.180805
-4.54725 0.0793725 -0.191762
-4.54794 5.56962e-16 -0.191762
-4.54725 -0.0793725 -0.191762
-4.54517 -0.158721 -0.168288
-4.54171 -0.238021 -0.168288
-4.53686 -0.317248 -0.111155
-4.53064 -0.396379 -0.111155
-4.52303 -0.475389 -0.111155
-4.51404 -0.554255 -0.022293
-4.50368 -0.632951 -0.022293
-4.49195 -0.711455 -0.022293
-4.47885 -0.789742 0.0953572
-4.46438 -0.867788 0.0953572
-4.44856 -0.94557 0.238053
-4.43138 -1.02306 0.238053
-4.41285 -1.10025 0.238053
-4.39297 -1.17709 0.401497
-4.37176 -1.25358 0.401497
-4.34922 -1.32969 0.581085
-4.32535 -1.40539 0.581085
-4.30016 -1.48067 0.581085
-4.27367 -1.55549 0.772096
-4.24587 -1.62984 0.772096
-4.21678 -1.70369 0.772096
-4.1864 -1.77702 0.969825
-4.15475 -1.84981 0.969825
-4.12184 -1.92204 1.16964
-4.08766 -1.99369 1.16964
-4.05225 -2.06472 1.16964
-4.01559 -2.13513 1.36701
-3.97772 -2.20489 1.36701
-3.93863 -2.27397 1.36701
-3.89835 -2.34236 1.5576
-3.85687 -2.41004 1.5576
-3.81423 -2.47699 1.73731
-3.77041 -2.54318 1.73731
-3.72546 -2.60859 1.73731
-3.67936 -2.67321 1.9025
-3.63215 -2.73702 1.9025
-3.58383 -2.79999 2.05018
-3.53441 -2.86211 2.05018
-3.48393 -2.92336 2.05018
-3.43238 -2.98372 2.1782
-3.37978 -3.04317 2.1782
-3.32615 -3.10169 2.1782
-3.27152 -3.15927 2.28545
-3.21588 -3.21588 2.28545
-3.15927 -3.27152 2.37194
-3.10169 -3.32615 2.37194
-3.04317 -3.37978 2.37194
-2.98372 -3.43238 2.4388
-2.92336 -3.48393 2.4388
-2.86211 -3.53441 2.48815
-2.79999 -3.58383 2.48815
-2.73702 -3.63215 2.48815
-2.67321 -3.67936 2.52295
-2.60859 -3.72546 2.52295
-2.54318 -3.77041 2.52295
-2.47699 -3.81423 2.54661
-2.41004 -3.85687 2.54661
-2.34236 -3.89835 2.56262
-2.27397 -3.93863 2.56262
-2.20489 -3.97772 2.56262
-2.13513 -4.01559 2.5742
-2.06472 -4.05225 2.5742
-1.99369 -4.08766 2.58378
-1.92204 -4.12184 2.58378
-1.84981 -4.15475 2.58378
-1.77702 -4.1864 2.59265
-1.70369 -4.21678 2.59265
-1.62984 -4.24587 2.59265
-1.55549 -4.27367 2.60088
-1.48067 -4.30016 2.60088
-1.40539 -4.32535 2.60721
-1.32969 -4.34922 2.60721
-1.25358 -4.37176 2.60721
-1.17709 -4.39297 2.60922
-1.10025 -4.41285 2.60922
-1.02306 -4.43138 2.60359
-0.94557 -4.44856 2.60359
-0.867788 -4.46438 2.60359
-0.789742 -4.47885 2.58652
-0.711455 -4.49195 2.58652
-0.632951 -4.50368 2.58652
-0.554255 -4.51404 2.55412
-0.475389 -4.52303 2.55412
-0.396379 -4.53064 2.5029
-0.317248 -4.53686 2.5029
-0.238021 -4.54171 2.5029
-0.158721 -4.54517 2.43011
-0.0793725 -4.54725 2.43011
-8.35443e-16 -4.54794 2.43011
0.0793725 -4.54725 2.33407
0.158721 -4.54517 2.33407
0.238021 -4.54171 2.21429
0.317248 -4.53686 2.21429
0.396379 -4.53064 2.21429
0.475389 -4.52303 2.07153
0.554255 -4.51404 2.07153
0.632951 -4.50368 1.90776
0.711455 -4.49195 1.90776
0.789742 -4.47885 1.90776
0.867788 -4.46438 1.72594
0.94557 -4.44856 1.72594
1.02306 -4.43138 1.72594
1.10025 -4.41285 1.52985
1.17709 -4.39297 1.52985
1.25358 -4.37176 1.32382
1.32969 -4.34922 1.32382
1.40539 -4.32535 1.32382
1.48067 -4.30016 1.11249
1.55549 -4.27367 1.11249
1.62984 -4.24587 0.900684
1.70369 -4.21678 0.900684
1.77702 -4.1864 0.900684
1.84981 -4.15475 0.693279
1.92204 -4.12184 0.693279
1.99369 -4.08766 0.693279
2.06472 -4.05225 0.495192
2.13513 -4.01559 0.495192
2.20489 -3.97772 0.311329
2.27397 -3.93863 0.311329
2.34236 -3.89835 0.311329
2.41004 -3.85687 0.146523
2.47699 -3.81423 0.146523
2.54318 -3.77041 0.00536457
2.60859 -3.72546 0.00536457
2.67321 -3.67936 0.00536457
2.73702 -3.63215 -0.108047
2.79999 -3.58383 -0.108047
2.86211 -3.53441 -0.108047
2.92336 -3.48393 -0.190342
2.98372 -3.43238 -0.190342
3.04317 -3.37978 -0.239108
3.10169 -3.32615 -0.239108
3.15927 -3.27152 -0.239108
3.21588 -3.21588 -0.253073
3.27152 -3.15927 -0.253073
3.32615 -3.10169 -0.232198
3.37978 -3.04317 -0.232198
3.43238 -2.98372 -0.232198
3.48393 -2.92336 -0.1777
3.53441 -2.86211 -0.1777
3.58383 -2.79999 -0.1777
3.63215 -2.73702 -0.0919667
3.67936 -2.67321 -0.0919667
3.72546 -2.60859 0.0215835
3.77041 -2.54318 0.0215835
3.81423 -2.47699 0.0215835
3.85687 -2.41004 0.158716
3.89835 -2.34236 0.158716
3.93863 -2.27397 0.158716
3.97772 -2.20489 0.314607
4.01559 -2.13513 0.314607
4.05225 -2.06472 0.484053
4.08766 -1.99369 0.484053
4.12184 -1.92204 0.484053
4.15475 -1.84981 0.661622
4.1864 -1.77702 0.661622
4.21678 -1.70369 0.841744
4.24587 -1.62984 0.841744
4.27367 -1.55549 0.841744
4.30016 -1.48067 1.01875
4.32535 -1.40539 1.01875
4.34922 -1.32969 1.01875
4.37176 -1.25358 1.1869
4.39297 -1.17709 1.1869
4.41285 -1.10025 1.34053
4.43138 -1.02306 1.34053
4.44856 -0.94557 1.34053
4.46438 -0.867788 1.47415
4.47885 -0.789742 1.47415
4.49195 -0.711455 1.58273
4.50368 -0.632951 1.58273
4.51404 -0.554255 1.58273
4.52303 -0.475389 1.66204
4.53064 -0.396379 1.66204
4.53686 -0.317248 1.66204
4.54171 -0.238021 1.70883
4.54517 -0.158721 1.70883
4.54725 -0.0793725 1.57532

4.62773 0 1.72118
4.62703 0.080765 1.72118
4.62491 0.161505 1.69855
4.62139 0.242197 1.69855
4.61646 0.322814 1.64188
4.61012 0.403333 1.64188
4.60238 0.48373 1.64188
4.59324 0.563978 1.55351
4.58269 0.644056 1.55351
4.57076 0.723937 1.55351
4.55742 0.803597 1.43698
4.54271 0.883013 1.43698
4.5266 0.962159 1.29682
4.50912 1.04101 1.29682
4.49027 1.11955 1.29682
4.47004 1.19774 1.13822
4.44846 1.27558 1.13822
4.42552 1.35302 0.966784
4.40123 1.43005 0.966784
4.37561 1.50664 0.966784
4.34864 1.58278 0.788239
4.32036 1.65843 0.788239
4.29076 1.73358 0.788239
4.25985 1.8082 0.608339
4.22764 1.88227 0.608339
4.19415 1.95576 0.432763
4.15938 2.02866 0.432763
4.12334 2.10095 0.432763
4.08604 2.17259 0.267086
4.0475 2.24357 0.267086
4.00773 2.31387 0.116729
3.96674 2.38346 0.116729
3.92454 2.45232 0.116729
3.88114 2.52044 -0.0131511
3.83656 2.58779 -0.0131511
3.79081 2.65436 -0.0131511
3.74391 2.72011 -0.117828
3.69587 2.78504 -0.117828
3.6467 2.84912 -0.19323
3.59642 2.91233 -0.19323
3.54505 2.97465 -0.19323
3.49259 3.03606 -0.236174
3.43907 3.09656 -0.236174
3.38451 3.1561 -0.236174
3.32891 3.21469 -0.244558
3.2723 3.2723 -0.244558
3.21469 3.32891 -0.217498
3.1561 3.38451 -0.217498
3.09656 3.43907 -0.217498
3.03606 3.49259 -0.155376
2.97465 3.54505 -0.155376
2.91233 3.59642 -0.0598059
2.84912 3.6467 -0.0598059
2.78504 3.69587 -0.0598059
2.72011 3.74391 0.0664912
2.65436 3.79081 0.0664912
2.58779 3.83656 0.0664912
2.52044 3.88114 0.219881
2.45232 3.92454 0.219881
2.38346 3.96674 0.396059
2.31387 4.00773 0.396059
2.24357 4.0475 0.396059
2.17259 4.08604 0.590272
2.10095 4.12334 0.590272
2.02866 4.15938 0.797558
1.95576 4.19415 0.797558
1.88227 4.22764 0.797558
1.8082 4.25985 1.01288
1.73358 4.29076 1.01288
1.65843 4.32036 1.01288
1.58278 4.34864 1.23117
1.50664 4.37561 1.23117
1.43005 4.40123 1.44738
1.35302 4.42552 1.44738
1.27558 4.44846 1.44738
1.19774 4.47004 1.65651
1.11955 4.49027 1.65651
1.04101 4.50912 1.85376
0.962159 4.5266 1.85376
0.883013 4.54271 1.85376
0.803597 4.55742 2.03469
0.723937 4.57076 2.03469
0.644056 4.58269 2.03469
0.563978 4.59324 2.19553
0.48373 4.60238 2.19553
0.403333 4.61012 2.33339
0.322814 4.61646 2.33339
0.242197 4.62139 2.33339
0.161505 4.62491 2.4465
0.080765 4.62703 2.4465
2.83367e-16 4.62773 2.53441
-0.080765 4.62703 2.53441
-0.161505 4.62491 2.53441
-0.242197 4.62139 2.59794
-0.322814 4.61646 2.59794
-0.403333 4.61012 2.59794
-0.48373 4.60238 2.63918
-0.563978 4.59324 2.63918
-0.644056 4.58269 2.66125
-0.723937 4.57076 2.66125
-0.803597 4.55742 2.66125
-0.883013 4.54271 2.66797
-0.962159 4.5266 2.66797
-1.04101 4.50912 2.66797
-1.11955 4.49027 2.66346
-1.19774 4.47004 2.66346
-1.27558 4.44846 2.65167
-1.35302 4.42552 2.65167
-1.43005 4.40123 2.65167
-1.50664 4.37561 2.63593
-1.58278 4.34864 2.63593
-1.65843 4.32036 2.61857
-1.73358 4.29076 2.61857
-1.8082 4.25985 2.61857
-1.88227 4.22764 2.60072
-1.95576 4.19415 2.60072
-2.02866 4.15938 2.60072
-2.10095 4.12334 2.58214
-2.17259 4.08604 2.58214
-2.24357 4.0475 2.56138
-2.31387 4.00773 2.56138
-2.38346 3.96674 2.56138
-2.45232 3.92454 2.53592
-2.52044 3.88114 2.53592
-2.58779 3.83656 2.50256
-2.65436 3.79081 2.50256
-2.72011 3.74391 2.50256
-2.78504 3.69587 2.45791
-2.84912 3.6467 2.45791
-2.91233 3.59642 2.45791
-2.97465 3.54505 2.39875
-3.03606 3.49259 2.39875
-3.09656 3.43907 2.32239
-3.1561 3.38451 2.32239
-3.21469 3.32891 2.32239
-3.2723 3.2723 2.22701
-3.32891 3.21469 2.22701
-3.38451 3.1561 2.11176
-3.43907 3.09656 2.11176
-3.49259 3.03606 2.11176
-3.54505 2.97465 1.97693
-3.59642 2.91233 1.97693
-3.6467 2.84912 1.97693
-3.69587 2.78504 1.82385
-3.74391 2.72011 1.82385
-3.79081 2.65436 1.65482
-3.83656 2.58779 1.65482
-3.88114 2.52044 1.65482
-3.92454 2.45232 1.4729
-3.96674 2.38346 1.4729
-4.00773 2.31387 1.28176
-4.0475 2.24357 1.28176
-4.08604 2.17259 1.28176
-4.12334 2.10095 1.08545
-4.15938 2.02866 1.08545
-4.19415 1.95576 1.08545
-4.22764 1.88227 0.888273
-4.25985 1.8082 0.888273
-4.29076 1.73358 0.694679
-4.32036 1.65843 0.694679
-4.34864 1.58278 0.694679
-4.37561 1.50664 0.509252
-4.40123 1.43005 0.509252
-4.42552 1.35302 0.509252
-4.44846 1.27558 0.336651
-4.47004 1.19774 0.336651
-4.49027 1.11955 0.181534
-4.50912 1.04101 0.181534
-4.5266 0.962159 0.181534
-4.54271 0.883013 0.0484132
-4.55742 0.803597 0.0484132
-4.57076 0.723937 -0.0585644
-4.58269 0.644056 -0.0585644
-4.59324 0.563978 -0.0585644
-4.60238 0.48373 -0.135863
-4.61012 0.403333 -0.135863
-4.61646 0.322814 -0.135863
-4.62139 0.242197 -0.180805
-4.62491 0.161505 -0.180805
-4.62703 0.080765 -0.191762
-4.62773 5.66734e-16 -0.191762
-4.62703 -0.080765 -0.191762
-4.62491 -0.161505 -0.168288
-4.62139 -0.242197 -0.168288
-4.61646 -0.322814 -0.111155
-4.61012 -0.403333 -0.111155
-4.60238 -0.48373 -0.111155
-4.59324 -0.563978 -0.022293
-4.58269 -0.644056 -0.022293
-4.57076 -0.723937 -0.022293
-4.55742 -0.803597 0.0953572
-4.54271 -0.883013 0.0953572
-4.5266 -0.962159 0.238053
-4.50912 -1.04101 0.238053
-4.49027 -1.11955 0.238053
-4.47004 -1.19774 0.401497
-4.44846 -1.27558 0.401497
-4.42552 -1.35302 0.581085
-4.40123 -1.43005 0.581085
-4.37561 -1.50664 0.581085
-4.34864 -1.58278 0.772096
-4.32036 -1.65843 0.772096
-4.29076 -1.73358 0.772096
-4.25985 -1.8082 0.969825
-4.22764 -1.88227 0.969825
-4.19415 -1.95576 1.16964
-4.15938 -2.02866 1.16964
-4.12334 -2.10095 1.16964
-4.08604 -2.17259 1.36701
-4.0475 -2.24357 1.36701
-4.00773 -2.31387 1.36701
-3.96674 -2.38346 1.5576
-3.92454 -2.45232 1.5576
-3.88114 -2.52044 1.73731
-3.83656 -2.58779 1.73731
-3.79081 -2.65436 1.73731
-3.74391 -2.72011 1.9025
-3.69587 -2.78504 1.9025
-3.6467 -2.84912 2.05018
-3.59642 -2.91233 2.05018
-3.54505 -2.97465 2.05018
-3.49259 -3.03606 2.1782
-3.43907 -3.09656 2.1782
-3.38451 -3.1561 2.1782
-3.32891 -3.21469 2.28545
-3.2723 -3.2723 2.28545
-3.21469 -3.32891 2.37194
-3.1561 -3.38451 2.37194
-3.09656 -3.43907 2.37194
-3.03606 -3.49259 2.4388
-2.97465 -3.54505 2.4388
-2.91233 -3.59642 2.48815
-2.84912 -3.6467 2.48815
-2.78504 -3.69587 2.48815
-2.72011 -3.74391 2.52295
-2.65436 -3.79081 2.52295
-2.58779 -3.83656 2.52295
-2.52044 -3.88114 2.54661
-2.45232 -3.92454 2.54661
-2.38346 -3.96674 2.56262
-2.31387 -4.00773 2.56262
-2.24357 -4.0475 2.56262
-2.17259 -4.08604 2.5742
-2.10095 -4.12334 2.5742
-2.02866 -4.15938 2.58378
-1.95576 -4.19415 2.58378
-1.88227 -4.22764 2.58378
-1.8082 -4.25985 2.59265
-1.73358 -4.29076 2.59265
-1.65843 -4.32036 2.59265
-1.58278 -4.34864 2.60088
-1.50664 -4.37561 2.60088
-1.43005 -4.40123 2.60721
-1.35302 -4.42552 2.60721
-1.27558 -4.44846 2.60721
-1.19774 -4.47004 2.60922
-1.11955 -4.49027 2.60922
-1.04101 -4.50912 2.60359
-0.962159 -4.5266 2.60359
-0.883013 -4.54271 2.60359
-0.803597 -4.55742 2.58652
-0.723937 -4.57076 2.58652
-0.644056 -4.58269 2.58652
-0.563978 -4.59324 2.55412
-0.48373 -4.60238 2.55412
-0.403333 -4.61012 2.5029
-0.322814 -4.61646 2.5029
-0.242197 -4.62139 2.5029
-0.161505 -4.62491 2.43011
-0.080765 -4.62703 2.43011
-8.501e-16 -4.62773 2.43011
0.080765 -4.62703 2.33407
0.161505 -4.62491 2.33407
0.242197 -4.62139 2.21429
0.322814 -4.61646 2.21429
0.403333 -4.61012 2.21429
0.48373 -4.60238 2.07153
0.563978 -4.59324 2.07153
0.644056 -4.58269 1.90776
0.723937 -4.57076 1.90776
0.803597 -4.55742 1.90776
0.883013 -4.54271 1.72594
0.962159 -4.5266 1.72594
1.04101 -4.50912 1.72594
1.11955 -4.49027 1.52985
1.19774 -4.47004 1.52985
1.27558 -4.44846 1.32382
1.35302 -4.42552 1.32382
1.43005 -4.40123 1.32382
1.50664 -4.37561 1.11249
1.58278 -4.34864 1.11249
1.65843 -4.32036 0.900684
1.73358 -4.29076 0.900684
1.8082 -4.25985 0.900684
1.88227 -4.22764 0.693279
1.95576 -4.19415 0.693279
2.02866 -4.15938 0.693279
2.10095 -4.12334 0.495192
2.17259 -4.08604 0.495192
2.24357 -4.0475 0.311329
2.31387 -4.00773 0.311329
2.38346 -3.96674 0.311329
2.45232 -3.92454 0.146523
2.52044 -3.88114 0.146523
2.58779 -3.83656 0.00536457
2.65436 -3.79081 0.00536457
2.72011 -3.74391 0.00536457
2.78504 -3.69587 -0.108047
2.84912 -3.6467 -0.108047
2.91233 -3.59642 -0.108047
2.97465 -3.54505 -0.190342
3.03606 -3.49259 -0.190342
3.09656 -3.43907 -0.239108
3.1561 -3.38451 -0.239108
3.21469 -3.32891 -0.239108
3.2723 -3.2723 -0.253073
3.32891 -3.21469 -0.253073
3.38451 -3.1561 -0.232198
3.43907 -3.09656 -0.232198
3.49259 -3.03606 -0.232198
3.54505 -2.97465 -0.1777
3.59642 -2.91233 -0.1777
3.6467 -2.84912 -0.1777
3.69587 -2.78504 -0.0919667
3.74391 -2.72011 -0.0919667
3.79081 -2.65436 0.0215835
3.83656 -2.58779 0.0215835
3.88114 -2.52044 0.0215835
3.92454 -2.45232 0.158716
3.96674 -2.38346 0.158716
4.00773 -2.31387 0.158716
4.0475 -2.24357 0.314607
4.08604 -2.17259 0.314607
4.12334 -2.10095 0.484053
4.15938 -2.02866 0.484053
4.19415 -1.95576 0.484053
4.22764 -1.88227 0.661622
4.25985 -1.8082 0.661622
4.29076 -1.73358 0.841744
4.32036 -1.65843 0.841744
4.34864 -1.58278 0.841744
4.37561 -1.50664 1.01875
4.40123 -1.43005 1.01875
4.42552 -1.35302 1.01875
4.44846 -1.27558 1.1869
4.47004 -1.19774 1.1869
4.49027 -1.11955 1.34053
4.50912 -1.04101 1.34053
4.5266 -0.962159 1.34053
4.54271 -0.883013 1.47415
4.55742 -0.803597 1.47415
4.57076 -0.723937 1.58273
4.58269 -0.644056 1.58273
4.59324 -0.563978 1.58273
4.60238 -0.48373 1.66204
4.61012 -0.403333 1.66204
4.61646 -0.322814 1.66204
4.62139 -0.242197 1.70883
4.62491 -0.161505 1.70883
4.62703 -0.080765 1.57532

4.70752 0 1.89214
4.7068 0.0821575 1.89214
4.70465 0.16429 1.86683
4.70107 0.246373 1.86683
4.69605 0.32838 1.80381
4.68961 0.410287 1.80381
4.68173 0.49207 1.80381
4.67243 0.573702 1.70559
4.66171 0.65516 1.70559
4.64956 0.736418 1.57597
4.636 0.817452 1.57597
4.62103 0.898237 1.57597
4.60465 0.978748 1.41978
4.58687 1.05896 1.41978
4.56769 1.13885 1.24256
4.54711 1.2184 1.24256
4.52516 1.29757 1.24256
4.50182 1.37635 1.05016
4.47712 1.4547 1.05016
4.45105 1.53262 0.848547
4.42362 1.61007 0.848547
4.39485 1.68702 0.848547
4.36474 1.76347 0.643562
4.33329 1.83937 0.643562
4.30053 1.91472 0.440931
4.26646 1.98948 0.440931
4.23109 2.06364 0.440931
4.19443 2.13717 0.246277
4.15649 2.21005 0.246277
4.11729 2.28225 0.065157
4.07683 2.35376 0.065157
4.03513 2.42455 0.065157
3.9922 2.4946 -0.096968
3.94806 2.5639 -0.096968
3.90271 2.63241 -0.234865
3.85617 2.70012 -0.234865
3.80846 2.76701 -0.234865
3.75959 2.83306 -0.343754
3.70958 2.89824 -0.343754
3.65843 2.96254 -0.41958
3.60617 3.02593 -0.41958
3.55281 3.08841 -0.41958
3.49837 3.14994 -0.459271
3.44286 3.21052 -0.459271
3.38631 3.27012 -0.460944
3.32872 3.32872 -0.460944
3.27012 3.38631 -0.460944
3.21052 3.44286 -0.424032
3.14994 3.49837 -0.424032
3.08841 3.55281 -0.349307
3.02593 3.60617 -0.349307
2.96254 3.65843 -0.349307
2.89824 3.70958 -0.238827
2.83306 3.75959 -0.238827
2.76701 3.80846 -0.0957747
2.70012 3.85617 -0.0957747
2.63241 3.90271 -0.0957747
2.5639 3.94806 0.0757676
2.4946 3.9922 0.0757676
2.42455 4.03513 0.271108
2.35376 4.07683 0.271108
2.28225 4.11729 0.271108
2.21005 4.15649 0.485208
2.13717 4.19443 0.485208
2.06364 4.23109 0.712939
1.98948 4.26646 0.712939
1.91472 4.30053 0.712939
1.83937 4.33329 0.949203
1.76347 4.36474 0.949203
1.68702 4.39485 1.18892
1.61007 4.42362 1.18892
1.53262 4.45105 1.18892
1.4547 4.47712 1.42699
1.37635 4.50182 1.42699
1.29757 4.52516 1.6583
1.2184 4.54711 1.6583
1.13885 4.56769 1.6583
1.05896 4.58687 1.87774
0.978748 4.60465 1.87774
0.898237 4.62103 2.08045
0.817452 4.636 2.08045
0.736418 4.64956 2.08045
0.65516 4.66171 2.26205
0.573702 4.67243 2.26205
0.49207 4.68173 2.41896
0.410287 4.68961 2.41896
0.32838 4.69605 2.41896
0.246373 4.70107 2.54875
0.16429 4.70465 2.54875
0.0821575 4.7068 2.6503
2.88252e-16 4.70752 2.6503
-0.0821575 4.7068 2.6503
-0.16429 4.70465 2.72395
-0.246373 4.70107 2.72395
-0.32838 4.69605 2.77149
-0.410287 4.68961 2.77149
-0.49207 4.68173 2.77149
-0.573702 4.67243 2.79603
-0.65516 4.66171 2.79603
-0.736418 4.64956 2.80172
-0.817452 4.636 2.80172
-0.898237 4.62103 2.80172
-0.978748 4.60465 2.79336
-1.05896 4.58687 2.79336
-1.13885 4.56769 2.77595
-1.2184 4.54711 2.77595
-1.29757 4.52516 2.77595
-1.37635 4.50182 2.7541
-1.4547 4.47712 2.7541
-1.53262 4.45105 2.73157
-1.61007 4.42362 2.73157
-1.68702 4.39485 2.73157
-1.76347 4.36474 2.71087
-1.83937 4.33329 2.71087
-1.91472 4.30053 2.69302
-1.98948 4.26646 2.69302
-2.06364 4.23109 2.69302
-2.13717 4.19443 2.67748
-2.21005 4.15649 2.67748
-2.28225 4.11729 2.66229
-2.35376 4.07683 2.66229
-2.42455 4.03513 2.66229
-2.4946 3.9922 2.64424
-2.5639 3.94806 2.64424
-2.63241 3.90271 2.61937
-2.70012 3.85617 2.61937
-2.76701 3.80846 2.61937
-2.83306 3.75959 2.58347
-2.89824 3.70958 2.58347
-2.96254 3.65843 2.53255
-3.02593 3.60617 2.53255
-3.08841 3.55281 2.53255
-3.14994 3.49837 2.46322
-3.21052 3.44286 2.46322
-3.27012 3.38631 2.37299
-3.32872 3.32872 2.37299
-3.38631 3.27012 2.37299
-3.44286 3.21052 2.26053
-3.49837 3.14994 2.26053
-3.55281 3.08841 2.12571
-3.60617 3.02593 2.12571
-3.65843 2.96254 2.12571
-3.70958 2.89824 1.96957
-3.75959 2.83306 1.96957
-3.80846 2.76701 1.79427
-3.85617 2.70012 1.79427
-3.90271 2.63241 1.79427
-3.94806 2.5639 1.60284
-3.9922 2.4946 1.60284
-4.03513 2.42455 1.39895
-4.07683 2.35376 1.39895
-4.11729 2.28225 1.39895
-4.15649 2.21005 1.18668
-4.19443 2.13717 1.18668
-4.23109 2.06364 0.970352
-4.26646 1.98948 0.970352
-4.30053 1.91472 0.970352
-4.33329 1.83937 0.754378
-4.36474 1.76347 0.754378
-4.39485 1.68702 0.543282
-4.42362 1.61007 0.543282
-4.45105 1.53262 0.543282
-4.47712 1.4547 0.341713
-4.50182 1.37635 0.341713
-4.52516 1.29757 0.154463
-4.54711 1.2184 0.154463
-4.56769 1.13885 0.154463
-4.58687 1.05896 -0.0136052
-4.60465 0.978748 -0.0136052
-4.62103 0.898237 -0.157716
-4.636 0.817452 -0.157716
-4.64956 0.736418 -0.157716
-4.66171 0.65516 -0.273442
-4.67243 0.573702 -0.273442
-4.68173 0.49207 -0.35699
-4.68961 0.410287 -0.35699
-4.69605 0.32838 -0.35699
-4.70107 0.246373 -0.405488
-4.70465 0.16429 -0.405488
-4.7068 0.0821575 -0.417196
-4.70752 5.76505e-16 -0.417196
-4.7068 -0.0821575 -0.417196
-4.70465 -0.16429 -0.391636
-4.70107 -0.246373 -0.391636
-4.69605 -0.32838 -0.32964
-4.68961 -0.410287 -0.32964
-4.68173 -0.49207 -0.32964
-4.67243 -0.573702 -0.233278
-4.66171 -0.65516 -0.233278
-4.64956 -0.736418 -0.105711
-4.636 -0.817452 -0.105711
-4.62103 -0.898237 -0.105711
-4.60465 -0.978748 0.0490521
-4.58687 -1.05896 0.0490521
-4.56769 -1.13885 0.226436
-4.54711 -1.2184 0.226436
-4.52516 -1.29757 0.226436
-4.50182 -1.37635 0.421591
-4.47712 -1.4547 0.421591
-4.45105 -1.53262 0.629622
-4.42362 -1.61007 0.629622
-4.39485 -1.68702 0.629622
-4.36474 -1.76347 0.845724
-4.33329 -1.83937 0.845724
-4.30053 -1.91472 1.06521
-4.26646 -1.98948 1.06521
-4.23109 -2.06364 1.06521
-4.19443 -2.13717 1.2835
-4.15649 -2.21005 1.2835
-4.11729 -2.28225 1.49608
-4.07683 -2.35376 1.49608
-4.03513 -2.42455 1.49608
-3.9922 -2.4946 1.69857
-3.94806 -2.5639 1.69857
-3.90271 -2.63241 1.88682
-3.85617 -2.70012 1.88682
-3.80846 -2.76701 1.88682
-3.75959 -2.83306 2.05717
-3.70958 -2.89824 2.05717
-3.65843 -2.96254 2.20672
-3.60617 -3.02593 2.20672
-3.55281 -3.08841 2.20672
-3.49837 -3.14994 2.3335
-3.44286 -3.21052 2.3335
-3.38631 -3.27012 2.43674
-3.32872 -3.32872 2.43674
-3.27012 -3.38631 2.43674
-3.21052 -3.44286 2.51689
-3.14994 -3.49837 2.51689
-3.08841 -3.55281 2.57565
-3.02593 -3.60617 2.57565
-2.96254 -3.65843 2.57565
-2.89824 -3.70958 2.61584
-2.83306 -3.75959 2.61584
-2.76701 -3.80846 2.64116
-2.70012 -3.85617 2.64116
-2.63241 -3.90271 2.64116
-2.5639 -3.94806 2.65582
-2.4946 -3.9922 2.65582
-2.42455 -4.03513 2.66414
-2.35376 -4.07683 2.66414
-2.28225 -4.11729 2.66414
-2.21005 -4.15649 2.67004
-2.13717 -4.19443 2.67004
-2.06364 -4.23109 2.6766
-1.98948 -4.26646 2.6766
-1.91472 -4.30053 2.6766
-1.83937 -4.33329 2.68555
-1.76347 -4.36474 2.68555
-1.68702 -4.39485 2.69719
-1.61007 -4.42362 2.69719
-1.53262 -4.45105 2.69719
-1.4547 -4.47712 2.71026
-1.37635 -4.50182 2.71026
-1.29757 -4.52516 2.72209
-1.2184 -4.54711 2.72209
-1.13885 -4.56769 2.72209
-1.05896 -4.58687 2.72887
-0.978748 -4.60465 2.72887
-0.898237 -4.62103 2.72607
-0.817452 -4.636 2.72607
-0.736418 -4.64956 2.72607
-0.65516 -4.66171 2.70894
-0.573702 -4.67243 2.70894
-0.49207 -4.68173 2.67302
-0.410287 -4.68961 2.67302
-0.32838 -4.69605 2.67302
-0.246373 -4.70107 2.61459
-0.16429 -4.70465 2.61459
-0.0821575 -4.7068 2.531
-8.64757e-16 -4.70752 2.531
0.0821575 -4.7068 2.531
0.16429 -4.70465 2.4209
0.246373 -4.70107 2.4209
0.32838 -4.69605 2.28434
0.410287 -4.68961 2.28434
0.49207 -4.68173 2.28434
0.573702 -4.67243 2.1227
0.65516 -4.66171 2.1227
0.736418 -4.64956 1.93862
0.817452 -4.636 1.93862
0.898237 -4.62103 1.93862
0.978748 -4.60465 1.7357
1.05896 -4.58687 1.7357
1.13885 -4.56769 1.51824
1.2184 -4.54711 1.51824
1.29757 -4.52516 1.51824
1.37635 -4.50182 1.29094
1.4547 -4.47712 1.29094
1.53262 -4.45105 1.05867
1.61007 -4.42362 1.05867
1.68702 -4.39485 1.05867
1.76347 -4.36474 0.826345
1.83937 -4.33329 0.826345
1.91472 -4.30053 0.598866
1.98948 -4.26646 0.598866
2.06364 -4.23109 0.598866
2.13717 -4.19443 0.381181
2.21005 -4.15649 0.381181
2.28225 -4.11729 0.178292
2.35376 -4.07683 0.178292
2.42455 -4.03513 0.178292
2.4946 -3.9922 -0.00475638
2.5639 -3.94806 -0.00475638
2.63241 -3.90271 -0.163047
2.70012 -3.85617 -0.163047
2.76701 -3.80846 -0.163047
2.83306 -3.75959 -0.292072
2.89824 -3.70958 -0.292072
2.96254 -3.65843 -0.388009
3.02593 -3.60617 -0.388009
3.08841 -3.55281 -0.388009
3.14994 -3.49837 -0.447996
3.21052 -3.44286 -0.447996
3.27012 -3.38631 -0.470341
3.32872 -3.32872 -0.470341
3.38631 -3.27012 -0.470341
3.44286 -3.21052 -0.45465
3.49837 -3.14994 -0.45465
3.55281 -3.08841 -0.401864
3.60617 -3.02593 -0.401864
3.65843 -2.96254 -0.401864
3.70958 -2.89824 -0.314193
3.75959 -2.83306 -0.314193
3.80846 -2.76701 -0.194979
3.85617 -2.70012 -0.194979
3.90271 -2.63241 -0.194979
3.94806 -2.5639 -0.0484715
3.9922 -2.4946 -0.0484715
4.03513 -2.42455 0.120439
4.07683 -2.35376 0.120439
4.11729 -2.28225 0.120439
4.15649 -2.21005 0.306483
4.19443 -2.13717 0.306483
4.23109 -2.06364 0.504205
4.26646 -1.98948 0.504205
4.30053 -1.91472 0.504205
4.33329 -1.83937 0.708065
4.36474 -1.76347 0.708065
4.39485 -1.68702 0.912451
4.42362 -1.61007 0.912451
4.45105 -1.53262 0.912451
4.47712 -1.4547 1.11163
4.50182 -1.37635 1.11163
4.52516 -1.29757 1.29975
4.54711 -1.2184 1.29975
4.56769 -1.13885 1.29975
4.58687 -1.05896 1.47088
4.60465 -0.978748 1.47088
4.62103 -0.898237 1.61926
4.636 -0.817452 1.61926
4.64956 -0.736418 1.61926
4.66171 -0.65516 1.73954
4.67243 -0.573702 1.73954
4.68173 -0.49207 1.82718
4.68961 -0.410287 1.82718
4.69605 -0.32838 1.82718
4.70107 -0.246373 1.87874
4.70465 -0.16429 1.87874
4.7068 -0.0821575 1.72118

4.78731 0 1.89214
4.78658 0.08355 1.89214
4.78439 0.167075 1.86683
4.78075 0.250548 1.86683
4.77565 0.333946 1.80381
4.76909 0.417241 1.80381
4.76108 0.50041 1.80381
4.75162 0.583426 1.70559
4.74072 0.666264 1.70559
4.72837 0.7489 1.57597
4.71458 0.831307 1.57597
4.69935 0.913461 1.57597
4.68269 0.995337 1.41978
4.66461 1.07691 1.41978
4.6451 1.15815 1.24256
4.62418 1.23905 1.24256
4.60186 1.31956 1.24256
4.57812 1.39967 1.05016
4.553 1.47936 1.05016
4.52649 1.55859 0.848547
4.4986 1.63736 0.848547
4.46934 1.71562 0.848547
4.43871 1.79336 0.643562
4.40674 1.87055 0.643562
4.37342 1.94717 0.440931
4.33877 2.0232 0.440931
4.3028 2.09862 0.440931
4.26552 2.17339 0.246277
4.22694 2.2475 0.246277
4.18707 2.32093 0.065157
4.14593 2.39365 0.065157
4.10352 2.46565 0.065157
4.05987 2.53689 -0.096968
4.01497 2.60735 -0.096968
3.96886 2.67703 -0.234865
3.92153 2.74589 -0.234865
3.87301 2.81391 -0.234865
3.82331 2.88107 -0.343754
3.77245 2.94736 -0.343754
3.72044 3.01275 -0.41958
3.66729 3.07722 -0.41958
3.61303 3.14076 -0.41958
3.55766 3.20333 -0.459271
3.50121 3.26494 -0.459271
3.4437 3.32554 -0.460944
3.38514 3.38514 -0.460944
3.32554 3.4437 -0.460944
3.26494 3.50121 -0.424032
3.20333 3.55766 -0.424032
3.14076 3.61303 -0.349307
3.07722 3.66729 -0.349307
3.01275 3.72044 -0.349307
2.94736 3.77245 -0.238827
2.88107 3.82331 -0.238827
2.81391 3.87301 -0.0957747
2.74589 3.92153 -0.0957747
2.67703 3.96886 -0.0957747
2.60735 4.01497 0.0757676
2.53689 4.05987 0.0757676
2.46565 4.10352 0.271108
2.39365 4.14593 0.271108
2.32093 4.18707 0.271108
2.2475 4.22694 0.485208
2.17339 4.26552 0.485208
2.09862 4.3028 0.712939
2.0232 4.33877 0.712939
1.94717 4.37342 0.712939
1.87055 4.40674 0.949203
1.79336 4.43871 0.949203
1.71562 4.46934 1.18892
1.63736 4.4986 1.18892
1.55859 4.52649 1.18892
1.47936 4.553 1.42699
1.39967 4.57812 1.42699
1.31956 4.60186 1.6583
1.23905 4.62418 1.6583
1.15815 4.6451 1.6583
1.07691 4.66461 1.87774
0.995337 4.68269 1.87774
0.913461 4.69935 2.08045
0.831307 4.71458 2.08045
0.7489 4.72837 2.08045
0.666264 4.74072 2.26205
0.583426 4.75162 2.26205
0.50041 4.76108 2.41896
0.417241 4.76909 2.41896
0.333946 4.77565 2.41896
0.250548 4.78075 2.54875
0.167075 4.78439 2.54875
0.08355 4.78658 2.6503
2.93138e-16 4.78731 2.6503
-0.08355 4.78658 2.6503
-0.167075 4.78439 2.72395
-0.250548 4.78075 2.72395
-0.333946 4.77565 2.77149
-0.417241 4.76909 2.77149
-0.50041 4.76108 2.77149
-0.583426 4.75162 2.79603
-0.666264 4.74072 2.79603
-0.7489 4.72837 2.80172
-0.831307 4.71458 2.80172
-0.913461 4.69935 2.80172
-0.995337 4.68269 2.79336
-1.07691 4.66461 2.79336
-1.15815 4.6451 2.77595
-1.23905 4.62418 2.77595
-1.31956 4.60186 2.77595
-1.39967 4.57812 2.7541
-1.47936 4.553 2.7541
-1.55859 4.52649 2.73157
-1.63736 4.4986 2.73157
-1.71562 4.46934 2.73157
-1.79336 4.43871 2.71087
-1.87055 4.40674 2.71087
-1.94717 4.37342 2.69302
-2.0232 4.33877 2.69302
-2.09862 4.3028 2.69302
-2.17339 4.26552 2.67748
-2.2475 4.22694 2.67748
-2.32093 4.18707 2.66229
-2.39365 4.14593 2.66229
-2.46565 4.10352 2.66229
-2.53689 4.05987 2.64424
-2.60735 4.01497 2.64424
-2.67703 3.96886 2.61937
-2.74589 3.92153 2.61937
-2.81391 3.87301 2.61937
-2.88107 3.82331 2.58347
-2.94736 3.77245 2.58347
-3.01275 3.72044 2.53255
-3.07722 3.66729 2.53255
-3.14076 3.61303 2.53255
-3.20333 3.55766 2.46322
-3.26494 3.50121 2.46322
-3.32554 3.4437 2.37299
-3.38514 3.38514 2.37299
-3.4437 3.32554 2.37299
-3.50121 3.26494 2.26053
-3.55766 3.20333 2.26053
-3.61303 3.14076 2.12571
-3.66729 3.07722 2.12571
-3.72044 3.01275 2.12571
-3.77245 2.94736 1.96957
-3.82331 2.88107 1.96957
-3.87301 2.81391 1.79427
-3.92153 2.74589 1.79427
-3.96886 2.67703 1.79427
-4.01497 2.60735 1.60284
-4.05987 2.53689 1.60284
-4.10352 2.46565 1.39895
-4.14593 2.39365 1.39895
-4.18707 2.32093 1.39895
-4.22694 2.2475 1.18668
-4.26552 2.17339 1.18668
-4.3028 2.09862 0.970352
-4.33877 2.0232 0.970352
-4.37342 1.94717 0.970352
-4.40674 1.87055 0.754378
-4.43871 1.79336 0.754378
-4.46934 1.71562 0.543282
-4.4986 1.63736 0.543282
-4.52649 1.55859 0.543282
-4.553 1.47936 0.341713
-4.57812 1.39967 0.341713
-4.60186 1.31956 0.154463
-4.62418 1.23905 0.154463
-4.6451 1.15815 0.154463
-4.66461 1.07691 -0.0136052
-4.68269 0.995337 -0.0136052
-4.69935 0.913461 -0.157716
-4.71458 0.831307 -0.157716
-4.72837 0.7489 -0.157716
-4.74072 0.666264 -0.273442
-4.75162 0.583426 -0.273442
-4.76108 0.50041 -0.35699
-4.76909 0.417241 -0.35699
-4.77565 0.333946 -0.35699
-4.78075 0.250548 -0.405488
-4.78439 0.167075 -0.405488
-4.78658 0.08355 -0.417196
-4.78731 5.86276e-16 -0.417196
-4.78658 -0.08355 -0.417196
-4.78439 -0.167075 -0.391636
-4.78075 -0.250548 -0.391636
-4.77565 -0.333946 -0.32964
-4.76909 -0.417241 -0.32964
-4.76108 -0.50041 -0.32964
-4.75162 -0.583426 -0.233278
-4.74072 -0.666264 -0.233278
-4.72837 -0.7489 -0.105711
-4.71458 -0.831307 -0.105711
-4.69935 -0.913461 -0.105711
-4.68269 -0.995337 0.0490521
-4.66461 -1.07691 0.0490521
-4.6451 -1.15815 0.226436
-4.62418 -1.23905 0.226436
-4.60186 -1.31956 0.226436
-4.57812 -1.39967 0.421591
-4.553 -1.47936 0.421591
-4.52649 -1.55859 0.629622
-4.4986 -1.63736 0.629622
-4.46934 -1.71562 0.629622
-4.43871 -1.79336 0.845724
-4.40674 -1.87055 0.845724
-4.37342 -1.94717 1.06521
-4.33877 -2.0232 1.06521
-4.3028 -2.09862 1.06521
-4.26552 -2.17339 1.2835
-4.22694 -2.2475 1.2835
-4.18707 -2.32093 1.49608
-4.14593 -2.39365 1.49608
-4.10352 -2.46565 1.49608
-4.05987 -2.53689 1.69857
-4.01497 -2.60735 1.69857
-3.96886 -2.67703 1.88682
-3.92153 -2.74589 1.88682
-3.87301 -2.81391 1.88682
-3.82331 -2.88107 2.05717
-3.77245 -2.94736 2.05717
-3.72044 -3.01275 2.20672
-3.66729 -3.07722 2.20672
-3.61303 -3.14076 2.20672
-3.55766 -3.20333 2.3335
-3.50121 -3.26494 2.3335
-3.4437 -3.32554 2.43674
-3.38514 -3.38514 2.43674
-3.32554 -3.4437 2.43674
-3.26494 -3.50121 2.51689
-3.20333 -3.55766 2.51689
-3.14076 -3.61303 2.57565
-3.07722 -3.66729 2.57565
-3.01275 -3.72044 2.57565
-2.94736 -3.77245 2.61584
-2.88107 -3.82331 2.61584
-2.81391 -3.87301 2.64116
-2.74589 -3.92153 2.64116
-2.67703 -3.96886 2.64116
-2.60735 -4.01497 2.65582
-2.53689 -4.05987 2.65582
-2.46565 -4.10352 2.66414
-2.39365 -4.14593 2.66414
-2.32093 -4.18707 2.66414
-2.2475 -4.22694 2.67004
-2.17339 -4.26552 2.67004
-2.09862 -4.3028 2.6766
-2.0232 -4.33877 2.6766
-1.94717 -4.37342 2.6766
-1.87055 -4.40674 2.68555
-1.79336 -4.43871 2.68555
-1.71562 -4.46934 2.69719
-1.63736 -4.4986 2.69719
-1.55859 -4.52649 2.69719
-1.47936 -4.553 2.71026
-1.39967 -4.57812 2.71026
-1.31956 -4.60186 2.72209
-1.23905 -4.62418 2.72209
-1.15815 -4.6451 2.72209
-1.07691 -4.66461 2.72887
-0.995337 -4.68269 2.72887
-0.913461 -4.69935 2.72607
-0.831307 -4.71458 2.72607
-0.7489 -4.72837 2.72607
-0.666264 -4.74072 2.70894
-0.583426 -4.75162 2.70894
-0.50041 -4.76108 2.67302
-0.417241 -4.76909 2.67302
-0.333946 -4.77565 2.67302
-0.250548 -4.78075 2.61459
-0.167075 -4.78439 2.61459
-0.08355 -4.78658 2.531
-8.79414e-16 -4.78731 2.531
0.08355 -4.78658 2.531
0.167075 -4.78439 2.4209
0.250548 -4.78075 2.4209
0.333946 -4.77565 2.28434
0.417241 -4.76909 2.28434
0.50041 -4.76108 2.28434
0.583426 -4.75162 2.1227
0.666264 -4.74072 2.1227
0.7489 -4.72837 1.93862
0.831307 -4.71458 1.93862
0.913461 -4.69935 1.93862
0.995337 -4.68269 1.7357
1.07691 -4.66461 1.7357
1.15815 -4.6451 1.51824
1.23905 -4.62418 1.51824
1.31956 -4.60186 1.51824
1.39967 -4.57812 1.29094
1.47936 -4.553 1.29094
1.55859 -4.52649 1.05867
1.63736 -4.4986 1.05867
1.71562 -4.46934 1.05867
1.79336 -4.43871 0.826345
1.87055 -4.40674 0.826345
1.94717 -4.37342 0.598866
2.0232 -4.33877 0.598866
2.09862 -4.3028 0.598866
2.17339 -4.26552 0.381181
2.2475 -4.22694 0.381181
2.32093 -4.18707 0.178292
2.39365 -4.14593 0.178292
2.46565 -4.10352 0.178292
2.53689 -4.05987 -0.00475638
2.60735 -4.01497 -0.00475638
2.67703 -3.96886 -0.163047
2.74589 -3.92153 -0.163047
2.81391 -3.87301 -0.163047
2.88107 -3.82331 -0.292072
2.94736 -3.77245 -0.292072
3.01275 -3.72044 -0.388009
3.07722 -3.66729 -0.388009
3.14076 -3.61303 -0.388009
3.20333 -3.55766 -0.447996
3.26494 -3.50121 -0.447996
3.32554 -3.4437 -0.470341
3.38514 -3.38514 -0.470341
3.4437 -3.32554 -0.470341
3.50121 -3.26494 -0.45465
3.55766 -3.20333 -0.45465
3.61303 -3.14076 -0.401864
3.66729 -3.07722 -0.401864
3.72044 -3.01275 -0.401864
3.77245 -2.94736 -0.314193
3.82331 -2.88107 -0.314193
3.87301 -2.81391 -0.194979
3.92153 -2.74589 -0.194979
3.96886 -2.67703 -0.194979
4.01497 -2.60735 -0.0484715
4.05987 -2.53689 -0.0484715
4.10352 -2.46565 0.120439
4.14593 -2.39365 0.120439
4.18707 -2.32093 0.120439
4.22694 -2.2475 0.306483
4.26552 -2.17339 0.306483
4.3028 -2.09862 0.504205
4.33877 -2.0232 0.504205
4.37342 -1.94717 0.504205
4.40674 -1.87055 0.708065
4.43871 -1.79336 0.708065
4.46934 -1.71562 0.912451
4.4986 -1.63736 0.912451
4.52649 -1.55859 0.912451
4.553 -1.47936 1.11163
4.57812 -1.39967 1.11163
4.60186 -1.31956 1.29975
4.62418 -1.23905 1.29975
4.6451 -1.15815 1.29975
4.66461 -1.07691 1.47088
4.68269 -0.995337 1.47088
4.69935 -0.913461 1.61926
4.71458 -0.831307 1.61926
4.72837 -0.7489 1.61926
4.74072 -0.666264 1.73954
4.75162 -0.583426 1.73954
4.76108 -0.50041 1.82718
4.76909 -0.417241 1.82718
4.77565 -0.333946 1.82718
4.78075 -0.250548 1.87874
4.78439 -0.167075 1.87874
4.78658 -0.08355 1.72118

4.8671 0 1.89214
4.86635 0.0849425 1.89214
4.86413 0.169859 1.86683
4.86043 0.254724 1.86683
4.85524 0.339511 1.80381
4.84858 0.424195 1.80381
4.84043 0.50875 1.80381
4.83082 0.59315 1.70559
4.81973 0.677369 1.70559
4.80717 0.761382 1.57597
4.79315 0.845162 1.57597
4.77767 0.928686 1.57597
4.76074 1.01193 1.41978
4.74235 1.09486 1.41978
4.72252 1.17746 1.24256
4.70125 1.2597 1.24256
4.67855 1.34155 1.24256
4.65443 1.423 1.05016
4.62888 1.50402 1.05016
4.60193 1.58457 0.848547
4.57357 1.66464 0.848547
4.54383 1.74421 0.848547
4.51269 1.82325 0.643562
4.48019 1.90173 0.643562
4.44631 1.97963 0.440931
4.41109 2.05692 0.440931
4.37452 2.13359 0.440931
4.33661 2.20962 0.246277
4.29739 2.28496 0.246277
4.25686 2.35961 0.065157
4.21503 2.43355 0.065157
4.17192 2.50674 0.065157
4.12753 2.57917 -0.096968
4.08189 2.65081 -0.096968
4.03501 2.72165 -0.234865
3.98689 2.79165 -0.234865
3.93756 2.86081 -0.234865
3.88704 2.92909 -0.343754
3.83532 2.99648 -0.343754
3.78244 3.06296 -0.41958
3.72841 3.12851 -0.41958
3.67324 3.1931 -0.41958
3.61696 3.25672 -0.459271
3.55957 3.31935 -0.459271
3.5011 3.38097 -0.460944
3.44156 3.44156 -0.460944
3.38097 3.5011 -0.460944
3.31935 3.55957 -0.424032
3.25672 3.61696 -0.424032
3.1931 3.67324 -0.349307
3.12851 3.72841 -0.349307
3.06296 3.78244 -0.349307
2.99648 3.83532 -0.238827
2.92909 3.88704 -0.238827
2.86081 3.93756 -0.0957747
2.79165 3.98689 -0.0957747
2.72165 4.03501 -0.0957747
2.65081 4.08189 0.0757676
2.57917 4.12753 0.0757676
2.50674 4.17192 0.271108
2.43355 4.21503 0.271108
2.35961 4.25686 0.271108
2.28496 4.29739 0.485208
2.20962 4.33661 0.485208
2.13359 4.37452 0.712939
2.05692 4.41109 0.712939
1.97963 4.44631 0.712939
1.90173 4.48019 0.949203
1.82325 4.51269 0.949203
1.74421 4.54383 1.18892
1.66464 4.57357 1.18892
1.58457 4.60193 1.18892
1.50402 4.62888 1.42699
1.423 4.65443 1.42699
1.34155 4.67855 1.6583
1.2597 4.70125 1.6583
1.17746 4.72252 1.6583
1.09486 4.74235 1.87774
1.01193 4.76074 1.87774
0.928686 4.77767 2.08045
0.845162 4.79315 2.08045
0.761382 4.80717 2.08045
0.677369 4.81973 2.26205
0.59315 4.83082 2.26205
0.50875 4.84043 2.41896
0.424195 4.84858 2.41896
0.339511 4.85524 2.41896
0.254724 4.86043 2.54875
0.169859 4.86413 2.54875
0.0849425 4.86635 2.6503
2.98024e-16 4.8671 2.6503
-0.0849425 4.86635 2.6503
-0.169859 4.86413 2.72395
-0.254724 4.86043 2.72395
-0.339511 4.85524 2.77149
-0.424195 4.84858 2.77149
-0.50875 4.84043 2.77149
-0.59315 4.83082 2.79603
-0.677369 4.81973 2.79603
-0.761382 4.80717 2.80172
-0.845162 4.79315 2.80172
-0.928686 4.77767 2.80172
-1.01193 4.76074 2.79336
-1.09486 4.74235 2.79336
-1.17746 4.72252 2.77595
-1.2597 4.70125 2.77595
-1.34155 4.67855 2.77595
-1.423 4.65443 2.7541
-1.50402 4.62888 2.7541
-1.58457 4.60193 2.73157
-1.66464 4.57357 2.73157
-1.74421 4.54383 2.73157
-1.82325 4.51269 2.71087
-1.90173 4.48019 2.71087
-1.97963 4.44631 2.69302
-2.05692 4.41109 2.69302
-2.13359 4.37452 2.69302
-2.20962 4.33661 2.67748
-2.28496 4.29739 2.67748
-2.35961 4.25686 2.66229
-2.43355 4.21503 2.66229
-2.50674 4.17192 2.66229
-2.57917 4.12753 2.64424
-2.65081 4.08189 2.64424
-2.72165 4.03501 2.61937
-2.79165 3.98689 2.61937
-2.86081 3.93756 2.61937
-2.92909 3.88704 2.58347
-2.99648 3.83532 2.58347
-3.06296 3.78244 2.53255
-3.12851 3.72841 2.53255
-3.1931 3.67324 2.53255
-3.25672 3.61696 2.46322
-3.31935 3.55957 2.46322
-3.38097 3.5011 2.37299
-3.44156 3.44156 2.37299
-3.5011 3.38097 2.37299
-3.55957 3.31935 2.26053
-3.61696 3.25672 2.26053
-3.67324 3.1931 2.12571
-3.72841 3.12851 2.12571
-3.78244 3.06296 2.12571
-3.83532 2.99648 1.96957
-3.88704 2.92909 1.96957
-3.93756 2.86081 1.79427
-3.98689 2.79165 1.79427
-4.03501 2.72165 1.79427
-4.08189 2.65081 1.60284
-4.12753 2.57917 1.60284
-4.17192 2.50674 1.39895
-4.21503 2.43355 1.39895
-4.25686 2.35961 1.39895
-4.29739 2.28496 1.18668
-4.33661 2.20962 1.18668
-4.37452 2.13359 0.970352
-4.41109 2.05692 0.970352
-4.44631 1.97963 0.970352
-4.48019 1.90173 0.754378
-4.51269 1.82325 0.754378
-4.54383 1.74421 0.543282
-4.57357 1.66464 0.543282
-4.60193 1.58457 0.543282
-4.62888 1.50402 0.341713
-4.65443 1.423 0.341713
-4.67855 1.34155 0.154463
-4.70125 1.2597 0.154463
-4.72252 1.17746 0.154463
-4.74235 1.09486 -0.0136052
-4.76074 1.01193 -0.0136052
-4.77767 0.928686 -0.157716
-4.79315 0.845162 -0.157716
-4.80717 0.761382 -0.157716
-4.81973 0.677369 -0.273442
-4.83082 0.59315 -0.273442
-4.84043 0.50875 -0.35699
-4.84858 0.424195 -0.35699
-4.85524 0.339511 -0.35699
-4.86043 0.254724 -0.405488
-4.86413 0.169859 -0.405488
-4.86635 0.0849425 -0.417196
-4.8671 5.96047e-16 -0.417196
-4.86635 -0.0849425 -0.417196
-4.86413 -0.169859 -0.391636
-4.86043 -0.254724 -0.391636
-4.85524 -0.339511 -0.32964
-4.84858 -0.424195 -0.32964
-4.84043 -0.50875 -0.32964
-4.83082 -0.59315 -0.233278
-4.81973 -0.677369 -0.233278
-4.80717 -0.761382 -0.105711
-4.79315 -0.845162 -0.105711
-4.77767 -0.928686 -0.105711
-4.76074 -1.01193 0.0490521
-4.74235 -1.09486 0.0490521
-4.72252 -1.17746 0.226436
-4.70125 -1.2597 0.226436
-4.67855 -1.34155 0.226436
-4.65443 -1.423 0.421591
-4.62888 -1.50402 0.421591
-4.60193 -1.58457 0.629622
-4.57357 -1.66464 0.629622
-4.54383 -1.74421 0.629622
-4.51269 -1.82325 0.845724
-4.48019 -1.90173 0.845724
-4.44631 -1.97963 1.06521
-4.41109 -2.05692 1.06521
-4.37452 -2.13359 1.06521
-4.33661 -2.20962 1.2835
-4.29739 -2.28496 1.2835
-4.25686 -2.35961 1.49608
-4.21503 -2.43355 1.49608
-4.17192 -2.50674 1.49608
-4.12753 -2.57917 1.69857
-4.08189 -2.65081 1.69857
-4.03501 -2.72165 1.88682
-3.98689 -2.79165 1.88682
-3.93756 -2.86081 1.88682
-3.88704 -2.92909 2.05717
-3.83532 -2.99648 2.05717
-3.78244 -3.06296 2.20672
-3.72841 -3.12851 2.20672
-3.67324 -3.1931 2.20672
-3.61696 -3.25672 2.3335
-3.55957 -3.31935 2.3335
-3.5011 -3.38097 2.43674
-3.44156 -3.44156 2.43674
-3.38097 -3.5011 2.43674
-3.31935 -3.55957 2.51689
-3.25672 -3.61696 2.51689
-3.1931 -3.67324 2.57565
-3.12851 -3.72841 2.57565
-3.06296 -3.78244 2.57565
-2.99648 -3.83532 2.61584
-2.92909 -3.88704 2.61584
-2.86081 -3.93756 2.64116
-2.79165 -3.98689 2.64116
-2.72165 -4.03501 2.64116
-2.65081 -4.08189 2.65582
-2.57917 -4.12753 2.65582
-2.50674 -4.17192 2.66414
-2.43355 -4.21503 2.66414
-2.35961 -4.25686 2.66414
-2.28496 -4.29739 2.67004
-2.20962 -4.33661 2.67004
-2.13359 -4.37452 2.6766
-2.05692 -4.41109 2.6766
-1.97963 -4.44631 2.6766
-1.90173 -4.48019 2.68555
-1.82325 -4.51269 2.68555
-1.74421 -4.54383 2.69719
-1.66464 -4.57357 2.69719
-1.58457 -4.60193 2.69719
-1.50402 -4.62888 2.71026
-1.423 -4.65443 2.71026
-1.34155 -4.67855 2.72209
-1.2597 -4.70125 2.72209
-1.17746 -4.72252 2.72209
-1.09486 -4.74235 2.72887
-1.01193 -4.76074 2.72887
-0.928686 -4.77767 2.72607
-0.845162 -4.79315 2.72607
-0.761382 -4.80717 2.72607
-0.677369 -4.81973 2.70894
-0.59315 -4.83082 2.70894
-0.50875 -4.84043 2.67302
-0.424195 -4.84858 2.67302
-0.339511 -4.85524 2.67302
-0.254724 -4.86043 2.61459
-0.169859 -4.86413 2.61459
-0.0849425 -4.86635 2.531
-8.94071e-16 -4.8671 2.531
0.0849425 -4.86635 2.531
0.169859 -4.86413 2.4209
0.254724 -4.86043 2.4209
0.339511 -4.85524 2.28434
0.424195 -4.84858 2.28434
0.50875 -4.84043 2.28434
0.59315 -4.83082 2.1227
0.677369 -4.81973 2.1227
0.761382 -4.80717 1.93862
0.845162 -4.79315 1.93862
0.928686 -4.77767 1.93862
1.01193 -4.76074 1.7357
1.09486 -4.74235 1.7357
1.17746 -4.72252 1.51824
1.2597 -4.70125 1.51824
1.34155 -4.67855 1.51824
1.423 -4.65443 1.29094
1.50402 -4.62888 1.29094
1.58457 -4.60193 1.05867
1.66464 -4.57357 1.05867
1.74421 -4.54383 1.05867
1.82325 -4.51269 0.826345
1.90173 -4.48019 0.826345
1.97963 -4.44631 0.598866
2.05692 -4.41109 0.598866
2.13359 -4.37452 0.598866
2.20962 -4.33661 0.381181
2.28496 -4.29739 0.381181
2.35961 -4.25686 0.178292
2.43355 -4.21503 0.178292
2.50674 -4.17192 0.178292
2.57917 -4.12753 -0.00475638
2.65081 -4.08189 -0.00475638
2.72165 -4.03501 -0.163047
2.79165 -3.98689 -0.163047
2.86081 -3.93756 -0.163047
2.92909 -3.88704 -0.292072
2.99648 -3.83532 -0.292072
3.06296 -3.78244 -0.388009
3.12851 -3.72841 -0.388009
3.1931 -3.67324 -0.388009
3.25672 -3.61696 -0.447996
3.31935 -3.55957 -0.447996
3.38097 -3.5011 -0.470341
3.44156 -3.44156 -0.470341
3.5011 -3.38097 -0.470341
3.55957 -3.31935 -0.45465
3.61696 -3.25672 -0.45465
3.67324 -3.1931 -0.401864
3.72841 -3.12851 -0.401864
3.78244 -3.06296 -0.401864
3.83532 -2.99648 -0.314193
3.88704 -2.92909 -0.314193
3.93756 -2.86081 -0.194979
3.98689 -2.79165 -0.194979
4.03501 -2.72165 -0.194979
4.08189 -2.65081 -0.0484715
4.12753 -2.57917 -0.0484715
4.17192 -2.50674 0.120439
4.21503 -2.43355 0.120439
4.25686 -2.35961 0.120439
4.29739 -2.28496 0.306483
4.33661 -2.20962 0.306483
4.37452 -2.13359 0.504205
4.41109 -2.05692 0.504205
4.44631 -1.97963 0.504205
4.48019 -1.90173 0.708065
4.51269 -1.82325 0.708065
4.54383 -1.74421 0.912451
4.57357 -1.66464 0.912451
4.60193 -1.58457 0.912451
4.62888 -1.50402 1.11163
4.65443 -1.423 1.11163
4.67855 -1.34155 1.29975
4.70125 -1.2597 1.29975
4.72252 -1.17746 1.29975
4.74235 -1.09486 1.47088
4.76074 -1.01193 1.47088
4.77767 -0.928686 1.61926
4.79315 -0.845162 1.61926
4.80717 -0.761382 1.61926
4.81973 -0.677369 1.73954
4.83082 -0.59315 1.73954
4.84043 -0.50875 1.82718
4.84858 -0.424195 1.82718
4.85524 -0.339511 1.82718
4.86043 -0.254724 1.87874
4.86413 -0.169859 1.87874
4.86635 -0.0849425 1.72118

4.94688 0 2.0908
4.94613 0.086335 2.0908
4.94387 0.172644 2.06254
4.9401 0.2589 2.06254
4.93483 0.345077 1.99257
4.92806 0.431149 1.99257
4.91978 0.51709 1.8836
4.91001 0.602874 1.8836
4.89874 0.688473 1.8836
4.88598 0.773863 1.73974
4.87173 0.859017 1.73974
4.856 0.94391 1.56623
4.83878 1.02852 1.56623
4.8201 1.11281 1.56623
4.79994 1.19676 1.36904
4.77832 1.28035 1.36904
4.75525 1.36355 1.15443
4.73073 1.44633 1.15443
4.70477 1.52867 0.928614
4.67737 1.61055 0.928614
4.64855 1.69193 0.928614
4.61831 1.7728 0.697557
4.58667 1.85314 0.697557
4.55363 1.9329 0.466956
4.5192 2.01208 0.466956
4.4834 2.09064 0.466956
4.44623 2.16857 0.242347
4.40771 2.24584 0.242347
4.36784 2.32242 0.0292509
4.32664 2.3983 0.0292509
4.28413 2.47344 -0.166743
4.24031 2.54783 -0.166743
4.1952 2.62145 -0.166743
4.14881 2.69427 -0.340034
4.10115 2.76626 -0.340034
4.05225 2.83742 -0.485212
4.00211 2.90771 -0.485212
3.95076 2.97711 -0.485212
3.8982 3.04561 -0.597367
3.84445 3.11318 -0.597367
3.78953 3.1798 -0.672423
3.73346 3.24545 -0.672423
3.67625 3.31011 -0.707423
3.61792 3.37377 -0.707423
3.55849 3.43639 -0.707423
3.49798 3.49798 -0.700728
3.43639 3.55849 -0.700728
3.37377 3.61792 -0.652123
3.31011 3.67625 -0.652123
3.24545 3.73346 -0.652123
3.1798 3.78953 -0.562821
3.11318 3.84445 -0.562821
3.04561 3.8982 -0.43538
2.97711 3.95076 -0.43538
2.90771 4.00211 -0.273522
2.83742 4.05225 -0.273522
2.76626 4.10115 -0.273522
2.69427 4.14881 -0.0818543
2.62145 4.1952 -0.0818543
2.54783 4.24031 0.13448
2.47344 4.28413 0.13448
2.3983 4.32664 0.13448
2.32242 4.36784 0.370121
2.24584 4.40771 0.370121
2.16857 4.44623 0.619792
2.09064 4.4834 0.619792
2.01208 4.5192 0.878394
1.9329 4.55363 0.878394
1.85314 4.58667 0.878394
1.7728 4.61831 1.14094
1.69193 4.64855 1.14094
1.61055 4.67737 1.40241
1.52867 4.70477 1.40241
1.44633 4.73073 1.40241
1.36355 4.75525 1.65765
1.28035 4.77832 1.65765
1.19676 4.79994 1.90134
1.11281 4.8201 1.90134
1.02852 4.83878 2.12816
0.94391 4.856 2.12816
0.859017 4.87173 2.12816
0.773863 4.88598 2.33308
0.688473 4.89874 2.33308
0.602874 4.91001 2.51177
0.51709 4.91978 2.51177
0.431149 4.92806 2.51177
0.345077 4.93483 2.66095
0.2589 4.9401 2.66095
0.172644 4.94387 2.77872
0.086335 4.94613 2.77872
3.02909e-16 4.94688 2.86472
-0.086335 4.94613 2.86472
-0.172644 4.94387 2.86472
-0.2589 4.9401 2.92026
-0.345077 4.93483 2.92026
-0.431149 4.92806 2.94818
-0.51709 4.91978 2.94818
-0.602874 4.91001 2.94818
-0.688473 4.89874 2.95275
-0.773863 4.88598 2.95275
-0.859017 4.87173 2.93927
-0.94391 4.856 2.93927
-1.02852 4.83878 2.91366
-1.11281 4.8201 2.91366
-1.19676 4.79994 2.91366
-1.28035 4.77832 2.88184
-1.36355 4.75525 2.88184
-1.44633 4.73073 2.84914
-1.52867 4.70477 2.84914
-1.61055 4.67737 2.84914
-1.69193 4.64855 2.81975
-1.7728 4.61831 2.81975
-1.85314 4.58667 2.79633
-1.9329 4.55363 2.79633
-2.01208 4.5192 2.77973
-2.09064 4.4834 2.77973
-2.16857 4.44623 2.77973
-2.24584 4.40771 2.76902
-2.32242 4.36784 2.76902
-2.3983 4.32664 2.76159
-2.47344 4.28413 2.76159
-2.54783 4.24031 2.76159
-2.62145 4.1952 2.75346
-2.69427 4.14881 2.75346
-2.76626 4.10115 2.73975
-2.83742 4.05225 2.73975
-2.90771 4.00211 2.71535
-2.97711 3.95076 2.71535
-3.04561 3.8982 2.71535
-3.11318 3.84445 2.67535
-3.1798 3.78953 2.67535
-3.24545 3.73346 2.61556
-3.31011 3.67625 2.61556
-3.37377 3.61792 2.61556
-3.43639 3.55849 2.53283
-3.49798 3.49798 2.53283
-3.55849 3.43639 2.42525
-3.61792 3.37377 2.42525
-3.67625 3.31011 2.29225
-3.73346 3.24545 2.29225
-3.78953 3.1798 2.29225
-3.84445 3.11318 2.13462
-3.8982 3.04561 2.13462
-3.95076 2.97711 1.95435
-4.00211 2.90771 1.95435
-4.05225 2.83742 1.95435
-4.10115 2.76626 1.75447
-4.14881 2.69427 1.75447
-4.1952 2.62145 1.53877
-4.24031 2.54783 1.53877
-4.28413 2.47344 1.31146
-4.32664 2.3983 1.31146
-4.36784 2.32242 1.31146
-4.40771 2.24584 1.07695
-4.44623 2.16857 1.07695
-4.4834 2.09064 0.839644
-4.5192 2.01208 0.839644
-4.55363 1.9329 0.839644
-4.58667 1.85314 0.603958
-4.61831 1.7728 0.603958
-4.64855 1.69193 0.374374
-4.67737 1.61055 0.374374
-4.70477 1.52867 0.155574
-4.73073 1.44633 0.155574
-4.75525 1.36355 0.155574
-4.77832 1.28035 -0.0474986
-4.79994 1.19676 -0.0474986
-4.8201 1.11281 -0.229703
-4.83878 1.02852 -0.229703
-4.856 0.94391 -0.229703
-4.87173 0.859017 -0.385906
-4.88598 0.773863 -0.385906
-4.89874 0.688473 -0.511306
-4.91001 0.602874 -0.511306
-4.91978 0.51709 -0.60179
-4.92806 0.431149 -0.60179
-4.93483 0.345077 -0.60179
-4.9401 0.2589 -0.654245
-4.94387 0.172644 -0.654245
-4.94613 0.086335 -0.666796
-4.94688 6.05819e-16 -0.666796
-4.94613 -0.086335 -0.666796
-4.94387 -0.172644 -0.638931
-4.9401 -0.2589 -0.638931
-4.93483 -0.345077 -0.571551
-4.92806 -0.431149 -0.571551
-4.91978 -0.51709 -0.571551
-4.91001 -0.602874 -0.466899
-4.89874 -0.688473 -0.466899
-4.88598 -0.773863 -0.328401
-4.87173 -0.859017 -0.328401
-4.856 -0.94391 -0.160415
-4.83878 -1.02852 -0.160415
-4.8201 -1.11281 -0.160415
-4.79994 -1.19676 0.0321104
-4.77832 -1.28035 0.0321104
-4.75525 -1.36355 0.243989
-4.73073 -1.44633 0.243989
-4.70477 -1.52867 0.243989
-4.67737 -1.61055 0.470096
-4.64855 -1.69193 0.470096
-4.61831 -1.7728 0.705526
-4.58667 -1.85314 0.705526
-4.55363 -1.9329 0.945607
-4.5192 -2.01208 0.945607
-4.4834 -2.09064 0.945607
-4.44623 -2.16857 1.18581
-4.40771 -2.24584 1.18581
-4.36784 -2.32242 1.42161
-4.32664 -2.3983 1.42161
-4.28413 -2.47344 1.42161
-4.24031 -2.54783 1.64846
-4.1952 -2.62145 1.64846
-4.14881 -2.69427 1.86183
-4.10115 -2.76626 1.86183
-4.05225 -2.83742 2.05744
-4.00211 -2.90771 2.05744
-3.95076 -2.97711 2.05744
-3.8982 -3.04561 2.23153
-3.84445 -3.11318 2.23153
-3.78953 -3.1798 2.38123
-3.73346 -3.24545 2.38123
-3.67625 -3.31011 2.38123
-3.61792 -3.37377 2.50478
-3.55849 -3.43639 2.50478
-3.49798 -3.49798 2.60174
-3.43639 -3.55849 2.60174
-3.37377 -3.61792 2.67307
-3.31011 -3.67625 2.67307
-3.24545 -3.73346 2.67307
-3.1798 -3.78953 2.72108
-3.11318 -3.84445 2.72108
-3.04561 -3.8982 2.74935
-2.97711 -3.95076 2.74935
-2.90771 -4.00211 2.74935
-2.83742 -4.05225 2.76242
-2.76626 -4.10115 2.76242
-2.69427 -4.14881 2.76543
-2.62145 -4.1952 2.76543
-2.54783 -4.24031 2.76361
-2.47344 -4.28413 2.76361
-2.3983 -4.32664 2.76361
-2.32242 -4.36784 2.76178
-2.24584 -4.40771 2.76178
-2.16857 -4.44623 2.76372
-2.09064 -4.4834 2.76372
-2.01208 -4.5192 2.76372
-1.9329 -4.55363 2.77174
-1.85314 -4.58667 2.77174
-1.7728 -4.61831 2.78641
-1.69193 -4.64855 2.78641
-1.61055 -4.67737 2.80652
-1.52867 -4.70477 2.80652
-1.44633 -4.73073 2.80652
-1.36355 -4.75525 2.82917
-1.28035 -4.77832 2.82917
-1.19676 -4.79994 2.85003
-1.11281 -4.8201 2.85003
-1.02852 -4.83878 2.85003
-0.94391 -4.856 2.8638
-0.859017 -4.87173 2.8638
-0.773863 -4.88598 2.86477
-0.688473 -4.89874 2.86477
-0.602874 -4.91001 2.84738
-0.51709 -4.91978 2.84738
-0.431149 -4.92806 2.84738
-0.345077 -4.93483 2.80682
-0.2589 -4.9401 2.80682
-0.172644 -4.94387 2.73937
-0.086335 -4.94613 2.73937
-9.08728e-16 -4.94688 2.73937
0.086335 -4.94613 2.6427
0.172644 -4.94387 2.6427
0.2589 -4.9401 2.516
0.345077 -4.93483 2.516
0.431149 -4.92806 2.36003
0.51709 -4.91978 2.36003
0.602874 -4.91001 2.36003
0.688473 -4.89874 2.17695
0.773863 -4.88598 2.17695
0.859017 -4.87173 1.97017
0.94391 -4.856 1.97017
1.02852 -4.83878 1.97017
1.11281 -4.8201 1.74401
1.19676 -4.79994 1.74401
1.28035 -4.77832 1.50331
1.36355 -4.75525 1.50331
1.44633 -4.73073 1.25314
1.52867 -4.70477 1.25314
1.61055 -4.67737 1.25314
1.69193 -4.64855 0.998508
1.7728 -4.61831 0.998508
1.85314 -4.58667 0.744308
1.9329 -4.55363 0.744308
2.01208 -4.5192 0.744308
2.09064 -4.4834 0.495361
2.16857 -4.44623 0.495361
2.24584 -4.40771 0.256553
2.32242 -4.36784 0.256553
2.3983 -4.32664 0.0329419
2.47344 -4.28413 0.0329419
2.54783 -4.24031 0.0329419
2.62145 -4.1952 -0.170213
2.69427 -4.14881 -0.170213
2.76626 -4.10115 -0.347616
2.83742 -4.05225 -0.347616
2.90771 -4.00211 -0.347616
2.97711 -3.95076 -0.494275
3.04561 -3.8982 -0.494275
3.11318 -3.84445 -0.605837
3.1798 -3.78953 -0.605837
3.24545 -3.73346 -0.67892
3.31011 -3.67625 -0.67892
3.37377 -3.61792 -0.67892
3.43639 -3.55849 -0.711362
3.49798 -3.49798 -0.711362
3.55849 -3.43639 -0.70237
3.61792 -3.37377 -0.70237
3.67625 -3.31011 -0.70237
3.73346 -3.24545 -0.652577
3.78953 -3.1798 -0.652577
3.84445 -3.11318 -0.564001
3.8982 -3.04561 -0.564001
3.95076 -2.97711 -0.439921
4.00211 -2.90771 -0.439921
4.05225 -2.83742 -0.439921
4.10115 -2.76626 -0.284647
4.14881 -2.69427 -0.284647
4.1952 -2.62145 -0.103222
4.24031 -2.54783 -0.103222
4.28413 -2.47344 -0.103222
4.32664 -2.3983 0.0989124
4.36784 -2.32242 0.0989124
4.40771 -2.24584 0.31619
4.44623 -2.16857 0.31619
4.4834 -2.09064 0.543085
4.5192 -2.01208 0.543085
4.55363 -1.9329 0.543085
4.58667 -1.85314 0.774121
4.61831 -1.7728 0.774121
4.64855 -1.69193 1.00375
4.67737 -1.61055 1.00375
4.70477 -1.52867 1.00375
4.73073 -1.44633 1.22624
4.75525 -1.36355 1.22624
4.77832 -1.28035 1.43555
4.79994 -1.19676 1.43555
4.8201 -1.11281 1.62547
4.83878 -1.02852 1.62547
4.856 -0.94391 1.62547
4.87173 -0.859017 1.7898
4.88598 -0.773863 1.7898
4.89874 -0.688473 1.92279
4.91001 -0.602874 1.92279
4.91978 -0.51709 1.92279
4.92806 -0.431149 2.01951
4.93483 -0.345077 2.01951
4.9401 -0.2589 2.07626
4.94387 -0.172644 2.07626
4.94613 -0.086335 1.89214

5.02667 0 2.0908
5.02591 0.0877275 2.0908
5.02361 0.175428 2.06254
5.01978 0.263076 2.06254
5.01443 0.350643 1.99257
5.00754 0.438103 1.99257
4.99914 0.52543 1.8836
4.9892 0.612597 1.8836
4.97775 0.699578 1.8836
4.96479 0.786345 1.73974
4.95031 0.872873 1.73974
4.93432 0.959134 1.56623
4.91683 1.0451 1.56623
4.89784 1.13076 1.56623
4.87736 1.21606 1.36904
4.85539 1.301 1.36904
4.83195 1.38554 1.15443
4.80703 1.46966 1.15443
4.78065 1.55333 0.928614
4.75281 1.63652 0.928614
4.72353 1.71922 0.928614
4.6928 1.8014 0.697557
4.66065 1.88302 0.697557
4.62708 1.96408 0.466956
4.59209 2.04453 0.466956
4.55571 2.12436 0.466956
4.51794 2.20355 0.242347
4.4788 2.28206 0.242347
4.43829 2.35988 0.0292509
4.39643 2.43698 0.0292509
4.35323 2.51334 -0.166743
4.3087 2.58893 -0.166743
4.26286 2.66373 -0.166743
4.21572 2.73772 -0.340034
4.1673 2.81088 -0.340034
4.11761 2.88318 -0.485212
4.06666 2.9546 -0.485212
4.01448 3.02513 -0.485212
3.96107 3.09473 -0.597367
3.90646 3.16339 -0.597367
3.85065 3.23108 -0.672423
3.79368 3.29779 -0.672423
3.73555 3.3635 -0.707423
3.67628 3.42818 -0.707423
3.61589 3.49182 -0.707423
3.55439 3.55439 -0.700728
3.49182 3.61589 -0.700728
3.42818 3.67628 -0.652123
3.3635 3.73555 -0.652123
3.29779 3.79368 -0.652123
3.23108 3.85065 -0.562821
3.16339 3.90646 -0.562821
3.09473 3.96107 -0.43538
3.02513 4.01448 -0.43538
2.9546 4.06666 -0.273522
2.88318 4.11761 -0.273522
2.81088 4.1673 -0.273522
2.73772 4.21572 -0.0818543
2.66373 4.26286 -0.0818543
2.58893 4.3087 0.13448
2.51334 4.35323 0.13448
2.43698 4.39643 0.13448
2.35988 4.43829 0.370121
2.28206 4.4788 0.370121
2.20355 4.51794 0.619792
2.12436 4.55571 0.619792
2.04453 4.59209 0.878394
1.96408 4.62708 0.878394
1.88302 4.66065 0.878394
1.8014 4.6928 1.14094
1.71922 4.72353 1.14094
1.63652 4.75281 1.40241
1.55333 4.78065 1.40241
1.46966 4.80703 1.40241
1.38554 4.83195 1.65765
1.301 4.85539 1.65765
1.21606 4.87736 1.90134
1.13076 4.89784 1.90134
1.0451 4.91683 2.12816
0.959134 4.93432 2.12816
0.872873 4.95031 2.12816
0.786345 4.96479 2.33308
0.699578 4.97775 2.33308
0.612597 4.9892 2.51177
0.52543 4.99914 2.51177
0.438103 5.00754 2.51177
0.350643 5.01443 2.66095
0.263076 5.01978 2.66095
0.175428 5.02361 2.77872
0.0877275 5.02591 2.77872
3.07795e-16 5.02667 2.86472
-0.0877275 5.02591 2.86472
-0.175428 5.02361 2.86472
-0.263076 5.01978 2.92026
-0.350643 5.01443 2.92026
-0.438103 5.00754 2.94818
-0.52543 4.99914 2.94818
-0.612597 4.9892 2.94818
-0.699578 4.97775 2.95275
-0.786345 4.96479 2.95275
-0.872873 4.95031 2.93927
-0.959134 4.93432 2.93927
-1.0451 4.91683 2.91366
-1.13076 4.89784 2.91366
-1.21606 4.87736 2.91366
-1.301 4.85539 2.88184
-1.38554 4.83195 2.88184
-1.46966 4.80703 2.84914
-1.55333 4.78065 2.84914
-1.63652 4.75281 2.84914
-1.71922 4.72353 2.81975
-1.8014 4.6928 2.81975
-1.88302 4.66065 2.79633
-1.96408 4.62708 2.79633
-2.04453 4.59209 2.77973
-2.12436 4.55571 2.77973
-2.20355 4.51794 2.77973
-2.28206 4.4788 2.76902
-2.35988 4.43829 2.76902
-2.43698 4.39643 2.76159
-2.51334 4.35323 2.76159
-2.58893 4.3087 2.76159
-2.66373 4.26286 2.75346
-2.73772 4.21572 2.75346
-2.81088 4.1673 2.73975
-2.88318 4.11761 2.73975
-2.9546 4.06666 2.71535
-3.02513 4.01448 2.71535
-3.09473 3.96107 2.71535
-3.16339 3.90646 2.67535
-3.23108 3.85065 2.67535
-3.29779 3.79368 2.61556
-3.3635 3.73555 2.61556
-3.42818 3.67628 2.61556
-3.49182 3.61589 2.53283
-3.55439 3.55439 2.53283
-3.61589 3.49182 2.42525
-3.67628 3.42818 2.42525
-3.73555 3.3635 2.29225
-3.79368 3.29779 2.29225
-3.85065 3.23108 2.29225
-3.90646 3.16339 2.13462
-3.96107 3.09473 2.13462
-4.01448 3.02513 1.95435
-4.06666 2.9546 1.95435
-4.11761 2.88318 1.95435
-4.1673 2.81088 1.75447
-4.21572 2.73772 1.75447
-4.26286 2.66373 1.53877
-4.3087 2.58893 1.53877
-4.35323 2.51334 1.31146
-4.39643 2.43698 1.31146
-4.43829 2.35988 1.31146
-4.4788 2.28206 1.07695
-4.51794 2.20355 1.07695
-4.55571 2.12436 0.839644
-4.59209 2.04453 0.839644
-4.62708 1.96408 0.839644
-4.66065 1.88302 0.603958
-4.6928 1.8014 0.603958
-4.72353 1.71922 0.374374
-4.75281 1.63652 0.374374
-4.78065 1.55333 0.155574
-4.80703 1.46966 0.155574
-4.83195 1.38554 0.155574
-4.85539 1.301 -0.0474986
-4.87736 1.21606 -0.0474986
-4.89784 1.13076 -0.229703
-4.91683 1.0451 -0.229703
-4.93432 0.959134 -0.229703
-4.95031 0.872873 -0.385906
-4.96479 0.786345 -0.385906
-4.97775 0.699578 -0.511306
-4.9892 0.612597 -0.511306
-4.99914 0.52543 -0.60179
-5.00754 0.438103 -0.60179
-5.01443 0.350643 -0.60179
-5.01978 0.263076 -0.654245
-5.02361 0.175428 -0.654245
-5.02591 0.0877275 -0.666796
-5.02667 6.1559e-16 -0.666796
-5.02591 -0.0877275 -0.666796
-5.02361 -0.175428 -0.638931
-5.01978 -0.263076 -0.638931
-5.01443 -0.350643 -0.571551
-5.00754 -0.438103 -0.571551
-4.99914 -0.52543 -0.571551
-4.9892 -0.612597 -0.466899
-4.97775 -0.699578 -0.466899
-4.96479 -0.786345 -0.328401
-4.95031 -0.872873 -0.328401
-4.93432 -0.959134 -0.160415
-4.91683 -1.0451 -0.160415
-4.89784 -1.13076 -0.160415
-4.87736 -1.21606 0.0321104
-4.85539 -1.301 0.0321104
-4.83195 -1.38554 0.243989
-4.80703 -1.46966 0.243989
-4.78065 -1.55333 0.243989
-4.75281 -1.63652 0.470096
-4.72353 -1.71922 0.470096
-4.6928 -1.8014 0.705526
-4.66065 -1.88302 0.705526
-4.62708 -1.96408 0.945607
-4.59209 -2.04453 0.945607
-4.55571 -2.12436 0.945607
-4.51794 -2.20355 1.18581
-4.4788 -2.28206 1.18581
-4.43829 -2.35988 1.42161
-4.39643 -2.43698 1.42161
-4.35323 -2.51334 1.42161
-4.3087 -2.58893 1.64846
-4.26286 -2.66373 1.64846
-4.21572 -2.73772 1.86183
-4.1673 -2.81088 1.86183
-4.11761 -2.88318 2.05744
-4.06666 -2.9546 2.05744
-4.01448 -3.02513 2.05744
-3.96107 -3.09473 2.23153
-3.90646 -3.16339 2.23153
-3.85065 -3.23108 2.38123
-3.79368 -3.29779 2.38123
-3.73555 -3.3635 2.38123
-3.67628 -3.42818 2.50478
-3.61589 -3.49182 2.50478
-3.55439 -3.55439 2.60174
-3.49182 -3.61589 2.60174
-3.42818 -3.67628 2.67307
-3.3635 -3.73555 2.67307
-3.29779 -3.79368 2.67307
-3.23108 -3.85065 2.72108
-3.16339 -3.90646 2.72108
-3.09473 -3.96107 2.74935
-3.02513 -4.01448 2.74935
-2.9546 -4.06666 2.74935
-2.88318 -4.11761 2.76242
-2.81088 -4.1673 2.76242
-2.73772 -4.21572 2.76543
-2.66373 -4.26286 2.76543
-2.58893 -4.3087 2.76361
-2.51334 -4.35323 2.76361
-2.43698 -4.39643 2.76361
-2.35988 -4.43829 2.76178
-2.28206 -4.4788 2.76178
-2.20355 -4.51794 2.76372
-2.12436 -4.55571 2.76372
-2.04453 -4.59209 2.76372
-1.96408 -4.62708 2.77174
-1.88302 -4.66065 2.77174
-1.8014 -4.6928 2.78641
-1.71922 -4.72353 2.78641
-1.63652 -4.75281 2.80652
-1.55333 -4.78065 2.80652
-1.46966 -4.80703 2.80652
-1.38554 -4.83195 2.82917
-1.301 -4.85539 2.82917
-1.21606 -4.87736 2.85003
-1.13076 -4.89784 2.85003
-1.0451 -4.91683 2.85003
-0.959134 -4.93432 2.8638
-0.872873 -4.95031 2.8638
-0.786345 -4.96479 2.86477
-0.699578 -4.97775 2.86477
-0.612597 -4.9892 2.84738
-0.52543 -4.99914 2.84738
-0.438103 -5.00754 2.84738
-0.350643 -5.01443 2.80682
-0.263076 -5.01978 2.80682
-0.175428 -5.02361 2.73937
-0.0877275 -5.02591 2.73937
-9.23385e-16 -5.02667 2.73937
0.0877275 -5.02591 2.6427
0.175428 -5.02361 2.6427
0.263076 -5.01978 2.516
0.350643 -5.01443 2.516
0.438103 -5.00754 2.36003
0.52543 -4.99914 2.36003
0.612597 -4.9892 2.36003
0.699578 -4.97775 2.17695
0.786345 -4.96479 2.17695
0.872873 -4.95031 1.97017
0.959134 -4.93432 1.97017
1.0451 -4.91683 1.97017
1.13076 -4.89784 1.74401
1.21606 -4.87736 1.74401
1.301 -4.85539 1.50331
1.38554 -4.83195 1.50331
1.46966 -4.80703 1.25314
1.55333 -4.78065 1.25314
1.63652 -4.75281 1.25314
1.71922 -4.72353 0.998508
1.8014 -4.6928 0.998508
1.88302 -4.66065 0.744308
1.96408 -4.62708 0.744308
2.04453 -4.59209 0.744308
2.12436 -4.55571 0.495361
2.20355 -4.51794 0.495361
2.28206 -4.4788 0.256553
2.35988 -4.43829 0.256553
2.43698 -4.39643 0.0329419
2.51334 -4.35323 0.0329419
2.58893 -4.3087 0.0329419
2.66373 -4.26286 -0.170213
2.73772 -4.21572 -0.170213
2.81088 -4.1673 -0.347616
2.88318 -4.11761 -0.347616
2.9546 -4.06666 -0.347616
3.02513 -4.01448 -0.494275
3.09473 -3.96107 -0.494275
3.16339 -3.90646 -0.605837
3.23108 -3.85065 -0.605837
3.29779 -3.79368 -0.67892
3.3635 -3.73555 -0.67892
3.42818 -3.67628 -0.67892
3.49182 -3.61589 -0.711362
3.55439 -3.55439 -0.711362
3.61589 -3.49182 -0.70237
3.67628 -3.42818 -0.70237
3.73555 -3.3635 -0.70237
3.79368 -3.29779 -0.652577
3.85065 -3.23108 -0.652577
3.90646 -3.16339 -0.564001
3.96107 -3.09473 -0.564001
4.01448 -3.02513 -0.439921
4.06666 -2.9546 -0.439921
4.11761 -2.88318 -0.439921
4.1673 -2.81088 -0.284647
4.21572 -2.73772 -0.284647
4.26286 -2.66373 -0.103222
4.3087 -2.58893 -0.103222
4.35323 -2.51334 -0.103222
4.39643 -2.43698 0.0989124
4.43829 -2.35988 0.0989124
4.4788 -2.28206 0.31619
4.51794 -2.20355 0.31619
4.55571 -2.12436 0.543085
4.59209 -2.04453 0.543085
4.62708 -1.96408 0.543085
4.66065 -1.88302 0.774121
4.6928 -1.8014 0.774121
4.72353 -1.71922 1.00375
4.75281 -1.63652 1.00375
4.78065 -1.55333 1.00375
4.80703 -1.46966 1.22624
4.83195 -1.38554 1.22624
4.85539 -1.301 1.43555
4.87736 -1.21606 1.43555
4.89784 -1.13076 1.62547
4.91683 -1.0451 1.62547
4.93432 -0.959134 1.62547
4.95031 -0.872873 1.7898
4.96479 -0.786345 1.7898
4.97775 -0.699578 1.92279
4.9892 -0.612597 1.92279
4.99914 -0.52543 1.92279
5.00754 -0.438103 2.01951
5.01443 -0.350643 2.01951
5.01978 -0.263076 2.07626
5.02361 -0.175428 2.07626
5.02591 -0.0877275 1.89214

5.10646 0 2.32003
5.10568 0.08912 2.32003
5.10335 0.178213 2.28852
5.09946 0.267252 2.28852
5.09402 0.356209 2.2109
5.08703 0.445057 2.2109
5.07849 0.533771 2.09009
5.0684 0.622321 2.09009
5.05677 0.710682 2.09009
5.04359 0.798827 1.93061
5.02888 0.886728 1.93061
5.01264 0.974359 1.73819
4.99487 1.06169 1.73819
4.97558 1.1487 1.5194
4.95478 1.23536 1.5194
4.93246 1.32165 1.28104
4.90865 1.40753 1.28104
4.88333 1.49298 1.28104
4.85653 1.57798 1.02974
4.82825 1.6625 1.02974
4.7985 1.74651 0.771602
4.76729 1.82999 0.771602
4.73463 1.91291 0.512251
4.70052 1.99525 0.512251
4.66498 2.07698 0.512251
4.62803 2.15808 0.256978
4.58966 2.23853 0.256978
4.54989 2.31828 0.0110465
4.50874 2.39734 0.0110465
4.46621 2.47566 -0.220064
4.42233 2.55323 -0.220064
4.37709 2.63002 -0.220064
4.33052 2.70601 -0.430583
4.28264 2.78118 -0.430583
4.23345 2.8555 -0.614598
4.18297 2.92895 -0.614598
4.13121 3.0015 -0.766383
4.0782 3.07315 -0.766383
4.02395 3.14385 -0.766383
3.96847 3.2136 -0.88082
3.91178 3.28237 -0.88082
3.8539 3.35014 -0.953798
3.79484 3.41689 -0.953798
3.73463 3.4826 -0.982497
3.67328 3.54725 -0.982497
3.61081 3.61081 -0.965565
3.54725 3.67328 -0.965565
3.4826 3.73463 -0.965565
3.41689 3.79484 -0.903184
3.35014 3.8539 -0.903184
3.28237 3.91178 -0.797062
3.2136 3.96847 -0.797062
3.14385 4.02395 -0.650335
3.07315 4.0782 -0.650335
3.0015 4.13121 -0.650335
2.92895 4.18297 -0.467356
2.8555 4.23345 -0.467356
2.78118 4.28264 -0.253368
2.70601 4.33052 -0.253368
2.63002 4.37709 -0.0140643
2.55323 4.42233 -0.0140643
2.47566 4.46621 -0.0140643
2.39734 4.50874 0.244819
2.31828 4.54989 0.244819
2.23853 4.58966 0.517869
2.15808 4.62803 0.517869
2.07698 4.66498 0.800081
1.99525 4.70052 0.800081
1.91291 4.73463 0.800081
1.82999 4.76729 1.0867
1.74651 4.7985 1.0867
1.6625 4.82825 1.37296
1.57798 4.85653 1.37296
1.49298 4.88333 1.65381
1.40753 4.90865 1.65381
1.32165 4.93246 1.92383
1.23536 4.95478 1.92383
1.1487 4.97558 1.92383
1.06169 4.99487 2.17726
0.974359 5.01264 2.17726
0.886728 5.02888 2.40838
0.798827 5.04359 2.40838
0.710682 5.05677 2.61197
0.622321 5.0684 2.61197
0.533771 5.07849 2.61197
0.445057 5.08703 2.78377
0.356209 5.09402 2.78377
0.267252 5.09946 2.92094
0.178213 5.10335 2.92094
0.08912 5.10568 3.02224
3.12681e-16 5.10646 3.02224
-0.08912 5.10568 3.02224
-0.178213 5.10335 3.08826
-0.267252 5.09946 3.08826
-0.356209 5.09402 3.12135
-0.445057 5.08703 3.12135
-0.533771 5.07849 3.1256
-0.622321 5.0684 3.1256
-0.710682 5.05677 3.1256
-0.798827 5.04359 3.10653
-0.886728 5.02888 3.10653
-0.974359 5.01264 3.0708
-1.06169 4.99487 3.0708
-1.1487 4.97558 3.02553
-1.23536 4.95478 3.02553
-1.32165 4.93246 2.97772
-1.40753 4.90865 2.97772
-1.49298 4.88333 2.97772
-1.57798 4.85653 2.93343
-1.6625 4.82825 2.93343
-1.74651 4.7985 2.89729
-1.82999 4.76729 2.89729
-1.91291 4.73463 2.87202
-1.99525 4.70052 2.87202
-2.07698 4.66498 2.87202
-2.15808 4.62803 2.85826
-2.23853 4.58966 2.85826
-2.31828 4.54989 2.85456
-2.39734 4.50874 2.85456
-2.47566 4.46621 2.85758
-2.55323 4.42233 2.85758
-2.63002 4.37709 2.85758
-2.70601 4.33052 2.86239
-2.78118 4.28264 2.86239
-2.8555 4.23345 2.86304
-2.92895 4.18297 2.86304
-3.0015 4.13121 2.85333
-3.07315 4.0782 2.85333
-3.14385 4.02395 2.85333
-3.2136 3.96847 2.82736
-3.28237 3.91178 2.82736
-3.35014 3.8539 2.78004
-3.41689 3.79484 2.78004
-3.4826 3.73463 2.70746
-3.54725 3.67328 2.70746
-3.61081 3.61081 2.60712
-3.67328 3.54725 2.60712
-3.73463 3.4826 2.60712
-3.79484 3.41689 2.478
-3.8539 3.35014 2.478
-3.91178 3.28237 2.32055
-3.96847 3.2136 2.32055
-4.02395 3.14385 2.13663
-4.0782 3.07315 2.13663
-4.13121 3.0015 2.13663
-4.18297 2.92895 1.92932
-4.23345 2.8555 1.92932
-4.28264 2.78118 1.7026
-4.33052 2.70601 1.7026
-4.37709 2.63002 1.46096
-4.42233 2.55323 1.46096
-4.46621 2.47566 1.46096
-4.50874 2.39734 1.20906
-4.54989 2.31828 1.20906
-4.58966 2.23853 0.951426
-4.62803 2.15808 0.951426
-4.66498 2.07698 0.692371
-4.70052 1.99525 0.692371
-4.73463 1.91291 0.692371
-4.76729 1.82999 0.436114
-4.7985 1.74651 0.436114
-4.82825 1.6625 0.186991
-4.85653 1.57798 0.186991
-4.88333 1.49298 -0.0503039
-4.90865 1.40753 -0.0503039
-4.93246 1.32165 -0.270613
-4.95478 1.23536 -0.270613
-4.97558 1.1487 -0.270613
-4.99487 1.06169 -0.468397
-5.01264 0.974359 -0.468397
-5.02888 0.886728 -0.638029
-5.04359 0.798827 -0.638029
-5.05677 0.710682 -0.774217
-5.0684 0.622321 -0.774217
-5.07849 0.533771 -0.774217
-5.08703 0.445057 -0.872444
-5.09402 0.356209 -0.872444
-5.09946 0.267252 -0.929321
-5.10335 0.178213 -0.929321
-5.10568 0.08912 -0.942822
-5.10646 6.25361e-16 -0.942822
-5.10568 -0.08912 -0.942822
-5.10335 -0.178213 -0.912398
-5.09946 -0.267252 -0.912398
-5.09402 -0.356209 -0.839026
-5.08703 -0.445057 -0.839026
-5.07849 -0.533771 -0.72514
-5.0684 -0.622321 -0.72514
-5.05677 -0.710682 -0.72514
-5.04359 -0.798827 -0.574492
-5.02888 -0.886728 -0.574492
-5.01264 -0.974359 -0.39188
-4.99487 -1.06169 -0.39188
-4.97558 -1.1487 -0.182756
-4.95478 -1.23536 -0.182756
-4.93246 -1.32165 -0.182756
-4.90865 -1.40753 0.0472235
-4.88333 -1.49298 0.0472235
-4.85653 -1.57798 0.292596
-4.82825 -1.6625 0.292596
-4.7985 -1.74651 0.548324
-4.76729 -1.82999 0.548324
-4.73463 -1.91291 0.809805
-4.70052 -1.99525 0.809805
-4.66498 -2.07698 0.809805
-4.62803 -2.15808 1.0727
-4.58966 -2.23853 1.0727
-4.54989 -2.31828 1.33269
-4.50874 -2.39734 1.33269
-4.46621 -2.47566 1.58524
-4.42233 -2.55323 1.58524
-4.37709 -2.63002 1.58524
-4.33052 -2.70601 1.82562
-4.28264 -2.78118 1.82562
-4.23345 -2.8555 2.049
-4.18297 -2.92895 2.049
-4.13121 -3.0015 2.2508
-4.0782 -3.07315 2.2508
-4.02395 -3.14385 2.2508
-3.96847 -3.2136 2.42712
-3.91178 -3.28237 2.42712
-3.8539 -3.35014 2.57509
-3.79484 -3.41689 2.57509
-3.73463 -3.4826 2.69317
-3.67328 -3.54725 2.69317
-3.61081 -3.61081 2.69317
-3.54725 -3.67328 2.78129
-3.4826 -3.73463 2.78129
-3.41689 -3.79484 2.84095
-3.35014 -3.8539 2.84095
-3.28237 -3.91178 2.87515
-3.2136 -3.96847 2.87515
-3.14385 -4.02395 2.88827
-3.07315 -4.0782 2.88827
-3.0015 -4.13121 2.88827
-2.92895 -4.18297 2.88582
-2.8555 -4.23345 2.88582
-2.78118 -4.28264 2.87401
-2.70601 -4.33052 2.87401
-2.63002 -4.37709 2.85915
-2.55323 -4.42233 2.85915
-2.47566 -4.46621 2.85915
-2.39734 -4.50874 2.84707
-2.31828 -4.54989 2.84707
-2.23853 -4.58966 2.84245
-2.15808 -4.62803 2.84245
-2.07698 -4.66498 2.84821
-1.99525 -4.70052 2.84821
-1.91291 -4.73463 2.84821
-1.82999 -4.76729 2.86532
-1.74651 -4.7985 2.86532
-1.6625 -4.82825 2.89269
-1.57798 -4.85653 2.89269
-1.49298 -4.88333 2.9272
-1.40753 -4.90865 2.9272
-1.32165 -4.93246 2.9272
-1.23536 -4.95478 2.96396
-1.1487 -4.97558 2.96396
-1.06169 -4.99487 2.99686
-0.974359 -5.01264 2.99686
-0.886728 -5.02888 3.01908
-0.798827 -5.04359 3.01908
-0.710682 -5.05677 3.02386
-0.622321 -5.0684 3.02386
-0.533771 -5.07849 3.02386
-0.445057 -5.08703 3.00513
-0.356209 -5.09402 3.00513
-0.267252 -5.09946 2.95795
-0.178213 -5.10335 2.95795
-0.08912 -5.10568 2.87889
-9.38042e-16 -5.10646 2.87889
0.08912 -5.10568 2.87889
0.178213 -5.10335 2.7662
0.267252 -5.09946 2.7662
0.356209 -5.09402 2.61981
0.445057 -5.08703 2.61981
0.533771 -5.07849 2.44134
0.622321 -5.0684 2.44134
0.710682 -5.05677 2.44134
0.798827 -5.04359 2.2339
0.886728 -5.02888 2.2339
0.974359 -5.01264 2.00179
1.06169 -4.99487 2.00179
1.1487 -4.97558 1.75014
1.23536 -4.95478 1.75014
1.32165 -4.93246 1.75014
1.40753 -4.90865 1.48437
1.49298 -4.88333 1.48437
1.57798 -4.85653 1.20983
1.6625 -4.82825 1.20983
1.74651 -4.7985 0.931559
1.82999 -4.76729 0.931559
1.91291 -4.73463 0.65428
1.99525 -4.70052 0.65428
2.07698 -4.66498 0.65428
2.15808 -4.62803 0.382565
2.23853 -4.58966 0.382565
2.31828 -4.54989 0.121116
2.39734 -4.50874 0.121116
2.47566 -4.46621 -0.125011
2.55323 -4.42233 -0.125011
2.63002 -4.37709 -0.125011
2.70601 -4.33052 -0.350322
2.78118 -4.28264 -0.350322
2.8555 -4.23345 -0.549065
2.92895 -4.18297 -0.549065
3.0015 -4.13121 -0.715655
3.07315 -4.0782 -0.715655
3.14385 -4.02395 -0.715655
3.2136 -3.96847 -0.845099
3.28237 -3.91178 -0.845099
3.35014 -3.8539 -0.933411
3.41689 -3.79484 -0.933411
3.4826 -3.73463 -0.977893
3.54725 -3.67328 -0.977893
3.61081 -3.61081 -0.977893
3.67328 -3.54725 -0.977307
3.73463 -3.4826 -0.977307
3.79484 -3.41689 -0.931936
3.8539 -3.35014 -0.931936
3.91178 -3.28237 -0.843574
3.96847 -3.2136 -0.843574
4.02395 -3.14385 -0.715423
4.0782 -3.07315 -0.715423
4.13121 -3.0015 -0.715423
4.18297 -2.92895 -0.551894
4.23345 -2.8555 -0.551894
4.28264 -2.78118 -0.358279
4.33052 -2.70601 -0.358279
4.37709 -2.63002 -0.140343
4.42233 -2.55323 -0.140343
4.46621 -2.47566 -0.140343
4.50874 -2.39734 0.0960707
4.54989 -2.31828 0.0960707
4.58966 -2.23853 0.345327
4.62803 -2.15808 0.345327
4.66498 -2.07698 0.602069
4.70052 -1.99525 0.602069
4.73463 -1.91291 0.602069
4.76729 -1.82999 0.86108
4.7985 -1.74651 0.86108
4.82825 -1.6625 1.11702
4.85653 -1.57798 1.11702
4.88333 -1.49298 1.36413
4.90865 -1.40753 1.36413
4.93246 -1.32165 1.36413
4.95478 -1.23536 1.59617
4.97558 -1.1487 1.59617
4.99487 -1.06169 1.80645
5.01264 -0.974359 1.80645
5.02888 -0.886728 1.98821
5.04359 -0.798827 1.98821
5.05677 -0.710682 2.13512
5.0684 -0.622321 2.13512
5.07849 -0.533771 2.13512
5.08703 -0.445057 2.24182
5.09402 -0.356209 2.24182
5.09946 -0.267252 2.30425
5.10335 -0.178213 2.30425
5.10568 -0.08912 2.0908

5.18625 0 2.32003
5.18546 0.0905125 2.32003
5.18309 0.180998 2.28852
5.17914 0.271427 2.28852
5.17362 0.361774 2.2109
5.16651 0.452011 2.2109
5.15784 0.542111 2.09009
5.14759 0.632045 2.09009
5.13578 0.721786 2.09009
5.1224 0.811308 1.93061
5.10746 0.900583 1.93061
5.09096 0.989583 1.73819
5.07292 1.07828 1.73819
5.05333 1.16665 1.5194
5.0322 1.25467 1.5194
5.00953 1.3423 1.28104
4.98534 1.42952 1.28104
4.95964 1.51631 1.28104
4.93242 1.60264 1.02974
4.9037 1.68848 1.02974
4.87348 1.7738 0.771602
4.84178 1.85859 0.771602
4.80861 1.9428 0.512251
4.77397 2.02643 0.512251
4.73787 2.10944 0.512251
4.70034 2.1918 0.256978
4.66137 2.2735 0.256978
4.62098 2.35451 0.0110465
4.57919 2.4348 0.0110465
4.536 2.51434 -0.220064
4.49142 2.59312 -0.220064
4.44548 2.67112 -0.220064
4.39819 2.74829 -0.430583
4.34955 2.82463 -0.430583
4.2996 2.90011 -0.614598
4.24833 2.97471 -0.614598
4.19576 3.0484 -0.766383
4.14192 3.12116 -0.766383
4.08682 3.19297 -0.766383
4.03047 3.26381 -0.88082
3.9729 3.33366 -0.88082
3.91411 3.40249 -0.953798
3.85413 3.47028 -0.953798
3.79298 3.53701 -0.982497
3.73068 3.60267 -0.982497
3.66723 3.66723 -0.965565
3.60267 3.73068 -0.965565
3.53701 3.79298 -0.965565
3.47028 3.85413 -0.903184
3.40249 3.91411 -0.903184
3.33366 3.9729 -0.797062
3.26381 4.03047 -0.797062
3.19297 4.08682 -0.650335
3.12116 4.14192 -0.650335
3.0484 4.19576 -0.650335
2.97471 4.24833 -0.467356
2.90011 4.2996 -0.467356
2.82463 4.34955 -0.253368
2.74829 4.39819 -0.253368
2.67112 4.44548 -0.0140643
2.59312 4.49142 -0.0140643
2.51434 4.536 -0.0140643
2.4348 4.57919 0.244819
2.35451 4.62098 0.244819
2.2735 4.66137 0.517869
2.1918 4.70034 0.517869
2.10944 4.73787 0.800081
2.02643 4.77397 0.800081
1.9428 4.80861 0.800081
1.85859 4.84178 1.0867
1.7738 4.87348 1.0867
1.68848 4.9037 1.37296
1.60264 4.93242 1.37296
1.51631 4.95964 1.65381
1.42952 4.98534 1.65381
1.3423 5.00953 1.92383
1.25467 5.0322 1.92383
1.16665 5.05333 1.92383
1.07828 5.07292 2.17726
0.989583 5.09096 2.17726
0.900583 5.10746 2.40838
0.811308 5.1224 2.40838
0.721786 5.13578 2.61197
0.632045 5.14759 2.61197
0.542111 5.15784 2.61197
0.452011 5.16651 2.78377
0.361774 5.17362 2.78377
0.271427 5.17914 2.92094
0.180998 5.18309 2.92094
0.0905125 5.18546 3.02224
3.17566e-16 5.18625 3.02224
-0.0905125 5.18546 3.02224
-0.180998 5.18309 3.08826
-0.271427 5.17914 3.08826
-0.361774 5.17362 3.12135
-0.452011 5.16651 3.12135
-0.542111 5.15784 3.1256
-0.632045 5.14759 3.1256
-0.721786 5.13578 3.1256
-0.811308 5.1224 3.10653
-0.900583 5.10746 3.10653
-0.989583 5.09096 3.0708
-1.07828 5.07292 3.0708
-1.16665 5.05333 3.02553
-1.25467 5.0322 3.02553
-1.3423 5.00953 2.97772
-1.42952 4.98534 2.97772
-1.51631 4.95964 2.97772
-1.60264 4.93242 2.93343
-1.68848 4.9037 2.93343
-1.7738 4.87348 2.89729
-1.85859 4.84178 2.89729
-1.9428 4.80861 2.87202
-2.02643 4.77397 2.87202
-2.10944 4.73787 2.87202
-2.1918 4.70034 2.85826
-2.2735 4.66137 2.85826
-2.35451 4.62098 2.85456
-2.4348 4.57919 2.85456
-2.51434 4.536 2.85758
-2.59312 4.49142 2.85758
-2.67112 4.44548 2.85758
-2.74829 4.39819 2.86239
-2.82463 4.34955 2.86239
-2.90011 4.2996 2.86304
-2.97471 4.24833 2.86304
-3.0484 4.19576 2.85333
-3.12116 4.14192 2.85333
-3.19297 4.08682 2.85333
-3.26381 4.03047 2.82736
-3.33366 3.9729 2.82736
-3.40249 3.91411 2.78004
-3.47028 3.85413 2.78004
-3.53701 3.79298 2.70746
-3.60267 3.73068 2.70746
-3.66723 3.66723 2.60712
-3.73068 3.60267 2.60712
-3.79298 3.53701 2.60712
-3.85413 3.47028 2.478
-3.91411 3.40249 2.478
-3.9729 3.33366 2.32055
-4.03047 3.26381 2.32055
-4.08682 3.19297 2.13663
-4.14192 3.12116 2.13663
-4.19576 3.0484 2.13663
-4.24833 2.97471 1.92932
-4.2996 2.90011 1.92932
-4.34955 2.82463 1.7026
-4.39819 2.74829 1.7026
-4.44548 2.67112 1.46096
-4.49142 2.59312 1.46096
-4.536 2.51434 1.46096
-4.57919 2.4348 1.20906
-4.62098 2.35451 1.20906
-4.66137 2.2735 0.951426
-4.70034 2.1918 0.951426
-4.73787 2.10944 0.692371
-4.77397 2.02643 0.692371
-4.80861 1.9428 0.692371
-4.84178 1.85859 0.436114
-4.87348 1.7738 0.436114
-4.9037 1.68848 0.186991
-4.93242 1.60264 0.186991
-4.95964 1.51631 -0.0503039
-4.98534 1.42952 -0.0503039
-5.00953 1.3423 -0.270613
-5.0322 1.25467 -0.270613
-5.05333 1.16665 -0.270613
-5.07292 1.07828 -0.468397
-5.09096 0.989583 -0.468397
-5.10746 0.900583 -0.638029
-5.1224 0.811308 -0.638029
-5.13578 0.721786 -0.774217
-5.14759 0.632045 -0.774217
-5.15784 0.542111 -0.774217
-5.16651 0.452011 -0.872444
-5.17362 0.361774 -0.872444
-5.17914 0.271427 -0.929321
-5.18309 0.180998 -0.929321
-5.18546 0.0905125 -0.942822
-5.18625 6.35132e-16 -0.942822
-5.18546 -0.0905125 -0.942822
-5.18309 -0.180998 -0.912398
-5.17914 -0.271427 -0.912398
-5.17362 -0.361774 -0.839026
-5.16651 -0.452011 -0.839026
-5.15784 -0.542111 -0.72514
-5.14759 -0.632045 -0.72514
-5.13578 -0.721786 -0.72514
-5.1224 -0.811308 -0.574492
-5.10746 -0.900583 -0.574492
-5.09096 -0.989583 -0.39188
-5.07292 -1.07828 -0.39188
-5.05333 -1.16665 -0.182756
-5.0322 -1.25467 -0.182756
-5.00953 -1.3423 -0.182756
-4.98534 -1.42952 0.0472235
-4.95964 -1.51631 0.0472235
-4.93242 -1.60264 0.292596
-4.9037 -1.68848 0.292596
-4.87348 -1.7738 0.548324
-4.84178 -1.85859 0.548324
-4.80861 -1.9428 0.809805
-4.77397 -2.02643 0.809805
-4.73787 -2.10944 0.809805
-4.70034 -2.1918 1.0727
-4.66137 -2.2735 1.0727
-4.62098 -2.35451 1.33269
-4.57919 -2.4348 1.33269
-4.536 -2.51434 1.58524
-4.49142 -2.59312 1.58524
-4.44548 -2.67112 1.58524
-4.39819 -2.74829 1.82562
-4.34955 -2.82463 1.82562
-4.2996 -2.90011 2.049
-4.24833 -2.97471 2.049
-4.19576 -3.0484 2.2508
-4.14192 -3.12116 2.2508
-4.08682 -3.19297 2.2508
-4.03047 -3.26381 2.42712
-3.9729 -3.33366 2.42712
-3.91411 -3.40249 2.57509
-3.85413 -3.47028 2.57509
-3.79298 -3.53701 2.69317
-3.73068 -3.60267 2.69317
-3.66723 -3.66723 2.69317
-3.60267 -3.73068 2.78129
-3.53701 -3.79298 2.78129
-3.47028 -3.85413 2.84095
-3.40249 -3.91411 2.84095
-3.33366 -3.9729 2.87515
-3.26381 -4.03047 2.87515
-3.19297 -4.08682 2.88827
-3.12116 -4.14192 2.88827
-3.0484 -4.19576 2.88827
-2.97471 -4.24833 2.88582
-2.90011 -4.2996 2.88582
-2.82463 -4.34955 2.87401
-2.74829 -4.39819 2.87401
-2.67112 -4.44548 2.85915
-2.59312 -4.49142 2.85915
-2.51434 -4.536 2.85915
-2.4348 -4.57919 2.84707
-2.35451 -4.62098 2.84707
-2.2735 -4.66137 2.84245
-2.1918 -4.70034 2.84245
-2.10944 -4.73787 2.84821
-2.02643 -4.77397 2.84821
-1.9428 -4.80861 2.84821
-1.85859 -4.84178 2.86532
-1.7738 -4.87348 2.86532
-1.68848 -4.9037 2.89269
-1.60264 -4.93242 2.89269
-1.51631 -4.95964 2.9272
-1.42952 -4.98534 2.9272
-1.3423 -5.00953 2.9272
-1.25467 -5.0322 2.96396
-1.16665 -5.05333 2.96396
-1.07828 -5.07292 2.99686
-0.989583 -5.09096 2.99686
-0.900583 -5.10746 3.01908
-0.811308 -5.1224 3.01908
-0.721786 -5.13578 3.02386
-0.632045 -5.14759 3.02386
-0.542111 -5.15784 3.02386
-0.452011 -5.16651 3.00513
-0.361774 -5.17362 3.00513
-0.271427 -5.17914 2.95795
-0.180998 -5.18309 2.95795
-0.0905125 -5.18546 2.87889
-9.52699e-16 -5.18625 2.87889
0.0905125 -5.18546 2.87889
0.180998 -5.18309 2.7662
0.271427 -5.17914 2.7662
0.361774 -5.17362 2.61981
0.452011 -5.16651 2.61981
0.542111 -5.15784 2.44134
0.632045 -5.14759 2.44134
0.721786 -5.13578 2.44134
0.811308 -5.1224 2.2339
0.900583 -5.10746 2.2339
0.989583 -5.09096 2.00179
1.07828 -5.07292 2.00179
1.16665 -5.05333 1.75014
1.25467 -5.0322 1.75014
1.3423 -5.00953 1.75014
1.42952 -4.98534 1.48437
1.51631 -4.95964 1.48437
1.60264 -4.93242 1.20983
1.68848 -4.9037 1.20983
1.7738 -4.87348 0.931559
1.85859 -4.84178 0.931559
1.9428 -4.80861 0.65428
2.02643 -4.77397 0.65428
2.10944 -4.73787 0.65428
2.1918 -4.70034 0.382565
2.2735 -4.66137 0.382565
2.35451 -4.62098 0.121116
2.4348 -4.57919 0.121116
2.51434 -4.536 -0.125011
2.59312 -4.49142 -0.125011
2.67112 -4.44548 -0.125011
2.74829 -4.39819 -0.350322
2.82463 -4.34955 -0.350322
2.90011 -4.2996 -0.549065
2.97471 -4.24833 -0.549065
3.0484 -4.19576 -0.715655
3.12116 -4.14192 -0.715655
3.19297 -4.08682 -0.715655
3.26381 -4.03047 -0.845099
3.33366 -3.9729 -0.845099
3.40249 -3.91411 -0.933411
3.47028 -3.85413 -0.933411
3.53701 -3.79298 -0.977893
3.60267 -3.73068 -0.977893
3.66723 -3.66723 -0.977893
3.73068 -3.60267 -0.977307
3.79298 -3.53701 -0.977307
3.85413 -3.47028 -0.931936
3.91411 -3.40249 -0.931936
3.9729 -3.33366 -0.843574
4.03047 -3.26381 -0.843574
4.08682 -3.19297 -0.715423
4.14192 -3.12116 -0.715423
4.19576 -3.0484 -0.715423
4.24833 -2.97471 -0.551894
4.2996 -2.90011 -0.551894
4.34955 -2.82463 -0.358279
4.39819 -2.74829 -0.358279
4.44548 -2.67112 -0.140343
4.49142 -2.59312 -0.140343
4.536 -2.51434 -0.140343
4.57919 -2.4348 0.0960707
4.62098 -2.35451 0.0960707
4.66137 -2.2735 0.345327
4.70034 -2.1918 0.345327
4.73787 -2.10944 0.602069
4.77397 -2.02643 0.602069
4.80861 -1.9428 0.602069
4.84178 -1.85859 0.86108
4.87348 -1.7738 0.86108
4.9037 -1.68848 1.11702
4.93242 -1.60264 1.11702
4.95964 -1.51631 1.36413
4.98534 -1.42952 1.36413
5.00953 -1.3423 1.36413
5.0322 -1.25467 1.59617
5.05333 -1.16665 1.59617
5.07292 -1.07828 1.80645
5.09096 -0.989583 1.80645
5.10746 -0.900583 1.98821
5.1224 -0.811308 1.98821
5.13578 -0.721786 2.13512
5.14759 -0.632045 2.13512
5.15784 -0.542111 2.13512
5.16651 -0.452011 2.24182
5.17362 -0.361774 2.24182
5.17914 -0.271427 2.30425
5.18309 -0.180998 2.30425
5.18546 -0.0905125 2.0908

5.26604 0 2.32003
5.26524 0.091905 2.32003
5.26283 0.183782 2.28852
5.25882 0.275603 2.28852
5.25321 0.36734 2.2109
5.246 0.458965 2.2109
5.23719 0.550451 2.09009
5.22679 0.641769 2.09009
5.21479 0.732891 2.09009
5.2012 0.82379 1.93061
5.18604 0.914438 1.93061
5.16929 1.00481 1.73819
5.15096 1.09487 1.73819
5.13107 1.1846 1.5194
5.10961 1.27397 1.5194
5.0866 1.36295 1.28104
5.06204 1.45152 1.28104
5.03594 1.53964 1.28104
5.0083 1.6273 1.02974
4.97914 1.71445 1.02974
4.94846 1.80109 0.771602
4.91627 1.88718 0.771602
4.88259 1.97269 0.512251
4.84741 2.05761 0.512251
4.81077 2.14189 0.512251
4.77265 2.22552 0.256978
4.73308 2.30848 0.256978
4.69207 2.39073 0.0110465
4.64964 2.47226 0.0110465
4.60578 2.55303 -0.220064
4.56052 2.63302 -0.220064
4.51388 2.71221 -0.220064
4.46585 2.79058 -0.430583
4.41647 2.86809 -0.430583
4.36574 2.94473 -0.614598
4.31369 3.02048 -0.614598
4.26031 3.0953 -0.766383
4.20565 3.16918 -0.766383
4.14969 3.2421 -0.766383
4.09248 3.31403 -0.88082
4.03402 3.38494 -0.88082
3.97433 3.45483 -0.953798
3.91343 3.52367 -0.953798
3.85134 3.59143 -0.982497
3.78807 3.6581 -0.982497
3.72365 3.72365 -0.965565
3.6581 3.78807 -0.965565
3.59143 3.85134 -0.965565
3.52367 3.91343 -0.903184
3.45483 3.97433 -0.903184
3.38494 4.03402 -0.797062
3.31403 4.09248 -0.797062
3.2421 4.14969 -0.650335
3.16918 4.20565 -0.650335
3.0953 4.26031 -0.650335
3.02048 4.31369 -0.467356
2.94473 4.36574 -0.467356
2.86809 4.41647 -0.253368
2.79058 4.46585 -0.253368
2.71221 4.51388 -0.0140643
2.63302 4.56052 -0.0140643
2.55303 4.60578 -0.0140643
2.47226 4.64964 0.244819
2.39073 4.69207 0.244819
2.30848 4.73308 0.517869
2.22552 4.77265 0.517869
2.14189 4.81077 0.800081
2.05761 4.84741 0.800081
1.97269 4.88259 0.800081
1.88718 4.91627 1.0867
1.80109 4.94846 1.0867
1.71445 4.97914 1.37296
1.6273 5.0083 1.37296
1.53964 5.03594 1.65381
1.45152 5.06204 1.65381
1.36295 5.0866 1.92383
1.27397 5.10961 1.92383
1.1846 5.13107 1.92383
1.09487 5.15096 2.17726
1.00481 5.16929 2.17726
0.914438 5.18604 2.40838
0.82379 5.2012 2.40838
0.732891 5.21479 2.61197
0.641769 5.22679 2.61197
0.550451 5.23719 2.61197
0.458965 5.246 2.78377
0.36734 5.25321 2.78377
0.275603 5.25882 2.92094
0.183782 5.26283 2.92094
0.091905 5.26524 3.02224
3.22452e-16 5.26604 3.02224
-0.091905 5.26524 3.02224
-0.183782 5.26283 3.08826
-0.275603 5.25882 3.08826
-0.36734 5.25321 3.12135
-0.458965 5.246 3.12135
-0.550451 5.23719 3.1256
-0.641769 5.22679 3.1256
-0.732891 5.21479 3.1256
-0.82379 5.2012 3.10653
-0.914438 5.18604 3.10653
-1.00481 5.16929 3.0708
-1.09487 5.15096 3.0708
-1.1846 5.13107 3.02553
-1.27397 5.10961 3.02553
-1.36295 5.0866 2.97772
-1.45152 5.06204 2.97772
-1.53964 5.03594 2.97772
-1.6273 5.0083 2.93343
-1.71445 4.97914 2.93343
-1.80109 4.94846 2.89729
-1.88718 4.91627 2.89729
-1.97269 4.88259 2.87202
-2.05761 4.84741 2.87202
-2.14189 4.81077 2.87202
-2.22552 4.77265 2.85826
-2.30848 4.73308 2.85826
-2.39073 4.69207 2.85456
-2.47226 4.64964 2.85456
-2.55303 4.60578 2.85758
-2.63302 4.56052 2.85758
-2.71221 4.51388 2.85758
-2.79058 4.46585 2.86239
-2.86809 4.41647 2.86239
-2.94473 4.36574 2.86304
-3.02048 4.31369 2.86304
-3.0953 4.26031 2.85333
-3.16918 4.20565 2.85333
-3.2421 4.14969 2.85333
-3.31403 4.09248 2.82736
-3.38494 4.03402 2.82736
-3.45483 3.97433 2.78004
-3.52367 3.91343 2.78004
-3.59143 3.85134 2.70746
-3.6581 3.78807 2.70746
-3.72365 3.72365 2.60712
-3.78807 3.6581 2.60712
-3.85134 3.59143 2.60712
-3.91343 3.52367 2.478
-3.97433 3.45483 2.478
-4.03402 3.38494 2.32055
-4.09248 3.31403 2.32055
-4.14969 3.2421 2.13663
-4.20565 3.16918 2.13663
-4.26031 3.0953 2.13663
-4.31369 3.02048 1.92932
-4.36574 2.94473 1.92932
-4.41647 2.86809 1.7026
-4.46585 2.79058 1.7026
-4.51388 2.71221 1.46096
-4.56052 2.63302 1.46096
-4.60578 2.55303 1.46096
-4.64964 2.47226 1.20906
-4.69207 2.39073 1.20906
-4.73308 2.30848 0.951426
-4.77265 2.22552 0.951426
-4.81077 2.14189 0.692371
-4.84741 2.05761 0.692371
-4.88259 1.97269 0.692371
-4.91627 1.88718 0.436114
-4.94846 1.80109 0.436114
-4.97914 1.71445 0.186991
-5.0083 1.6273 0.186991
-5.03594 1.53964 -0.0503039
-5.06204 1.45152 -0.0503039
-5.0866 1.36295 -0.270613
-5.10961 1.27397 -0.270613
-5.13107 1.1846 -0.270613
-5.15096 1.09487 -0.468397
-5.16929 1.00481 -0.468397
-5.18604 0.914438 -0.638029
-5.2012 0.82379 -0.638029
-5.21479 0.732891 -0.774217
-5.22679 0.641769 -0.774217
-5.23719 0.550451 -0.774217
-5.246 0.458965 -0.872444
-5.25321 0.36734 -0.872444
-5.25882 0.275603 -0.929321
-5.26283 0.183782 -0.929321
-5.26524 0.091905 -0.942822
-5.26604 6.44904e-16 -0.942822
-5.26524 -0.091905 -0.942822
-5.26283 -0.183782 -0.912398
-5.25882 -0.275603 -0.912398
-5.25321 -0.36734 -0.839026
-5.246 -0.458965 -0.839026
-5.23719 -0.550451 -0.72514
-5.22679 -0.641769 -0.72514
-5.21479 -0.732891 -0.72514
-5.2012 -0.82379 -0.574492
-5.18604 -0.914438 -0.574492
-5.16929 -1.00481 -0.39188
-5.15096 -1.09487 -0.39188
-5.13107 -1.1846 -0.182756
-5.10961 -1.27397 -0.182756
-5.0866 -1.36295 -0.182756
-5.06204 -1.45152 0.0472235
-5.03594 -1.53964 0.0472235
-5.0083 -1.6273 0.292596
-4.97914 -1.71445 0.292596
-4.94846 -1.80109 0.548324
-4.91627 -1.88718 0.548324
-4.88259 -1.97269 0.809805
-4.84741 -2.05761 0.809805
-4.81077 -2.14189 0.809805
-4.77265 -2.22552 1.0727
-4.73308 -2.30848 1.0727
-4.69207 -2.39073 1.33269
-4.64964 -2.47226 1.33269
-4.60578 -2.55303 1.58524
-4.56052 -2.63302 1.58524
-4.51388 -2.71221 1.58524
-4.46585 -2.79058 1.82562
-4.41647 -2.86809 1.82562
-4.36574 -2.94473 2.049
-4.31369 -3.02048 2.049
-4.26031 -3.0953 2.2508
-4.20565 -3.16918 2.2508
-4.14969 -3.2421 2.2508
-4.09248 -3.31403 2.42712
-4.03402 -3.38494 2.42712
-3.97433 -3.45483 2.57509
-3.91343 -3.52367 2.57509
-3.85134 -3.59143 2.69317
-3.78807 -3.6581 2.69317
-3.72365 -3.72365 2.69317
-3.6581 -3.78807 2.78129
-3.59143 -3.85134 2.78129
-3.52367 -3.91343 2.84095
-3.45483 -3.97433 2.84095
-3.38494 -4.03402 2.87515
-3.31403 -4.09248 2.87515
-3.2421 -4.14969 2.88827
-3.16918 -4.20565 2.88827
-3.0953 -4.26031 2.88827
-3.02048 -4.31369 2.88582
-2.94473 -4.36574 2.88582
-2.86809 -4.41647 2.87401
-2.79058 -4.46585 2.87401
-2.71221 -4.51388 2.85915
-2.63302 -4.56052 2.85915
-2.55303 -4.60578 2.85915
-2.47226 -4.64964 2.84707
-2.39073 -4.69207 2.84707
-2.30848 -4.73308 2.84245
-2.22552 -4.77265 2.84245
-2.14189 -4.81077 2.84821
-2.05761 -4.84741 2.84821
-1.97269 -4.88259 2.84821
-1.88718 -4.91627 2.86532
-1.80109 -4.94846 2.86532
-1.71445 -4.97914 2.89269
-1.6273 -5.0083 2.89269
-1.53964 -5.03594 2.9272
-1.45152 -5.06204 2.9272
-1.36295 -5.0866 2.9272
-1.27397 -5.10961 2.96396
-1.1846 -5.13107 2.96396
-1.09487 -5.15096 2.99686
-1.00481 -5.16929 2.99686
-0.914438 -5.18604 3.01908
-0.82379 -5.2012 3.01908
-0.732891 -5.21479 3.02386
-0.641769 -5.22679 3.02386
-0.550451 -5.23719 3.02386
-0.458965 -5.246 3.00513
-0.36734 -5.25321 3.00513
-0.275603 -5.25882 2.95795
-0.183782 -5.26283 2.95795
-0.091905 -5.26524 2.87889
-9.67356e-16 -5.26604 2.87889
0.091905 -5.26524 2.87889
0.183782 -5.26283 2.7662
0.275603 -5.25882 2.7662
0.36734 -5.25321 2.61981
0.458965 -5.246 2.61981
0.550451 -5.23719 2.44134
0.641769 -5.22679 2.44134
0.732891 -5.21479 2.44134
0.82379 -5.2012 2.2339
0.914438 -5.18604 2.2339
1.00481 -5.16929 2.00179
1.09487 -5.15096 2.00179
1.1846 -5.13107 1.75014
1.27397 -5.10961 1.75014
1.36295 -5.0866 1.75014
1.45152 -5.06204 1.48437
1.53964 -5.03594 1.48437
1.6273 -5.0083 1.20983
1.71445 -4.97914 1.20983
1.80109 -4.94846 0.931559
1.88718 -4.91627 0.931559
1.97269 -4.88259 0.65428
2.05761 -4.84741 0.65428
2.14189 -4.81077 0.65428
2.22552 -4.77265 0.382565
2.30848 -4.73308 0.382565
2.39073 -4.69207 0.121116
2.47226 -4.64964 0.121116
2.55303 -4.60578 -0.125011
2.63302 -4.56052 -0.125011
2.71221 -4.51388 -0.125011
2.79058 -4.46585 -0.350322
2.86809 -4.41647 -0.350322
2.94473 -4.36574 -0.549065
3.02048 -4.31369 -0.549065
3.0953 -4.26031 -0.715655
3.16918 -4.20565 -0.715655
3.2421 -4.14969 -0.715655
3.31403 -4.09248 -0.845099
3.38494 -4.03402 -0.845099
3.45483 -3.97433 -0.933411
3.52367 -3.91343 -0.933411
3.59143 -3.85134 -0.977893
3.6581 -3.78807 -0.977893
3.72365 -3.72365 -0.977893
3.78807 -3.6581 -0.977307
3.85134 -3.59143 -0.977307
3.91343 -3.52367 -0.931936
3.97433 -3.45483 -0.931936
4.03402 -3.38494 -0.843574
4.09248 -3.31403 -0.843574
4.14969 -3.2421 -0.715423
4.20565 -3.16918 -0.715423
4.26031 -3.0953 -0.715423
4.31369 -3.02048 -0.551894
4.36574 -2.94473 -0.551894
4.41647 -2.86809 -0.358279
4.46585 -2.79058 -0.358279
4.51388 -2.71221 -0.140343
4.56052 -2.63302 -0.140343
4.60578 -2.55303 -0.140343
4.64964 -2.47226 0.0960707
4.69207 -2.39073 0.0960707
4.73308 -2.30848 0.345327
4.77265 -2.22552 0.345327
4.81077 -2.14189 0.602069
4.84741 -2.05761 0.602069
4.88259 -1.97269 0.602069
4.91627 -1.88718 0.86108
4.94846 -1.80109 0.86108
4.97914 -1.71445 1.11702
5.0083 -1.6273 1.11702
5.03594 -1.53964 1.36413
5.06204 -1.45152 1.36413
5.0866 -1.36295 1.36413
5.10961 -1.27397 1.59617
5.13107 -1.1846 1.59617
5.15096 -1.09487 1.80645
5.16929 -1.00481 1.80645
5.18604 -0.914438 1.98821
5.2012 -0.82379 1.98821
5.21479 -0.732891 2.13512
5.22679 -0.641769 2.13512
5.23719 -0.550451 2.13512
5.246 -0.458965 2.24182
5.25321 -0.36734 2.24182
5.25882 -0.275603 2.30425
5.26283 -0.183782 2.30425
5.26524 -0.091905 2.0908

5.34583 0 2.58302
5.34501 0.0932975 2.58302
5.34257 0.186567 2.54791
5.3385 0.279779 2.54791
5.3328 0.372906 2.46183
5.32548 0.465919 2.46183
5.31654 0.558791 2.32792
5.30598 0.651492 2.32792
5.2938 0.743995 2.15111
5.28001 0.836272 2.15111
5.26461 0.928293 1.93781
5.24761 1.02003 1.93781
5.22901 1.11146 1.93781
5.20881 1.20255 1.69534
5.18703 1.29327 1.69534
5.16367 1.3836 1.43133
5.13874 1.47351 1.43133
5.11224 1.56297 1.15297
5.08418 1.65195 1.15297
5.05458 1.74043 0.866664
5.02343 1.82838 0.866664
4.99076 1.91577 0.866664
4.95656 2.00258 0.577913
4.92086 2.08878 0.577913
4.88366 2.17434 0.291598
4.84496 2.25924 0.291598
4.8048 2.34346 0.0124456
4.76317 2.42695 0.0124456
4.72008 2.50971 -0.254501
4.67557 2.59171 -0.254501
4.62962 2.67291 -0.5036
4.58227 2.7533 -0.5036
4.53352 2.83286 -0.5036
4.48339 2.91155 -0.728629
4.43189 2.98935 -0.728629
4.37904 3.06624 -0.92312
4.32486 3.1422 -0.92312
4.26937 3.2172 -1.08088
4.21257 3.29122 -1.08088
4.15449 3.36424 -1.19653
4.09514 3.43623 -1.19653
4.03455 3.50718 -1.19653
3.97272 3.57706 -1.26595
3.90969 3.64584 -1.26595
3.84547 3.71352 -1.28652
3.78007 3.78007 -1.28652
3.71352 3.84547 -1.25722
3.64584 3.90969 -1.25722
3.57706 3.97272 -1.17869
3.50718 4.03455 -1.17869
3.43623 4.09514 -1.05319
3.36424 4.15449 -1.05319
3.29122 4.21257 -1.05319
3.2172 4.26937 -0.884501
3.1422 4.32486 -0.884501
3.06624 4.37904 -0.677745
2.98935 4.43189 -0.677745
2.91155 4.48339 -0.438954
2.83286 4.53352 -0.438954
2.7533 4.58227 -0.174526
2.67291 4.62962 -0.174526
2.59171 4.67557 -0.174526
2.50971 4.72008 0.10934
2.42695 4.76317 0.10934
2.34346 4.8048 0.407104
2.25924 4.84496 0.407104
2.17434 4.88366 0.71397
2.08878 4.92086 0.71397
2.00258 4.95656 1.02562
1.91577 4.99076 1.02562
1.82838 5.02343 1.33777
1.74043 5.05458 1.33777
1.65195 5.08418 1.33777
1.56297 5.11224 1.64574
1.47351 5.13874 1.64574
1.3836 5.16367 1.94412
1.29327 5.18703 1.94412
1.20255 5.20881 2.2268
1.11146 5.22901 2.2268
1.02003 5.24761 2.4873
0.928293 5.26461 2.4873
0.836272 5.28001 2.4873
0.743995 5.2938 2.71935
0.651492 5.30598 2.71935
0.558791 5.31654 2.91756
0.465919 5.32548 2.91756
0.372906 5.3328 3.07793
0.279779 5.3385 3.07793
0.186567 5.34257 3.19821
0.0932975 5.34501 3.19821
3.27337e-16 5.34583 3.27805
-0.0932975 5.34501 3.27805
-0.186567 5.34257 3.27805
-0.279779 5.3385 3.31907
-0.372906 5.3328 3.31907
-0.465919 5.32548 3.32484
-0.558791 5.31654 3.32484
-0.651492 5.30598 3.30081
-0.743995 5.2938 3.30081
-0.836272 5.28001 3.25398
-0.928293 5.26461 3.25398
-1.02003 5.24761 3.25398
-1.11146 5.22901 3.19253
-1.20255 5.20881 3.19253
-1.29327 5.18703 3.125
-1.3836 5.16367 3.125
-1.47351 5.13874 3.05953
-1.56297 5.11224 3.05953
-1.65195 5.08418 3.003
-1.74043 5.05458 3.003
-1.82838 5.02343 2.96041
-1.91577 4.99076 2.96041
-2.00258 4.95656 2.96041
-2.08878 4.92086 2.9345
-2.17434 4.88366 2.9345
-2.25924 4.84496 2.92559
-2.34346 4.8048 2.92559
-2.42695 4.76317 2.9316
-2.50971 4.72008 2.9316
-2.59171 4.67557 2.94831
-2.67291 4.62962 2.94831
-2.7533 4.58227 2.94831
-2.83286 4.53352 2.96967
-2.91155 4.48339 2.96967
-2.98935 4.43189 2.98847
-3.06624 4.37904 2.98847
-3.1422 4.32486 2.99725
-3.2172 4.26937 2.99725
-3.29122 4.21257 2.98892
-3.36424 4.15449 2.98892
-3.43623 4.09514 2.95741
-3.50718 4.03455 2.95741
-3.57706 3.97272 2.95741
-3.64584 3.90969 2.89802
-3.71352 3.84547 2.89802
-3.78007 3.78007 2.80759
-3.84547 3.71352 2.80759
-3.90969 3.64584 2.68461
-3.97272 3.57706 2.68461
-4.03455 3.50718 2.52921
-4.09514 3.43623 2.52921
-4.15449 3.36424 2.52921
-4.21257 3.29122 2.34305
-4.26937 3.2172 2.34305
-4.32486 3.1422 2.12927
-4.37904 3.06624 2.12927
-4.43189 2.98935 1.89212
-4.48339 2.91155 1.89212
-4.53352 2.83286 1.63655
-4.58227 2.7533 1.63655
-4.62962 2.67291 1.36771
-4.67557 2.59171 1.36771
-4.72008 2.50971 1.36771
-4.76317 2.42695 1.09046
-4.8048 2.34346 1.09046
-4.84496 2.25924 0.809178
-4.88366 2.17434 0.809178
-4.92086 2.08878 0.527814
-4.95656 2.00258 0.527814
-4.99076 1.91577 0.250164
-5.02343 1.82838 0.250164
-5.05458 1.74043 0.250164
-5.08418 1.65195 -0.0196887
-5.11224 1.56297 -0.0196887
-5.13874 1.47351 -0.277023
-5.16367 1.3836 -0.277023
-5.18703 1.29327 -0.516335
-5.20881 1.20255 -0.516335
-5.22901 1.11146 -0.731497
-5.24761 1.02003 -0.731497
-5.26461 0.928293 -0.916196
-5.28001 0.836272 -0.916196
-5.2938 0.743995 -0.916196
-5.30598 0.651492 -1.0645
-5.31654 0.558791 -1.0645
-5.32548 0.465919 -1.17142
-5.3328 0.372906 -1.17142
-5.3385 0.279779 -1.23325
-5.34257 0.186567 -1.23325
-5.34501 0.0932975 -1.24782
-5.34583 6.54675e-16 -1.24782
-5.34501 -0.0932975 -1.24782
-5.34257 -0.186567 -1.21454
-5.3385 -0.279779 -1.21454
-5.3328 -0.372906 -1.13448
-5.32548 -0.465919 -1.13448
-5.31654 -0.558791 -1.01025
-5.30598 -0.651492 -1.01025
-5.2938 -0.743995 -0.845974
-5.28001 -0.836272 -0.845974
-5.26461 -0.928293 -0.845974
-5.24761 -1.02003 -0.647003
-5.22901 -1.11146 -0.647003
-5.20881 -1.20255 -0.41946
-5.18703 -1.29327 -0.41946
-5.16367 -1.3836 -0.169675
-5.13874 -1.47351 -0.169675
-5.11224 -1.56297 0.0963798
-5.08418 -1.65195 0.0963798
-5.05458 -1.74043 0.373441
-5.02343 -1.82838 0.373441
-4.99076 -1.91577 0.373441
-4.95656 -2.00258 0.657008
-4.92086 -2.08878 0.657008
-4.88366 -2.17434 0.943096
-4.84496 -2.25924 0.943096
-4.8048 -2.34346 1.22782
-4.76317 -2.42695 1.22782
-4.72008 -2.50971 1.50701
-4.67557 -2.59171 1.50701
-4.62962 -2.67291 1.50701
-4.58227 -2.7533 1.77593
-4.53352 -2.83286 1.77593
-4.48339 -2.91155 2.0294
-4.43189 -2.98935 2.0294
-4.37904 -3.06624 2.26205
-4.32486 -3.1422 2.26205
-4.26937 -3.2172 2.46889
-4.21257 -3.29122 2.46889
-4.15449 -3.36424 2.64579
-4.09514 -3.43623 2.64579
-4.03455 -3.50718 2.64579
-3.97272 -3.57706 2.78992
-3.90969 -3.64584 2.78992
-3.84547 -3.71352 2.9
-3.78007 -3.78007 2.9
-3.71352 -3.84547 2.97638
-3.64584 -3.90969 2.97638
-3.57706 -3.97272 3.02112
-3.50718 -4.03455 3.02112
-3.43623 -4.09514 3.02112
-3.36424 -4.15449 3.03795
-3.29122 -4.21257 3.03795
-3.2172 -4.26937 3.03216
-3.1422 -4.32486 3.03216
-3.06624 -4.37904 3.01033
-2.98935 -4.43189 3.01033
-2.91155 -4.48339 2.97992
-2.83286 -4.53352 2.97992
-2.7533 -4.58227 2.94852
-2.67291 -4.62962 2.94852
-2.59171 -4.67557 2.94852
-2.50971 -4.72008 2.92319
-2.42695 -4.76317 2.92319
-2.34346 -4.8048 2.90959
-2.25924 -4.84496 2.90959
-2.17434 -4.88366 2.91144
-2.08878 -4.92086 2.91144
-2.00258 -4.95656 2.93017
-1.91577 -4.99076 2.93017
-1.82838 -5.02343 2.93017
-1.74043 -5.05458 2.96487
-1.65195 -5.08418 2.96487
-1.56297 -5.11224 3.01225
-1.47351 -5.13874 3.01225
-1.3836 -5.16367 3.0669
-1.29327 -5.18703 3.0669
-1.20255 -5.20881 3.12177
-1.11146 -5.22901 3.12177
-1.02003 -5.24761 3.16883
-0.928293 -5.26461 3.16883
-0.836272 -5.28001 3.16883
-0.743995 -5.2938 3.19992
-0.651492 -5.30598 3.19992
-0.558791 -5.31654 3.20749
-0.465919 -5.32548 3.20749
-0.372906 -5.3328 3.18525
-0.279779 -5.3385 3.18525
-0.186567 -5.34257 3.12854
-0.0932975 -5.34501 3.12854
-9.82012e-16 -5.34583 3.12854
0.0932975 -5.34501 3.03451
0.186567 -5.34257 3.03451
0.279779 -5.3385 2.90217
0.372906 -5.3328 2.90217
0.465919 -5.32548 2.73241
0.558791 -5.31654 2.73241
0.651492 -5.30598 2.52788
0.743995 -5.2938 2.52788
0.836272 -5.28001 2.29278
0.928293 -5.26461 2.29278
1.02003 -5.24761 2.29278
1.11146 -5.22901 2.03251
1.20255 -5.20881 2.03251
1.29327 -5.18703 1.75307
1.3836 -5.16367 1.75307
1.47351 -5.13874 1.46048
1.56297 -5.11224 1.46048
1.65195 -5.08418 1.1603
1.74043 -5.05458 1.1603
1.82838 -5.02343 1.1603
1.91577 -4.99076 0.857405
2.00258 -4.95656 0.857405
2.08878 -4.92086 0.5561
2.17434 -4.88366 0.5561
2.25924 -4.84496 0.260484
2.34346 -4.8048 0.260484
2.42695 -4.76317 -0.0250878
2.50971 -4.72008 -0.0250878
2.59171 -4.67557 -0.295635
2.67291 -4.62962 -0.295635
2.7533 -4.58227 -0.295635
2.83286 -4.53352 -0.545392
2.91155 -4.48339 -0.545392
2.98935 -4.43189 -0.768026
3.06624 -4.37904 -0.768026
3.1422 -4.32486 -0.957194
3.2172 -4.26937 -0.957194
3.29122 -4.21257 -1.10712
3.36424 -4.15449 -1.10712
3.43623 -4.09514 -1.10712
3.50718 -4.03455 -1.21309
3.57706 -3.97272 -1.21309
3.64584 -3.90969 -1.27183
3.71352 -3.84547 -1.27183
3.78007 -3.78007 -1.28158
3.84547 -3.71352 -1.28158
3.90969 -3.64584 -1.24226
3.97272 -3.57706 -1.24226
4.03455 -3.50718 -1.15537
4.09514 -3.43623 -1.15537
4.15449 -3.36424 -1.15537
4.21257 -3.29122 -1.02398
4.26937 -3.2172 -1.02398
4.32486 -3.1422 -0.852613
4.37904 -3.06624 -0.852613
4.43189 -2.98935 -0.646888
4.48339 -2.91155 -0.646888
4.53352 -2.83286 -0.413082
4.58227 -2.7533 -0.413082
4.62962 -2.67291 -0.413082
4.67557 -2.59171 -0.157568
4.72008 -2.50971 -0.157568
4.76317 -2.42695 0.113656
4.8048 -2.34346 0.113656
4.84496 -2.25924 0.395203
4.88366 -2.17434 0.395203
4.92086 -2.08878 0.682202
4.95656 -2.00258 0.682202
4.99076 -1.91577 0.969947
5.02343 -1.82838 0.969947
5.05458 -1.74043 0.969947
5.08418 -1.65195 1.25341
5.11224 -1.56297 1.25341
5.13874 -1.47351 1.52682
5.16367 -1.3836 1.52682
5.18703 -1.29327 1.78351
5.20881 -1.20255 1.78351
5.22901 -1.11146 2.01614
5.24761 -1.02003 2.01614
5.26461 -0.928293 2.01614
5.28001 -0.836272 2.21715
5.2938 -0.743995 2.21715
5.30598 -0.651492 2.37948
5.31654 -0.558791 2.37948
5.32548 -0.465919 2.49719
5.3328 -0.372906 2.49719
5.3385 -0.279779 2.56589
5.34257 -0.186567 2.56589
5.34501 -0.0932975 2.32003

5.42562 0 2.58302
5.42479 0.09469 2.58302
5.42231 0.189351 2.54791
5.41818 0.283955 2.54791
5.4124 0.378472 2.46183
5.40497 0.472874 2.46183
5.39589 0.567131 2.32792
5.38517 0.661216 2.32792
5.37281 0.7551 2.15111
5.35882 0.848753 2.15111
5.34319 0.942148 1.93781
5.32593 1.03526 1.93781
5.30705 1.12805 1.93781
5.28656 1.2205 1.69534
5.26445 1.31258 1.69534
5.24074 1.40425 1.43133
5.21544 1.4955 1.43133
5.18854 1.5863 1.15297
5.16007 1.67661 1.15297
5.13002 1.76641 0.866664
5.09841 1.85567 0.866664
5.06525 1.94437 0.866664
5.03054 2.03247 0.577913
4.9943 2.11996 0.577913
4.95655 2.2068 0.291598
4.91728 2.29296 0.291598
4.87651 2.37843 0.0124456
4.83426 2.46318 0.0124456
4.79053 2.54717 -0.254501
4.74535 2.63039 -0.254501
4.69872 2.71281 -0.5036
4.65066 2.7944 -0.5036
4.60118 2.87514 -0.5036
4.5503 2.955 -0.728629
4.49804 3.03397 -0.728629
4.4444 3.112 -0.92312
4.38941 3.1891 -0.92312
4.33309 3.26522 -1.08088
4.27544 3.34034 -1.08088
4.21649 3.41445 -1.19653
4.15626 3.48752 -1.19653
4.09476 3.55952 -1.19653
4.03202 3.63045 -1.26595
3.96804 3.70026 -1.26595
3.90286 3.76895 -1.28652
3.83649 3.83649 -1.28652
3.76895 3.90286 -1.25722
3.70026 3.96804 -1.25722
3.63045 4.03202 -1.17869
3.55952 4.09476 -1.17869
3.48752 4.15626 -1.05319
3.41445 4.21649 -1.05319
3.34034 4.27544 -1.05319
3.26522 4.33309 -0.884501
3.1891 4.38941 -0.884501
3.112 4.4444 -0.677745
3.03397 4.49804 -0.677745
2.955 4.5503 -0.438954
2.87514 4.60118 -0.438954
2.7944 4.65066 -0.174526
2.71281 4.69872 -0.174526
2.63039 4.74535 -0.174526
2.54717 4.79053 0.10934
2.46318 4.83426 0.10934
2.37843 4.87651 0.407104
2.29296 4.91728 0.407104
2.2068 4.95655 0.71397
2.11996 4.9943 0.71397
2.03247 5.03054 1.02562
1.94437 5.06525 1.02562
1.85567 5.09841 1.33777
1.76641 5.13002 1.33777
1.67661 5.16007 1.33777
1.5863 5.18854 1.64574
1.4955 5.21544 1.64574
1.40425 5.24074 1.94412
1.31258 5.26445 1.94412
1.2205 5.28656 2.2268
1.12805 5.30705 2.2268
1.03526 5.32593 2.4873
0.942148 5.34319 2.4873
0.848753 5.35882 2.4873
0.7551 5.37281 2.71935
0.661216 5.38517 2.71935
0.567131 5.39589 2.91756
0.472874 5.40497 2.91756
0.378472 5.4124 3.07793
0.283955 5.41818 3.07793
0.189351 5.42231 3.19821
0.09469 5.42479 3.19821
3.32223e-16 5.42562 3.27805
-0.09469 5.42479 3.27805
-0.189351 5.42231 3.27805
-0.283955 5.41818 3.31907
-0.378472 5.4124 3.31907
-0.472874 5.40497 3.32484
-0.567131 5.39589 3.32484
-0.661216 5.38517 3.30081
-0.7551 5.37281 3.30081
-0.848753 5.35882 3.25398
-0.942148 5.34319 3.25398
-1.03526 5.32593 3.25398
-1.12805 5.30705 3.19253
-1.2205 5.28656 3.19253
-1.31258 5.26445 3.125
-1.40425 5.24074 3.125
-1.4955 5.21544 3.05953
-1.5863 5.18854 3.05953
-1.67661 5.16007 3.003
-1.76641 5.13002 3.003
-1.85567 5.09841 2.96041
-1.94437 5.06525 2.96041
-2.03247 5.03054 2.96041
-2.11996 4.9943 2.9345
-2.2068 4.95655 2.9345
-2.29296 4.91728 2.92559
-2.37843 4.87651 2.92559
-2.46318 4.83426 2.9316
-2.54717 4.79053 2.9316
-2.63039 4.74535 2.94831
-2.71281 4.69872 2.94831
-2.7944 4.65066 2.94831
-2.87514 4.60118 2.96967
-2.955 4.5503 2.96967
-3.03397 4.49804 2.98847
-3.112 4.4444 2.98847
-3.1891 4.38941 2.99725
-3.26522 4.33309 2.99725
-3.34034 4.27544 2.98892
-3.41445 4.21649 2.98892
-3.48752 4.15626 2.95741
-3.55952 4.09476 2.95741
-3.63045 4.03202 2.95741
-3.70026 3.96804 2.89802
-3.76895 3.90286 2.89802
-3.83649 3.83649 2.80759
-3.90286 3.76895 2.80759
-3.96804 3.70026 2.68461
-4.03202 3.63045 2.68461
-4.09476 3.55952 2.52921
-4.15626 3.48752 2.52921
-4.21649 3.41445 2.52921
-4.27544 3.34034 2.34305
-4.33309 3.26522 2.34305
-4.38941 3.1891 2.12927
-4.4444 3.112 2.12927
-4.49804 3.03397 1.89212
-4.5503 2.955 1.89212
-4.60118 2.87514 1.63655
-4.65066 2.7944 1.63655
-4.69872 2.71281 1.36771
-4.74535 2.63039 1.36771
-4.79053 2.54717 1.36771
-4.83426 2.46318 1.09046
-4.87651 2.37843 1.09046
-4.91728 2.29296 0.809178
-4.95655 2.2068 0.809178
-4.9943 2.11996 0.527814
-5.03054 2.03247 0.527814
-5.06525 1.94437 0.250164
-5.09841 1.85567 0.250164
-5.13002 1.76641 0.250164
-5.16007 1.67661 -0.0196887
-5.18854 1.5863 -0.0196887
-5.21544 1.4955 -0.277023
-5.24074 1.40425 -0.277023
-5.26445 1.31258 -0.516335
-5.28656 1.2205 -0.516335
-5.30705 1.12805 -0.731497
-5.32593 1.03526 -0.731497
-5.34319 0.942148 -0.916196
-5.35882 0.848753 -0.916196
-5.37281 0.7551 -0.916196
-5.38517 0.661216 -1.0645
-5.39589 0.567131 -1.0645
-5.40497 0.472874 -1.17142
-5.4124 0.378472 -1.17142
-5.41818 0.283955 -1.23325
-5.42231 0.189351 -1.23325
-5.42479 0.09469 -1.24782
-5.42562 6.64446e-16 -1.24782
-5.42479 -0.09469 -1.24782
-5.42231 -0.189351 -1.21454
-5.41818 -0.283955 -1.21454
-5.4124 -0.378472 -1.13448
-5.40497 -0.472874 -1.13448
-5.39589 -0.567131 -1.01025
-5.38517 -0.661216 -1.01025
-5.37281 -0.7551 -0.845974
-5.35882 -0.848753 -0.845974
-5.34319 -0.942148 -0.845974
-5.32593 -1.03526 -0.647003
-5.30705 -1.12805 -0.647003
-5.28656 -1.2205 -0.41946
-5.26445 -1.31258 -0.41946
-5.24074 -1.40425 -0.169675
-5.21544 -1.4955 -0.169675
-5.18854 -1.5863 0.0963798
-5.16007 -1.67661 0.0963798
-5.13002 -1.76641 0.373441
-5.09841 -1.85567 0.373441
-5.06525 -1.94437 0.373441
-5.03054 -2.03247 0.657008
-4.9943 -2.11996 0.657008
-4.95655 -2.2068 0.943096
-4.91728 -2.29296 0.943096
-4.87651 -2.37843 1.22782
-4.83426 -2.46318 1.22782
-4.79053 -2.54717 1.50701
-4.74535 -2.63039 1.50701
-4.69872 -2.71281 1.50701
-4.65066 -2.7944 1.77593
-4.60118 -2.87514 1.77593
-4.5503 -2.955 2.0294
-4.49804 -3.03397 2.0294
-4.4444 -3.112 2.26205
-4.38941 -3.1891 2.26205
-4.33309 -3.26522 2.46889
-4.27544 -3.34034 2.46889
-4.21649 -3.41445 2.64579
-4.15626 -3.48752 2.64579
-4.09476 -3.55952 2.64579
-4.03202 -3.63045 2.78992
-3.96804 -3.70026 2.78992
-3.90286 -3.76895 2.9
-3.83649 -3.83649 2.9
-3.76895 -3.90286 2.97638
-3.70026 -3.96804 2.97638
-3.63045 -4.03202 3.02112
-3.55952 -4.09476 3.02112
-3.48752 -4.15626 3.02112
-3.41445 -4.21649 3.03795
-3.34034 -4.27544 3.03795
-3.26522 -4.33309 3.03216
-3.1891 -4.38941 3.03216
-3.112 -4.4444 3.01033
-3.03397 -4.49804 3.01033
-2.955 -4.5503 2.97992
-2.87514 -4.60118 2.97992
-2.7944 -4.65066 2.94852
-2.71281 -4.69872 2.94852
-2.63039 -4.74535 2.94852
-2.54717 -4.79053 2.92319
-2.46318 -4.83426 2.92319
-2.37843 -4.87651 2.90959
-2.29296 -4.91728 2.90959
-2.2068 -4.95655 2.91144
-2.11996 -4.9943 2.91144
-2.03247 -5.03054 2.93017
-1.94437 -5.06525 2.93017
-1.85567 -5.09841 2.93017
-1.76641 -5.13002 2.96487
-1.67661 -5.16007 2.96487
-1.5863 -5.18854 3.01225
-1.4955 -5.21544 3.01225
-1.40425 -5.24074 3.0669
-1.31258 -5.26445 3.0669
-1.2205 -5.28656 3.12177
-1.12805 -5.30705 3.12177
-1.03526 -5.32593 3.16883
-0.942148 -5.34319 3.16883
-0.848753 -5.35882 3.16883
-0.7551 -5.37281 3.19992
-0.661216 -5.38517 3.19992
-0.567131 -5.39589 3.20749
-0.472874 -5.40497 3.20749
-0.378472 -5.4124 3.18525
-0.283955 -5.41818 3.18525
-0.189351 -5.42231 3.12854
-0.09469 -5.42479 3.12854
-9.96669e-16 -5.42562 3.12854
0.09469 -5.42479 3.03451
0.189351 -5.42231 3.03451
0.283955 -5.41818 2.90217
0.378472 -5.4124 2.90217
0.472874 -5.40497 2.73241
0.567131 -5.39589 2.73241
0.661216 -5.38517 2.52788
0.7551 -5.37281 2.52788
0.848753 -5.35882 2.29278
0.942148 -5.34319 2.29278
1.03526 -5.32593 2.29278
1.12805 -5.30705 2.03251
1.2205 -5.28656 2.03251
1.31258 -5.26445 1.75307
1.40425 -5.24074 1.75307
1.4955 -5.21544 1.46048
1.5863 -5.18854 1.46048
1.67661 -5.16007 1.1603
1.76641 -5.13002 1.1603
1.85567 -5.09841 1.1603
1.94437 -5.06525 0.857405
2.03247 -5.03054 0.857405
2.11996 -4.9943 0.5561
2.2068 -4.95655 0.5561
2.29296 -4.91728 0.260484
2.37843 -4.87651 0.260484
2.46318 -4.83426 -0.0250878
2.54717 -4.79053 -0.0250878
2.63039 -4.74535 -0.295635
2.71281 -4.69872 -0.295635
2.7944 -4.65066 -0.295635
2.87514 -4.60118 -0.545392
2.955 -4.5503 -0.545392
3.03397 -4.49804 -0.768026
3.112 -4.4444 -0.768026
3.1891 -4.38941 -0.957194
3.26522 -4.33309 -0.957194
3.34034 -4.27544 -1.10712
3.41445 -4.21649 -1.10712
3.48752 -4.15626 -1.10712
3.55952 -4.09476 -1.21309
3.63045 -4.03202 -1.21309
3.70026 -3.96804 -1.27183
3.76895 -3.90286 -1.27183
3.83649 -3.83649 -1.28158
3.90286 -3.76895 -1.28158
3.96804 -3.70026 -1.24226
4.03202 -3.63045 -1.24226
4.09476 -3.55952 -1.15537
4.15626 -3.48752 -1.15537
4.21649 -3.41445 -1.15537
4.27544 -3.34034 -1.02398
4.33309 -3.26522 -1.02398
4.38941 -3.1891 -0.852613
4.4444 -3.112 -0.852613
4.49804 -3.03397 -0.646888
4.5503 -2.955 -0.646888
4.60118 -2.87514 -0.413082
4.65066 -2.7944 -0.413082
4.69872 -2.71281 -0.413082
4.74535 -2.63039 -0.157568
4.79053 -2.54717 -0.157568
4.83426 -2.46318 0.113656
4.87651 -2.37843 0.113656
4.91728 -2.29296 0.395203
4.95655 -2.2068 0.395203
4.9943 -2.11996 0.682202
5.03054 -2.03247 0.682202
5.06525 -1.94437 0.969947
5.09841 -1.85567 0.969947
5.13002 -1.76641 0.969947
5.16007 -1.67661 1.25341
5.18854 -1.5863 1.25341
5.21544 -1.4955 1.52682
5.24074 -1.40425 1.52682
5.26445 -1.31258 1.78351
5.28656 -1.2205 1.78351
5.30705 -1.12805 2.01614
5.32593 -1.03526 2.01614
5.34319 -0.942148 2.01614
5.35882 -0.848753 2.21715
5.37281 -0.7551 2.21715
5.38517 -0.661216 2.37948
5.39589 -0.567131 2.37948
5.40497 -0.472874 2.49719
5.4124 -0.378472 2.49719
5.41818 -0.283955 2.56589
5.42231 -0.189351 2.56589
5.42479 -0.09469 2.32003

5.5054 0 2.88334
5.50456 0.0960825 2.88334
5.50205 0.192136 2.84425
5.49786 0.288131 2.84425
5.49199 0.384038 2.74879
5.48445 0.479828 2.74879
5.47524 0.575471 2.60029
5.46437 0.67094 2.60029
5.45183 0.766204 2.40413
5.43762 0.861235 2.40413
5.42176 0.956003 2.16746
5.40425 1.05048 2.16746
5.3851 1.14464 1.89865
5.3643 1.23845 1.89865
5.34187 1.33188 1.60646
5.31781 1.4249 1.60646
5.29213 1.51749 1.60646
5.26484 1.60962 1.29903
5.23595 1.70126 1.29903
5.20546 1.79238 0.98325
5.17339 1.88296 0.98325
5.13974 1.97296 0.664539
5.10452 2.06236 0.664539
5.06775 2.15113 0.347193
5.02944 2.23925 0.347193
4.98959 2.32668 0.0350579
4.94822 2.41341 0.0350579
4.90535 2.4994 -0.267705
4.86098 2.58463 -0.267705
4.81513 2.66907 -0.55602
4.76782 2.7527 -0.55602
4.71905 2.83549 -0.55602
4.66885 2.91742 -0.823683
4.61722 2.99846 -0.823683
4.56419 3.07858 -1.06362
4.50976 3.15777 -1.06362
4.45396 3.23599 -1.26851
4.39681 3.31323 -1.26851
4.33832 3.38946 -1.43157
4.2785 3.46466 -1.43157
4.21738 3.53881 -1.54719
4.15498 3.61187 -1.54719
4.09131 3.68383 -1.61133
4.0264 3.75468 -1.61133
3.96026 3.82437 -1.62167
3.89291 3.89291 -1.62167
3.82437 3.96026 -1.62167
3.75468 4.0264 -1.57759
3.68383 4.09131 -1.57759
3.61187 4.15498 -1.48021
3.53881 4.21738 -1.48021
3.46466 4.2785 -1.33237
3.38946 4.33832 -1.33237
3.31323 4.39681 -1.13861
3.23599 4.45396 -1.13861
3.15777 4.50976 -0.90497
3.07858 4.56419 -0.90497
2.99846 4.61722 -0.638503
2.91742 4.66885 -0.638503
2.83549 4.71905 -0.346546
2.7527 4.76782 -0.346546
2.66907 4.81513 -0.346546
2.58463 4.86098 -0.0359176
2.4994 4.90535 -0.0359176
2.41341 4.94822 0.287718
2.32668 4.98959 0.287718
2.23925 5.02944 0.619927
2.15113 5.06775 0.619927
2.06236 5.10452 0.957105
1.97296 5.13974 0.957105
1.88296 5.17339 1.29581
1.79238 5.20546 1.29581
1.70126 5.23595 1.63203
1.60962 5.26484 1.63203
1.51749 5.29213 1.96065
1.4249 5.31781 1.96065
1.33188 5.34187 1.96065
1.23845 5.3643 2.27529
1.14464 5.3851 2.27529
1.05048 5.40425 2.56865
0.956003 5.42176 2.56865
0.861235 5.43762 2.83323
0.766204 5.45183 2.83323
0.67094 5.46437 3.06224
0.575471 5.47524 3.06224
0.479828 5.48445 3.25031
0.384038 5.49199 3.25031
0.288131 5.49786 3.39398
0.192136 5.50205 3.39398
0.0960825 5.50456 3.49183
3.37109e-16 5.5054 3.49183
-0.0960825 5.50456 3.49183
-0.192136 5.50205 3.54456
-0.288131 5.49786 3.54456
-0.384038 5.49199 3.55494
-0.479828 5.48445 3.55494
-0.575471 5.47524 3.52787
-0.67094 5.46437 3.52787
-0.766204 5.45183 3.4703
-0.861235 5.43762 3.4703
-0.956003 5.42176 3.391
-1.05048 5.40425 3.391
-1.14464 5.3851 3.29992
-1.23845 5.3643 3.29992
-1.33188 5.34187 3.20726
-1.4249 5.31781 3.20726
-1.51749 5.29213 3.20726
-1.60962 5.26484 3.12244
-1.70126 5.23595 3.12244
-1.79238 5.20546 3.05316
-1.88296 5.17339 3.05316
-1.97296 5.13974 3.00473
-2.06236 5.10452 3.00473
-2.15113 5.06775 2.97979
-2.23925 5.02944 2.97979
-2.32668 4.98959 2.97822
-2.41341 4.94822 2.97822
-2.4994 4.90535 2.99721
-2.58463 4.86098 2.99721
-2.66907 4.81513 3.03152
-2.7527 4.76782 3.03152
-2.83549 4.71905 3.03152
-2.91742 4.66885 3.07378
-2.99846 4.61722 3.07378
-3.07858 4.56419 3.11528
-3.15777 4.50976 3.11528
-3.23599 4.45396 3.14702
-3.31323 4.39681 3.14702
-3.38946 4.33832 3.16054
-3.46466 4.2785 3.16054
-3.53881 4.21738 3.14867
-3.61187 4.15498 3.14867
-3.68383 4.09131 3.10586
-3.75468 4.0264 3.10586
-3.82437 3.96026 3.02834
-3.89291 3.89291 3.02834
-3.96026 3.82437 3.02834
-4.0264 3.75468 2.91409
-4.09131 3.68383 2.91409
-4.15498 3.61187 2.76283
-4.21738 3.53881 2.76283
-4.2785 3.46466 2.57599
-4.33832 3.38946 2.57599
-4.39681 3.31323 2.35668
-4.45396 3.23599 2.35668
-4.50976 3.15777 2.10947
-4.56419 3.07858 2.10947
-4.61722 2.99846 1.83995
-4.66885 2.91742 1.83995
-4.71905 2.83549 1.55403
-4.76782 2.7527 1.55403
-4.81513 2.66907 1.55403
-4.86098 2.58463 1.25732
-4.90535 2.4994 1.25732
-4.94822 2.41341 0.954579
-4.98959 2.32668 0.954579
-5.02944 2.23925 0.649621
-5.06775 2.15113 0.649621
-5.10452 2.06236 0.345634
-5.13974 1.97296 0.345634
-5.17339 1.88296 0.0457525
-5.20546 1.79238 0.0457525
-5.23595 1.70126 -0.246286
-5.26484 1.60962 -0.246286
-5.29213 1.51749 -0.525642
-5.31781 1.4249 -0.525642
-5.34187 1.33188 -0.525642
-5.3643 1.23845 -0.786236
-5.3851 1.14464 -0.786236
-5.40425 1.05048 -1.02106
-5.42176 0.956003 -1.02106
-5.43762 0.861235 -1.22284
-5.45183 0.766204 -1.22284
-5.46437 0.67094 -1.38484
-5.47524 0.575471 -1.38484
-5.48445 0.479828 -1.50151
-5.49199 0.384038 -1.50151
-5.49786 0.288131 -1.56888
-5.50205 0.192136 -1.56888
-5.50456 0.0960825 -1.58465
-5.5054 6.74217e-16 -1.58465
-5.50456 -0.0960825 -1.58465
-5.50205 -0.192136 -1.54821
-5.49786 -0.288131 -1.54821
-5.49199 -0.384038 -1.46066
-5.48445 -0.479828 -1.46066
-5.47524 -0.575471 -1.3248
-5.46437 -0.67094 -1.3248
-5.45183 -0.766204 -1.14513
-5.43762 -0.861235 -1.14513
-5.42176 -0.956003 -0.927637
-5.40425 -1.05048 -0.927637
-5.3851 -1.14464 -0.679345
-5.3643 -1.23845 -0.679345
-5.34187 -1.33188 -0.40755
-5.31781 -1.4249 -0.40755
-5.29213 -1.51749 -0.40755
-5.26484 -1.60962 -0.119021
-5.23595 -1.70126 -0.119021
-5.20546 -1.79238 0.180572
-5.17339 -1.88296 0.180572
-5.13974 -1.97296 0.48681
-5.10452 -2.06236 0.48681
-5.06775 -2.15113 0.796226
-5.02944 -2.23925 0.796226
-4.98959 -2.32668 1.1057
-4.94822 -2.41341 1.1057
-4.90535 -2.4994 1.41178
-4.86098 -2.58463 1.41178
-4.81513 -2.66907 1.7102
-4.76782 -2.7527 1.7102
-4.71905 -2.83549 1.7102
-4.66885 -2.91742 1.99566
-4.61722 -2.99846 1.99566
-4.56419 -3.07858 2.26213
-4.50976 -3.15777 2.26213
-4.45396 -3.23599 2.50346
-4.39681 -3.31323 2.50346
-4.33832 -3.38946 2.71411
-4.2785 -3.46466 2.71411
-4.21738 -3.53881 2.88973
-4.15498 -3.61187 2.88973
-4.09131 -3.68383 3.02763
-4.0264 -3.75468 3.02763
-3.96026 -3.82437 3.12684
-3.89291 -3.89291 3.12684
-3.82437 -3.96026 3.12684
-3.75468 -4.0264 3.18819
-3.68383 -4.09131 3.18819
-3.61187 -4.15498 3.21433
-3.53881 -4.21738 3.21433
-3.46466 -4.2785 3.20971
-3.38946 -4.33832 3.20971
-3.31323 -4.39681 3.1806
-3.23599 -4.45396 3.1806
-3.15777 -4.50976 3.13482
-3.07858 -4.56419 3.13482
-2.99846 -4.61722 3.08128
-2.91742 -4.66885 3.08128
-2.83549 -4.71905 3.02915
-2.7527 -4.76782 3.02915
-2.66907 -4.81513 3.02915
-2.58463 -4.86098 2.98691
-2.4994 -4.90535 2.98691
-2.41341 -4.94822 2.96144
-2.32668 -4.98959 2.96144
-2.23925 -5.02944 2.9573
-2.15113 -5.06775 2.9573
-2.06236 -5.10452 2.97651
-1.97296 -5.13974 2.97651
-1.88296 -5.17339 3.01842
-1.79238 -5.20546 3.01842
-1.70126 -5.23595 3.07966
-1.60962 -5.26484 3.07966
-1.51749 -5.29213 3.15432
-1.4249 -5.31781 3.15432
-1.33188 -5.34187 3.15432
-1.23845 -5.3643 3.23436
-1.14464 -5.3851 3.23436
-1.05048 -5.40425 3.31037
-0.956003 -5.42176 3.31037
-0.861235 -5.43762 3.3725
-0.766204 -5.45183 3.3725
-0.67094 -5.46437 3.4115
-0.575471 -5.47524 3.4115
-0.479828 -5.48445 3.4195
-0.384038 -5.49199 3.4195
-0.288131 -5.49786 3.39046
-0.192136 -5.50205 3.39046
-0.0960825 -5.50456 3.32036
-1.01133e-15 -5.5054 3.32036
0.0960825 -5.50456 3.32036
0.192136 -5.50205 3.20717
0.288131 -5.49786 3.20717
0.384038 -5.49199 3.05089
0.479828 -5.48445 3.05089
0.575471 -5.47524 2.85346
0.67094 -5.46437 2.85346
0.766204 -5.45183 2.61875
0.861235 -5.43762 2.61875
0.956003 -5.42176 2.35231
1.05048 -5.40425 2.35231
1.14464 -5.3851 2.06082
1.23845 -5.3643 2.06082
1.33188 -5.34187 1.75133
1.4249 -5.31781 1.75133
1.51749 -5.29213 1.75133
1.60962 -5.26484 1.43044
1.70126 -5.23595 1.43044
1.79238 -5.20546 1.10376
1.88296 -5.17339 1.10376
1.97296 -5.13974 0.775708
2.06236 -5.10452 0.775708
2.15113 -5.06775 0.449837
2.23925 -5.02944 0.449837
2.32668 -4.98959 0.129461
2.41341 -4.94822 0.129461
2.4994 -4.90535 -0.181644
2.58463 -4.86098 -0.181644
2.66907 -4.81513 -0.478662
2.7527 -4.76782 -0.478662
2.83549 -4.71905 -0.478662
2.91742 -4.66885 -0.755487
2.99846 -4.61722 -0.755487
3.07858 -4.56419 -1.005
3.15777 -4.50976 -1.005
3.23599 -4.45396 -1.21986
3.31323 -4.39681 -1.21986
3.38946 -4.33832 -1.39328
3.46466 -4.2785 -1.39328
3.53881 -4.21738 -1.51972
3.61187 -4.15498 -1.51972
3.68383 -4.09131 -1.59521
3.75468 -4.0264 -1.59521
3.82437 -3.96026 -1.61752
3.89291 -3.89291 -1.61752
3.96026 -3.82437 -1.61752
4.0264 -3.75468 -1.58611
4.09131 -3.68383 -1.58611
4.15498 -3.61187 -1.50215
4.21738 -3.53881 -1.50215
4.2785 -3.46466 -1.36849
4.33832 -3.38946 -1.36849
4.39681 -3.31323 -1.18966
4.45396 -3.23599 -1.18966
4.50976 -3.15777 -0.971643
4.56419 -3.07858 -0.971643
4.61722 -2.99846 -0.721415
4.66885 -2.91742 -0.721415
4.71905 -2.83549 -0.446214
4.76782 -2.7527 -0.446214
4.81513 -2.66907 -0.446214
4.86098 -2.58463 -0.152805
4.90535 -2.4994 -0.152805
4.94822 -2.41341 0.153041
4.98959 -2.32668 0.153041
5.02944 -2.23925 0.466641
5.06775 -2.15113 0.466641
5.10452 -2.06236 0.784035
5.13974 -1.97296 0.784035
5.17339 -1.88296 1.10131
5.20546 -1.79238 1.10131
5.23595 -1.70126 1.41383
5.26484 -1.60962 1.41383
5.29213 -1.51749 1.71571
5.31781 -1.4249 1.71571
5.34187 -1.33188 1.71571
5.3643 -1.23845 1.99961
5.3851 -1.14464 1.99961
5.40425 -1.05048 2.25716
5.42176 -0.956003 2.25716
5.43762 -0.861235 2.47968
5.45183 -0.766204 2.47968
5.46437 -0.67094 2.65919
5.47524 -0.575471 2.65919
5.48445 -0.479828 2.78911
5.49199 -0.384038 2.78911
5.49786 -0.288131 2.86473
5.50205 -0.192136 2.86473
5.50456 -0.0960825 2.58302

5.58519 0 2.88334
5.58434 0.097475 2.88334
5.58179 0.19492 2.84425
5.57754 0.292306 2.84425
5.57159 0.389603 2.74879
5.56394 0.486782 2.74879
5.5546 0.583812 2.60029
5.54356 0.680664 2.60029
5.53084 0.777308 2.40413
5.51643 0.873717 2.40413
5.50034 0.969858 2.16746
5.48258 1.0657 2.16746
5.46314 1.16123 1.89865
5.44204 1.25639 1.89865
5.41929 1.35118 1.60646
5.39488 1.44555 1.60646
5.36883 1.53949 1.60646
5.34115 1.63295 1.29903
5.31183 1.72592 1.29903
5.2809 1.81836 0.98325
5.24836 1.91025 0.98325
5.21423 2.00155 0.664539
5.1785 2.09225 0.664539
5.1412 2.18231 0.347193
5.10233 2.2717 0.347193
5.0619 2.3604 0.0350579
5.01994 2.44839 0.0350579
4.97644 2.53562 -0.267705
4.93143 2.62209 -0.267705
4.88492 2.70775 -0.55602
4.83692 2.7926 -0.55602
4.78744 2.87659 -0.55602
4.73651 2.9597 -0.823683
4.68414 3.04191 -0.823683
4.63033 3.1232 -1.06362
4.57512 3.20353 -1.06362
4.51852 3.28289 -1.26851
4.46053 3.36125 -1.26851
4.40119 3.43859 -1.43157
4.34051 3.51488 -1.43157
4.27851 3.59009 -1.54719
4.2152 3.66422 -1.54719
4.15061 3.73722 -1.61133
4.08475 3.80909 -1.61133
4.01765 3.8798 -1.62167
3.94933 3.94933 -1.62167
3.8798 4.01765 -1.62167
3.80909 4.08475 -1.57759
3.73722 4.15061 -1.57759
3.66422 4.2152 -1.48021
3.59009 4.27851 -1.48021
3.51488 4.34051 -1.33237
3.43859 4.40119 -1.33237
3.36125 4.46053 -1.13861
3.28289 4.51852 -1.13861
3.20353 4.57512 -0.90497
3.1232 4.63033 -0.90497
3.04191 4.68414 -0.638503
2.9597 4.73651 -0.638503
2.87659 4.78744 -0.346546
2.7926 4.83692 -0.346546
2.70775 4.88492 -0.346546
2.62209 4.93143 -0.0359176
2.53562 4.97644 -0.0359176
2.44839 5.01994 0.287718
2.3604 5.0619 0.287718
2.2717 5.10233 0.619927
2.18231 5.1412 0.619927
2.09225 5.1785 0.957105
2.00155 5.21423 0.957105
1.91025 5.24836 1.29581
1.81836 5.2809 1.29581
1.72592 5.31183 1.63203
1.63295 5.34115 1.63203
1.53949 5.36883 1.96065
1.44555 5.39488 1.96065
1.35118 5.41929 1.96065
1.25639 5.44204 2.27529
1.16123 5.46314 2.27529
1.0657 5.48258 2.56865
0.969858 5.50034 2.56865
0.873717 5.51643 2.83323
0.777308 5.53084 2.83323
0.680664 5.54356 3.06224
0.583812 5.5546 3.06224
0.486782 5.56394 3.25031
0.389603 5.57159 3.25031
0.292306 5.57754 3.39398
0.19492 5.58179 3.39398
0.097475 5.58434 3.49183
3.41994e-16 5.58519 3.49183
-0.097475 5.58434 3.49183
-0.19492 5.58179 3.54456
-0.292306 5.57754 3.54456
-0.389603 5.57159 3.55494
-0.486782 5.56394 3.55494
-0.583812 5.5546 3.52787
-0.680664 5.54356 3.52787
-0.777308 5.53084 3.4703
-0.873717 5.51643 3.4703
-0.969858 5.50034 3.391
-1.0657 5.48258 3.391
-1.16123 5.46314 3.29992
-1.25639 5.44204 3.29992
-1.35118 5.41929 3.20726
-1.44555 5.39488 3.20726
-1.53949 5.36883 3.20726
-1.63295 5.34115 3.12244
-1.72592 5.31183 3.12244
-1.81836 5.2809 3.05316
-1.91025 5.24836 3.05316
-2.00155 5.21423 3.00473
-2.09225 5.1785 3.00473
-2.18231 5.1412 2.97979
-2.2717 5.10233 2.97979
-2.3604 5.0619 2.97822
-2.44839 5.01994 2.97822
-2.53562 4.97644 2.99721
-2.62209 4.93143 2.99721
-2.70775 4.88492 3.03152
-2.7926 4.83692 3.03152
-2.87659 4.78744 3.03152
-2.9597 4.73651 3.07378
-3.04191 4.68414 3.07378
-3.1232 4.63033 3.11528
-3.20353 4.57512 3.11528
-3.28289 4.51852 3.14702
-3.36125 4.46053 3.14702
-3.43859 4.40119 3.16054
-3.51488 4.34051 3.16054
-3.59009 4.27851 3.14867
-3.66422 4.2152 3.14867
-3.73722 4.15061 3.10586
-3.80909 4.08475 3.10586
-3.8798 4.01765 3.02834
-3.94933 3.94933 3.02834
-4.01765 3.8798 3.02834
-4.08475 3.80909 2.91409
-4.15061 3.73722 2.91409
-4.2152 3.66422 2.76283
-4.27851 3.59009 2.76283
-4.34051 3.51488 2.57599
-4.40119 3.43859 2.57599
-4.46053 3.36125 2.35668
-4.51852 3.28289 2.35668
-4.57512 3.20353 2.10947
-4.63033 3.1232 2.10947
-4.68414 3.04191 1.83995
-4.73651 2.9597 1.83995
-4.78744 2.87659 1.55403
-4.83692 2.7926 1.55403
-4.88492 2.70775 1.55403
-4.93143 2.62209 1.25732
-4.97644 2.53562 1.25732
-5.01994 2.44839 0.954579
-5.0619 2.3604 0.954579
-5.10233 2.2717 0.649621
-5.1412 2.18231 0.649621
-5.1785 2.09225 0.345634
-5.21423 2.00155 0.345634
-5.24836 1.91025 0.0457525
-5.2809 1.81836 0.0457525
-5.31183 1.72592 -0.246286
-5.34115 1.63295 -0.246286
-5.36883 1.53949 -0.525642
-5.39488 1.44555 -0.525642
-5.41929 1.35118 -0.525642
-5.44204 1.25639 -0.786236
-5.46314 1.16123 -0.786236
-5.48258 1.0657 -1.02106
-5.50034 0.969858 -1.02106
-5.51643 0.873717 -1.22284
-5.53084 0.777308 -1.22284
-5.54356 0.680664 -1.38484
-5.5546 0.583812 -1.38484
-5.56394 0.486782 -1.50151
-5.57159 0.389603 -1.50151
-5.57754 0.292306 -1.56888
-5.58179 0.19492 -1.56888
-5.58434 0.097475 -1.58465
-5.58519 6.83989e-16 -1.58465
-5.58434 -0.097475 -1.58465
-5.58179 -0.19492 -1.54821
-5.57754 -0.292306 -1.54821
-5.57159 -0.389603 -1.46066
-5.56394 -0.486782 -1.46066
-5.5546 -0.583812 -1.3248
-5.54356 -0.680664 -1.3248
-5.53084 -0.777308 -1.14513
-5.51643 -0.873717 -1.14513
-5.50034 -0.969858 -0.927637
-5.48258 -1.0657 -0.927637
-5.46314 -1.16123 -0.679345
-5.44204 -1.25639 -0.679345
-5.41929 -1.35118 -0.40755
-5.39488 -1.44555 -0.40755
-5.36883 -1.53949 -0.40755
-5.34115 -1.63295 -0.119021
-5.31183 -1.72592 -0.119021
-5.2809 -1.81836 0.180572
-5.24836 -1.91025 0.180572
-5.21423 -2.00155 0.48681
-5.1785 -2.09225 0.48681
-5.1412 -2.18231 0.796226
-5.10233 -2.2717 0.796226
-5.0619 -2.3604 1.1057
-5.01994 -2.44839 1.1057
-4.97644 -2.53562 1.41178
-4.93143 -2.62209 1.41178
-4.88492 -2.70775 1.7102
-4.83692 -2.7926 1.7102
-4.78744 -2.87659 1.7102
-4.73651 -2.9597 1.99566
-4.68414 -3.04191 1.99566
-4.63033 -3.1232 2.26213
-4.57512 -3.20353 2.26213
-4.51852 -3.28289 2.50346
-4.46053 -3.36125 2.50346
-4.40119 -3.43859 2.71411
-4.34051 -3.51488 2.71411
-4.27851 -3.59009 2.88973
-4.2152 -3.66422 2.88973
-4.15061 -3.73722 3.02763
-4.08475 -3.80909 3.02763
-4.01765 -3.8798 3.12684
-3.94933 -3.94933 3.12684
-3.8798 -4.01765 3.12684
-3.80909 -4.08475 3.18819
-3.73722 -4.15061 3.18819
-3.66422 -4.2152 3.21433
-3.59009 -4.27851 3.21433
-3.51488 -4.34051 3.20971
-3.43859 -4.40119 3.20971
-3.36125 -4.46053 3.1806
-3.28289 -4.51852 3.1806
-3.20353 -4.57512 3.13482
-3.1232 -4.63033 3.13482
-3.04191 -4.68414 3.08128
-2.9597 -4.73651 3.08128
-2.87659 -4.78744 3.02915
-2.7926 -4.83692 3.02915
-2.70775 -4.88492 3.02915
-2.62209 -4.93143 2.98691
-2.53562 -4.97644 2.98691
-2.44839 -5.01994 2.96144
-2.3604 -5.0619 2.96144
-2.2717 -5.10233 2.9573
-2.18231 -5.1412 2.9573
-2.09225 -5.1785 2.97651
-2.00155 -5.21423 2.97651
-1.91025 -5.24836 3.01842
-1.81836 -5.2809 3.01842
-1.72592 -5.31183 3.07966
-1.63295 -5.34115 3.07966
-1.53949 -5.36883 3.15432
-1.44555 -5.39488 3.15432
-1.35118 -5.41929 3.15432
-1.25639 -5.44204 3.23436
-1.16123 -5.46314 3.23436
-1.0657 -5.48258 3.31037
-0.969858 -5.50034 3.31037
-0.873717 -5.51643 3.3725
-0.777308 -5.53084 3.3725
-0.680664 -5.54356 3.4115
-0.583812 -5.5546 3.4115
-0.486782 -5.56394 3.4195
-0.389603 -5.57159 3.4195
-0.292306 -5.57754 3.39046
-0.19492 -5.58179 3.39046
-0.097475 -5.58434 3.32036
-1.02598e-15 -5.58519 3.32036
0.097475 -5.58434 3.32036
0.19492 -5.58179 3.20717
0.292306 -5.57754 3.20717
0.389603 -5.57159 3.05089
0.486782 -5.56394 3.05089
0.583812 -5.5546 2.85346
0.680664 -5.54356 2.85346
0.777308 -5.53084 2.61875
0.873717 -5.51643 2.61875
0.969858 -5.50034 2.35231
1.0657 -5.48258 2.35231
1.16123 -5.46314 2.06082
1.25639 -5.44204 2.06082
1.35118 -5.41929 1.75133
1.44555 -5.39488 1.75133
1.53949 -5.36883 1.75133
1.63295 -5.34115 1.43044
1.72592 -5.31183 1.43044
1.81836 -5.2809 1.10376
1.91025 -5.24836 1.10376
2.00155 -5.21423 0.775708
2.09225 -5.1785 0.775708
2.18231 -5.1412 0.449837
2.2717 -5.10233 0.449837
2.3604 -5.0619 0.129461
2.44839 -5.01994 0.129461
2.53562 -4.97644 -0.181644
2.62209 -4.93143 -0.181644
2.70775 -4.88492 -0.478662
2.7926 -4.83692 -0.478662
2.87659 -4.78744 -0.478662
2.9597 -4.73651 -0.755487
3.04191 -4.68414 -0.755487
3.1232 -4.63033 -1.005
3.20353 -4.57512 -1.005
3.28289 -4.51852 -1.21986
3.36125 -4.46053 -1.21986
3.43859 -4.40119 -1.39328
3.51488 -4.34051 -1.39328
3.59009 -4.27851 -1.51972
3.66422 -4.2152 -1.51972
3.73722 -4.15061 -1.59521
3.80909 -4.08475 -1.59521
3.8798 -4.01765 -1.61752
3.94933 -3.94933 -1.61752
4.01765 -3.8798 -1.61752
4.08475 -3.80909 -1.58611
4.15061 -3.73722 -1.58611
4.2152 -3.66422 -1.50215
4.27851 -3.59009 -1.50215
4.34051 -3.51488 -1.36849
4.40119 -3.43859 -1.36849
4.46053 -3.36125 -1.18966
4.51852 -3.28289 -1.18966
4.57512 -3.20353 -0.971643
4.63033 -3.1232 -0.971643
4.68414 -3.04191 -0.721415
4.73651 -2.9597 -0.721415
4.78744 -2.87659 -0.446214
4.83692 -2.7926 -0.446214
4.88492 -2.70775 -0.446214
4.93143 -2.62209 -0.152805
4.97644 -2.53562 -0.152805
5.01994 -2.44839 0.153041
5.0619 -2.3604 0.153041
5.10233 -2.2717 0.466641
5.1412 -2.18231 0.466641
5.1785 -2.09225 0.784035
5.21423 -2.00155 0.784035
5.24836 -1.91025 1.10131
5.2809 -1.81836 1.10131
5.31183 -1.72592 1.41383
5.34115 -1.63295 1.41383
5.36883 -1.53949 1.71571
5.39488 -1.44555 1.71571
5.41929 -1.35118 1.71571
5.44204 -1.25639 1.99961
5.46314 -1.16123 1.99961
5.48258 -1.0657 2.25716
5.50034 -0.969858 2.25716
5.51643 -0.873717 2.47968
5.53084 -0.777308 2.47968
5.54356 -0.680664 2.65919
5.5546 -0.583812 2.65919
5.56394 -0.486782 2.78911
5.57159 -0.389603 2.78911
5.57754 -0.292306 2.86473
5.58179 -0.19492 2.86473
5.58434 -0.097475 2.58302

5.66498 0 2.88334
5.66412 0.0988675 2.88334
5.66153 0.197705 2.84425
5.65722 0.296482 2.84425
5.65118 0.395169 2.74879
5.64342 0.493736 2.74879
5.63395 0.592152 2.60029
5.62275 0.690387 2.60029
5.60985 0.788413 2.40413
5.59524 0.886198 2.40413
5.57892 0.983714 2.16746
5.5609 1.08093 2.16746
5.54119 1.17782 1.89865
5.51979 1.27434 1.89865
5.49671 1.37048 1.60646
5.47195 1.4662 1.60646
5.44553 1.56148 1.60646
5.41745 1.65628 1.29903
5.38772 1.75058 1.29903
5.35634 1.84434 0.98325
5.32334 1.93754 0.98325
5.28871 2.03015 0.664539
5.25248 2.12214 0.664539
5.21464 2.21348 0.347193
5.17522 2.30416 0.347193
5.13422 2.39412 0.0350579
5.09165 2.48336 0.0350579
5.04753 2.57185 -0.267705
5.00188 2.65955 -0.267705
4.9547 2.74644 -0.55602
4.90602 2.83249 -0.55602
4.85584 2.91768 -0.55602
4.80418 3.00198 -0.823683
4.75105 3.08537 -0.823683
4.69648 3.16782 -1.06362
4.64048 3.2493 -1.06362
4.58307 3.32979 -1.26851
4.52425 3.40927 -1.26851
4.46407 3.48771 -1.43157
4.40252 3.56509 -1.43157
4.33963 3.64138 -1.54719
4.27541 3.71656 -1.54719
4.2099 3.79061 -1.61133
4.1431 3.86351 -1.61133
4.07505 3.93523 -1.62167
4.00575 4.00575 -1.62167
3.93523 4.07505 -1.62167
3.86351 4.1431 -1.57759
3.79061 4.2099 -1.57759
3.71656 4.27541 -1.48021
3.64138 4.33963 -1.48021
3.56509 4.40252 -1.33237
3.48771 4.46407 -1.33237
3.40927 4.52425 -1.13861
3.32979 4.58307 -1.13861
3.2493 4.64048 -0.90497
3.16782 4.69648 -0.90497
3.08537 4.75105 -0.638503
3.00198 4.80418 -0.638503
2.91768 4.85584 -0.346546
2.83249 4.90602 -0.346546
2.74644 4.9547 -0.346546
2.65955 5.00188 -0.0359176
2.57185 5.04753 -0.0359176
2.48336 5.09165 0.287718
2.39412 5.13422 0.287718
2.30416 5.17522 0.619927
2.21348 5.21464 0.619927
2.12214 5.25248 0.957105
2.03015 5.28871 0.957105
1.93754 5.32334 1.29581
1.84434 5.35634 1.29581
1.75058 5.38772 1.63203
1.65628 5.41745 1.63203
1.56148 5.44553 1.96065
1.4662 5.47195 1.96065
1.37048 5.49671 1.96065
1.27434 5.51979 2.27529
1.17782 5.54119 2.27529
1.08093 5.5609 2.56865
0.983714 5.57892 2.56865
0.886198 5.59524 2.83323
0.788413 5.60985 2.83323
0.690387 5.62275 3.06224
0.592152 5.63395 3.06224
0.493736 5.64342 3.25031
0.395169 5.65118 3.25031
0.296482 5.65722 3.39398
0.197705 5.66153 3.39398
0.0988675 5.66412 3.49183
3.4688e-16 5.66498 3.49183
-0.0988675 5.66412 3.49183
-0.197705 5.66153 3.54456
-0.296482 5.65722 3.54456
-0.395169 5.65118 3.55494
-0.493736 5.64342 3.55494
-0.592152 5.63395 3.52787
-0.690387 5.62275 3.52787
-0.788413 5.60985 3.4703
-0.886198 5.59524 3.4703
-0.983714 5.57892 3.391
-1.08093 5.5609 3.391
-1.17782 5.54119 3.29992
-1.27434 5.51979 3.29992
-1.37048 5.49671 3.20726
-1.4662 5.47195 3.20726
-1.56148 5.44553 3.20726
-1.65628 5.41745 3.12244
-1.75058 5.38772 3.12244
-1.84434 5.35634 3.05316
-1.93754 5.32334 3.05316
-2.03015 5.28871 3.00473
-2.12214 5.25248 3.00473
-2.21348 5.21464 2.97979
-2.30416 5.17522 2.97979
-2.39412 5.13422 2.97822
-2.48336 5.09165 2.97822
-2.57185 5.04753 2.99721
-2.65955 5.00188 2.99721
-2.74644 4.9547 3.03152
-2.83249 4.90602 3.03152
-2.91768 4.85584 3.03152
-3.00198 4.80418 3.07378
-3.08537 4.75105 3.07378
-3.16782 4.69648 3.11528
-3.2493 4.64048 3.11528
-3.32979 4.58307 3.14702
-3.40927 4.52425 3.14702
-3.48771 4.46407 3.16054
-3.56509 4.40252 3.16054
-3.64138 4.33963 3.14867
-3.71656 4.27541 3.14867
-3.79061 4.2099 3.10586
-3.86351 4.1431 3.10586
-3.93523 4.07505 3.02834
-4.00575 4.00575 3.02834
-4.07505 3.93523 3.02834
-4.1431 3.86351 2.91409
-4.2099 3.79061 2.91409
-4.27541 3.71656 2.76283
-4.33963 3.64138 2.76283
-4.40252 3.56509 2.57599
-4.46407 3.48771 2.57599
-4.52425 3.40927 2.35668
-4.58307 3.32979 2.35668
-4.64048 3.2493 2.10947
-4.69648 3.16782 2.10947
-4.75105 3.08537 1.83995
-4.80418 3.00198 1.83995
-4.85584 2.91768 1.55403
-4.90602 2.83249 1.55403
-4.9547 2.74644 1.55403
-5.00188 2.65955 1.25732
-5.04753 2.57185 1.25732
-5.09165 2.48336 0.954579
-5.13422 2.39412 0.954579
-5.17522 2.30416 0.649621
-5.21464 2.21348 0.649621
-5.25248 2.12214 0.345634
-5.28871 2.03015 0.345634
-5.32334 1.93754 0.0457525
-5.35634 1.84434 0.0457525
-5.38772 1.75058 -0.246286
-5.41745 1.65628 -0.246286
-5.44553 1.56148 -0.525642
-5.47195 1.4662 -0.525642
-5.49671 1.37048 -0.525642
-5.51979 1.27434 -0.786236
-5.54119 1.17782 -0.786236
-5.5609 1.08093 -1.02106
-5.57892 0.983714 -1.02106
-5.59524 0.886198 -1.22284
-5.60985 0.788413 -1.22284
-5.62275 0.690387 -1.38484
-5.63395 0.592152 -1.38484
-5.64342 0.493736 -1.50151
-5.65118 0.395169 -1.50151
-5.65722 0.296482 -1.56888
-5.66153 0.197705 -1.56888
-5.66412 0.0988675 -1.58465
-5.66498 6.9376e-16 -1.58465
-5.66412 -0.0988675 -1.58465
-5.66153 -0.197705 -1.54821
-5.65722 -0.296482 -1.54821
-5.65118 -0.395169 -1.46066
-5.64342 -0.493736 -1.46066
-5.63395 -0.592152 -1.3248
-5.62275 -0.690387 -1.3248
-5.60985 -0.788413 -1.14513
-5.59524 -0.886198 -1.14513
-5.57892 -0.983714 -0.927637
-5.5609 -1.08093 -0.927637
-5.54119 -1.17782 -0.679345
-5.51979 -1.27434 -0.679345
-5.49671 -1.37048 -0.40755
-5.47195 -1.4662 -0.40755
-5.44553 -1.56148 -0.40755
-5.41745 -1.65628 -0.119021
-5.38772 -1.75058 -0.119021
-5.35634 -1.84434 0.180572
-5.32334 -1.93754 0.180572
-5.28871 -2.03015 0.48681
-5.25248 -2.12214 0.48681
-5.21464 -2.21348 0.796226
-5.17522 -2.30416 0.796226
-5.13422 -2.39412 1.1057
-5.09165 -2.48336 1.1057
-5.04753 -2.57185 1.41178
-5.00188 -2.65955 1.41178
-4.9547 -2.74644 1.7102
-4.90602 -2.83249 1.7102
-4.85584 -2.91768 1.7102
-4.80418 -3.00198 1.99566
-4.75105 -3.08537 1.99566
-4.69648 -3.16782 2.26213
-4.64048 -3.2493 2.26213
-4.58307 -3.32979 2.50346
-4.52425 -3.40927 2.50346
-4.46407 -3.48771 2.71411
-4.40252 -3.56509 2.71411
-4.33963 -3.64138 2.88973
-4.27541 -3.71656 2.88973
-4.2099 -3.79061 3.02763
-4.1431 -3.86351 3.02763
-4.07505 -3.93523 3.12684
-4.00575 -4.00575 3.12684
-3.93523 -4.07505 3.12684
-3.86351 -4.1431 3.18819
-3.79061 -4.2099 3.18819
-3.71656 -4.27541 3.21433
-3.64138 -4.33963 3.21433
-3.56509 -4.40252 3.20971
-3.48771 -4.46407 3.20971
-3.40927 -4.52425 3.1806
-3.32979 -4.58307 3.1806
-3.2493 -4.64048 3.13482
-3.16782 -4.69648 3.13482
-3.08537 -4.75105 3.08128
-3.00198 -4.80418 3.08128
-2.91768 -4.85584 3.02915
-2.83249 -4.90602 3.02915
-2.74644 -4.9547 3.02915
-2.65955 -5.00188 2.98691
-2.57185 -5.04753 2.98691
-2.48336 -5.09165 2.96144
-2.39412 -5.13422 2.96144
-2.30416 -5.17522 2.9573
-2.21348 -5.21464 2.9573
-2.12214 -5.25248 2.97651
-2.03015 -5.28871 2.97651
-1.93754 -5.32334 3.01842
-1.84434 -5.35634 3.01842
-1.75058 -5.38772 3.07966
-1.65628 -5.41745 3.07966
-1.56148 -5.44553 3.15432
-1.4662 -5.47195 3.15432
-1.37048 -5.49671 3.15432
-1.27434 -5.51979 3.23436
-1.17782 -5.54119 3.23436
-1.08093 -5.5609 3.31037
-0.983714 -5.57892 3.31037
-0.886198 -5.59524 3.3725
-0.788413 -5.60985 3.3725
-0.690387 -5.62275 3.4115
-0.592152 -5.63395 3.4115
-0.493736 -5.64342 3.4195
-0.395169 -5.65118 3.4195
-0.296482 -5.65722 3.39046
-0.197705 -5.66153 3.39046
-0.0988675 -5.66412 3.32036
-1.04064e-15 -5.66498 3.32036
0.0988675 -5.66412 3.32036
0.197705 -5.66153 3.20717
0.296482 -5.65722 3.20717
0.395169 -5.65118 3.05089
0.493736 -5.64342 3.05089
0.592152 -5.63395 2.85346
0.690387 -5.62275 2.85346
0.788413 -5.60985 2.61875
0.886198 -5.59524 2.61875
0.983714 -5.57892 2.35231
1.08093 -5.5609 2.35231
1.17782 -5.54119 2.06082
1.27434 -5.51979 2.06082
1.37048 -5.49671 1.75133
1.4662 -5.47195 1.75133
1.56148 -5.44553 1.75133
1.65628 -5.41745 1.43044
1.75058 -5.38772 1.43044
1.84434 -5.35634 1.10376
1.93754 -5.32334 1.10376
2.03015 -5.28871 0.775708
2.12214 -5.25248 0.775708
2.21348 -5.21464 0.449837
2.30416 -5.17522 0.449837
2.39412 -5.13422 0.129461
2.48336 -5.09165 0.129461
2.57185 -5.04753 -0.181644
2.65955 -5.00188 -0.181644
2.74644 -4.9547 -0.478662
2.83249 -4.90602 -0.478662
2.91768 -4.85584 -0.478662
3.00198 -4.80418 -0.755487
3.08537 -4.75105 -0.755487
3.16782 -4.69648 -1.005
3.2493 -4.64048 -1.005
3.32979 -4.58307 -1.21986
3.40927 -4.52425 -1.21986
3.48771 -4.46407 -1.39328
3.56509 -4.40252 -1.39328
3.64138 -4.33963 -1.51972
3.71656 -4.27541 -1.51972
3.79061 -4.2099 -1.59521
3.86351 -4.1431 -1.59521
3.93523 -4.07505 -1.61752
4.00575 -4.00575 -1.61752
4.07505 -3.93523 -1.61752
4.1431 -3.86351 -1.58611
4.2099 -3.79061 -1.58611
4.27541 -3.71656 -1.50215
4.33963 -3.64138 -1.50215
4.40252 -3.56509 -1.36849
4.46407 -3.48771 -1.36849
4.52425 -3.40927 -1.18966
4.58307 -3.32979 -1.18966
4.64048 -3.2493 -0.971643
4.69648 -3.16782 -0.971643
4.75105 -3.08537 -0.721415
4.80418 -3.00198 -0.721415
4.85584 -2.91768 -0.446214
4.90602 -2.83249 -0.446214
4.9547 -2.74644 -0.446214
5.00188 -2.65955 -0.152805
5.04753 -2.57185 -0.152805
5.09165 -2.48336 0.153041
5.13422 -2.39412 0.153041
5.17522 -2.30416 0.466641
5.21464 -2.21348 0.466641
5.25248 -2.12214 0.784035
5.28871 -2.03015 0.784035
5.32334 -1.93754 1.10131
5.35634 -1.84434 1.10131
5.38772 -1.75058 1.41383
5.41745 -1.65628 1.41383
5.44553 -1.56148 1.71571
5.47195 -1.4662 1.71571
5.49671 -1.37048 1.71571
5.51979 -1.27434 1.99961
5.54119 -1.17782 1.99961
5.5609 -1.08093 2.25716
5.57892 -0.983714 2.25716
5.59524 -0.886198 2.47968
5.60985 -0.788413 2.47968
5.62275 -0.690387 2.65919
5.63395 -0.592152 2.65919
5.64342 -0.493736 2.78911
5.65118 -0.395169 2.78911
5.65722 -0.296482 2.86473
5.66153 -0.197705 2.86473
5.66412 -0.0988675 2.58302

5.74477 0 3.22493
5.74389 0.10026 3.22493
5.74127 0.20049 3.18148
5.7369 0.300658 3.18148
5.73077 0.400735 3.07567
5.72291 0.50069 3.07567
5.7133 0.600492 2.91093
5.70195 0.700111 2.91093
5.68886 0.799517 2.69299
5.67404 0.89868 2.69299
5.65749 0.997569 2.42984
5.63922 1.09615 2.42984
5.61923 1.1944 2.1312
5.59753 1.29229 2.1312
5.57412 1.38979 1.80744
5.54902 1.48686 1.80744
5.52223 1.58347 1.46819
5.49375 1.67961 1.46819
5.4636 1.77523 1.1212
5.43179 1.87031 1.1212
5.39832 1.96483 0.77196
5.3632 2.05874 0.77196
5.32646 2.15203 0.424026
5.28809 2.24466 0.424026
5.24811 2.33661 0.0799487
5.20653 2.42784 0.0799487
5.16336 2.51834 -0.257579
5.11863 2.60807 -0.257579
5.07233 2.69701 -0.584691
5.02449 2.78512 -0.584691
4.97512 2.87238 -0.895738
4.92423 2.95877 -0.895738
4.87184 3.04426 -0.895738
4.81797 3.12883 -1.18332
4.76263 3.21243 -1.18332
4.70584 3.29506 -1.43898
4.64762 3.37669 -1.43898
4.58798 3.45729 -1.65426
4.52694 3.53683 -1.65426
4.46452 3.6153 -1.82176
4.40075 3.69267 -1.82176
4.33563 3.76891 -1.9358
4.2692 3.844 -1.9358
4.20146 3.91792 -1.99262
4.13244 3.99065 -1.99262
4.06217 4.06217 -1.99031
3.99065 4.13244 -1.99031
3.91792 4.20146 -1.92874
3.844 4.2692 -1.92874
3.76891 4.33563 -1.80945
3.69267 4.40075 -1.80945
3.6153 4.46452 -1.63585
3.53683 4.52694 -1.63585
3.45729 4.58798 -1.41332
3.37669 4.64762 -1.41332
3.29506 4.70584 -1.14905
3.21243 4.76263 -1.14905
3.12883 4.81797 -0.851475
3.04426 4.87184 -0.851475
2.95877 4.92423 -0.529235
2.87238 4.97512 -0.529235
2.78512 5.02449 -0.529235
2.69701 5.07233 -0.190009
2.60807 5.11863 -0.190009
2.51834 5.16336 0.160389
2.42784 5.20653 0.160389
2.33661 5.24811 0.518098
2.24466 5.28809 0.518098
2.15203 5.32646 0.880606
2.05874 5.3632 0.880606
1.96483 5.39832 1.24578
1.87031 5.43179 1.24578
1.77523 5.4636 1.61078
1.67961 5.49375 1.61078
1.58347 5.52223 1.97118
1.48686 5.54902 1.97118
1.38979 5.57412 2.3205
1.29229 5.59753 2.3205
1.1944 5.61923 2.65055
1.09615 5.63922 2.65055
0.997569 5.65749 2.95232
0.89868 5.67404 2.95232
0.799517 5.68886 3.21723
0.700111 5.70195 3.21723
0.600492 5.7133 3.43825
0.50069 5.72291 3.43825
0.400735 5.73077 3.61049
0.300658 5.7369 3.61049
0.20049 5.74127 3.7314
0.10026 5.74389 3.7314
3.51766e-16 5.74477 3.80061
-0.10026 5.74389 3.80061
-0.20049 5.74127 3.80061
-0.300658 5.7369 3.81991
-0.400735 5.73077 3.81991
-0.50069 5.72291 3.79327
-0.600492 5.7133 3.79327
-0.700111 5.70195 3.72701
-0.799517 5.68886 3.72701
-0.89868 5.67404 3.62983
-0.997569 5.65749 3.62983
-1.09615 5.63922 3.51259
-1.1944 5.61923 3.51259
-1.29229 5.59753 3.38744
-1.38979 5.57412 3.38744
-1.48686 5.54902 3.26654
-1.58347 5.52223 3.26654
-1.67961 5.49375 3.16074
-1.77523 5.4636 3.16074
-1.87031 5.43179 3.07845
-1.96483 5.39832 3.07845
-2.05874 5.3632 3.02517
-2.15203 5.32646 3.02517
-2.24466 5.28809 3.00327
-2.33661 5.24811 3.00327
-2.42784 5.20653 3.01208
-2.51834 5.16336 3.01208
-2.60807 5.11863 3.048
-2.69701 5.07233 3.048
-2.78512 5.02449 3.10463
-2.87238 4.97512 3.10463
-2.95877 4.92423 3.10463
-3.04426 4.87184 3.17305
-3.12883 4.81797 3.17305
-3.21243 4.76263 3.2427
-3.29506 4.70584 3.2427
-3.37669 4.64762 3.30269
-3.45729 4.58798 3.30269
-3.53683 4.52694 3.34294
-3.6153 4.46452 3.34294
-3.69267 4.40075 3.35505
-3.76891 4.33563 3.35505
-3.844 4.2692 3.33263
-3.91792 4.20146 3.33263
-3.99065 4.13244 3.27135
-4.06217 4.06217 3.27135
-4.13244 3.99065 3.16872
-4.20146 3.91792 3.16872
-4.2692 3.844 3.02402
-4.33563 3.76891 3.02402
-4.40075 3.69267 2.83831
-4.46452 3.6153 2.83831
-4.52694 3.53683 2.61453
-4.58798 3.45729 2.61453
-4.64762 3.37669 2.35748
-4.70584 3.29506 2.35748
-4.76263 3.21243 2.07348
-4.81797 3.12883 2.07348
-4.87184 3.04426 1.7696
-4.92423 2.95877 1.7696
-4.97512 2.87238 1.45267
-5.02449 2.78512 1.45267
-5.07233 2.69701 1.45267
-5.11863 2.60807 1.1284
-5.16336 2.51834 1.1284
-5.20653 2.42784 0.800872
-5.24811 2.33661 0.800872
-5.28809 2.24466 0.472791
-5.32646 2.15203 0.472791
-5.3632 2.05874 0.146109
-5.39832 1.96483 0.146109
-5.43179 1.87031 -0.176989
-5.4636 1.77523 -0.176989
-5.49375 1.67961 -0.493147
-5.52223 1.58347 -0.493147
-5.54902 1.48686 -0.797198
-5.57412 1.38979 -0.797198
-5.59753 1.29229 -1.08209
-5.61923 1.1944 -1.08209
-5.63922 1.09615 -1.3395
-5.65749 0.997569 -1.3395
-5.67404 0.89868 -1.56082
-5.68886 0.799517 -1.56082
-5.70195 0.700111 -1.73833
-5.7133 0.600492 -1.73833
-5.72291 0.50069 -1.86593
-5.73077 0.400735 -1.86593
-5.7369 0.300658 -1.93944
-5.74127 0.20049 -1.93944
-5.74389 0.10026 -1.95652
-5.74477 7.03531e-16 -1.95652
-5.74389 -0.10026 -1.95652
-5.74127 -0.20049 -1.91659
-5.7369 -0.300658 -1.91659
-5.73077 -0.400735 -1.82074
-5.72291 -0.50069 -1.82074
-5.7133 -0.600492 -1.67182
-5.70195 -0.700111 -1.67182
-5.68886 -0.799517 -1.47465
-5.67404 -0.89868 -1.47465
-5.65749 -0.997569 -1.23594
-5.63922 -1.09615 -1.23594
-5.61923 -1.1944 -0.96386
-5.59753 -1.29229 -0.96386
-5.57412 -1.38979 -0.667103
-5.54902 -1.48686 -0.667103
-5.52223 -1.58347 -0.353689
-5.49375 -1.67961 -0.353689
-5.4636 -1.77523 -0.0300272
-5.43179 -1.87031 -0.0300272
-5.39832 -1.96483 0.29944
-5.3632 -2.05874 0.29944
-5.32646 -2.15203 0.631909
-5.28809 -2.24466 0.631909
-5.24811 -2.33661 0.965395
-5.20653 -2.42784 0.965395
-5.16336 -2.51834 1.29773
-5.11863 -2.60807 1.29773
-5.07233 -2.69701 1.62564
-5.02449 -2.78512 1.62564
-4.97512 -2.87238 1.62564
-4.92423 -2.95877 1.94425
-4.87184 -3.04426 1.94425
-4.81797 -3.12883 2.24711
-4.76263 -3.21243 2.24711
-4.70584 -3.29506 2.52687
-4.64762 -3.37669 2.52687
-4.58798 -3.45729 2.77632
-4.52694 -3.53683 2.77632
-4.46452 -3.6153 2.98933
-4.40075 -3.69267 2.98933
-4.33563 -3.76891 3.1615
-4.2692 -3.844 3.1615
-4.20146 -3.91792 3.29041
-4.13244 -3.99065 3.29041
-4.06217 -4.06217 3.37554
-3.99065 -4.13244 3.37554
-3.91792 -4.20146 3.41821
-3.844 -4.2692 3.41821
-3.76891 -4.33563 3.42159
-3.69267 -4.40075 3.42159
-3.6153 -4.46452 3.39084
-3.53683 -4.52694 3.39084
-3.45729 -4.58798 3.33323
-3.37669 -4.64762 3.33323
-3.29506 -4.70584 3.25802
-3.21243 -4.76263 3.25802
-3.12883 -4.81797 3.17593
-3.04426 -4.87184 3.17593
-2.95877 -4.92423 3.098
-2.87238 -4.97512 3.098
-2.78512 -5.02449 3.098
-2.69701 -5.07233 3.03449
-2.60807 -5.11863 3.03449
-2.51834 -5.16336 2.99365
-2.42784 -5.20653 2.99365
-2.33661 -5.24811 2.98098
-2.24466 -5.28809 2.98098
-2.15203 -5.32646 2.99917
-2.05874 -5.3632 2.99917
-1.96483 -5.39832 3.0479
-1.87031 -5.43179 3.0479
-1.77523 -5.4636 3.12386
-1.67961 -5.49375 3.12386
-1.58347 -5.52223 3.22075
-1.48686 -5.54902 3.22075
-1.38979 -5.57412 3.32954
-1.29229 -5.59753 3.32954
-1.1944 -5.61923 3.43923
-1.09615 -5.63922 3.43923
-0.997569 -5.65749 3.53794
-0.89868 -5.67404 3.53794
-0.799517 -5.68886 3.61433
-0.700111 -5.70195 3.61433
-0.600492 -5.7133 3.65862
-0.50069 -5.72291 3.65862
-0.400735 -5.73077 3.66326
-0.300658 -5.7369 3.66326
-0.20049 -5.74127 3.62297
-0.10026 -5.74389 3.62297
-1.0553e-15 -5.74477 3.62297
0.10026 -5.74389 3.53471
0.20049 -5.74127 3.53471
0.300658 -5.7369 3.39743
0.400735 -5.73077 3.39743
0.50069 -5.72291 3.21216
0.600492 -5.7133 3.21216
0.700111 -5.70195 2.98206
0.799517 -5.68886 2.98206
0.89868 -5.67404 2.71243
0.997569 -5.65749 2.71243
1.09615 -5.63922 2.41049
1.1944 -5.61923 2.41049
1.29229 -5.59753 2.08455
1.38979 -5.57412 2.08455
1.48686 -5.54902 1.7429
1.58347 -5.52223 1.7429
1.67961 -5.49375 1.39271
1.77523 -5.4636 1.39271
1.87031 -5.43179 1.03932
1.96483 -5.39832 1.03932
2.05874 -5.3632 0.686292
2.15203 -5.32646 0.686292
2.24466 -5.28809 0.335939
2.33661 -5.24811 0.335939
2.42784 -5.20653 -0.00965302
2.51834 -5.16336 -0.00965302
2.60807 -5.11863 -0.347592
2.69701 -5.07233 -0.347592
2.78512 -5.02449 -0.673339
2.87238 -4.97512 -0.673339
2.95877 -4.92423 -0.673339
3.04426 -4.87184 -0.980329
3.12883 -4.81797 -0.980329
3.21243 -4.76263 -1.26034
3.29506 -4.70584 -1.26034
3.37669 -4.64762 -1.50463
3.45729 -4.58798 -1.50463
3.53683 -4.52694 -1.7051
3.6153 -4.46452 -1.7051
3.69267 -4.40075 -1.85519
3.76891 -4.33563 -1.85519
3.844 -4.2692 -1.95027
3.91792 -4.20146 -1.95027
3.99065 -4.13244 -1.98762
4.06217 -4.06217 -1.98762
4.13244 -3.99065 -1.9663
4.20146 -3.91792 -1.9663
4.2692 -3.844 -1.88703
4.33563 -3.76891 -1.88703
4.40075 -3.69267 -1.75231
4.46452 -3.6153 -1.75231
4.52694 -3.53683 -1.56648
4.58798 -3.45729 -1.56648
4.64762 -3.37669 -1.33581
4.70584 -3.29506 -1.33581
4.76263 -3.21243 -1.06806
4.81797 -3.12883 -1.06806
4.87184 -3.04426 -0.771713
4.92423 -2.95877 -0.771713
4.97512 -2.87238 -0.771713
5.02449 -2.78512 -0.454895
5.07233 -2.69701 -0.454895
5.11863 -2.60807 -0.124361
5.16336 -2.51834 -0.124361
5.20653 -2.42784 0.214951
5.24811 -2.33661 0.214951
5.28809 -2.24466 0.559706
5.32646 -2.15203 0.559706
5.3632 -2.05874 0.907381
5.39832 -1.96483 0.907381
5.43179 -1.87031 1.25516
5.4636 -1.77523 1.25516
5.49375 -1.67961 1.59887
5.52223 -1.58347 1.59887
5.54902 -1.48686 1.93221
5.57412 -1.38979 1.93221
5.59753 -1.29229 2.24673
5.61923 -1.1944 2.24673
5.63922 -1.09615 2.5325
5.65749 -0.997569 2.5325
5.67404 -0.89868 2.77933
5.68886 -0.799517 2.77933
5.70195 -0.700111 2.97808
5.7133 -0.600492 2.97808
5.72291 -0.50069 3.12152
5.73077 -0.400735 3.12152
5.7369 -0.300658 3.20472
5.74127 -0.20049 3.20472
5.74389 -0.10026 2.88334

5.82456 0 3.22493
5.82367 0.101653 3.22493
5.82101 0.203274 3.18148
5.81657 0.304834 3.18148
5.81037 0.406301 3.07567
5.80239 0.507644 3.07567
5.79265 0.608832 2.91093
5.78114 0.709835 2.91093
5.76787 0.810622 2.69299
5.75285 0.911162 2.69299
5.73607 1.01142 2.42984
5.71754 1.11138 2.42984
5.69728 1.21099 2.1312
5.67527 1.31024 2.1312
5.65154 1.40909 1.80744
5.62609 1.50751 1.80744
5.59892 1.60547 1.46819
5.57005 1.70294 1.46819
5.53948 1.79989 1.1212
5.50723 1.89629 1.1212
5.47329 1.99212 0.77196
5.43769 2.08733 0.77196
5.40044 2.18192 0.424026
5.36153 2.27584 0.424026
5.321 2.36906 0.0799487
5.27884 2.46156 0.0799487
5.23508 2.55332 -0.257579
5.18972 2.64429 -0.257579
5.14278 2.73446 -0.584691
5.09427 2.8238 -0.584691
5.04421 2.91228 -0.895738
4.99262 2.99987 -0.895738
4.9395 3.08655 -0.895738
4.88488 3.17228 -1.18332
4.82878 3.25705 -1.18332
4.7712 3.34083 -1.43898
4.71217 3.42359 -1.43898
4.6517 3.50531 -1.65426
4.58981 3.58596 -1.65426
4.52653 3.66551 -1.82176
4.46187 3.74395 -1.82176
4.39585 3.82125 -1.9358
4.32849 3.89739 -1.9358
4.25981 3.97234 -1.99262
4.18984 4.04608 -1.99262
4.11858 4.11858 -1.99031
4.04608 4.18984 -1.99031
3.97234 4.25981 -1.92874
3.89739 4.32849 -1.92874
3.82125 4.39585 -1.80945
3.74395 4.46187 -1.80945
3.66551 4.52653 -1.63585
3.58596 4.58981 -1.63585
3.50531 4.6517 -1.41332
3.42359 4.71217 -1.41332
3.34083 4.7712 -1.14905
3.25705 4.82878 -1.14905
3.17228 4.88488 -0.851475
3.08655 4.9395 -0.851475
2.99987 4.99262 -0.529235
2.91228 5.04421 -0.529235
2.8238 5.09427 -0.529235
2.73446 5.14278 -0.190009
2.64429 5.18972 -0.190009
2.55332 5.23508 0.160389
2.46156 5.27884 0.160389
2.36906 5.321 0.518098
2.27584 5.36153 0.518098
2.18192 5.40044 0.880606
2.08733 5.43769 0.880606
1.99212 5.47329 1.24578
1.89629 5.50723 1.24578
1.79989 5.53948 1.61078
1.70294 5.57005 1.61078
1.60547 5.59892 1.97118
1.50751 5.62609 1.97118
1.40909 5.65154 2.3205
1.31024 5.67527 2.3205
1.21099 5.69728 2.65055
1.11138 5.71754 2.65055
1.01142 5.73607 2.95232
0.911162 5.75285 2.95232
0.810622 5.76787 3.21723
0.709835 5.78114 3.21723
0.608832 5.79265 3.43825
0.507644 5.80239 3.43825
0.406301 5.81037 3.61049
0.304834 5.81657 3.61049
0.203274 5.82101 3.7314
0.101653 5.82367 3.7314
3.56651e-16 5.82456 3.80061
-0.101653 5.82367 3.80061
-0.203274 5.82101 3.80061
-0.304834 5.81657 3.81991
-0.406301 5.81037 3.81991
-0.507644 5.80239 3.79327
-0.608832 5.79265 3.79327
-0.709835 5.78114 3.72701
-0.810622 5.76787 3.72701
-0.911162 5.75285 3.62983
-1.01142 5.73607 3.62983
-1.11138 5.71754 3.51259
-1.21099 5.69728 3.51259
-1.31024 5.67527 3.38744
-1.40909 5.65154 3.38744
-1.50751 5.62609 3.26654
-1.60547 5.59892 3.26654
-1.70294 5.57005 3.16074
-1.79989 5.53948 3.16074
-1.89629 5.50723 3.07845
-1.99212 5.47329 3.07845
-2.08733 5.43769 3.02517
-2.18192 5.40044 3.02517
-2.27584 5.36153 3.00327
-2.36906 5.321 3.00327
-2.46156 5.27884 3.01208
-2.55332 5.23508 3.01208
-2.64429 5.18972 3.048
-2.73446 5.14278 3.048
-2.8238 5.09427 3.10463
-2.91228 5.04421 3.10463
-2.99987 4.99262 3.10463
-3.08655 4.9395 3.17305
-3.17228 4.88488 3.17305
-3.25705 4.82878 3.2427
-3.34083 4.7712 3.2427
-3.42359 4.71217 3.30269
-3.50531 4.6517 3.30269
-3.58596 4.58981 3.34294
-3.66551 4.52653 3.34294
-3.74395 4.46187 3.35505
-3.82125 4.39585 3.35505
-3.89739 4.32849 3.33263
-3.97234 4.25981 3.33263
-4.04608 4.18984 3.27135
-4.11858 4.11858 3.27135
-4.18984 4.04608 3.16872
-4.25981 3.97234 3.16872
-4.32849 3.89739 3.02402
-4.39585 3.82125 3.02402
-4.46187 3.74395 2.83831
-4.52653 3.66551 2.83831
-4.58981 3.58596 2.61453
-4.6517 3.50531 2.61453
-4.71217 3.42359 2.35748
-4.7712 3.34083 2.35748
-4.82878 3.25705 2.07348
-4.88488 3.17228 2.07348
-4.9395 3.08655 1.7696
-4.99262 2.99987 1.7696
-5.04421 2.91228 1.45267
-5.09427 2.8238 1.45267
-5.14278 2.73446 1.45267
-5.18972 2.64429 1.1284
-5.23508 2.55332 1.1284
-5.27884 2.46156 0.800872
-5.321 2.36906 0.800872
-5.36153 2.27584 0.472791
-5.40044 2.18192 0.472791
-5.43769 2.08733 0.146109
-5.47329 1.99212 0.146109
-5.50723 1.89629 -0.176989
-5.53948 1.79989 -0.176989
-5.57005 1.70294 -0.493147
-5.59892 1.60547 -0.493147
-5.62609 1.50751 -0.797198
-5.65154 1.40909 -0.797198
-5.67527 1.31024 -1.08209
-5.69728 1.21099 -1.08209
-5.71754 1.11138 -1.3395
-5.73607 1.01142 -1.3395
-5.75285 0.911162 -1.56082
-5.76787 0.810622 -1.56082
-5.78114 0.709835 -1.73833
-5.79265 0.608832 -1.73833
-5.80239 0.507644 -1.86593
-5.81037 0.406301 -1.86593
-5.81657 0.304834 -1.93944
-5.82101 0.203274 -1.93944
-5.82367 0.101653 -1.95652
-5.82456 7.13303e-16 -1.95652
-5.82367 -0.101653 -1.95652
-5.82101 -0.203274 -1.91659
-5.81657 -0.304834 -1.91659
-5.81037 -0.406301 -1.82074
-5.80239 -0.507644 -1.82074
-5.79265 -0.608832 -1.67182
-5.78114 -0.709835 -1.67182
-5.76787 -0.810622 -1.47465
-5.75285 -0.911162 -1.47465
-5.73607 -1.01142 -1.23594
-5.71754 -1.11138 -1.23594
-5.69728 -1.21099 -0.96386
-5.67527 -1.31024 -0.96386
-5.65154 -1.40909 -0.667103
-5.62609 -1.50751 -0.667103
-5.59892 -1.60547 -0.353689
-5.57005 -1.70294 -0.353689
-5.53948 -1.79989 -0.0300272
-5.50723 -1.89629 -0.0300272
-5.47329 -1.99212 0.29944
-5.43769 -2.08733 0.29944
-5.40044 -2.18192 0.631909
-5.36153 -2.27584 0.631909
-5.321 -2.36906 0.965395
-5.27884 -2.46156 0.965395
-5.23508 -2.55332 1.29773
-5.18972 -2.64429 1.29773
-5.14278 -2.73446 1.62564
-5.09427 -2.8238 1.62564
-5.04421 -2.91228 1.62564
-4.99262 -2.99987 1.94425
-4.9395 -3.08655 1.94425
-4.88488 -3.17228 2.24711
-4.82878 -3.25705 2.24711
-4.7712 -3.34083 2.52687
-4.71217 -3.42359 2.52687
-4.6517 -3.50531 2.77632
-4.58981 -3.58596 2.77632
-4.52653 -3.66551 2.98933
-4.46187 -3.74395 2.98933
-4.39585 -3.82125 3.1615
-4.32849 -3.89739 3.1615
-4.25981 -3.97234 3.29041
-4.18984 -4.04608 3.29041
-4.11858 -4.11858 3.37554
-4.04608 -4.18984 3.37554
-3.97234 -4.25981 3.41821
-3.89739 -4.32849 3.41821
-3.82125 -4.39585 3.42159
-3.74395 -4.46187 3.42159
-3.66551 -4.52653 3.39084
-3.58596 -4.58981 3.39084
-3.50531 -4.6517 3.33323
-3.42359 -4.71217 3.33323
-3.34083 -4.7712 3.25802
-3.25705 -4.82878 3.25802
-3.17228 -4.88488 3.17593
-3.08655 -4.9395 3.17593
-2.99987 -4.99262 3.098
-2.91228 -5.04421 3.098
-2.8238 -5.09427 3.098
-2.73446 -5.14278 3.03449
-2.64429 -5.18972 3.03449
-2.55332 -5.23508 2.99365
-2.46156 -5.27884 2.99365
-2.36906 -5.321 2.98098
-2.27584 -5.36153 2.98098
-2.18192 -5.40044 2.99917
-2.08733 -5.43769 2.99917
-1.99212 -5.47329 3.0479
-1.89629 -5.50723 3.0479
-1.79989 -5.53948 3.12386
-1.70294 -5.57005 3.12386
-1.60547 -5.59892 3.22075
-1.50751 -5.62609 3.22075
-1.40909 -5.65154 3.32954
-1.31024 -5.67527 3.32954
-1.21099 -5.69728 3.43923
-1.11138 -5.71754 3.43923
-1.01142 -5.73607 3.53794
-0.911162 -5.75285 3.53794
-0.810622 -5.76787 3.61433
-0.709835 -5.78114 3.61433
-0.608832 -5.79265 3.65862
-0.507644 -5.80239 3.65862
-0.406301 -5.81037 3.66326
-0.304834 -5.81657 3.66326
-0.203274 -5.82101 3.62297
-0.101653 -5.82367 3.62297
-1.06995e-15 -5.82456 3.62297
0.101653 -5.82367 3.53471
0.203274 -5.82101 3.53471
0.304834 -5.81657 3.39743
0.406301 -5.81037 3.39743
0.507644 -5.80239 3.21216
0.608832 -5.79265 3.21216
0.709835 -5.78114 2.98206
0.810622 -5.76787 2.98206
0.911162 -5.75285 2.71243
1.01142 -5.73607 2.71243
1.11138 -5.71754 2.41049
1.21099 -5.69728 2.41049
1.31024 -5.67527 2.08455
1.40909 -5.65154 2.08455
1.50751 -5.62609 1.7429
1.60547 -5.59892 1.7429
1.70294 -5.57005 1.39271
1.79989 -5.53948 1.39271
1.89629 -5.50723 1.03932
1.99212 -5.47329 1.03932
2.08733 -5.43769 0.686292
2.18192 -5.40044 0.686292
2.27584 -5.36153 0.335939
2.36906 -5.321 0.335939
2.46156 -5.27884 -0.00965302
2.55332 -5.23508 -0.00965302
2.64429 -5.18972 -0.347592
2.73446 -5.14278 -0.347592
2.8238 -5.09427 -0.673339
2.91228 -5.04421 -0.673339
2.99987 -4.99262 -0.673339
3.08655 -4.9395 -0.980329
3.17228 -4.88488 -0.980329
3.25705 -4.82878 -1.26034
3.34083 -4.7712 -1.26034
3.42359 -4.71217 -1.50463
3.50531 -4.6517 -1.50463
3.58596 -4.58981 -1.7051
3.66551 -4.52653 -1.7051
3.74395 -4.46187 -1.85519
3.82125 -4.39585 -1.85519
3.89739 -4.32849 -1.95027
3.97234 -4.25981 -1.95027
4.04608 -4.18984 -1.98762
4.11858 -4.11858 -1.98762
4.18984 -4.04608 -1.9663
4.25981 -3.97234 -1.9663
4.32849 -3.89739 -1.88703
4.39585 -3.82125 -1.88703
4.46187 -3.74395 -1.75231
4.52653 -3.66551 -1.75231
4.58981 -3.58596 -1.56648
4.6517 -3.50531 -1.56648
4.71217 -3.42359 -1.33581
4.7712 -3.34083 -1.33581
4.82878 -3.25705 -1.06806
4.88488 -3.17228 -1.06806
4.9395 -3.08655 -0.771713
4.99262 -2.99987 -0.771713
5.04421 -2.91228 -0.771713
5.09427 -2.8238 -0.454895
5.14278 -2.73446 -0.454895
5.18972 -2.64429 -0.124361
5.23508 -2.55332 -0.124361
5.27884 -2.46156 0.214951
5.321 -2.36906 0.214951
5.36153 -2.27584 0.559706
5.40044 -2.18192 0.559706
5.43769 -2.08733 0.907381
5.47329 -1.99212 0.907381
5.50723 -1.89629 1.25516
5.53948 -1.79989 1.25516
5.57005 -1.70294 1.59887
5.59892 -1.60547 1.59887
5.62609 -1.50751 1.93221
5.65154 -1.40909 1.93221
5.67527 -1.31024 2.24673
5.69728 -1.21099 2.24673
5.71754 -1.11138 2.5325
5.73607 -1.01142 2.5325
5.75285 -0.911162 2.77933
5.76787 -0.810622 2.77933
5.78114 -0.709835 2.97808
5.79265 -0.608832 2.97808
5.80239 -0.507644 3.12152
5.81037 -0.406301 3.12152
5.81657 -0.304834 3.20472
5.82101 -0.203274 3.20472
5.82367 -0.101653 2.88334

5.90435 0 3.61214
5.90345 0.103045 3.56399
5.90075 0.206059 3.56399
5.89625 0.30901 3.44694
5.88996 0.411866 3.44694
5.88188 0.514598 3.26425
5.872 0.617172 3.26425
5.86034 0.719559 3.02176
5.84689 0.821726 3.02176
5.83165 0.923643 2.72826
5.81465 1.02528 2.72826
5.79587 1.1266 2.39515
5.77532 1.22758 2.39515
5.75302 1.32819 2.03512
5.72896 1.42839 2.03512
5.70316 1.52816 1.66011
5.67562 1.62746 1.66011
5.64635 1.72626 1.27942
5.61537 1.82454 1.27942
5.58267 1.92227 0.898896
5.54827 2.01941 0.898896
5.51218 2.11593 0.521245
5.47441 2.21181 0.521245
5.43498 2.30701 0.14726
5.39389 2.40151 0.14726
5.35115 2.49528 -0.222579
5.30679 2.58829 -0.222579
5.26081 2.68052 -0.586515
5.21323 2.77192 -0.586515
5.16406 2.86248 -0.940321
5.11331 2.95217 -0.940321
5.06101 3.04096 -1.27685
5.00717 3.12883 -1.27685
4.9518 3.21574 -1.58658
4.89492 3.30167 -1.58658
4.83656 3.38659 -1.85905
4.77672 3.47049 -1.85905
4.71542 3.55332 -2.08451
4.65269 3.63508 -2.08451
4.58854 3.71573 -2.25514
4.52299 3.79524 -2.25514
4.45607 3.8736 -2.36557
4.38778 3.95078 -2.36557
4.31817 4.02675 -2.41262
4.24723 4.1015 -2.41262
4.175 4.175 -2.39499
4.1015 4.24723 -2.39499
4.02675 4.31817 -2.31292
3.95078 4.38778 -2.31292
3.8736 4.45607 -2.1683
3.79524 4.52299 -2.1683
3.71573 4.58854 -1.96498
3.63508 4.65269 -1.96498
3.55332 4.71542 -1.70922
3.47049 4.77672 -1.70922
3.38659 4.83656 -1.40967
3.30167 4.89492 -1.40967
3.21574 4.9518 -1.07672
3.12883 5.00717 -1.07672
3.04096 5.06101 -0.72091
2.95217 5.11331 -0.72091
2.86248 5.16406 -0.35117
2.77192 5.21323 -0.35117
2.68052 5.26081 0.0265014
2.58829 5.30679 0.0265014
2.49528 5.35115 0.409097
2.40151 5.39389 0.409097
2.30701 5.43498 0.79571
2.21181 5.47441 0.79571
2.11593 5.51218 1.18617
2.01941 5.54827 1.18617
1.92227 5.58267 1.57951
1.82454 5.61537 1.57951
1.72626 5.64635 1.97256
1.62746 5.67562 1.97256
1.52816 5.70316 2.35915
1.42839 5.72896 2.35915
1.32819 5.75302 2.73013
1.22758 5.77532 2.73013
1.1266 5.79587 3.07454
1.02528 5.81465 3.07454
0.923643 5.83165 3.38143
0.821726 5.84689 3.38143
0.719559 5.86034 3.64155
0.617172 5.872 3.64155
0.514598 5.88188 3.84834
0.411866 5.88996 3.84834
0.30901 5.89625 3.99805
0.206059 5.90075 3.99805
0.103045 5.90345 4.08938
3.61537e-16 5.90435 4.08938
-0.103045 5.90345 4.12311
-0.206059 5.90075 4.12311
-0.30901 5.89625 4.102
-0.411866 5.88996 4.102
-0.514598 5.88188 4.0311
-0.617172 5.872 4.0311
-0.719559 5.86034 3.91821
-0.821726 5.84689 3.91821
-0.923643 5.83165 3.7742
-1.02528 5.81465 3.7742
-1.1266 5.79587 3.61258
-1.22758 5.77532 3.61258
-1.32819 5.75302 3.44831
-1.42839 5.72896 3.44831
-1.52816 5.70316 3.29592
-1.62746 5.67562 3.29592
-1.72626 5.64635 3.16767
-1.82454 5.61537 3.16767
-1.92227 5.58267 3.07254
-2.01941 5.54827 3.07254
-2.11593 5.51218 3.01587
-2.21181 5.47441 3.01587
-2.30701 5.43498 2.99961
-2.40151 5.39389 2.99961
-2.49528 5.35115 3.02246
-2.58829 5.30679 3.02246
-2.68052 5.26081 3.08
-2.77192 5.21323 3.08
-2.86248 5.16406 3.16461
-2.95217 5.11331 3.16461
-3.04096 5.06101 3.26558
-3.12883 5.00717 3.26558
-3.21574 4.9518 3.37002
-3.30167 4.89492 3.37002
-3.38659 4.83656 3.46461
-3.47049 4.77672 3.46461
-3.55332 4.71542 3.53726
-3.63508 4.65269 3.53726
-3.71573 4.58854 3.5782
-3.79524 4.52299 3.5782
-3.8736 4.45607 3.58033
-3.95078 4.38778 3.58033
-4.02675 4.31817 3.5389
-4.1015 4.24723 3.5389
-4.175 4.175 3.45109
-4.24723 4.1015 3.45109
-4.31817 4.02675 3.31576
-4.38778 3.95078 3.31576
-4.45607 3.8736 3.13342
-4.52299 3.79524 3.13342
-4.58854 3.71573 2.90657
-4.65269 3.63508 2.90657
-4.71542 3.55332 2.63993
-4.77672 3.47049 2.63993
-4.83656 3.38659 2.34049
-4.89492 3.30167 2.34049
-4.9518 3.21574 2.01677
-5.00717 3.12883 2.01677
-5.06101 3.04096 1.67754
-5.11331 2.95217 1.67754
-5.16406 2.86248 1.33027
-5.21323 2.77192 1.33027
-5.26081 2.68052 0.980099
-5.30679 2.58829 0.980099
-5.35115 2.49528 0.629642
-5.39389 2.40151 0.629642
-5.43498 2.30701 0.279688
-5.47441 2.21181 0.279688
-5.51218 2.11593 -0.0696031
-5.54827 2.01941 -0.0696031
-5.58267 1.92227 -0.417276
-5.61537 1.82454 -0.417276
-5.64635 1.72626 -0.7603
-5.67562 1.62746 -0.7603
-5.70316 1.52816 -1.09278
-5.72896 1.42839 -1.09278
-5.75302 1.32819 -1.40607
-5.77532 1.22758 -1.40607
-5.79587 1.1266 -1.68981
-5.81465 1.02528 -1.68981
-5.83165 0.923643 -1.93362
-5.84689 0.821726 -1.93362
-5.86034 0.719559 -2.12864
-5.872 0.617172 -2.12864
-5.88188 0.514598 -2.26832
-5.88996 0.411866 -2.26832
-5.89625 0.30901 -2.34849
-5.90075 0.206059 -2.34849
-5.90345 0.103045 -2.367
-5.90435 7.23074e-16 -2.367
-5.90345 -0.103045 -2.367
-5.90075 -0.206059 -2.3233
-5.89625 -0.30901 -2.3233
-5.88996 -0.411866 -2.21836
-5.88188 -0.514598 -2.21836
-5.872 -0.617172 -2.0549
-5.86034 -0.719559 -2.0549
-5.84689 -0.821726 -1.83783
-5.83165 -0.923643 -1.83783
-5.81465 -1.02528 -1.57456
-5.79587 -1.1266 -1.57456
-5.77532 -1.22758 -1.27469
-5.75302 -1.32819 -1.27469
-5.72896 -1.42839 -0.94891
-5.70316 -1.52816 -0.94891
-5.67562 -1.62746 -0.607208
-5.64635 -1.72626 -0.607208
-5.61537 -1.82454 -0.257306
-5.58267 -1.92227 -0.257306
-5.54827 -2.01941 0.0960759
-5.51218 -2.11593 0.0960759
-5.47441 -2.21181 0.450901
-5.43498 -2.30701 0.450901
-5.39389 -2.40151 0.806749
-5.35115 -2.49528 0.806749
-5.30679 -2.58829 1.16339
-5.26081 -2.68052 1.16339
-5.21323 -2.77192 1.51941
-5.16406 -2.86248 1.51941
-5.11331 -2.95217 1.8711
-5.06101 -3.04096 1.8711
-5.00717 -3.12883 2.21212
-4.9518 -3.21574 2.21212
-4.89492 -3.30167 2.53404
-4.83656 -3.38659 2.53404
-4.77672 -3.47049 2.82762
-4.71542 -3.55332 2.82762
-4.65269 -3.63508 3.08441
-4.58854 -3.71573 3.08441
-4.52299 -3.79524 3.2979
-4.45607 -3.8736 3.2979
-4.38778 -3.95078 3.46396
-4.31817 -4.02675 3.46396
-4.24723 -4.1015 3.58073
-4.175 -4.175 3.58073
-4.1015 -4.24723 3.64825
-4.02675 -4.31817 3.64825
-3.95078 -4.38778 3.66824
-3.8736 -4.45607 3.66824
-3.79524 -4.52299 3.64427
-3.71573 -4.58854 3.64427
-3.63508 -4.65269 3.58204
-3.55332 -4.71542 3.58204
-3.47049 -4.77672 3.48984
-3.38659 -4.83656 3.48984
-3.30167 -4.89492 3.37861
-3.21574 -4.9518 3.37861
-3.12883 -5.00717 3.26132
-3.04096 -5.06101 3.26132
-2.95217 -5.11331 3.15149
-2.86248 -5.16406 3.15149
-2.77192 -5.21323 3.06152
-2.68052 -5.26081 3.06152
-2.58829 -5.30679 3.00118
-2.49528 -5.35115 3.00118
-2.40151 -5.39389 2.97696
-2.30701 -5.43498 2.97696
-2.21181 -5.47441 2.99216
-2.11593 -5.51218 2.99216
-2.01941 -5.54827 3.04693
-1.92227 -5.58267 3.04693
-1.82454 -5.61537 3.13821
-1.72626 -5.64635 3.13821
-1.62746 -5.67562 3.25956
-1.52816 -5.70316 3.25956
-1.42839 -5.72896 3.40107
-1.32819 -5.75302 3.40107
-1.22758 -5.77532 3.54995
-1.1266 -5.79587 3.54995
-1.02528 -5.81465 3.69184
-0.923643 -5.83165 3.69184
-0.821726 -5.84689 3.81268
-0.719559 -5.86034 3.81268
-0.617172 -5.872 3.90029
-0.514598 -5.88188 3.90029
-0.411866 -5.88996 3.94536
-0.30901 -5.89625 3.94536
-0.206059 -5.90075 3.9414
-0.103045 -5.90345 3.9414
-1.08461e-15 -5.90435 3.88442
0.103045 -5.90345 3.88442
0.206059 -5.90075 3.77245
0.30901 -5.89625 3.77245
0.411866 -5.88996 3.60543
0.514598 -5.88188 3.60543
0.617172 -5.872 3.38535
0.719559 -5.86034 3.38535
0.821726 -5.84689 3.11667
0.923643 -5.83165 3.11667
1.02528 -5.81465 2.80654
1.1266 -5.79587 2.80654
1.22758 -5.77532 2.46435
1.32819 -5.75302 2.46435
1.42839 -5.72896 2.10058
1.52816 -5.70316 2.10058
1.62746 -5.67562 1.72504
1.72626 -5.64635 1.72504
1.82454 -5.61537 1.34531
1.92227 -5.58267 1.34531
2.01941 -5.54827 0.96606
2.11593 -5.51218 0.96606
2.21181 -5.47441 0.589299
2.30701 -5.43498 0.589299
2.40151 -5.39389 0.21545
2.49528 -5.35115 0.21545
2.58829 -5.30679 -0.155224
2.68052 -5.26081 -0.155224
2.77192 -5.21323 -0.52114
2.86248 -5.16406 -0.52114
2.95217 -5.11331 -0.878193
3.04096 -5.06101 -0.878193
3.12883 -5.00717 -1.21916
3.21574 -4.9518 -1.21916
3.30167 -4.89492 -1.53419
3.38659 -4.83656 -1.53419
3.47049 -4.77672 -1.81252
3.55332 -4.71542 -1.81252
3.63508 -4.65269 -2.04427
3.71573 -4.58854 -2.04427
3.79524 -4.52299 -2.22167
3.8736 -4.45607 -2.22167
3.95078 -4.38778 -2.33946
4.02675 -4.31817 -2.33946
4.1015 -4.24723 -2.39458
4.175 -4.175 -2.39458
4.24723 -4.1015 -2.3858
4.31817 -4.02675 -2.3858
4.38778 -3.95078 -2.3134
4.45607 -3.8736 -2.3134
4.52299 -3.79524 -2.17928
4.58854 -3.71573 -2.17928
4.65269 -3.63508 -1.9873
4.71542 -3.55332 -1.9873
4.77672 -3.47049 -1.74361
4.83656 -3.38659 -1.74361
4.89492 -3.30167 -1.45673
4.9518 -3.21574 -1.45673
5.00717 -3.12883 -1.13671
5.06101 -3.04096 -1.13671
5.11331 -2.95217 -0.793786
5.16406 -2.86248 -0.793786
5.21323 -2.77192 -0.436642
5.26081 -2.68052 -0.436642
5.30679 -2.58829 -0.0712984
5.35115 -2.49528 -0.0712984
5.39389 -2.40151 0.29906
5.43498 -2.30701 0.29906
5.47441 -2.21181 0.673312
5.51218 -2.11593 0.673312
5.54827 -2.01941 1.05101
5.58267 -1.92227 1.05101
5.61537 -1.82454 1.43075
5.64635 -1.72626 1.43075
5.67562 -1.62746 1.80871
5.70316 -1.52816 1.80871
5.72896 -1.42839 2.17776
5.75302 -1.32819 2.17776
5.77532 -1.22758 2.52757
5.79587 -1.1266 2.52757
5.81465 -1.02528 2.84586
5.83165 -0.923643 2.84586
5.84689 -0.821726 3.12036
5.86034 -0.719559 3.12036
5.872 -0.617172 3.3406
5.88188 -0.514598 3.3406
5.88996 -0.411866 3.49886
5.89625 -0.30901 3.49886
5.90075 -0.206059 3.59022
5.90345 -0.103045 3.59022

5.98413 0 3.61214
5.98322 0.104438 3.56399
5.98049 0.208843 3.56399
5.97593 0.313185 3.44694
5.96956 0.417432 3.44694
5.96136 0.521552 3.26425
5.95135 0.625512 3.26425
5.93953 0.729283 3.02176
5.9259 0.832831 3.02176
5.91046 0.936125 2.72826
5.89322 1.03913 2.72826
5.87419 1.14183 2.39515
5.85337 1.24417 2.39515
5.83076 1.34614 2.03512
5.80638 1.44769 2.03512
5.78023 1.54881 1.66011
5.75232 1.64945 1.66011
5.72266 1.74959 1.27942
5.69125 1.8492 1.27942
5.65811 1.94824 0.898896
5.62325 2.04669 0.898896
5.58667 2.14452 0.521245
5.54839 2.2417 0.521245
5.50842 2.33819 0.14726
5.46678 2.43397 0.14726
5.42347 2.529 -0.222579
5.3785 2.62327 -0.222579
5.3319 2.71674 -0.586515
5.28368 2.80938 -0.586515
5.23384 2.90117 -0.940321
5.18241 2.99207 -0.940321
5.1294 3.08206 -1.27685
5.07483 3.17111 -1.27685
5.01872 3.25919 -1.58658
4.96107 3.34629 -1.58658
4.90192 3.43236 -1.85905
4.84127 3.51739 -1.85905
4.77914 3.60134 -2.08451
4.71556 3.6842 -2.08451
4.65055 3.76594 -2.25514
4.58411 3.84653 -2.25514
4.51628 3.92595 -2.36557
4.44708 4.00417 -2.36557
4.37652 4.08117 -2.41262
4.30463 4.15693 -2.41262
4.23142 4.23142 -2.39499
4.15693 4.30463 -2.39499
4.08117 4.37652 -2.31292
4.00417 4.44708 -2.31292
3.92595 4.51628 -2.1683
3.84653 4.58411 -2.1683
3.76594 4.65055 -1.96498
3.6842 4.71556 -1.96498
3.60134 4.77914 -1.70922
3.51739 4.84127 -1.70922
3.43236 4.90192 -1.40967
3.34629 4.96107 -1.40967
3.25919 5.01872 -1.07672
3.17111 5.07483 -1.07672
3.08206 5.1294 -0.72091
2.99207 5.18241 -0.72091
2.90117 5.23384 -0.35117
2.80938 5.28368 -0.35117
2.71674 5.3319 0.0265014
2.62327 5.3785 0.0265014
2.529 5.42347 0.409097
2.43397 5.46678 0.409097
2.33819 5.50842 0.79571
2.2417 5.54839 0.79571
2.14452 5.58667 1.18617
2.04669 5.62325 1.18617
1.94824 5.65811 1.57951
1.8492 5.69125 1.57951
1.74959 5.72266 1.97256
1.64945 5.75232 1.97256
1.54881 5.78023 2.35915
1.44769 5.80638 2.35915
1.34614 5.83076 2.73013
1.24417 5.85337 2.73013
1.14183 5.87419 3.07454
1.03913 5.89322 3.07454
0.936125 5.91046 3.38143
0.832831 5.9259 3.38143
0.729283 5.93953 3.64155
0.625512 5.95135 3.64155
0.521552 5.96136 3.84834
0.417432 5.96956 3.84834
0.313185 5.97593 3.99805
0.208843 5.98049 3.99805
0.104438 5.98322 4.08938
3.66423e-16 5.98413 4.08938
-0.104438 5.98322 4.12311
-0.208843 5.98049 4.12311
-0.313185 5.97593 4.102
-0.417432 5.96956 4.102
-0.521552 5.96136 4.0311
-0.625512 5.95135 4.0311
-0.729283 5.93953 3.91821
-0.832831 5.9259 3.91821
-0.936125 5.91046 3.7742
-1.03913 5.89322 3.7742
-1.14183 5.87419 3.61258
-1.24417 5.85337 3.61258
-1.34614 5.83076 3.44831
-1.44769 5.80638 3.44831
-1.54881 5.78023 3.29592
-1.64945 5.75232 3.29592
-1.74959 5.72266 3.16767
-1.8492 5.69125 3.16767
-1.94824 5.65811 3.07254
-2.04669 5.62325 3.07254
-2.14452 5.58667 3.01587
-2.2417 5.54839 3.01587
-2.33819 5.50842 2.99961
-2.43397 5.46678 2.99961
-2.529 5.42347 3.02246
-2.62327 5.3785 3.02246
-2.71674 5.3319 3.08
-2.80938 5.28368 3.08
-2.90117 5.23384 3.16461
-2.99207 5.18241 3.16461
-3.08206 5.1294 3.26558
-3.17111 5.07483 3.26558
-3.25919 5.01872 3.37002
-3.34629 4.96107 3.37002
-3.43236 4.90192 3.46461
-3.51739 4.84127 3.46461
-3.60134 4.77914 3.53726
-3.6842 4.71556 3.53726
-3.76594 4.65055 3.5782
-3.84653 4.58411 3.5782
-3.92595 4.51628 3.58033
-4.00417 4.44708 3.58033
-4.08117 4.37652 3.5389
-4.15693 4.30463 3.5389
-4.23142 4.23142 3.45109
-4.30463 4.15693 3.45109
-4.37652 4.08117 3.31576
-4.44708 4.00417 3.31576
-4.51628 3.92595 3.13342
-4.58411 3.84653 3.13342
-4.65055 3.76594 2.90657
-4.71556 3.6842 2.90657
-4.77914 3.60134 2.63993
-4.84127 3.51739 2.63993
-4.90192 3.43236 2.34049
-4.96107 3.34629 2.34049
-5.01872 3.25919 2.01677
-5.07483 3.17111 2.01677
-5.1294 3.08206 1.67754
-5.18241 2.99207 1.67754
-5.23384 2.90117 1.33027
-5.28368 2.80938 1.33027
-5.3319 2.71674 0.980099
-5.3785 2.62327 0.980099
-5.42347 2.529 0.629642
-5.46678 2.43397 0.629642
-5.50842 2.33819 0.279688
-5.54839 2.2417 0.279688
-5.58667 2.14452 -0.0696031
-5.62325 2.04669 -0.0696031
-5.65811 1.94824 -0.417276
-5.69125 1.8492 -0.417276
-5.72266 1.74959 -0.7603
-5.75232 1.64945 -0.7603
-5.78023 1.54881 -1.09278
-5.80638 1.44769 -1.09278
-5.83076 1.34614 -1.40607
-5.85337 1.24417 -1.40607
-5.87419 1.14183 -1.68981
-5.89322 1.03913 -1.68981
-5.91046 0.936125 -1.93362
-5.9259 0.832831 -1.93362
-5.93953 0.729283 -2.12864
-5.95135 0.625512 -2.12864
-5.96136 0.521552 -2.26832
-5.96956 0.417432 -2.26832
-5.97593 0.313185 -2.34849
-5.98049 0.208843 -2.34849
-5.98322 0.104438 -2.367
-5.98413 7.32845e-16 -2.367
-5.98322 -0.104438 -2.367
-5.98049 -0.208843 -2.3233
-5.97593 -0.313185 -2.3233
-5.96956 -0.417432 -2.21836
-5.96136 -0.521552 -2.21836
-5.95135 -0.625512 -2.0549
-5.93953 -0.729283 -2.0549
-5.9259 -0.832831 -1.83783
-5.91046 -0.936125 -1.83783
-5.89322 -1.03913 -1.57456
-5.87419 -1.14183 -1.57456
-5.85337 -1.24417 -1.27469
-5.83076 -1.34614 -1.27469
-5.80638 -1.44769 -0.94891
-5.78023 -1.54881 -0.94891
-5.75232 -1.64945 -0.607208
-5.72266 -1.74959 -0.607208
-5.69125 -1.8492 -0.257306
-5.65811 -1.94824 -0.257306
-5.62325 -2.04669 0.0960759
-5.58667 -2.14452 0.0960759
-5.54839 -2.2417 0.450901
-5.50842 -2.33819 0.450901
-5.46678 -2.43397 0.806749
-5.42347 -2.529 0.806749
-5.3785 -2.62327 1.16339
-5.3319 -2.71674 1.16339
-5.28368 -2.80938 1.51941
-5.23384 -2.90117 1.51941
-5.18241 -2.99207 1.8711
-5.1294 -3.08206 1.8711
-5.07483 -3.17111 2.21212
-5.01872 -3.25919 2.21212
-4.96107 -3.34629 2.53404
-4.90192 -3.43236 2.53404
-4.84127 -3.51739 2.82762
-4.77914 -3.60134 2.82762
-4.71556 -3.6842 3.08441
-4.65055 -3.76594 3.08441
-4.58411 -3.84653 3.2979
-4.51628 -3.92595 3.2979
-4.44708 -4.00417 3.46396
-4.37652 -4.08117 3.46396
-4.30463 -4.15693 3.58073
-4.23142 -4.23142 3.58073
-4.15693 -4.30463 3.64825
-4.08117 -4.37652 3.64825
-4.00417 -4.44708 3.66824
-3.92595 -4.51628 3.66824
-3.84653 -4.58411 3.64427
-3.76594 -4.65055 3.64427
-3.6842 -4.71556 3.58204
-3.60134 -4.77914 3.58204
-3.51739 -4.84127 3.48984
-3.43236 -4.90192 3.48984
-3.34629 -4.96107 3.37861
-3.25919 -5.01872 3.37861
-3.17111 -5.07483 3.26132
-3.08206 -5.1294 3.26132
-2.99207 -5.18241 3.15149
-2.90117 -5.23384 3.15149
-2.80938 -5.28368 3.06152
-2.71674 -5.3319 3.06152
-2.62327 -5.3785 3.00118
-2.529 -5.42347 3.00118
-2.43397 -5.46678 2.97696
-2.33819 -5.50842 2.97696
-2.2417 -5.54839 2.99216
-2.14452 -5.58667 2.99216
-2.04669 -5.62325 3.04693
-1.94824 -5.65811 3.04693
-1.8492 -5.69125 3.13821
-1.74959 -5.72266 3.13821
-1.64945 -5.75232 3.25956
-1.54881 -5.78023 3.25956
-1.44769 -5.80638 3.40107
-1.34614 -5.83076 3.40107
-1.24417 -5.85337 3.54995
-1.14183 -5.87419 3.54995
-1.03913 -5.89322 3.69184
-0.936125 -5.91046 3.69184
-0.832831 -5.9259 3.81268
-0.729283 -5.93953 3.81268
-0.625512 -5.95135 3.90029
-0.521552 -5.96136 3.90029
-0.417432 -5.96956 3.94536
-0.313185 -5.97593 3.94536
-0.208843 -5.98049 3.9414
-0.104438 -5.98322 3.9414
-1.09927e-15 -5.98413 3.88442
0.104438 -5.98322 3.88442
0.208843 -5.98049 3.77245
0.313185 -5.97593 3.77245
0.417432 -5.96956 3.60543
0.521552 -5.96136 3.60543
0.625512 -5.95135 3.38535
0.729283 -5.93953 3.38535
0.832831 -5.9259 3.11667
0.936125 -5.91046 3.11667
1.03913 -5.89322 2.80654
1.14183 -5.87419 2.80654
1.24417 -5.85337 2.46435
1.34614 -5.83076 2.46435
1.44769 -5.80638 2.10058
1.54881 -5.78023 2.10058
1.64945 -5.75232 1.72504
1.74959 -5.72266 1.72504
1.8492 -5.69125 1.34531
1.94824 -5.65811 1.34531
2.04669 -5.62325 0.96606
2.14452 -5.58667 0.96606
2.2417 -5.54839 0.589299
2.33819 -5.50842 0.589299
2.43397 -5.46678 0.21545
2.529 -5.42347 0.21545
2.62327 -5.3785 -0.155224
2.71674 -5.3319 -0.155224
2.80938 -5.28368 -0.52114
2.90117 -5.23384 -0.52114
2.99207 -5.18241 -0.878193
3.08206 -5.1294 -0.878193
3.17111 -5.07483 -1.21916
3.25919 -5.01872 -1.21916
3.34629 -4.96107 -1.53419
3.43236 -4.90192 -1.53419
3.51739 -4.84127 -1.81252
3.60134 -4.77914 -1.81252
3.6842 -4.71556 -2.04427
3.76594 -4.65055 -2.04427
3.84653 -4.58411 -2.22167
3.92595 -4.51628 -2.22167
4.00417 -4.44708 -2.33946
4.08117 -4.37652 -2.33946
4.15693 -4.30463 -2.39458
4.23142 -4.23142 -2.39458
4.30463 -4.15693 -2.3858
4.37652 -4.08117 -2.3858
4.44708 -4.00417 -2.3134
4.51628 -3.92595 -2.3134
4.58411 -3.84653 -2.17928
4.65055 -3.76594 -2.17928
4.71556 -3.6842 -1.9873
4.77914 -3.60134 -1.9873
4.84127 -3.51739 -1.74361
4.90192 -3.43236 -1.74361
4.96107 -3.34629 -1.45673
5.01872 -3.25919 -1.45673
5.07483 -3.17111 -1.13671
5.1294 -3.08206 -1.13671
5.18241 -2.99207 -0.793786
5.23384 -2.90117 -0.793786
5.28368 -2.80938 -0.436642
5.3319 -2.71674 -0.436642
5.3785 -2.62327 -0.0712984
5.42347 -2.529 -0.0712984
5.46678 -2.43397 0.29906
5.50842 -2.33819 0.29906
5.54839 -2.2417 0.673312
5.58667 -2.14452 0.673312
5.62325 -2.04669 1.05101
5.65811 -1.94824 1.05101
5.69125 -1.8492 1.43075
5.72266 -1.74959 1.43075
5.75232 -1.64945 1.80871
5.78023 -1.54881 1.80871
5.80638 -1.44769 2.17776
5.83076 -1.34614 2.17776
5.85337 -1.24417 2.52757
5.87419 -1.14183 2.52757
5.89322 -1.03913 2.84586
5.91046 -0.936125 2.84586
5.9259 -0.832831 3.12036
5.93953 -0.729283 3.12036
5.95135 -0.625512 3.3406
5.96136 -0.521552 3.3406
5.96956 -0.417432 3.49886
5.97593 -0.313185 3.49886
5.98049 -0.208843 3.59022
5.98322 -0.104438 3.59022

6.06392 0 3.61214
6.063 0.10583 3.56399
6.06023 0.211628 3.56399
6.05561 0.317361 3.44694
6.04915 0.422998 3.44694
6.04085 0.528506 3.26425
6.0307 0.633853 3.26425
6.01872 0.739006 3.02176
6.00491 0.843935 3.02176
5.98927 0.948606 2.72826
5.9718 1.05299 2.72826
5.95251 1.15705 2.39515
5.93141 1.26076 2.39515
5.9085 1.36409 2.03512
5.8838 1.467 2.03512
5.8573 1.56946 1.66011
5.82902 1.67144 1.66011
5.79896 1.77292 1.27942
5.76713 1.87386 1.27942
5.73355 1.97422 0.898896
5.69822 2.07398 0.898896
5.66116 2.17312 0.521245
5.62237 2.27159 0.521245
5.58187 2.36936 0.14726
5.53967 2.46642 0.14726
5.49578 2.56272 -0.222579
5.45022 2.65825 -0.222579
5.40299 2.75296 -0.586515
5.35413 2.84684 -0.586515
5.30363 2.93985 -0.940321
5.25151 3.03196 -0.940321
5.1978 3.12315 -1.27685
5.1425 3.21339 -1.27685
5.08563 3.30265 -1.58658
5.02722 3.3909 -1.58658
4.96727 3.47812 -1.85905
4.90582 3.56428 -1.85905
4.84286 3.64936 -2.08451
4.77844 3.73332 -2.08451
4.71255 3.81615 -2.25514
4.64523 3.89781 -2.25514
4.5765 3.97829 -2.36557
4.50637 4.05756 -2.36557
4.43487 4.13559 -2.41262
4.36202 4.21235 -2.41262
4.28784 4.28784 -2.39499
4.21235 4.36202 -2.39499
4.13559 4.43487 -2.31292
4.05756 4.50637 -2.31292
3.97829 4.5765 -2.1683
3.89781 4.64523 -2.1683
3.81615 4.71255 -1.96498
3.73332 4.77844 -1.96498
3.64936 4.84286 -1.70922
3.56428 4.90582 -1.70922
3.47812 4.96727 -1.40967
3.3909 5.02722 -1.40967
3.30265 5.08563 -1.07672
3.21339 5.1425 -1.07672
3.12315 5.1978 -0.72091
3.03196 5.25151 -0.72091
2.93985 5.30363 -0.35117
2.84684 5.35413 -0.35117
2.75296 5.40299 0.0265014
2.65825 5.45022 0.0265014
2.56272 5.49578 0.409097
2.46642 5.53967 0.409097
2.36936 5.58187 0.79571
2.27159 5.62237 0.79571
2.17312 5.66116 1.18617
2.07398 5.69822 1.18617
1.97422 5.73355 1.57951
1.87386 5.76713 1.57951
1.77292 5.79896 1.97256
1.67144 5.82902 1.97256
1.56946 5.8573 2.35915
1.467 5.8838 2.35915
1.36409 5.9085 2.73013
1.26076 5.93141 2.73013
1.15705 5.95251 3.07454
1.05299 5.9718 3.07454
0.948606 5.98927 3.38143
0.843935 6.00491 3.38143
0.739006 6.01872 3.64155
0.633853 6.0307 3.64155
0.528506 6.04085 3.84834
0.422998 6.04915 3.84834
0.317361 6.05561 3.99805
0.211628 6.06023 3.99805
0.10583 6.063 4.08938
3.71308e-16 6.06392 4.08938
-0.10583 6.063 4.12311
-0.211628 6.06023 4.12311
-0.317361 6.05561 4.102
-0.422998 6.04915 4.102
-0.528506 6.04085 4.0311
-0.633853 6.0307 4.0311
-0.739006 6.01872 3.91821
-0.843935 6.00491 3.91821
-0.948606 5.98927 3.7742
-1.05299 5.9718 3.7742
-1.15705 5.95251 3.61258
-1.26076 5.93141 3.61258
-1.36409 5.9085 3.44831
-1.467 5.8838 3.44831
-1.56946 5.8573 3.29592
-1.67144 5.82902 3.29592
-1.77292 5.79896 3.16767
-1.87386 5.76713 3.16767
-1.97422 5.73355 3.07254
-2.07398 5.69822 3.07254
-2.17312 5.66116 3.01587
-2.27159 5.62237 3.01587
-2.36936 5.58187 2.99961
-2.46642 5.53967 2.99961
-2.56272 5.49578 3.02246
-2.65825 5.45022 3.02246
-2.75296 5.40299 3.08
-2.84684 5.35413 3.08
-2.93985 5.30363 3.16461
-3.03196 5.25151 3.16461
-3.12315 5.1978 3.26558
-3.21339 5.1425 3.26558
-3.30265 5.08563 3.37002
-3.3909 5.02722 3.37002
-3.47812 4.96727 3.46461
-3.56428 4.90582 3.46461
-3.64936 4.84286 3.53726
-3.73332 4.77844 3.53726
-3.81615 4.71255 3.5782
-3.89781 4.64523 3.5782
-3.97829 4.5765 3.58033
-4.05756 4.50637 3.58033
-4.13559 4.43487 3.5389
-4.21235 4.36202 3.5389
-4.28784 4.28784 3.45109
-4.36202 4.21235 3.45109
-4.43487 4.13559 3.31576
-4.50637 4.05756 3.31576
-4.5765 3.97829 3.13342
-4.64523 3.89781 3.13342
-4.71255 3.81615 2.90657
-4.77844 3.73332 2.90657
-4.84286 3.64936 2.63993
-4.90582 3.56428 2.63993
-4.96727 3.47812 2.34049
-5.02722 3.3909 2.34049
-5.08563 3.30265 2.01677
-5.1425 3.21339 2.01677
-5.1978 3.12315 1.67754
-5.25151 3.03196 1.67754
-5.30363 2.93985 1.33027
-5.35413 2.84684 1.33027
-5.40299 2.75296 0.980099
-5.45022 2.65825 0.980099
-5.49578 2.56272 0.629642
-5.53967 2.46642 0.629642
-5.58187 2.36936 0.279688
-5.62237 2.27159 0.279688
-5.66116 2.17312 -0.0696031
-5.69822 2.07398 -0.0696031
-5.73355 1.97422 -0.417276
-5.76713 1.87386 -0.417276
-5.79896 1.77292 -0.7603
-5.82902 1.67144 -0.7603
-5.8573 1.56946 -1.09278
-5.8838 1.467 -1.09278
-5.9085 1.36409 -1.40607
-5.93141 1.26076 -1.40607
-5.95251 1.15705 -1.68981
-5.9718 1.05299 -1.68981
-5.98927 0.948606 -1.93362
-6.00491 0.843935 -1.93362
-6.01872 0.739006 -2.12864
-6.0307 0.633853 -2.12864
-6.04085 0.528506 -2.26832
-6.04915 0.422998 -2.26832
-6.05561 0.317361 -2.34849
-6.06023 0.211628 -2.34849
-6.063 0.10583 -2.367
-6.06392 7.42616e-16 -2.367
-6.063 -0.10583 -2.367
-6.06023 -0.211628 -2.3233
-6.05561 -0.317361 -2.3233
-6.04915 -0.422998 -2.21836
-6.04085 -0.528506 -2.21836
-6.0307 -0.633853 -2.0549
-6.01872 -0.739006 -2.0549
-6.00491 -0.843935 -1.83783
-5.98927 -0.948606 -1.83783
-5.9718 -1.05299 -1.57456
-5.95251 -1.15705 -1.57456
-5.93141 -1.26076 -1.27469
-5.9085 -1.36409 -1.27469
-5.8838 -1.467 -0.94891
-5.8573 -1.56946 -0.94891
-5.82902 -1.67144 -0.607208
-5.79896 -1.77292 -0.607208
-5.76713 -1.87386 -0.257306
-5.73355 -1.97422 -0.257306
-5.69822 -2.07398 0.0960759
-5.66116 -2.17312 0.0960759
-5.62237 -2.27159 0.450901
-5.58187 -2.36936 0.450901
-5.53967 -2.46642 0.806749
-5.49578 -2.56272 0.806749
-5.45022 -2.65825 1.16339
-5.40299 -2.75296 1.16339
-5.35413 -2.84684 1.51941
-5.30363 -2.93985 1.51941
-5.25151 -3.03196 1.8711
-5.1978 -3.12315 1.8711
-5.1425 -3.21339 2.21212
-5.08563 -3.30265 2.21212
-5.02722 -3.3909 2.53404
-4.96727 -3.47812 2.53404
-4.90582 -3.56428 2.82762
-4.84286 -3.64936 2.82762
-4.77844 -3.73332 3.08441
-4.71255 -3.81615 3.08441
-4.64523 -3.89781 3.2979
-4.5765 -3.97829 3.2979
-4.50637 -4.05756 3.46396
-4.43487 -4.13559 3.46396
-4.36202 -4.21235 3.58073
-4.28784 -4.28784 3.58073
-4.21235 -4.36202 3.64825
-4.13559 -4.43487 3.64825
-4.05756 -4.50637 3.66824
-3.97829 -4.5765 3.66824
-3.89781 -4.64523 3.64427
-3.81615 -4.71255 3.64427
-3.73332 -4.77844 3.58204
-3.64936 -4.84286 3.58204
-3.56428 -4.90582 3.48984
-3.47812 -4.96727 3.48984
-3.3909 -5.02722 3.37861
-3.30265 -5.08563 3.37861
-3.21339 -5.1425 3.26132
-3.12315 -5.1978 3.26132
-3.03196 -5.25151 3.15149
-2.93985 -5.30363 3.15149
-2.84684 -5.35413 3.06152
-2.75296 -5.40299 3.06152
-2.65825 -5.45022 3.00118
-2.56272 -5.49578 3.00118
-2.46642 -5.53967 2.97696
-2.36936 -5.58187 2.97696
-2.27159 -5.62237 2.99216
-2.17312 -5.66116 2.99216
-2.07398 -5.69822 3.04693
-1.97422 -5.73355 3.04693
-1.87386 -5.76713 3.13821
-1.77292 -5.79896 3.13821
-1.67144 -5.82902 3.25956
-1.56946 -5.8573 3.25956
-1.467 -5.8838 3.40107
-1.36409 -5.9085 3.40107
-1.26076 -5.93141 3.54995
-1.15705 -5.95251 3.54995
-1.05299 -5.9718 3.69184
-0.948606 -5.98927 3.69184
-0.843935 -6.00491 3.81268
-0.739006 -6.01872 3.81268
-0.633853 -6.0307 3.90029
-0.528506 -6.04085 3.90029
-0.422998 -6.04915 3.94536
-0.317361 -6.05561 3.94536
-0.211628 -6.06023 3.9414
-0.10583 -6.063 3.9414
-1.11392e-15 -6.06392 3.88442
0.10583 -6.063 3.88442
0.211628 -6.06023 3.77245
0.317361 -6.05561 3.77245
0.422998 -6.04915 3.60543
0.528506 -6.04085 3.60543
0.633853 -6.0307 3.38535
0.739006 -6.01872 3.38535
0.843935 -6.00491 3.11667
0.948606 -5.98927 3.11667
1.05299 -5.9718 2.80654
1.15705 -5.95251 2.80654
1.26076 -5.93141 2.46435
1.36409 -5.9085 2.46435
1.467 -5.8838 2.10058
1.56946 -5.8573 2.10058
1.67144 -5.82902 1.72504
1.77292 -5.79896 1.72504
1.87386 -5.76713 1.34531
1.97422 -5.73355 1.34531
2.07398 -5.69822 0.96606
2.17312 -5.66116 0.96606
2.27159 -5.62237 0.589299
2.36936 -5.58187 0.589299
2.46642 -5.53967 0.21545
2.56272 -5.49578 0.21545
2.65825 -5.45022 -0.155224
2.75296 -5.40299 -0.155224
2.84684 -5.35413 -0.52114
2.93985 -5.30363 -0.52114
3.03196 -5.25151 -0.878193
3.12315 -5.1978 -0.878193
3.21339 -5.1425 -1.21916
3.30265 -5.08563 -1.21916
3.3909 -5.02722 -1.53419
3.47812 -4.96727 -1.53419
3.56428 -4.90582 -1.81252
3.64936 -4.84286 -1.81252
3.73332 -4.77844 -2.04427
3.81615 -4.71255 -2.04427
3.89781 -4.64523 -2.22167
3.97829 -4.5765 -2.22167
4.05756 -4.50637 -2.33946
4.13559 -4.43487 -2.33946
4.21235 -4.36202 -2.39458
4.28784 -4.28784 -2.39458
4.36202 -4.21235 -2.3858
4.43487 -4.13559 -2.3858
4.50637 -4.05756 -2.3134
4.5765 -3.97829 -2.3134
4.64523 -3.89781 -2.17928
4.71255 -3.81615 -2.17928
4.77844 -3.73332 -1.9873
4.84286 -3.64936 -1.9873
4.90582 -3.56428 -1.74361
4.96727 -3.47812 -1.74361
5.02722 -3.3909 -1.45673
5.08563 -3.30265 -1.45673
5.1425 -3.21339 -1.13671
5.1978 -3.12315 -1.13671
5.25151 -3.03196 -0.793786
5.30363 -2.93985 -0.793786
5.35413 -2.84684 -0.436642
5.40299 -2.75296 -0.436642
5.45022 -2.65825 -0.0712984
5.49578 -2.56272 -0.0712984
5.53967 -2.46642 0.29906
5.58187 -2.36936 0.29906
5.62237 -2.27159 0.673312
5.66116 -2.17312 0.673312
5.69822 -2.07398 1.05101
5.73355 -1.97422 1.05101
5.76713 -1.87386 1.43075
5.79896 -1.77292 1.43075
5.82902 -1.67144 1.80871
5.8573 -1.56946 1.80871
5.8838 -1.467 2.17776
5.9085 -1.36409 2.17776
5.93141 -1.26076 2.52757
5.95251 -1.15705 2.52757
5.9718 -1.05299 2.84586
5.98927 -0.948606 2.84586
6.00491 -0.843935 3.12036
6.01872 -0.739006 3.12036
6.0307 -0.633853 3.3406
6.04085 -0.528506 3.3406
6.04915 -0.422998 3.49886
6.05561 -0.317361 3.49886
6.06023 -0.211628 3.59022
6.063 -0.10583 3.59022

6.14371 0 4.04962
6.14278 0.107223 3.99658
6.13997 0.214412 3.99658
6.13529 0.321537 3.86768
6.12875 0.428564 3.86768
6.12033 0.53546 3.66552
6.11006 0.642193 3.66552
6.09792 0.74873 3.39552
6.08392 0.855039 3.39552
6.06807 0.961088 3.06697
6.05037 1.06684 3.06697
6.03083 1.17228 2.69324
6.00946 1.27735 2.69324
5.98625 1.38203 2.2903
5.96122 1.4863 2.2903
5.93437 1.59011 1.87375
5.90571 1.69344 1.87375
5.87526 1.79625 1.45556
5.84302 1.89851 1.45556
5.80899 2.0002 1.04248
5.7732 2.10127 1.04248
5.73565 2.20171 0.636335
5.69635 2.30147 0.636335
5.65532 2.40054 0.235636
5.61256 2.49887 0.235636
5.56809 2.59644 -0.162224
5.52193 2.69323 -0.162224
5.47409 2.78919 -0.558782
5.42457 2.8843 -0.558782
5.37341 2.97853 -0.952541
5.32061 3.07186 -1.3377
5.26619 3.16425 -1.3377
5.21016 3.25567 -1.70415
5.15255 3.3461 -1.70415
5.09337 3.43552 -2.03902
5.03263 3.52389 -2.03902
4.97037 3.61118 -2.32926
4.90659 3.69738 -2.32926
4.84131 3.78245 -2.56399
4.77456 3.86636 -2.56399
4.70636 3.9491 -2.73565
4.63672 4.03064 -2.73565
4.56567 4.11095 -2.83979
4.49323 4.19 -2.83979
4.41942 4.26778 -2.87427
4.34426 4.34426 -2.87427
4.26778 4.41942 -2.83843
4.19 4.49323 -2.83843
4.11095 4.56567 -2.73275
4.03064 4.63672 -2.73275
3.9491 4.70636 -2.55908
3.86636 4.77456 -2.55908
3.78245 4.84131 -2.32143
3.69738 4.90659 -2.32143
3.61118 4.97037 -2.0269
3.52389 5.03263 -2.0269
3.43552 5.09337 -1.68608
3.3461 5.15255 -1.68608
3.25567 5.21016 -1.31221
3.16425 5.26619 -1.31221
3.07186 5.32061 -0.918715
2.97853 5.37341 -0.516407
2.8843 5.42457 -0.516407
2.78919 5.47409 -0.111499
2.69323 5.52193 -0.111499
2.59644 5.56809 0.294274
2.49887 5.61256 0.294274
2.40054 5.65532 0.702305
2.30147 5.69635 0.702305
2.20171 5.73565 1.11524
2.10127 5.7732 1.11524
2.0002 5.80899 1.53494
1.89851 5.84302 1.53494
1.79625 5.87526 1.96044
1.69344 5.90571 1.96044
1.59011 5.93437 2.38649
1.4863 5.96122 2.38649
1.38203 5.98625 2.80308
1.27735 6.00946 2.80308
1.17228 6.03083 3.19671
1.06684 6.05037 3.19671
0.961088 6.06807 3.55302
0.855039 6.08392 3.55302
0.74873 6.09792 3.85965
0.642193 6.11006 3.85965
0.53546 6.12033 4.10787
0.428564 6.12875 4.10787
0.321537 6.13529 4.29279
0.214412 6.13997 4.29279
0.107223 6.14278 4.41244
3.76194e-16 6.14371 4.46693
-0.107223 6.14278 4.46693
-0.214412 6.13997 4.45787
-0.321537 6.13529 4.45787
-0.428564 6.12875 4.38864
-0.53546 6.12033 4.38864
-0.642193 6.11006 4.26509
-0.74873 6.09792 4.26509
-0.855039 6.08392 4.09665
-0.961088 6.06807 4.09665
-1.06684 6.05037 3.89696
-1.17228 6.03083 3.89696
-1.27735 6.00946 3.68324
-1.38203 5.98625 3.68324
-1.4863 5.96122 3.47417
-1.59011 5.93437 3.47417
-1.69344 5.90571 3.28703
-1.79625 5.87526 3.28703
-1.89851 5.84302 3.13536
-2.0002 5.80899 3.13536
-2.10127 5.7732 3.02819
-2.20171 5.73565 3.02819
-2.30147 5.69635 2.97025
-2.40054 5.65532 2.97025
-2.49887 5.61256 2.96276
-2.59644 5.56809 2.96276
-2.69323 5.52193 3.00387
-2.78919 5.47409 3.00387
-2.8843 5.42457 3.08848
-2.97853 5.37341 3.08848
-3.07186 5.32061 3.20786
-3.16425 5.26619 3.34924
-3.25567 5.21016 3.34924
-3.3461 5.15255 3.49667
-3.43552 5.09337 3.49667
-3.52389 5.03263 3.63356
-3.61118 4.97037 3.63356
-3.69738 4.90659 3.7452
-3.78245 4.84131 3.7452
-3.86636 4.77456 3.82035
-3.9491 4.70636 3.82035
-4.03064 4.63672 3.85138
-4.11095 4.56567 3.85138
-4.19 4.49323 3.83353
-4.26778 4.41942 3.83353
-4.34426 4.34426 3.76398
-4.41942 4.26778 3.76398
-4.49323 4.19 3.64125
-4.56567 4.11095 3.64125
-4.63672 4.03064 3.46518
-4.70636 3.9491 3.46518
-4.77456 3.86636 3.23732
-4.84131 3.78245 3.23732
-4.90659 3.69738 2.96178
-4.97037 3.61118 2.96178
-5.03263 3.52389 2.64576
-5.09337 3.43552 2.64576
-5.15255 3.3461 2.29932
-5.21016 3.25567 2.29932
-5.26619 3.16425 1.93393
-5.32061 3.07186 1.56009
-5.37341 2.97853 1.56009
-5.42457 2.8843 1.1852
-5.47409 2.78919 1.1852
-5.52193 2.69323 0.812713
-5.56809 2.59644 0.812713
-5.61256 2.49887 0.442582
-5.65532 2.40054 0.442582
-5.69635 2.30147 0.0727352
-5.73565 2.20171 0.0727352
-5.7732 2.10127 -0.299097
-5.80899 2.0002 -0.299097
-5.84302 1.89851 -0.673453
-5.87526 1.79625 -0.673453
-5.90571 1.69344 -1.04743
-5.93437 1.59011 -1.04743
-5.96122 1.4863 -1.41373
-5.98625 1.38203 -1.41373
-6.00946 1.27735 -1.76101
-6.03083 1.17228 -1.76101
-6.05037 1.06684 -2.07588
-6.06807 0.961088 -2.07588
-6.08392 0.855039 -2.34558
-6.09792 0.74873 -2.34558
-6.11006 0.642193 -2.56009
-6.12033 0.53546 -2.56009
-6.12875 0.428564 -2.71278
-6.13529 0.321537 -2.71278
-6.13997 0.214412 -2.79995
-6.14278 0.107223 -2.79995
-6.14371 7.52388e-16 -2.81992
-6.14278 -0.107223 -2.7723
-6.13997 -0.214412 -2.7723
-6.13529 -0.321537 -2.65774
-6.12875 -0.428564 -2.65774
-6.12033 -0.53546 -2.47842
-6.11006 -0.642193 -2.47842
-6.09792 -0.74873 -2.23889
-6.08392 -0.855039 -2.23889
-6.06807 -0.961088 -1.947
-6.05037 -1.06684 -1.947
-6.03083 -1.17228 -1.61403
-6.00946 -1.27735 -1.61403
-5.98625 -1.38203 -1.2535
-5.96122 -1.4863 -1.2535
-5.93437 -1.59011 -0.87853
-5.90571 -1.69344 -0.87853
-5.87526 -1.79625 -0.499117
-5.84302 -1.89851 -0.499117
-5.80899 -2.0002 -0.120733
-5.7732 -2.10127 -0.120733
-5.73565 -2.20171 0.255398
-5.69635 -2.30147 0.255398
-5.65532 -2.40054 0.630872
-5.61256 -2.49887 0.630872
-5.56809 -2.59644 1.00821
-5.52193 -2.69323 1.00821
-5.47409 -2.78919 1.38889
-5.42457 -2.8843 1.38889
-5.37341 -2.97853 1.77161
-5.32061 -3.07186 1.77161
-5.26619 -3.16425 2.15114
-5.21016 -3.25567 2.51836
-5.15255 -3.3461 2.51836
-5.09337 -3.43552 2.86167
-5.03263 -3.52389 2.86167
-4.97037 -3.61118 3.16944
-4.90659 -3.69738 3.16944
-4.84131 -3.78245 3.43215
-4.77456 -3.86636 3.43215
-4.70636 -3.9491 3.64349
-4.63672 -4.03064 3.64349
-4.56567 -4.11095 3.80018
-4.49323 -4.19 3.80018
-4.41942 -4.26778 3.90128
-4.34426 -4.34426 3.90128
-4.26778 -4.41942 3.94744
-4.19 -4.49323 3.94744
-4.11095 -4.56567 3.94061
-4.03064 -4.63672 3.94061
-3.9491 -4.70636 3.88434
-3.86636 -4.77456 3.88434
-3.78245 -4.84131 3.78457
-3.69738 -4.90659 3.78457
-3.61118 -4.97037 3.65051
-3.52389 -5.03263 3.65051
-3.43552 -5.09337 3.49514
-3.3461 -5.15255 3.49514
-3.25567 -5.21016 3.33446
-3.16425 -5.26619 3.33446
-3.07186 -5.32061 3.18531
-2.97853 -5.37341 3.06275
-2.8843 -5.42457 3.06275
-2.78919 -5.47409 2.97819
-2.69323 -5.52193 2.97819
-2.59644 -5.56809 2.93892
-2.49887 -5.61256 2.93892
-2.40054 -5.65532 2.9487
-2.30147 -5.69635 2.9487
-2.20171 -5.73565 3.00818
-2.10127 -5.7732 3.00818
-2.0002 -5.80899 3.1149
-1.89851 -5.84302 3.1149
-1.79625 -5.87526 3.26269
-1.69344 -5.90571 3.26269
-1.59011 -5.93437 3.44116
-1.4863 -5.96122 3.44116
-1.38203 -5.98625 3.63569
-1.27735 -6.00946 3.63569
-1.17228 -6.03083 3.8288
-1.06684 -6.05037 3.8288
-0.961088 -6.06807 4.00272
-0.855039 -6.08392 4.00272
-0.74873 -6.09792 4.14203
-0.642193 -6.11006 4.14203
-0.53546 -6.12033 4.23521
-0.428564 -6.12875 4.23521
-0.321537 -6.13529 4.27463
-0.214412 -6.13997 4.27463
-0.107223 -6.14278 4.2557
-1.12858e-15 -6.14371 4.2557
0.107223 -6.14278 4.17588
0.214412 -6.13997 4.03414
0.321537 -6.13529 4.03414
0.428564 -6.12875 3.83103
0.53546 -6.12033 3.83103
0.642193 -6.11006 3.56932
0.74873 -6.09792 3.56932
0.855039 -6.08392 3.25494
0.961088 -6.06807 3.25494
1.06684 -6.05037 2.89748
1.17228 -6.03083 2.89748
1.27735 -6.00946 2.50949
1.38203 -5.98625 2.50949
1.4863 -5.96122 2.10446
1.59011 -5.93437 2.10446
1.69344 -5.90571 1.69401
1.79625 -5.87526 1.69401
1.89851 -5.84302 1.28583
2.0002 -5.80899 1.28583
2.10127 -5.7732 0.883107
2.20171 -5.73565 0.883107
2.30147 -5.69635 0.485401
2.40054 -5.65532 0.485401
2.49887 -5.61256 0.0903254
2.59644 -5.56809 0.0903254
2.69323 -5.52193 -0.304461
2.78919 -5.47409 -0.304461
2.8843 -5.42457 -0.699273
2.97853 -5.37341 -0.699273
3.07186 -5.32061 -1.09069
3.16425 -5.26619 -1.47055
3.25567 -5.21016 -1.47055
3.3461 -5.15255 -1.82653
3.43552 -5.09337 -1.82653
3.52389 -5.03263 -2.1448
3.61118 -4.97037 -2.1448
3.69738 -4.90659 -2.41293
3.78245 -4.84131 -2.41293
3.86636 -4.77456 -2.62175
3.9491 -4.70636 -2.62175
4.03064 -4.63672 -2.76552
4.11095 -4.56567 -2.76552
4.19 -4.49323 -2.84124
4.26778 -4.41942 -2.84124
4.34426 -4.34426 -2.84768
4.41942 -4.26778 -2.84768
4.49323 -4.19 -2.78478
4.56567 -4.11095 -2.78478
4.63672 -4.03064 -2.65364
4.70636 -3.9491 -2.65364
4.77456 -3.86636 -2.45708
4.84131 -3.78245 -2.45708
4.90659 -3.69738 -2.20053
4.97037 -3.61118 -2.20053
5.03263 -3.52389 -1.89269
5.09337 -3.43552 -1.89269
5.15255 -3.3461 -1.54533
5.21016 -3.25567 -1.54533
5.26619 -3.16425 -1.17163
5.32061 -3.07186 -1.17163
5.37341 -2.97853 -0.783593
5.42457 -2.8843 -0.389714
5.47409 -2.78919 -0.389714
5.52193 -2.69323 0.005992
5.56809 -2.59644 0.005992
5.61256 -2.49887 0.403413
5.65532 -2.40054 0.403413
5.69635 -2.30147 0.804713
5.73565 -2.20171 0.804713
5.7732 -2.10127 1.21223
5.80899 -2.0002 1.21223
5.84302 -1.89851 1.62627
5.87526 -1.79625 1.62627
5.90571 -1.69344 2.04316
5.93437 -1.59011 2.04316
5.96122 -1.4863 2.45409
5.98625 -1.38203 2.45409
6.00946 -1.27735 2.84562
6.03083 -1.17228 2.84562
6.05037 -1.06684 3.20193
6.06807 -0.961088 3.20193
6.08392 -0.855039 3.508
6.09792 -0.74873 3.508
6.11006 -0.642193 3.75199
6.12033 -0.53546 3.75199
6.12875 -0.428564 3.9261
6.13529 -0.321537 3.9261
6.13997 -0.214412 4.02597
6.14278 -0.107223 4.02597

6.2235 0 4.04962
6.22255 0.108615 3.99658
6.21971 0.217197 3.99658
6.21497 0.325713 3.86768
6.20834 0.434129 3.86768
6.19982 0.542414 3.66552
6.18941 0.650533 3.66552
6.17711 0.758454 3.39552
6.16293 0.866144 3.39552
6.14688 0.97357 3.06697
6.12895 1.0807 3.06697
6.10916 1.1875 2.69324
6.0875 1.29394 2.69324
6.06399 1.39998 2.2903
6.03864 1.5056 2.2903
6.01144 1.61076 1.87375
5.98241 1.71543 1.87375
5.95156 1.81958 1.45556
5.9189 1.92317 1.45556
5.88443 2.02617 1.04248
5.84818 2.12856 1.04248
5.81014 2.2303 0.636335
5.77033 2.33136 0.636335
5.72876 2.43172 0.235636
5.68545 2.53133 0.235636
5.64041 2.63016 -0.162224
5.59364 2.7282 -0.162224
5.54518 2.82541 -0.558782
5.49502 2.92176 -0.558782
5.4432 3.01721 -0.952541
5.38971 3.11175 -1.3377
5.33458 3.20534 -1.3377
5.27783 3.29795 -1.70415
5.21947 3.38956 -1.70415
5.15951 3.48014 -2.03902
5.09799 3.56965 -2.03902
5.03492 3.65808 -2.32926
4.97031 3.7454 -2.32926
4.90418 3.83157 -2.56399
4.83657 3.91658 -2.56399
4.76748 4.00039 -2.73565
4.69693 4.08298 -2.73565
4.62496 4.16433 -2.83979
4.55158 4.24442 -2.83979
4.47681 4.32321 -2.87427
4.40068 4.40068 -2.87427
4.32321 4.47681 -2.83843
4.24442 4.55158 -2.83843
4.16433 4.62496 -2.73275
4.08298 4.69693 -2.73275
4.00039 4.76748 -2.55908
3.91658 4.83657 -2.55908
3.83157 4.90418 -2.32143
3.7454 4.97031 -2.32143
3.65808 5.03492 -2.0269
3.56965 5.09799 -2.0269
3.48014 5.15951 -1.68608
3.38956 5.21947 -1.68608
3.29795 5.27783 -1.31221
3.20534 5.33458 -1.31221
3.11175 5.38971 -0.918715
3.01721 5.4432 -0.516407
2.92176 5.49502 -0.516407
2.82541 5.54518 -0.111499
2.7282 5.59364 -0.111499
2.63016 5.64041 0.294274
2.53133 5.68545 0.294274
2.43172 5.72876 0.702305
2.33136 5.77033 0.702305
2.2303 5.81014 1.11524
2.12856 5.84818 1.11524
2.02617 5.88443 1.53494
1.92317 5.9189 1.53494
1.81958 5.95156 1.96044
1.71543 5.98241 1.96044
1.61076 6.01144 2.38649
1.5056 6.03864 2.38649
1.39998 6.06399 2.80308
1.29394 6.0875 2.80308
1.1875 6.10916 3.19671
1.0807 6.12895 3.19671
0.97357 6.14688 3.55302
0.866144 6.16293 3.55302
0.758454 6.17711 3.85965
0.650533 6.18941 3.85965
0.542414 6.19982 4.10787
0.434129 6.20834 4.10787
0.325713 6.21497 4.29279
0.217197 6.21971 4.29279
0.108615 6.22255 4.41244
3.81079e-16 6.2235 4.46693
-0.108615 6.22255 4.46693
-0.217197 6.21971 4.45787
-0.325713 6.21497 4.45787
-0.434129 6.20834 4.38864
-0.542414 6.19982 4.38864
-0.650533 6.18941 4.26509
-0.758454 6.17711 4.26509
-0.866144 6.16293 4.09665
-0.97357 6.14688 4.09665
-1.0807 6.12895 3.89696
-1.1875 6.10916 3.89696
-1.29394 6.0875 3.68324
-1.39998 6.06399 3.68324
-1.5056 6.03864 3.47417
-1.61076 6.01144 3.47417
-1.71543 5.98241 3.28703
-1.81958 5.95156 3.28703
-1.92317 5.9189 3.13536
-2.02617 5.88443 3.13536
-2.12856 5.84818 3.02819
-2.2303 5.81014 3.02819
-2.33136 5.77033 2.97025
-2.43172 5.72876 2.97025
-2.53133 5.68545 2.96276
-2.63016 5.64041 2.96276
-2.7282 5.59364 3.00387
-2.82541 5.54518 3.00387
-2.92176 5.49502 3.08848
-3.01721 5.4432 3.08848
-3.11175 5.38971 3.20786
-3.20534 5.33458 3.34924
-3.29795 5.27783 3.34924
-3.38956 5.21947 3.49667
-3.48014 5.15951 3.49667
-3.56965 5.09799 3.63356
-3.65808 5.03492 3.63356
-3.7454 4.97031 3.7452
-3.83157 4.90418 3.7452
-3.91658 4.83657 3.82035
-4.00039 4.76748 3.82035
-4.08298 4.69693 3.85138
-4.16433 4.62496 3.85138
-4.24442 4.55158 3.83353
-4.32321 4.47681 3.83353
-4.40068 4.40068 3.76398
-4.47681 4.32321 3.76398
-4.55158 4.24442 3.64125
-4.62496 4.16433 3.64125
-4.69693 4.08298 3.46518
-4.76748 4.00039 3.46518
-4.83657 3.91658 3.23732
-4.90418 3.83157 3.23732
-4.97031 3.7454 2.96178
-5.03492 3.65808 2.96178
-5.09799 3.56965 2.64576
-5.15951 3.48014 2.64576
-5.21947 3.38956 2.29932
-5.27783 3.29795 2.29932
-5.33458 3.20534 1.93393
-5.38971 3.11175 1.56009
-5.4432 3.01721 1.56009
-5.49502 2.92176 1.1852
-5.54518 2.82541 1.1852
-5.59364 2.7282 0.812713
-5.64041 2.63016 0.812713
-5.68545 2.53133 0.442582
-5.72876 2.43172 0.442582
-5.77033 2.33136 0.0727352
-5.81014 2.2303 0.0727352
-5.84818 2.12856 -0.299097
-5.88443 2.02617 -0.299097
-5.9189 1.92317 -0.673453
-5.95156 1.81958 -0.673453
-5.98241 1.71543 -1.04743
-6.01144 1.61076 -1.04743
-6.03864 1.5056 -1.41373
-6.06399 1.39998 -1.41373
-6.0875 1.29394 -1.76101
-6.10916 1.1875 -1.76101
-6.12895 1.0807 -2.07588
-6.14688 0.97357 -2.07588
-6.16293 0.866144 -2.34558
-6.17711 0.758454 -2.34558
-6.18941 0.650533 -2.56009
-6.19982 0.542414 -2.56009
-6.20834 0.434129 -2.71278
-6.21497 0.325713 -2.71278
-6.21971 0.217197 -2.79995
-6.22255 0.108615 -2.79995
-6.2235 7.62159e-16 -2.81992
-6.22255 -0.108615 -2.7723
-6.21971 -0.217197 -2.7723
-6.21497 -0.325713 -2.65774
-6.20834 -0.434129 -2.65774
-6.19982 -0.542414 -2.47842
-6.18941 -0.650533 -2.47842
-6.17711 -0.758454 -2.23889
-6.16293 -0.866144 -2.23889
-6.14688 -0.97357 -1.947
-6.12895 -1.0807 -1.947
-6.10916 -1.1875 -1.61403
-6.0875 -1.29394 -1.61403
-6.06399 -1.39998 -1.2535
-6.03864 -1.5056 -1.2535
-6.01144 -1.61076 -0.87853
-5.98241 -1.71543 -0.87853
-5.95156 -1.81958 -0.499117
-5.9189 -1.92317 -0.499117
-5.88443 -2.02617 -0.120733
-5.84818 -2.12856 -0.120733
-5.81014 -2.2303 0.255398
-5.77033 -2.33136 0.255398
-5.72876 -2.43172 0.630872
-5.68545 -2.53133 0.630872
-5.64041 -2.63016 1.00821
-5.59364 -2.7282 1.00821
-5.54518 -2.82541 1.38889
-5.49502 -2.92176 1.38889
-5.4432 -3.01721 1.77161
-5.38971 -3.11175 1.77161
-5.33458 -3.20534 2.15114
-5.27783 -3.29795 2.51836
-5.21947 -3.38956 2.51836
-5.15951 -3.48014 2.86167
-5.09799 -3.56965 2.86167
-5.03492 -3.65808 3.16944
-4.97031 -3.7454 3.16944
-4.90418 -3.83157 3.43215
-4.83657 -3.91658 3.43215
-4.76748 -4.00039 3.64349
-4.69693 -4.08298 3.64349
-4.62496 -4.16433 3.80018
-4.55158 -4.24442 3.80018
-4.47681 -4.32321 3.90128
-4.40068 -4.40068 3.90128
-4.32321 -4.47681 3.94744
-4.24442 -4.55158 3.94744
-4.16433 -4.62496 3.94061
-4.08298 -4.69693 3.94061
-4.00039 -4.76748 3.88434
-3.91658 -4.83657 3.88434
-3.83157 -4.90418 3.78457
-3.7454 -4.97031 3.78457
-3.65808 -5.03492 3.65051
-3.56965 -5.09799 3.65051
-3.48014 -5.15951 3.49514
-3.38956 -5.21947 3.49514
-3.29795 -5.27783 3.33446
-3.20534 -5.33458 3.33446
-3.11175 -5.38971 3.18531
-3.01721 -5.4432 3.06275
-2.92176 -5.49502 3.06275
-2.82541 -5.54518 2.97819
-2.7282 -5.59364 2.97819
-2.63016 -5.64041 2.93892
-2.53133 -5.68545 2.93892
-2.43172 -5.72876 2.9487
-2.33136 -5.77033 2.9487
-2.2303 -5.81014 3.00818
-2.12856 -5.84818 3.00818
-2.02617 -5.88443 3.1149
-1.92317 -5.9189 3.1149
-1.81958 -5.95156 3.26269
-1.71543 -5.98241 3.26269
-1.61076 -6.01144 3.44116
-1.5056 -6.03864 3.44116
-1.39998 -6.06399 3.63569
-1.29394 -6.0875 3.63569
-1.1875 -6.10916 3.8288
-1.0807 -6.12895 3.8288
-0.97357 -6.14688 4.00272
-0.866144 -6.16293 4.00272
-0.758454 -6.17711 4.14203
-0.650533 -6.18941 4.14203
-0.542414 -6.19982 4.23521
-0.434129 -6.20834 4.23521
-0.325713 -6.21497 4.27463
-0.217197 -6.21971 4.27463
-0.108615 -6.22255 4.2557
-1.14324e-15 -6.2235 4.2557
0.108615 -6.22255 4.17588
0.217197 -6.21971 4.03414
0.325713 -6.21497 4.03414
0.434129 -6.20834 3.83103
0.542414 -6.19982 3.83103
0.650533 -6.18941 3.56932
0.758454 -6.17711 3.56932
0.866144 -6.16293 3.25494
0.97357 -6.14688 3.25494
1.0807 -6.12895 2.89748
1.1875 -6.10916 2.89748
1.29394 -6.0875 2.50949
1.39998 -6.06399 2.50949
1.5056 -6.03864 2.10446
1.61076 -6.01144 2.10446
1.71543 -5.98241 1.69401
1.81958 -5.95156 1.69401
1.92317 -5.9189 1.28583
2.02617 -5.88443 1.28583
2.12856 -5.84818 0.883107
2.2303 -5.81014 0.883107
2.33136 -5.77033 0.485401
2.43172 -5.72876 0.485401
2.53133 -5.68545 0.0903254
2.63016 -5.64041 0.0903254
2.7282 -5.59364 -0.304461
2.82541 -5.54518 -0.304461
2.92176 -5.49502 -0.699273
3.01721 -5.4432 -0.699273
3.11175 -5.38971 -1.09069
3.20534 -5.33458 -1.47055
3.29795 -5.27783 -1.47055
3.38956 -5.21947 -1.82653
3.48014 -5.15951 -1.82653
3.56965 -5.09799 -2.1448
3.65808 -5.03492 -2.1448
3.7454 -4.97031 -2.41293
3.83157 -4.90418 -2.41293
3.91658 -4.83657 -2.62175
4.00039 -4.76748 -2.62175
4.08298 -4.69693 -2.76552
4.16433 -4.62496 -2.76552
4.24442 -4.55158 -2.84124
4.32321 -4.47681 -2.84124
4.40068 -4.40068 -2.84768
4.47681 -4.32321 -2.84768
4.55158 -4.24442 -2.78478
4.62496 -4.16433 -2.78478
4.69693 -4.08298 -2.65364
4.76748 -4.00039 -2.65364
4.83657 -3.91658 -2.45708
4.90418 -3.83157 -2.45708
4.97031 -3.7454 -2.20053
5.03492 -3.65808 -2.20053
5.09799 -3.56965 -1.89269
5.15951 -3.48014 -1.89269
5.21947 -3.38956 -1.54533
5.27783 -3.29795 -1.54533
5.33458 -3.20534 -1.17163
5.38971 -3.11175 -1.17163
5.4432 -3.01721 -0.783593
5.49502 -2.92176 -0.389714
5.54518 -2.82541 -0.389714
5.59364 -2.7282 0.005992
5.64041 -2.63016 0.005992
5.68545 -2.53133 0.403413
5.72876 -2.43172 0.403413
5.77033 -2.33136 0.804713
5.81014 -2.2303 0.804713
5.84818 -2.12856 1.21223
5.88443 -2.02617 1.21223
5.9189 -1.92317 1.62627
5.95156 -1.81958 1.62627
5.98241 -1.71543 2.04316
6.01144 -1.61076 2.04316
6.03864 -1.5056 2.45409
6.06399 -1.39998 2.45409
6.0875 -1.29394 2.84562
6.10916 -1.1875 2.84562
6.12895 -1.0807 3.20193
6.14688 -0.97357 3.20193
6.16293 -0.866144 3.508
6.17711 -0.758454 3.508
6.18941 -0.650533 3.75199
6.19982 -0.542414 3.75199
6.20834 -0.434129 3.9261
6.21497 -0.325713 3.9261
6.21971 -0.217197 4.02597
6.22255 -0.108615 4.02597

6.30329 0 4.54213
6.30233 0.110008 4.48434
6.29945 0.219982 4.48434
6.29465 0.329889 4.34362
6.28793 0.439695 4.34362
6.2793 0.549368 4.12116
6.26876 0.658873 4.12116
6.2563 0.768178 3.82095
6.24194 0.877248 3.82095
6.22568 0.986051 3.45192
6.20753 1.09455 3.45192
6.18748 1.20272 3.0294
6.16555 1.31053 3.0294
6.14174 1.41793 2.57401
6.11605 1.5249 2.57401
6.08851 1.63141 2.10719
6.05911 1.73742 1.64555
6.02786 1.8429 1.64555
5.99478 1.94782 1.19765
5.95988 2.05215 1.19765
5.92315 2.15585 0.764399
5.88463 2.2589 0.764399
5.84431 2.36125 0.341449
5.80221 2.46289 0.341449
5.75834 2.56378 -0.0778846
5.71272 2.66388 -0.0778846
5.66536 2.76318 -0.49981
5.61627 2.86163 -0.49981
5.56547 2.95921 -0.927363
5.51298 3.05589 -0.927363
5.45881 3.15164 -1.358
5.40297 3.24643 -1.78231
5.34549 3.34023 -1.78231
5.28638 3.43302 -2.18495
5.22566 3.52475 -2.18495
5.16335 3.61542 -2.54816
5.09947 3.70498 -2.54816
5.03403 3.79341 -2.85615
4.96706 3.88069 -2.85615
4.89857 3.96679 -3.09783
4.8286 4.05168 -3.09783
4.75715 4.13533 -3.26714
4.68426 4.21772 -3.26714
4.60993 4.29883 -3.36157
4.53421 4.37863 -3.36157
4.4571 4.4571 -3.38043
4.37863 4.53421 -3.32363
4.29883 4.60993 -3.32363
4.21772 4.68426 -3.19138
4.13533 4.75715 -3.19138
4.05168 4.8286 -2.98484
3.96679 4.89857 -2.98484
3.88069 4.96706 -2.70751
3.79341 5.03403 -2.70751
3.70498 5.09947 -2.36714
3.61542 5.16335 -2.36714
3.52475 5.22566 -1.97696
3.43302 5.28638 -1.97696
3.34023 5.34549 -1.55457
3.24643 5.40297 -1.55457
3.15164 5.45881 -1.11803
3.05589 5.51298 -0.680913
2.95921 5.56547 -0.680913
2.86163 5.61627 -0.249606
2.76318 5.66536 -0.249606
2.66388 5.71272 0.176102
2.56378 5.75834 0.176102
2.46289 5.80221 0.600837
2.36125 5.84431 0.600837
2.2589 5.88463 1.03114
2.15585 5.92315 1.03114
2.05215 5.95988 1.47292
1.94782 5.99478 1.47292
1.8429 6.02786 1.92879
1.73742 6.05911 1.92879
1.63141 6.08851 2.39559
1.5249 6.11605 2.86293
1.41793 6.14174 2.86293
1.31053 6.16555 3.31402
1.20272 6.18748 3.31402
1.09455 6.20753 3.72939
0.986051 6.22568 3.72939
0.877248 6.24194 4.09184
0.768178 6.2563 4.09184
0.658873 6.26876 4.3896
0.549368 6.2793 4.3896
0.439695 6.28793 4.61662
0.329889 6.29465 4.61662
0.219982 6.29945 4.77094
0.110008 6.30233 4.77094
3.85965e-16 6.30329 4.85275
-0.110008 6.30233 4.86313
-0.219982 6.29945 4.86313
-0.329889 6.29465 4.80381
-0.439695 6.28793 4.80381
-0.549368 6.2793 4.67791
-0.658873 6.26876 4.67791
-0.768178 6.2563 4.49165
-0.877248 6.24194 4.49165
-0.986051 6.22568 4.2564
-1.09455 6.20753 4.2564
-1.20272 6.18748 3.98982
-1.31053 6.16555 3.98982
-1.41793 6.14174 3.7146
-1.5249 6.11605 3.7146
-1.63141 6.08851 3.45451
-1.73742 6.05911 3.22987
-1.8429 6.02786 3.22987
-1.94782 5.99478 3.05484
-2.05215 5.95988 3.05484
-2.15585 5.92315 2.93742
-2.2589 5.88463 2.93742
-2.36125 5.84431 2.88102
-2.46289 5.80221 2.88102
-2.56378 5.75834 2.88591
-2.66388 5.71272 2.88591
-2.76318 5.66536 2.94985
-2.86163 5.61627 2.94985
-2.95921 5.56547 3.06766
-3.05589 5.51298 3.06766
-3.15164 5.45881 3.22989
-3.24643 5.40297 3.4215
-3.34023 5.34549 3.4215
-3.43302 5.28638 3.62239
-3.52475 5.22566 3.62239
-3.61542 5.16335 3.81115
-3.70498 5.09947 3.81115
-3.79341 5.03403 3.9695
-3.88069 4.96706 3.9695
-3.96679 4.89857 4.0846
-4.05168 4.8286 4.0846
-4.13533 4.75715 4.14883
-4.21772 4.68426 4.14883
-4.29883 4.60993 4.15811
-4.37863 4.53421 4.15811
-4.4571 4.4571 4.11021
-4.53421 4.37863 4.00369
-4.60993 4.29883 4.00369
-4.68426 4.21772 3.83758
-4.75715 4.13533 3.83758
-4.8286 4.05168 3.61201
-4.89857 3.96679 3.61201
-4.96706 3.88069 3.3294
-5.03403 3.79341 3.3294
-5.09947 3.70498 2.99613
-5.16335 3.61542 2.99613
-5.22566 3.52475 2.6233
-5.28638 3.43302 2.6233
-5.34549 3.34023 2.22573
-5.40297 3.24643 2.22573
-5.45881 3.15164 1.81868
-5.51298 3.05589 1.41387
-5.56547 2.95921 1.41387
-5.61627 2.86163 1.01712
-5.66536 2.76318 1.01712
-5.71272 2.66388 0.628378
-5.75834 2.56378 0.628378
-5.80221 2.46289 0.243459
-5.84431 2.36125 0.243459
-5.88463 2.2589 -0.143628
-5.92315 2.15585 -0.143628
-5.95988 2.05215 -0.538262
-5.99478 1.94782 -0.538262
-6.02786 1.8429 -0.942745
-6.05911 1.73742 -0.942745
-6.08851 1.63141 -1.35396
-6.11605 1.5249 -1.76197
-6.14174 1.41793 -1.76197
-6.16555 1.31053 -2.15101
-6.18748 1.20272 -2.15101
-6.20753 1.09455 -2.50303
-6.22568 0.986051 -2.50303
-6.24194 0.877248 -2.80226
-6.2563 0.768178 -2.80226
-6.26876 0.658873 -3.03783
-6.2793 0.549368 -3.03783
-6.28793 0.439695 -3.20383
-6.29465 0.329889 -3.20383
-6.29945 0.219982 -3.29786
-6.30233 0.110008 -3.29786
-6.30329 7.7193e-16 -3.31922
-6.30233 -0.110008 -3.26778
-6.29945 -0.219982 -3.26778
-6.29465 -0.329889 -3.14363
-6.28793 -0.439695 -3.14363
-6.2793 -0.549368 -2.94772
-6.26876 -0.658873 -2.94772
-6.2563 -0.768178 -2.68339
-6.24194 -0.877248 -2.68339
-6.22568 -0.986051 -2.35818
-6.20753 -1.09455 -2.35818
-6.18748 -1.20272 -1.98508
-6.16555 -1.31053 -1.98508
-6.14174 -1.41793 -1.58159
-6.11605 -1.5249 -1.58159
-6.08851 -1.63141 -1.16585
-6.05911 -1.73742 -0.751819
-6.02786 -1.8429 -0.751819
-5.99478 -1.94782 -0.346512
-5.95988 -2.05215 -0.346512
-5.92315 -2.15585 0.0496732
-5.88463 -2.2589 0.0496732
-5.84431 -2.36125 0.440868
-5.80221 -2.46289 0.440868
-5.75834 -2.56378 0.8332
-5.71272 -2.66388 0.8332
-5.66536 -2.76318 1.23231
-5.61627 -2.86163 1.23231
-5.56547 -2.95921 1.64093
-5.51298 -3.05589 1.64093
-5.45881 -3.15164 2.05672
-5.40297 -3.24643 2.47103
-5.34549 -3.34023 2.47103
-5.28638 -3.43302 2.86987
-5.22566 -3.52475 2.86987
-5.16335 -3.61542 3.23712
-5.09947 -3.70498 3.23712
-5.03403 -3.79341 3.55854
-4.96706 -3.88069 3.55854
-4.89857 -3.96679 3.82443
-4.8286 -4.05168 3.82443
-4.75715 -4.13533 4.0298
-4.68426 -4.21772 4.0298
-4.60993 -4.29883 4.17316
-4.53421 -4.37863 4.17316
-4.4571 -4.4571 4.25485
-4.37863 -4.53421 4.27601
-4.29883 -4.60993 4.27601
-4.21772 -4.68426 4.23833
-4.13533 -4.75715 4.23833
-4.05168 -4.8286 4.14469
-3.96679 -4.89857 4.14469
-3.88069 -4.96706 4.00056
-3.79341 -5.03403 4.00056
-3.70498 -5.09947 3.81585
-3.61542 -5.16335 3.81585
-3.52475 -5.22566 3.60609
-3.43302 -5.28638 3.60609
-3.34023 -5.34549 3.39163
-3.24643 -5.40297 3.39163
-3.15164 -5.45881 3.19403
-3.05589 -5.51298 3.03181
-2.95921 -5.56547 3.03181
-2.86163 -5.61627 2.91787
-2.76318 -5.66536 2.91787
-2.66388 -5.71272 2.85976
-2.56378 -5.75834 2.85976
-2.46289 -5.80221 2.86127
-2.36125 -5.84431 2.86127
-2.2589 -5.88463 2.92345
-2.15585 -5.92315 2.92345
-2.05215 -5.95988 3.04478
-1.94782 -5.99478 3.04478
-1.8429 -6.02786 3.22028
-1.73742 -6.05911 3.22028
-1.63141 -6.08851 3.43992
-1.5249 -6.11605 3.6876
-1.41793 -6.14174 3.6876
-1.31053 -6.16555 3.94198
-1.20272 -6.18748 3.94198
-1.09455 -6.20753 4.18001
-0.986051 -6.22568 4.18001
-0.877248 -6.24194 4.38141
-0.768178 -6.2563 4.38141
-0.658873 -6.26876 4.53165
-0.549368 -6.2793 4.53165
-0.439695 -6.28793 4.622
-0.329889 -6.29465 4.622
-0.219982 -6.29945 4.64793
-0.110008 -6.30233 4.64793
-1.1579e-15 -6.30329 4.60713
0.110008 -6.30233 4.49821
0.219982 -6.29945 4.49821
0.329889 -6.29465 4.32039
0.439695 -6.28793 4.32039
0.549368 -6.2793 4.0741
0.658873 -6.26876 4.0741
0.768178 -6.2563 3.76251
0.877248 -6.24194 3.76251
0.986051 -6.22568 3.39332
1.09455 -6.20753 3.39332
1.20272 -6.18748 2.9798
1.31053 -6.16555 2.9798
1.41793 -6.14174 2.53937
1.5249 -6.11605 2.53937
1.63141 -6.08851 2.08982
1.73742 -6.05911 1.64482
1.8429 -6.02786 1.64482
1.94782 -5.99478 1.21134
2.05215 -5.95988 1.21134
2.15585 -5.92315 0.789838
2.2589 -5.88463 0.789838
2.36125 -5.84431 0.376125
2.46289 -5.80221 0.376125
2.56378 -5.75834 -0.0361243
2.66388 -5.71272 -0.0361243
2.76318 -5.66536 -0.452859
2.86163 -5.61627 -0.452859
2.95921 -5.56547 -0.87714
3.05589 -5.51298 -0.87714
3.15164 -5.45881 -1.30671
3.24643 -5.40297 -1.73212
3.34023 -5.34549 -1.73212
3.43302 -5.28638 -2.1372
3.52475 -5.22566 -2.1372
3.61542 -5.16335 -2.50321
3.70498 -5.09947 -2.50321
3.79341 -5.03403 -2.81398
3.88069 -4.96706 -2.81398
3.96679 -4.89857 -3.05869
4.05168 -4.8286 -3.05869
4.13533 -4.75715 -3.23164
4.21772 -4.68426 -3.23164
4.29883 -4.60993 -3.33058
4.37863 -4.53421 -3.33058
4.4571 -4.4571 -3.35491
4.53421 -4.37863 -3.30454
4.60993 -4.29883 -3.30454
4.68426 -4.21772 -3.17968
4.75715 -4.13533 -3.17968
4.8286 -4.05168 -2.98146
4.89857 -3.96679 -2.98146
4.96706 -3.88069 -2.71346
5.03403 -3.79341 -2.71346
5.09947 -3.70498 -2.38339
5.16335 -3.61542 -2.38339
5.22566 -3.52475 -2.00414
5.28638 -3.43302 -2.00414
5.34549 -3.34023 -1.59259
5.40297 -3.24643 -1.59259
5.45881 -3.15164 -1.16598
5.51298 -3.05589 -0.737552
5.56547 -2.95921 -0.737552
5.61627 -2.86163 -0.313903
5.66536 -2.76318 -0.313903
5.71272 -2.66388 0.104959
5.75834 -2.56378 0.104959
5.80221 -2.46289 0.523657
5.84431 -2.36125 0.523657
5.88463 -2.2589 0.948831
5.92315 -2.15585 0.948831
5.95988 -2.05215 1.38639
5.99478 -1.94782 1.38639
6.02786 -1.8429 1.83865
6.05911 -1.73742 1.83865
6.08851 -1.63141 2.30168
6.11605 -1.5249 2.76362
6.14174 -1.41793 2.76362
6.16555 -1.31053 3.20583
6.18748 -1.20272 3.20583
6.20753 -1.09455 3.6071
6.22568 -0.986051 3.6071
6.24194 -0.877248 3.94889
6.2563 -0.768178 3.94889
6.26876 -0.658873 4.2184
6.2793 -0.549368 4.2184
6.28793 -0.439695 4.40868
6.29465 -0.329889 4.40868
6.29945 -0.219982 4.51686
6.30233 -0.110008 4.51686

6.38308 0 4.54213
6.3821 0.1114 4.48434
6.37919 0.222766 4.48434
6.37433 0.334064 4.34362
6.36753 0.445261 4.34362
6.35879 0.556322 4.12116
6.34811 0.667213 4.12116
6.3355 0.777901 3.82095
6.32096 0.888353 3.82095
6.30449 0.998533 3.45192
6.2861 1.10841 3.45192
6.2658 1.21795 3.0294
6.24359 1.32712 3.0294
6.21948 1.43588 2.57401
6.19347 1.54421 2.57401
6.16558 1.65206 2.10719
6.13581 1.75941 1.64555
6.10417 1.86623 1.64555
6.07067 1.97248 1.19765
6.03532 2.07813 1.19765
5.99813 2.18314 0.764399
5.95912 2.28749 0.764399
5.91829 2.39114 0.341449
5.87565 2.49407 0.341449
5.83123 2.59623 -0.0778846
5.78503 2.6976 -0.0778846
5.73707 2.79816 -0.49981
5.68736 2.89786 -0.49981
5.63592 2.99667 -0.927363
5.58276 3.09458 -0.927363
5.52791 3.19154 -1.358
5.47136 3.28753 -1.78231
5.41316 3.38252 -1.78231
5.3533 3.47647 -2.18495
5.29181 3.56937 -2.18495
5.22871 3.66118 -2.54816
5.16402 3.75188 -2.54816
5.09775 3.84143 -2.85615
5.02993 3.92981 -2.85615
4.96058 4.017 -3.09783
4.88972 4.10296 -3.09783
4.81737 4.18767 -3.26714
4.74355 4.27111 -3.26714
4.66829 4.35325 -3.36157
4.5916 4.43406 -3.36157
4.51352 4.51352 -3.38043
4.43406 4.5916 -3.32363
4.35325 4.66829 -3.32363
4.27111 4.74355 -3.19138
4.18767 4.81737 -3.19138
4.10296 4.88972 -2.98484
4.017 4.96058 -2.98484
3.92981 5.02993 -2.70751
3.84143 5.09775 -2.70751
3.75188 5.16402 -2.36714
3.66118 5.22871 -2.36714
3.56937 5.29181 -1.97696
3.47647 5.3533 -1.97696
3.38252 5.41316 -1.55457
3.28753 5.47136 -1.55457
3.19154 5.52791 -1.11803
3.09458 5.58276 -0.680913
2.99667 5.63592 -0.680913
2.89786 5.68736 -0.249606
2.79816 5.73707 -0.249606
2.6976 5.78503 0.176102
2.59623 5.83123 0.176102
2.49407 5.87565 0.600837
2.39114 5.91829 0.600837
2.28749 5.95912 1.03114
2.18314 5.99813 1.03114
2.07813 6.03532 1.47292
1.97248 6.07067 1.47292
1.86623 6.10417 1.92879
1.75941 6.13581 1.92879
1.65206 6.16558 2.39559
1.54421 6.19347 2.86293
1.43588 6.21948 2.86293
1.32712 6.24359 3.31402
1.21795 6.2658 3.31402
1.10841 6.2861 3.72939
0.998533 6.30449 3.72939
0.888353 6.32096 4.09184
0.777901 6.3355 4.09184
0.667213 6.34811 4.3896
0.556322 6.35879 4.3896
0.445261 6.36753 4.61662
0.334064 6.37433 4.61662
0.222766 6.37919 4.77094
0.1114 6.3821 4.77094
3.90851e-16 6.38308 4.85275
-0.1114 6.3821 4.86313
-0.222766 6.37919 4.86313
-0.334064 6.37433 4.80381
-0.445261 6.36753 4.80381
-0.556322 6.35879 4.67791
-0.667213 6.34811 4.67791
-0.777901 6.3355 4.49165
-0.888353 6.32096 4.49165
-0.998533 6.30449 4.2564
-1.10841 6.2861 4.2564
-1.21795 6.2658 3.98982
-1.32712 6.24359 3.98982
-1.43588 6.21948 3.7146
-1.54421 6.19347 3.7146
-1.65206 6.16558 3.45451
-1.75941 6.13581 3.22987
-1.86623 6.10417 3.22987
-1.97248 6.07067 3.05484
-2.07813 6.03532 3.05484
-2.18314 5.99813 2.93742
-2.28749 5.95912 2.93742
-2.39114 5.91829 2.88102
-2.49407 5.87565 2.88102
-2.59623 5.83123 2.88591
-2.6976 5.78503 2.88591
-2.79816 5.73707 2.94985
-2.89786 5.68736 2.94985
-2.99667 5.63592 3.06766
-3.09458 5.58276 3.06766
-3.19154 5.52791 3.22989
-3.28753 5.47136 3.4215
-3.38252 5.41316 3.4215
-3.47647 5.3533 3.62239
-3.56937 5.29181 3.62239
-3.66118 5.22871 3.81115
-3.75188 5.16402 3.81115
-3.84143 5.09775 3.9695
-3.92981 5.02993 3.9695
-4.017 4.96058 4.0846
-4.10296 4.88972 4.0846
-4.18767 4.81737 4.14883
-4.27111 4.74355 4.14883
-4.35325 4.66829 4.15811
-4.43406 4.5916 4.15811
-4.51352 4.51352 4.11021
-4.5916 4.43406 4.00369
-4.66829 4.35325 4.00369
-4.74355 4.27111 3.83758
-4.81737 4.18767 3.83758
-4.88972 4.10296 3.61201
-4.96058 4.017 3.61201
-5.02993 3.92981 3.3294
-5.09775 3.84143 3.3294
-5.16402 3.75188 2.99613
-5.22871 3.66118 2.99613
-5.29181 3.56937 2.6233
-5.3533 3.47647 2.6233
-5.41316 3.38252 2.22573
-5.47136 3.28753 2.22573
-5.52791 3.19154 1.81868
-5.58276 3.09458 1.41387
-5.63592 2.99667 1.41387
-5.68736 2.89786 1.01712
-5.73707 2.79816 1.01712
-5.78503 2.6976 0.628378
-5.83123 2.59623 0.628378
-5.87565 2.49407 0.243459
-5.91829 2.39114 0.243459
-5.95912 2.28749 -0.143628
-5.99813 2.18314 -0.143628
-6.03532 2.07813 -0.538262
-6.07067 1.97248 -0.538262
-6.10417 1.86623 -0.942745
-6.13581 1.75941 -0.942745
-6.16558 1.65206 -1.35396
-6.19347 1.54421 -1.76197
-6.21948 1.43588 -1.76197
-6.24359 1.32712 -2.15101
-6.2658 1.21795 -2.15101
-6.2861 1.10841 -2.50303
-6.30449 0.998533 -2.50303
-6.32096 0.888353 -2.80226
-6.3355 0.777901 -2.80226
-6.34811 0.667213 -3.03783
-6.35879 0.556322 -3.03783
-6.36753 0.445261 -3.20383
-6.37433 0.334064 -3.20383
-6.37919 0.222766 -3.29786
-6.3821 0.1114 -3.29786
-6.38308 7.81701e-16 -3.31922
-6.3821 -0.1114 -3.26778
-6.37919 -0.222766 -3.26778
-6.37433 -0.334064 -3.14363
-6.36753 -0.445261 -3.14363
-6.35879 -0.556322 -2.94772
-6.34811 -0.667213 -2.94772
-6.3355 -0.777901 -2.68339
-6.32096 -0.888353 -2.68339
-6.30449 -0.998533 -2.35818
-6.2861 -1.10841 -2.35818
-6.2658 -1.21795 -1.98508
-6.24359 -1.32712 -1.98508
-6.21948 -1.43588 -1.58159
-6.19347 -1.54421 -1.58159
-6.16558 -1.65206 -1.16585
-6.13581 -1.75941 -0.751819
-6.10417 -1.86623 -0.751819
-6.07067 -1.97248 -0.346512
-6.03532 -2.07813 -0.346512
-5.99813 -2.18314 0.0496732
-5.95912 -2.28749 0.0496732
-5.91829 -2.39114 0.440868
-5.87565 -2.49407 0.440868
-5.83123 -2.59623 0.8332
-5.78503 -2.6976 0.8332
-5.73707 -2.79816 1.23231
-5.68736 -2.89786 1.23231
-5.63592 -2.99667 1.64093
-5.58276 -3.09458 1.64093
-5.52791 -3.19154 2.05672
-5.47136 -3.28753 2.47103
-5.41316 -3.38252 2.47103
-5.3533 -3.47647 2.86987
-5.29181 -3.56937 2.86987
-5.22871 -3.66118 3.23712
-5.16402 -3.75188 3.23712
-5.09775 -3.84143 3.55854
-5.02993 -3.92981 3.55854
-4.96058 -4.017 3.82443
-4.88972 -4.10296 3.82443
-4.81737 -4.18767 4.0298
-4.74355 -4.27111 4.0298
-4.66829 -4.35325 4.17316
-4.5916 -4.43406 4.17316
-4.51352 -4.51352 4.25485
-4.43406 -4.5916 4.27601
-4.35325 -4.66829 4.27601
-4.27111 -4.74355 4.23833
-4.18767 -4.81737 4.23833
-4.10296 -4.88972 4.14469
-4.017 -4.96058 4.14469
-3.92981 -5.02993 4.00056
-3.84143 -5.09775 4.00056
-3.75188 -5.16402 3.81585
-3.66118 -5.22871 3.81585
-3.56937 -5.29181 3.60609
-3.47647 -5.3533 3.60609
-3.38252 -5.41316 3.39163
-3.28753 -5.47136 3.39163
-3.19154 -5.52791 3.19403
-3.09458 -5.58276 3.03181
-2.99667 -5.63592 3.03181
-2.89786 -5.68736 2.91787
-2.79816 -5.73707 2.91787
-2.6976 -5.78503 2.85976
-2.59623 -5.83123 2.85976
-2.49407 -5.87565 2.86127
-2.39114 -5.91829 2.86127
-2.28749 -5.95912 2.92345
-2.18314 -5.99813 2.92345
-2.07813 -6.03532 3.04478
-1.97248 -6.07067 3.04478
-1.86623 -6.10417 3.22028
-1.75941 -6.13581 3.22028
-1.65206 -6.16558 3.43992
-1.54421 -6.19347 3.6876
-1.43588 -6.21948 3.6876
-1.32712 -6.24359 3.94198
-1.21795 -6.2658 3.94198
-1.10841 -6.2861 4.18001
-0.998533 -6.30449 4.18001
-0.888353 -6.32096 4.38141
-0.777901 -6.3355 4.38141
-0.667213 -6.34811 4.53165
-0.556322 -6.35879 4.53165
-0.445261 -6.36753 4.622
-0.334064 -6.37433 4.622
-0.222766 -6.37919 4.64793
-0.1114 -6.3821 4.64793
-1.17255e-15 -6.38308 4.60713
0.1114 -6.3821 4.49821
0.222766 -6.37919 4.49821
0.334064 -6.37433 4.32039
0.445261 -6.36753 4.32039
0.556322 -6.35879 4.0741
0.667213 -6.34811 4.0741
0.777901 -6.3355 3.76251
0.888353 -6.32096 3.76251
0.998533 -6.30449 3.39332
1.10841 -6.2861 3.39332
1.21795 -6.2658 2.9798
1.32712 -6.24359 2.9798
1.43588 -6.21948 2.53937
1.54421 -6.19347 2.53937
1.65206 -6.16558 2.08982
1.75941 -6.13581 1.64482
1.86623 -6.10417 1.64482
1.97248 -6.07067 1.21134
2.07813 -6.03532 1.21134
2.18314 -5.99813 0.789838
2.28749 -5.95912 0.789838
2.39114 -5.91829 0.376125
2.49407 -5.87565 0.376125
2.59623 -5.83123 -0.0361243
2.6976 -5.78503 -0.0361243
2.79816 -5.73707 -0.452859
2.89786 -5.68736 -0.452859
2.99667 -5.63592 -0.87714
3.09458 -5.58276 -0.87714
3.19154 -5.52791 -1.30671
3.28753 -5.47136 -1.73212
3.38252 -5.41316 -1.73212
3.47647 -5.3533 -2.1372
3.56937 -5.29181 -2.1372
3.66118 -5.22871 -2.50321
3.75188 -5.16402 -2.50321
3.84143 -5.09775 -2.81398
3.92981 -5.02993 -2.81398
4.017 -4.96058 -3.05869
4.10296 -4.88972 -3.05869
4.18767 -4.81737 -3.23164
4.27111 -4.74355 -3.23164
4.35325 -4.66829 -3.33058
4.43406 -4.5916 -3.33058
4.51352 -4.51352 -3.35491
4.5916 -4.43406 -3.30454
4.66829 -4.35325 -3.30454
4.74355 -4.27111 -3.17968
4.81737 -4.18767 -3.17968
4.88972 -4.10296 -2.98146
4.96058 -4.017 -2.98146
5.02993 -3.92981 -2.71346
5.09775 -3.84143 -2.71346
5.16402 -3.75188 -2.38339
5.22871 -3.66118 -2.38339
5.29181 -3.56937 -2.00414
5.3533 -3.47647 -2.00414
5.41316 -3.38252 -1.59259
5.47136 -3.28753 -1.59259
5.52791 -3.19154 -1.16598
5.58276 -3.09458 -0.737552
5.63592 -2.99667 -0.737552
5.68736 -2.89786 -0.313903
5.73707 -2.79816 -0.313903
5.78503 -2.6976 0.104959
5.83123 -2.59623 0.104959
5.87565 -2.49407 0.523657
5.91829 -2.39114 0.523657
5.95912 -2.28749 0.948831
5.99813 -2.18314 0.948831
6.03532 -2.07813 1.38639
6.07067 -1.97248 1.38639
6.10417 -1.86623 1.83865
6.13581 -1.75941 1.83865
6.16558 -1.65206 2.30168
6.19347 -1.54421 2.76362
6.21948 -1.43588 2.76362
6.24359 -1.32712 3.20583
6.2658 -1.21795 3.20583
6.2861 -1.10841 3.6071
6.30449 -0.998533 3.6071
6.32096 -0.888353 3.94889
6.3355 -0.777901 3.94889
6.34811 -0.667213 4.2184
6.35879 -0.556322 4.2184
6.36753 -0.445261 4.40868
6.37433 -0.334064 4.40868
6.37919 -0.222766 4.51686
6.3821 -0.1114 4.51686

6.46286 0 4.54213
6.46188 0.112793 4.48434
6.45893 0.225551 4.48434
6.45401 0.33824 4.34362
6.44712 0.450827 4.34362
6.43827 0.563276 4.12116
6.42746 0.675553 4.12116
6.41469 0.787625 3.82095
6.39997 0.899457 3.82095
6.3833 1.01101 3.45192
6.36468 1.12226 3.45192
6.34412 1.23317 3.0294
6.32164 1.34371 3.0294
6.29722 1.45383 2.57401
6.27089 1.56351 2.57401
6.24265 1.67271 2.10719
6.2125 1.78141 1.64555
6.18047 1.88956 1.64555
6.14655 1.99714 1.19765
6.11076 2.1041 1.19765
6.07311 2.21043 0.764399
6.0336 2.31608 0.764399
5.99226 2.42103 0.341449
5.9491 2.52524 0.341449
5.90412 2.62868 -0.0778846
5.85734 2.73132 -0.0778846
5.80878 2.83313 -0.49981
5.75845 2.93408 -0.49981
5.70637 3.03413 -0.927363
5.65255 3.13326 -0.927363
5.59701 3.23143 -1.358
5.53976 3.32862 -1.78231
5.48082 3.4248 -1.78231
5.42021 3.51993 -2.18495
5.35796 3.61399 -2.18495
5.29407 3.70695 -2.54816
5.22857 3.79878 -2.54816
5.16147 3.88945 -2.85615
5.09281 3.97894 -2.85615
5.02259 4.06721 -3.09783
4.95084 4.15425 -3.09783
4.87759 4.24002 -3.26714
4.80284 4.3245 -3.26714
4.72664 4.40766 -3.36157
4.649 4.48948 -3.36157
4.56994 4.56994 -3.38043
4.48948 4.649 -3.32363
4.40766 4.72664 -3.32363
4.3245 4.80284 -3.19138
4.24002 4.87759 -3.19138
4.15425 4.95084 -2.98484
4.06721 5.02259 -2.98484
3.97894 5.09281 -2.70751
3.88945 5.16147 -2.70751
3.79878 5.22857 -2.36714
3.70695 5.29407 -2.36714
3.61399 5.35796 -1.97696
3.51993 5.42021 -1.97696
3.4248 5.48082 -1.55457
3.32862 5.53976 -1.55457
3.23143 5.59701 -1.11803
3.13326 5.65255 -0.680913
3.03413 5.70637 -0.680913
2.93408 5.75845 -0.249606
2.83313 5.80878 -0.249606
2.73132 5.85734 0.176102
2.62868 5.90412 0.176102
2.52524 5.9491 0.600837
2.42103 5.99226 0.600837
2.31608 6.0336 1.03114
2.21043 6.07311 1.03114
2.1041 6.11076 1.47292
1.99714 6.14655 1.47292
1.88956 6.18047 1.92879
1.78141 6.2125 1.92879
1.67271 6.24265 2.39559
1.56351 6.27089 2.86293
1.45383 6.29722 2.86293
1.34371 6.32164 3.31402
1.23317 6.34412 3.31402
1.12226 6.36468 3.72939
1.01101 6.3833 3.72939
0.899457 6.39997 4.09184
0.787625 6.41469 4.09184
0.675553 6.42746 4.3896
0.563276 6.43827 4.3896
0.450827 6.44712 4.61662
0.33824 6.45401 4.61662
0.225551 6.45893 4.77094
0.112793 6.46188 4.77094
3.95736e-16 6.46286 4.85275
-0.112793 6.46188 4.86313
-0.225551 6.45893 4.86313
-0.33824 6.45401 4.80381
-0.450827 6.44712 4.80381
-0.563276 6.43827 4.67791
-0.675553 6.42746 4.67791
-0.787625 6.41469 4.49165
-0.899457 6.39997 4.49165
-1.01101 6.3833 4.2564
-1.12226 6.36468 4.2564
-1.23317 6.34412 3.98982
-1.34371 6.32164 3.98982
-1.45383 6.29722 3.7146
-1.56351 6.27089 3.7146
-1.67271 6.24265 3.45451
-1.78141 6.2125 3.22987
-1.88956 6.18047 3.22987
-1.99714 6.14655 3.05484
-2.1041 6.11076 3.05484
-2.21043 6.07311 2.93742
-2.31608 6.0336 2.93742
-2.42103 5.99226 2.88102
-2.52524 5.9491 2.88102
-2.62868 5.90412 2.88591
-2.73132 5.85734 2.88591
-2.83313 5.80878 2.94985
-2.93408 5.75845 2.94985
-3.03413 5.70637 3.06766
-3.13326 5.65255 3.06766
-3.23143 5.59701 3.22989
-3.32862 5.53976 3.4215
-3.4248 5.48082 3.4215
-3.51993 5.42021 3.62239
-3.61399 5.35796 3.62239
-3.70695 5.29407 3.81115
-3.79878 5.22857 3.81115
-3.88945 5.16147 3.9695
-3.97894 5.09281 3.9695
-4.06721 5.02259 4.0846
-4.15425 4.95084 4.0846
-4.24002 4.87759 4.14883
-4.3245 4.80284 4.14883
-4.40766 4.72664 4.15811
-4.48948 4.649 4.15811
-4.56994 4.56994 4.11021
-4.649 4.48948 4.00369
-4.72664 4.40766 4.00369
-4.80284 4.3245 3.83758
-4.87759 4.24002 3.83758
-4.95084 4.15425 3.61201
-5.02259 4.06721 3.61201
-5.09281 3.97894 3.3294
-5.16147 3.88945 3.3294
-5.22857 3.79878 2.99613
-5.29407 3.70695 2.99613
-5.35796 3.61399 2.6233
-5.42021 3.51993 2.6233
-5.48082 3.4248 2.22573
-5.53976 3.32862 2.22573
-5.59701 3.23143 1.81868
-5.65255 3.13326 1.41387
-5.70637 3.03413 1.41387
-5.75845 2.93408 1.01712
-5.80878 2.83313 1.01712
-5.85734 2.73132 0.628378
-5.90412 2.62868 0.628378
-5.9491 2.52524 0.243459
-5.99226 2.42103 0.243459
-6.0336 2.31608 -0.143628
-6.07311 2.21043 -0.143628
-6.11076 2.1041 -0.538262
-6.14655 1.99714 -0.538262
-6.18047 1.88956 -0.942745
-6.2125 1.78141 -0.942745
-6.24265 1.67271 -1.35396
-6.27089 1.56351 -1.76197
-6.29722 1.45383 -1.76197
-6.32164 1.34371 -2.15101
-6.34412 1.23317 -2.15101
-6.36468 1.12226 -2.50303
-6.3833 1.01101 -2.50303
-6.39997 0.899457 -2.80226
-6.41469 0.787625 -2.80226
-6.42746 0.675553 -3.03783
-6.43827 0.563276 -3.03783
-6.44712 0.450827 -3.20383
-6.45401 0.33824 -3.20383
-6.45893 0.225551 -3.29786
-6.46188 0.112793 -3.29786
-6.46286 7.91473e-16 -3.31922
-6.46188 -0.112793 -3.26778
-6.45893 -0.225551 -3.26778
-6.45401 -0.33824 -3.14363
-6.44712 -0.450827 -3.14363
-6.43827 -0.563276 -2.94772
-6.42746 -0.675553 -2.94772
-6.41469 -0.787625 -2.68339
-6.39997 -0.899457 -2.68339
-6.3833 -1.01101 -2.35818
-6.36468 -1.12226 -2.35818
-6.34412 -1.23317 -1.98508
-6.32164 -1.34371 -1.98508
-6.29722 -1.45383 -1.58159
-6.27089 -1.56351 -1.58159
-6.24265 -1.67271 -1.16585
-6.2125 -1.78141 -0.751819
-6.18047 -1.88956 -0.751819
-6.14655 -1.99714 -0.346512
-6.11076 -2.1041 -0.346512
-6.07311 -2.21043 0.0496732
-6.0336 -2.31608 0.0496732
-5.99226 -2.42103 0.440868
-5.9491 -2.52524 0.440868
-5.90412 -2.62868 0.8332
-5.85734 -2.73132 0.8332
-5.80878 -2.83313 1.23231
-5.75845 -2.93408 1.23231
-5.70637 -3.03413 1.64093
-5.65255 -3.13326 1.64093
-5.59701 -3.23143 2.05672
-5.53976 -3.32862 2.47103
-5.48082 -3.4248 2.47103
-5.42021 -3.51993 2.86987
-5.35796 -3.61399 2.86987
-5.29407 -3.70695 3.23712
-5.22857 -3.79878 3.23712
-5.16147 -3.88945 3.55854
-5.09281 -3.97894 3.55854
-5.02259 -4.06721 3.82443
-4.95084 -4.15425 3.82443
-4.87759 -4.24002 4.0298
-4.80284 -4.3245 4.0298
-4.72664 -4.40766 4.17316
-4.649 -4.48948 4.17316
-4.56994 -4.56994 4.25485
-4.48948 -4.649 4.27601
-4.40766 -4.72664 4.27601
-4.3245 -4.80284 4.23833
-4.24002 -4.87759 4.23833
-4.15425 -4.95084 4.14469
-4.06721 -5.02259 4.14469
-3.97894 -5.09281 4.00056
-3.88945 -5.16147 4.00056
-3.79878 -5.22857 3.81585
-3.70695 -5.29407 3.81585
-3.61399 -5.35796 3.60609
-3.51993 -5.42021 3.60609
-3.4248 -5.48082 3.39163
-3.32862 -5.53976 3.39163
-3.23143 -5.59701 3.19403
-3.13326 -5.65255 3.03181
-3.03413 -5.70637 3.03181
-2.93408 -5.75845 2.91787
-2.83313 -5.80878 2.91787
-2.73132 -5.85734 2.85976
-2.62868 -5.90412 2.85976
-2.52524 -5.9491 2.86127
-2.42103 -5.99226 2.86127
-2.31608 -6.0336 2.92345
-2.21043 -6.07311 2.92345
-2.1041 -6.11076 3.04478
-1.99714 -6.14655 3.04478
-1.88956 -6.18047 3.22028
-1.78141 -6.2125 3.22028
-1.67271 -6.24265 3.43992
-1.56351 -6.27089 3.6876
-1.45383 -6.29722 3.6876
-1.34371 -6.32164 3.94198
-1.23317 -6.34412 3.94198
-1.12226 -6.36468 4.18001
-1.01101 -6.3833 4.18001
-0.899457 -6.39997 4.38141
-0.787625 -6.41469 4.38141
-0.675553 -6.42746 4.53165
-0.563276 -6.43827 4.53165
-0.450827 -6.44712 4.622
-0.33824 -6.45401 4.622
-0.225551 -6.45893 4.64793
-0.112793 -6.46188 4.64793
-1.18721e-15 -6.46286 4.60713
0.112793 -6.46188 4.49821
0.225551 -6.45893 4.49821
0.33824 -6.45401 4.32039
0.450827 -6.44712 4.32039
0.563276 -6.43827 4.0741
0.675553 -6.42746 4.0741
0.787625 -6.41469 3.76251
0.899457 -6.39997 3.76251
1.01101 -6.3833 3.39332
1.12226 -6.36468 3.39332
1.23317 -6.34412 2.9798
1.34371 -6.32164 2.9798
1.45383 -6.29722 2.53937
1.56351 -6.27089 2.53937
1.67271 -6.24265 2.08982
1.78141 -6.2125 1.64482
1.88956 -6.18047 1.64482
1.99714 -6.14655 1.21134
2.1041 -6.11076 1.21134
2.21043 -6.07311 0.789838
2.31608 -6.0336 0.789838
2.42103 -5.99226 0.376125
2.52524 -5.9491 0.376125
2.62868 -5.90412 -0.0361243
2.73132 -5.85734 -0.0361243
2.83313 -5.80878 -0.452859
2.93408 -5.75845 -0.452859
3.03413 -5.70637 -0.87714
3.13326 -5.65255 -0.87714
3.23143 -5.59701 -1.30671
3.32862 -5.53976 -1.73212
3.4248 -5.48082 -1.73212
3.51993 -5.42021 -2.1372
3.61399 -5.35796 -2.1372
3.70695 -5.29407 -2.50321
3.79878 -5.22857 -2.50321
3.88945 -5.16147 -2.81398
3.97894 -5.09281 -2.81398
4.06721 -5.02259 -3.05869
4.15425 -4.95084 -3.05869
4.24002 -4.87759 -3.23164
4.3245 -4.80284 -3.23164
4.40766 -4.72664 -3.33058
4.48948 -4.649 -3.33058
4.56994 -4.56994 -3.35491
4.649 -4.48948 -3.30454
4.72664 -4.40766 -3.30454
4.80284 -4.3245 -3.17968
4.87759 -4.24002 -3.17968
4.95084 -4.15425 -2.98146
5.02259 -4.06721 -2.98146
5.09281 -3.97894 -2.71346
5.16147 -3.88945 -2.71346
5.22857 -3.79878 -2.38339
5.29407 -3.70695 -2.38339
5.35796 -3.61399 -2.00414
5.42021 -3.51993 -2.00414
5.48082 -3.4248 -1.59259
5.53976 -3.32862 -1.59259
5.59701 -3.23143 -1.16598
5.65255 -3.13326 -0.737552
5.70637 -3.03413 -0.737552
5.75845 -2.93408 -0.313903
5.80878 -2.83313 -0.313903
5.85734 -2.73132 0.104959
5.90412 -2.62868 0.104959
5.9491 -2.52524 0.523657
5.99226 -2.42103 0.523657
6.0336 -2.31608 0.948831
6.07311 -2.21043 0.948831
6.11076 -2.1041 1.38639
6.14655 -1.99714 1.38639
6.18047 -1.88956 1.83865
6.2125 -1.78141 1.83865
6.24265 -1.67271 2.30168
6.27089 -1.56351 2.76362
6.29722 -1.45383 2.76362
6.32164 -1.34371 3.20583
6.34412 -1.23317 3.20583
6.36468 -1.12226 3.6071
6.3833 -1.01101 3.6071
6.39997 -0.899457 3.94889
6.41469 -0.787625 3.94889
6.42746 -0.675553 4.2184
6.43827 -0.563276 4.2184
6.44712 -0.450827 4.40868
6.45401 -0.33824 4.40868
6.45893 -0.225551 4.51686
6.46188 -0.112793 4.51686

6.54265 0 5.09416
6.54166 0.114185 5.0323
6.53867 0.228335 5.0323
6.53369 0.342416 4.88101
6.52672 0.456392 4.88101
6.51776 0.57023 4.639
6.50681 0.683894 4.639
6.49389 0.797349 4.30704
6.47898 0.910561 4.30704
6.4621 1.0235 3.89184
6.44326 1.13612 3.40988
6.42245 1.2484 3.40988
6.39968 1.36029 2.88804
6.37497 1.47178 2.88804
6.34831 1.58281 2.35746
6.31972 1.69336 2.35746
6.2892 1.8034 1.84291
6.25677 1.91289 1.84291
6.22243 2.02179 1.35625
6.1862 2.13008 1.35625
6.14808 2.23772 0.897243
6.10809 2.34468 0.457802
6.06624 2.45092 0.457802
6.02254 2.55642 0.0260996
5.97701 2.66114 0.0260996
5.92966 2.76504 -0.410104
5.8805 2.86811 -0.410104
5.82955 2.9703 -0.860432
5.77682 3.07159 -0.860432
5.72233 3.17194 -1.32849
5.6661 3.27133 -1.80844
5.60815 3.36972 -1.80844
5.54848 3.46708 -2.28369
5.48713 3.56338 -2.28369
5.42411 3.65861 -2.73018
5.35943 3.75271 -2.73018
5.29312 3.84568 -3.12379
5.2252 3.93747 -3.12379
5.15568 4.02806 -3.44698
5.0846 4.11743 -3.44698
5.01196 4.20554 -3.69081
4.9378 4.29237 -3.85277
4.86214 4.37789 -3.85277
4.78499 4.46208 -3.93343
4.70639 4.54491 -3.93343
4.62635 4.62635 -3.93378
4.54491 4.70639 -3.93378
4.46208 4.78499 -3.85392
4.37789 4.86214 -3.85392
4.29237 4.9378 -3.69291
4.20554 5.01196 -3.44996
4.11743 5.0846 -3.44996
4.02806 5.15568 -3.12684
3.93747 5.2252 -3.12684
3.84568 5.29312 -2.73134
3.75271 5.35943 -2.73134
3.65861 5.42411 -2.28025
3.56338 5.48713 -2.28025
3.46708 5.54848 -1.79843
3.36972 5.60815 -1.79843
3.27133 5.6661 -1.31152
3.17194 5.72233 -0.837203
3.07159 5.77682 -0.837203
2.9703 5.82955 -0.381577
2.86811 5.8805 -0.381577
2.76504 5.92966 0.0586818
2.66114 5.97701 0.0586818
2.55642 6.02254 0.492688
2.45092 6.06624 0.492688
2.34468 6.10809 0.932111
2.23772 6.14808 1.38833
2.13008 6.1862 1.38833
2.02179 6.22243 1.86938
1.91289 6.25677 1.86938
1.8034 6.2892 2.37632
1.69336 6.31972 2.37632
1.58281 6.34831 2.89973
1.47178 6.37497 2.89973
1.36029 6.39968 3.41897
1.2484 6.42245 3.41897
1.13612 6.44326 3.90668
1.0235 6.4621 4.33752
0.910561 6.47898 4.33752
0.797349 6.49389 4.6948
0.683894 6.50681 4.6948
0.57023 6.51776 4.97132
0.456392 6.52672 4.97132
0.342416 6.53369 5.16622
0.228335 6.53867 5.16622
0.114185 6.54166 5.28121
4.00622e-16 6.54265 5.31814
-0.114185 6.54166 5.31814
-0.228335 6.53867 5.27794
-0.342416 6.53369 5.27794
-0.456392 6.52672 5.16095
-0.57023 6.51776 5.16095
-0.683894 6.50681 4.96869
-0.797349 6.49389 4.96869
-0.910561 6.47898 4.707
-1.0235 6.4621 4.707
-1.13612 6.44326 4.38989
-1.2484 6.42245 4.04153
-1.36029 6.39968 4.04153
-1.47178 6.37497 3.69333
-1.58281 6.34831 3.69333
-1.69336 6.31972 3.37606
-1.8034 6.2892 3.37606
-1.91289 6.25677 3.1127
-2.02179 6.22243 3.1127
-2.13008 6.1862 2.91621
-2.23772 6.14808 2.79183
-2.34468 6.10809 2.79183
-2.45092 6.06624 2.74052
-2.55642 6.02254 2.74052
-2.66114 5.97701 2.76146
-2.76504 5.92966 2.76146
-2.86811 5.8805 2.85273
-2.9703 5.82955 2.85273
-3.07159 5.77682 3.01016
-3.17194 5.72233 3.01016
-3.27133 5.6661 3.2247
-3.36972 5.60815 3.47915
-3.46708 5.54848 3.47915
-3.56338 5.48713 3.74742
-3.65861 5.42411 3.74742
-3.75271 5.35943 4.00039
-3.84568 5.29312 4.00039
-3.93747 5.2252 4.2145
-4.02806 5.15568 4.2145
-4.11743 5.0846 4.37543
-4.20554 5.01196 4.47657
-4.29237 4.9378 4.47657
-4.37789 4.86214 4.51578
-4.46208 4.78499 4.51578
-4.54491 4.70639 4.49245
-4.62635 4.62635 4.49245
-4.70639 4.54491 4.4058
-4.78499 4.46208 4.4058
-4.86214 4.37789 4.25426
-4.9378 4.29237 4.25426
-5.01196 4.20554 4.03598
-5.0846 4.11743 3.75042
-5.15568 4.02806 3.75042
-5.2252 3.93747 3.40107
-5.29312 3.84568 3.40107
-5.35943 3.75271 2.99831
-5.42411 3.65861 2.99831
-5.48713 3.56338 2.56022
-5.54848 3.46708 2.56022
-5.60815 3.36972 2.10906
-5.6661 3.27133 1.66428
-5.72233 3.17194 1.66428
-5.77682 3.07159 1.23685
-5.82955 2.9703 1.23685
-5.8805 2.86811 0.828082
-5.92966 2.76504 0.828082
-5.97701 2.66114 0.432071
-6.02254 2.55642 0.432071
-6.06624 2.45092 0.0389525
-6.10809 2.34468 0.0389525
-6.14808 2.23772 -0.362192
-6.1862 2.13008 -0.780639
-6.22243 2.02179 -0.780639
-6.25677 1.91289 -1.2209
-6.2892 1.8034 -1.2209
-6.31972 1.69336 -1.67916
-6.34831 1.58281 -1.67916
-6.37497 1.47178 -2.1408
-6.39968 1.36029 -2.1408
-6.42245 1.2484 -2.58239
-6.44326 1.13612 -2.97884
-6.4621 1.0235 -2.97884
-6.47898 0.910561 -3.31084
-6.49389 0.797349 -3.31084
-6.50681 0.683894 -3.56782
-6.51776 0.57023 -3.56782
-6.52672 0.456392 -3.74621
-6.53369 0.342416 -3.74621
-6.53867 0.228335 -3.84612
-6.54166 0.114185 -3.84612
-6.54265 8.01244e-16 -3.8686
-6.54166 -0.114185 -3.81393
-6.53867 -0.228335 -3.81393
-6.53369 -0.342416 -3.68125
-6.52672 -0.456392 -3.68125
-6.51776 -0.57023 -3.46936
-6.50681 -0.683894 -3.46936
-6.49389 -0.797349 -3.17888
-6.47898 -0.910561 -3.17888
-6.4621 -1.0235 -2.81544
-6.44326 -1.13612 -2.81544
-6.42245 -1.2484 -2.39304
-6.39968 -1.36029 -1.93455
-6.37497 -1.47178 -1.93455
-6.34831 -1.58281 -1.46644
-6.31972 -1.69336 -1.46644
-6.2892 -1.8034 -1.00969
-6.25677 -1.91289 -1.00969
-6.22243 -2.02179 -0.574106
-6.1862 -2.13008 -0.574106
-6.14808 -2.23772 -0.159109
-6.10809 -2.34468 0.242715
-6.06624 -2.45092 0.242715
-6.02254 -2.55642 0.642025
-5.97701 -2.66114 0.642025
-5.92966 -2.76504 1.04983
-5.8805 -2.86811 1.04983
-5.82955 -2.9703 1.47477
-5.77682 -3.07159 1.47477
-5.72233 -3.17194 1.92002
-5.6661 -3.27133 1.92002
-5.60815 -3.36972 2.38014
-5.54848 -3.46708 2.83983
-5.48713 -3.56338 2.83983
-5.42411 -3.65861 3.277
-5.35943 -3.75271 3.277
-5.29312 -3.84568 3.66963
-5.2252 -3.93747 3.66963
-5.15568 -4.02806 4.00187
-5.0846 -4.11743 4.00187
-5.01196 -4.20554 4.26591
-4.9378 -4.29237 4.46003
-4.86214 -4.37789 4.46003
-4.78499 -4.46208 4.58553
-4.70639 -4.54491 4.58553
-4.62635 -4.62635 4.64424
-4.54491 -4.70639 4.64424
-4.46208 -4.78499 4.63739
-4.37789 -4.86214 4.63739
-4.29237 -4.9378 4.56555
-4.20554 -5.01196 4.56555
-4.11743 -5.0846 4.42974
-4.02806 -5.15568 4.23374
-3.93747 -5.2252 4.23374
-3.84568 -5.29312 3.98748
-3.75271 -5.35943 3.98748
-3.65861 -5.42411 3.70979
-3.56338 -5.48713 3.70979
-3.46708 -5.54848 3.42785
-3.36972 -5.60815 3.42785
-3.27133 -5.6661 3.17053
-3.17194 -5.72233 2.96076
-3.07159 -5.77682 2.96076
-2.9703 -5.82955 2.81229
-2.86811 -5.8805 2.81229
-2.76504 -5.92966 2.73175
-2.66114 -5.97701 2.73175
-2.55642 -6.02254 2.72193
-2.45092 -6.06624 2.72193
-2.34468 -6.10809 2.7839
-2.23772 -6.14808 2.7839
-2.13008 -6.1862 2.91755
-2.02179 -6.22243 3.12037
-1.91289 -6.25677 3.12037
-1.8034 -6.2892 3.38453
-1.69336 -6.31972 3.38453
-1.58281 -6.34831 3.69372
-1.47178 -6.37497 3.69372
-1.36029 -6.39968 4.02226
-1.2484 -6.42245 4.02226
-1.13612 -6.44326 4.33921
-1.0235 -6.4621 4.6164
-0.910561 -6.47898 4.6164
-0.797349 -6.49389 4.83455
-0.683894 -6.50681 4.83455
-0.57023 -6.51776 4.9839
-0.456392 -6.52672 4.9839
-0.342416 -6.53369 5.06106
-0.228335 -6.53867 5.06106
-0.114185 -6.54166 5.06535
-1.20187e-15 -6.54265 5.06535
0.114185 -6.54166 4.99632
0.228335 -6.53867 4.85268
0.342416 -6.53369 4.85268
0.456392 -6.52672 4.63256
0.57023 -6.51776 4.63256
0.683894 -6.50681 4.335
0.797349 -6.49389 4.335
0.910561 -6.47898 3.96289
1.0235 -6.4621 3.96289
1.13612 -6.44326 3.52646
1.2484 -6.42245 3.04505
1.36029 -6.39968 3.04505
1.47178 -6.37497 2.54413
1.58281 -6.34831 2.54413
1.69336 -6.31972 2.04764
1.8034 -6.2892 2.04764
1.91289 -6.25677 1.57095
2.02179 -6.22243 1.57095
2.13008 -6.1862 1.11856
2.23772 -6.14808 1.11856
2.34468 -6.10809 0.686185
2.45092 -6.06624 0.264292
2.55642 -6.02254 0.264292
2.66114 -5.97701 -0.158661
2.76504 -5.92966 -0.158661
2.86811 -5.8805 -0.593443
2.9703 -5.82955 -0.593443
3.07159 -5.77682 -1.04713
3.17194 -5.72233 -1.04713
3.27133 -5.6661 -1.51962
3.36972 -5.60815 -2.00004
3.46708 -5.54848 -2.00004
3.56338 -5.48713 -2.46607
3.65861 -5.42411 -2.46607
3.75271 -5.35943 -2.89062
3.84568 -5.29312 -2.89062
3.93747 -5.2252 -3.25178
4.02806 -5.15568 -3.25178
4.11743 -5.0846 -3.53701
4.20554 -5.01196 -3.53701
4.29237 -4.9378 -3.74172
4.37789 -4.86214 -3.8657
4.46208 -4.78499 -3.8657
4.54491 -4.70639 -3.91007
4.62635 -4.62635 -3.91007
4.70639 -4.54491 -3.87539
4.78499 -4.46208 -3.87539
4.86214 -4.37789 -3.76111
4.9378 -4.29237 -3.76111
5.01196 -4.20554 -3.56613
5.0846 -4.11743 -3.29062
5.15568 -4.02806 -3.29062
5.2252 -3.93747 -2.93911
5.29312 -3.84568 -2.93911
5.35943 -3.75271 -2.52359
5.42411 -3.65861 -2.52359
5.48713 -3.56338 -2.06453
5.54848 -3.46708 -2.06453
5.60815 -3.36972 -1.58692
5.6661 -3.27133 -1.58692
5.72233 -3.17194 -1.11254
5.77682 -3.07159 -0.653659
5.82955 -2.9703 -0.653659
5.8805 -2.86811 -0.211757
5.92966 -2.76504 -0.211757
5.97701 -2.66114 0.219798
6.02254 -2.55642 0.219798
6.06624 -2.45092 0.652088
6.10809 -2.34468 0.652088
6.14808 -2.23772 1.09739
6.1862 -2.13008 1.56609
6.22243 -2.02179 1.56609
6.25677 -1.91289 2.06309
6.2892 -1.8034 2.06309
6.31972 -1.69336 2.5836
6.34831 -1.58281 2.5836
6.37497 -1.47178 3.11033
6.39968 -1.36029 3.11033
6.42245 -1.2484 3.61573
6.44326 -1.13612 3.61573
6.4621 -1.0235 4.07036
6.47898 -0.910561 4.45158
6.49389 -0.797349 4.45158
6.50681 -0.683894 4.74696
6.51776 -0.57023 4.74696
6.52672 -0.456392 4.95227
6.53369 -0.342416 4.95227
6.53867 -0.228335 5.06761
6.54166 -0.114185 5.06761

6.62244 0 5.09416
6.62143 0.115578 5.0323
6.61841 0.23112 5.0323
6.61337 0.346592 4.88101
6.60631 0.461958 4.88101
6.59724 0.577184 4.639
6.58616 0.692234 4.639
6.57308 0.807073 4.30704
6.55799 0.921666 4.30704
6.54091 1.03598 3.89184
6.52183 1.14997 3.40988
6.50077 1.26362 3.40988
6.47773 1.37688 2.88804
6.45271 1.48973 2.88804
6.42573 1.60211 2.35746
6.39679 1.71401 2.35746
6.3659 1.82539 1.84291
6.33307 1.93621 1.84291
6.29832 2.04645 1.35625
6.26164 2.15606 1.35625
6.22306 2.26501 0.897243
6.18258 2.37327 0.457802
6.14022 2.48081 0.457802
6.09599 2.58759 0.0260996
6.0499 2.69359 0.0260996
6.00197 2.79876 -0.410104
5.95221 2.90309 -0.410104
5.90064 3.00653 -0.860432
5.84727 3.10905 -0.860432
5.79212 3.21062 -1.32849
5.7352 3.31122 -1.80844
5.67654 3.41081 -1.80844
5.61615 3.50936 -2.28369
5.55405 3.60684 -2.28369
5.49025 3.70322 -2.73018
5.42479 3.79848 -2.73018
5.35767 3.89257 -3.12379
5.28892 3.98548 -3.12379
5.21856 4.07718 -3.44698
5.1466 4.16764 -3.44698
5.07308 4.25682 -3.69081
4.99802 4.34471 -3.85277
4.92143 4.43128 -3.85277
4.84335 4.51649 -3.93343
4.76379 4.60033 -3.93343
4.68277 4.68277 -3.93378
4.60033 4.76379 -3.93378
4.51649 4.84335 -3.85392
4.43128 4.92143 -3.85392
4.34471 4.99802 -3.69291
4.25682 5.07308 -3.44996
4.16764 5.1466 -3.44996
4.07718 5.21856 -3.12684
3.98548 5.28892 -3.12684
3.89257 5.35767 -2.73134
3.79848 5.42479 -2.73134
3.70322 5.49025 -2.28025
3.60684 5.55405 -2.28025
3.50936 5.61615 -1.79843
3.41081 5.67654 -1.79843
3.31122 5.7352 -1.31152
3.21062 5.79212 -0.837203
3.10905 5.84727 -0.837203
3.00653 5.90064 -0.381577
2.90309 5.95221 -0.381577
2.79876 6.00197 0.0586818
2.69359 6.0499 0.0586818
2.58759 6.09599 0.492688
2.48081 6.14022 0.492688
2.37327 6.18258 0.932111
2.26501 6.22306 1.38833
2.15606 6.26164 1.38833
2.04645 6.29832 1.86938
1.93621 6.33307 1.86938
1.82539 6.3659 2.37632
1.71401 6.39679 2.37632
1.60211 6.42573 2.89973
1.48973 6.45271 2.89973
1.37688 6.47773 3.41897
1.26362 6.50077 3.41897
1.14997 6.52183 3.90668
1.03598 6.54091 4.33752
0.921666 6.55799 4.33752
0.807073 6.57308 4.6948
0.692234 6.58616 4.6948
0.577184 6.59724 4.97132
0.461958 6.60631 4.97132
0.346592 6.61337 5.16622
0.23112 6.61841 5.16622
0.115578 6.62143 5.28121
4.05508e-16 6.62244 5.31814
-0.115578 6.62143 5.31814
-0.23112 6.61841 5.27794
-0.346592 6.61337 5.27794
-0.461958 6.60631 5.16095
-0.577184 6.59724 5.16095
-0.692234 6.58616 4.96869
-0.807073 6.57308 4.96869
-0.921666 6.55799 4.707
-1.03598 6.54091 4.707
-1.14997 6.52183 4.38989
-1.26362 6.50077 4.04153
-1.37688 6.47773 4.04153
-1.48973 6.45271 3.69333
-1.60211 6.42573 3.69333
-1.71401 6.39679 3.37606
-1.82539 6.3659 3.37606
-1.93621 6.33307 3.1127
-2.04645 6.29832 3.1127
-2.15606 6.26164 2.91621
-2.26501 6.22306 2.79183
-2.37327 6.18258 2.79183
-2.48081 6.14022 2.74052
-2.58759 6.09599 2.74052
-2.69359 6.0499 2.76146
-2.79876 6.00197 2.76146
-2.90309 5.95221 2.85273
-3.00653 5.90064 2.85273
-3.10905 5.84727 3.01016
-3.21062 5.79212 3.01016
-3.31122 5.7352 3.2247
-3.41081 5.67654 3.47915
-3.50936 5.61615 3.47915
-3.60684 5.55405 3.74742
-3.70322 5.49025 3.74742
-3.79848 5.42479 4.00039
-3.89257 5.35767 4.00039
-3.98548 5.28892 4.2145
-4.07718 5.21856 4.2145
-4.16764 5.1466 4.37543
-4.25682 5.07308 4.47657
-4.34471 4.99802 4.47657
-4.43128 4.92143 4.51578
-4.51649 4.84335 4.51578
-4.60033 4.76379 4.49245
-4.68277 4.68277 4.49245
-4.76379 4.60033 4.4058
-4.84335 4.51649 4.4058
-4.92143 4.43128 4.25426
-4.99802 4.34471 4.25426
-5.07308 4.25682 4.03598
-5.1466 4.16764 3.75042
-5.21856 4.07718 3.75042
-5.28892 3.98548 3.40107
-5.35767 3.89257 3.40107
-5.42479 3.79848 2.99831
-5.49025 3.70322 2.99831
-5.55405 3.60684 2.56022
-5.61615 3.50936 2.56022
-5.67654 3.41081 2.10906
-5.7352 3.31122 1.66428
-5.79212 3.21062 1.66428
-5.84727 3.10905 1.23685
-5.90064 3.00653 1.23685
-5.95221 2.90309 0.828082
-6.00197 2.79876 0.828082
-6.0499 2.69359 0.432071
-6.09599 2.58759 0.432071
-6.14022 2.48081 0.0389525
-6.18258 2.37327 0.0389525
-6.22306 2.26501 -0.362192
-6.26164 2.15606 -0.780639
-6.29832 2.04645 -0.780639
-6.33307 1.93621 -1.2209
-6.3659 1.82539 -1.2209
-6.39679 1.71401 -1.67916
-6.42573 1.60211 -1.67916
-6.45271 1.48973 -2.1408
-6.47773 1.37688 -2.1408
-6.50077 1.26362 -2.58239
-6.52183 1.14997 -2.97884
-6.54091 1.03598 -2.97884
-6.55799 0.921666 -3.31084
-6.57308 0.807073 -3.31084
-6.58616 0.692234 -3.56782
-6.59724 0.577184 -3.56782
-6.60631 0.461958 -3.74621
-6.61337 0.346592 -3.74621
-6.61841 0.23112 -3.84612
-6.62143 0.115578 -3.84612
-6.62244 8.11015e-16 -3.8686
-6.62143 -0.115578 -3.81393
-6.61841 -0.23112 -3.81393
-6.61337 -0.346592 -3.68125
-6.60631 -0.461958 -3.68125
-6.59724 -0.577184 -3.46936
-6.58616 -0.692234 -3.46936
-6.57308 -0.807073 -3.17888
-6.55799 -0.921666 -3.17888
-6.54091 -1.03598 -2.81544
-6.52183 -1.14997 -2.81544
-6.50077 -1.26362 -2.39304
-6.47773 -1.37688 -1.93455
-6.45271 -1.48973 -1.93455
-6.42573 -1.60211 -1.46644
-6.39679 -1.71401 -1.46644
-6.3659 -1.82539 -1.00969
-6.33307 -1.93621 -1.00969
-6.29832 -2.04645 -0.574106
-6.26164 -2.15606 -0.574106
-6.22306 -2.26501 -0.159109
-6.18258 -2.37327 0.242715
-6.14022 -2.48081 0.242715
-6.09599 -2.58759 0.642025
-6.0499 -2.69359 0.642025
-6.00197 -2.79876 1.04983
-5.95221 -2.90309 1.04983
-5.90064 -3.00653 1.47477
-5.84727 -3.10905 1.47477
-5.79212 -3.21062 1.92002
-5.7352 -3.31122 1.92002
-5.67654 -3.41081 2.38014
-5.61615 -3.50936 2.83983
-5.55405 -3.60684 2.83983
-5.49025 -3.70322 3.277
-5.42479 -3.79848 3.277
-5.35767 -3.89257 3.66963
-5.28892 -3.98548 3.66963
-5.21856 -4.07718 4.00187
-5.1466 -4.16764 4.00187
-5.07308 -4.25682 4.26591
-4.99802 -4.34471 4.46003
-4.92143 -4.43128 4.46003
-4.84335 -4.51649 4.58553
-4.76379 -4.60033 4.58553
-4.68277 -4.68277 4.64424
-4.60033 -4.76379 4.64424
-4.51649 -4.84335 4.63739
-4.43128 -4.92143 4.63739
-4.34471 -4.99802 4.56555
-4.25682 -5.07308 4.56555
-4.16764 -5.1466 4.42974
-4.07718 -5.21856 4.23374
-3.98548 -5.28892 4.23374
-3.89257 -5.35767 3.98748
-3.79848 -5.42479 3.98748
-3.70322 -5.49025 3.70979
-3.60684 -5.55405 3.70979
-3.50936 -5.61615 3.42785
-3.41081 -5.67654 3.42785
-3.31122 -5.7352 3.17053
-3.21062 -5.79212 2.96076
-3.10905 -5.84727 2.96076
-3.00653 -5.90064 2.81229
-2.90309 -5.95221 2.81229
-2.79876 -6.00197 2.73175
-2.69359 -6.0499 2.73175
-2.58759 -6.09599 2.72193
-2.48081 -6.14022 2.72193
-2.37327 -6.18258 2.7839
-2.26501 -6.22306 2.7839
-2.15606 -6.26164 2.91755
-2.04645 -6.29832 3.12037
-1.93621 -6.33307 3.12037
-1.82539 -6.3659 3.38453
-1.71401 -6.39679 3.38453
-1.60211 -6.42573 3.69372
-1.48973 -6.45271 3.69372
-1.37688 -6.47773 4.02226
-1.26362 -6.50077 4.02226
-1.14997 -6.52183 4.33921
-1.03598 -6.54091 4.6164
-0.921666 -6.55799 4.6164
-0.807073 -6.57308 4.83455
-0.692234 -6.58616 4.83455
-0.577184 -6.59724 4.9839
-0.461958 -6.60631 4.9839
-0.346592 -6.61337 5.06106
-0.23112 -6.61841 5.06106
-0.115578 -6.62143 5.06535
-1.21652e-15 -6.62244 5.06535
0.115578 -6.62143 4.99632
0.23112 -6.61841 4.85268
0.346592 -6.61337 4.85268
0.461958 -6.60631 4.63256
0.577184 -6.59724 4.63256
0.692234 -6.58616 4.335
0.807073 -6.57308 4.335
0.921666 -6.55799 3.96289
1.03598 -6.54091 3.96289
1.14997 -6.52183 3.52646
1.26362 -6.50077 3.04505
1.37688 -6.47773 3.04505
1.48973 -6.45271 2.54413
1.60211 -6.42573 2.54413
1.71401 -6.39679 2.04764
1.82539 -6.3659 2.04764
1.93621 -6.33307 1.57095
2.04645 -6.29832 1.57095
2.15606 -6.26164 1.11856
2.26501 -6.22306 1.11856
2.37327 -6.18258 0.686185
2.48081 -6.14022 0.264292
2.58759 -6.09599 0.264292
2.69359 -6.0499 -0.158661
2.79876 -6.00197 -0.158661
2.90309 -5.95221 -0.593443
3.00653 -5.90064 -0.593443
3.10905 -5.84727 -1.04713
3.21062 -5.79212 -1.04713
3.31122 -5.7352 -1.51962
3.41081 -5.67654 -2.00004
3.50936 -5.61615 -2.00004
3.60684 -5.55405 -2.46607
3.70322 -5.49025 -2.46607
3.79848 -5.42479 -2.89062
3.89257 -5.35767 -2.89062
3.98548 -5.28892 -3.25178
4.07718 -5.21856 -3.25178
4.16764 -5.1466 -3.53701
4.25682 -5.07308 -3.53701
4.34471 -4.99802 -3.74172
4.43128 -4.92143 -3.8657
4.51649 -4.84335 -3.8657
4.60033 -4.76379 -3.91007
4.68277 -4.68277 -3.91007
4.76379 -4.60033 -3.87539
4.84335 -4.51649 -3.87539
4.92143 -4.43128 -3.76111
4.99802 -4.34471 -3.76111
5.07308 -4.25682 -3.56613
5.1466 -4.16764 -3.29062
5.21856 -4.07718 -3.29062
5.28892 -3.98548 -2.93911
5.35767 -3.89257 -2.93911
5.42479 -3.79848 -2.52359
5.49025 -3.70322 -2.52359
5.55405 -3.60684 -2.06453
5.61615 -3.50936 -2.06453
5.67654 -3.41081 -1.58692
5.7352 -3.31122 -1.58692
5.79212 -3.21062 -1.11254
5.84727 -3.10905 -0.653659
5.90064 -3.00653 -0.653659
5.95221 -2.90309 -0.211757
6.00197 -2.79876 -0.211757
6.0499 -2.69359 0.219798
6.09599 -2.58759 0.219798
6.14022 -2.48081 0.652088
6.18258 -2.37327 0.652088
6.22306 -2.26501 1.09739
6.26164 -2.15606 1.56609
6.29832 -2.04645 1.56609
6.33307 -1.93621 2.06309
6.3659 -1.82539 2.06309
6.39679 -1.71401 2.5836
6.42573 -1.60211 2.5836
6.45271 -1.48973 3.11033
6.47773 -1.37688 3.11033
6.50077 -1.26362 3.61573
6.52183 -1.14997 3.61573
6.54091 -1.03598 4.07036
6.55799 -0.921666 4.45158
6.57308 -0.807073 4.45158
6.58616 -0.692234 4.74696
6.59724 -0.577184 4.74696
6.60631 -0.461958 4.95227
6.61337 -0.346592 4.95227
6.61841 -0.23112 5.06761
6.62143 -0.115578 5.06761

6.70223 0 5.7092
6.70121 0.11697 5.6448
6.69815 0.233904 5.6448
6.69305 0.350768 5.48622
6.6859 0.467524 5.48622
6.67673 0.584138 5.22829
6.66551 0.700574 5.22829
6.65227 0.816796 4.86604
6.637 0.93277 4.40022
6.61971 1.04846 4.40022
6.60041 1.16383 3.84548
6.57909 1.27885 3.84548
6.55577 1.39347 3.23621
6.53045 1.50767 3.23621
6.50315 1.62142 2.62019
6.47386 1.73466 2.03762
6.4426 1.84739 2.03762
6.40937 1.95954 1.50577
6.3742 2.0711 1.50577
6.33708 2.18203 1.02224
6.29804 2.2923 1.02224
6.25707 2.40186 0.573431
6.2142 2.5107 0.573431
6.16944 2.61877 0.141092
6.12279 2.72604 -0.294075
6.07428 2.83248 -0.294075
6.02392 2.93806 -0.749906
5.97173 3.04275 -0.749906
5.91772 3.14651 -1.23948
5.8619 3.24931 -1.23948
5.8043 3.35112 -1.76576
5.74493 3.4519 -2.31543
5.68381 3.55164 -2.31543
5.62096 3.6503 -2.85802
5.5564 3.74784 -2.85802
5.49015 3.84424 -3.35555
5.42222 3.93947 -3.35555
5.35264 4.0335 -3.77748
5.28143 4.12631 -4.10853
5.20861 4.21785 -4.10853
5.13421 4.30811 -4.3462
5.05824 4.39706 -4.3462
4.98073 4.48467 -4.49411
4.9017 4.57091 -4.49411
4.82118 4.65576 -4.55679
4.73919 4.73919 -4.5367
4.65576 4.82118 -4.5367
4.57091 4.9017 -4.43325
4.48467 4.98073 -4.43325
4.39706 5.05824 -4.243
4.30811 5.13421 -4.243
4.21785 5.20861 -3.96124
4.12631 5.28143 -3.96124
4.0335 5.35264 -3.58563
3.93947 5.42222 -3.12232
3.84424 5.49015 -3.12232
3.74784 5.5564 -2.5929
3.6503 5.62096 -2.5929
3.55164 5.68381 -2.03505
3.4519 5.74493 -2.03505
3.35112 5.8043 -1.48761
3.24931 5.8619 -0.973892
3.14651 5.91772 -0.973892
3.04275 5.97173 -0.498118
2.93806 6.02392 -0.498118
2.83248 6.07428 -0.051683
2.72604 6.12279 -0.051683
2.61877 6.16944 0.380677
2.5107 6.2142 0.816952
2.40186 6.25707 0.816952
2.2923 6.29804 1.27531
2.18203 6.33708 1.27531
2.0711 6.3742 1.7714
1.95954 6.40937 1.7714
1.84739 6.4426 2.31387
1.73466 6.47386 2.89781
1.62142 6.50315 2.89781
1.50767 6.53045 3.49937
1.39347 6.55577 3.49937
1.27885 6.57909 4.07906
1.16383 6.60041 4.07906
1.04846 6.61971 4.59671
0.93277 6.637 4.59671
0.816796 6.65227 5.02669
0.700574 6.66551 5.36068
0.584138 6.67673 5.36068
0.467524 6.6859 5.6009
0.350768 6.69305 5.6009
0.233904 6.69815 5.75299
0.11697 6.70121 5.75299
4.10393e-16 6.70223 5.82168
-0.11697 6.70121 5.80888
-0.233904 6.69815 5.80888
-0.350768 6.69305 5.71333
-0.467524 6.6859 5.71333
-0.584138 6.67673 5.53172
-0.700574 6.66551 5.53172
-0.816796 6.65227 5.26162
-0.93277 6.637 4.90716
-1.04846 6.61971 4.90716
-1.16383 6.60041 4.48652
-1.27885 6.57909 4.48652
-1.39347 6.55577 4.03577
-1.50767 6.53045 4.03577
-1.62142 6.50315 3.601
-1.73466 6.47386 3.22209
-1.84739 6.4426 3.22209
-1.95954 6.40937 2.92225
-2.0711 6.3742 2.92225
-2.18203 6.33708 2.70945
-2.2923 6.29804 2.70945
-2.40186 6.25707 2.58328
-2.5107 6.2142 2.58328
-2.61877 6.16944 2.5411
-2.72604 6.12279 2.58116
-2.83248 6.07428 2.58116
-2.93806 6.02392 2.7031
-3.04275 5.97173 2.7031
-3.14651 5.91772 2.90597
-3.24931 5.8619 2.90597
-3.35112 5.8043 3.18358
-3.4519 5.74493 3.51763
-3.55164 5.68381 3.51763
-3.6503 5.62096 3.87305
-3.74784 5.5564 3.87305
-3.84424 5.49015 4.20688
-3.93947 5.42222 4.20688
-4.0335 5.35264 4.48739
-4.12631 5.28143 4.69946
-4.21785 5.20861 4.69946
-4.30811 5.13421 4.83971
-4.39706 5.05824 4.83971
-4.48467 4.98073 4.91
-4.57091 4.9017 4.91
-4.65576 4.82118 4.91288
-4.73919 4.73919 4.84928
-4.82118 4.65576 4.84928
-4.9017 4.57091 4.71753
-4.98073 4.48467 4.71753
-5.05824 4.39706 4.51367
-5.13421 4.30811 4.51367
-5.20861 4.21785 4.23288
-5.28143 4.12631 4.23288
-5.35264 4.0335 3.87286
-5.42222 3.93947 3.43921
-5.49015 3.84424 3.43921
-5.5564 3.74784 2.95073
-5.62096 3.6503 2.95073
-5.68381 3.55164 2.43872
-5.74493 3.4519 2.43872
-5.8043 3.35112 1.93633
-5.8619 3.24931 1.46511
-5.91772 3.14651 1.46511
-5.97173 3.04275 1.03015
-6.02392 2.93806 1.03015
-6.07428 2.83248 0.624016
-6.12279 2.72604 0.624016
-6.16944 2.61877 0.232701
-6.2142 2.5107 -0.160393
-6.25707 2.40186 -0.160393
-6.29804 2.2923 -0.571979
-6.33708 2.18203 -0.571979
-6.3742 2.0711 -1.01642
-6.40937 1.95954 -1.01642
-6.4426 1.84739 -1.5016
-6.47386 1.73466 -2.02262
-6.50315 1.62142 -2.02262
-6.53045 1.50767 -2.55632
-6.55577 1.39347 -2.55632
-6.57909 1.27885 -3.06555
-6.60041 1.16383 -3.06555
-6.61971 1.04846 -3.51439
-6.637 0.93277 -3.51439
-6.65227 0.816796 -3.8806
-6.66551 0.700574 -4.15675
-6.67673 0.584138 -4.15675
-6.6859 0.467524 -4.34437
-6.69305 0.350768 -4.34437
-6.69815 0.233904 -4.4479
-6.70121 0.11697 -4.4479
-6.70223 8.20786e-16 -4.47092
-6.70121 -0.11697 -4.41434
-6.69815 -0.233904 -4.41434
-6.69305 -0.350768 -4.27591
-6.6859 -0.467524 -4.27591
-6.67673 -0.584138 -4.05114
-6.66551 -0.700574 -4.05114
-6.65227 -0.816796 -3.73571
-6.637 -0.93277 -3.33019
-6.61971 -1.04846 -3.33019
-6.60041 -1.16383 -2.84699
-6.57909 -1.27885 -2.84699
-6.55577 -1.39347 -2.31547
-6.53045 -1.50767 -2.31547
-6.50315 -1.62142 -1.77637
-6.47386 -1.73466 -1.77637
-6.4426 -1.84739 -1.2639
-6.40937 -1.95954 -0.792574
-6.3742 -2.0711 -0.792574
-6.33708 -2.18203 -0.359899
-6.29804 -2.2923 -0.359899
-6.25707 -2.40186 0.0462602
-6.2142 -2.5107 0.0462602
-6.16944 -2.61877 0.442173
-6.12279 -2.72604 0.845094
-6.07428 -2.83248 0.845094
-6.02392 -2.93806 1.27104
-5.97173 -3.04275 1.27104
-5.91772 -3.14651 1.73178
-5.8619 -3.24931 1.73178
-5.8043 -3.35112 2.22986
-5.74493 -3.4519 2.75291
-5.68381 -3.55164 2.75291
-5.62096 -3.6503 3.2728
-5.5564 -3.74784 3.2728
-5.49015 -3.84424 3.75457
-5.42222 -3.93947 3.75457
-5.35264 -4.0335 4.17024
-5.28143 -4.12631 4.506
-5.20861 -4.21785 4.506
-5.13421 -4.30811 4.75996
-5.05824 -4.39706 4.75996
-4.98073 -4.48467 4.93602
-4.9017 -4.57091 4.93602
-4.82118 -4.65576 5.03903
-4.73919 -4.73919 5.03903
-4.65576 -4.82118 5.07212
-4.57091 -4.9017 5.03578
-4.48467 -4.98073 5.03578
-4.39706 -5.05824 4.92814
-4.30811 -5.13421 4.92814
-4.21785 -5.20861 4.74646
-4.12631 -5.28143 4.74646
-4.0335 -5.35264 4.49061
-3.93947 -5.42222 4.16883
-3.84424 -5.49015 4.16883
-3.74784 -5.5564 3.80428
-3.6503 -5.62096 3.80428
-3.55164 -5.68381 3.43587
-3.4519 -5.74493 3.43587
-3.35112 -5.8043 3.10476
-3.24931 -5.8619 2.83928
-3.14651 -5.91772 2.83928
-3.04275 -5.97173 2.65218
-2.93806 -6.02392 2.65218
-2.83248 -6.07428 2.54672
-2.72604 -6.12279 2.54672
-2.61877 -6.16944 2.52285
-2.5107 -6.2142 2.58081
-2.40186 -6.25707 2.58081
-2.2923 -6.29804 2.72223
-2.18203 -6.33708 2.72223
-2.0711 -6.3742 2.94879
-1.95954 -6.40937 2.94879
-1.84739 -6.4426 3.25808
-1.73466 -6.47386 3.25808
-1.62142 -6.50315 3.63704
-1.50767 -6.53045 4.05641
-1.39347 -6.55577 4.05641
-1.27885 -6.57909 4.47347
-1.16383 -6.60041 4.47347
-1.04846 -6.61971 4.84589
-0.93277 -6.637 4.84589
-0.816796 -6.65227 5.14596
-0.700574 -6.66551 5.36298
-0.584138 -6.67673 5.36298
-0.467524 -6.6859 5.49664
-0.350768 -6.69305 5.49664
-0.233904 -6.69815 5.55019
-0.11697 -6.70121 5.55019
-1.23118e-15 -6.70223 5.52617
0.11697 -6.70121 5.42452
0.233904 -6.69815 5.42452
0.350768 -6.69305 5.24216
0.467524 -6.6859 5.24216
0.584138 -6.67673 4.97396
0.700574 -6.66551 4.97396
0.816796 -6.65227 4.61541
0.93277 -6.637 4.16792
1.04846 -6.61971 4.16792
1.16383 -6.60041 3.64578
1.27885 -6.57909 3.64578
1.39347 -6.55577 3.07962
1.50767 -6.53045 3.07962
1.62142 -6.50315 2.50874
1.73466 -6.47386 2.50874
1.84739 -6.4426 1.96534
1.95954 -6.40937 1.46435
2.0711 -6.3742 1.46435
2.18203 -6.33708 1.00422
2.2923 -6.29804 1.00422
2.40186 -6.25707 0.573134
2.5107 -6.2142 0.573134
2.61877 -6.16944 0.15454
2.72604 -6.12279 -0.269454
2.83248 -6.07428 -0.269454
2.93806 -6.02392 -0.715766
3.04275 -5.97173 -0.715766
3.14651 -5.91772 -1.19744
3.24931 -5.8619 -1.19744
3.35112 -5.8043 -1.71876
3.4519 -5.74493 -2.26816
3.55164 -5.68381 -2.26816
3.6503 -5.62096 -2.81349
3.74784 -5.5564 -2.81349
3.84424 -5.49015 -3.31228
3.93947 -5.42222 -3.31228
4.0335 -5.35264 -3.7334
4.12631 -5.28143 -4.06329
4.21785 -5.20861 -4.06329
4.30811 -5.13421 -4.30074
4.39706 -5.05824 -4.30074
4.48467 -4.98073 -4.44984
4.57091 -4.9017 -4.44984
4.65576 -4.82118 -4.51507
4.73919 -4.73919 -4.51507
4.82118 -4.65576 -4.49875
4.9017 -4.57091 -4.40011
4.98073 -4.48467 -4.40011
5.05824 -4.39706 -4.21563
5.13421 -4.30811 -4.21563
5.20861 -4.21785 -3.94064
5.28143 -4.12631 -3.94064
5.35264 -4.0335 -3.57317
5.42222 -3.93947 -3.11986
5.49015 -3.84424 -3.11986
5.5564 -3.74784 -2.60195
5.62096 -3.6503 -2.60195
5.68381 -3.55164 -2.05442
5.74493 -3.4519 -2.05442
5.8043 -3.35112 -1.51423
5.8619 -3.24931 -1.00538
5.91772 -3.14651 -1.00538
5.97173 -3.04275 -0.533491
6.02392 -2.93806 -0.533491
6.07428 -2.83248 -0.0902172
6.12279 -2.72604 -0.0902172
6.16944 -2.61877 0.340222
6.2142 -2.5107 0.776568
6.25707 -2.40186 0.776568
6.29804 -2.2923 1.23776
6.33708 -2.18203 1.23776
6.3742 -2.0711 1.74009
6.40937 -1.95954 1.74009
6.4426 -1.84739 2.29238
6.47386 -1.73466 2.29238
6.50315 -1.62142 2.8886
6.53045 -1.50767 3.50152
6.55577 -1.39347 3.50152
6.57909 -1.27885 4.0876
6.60041 -1.16383 4.0876
6.61971 -1.04846 4.60479
6.637 -0.93277 4.60479
6.65227 -0.816796 5.02704
6.66551 -0.700574 5.34561
6.67673 -0.584138 5.34561
6.6859 -0.467524 5.56223
6.69305 -0.350768 5.56223
6.69815 -0.233904 5.68204
6.70121 -0.11697 5.68204

6.78202 0 5.7092
6.78099 0.118363 5.6448
6.77789 0.236689 5.6448
6.77272 0.354943 5.48622
6.7655 0.47309 5.48622
6.75621 0.591092 5.22829
6.74487 0.708914 5.22829
6.73147 0.82652 4.86604
6.71602 0.943875 4.40022
6.69852 1.06094 4.40022
6.67898 1.17769 3.84548
6.65741 1.29407 3.84548
6.63382 1.41006 3.23621
6.6082 1.52562 3.23621
6.58056 1.64072 2.62019
6.55093 1.75532 2.03762
6.51929 1.86938 2.03762
6.48568 1.98287 1.50577
6.45008 2.09576 1.50577
6.41252 2.20801 1.02224
6.37301 2.31959 1.02224
6.33156 2.43046 0.573431
6.28818 2.54059 0.573431
6.24288 2.64995 0.141092
6.19568 2.7585 -0.294075
6.1466 2.8662 -0.294075
6.09564 2.97304 -0.749906
6.04282 3.07897 -0.749906
5.98817 3.18396 -1.23948
5.93169 3.28799 -1.23948
5.8734 3.39101 -1.76576
5.81332 3.493 -2.31543
5.75148 3.59392 -2.31543
5.68788 3.69375 -2.85802
5.62255 3.79246 -2.85802
5.5555 3.89001 -3.35555
5.48677 3.98637 -3.35555
5.41636 4.08152 -3.77748
5.3443 4.17543 -4.10853
5.27062 4.26806 -4.10853
5.19533 4.3594 -4.3462
5.11845 4.4494 -4.3462
5.04002 4.53806 -4.49411
4.96005 4.62533 -4.49411
4.87858 4.71119 -4.55679
4.79561 4.79561 -4.5367
4.71119 4.87858 -4.5367
4.62533 4.96005 -4.43325
4.53806 5.04002 -4.43325
4.4494 5.11845 -4.243
4.3594 5.19533 -4.243
4.26806 5.27062 -3.96124
4.17543 5.3443 -3.96124
4.08152 5.41636 -3.58563
3.98637 5.48677 -3.12232
3.89001 5.5555 -3.12232
3.79246 5.62255 -2.5929
3.69375 5.68788 -2.5929
3.59392 5.75148 -2.03505
3.493 5.81332 -2.03505
3.39101 5.8734 -1.48761
3.28799 5.93169 -0.973892
3.18396 5.98817 -0.973892
3.07897 6.04282 -0.498118
2.97304 6.09564 -0.498118
2.8662 6.1466 -0.051683
2.7585 6.19568 -0.051683
2.64995 6.24288 0.380677
2.54059 6.28818 0.816952
2.43046 6.33156 0.816952
2.31959 6.37301 1.27531
2.20801 6.41252 1.27531
2.09576 6.45008 1.7714
1.98287 6.48568 1.7714
1.86938 6.51929 2.31387
1.75532 6.55093 2.89781
1.64072 6.58056 2.89781
1.52562 6.6082 3.49937
1.41006 6.63382 3.49937
1.29407 6.65741 4.07906
1.17769 6.67898 4.07906
1.06094 6.69852 4.59671
0.943875 6.71602 4.59671
0.82652 6.73147 5.02669
0.708914 6.74487 5.36068
0.591092 6.75621 5.36068
0.47309 6.7655 5.6009
0.354943 6.77272 5.6009
0.236689 6.77789 5.75299
0.118363 6.78099 5.75299
4.15279e-16 6.78202 5.82168
-0.118363 6.78099 5.80888
-0.236689 6.77789 5.80888
-0.354943 6.77272 5.71333
-0.47309 6.7655 5.71333
-0.591092 6.75621 5.53172
-0.708914 6.74487 5.53172
-0.82652 6.73147 5.26162
-0.943875 6.71602 4.90716
-1.06094 6.69852 4.90716
-1.17769 6.67898 4.48652
-1.29407 6.65741 4.48652
-1.41006 6.63382 4.03577
-1.52562 6.6082 4.03577
-1.64072 6.58056 3.601
-1.75532 6.55093 3.22209
-1.86938 6.51929 3.22209
-1.98287 6.48568 2.92225
-2.09576 6.45008 2.92225
-2.20801 6.41252 2.70945
-2.31959 6.37301 2.70945
-2.43046 6.33156 2.58328
-2.54059 6.28818 2.58328
-2.64995 6.24288 2.5411
-2.7585 6.19568 2.58116
-2.8662 6.1466 2.58116
-2.97304 6.09564 2.7031
-3.07897 6.04282 2.7031
-3.18396 5.98817 2.90597
-3.28799 5.93169 2.90597
-3.39101 5.8734 3.18358
-3.493 5.81332 3.51763
-3.59392 5.75148 3.51763
-3.69375 5.68788 3.87305
-3.79246 5.62255 3.87305
-3.89001 5.5555 4.20688
-3.98637 5.48677 4.20688
-4.08152 5.41636 4.48739
-4.17543 5.3443 4.69946
-4.26806 5.27062 4.69946
-4.3594 5.19533 4.83971
-4.4494 5.11845 4.83971
-4.53806 5.04002 4.91
-4.62533 4.96005 4.91
-4.71119 4.87858 4.91288
-4.79561 4.79561 4.84928
-4.87858 4.71119 4.84928
-4.96005 4.62533 4.71753
-5.04002 4.53806 4.71753
-5.11845 4.4494 4.51367
-5.19533 4.3594 4.51367
-5.27062 4.26806 4.23288
-5.3443 4.17543 4.23288
-5.41636 4.08152 3.87286
-5.48677 3.98637 3.43921
-5.5555 3.89001 3.43921
-5.62255 3.79246 2.95073
-5.68788 3.69375 2.95073
-5.75148 3.59392 2.43872
-5.81332 3.493 2.43872
-5.8734 3.39101 1.93633
-5.93169 3.28799 1.46511
-5.98817 3.18396 1.46511
-6.04282 3.07897 1.03015
-6.09564 2.97304 1.03015
-6.1466 2.8662 0.624016
-6.19568 2.7585 0.624016
-6.24288 2.64995 0.232701
-6.28818 2.54059 -0.160393
-6.33156 2.43046 -0.160393
-6.37301 2.31959 -0.571979
-6.41252 2.20801 -0.571979
-6.45008 2.09576 -1.01642
-6.48568 1.98287 -1.01642
-6.51929 1.86938 -1.5016
-6.55093 1.75532 -2.02262
-6.58056 1.64072 -2.02262
-6.6082 1.52562 -2.55632
-6.63382 1.41006 -2.55632
-6.65741 1.29407 -3.06555
-6.67898 1.17769 -3.06555
-6.69852 1.06094 -3.51439
-6.71602 0.943875 -3.51439
-6.73147 0.82652 -3.8806
-6.74487 0.708914 -4.15675
-6.75621 0.591092 -4.15675
-6.7655 0.47309 -4.34437
-6.77272 0.354943 -4.34437
-6.77789 0.236689 -4.4479
-6.78099 0.118363 -4.4479
-6.78202 8.30558e-16 -4.47092
-6.78099 -0.118363 -4.41434
-6.77789 -0.236689 -4.41434
-6.77272 -0.354943 -4.27591
-6.7655 -0.47309 -4.27591
-6.75621 -0.591092 -4.05114
-6.74487 -0.708914 -4.05114
-6.73147 -0.82652 -3.73571
-6.71602 -0.943875 -3.33019
-6.69852 -1.06094 -3.33019
-6.67898 -1.17769 -2.84699
-6.65741 -1.29407 -2.84699
-6.63382 -1.41006 -2.31547
-6.6082 -1.52562 -2.31547
-6.58056 -1.64072 -1.77637
-6.55093 -1.75532 -1.77637
-6.51929 -1.86938 -1.2639
-6.48568 -1.98287 -0.792574
-6.45008 -2.09576 -0.792574
-6.41252 -2.20801 -0.359899
-6.37301 -2.31959 -0.359899
-6.33156 -2.43046 0.0462602
-6.28818 -2.54059 0.0462602
-6.24288 -2.64995 0.442173
-6.19568 -2.7585 0.845094
-6.1466 -2.8662 0.845094
-6.09564 -2.97304 1.27104
-6.04282 -3.07897 1.27104
-5.98817 -3.18396 1.73178
-5.93169 -3.28799 1.73178
-5.8734 -3.39101 2.22986
-5.81332 -3.493 2.75291
-5.75148 -3.59392 2.75291
-5.68788 -3.69375 3.2728
-5.62255 -3.79246 3.2728
-5.5555 -3.89001 3.75457
-5.48677 -3.98637 3.75457
-5.41636 -4.08152 4.17024
-5.3443 -4.17543 4.506
-5.27062 -4.26806 4.506
-5.19533 -4.3594 4.75996
-5.11845 -4.4494 4.75996
-5.04002 -4.53806 4.93602
-4.96005 -4.62533 4.93602
-4.87858 -4.71119 5.03903
-4.79561 -4.79561 5.03903
-4.71119 -4.87858 5.07212
-4.62533 -4.96005 5.03578
-4.53806 -5.04002 5.03578
-4.4494 -5.11845 4.92814
-4.3594 -5.19533 4.92814
-4.26806 -5.27062 4.74646
-4.17543 -5.3443 4.74646
-4.08152 -5.41636 4.49061
-3.98637 -5.48677 4.16883
-3.89001 -5.5555 4.16883
-3.79246 -5.62255 3.80428
-3.69375 -5.68788 3.80428
-3.59392 -5.75148 3.43587
-3.493 -5.81332 3.43587
-3.39101 -5.8734 3.10476
-3.28799 -5.93169 2.83928
-3.18396 -5.98817 2.83928
-3.07897 -6.04282 2.65218
-2.97304 -6.09564 2.65218
-2.8662 -6.1466 2.54672
-2.7585 -6.19568 2.54672
-2.64995 -6.24288 2.52285
-2.54059 -6.28818 2.58081
-2.43046 -6.33156 2.58081
-2.31959 -6.37301 2.72223
-2.20801 -6.41252 2.72223
-2.09576 -6.45008 2.94879
-1.98287 -6.48568 2.94879
-1.86938 -6.51929 3.25808
-1.75532 -6.55093 3.25808
-1.64072 -6.58056 3.63704
-1.52562 -6.6082 4.05641
-1.41006 -6.63382 4.05641
-1.29407 -6.65741 4.47347
-1.17769 -6.67898 4.47347
-1.06094 -6.69852 4.84589
-0.943875 -6.71602 4.84589
-0.82652 -6.73147 5.14596
-0.708914 -6.74487 5.36298
-0.591092 -6.75621 5.36298
-0.47309 -6.7655 5.49664
-0.354943 -6.77272 5.49664
-0.236689 -6.77789 5.55019
-0.118363 -6.78099 5.55019
-1.24584e-15 -6.78202 5.52617
0.118363 -6.78099 5.42452
0.236689 -6.77789 5.42452
0.354943 -6.77272 5.24216
0.47309 -6.7655 5.24216
0.591092 -6.75621 4.97396
0.708914 -6.74487 4.97396
0.82652 -6.73147 4.61541
0.943875 -6.71602 4.16792
1.06094 -6.69852 4.16792
1.17769 -6.67898 3.64578
1.29407 -6.65741 3.64578
1.41006 -6.63382 3.07962
1.52562 -6.6082 3.07962
1.64072 -6.58056 2.50874
1.75532 -6.55093 2.50874
1.86938 -6.51929 1.96534
1.98287 -6.48568 1.46435
2.09576 -6.45008 1.46435
2.20801 -6.41252 1.00422
2.31959 -6.37301 1.00422
2.43046 -6.33156 0.573134
2.54059 -6.28818 0.573134
2.64995 -6.24288 0.15454
2.7585 -6.19568 -0.269454
2.8662 -6.1466 -0.269454
2.97304 -6.09564 -0.715766
3.07897 -6.04282 -0.715766
3.18396 -5.98817 -1.19744
3.28799 -5.93169 -1.19744
3.39101 -5.8734 -1.71876
3.493 -5.81332 -2.26816
3.59392 -5.75148 -2.26816
3.69375 -5.68788 -2.81349
3.79246 -5.62255 -2.81349
3.89001 -5.5555 -3.31228
3.98637 -5.48677 -3.31228
4.08152 -5.41636 -3.7334
4.17543 -5.3443 -4.06329
4.26806 -5.27062 -4.06329
4.3594 -5.19533 -4.30074
4.4494 -5.11845 -4.30074
4.53806 -5.04002 -4.44984
4.62533 -4.96005 -4.44984
4.71119 -4.87858 -4.51507
4.79561 -4.79561 -4.51507
4.87858 -4.71119 -4.49875
4.96005 -4.62533 -4.40011
5.04002 -4.53806 -4.40011
5.11845 -4.4494 -4.21563
5.19533 -4.3594 -4.21563
5.27062 -4.26806 -3.94064
5.3443 -4.17543 -3.94064
5.41636 -4.08152 -3.57317
5.48677 -3.98637 -3.11986
5.5555 -3.89001 -3.11986
5.62255 -3.79246 -2.60195
5.68788 -3.69375 -2.60195
5.75148 -3.59392 -2.05442
5.81332 -3.493 -2.05442
5.8734 -3.39101 -1.51423
5.93169 -3.28799 -1.00538
5.98817 -3.18396 -1.00538
6.04282 -3.07897 -0.533491
6.09564 -2.97304 -0.533491
6.1466 -2.8662 -0.0902172
6.19568 -2.7585 -0.0902172
6.24288 -2.64995 0.340222
6.28818 -2.54059 0.776568
6.33156 -2.43046 0.776568
6.37301 -2.31959 1.23776
6.41252 -2.20801 1.23776
6.45008 -2.09576 1.74009
6.48568 -1.98287 1.74009
6.51929 -1.86938 2.29238
6.55093 -1.75532 2.29238
6.58056 -1.64072 2.8886
6.6082 -1.52562 3.50152
6.63382 -1.41006 3.50152
6.65741 -1.29407 4.0876
6.67898 -1.17769 4.0876
6.69852 -1.06094 4.60479
6.71602 -0.943875 4.60479
6.73147 -0.82652 5.02704
6.74487 -0.708914 5.34561
6.75621 -0.591092 5.34561
6.7655 -0.47309 5.56223
6.77272 -0.354943 5.56223
6.77789 -0.236689 5.68204
6.78099 -0.118363 5.68204

6.86181 0 5.7092
6.86076 0.119755 5.6448
6.85763 0.239474 5.6448
6.8524 0.359119 5.48622
6.84509 0.478655 5.48622
6.8357 0.598046 5.22829
6.82422 0.717254 5.22829
6.81066 0.836244 4.86604
6.79503 0.954979 4.40022
6.77733 1.07342 4.40022
6.75756 1.19154 3.84548
6.73574 1.30929 3.84548
6.71186 1.42665 3.23621
6.68594 1.54357 3.23621
6.65798 1.66002 2.62019
6.628 1.77597 2.03762
6.59599 1.89137 2.03762
6.56198 2.0062 1.50577
6.52597 2.12042 1.50577
6.48797 2.23399 1.02224
6.44799 2.34688 1.02224
6.40605 2.45905 0.573431
6.36216 2.57048 0.573431
6.31633 2.68112 0.141092
6.26857 2.79095 -0.294075
6.21891 2.89993 -0.294075
6.16735 3.00802 -0.749906
6.11392 3.1152 -0.749906
6.05862 3.22142 -1.23948
6.00147 3.32667 -1.23948
5.9425 3.4309 -1.76576
5.88172 3.53409 -2.31543
5.81914 3.6362 -2.31543
5.7548 3.73721 -2.85802
5.6887 3.83707 -2.85802
5.62086 3.93577 -3.35555
5.55132 4.03327 -3.35555
5.48008 4.12954 -3.77748
5.40718 4.22455 -4.10853
5.33263 4.31828 -4.10853
5.25645 4.41068 -4.3462
5.17867 4.50175 -4.3462
5.09932 4.59145 -4.49411
5.01841 4.67974 -4.49411
4.93597 4.76661 -4.55679
4.85203 4.85203 -4.5367
4.76661 4.93597 -4.5367
4.67974 5.01841 -4.43325
4.59145 5.09932 -4.43325
4.50175 5.17867 -4.243
4.41068 5.25645 -4.243
4.31828 5.33263 -3.96124
4.22455 5.40718 -3.96124
4.12954 5.48008 -3.58563
4.03327 5.55132 -3.12232
3.93577 5.62086 -3.12232
3.83707 5.6887 -2.5929
3.73721 5.7548 -2.5929
3.6362 5.81914 -2.03505
3.53409 5.88172 -2.03505
3.4309 5.9425 -1.48761
3.32667 6.00147 -0.973892
3.22142 6.05862 -0.973892
3.1152 6.11392 -0.498118
3.00802 6.16735 -0.498118
2.89993 6.21891 -0.051683
2.79095 6.26857 -0.051683
2.68112 6.31633 0.380677
2.57048 6.36216 0.816952
2.45905 6.40605 0.816952
2.34688 6.44799 1.27531
2.23399 6.48797 1.27531
2.12042 6.52597 1.7714
2.0062 6.56198 1.7714
1.89137 6.59599 2.31387
1.77597 6.628 2.89781
1.66002 6.65798 2.89781
1.54357 6.68594 3.49937
1.42665 6.71186 3.49937
1.30929 6.73574 4.07906
1.19154 6.75756 4.07906
1.07342 6.77733 4.59671
0.954979 6.79503 4.59671
0.836244 6.81066 5.02669
0.717254 6.82422 5.36068
0.598046 6.8357 5.36068
0.478655 6.84509 5.6009
0.359119 6.8524 5.6009
0.239474 6.85763 5.75299
0.119755 6.86076 5.75299
4.20165e-16 6.86181 5.82168
-0.119755 6.86076 5.80888
-0.239474 6.85763 5.80888
-0.359119 6.8524 5.71333
-0.478655 6.84509 5.71333
-0.598046 6.8357 5.53172
-0.717254 6.82422 5.53172
-0.836244 6.81066 5.26162
-0.954979 6.79503 4.90716
-1.07342 6.77733 4.90716
-1.19154 6.75756 4.48652
-1.30929 6.73574 4.48652
-1.42665 6.71186 4.03577
-1.54357 6.68594 4.03577
-1.66002 6.65798 3.601
-1.77597 6.628 3.22209
-1.89137 6.59599 3.22209
-2.0062 6.56198 2.92225
-2.12042 6.52597 2.92225
-2.23399 6.48797 2.70945
-2.34688 6.44799 2.70945
-2.45905 6.40605 2.58328
-2.57048 6.36216 2.58328
-2.68112 6.31633 2.5411
-2.79095 6.26857 2.58116
-2.89993 6.21891 2.58116
-3.00802 6.16735 2.7031
-3.1152 6.11392 2.7031
-3.22142 6.05862 2.90597
-3.32667 6.00147 2.90597
-3.4309 5.9425 3.18358
-3.53409 5.88172 3.51763
-3.6362 5.81914 3.51763
-3.73721 5.7548 3.87305
-3.83707 5.6887 3.87305
-3.93577 5.62086 4.20688
-4.03327 5.55132 4.20688
-4.12954 5.48008 4.48739
-4.22455 5.40718 4.69946
-4.31828 5.33263 4.69946
-4.41068 5.25645 4.83971
-4.50175 5.17867 4.83971
-4.59145 5.09932 4.91
-4.67974 5.01841 4.91
-4.76661 4.93597 4.91288
-4.85203 4.85203 4.84928
-4.93597 4.76661 4.84928
-5.01841 4.67974 4.71753
-5.09932 4.59145 4.71753
-5.17867 4.50175 4.51367
-5.25645 4.41068 4.51367
-5.33263 4.31828 4.23288
-5.40718 4.22455 4.23288
-5.48008 4.12954 3.87286
-5.55132 4.03327 3.43921
-5.62086 3.93577 3.43921
-5.6887 3.83707 2.95073
-5.7548 3.73721 2.95073
-5.81914 3.6362 2.43872
-5.88172 3.53409 2.43872
-5.9425 3.4309 1.93633
-6.00147 3.32667 1.46511
-6.05862 3.22142 1.46511
-6.11392 3.1152 1.03015
-6.16735 3.00802 1.03015
-6.21891 2.89993 0.624016
-6.26857 2.79095 0.624016
-6.31633 2.68112 0.232701
-6.36216 2.57048 -0.160393
-6.40605 2.45905 -0.160393
-6.44799 2.34688 -0.571979
-6.48797 2.23399 -0.571979
-6.52597 2.12042 -1.01642
-6.56198 2.0062 -1.01642
-6.59599 1.89137 -1.5016
-6.628 1.77597 -2.02262
-6.65798 1.66002 -2.02262
-6.68594 1.54357 -2.55632
-6.71186 1.42665 -2.55632
-6.73574 1.30929 -3.06555
-6.75756 1.19154 -3.06555
-6.77733 1.07342 -3.51439
-6.79503 0.954979 -3.51439
-6.81066 0.836244 -3.8806
-6.82422 0.717254 -4.15675
-6.8357 0.598046 -4.15675
-6.84509 0.478655 -4.34437
-6.8524 0.359119 -4.34437
-6.85763 0.239474 -4.4479
-6.86076 0.119755 -4.4479
-6.86181 8.40329e-16 -4.47092
-6.86076 -0.119755 -4.41434
-6.85763 -0.239474 -4.41434
-6.8524 -0.359119 -4.27591
-6.84509 -0.478655 -4.27591
-6.8357 -0.598046 -4.05114
-6.82422 -0.717254 -4.05114
-6.81066 -0.836244 -3.73571
-6.79503 -0.954979 -3.33019
-6.77733 -1.07342 -3.33019
-6.75756 -1.19154 -2.84699
-6.73574 -1.30929 -2.84699
-6.71186 -1.42665 -2.31547
-6.68594 -1.54357 -2.31547
-6.65798 -1.66002 -1.77637
-6.628 -1.77597 -1.77637
-6.59599 -1.89137 -1.2639
-6.56198 -2.0062 -0.792574
-6.52597 -2.12042 -0.792574
-6.48797 -2.23399 -0.359899
-6.44799 -2.34688 -0.359899
-6.40605 -2.45905 0.0462602
-6.36216 -2.57048 0.0462602
-6.31633 -2.68112 0.442173
-6.26857 -2.79095 0.845094
-6.21891 -2.89993 0.845094
-6.16735 -3.00802 1.27104
-6.11392 -3.1152 1.27104
-6.05862 -3.22142 1.73178
-6.00147 -3.32667 1.73178
-5.9425 -3.4309 2.22986
-5.88172 -3.53409 2.75291
-5.81914 -3.6362 2.75291
-5.7548 -3.73721 3.2728
-5.6887 -3.83707 3.2728
-5.62086 -3.93577 3.75457
-5.55132 -4.03327 3.75457
-5.48008 -4.12954 4.17024
-5.40718 -4.22455 4.506
-5.33263 -4.31828 4.506
-5.25645 -4.41068 4.75996
-5.17867 -4.50175 4.75996
-5.09932 -4.59145 4.93602
-5.01841 -4.67974 4.93602
-4.93597 -4.76661 5.03903
-4.85203 -4.85203 5.03903
-4.76661 -4.93597 5.07212
-4.67974 -5.01841 5.03578
-4.59145 -5.09932 5.03578
-4.50175 -5.17867 4.92814
-4.41068 -5.25645 4.92814
-4.31828 -5.33263 4.74646
-4.22455 -5.40718 4.74646
-4.12954 -5.48008 4.49061
-4.03327 -5.55132 4.16883
-3.93577 -5.62086 4.16883
-3.83707 -5.6887 3.80428
-3.73721 -5.7548 3.80428
-3.6362 -5.81914 3.43587
-3.53409 -5.88172 3.43587
-3.4309 -5.9425 3.10476
-3.32667 -6.00147 2.83928
-3.22142 -6.05862 2.83928
-3.1152 -6.11392 2.65218
-3.00802 -6.16735 2.65218
-2.89993 -6.21891 2.54672
-2.79095 -6.26857 2.54672
-2.68112 -6.31633 2.52285
-2.57048 -6.36216 2.58081
-2.45905 -6.40605 2.58081
-2.34688 -6.44799 2.72223
-2.23399 -6.48797 2.72223
-2.12042 -6.52597 2.94879
-2.0062 -6.56198 2.94879
-1.89137 -6.59599 3.25808
-1.77597 -6.628 3.25808
-1.66002 -6.65798 3.63704
-1.54357 -6.68594 4.05641
-1.42665 -6.71186 4.05641
-1.30929 -6.73574 4.47347
-1.19154 -6.75756 4.47347
-1.07342 -6.77733 4.84589
-0.954979 -6.79503 4.84589
-0.836244 -6.81066 5.14596
-0.717254 -6.82422 5.36298
-0.598046 -6.8357 5.36298
-0.478655 -6.84509 5.49664
-0.359119 -6.8524 5.49664
-0.239474 -6.85763 5.55019
-0.119755 -6.86076 5.55019
-1.26049e-15 -6.86181 5.52617
0.119755 -6.86076 5.42452
0.239474 -6.85763 5.42452
0.359119 -6.8524 5.24216
0.478655 -6.84509 5.24216
0.598046 -6.8357 4.97396
0.717254 -6.82422 4.97396
0.836244 -6.81066 4.61541
0.954979 -6.79503 4.16792
1.07342 -6.77733 4.16792
1.19154 -6.75756 3.64578
1.30929 -6.73574 3.64578
1.42665 -6.71186 3.07962
1.54357 -6.68594 3.07962
1.66002 -6.65798 2.50874
1.77597 -6.628 2.50874
1.89137 -6.59599 1.96534
2.0062 -6.56198 1.46435
2.12042 -6.52597 1.46435
2.23399 -6.48797 1.00422
2.34688 -6.44799 1.00422
2.45905 -6.40605 0.573134
2.57048 -6.36216 0.573134
2.68112 -6.31633 0.15454
2.79095 -6.26857 -0.269454
2.89993 -6.21891 -0.269454
3.00802 -6.16735 -0.715766
3.1152 -6.11392 -0.715766
3.22142 -6.05862 -1.19744
3.32667 -6.00147 -1.19744
3.4309 -5.9425 -1.71876
3.53409 -5.88172 -2.26816
3.6362 -5.81914 -2.26816
3.73721 -5.7548 -2.81349
3.83707 -5.6887 -2.81349
3.93577 -5.62086 -3.31228
4.03327 -5.55132 -3.31228
4.12954 -5.48008 -3.7334
4.22455 -5.40718 -4.06329
4.31828 -5.33263 -4.06329
4.41068 -5.25645 -4.30074
4.50175 -5.17867 -4.30074
4.59145 -5.09932 -4.44984
4.67974 -5.01841 -4.44984
4.76661 -4.93597 -4.51507
4.85203 -4.85203 -4.51507
4.93597 -4.76661 -4.49875
5.01841 -4.67974 -4.40011
5.09932 -4.59145 -4.40011
5.17867 -4.50175 -4.21563
5.25645 -4.41068 -4.21563
5.33263 -4.31828 -3.94064
5.40718 -4.22455 -3.94064
5.48008 -4.12954 -3.57317
5.55132 -4.03327 -3.11986
5.62086 -3.93577 -3.11986
5.6887 -3.83707 -2.60195
5.7548 -3.73721 -2.60195
5.81914 -3.6362 -2.05442
5.88172 -3.53409 -2.05442
5.9425 -3.4309 -1.51423
6.00147 -3.32667 -1.00538
6.05862 -3.22142 -1.00538
6.11392 -3.1152 -0.533491
6.16735 -3.00802 -0.533491
6.21891 -2.89993 -0.0902172
6.26857 -2.79095 -0.0902172
6.31633 -2.68112 0.340222
6.36216 -2.57048 0.776568
6.40605 -2.45905 0.776568
6.44799 -2.34688 1.23776
6.48797 -2.23399 1.23776
6.52597 -2.12042 1.74009
6.56198 -2.0062 1.74009
6.59599 -1.89137 2.29238
6.628 -1.77597 2.29238
6.65798 -1.66002 2.8886
6.68594 -1.54357 3.50152
6.71186 -1.42665 3.50152
6.73574 -1.30929 4.0876
6.75756 -1.19154 4.0876
6.77733 -1.07342 4.60479
6.79503 -0.954979 4.60479
6.81066 -0.836244 5.02704
6.82422 -0.717254 5.34561
6.8357 -0.598046 5.34561
6.84509 -0.478655 5.56223
6.8524 -0.359119 5.56223
6.85763 -0.239474 5.68204
6.86076 -0.119755 5.68204

6.9416 0 6.38872
6.94054 0.121148 6.32445
6.93737 0.242258 6.32445
6.93208 0.363295 6.16474
6.92469 0.484221 6.16474
6.91518 0.605 5.89932
6.90357 0.725594 5.51431
6.88985 0.845968 5.51431
6.87404 0.966083 4.99832
6.85613 1.0859 4.99832
6.83614 1.2054 4.35608
6.81406 1.32452 4.35608
6.78991 1.44324 3.62724
6.76368 1.56152 2.88885
6.7354 1.67932 2.88885
6.70507 1.79662 2.21368
6.67269 1.91336 2.21368
6.63828 2.02953 1.62722
6.60185 2.14507 1.12088
6.56341 2.25996 1.12088
6.52297 2.37417 0.671695
6.48054 2.48765 0.671695
6.43614 2.60037 0.252978
6.38977 2.7123 0.252978
6.34146 2.8234 -0.162052
6.29122 2.93365 -0.599588
6.23906 3.043 -0.599588
6.18501 3.15142 -1.08418
6.12907 3.25888 -1.08418
6.07126 3.36535 -1.63406
6.0116 3.4708 -2.25004
5.95011 3.57519 -2.25004
5.88681 3.67849 -2.90204
5.82171 3.78066 -2.90204
5.75484 3.88169 -3.53193
5.68622 3.98154 -3.53193
5.61587 4.08017 -4.08179
5.5438 4.17756 -4.52056
5.47005 4.27367 -4.52056
5.39463 4.36849 -4.84467
5.31757 4.46197 -4.84467
5.23889 4.5541 -5.06394
5.15861 4.64483 -5.19009
5.07676 4.73416 -5.19009
4.99337 4.82204 -5.23144
4.90845 4.90845 -5.23144
4.82204 4.99337 -5.19106
4.73416 5.07676 -5.19106
4.64483 5.15861 -5.06645
4.5541 5.23889 -4.84982
4.46197 5.31757 -4.84982
4.36849 5.39463 -4.52966
4.27367 5.47005 -4.52966
4.17756 5.5438 -4.09516
4.08017 5.61587 -3.54633
3.98154 5.68622 -3.54633
3.88169 5.75484 -2.91025
3.78066 5.82171 -2.91025
3.67849 5.88681 -2.24967
3.57519 5.95011 -2.24967
3.4708 6.0116 -1.62781
3.36535 6.07126 -1.07401
3.25888 6.12907 -1.07401
3.15142 6.18501 -0.586026
3.043 6.23906 -0.586026
2.93365 6.29122 -0.145991
2.8234 6.34146 0.269608
2.7123 6.38977 0.269608
2.60037 6.43614 0.685834
2.48765 6.48054 0.685834
2.37417 6.52297 1.1282
2.25996 6.56341 1.1282
2.14507 6.60185 1.62172
2.02953 6.63828 2.18727
1.91336 6.67269 2.18727
1.79662 6.70507 2.83192
1.67932 6.7354 2.83192
1.56152 6.76368 3.534
1.44324 6.78991 4.23676
1.32452 6.81406 4.23676
1.2054 6.83614 4.87098
1.0859 6.85613 4.87098
0.966083 6.87404 5.39261
0.845968 6.88985 5.39261
0.725594 6.90357 5.79267
0.605 6.91518 6.08068
0.484221 6.92469 6.08068
0.363295 6.93208 6.27023
0.242258 6.93737 6.27023
0.121148 6.94054 6.37203
4.2505e-16 6.9416 6.39144
-0.121148 6.94054 6.39144
-0.242258 6.93737 6.32796
-0.363295 6.93208 6.32796
-0.484221 6.92469 6.1754
-0.605 6.91518 6.1754
-0.725594 6.90357 5.92324
-0.845968 6.88985 5.56088
-0.966083 6.87404 5.56088
-1.0859 6.85613 5.08776
-1.2054 6.83614 5.08776
-1.32452 6.81406 4.52965
-1.44324 6.78991 3.94686
-1.56152 6.76368 3.94686
-1.67932 6.7354 3.41143
-1.79662 6.70507 3.41143
-1.91336 6.67269 2.97216
-2.02953 6.63828 2.97216
-2.14507 6.60185 2.64495
-2.25996 6.56341 2.42581
-2.37417 6.52297 2.42581
-2.48765 6.48054 2.30522
-2.60037 6.43614 2.30522
-2.7123 6.38977 2.27605
-2.8234 6.34146 2.33634
-2.93365 6.29122 2.33634
-3.043 6.23906 2.48931
-3.15142 6.18501 2.48931
-3.25888 6.12907 2.74077
-3.36535 6.07126 2.74077
-3.4708 6.0116 3.09251
-3.57519 5.95011 3.52924
-3.67849 5.88681 3.52924
-3.78066 5.82171 4.00261
-3.88169 5.75484 4.00261
-3.98154 5.68622 4.44115
-4.08017 5.61587 4.80015
-4.17756 5.5438 4.80015
-4.27367 5.47005 5.06668
-4.36849 5.39463 5.06668
-4.46197 5.31757 5.24508
-4.5541 5.23889 5.24508
-4.64483 5.15861 5.34456
-4.73416 5.07676 5.37294
-4.82204 4.99337 5.37294
-4.90845 4.90845 5.33409
-4.99337 4.82204 5.33409
-5.07676 4.73416 5.22721
-5.15861 4.64483 5.04677
-5.23889 4.5541 5.04677
-5.31757 4.46197 4.78317
-5.39463 4.36849 4.78317
-5.47005 4.27367 4.42541
-5.5438 4.17756 4.42541
-5.61587 4.08017 3.96762
-5.68622 3.98154 3.42102
-5.75484 3.88169 3.42102
-5.82171 3.78066 2.82421
-5.88681 3.67849 2.82421
-5.95011 3.57519 2.23386
-6.0116 3.4708 1.69455
-6.07126 3.36535 1.69455
-6.12907 3.25888 1.22006
-6.18501 3.15142 1.22006
-6.23906 3.043 0.800589
-6.29122 2.93365 0.800589
-6.34146 2.8234 0.416171
-6.38977 2.7123 0.0440189
-6.43614 2.60037 0.0440189
-6.48054 2.48765 -0.339185
-6.52297 2.37417 -0.339185
-6.56341 2.25996 -0.756782
-6.60185 2.14507 -1.23059
-6.63828 2.02953 -1.23059
-6.67269 1.91336 -1.77516
-6.70507 1.79662 -1.77516
-6.7354 1.67932 -2.38513
-6.76368 1.56152 -2.38513
-6.78991 1.44324 -3.02067
-6.81406 1.32452 -3.61817
-6.83614 1.2054 -3.61817
-6.85613 1.0859 -4.12597
-6.87404 0.966083 -4.12597
-6.88985 0.845968 -4.52305
-6.90357 0.725594 -4.81135
-6.91518 0.605 -4.81135
-6.92469 0.484221 -5.00167
-6.93208 0.363295 -5.00167
-6.93737 0.242258 -5.10473
-6.94054 0.121148 -5.10473
-6.9416 8.501e-16 -5.12733
-6.94054 -0.121148 -5.07111
-6.93737 -0.242258 -5.07111
-6.93208 -0.363295 -4.9322
-6.92469 -0.484221 -4.9322
-6.91518 -0.605 -4.70174
-6.90357 -0.725594 -4.70174
-6.88985 -0.845968 -4.36777
-6.87404 -0.966083 -3.92049
-6.85613 -1.0859 -3.92049
-6.83614 -1.2054 -3.36382
-6.81406 -1.32452 -3.36382
-6.78991 -1.44324 -2.73164
-6.76368 -1.56152 -2.08983
-6.7354 -1.67932 -2.08983
-6.70507 -1.79662 -1.50055
-6.67269 -1.91336 -1.50055
-6.63828 -2.02953 -0.985355
-6.60185 -2.14507 -0.985355
-6.56341 -2.25996 -0.536533
-6.52297 -2.37417 -0.133904
-6.48054 -2.48765 -0.133904
-6.43614 -2.60037 0.246052
-6.38977 -2.7123 0.246052
-6.34146 -2.8234 0.627129
-6.29122 -2.93365 1.03282
-6.23906 -3.043 1.03282
-6.18501 -3.15142 1.48531
-6.12907 -3.25888 1.48531
-6.07126 -3.36535 2.00115
-6.0116 -3.4708 2.00115
-5.95011 -3.57519 2.58089
-5.88681 -3.67849 3.1967
-5.82171 -3.78066 3.1967
-5.75484 -3.88169 3.7949
-5.68622 -3.98154 3.7949
-5.61587 -4.08017 4.32208
-5.5438 -4.17756 4.74976
-5.47005 -4.27367 4.74976
-5.39463 -4.36849 5.07492
-5.31757 -4.46197 5.07492
-5.23889 -4.5541 5.30698
-5.15861 -4.64483 5.30698
-5.07676 -4.73416 5.45727
-4.99337 -4.82204 5.53405
-4.90845 -4.90845 5.53405
-4.82204 -4.99337 5.54089
-4.73416 -5.07676 5.54089
-4.64483 -5.15861 5.47639
-4.5541 -5.23889 5.33451
-4.46197 -5.31757 5.33451
-4.36849 -5.39463 5.10603
-4.27367 -5.47005 5.10603
-4.17756 -5.5438 4.78278
-4.08017 -5.61587 4.78278
-3.98154 -5.68622 4.36705
-3.88169 -5.75484 3.88681
-3.78066 -5.82171 3.88681
-3.67849 -5.88681 3.40383
-3.57519 -5.95011 3.40383
-3.4708 -6.0116 2.98148
-3.36535 -6.07126 2.65352
-3.25888 -6.12907 2.65352
-3.15142 -6.18501 2.42678
-3.043 -6.23906 2.42678
-2.93365 -6.29122 2.29664
-2.8234 -6.34146 2.29664
-2.7123 -6.38977 2.25735
-2.60037 -6.43614 2.30689
-2.48765 -6.48054 2.30689
-2.37417 -6.52297 2.4485
-2.25996 -6.56341 2.4485
-2.14507 -6.60185 2.6898
-2.02953 -6.63828 3.03845
-1.91336 -6.67269 3.03845
-1.79662 -6.70507 3.49206
-1.67932 -6.7354 3.49206
-1.56152 -6.76368 4.02317
-1.44324 -6.78991 4.02317
-1.32452 -6.81406 4.57266
-1.2054 -6.83614 5.07072
-1.0859 -6.85613 5.07072
-0.966083 -6.87404 5.4723
-0.845968 -6.88985 5.4723
-0.725594 -6.90357 5.76628
-0.605 -6.91518 5.95953
-0.484221 -6.92469 5.95953
-0.363295 -6.93208 6.06309
-0.242258 -6.93737 6.06309
-0.121148 -6.94054 6.08546
-1.27515e-15 -6.9416 6.08546
0.121148 -6.94054 6.03015
0.242258 -6.93737 5.89514
0.363295 -6.93208 5.89514
0.484221 -6.92469 5.67296
0.605 -6.91518 5.67296
0.725594 -6.90357 5.3519
0.845968 -6.88985 4.91994
0.966083 -6.87404 4.91994
1.0859 -6.85613 4.37424
1.2054 -6.83614 4.37424
1.32452 -6.81406 3.7365
1.44324 -6.78991 3.7365
1.56152 -6.76368 3.06049
1.67932 -6.7354 2.41021
1.79662 -6.70507 2.41021
1.91336 -6.67269 1.82623
2.02953 -6.63828 1.82623
2.14507 -6.60185 1.31611
2.25996 -6.56341 0.865984
2.37417 -6.52297 0.865984
2.48765 -6.48054 0.4534
2.60037 -6.43614 0.4534
2.7123 -6.38977 0.0538
2.8234 -6.34146 0.0538
2.93365 -6.29122 -0.357495
3.043 -6.23906 -0.804736
3.15142 -6.18501 -0.804736
3.25888 -6.12907 -1.30986
3.36535 -6.07126 -1.30986
3.4708 -6.0116 -1.88639
3.57519 -5.95011 -2.52598
3.67849 -5.88681 -2.52598
3.78066 -5.82171 -3.18144
3.88169 -5.75484 -3.18144
3.98154 -5.68622 -3.77835
4.08017 -5.61587 -3.77835
4.17756 -5.5438 -4.27085
4.27367 -5.47005 -4.64748
4.36849 -5.39463 -4.64748
4.46197 -5.31757 -4.91531
4.5541 -5.23889 -4.91531
4.64483 -5.15861 -5.08638
4.73416 -5.07676 -5.17078
4.82204 -4.99337 -5.17078
4.90845 -4.90845 -5.17396
4.99337 -4.82204 -5.17396
5.07676 -4.73416 -5.09595
5.15861 -4.64483 -5.09595
5.23889 -4.5541 -4.93136
5.31757 -4.46197 -4.67017
5.39463 -4.36849 -4.67017
5.47005 -4.27367 -4.30062
5.5438 -4.17756 -4.30062
5.61587 -4.08017 -3.81661
5.68622 -3.98154 -3.23089
5.75484 -3.88169 -3.23089
5.82171 -3.78066 -2.58652
5.88681 -3.67849 -2.58652
5.95011 -3.57519 -1.94654
6.0116 -3.4708 -1.94654
6.07126 -3.36535 -1.36048
6.12907 -3.25888 -0.843651
6.18501 -3.15142 -0.843651
6.23906 -3.043 -0.385029
6.29122 -2.93365 -0.385029
6.34146 -2.8234 0.0377721
6.38977 -2.7123 0.45043
6.43614 -2.60037 0.45043
6.48054 -2.48765 0.879381
6.52297 -2.37417 0.879381
6.56341 -2.25996 1.35126
6.60185 -2.14507 1.35126
6.63828 -2.02953 1.89105
6.67269 -1.91336 2.51539
6.70507 -1.79662 2.51539
6.7354 -1.67932 3.21777
6.76368 -1.56152 3.21777
6.78991 -1.44324 3.95149
6.81406 -1.32452 4.64221
6.83614 -1.2054 4.64221
6.85613 -1.0859 5.22952
6.87404 -0.966083 5.22952
6.88985 -0.845968 5.68884
6.90357 -0.725594 5.68884
6.91518 -0.605 6.02234
6.92469 -0.484221 6.2426
6.93208 -0.363295 6.2426
6.93737 -0.242258 6.36208
6.94054 -0.121148 6.36208

7.02138 0 6.38872
7.02031 0.12254 6.32445
7.01711 0.245043 6.32445
7.01176 0.367471 6.16474
7.00428 0.489787 6.16474
6.99467 0.611954 5.89932
6.98292 0.733934 5.51431
6.96905 0.855691 5.51431
6.95305 0.977188 4.99832
6.93494 1.09839 4.99832
6.91471 1.21925 4.35608
6.89238 1.33974 4.35608
6.86795 1.45983 3.62724
6.84143 1.57947 2.88885
6.81282 1.69863 2.88885
6.78214 1.81727 2.21368
6.74939 1.93536 2.21368
6.71458 2.05285 1.62722
6.67773 2.16973 1.12088
6.63885 2.28594 1.12088
6.59794 2.40145 0.671695
6.55503 2.51624 0.671695
6.51011 2.63026 0.252978
6.46322 2.74347 0.252978
6.41435 2.85585 -0.162052
6.36354 2.96737 -0.599588
6.31078 3.07797 -0.599588
6.2561 3.18764 -1.08418
6.19951 3.29634 -1.08418
6.14104 3.40403 -1.63406
6.0807 3.51069 -2.25004
6.0185 3.61628 -2.25004
5.95447 3.72077 -2.90204
5.88863 3.82412 -2.90204
5.82099 3.92631 -3.53193
5.75158 4.0273 -3.53193
5.68042 4.12707 -4.08179
5.60753 4.22557 -4.52056
5.53293 4.3228 -4.52056
5.45664 4.4187 -4.84467
5.37869 4.51326 -4.84467
5.29911 4.60644 -5.06394
5.21791 4.69822 -5.19009
5.13512 4.78857 -5.19009
5.05076 4.87746 -5.23144
4.96487 4.96487 -5.23144
4.87746 5.05076 -5.19106
4.78857 5.13512 -5.19106
4.69822 5.21791 -5.06645
4.60644 5.29911 -4.84982
4.51326 5.37869 -4.84982
4.4187 5.45664 -4.52966
4.3228 5.53293 -4.52966
4.22557 5.60753 -4.09516
4.12707 5.68042 -3.54633
4.0273 5.75158 -3.54633
3.92631 5.82099 -2.91025
3.82412 5.88863 -2.91025
3.72077 5.95447 -2.24967
3.61628 6.0185 -2.24967
3.51069 6.0807 -1.62781
3.40403 6.14104 -1.07401
3.29634 6.19951 -1.07401
3.18764 6.2561 -0.586026
3.07797 6.31078 -0.586026
2.96737 6.36354 -0.145991
2.85585 6.41435 0.269608
2.74347 6.46322 0.269608
2.63026 6.51011 0.685834
2.51624 6.55503 0.685834
2.40145 6.59794 1.1282
2.28594 6.63885 1.1282
2.16973 6.67773 1.62172
2.05285 6.71458 2.18727
1.93536 6.74939 2.18727
1.81727 6.78214 2.83192
1.69863 6.81282 2.83192
1.57947 6.84143 3.534
1.45983 6.86795 4.23676
1.33974 6.89238 4.23676
1.21925 6.91471 4.87098
1.09839 6.93494 4.87098
0.977188 6.95305 5.39261
0.855691 6.96905 5.39261
0.733934 6.98292 5.79267
0.611954 6.99467 6.08068
0.489787 7.00428 6.08068
0.367471 7.01176 6.27023
0.245043 7.01711 6.27023
0.12254 7.02031 6.37203
4.29936e-16 7.02138 6.39144
-0.12254 7.02031 6.39144
-0.245043 7.01711 6.32796
-0.367471 7.01176 6.32796
-0.489787 7.00428 6.1754
-0.611954 6.99467 6.1754
-0.733934 6.98292 5.92324
-0.855691 6.96905 5.56088
-0.977188 6.95305 5.56088
-1.09839 6.93494 5.08776
-1.21925 6.91471 5.08776
-1.33974 6.89238 4.52965
-1.45983 6.86795 3.94686
-1.57947 6.84143 3.94686
-1.69863 6.81282 3.41143
-1.81727 6.78214 3.41143
-1.93536 6.74939 2.97216
-2.05285 6.71458 2.97216
-2.16973 6.67773 2.64495
-2.28594 6.63885 2.42581
-2.40145 6.59794 2.42581
-2.51624 6.55503 2.30522
-2.63026 6.51011 2.30522
-2.74347 6.46322 2.27605
-2.85585 6.41435 2.33634
-2.96737 6.36354 2.33634
-3.07797 6.31078 2.48931
-3.18764 6.2561 2.48931
-3.29634 6.19951 2.74077
-3.40403 6.14104 2.74077
-3.51069 6.0807 3.09251
-3.61628 6.0185 3.52924
-3.72077 5.95447 3.52924
-3.82412 5.88863 4.00261
-3.92631 5.82099 4.00261
-4.0273 5.75158 4.44115
-4.12707 5.68042 4.80015
-4.22557 5.60753 4.80015
-4.3228 5.53293 5.06668
-4.4187 5.45664 5.06668
-4.51326 5.37869 5.24508
-4.60644 5.29911 5.24508
-4.69822 5.21791 5.34456
-4.78857 5.13512 5.37294
-4.87746 5.05076 5.37294
-4.96487 4.96487 5.33409
-5.05076 4.87746 5.33409
-5.13512 4.78857 5.22721
-5.21791 4.69822 5.04677
-5.29911 4.60644 5.04677
-5.37869 4.51326 4.78317
-5.45664 4.4187 4.78317
-5.53293 4.3228 4.42541
-5.60753 4.22557 4.42541
-5.68042 4.12707 3.96762
-5.75158 4.0273 3.42102
-5.82099 3.92631 3.42102
-5.88863 3.82412 2.82421
-5.95447 3.72077 2.82421
-6.0185 3.61628 2.23386
-6.0807 3.51069 1.69455
-6.14104 3.40403 1.69455
-6.19951 3.29634 1.22006
-6.2561 3.18764 1.22006
-6.31078 3.07797 0.800589
-6.36354 2.96737 0.800589
-6.41435 2.85585 0.416171
-6.46322 2.74347 0.0440189
-6.51011 2.63026 0.0440189
-6.55503 2.51624 -0.339185
-6.59794 2.40145 -0.339185
-6.63885 2.28594 -0.756782
-6.67773 2.16973 -1.23059
-6.71458 2.05285 -1.23059
-6.74939 1.93536 -1.77516
-6.78214 1.81727 -1.77516
-6.81282 1.69863 -2.38513
-6.84143 1.57947 -2.38513
-6.86795 1.45983 -3.02067
-6.89238 1.33974 -3.61817
-6.91471 1.21925 -3.61817
-6.93494 1.09839 -4.12597
-6.95305 0.977188 -4.12597
-6.96905 0.855691 -4.52305
-6.98292 0.733934 -4.81135
-6.99467 0.611954 -4.81135
-7.00428 0.489787 -5.00167
-7.01176 0.367471 -5.00167
-7.01711 0.245043 -5.10473
-7.02031 0.12254 -5.10473
-7.02138 8.59872e-16 -5.12733
-7.02031 -0.12254 -5.07111
-7.01711 -0.245043 -5.07111
-7.01176 -0.367471 -4.9322
-7.00428 -0.489787 -4.9322
-6.99467 -0.611954 -4.70174
-6.98292 -0.733934 -4.70174
-6.96905 -0.855691 -4.36777
-6.95305 -0.977188 -3.92049
-6.93494 -1.09839 -3.92049
-6.91471 -1.21925 -3.36382
-6.89238 -1.33974 -3.36382
-6.86795 -1.45983 -2.73164
-6.84143 -1.57947 -2.08983
-6.81282 -1.69863 -2.08983
-6.78214 -1.81727 -1.50055
-6.74939 -1.93536 -1.50055
-6.71458 -2.05285 -0.985355
-6.67773 -2.16973 -0.985355
-6.63885 -2.28594 -0.536533
-6.59794 -2.40145 -0.133904
-6.55503 -2.51624 -0.133904
-6.51011 -2.63026 0.246052
-6.46322 -2.74347 0.246052
-6.41435 -2.85585 0.627129
-6.36354 -2.96737 1.03282
-6.31078 -3.07797 1.03282
-6.2561 -3.18764 1.48531
-6.19951 -3.29634 1.48531
-6.14104 -3.40403 2.00115
-6.0807 -3.51069 2.00115
-6.0185 -3.61628 2.58089
-5.95447 -3.72077 3.1967
-5.88863 -3.82412 3.1967
-5.82099 -3.92631 3.7949
-5.75158 -4.0273 3.7949
-5.68042 -4.12707 4.32208
-5.60753 -4.22557 4.74976
-5.53293 -4.3228 4.74976
-5.45664 -4.4187 5.07492
-5.37869 -4.51326 5.07492
-5.29911 -4.60644 5.30698
-5.21791 -4.69822 5.30698
-5.13512 -4.78857 5.45727
-5.05076 -4.87746 5.53405
-4.96487 -4.96487 5.53405
-4.87746 -5.05076 5.54089
-4.78857 -5.13512 5.54089
-4.69822 -5.21791 5.47639
-4.60644 -5.29911 5.33451
-4.51326 -5.37869 5.33451
-4.4187 -5.45664 5.10603
-4.3228 -5.53293 5.10603
-4.22557 -5.60753 4.78278
-4.12707 -5.68042 4.78278
-4.0273 -5.75158 4.36705
-3.92631 -5.82099 3.88681
-3.82412 -5.88863 3.88681
-3.72077 -5.95447 3.40383
-3.61628 -6.0185 3.40383
-3.51069 -6.0807 2.98148
-3.40403 -6.14104 2.65352
-3.29634 -6.19951 2.65352
-3.18764 -6.2561 2.42678
-3.07797 -6.31078 2.42678
-2.96737 -6.36354 2.29664
-2.85585 -6.41435 2.29664
-2.74347 -6.46322 2.25735
-2.63026 -6.51011 2.30689
-2.51624 -6.55503 2.30689
-2.40145 -6.59794 2.4485
-2.28594 -6.63885 2.4485
-2.16973 -6.67773 2.6898
-2.05285 -6.71458 3.03845
-1.93536 -6.74939 3.03845
-1.81727 -6.78214 3.49206
-1.69863 -6.81282 3.49206
-1.57947 -6.84143 4.02317
-1.45983 -6.86795 4.02317
-1.33974 -6.89238 4.57266
-1.21925 -6.91471 5.07072
-1.09839 -6.93494 5.07072
-0.977188 -6.95305 5.4723
-0.855691 -6.96905 5.4723
-0.733934 -6.98292 5.76628
-0.611954 -6.99467 5.95953
-0.489787 -7.00428 5.95953
-0.367471 -7.01176 6.06309
-0.245043 -7.01711 6.06309
-0.12254 -7.02031 6.08546
-1.28981e-15 -7.02138 6.08546
0.12254 -7.02031 6.03015
0.245043 -7.01711 5.89514
0.367471 -7.01176 5.89514
0.489787 -7.00428 5.67296
0.611954 -6.99467 5.67296
0.733934 -6.98292 5.3519
0.855691 -6.96905 4.91994
0.977188 -6.95305 4.91994
1.09839 -6.93494 4.37424
1.21925 -6.91471 4.37424
1.33974 -6.89238 3.7365
1.45983 -6.86795 3.7365
1.57947 -6.84143 3.06049
1.69863 -6.81282 2.41021
1.81727 -6.78214 2.41021
1.93536 -6.74939 1.82623
2.05285 -6.71458 1.82623
2.16973 -6.67773 1.31611
2.28594 -6.63885 0.865984
2.40145 -6.59794 0.865984
2.51624 -6.55503 0.4534
2.63026 -6.51011 0.4534
2.74347 -6.46322 0.0538
2.85585 -6.41435 0.0538
2.96737 -6.36354 -0.357495
3.07797 -6.31078 -0.804736
3.18764 -6.2561 -0.804736
3.29634 -6.19951 -1.30986
3.40403 -6.14104 -1.30986
3.51069 -6.0807 -1.88639
3.61628 -6.0185 -2.52598
3.72077 -5.95447 -2.52598
3.82412 -5.88863 -3.18144
3.92631 -5.82099 -3.18144
4.0273 -5.75158 -3.77835
4.12707 -5.68042 -3.77835
4.22557 -5.60753 -4.27085
4.3228 -5.53293 -4.64748
4.4187 -5.45664 -4.64748
4.51326 -5.37869 -4.91531
4.60644 -5.29911 -4.91531
4.69822 -5.21791 -5.08638
4.78857 -5.13512 -5.17078
4.87746 -5.05076 -5.17078
4.96487 -4.96487 -5.17396
5.05076 -4.87746 -5.17396
5.13512 -4.78857 -5.09595
5.21791 -4.69822 -5.09595
5.29911 -4.60644 -4.93136
5.37869 -4.51326 -4.67017
5.45664 -4.4187 -4.67017
5.53293 -4.3228 -4.30062
5.60753 -4.22557 -4.30062
5.68042 -4.12707 -3.81661
5.75158 -4.0273 -3.23089
5.82099 -3.92631 -3.23089
5.88863 -3.82412 -2.58652
5.95447 -3.72077 -2.58652
6.0185 -3.61628 -1.94654
6.0807 -3.51069 -1.94654
6.14104 -3.40403 -1.36048
6.19951 -3.29634 -0.843651
6.2561 -3.18764 -0.843651
6.31078 -3.07797 -0.385029
6.36354 -2.96737 -0.385029
6.41435 -2.85585 0.0377721
6.46322 -2.74347 0.45043
6.51011 -2.63026 0.45043
6.55503 -2.51624 0.879381
6.59794 -2.40145 0.879381
6.63885 -2.28594 1.35126
6.67773 -2.16973 1.35126
6.71458 -2.05285 1.89105
6.74939 -1.93536 2.51539
6.78214 -1.81727 2.51539
6.81282 -1.69863 3.21777
6.84143 -1.57947 3.21777
6.86795 -1.45983 3.95149
6.89238 -1.33974 4.64221
6.91471 -1.21925 4.64221
6.93494 -1.09839 5.22952
6.95305 -0.977188 5.22952
6.96905 -0.855691 5.68884
6.98292 -0.733934 5.68884
6.99467 -0.611954 6.02234
7.00428 -0.489787 6.2426
7.01176 -0.367471 6.2426
7.01711 -0.245043 6.36208
7.02031 -0.12254 6.36208

7.10117 0 7.13076
7.10009 0.123933 7.07057
7.09685 0.247827 7.07057
7.09144 0.371647 6.91939
7.08387 0.495353 6.91939
7.07415 0.618908 6.66163
7.06227 0.742275 6.2721
7.04824 0.865415 6.2721
7.03206 0.988292 5.71921
7.01375 1.11087 5.71921
6.99329 1.23311 4.98021
6.9707 1.35497 4.08257
6.94599 1.47642 4.08257
6.91917 1.59742 3.15205
6.89024 1.71793 3.15205
6.85921 1.83792 2.34373
6.82609 1.95735 1.69118
6.79089 2.07618 1.69118
6.75362 2.19438 1.16695
6.71429 2.31192 1.16695
6.67292 2.42874 0.729976
6.62952 2.54483 0.341794
6.58409 2.66015 0.341794
6.53666 2.77465 -0.0316375
6.48724 2.88831 -0.0316375
6.43585 3.00109 -0.422711
6.38249 3.11295 -0.865423
6.32719 3.22386 -0.865423
6.26996 3.3338 -1.3961
6.21083 3.44272 -1.3961
6.1498 3.55059 -2.04511
6.08689 3.65737 -2.80849
6.02214 3.76305 -2.80849
5.95554 3.86758 -3.61371
5.88714 3.97093 -3.61371
5.81694 4.07307 -4.34638
5.74497 4.17396 -4.93111
5.67125 4.27359 -4.93111
5.5958 4.37192 -5.35875
5.51865 4.46891 -5.35875
5.43981 4.56455 -5.65256
5.35932 4.65879 -5.83866
5.2772 4.75161 -5.83866
5.19347 4.84299 -5.93605
5.10816 4.93289 -5.93605
5.02129 5.02129 -5.9551
4.93289 5.10816 -5.89808
4.84299 5.19347 -5.89808
4.75161 5.2772 -5.75937
4.65879 5.35932 -5.75937
4.56455 5.43981 -5.52513
4.46891 5.51865 -5.17327
4.37192 5.5958 -5.17327
4.27359 5.67125 -4.67673
4.17396 5.74497 -4.67673
4.07307 5.81694 -4.01774
3.97093 5.88714 -3.22439
3.86758 5.95554 -3.22439
3.76305 6.02214 -2.41565
3.65737 6.08689 -2.41565
3.55059 6.1498 -1.70207
3.44272 6.21083 -1.11295
3.3338 6.26996 -1.11295
3.22386 6.32719 -0.627738
3.11295 6.38249 -0.627738
3.00109 6.43585 -0.212521
2.88831 6.48724 0.166613
2.77465 6.53666 0.166613
2.66015 6.58409 0.541397
2.54483 6.62952 0.541397
2.42874 6.67292 0.943419
2.31192 6.71429 1.40687
2.19438 6.75362 1.40687
2.07618 6.79089 1.96893
1.95735 6.82609 1.96893
1.83792 6.85921 2.66133
1.71793 6.89024 3.48293
1.59742 6.91917 3.48293
1.47642 6.94599 4.36095
1.35497 6.9707 4.36095
1.23311 6.99329 5.16591
1.11087 7.01375 5.80858
0.988292 7.03206 5.80858
0.865415 7.04824 6.28317
0.742275 7.06227 6.28317
0.618908 7.07415 6.61684
0.495353 7.08387 6.8384
0.371647 7.09144 6.8384
0.247827 7.09685 6.96862
0.123933 7.10009 6.96862
4.34821e-16 7.10117 7.019
-0.123933 7.10009 6.99241
-0.247827 7.09685 6.99241
-0.371647 7.09144 6.88332
-0.495353 7.08387 6.88332
-0.618908 7.07415 6.67737
-0.742275 7.06227 6.35144
-0.865415 7.04824 6.35144
-0.988292 7.03206 5.87796
-1.11087 7.01375 5.87796
-1.23311 6.99329 5.24328
-1.35497 6.9707 4.48875
-1.47642 6.94599 4.48875
-1.59742 6.91917 3.73128
-1.71793 6.89024 3.73128
-1.83792 6.85921 3.08775
-1.95735 6.82609 2.60385
-2.07618 6.79089 2.60385
-2.19438 6.75362 2.2699
-2.31192 6.71429 2.2699
-2.42874 6.67292 2.0605
-2.54483 6.62952 1.95458
-2.66015 6.58409 1.95458
-2.77465 6.53666 1.94088
-2.88831 6.48724 1.94088
-3.00109 6.43585 2.01858
-3.11295 6.38249 2.19682
-3.22386 6.32719 2.19682
-3.3338 6.26996 2.49314
-3.44272 6.21083 2.49314
-3.55059 6.1498 2.92686
-3.65737 6.08689 3.49854
-3.76305 6.02214 3.49854
-3.86758 5.95554 4.1444
-3.97093 5.88714 4.1444
-4.07307 5.81694 4.72369
-4.17396 5.74497 5.17302
-4.27359 5.67125 5.17302
-4.37192 5.5958 5.49192
-4.46891 5.51865 5.49192
-4.56455 5.43981 5.70155
-4.65879 5.35932 5.82346
-4.75161 5.2772 5.82346
-4.84299 5.19347 5.8729
-4.93289 5.10816 5.8729
-5.02129 5.02129 5.85786
-5.10816 4.93289 5.77944
-5.19347 4.84299 5.77944
-5.2772 4.75161 5.63185
-5.35932 4.65879 5.63185
-5.43981 4.56455 5.40206
-5.51865 4.46891 5.06978
-5.5958 4.37192 5.06978
-5.67125 4.27359 4.61101
-5.74497 4.17396 4.61101
-5.81694 4.07307 4.01223
-5.88714 3.97093 3.30174
-5.95554 3.86758 3.30174
-6.02214 3.76305 2.56995
-6.08689 3.65737 2.56995
-6.1498 3.55059 1.91649
-6.21083 3.44272 1.37821
-6.26996 3.3338 1.37821
-6.32719 3.22386 0.937842
-6.38249 3.11295 0.937842
-6.43585 3.00109 0.562979
-6.48724 2.88831 0.221739
-6.53666 2.77465 0.221739
-6.58409 2.66015 -0.115072
-6.62952 2.54483 -0.115072
-6.67292 2.42874 -0.476205
-6.71429 2.31192 -0.892796
-6.75362 2.19438 -0.892796
-6.79089 2.07618 -1.39908
-6.82609 1.95735 -1.39908
-6.85921 1.83792 -2.02525
-6.89024 1.71793 -2.77103
-6.91917 1.59742 -2.77103
-6.94599 1.47642 -3.55933
-6.9707 1.35497 -3.55933
-6.99329 1.23311 -4.27105
-7.01375 1.11087 -4.83674
-7.03206 0.988292 -4.83674
-7.04824 0.865415 -5.2511
-7.06227 0.742275 -5.2511
-7.07415 0.618908 -5.53685
-7.08387 0.495353 -5.71884
-7.09144 0.371647 -5.71884
-7.09685 0.247827 -5.81522
-7.10009 0.123933 -5.81522
-7.10117 8.69643e-16 -5.83603
-7.10009 -0.123933 -5.78357
-7.09685 -0.247827 -5.78357
-7.09144 -0.371647 -5.65243
-7.08387 -0.495353 -5.65243
-7.07415 -0.618908 -5.42921
-7.06227 -0.742275 -5.09231
-7.04824 -0.865415 -5.09231
-7.03206 -0.988292 -4.61456
-7.01375 -1.11087 -4.61456
-6.99329 -1.23311 -3.97641
-6.9707 -1.35497 -3.20129
-6.94599 -1.47642 -3.20129
-6.91917 -1.59742 -2.39687
-6.89024 -1.71793 -2.39687
-6.85921 -1.83792 -1.69591
-6.82609 -1.95735 -1.12695
-6.79089 -2.07618 -1.12695
-6.75362 -2.19438 -0.666172
-6.71429 -2.31192 -0.666172
-6.67292 -2.42874 -0.277933
-6.62952 -2.54483 0.0713144
-6.58409 -2.66015 0.0713144
-6.53666 -2.77465 0.411587
-6.48724 -2.88831 0.411587
-6.43585 -3.00109 0.77183
-6.38249 -3.11295 1.1828
-6.32719 -3.22386 1.1828
-6.26996 -3.3338 1.67765
-6.21083 -3.44272 1.67765
-6.1498 -3.55059 2.28419
-6.08689 -3.65737 2.99861
-6.02214 -3.76305 2.99861
-5.95554 -3.86758 3.75388
-5.88714 -3.97093 3.75388
-5.81694 -4.07307 4.44435
-5.74497 -4.17396 5.00045
-5.67125 -4.27359 5.00045
-5.5958 -4.37192 5.41393
-5.51865 -4.46891 5.41393
-5.43981 -4.56455 5.70648
-5.35932 -4.65879 5.90256
-5.2772 -4.75161 5.90256
-5.19347 -4.84299 6.02011
-5.10816 -4.93289 6.02011
-5.02129 -5.02129 6.06919
-4.93289 -5.10816 6.0525
-4.84299 -5.19347 6.0525
-4.75161 -5.2772 5.96561
-4.65879 -5.35932 5.96561
-4.56455 -5.43981 5.79667
-4.46891 -5.51865 5.52647
-4.37192 -5.5958 5.52647
-4.27359 -5.67125 5.1315
-4.17396 -5.74497 5.1315
-4.07307 -5.81694 4.5973
-3.97093 -5.88714 3.95236
-3.86758 -5.95554 3.95236
-3.76305 -6.02214 3.3098
-3.65737 -6.08689 3.3098
-3.55059 -6.1498 2.77616
-3.44272 -6.21083 2.38443
-3.3338 -6.26996 2.38443
-3.22386 -6.32719 2.12386
-3.11295 -6.38249 2.12386
-3.00109 -6.43585 1.97456
-2.88831 -6.48724 1.92142
-2.77465 -6.53666 1.92142
-2.66015 -6.58409 1.95837
-2.54483 -6.62952 1.95837
-2.42874 -6.67292 2.08937
-2.31192 -6.71429 2.32855
-2.19438 -6.75362 2.32855
-2.07618 -6.79089 2.69826
-1.95735 -6.82609 2.69826
-1.83792 -6.85921 3.21942
-1.71793 -6.89024 3.88424
-1.59742 -6.91917 3.88424
-1.47642 -6.94599 4.61867
-1.35497 -6.9707 4.61867
-1.23311 -6.99329 5.29602
-1.11087 -7.01375 5.82864
-0.988292 -7.03206 5.82864
-0.865415 -7.04824 6.20876
-0.742275 -7.06227 6.20876
-0.618908 -7.07415 6.46032
-0.495353 -7.08387 6.6091
-0.371647 -7.09144 6.6091
-0.247827 -7.09685 6.67344
-0.123933 -7.10009 6.67344
-1.30446e-15 -7.10117 6.66301
0.123933 -7.10009 6.57931
0.247827 -7.09685 6.57931
0.371647 -7.09144 6.41589
0.495353 -7.08387 6.41589
0.618908 -7.07415 6.15781
0.742275 -7.06227 5.78168
0.865415 -7.04824 5.78168
0.988292 -7.03206 5.25969
1.11087 -7.01375 5.25969
1.23311 -6.99329 4.57687
1.35497 -6.9707 3.77
1.47642 -6.94599 3.77
1.59742 -6.91917 2.94691
1.71793 -6.89024 2.94691
1.83792 -6.85921 2.2145
1.95735 -6.82609 1.61064
2.07618 -6.79089 1.61064
2.19438 -6.75362 1.11865
2.31192 -6.71429 1.11865
2.42874 -6.67292 0.704037
2.54483 -6.62952 0.332128
2.66015 -6.58409 0.332128
2.77465 -6.53666 -0.0286111
2.88831 -6.48724 -0.0286111
3.00109 -6.43585 -0.408528
3.11295 -6.38249 -0.839611
3.22386 -6.32719 -0.839611
3.3338 -6.26996 -1.35659
3.44272 -6.21083 -1.35659
3.55059 -6.1498 -1.99172
3.65737 -6.08689 -2.75344
3.76305 -6.02214 -2.75344
3.86758 -5.95554 -3.57669
3.97093 -5.88714 -3.57669
4.07307 -5.81694 -4.30957
4.17396 -5.74497 -4.88491
4.27359 -5.67125 -4.88491
4.37192 -5.5958 -5.30463
4.46891 -5.51865 -5.30463
4.56455 -5.43981 -5.5941
4.65879 -5.35932 -5.77874
4.75161 -5.2772 -5.77874
4.84299 -5.19347 -5.87664
4.93289 -5.10816 -5.87664
5.02129 -5.02129 -5.89763
5.10816 -4.93289 -5.84367
5.19347 -4.84299 -5.84367
5.2772 -4.75161 -5.70896
5.35932 -4.65879 -5.70896
5.43981 -4.56455 -5.47955
5.51865 -4.46891 -5.1333
5.5958 -4.37192 -5.1333
5.67125 -4.27359 -4.64393
5.74497 -4.17396 -4.64393
5.81694 -4.07307 -3.99663
5.88714 -3.97093 -3.22304
5.95554 -3.86758 -3.22304
6.02214 -3.76305 -2.42359
6.08689 -3.65737 -2.42359
6.1498 -3.55059 -1.70895
6.21083 -3.44272 -1.11999
6.26996 -3.3338 -1.11999
6.32719 -3.22386 -0.637443
6.38249 -3.11295 -0.637443
6.43585 -3.00109 -0.225167
6.48724 -2.88831 0.152575
6.53666 -2.77465 0.152575
6.58409 -2.66015 0.528741
6.62952 -2.54483 0.528741
6.67292 -2.42874 0.936079
6.71429 -2.31192 1.41035
6.75362 -2.19438 1.41035
6.79089 -2.07618 1.99111
6.82609 -1.95735 1.99111
6.85921 -1.83792 2.71326
6.89024 -1.71793 3.5763
6.91917 -1.59742 3.5763
6.94599 -1.47642 4.49011
6.9707 -1.35497 4.49011
6.99329 -1.23311 5.31561
7.01375 -1.11087 5.97171
7.03206 -0.988292 5.97171
7.04824 -0.865415 6.45215
7.06227 -0.742275 6.45215
7.07415 -0.618908 6.78338
7.08387 -0.495353 6.99436
7.09144 -0.371647 6.99436
7.09685 -0.247827 7.10625
7.10009 -0.123933 7.10625

7.18096 0 7.13076
7.17987 0.125325 7.07057
7.17659 0.250612 7.07057
7.17112 0.375822 6.91939
7.16347 0.500919 6.91939
7.15364 0.625862 6.66163
7.14162 0.750615 6.2721
7.12744 0.875139 6.2721
7.11108 0.999397 5.71921
7.09255 1.12335 5.71921
7.07187 1.24696 4.98021
7.04903 1.37019 4.08257
7.02404 1.49301 4.08257
6.99691 1.61536 3.15205
6.96766 1.73723 3.15205
6.93628 1.85857 2.34373
6.90278 1.97934 1.69118
6.86719 2.09951 1.69118
6.8295 2.21904 1.16695
6.78973 2.33789 1.16695
6.7479 2.45603 0.729976
6.704 2.57343 0.341794
6.65807 2.69004 0.341794
6.61011 2.80583 -0.0316375
6.56013 2.92076 -0.0316375
6.50816 3.03481 -0.422711
6.45421 3.14793 -0.865423
6.39828 3.26009 -0.865423
6.34041 3.37126 -1.3961
6.28061 3.4814 -1.3961
6.21889 3.59048 -2.04511
6.15528 3.69847 -2.80849
6.0898 3.80533 -2.80849
6.02246 3.91103 -3.61371
5.95329 4.01554 -3.61371
5.8823 4.11883 -4.34638
5.80952 4.22086 -4.93111
5.73497 4.32161 -4.93111
5.65867 4.42104 -5.35875
5.58065 4.51913 -5.35875
5.50094 4.61583 -5.65256
5.41954 4.71113 -5.83866
5.33649 4.805 -5.83866
5.25182 4.8974 -5.93605
5.16555 4.98831 -5.93605
5.07771 5.07771 -5.9551
4.98831 5.16555 -5.89808
4.8974 5.25182 -5.89808
4.805 5.33649 -5.75937
4.71113 5.41954 -5.75937
4.61583 5.50094 -5.52513
4.51913 5.58065 -5.17327
4.42104 5.65867 -5.17327
4.32161 5.73497 -4.67673
4.22086 5.80952 -4.67673
4.11883 5.8823 -4.01774
4.01554 5.95329 -3.22439
3.91103 6.02246 -3.22439
3.80533 6.0898 -2.41565
3.69847 6.15528 -2.41565
3.59048 6.21889 -1.70207
3.4814 6.28061 -1.11295
3.37126 6.34041 -1.11295
3.26009 6.39828 -0.627738
3.14793 6.45421 -0.627738
3.03481 6.50816 -0.212521
2.92076 6.56013 0.166613
2.80583 6.61011 0.166613
2.69004 6.65807 0.541397
2.57343 6.704 0.541397
2.45603 6.7479 0.943419
2.33789 6.78973 1.40687
2.21904 6.8295 1.40687
2.09951 6.86719 1.96893
1.97934 6.90278 1.96893
1.85857 6.93628 2.66133
1.73723 6.96766 3.48293
1.61536 6.99691 3.48293
1.49301 7.02404 4.36095
1.37019 7.04903 4.36095
1.24696 7.07187 5.16591
1.12335 7.09255 5.80858
0.999397 7.11108 5.80858
0.875139 7.12744 6.28317
0.750615 7.14162 6.28317
0.625862 7.15364 6.61684
0.500919 7.16347 6.8384
0.375822 7.17112 6.8384
0.250612 7.17659 6.96862
0.125325 7.17987 6.96862
4.39707e-16 7.18096 7.019
-0.125325 7.17987 6.99241
-0.250612 7.17659 6.99241
-0.375822 7.17112 6.88332
-0.500919 7.16347 6.88332
-0.625862 7.15364 6.67737
-0.750615 7.14162 6.35144
-0.875139 7.12744 6.35144
-0.999397 7.11108 5.87796
-1.12335 7.09255 5.87796
-1.24696 7.07187 5.24328
-1.37019 7.04903 4.48875
-1.49301 7.02404 4.48875
-1.61536 6.99691 3.73128
-1.73723 6.96766 3.73128
-1.85857 6.93628 3.08775
-1.97934 6.90278 2.60385
-2.09951 6.86719 2.60385
-2.21904 6.8295 2.2699
-2.33789 6.78973 2.2699
-2.45603 6.7479 2.0605
-2.57343 6.704 1.95458
-2.69004 6.65807 1.95458
-2.80583 6.61011 1.94088
-2.92076 6.56013 1.94088
-3.03481 6.50816 2.01858
-3.14793 6.45421 2.19682
-3.26009 6.39828 2.19682
-3.37126 6.34041 2.49314
-3.4814 6.28061 2.49314
-3.59048 6.21889 2.92686
-3.69847 6.15528 3.49854
-3.80533 6.0898 3.49854
-3.91103 6.02246 4.1444
-4.01554 5.95329 4.1444
-4.11883 5.8823 4.72369
-4.22086 5.80952 5.17302
-4.32161 5.73497 5.17302
-4.42104 5.65867 5.49192
-4.51913 5.58065 5.49192
-4.61583 5.50094 5.70155
-4.71113 5.41954 5.82346
-4.805 5.33649 5.82346
-4.8974 5.25182 5.8729
-4.98831 5.16555 5.8729
-5.07771 5.07771 5.85786
-5.16555 4.98831 5.77944
-5.25182 4.8974 5.77944
-5.33649 4.805 5.63185
-5.41954 4.71113 5.63185
-5.50094 4.61583 5.40206
-5.58065 4.51913 5.06978
-5.65867 4.42104 5.06978
-5.73497 4.32161 4.61101
-5.80952 4.22086 4.61101
-5.8823 4.11883 4.01223
-5.95329 4.01554 3.30174
-6.02246 3.91103 3.30174
-6.0898 3.80533 2.56995
-6.15528 3.69847 2.56995
-6.21889 3.59048 1.91649
-6.28061 3.4814 1.37821
-6.34041 3.37126 1.37821
-6.39828 3.26009 0.937842
-6.45421 3.14793 0.937842
-6.50816 3.03481 0.562979
-6.56013 2.92076 0.221739
-6.61011 2.80583 0.221739
-6.65807 2.69004 -0.115072
-6.704 2.57343 -0.115072
-6.7479 2.45603 -0.476205
-6.78973 2.33789 -0.892796
-6.8295 2.21904 -0.892796
-6.86719 2.09951 -1.39908
-6.90278 1.97934 -1.39908
-6.93628 1.85857 -2.02525
-6.96766 1.73723 -2.77103
-6.99691 1.61536 -2.77103
-7.02404 1.49301 -3.55933
-7.04903 1.37019 -3.55933
-7.07187 1.24696 -4.27105
-7.09255 1.12335 -4.83674
-7.11108 0.999397 -4.83674
-7.12744 0.875139 -5.2511
-7.14162 0.750615 -5.2511
-7.15364 0.625862 -5.53685
-7.16347 0.500919 -5.71884
-7.17112 0.375822 -5.71884
-7.17659 0.250612 -5.81522
-7.17987 0.125325 -5.81522
-7.18096 8.79414e-16 -5.83603
-7.17987 -0.125325 -5.78357
-7.17659 -0.250612 -5.78357
-7.17112 -0.375822 -5.65243
-7.16347 -0.500919 -5.65243
-7.15364 -0.625862 -5.42921
-7.14162 -0.750615 -5.09231
-7.12744 -0.875139 -5.09231
-7.11108 -0.999397 -4.61456
-7.09255 -1.12335 -4.61456
-7.07187 -1.24696 -3.97641
-7.04903 -1.37019 -3.20129
-7.02404 -1.49301 -3.20129
-6.99691 -1.61536 -2.39687
-6.96766 -1.73723 -2.39687
-6.93628 -1.85857 -1.69591
-6.90278 -1.97934 -1.12695
-6.86719 -2.09951 -1.12695
-6.8295 -2.21904 -0.666172
-6.78973 -2.33789 -0.666172
-6.7479 -2.45603 -0.277933
-6.704 -2.57343 0.0713144
-6.65807 -2.69004 0.0713144
-6.61011 -2.80583 0.411587
-6.56013 -2.92076 0.411587
-6.50816 -3.03481 0.77183
-6.45421 -3.14793 1.1828
-6.39828 -3.26009 1.1828
-6.34041 -3.37126 1.67765
-6.28061 -3.4814 1.67765
-6.21889 -3.59048 2.28419
-6.15528 -3.69847 2.99861
-6.0898 -3.80533 2.99861
-6.02246 -3.91103 3.75388
-5.95329 -4.01554 3.75388
-5.8823 -4.11883 4.44435
-5.80952 -4.22086 5.00045
-5.73497 -4.32161 5.00045
-5.65867 -4.42104 5.41393
-5.58065 -4.51913 5.41393
-5.50094 -4.61583 5.70648
-5.41954 -4.71113 5.90256
-5.33649 -4.805 5.90256
-5.25182 -4.8974 6.02011
-5.16555 -4.98831 6.02011
-5.07771 -5.07771 6.06919
-4.98831 -5.16555 6.0525
-4.8974 -5.25182 6.0525
-4.805 -5.33649 5.96561
-4.71113 -5.41954 5.96561
-4.61583 -5.50094 5.79667
-4.51913 -5.58065 5.52647
-4.42104 -5.65867 5.52647
-4.32161 -5.73497 5.1315
-4.22086 -5.80952 5.1315
-4.11883 -5.8823 4.5973
-4.01554 -5.95329 3.95236
-3.91103 -6.02246 3.95236
-3.80533 -6.0898 3.3098
-3.69847 -6.15528 3.3098
-3.59048 -6.21889 2.77616
-3.4814 -6.28061 2.38443
-3.37126 -6.34041 2.38443
-3.26009 -6.39828 2.12386
-3.14793 -6.45421 2.12386
-3.03481 -6.50816 1.97456
-2.92076 -6.56013 1.92142
-2.80583 -6.61011 1.92142
-2.69004 -6.65807 1.95837
-2.57343 -6.704 1.95837
-2.45603 -6.7479 2.08937
-2.33789 -6.78973 2.32855
-2.21904 -6.8295 2.32855
-2.09951 -6.86719 2.69826
-1.97934 -6.90278 2.69826
-1.85857 -6.93628 3.21942
-1.73723 -6.96766 3.88424
-1.61536 -6.99691 3.88424
-1.49301 -7.02404 4.61867
-1.37019 -7.04903 4.61867
-1.24696 -7.07187 5.29602
-1.12335 -7.09255 5.82864
-0.999397 -7.11108 5.82864
-0.875139 -7.12744 6.20876
-0.750615 -7.14162 6.20876
-0.625862 -7.15364 6.46032
-0.500919 -7.16347 6.6091
-0.375822 -7.17112 6.6091
-0.250612 -7.17659 6.67344
-0.125325 -7.17987 6.67344
-1.31912e-15 -7.18096 6.66301
0.125325 -7.17987 6.57931
0.250612 -7.17659 6.57931
0.375822 -7.17112 6.41589
0.500919 -7.16347 6.41589
0.625862 -7.15364 6.15781
0.750615 -7.14162 5.78168
0.875139 -7.12744 5.78168
0.999397 -7.11108 5.25969
1.12335 -7.09255 5.25969
1.24696 -7.07187 4.57687
1.37019 -7.04903 3.77
1.49301 -7.02404 3.77
1.61536 -6.99691 2.94691
1.73723 -6.96766 2.94691
1.85857 -6.93628 2.2145
1.97934 -6.90278 1.61064
2.09951 -6.86719 1.61064
2.21904 -6.8295 1.11865
2.33789 -6.78973 1.11865
2.45603 -6.7479 0.704037
2.57343 -6.704 0.332128
2.69004 -6.65807 0.332128
2.80583 -6.61011 -0.0286111
2.92076 -6.56013 -0.0286111
3.03481 -6.50816 -0.408528
3.14793 -6.45421 -0.839611
3.26009 -6.39828 -0.839611
3.37126 -6.34041 -1.35659
3.4814 -6.28061 -1.35659
3.59048 -6.21889 -1.99172
3.69847 -6.15528 -2.75344
3.80533 -6.0898 -2.75344
3.91103 -6.02246 -3.57669
4.01554 -5.95329 -3.57669
4.11883 -5.8823 -4.30957
4.22086 -5.80952 -4.88491
4.32161 -5.73497 -4.88491
4.42104 -5.65867 -5.30463
4.51913 -5.58065 -5.30463
4.61583 -5.50094 -5.5941
4.71113 -5.41954 -5.77874
4.805 -5.33649 -5.77874
4.8974 -5.25182 -5.87664
4.98831 -5.16555 -5.87664
5.07771 -5.07771 -5.89763
5.16555 -4.98831 -5.84367
5.25182 -4.8974 -5.84367
5.33649 -4.805 -5.70896
5.41954 -4.71113 -5.70896
5.50094 -4.61583 -5.47955
5.58065 -4.51913 -5.1333
5.65867 -4.42104 -5.1333
5.73497 -4.32161 -4.64393
5.80952 -4.22086 -4.64393
5.8823 -4.11883 -3.99663
5.95329 -4.01554 -3.22304
6.02246 -3.91103 -3.22304
6.0898 -3.80533 -2.42359
6.15528 -3.69847 -2.42359
6.21889 -3.59048 -1.70895
6.28061 -3.4814 -1.11999
6.34041 -3.37126 -1.11999
6.39828 -3.26009 -0.637443
6.45421 -3.14793 -0.637443
6.50816 -3.03481 -0.225167
6.56013 -2.92076 0.152575
6.61011 -2.80583 0.152575
6.65807 -2.69004 0.528741
6.704 -2.57343 0.528741
6.7479 -2.45603 0.936079
6.78973 -2.33789 1.41035
6.8295 -2.21904 1.41035
6.86719 -2.09951 1.99111
6.90278 -1.97934 1.99111
6.93628 -1.85857 2.71326
6.96766 -1.73723 3.5763
6.99691 -1.61536 3.5763
7.02404 -1.49301 4.49011
7.04903 -1.37019 4.49011
7.07187 -1.24696 5.31561
7.09255 -1.12335 5.97171
7.11108 -0.999397 5.97171
7.12744 -0.875139 6.45215
7.14162 -0.750615 6.45215
7.15364 -0.625862 6.78338
7.16347 -0.500919 6.99436
7.17112 -0.375822 6.99436
7.17659 -0.250612 7.10625
7.17987 -0.125325 7.10625

7.26075 0 7.13076
7.25964 0.126718 7.07057
7.25633 0.253397 7.07057
7.2508 0.379998 6.91939
7.24306 0.506484 6.91939
7.23312 0.632816 6.66163
7.22097 0.758955 6.2721
7.20663 0.884863 6.2721
7.19009 1.0105 5.71921
7.17136 1.13583 5.71921
7.15044 1.26082 4.98021
7.12735 1.38542 4.08257
7.10208 1.50959 4.08257
7.07466 1.63331 3.15205
7.04507 1.75653 3.15205
7.01335 1.87922 2.34373
6.97948 2.00133 1.69118
6.94349 2.12284 1.69118
6.90538 2.24369 1.16695
6.86517 2.36387 1.16695
6.82287 2.48332 0.729976
6.77849 2.60202 0.341794
6.73205 2.71992 0.341794
6.68356 2.837 -0.0316375
6.63302 2.95321 -0.0316375
6.58047 3.06853 -0.422711
6.52592 3.1829 -0.865423
6.46938 3.29631 -0.865423
6.41086 3.40872 -1.3961
6.35039 3.52008 -1.3961
6.28799 3.63037 -2.04511
6.22368 3.73956 -2.80849
6.15746 3.84761 -2.80849
6.08938 3.95449 -3.61371
6.01943 4.06016 -3.61371
5.94766 4.16459 -4.34638
5.87407 4.26776 -4.93111
5.79869 4.36963 -4.93111
5.72155 4.47016 -5.35875
5.64266 4.56934 -5.35875
5.56206 4.66712 -5.65256
5.47976 4.76348 -5.83866
5.39579 4.85839 -5.83866
5.31018 4.95182 -5.93605
5.22295 5.04374 -5.93605
5.13413 5.13413 -5.9551
5.04374 5.22295 -5.89808
4.95182 5.31018 -5.89808
4.85839 5.39579 -5.75937
4.76348 5.47976 -5.75937
4.66712 5.56206 -5.52513
4.56934 5.64266 -5.17327
4.47016 5.72155 -5.17327
4.36963 5.79869 -4.67673
4.26776 5.87407 -4.67673
4.16459 5.94766 -4.01774
4.06016 6.01943 -3.22439
3.95449 6.08938 -3.22439
3.84761 6.15746 -2.41565
3.73956 6.22368 -2.41565
3.63037 6.28799 -1.70207
3.52008 6.35039 -1.11295
3.40872 6.41086 -1.11295
3.29631 6.46938 -0.627738
3.1829 6.52592 -0.627738
3.06853 6.58047 -0.212521
2.95321 6.63302 0.166613
2.837 6.68356 0.166613
2.71992 6.73205 0.541397
2.60202 6.77849 0.541397
2.48332 6.82287 0.943419
2.36387 6.86517 1.40687
2.24369 6.90538 1.40687
2.12284 6.94349 1.96893
2.00133 6.97948 1.96893
1.87922 7.01335 2.66133
1.75653 7.04507 3.48293
1.63331 7.07466 3.48293
1.50959 7.10208 4.36095
1.38542 7.12735 4.36095
1.26082 7.15044 5.16591
1.13583 7.17136 5.80858
1.0105 7.19009 5.80858
0.884863 7.20663 6.28317
0.758955 7.22097 6.28317
0.632816 7.23312 6.61684
0.506484 7.24306 6.8384
0.379998 7.2508 6.8384
0.253397 7.25633 6.96862
0.126718 7.25964 6.96862
4.44593e-16 7.26075 7.019
-0.126718 7.25964 6.99241
-0.253397 7.25633 6.99241
-0.379998 7.2508 6.88332
-0.506484 7.24306 6.88332
-0.632816 7.23312 6.67737
-0.758955 7.22097 6.35144
-0.884863 7.20663 6.35144
-1.0105 7.19009 5.87796
-1.13583 7.17136 5.87796
-1.26082 7.15044 5.24328
-1.38542 7.12735 4.48875
-1.50959 7.10208 4.48875
-1.63331 7.07466 3.73128
-1.75653 7.04507 3.73128
-1.87922 7.01335 3.08775
-2.00133 6.97948 2.60385
-2.12284 6.94349 2.60385
-2.24369 6.90538 2.2699
-2.36387 6.86517 2.2699
-2.48332 6.82287 2.0605
-2.60202 6.77849 1.95458
-2.71992 6.73205 1.95458
-2.837 6.68356 1.94088
-2.95321 6.63302 1.94088
-3.06853 6.58047 2.01858
-3.1829 6.52592 2.19682
-3.29631 6.46938 2.19682
-3.40872 6.41086 2.49314
-3.52008 6.35039 2.49314
-3.63037 6.28799 2.92686
-3.73956 6.22368 3.49854
-3.84761 6.15746 3.49854
-3.95449 6.08938 4.1444
-4.06016 6.01943 4.1444
-4.16459 5.94766 4.72369
-4.26776 5.87407 5.17302
-4.36963 5.79869 5.17302
-4.47016 5.72155 5.49192
-4.56934 5.64266 5.49192
-4.66712 5.56206 5.70155
-4.76348 5.47976 5.82346
-4.85839 5.39579 5.82346
-4.95182 5.31018 5.8729
-5.04374 5.22295 5.8729
-5.13413 5.13413 5.85786
-5.22295 5.04374 5.77944
-5.31018 4.95182 5.77944
-5.39579 4.85839 5.63185
-5.47976 4.76348 5.63185
-5.56206 4.66712 5.40206
-5.64266 4.56934 5.06978
-5.72155 4.47016 5.06978
-5.79869 4.36963 4.61101
-5.87407 4.26776 4.61101
-5.94766 4.16459 4.01223
-6.01943 4.06016 3.30174
-6.08938 3.95449 3.30174
-6.15746 3.84761 2.56995
-6.22368 3.73956 2.56995
-6.28799 3.63037 1.91649
-6.35039 3.52008 1.37821
-6.41086 3.40872 1.37821
-6.46938 3.29631 0.937842
-6.52592 3.1829 0.937842
-6.58047 3.06853 0.562979
-6.63302 2.95321 0.221739
-6.68356 2.837 0.221739
-6.73205 2.71992 -0.115072
-6.77849 2.60202 -0.115072
-6.82287 2.48332 -0.476205
-6.86517 2.36387 -0.892796
-6.90538 2.24369 -0.892796
-6.94349 2.12284 -1.39908
-6.97948 2.00133 -1.39908
-7.01335 1.87922 -2.02525
-7.04507 1.75653 -2.77103
-7.07466 1.63331 -2.77103
-7.10208 1.50959 -3.55933
-7.12735 1.38542 -3.55933
-7.15044 1.26082 -4.27105
-7.17136 1.13583 -4.83674
-7.19009 1.0105 -4.83674
-7.20663 0.884863 -5.2511
-7.22097 0.758955 -5.2511
-7.23312 0.632816 -5.53685
-7.24306 0.506484 -5.71884
-7.2508 0.379998 -5.71884
-7.25633 0.253397 -5.81522
-7.25964 0.126718 -5.81522
-7.26075 8.89185e-16 -5.83603
-7.25964 -0.126718 -5.78357
-7.25633 -0.253397 -5.78357
-7.2508 -0.379998 -5.65243
-7.24306 -0.506484 -5.65243
-7.23312 -0.632816 -5.42921
-7.22097 -0.758955 -5.09231
-7.20663 -0.884863 -5.09231
-7.19009 -1.0105 -4.61456
-7.17136 -1.13583 -4.61456
-7.15044 -1.26082 -3.97641
-7.12735 -1.38542 -3.20129
-7.10208 -1.50959 -3.20129
-7.07466 -1.63331 -2.39687
-7.04507 -1.75653 -2.39687
-7.01335 -1.87922 -1.69591
-6.97948 -2.00133 -1.12695
-6.94349 -2.12284 -1.12695
-6.90538 -2.24369 -0.666172
-6.86517 -2.36387 -0.666172
-6.82287 -2.48332 -0.277933
-6.77849 -2.60202 0.0713144
-6.73205 -2.71992 0.0713144
-6.68356 -2.837 0.411587
-6.63302 -2.95321 0.411587
-6.58047 -3.06853 0.77183
-6.52592 -3.1829 1.1828
-6.46938 -3.29631 1.1828
-6.41086 -3.40872 1.67765
-6.35039 -3.52008 1.67765
-6.28799 -3.63037 2.28419
-6.22368 -3.73956 2.99861
-6.15746 -3.84761 2.99861
-6.08938 -3.95449 3.75388
-6.01943 -4.06016 3.75388
-5.94766 -4.16459 4.44435
-5.87407 -4.26776 5.00045
-5.79869 -4.36963 5.00045
-5.72155 -4.47016 5.41393
-5.64266 -4.56934 5.41393
-5.56206 -4.66712 5.70648
-5.47976 -4.76348 5.90256
-5.39579 -4.85839 5.90256
-5.31018 -4.95182 6.02011
-5.22295 -5.04374 6.02011
-5.13413 -5.13413 6.06919
-5.04374 -5.22295 6.0525
-4.95182 -5.31018 6.0525
-4.85839 -5.39579 5.96561
-4.76348 -5.47976 5.96561
-4.66712 -5.56206 5.79667
-4.56934 -5.64266 5.52647
-4.47016 -5.72155 5.52647
-4.36963 -5.79869 5.1315
-4.26776 -5.87407 5.1315
-4.16459 -5.94766 4.5973
-4.06016 -6.01943 3.95236
-3.95449 -6.08938 3.95236
-3.84761 -6.15746 3.3098
-3.73956 -6.22368 3.3098
-3.63037 -6.28799 2.77616
-3.52008 -6.35039 2.38443
-3.40872 -6.41086 2.38443
-3.29631 -6.46938 2.12386
-3.1829 -6.52592 2.12386
-3.06853 -6.58047 1.97456
-2.95321 -6.63302 1.92142
-2.837 -6.68356 1.92142
-2.71992 -6.73205 1.95837
-2.60202 -6.77849 1.95837
-2.48332 -6.82287 2.08937
-2.36387 -6.86517 2.32855
-2.24369 -6.90538 2.32855
-2.12284 -6.94349 2.69826
-2.00133 -6.97948 2.69826
-1.87922 -7.01335 3.21942
-1.75653 -7.04507 3.88424
-1.63331 -7.07466 3.88424
-1.50959 -7.10208 4.61867
-1.38542 -7.12735 4.61867
-1.26082 -7.15044 5.29602
-1.13583 -7.17136 5.82864
-1.0105 -7.19009 5.82864
-0.884863 -7.20663 6.20876
-0.758955 -7.22097 6.20876
-0.632816 -7.23312 6.46032
-0.506484 -7.24306 6.6091
-0.379998 -7.2508 6.6091
-0.253397 -7.25633 6.67344
-0.126718 -7.25964 6.67344
-1.33378e-15 -7.26075 6.66301
0.126718 -7.25964 6.57931
0.253397 -7.25633 6.57931
0.379998 -7.2508 6.41589
0.506484 -7.24306 6.41589
0.632816 -7.23312 6.15781
0.758955 -7.22097 5.78168
0.884863 -7.20663 5.78168
1.0105 -7.19009 5.25969
1.13583 -7.17136 5.25969
1.26082 -7.15044 4.57687
1.38542 -7.12735 3.77
1.50959 -7.10208 3.77
1.63331 -7.07466 2.94691
1.75653 -7.04507 2.94691
1.87922 -7.01335 2.2145
2.00133 -6.97948 1.61064
2.12284 -6.94349 1.61064
2.24369 -6.90538 1.11865
2.36387 -6.86517 1.11865
2.48332 -6.82287 0.704037
2.60202 -6.77849 0.332128
2.71992 -6.73205 0.332128
2.837 -6.68356 -0.0286111
2.95321 -6.63302 -0.0286111
3.06853 -6.58047 -0.408528
3.1829 -6.52592 -0.839611
3.29631 -6.46938 -0.839611
3.40872 -6.41086 -1.35659
3.52008 -6.35039 -1.35659
3.63037 -6.28799 -1.99172
3.73956 -6.22368 -2.75344
3.84761 -6.15746 -2.75344
3.95449 -6.08938 -3.57669
4.06016 -6.01943 -3.57669
4.16459 -5.94766 -4.30957
4.26776 -5.87407 -4.88491
4.36963 -5.79869 -4.88491
4.47016 -5.72155 -5.30463
4.56934 -5.64266 -5.30463
4.66712 -5.56206 -5.5941
4.76348 -5.47976 -5.77874
4.85839 -5.39579 -5.77874
4.95182 -5.31018 -5.87664
5.04374 -5.22295 -5.87664
5.13413 -5.13413 -5.89763
5.22295 -5.04374 -5.84367
5.31018 -4.95182 -5.84367
5.39579 -4.85839 -5.70896
5.47976 -4.76348 -5.70896
5.56206 -4.66712 -5.47955
5.64266 -4.56934 -5.1333
5.72155 -4.47016 -5.1333
5.79869 -4.36963 -4.64393
5.87407 -4.26776 -4.64393
5.94766 -4.16459 -3.99663
6.01943 -4.06016 -3.22304
6.08938 -3.95449 -3.22304
6.15746 -3.84761 -2.42359
6.22368 -3.73956 -2.42359
6.28799 -3.63037 -1.70895
6.35039 -3.52008 -1.11999
6.41086 -3.40872 -1.11999
6.46938 -3.29631 -0.637443
6.52592 -3.1829 -0.637443
6.58047 -3.06853 -0.225167
6.63302 -2.95321 0.152575
6.68356 -2.837 0.152575
6.73205 -2.71992 0.528741
6.77849 -2.60202 0.528741
6.82287 -2.48332 0.936079
6.86517 -2.36387 1.41035
6.90538 -2.24369 1.41035
6.94349 -2.12284 1.99111
6.97948 -2.00133 1.99111
7.01335 -1.87922 2.71326
7.04507 -1.75653 3.5763
7.07466 -1.63331 3.5763
7.10208 -1.50959 4.49011
7.12735 -1.38542 4.49011
7.15044 -1.26082 5.31561
7.17136 -1.13583 5.97171
7.19009 -1.0105 5.97171
7.20663 -0.884863 6.45215
7.22097 -0.758955 6.45215
7.23312 -0.632816 6.78338
7.24306 -0.506484 6.99436
7.2508 -0.379998 6.99436
7.25633 -0.253397 7.10625
7.25964 -0.126718 7.10625

7.34054 0 7.92848
7.33942 0.12811 7.87735
7.33607 0.256181 7.87735
7.33048 0.384174 7.74748
7.32266 0.51205 7.74748
7.3126 0.63977 7.51992
7.30033 0.767295 7.15958
7.28582 0.894587 7.15958
7.2691 1.02161 6.60979
7.25016 1.14831 5.79396
7.22902 1.27467 5.79396
7.20567 1.40064 4.66216
7.18013 1.52618 4.66216
7.1524 1.65126 3.38332
7.12249 1.77584 2.37548
7.09042 1.89987 2.37548
7.05618 2.02333 1.65072
7.01979 2.14617 1.65072
6.98127 2.26835 1.12434
6.94061 2.38985 0.720002
6.89785 2.51061 0.720002
6.85298 2.63061 0.382972
6.80603 2.74981 0.0731216
6.757 2.86818 0.0731216
6.70592 2.98567 -0.243812
6.65279 3.10225 -0.243812
6.59763 3.21788 -0.604239
6.54047 3.33253 -1.05476
6.48131 3.44617 -1.05476
6.42018 3.55876 -1.65846
6.35709 3.67027 -2.48285
6.29207 3.78066 -2.48285
6.22513 3.88989 -3.50988
6.15629 3.99794 -3.50988
6.08558 4.10478 -4.53856
6.01302 4.21036 -5.35259
5.93862 4.31466 -5.35259
5.86241 4.41765 -5.91397
5.78442 4.51929 -5.91397
5.70467 4.61955 -6.28338
5.62318 4.71841 -6.51891
5.53997 4.81583 -6.51891
5.45508 4.91178 -6.65845
5.36853 5.00623 -6.72333
5.28034 5.09917 -6.72333
5.19054 5.19054 -6.72304
5.09917 5.28034 -6.72304
5.00623 5.36853 -6.65777
4.91178 5.45508 -6.51851
4.81583 5.53997 -6.51851
4.71841 5.62318 -6.28489
4.61955 5.70467 -6.28489
4.51929 5.78442 -5.92099
4.41765 5.86241 -5.37156
4.31466 5.93862 -5.37156
4.21036 6.01302 -4.57214
4.10478 6.08558 -3.51889
3.99794 6.15629 -3.51889
3.88989 6.22513 -2.48023
3.78066 6.29207 -2.48023
3.67027 6.35709 -1.66114
3.55876 6.42018 -1.05694
3.44617 6.48131 -1.05694
3.33253 6.54047 -0.602261
3.21788 6.59763 -0.602261
3.10225 6.65279 -0.237999
2.98567 6.70592 0.0807951
2.86818 6.757 0.0807951
2.74981 6.80603 0.389867
2.63061 6.85298 0.722835
2.51061 6.89785 0.722835
2.38985 6.94061 1.11863
2.26835 6.98127 1.11863
2.14617 7.01979 1.62933
2.02333 7.05618 2.32404
1.89987 7.09042 2.32404
1.77584 7.12249 3.26537
1.65126 7.1524 3.26537
1.52618 7.18013 4.40702
1.40064 7.20567 5.49829
1.27467 7.22902 5.49829
1.14831 7.25016 6.30987
1.02161 7.2691 6.86268
0.894587 7.28582 6.86268
0.767295 7.30033 7.22969
0.63977 7.3126 7.22969
0.51205 7.32266 7.46818
0.384174 7.33048 7.61377
0.256181 7.33607 7.61377
0.12811 7.33942 7.68586
4.49478e-16 7.34054 7.69228
-0.12811 7.33942 7.69228
-0.256181 7.33607 7.63117
-0.384174 7.33048 7.63117
-0.51205 7.32266 7.49045
-0.63977 7.3126 7.24462
-0.767295 7.30033 7.24462
-0.894587 7.28582 6.84964
-1.02161 7.2691 6.84964
-1.14831 7.25016 6.24129
-1.27467 7.22902 5.36464
-1.40064 7.20567 5.36464
-1.52618 7.18013 4.29744
-1.65126 7.1524 3.31181
-1.77584 7.12249 3.31181
-1.89987 7.09042 2.58328
-2.02333 7.05618 2.58328
-2.14617 7.01979 2.09961
-2.26835 6.98127 1.79462
-2.38985 6.94061 1.79462
-2.51061 6.89785 1.61625
-2.63061 6.85298 1.61625
-2.74981 6.80603 1.53406
-2.86818 6.757 1.53516
-2.98567 6.70592 1.53516
-3.10225 6.65279 1.62122
-3.21788 6.59763 1.80863
-3.33253 6.54047 1.80863
-3.44617 6.48131 2.13108
-3.55876 6.42018 2.13108
-3.67027 6.35709 2.64031
-3.78066 6.29207 3.3879
-3.88989 6.22513 3.3879
-3.99794 6.15629 4.32102
-4.10478 6.08558 4.32102
-4.21036 6.01302 5.09642
-4.31466 5.93862 5.64011
-4.41765 5.86241 5.64011
-4.51929 5.78442 5.99625
-4.61955 5.70467 6.2198
-4.71841 5.62318 6.2198
-4.81583 5.53997 6.35025
-4.91178 5.45508 6.35025
-5.00623 5.36853 6.41141
-5.09917 5.28034 6.41549
-5.19054 5.19054 6.41549
-5.28034 5.09917 6.36598
-5.36853 5.00623 6.36598
-5.45508 4.91178 6.25852
-5.53997 4.81583 6.07987
-5.62318 4.71841 6.07987
-5.70467 4.61955 5.8048
-5.78442 4.51929 5.39207
-5.86241 4.41765 5.39207
-5.93862 4.31466 4.78706
-6.01302 4.21036 4.78706
-6.08558 4.10478 3.95317
-6.15629 3.99794 2.98386
-6.22513 3.88989 2.98386
-6.29207 3.78066 2.11702
-6.35709 3.67027 1.4727
-6.42018 3.55876 1.4727
-6.48131 3.44617 1.00238
-6.54047 3.33253 1.00238
-6.59763 3.21788 0.641237
-6.65279 3.10225 0.34004
-6.70592 2.98567 0.34004
-6.757 2.86818 0.0626609
-6.80603 2.74981 0.0626609
-6.85298 2.63061 -0.221301
-6.89785 2.51061 -0.543619
-6.94061 2.38985 -0.543619
-6.98127 2.26835 -0.944632
-7.01979 2.14617 -1.48013
-7.05618 2.02333 -1.48013
-7.09042 1.89987 -2.21928
-7.12249 1.77584 -2.21928
-7.1524 1.65126 -3.19548
-7.18013 1.52618 -4.22937
-7.20567 1.40064 -4.22937
-7.22902 1.27467 -5.07703
-7.25016 1.14831 -5.07703
-7.2691 1.02161 -5.67601
-7.28582 0.894587 -6.07548
-7.30033 0.767295 -6.07548
-7.3126 0.63977 -6.33388
-7.32266 0.51205 -6.49195
-7.33048 0.384174 -6.49195
-7.33607 0.256181 -6.57372
-7.33942 0.12811 -6.57372
-7.34054 8.98957e-16 -6.59108
-7.33942 -0.12811 -6.54662
-7.33607 -0.256181 -6.54662
-7.33048 -0.384174 -6.43418
-7.32266 -0.51205 -6.43418
-7.3126 -0.63977 -6.2375
-7.30033 -0.767295 -5.92647
-7.28582 -0.894587 -5.92647
-7.2691 -1.02161 -5.45247
-7.25016 -1.14831 -4.74983
-7.22902 -1.27467 -4.74983
-7.20567 -1.40064 -3.77565
-7.18013 -1.52618 -3.77565
-7.1524 -1.65126 -2.67462
-7.12249 -1.77584 -1.80494
-7.09042 -1.89987 -1.80494
-7.05618 -2.02333 -1.17684
-7.01979 -2.14617 -1.17684
-6.98127 -2.26835 -0.717467
-6.94061 -2.38985 -0.361067
-6.89785 -2.51061 -0.361067
-6.85298 -2.63061 -0.0602672
-6.80603 -2.74981 0.220024
-6.757 -2.86818 0.220024
-6.70592 -2.98567 0.510235
-6.65279 -3.10225 0.510235
-6.59763 -3.21788 0.843244
-6.54047 -3.33253 1.26164
-6.48131 -3.44617 1.26164
-6.42018 -3.55876 1.8234
-6.35709 -3.67027 1.8234
-6.29207 -3.78066 2.59075
-6.22513 -3.88989 3.54694
-6.15629 -3.99794 3.54694
-6.08558 -4.10478 4.50625
-6.01302 -4.21036 5.26888
-5.93862 -4.31466 5.26888
-5.86241 -4.41765 5.7998
-5.78442 -4.51929 5.7998
-5.70467 -4.61955 6.15521
-5.62318 -4.71841 6.38897
-5.53997 -4.81583 6.38897
-5.45508 -4.91178 6.53632
-5.36853 -5.00623 6.61725
-5.28034 -5.09917 6.61725
-5.19054 -5.19054 6.64092
-5.09917 -5.28034 6.64092
-5.00623 -5.36853 6.60796
-4.91178 -5.45508 6.5106
-4.81583 -5.53997 6.5106
-4.71841 -5.62318 6.33076
-4.61955 -5.70467 6.33076
-4.51929 -5.78442 6.03613
-4.41765 -5.86241 5.57685
-4.31466 -5.93862 5.57685
-4.21036 -6.01302 4.89486
-4.10478 -6.08558 3.98868
-3.99794 -6.15629 3.98868
-3.88989 -6.22513 3.10869
-3.78066 -6.29207 3.10869
-3.67027 -6.35709 2.44776
-3.55876 -6.42018 2.00638
-3.44617 -6.48131 2.00638
-3.33253 -6.54047 1.73089
-3.21788 -6.59763 1.73089
-3.10225 -6.65279 1.57641
-2.98567 -6.70592 1.51574
-2.86818 -6.757 1.51574
-2.74981 -6.80603 1.53771
-2.63061 -6.85298 1.64541
-2.51061 -6.89785 1.64541
-2.38985 -6.94061 1.85711
-2.26835 -6.98127 1.85711
-2.14617 -7.01979 2.20984
-2.02333 -7.05618 2.76076
-1.89987 -7.09042 2.76076
-1.77584 -7.12249 3.56344
-1.65126 -7.1524 3.56344
-1.52618 -7.18013 4.56967
-1.40064 -7.20567 5.53823
-1.27467 -7.22902 5.53823
-1.14831 -7.25016 6.24889
-1.02161 -7.2691 6.71974
-0.894587 -7.28582 6.71974
-0.767295 -7.30033 7.01858
-0.63977 -7.3126 7.01858
-0.51205 -7.32266 7.19859
-0.384174 -7.33048 7.29251
-0.256181 -7.33607 7.29251
-0.12811 -7.33942 7.31784
-1.34843e-15 -7.34054 7.31784
0.12811 -7.33942 7.28111
0.256181 -7.33607 7.17969
0.384174 -7.33048 7.17969
0.51205 -7.32266 7.00121
0.63977 -7.3126 6.7205
0.767295 -7.30033 6.7205
0.894587 -7.28582 6.29461
1.02161 -7.2691 6.29461
1.14831 -7.25016 5.66128
1.27467 -7.22902 4.76676
1.40064 -7.20567 4.76676
1.52618 -7.18013 3.68282
1.65126 -7.1524 2.66517
1.77584 -7.12249 2.66517
1.89987 -7.09042 1.87701
2.02333 -7.05618 1.87701
2.14617 -7.01979 1.30192
2.26835 -6.98127 0.870371
2.38985 -6.94061 0.870371
2.51061 -6.89785 0.523209
2.63061 -6.85298 0.523209
2.74981 -6.80603 0.217176
2.86818 -6.757 -0.0818512
2.98567 -6.70592 -0.0818512
3.10225 -6.65279 -0.406348
3.21788 -6.59763 -0.794309
3.33253 -6.54047 -0.794309
3.44617 -6.48131 -1.29629
3.55876 -6.42018 -1.29629
3.67027 -6.35709 -1.97873
3.78066 -6.29207 -2.90512
3.88989 -6.22513 -2.90512
3.99794 -6.15629 -4.02128
4.10478 -6.08558 -4.02128
4.21036 -6.01302 -4.94994
4.31466 -5.93862 -5.61138
4.41765 -5.86241 -5.61138
4.51929 -5.78442 -6.05643
4.61955 -5.70467 -6.34754
4.71841 -5.62318 -6.34754
4.81583 -5.53997 -6.52966
4.91178 -5.45508 -6.52966
5.00623 -5.36853 -6.63013
5.09917 -5.28034 -6.66323
5.19054 -5.19054 -6.66323
5.28034 -5.09917 -6.63339
5.36853 -5.00623 -6.63339
5.45508 -4.91178 -6.53624
5.53997 -4.81583 -6.35749
5.62318 -4.71841 -6.35749
5.70467 -4.61955 -6.06943
5.78442 -4.51929 -5.62652
5.86241 -4.41765 -5.62652
5.93862 -4.31466 -4.96835
6.01302 -4.21036 -4.96835
6.08558 -4.10478 -4.05443
6.15629 -3.99794 -2.98859
6.22513 -3.88989 -2.98859
6.29207 -3.78066 -2.03492
6.35709 -3.67027 -2.03492
6.42018 -3.55876 -1.32664
6.48131 -3.44617 -0.809851
6.54047 -3.33253 -0.809851
6.59763 -3.21788 -0.412468
6.65279 -3.10225 -0.0796221
6.70592 -2.98567 -0.0796221
6.757 -2.86818 0.229209
6.80603 -2.74981 0.229209
6.85298 -2.63061 0.548455
6.89785 -2.51061 0.914517
6.94061 -2.38985 0.914517
6.98127 -2.26835 1.37401
7.01979 -2.14617 1.99172
7.05618 -2.02333 1.99172
7.09042 -1.89987 2.84812
7.12249 -1.77584 2.84812
7.1524 -1.65126 3.98203
7.18013 -1.52618 5.18408
7.20567 -1.40064 5.18408
7.22902 -1.27467 6.1696
7.25016 -1.14831 6.1696
7.2691 -1.02161 6.86567
7.28582 -0.894587 7.3296
7.30033 -0.767295 7.3296
7.3126 -0.63977 7.62956
7.32266 -0.51205 7.81304
7.33048 -0.384174 7.81304
7.33607 -0.256181 7.90806
7.33942 -0.12811 7.90806

7.42033 0 7.92848
7.4192 0.129503 7.87735
7.41581 0.258966 7.87735
7.41016 0.38835 7.74748
7.40225 0.517616 7.74748
7.39209 0.646724 7.51992
7.37968 0.775635 7.15958
7.36502 0.90431 7.15958
7.34811 1.03271 6.60979
7.32897 1.16079 5.79396
7.30759 1.28853 5.79396
7.28399 1.41587 4.66216
7.25817 1.54277 4.66216
7.23014 1.66921 3.38332
7.19991 1.79514 2.37548
7.16748 1.92052 2.37548
7.13288 2.04532 1.65072
7.09609 2.16949 1.65072
7.05715 2.29301 1.12434
7.01606 2.41582 0.720002
6.97283 2.5379 0.720002
6.92747 2.65921 0.382972
6.88001 2.7797 0.0731216
6.83045 2.89935 0.0731216
6.77881 3.01812 -0.243812
6.7251 3.13597 -0.243812
6.66935 3.25286 -0.604239
6.61156 3.36876 -1.05476
6.55176 3.48363 -1.05476
6.48996 3.59745 -1.65846
6.42619 3.71016 -2.48285
6.36046 3.82175 -2.48285
6.29279 3.93217 -3.50988
6.22321 4.0414 -3.50988
6.15173 4.14939 -4.53856
6.07838 4.25612 -5.35259
6.00317 4.36156 -5.35259
5.92614 4.46566 -5.91397
5.8473 4.56841 -5.91397
5.76668 4.66976 -6.28338
5.6843 4.76969 -6.51891
5.60019 4.86817 -6.51891
5.51438 4.96517 -6.65845
5.42688 5.06065 -6.72333
5.33774 5.15459 -6.72333
5.24696 5.24696 -6.72304
5.15459 5.33774 -6.72304
5.06065 5.42688 -6.65777
4.96517 5.51438 -6.51851
4.86817 5.60019 -6.51851
4.76969 5.6843 -6.28489
4.66976 5.76668 -6.28489
4.56841 5.8473 -5.92099
4.46566 5.92614 -5.37156
4.36156 6.00317 -5.37156
4.25612 6.07838 -4.57214
4.14939 6.15173 -3.51889
4.0414 6.22321 -3.51889
3.93217 6.29279 -2.48023
3.82175 6.36046 -2.48023
3.71016 6.42619 -1.66114
3.59745 6.48996 -1.05694
3.48363 6.55176 -1.05694
3.36876 6.61156 -0.602261
3.25286 6.66935 -0.602261
3.13597 6.7251 -0.237999
3.01812 6.77881 0.0807951
2.89935 6.83045 0.0807951
2.7797 6.88001 0.389867
2.65921 6.92747 0.722835
2.5379 6.97283 0.722835
2.41582 7.01606 1.11863
2.29301 7.05715 1.11863
2.16949 7.09609 1.62933
2.04532 7.13288 2.32404
1.92052 7.16748 2.32404
1.79514 7.19991 3.26537
1.66921 7.23014 3.26537
1.54277 7.25817 4.40702
1.41587 7.28399 5.49829
1.28853 7.30759 5.49829
1.16079 7.32897 6.30987
1.03271 7.34811 6.86268
0.90431 7.36502 6.86268
0.775635 7.37968 7.22969
0.646724 7.39209 7.22969
0.517616 7.40225 7.46818
0.38835 7.41016 7.61377
0.258966 7.41581 7.61377
0.129503 7.4192 7.68586
4.54364e-16 7.42033 7.69228
-0.129503 7.4192 7.69228
-0.258966 7.41581 7.63117
-0.38835 7.41016 7.63117
-0.517616 7.40225 7.49045
-0.646724 7.39209 7.24462
-0.775635 7.37968 7.24462
-0.90431 7.36502 6.84964
-1.03271 7.34811 6.84964
-1.16079 7.32897 6.24129
-1.28853 7.30759 5.36464
-1.41587 7.28399 5.36464
-1.54277 7.25817 4.29744
-1.66921 7.23014 3.31181
-1.79514 7.19991 3.31181
-1.92052 7.16748 2.58328
-2.04532 7.13288 2.58328
-2.16949 7.09609 2.09961
-2.29301 7.05715 1.79462
-2.41582 7.01606 1.79462
-2.5379 6.97283 1.61625
-2.65921 6.92747 1.61625
-2.7797 6.88001 1.53406
-2.89935 6.83045 1.53516
-3.01812 6.77881 1.53516
-3.13597 6.7251 1.62122
-3.25286 6.66935 1.80863
-3.36876 6.61156 1.80863
-3.48363 6.55176 2.13108
-3.59745 6.48996 2.13108
-3.71016 6.42619 2.64031
-3.82175 6.36046 3.3879
-3.93217 6.29279 3.3879
-4.0414 6.22321 4.32102
-4.14939 6.15173 4.32102
-4.25612 6.07838 5.09642
-4.36156 6.00317 5.64011
-4.46566 5.92614 5.64011
-4.56841 5.8473 5.99625
-4.66976 5.76668 6.2198
-4.76969 5.6843 6.2198
-4.86817 5.60019 6.35025
-4.96517 5.51438 6.35025
-5.06065 5.42688 6.41141
-5.15459 5.33774 6.41549
-5.24696 5.24696 6.41549
-5.33774 5.15459 6.36598
-5.42688 5.06065 6.36598
-5.51438 4.96517 6.25852
-5.60019 4.86817 6.07987
-5.6843 4.76969 6.07987
-5.76668 4.66976 5.8048
-5.8473 4.56841 5.39207
-5.92614 4.46566 5.39207
-6.00317 4.36156 4.78706
-6.07838 4.25612 4.78706
-6.15173 4.14939 3.95317
-6.22321 4.0414 2.98386
-6.29279 3.93217 2.98386
-6.36046 3.82175 2.11702
-6.42619 3.71016 1.4727
-6.48996 3.59745 1.4727
-6.55176 3.48363 1.00238
-6.61156 3.36876 1.00238
-6.66935 3.25286 0.641237
-6.7251 3.13597 0.34004
-6.77881 3.01812 0.34004
-6.83045 2.89935 0.0626609
-6.88001 2.7797 0.0626609
-6.92747 2.65921 -0.221301
-6.97283 2.5379 -0.543619
-7.01606 2.41582 -0.543619
-7.05715 2.29301 -0.944632
-7.09609 2.16949 -1.48013
-7.13288 2.04532 -1.48013
-7.16748 1.92052 -2.21928
-7.19991 1.79514 -2.21928
-7.23014 1.66921 -3.19548
-7.25817 1.54277 -4.22937
-7.28399 1.41587 -4.22937
-7.30759 1.28853 -5.07703
-7.32897 1.16079 -5.07703
-7.34811 1.03271 -5.67601
-7.36502 0.90431 -6.07548
-7.37968 0.775635 -6.07548
-7.39209 0.646724 -6.33388
-7.40225 0.517616 -6.49195
-7.41016 0.38835 -6.49195
-7.41581 0.258966 -6.57372
-7.4192 0.129503 -6.57372
-7.42033 9.08728e-16 -6.59108
-7.4192 -0.129503 -6.54662
-7.41581 -0.258966 -6.54662
-7.41016 -0.38835 -6.43418
-7.40225 -0.517616 -6.43418
-7.39209 -0.646724 -6.2375
-7.37968 -0.775635 -5.92647
-7.36502 -0.90431 -5.92647
-7.34811 -1.03271 -5.45247
-7.32897 -1.16079 -4.74983
-7.30759 -1.28853 -4.74983
-7.28399 -1.41587 -3.77565
-7.25817 -1.54277 -3.77565
-7.23014 -1.66921 -2.67462
-7.19991 -1.79514 -1.80494
-7.16748 -1.92052 -1.80494
-7.13288 -2.04532 -1.17684
-7.09609 -2.16949 -1.17684
-7.05715 -2.29301 -0.717467
-7.01606 -2.41582 -0.361067
-6.97283 -2.5379 -0.361067
-6.92747 -2.65921 -0.0602672
-6.88001 -2.7797 0.220024
-6.83045 -2.89935 0.220024
-6.77881 -3.01812 0.510235
-6.7251 -3.13597 0.510235
-6.66935 -3.25286 0.843244
-6.61156 -3.36876 1.26164
-6.55176 -3.48363 1.26164
-6.48996 -3.59745 1.8234
-6.42619 -3.71016 1.8234
-6.36046 -3.82175 2.59075
-6.29279 -3.93217 3.54694
-6.22321 -4.0414 3.54694
-6.15173 -4.14939 4.50625
-6.07838 -4.25612 5.26888
-6.00317 -4.36156 5.26888
-5.92614 -4.46566 5.7998
-5.8473 -4.56841 5.7998
-5.76668 -4.66976 6.15521
-5.6843 -4.76969 6.38897
-5.60019 -4.86817 6.38897
-5.51438 -4.96517 6.53632
-5.42688 -5.06065 6.61725
-5.33774 -5.15459 6.61725
-5.24696 -5.24696 6.64092
-5.15459 -5.33774 6.64092
-5.06065 -5.42688 6.60796
-4.96517 -5.51438 6.5106
-4.86817 -5.60019 6.5106
-4.76969 -5.6843 6.33076
-4.66976 -5.76668 6.33076
-4.56841 -5.8473 6.03613
-4.46566 -5.92614 5.57685
-4.36156 -6.00317 5.57685
-4.25612 -6.07838 4.89486
-4.14939 -6.15173 3.98868
-4.0414 -6.22321 3.98868
-3.93217 -6.29279 3.10869
-3.82175 -6.36046 3.10869
-3.71016 -6.42619 2.44776
-3.59745 -6.48996 2.00638
-3.48363 -6.55176 2.00638
-3.36876 -6.61156 1.73089
-3.25286 -6.66935 1.73089
-3.13597 -6.7251 1.57641
-3.01812 -6.77881 1.51574
-2.89935 -6.83045 1.51574
-2.7797 -6.88001 1.53771
-2.65921 -6.92747 1.64541
-2.5379 -6.97283 1.64541
-2.41582 -7.01606 1.85711
-2.29301 -7.05715 1.85711
-2.16949 -7.09609 2.20984
-2.04532 -7.13288 2.76076
-1.92052 -7.16748 2.76076
-1.79514 -7.19991 3.56344
-1.66921 -7.23014 3.56344
-1.54277 -7.25817 4.56967
-1.41587 -7.28399 5.53823
-1.28853 -7.30759 5.53823
-1.16079 -7.32897 6.24889
-1.03271 -7.34811 6.71974
-0.90431 -7.36502 6.71974
-0.775635 -7.37968 7.01858
-0.646724 -7.39209 7.01858
-0.517616 -7.40225 7.19859
-0.38835 -7.41016 7.29251
-0.258966 -7.41581 7.29251
-0.129503 -7.4192 7.31784
-1.36309e-15 -7.42033 7.31784
0.129503 -7.4192 7.28111
0.258966 -7.41581 7.17969
0.38835 -7.41016 7.17969
0.517616 -7.40225 7.00121
0.646724 -7.39209 6.7205
0.775635 -7.37968 6.7205
0.90431 -7.36502 6.29461
1.03271 -7.34811 6.29461
1.16079 -7.32897 5.66128
1.28853 -7.30759 4.76676
1.41587 -7.28399 4.76676
1.54277 -7.25817 3.68282
1.66921 -7.23014 2.66517
1.79514 -7.19991 2.66517
1.92052 -7.16748 1.87701
2.04532 -7.13288 1.87701
2.16949 -7.09609 1.30192
2.29301 -7.05715 0.870371
2.41582 -7.01606 0.870371
2.5379 -6.97283 0.523209
2.65921 -6.92747 0.523209
2.7797 -6.88001 0.217176
2.89935 -6.83045 -0.0818512
3.01812 -6.77881 -0.0818512
3.13597 -6.7251 -0.406348
3.25286 -6.66935 -0.794309
3.36876 -6.61156 -0.794309
3.48363 -6.55176 -1.29629
3.59745 -6.48996 -1.29629
3.71016 -6.42619 -1.97873
3.82175 -6.36046 -2.90512
3.93217 -6.29279 -2.90512
4.0414 -6.22321 -4.02128
4.14939 -6.15173 -4.02128
4.25612 -6.07838 -4.94994
4.36156 -6.00317 -5.61138
4.46566 -5.92614 -5.61138
4.56841 -5.8473 -6.05643
4.66976 -5.76668 -6.34754
4.76969 -5.6843 -6.34754
4.86817 -5.60019 -6.52966
4.96517 -5.51438 -6.52966
5.06065 -5.42688 -6.63013
5.15459 -5.33774 -6.66323
5.24696 -5.24696 -6.66323
5.33774 -5.15459 -6.63339
5.42688 -5.06065 -6.63339
5.51438 -4.96517 -6.53624
5.60019 -4.86817 -6.35749
5.6843 -4.76969 -6.35749
5.76668 -4.66976 -6.06943
5.8473 -4.56841 -5.62652
5.92614 -4.46566 -5.62652
6.00317 -4.36156 -4.96835
6.07838 -4.25612 -4.96835
6.15173 -4.14939 -4.05443
6.22321 -4.0414 -2.98859
6.29279 -3.93217 -2.98859
6.36046 -3.82175 -2.03492
6.42619 -3.71016 -2.03492
6.48996 -3.59745 -1.32664
6.55176 -3.48363 -0.809851
6.61156 -3.36876 -0.809851
6.66935 -3.25286 -0.412468
6.7251 -3.13597 -0.0796221
6.77881 -3.01812 -0.0796221
6.83045 -2.89935 0.229209
6.88001 -2.7797 0.229209
6.92747 -2.65921 0.548455
6.97283 -2.5379 0.914517
7.01606 -2.41582 0.914517
7.05715 -2.29301 1.37401
7.09609 -2.16949 1.99172
7.13288 -2.04532 1.99172
7.16748 -1.92052 2.84812
7.19991 -1.79514 2.84812
7.23014 -1.66921 3.98203
7.25817 -1.54277 5.18408
7.28399 -1.41587 5.18408
7.30759 -1.28853 6.1696
7.32897 -1.16079 6.1696
7.34811 -1.03271 6.86567
7.36502 -0.90431 7.3296
7.37968 -0.775635 7.3296
7.39209 -0.646724 7.62956
7.40225 -0.517616 7.81304
7.41016 -0.38835 7.81304
7.41581 -0.258966 7.90806
7.4192 -0.129503 7.90806

7.50011 0 8.76906
7.49897 0.130895 8.73207
7.49555 0.26175 8.73207
7.48984 0.392526 8.63731
7.48184 0.523182 8.46708
7.47157 0.653678 8.46708
7.45903 0.783975 8.18474
7.44421 0.914034 8.18474
7.42712 1.04381 7.71828
7.40778 1.17328 6.93429
7.38617 1.30238 6.93429
7.36232 1.43109 5.56798
7.33622 1.55936 3.49387
7.30789 1.68716 3.49387
7.27733 1.81444 2.19723
7.24455 1.94117 1.42981
7.20957 2.06731 1.42981
7.1724 2.19282 0.945929
7.13303 2.31766 0.945929
7.0915 2.4418 0.610234
7.0478 2.56519 0.350903
7.00196 2.6878 0.350903
6.95399 2.80959 0.125848
6.90389 2.93053 -0.0952417
6.8517 3.05057 -0.0952417
6.79741 3.16969 -0.342034
6.74106 3.28783 -0.342034
6.68265 3.40498 -0.654565
6.62221 3.52109 -1.10084
6.55975 3.63613 -1.10084
6.49529 3.75006 -1.80877
6.42885 3.86284 -2.98939
6.36046 3.97446 -2.98939
6.29013 4.08486 -4.54769
6.21788 4.19401 -5.8236
6.14373 4.30189 -5.8236
6.06772 4.40846 -6.5717
5.98986 4.51368 -6.5717
5.91017 4.61753 -7.00511
5.82868 4.71998 -7.26403
5.74542 4.82098 -7.26403
5.66041 4.92052 -7.41922
5.57367 5.01856 -7.50557
5.48524 5.11507 -7.50557
5.39513 5.21002 -7.53972
5.30338 5.30338 -7.52772
5.21002 5.39513 -7.52772
5.11507 5.48524 -7.46766
5.01856 5.57367 -7.46766
4.92052 5.66041 -7.34886
4.82098 5.74542 -7.14745
4.71998 5.82868 -7.14745
4.61753 5.91017 -6.81562
4.51368 5.98986 -6.25972
4.40846 6.06772 -6.25972
4.30189 6.14373 -5.30823
4.19401 6.21788 -5.30823
4.08486 6.29013 -3.7482
3.97446 6.36046 -2.32823
3.86284 6.42885 -2.32823
3.75006 6.49529 -1.42628
3.63613 6.55975 -0.865246
3.52109 6.62221 -0.865246
3.40498 6.68265 -0.489559
3.28783 6.74106 -0.210932
3.16969 6.79741 -0.210932
3.05057 6.8517 0.0214991
2.93053 6.90389 0.0214991
2.80959 6.95399 0.241311
2.6878 7.00196 0.477332
2.56519 7.0478 0.477332
2.4418 7.0915 0.763913
2.31766 7.13303 1.15463
2.19282 7.1724 1.15463
2.06731 7.20957 1.74663
1.94117 7.24455 2.71577
1.81444 7.27733 2.71577
1.68716 7.30789 4.23703
1.55936 7.33622 4.23703
1.43109 7.36232 5.92605
1.30238 7.38617 6.97856
1.17328 7.40778 6.97856
1.04381 7.42712 7.58814
0.914034 7.44421 7.9522
0.783975 7.45903 7.9522
0.653678 7.47157 8.17638
0.523182 7.48184 8.17638
0.392526 7.48984 8.31331
0.26175 7.49555 8.389
0.130895 7.49897 8.389
4.5925e-16 7.50011 8.41515
-0.130895 7.49897 8.39408
-0.26175 7.49555 8.39408
-0.392526 7.48984 8.31965
-0.523182 7.48184 8.17448
-0.653678 7.47157 8.17448
-0.783975 7.45903 7.92185
-0.914034 7.44421 7.92185
-1.04381 7.42712 7.48735
-1.17328 7.40778 6.72599
-1.30238 7.38617 6.72599
-1.43109 7.36232 5.4307
-1.55936 7.33622 3.78176
-1.68716 7.30789 3.78176
-1.81444 7.27733 2.56053
-1.94117 7.24455 1.861
-2.06731 7.20957 1.861
-2.19282 7.1724 1.4624
-2.31766 7.13303 1.4624
-2.4418 7.0915 1.23271
-2.56519 7.0478 1.10672
-2.6878 7.00196 1.10672
-2.80959 6.95399 1.05426
-2.93053 6.90389 1.06487
-3.05057 6.8517 1.06487
-3.16969 6.79741 1.14277
-3.28783 6.74106 1.14277
-3.40498 6.68265 1.30892
-3.52109 6.62221 1.61098
-3.63613 6.55975 1.61098
-3.75006 6.49529 2.14469
-3.86284 6.42885 3.08709
-3.97446 6.36046 3.08709
-4.08486 6.29013 4.60476
-4.19401 6.21788 5.64865
-4.30189 6.14373 5.64865
-4.40846 6.06772 6.25618
-4.51368 5.98986 6.25618
-4.61753 5.91017 6.6061
-4.71998 5.82868 6.81001
-4.82098 5.74542 6.81001
-4.92052 5.66041 6.92636
-5.01856 5.57367 6.98467
-5.11507 5.48524 6.98467
-5.21002 5.39513 6.99909
-5.30338 5.30338 6.97467
-5.39513 5.21002 6.97467
-5.48524 5.11507 6.90944
-5.57367 5.01856 6.90944
-5.66041 4.92052 6.79372
-5.74542 4.82098 6.60595
-5.82868 4.71998 6.60595
-5.91017 4.61753 6.30251
-5.98986 4.51368 5.79791
-6.06772 4.40846 5.79791
-6.14373 4.30189 4.95576
-6.21788 4.19401 4.95576
-6.29013 4.08486 3.61897
-6.36046 3.97446 2.25573
-6.42885 3.86284 2.25573
-6.49529 3.75006 1.4368
-6.55975 3.63613 0.940485
-6.62221 3.52109 0.940485
-6.68265 3.40498 0.61043
-6.74106 3.28783 0.364689
-6.79741 3.16969 0.364689
-6.8517 3.05057 0.158347
-6.90389 2.93053 0.158347
-6.95399 2.80959 -0.0379095
-7.00196 2.6878 -0.24953
-7.0478 2.56519 -0.24953
-7.0915 2.4418 -0.507296
-7.13303 2.31766 -0.859597
-7.1724 2.19282 -0.859597
-7.20957 2.06731 -1.39451
-7.24455 1.94117 -2.27474
-7.27733 1.81444 -2.27474
-7.30789 1.68716 -3.71295
-7.33622 1.55936 -3.71295
-7.36232 1.43109 -5.16732
-7.38617 1.30238 -6.11734
-7.40778 1.17328 -6.11734
-7.42712 1.04381 -6.66921
-7.44421 0.914034 -6.99622
-7.45903 0.783975 -6.99622
-7.47157 0.653678 -7.19383
-7.48184 0.523182 -7.19383
-7.48984 0.392526 -7.31016
-7.49555 0.26175 -7.3691
-7.49897 0.130895 -7.3691
-7.50011 9.18499e-16 -7.38139
-7.49897 -0.130895 -7.34928
-7.49555 -0.26175 -7.34928
-7.48984 -0.392526 -7.26734
-7.48184 -0.523182 -7.12039
-7.47157 -0.653678 -7.12039
-7.45903 -0.783975 -6.87701
-7.44421 -0.914034 -6.87701
-7.42712 -1.04381 -6.47545
-7.40778 -1.17328 -5.80134
-7.38617 -1.30238 -5.80134
-7.36232 -1.43109 -4.62771
-7.33622 -1.55936 -2.84678
-7.30789 -1.68716 -2.84678
-7.27733 -1.81444 -1.7317
-7.24455 -1.94117 -1.7317
-7.20957 -2.06731 -1.06958
-7.1724 -2.19282 -0.64967
-7.13303 -2.31766 -0.64967
-7.0915 -2.4418 -0.355758
-7.0478 -2.56519 -0.125982
-7.00196 -2.6878 -0.125982
-6.95399 -2.80959 0.0761897
-6.90389 -2.93053 0.277466
-6.8517 -3.05057 0.277466
-6.79741 -3.16969 0.50451
-6.74106 -3.28783 0.50451
-6.68265 -3.40498 0.793867
-6.62221 -3.52109 1.2081
-6.55975 -3.63613 1.2081
-6.49529 -3.75006 1.86522
-6.42885 -3.86284 2.96013
-6.36046 -3.97446 2.96013
-6.29013 -4.08486 4.40501
-6.21788 -4.19401 5.59002
-6.14373 -4.30189 5.59002
-6.06772 -4.40846 6.28845
-5.98986 -4.51368 6.28845
-5.91017 -4.61753 6.69724
-5.82868 -4.71998 6.94604
-5.74542 -4.82098 6.94604
-5.66041 -4.92052 7.10035
-5.57367 -5.01856 7.19256
-5.48524 -5.11507 7.19256
-5.39513 -5.21002 7.23824
-5.30338 -5.30338 7.23824
-5.21002 -5.39513 7.24323
-5.11507 -5.48524 7.20607
-5.01856 -5.57367 7.20607
-4.92052 -5.66041 7.11727
-4.82098 -5.74542 6.95526
-4.71998 -5.82868 6.95526
-4.61753 -5.91017 6.67644
-4.51368 -5.98986 6.19505
-4.40846 -6.06772 6.19505
-4.30189 -6.14373 5.35363
-4.19401 -6.21788 5.35363
-4.08486 -6.29013 3.95722
-3.97446 -6.36046 2.69846
-3.86284 -6.42885 2.69846
-3.75006 -6.49529 1.92912
-3.63613 -6.55975 1.48893
-3.52109 -6.62221 1.48893
-3.40498 -6.68265 1.2388
-3.28783 -6.74106 1.104
-3.16969 -6.79741 1.104
-3.05057 -6.8517 1.04796
-2.93053 -6.90389 1.04796
-2.80959 -6.95399 1.05616
-2.6878 -7.00196 1.12946
-2.56519 -7.0478 1.12946
-2.4418 -7.0915 1.28455
-2.31766 -7.13303 1.56229
-2.19282 -7.1724 1.56229
-2.06731 -7.20957 2.04833
-1.94117 -7.24455 2.04833
-1.81444 -7.27733 2.90515
-1.68716 -7.30789 4.29594
-1.55936 -7.33622 4.29594
-1.43109 -7.36232 5.85354
-1.30238 -7.38617 6.81195
-1.17328 -7.40778 6.81195
-1.04381 -7.42712 7.35407
-0.914034 -7.44421 7.66632
-0.783975 -7.45903 7.66632
-0.653678 -7.47157 7.84813
-0.523182 -7.48184 7.84813
-0.392526 -7.48984 7.94877
-0.26175 -7.49555 7.9923
-0.130895 -7.49897 7.9923
-1.37775e-15 -7.50011 7.98925
0.130895 -7.49897 7.94129
0.26175 -7.49555 7.94129
0.392526 -7.48984 7.84202
0.523182 -7.48184 7.67435
0.653678 -7.47157 7.67435
0.783975 -7.45903 7.40277
0.914034 -7.44421 7.40277
1.04381 -7.42712 6.95585
1.17328 -7.40778 6.19505
1.30238 -7.38617 6.19505
1.43109 -7.36232 4.92278
1.55936 -7.33622 3.30846
1.68716 -7.30789 3.30846
1.81444 -7.27733 2.09218
1.94117 -7.24455 2.09218
2.06731 -7.20957 1.36068
2.19282 -7.1724 0.90076
2.31766 -7.13303 0.90076
2.4418 -7.0915 0.581923
2.56519 -7.0478 0.33458
2.6878 -7.00196 0.33458
2.80959 -6.95399 0.118258
2.93053 -6.90389 -0.0960883
3.05057 -6.8517 -0.0960883
3.16969 -6.79741 -0.336848
3.28783 -6.74106 -0.336848
3.40498 -6.68265 -0.641861
3.52109 -6.62221 -1.07339
3.63613 -6.55975 -1.07339
3.75006 -6.49529 -1.744
3.86284 -6.42885 -2.85439
3.97446 -6.36046 -2.85439
4.08486 -6.29013 -4.5918
4.19401 -6.21788 -5.79575
4.30189 -6.14373 -5.79575
4.40846 -6.06772 -6.50872
4.51368 -5.98986 -6.50872
4.61753 -5.91017 -6.9303
4.71998 -5.82868 -7.18531
4.82098 -5.74542 -7.18531
4.92052 -5.66041 -7.33939
5.01856 -5.57367 -7.42591
5.11507 -5.48524 -7.42591
5.21002 -5.39513 -7.46104
5.30338 -5.30338 -7.46104
5.39513 -5.21002 -7.45077
5.48524 -5.11507 -7.39324
5.57367 -5.01856 -7.39324
5.66041 -4.92052 -7.27796
5.74542 -4.82098 -7.08119
5.82868 -4.71998 -7.08119
5.91017 -4.61753 -6.75472
5.98986 -4.51368 -6.20379
6.06772 -4.40846 -6.20379
6.14373 -4.30189 -5.27706
6.21788 -4.19401 -5.27706
6.29013 -4.08486 -3.80027
6.36046 -3.97446 -2.2932
6.42885 -3.86284 -2.2932
6.49529 -3.75006 -1.38919
6.55975 -3.63613 -0.842182
6.62221 -3.52109 -0.842182
6.68265 -3.40498 -0.478594
6.74106 -3.28783 -0.207349
6.79741 -3.16969 -0.207349
6.8517 -3.05057 0.0216452
6.90389 -2.93053 0.0216452
6.95399 -2.80959 0.241335
7.00196 -2.6878 0.480691
7.0478 -2.56519 0.480691
7.0915 -2.4418 0.775182
7.13303 -2.31766 1.18098
7.1724 -2.19282 1.18098
7.20957 -2.06731 1.80064
7.24455 -1.94117 1.80064
7.27733 -1.81444 2.82385
7.30789 -1.68716 4.49862
7.33622 -1.55936 4.49862
7.36232 -1.43109 6.19279
7.38617 -1.30238 7.29902
7.40778 -1.17328 7.29902
7.42712 -1.04381 7.94114
7.44421 -0.914034 8.32133
7.45903 -0.783975 8.32133
7.47157 -0.653678 8.55093
7.48184 -0.523182 8.55093
7.48984 -0.392526 8.68607
7.49555 -0.26175 8.7546
7.49897 -0.130895 8.7546

7.5799 0 8.76906
7.57875 0.132288 8.73207
7.57529 0.264535 8.73207
7.56952 0.396701 8.63731
7.56144 0.528747 8.46708
7.55106 0.660632 8.46708
7.53838 0.792316 8.18474
7.5234 0.923758 8.18474
7.50614 1.05492 7.71828
7.48658 1.18576 6.93429
7.46475 1.31624 6.93429
7.44064 1.44631 5.56798
7.41426 1.57595 3.49387
7.38563 1.70511 3.49387
7.35475 1.83374 2.19723
7.32162 1.96182 1.42981
7.28627 2.0893 1.42981
7.2487 2.21615 0.945929
7.20892 2.34232 0.945929
7.16694 2.46778 0.610234
7.12278 2.59248 0.350903
7.07645 2.71639 0.350903
7.02796 2.83948 0.125848
6.97734 2.9617 -0.0952417
6.92459 3.08302 -0.0952417
6.86973 3.20341 -0.342034
6.81277 3.32281 -0.342034
6.75374 3.4412 -0.654565
6.69266 3.55855 -1.10084
6.62953 3.67481 -1.10084
6.56439 3.78995 -1.80877
6.49725 3.90394 -2.98939
6.42812 4.01674 -2.98939
6.35704 4.12831 -4.54769
6.28402 4.23863 -5.8236
6.20909 4.34765 -5.8236
6.13227 4.45536 -6.5717
6.05358 4.5617 -6.5717
5.97305 4.66665 -7.00511
5.89069 4.77019 -7.26403
5.80654 4.87227 -7.26403
5.72063 4.97286 -7.41922
5.63297 5.07195 -7.50557
5.54359 5.16948 -7.50557
5.45253 5.26544 -7.53972
5.3598 5.3598 -7.52772
5.26544 5.45253 -7.52772
5.16948 5.54359 -7.46766
5.07195 5.63297 -7.46766
4.97286 5.72063 -7.34886
4.87227 5.80654 -7.14745
4.77019 5.89069 -7.14745
4.66665 5.97305 -6.81562
4.5617 6.05358 -6.25972
4.45536 6.13227 -6.25972
4.34765 6.20909 -5.30823
4.23863 6.28402 -5.30823
4.12831 6.35704 -3.7482
4.01674 6.42812 -2.32823
3.90394 6.49725 -2.32823
3.78995 6.56439 -1.42628
3.67481 6.62953 -0.865246
3.55855 6.69266 -0.865246
3.4412 6.75374 -0.489559
3.32281 6.81277 -0.210932
3.20341 6.86973 -0.210932
3.08302 6.92459 0.0214991
2.9617 6.97734 0.0214991
2.83948 7.02796 0.241311
2.71639 7.07645 0.477332
2.59248 7.12278 0.477332
2.46778 7.16694 0.763913
2.34232 7.20892 1.15463
2.21615 7.2487 1.15463
2.0893 7.28627 1.74663
1.96182 7.32162 2.71577
1.83374 7.35475 2.71577
1.70511 7.38563 4.23703
1.57595 7.41426 4.23703
1.44631 7.44064 5.92605
1.31624 7.46475 6.97856
1.18576 7.48658 6.97856
1.05492 7.50614 7.58814
0.923758 7.5234 7.9522
0.792316 7.53838 7.9522
0.660632 7.55106 8.17638
0.528747 7.56144 8.17638
0.396701 7.56952 8.31331
0.264535 7.57529 8.389
0.132288 7.57875 8.389
4.64135e-16 7.5799 8.41515
-0.132288 7.57875 8.39408
-0.264535 7.57529 8.39408
-0.396701 7.56952 8.31965
-0.528747 7.56144 8.17448
-0.660632 7.55106 8.17448
-0.792316 7.53838 7.92185
-0.923758 7.5234 7.92185
-1.05492 7.50614 7.48735
-1.18576 7.48658 6.72599
-1.31624 7.46475 6.72599
-1.44631 7.44064 5.4307
-1.57595 7.41426 3.78176
-1.70511 7.38563 3.78176
-1.83374 7.35475 2.56053
-1.96182 7.32162 1.861
-2.0893 7.28627 1.861
-2.21615 7.2487 1.4624
-2.34232 7.20892 1.4624
-2.46778 7.16694 1.23271
-2.59248 7.12278 1.10672
-2.71639 7.07645 1.10672
-2.83948 7.02796 1.05426
-2.9617 6.97734 1.06487
-3.08302 6.92459 1.06487
-3.20341 6.86973 1.14277
-3.32281 6.81277 1.14277
-3.4412 6.75374 1.30892
-3.55855 6.69266 1.61098
-3.67481 6.62953 1.61098
-3.78995 6.56439 2.14469
-3.90394 6.49725 3.08709
-4.01674 6.42812 3.08709
-4.12831 6.35704 4.60476
-4.23863 6.28402 5.64865
-4.34765 6.20909 5.64865
-4.45536 6.13227 6.25618
-4.5617 6.05358 6.25618
-4.66665 5.97305 6.6061
-4.77019 5.89069 6.81001
-4.87227 5.80654 6.81001
-4.97286 5.72063 6.92636
-5.07195 5.63297 6.98467
-5.16948 5.54359 6.98467
-5.26544 5.45253 6.99909
-5.3598 5.3598 6.97467
-5.45253 5.26544 6.97467
-5.54359 5.16948 6.90944
-5.63297 5.07195 6.90944
-5.72063 4.97286 6.79372
-5.80654 4.87227 6.60595
-5.89069 4.77019 6.60595
-5.97305 4.66665 6.30251
-6.05358 4.5617 5.79791
-6.13227 4.45536 5.79791
-6.20909 4.34765 4.95576
-6.28402 4.23863 4.95576
-6.35704 4.12831 3.61897
-6.42812 4.01674 2.25573
-6.49725 3.90394 2.25573
-6.56439 3.78995 1.4368
-6.62953 3.67481 0.940485
-6.69266 3.55855 0.940485
-6.75374 3.4412 0.61043
-6.81277 3.32281 0.364689
-6.86973 3.20341 0.364689
-6.92459 3.08302 0.158347
-6.97734 2.9617 0.158347
-7.02796 2.83948 -0.0379095
-7.07645 2.71639 -0.24953
-7.12278 2.59248 -0.24953
-7.16694 2.46778 -0.507296
-7.20892 2.34232 -0.859597
-7.2487 2.21615 -0.859597
-7.28627 2.0893 -1.39451
-7.32162 1.96182 -2.27474
-7.35475 1.83374 -2.27474
-7.38563 1.70511 -3.71295
-7.41426 1.57595 -3.71295
-7.44064 1.44631 -5.16732
-7.46475 1.31624 -6.11734
-7.48658 1.18576 -6.11734
-7.50614 1.05492 -6.66921
-7.5234 0.923758 -6.99622
-7.53838 0.792316 -6.99622
-7.55106 0.660632 -7.19383
-7.56144 0.528747 -7.19383
-7.56952 0.396701 -7.31016
-7.57529 0.264535 -7.3691
-7.57875 0.132288 -7.3691
-7.5799 9.2827e-16 -7.38139
-7.57875 -0.132288 -7.34928
-7.57529 -0.264535 -7.34928
-7.56952 -0.396701 -7.26734
-7.56144 -0.528747 -7.12039
-7.55106 -0.660632 -7.12039
-7.53838 -0.792316 -6.87701
-7.5234 -0.923758 -6.87701
-7.50614 -1.05492 -6.47545
-7.48658 -1.18576 -5.80134
-7.46475 -1.31624 -5.80134
-7.44064 -1.44631 -4.62771
-7.41426 -1.57595 -2.84678
-7.38563 -1.70511 -2.84678
-7.35475 -1.83374 -1.7317
-7.32162 -1.96182 -1.7317
-7.28627 -2.0893 -1.06958
-7.2487 -2.21615 -0.64967
-7.20892 -2.34232 -0.64967
-7.16694 -2.46778 -0.355758
-7.12278 -2.59248 -0.125982
-7.07645 -2.71639 -0.125982
-7.02796 -2.83948 0.0761897
-6.97734 -2.9617 0.277466
-6.92459 -3.08302 0.277466
-6.86973 -3.20341 0.50451
-6.81277 -3.32281 0.50451
-6.75374 -3.4412 0.793867
-6.69266 -3.55855 1.2081
-6.62953 -3.67481 1.2081
-6.56439 -3.78995 1.86522
-6.49725 -3.90394 2.96013
-6.42812 -4.01674 2.96013
-6.35704 -4.12831 4.40501
-6.28402 -4.23863 5.59002
-6.20909 -4.34765 5.59002
-6.13227 -4.45536 6.28845
-6.05358 -4.5617 6.28845
-5.97305 -4.66665 6.69724
-5.89069 -4.77019 6.94604
-5.80654 -4.87227 6.94604
-5.72063 -4.97286 7.10035
-5.63297 -5.07195 7.19256
-5.54359 -5.16948 7.19256
-5.45253 -5.26544 7.23824
-5.3598 -5.3598 7.23824
-5.26544 -5.45253 7.24323
-5.16948 -5.54359 7.20607
-5.07195 -5.63297 7.20607
-4.97286 -5.72063 7.11727
-4.87227 -5.80654 6.95526
-4.77019 -5.89069 6.95526
-4.66665 -5.97305 6.67644
-4.5617 -6.05358 6.19505
-4.45536 -6.13227 6.19505
-4.34765 -6.20909 5.35363
-4.23863 -6.28402 5.35363
-4.12831 -6.35704 3.95722
-4.01674 -6.42812 2.69846
-3.90394 -6.49725 2.69846
-3.78995 -6.56439 1.92912
-3.67481 -6.62953 1.48893
-3.55855 -6.69266 1.48893
-3.4412 -6.75374 1.2388
-3.32281 -6.81277 1.104
-3.20341 -6.86973 1.104
-3.08302 -6.92459 1.04796
-2.9617 -6.97734 1.04796
-2.83948 -7.02796 1.05616
-2.71639 -7.07645 1.12946
-2.59248 -7.12278 1.12946
-2.46778 -7.16694 1.28455
-2.34232 -7.20892 1.56229
-2.21615 -7.2487 1.56229
-2.0893 -7.28627 2.04833
-1.96182 -7.32162 2.04833
-1.83374 -7.35475 2.90515
-1.70511 -7.38563 4.29594
-1.57595 -7.41426 4.29594
-1.44631 -7.44064 5.85354
-1.31624 -7.46475 6.81195
-1.18576 -7.48658 6.81195
-1.05492 -7.50614 7.35407
-0.923758 -7.5234 7.66632
-0.792316 -7.53838 7.66632
-0.660632 -7.55106 7.84813
-0.528747 -7.56144 7.84813
-0.396701 -7.56952 7.94877
-0.264535 -7.57529 7.9923
-0.132288 -7.57875 7.9923
-1.39241e-15 -7.5799 7.98925
0.132288 -7.57875 7.94129
0.264535 -7.57529 7.94129
0.396701 -7.56952 7.84202
0.528747 -7.56144 7.67435
0.660632 -7.55106 7.67435
0.792316 -7.53838 7.40277
0.923758 -7.5234 7.40277
1.05492 -7.50614 6.95585
1.18576 -7.48658 6.19505
1.31624 -7.46475 6.19505
1.44631 -7.44064 4.92278
1.57595 -7.41426 3.30846
1.70511 -7.38563 3.30846
1.83374 -7.35475 2.09218
1.96182 -7.32162 2.09218
2.0893 -7.28627 1.36068
2.21615 -7.2487 0.90076
2.34232 -7.20892 0.90076
2.46778 -7.16694 0.581923
2.59248 -7.12278 0.33458
2.71639 -7.07645 0.33458
2.83948 -7.02796 0.118258
2.9617 -6.97734 -0.0960883
3.08302 -6.92459 -0.0960883
3.20341 -6.86973 -0.336848
3.32281 -6.81277 -0.336848
3.4412 -6.75374 -0.641861
3.55855 -6.69266 -1.07339
3.67481 -6.62953 -1.07339
3.78995 -6.56439 -1.744
3.90394 -6.49725 -2.85439
4.01674 -6.42812 -2.85439
4.12831 -6.35704 -4.5918
4.23863 -6.28402 -5.79575
4.34765 -6.20909 -5.79575
4.45536 -6.13227 -6.50872
4.5617 -6.05358 -6.50872
4.66665 -5.97305 -6.9303
4.77019 -5.89069 -7.18531
4.87227 -5.80654 -7.18531
4.97286 -5.72063 -7.33939
5.07195 -5.63297 -7.42591
5.16948 -5.54359 -7.42591
5.26544 -5.45253 -7.46104
5.3598 -5.3598 -7.46104
5.45253 -5.26544 -7.45077
5.54359 -5.16948 -7.39324
5.63297 -5.07195 -7.39324
5.72063 -4.97286 -7.27796
5.80654 -4.87227 -7.08119
5.89069 -4.77019 -7.08119
5.97305 -4.66665 -6.75472
6.05358 -4.5617 -6.20379
6.13227 -4.45536 -6.20379
6.20909 -4.34765 -5.27706
6.28402 -4.23863 -5.27706
6.35704 -4.12831 -3.80027
6.42812 -4.01674 -2.2932
6.49725 -3.90394 -2.2932
6.56439 -3.78995 -1.38919
6.62953 -3.67481 -0.842182
6.69266 -3.55855 -0.842182
6.75374 -3.4412 -0.478594
6.81277 -3.32281 -0.207349
6.86973 -3.20341 -0.207349
6.92459 -3.08302 0.0216452
6.97734 -2.9617 0.0216452
7.02796 -2.83948 0.241335
7.07645 -2.71639 0.480691
7.12278 -2.59248 0.480691
7.16694 -2.46778 0.775182
7.20892 -2.34232 1.18098
7.2487 -2.21615 1.18098
7.28627 -2.0893 1.80064
7.32162 -1.96182 1.80064
7.35475 -1.83374 2.82385
7.38563 -1.70511 4.49862
7.41426 -1.57595 4.49862
7.44064 -1.44631 6.19279
7.46475 -1.31624 7.29902
7.48658 -1.18576 7.29902
7.50614 -1.05492 7.94114
7.5234 -0.923758 8.32133
7.53838 -0.792316 8.32133
7.55106 -0.660632 8.55093
7.56144 -0.528747 8.55093
7.56952 -0.396701 8.68607
7.57529 -0.264535 8.7546
7.57875 -0.132288 8.7546

7.65969 0 8.76906
7.65853 0.13368 8.73207
7.65503 0.267319 8.73207
7.64919 0.400877 8.63731
7.64103 0.534313 8.46708
7.63054 0.667586 8.46708
7.61773 0.800656 8.18474
7.6026 0.933482 8.18474
7.58515 1.06602 7.71828
7.56539 1.19824 6.93429
7.54332 1.33009 6.93429
7.51896 1.46154 5.56798
7.49231 1.59254 3.49387
7.46337 1.72306 3.49387
7.43217 1.85305 2.19723
7.39869 1.98247 1.42981
7.36297 2.1113 1.42981
7.325 2.23948 0.945929
7.2848 2.36697 0.945929
7.24238 2.49375 0.610234
7.19776 2.61977 0.350903
7.15094 2.74499 0.350903
7.10194 2.86937 0.125848
7.05078 2.99288 -0.0952417
6.99748 3.11548 -0.0952417
6.94204 3.23713 -0.342034
6.88449 3.35779 -0.342034
6.82484 3.47743 -0.654565
6.76311 3.59601 -1.10084
6.69932 3.71349 -1.10084
6.63349 3.82985 -1.80877
6.56564 3.94503 -2.98939
6.49579 4.05902 -2.98939
6.42396 4.17177 -4.54769
6.35017 4.28325 -5.8236
6.27445 4.39342 -5.8236
6.19682 4.50225 -6.5717
6.1173 4.60972 -6.5717
6.03592 4.71578 -7.00511
5.9527 4.8204 -7.26403
5.86766 4.92355 -7.26403
5.78084 5.02521 -7.41922
5.69226 5.12533 -7.50557
5.60194 5.2239 -7.50557
5.50992 5.32087 -7.53972
5.41622 5.41622 -7.52772
5.32087 5.50992 -7.52772
5.2239 5.60194 -7.46766
5.12533 5.69226 -7.46766
5.02521 5.78084 -7.34886
4.92355 5.86766 -7.14745
4.8204 5.9527 -7.14745
4.71578 6.03592 -6.81562
4.60972 6.1173 -6.25972
4.50225 6.19682 -6.25972
4.39342 6.27445 -5.30823
4.28325 6.35017 -5.30823
4.17177 6.42396 -3.7482
4.05902 6.49579 -2.32823
3.94503 6.56564 -2.32823
3.82985 6.63349 -1.42628
3.71349 6.69932 -0.865246
3.59601 6.76311 -0.865246
3.47743 6.82484 -0.489559
3.35779 6.88449 -0.210932
3.23713 6.94204 -0.210932
3.11548 6.99748 0.0214991
2.99288 7.05078 0.0214991
2.86937 7.10194 0.241311
2.74499 7.15094 0.477332
2.61977 7.19776 0.477332
2.49375 7.24238 0.763913
2.36697 7.2848 1.15463
2.23948 7.325 1.15463
2.1113 7.36297 1.74663
1.98247 7.39869 2.71577
1.85305 7.43217 2.71577
1.72306 7.46337 4.23703
1.59254 7.49231 4.23703
1.46154 7.51896 5.92605
1.33009 7.54332 6.97856
1.19824 7.56539 6.97856
1.06602 7.58515 7.58814
0.933482 7.6026 7.9522
0.800656 7.61773 7.9522
0.667586 7.63054 8.17638
0.534313 7.64103 8.17638
0.400877 7.64919 8.31331
0.267319 7.65503 8.389
0.13368 7.65853 8.389
4.69021e-16 7.65969 8.41515
-0.13368 7.65853 8.39408
-0.267319 7.65503 8.39408
-0.400877 7.64919 8.31965
-0.534313 7.64103 8.17448
-0.667586 7.63054 8.17448
-0.800656 7.61773 7.92185
-0.933482 7.6026 7.92185
-1.06602 7.58515 7.48735
-1.19824 7.56539 6.72599
-1.33009 7.54332 6.72599
-1.46154 7.51896 5.4307
-1.59254 7.49231 3.78176
-1.72306 7.46337 3.78176
-1.85305 7.43217 2.56053
-1.98247 7.39869 1.861
-2.1113 7.36297 1.861
-2.23948 7.325 1.4624
-2.36697 7.2848 1.4624
-2.49375 7.24238 1.23271
-2.61977 7.19776 1.10672
-2.74499 7.15094 1.10672
-2.86937 7.10194 1.05426
-2.99288 7.05078 1.06487
-3.11548 6.99748 1.06487
-3.23713 6.94204 1.14277
-3.35779 6.88449 1.14277
-3.47743 6.82484 1.30892
-3.59601 6.76311 1.61098
-3.71349 6.69932 1.61098
-3.82985 6.63349 2.14469
-3.94503 6.56564 3.08709
-4.05902 6.49579 3.08709
-4.17177 6.42396 4.60476
-4.28325 6.35017 5.64865
-4.39342 6.27445 5.64865
-4.50225 6.19682 6.25618
-4.60972 6.1173 6.25618
-4.71578 6.03592 6.6061
-4.8204 5.9527 6.81001
-4.92355 5.86766 6.81001
-5.02521 5.78084 6.92636
-5.12533 5.69226 6.98467
-5.2239 5.60194 6.98467
-5.32087 5.50992 6.99909
-5.41622 5.41622 6.97467
-5.50992 5.32087 6.97467
-5.60194 5.2239 6.90944
-5.69226 5.12533 6.90944
-5.78084 5.02521 6.79372
-5.86766 4.92355 6.60595
-5.9527 4.8204 6.60595
-6.03592 4.71578 6.30251
-6.1173 4.60972 5.79791
-6.19682 4.50225 5.79791
-6.27445 4.39342 4.95576
-6.35017 4.28325 4.95576
-6.42396 4.17177 3.61897
-6.49579 4.05902 2.25573
-6.56564 3.94503 2.25573
-6.63349 3.82985 1.4368
-6.69932 3.71349 0.940485
-6.76311 3.59601 0.940485
-6.82484 3.47743 0.61043
-6.88449 3.35779 0.364689
-6.94204 3.23713 0.364689
-6.99748 3.11548 0.158347
-7.05078 2.99288 0.158347
-7.10194 2.86937 -0.0379095
-7.15094 2.74499 -0.24953
-7.19776 2.61977 -0.24953
-7.24238 2.49375 -0.507296
-7.2848 2.36697 -0.859597
-7.325 2.23948 -0.859597
-7.36297 2.1113 -1.39451
-7.39869 1.98247 -2.27474
-7.43217 1.85305 -2.27474
-7.46337 1.72306 -3.71295
-7.49231 1.59254 -3.71295
-7.51896 1.46154 -5.16732
-7.54332 1.33009 -6.11734
-7.56539 1.19824 -6.11734
-7.58515 1.06602 -6.66921
-7.6026 0.933482 -6.99622
-7.61773 0.800656 -6.99622
-7.63054 0.667586 -7.19383
-7.64103 0.534313 -7.19383
-7.64919 0.400877 -7.31016
-7.65503 0.267319 -7.3691
-7.65853 0.13368 -7.3691
-7.65969 9.38042e-16 -7.38139
-7.65853 -0.13368 -7.34928
-7.65503 -0.267319 -7.34928
-7.64919 -0.400877 -7.26734
-7.64103 -0.534313 -7.12039
-7.63054 -0.667586 -7.12039
-7.61773 -0.800656 -6.87701
-7.6026 -0.933482 -6.87701
-7.58515 -1.06602 -6.47545
-7.56539 -1.19824 -5.80134
-7.54332 -1.33009 -5.80134
-7.51896 -1.46154 -4.62771
-7.49231 -1.59254 -2.84678
-7.46337 -1.72306 -2.84678
-7.43217 -1.85305 -1.7317
-7.39869 -1.98247 -1.7317
-7.36297 -2.1113 -1.06958
-7.325 -2.23948 -0.64967
-7.2848 -2.36697 -0.64967
-7.24238 -2.49375 -0.355758
-7.19776 -2.61977 -0.125982
-7.15094 -2.74499 -0.125982
-7.10194 -2.86937 0.0761897
-7.05078 -2.99288 0.277466
-6.99748 -3.11548 0.277466
-6.94204 -3.23713 0.50451
-6.88449 -3.35779 0.50451
-6.82484 -3.47743 0.793867
-6.76311 -3.59601 1.2081
-6.69932 -3.71349 1.2081
-6.63349 -3.82985 1.86522
-6.56564 -3.94503 2.96013
-6.49579 -4.05902 2.96013
-6.42396 -4.17177 4.40501
-6.35017 -4.28325 5.59002
-6.27445 -4.39342 5.59002
-6.19682 -4.50225 6.28845
-6.1173 -4.60972 6.28845
-6.03592 -4.71578 6.69724
-5.9527 -4.8204 6.94604
-5.86766 -4.92355 6.94604
-5.78084 -5.02521 7.10035
-5.69226 -5.12533 7.19256
-5.60194 -5.2239 7.19256
-5.50992 -5.32087 7.23824
-5.41622 -5.41622 7.23824
-5.32087 -5.50992 7.24323
-5.2239 -5.60194 7.20607
-5.12533 -5.69226 7.20607
-5.02521 -5.78084 7.11727
-4.92355 -5.86766 6.95526
-4.8204 -5.9527 6.95526
-4.71578 -6.03592 6.67644
-4.60972 -6.1173 6.19505
-4.50225 -6.19682 6.19505
-4.39342 -6.27445 5.35363
-4.28325 -6.35017 5.35363
-4.17177 -6.42396 3.95722
-4.05902 -6.49579 2.69846
-3.94503 -6.56564 2.69846
-3.82985 -6.63349 1.92912
-3.71349 -6.69932 1.48893
-3.59601 -6.76311 1.48893
-3.47743 -6.82484 1.2388
-3.35779 -6.88449 1.104
-3.23713 -6.94204 1.104
-3.11548 -6.99748 1.04796
-2.99288 -7.05078 1.04796
-2.86937 -7.10194 1.05616
-2.74499 -7.15094 1.12946
-2.61977 -7.19776 1.12946
-2.49375 -7.24238 1.28455
-2.36697 -7.2848 1.56229
-2.23948 -7.325 1.56229
-2.1113 -7.36297 2.04833
-1.98247 -7.39869 2.04833
-1.85305 -7.43217 2.90515
-1.72306 -7.46337 4.29594
-1.59254 -7.49231 4.29594
-1.46154 -7.51896 5.85354
-1.33009 -7.54332 6.81195
-1.19824 -7.56539 6.81195
-1.06602 -7.58515 7.35407
-0.933482 -7.6026 7.66632
-0.800656 -7.61773 7.66632
-0.667586 -7.63054 7.84813
-0.534313 -7.64103 7.84813
-0.400877 -7.64919 7.94877
-0.267319 -7.65503 7.9923
-0.13368 -7.65853 7.9923
-1.40706e-15 -7.65969 7.98925
0.13368 -7.65853 7.94129
0.267319 -7.65503 7.94129
0.400877 -7.64919 7.84202
0.534313 -7.64103 7.67435
0.667586 -7.63054 7.67435
0.800656 -7.61773 7.40277
0.933482 -7.6026 7.40277
1.06602 -7.58515 6.95585
1.19824 -7.56539 6.19505
1.33009 -7.54332 6.19505
1.46154 -7.51896 4.92278
1.59254 -7.49231 3.30846
1.72306 -7.46337 3.30846
1.85305 -7.43217 2.09218
1.98247 -7.39869 2.09218
2.1113 -7.36297 1.36068
2.23948 -7.325 0.90076
2.36697 -7.2848 0.90076
2.49375 -7.24238 0.581923
2.61977 -7.19776 0.33458
2.74499 -7.15094 0.33458
2.86937 -7.10194 0.118258
2.99288 -7.05078 -0.0960883
3.11548 -6.99748 -0.0960883
3.23713 -6.94204 -0.336848
3.35779 -6.88449 -0.336848
3.47743 -6.82484 -0.641861
3.59601 -6.76311 -1.07339
3.71349 -6.69932 -1.07339
3.82985 -6.63349 -1.744
3.94503 -6.56564 -2.85439
4.05902 -6.49579 -2.85439
4.17177 -6.42396 -4.5918
4.28325 -6.35017 -5.79575
4.39342 -6.27445 -5.79575
4.50225 -6.19682 -6.50872
4.60972 -6.1173 -6.50872
4.71578 -6.03592 -6.9303
4.8204 -5.9527 -7.18531
4.92355 -5.86766 -7.18531
5.02521 -5.78084 -7.33939
5.12533 -5.69226 -7.42591
5.2239 -5.60194 -7.42591
5.32087 -5.50992 -7.46104
5.41622 -5.41622 -7.46104
5.50992 -5.32087 -7.45077
5.60194 -5.2239 -7.39324
5.69226 -5.12533 -7.39324
5.78084 -5.02521 -7.27796
5.86766 -4.92355 -7.08119
5.9527 -4.8204 -7.08119
6.03592 -4.71578 -6.75472
6.1173 -4.60972 -6.20379
6.19682 -4.50225 -6.20379
6.27445 -4.39342 -5.27706
6.35017 -4.28325 -5.27706
6.42396 -4.17177 -3.80027
6.49579 -4.05902 -2.2932
6.56564 -3.94503 -2.2932
6.63349 -3.82985 -1.38919
6.69932 -3.71349 -0.842182
6.76311 -3.59601 -0.842182
6.82484 -3.47743 -0.478594
6.88449 -3.35779 -0.207349
6.94204 -3.23713 -0.207349
6.99748 -3.11548 0.0216452
7.05078 -2.99288 0.0216452
7.10194 -2.86937 0.241335
7.15094 -2.74499 0.480691
7.19776 -2.61977 0.480691
7.24238 -2.49375 0.775182
7.2848 -2.36697 1.18098
7.325 -2.23948 1.18098
7.36297 -2.1113 1.80064
7.39869 -1.98247 1.80064
7.43217 -1.85305 2.82385
7.46337 -1.72306 4.49862
7.49231 -1.59254 4.49862
7.51896 -1.46154 6.19279
7.54332 -1.33009 7.29902
7.56539 -1.19824 7.29902
7.58515 -1.06602 7.94114
7.6026 -0.933482 8.32133
7.61773 -0.800656 8.32133
7.63054 -0.667586 8.55093
7.64103 -0.534313 8.55093
7.64919 -0.400877 8.68607
7.65503 -0.267319 8.7546
7.65853 -0.13368 8.7546

7.73948 0 9.63379
7.7383 0.135073 9.61475
7.73477 0.270104 9.61475
7.72887 0.405053 9.56578
7.72063 0.539879 9.47639
7.71003 0.67454 9.47639
7.69708 0.808996 9.32272
7.68179 0.943205 9.04834
7.66416 1.07713 9.04834
7.64419 1.21072 8.49954
7.6219 1.34395 7.63603
7.59728 1.47676 7.63603
7.57035 1.60913 3.08357
7.54112 1.741 3.08357
7.50958 1.87235 1.55876
7.47576 2.00312 0.914895
7.43967 2.13329 0.914895
7.4013 2.26281 0.579861
7.36068 2.39163 0.372932
7.31782 2.51973 0.372932
7.27273 2.64706 0.22525
7.22543 2.77358 0.104734
7.17592 2.89926 0.104734
7.12423 3.02406 -0.00776739
7.07037 3.14793 -0.128386
7.01435 3.27085 -0.128386
6.9562 3.39276 -0.27753
6.89593 3.51365 -0.491888
6.83356 3.63347 -0.491888
6.7691 3.75217 -0.857698
6.70259 3.86974 -1.63181
6.63403 3.98613 -1.63181
6.56345 4.1013 -3.77939
6.49087 4.21522 -3.77939
6.41632 4.32786 -6.52529
6.33981 4.43918 -7.4992
6.26137 4.54915 -7.4992
6.18102 4.65774 -7.91665
6.09879 4.7649 -8.13095
6.01471 4.87061 -8.13095
5.92879 4.97484 -8.25236
5.84106 5.07756 -8.32253
5.75155 5.17872 -8.32253
5.6603 5.27831 -8.35935
5.56732 5.37629 -8.37056
5.47264 5.47264 -8.37056
5.37629 5.56732 -8.35831
5.27831 5.6603 -8.32031
5.17872 5.75155 -8.32031
5.07756 5.84106 -8.24856
4.97484 5.92879 -8.12469
4.87061 6.01471 -8.12469
4.7649 6.09879 -7.90625
4.65774 6.18102 -7.90625
4.54915 6.26137 -7.48466
4.43918 6.33981 -6.54157
4.32786 6.41632 -6.54157
4.21522 6.49087 -3.74902
4.1013 6.56345 -1.68697
3.98613 6.63403 -1.68697
3.86974 6.70259 -0.889715
3.75217 6.7691 -0.505487
3.63347 6.83356 -0.505487
3.51365 6.89593 -0.281475
3.39276 6.9562 -0.127739
3.27085 7.01435 -0.127739
3.14793 7.07037 -0.00510104
3.02406 7.12423 0.107911
2.89926 7.17592 0.107911
2.77358 7.22543 0.227819
2.64706 7.27273 0.373948
2.51973 7.31782 0.373948
2.39163 7.36068 0.578973
2.26281 7.4013 0.578973
2.13329 7.43967 0.915266
2.00312 7.47576 1.58362
1.87235 7.50958 1.58362
1.741 7.54112 3.27791
1.60913 7.57035 6.70226
1.47676 7.59728 6.70226
1.34395 7.6219 8.01662
1.21072 7.64419 8.55832
1.07713 7.66416 8.55832
0.943205 7.68179 8.8296
0.808996 7.69708 8.98306
0.67454 7.71003 8.98306
0.539879 7.72063 9.07457
0.405053 7.72887 9.12766
0.270104 7.73477 9.12766
0.135073 7.7383 9.15278
4.73906e-16 7.73948 9.15364
-0.135073 7.7383 9.15364
-0.270104 7.73477 9.12916
-0.405053 7.72887 9.12916
-0.539879 7.72063 9.07281
-0.67454 7.71003 8.96873
-0.808996 7.69708 8.96873
-0.943205 7.68179 8.77997
-1.07713 7.66416 8.41067
-1.21072 7.64419 8.41067
-1.34395 7.6219 7.56405
-1.47676 7.59728 5.37296
-1.60913 7.57035 5.37296
-1.741 7.54112 2.38972
-1.87235 7.50958 1.3815
-2.00312 7.47576 1.3815
-2.13329 7.43967 0.951128
-2.26281 7.4013 0.735263
-2.39163 7.36068 0.735263
-2.51973 7.31782 0.618373
-2.64706 7.27273 0.557147
-2.77358 7.22543 0.557147
-2.89926 7.17592 0.534297
-3.02406 7.12423 0.534297
-3.14793 7.07037 0.544841
-3.27085 7.01435 0.592925
-3.39276 6.9562 0.592925
-3.51365 6.89593 0.694884
-3.63347 6.83356 0.892284
-3.75217 6.7691 0.892284
-3.86974 6.70259 1.29262
-3.98613 6.63403 2.21341
-4.1013 6.56345 2.21341
-4.21522 6.49087 5.26748
-4.32786 6.41632 6.57004
-4.43918 6.33981 6.57004
-4.54915 6.26137 7.09547
-4.65774 6.18102 7.34407
-4.7649 6.09879 7.34407
-4.87061 6.01471 7.47538
-4.97484 5.92879 7.54772
-5.07756 5.84106 7.54772
-5.17872 5.75155 7.58513
-5.27831 5.6603 7.58513
-5.37629 5.56732 7.59818
-5.47264 5.47264 7.59096
-5.56732 5.37629 7.59096
-5.6603 5.27831 7.56336
-5.75155 5.17872 7.51111
-5.84106 5.07756 7.51111
-5.92879 4.97484 7.42341
-6.01471 4.87061 7.27547
-6.09879 4.7649 7.27547
-6.18102 4.65774 7.00461
-6.26137 4.54915 6.41976
-6.33981 4.43918 6.41976
-6.41632 4.32786 5.2241
-6.49087 4.21522 2.11768
-6.56345 4.1013 2.11768
-6.63403 3.98613 1.09782
-6.70259 3.86974 0.656558
-6.7691 3.75217 0.656558
-6.83356 3.63347 0.416847
-6.89593 3.51365 0.416847
-6.9562 3.39276 0.26108
-7.01435 3.27085 0.143349
-7.07037 3.14793 0.143349
-7.12423 3.02406 0.0409553
-7.17592 2.89926 -0.0612543
-7.22543 2.77358 -0.0612543
-7.27273 2.64706 -0.178242
-7.31782 2.51973 -0.331896
-7.36068 2.39163 -0.331896
-7.4013 2.26281 -0.565428
-7.43967 2.13329 -0.985982
-7.47576 2.00312 -0.985982
-7.50958 1.87235 -1.91889
-7.54112 1.741 -4.55333
-7.57035 1.60913 -4.55333
-7.59728 1.47676 -6.71015
-7.6219 1.34395 -7.4621
-7.64419 1.21072 -7.4621
-7.66416 1.07713 -7.80653
-7.68179 0.943205 -7.80653
-7.69708 0.808996 -7.98943
-7.71003 0.67454 -8.09436
-7.72063 0.539879 -8.09436
-7.72887 0.405053 -8.15458
-7.73477 0.270104 -8.18469
-7.7383 0.135073 -8.18469
-7.73948 9.47813e-16 -8.19086
-7.7383 -0.135073 -8.17434
-7.73477 -0.270104 -8.17434
-7.72887 -0.405053 -8.13203
-7.72063 -0.539879 -8.05491
-7.71003 -0.67454 -8.05491
-7.69708 -0.808996 -7.92255
-7.68179 -0.943205 -7.68653
-7.66416 -1.07713 -7.68653
-7.64419 -1.21072 -7.21508
-7.6219 -1.34395 -7.21508
-7.59728 -1.47676 -6.47402
-7.57035 -1.60913 -2.57029
-7.54112 -1.741 -2.57029
-7.50958 -1.87235 -1.26155
-7.47576 -2.00312 -0.707627
-7.43967 -2.13329 -0.707627
-7.4013 -2.26281 -0.418047
-7.36068 -2.39163 -0.237807
-7.31782 -2.51973 -0.237807
-7.27273 -2.64706 -0.107752
-7.22543 -2.77358 -0.000179479
-7.17592 -2.89926 -0.000179479
-7.12423 -3.02406 0.101655
-7.07037 -3.14793 0.212145
-7.01435 -3.27085 0.212145
-6.9562 -3.39276 0.349854
-6.89593 -3.51365 0.548503
-6.83356 -3.63347 0.548503
-6.7691 -3.75217 0.887667
-6.70259 -3.86974 0.887667
-6.63403 -3.98613 1.60458
-6.56345 -4.1013 3.59093
-6.49087 -4.21522 3.59093
-6.41632 -4.32786 6.13065
-6.33981 -4.43918 7.03366
-6.26137 -4.54915 7.03366
-6.18102 -4.65774 7.42306
-6.09879 -4.7649 7.62532
-6.01471 -4.87061 7.62532
-5.92879 -4.97484 7.74234
-5.84106 -5.07756 7.81268
-5.75155 -5.17872 7.81268
-5.6603 -5.27831 7.85296
-5.56732 -5.37629 7.8704
-5.47264 -5.47264 7.8704
-5.37629 -5.56732 7.86713
-5.27831 -5.6603 7.84118
-5.17872 -5.75155 7.84118
-5.07756 -5.84106 7.78534
-4.97484 -5.92879 7.78534
-4.87061 -6.01471 7.68286
-4.7649 -6.09879 7.49481
-4.65774 -6.18102 7.49481
-4.54915 -6.26137 7.12114
-4.43918 -6.33981 6.26788
-4.32786 -6.41632 6.26788
-4.21522 -6.49087 3.71117
-4.1013 -6.56345 1.83201
-3.98613 -6.63403 1.83201
-3.86974 -6.70259 1.12693
-3.75217 -6.7691 0.810432
-3.63347 -6.83356 0.810432
-3.51365 -6.89593 0.6512
-3.39276 -6.9562 0.569517
-3.27085 -7.01435 0.569517
-3.14793 -7.07037 0.534393
-3.02406 -7.12423 0.534393
-2.89926 -7.17592 0.534393
-2.77358 -7.22543 0.568689
-2.64706 -7.27273 0.568689
-2.51973 -7.31782 0.64629
-2.39163 -7.36068 0.792559
-2.26281 -7.4013 0.792559
-2.13329 -7.43967 1.07257
-2.00312 -7.47576 1.67447
-1.87235 -7.50958 1.67447
-1.741 -7.54112 3.25506
-1.60913 -7.57035 6.48445
-1.47676 -7.59728 6.48445
-1.34395 -7.6219 7.71112
-1.21072 -7.64419 8.20682
-1.07713 -7.66416 8.20682
-0.943205 -7.68179 8.44758
-0.808996 -7.69708 8.57778
-0.67454 -7.71003 8.57778
-0.539879 -7.72063 8.65009
-0.405053 -7.72887 8.68656
-0.270104 -7.73477 8.68656
-0.135073 -7.7383 8.69681
-1.42172e-15 -7.73948 8.69681
0.135073 -7.7383 8.68412
0.270104 -7.73477 8.6472
0.405053 -7.72887 8.6472
0.539879 -7.72063 8.57958
0.67454 -7.71003 8.46591
0.808996 -7.69708 8.46591
0.943205 -7.68179 8.2708
1.07713 -7.66416 7.90279
1.21072 -7.64419 7.90279
1.34395 -7.6219 7.07956
1.47676 -7.59728 4.97822
1.60913 -7.57035 4.97822
1.741 -7.54112 2.1204
1.87235 -7.50958 1.13389
2.00312 -7.47576 1.13389
2.13329 -7.43967 0.690519
2.26281 -7.4013 0.44333
2.39163 -7.36068 0.44333
2.51973 -7.31782 0.2798
2.64706 -7.27273 0.2798
2.77358 -7.22543 0.154542
2.89926 -7.17592 0.0443568
3.02406 -7.12423 0.0443568
3.14793 -7.07037 -0.0669072
3.27085 -7.01435 -0.196
3.39276 -6.9562 -0.196
3.51365 -6.89593 -0.368363
3.63347 -6.83356 -0.634797
3.75217 -6.7691 -0.634797
3.86974 -6.70259 -1.1178
3.98613 -6.63403 -2.17233
4.1013 -6.56345 -2.17233
4.21522 -6.49087 -5.58565
4.32786 -6.41632 -7.0544
4.43918 -6.33981 -7.0544
4.54915 -6.26137 -7.65686
4.65774 -6.18102 -7.94927
4.7649 -6.09879 -7.94927
4.87061 -6.01471 -8.10927
4.97484 -5.92879 -8.10927
5.07756 -5.84106 -8.20196
5.17872 -5.75155 -8.25435
5.27831 -5.6603 -8.25435
5.37629 -5.56732 -8.27839
5.47264 -5.47264 -8.27879
5.56732 -5.37629 -8.27879
5.6603 -5.27831 -8.25561
5.75155 -5.17872 -8.20422
5.84106 -5.07756 -8.20422
5.92879 -4.97484 -8.11274
6.01471 -4.87061 -7.95376
6.09879 -4.7649 -7.95376
6.18102 -4.65774 -7.65781
6.26137 -4.54915 -7.01307
6.33981 -4.43918 -7.01307
6.41632 -4.32786 -5.68919
6.49087 -4.21522 -2.2449
6.56345 -4.1013 -2.2449
6.63403 -3.98613 -1.11566
6.70259 -3.86974 -1.11566
6.7691 -3.75217 -0.628023
6.83356 -3.63347 -0.363557
6.89593 -3.51365 -0.363557
6.9562 -3.39276 -0.191693
7.01435 -3.27085 -0.0613922
7.07037 -3.14793 -0.0613922
7.12423 -3.02406 0.0526999
7.17592 -2.89926 0.167685
7.22543 -2.77358 0.167685
7.27273 -2.64706 0.300696
7.31782 -2.51973 0.477072
7.36068 -2.39163 0.477072
7.4013 -2.26281 0.747098
7.43967 -2.13329 1.23569
7.47576 -2.00312 1.23569
7.50958 -1.87235 2.32234
7.54112 -1.741 5.39433
7.57035 -1.60913 5.39433
7.59728 -1.47676 7.90948
7.6219 -1.34395 7.90948
7.64419 -1.21072 8.78575
7.66416 -1.07713 9.18678
7.68179 -0.943205 9.18678
7.69708 -0.808996 9.39954
7.71003 -0.67454 9.52152
7.72063 -0.539879 9.52152
7.72887 -0.405053 9.59151
7.73477 -0.270104 9.62653
7.7383 -0.135073 9.62653

7.81927 0 9.63379
7.81808 0.136465 9.61475
7.81451 0.272889 9.61475
7.80855 0.409229 9.56578
7.80022 0.545445 9.47639
7.78951 0.681494 9.47639
7.77643 0.817336 9.32272
7.76099 0.952929 9.04834
7.74317 1.08823 9.04834
7.723 1.2232 8.49954
7.70048 1.3578 7.63603
7.67561 1.49199 7.63603
7.6484 1.62572 3.08357
7.61886 1.75895 3.08357
7.587 1.89165 1.55876
7.55283 2.02378 0.914895
7.51636 2.15528 0.914895
7.4776 2.28613 0.579861
7.43657 2.41629 0.372932
7.39326 2.5457 0.372932
7.34771 2.67435 0.22525
7.29992 2.80218 0.104734
7.2499 2.92915 0.104734
7.19767 3.05523 -0.00776739
7.14326 3.18038 -0.128386
7.08666 3.30457 -0.128386
7.02791 3.42774 -0.27753
6.96702 3.54987 -0.491888
6.904 3.67092 -0.491888
6.83889 3.79086 -0.857698
6.77169 3.90963 -1.63181
6.70242 4.02722 -1.63181
6.63112 4.14358 -3.77939
6.55779 4.25868 -3.77939
6.48247 4.37248 -6.52529
6.40517 4.48495 -7.4992
6.32592 4.59605 -7.4992
6.24475 4.70575 -7.91665
6.16167 4.81402 -8.13095
6.07671 4.92083 -8.13095
5.98991 5.02613 -8.25236
5.90128 5.1299 -8.32253
5.81085 5.23211 -8.32253
5.71865 5.33273 -8.35935
5.62471 5.43172 -8.37056
5.52906 5.52906 -8.37056
5.43172 5.62471 -8.35831
5.33273 5.71865 -8.32031
5.23211 5.81085 -8.32031
5.1299 5.90128 -8.24856
5.02613 5.98991 -8.12469
4.92083 6.07671 -8.12469
4.81402 6.16167 -7.90625
4.70575 6.24475 -7.90625
4.59605 6.32592 -7.48466
4.48495 6.40517 -6.54157
4.37248 6.48247 -6.54157
4.25868 6.55779 -3.74902
4.14358 6.63112 -1.68697
4.02722 6.70242 -1.68697
3.90963 6.77169 -0.889715
3.79086 6.83889 -0.505487
3.67092 6.904 -0.505487
3.54987 6.96702 -0.281475
3.42774 7.02791 -0.127739
3.30457 7.08666 -0.127739
3.18038 7.14326 -0.00510104
3.05523 7.19767 0.107911
2.92915 7.2499 0.107911
2.80218 7.29992 0.227819
2.67435 7.34771 0.373948
2.5457 7.39326 0.373948
2.41629 7.43657 0.578973
2.28613 7.4776 0.578973
2.15528 7.51636 0.915266
2.02378 7.55283 1.58362
1.89165 7.587 1.58362
1.75895 7.61886 3.27791
1.62572 7.6484 6.70226
1.49199 7.67561 6.70226
1.3578 7.70048 8.01662
1.2232 7.723 8.55832
1.08823 7.74317 8.55832
0.952929 7.76099 8.8296
0.817336 7.77643 8.98306
0.681494 7.78951 8.98306
0.545445 7.80022 9.07457
0.409229 7.80855 9.12766
0.272889 7.81451 9.12766
0.136465 7.81808 9.15278
4.78792e-16 7.81927 9.15364
-0.136465 7.81808 9.15364
-0.272889 7.81451 9.12916
-0.409229 7.80855 9.12916
-0.545445 7.80022 9.07281
-0.681494 7.78951 8.96873
-0.817336 7.77643 8.96873
-0.952929 7.76099 8.77997
-1.08823 7.74317 8.41067
-1.2232 7.723 8.41067
-1.3578 7.70048 7.56405
-1.49199 7.67561 5.37296
-1.62572 7.6484 5.37296
-1.75895 7.61886 2.38972
-1.89165 7.587 1.3815
-2.02378 7.55283 1.3815
-2.15528 7.51636 0.951128
-2.28613 7.4776 0.735263
-2.41629 7.43657 0.735263
-2.5457 7.39326 0.618373
-2.67435 7.34771 0.557147
-2.80218 7.29992 0.557147
-2.92915 7.2499 0.534297
-3.05523 7.19767 0.534297
-3.18038 7.14326 0.544841
-3.30457 7.08666 0.592925
-3.42774 7.02791 0.592925
-3.54987 6.96702 0.694884
-3.67092 6.904 0.892284
-3.79086 6.83889 0.892284
-3.90963 6.77169 1.29262
-4.02722 6.70242 2.21341
-4.14358 6.63112 2.21341
-4.25868 6.55779 5.26748
-4.37248 6.48247 6.57004
-4.48495 6.40517 6.57004
-4.59605 6.32592 7.09547
-4.70575 6.24475 7.34407
-4.81402 6.16167 7.34407
-4.92083 6.07671 7.47538
-5.02613 5.98991 7.54772
-5.1299 5.90128 7.54772
-5.23211 5.81085 7.58513
-5.33273 5.71865 7.58513
-5.43172 5.62471 7.59818
-5.52906 5.52906 7.59096
-5.62471 5.43172 7.59096
-5.71865 5.33273 7.56336
-5.81085 5.23211 7.51111
-5.90128 5.1299 7.51111
-5.98991 5.02613 7.42341
-6.07671 4.92083 7.27547
-6.16167 4.81402 7.27547
-6.24475 4.70575 7.00461
-6.32592 4.59605 6.41976
-6.40517 4.48495 6.41976
-6.48247 4.37248 5.2241
-6.55779 4.25868 2.11768
-6.63112 4.14358 2.11768
-6.70242 4.02722 1.09782
-6.77169 3.90963 0.656558
-6.83889 3.79086 0.656558
-6.904 3.67092 0.416847
-6.96702 3.54987 0.416847
-7.02791 3.42774 0.26108
-7.08666 3.30457 0.143349
-7.14326 3.18038 0.143349
-7.19767 3.05523 0.0409553
-7.2499 2.92915 -0.0612543
-7.29992 2.80218 -0.0612543
-7.34771 2.67435 -0.178242
-7.39326 2.5457 -0.331896
-7.43657 2.41629 -0.331896
-7.4776 2.28613 -0.565428
-7.51636 2.15528 -0.985982
-7.55283 2.02378 -0.985982
-7.587 1.89165 -1.91889
-7.61886 1.75895 -4.55333
-7.6484 1.62572 -4.55333
-7.67561 1.49199 -6.71015
-7.70048 1.3578 -7.4621
-7.723 1.2232 -7.4621
-7.74317 1.08823 -7.80653
-7.76099 0.952929 -7.80653
-7.77643 0.817336 -7.98943
-7.78951 0.681494 -8.09436
-7.80022 0.545445 -8.09436
-7.80855 0.409229 -8.15458
-7.81451 0.272889 -8.18469
-7.81808 0.136465 -8.18469
-7.81927 9.57584e-16 -8.19086
-7.81808 -0.136465 -8.17434
-7.81451 -0.272889 -8.17434
-7.80855 -0.409229 -8.13203
-7.80022 -0.545445 -8.05491
-7.78951 -0.681494 -8.05491
-7.77643 -0.817336 -7.92255
-7.76099 -0.952929 -7.68653
-7.74317 -1.08823 -7.68653
-7.723 -1.2232 -7.21508
-7.70048 -1.3578 -7.21508
-7.67561 -1.49199 -6.47402
-7.6484 -1.62572 -2.57029
-7.61886 -1.75895 -2.57029
-7.587 -1.89165 -1.26155
-7.55283 -2.02378 -0.707627
-7.51636 -2.15528 -0.707627
-7.4776 -2.28613 -0.418047
-7.43657 -2.41629 -0.237807
-7.39326 -2.5457 -0.237807
-7.34771 -2.67435 -0.107752
-7.29992 -2.80218 -0.000179479
-7.2499 -2.92915 -0.000179479
-7.19767 -3.05523 0.101655
-7.14326 -3.18038 0.212145
-7.08666 -3.30457 0.212145
-7.02791 -3.42774 0.349854
-6.96702 -3.54987 0.548503
-6.904 -3.67092 0.548503
-6.83889 -3.79086 0.887667
-6.77169 -3.90963 0.887667
-6.70242 -4.02722 1.60458
-6.63112 -4.14358 3.59093
-6.55779 -4.25868 3.59093
-6.48247 -4.37248 6.13065
-6.40517 -4.48495 7.03366
-6.32592 -4.59605 7.03366
-6.24475 -4.70575 7.42306
-6.16167 -4.81402 7.62532
-6.07671 -4.92083 7.62532
-5.98991 -5.02613 7.74234
-5.90128 -5.1299 7.81268
-5.81085 -5.23211 7.81268
-5.71865 -5.33273 7.85296
-5.62471 -5.43172 7.8704
-5.52906 -5.52906 7.8704
-5.43172 -5.62471 7.86713
-5.33273 -5.71865 7.84118
-5.23211 -5.81085 7.84118
-5.1299 -5.90128 7.78534
-5.02613 -5.98991 7.78534
-4.92083 -6.07671 7.68286
-4.81402 -6.16167 7.49481
-4.70575 -6.24475 7.49481
-4.59605 -6.32592 7.12114
-4.48495 -6.40517 6.26788
-4.37248 -6.48247 6.26788
-4.25868 -6.55779 3.71117
-4.14358 -6.63112 1.83201
-4.02722 -6.70242 1.83201
-3.90963 -6.77169 1.12693
-3.79086 -6.83889 0.810432
-3.67092 -6.904 0.810432
-3.54987 -6.96702 0.6512
-3.42774 -7.02791 0.569517
-3.30457 -7.08666 0.569517
-3.18038 -7.14326 0.534393
-3.05523 -7.19767 0.534393
-2.92915 -7.2499 0.534393
-2.80218 -7.29992 0.568689
-2.67435 -7.34771 0.568689
-2.5457 -7.39326 0.64629
-2.41629 -7.43657 0.792559
-2.28613 -7.4776 0.792559
-2.15528 -7.51636 1.07257
-2.02378 -7.55283 1.67447
-1.89165 -7.587 1.67447
-1.75895 -7.61886 3.25506
-1.62572 -7.6484 6.48445
-1.49199 -7.67561 6.48445
-1.3578 -7.70048 7.71112
-1.2232 -7.723 8.20682
-1.08823 -7.74317 8.20682
-0.952929 -7.76099 8.44758
-0.817336 -7.77643 8.57778
-0.681494 -7.78951 8.57778
-0.545445 -7.80022 8.65009
-0.409229 -7.80855 8.68656
-0.272889 -7.81451 8.68656
-0.136465 -7.81808 8.69681
-1.43638e-15 -7.81927 8.69681
0.136465 -7.81808 8.68412
0.272889 -7.81451 8.6472
0.409229 -7.80855 8.6472
0.545445 -7.80022 8.57958
0.681494 -7.78951 8.46591
0.817336 -7.77643 8.46591
0.952929 -7.76099 8.2708
1.08823 -7.74317 7.90279
1.2232 -7.723 7.90279
1.3578 -7.70048 7.07956
1.49199 -7.67561 4.97822
1.62572 -7.6484 4.97822
1.75895 -7.61886 2.1204
1.89165 -7.587 1.13389
2.02378 -7.55283 1.13389
2.15528 -7.51636 0.690519
2.28613 -7.4776 0.44333
2.41629 -7.43657 0.44333
2.5457 -7.39326 0.2798
2.67435 -7.34771 0.2798
2.80218 -7.29992 0.154542
2.92915 -7.2499 0.0443568
3.05523 -7.19767 0.0443568
3.18038 -7.14326 -0.0669072
3.30457 -7.08666 -0.196
3.42774 -7.02791 -0.196
3.54987 -6.96702 -0.368363
3.67092 -6.904 -0.634797
3.79086 -6.83889 -0.634797
3.90963 -6.77169 -1.1178
4.02722 -6.70242 -2.17233
4.14358 -6.63112 -2.17233
4.25868 -6.55779 -5.58565
4.37248 -6.48247 -7.0544
4.48495 -6.40517 -7.0544
4.59605 -6.32592 -7.65686
4.70575 -6.24475 -7.94927
4.81402 -6.16167 -7.94927
4.92083 -6.07671 -8.10927
5.02613 -5.98991 -8.10927
5.1299 -5.90128 -8.20196
5.23211 -5.81085 -8.25435
5.33273 -5.71865 -8.25435
5.43172 -5.62471 -8.27839
5.52906 -5.52906 -8.27879
5.62471 -5.43172 -8.27879
5.71865 -5.33273 -8.25561
5.81085 -5.23211 -8.20422
5.90128 -5.1299 -8.20422
5.98991 -5.02613 -8.11274
6.07671 -4.92083 -7.95376
6.16167 -4.81402 -7.95376
6.24475 -4.70575 -7.65781
6.32592 -4.59605 -7.01307
6.40517 -4.48495 -7.01307
6.48247 -4.37248 -5.68919
6.55779 -4.25868 -2.2449
6.63112 -4.14358 -2.2449
6.70242 -4.02722 -1.11566
6.77169 -3.90963 -1.11566
6.83889 -3.79086 -0.628023
6.904 -3.67092 -0.363557
6.96702 -3.54987 -0.363557
7.02791 -3.42774 -0.191693
7.08666 -3.30457 -0.0613922
7.14326 -3.18038 -0.0613922
7.19767 -3.05523 0.0526999
7.2499 -2.92915 0.167685
7.29992 -2.80218 0.167685
7.34771 -2.67435 0.300696
7.39326 -2.5457 0.477072
7.43657 -2.41629 0.477072
7.4776 -2.28613 0.747098
7.51636 -2.15528 1.23569
7.55283 -2.02378 1.23569
7.587 -1.89165 2.32234
7.61886 -1.75895 5.39433
7.6484 -1.62572 5.39433
7.67561 -1.49199 7.90948
7.70048 -1.3578 7.90948
7.723 -1.2232 8.78575
7.74317 -1.08823 9.18678
7.76099 -0.952929 9.18678
7.77643 -0.817336 9.39954
7.78951 -0.681494 9.52152
7.80022 -0.545445 9.52152
7.80855 -0.409229 9.59151
7.81451 -0.272889 9.62653
7.81808 -0.136465 9.62653

7.89906 0 10.5
7.89785 0.137858 10.5
7.89425 0.275673 10.5
7.88823 0.413405 10.5
7.87982 0.55101 10.5
7.869 0.688448 10.5
7.85579 0.825676 10.5
7.84018 0.962653 10.5
7.82218 1.09934 10.5
7.80181 1.23568 10.5
7.77905 1.37166 10.5
7.75393 1.50721 10.5
7.72644 1.64231 0
7.6966 1.7769 0
7.66442 1.91095 0
7.6299 2.04443 0
7.59306 2.17728 0
7.55391 2.30946 0
7.51245 2.44094 0
7.46871 2.57168 0
7.42269 2.70164 0
7.37441 2.83077 0
7.32388 2.95904 0
7.27112 3.08641 0
7.21615 3.21284 0
7.15898 3.33829 0
7.09963 3.46272 0
7.03811 3.5861 0
6.97445 3.70838 0
6.90867 3.82954 0
6.84078 3.94953 0
6.77081 4.06832 0
6.69878 4.18586 0
6.62471 4.30213 -9.2
6.54862 4.4171 -9.2
6.47053 4.53071 -9.2
6.39047 4.64295 -9.2
6.30847 4.75377 -9.2
6.22454 4.86315 -9.2
6.13872 4.97104 -9.2
6.05103 5.07742 -9.2
5.96149 5.18225 -9.2
5.87014 5.2855 -9.2
5.777 5.38714 -9.2
5.68211 5.48715 -9.2
5.58548 5.58548 -9.2
5.48715 5.68211 -9.2
5.38714 5.777 -9.2
5.2855 5.87014 -9.2
5.18225 5.96149 -9.2
5.07742 6.05103 -9.2
4.97104 6.13872 -9.2
4.86315 6.22454 -9.2
4.75377 6.30847 -9.2
4.64295 6.39047 -9.2
4.53071 6.47053 -9.2
4.4171 6.54862 -9.2
4.30213 6.62471 0
4.18586 6.69878 0
4.06832 6.77081 0
3.94953 6.84078 0
3.82954 6.90867 0
3.70838 6.97445 0
3.5861 7.03811 0
3.46272 7.09963 0
3.33829 7.15898 0
3.21284 7.21615 0
3.08641 7.27112 0
2.95904 7.32388 0
2.83077 7.37441 0
2.70164 7.42269 0
2.57168 7.46871 0
2.44094 7.51245 0
2.30946 7.55391 0
2.17728 7.59306 0
2.04443 7.6299 0
1.91095 7.66442 0
1.7769 7.6966 0
1.64231 7.72644 9.9
1.50721 7.75393 9.9
1.37166 7.77905 9.9
1.23568 7.80181 9.9
1.09934 7.82218 9.9
0.962653 7.84018 9.9
0.825676 7.85579 9.9
0.688448 7.869 9.9
0.55101 7.87982 9.9
0.413405 7.88823 9.9
0.275673 7.89425 9.9
0.137858 7.89785 9.9
4.83678e-16 7.89906 9.9
-0.137858 7.89785 9.9
-0.275673 7.89425 9.9
-0.413405 7.88823 9.9
-0.55101 7.87982 9.9
-0.688448 7.869 9.9
-0.825676 7.85579 9.9
-0.962653 7.84018 9.9
-1.09934 7.82218 9.9
-1.23568 7.80181 9.9
-1.37166 7.77905 9.9
-1.50721 7.75393 9.9
-1.64231 7.72644 0
-1.7769 7.6966 0
-1.91095 7.66442 0
-2.04443 7.6299 0
-2.17728 7.59306 0
-2.30946 7.55391 0
-2.44094 7.51245 0
-2.57168 7.46871 0
-2.70164 7.42269 0
-2.83077 7.37441 0
-2.95904 7.32388 0
-3.08641 7.27112 0
-3.21284 7.21615 0
-3.33829 7.15898 0
-3.46272 7.09963 0
-3.5861 7.03811 0
-3.70838 6.97445 0
-3.82954 6.90867 0
-3.94953 6.84078 0
-4.06832 6.77081 0
-4.18586 6.69878 0
-4.30213 6.62471 8.2
-4.4171 6.54862 8.2
-4.53071 6.47053 8.2
-4.64295 6.39047 8.2
-4.75377 6.30847 8.2
-4.86315 6.22454 8.2
-4.97104 6.13872 8.2
-5.07742 6.05103 8.2
-5.18225 5.96149 8.2
-5.2855 5.87014 8.2
-5.38714 5.777 8.2
-5.48715 5.68211 8.2
-5.58548 5.58548 8.2
-5.68211 5.48715 8.2
-5.777 5.38714 8.2
-5.87014 5.2855 8.2
-5.96149 5.18225 8.2
-6.05103 5.07742 8.2
-6.13872 4.97104 8.2
-6.22454 4.86315 8.2
-6.30847 4.75377 8.2
-6.39047 4.64295 8.2
-6.47053 4.53071 8.2
-6.54862 4.4171 8.2
-6.62471 4.30213 0
-6.69878 4.18586 0
-6.77081 4.06832 0
-6.84078 3.94953 0
-6.90867 3.82954 0
-6.97445 3.70838 0
-7.03811 3.5861 0
-7.09963 3.46272 0
-7.15898 3.33829 0
-7.21615 3.21284 0
-7.27112 3.08641 0
-7.32388 2.95904 0
-7.37441 2.83077 0
-7.42269 2.70164 0
-7.46871 2.57168 0
-7.51245 2.44094 0
-7.55391 2.30946 0
-7.59306 2.17728 0
-7.6299 2.04443 0
-7.66442 1.91095 0
-7.6966 1.7769 0
-7.72644 1.64231 -9
-7.75393 1.50721 -9
-7.77905 1.37166 -9
-7.80181 1.23568 -9
-7.82218 1.09934 -9
-7.84018 0.962653 -9
-7.85579 0.825676 -9
-7.869 0.688448 -9
-7.87982 0.55101 -9
-7.88823 0.413405 -9
-7.89425 0.275673 -9
-7.89785 0.137858 -9
-7.89906 9.67356e-16 -9
-7.89785 -0.137858 -9
-7.89425 -0.275673 -9
-7.88823 -0.413405 -9
-7.87982 -0.55101 -9
-7.869 -0.688448 -9
-7.85579 -0.825676 -9
-7.84018 -0.962653 -9
-7.82218 -1.09934 -9
-7.80181 -1.23568 -9
-7.77905 -1.37166 -9
-7.75393 -1.50721 -9
-7.72644 -1.64231 0
-7.6966 -1.7769 0
-7.66442 -1.91095 0
-7.6299 -2.04443 0
-7.59306 -2.17728 0
-7.55391 -2.30946 0
-7.51245 -2.44094 0
-7.46871 -2.57168 0
-7.42269 -2.70164 0
-7.37441 -2.83077 0
-7.32388 -2.95904 0
-7.27112 -3.08641 0
-7.21615 -3.21284 0
-7.15898 -3.33829 0
-7.09963 -3.46272 0
-7.03811 -3.5861 0
-6.97445 -3.70838 0
-6.90867 -3.82954 0
-6.84078 -3.94953 0
-6.77081 -4.06832 0
-6.69878 -4.18586 0
-6.62471 -4.30213 8.5
-6.54862 -4.4171 8.5
-6.47053 -4.53071 8.5
-6.39047 -4.64295 8.5
-6.30847 -4.75377 8.5
-6.22454 -4.86315 8.5
-6.13872 -4.97104 8.5
-6.05103 -5.07742 8.5
-5.96149 -5.18225 8.5
-5.87014 -5.2855 8.5
-5.777 -5.38714 8.5
-5.68211 -5.48715 8.5
-5.58548 -5.58548 8.5
-5.48715 -5.68211 8.5
-5.38714 -5.777 8.5
-5.2855 -5.87014 8.5
-5.18225 -5.96149 8.5
-5.07742 -6.05103 8.5
-4.97104 -6.13872 8.5
-4.86315 -6.22454 8.5
-4.75377 -6.30847 8.5
-4.64295 -6.39047 8.5
-4.53071 -6.47053 8.5
-4.4171 -6.54862 8.5
-4.30213 -6.62471 0
-4.18586 -6.69878 0
-4.06832 -6.77081 0
-3.94953 -6.84078 0
-3.82954 -6.90867 0
-3.70838 -6.97445 0
-3.5861 -7.03811 0
-3.46272 -7.09963 0
-3.33829 -7.15898 0
-3.21284 -7.21615 0
-3.08641 -7.27112 0
-2.95904 -7.32388 0
-2.83077 -7.37441 0
-2.70164 -7.42269 0
-2.57168 -7.46871 0
-2.44094 -7.51245 0
-2.30946 -7.55391 0
-2.17728 -7.59306 0
-2.04443 -7.6299 0
-1.91095 -7.66442 0
-1.7769 -7.6966 0
-1.64231 -7.72644 9.4
-1.50721 -7.75393 9.4
-1.37166 -7.77905 9.4
-1.23568 -7.80181 9.4
-1.09934 -7.82218 9.4
-0.962653 -7.84018 9.4
-0.825676 -7.85579 9.4
-0.688448 -7.869 9.4
-0.55101 -7.87982 9.4
-0.413405 -7.88823 9.4
-0.275673 -7.89425 9.4
-0.137858 -7.89785 9.4
-1.45103e-15 -7.89906 9.4
0.137858 -7.89785 9.4
0.275673 -7.89425 9.4
0.413405 -7.88823 9.4
0.55101 -7.87982 9.4
0.688448 -7.869 9.4
0.825676 -7.85579 9.4
0.962653 -7.84018 9.4
1.09934 -7.82218 9.4
1.23568 -7.80181 9.4
1.37166 -7.77905 9.4
1.50721 -7.75393 9.4
1.64231 -7.72644 0
1.7769 -7.6966 0
1.91095 -7.66442 0
2.04443 -7.6299 0
2.17728 -7.59306 0
2.30946 -7.55391 0
2.44094 -7.51245 0
2.57168 -7.46871 0
2.70164 -7.42269 0
2.83077 -7.37441 0
2.95904 -7.32388 0
3.08641 -7.27112 0
3.21284 -7.21615 0
3.33829 -7.15898 0
3.46272 -7.09963 0
3.5861 -7.03811 0
3.70838 -6.97445 0
3.82954 -6.90867 0
3.94953 -6.84078 0
4.06832 -6.77081 0
4.18586 -6.69878 0
4.30213 -6.62471 -9.1
4.4171 -6.54862 -9.1
4.53071 -6.47053 -9.1
4.64295 -6.39047 -9.1
4.75377 -6.30847 -9.1
4.86315 -6.22454 -9.1
4.97104 -6.13872 -9.1
5.07742 -6.05103 -9.1
5.18225 -5.96149 -9.1
5.2855 -5.87014 -9.1
5.38714 -5.777 -9.1
5.48715 -5.68211 -9.1
5.58548 -5.58548 -9.1
5.68211 -5.48715 -9.1
5.777 -5.38714 -9.1
5.87014 -5.2855 -9.1
5.96149 -5.18225 -9.1
6.05103 -5.07742 -9.1
6.13872 -4.97104 -9.1
6.22454 -4.86315 -9.1
6.30847 -4.75377 -9.1
6.39047 -4.64295 -9.1
6.47053 -4.53071 -9.1
6.54862 -4.4171 -9.1
6.62471 -4.30213 0
6.69878 -4.18586 0
6.77081 -4.06832 0
6.84078 -3.94953 0
6.90867 -3.82954 0
6.97445 -3.70838 0
7.03811 -3.5861 0
7.09963 -3.46272 0
7.15898 -3.33829 0
7.21615 -3.21284 0
7.27112 -3.08641 0
7.32388 -2.95904 0
7.37441 -2.83077 0
7.42269 -2.70164 0
7.46871 -2.57168 0
7.51245 -2.44094 0
7.55391 -2.30946 0
7.59306 -2.17728 0
7.6299 -2.04443 0
7.66442 -1.91095 0
7.6966 -1.7769 0
7.72644 -1.64231 10.5
7.75393 -1.50721 10.5
7.77905 -1.37166 10.5
7.80181 -1.23568 10.5
7.82218 -1.09934 10.5
7.84018 -0.962653 10.5
7.85579 -0.825676 10.5
7.869 -0.688448 10.5
7.87982 -0.55101 10.5
7.88823 -0.413405 10.5
7.89425 -0.275673 10.5
7.89785 -0.137858 10.5

7.97885 0 10.5
7.97763 0.13925 10.5
7.97399 0.278458 10.5
7.96791 0.417581 10.5
7.95941 0.556576 10.5
7.94848 0.695402 10.5
7.93514 0.834016 10.5
7.91937 0.972377 10.5
7.9012 1.11044 10.5
7.88061 1.24817 10.5
7.85763 1.38551 10.5
7.83225 1.52244 10.5
7.80449 1.6589 0
7.77435 1.79485 0
7.74184 1.93026 0
7.70697 2.06508 0
7.66976 2.19927 0
7.63021 2.33279 0
7.58833 2.4656 0
7.54415 2.59766 0
7.49766 2.72893 0
7.44889 2.85936 0
7.39786 2.98893 0
7.34457 3.11758 0
7.28904 3.24529 0
7.23129 3.37201 0
7.17134 3.4977 0
7.1092 3.62232 0
7.0449 3.74584 0
6.97846 3.86822 0
6.90988 3.98942 0
6.83921 4.10941 0
6.76644 4.22814 0
6.69162 4.34559 -9.2
6.61476 4.46171 -9.2
6.53589 4.57648 -9.2
6.45502 4.68985 -9.2
6.37219 4.80179 -9.2
6.28742 4.91227 -9.2
6.20073 5.02125 -9.2
6.11215 5.1287 -9.2
6.02171 5.23459 -9.2
5.92944 5.33889 -9.2
5.83536 5.44156 -9.2
5.7395 5.54257 -9.2
5.6419 5.6419 -9.2
5.54257 5.7395 -9.2
5.44156 5.83536 -9.2
5.33889 5.92944 -9.2
5.23459 6.02171 -9.2
5.1287 6.11215 -9.2
5.02125 6.20073 -9.2
4.91227 6.28742 -9.2
4.80179 6.37219 -9.2
4.68985 6.45502 -9.2
4.57648 6.53589 -9.2
4.46171 6.61476 -9.2
4.34559 6.69162 0
4.22814 6.76644 0
4.10941 6.83921 0
3.98942 6.90988 0
3.86822 6.97846 0
3.74584 7.0449 0
3.62232 7.1092 0
3.4977 7.17134 0
3.37201 7.23129 0
3.24529 7.28904 0
3.11758 7.34457 0
2.98893 7.39786 0
2.85936 7.44889 0
2.72893 7.49766 0
2.59766 7.54415 0
2.4656 7.58833 0
2.33279 7.63021 0
2.19927 7.66976 0
2.06508 7.70697 0
1.93026 7.74184 0
1.79485 7.77435 0
1.6589 7.80449 9.9
1.52244 7.83225 9.9
1.38551 7.85763 9.9
1.24817 7.88061 9.9
1.11044 7.9012 9.9
0.972377 7.91937 9.9
0.834016 7.93514 9.9
0.695402 7.94848 9.9
0.556576 7.95941 9.9
0.417581 7.96791 9.9
0.278458 7.97399 9.9
0.13925 7.97763 9.9
4.88563e-16 7.97885 9.9
-0.13925 7.97763 9.9
-0.278458 7.97399 9.9
-0.417581 7.96791 9.9
-0.556576 7.95941 9.9
-0.695402 7.94848 9.9
-0.834016 7.93514 9.9
-0.972377 7.91937 9.9
-1.11044 7.9012 9.9
-1.24817 7.88061 9.9
-1.38551 7.85763 9.9
-1.52244 7.83225 9.9
-1.6589 7.80449 0
-1.79485 7.77435 0
-1.93026 7.74184 0
-2.06508 7.70697 0
-2.19927 7.66976 0
-2.33279 7.63021 0
-2.4656 7.58833 0
-2.59766 7.54415 0
-2.72893 7.49766 0
-2.85936 7.44889 0
-2.98893 7.39786 0
-3.11758 7.34457 0
-3.24529 7.28904 0
-3.37201 7.23129 0
-3.4977 7.17134 0
-3.62232 7.1092 0
-3.74584 7.0449 0
-3.86822 6.97846 0
-3.98942 6.90988 0
-4.10941 6.83921 0
-4.22814 6.76644 0
-4.34559 6.69162 8.2
-4.46171 6.61476 8.2
-4.57648 6.53589 8.2
-4.68985 6.45502 8.2
-4.80179 6.37219 8.2
-4.91227 6.28742 8.2
-5.02125 6.20073 8.2
-5.1287 6.11215 8.2
-5.23459 6.02171 8.2
-5.33889 5.92944 8.2
-5.44156 5.83536 8.2
-5.54257 5.7395 8.2
-5.6419 5.6419 8.2
-5.7395 5.54257 8.2
-5.83536 5.44156 8.2
-5.92944 5.33889 8.2
-6.02171 5.23459 8.2
-6.11215 5.1287 8.2
-6.20073 5.02125 8.2
-6.28742 4.91227 8.2
-6.37219 4.80179 8.2
-6.45502 4.68985 8.2
-6.53589 4.57648 8.2
-6.61476 4.46171 8.2
-6.69162 4.34559 0
-6.76644 4.22814 0
-6.83921 4.10941 0
-6.90988 3.98942 0
-6.97846 3.86822 0
-7.0449 3.74584 0
-7.1092 3.62232 0
-7.17134 3.4977 0
-7.23129 3.37201 0
-7.28904 3.24529 0
-7.34457 3.11758 0
-7.39786 2.98893 0
-7.44889 2.85936 0
-7.49766 2.72893 0
-7.54415 2.59766 0
-7.58833 2.4656 0
-7.63021 2.33279 0
-7.66976 2.19927 0
-7.70697 2.06508 0
-7.74184 1.93026 0
-7.77435 1.79485 0
-7.80449 1.6589 -9
-7.83225 1.52244 -9
-7.85763 1.38551 -9
-7.88061 1.24817 -9
-7.9012 1.11044 -9
-7.91937 0.972377 -9
-7.93514 0.834016 -9
-7.94848 0.695402 -9
-7.95941 0.556576 -9
-7.96791 0.417581 -9
-7.97399 0.278458 -9
-7.97763 0.13925 -9
-7.97885 9.77127e-16 -9
-7.97763 -0.13925 -9
-7.97399 -0.278458 -9
-7.96791 -0.417581 -9
-7.95941 -0.556576 -9
-7.94848 -0.695402 -9
-7.93514 -0.834016 -9
-7.91937 -0.972377 -9
-7.9012 -1.11044 -9
-7.88061 -1.24817 -9
-7.85763 -1.38551 -9
-7.83225 -1.52244 -9
-7.80449 -1.6589 0
-7.77435 -1.79485 0
-7.74184 -1.93026 0
-7.70697 -2.06508 0
-7.66976 -2.19927 0
-7.63021 -2.33279 0
-7.58833 -2.4656 0
-7.54415 -2.59766 0
-7.49766 -2.72893 0
-7.44889 -2.85936 0
-7.39786 -2.98893 0
-7.34457 -3.11758 0
-7.28904 -3.24529 0
-7.23129 -3.37201 0
-7.17134 -3.4977 0
-7.1092 -3.62232 0
-7.0449 -3.74584 0
-6.97846 -3.86822 0
-6.90988 -3.98942 0
-6.83921 -4.10941 0
-6.76644 -4.22814 0
-6.69162 -4.34559 8.5
-6.61476 -4.46171 8.5
-6.53589 -4.57648 8.5
-6.45502 -4.68985 8.5
-6.37219 -4.80179 8.5
-6.28742 -4.91227 8.5
-6.20073 -5.02125 8.5
-6.11215 -5.1287 8.5
-6.02171 -5.23459 8.5
-5.92944 -5.33889 8.5
-5.83536 -5.44156 8.5
-5.7395 -5.54257 8.5
-5.6419 -5.6419 8.5
-5.54257 -5.7395 8.5
-5.44156 -5.83536 8.5
-5.33889 -5.92944 8.5
-5.23459 -6.02171 8.5
-5.1287 -6.11215 8.5
-5.02125 -6.20073 8.5
-4.91227 -6.28742 8.5
-4.80179 -6.37219 8.5
-4.68985 -6.45502 8.5
-4.57648 -6.53589 8.5
-4.46171 -6.61476 8.5
-4.34559 -6.69162 0
-4.22814 -6.76644 0
-4.10941 -6.83921 0
-3.98942 -6.90988 0
-3.86822 -6.97846 0
-3.74584 -7.0449 0
-3.62232 -7.1092 0
-3.4977 -7.17134 0
-3.37201 -7.23129 0
-3.24529 -7.28904 0
-3.11758 -7.34457 0
-2.98893 -7.39786 0
-2.85936 -7.44889 0
-2.72893 -7.49766 0
-2.59766 -7.54415 0
-2.4656 -7.58833 0
-2.33279 -7.63021 0
-2.19927 -7.66976 0
-2.06508 -7.70697 0
-1.93026 -7.74184 0
-1.79485 -7.77435 0
-1.6589 -7.80449 9.4
-1.52244 -7.83225 9.4
-1.38551 -7.85763 9.4
-1.24817 -7.88061 9.4
-1.11044 -7.9012 9.4
-0.972377 -7.91937 9.4
-0.834016 -7.93514 9.4
-0.695402 -7.94848 9.4
-0.556576 -7.95941 9.4
-0.417581 -7.96791 9.4
-0.278458 -7.97399 9.4
-0.13925 -7.97763 9.4
-1.46569e-15 -7.97885 9.4
0.13925 -7.97763 9.4
0.278458 -7.97399 9.4
0.417581 -7.96791 9.4
0.556576 -7.95941 9.4
0.695402 -7.94848 9.4
0.834016 -7.93514 9.4
0.972377 -7.91937 9.4
1.11044 -7.9012 9.4
1.24817 -7.88061 9.4
1.38551 -7.85763 9.4
1.52244 -7.83225 9.4
1.6589 -7.80449 0
1.79485 -7.77435 0
1.93026 -7.74184 0
2.06508 -7.70697 0
2.19927 -7.66976 0
2.33279 -7.63021 0
2.4656 -7.58833 0
2.59766 -7.54415 0
2.72893 -7.49766 0
2.85936 -7.44889 0
2.98893 -7.39786 0
3.11758 -7.34457 0
3.24529 -7.28904 0
3.37201 -7.23129 0
3.4977 -7.17134 0
3.62232 -7.1092 0
3.74584 -7.0449 0
3.86822 -6.97846 0
3.98942 -6.90988 0
4.10941 -6.83921 0
4.22814 -6.76644 0
4.34559 -6.69162 -9.1
4.46171 -6.61476 -9.1
4.57648 -6.53589 -9.1
4.68985 -6.45502 -9.1
4.80179 -6.37219 -9.1
4.91227 -6.28742 -9.1
5.02125 -6.20073 -9.1
5.1287 -6.11215 -9.1
5.23459 -6.02171 -9.1
5.33889 -5.92944 -9.1
5.44156 -5.83536 -9.1
5.54257 -5.7395 -9.1
5.6419 -5.6419 -9.1
5.7395 -5.54257 -9.1
5.83536 -5.44156 -9.1
5.92944 -5.33889 -9.1
6.02171 -5.23459 -9.1
6.11215 -5.1287 -9.1
6.20073 -5.02125 -9.1
6.28742 -4.91227 -9.1
6.37219 -4.80179 -9.1
6.45502 -4.68985 -9.1
6.53589 -4.57648 -9.1
6.61476 -4.46171 -9.1
6.69162 -4.34559 0
6.76644 -4.22814 0
6.83921 -4.10941 0
6.90988 -3.98942 0
6.97846 -3.86822 0
7.0449 -3.74584 0
7.1092 -3.62232 0
7.17134 -3.4977 0
7.23129 -3.37201 0
7.28904 -3.24529 0
7.34457 -3.11758 0
7.39786 -2.98893 0
7.44889 -2.85936 0
7.49766 -2.72893 0
7.54415 -2.59766 0
7.58833 -2.4656 0
7.63021 -2.33279 0
7.66976 -2.19927 0
7.70697 -2.06508 0
7.74184 -1.93026 0
7.77435 -1.79485 0
7.80449 -1.6589 10.5
7.83225 -1.52244 10.5
7.85763 -1.38551 10.5
7.88061 -1.24817 10.5
7.9012 -1.11044 10.5
7.91937 -0.972377 10.5
7.93514 -0.834016 10.5
7.94848 -0.695402 10.5
7.95941 -0.556576 10.5
7.96791 -0.417581 10.5
7.97399 -0.278458 10.5
7.97763 -0.13925 10.5

