cuda
raw_inputs shape: (150000, 8)
outputs shape: (150000,)
inputs shape: (150000, 7)
Epoch  1/2000 Train Loss: 0.2256871572Val Loss: 0.0672114601   LR: 1.00e-04
Epoch  2/2000 Train Loss: 0.0530201613Val Loss: 0.0404947489   LR: 1.00e-04
Epoch  3/2000 Train Loss: 0.0368289925Val Loss: 0.0305840249   LR: 1.00e-04
Epoch  4/2000 Train Loss: 0.0292718100Val Loss: 0.0248123463   LR: 1.00e-04
Epoch  5/2000 Train Loss: 0.0244452378Val Loss: 0.0214791666   LR: 1.00e-04
Epoch  6/2000 Train Loss: 0.0212450816Val Loss: 0.0186089206   LR: 1.00e-04
Epoch  7/2000 Train Loss: 0.0194407835Val Loss: 0.0170304058   LR: 1.00e-04
Epoch  8/2000 Train Loss: 0.0174383341Val Loss: 0.0154848887   LR: 1.00e-04
Epoch  9/2000 Train Loss: 0.0161022123Val Loss: 0.0139540507   LR: 1.00e-04
Epoch 10/2000 Train Loss: 0.0149198371Val Loss: 0.0128790536   LR: 1.00e-04
Epoch 11/2000 Train Loss: 0.0139303950Val Loss: 0.0120587260   LR: 1.00e-04
Epoch 12/2000 Train Loss: 0.0132765069Val Loss: 0.0112699174   LR: 1.00e-04
Epoch 13/2000 Train Loss: 0.0126774971Val Loss: 0.0111293940   LR: 1.00e-04
Epoch 14/2000 Train Loss: 0.0118549032Val Loss: 0.0102258905   LR: 1.00e-04
Epoch 15/2000 Train Loss: 0.0112898067Val Loss: 0.0095852749   LR: 1.00e-04
Epoch 16/2000 Train Loss: 0.0107464086Val Loss: 0.0090810446   LR: 1.00e-04
Epoch 17/2000 Train Loss: 0.0104514957Val Loss: 0.0086465418   LR: 1.00e-04
Epoch 18/2000 Train Loss: 0.0101789039Val Loss: 0.0085709272   LR: 1.00e-04
Epoch 19/2000 Train Loss: 0.0098206131Val Loss: 0.0078452751   LR: 1.00e-04
Epoch 20/2000 Train Loss: 0.0099987630Val Loss: 0.0078698611   LR: 1.00e-04
Epoch 21/2000 Train Loss: 0.0091275355Val Loss: 0.0076638117   LR: 1.00e-04
Epoch 22/2000 Train Loss: 0.0092016680Val Loss: 0.0074240744   LR: 1.00e-04
Epoch 23/2000 Train Loss: 0.0085709380Val Loss: 0.0069114157   LR: 1.00e-04
Epoch 24/2000 Train Loss: 0.0087289351Val Loss: 0.0067018584   LR: 1.00e-04
Epoch 25/2000 Train Loss: 0.0086700978Val Loss: 0.0064810938   LR: 1.00e-04
Epoch 26/2000 Train Loss: 0.0085610244Val Loss: 0.0066002987   LR: 1.00e-04
Epoch 27/2000 Train Loss: 0.0080423053Val Loss: 0.0060813227   LR: 1.00e-04
Epoch 28/2000 Train Loss: 0.0076734218Val Loss: 0.0068797467   LR: 1.00e-04
Epoch 29/2000 Train Loss: 0.0073657306Val Loss: 0.0059327849   LR: 1.00e-04
Epoch 30/2000 Train Loss: 0.0076355801Val Loss: 0.0063087793   LR: 1.00e-04
Epoch 31/2000 Train Loss: 0.0073752163Val Loss: 0.0057365448   LR: 1.00e-04
Epoch 32/2000 Train Loss: 0.0072571437Val Loss: 0.0054902461   LR: 1.00e-04
Epoch 33/2000 Train Loss: 0.0069778168Val Loss: 0.0057735371   LR: 1.00e-04
Epoch 34/2000 Train Loss: 0.0068785594Val Loss: 0.0056806519   LR: 1.00e-04
Epoch 35/2000 Train Loss: 0.0069045454Val Loss: 0.0051714036   LR: 1.00e-04
Epoch 36/2000 Train Loss: 0.0067554703Val Loss: 0.0051428086   LR: 1.00e-04
Epoch 37/2000 Train Loss: 0.0067742631Val Loss: 0.0052188339   LR: 1.00e-04
Epoch 38/2000 Train Loss: 0.0063814563Val Loss: 0.0049126740   LR: 1.00e-04
Epoch 39/2000 Train Loss: 0.0067722861Val Loss: 0.0048017773   LR: 1.00e-04
Epoch 40/2000 Train Loss: 0.0065974069Val Loss: 0.0050146006   LR: 1.00e-04
Epoch 41/2000 Train Loss: 0.0066630071Val Loss: 0.0051577262   LR: 1.00e-04
Epoch 42/2000 Train Loss: 0.0063993958Val Loss: 0.0047461730   LR: 1.00e-04
Epoch 43/2000 Train Loss: 0.0063371247Val Loss: 0.0044527344   LR: 1.00e-04
Epoch 44/2000 Train Loss: 0.0058924236Val Loss: 0.0043271652   LR: 1.00e-04
Epoch 45/2000 Train Loss: 0.0058529713Val Loss: 0.0043967537   LR: 1.00e-04
Epoch 46/2000 Train Loss: 0.0060544482Val Loss: 0.0060791566   LR: 1.00e-04
Epoch 47/2000 Train Loss: 0.0060795991Val Loss: 0.0043344715   LR: 1.00e-04
Epoch 48/2000 Train Loss: 0.0062505440Val Loss: 0.0043428812   LR: 1.00e-04
Epoch 49/2000 Train Loss: 0.0059867630Val Loss: 0.0042286950   LR: 1.00e-04
Epoch 50/2000 Train Loss: 0.0057902819Val Loss: 0.0041279152   LR: 1.00e-04
Epoch 51/2000 Train Loss: 0.0054688873Val Loss: 0.0046268712   LR: 1.00e-04
Epoch 52/2000 Train Loss: 0.0058433111Val Loss: 0.0040712472   LR: 1.00e-04
Epoch 53/2000 Train Loss: 0.0057226141Val Loss: 0.0047168059   LR: 1.00e-04
Epoch 54/2000 Train Loss: 0.0059137819Val Loss: 0.0038834905   LR: 1.00e-04
Epoch 55/2000 Train Loss: 0.0061541532Val Loss: 0.0060695135   LR: 1.00e-04
Epoch 56/2000 Train Loss: 0.0056247256Val Loss: 0.0038033971   LR: 1.00e-04
Epoch 57/2000 Train Loss: 0.0051937940Val Loss: 0.0037066467   LR: 1.00e-04
Epoch 58/2000 Train Loss: 0.0052821273Val Loss: 0.0039034712   LR: 1.00e-04
Epoch 59/2000 Train Loss: 0.0055966100Val Loss: 0.0037268969   LR: 1.00e-04
Epoch 60/2000 Train Loss: 0.0054871875Val Loss: 0.0037135785   LR: 1.00e-04
Epoch 61/2000 Train Loss: 0.0055527229Val Loss: 0.0036605004   LR: 1.00e-04
Epoch 62/2000 Train Loss: 0.0052355391Val Loss: 0.0035223940   LR: 1.00e-04
Epoch 63/2000 Train Loss: 0.0053851400Val Loss: 0.0039958017   LR: 1.00e-04
Epoch 64/2000 Train Loss: 0.0048998299Val Loss: 0.0039554159   LR: 1.00e-04
Epoch 65/2000 Train Loss: 0.0052988558Val Loss: 0.0038655499   LR: 1.00e-04
Epoch 66/2000 Train Loss: 0.0049160874Val Loss: 0.0035161588   LR: 1.00e-04
Epoch 67/2000 Train Loss: 0.0050149037Val Loss: 0.0041363428   LR: 1.00e-04
Epoch 68/2000 Train Loss: 0.0051623286Val Loss: 0.0037722710   LR: 1.00e-04
Epoch 69/2000 Train Loss: 0.0050293015Val Loss: 0.0034244747   LR: 1.00e-04
Epoch 70/2000 Train Loss: 0.0049722748Val Loss: 0.0035432033   LR: 1.00e-04
Epoch 71/2000 Train Loss: 0.0052214232Val Loss: 0.0034061393   LR: 1.00e-04
Epoch 72/2000 Train Loss: 0.0049907477Val Loss: 0.0038569468   LR: 1.00e-04
Epoch 73/2000 Train Loss: 0.0049365605Val Loss: 0.0034230268   LR: 1.00e-04
Epoch 74/2000 Train Loss: 0.0048407988Val Loss: 0.0033388878   LR: 1.00e-04
Epoch 75/2000 Train Loss: 0.0049137626Val Loss: 0.0041307424   LR: 1.00e-04
Epoch 76/2000 Train Loss: 0.0049182090Val Loss: 0.0033038374   LR: 1.00e-04
Epoch 77/2000 Train Loss: 0.0044647806Val Loss: 0.0031877850   LR: 1.00e-04
Epoch 78/2000 Train Loss: 0.0048231549Val Loss: 0.0032260269   LR: 1.00e-04
Epoch 79/2000 Train Loss: 0.0045852127Val Loss: 0.0037337303   LR: 1.00e-04
Epoch 80/2000 Train Loss: 0.0046835917Val Loss: 0.0032704114   LR: 1.00e-04
Epoch 81/2000 Train Loss: 0.0047497515Val Loss: 0.0030740513   LR: 1.00e-04
Epoch 82/2000 Train Loss: 0.0045314908Val Loss: 0.0037721678   LR: 1.00e-04
Epoch 83/2000 Train Loss: 0.0050151707Val Loss: 0.0036000746   LR: 1.00e-04
Epoch 84/2000 Train Loss: 0.0048170353Val Loss: 0.0031858926   LR: 1.00e-04
Epoch 85/2000 Train Loss: 0.0047866488Val Loss: 0.0033335546   LR: 1.00e-04
Epoch 86/2000 Train Loss: 0.0047970559Val Loss: 0.0029742633   LR: 1.00e-04
Epoch 87/2000 Train Loss: 0.0047584309Val Loss: 0.0035783328   LR: 1.00e-04
Epoch 88/2000 Train Loss: 0.0049103643Val Loss: 0.0036630472   LR: 1.00e-04
Epoch 89/2000 Train Loss: 0.0045428231Val Loss: 0.0029182592   LR: 1.00e-04
Epoch 90/2000 Train Loss: 0.0043436702Val Loss: 0.0029661844   LR: 1.00e-04
Epoch 91/2000 Train Loss: 0.0043815983Val Loss: 0.0029331268   LR: 1.00e-04
Epoch 92/2000 Train Loss: 0.0044393628Val Loss: 0.0029676297   LR: 1.00e-04
Epoch 93/2000 Train Loss: 0.0043764440Val Loss: 0.0036821552   LR: 1.00e-04
Epoch 94/2000 Train Loss: 0.0045389439Val Loss: 0.0029365461   LR: 1.00e-04
Epoch 95/2000 Train Loss: 0.0047023228Val Loss: 0.0029780821   LR: 1.00e-04
Epoch 96/2000 Train Loss: 0.0044291473Val Loss: 0.0031273623   LR: 1.00e-04
Epoch 97/2000 Train Loss: 0.0049704192Val Loss: 0.0037355149   LR: 1.00e-04
Epoch 98/2000 Train Loss: 0.0045788903Val Loss: 0.0030378937   LR: 1.00e-04
Epoch 99/2000 Train Loss: 0.0043903412Val Loss: 0.0030983832   LR: 1.00e-04
Epoch 100/2000 Train Loss: 0.0046889247Val Loss: 0.0027709977   LR: 1.00e-04
Epoch 101/2000 Train Loss: 0.0041050462Val Loss: 0.0033594938   LR: 1.00e-04
Epoch 102/2000 Train Loss: 0.0046185021Val Loss: 0.0028889203   LR: 1.00e-04
Epoch 103/2000 Train Loss: 0.0044991048Val Loss: 0.0030904605   LR: 1.00e-04
Epoch 104/2000 Train Loss: 0.0042989364Val Loss: 0.0036951631   LR: 1.00e-04
Epoch 105/2000 Train Loss: 0.0045463512Val Loss: 0.0028540023   LR: 1.00e-04
Epoch 106/2000 Train Loss: 0.0041674077Val Loss: 0.0039551316   LR: 1.00e-04
Epoch 107/2000 Train Loss: 0.0043525282Val Loss: 0.0028001010   LR: 1.00e-04
Epoch 108/2000 Train Loss: 0.0043983902Val Loss: 0.0032156750   LR: 1.00e-04
Epoch 109/2000 Train Loss: 0.0040082360Val Loss: 0.0035124902   LR: 1.00e-04
Epoch 110/2000 Train Loss: 0.0042954209Val Loss: 0.0030610504   LR: 1.00e-04
Epoch 111/2000 Train Loss: 0.0041229652Val Loss: 0.0028941078   LR: 1.00e-04
Epoch 112/2000 Train Loss: 0.0042457004Val Loss: 0.0026536510   LR: 1.00e-04
Epoch 113/2000 Train Loss: 0.0041438054Val Loss: 0.0027990751   LR: 1.00e-04
Epoch 114/2000 Train Loss: 0.0042759929Val Loss: 0.0031830771   LR: 1.00e-04
Epoch 115/2000 Train Loss: 0.0045606898Val Loss: 0.0027214292   LR: 1.00e-04
Epoch 116/2000 Train Loss: 0.0040888831Val Loss: 0.0030081659   LR: 1.00e-04
Epoch 117/2000 Train Loss: 0.0042608287Val Loss: 0.0028560147   LR: 1.00e-04
Epoch 118/2000 Train Loss: 0.0041274799Val Loss: 0.0026574226   LR: 1.00e-04
Epoch 119/2000 Train Loss: 0.0042045283Val Loss: 0.0030711471   LR: 1.00e-04
Epoch 120/2000 Train Loss: 0.0040646287Val Loss: 0.0025415030   LR: 1.00e-04
Epoch 121/2000 Train Loss: 0.0040533108Val Loss: 0.0034240274   LR: 1.00e-04
Epoch 122/2000 Train Loss: 0.0042742831Val Loss: 0.0026090455   LR: 1.00e-04
Epoch 123/2000 Train Loss: 0.0042159613Val Loss: 0.0031092226   LR: 1.00e-04
Epoch 124/2000 Train Loss: 0.0040777861Val Loss: 0.0026301065   LR: 1.00e-04
Epoch 125/2000 Train Loss: 0.0045362390Val Loss: 0.0026716934   LR: 1.00e-04
Epoch 126/2000 Train Loss: 0.0044798223Val Loss: 0.0027339362   LR: 1.00e-04
Epoch 127/2000 Train Loss: 0.0036327036Val Loss: 0.0026116005   LR: 1.00e-04
Epoch 128/2000 Train Loss: 0.0043994271Val Loss: 0.0029100584   LR: 1.00e-04
Epoch 129/2000 Train Loss: 0.0044485567Val Loss: 0.0025884671   LR: 1.00e-04
Epoch 130/2000 Train Loss: 0.0041810162Val Loss: 0.0028174844   LR: 1.00e-04
Epoch 131/2000 Train Loss: 0.0039964582Val Loss: 0.0029627862   LR: 1.00e-04
Epoch 132/2000 Train Loss: 0.0039817469Val Loss: 0.0026962176   LR: 1.00e-04
Epoch 133/2000 Train Loss: 0.0039658853Val Loss: 0.0024454840   LR: 1.00e-04
Epoch 134/2000 Train Loss: 0.0040594554Val Loss: 0.0027071687   LR: 1.00e-04
Epoch 135/2000 Train Loss: 0.0038567495Val Loss: 0.0026590138   LR: 1.00e-04
Epoch 136/2000 Train Loss: 0.0038447158Val Loss: 0.0028546461   LR: 1.00e-04
Epoch 137/2000 Train Loss: 0.0039247032Val Loss: 0.0047885395   LR: 1.00e-04
Epoch 138/2000 Train Loss: 0.0039721406Val Loss: 0.0026585490   LR: 1.00e-04
Epoch 139/2000 Train Loss: 0.0041254178Val Loss: 0.0027194061   LR: 1.00e-04
Epoch 140/2000 Train Loss: 0.0039106809Val Loss: 0.0024496583   LR: 1.00e-04
Epoch 141/2000 Train Loss: 0.0039716892Val Loss: 0.0024900560   LR: 1.00e-04
Epoch 142/2000 Train Loss: 0.0039291461Val Loss: 0.0024418388   LR: 1.00e-04
Epoch 143/2000 Train Loss: 0.0037420568Val Loss: 0.0023475377   LR: 1.00e-04
Epoch 144/2000 Train Loss: 0.0042228603Val Loss: 0.0024708236   LR: 1.00e-04
Epoch 145/2000 Train Loss: 0.0037854380Val Loss: 0.0026565580   LR: 1.00e-04
Epoch 146/2000 Train Loss: 0.0044309271Val Loss: 0.0025029984   LR: 1.00e-04
Epoch 147/2000 Train Loss: 0.0036028837Val Loss: 0.0024438595   LR: 1.00e-04
Epoch 148/2000 Train Loss: 0.0036993080Val Loss: 0.0028119524   LR: 1.00e-04
Epoch 149/2000 Train Loss: 0.0039358578Val Loss: 0.0027151728   LR: 1.00e-04
Epoch 150/2000 Train Loss: 0.0041133623Val Loss: 0.0024944580   LR: 1.00e-04
Epoch 151/2000 Train Loss: 0.0038265392Val Loss: 0.0024740217   LR: 1.00e-04
Epoch 152/2000 Train Loss: 0.0038496997Val Loss: 0.0027302114   LR: 1.00e-04
Epoch 153/2000 Train Loss: 0.0043229967Val Loss: 0.0025210358   LR: 1.00e-04
Epoch 154/2000 Train Loss: 0.0039326819Val Loss: 0.0023926277   LR: 1.00e-04
Epoch 155/2000 Train Loss: 0.0037199235Val Loss: 0.0028722736   LR: 1.00e-04
Epoch 156/2000 Train Loss: 0.0043052598Val Loss: 0.0024790750   LR: 1.00e-04
Epoch 157/2000 Train Loss: 0.0039904906Val Loss: 0.0023242498   LR: 1.00e-04
Epoch 158/2000 Train Loss: 0.0041241365Val Loss: 0.0025536313   LR: 1.00e-04
Epoch 159/2000 Train Loss: 0.0038053557Val Loss: 0.0030123742   LR: 1.00e-04
Epoch 160/2000 Train Loss: 0.0038463191Val Loss: 0.0022957686   LR: 1.00e-04
Epoch 161/2000 Train Loss: 0.0037653417Val Loss: 0.0023548546   LR: 1.00e-04
Epoch 162/2000 Train Loss: 0.0035534226Val Loss: 0.0024994008   LR: 1.00e-04
Epoch 163/2000 Train Loss: 0.0040195446Val Loss: 0.0025157641   LR: 1.00e-04
Epoch 164/2000 Train Loss: 0.0036575638Val Loss: 0.0027764346   LR: 1.00e-04
Epoch 165/2000 Train Loss: 0.0039585471Val Loss: 0.0034855740   LR: 1.00e-04
Epoch 166/2000 Train Loss: 0.0039295686Val Loss: 0.0024198519   LR: 1.00e-04
Epoch 167/2000 Train Loss: 0.0042165314Val Loss: 0.0023979421   LR: 1.00e-04
Epoch 168/2000 Train Loss: 0.0039623264Val Loss: 0.0028554788   LR: 1.00e-04
Epoch 169/2000 Train Loss: 0.0037955258Val Loss: 0.0024295621   LR: 1.00e-04
Epoch 170/2000 Train Loss: 0.0036800781Val Loss: 0.0025902897   LR: 1.00e-04
Epoch 171/2000 Train Loss: 0.0037614729Val Loss: 0.0022383148   LR: 1.00e-04
Epoch 172/2000 Train Loss: 0.0032970072Val Loss: 0.0022394384   LR: 1.00e-04
Epoch 173/2000 Train Loss: 0.0035246468Val Loss: 0.0024567011   LR: 1.00e-04
Epoch 174/2000 Train Loss: 0.0034868268Val Loss: 0.0023240748   LR: 1.00e-04
Epoch 175/2000 Train Loss: 0.0036997490Val Loss: 0.0023042246   LR: 1.00e-04
Epoch 176/2000 Train Loss: 0.0038861319Val Loss: 0.0022759707   LR: 1.00e-04
Epoch 177/2000 Train Loss: 0.0035211252Val Loss: 0.0022118033   LR: 1.00e-04
Epoch 178/2000 Train Loss: 0.0034236357Val Loss: 0.0029458581   LR: 1.00e-04
Epoch 179/2000 Train Loss: 0.0037630380Val Loss: 0.0024370773   LR: 1.00e-04
Epoch 180/2000 Train Loss: 0.0036153324Val Loss: 0.0034917137   LR: 1.00e-04
Epoch 181/2000 Train Loss: 0.0039711909Val Loss: 0.0023902618   LR: 1.00e-04
Epoch 182/2000 Train Loss: 0.0039995012Val Loss: 0.0023117258   LR: 1.00e-04
Epoch 183/2000 Train Loss: 0.0036749623Val Loss: 0.0031958606   LR: 1.00e-04
Epoch 184/2000 Train Loss: 0.0035872720Val Loss: 0.0022320302   LR: 1.00e-04
Epoch 185/2000 Train Loss: 0.0034823261Val Loss: 0.0024708438   LR: 1.00e-04
Epoch 186/2000 Train Loss: 0.0036007959Val Loss: 0.0023567165   LR: 1.00e-04
Epoch 187/2000 Train Loss: 0.0037225206Val Loss: 0.0021759420   LR: 1.00e-04
Epoch 188/2000 Train Loss: 0.0036484702Val Loss: 0.0024880626   LR: 1.00e-04
Epoch 189/2000 Train Loss: 0.0035301901Val Loss: 0.0022247785   LR: 1.00e-04
Epoch 190/2000 Train Loss: 0.0038002023Val Loss: 0.0023165086   LR: 1.00e-04
Epoch 191/2000 Train Loss: 0.0037787503Val Loss: 0.0025663041   LR: 1.00e-04
Epoch 192/2000 Train Loss: 0.0039342879Val Loss: 0.0026076155   LR: 1.00e-04
Epoch 193/2000 Train Loss: 0.0037530341Val Loss: 0.0029599392   LR: 1.00e-04
Epoch 194/2000 Train Loss: 0.0038663167Val Loss: 0.0026933440   LR: 1.00e-04
Epoch 195/2000 Train Loss: 0.0035154146Val Loss: 0.0020927440   LR: 1.00e-04
Epoch 196/2000 Train Loss: 0.0036978903Val Loss: 0.0021658401   LR: 1.00e-04
Epoch 197/2000 Train Loss: 0.0036779966Val Loss: 0.0029847857   LR: 1.00e-04
Epoch 198/2000 Train Loss: 0.0036147198Val Loss: 0.0021776646   LR: 1.00e-04
Epoch 199/2000 Train Loss: 0.0037895823Val Loss: 0.0021026939   LR: 1.00e-04
Epoch 200/2000 Train Loss: 0.0034618156Val Loss: 0.0021741030   LR: 1.00e-04
Epoch 201/2000 Train Loss: 0.0035139270Val Loss: 0.0025516224   LR: 1.00e-04
Epoch 202/2000 Train Loss: 0.0037143146Val Loss: 0.0020706343   LR: 1.00e-04
Epoch 203/2000 Train Loss: 0.0037266020Val Loss: 0.0025382843   LR: 1.00e-04
Epoch 204/2000 Train Loss: 0.0035702177Val Loss: 0.0023213905   LR: 1.00e-04
Epoch 205/2000 Train Loss: 0.0034373506Val Loss: 0.0021686485   LR: 1.00e-04
Epoch 206/2000 Train Loss: 0.0034339594Val Loss: 0.0023498493   LR: 1.00e-04
Epoch 207/2000 Train Loss: 0.0034940272Val Loss: 0.0021130205   LR: 1.00e-04
Epoch 208/2000 Train Loss: 0.0036958451Val Loss: 0.0022132766   LR: 1.00e-04
Epoch 209/2000 Train Loss: 0.0033944035Val Loss: 0.0024074487   LR: 1.00e-04
Epoch 210/2000 Train Loss: 0.0036506006Val Loss: 0.0022361986   LR: 1.00e-04
Epoch 211/2000 Train Loss: 0.0035184198Val Loss: 0.0028691449   LR: 1.00e-04
Epoch 212/2000 Train Loss: 0.0035969326Val Loss: 0.0021652740   LR: 1.00e-04
Epoch 213/2000 Train Loss: 0.0037797555Val Loss: 0.0022544608   LR: 1.00e-04
Epoch 214/2000 Train Loss: 0.0035114643Val Loss: 0.0029712713   LR: 1.00e-04
Epoch 215/2000 Train Loss: 0.0037507619Val Loss: 0.0028665410   LR: 1.00e-04
Epoch 216/2000 Train Loss: 0.0035271130Val Loss: 0.0020305805   LR: 1.00e-04
Epoch 217/2000 Train Loss: 0.0037103951Val Loss: 0.0024316399   LR: 1.00e-04
Epoch 218/2000 Train Loss: 0.0037576604Val Loss: 0.0022472307   LR: 1.00e-04
Epoch 219/2000 Train Loss: 0.0038363878Val Loss: 0.0021933216   LR: 1.00e-04
Epoch 220/2000 Train Loss: 0.0035452768Val Loss: 0.0022087822   LR: 1.00e-04
Epoch 221/2000 Train Loss: 0.0035578190Val Loss: 0.0020207671   LR: 1.00e-04
Epoch 222/2000 Train Loss: 0.0032884269Val Loss: 0.0019652917   LR: 1.00e-04
Epoch 223/2000 Train Loss: 0.0037454446Val Loss: 0.0020838246   LR: 1.00e-04
Epoch 224/2000 Train Loss: 0.0033214634Val Loss: 0.0023424198   LR: 1.00e-04
Epoch 225/2000 Train Loss: 0.0036306625Val Loss: 0.0025235027   LR: 1.00e-04
Epoch 226/2000 Train Loss: 0.0037311235Val Loss: 0.0021542081   LR: 1.00e-04
Epoch 227/2000 Train Loss: 0.0032391442Val Loss: 0.0023540688   LR: 1.00e-04
Epoch 228/2000 Train Loss: 0.0033966751Val Loss: 0.0025750571   LR: 1.00e-04
Epoch 229/2000 Train Loss: 0.0031963319Val Loss: 0.0023200081   LR: 1.00e-04
Epoch 230/2000 Train Loss: 0.0034030566Val Loss: 0.0020686460   LR: 1.00e-04
Epoch 231/2000 Train Loss: 0.0037131958Val Loss: 0.0027611707   LR: 1.00e-04
Epoch 232/2000 Train Loss: 0.0036244542Val Loss: 0.0026195311   LR: 1.00e-04
Epoch 233/2000 Train Loss: 0.0035288771Val Loss: 0.0020148428   LR: 1.00e-04
Epoch 234/2000 Train Loss: 0.0035272207Val Loss: 0.0021091584   LR: 1.00e-04
Epoch 235/2000 Train Loss: 0.0034522403Val Loss: 0.0021460010   LR: 1.00e-04
Epoch 236/2000 Train Loss: 0.0034036811Val Loss: 0.0034827969   LR: 1.00e-04
Epoch 237/2000 Train Loss: 0.0034334904Val Loss: 0.0021711998   LR: 1.00e-04
Epoch 238/2000 Train Loss: 0.0036572545Val Loss: 0.0021045640   LR: 1.00e-04
Epoch 239/2000 Train Loss: 0.0035564540Val Loss: 0.0022454868   LR: 1.00e-04
Epoch 240/2000 Train Loss: 0.0041245778Val Loss: 0.0041690238   LR: 1.00e-04
Epoch 241/2000 Train Loss: 0.0035542966Val Loss: 0.0020535630   LR: 1.00e-04
Epoch 242/2000 Train Loss: 0.0034622655Val Loss: 0.0024564060   LR: 1.00e-04
Epoch 243/2000 Train Loss: 0.0037695635Val Loss: 0.0025844917   LR: 1.00e-04
Epoch 244/2000 Train Loss: 0.0034127734Val Loss: 0.0021552741   LR: 1.00e-04
Epoch 245/2000 Train Loss: 0.0033861103Val Loss: 0.0021780997   LR: 1.00e-04
Epoch 246/2000 Train Loss: 0.0034742173Val Loss: 0.0022377891   LR: 1.00e-04
Epoch 247/2000 Train Loss: 0.0030491552Val Loss: 0.0019902378   LR: 1.00e-04
Epoch 248/2000 Train Loss: 0.0032433739Val Loss: 0.0023005848   LR: 1.00e-04
Epoch 249/2000 Train Loss: 0.0033598280Val Loss: 0.0023309643   LR: 1.00e-04
Epoch 250/2000 Train Loss: 0.0033352209Val Loss: 0.0020137416   LR: 1.00e-04
Epoch 251/2000 Train Loss: 0.0032179095Val Loss: 0.0030347205   LR: 1.00e-04
Epoch 252/2000 Train Loss: 0.0035508511Val Loss: 0.0019436682   LR: 1.00e-04
Epoch 253/2000 Train Loss: 0.0034398480Val Loss: 0.0023693581   LR: 1.00e-04
Epoch 254/2000 Train Loss: 0.0036759905Val Loss: 0.0026621843   LR: 1.00e-04
Epoch 255/2000 Train Loss: 0.0035565341Val Loss: 0.0023182800   LR: 1.00e-04
Epoch 256/2000 Train Loss: 0.0038719838Val Loss: 0.0021908079   LR: 1.00e-04
Epoch 257/2000 Train Loss: 0.0035194107Val Loss: 0.0020484713   LR: 1.00e-04
Epoch 258/2000 Train Loss: 0.0033234254Val Loss: 0.0020308763   LR: 1.00e-04
Epoch 259/2000 Train Loss: 0.0035601899Val Loss: 0.0022882070   LR: 1.00e-04
Epoch 260/2000 Train Loss: 0.0036798820Val Loss: 0.0023793438   LR: 1.00e-04
Epoch 261/2000 Train Loss: 0.0031927517Val Loss: 0.0027994060   LR: 1.00e-04
Epoch 262/2000 Train Loss: 0.0032844108Val Loss: 0.0021526482   LR: 1.00e-04
Epoch 263/2000 Train Loss: 0.0032539071Val Loss: 0.0025188768   LR: 1.00e-04
Epoch 264/2000 Train Loss: 0.0035627345Val Loss: 0.0020136877   LR: 1.00e-04
Epoch 265/2000 Train Loss: 0.0033294762Val Loss: 0.0021067830   LR: 1.00e-04
Epoch 266/2000 Train Loss: 0.0033523302Val Loss: 0.0026613651   LR: 1.00e-04
Epoch 267/2000 Train Loss: 0.0031909140Val Loss: 0.0018970871   LR: 1.00e-04
Epoch 268/2000 Train Loss: 0.0032796815Val Loss: 0.0020728169   LR: 1.00e-04
Epoch 269/2000 Train Loss: 0.0035950758Val Loss: 0.0021632331   LR: 1.00e-04
Epoch 270/2000 Train Loss: 0.0035167039Val Loss: 0.0020099338   LR: 1.00e-04
Epoch 271/2000 Train Loss: 0.0033267757Val Loss: 0.0024626017   LR: 1.00e-04
Epoch 272/2000 Train Loss: 0.0034796596Val Loss: 0.0024320482   LR: 1.00e-04
Epoch 273/2000 Train Loss: 0.0037051688Val Loss: 0.0020903669   LR: 1.00e-04
Epoch 274/2000 Train Loss: 0.0033728784Val Loss: 0.0020520149   LR: 1.00e-04
Epoch 275/2000 Train Loss: 0.0033858498Val Loss: 0.0020494218   LR: 1.00e-04
Epoch 276/2000 Train Loss: 0.0032449523Val Loss: 0.0021562379   LR: 1.00e-04
Epoch 277/2000 Train Loss: 0.0033249266Val Loss: 0.0020324999   LR: 1.00e-04
Epoch 278/2000 Train Loss: 0.0032190391Val Loss: 0.0025315634   LR: 1.00e-04
Epoch 279/2000 Train Loss: 0.0034889025Val Loss: 0.0019932459   LR: 1.00e-04
Epoch 280/2000 Train Loss: 0.0033586714Val Loss: 0.0021310346   LR: 1.00e-04
Epoch 281/2000 Train Loss: 0.0031706883Val Loss: 0.0022224046   LR: 1.00e-04
Epoch 282/2000 Train Loss: 0.0031939159Val Loss: 0.0020080368   LR: 1.00e-04
Epoch 283/2000 Train Loss: 0.0030135255Val Loss: 0.0025559006   LR: 1.00e-04
Epoch 284/2000 Train Loss: 0.0034550266Val Loss: 0.0022534235   LR: 1.00e-04
Epoch 285/2000 Train Loss: 0.0033816531Val Loss: 0.0018874174   LR: 1.00e-04
Epoch 286/2000 Train Loss: 0.0033340191Val Loss: 0.0020508810   LR: 1.00e-04
Epoch 287/2000 Train Loss: 0.0032837575Val Loss: 0.0024739992   LR: 1.00e-04
Epoch 288/2000 Train Loss: 0.0031523754Val Loss: 0.0018529876   LR: 1.00e-04
Epoch 289/2000 Train Loss: 0.0035530258Val Loss: 0.0022927590   LR: 1.00e-04
Epoch 290/2000 Train Loss: 0.0030706494Val Loss: 0.0024720813   LR: 1.00e-04
Epoch 291/2000 Train Loss: 0.0031238804Val Loss: 0.0019724850   LR: 1.00e-04
Epoch 292/2000 Train Loss: 0.0033429535Val Loss: 0.0023554403   LR: 1.00e-04
Epoch 293/2000 Train Loss: 0.0034385592Val Loss: 0.0022706423   LR: 1.00e-04
Epoch 294/2000 Train Loss: 0.0034136987Val Loss: 0.0018835057   LR: 1.00e-04
Epoch 295/2000 Train Loss: 0.0035125451Val Loss: 0.0018656603   LR: 1.00e-04
Epoch 296/2000 Train Loss: 0.0031171716Val Loss: 0.0022779818   LR: 1.00e-04
Epoch 297/2000 Train Loss: 0.0032737321Val Loss: 0.0025554053   LR: 1.00e-04
Epoch 298/2000 Train Loss: 0.0033272794Val Loss: 0.0022317146   LR: 1.00e-04
Epoch 299/2000 Train Loss: 0.0031414213Val Loss: 0.0019764345   LR: 1.00e-04
Epoch 300/2000 Train Loss: 0.0033044846Val Loss: 0.0022705226   LR: 1.00e-04
Epoch 301/2000 Train Loss: 0.0035580578Val Loss: 0.0018968073   LR: 1.00e-04
Epoch 302/2000 Train Loss: 0.0032820843Val Loss: 0.0019789083   LR: 1.00e-04
Epoch 303/2000 Train Loss: 0.0030986954Val Loss: 0.0022973101   LR: 1.00e-04
Epoch 304/2000 Train Loss: 0.0033244573Val Loss: 0.0020450208   LR: 1.00e-04
Epoch 305/2000 Train Loss: 0.0034437365Val Loss: 0.0022289994   LR: 1.00e-04
Epoch 306/2000 Train Loss: 0.0030425717Val Loss: 0.0028470513   LR: 1.00e-04
Epoch 307/2000 Train Loss: 0.0029706460Val Loss: 0.0018513994   LR: 1.00e-04
Epoch 308/2000 Train Loss: 0.0032892060Val Loss: 0.0018731665   LR: 1.00e-04
Epoch 309/2000 Train Loss: 0.0031269327Val Loss: 0.0019886399   LR: 1.00e-04
Epoch 310/2000 Train Loss: 0.0031713733Val Loss: 0.0020339739   LR: 1.00e-04
Epoch 311/2000 Train Loss: 0.0033370416Val Loss: 0.0021855056   LR: 1.00e-04
Epoch 312/2000 Train Loss: 0.0029733240Val Loss: 0.0020106351   LR: 1.00e-04
Epoch 313/2000 Train Loss: 0.0030158746Val Loss: 0.0042793079   LR: 1.00e-04
Epoch 314/2000 Train Loss: 0.0029825444Val Loss: 0.0018254775   LR: 1.00e-04
Epoch 315/2000 Train Loss: 0.0034531889Val Loss: 0.0023164111   LR: 1.00e-04
Epoch 316/2000 Train Loss: 0.0034454451Val Loss: 0.0020510908   LR: 1.00e-04
Epoch 317/2000 Train Loss: 0.0030235167Val Loss: 0.0018006363   LR: 1.00e-04
Epoch 318/2000 Train Loss: 0.0035694619Val Loss: 0.0020758040   LR: 1.00e-04
Epoch 319/2000 Train Loss: 0.0031526966Val Loss: 0.0018746120   LR: 1.00e-04
Epoch 320/2000 Train Loss: 0.0035196502Val Loss: 0.0018616589   LR: 1.00e-04
Epoch 321/2000 Train Loss: 0.0030938072Val Loss: 0.0018955119   LR: 1.00e-04
Epoch 322/2000 Train Loss: 0.0031927244Val Loss: 0.0021924749   LR: 1.00e-04
Epoch 323/2000 Train Loss: 0.0032686891Val Loss: 0.0018615704   LR: 1.00e-04
Epoch 324/2000 Train Loss: 0.0033899060Val Loss: 0.0021939469   LR: 1.00e-04
Epoch 325/2000 Train Loss: 0.0031303916Val Loss: 0.0019990473   LR: 1.00e-04
Epoch 326/2000 Train Loss: 0.0034856413Val Loss: 0.0018500204   LR: 1.00e-04
Epoch 327/2000 Train Loss: 0.0030154362Val Loss: 0.0018390402   LR: 1.00e-04
Epoch 328/2000 Train Loss: 0.0028918822Val Loss: 0.0021614159   LR: 1.00e-04
Epoch 329/2000 Train Loss: 0.0032520586Val Loss: 0.0019697246   LR: 1.00e-04
Epoch 330/2000 Train Loss: 0.0030625535Val Loss: 0.0020754399   LR: 1.00e-04
Epoch 331/2000 Train Loss: 0.0032174026Val Loss: 0.0023684333   LR: 1.00e-04
Epoch 332/2000 Train Loss: 0.0032422339Val Loss: 0.0019740531   LR: 1.00e-04
Epoch 333/2000 Train Loss: 0.0031291950Val Loss: 0.0018190087   LR: 1.00e-04
Epoch 334/2000 Train Loss: 0.0031131888Val Loss: 0.0017800268   LR: 1.00e-04
Epoch 335/2000 Train Loss: 0.0034215512Val Loss: 0.0023423504   LR: 1.00e-04
Epoch 336/2000 Train Loss: 0.0032435243Val Loss: 0.0020310881   LR: 1.00e-04
Epoch 337/2000 Train Loss: 0.0032463707Val Loss: 0.0023721528   LR: 1.00e-04
Epoch 338/2000 Train Loss: 0.0034076897Val Loss: 0.0019098211   LR: 1.00e-04
Epoch 339/2000 Train Loss: 0.0028868616Val Loss: 0.0018240736   LR: 1.00e-04
Epoch 340/2000 Train Loss: 0.0032607515Val Loss: 0.0020158075   LR: 1.00e-04
Epoch 341/2000 Train Loss: 0.0029205362Val Loss: 0.0020005516   LR: 1.00e-04
Epoch 342/2000 Train Loss: 0.0029037762Val Loss: 0.0018100810   LR: 1.00e-04
Epoch 343/2000 Train Loss: 0.0028671896Val Loss: 0.0019047915   LR: 1.00e-04
Epoch 344/2000 Train Loss: 0.0031673064Val Loss: 0.0019584789   LR: 1.00e-04
Epoch 345/2000 Train Loss: 0.0034710798Val Loss: 0.0023033521   LR: 1.00e-04
Epoch 346/2000 Train Loss: 0.0028125026Val Loss: 0.0018131578   LR: 1.00e-04
Epoch 347/2000 Train Loss: 0.0031222247Val Loss: 0.0019749701   LR: 1.00e-04
Epoch 348/2000 Train Loss: 0.0030792449Val Loss: 0.0017616519   LR: 1.00e-04
Epoch 349/2000 Train Loss: 0.0031784905Val Loss: 0.0018955370   LR: 1.00e-04
Epoch 350/2000 Train Loss: 0.0028441312Val Loss: 0.0021639167   LR: 1.00e-04
Epoch 351/2000 Train Loss: 0.0030264494Val Loss: 0.0020963421   LR: 1.00e-04
Epoch 352/2000 Train Loss: 0.0033089038Val Loss: 0.0018480522   LR: 1.00e-04
Epoch 353/2000 Train Loss: 0.0033169022Val Loss: 0.0018457456   LR: 1.00e-04
Epoch 354/2000 Train Loss: 0.0033188119Val Loss: 0.0022802792   LR: 1.00e-04
Epoch 355/2000 Train Loss: 0.0029467939Val Loss: 0.0018741960   LR: 1.00e-04
Epoch 356/2000 Train Loss: 0.0031319180Val Loss: 0.0018834587   LR: 1.00e-04
Epoch 357/2000 Train Loss: 0.0032585592Val Loss: 0.0019044301   LR: 1.00e-04
Epoch 358/2000 Train Loss: 0.0029766059Val Loss: 0.0026867958   LR: 1.00e-04
Epoch 359/2000 Train Loss: 0.0028164773Val Loss: 0.0018022959   LR: 1.00e-04
Epoch 360/2000 Train Loss: 0.0031148518Val Loss: 0.0025533449   LR: 1.00e-04
Epoch 361/2000 Train Loss: 0.0030502638Val Loss: 0.0018473824   LR: 1.00e-04
Epoch 362/2000 Train Loss: 0.0033713600Val Loss: 0.0018154170   LR: 1.00e-04
Epoch 363/2000 Train Loss: 0.0029322188Val Loss: 0.0020951289   LR: 1.00e-04
Epoch 364/2000 Train Loss: 0.0032277268Val Loss: 0.0018128768   LR: 1.00e-04
Epoch 365/2000 Train Loss: 0.0030030876Val Loss: 0.0020753111   LR: 1.00e-04
Epoch 366/2000 Train Loss: 0.0030421462Val Loss: 0.0021967922   LR: 1.00e-04
Epoch 367/2000 Train Loss: 0.0028852990Val Loss: 0.0020439755   LR: 1.00e-04
Epoch 368/2000 Train Loss: 0.0030957669Val Loss: 0.0017361814   LR: 1.00e-04
Epoch 369/2000 Train Loss: 0.0029690732Val Loss: 0.0023074633   LR: 1.00e-04
Epoch 370/2000 Train Loss: 0.0027960344Val Loss: 0.0025395565   LR: 1.00e-04
Epoch 371/2000 Train Loss: 0.0031415715Val Loss: 0.0018057217   LR: 1.00e-04
Epoch 372/2000 Train Loss: 0.0029211810Val Loss: 0.0023539327   LR: 1.00e-04
Epoch 373/2000 Train Loss: 0.0029629670Val Loss: 0.0023640998   LR: 1.00e-04
Epoch 374/2000 Train Loss: 0.0033649267Val Loss: 0.0018193909   LR: 1.00e-04
Epoch 375/2000 Train Loss: 0.0026880878Val Loss: 0.0020805223   LR: 1.00e-04
Epoch 376/2000 Train Loss: 0.0028660832Val Loss: 0.0024509806   LR: 1.00e-04
Epoch 377/2000 Train Loss: 0.0028808705Val Loss: 0.0017468223   LR: 1.00e-04
Epoch 378/2000 Train Loss: 0.0032474745Val Loss: 0.0023270905   LR: 1.00e-04
Epoch 379/2000 Train Loss: 0.0030770576Val Loss: 0.0018261993   LR: 1.00e-04
Epoch 380/2000 Train Loss: 0.0031748388Val Loss: 0.0019044046   LR: 1.00e-04
Epoch 381/2000 Train Loss: 0.0028460718Val Loss: 0.0017551658   LR: 1.00e-04
Epoch 382/2000 Train Loss: 0.0031085766Val Loss: 0.0017071253   LR: 1.00e-04
Epoch 383/2000 Train Loss: 0.0031527374Val Loss: 0.0016838699   LR: 1.00e-04
Epoch 384/2000 Train Loss: 0.0034480844Val Loss: 0.0021436147   LR: 1.00e-04
Epoch 385/2000 Train Loss: 0.0031191085Val Loss: 0.0025910175   LR: 1.00e-04
Epoch 386/2000 Train Loss: 0.0029882343Val Loss: 0.0019707733   LR: 1.00e-04
Epoch 387/2000 Train Loss: 0.0032847792Val Loss: 0.0029608303   LR: 1.00e-04
Epoch 388/2000 Train Loss: 0.0031700746Val Loss: 0.0024656140   LR: 1.00e-04
Epoch 389/2000 Train Loss: 0.0029644882Val Loss: 0.0018469213   LR: 1.00e-04
Epoch 390/2000 Train Loss: 0.0031820325Val Loss: 0.0019648005   LR: 1.00e-04
Epoch 391/2000 Train Loss: 0.0033130785Val Loss: 0.0017538424   LR: 1.00e-04
Epoch 392/2000 Train Loss: 0.0035370723Val Loss: 0.0020749058   LR: 1.00e-04
Epoch 393/2000 Train Loss: 0.0032545438Val Loss: 0.0018215838   LR: 1.00e-04
Epoch 394/2000 Train Loss: 0.0030967143Val Loss: 0.0019023189   LR: 1.00e-04
Epoch 395/2000 Train Loss: 0.0030412797Val Loss: 0.0017423433   LR: 1.00e-04
Epoch 396/2000 Train Loss: 0.0028098544Val Loss: 0.0018838321   LR: 1.00e-04
Epoch 397/2000 Train Loss: 0.0029574471Val Loss: 0.0018280567   LR: 1.00e-04
Epoch 398/2000 Train Loss: 0.0027933124Val Loss: 0.0018088722   LR: 1.00e-04
Epoch 399/2000 Train Loss: 0.0028551572Val Loss: 0.0017605262   LR: 1.00e-04
Epoch 400/2000 Train Loss: 0.0028998237Val Loss: 0.0019528147   LR: 1.00e-04
Epoch 401/2000 Train Loss: 0.0028571422Val Loss: 0.0017396587   LR: 1.00e-04
Epoch 402/2000 Train Loss: 0.0029618794Val Loss: 0.0019559570   LR: 1.00e-04
Epoch 403/2000 Train Loss: 0.0031435293Val Loss: 0.0023029334   LR: 1.00e-04
Epoch 404/2000 Train Loss: 0.0030409681Val Loss: 0.0025189256   LR: 1.00e-04
Epoch 405/2000 Train Loss: 0.0028989477Val Loss: 0.0026625362   LR: 1.00e-04
Epoch 406/2000 Train Loss: 0.0030390389Val Loss: 0.0019173429   LR: 1.00e-04
Epoch 407/2000 Train Loss: 0.0030446660Val Loss: 0.0019028536   LR: 1.00e-04
Epoch 408/2000 Train Loss: 0.0027210291Val Loss: 0.0017351440   LR: 1.00e-04
Epoch 409/2000 Train Loss: 0.0028562478Val Loss: 0.0018450733   LR: 1.00e-04
Epoch 410/2000 Train Loss: 0.0029529372Val Loss: 0.0019847634   LR: 1.00e-04
Epoch 411/2000 Train Loss: 0.0030077107Val Loss: 0.0016787977   LR: 1.00e-04
Epoch 412/2000 Train Loss: 0.0030307061Val Loss: 0.0022497276   LR: 1.00e-04
Epoch 413/2000 Train Loss: 0.0031006813Val Loss: 0.0019594926   LR: 1.00e-04
Epoch 414/2000 Train Loss: 0.0032027841Val Loss: 0.0017798247   LR: 1.00e-04
Epoch 415/2000 Train Loss: 0.0028091883Val Loss: 0.0020097770   LR: 1.00e-04
Epoch 416/2000 Train Loss: 0.0028991307Val Loss: 0.0018430388   LR: 1.00e-04
Epoch 417/2000 Train Loss: 0.0028559939Val Loss: 0.0018673035   LR: 1.00e-04
Epoch 418/2000 Train Loss: 0.0032338083Val Loss: 0.0018287389   LR: 1.00e-04
Epoch 419/2000 Train Loss: 0.0026678116Val Loss: 0.0017327703   LR: 1.00e-04
Epoch 420/2000 Train Loss: 0.0029490879Val Loss: 0.0017043578   LR: 1.00e-04
Epoch 421/2000 Train Loss: 0.0031492710Val Loss: 0.0022249205   LR: 1.00e-04
Epoch 422/2000 Train Loss: 0.0026745201Val Loss: 0.0017134560   LR: 1.00e-04
Epoch 423/2000 Train Loss: 0.0029284832Val Loss: 0.0017294740   LR: 1.00e-04
Epoch 424/2000 Train Loss: 0.0031337787Val Loss: 0.0021894530   LR: 1.00e-04
Epoch 425/2000 Train Loss: 0.0029852296Val Loss: 0.0019490435   LR: 1.00e-04
Epoch 426/2000 Train Loss: 0.0031104926Val Loss: 0.0018019324   LR: 1.00e-04
Epoch 427/2000 Train Loss: 0.0028484661Val Loss: 0.0020188941   LR: 1.00e-04
Epoch 428/2000 Train Loss: 0.0029099609Val Loss: 0.0017159945   LR: 1.00e-04
Epoch 429/2000 Train Loss: 0.0029628459Val Loss: 0.0019002299   LR: 1.00e-04
Epoch 430/2000 Train Loss: 0.0024446928Val Loss: 0.0018786534   LR: 1.00e-04
Epoch 431/2000 Train Loss: 0.0031543862Val Loss: 0.0019434561   LR: 1.00e-04
Epoch 432/2000 Train Loss: 0.0031062000Val Loss: 0.0017973200   LR: 1.00e-04
Epoch 433/2000 Train Loss: 0.0032138236Val Loss: 0.0019197216   LR: 1.00e-04
Epoch 434/2000 Train Loss: 0.0028314168Val Loss: 0.0019437312   LR: 1.00e-04
Epoch 435/2000 Train Loss: 0.0029963642Val Loss: 0.0017099266   LR: 1.00e-04
Epoch 436/2000 Train Loss: 0.0030008640Val Loss: 0.0017617024   LR: 1.00e-04
Epoch 437/2000 Train Loss: 0.0030923241Val Loss: 0.0020867525   LR: 1.00e-04
Epoch 438/2000 Train Loss: 0.0030424240Val Loss: 0.0017251440   LR: 1.00e-04
Epoch 439/2000 Train Loss: 0.0029112639Val Loss: 0.0020337732   LR: 1.00e-04
Epoch 440/2000 Train Loss: 0.0028500258Val Loss: 0.0018602448   LR: 1.00e-04
Epoch 441/2000 Train Loss: 0.0030687692Val Loss: 0.0016347837   LR: 1.00e-04
Epoch 442/2000 Train Loss: 0.0030630636Val Loss: 0.0017364544   LR: 1.00e-04
Epoch 443/2000 Train Loss: 0.0030191637Val Loss: 0.0017420429   LR: 1.00e-04
Epoch 444/2000 Train Loss: 0.0030581223Val Loss: 0.0016670186   LR: 1.00e-04
Epoch 445/2000 Train Loss: 0.0027250306Val Loss: 0.0017979373   LR: 1.00e-04
Epoch 446/2000 Train Loss: 0.0030790441Val Loss: 0.0019852428   LR: 1.00e-04
Epoch 447/2000 Train Loss: 0.0028096044Val Loss: 0.0016708253   LR: 1.00e-04
Epoch 448/2000 Train Loss: 0.0027075388Val Loss: 0.0036960435   LR: 1.00e-04
Epoch 449/2000 Train Loss: 0.0031552698Val Loss: 0.0018342507   LR: 1.00e-04
Epoch 450/2000 Train Loss: 0.0029175158Val Loss: 0.0017021014   LR: 1.00e-04
Epoch 451/2000 Train Loss: 0.0031725320Val Loss: 0.0019005491   LR: 1.00e-04
Epoch 452/2000 Train Loss: 0.0028681872Val Loss: 0.0016970108   LR: 1.00e-04
Epoch 453/2000 Train Loss: 0.0029297047Val Loss: 0.0021689500   LR: 1.00e-04
Epoch 454/2000 Train Loss: 0.0032791081Val Loss: 0.0018157882   LR: 1.00e-04
Epoch 455/2000 Train Loss: 0.0031773035Val Loss: 0.0018437795   LR: 1.00e-04
Epoch 456/2000 Train Loss: 0.0030989534Val Loss: 0.0016624068   LR: 1.00e-04
Epoch 457/2000 Train Loss: 0.0026921126Val Loss: 0.0018297068   LR: 1.00e-04
Epoch 458/2000 Train Loss: 0.0031067420Val Loss: 0.0019034076   LR: 1.00e-04
Epoch 459/2000 Train Loss: 0.0031867538Val Loss: 0.0020993733   LR: 1.00e-04
Epoch 460/2000 Train Loss: 0.0029005154Val Loss: 0.0017160442   LR: 1.00e-04
Epoch 461/2000 Train Loss: 0.0027593727Val Loss: 0.0016832517   LR: 1.00e-04
Epoch 462/2000 Train Loss: 0.0030887695Val Loss: 0.0017300781   LR: 1.00e-04
Epoch 463/2000 Train Loss: 0.0031441493Val Loss: 0.0018179800   LR: 1.00e-04
Epoch 464/2000 Train Loss: 0.0030641561Val Loss: 0.0030740603   LR: 1.00e-04
Epoch 465/2000 Train Loss: 0.0029729102Val Loss: 0.0017854671   LR: 1.00e-04
Epoch 466/2000 Train Loss: 0.0028492687Val Loss: 0.0017220416   LR: 1.00e-04
Epoch 467/2000 Train Loss: 0.0028389825Val Loss: 0.0016555689   LR: 1.00e-04
Epoch 468/2000 Train Loss: 0.0028799360Val Loss: 0.0018061436   LR: 1.00e-04
Epoch 469/2000 Train Loss: 0.0027809029Val Loss: 0.0016410896   LR: 1.00e-04
Epoch 470/2000 Train Loss: 0.0029223545Val Loss: 0.0016137303   LR: 1.00e-04
Epoch 471/2000 Train Loss: 0.0028494491Val Loss: 0.0017551675   LR: 1.00e-04
Epoch 472/2000 Train Loss: 0.0028621227Val Loss: 0.0015928214   LR: 1.00e-04
Epoch 473/2000 Train Loss: 0.0025906840Val Loss: 0.0018800639   LR: 1.00e-04
Epoch 474/2000 Train Loss: 0.0026967982Val Loss: 0.0017736346   LR: 1.00e-04
Epoch 475/2000 Train Loss: 0.0030792330Val Loss: 0.0016152780   LR: 1.00e-04
Epoch 476/2000 Train Loss: 0.0028349075Val Loss: 0.0016622877   LR: 1.00e-04
Epoch 477/2000 Train Loss: 0.0028986909Val Loss: 0.0018455489   LR: 1.00e-04
Epoch 478/2000 Train Loss: 0.0027212257Val Loss: 0.0022202904   LR: 1.00e-04
Epoch 479/2000 Train Loss: 0.0029935385Val Loss: 0.0020759949   LR: 1.00e-04
Epoch 480/2000 Train Loss: 0.0025992131Val Loss: 0.0018724774   LR: 1.00e-04
Epoch 481/2000 Train Loss: 0.0029849716Val Loss: 0.0016798074   LR: 1.00e-04
Epoch 482/2000 Train Loss: 0.0030336413Val Loss: 0.0018208440   LR: 1.00e-04
Epoch 483/2000 Train Loss: 0.0028752975Val Loss: 0.0018369359   LR: 1.00e-04
Epoch 484/2000 Train Loss: 0.0030827941Val Loss: 0.0017046662   LR: 1.00e-04
Epoch 485/2000 Train Loss: 0.0028974020Val Loss: 0.0018168508   LR: 1.00e-04
Epoch 486/2000 Train Loss: 0.0031694133Val Loss: 0.0016223427   LR: 1.00e-04
Epoch 487/2000 Train Loss: 0.0027588993Val Loss: 0.0017851073   LR: 1.00e-04
Epoch 488/2000 Train Loss: 0.0028448268Val Loss: 0.0016214063   LR: 1.00e-04
Epoch 489/2000 Train Loss: 0.0027424143Val Loss: 0.0020248534   LR: 1.00e-04
Epoch 490/2000 Train Loss: 0.0028118527Val Loss: 0.0015758510   LR: 1.00e-04
Epoch 491/2000 Train Loss: 0.0028496902Val Loss: 0.0015729382   LR: 1.00e-04
Epoch 492/2000 Train Loss: 0.0029033924Val Loss: 0.0016819379   LR: 1.00e-04
Epoch 493/2000 Train Loss: 0.0030777118Val Loss: 0.0017267477   LR: 1.00e-04
Epoch 494/2000 Train Loss: 0.0029474779Val Loss: 0.0017183673   LR: 1.00e-04
Epoch 495/2000 Train Loss: 0.0025862979Val Loss: 0.0021648141   LR: 1.00e-04
Epoch 496/2000 Train Loss: 0.0030246256Val Loss: 0.0018802082   LR: 1.00e-04
Epoch 497/2000 Train Loss: 0.0029983452Val Loss: 0.0016222174   LR: 1.00e-04
Epoch 498/2000 Train Loss: 0.0029456797Val Loss: 0.0017716702   LR: 1.00e-04
Epoch 499/2000 Train Loss: 0.0028626902Val Loss: 0.0041831290   LR: 1.00e-04
Epoch 500/2000 Train Loss: 0.0029795924Val Loss: 0.0016707269   LR: 1.00e-04
Epoch 501/2000 Train Loss: 0.0027097648Val Loss: 0.0020235607   LR: 1.00e-04
Epoch 502/2000 Train Loss: 0.0027022604Val Loss: 0.0016582211   LR: 1.00e-04
Epoch 503/2000 Train Loss: 0.0029508859Val Loss: 0.0016447654   LR: 1.00e-04
Epoch 504/2000 Train Loss: 0.0028396237Val Loss: 0.0018917587   LR: 1.00e-04
Epoch 505/2000 Train Loss: 0.0026275409Val Loss: 0.0025298559   LR: 1.00e-04
Epoch 506/2000 Train Loss: 0.0028338773Val Loss: 0.0023248021   LR: 1.00e-04
Epoch 507/2000 Train Loss: 0.0025987264Val Loss: 0.0017171277   LR: 1.00e-04
Epoch 508/2000 Train Loss: 0.0024748172Val Loss: 0.0018129483   LR: 1.00e-04
Epoch 509/2000 Train Loss: 0.0029906077Val Loss: 0.0016798278   LR: 1.00e-04
Epoch 510/2000 Train Loss: 0.0028555183Val Loss: 0.0024201669   LR: 1.00e-04
Epoch 511/2000 Train Loss: 0.0026560445Val Loss: 0.0016984615   LR: 1.00e-04
Epoch 512/2000 Train Loss: 0.0028566661Val Loss: 0.0018952848   LR: 1.00e-04
Epoch 513/2000 Train Loss: 0.0030110479Val Loss: 0.0017086437   LR: 1.00e-04
Epoch 514/2000 Train Loss: 0.0027719519Val Loss: 0.0019863251   LR: 1.00e-04
Epoch 515/2000 Train Loss: 0.0032263762Val Loss: 0.0015977586   LR: 1.00e-04
Epoch 516/2000 Train Loss: 0.0023581942Val Loss: 0.0016392928   LR: 1.00e-04
Epoch 517/2000 Train Loss: 0.0025762255Val Loss: 0.0016263652   LR: 1.00e-04
Epoch 518/2000 Train Loss: 0.0030501727Val Loss: 0.0016718070   LR: 1.00e-04
Epoch 519/2000 Train Loss: 0.0028441996Val Loss: 0.0017362753   LR: 1.00e-04
Epoch 520/2000 Train Loss: 0.0027754950Val Loss: 0.0042874970   LR: 1.00e-04
Epoch 521/2000 Train Loss: 0.0028666001Val Loss: 0.0017850299   LR: 1.00e-04
Epoch 522/2000 Train Loss: 0.0027937308Val Loss: 0.0016661843   LR: 1.00e-04
Epoch 523/2000 Train Loss: 0.0026639823Val Loss: 0.0016909027   LR: 1.00e-04
Epoch 524/2000 Train Loss: 0.0028001499Val Loss: 0.0017755779   LR: 1.00e-04
Epoch 525/2000 Train Loss: 0.0027110717Val Loss: 0.0015555373   LR: 1.00e-04
Epoch 526/2000 Train Loss: 0.0028603572Val Loss: 0.0017931224   LR: 1.00e-04
Epoch 527/2000 Train Loss: 0.0025864125Val Loss: 0.0016823274   LR: 1.00e-04
Epoch 528/2000 Train Loss: 0.0027618696Val Loss: 0.0016841180   LR: 1.00e-04
Epoch 529/2000 Train Loss: 0.0027194431Val Loss: 0.0016812586   LR: 1.00e-04
Epoch 530/2000 Train Loss: 0.0029601993Val Loss: 0.0017521092   LR: 1.00e-04
Epoch 531/2000 Train Loss: 0.0029987357Val Loss: 0.0026444046   LR: 1.00e-04
Epoch 532/2000 Train Loss: 0.0028280374Val Loss: 0.0016536149   LR: 1.00e-04
Epoch 533/2000 Train Loss: 0.0027709143Val Loss: 0.0017778958   LR: 1.00e-04
Epoch 534/2000 Train Loss: 0.0029131728Val Loss: 0.0016824890   LR: 1.00e-04
Epoch 535/2000 Train Loss: 0.0026769221Val Loss: 0.0017229396   LR: 1.00e-04
Epoch 536/2000 Train Loss: 0.0030966172Val Loss: 0.0016060311   LR: 1.00e-04
Epoch 537/2000 Train Loss: 0.0023493191Val Loss: 0.0017372389   LR: 1.00e-04
Epoch 538/2000 Train Loss: 0.0029487648Val Loss: 0.0021294776   LR: 1.00e-04
Epoch 539/2000 Train Loss: 0.0029436511Val Loss: 0.0017241777   LR: 1.00e-04
Epoch 540/2000 Train Loss: 0.0029229653Val Loss: 0.0028370319   LR: 1.00e-04
Epoch 541/2000 Train Loss: 0.0028614780Val Loss: 0.0016467409   LR: 1.00e-04
Epoch 542/2000 Train Loss: 0.0027145265Val Loss: 0.0024021324   LR: 1.00e-04
Epoch 543/2000 Train Loss: 0.0029463337Val Loss: 0.0016380033   LR: 1.00e-04
Epoch 544/2000 Train Loss: 0.0028935036Val Loss: 0.0015388060   LR: 1.00e-04
Epoch 545/2000 Train Loss: 0.0026306706Val Loss: 0.0017636308   LR: 1.00e-04
Epoch 546/2000 Train Loss: 0.0026476624Val Loss: 0.0016635956   LR: 1.00e-04
Epoch 547/2000 Train Loss: 0.0029482945Val Loss: 0.0016105776   LR: 1.00e-04
Epoch 548/2000 Train Loss: 0.0028001961Val Loss: 0.0016244946   LR: 1.00e-04
Epoch 549/2000 Train Loss: 0.0030234703Val Loss: 0.0015930922   LR: 1.00e-04
Epoch 550/2000 Train Loss: 0.0025950623Val Loss: 0.0015817431   LR: 1.00e-04
Epoch 551/2000 Train Loss: 0.0031092538Val Loss: 0.0020719574   LR: 1.00e-04
Epoch 552/2000 Train Loss: 0.0028974929Val Loss: 0.0018294026   LR: 1.00e-04
Epoch 553/2000 Train Loss: 0.0029613597Val Loss: 0.0019577305   LR: 1.00e-04
Epoch 554/2000 Train Loss: 0.0024844805Val Loss: 0.0017484430   LR: 1.00e-04
Epoch 555/2000 Train Loss: 0.0028829040Val Loss: 0.0016164441   LR: 1.00e-04
Epoch 556/2000 Train Loss: 0.0026226818Val Loss: 0.0016883566   LR: 1.00e-04
Epoch 557/2000 Train Loss: 0.0025773467Val Loss: 0.0016356128   LR: 1.00e-04
Epoch 558/2000 Train Loss: 0.0027786229Val Loss: 0.0040128696   LR: 1.00e-04
Epoch 559/2000 Train Loss: 0.0029705013Val Loss: 0.0017207451   LR: 1.00e-04
Epoch 560/2000 Train Loss: 0.0026226575Val Loss: 0.0016188344   LR: 1.00e-04
Epoch 561/2000 Train Loss: 0.0028435350Val Loss: 0.0018769183   LR: 1.00e-04
Epoch 562/2000 Train Loss: 0.0025714765Val Loss: 0.0015497900   LR: 1.00e-04
Epoch 563/2000 Train Loss: 0.0026443081Val Loss: 0.0016318853   LR: 1.00e-04
Epoch 564/2000 Train Loss: 0.0025748500Val Loss: 0.0017653621   LR: 1.00e-04
Epoch 565/2000 Train Loss: 0.0027736887Val Loss: 0.0017843762   LR: 1.00e-04
Epoch 566/2000 Train Loss: 0.0026777904Val Loss: 0.0020135851   LR: 1.00e-04
Epoch 567/2000 Train Loss: 0.0028753553Val Loss: 0.0015563939   LR: 1.00e-04
Epoch 568/2000 Train Loss: 0.0028004993Val Loss: 0.0016490478   LR: 1.00e-04
Epoch 569/2000 Train Loss: 0.0028804156Val Loss: 0.0015969822   LR: 1.00e-04
Epoch 570/2000 Train Loss: 0.0028970811Val Loss: 0.0016089366   LR: 1.00e-04
Epoch 571/2000 Train Loss: 0.0028032420Val Loss: 0.0018210602   LR: 1.00e-04
Epoch 572/2000 Train Loss: 0.0027923291Val Loss: 0.0022472121   LR: 1.00e-04
Epoch 573/2000 Train Loss: 0.0027383409Val Loss: 0.0016863023   LR: 1.00e-04
Epoch 574/2000 Train Loss: 0.0030462148Val Loss: 0.0016971271   LR: 1.00e-04
Epoch 575/2000 Train Loss: 0.0027934912Val Loss: 0.0018944015   LR: 1.00e-04
Epoch 576/2000 Train Loss: 0.0027842635Val Loss: 0.0015155680   LR: 1.00e-04
Epoch 577/2000 Train Loss: 0.0027532291Val Loss: 0.0015582247   LR: 1.00e-04
Epoch 578/2000 Train Loss: 0.0027688181Val Loss: 0.0027809237   LR: 1.00e-04
Epoch 579/2000 Train Loss: 0.0030591126Val Loss: 0.0016357541   LR: 1.00e-04
Epoch 580/2000 Train Loss: 0.0030114502Val Loss: 0.0016695271   LR: 1.00e-04
Epoch 581/2000 Train Loss: 0.0027944801Val Loss: 0.0021344210   LR: 1.00e-04
Epoch 582/2000 Train Loss: 0.0026562269Val Loss: 0.0016144388   LR: 1.00e-04
Epoch 583/2000 Train Loss: 0.0027653295Val Loss: 0.0015758656   LR: 1.00e-04
Epoch 584/2000 Train Loss: 0.0027476007Val Loss: 0.0018659620   LR: 1.00e-04
Epoch 585/2000 Train Loss: 0.0027407862Val Loss: 0.0017594136   LR: 1.00e-04
Epoch 586/2000 Train Loss: 0.0026324980Val Loss: 0.0016160161   LR: 1.00e-04
Epoch 587/2000 Train Loss: 0.0027757955Val Loss: 0.0020585910   LR: 1.00e-04
Epoch 588/2000 Train Loss: 0.0024239869Val Loss: 0.0020802333   LR: 1.00e-04
Epoch 589/2000 Train Loss: 0.0027164582Val Loss: 0.0016633625   LR: 1.00e-04
Epoch 590/2000 Train Loss: 0.0026330691Val Loss: 0.0015195476   LR: 1.00e-04
Epoch 591/2000 Train Loss: 0.0025636229Val Loss: 0.0020391391   LR: 1.00e-04
Epoch 592/2000 Train Loss: 0.0026150960Val Loss: 0.0015514640   LR: 1.00e-04
Epoch 593/2000 Train Loss: 0.0025687726Val Loss: 0.0024106971   LR: 1.00e-04
Epoch 594/2000 Train Loss: 0.0025015082Val Loss: 0.0019702687   LR: 1.00e-04
Epoch 595/2000 Train Loss: 0.0027160708Val Loss: 0.0016256149   LR: 1.00e-04
Epoch 596/2000 Train Loss: 0.0028401127Val Loss: 0.0024951157   LR: 1.00e-04
Epoch 597/2000 Train Loss: 0.0025931381Val Loss: 0.0016568073   LR: 1.00e-04
Epoch 598/2000 Train Loss: 0.0027195711Val Loss: 0.0027846815   LR: 1.00e-04
Epoch 599/2000 Train Loss: 0.0027651334Val Loss: 0.0022097746   LR: 1.00e-04
Epoch 600/2000 Train Loss: 0.0027882941Val Loss: 0.0021575991   LR: 1.00e-04
Epoch 601/2000 Train Loss: 0.0026733064Val Loss: 0.0015845647   LR: 1.00e-04
Epoch 602/2000 Train Loss: 0.0031730620Val Loss: 0.0043095765   LR: 1.00e-04
Epoch 603/2000 Train Loss: 0.0031429255Val Loss: 0.0019057267   LR: 1.00e-04
Epoch 604/2000 Train Loss: 0.0028100352Val Loss: 0.0017292096   LR: 1.00e-04
Epoch 605/2000 Train Loss: 0.0030347951Val Loss: 0.0017654091   LR: 1.00e-04
Epoch 606/2000 Train Loss: 0.0025659170Val Loss: 0.0016299457   LR: 1.00e-04
Epoch 607/2000 Train Loss: 0.0026112853Val Loss: 0.0017796719   LR: 1.00e-04
Epoch 608/2000 Train Loss: 0.0027287750Val Loss: 0.0018350040   LR: 1.00e-04
Epoch 609/2000 Train Loss: 0.0025141010Val Loss: 0.0016578814   LR: 1.00e-04
Epoch 610/2000 Train Loss: 0.0028607269Val Loss: 0.0018204746   LR: 1.00e-04
Epoch 611/2000 Train Loss: 0.0030702216Val Loss: 0.0024137774   LR: 1.00e-04
Epoch 612/2000 Train Loss: 0.0025504782Val Loss: 0.0036994215   LR: 1.00e-04
Epoch 613/2000 Train Loss: 0.0027403424Val Loss: 0.0017802493   LR: 1.00e-04
Epoch 614/2000 Train Loss: 0.0026546649Val Loss: 0.0018293368   LR: 1.00e-04
Epoch 615/2000 Train Loss: 0.0032012208Val Loss: 0.0016590286   LR: 1.00e-04
Epoch 616/2000 Train Loss: 0.0026422966Val Loss: 0.0018448063   LR: 1.00e-04
Epoch 617/2000 Train Loss: 0.0029674097Val Loss: 0.0015812246   LR: 1.00e-04
Epoch 618/2000 Train Loss: 0.0028648361Val Loss: 0.0015574247   LR: 1.00e-04
Epoch 619/2000 Train Loss: 0.0025553568Val Loss: 0.0016165862   LR: 1.00e-04
Epoch 620/2000 Train Loss: 0.0029956366Val Loss: 0.0022099642   LR: 1.00e-04
Epoch 621/2000 Train Loss: 0.0025279593Val Loss: 0.0018687853   LR: 1.00e-04
Epoch 622/2000 Train Loss: 0.0026551186Val Loss: 0.0016397698   LR: 1.00e-04
Epoch 623/2000 Train Loss: 0.0029267765Val Loss: 0.0028125276   LR: 1.00e-04
Epoch 624/2000 Train Loss: 0.0027549822Val Loss: 0.0022507705   LR: 1.00e-04
Epoch 625/2000 Train Loss: 0.0028310626Val Loss: 0.0016090192   LR: 1.00e-04
Epoch 626/2000 Train Loss: 0.0026251687Val Loss: 0.0017076976   LR: 1.00e-04
Epoch 627/2000 Train Loss: 0.0027948027Val Loss: 0.0018890275   LR: 1.00e-04
Epoch 628/2000 Train Loss: 0.0024856349Val Loss: 0.0016447227   LR: 1.00e-04
Epoch 629/2000 Train Loss: 0.0027330521Val Loss: 0.0017333135   LR: 1.00e-04
Epoch 630/2000 Train Loss: 0.0030428641Val Loss: 0.0015425458   LR: 1.00e-04
Epoch 631/2000 Train Loss: 0.0028433727Val Loss: 0.0017168560   LR: 1.00e-04
Epoch 632/2000 Train Loss: 0.0026529938Val Loss: 0.0021901462   LR: 1.00e-04
Epoch 633/2000 Train Loss: 0.0029896827Val Loss: 0.0022462247   LR: 1.00e-04
Epoch 634/2000 Train Loss: 0.0027429921Val Loss: 0.0016262725   LR: 1.00e-04
Epoch 635/2000 Train Loss: 0.0024039090Val Loss: 0.0016670190   LR: 1.00e-04
Epoch 636/2000 Train Loss: 0.0025328132Val Loss: 0.0016026719   LR: 1.00e-04
Epoch 637/2000 Train Loss: 0.0025300662Val Loss: 0.0016017613   LR: 1.00e-04
Epoch 638/2000 Train Loss: 0.0024268698Val Loss: 0.0016742968   LR: 1.00e-04
Epoch 639/2000 Train Loss: 0.0024135159Val Loss: 0.0018821718   LR: 1.00e-04
Epoch 640/2000 Train Loss: 0.0028427090Val Loss: 0.0018104856   LR: 1.00e-04
Epoch 641/2000 Train Loss: 0.0026011067Val Loss: 0.0018249093   LR: 1.00e-04
Epoch 642/2000 Train Loss: 0.0025952312Val Loss: 0.0023819105   LR: 1.00e-04
Epoch 643/2000 Train Loss: 0.0028433770Val Loss: 0.0021382279   LR: 1.00e-04
Epoch 644/2000 Train Loss: 0.0025769553Val Loss: 0.0018947257   LR: 1.00e-04
Epoch 645/2000 Train Loss: 0.0026472811Val Loss: 0.0024182024   LR: 1.00e-04
Epoch 646/2000 Train Loss: 0.0031791816Val Loss: 0.0017208213   LR: 1.00e-04
Epoch 647/2000 Train Loss: 0.0026012438Val Loss: 0.0022432336   LR: 1.00e-04
Epoch 648/2000 Train Loss: 0.0032218435Val Loss: 0.0016683047   LR: 1.00e-04
Epoch 649/2000 Train Loss: 0.0025697974Val Loss: 0.0016898197   LR: 1.00e-04
Epoch 650/2000 Train Loss: 0.0025562807Val Loss: 0.0016050685   LR: 1.00e-04
Epoch 651/2000 Train Loss: 0.0027846409Val Loss: 0.0016190067   LR: 1.00e-04
Epoch 652/2000 Train Loss: 0.0026930742Val Loss: 0.0023185875   LR: 1.00e-04
Epoch 653/2000 Train Loss: 0.0028488833Val Loss: 0.0016262680   LR: 1.00e-04
Epoch 654/2000 Train Loss: 0.0026056968Val Loss: 0.0017429217   LR: 1.00e-04
Epoch 655/2000 Train Loss: 0.0023682465Val Loss: 0.0019497682   LR: 1.00e-04
Epoch 656/2000 Train Loss: 0.0024958975Val Loss: 0.0022261768   LR: 1.00e-04
Epoch 657/2000 Train Loss: 0.0026244278Val Loss: 0.0018770917   LR: 1.00e-04
Epoch 658/2000 Train Loss: 0.0027633717Val Loss: 0.0018891436   LR: 1.00e-04
Epoch 659/2000 Train Loss: 0.0028298728Val Loss: 0.0015457155   LR: 1.00e-04
Epoch 660/2000 Train Loss: 0.0027915099Val Loss: 0.0015470029   LR: 1.00e-04
Epoch 661/2000 Train Loss: 0.0028185771Val Loss: 0.0020576856   LR: 1.00e-04
Epoch 662/2000 Train Loss: 0.0026221206Val Loss: 0.0021943230   LR: 1.00e-04
Epoch 663/2000 Train Loss: 0.0027607007Val Loss: 0.0025538417   LR: 1.00e-04
Epoch 664/2000 Train Loss: 0.0027685831Val Loss: 0.0016196373   LR: 1.00e-04
Epoch 665/2000 Train Loss: 0.0027178525Val Loss: 0.0016350359   LR: 1.00e-04
Epoch 666/2000 Train Loss: 0.0025960851Val Loss: 0.0019528978   LR: 1.00e-04
Epoch 667/2000 Train Loss: 0.0024123756Val Loss: 0.0015616537   LR: 1.00e-04
Epoch 668/2000 Train Loss: 0.0023795291Val Loss: 0.0015768844   LR: 1.00e-04
Epoch 669/2000 Train Loss: 0.0027552937Val Loss: 0.0015880184   LR: 1.00e-04
Epoch 670/2000 Train Loss: 0.0029352718Val Loss: 0.0015313948   LR: 1.00e-04
Epoch 671/2000 Train Loss: 0.0023945669Val Loss: 0.0015794148   LR: 1.00e-04
Epoch 672/2000 Train Loss: 0.0026019940Val Loss: 0.0015839850   LR: 1.00e-04
Epoch 673/2000 Train Loss: 0.0031679367Val Loss: 0.0018769643   LR: 1.00e-04
Epoch 674/2000 Train Loss: 0.0026914671Val Loss: 0.0017602063   LR: 1.00e-04
Epoch 675/2000 Train Loss: 0.0024110733Val Loss: 0.0015123183   LR: 1.00e-04
Epoch 676/2000 Train Loss: 0.0025145513Val Loss: 0.0015407482   LR: 1.00e-04
Epoch 677/2000 Train Loss: 0.0024394270Val Loss: 0.0015558065   LR: 1.00e-04
Epoch 678/2000 Train Loss: 0.0026869655Val Loss: 0.0015823128   LR: 1.00e-04
Epoch 679/2000 Train Loss: 0.0025585946Val Loss: 0.0015347274   LR: 1.00e-04
Epoch 680/2000 Train Loss: 0.0025569092Val Loss: 0.0022442597   LR: 1.00e-04
Epoch 681/2000 Train Loss: 0.0026638388Val Loss: 0.0015549841   LR: 1.00e-04
Epoch 682/2000 Train Loss: 0.0023806422Val Loss: 0.0021812245   LR: 1.00e-04
Epoch 683/2000 Train Loss: 0.0026649591Val Loss: 0.0016636948   LR: 1.00e-04
Epoch 684/2000 Train Loss: 0.0023691941Val Loss: 0.0014720643   LR: 1.00e-04
Epoch 685/2000 Train Loss: 0.0023822770Val Loss: 0.0017874498   LR: 1.00e-04
Epoch 686/2000 Train Loss: 0.0026384036Val Loss: 0.0015165912   LR: 1.00e-04
Epoch 687/2000 Train Loss: 0.0023132316Val Loss: 0.0017000057   LR: 1.00e-04
Epoch 688/2000 Train Loss: 0.0026612634Val Loss: 0.0018506958   LR: 1.00e-04
Epoch 689/2000 Train Loss: 0.0025153130Val Loss: 0.0016242517   LR: 1.00e-04
Epoch 690/2000 Train Loss: 0.0023725862Val Loss: 0.0017560728   LR: 1.00e-04
Epoch 691/2000 Train Loss: 0.0029123232Val Loss: 0.0016584109   LR: 1.00e-04
Epoch 692/2000 Train Loss: 0.0026239114Val Loss: 0.0015125734   LR: 1.00e-04
Epoch 693/2000 Train Loss: 0.0026988361Val Loss: 0.0022784299   LR: 1.00e-04
Epoch 694/2000 Train Loss: 0.0024629731Val Loss: 0.0015090964   LR: 1.00e-04
Epoch 695/2000 Train Loss: 0.0026881300Val Loss: 0.0020289737   LR: 1.00e-04
Epoch 696/2000 Train Loss: 0.0025194942Val Loss: 0.0017355359   LR: 1.00e-04
Epoch 697/2000 Train Loss: 0.0026963910Val Loss: 0.0015648615   LR: 1.00e-04
Epoch 698/2000 Train Loss: 0.0025947162Val Loss: 0.0018160045   LR: 1.00e-04
Epoch 699/2000 Train Loss: 0.0026468831Val Loss: 0.0017751407   LR: 1.00e-04
Epoch 700/2000 Train Loss: 0.0024592668Val Loss: 0.0015503229   LR: 1.00e-04
Epoch 701/2000 Train Loss: 0.0025571119Val Loss: 0.0020001323   LR: 1.00e-04
Epoch 702/2000 Train Loss: 0.0025350273Val Loss: 0.0016934320   LR: 1.00e-04
Epoch 703/2000 Train Loss: 0.0025760941Val Loss: 0.0021884667   LR: 1.00e-04
Epoch 704/2000 Train Loss: 0.0024835414Val Loss: 0.0016777591   LR: 1.00e-04
Epoch 705/2000 Train Loss: 0.0029274060Val Loss: 0.0017801486   LR: 1.00e-04
Epoch 706/2000 Train Loss: 0.0027136806Val Loss: 0.0023222225   LR: 1.00e-04
Epoch 707/2000 Train Loss: 0.0028127684Val Loss: 0.0015742376   LR: 1.00e-04
Epoch 708/2000 Train Loss: 0.0026987820Val Loss: 0.0014701868   LR: 1.00e-04
Epoch 709/2000 Train Loss: 0.0026373630Val Loss: 0.0018483858   LR: 1.00e-04
Epoch 710/2000 Train Loss: 0.0023663346Val Loss: 0.0014579048   LR: 1.00e-04
Epoch 711/2000 Train Loss: 0.0028426706Val Loss: 0.0016398002   LR: 1.00e-04
Epoch 712/2000 Train Loss: 0.0026846427Val Loss: 0.0036423195   LR: 1.00e-04
Epoch 713/2000 Train Loss: 0.0028549139Val Loss: 0.0016515464   LR: 1.00e-04
Epoch 714/2000 Train Loss: 0.0027282313Val Loss: 0.0035171523   LR: 1.00e-04
Epoch 715/2000 Train Loss: 0.0029457519Val Loss: 0.0025676418   LR: 1.00e-04
Epoch 716/2000 Train Loss: 0.0025000016Val Loss: 0.0019464147   LR: 1.00e-04
Epoch 717/2000 Train Loss: 0.0025542325Val Loss: 0.0030109266   LR: 1.00e-04
Epoch 718/2000 Train Loss: 0.0026685598Val Loss: 0.0015377053   LR: 1.00e-04
Epoch 719/2000 Train Loss: 0.0022081255Val Loss: 0.0026820090   LR: 1.00e-04
Epoch 720/2000 Train Loss: 0.0026671564Val Loss: 0.0014898163   LR: 1.00e-04
Epoch 721/2000 Train Loss: 0.0025815702Val Loss: 0.0016990225   LR: 1.00e-04
Epoch 722/2000 Train Loss: 0.0026448723Val Loss: 0.0015384216   LR: 1.00e-04
Epoch 723/2000 Train Loss: 0.0022483090Val Loss: 0.0018310082   LR: 1.00e-04
Epoch 724/2000 Train Loss: 0.0027018583Val Loss: 0.0019458701   LR: 1.00e-04
Epoch 725/2000 Train Loss: 0.0024654576Val Loss: 0.0015819346   LR: 1.00e-04
Epoch 726/2000 Train Loss: 0.0026344024Val Loss: 0.0015563377   LR: 1.00e-04
Epoch 727/2000 Train Loss: 0.0028449097Val Loss: 0.0016325662   LR: 1.00e-04
Epoch 728/2000 Train Loss: 0.0027577109Val Loss: 0.0020685121   LR: 1.00e-04
Epoch 729/2000 Train Loss: 0.0023575227Val Loss: 0.0018045406   LR: 1.00e-04
Epoch 730/2000 Train Loss: 0.0026605721Val Loss: 0.0018339466   LR: 1.00e-04
Epoch 731/2000 Train Loss: 0.0025143318Val Loss: 0.0015570032   LR: 1.00e-04
Epoch 732/2000 Train Loss: 0.0026280781Val Loss: 0.0024466534   LR: 1.00e-04
Epoch 733/2000 Train Loss: 0.0027369315Val Loss: 0.0015383546   LR: 1.00e-04
Epoch 734/2000 Train Loss: 0.0023979918Val Loss: 0.0015236665   LR: 1.00e-04
Epoch 735/2000 Train Loss: 0.0026767074Val Loss: 0.0020221238   LR: 1.00e-04
Epoch 736/2000 Train Loss: 0.0028187618Val Loss: 0.0015286656   LR: 1.00e-04
Epoch 737/2000 Train Loss: 0.0025706453Val Loss: 0.0022452248   LR: 1.00e-04
Epoch 738/2000 Train Loss: 0.0027008192Val Loss: 0.0017960251   LR: 1.00e-04
Epoch 739/2000 Train Loss: 0.0026024669Val Loss: 0.0014998976   LR: 1.00e-04
Epoch 740/2000 Train Loss: 0.0028070876Val Loss: 0.0016307966   LR: 1.00e-04
Epoch 741/2000 Train Loss: 0.0030456003Val Loss: 0.0020224864   LR: 1.00e-04
Epoch 742/2000 Train Loss: 0.0025562176Val Loss: 0.0016171820   LR: 1.00e-04
Epoch 743/2000 Train Loss: 0.0024981772Val Loss: 0.0015025634   LR: 1.00e-04
Epoch 744/2000 Train Loss: 0.0026018385Val Loss: 0.0024897793   LR: 1.00e-04
Epoch 745/2000 Train Loss: 0.0026668773Val Loss: 0.0020006601   LR: 1.00e-04
Epoch 746/2000 Train Loss: 0.0025759321Val Loss: 0.0014558983   LR: 1.00e-04
Epoch 747/2000 Train Loss: 0.0026731185Val Loss: 0.0017458443   LR: 1.00e-04
Epoch 748/2000 Train Loss: 0.0027299184Val Loss: 0.0015814134   LR: 1.00e-04
Epoch 749/2000 Train Loss: 0.0027261484Val Loss: 0.0023671757   LR: 1.00e-04
Epoch 750/2000 Train Loss: 0.0026349488Val Loss: 0.0019819789   LR: 1.00e-04
Epoch 751/2000 Train Loss: 0.0025518886Val Loss: 0.0016269289   LR: 1.00e-04
Epoch 752/2000 Train Loss: 0.0025117128Val Loss: 0.0021649249   LR: 1.00e-04
Epoch 753/2000 Train Loss: 0.0025570717Val Loss: 0.0014982978   LR: 1.00e-04
Epoch 754/2000 Train Loss: 0.0025553746Val Loss: 0.0017131579   LR: 1.00e-04
Epoch 755/2000 Train Loss: 0.0024560368Val Loss: 0.0017108668   LR: 1.00e-04
Epoch 756/2000 Train Loss: 0.0024061935Val Loss: 0.0015188599   LR: 1.00e-04
Epoch 757/2000 Train Loss: 0.0024456916Val Loss: 0.0015481769   LR: 1.00e-04
Epoch 758/2000 Train Loss: 0.0022335467Val Loss: 0.0016346295   LR: 1.00e-04
Epoch 759/2000 Train Loss: 0.0025578072Val Loss: 0.0014416683   LR: 1.00e-04
Epoch 760/2000 Train Loss: 0.0024072436Val Loss: 0.0015660204   LR: 1.00e-04
Epoch 761/2000 Train Loss: 0.0026372457Val Loss: 0.0014963936   LR: 1.00e-04
Epoch 762/2000 Train Loss: 0.0026526487Val Loss: 0.0016293935   LR: 1.00e-04
Epoch 763/2000 Train Loss: 0.0024774191Val Loss: 0.0018817751   LR: 1.00e-04
Epoch 764/2000 Train Loss: 0.0024613895Val Loss: 0.0016534087   LR: 1.00e-04
Epoch 765/2000 Train Loss: 0.0025838809Val Loss: 0.0016239521   LR: 1.00e-04
Epoch 766/2000 Train Loss: 0.0021986627Val Loss: 0.0015844340   LR: 1.00e-04
Epoch 767/2000 Train Loss: 0.0025517235Val Loss: 0.0015124763   LR: 1.00e-04
Epoch 768/2000 Train Loss: 0.0027423767Val Loss: 0.0024740438   LR: 1.00e-04
Epoch 769/2000 Train Loss: 0.0026394332Val Loss: 0.0018051713   LR: 1.00e-04
Epoch 770/2000 Train Loss: 0.0023168890Val Loss: 0.0015298243   LR: 1.00e-04
Epoch 771/2000 Train Loss: 0.0023630291Val Loss: 0.0017704664   LR: 1.00e-04
Epoch 772/2000 Train Loss: 0.0026161048Val Loss: 0.0016741344   LR: 1.00e-04
Epoch 773/2000 Train Loss: 0.0025334128Val Loss: 0.0015291010   LR: 1.00e-04
Epoch 774/2000 Train Loss: 0.0022310173Val Loss: 0.0017566854   LR: 1.00e-04
Epoch 775/2000 Train Loss: 0.0028411045Val Loss: 0.0016714192   LR: 1.00e-04
Epoch 776/2000 Train Loss: 0.0027426323Val Loss: 0.0015673175   LR: 1.00e-04
Epoch 777/2000 Train Loss: 0.0023916139Val Loss: 0.0015922884   LR: 1.00e-04
Epoch 778/2000 Train Loss: 0.0026587595Val Loss: 0.0014991569   LR: 1.00e-04
Epoch 779/2000 Train Loss: 0.0026015267Val Loss: 0.0016260422   LR: 1.00e-04
Epoch 780/2000 Train Loss: 0.0027520906Val Loss: 0.0019441479   LR: 1.00e-04
Epoch 781/2000 Train Loss: 0.0027424551Val Loss: 0.0019791238   LR: 1.00e-04
Epoch 782/2000 Train Loss: 0.0028312822Val Loss: 0.0017473586   LR: 1.00e-04
Epoch 783/2000 Train Loss: 0.0026837275Val Loss: 0.0014649221   LR: 1.00e-04
Epoch 784/2000 Train Loss: 0.0025609357Val Loss: 0.0023675851   LR: 1.00e-04
Epoch 785/2000 Train Loss: 0.0026051364Val Loss: 0.0015706585   LR: 1.00e-04
Epoch 786/2000 Train Loss: 0.0026926052Val Loss: 0.0015408621   LR: 1.00e-04
Epoch 787/2000 Train Loss: 0.0024507782Val Loss: 0.0015801647   LR: 1.00e-04
Epoch 788/2000 Train Loss: 0.0024670631Val Loss: 0.0017034126   LR: 1.00e-04
Epoch 789/2000 Train Loss: 0.0022303733Val Loss: 0.0014699220   LR: 1.00e-04
Epoch 790/2000 Train Loss: 0.0023693941Val Loss: 0.0016866807   LR: 1.00e-04
Epoch 791/2000 Train Loss: 0.0027562358Val Loss: 0.0015557953   LR: 1.00e-04
Epoch 792/2000 Train Loss: 0.0024610500Val Loss: 0.0017335934   LR: 1.00e-04
Epoch 793/2000 Train Loss: 0.0023661983Val Loss: 0.0014759093   LR: 1.00e-04
Epoch 794/2000 Train Loss: 0.0023860690Val Loss: 0.0016386116   LR: 1.00e-04
Epoch 795/2000 Train Loss: 0.0023907122Val Loss: 0.0015939949   LR: 1.00e-04
Epoch 796/2000 Train Loss: 0.0024066565Val Loss: 0.0016164123   LR: 1.00e-04
Epoch 797/2000 Train Loss: 0.0021976563Val Loss: 0.0016288405   LR: 1.00e-04
Epoch 798/2000 Train Loss: 0.0023198896Val Loss: 0.0016942086   LR: 1.00e-04
Epoch 799/2000 Train Loss: 0.0023398971Val Loss: 0.0016081324   LR: 1.00e-04
Epoch 800/2000 Train Loss: 0.0026305686Val Loss: 0.0019667612   LR: 1.00e-04
Epoch 801/2000 Train Loss: 0.0025715234Val Loss: 0.0015373161   LR: 1.00e-04
Epoch 802/2000 Train Loss: 0.0026805532Val Loss: 0.0016056745   LR: 1.00e-04
Epoch 803/2000 Train Loss: 0.0027302003Val Loss: 0.0014873423   LR: 1.00e-04
Epoch 804/2000 Train Loss: 0.0024127885Val Loss: 0.0017693329   LR: 1.00e-04
Epoch 805/2000 Train Loss: 0.0024942898Val Loss: 0.0017266081   LR: 1.00e-04
Epoch 806/2000 Train Loss: 0.0022334284Val Loss: 0.0017984946   LR: 1.00e-04
Epoch 807/2000 Train Loss: 0.0024251800Val Loss: 0.0015419221   LR: 1.00e-04
Epoch 808/2000 Train Loss: 0.0026952776Val Loss: 0.0015507068   LR: 1.00e-04
Epoch 809/2000 Train Loss: 0.0025009881Val Loss: 0.0018358110   LR: 1.00e-04
Epoch 810/2000 Train Loss: 0.0025130532Val Loss: 0.0015830003   LR: 1.00e-04
Epoch 811/2000 Train Loss: 0.0025186308Val Loss: 0.0019636319   LR: 1.00e-04
Epoch 812/2000 Train Loss: 0.0025755791Val Loss: 0.0015546464   LR: 1.00e-04
Epoch 813/2000 Train Loss: 0.0022897806Val Loss: 0.0014681093   LR: 1.00e-04
Epoch 814/2000 Train Loss: 0.0025218571Val Loss: 0.0014803060   LR: 1.00e-04
Epoch 815/2000 Train Loss: 0.0022657679Val Loss: 0.0026067402   LR: 1.00e-04
Epoch 816/2000 Train Loss: 0.0024424507Val Loss: 0.0014539941   LR: 1.00e-04
Epoch 817/2000 Train Loss: 0.0027136241Val Loss: 0.0017481256   LR: 1.00e-04
Epoch 818/2000 Train Loss: 0.0026928540Val Loss: 0.0014042217   LR: 1.00e-04
Epoch 819/2000 Train Loss: 0.0024141328Val Loss: 0.0024305966   LR: 1.00e-04
Epoch 820/2000 Train Loss: 0.0026366871Val Loss: 0.0022663801   LR: 1.00e-04
Epoch 821/2000 Train Loss: 0.0024153517Val Loss: 0.0017563124   LR: 1.00e-04
Epoch 822/2000 Train Loss: 0.0025025950Val Loss: 0.0016287788   LR: 1.00e-04
Epoch 823/2000 Train Loss: 0.0022967867Val Loss: 0.0015206978   LR: 1.00e-04
Epoch 824/2000 Train Loss: 0.0027026909Val Loss: 0.0015185604   LR: 1.00e-04
Epoch 825/2000 Train Loss: 0.0026225256Val Loss: 0.0016595223   LR: 1.00e-04
Epoch 826/2000 Train Loss: 0.0029489501Val Loss: 0.0024747922   LR: 1.00e-04
Epoch 827/2000 Train Loss: 0.0027261148Val Loss: 0.0015223349   LR: 1.00e-04
Epoch 828/2000 Train Loss: 0.0024039127Val Loss: 0.0016279445   LR: 1.00e-04
Epoch 829/2000 Train Loss: 0.0024269790Val Loss: 0.0018319676   LR: 1.00e-04
Epoch 830/2000 Train Loss: 0.0025567098Val Loss: 0.0016800471   LR: 1.00e-04
Epoch 831/2000 Train Loss: 0.0022965436Val Loss: 0.0016778706   LR: 1.00e-04
Epoch 832/2000 Train Loss: 0.0026384422Val Loss: 0.0019590421   LR: 1.00e-04
Epoch 833/2000 Train Loss: 0.0025494404Val Loss: 0.0015051589   LR: 1.00e-04
Epoch 834/2000 Train Loss: 0.0024633840Val Loss: 0.0016144842   LR: 1.00e-04
Epoch 835/2000 Train Loss: 0.0023208598Val Loss: 0.0015550524   LR: 1.00e-04
Epoch 836/2000 Train Loss: 0.0024743180Val Loss: 0.0014407788   LR: 1.00e-04
Epoch 837/2000 Train Loss: 0.0025855422Val Loss: 0.0025268496   LR: 1.00e-04
Epoch 838/2000 Train Loss: 0.0025956820Val Loss: 0.0020385456   LR: 1.00e-04
Epoch 839/2000 Train Loss: 0.0023424815Val Loss: 0.0014662486   LR: 1.00e-04
Epoch 840/2000 Train Loss: 0.0025483210Val Loss: 0.0016495938   LR: 1.00e-04
Epoch 841/2000 Train Loss: 0.0022351442Val Loss: 0.0016147860   LR: 1.00e-04
Epoch 842/2000 Train Loss: 0.0028231905Val Loss: 0.0025064150   LR: 1.00e-04
Epoch 843/2000 Train Loss: 0.0026413758Val Loss: 0.0018325753   LR: 1.00e-04
Epoch 844/2000 Train Loss: 0.0023446164Val Loss: 0.0017081389   LR: 1.00e-04
Epoch 845/2000 Train Loss: 0.0026017368Val Loss: 0.0016753648   LR: 1.00e-04
Epoch 846/2000 Train Loss: 0.0025340925Val Loss: 0.0015814493   LR: 1.00e-04
Epoch 847/2000 Train Loss: 0.0024899671Val Loss: 0.0014324443   LR: 1.00e-04
Epoch 848/2000 Train Loss: 0.0023827459Val Loss: 0.0014519344   LR: 1.00e-04
Epoch 849/2000 Train Loss: 0.0025448637Val Loss: 0.0016204558   LR: 1.00e-04
Epoch 850/2000 Train Loss: 0.0024671251Val Loss: 0.0014599031   LR: 1.00e-04
Epoch 851/2000 Train Loss: 0.0026627119Val Loss: 0.0021208222   LR: 1.00e-04
Epoch 852/2000 Train Loss: 0.0024196672Val Loss: 0.0018393399   LR: 1.00e-04
Epoch 853/2000 Train Loss: 0.0025751653Val Loss: 0.0024375473   LR: 1.00e-04
Epoch 854/2000 Train Loss: 0.0024359162Val Loss: 0.0015330431   LR: 1.00e-04
Epoch 855/2000 Train Loss: 0.0024795208Val Loss: 0.0015813927   LR: 1.00e-04
Epoch 856/2000 Train Loss: 0.0023808448Val Loss: 0.0015312757   LR: 1.00e-04
Epoch 857/2000 Train Loss: 0.0023835358Val Loss: 0.0019074244   LR: 1.00e-04
Epoch 858/2000 Train Loss: 0.0027308248Val Loss: 0.0021676204   LR: 1.00e-04
Epoch 859/2000 Train Loss: 0.0024851250Val Loss: 0.0016262587   LR: 1.00e-04
Epoch 860/2000 Train Loss: 0.0026129899Val Loss: 0.0025475256   LR: 1.00e-04
Epoch 861/2000 Train Loss: 0.0025021834Val Loss: 0.0014458619   LR: 1.00e-04
Epoch 862/2000 Train Loss: 0.0024377341Val Loss: 0.0014391337   LR: 1.00e-04
Epoch 863/2000 Train Loss: 0.0023501277Val Loss: 0.0017544439   LR: 1.00e-04
Epoch 864/2000 Train Loss: 0.0027491190Val Loss: 0.0015343252   LR: 1.00e-04
Epoch 865/2000 Train Loss: 0.0026773820Val Loss: 0.0018941434   LR: 1.00e-04
Epoch 866/2000 Train Loss: 0.0026939407Val Loss: 0.0014886197   LR: 1.00e-04
Epoch 867/2000 Train Loss: 0.0025895050Val Loss: 0.0019165121   LR: 1.00e-04
Epoch 868/2000 Train Loss: 0.0024143486Val Loss: 0.0017246747   LR: 1.00e-04
Epoch 869/2000 Train Loss: 0.0023796446Val Loss: 0.0015004216   LR: 1.00e-04
Epoch 870/2000 Train Loss: 0.0024387819Val Loss: 0.0014906067   LR: 1.00e-04
Epoch 871/2000 Train Loss: 0.0024752291Val Loss: 0.0016797632   LR: 1.00e-04
Epoch 872/2000 Train Loss: 0.0024836765Val Loss: 0.0019371377   LR: 1.00e-04
Epoch 873/2000 Train Loss: 0.0025983954Val Loss: 0.0014588753   LR: 1.00e-04
Epoch 874/2000 Train Loss: 0.0023261816Val Loss: 0.0015371493   LR: 1.00e-04
Epoch 875/2000 Train Loss: 0.0025148075Val Loss: 0.0016096090   LR: 1.00e-04
Epoch 876/2000 Train Loss: 0.0023445066Val Loss: 0.0016711361   LR: 1.00e-04
Epoch 877/2000 Train Loss: 0.0026694193Val Loss: 0.0015787988   LR: 1.00e-04
Epoch 878/2000 Train Loss: 0.0021880615Val Loss: 0.0014981799   LR: 1.00e-04
Epoch 879/2000 Train Loss: 0.0027390997Val Loss: 0.0019174168   LR: 1.00e-04
Epoch 880/2000 Train Loss: 0.0026317082Val Loss: 0.0015015251   LR: 1.00e-04
Epoch 881/2000 Train Loss: 0.0021703117Val Loss: 0.0015083231   LR: 1.00e-04
Epoch 882/2000 Train Loss: 0.0026056439Val Loss: 0.0017287520   LR: 1.00e-04
Epoch 883/2000 Train Loss: 0.0023891825Val Loss: 0.0021366505   LR: 1.00e-04
Epoch 884/2000 Train Loss: 0.0024236694Val Loss: 0.0016701635   LR: 1.00e-04
Epoch 885/2000 Train Loss: 0.0024108723Val Loss: 0.0014440560   LR: 1.00e-04
Epoch 886/2000 Train Loss: 0.0024653525Val Loss: 0.0015803760   LR: 1.00e-04
Epoch 887/2000 Train Loss: 0.0023625671Val Loss: 0.0014839140   LR: 1.00e-04
Epoch 888/2000 Train Loss: 0.0021929629Val Loss: 0.0015998551   LR: 1.00e-04
Epoch 889/2000 Train Loss: 0.0024005432Val Loss: 0.0016159509   LR: 1.00e-04
Epoch 890/2000 Train Loss: 0.0022112456Val Loss: 0.0015262031   LR: 1.00e-04
Epoch 891/2000 Train Loss: 0.0025848186Val Loss: 0.0016145428   LR: 1.00e-04
Epoch 892/2000 Train Loss: 0.0024001920Val Loss: 0.0016036515   LR: 1.00e-04
Epoch 893/2000 Train Loss: 0.0021726416Val Loss: 0.0017363728   LR: 1.00e-04
Epoch 894/2000 Train Loss: 0.0024704291Val Loss: 0.0017128673   LR: 1.00e-04
Epoch 895/2000 Train Loss: 0.0027462158Val Loss: 0.0021357501   LR: 1.00e-04
Epoch 896/2000 Train Loss: 0.0023922705Val Loss: 0.0019007328   LR: 1.00e-04
Epoch 897/2000 Train Loss: 0.0023332423Val Loss: 0.0013838792   LR: 1.00e-04
Epoch 898/2000 Train Loss: 0.0022924331Val Loss: 0.0022357803   LR: 1.00e-04
Epoch 899/2000 Train Loss: 0.0023279926Val Loss: 0.0018474365   LR: 1.00e-04
Epoch 900/2000 Train Loss: 0.0026758107Val Loss: 0.0015976911   LR: 1.00e-04
Epoch 901/2000 Train Loss: 0.0022917183Val Loss: 0.0015792065   LR: 1.00e-04
Epoch 902/2000 Train Loss: 0.0023930921Val Loss: 0.0020981287   LR: 1.00e-04
Epoch 903/2000 Train Loss: 0.0025023413Val Loss: 0.0032015109   LR: 1.00e-04
Epoch 904/2000 Train Loss: 0.0022675078Val Loss: 0.0013958938   LR: 1.00e-04
Epoch 905/2000 Train Loss: 0.0023365508Val Loss: 0.0025094648   LR: 1.00e-04
Epoch 906/2000 Train Loss: 0.0024095419Val Loss: 0.0019882577   LR: 1.00e-04
Epoch 907/2000 Train Loss: 0.0025033548Val Loss: 0.0015708452   LR: 1.00e-04
Epoch 908/2000 Train Loss: 0.0024805844Val Loss: 0.0028076961   LR: 1.00e-04
Epoch 909/2000 Train Loss: 0.0026625397Val Loss: 0.0016446758   LR: 1.00e-04
Epoch 910/2000 Train Loss: 0.0023962372Val Loss: 0.0021188899   LR: 1.00e-04
Epoch 911/2000 Train Loss: 0.0024472522Val Loss: 0.0019929501   LR: 1.00e-04
Epoch 912/2000 Train Loss: 0.0027291001Val Loss: 0.0019898379   LR: 1.00e-04
Epoch 913/2000 Train Loss: 0.0024534843Val Loss: 0.0015122202   LR: 1.00e-04
Epoch 914/2000 Train Loss: 0.0022117709Val Loss: 0.0017471188   LR: 1.00e-04
Epoch 915/2000 Train Loss: 0.0023562795Val Loss: 0.0016187165   LR: 1.00e-04
Epoch 916/2000 Train Loss: 0.0022280019Val Loss: 0.0016437010   LR: 1.00e-04
Epoch 917/2000 Train Loss: 0.0024443146Val Loss: 0.0016181300   LR: 1.00e-04
Epoch 918/2000 Train Loss: 0.0023483654Val Loss: 0.0015151790   LR: 1.00e-04
Epoch 919/2000 Train Loss: 0.0024196464Val Loss: 0.0014341952   LR: 1.00e-04
Epoch 920/2000 Train Loss: 0.0022629239Val Loss: 0.0019758527   LR: 1.00e-04
Epoch 921/2000 Train Loss: 0.0024969662Val Loss: 0.0024251238   LR: 1.00e-04
Epoch 922/2000 Train Loss: 0.0026782613Val Loss: 0.0017803905   LR: 1.00e-04
Epoch 923/2000 Train Loss: 0.0023074967Val Loss: 0.0015370942   LR: 1.00e-04
Epoch 924/2000 Train Loss: 0.0024053912Val Loss: 0.0014758010   LR: 1.00e-04
Epoch 925/2000 Train Loss: 0.0024521170Val Loss: 0.0014704701   LR: 1.00e-04
Epoch 926/2000 Train Loss: 0.0023009283Val Loss: 0.0018698888   LR: 1.00e-04
Epoch 927/2000 Train Loss: 0.0025075524Val Loss: 0.0016493716   LR: 1.00e-04
Epoch 928/2000 Train Loss: 0.0022791124Val Loss: 0.0017155467   LR: 1.00e-04
Epoch 929/2000 Train Loss: 0.0023815891Val Loss: 0.0019682457   LR: 1.00e-04
Epoch 930/2000 Train Loss: 0.0024056113Val Loss: 0.0018328948   LR: 1.00e-04
Epoch 931/2000 Train Loss: 0.0022314892Val Loss: 0.0019900026   LR: 1.00e-04
Epoch 932/2000 Train Loss: 0.0023431301Val Loss: 0.0015615958   LR: 1.00e-04
Epoch 933/2000 Train Loss: 0.0023159702Val Loss: 0.0014466921   LR: 1.00e-04
Epoch 934/2000 Train Loss: 0.0022026822Val Loss: 0.0020518426   LR: 1.00e-04
Epoch 935/2000 Train Loss: 0.0022806893Val Loss: 0.0016578459   LR: 1.00e-04
Epoch 936/2000 Train Loss: 0.0026322094Val Loss: 0.0016784189   LR: 1.00e-04
Epoch 937/2000 Train Loss: 0.0023782506Val Loss: 0.0018050844   LR: 1.00e-04
Epoch 938/2000 Train Loss: 0.0023153843Val Loss: 0.0015442321   LR: 1.00e-04
Epoch 939/2000 Train Loss: 0.0023451862Val Loss: 0.0015645877   LR: 1.00e-04
Epoch 940/2000 Train Loss: 0.0023670399Val Loss: 0.0015240173   LR: 1.00e-04
Epoch 941/2000 Train Loss: 0.0023041248Val Loss: 0.0019443862   LR: 1.00e-04
Epoch 942/2000 Train Loss: 0.0024535988Val Loss: 0.0016264730   LR: 1.00e-04
Epoch 943/2000 Train Loss: 0.0022735417Val Loss: 0.0017636444   LR: 1.00e-04
Epoch 944/2000 Train Loss: 0.0022491080Val Loss: 0.0016290424   LR: 1.00e-04
Epoch 945/2000 Train Loss: 0.0026086267Val Loss: 0.0017022354   LR: 1.00e-04
Epoch 946/2000 Train Loss: 0.0023803203Val Loss: 0.0019635175   LR: 1.00e-04
Epoch 947/2000 Train Loss: 0.0025543898Val Loss: 0.0015407036   LR: 1.00e-04
Epoch 948/2000 Train Loss: 0.0023280363Val Loss: 0.0015261014   LR: 1.00e-04
Epoch 949/2000 Train Loss: 0.0023618904Val Loss: 0.0014400271   LR: 1.00e-04
Epoch 950/2000 Train Loss: 0.0025116314Val Loss: 0.0015705130   LR: 1.00e-04
Epoch 951/2000 Train Loss: 0.0024022419Val Loss: 0.0015547796   LR: 1.00e-04
Epoch 952/2000 Train Loss: 0.0023036649Val Loss: 0.0015053018   LR: 1.00e-04
Epoch 953/2000 Train Loss: 0.0024359607Val Loss: 0.0016449496   LR: 1.00e-04
Epoch 954/2000 Train Loss: 0.0021935065Val Loss: 0.0014648091   LR: 1.00e-04
Epoch 955/2000 Train Loss: 0.0024375983Val Loss: 0.0017446625   LR: 1.00e-04
Epoch 956/2000 Train Loss: 0.0022201133Val Loss: 0.0018314051   LR: 1.00e-04
Epoch 957/2000 Train Loss: 0.0027938054Val Loss: 0.0015443068   LR: 1.00e-04
Epoch 958/2000 Train Loss: 0.0023750929Val Loss: 0.0017564961   LR: 1.00e-04
Epoch 959/2000 Train Loss: 0.0024552346Val Loss: 0.0016824872   LR: 1.00e-04
Epoch 960/2000 Train Loss: 0.0023494984Val Loss: 0.0017635465   LR: 1.00e-04
Epoch 961/2000 Train Loss: 0.0023171012Val Loss: 0.0014138087   LR: 1.00e-04
Epoch 962/2000 Train Loss: 0.0025779592Val Loss: 0.0019195874   LR: 1.00e-04
Epoch 963/2000 Train Loss: 0.0026551529Val Loss: 0.0016968812   LR: 1.00e-04
Epoch 964/2000 Train Loss: 0.0022824558Val Loss: 0.0015372385   LR: 1.00e-04
Epoch 965/2000 Train Loss: 0.0022634858Val Loss: 0.0015342130   LR: 1.00e-04
Epoch 966/2000 Train Loss: 0.0023841086Val Loss: 0.0015330807   LR: 1.00e-04
Epoch 967/2000 Train Loss: 0.0021767992Val Loss: 0.0016029923   LR: 1.00e-04
Epoch 968/2000 Train Loss: 0.0022867823Val Loss: 0.0018792320   LR: 1.00e-04
Epoch 969/2000 Train Loss: 0.0021860842Val Loss: 0.0015960443   LR: 1.00e-04
Epoch 970/2000 Train Loss: 0.0023529730Val Loss: 0.0016607640   LR: 1.00e-04
Epoch 971/2000 Train Loss: 0.0024320639Val Loss: 0.0017194284   LR: 1.00e-04
Epoch 972/2000 Train Loss: 0.0022627271Val Loss: 0.0016922131   LR: 1.00e-04
Epoch 973/2000 Train Loss: 0.0023538290Val Loss: 0.0015055427   LR: 1.00e-04
Epoch 974/2000 Train Loss: 0.0023880865Val Loss: 0.0016067562   LR: 1.00e-04
Epoch 975/2000 Train Loss: 0.0023956878Val Loss: 0.0015355881   LR: 1.00e-04
Epoch 976/2000 Train Loss: 0.0025235478Val Loss: 0.0030287593   LR: 1.00e-04
Epoch 977/2000 Train Loss: 0.0024182890Val Loss: 0.0014305418   LR: 1.00e-04
Epoch 978/2000 Train Loss: 0.0021733765Val Loss: 0.0014151462   LR: 1.00e-04
Epoch 979/2000 Train Loss: 0.0022801264Val Loss: 0.0014026851   LR: 1.00e-04
Epoch 980/2000 Train Loss: 0.0021394021Val Loss: 0.0014297545   LR: 1.00e-04
Epoch 981/2000 Train Loss: 0.0021879199Val Loss: 0.0031472502   LR: 1.00e-04
Epoch 982/2000 Train Loss: 0.0024201460Val Loss: 0.0018718463   LR: 1.00e-04
Epoch 983/2000 Train Loss: 0.0026418786Val Loss: 0.0018795820   LR: 1.00e-04
Epoch 984/2000 Train Loss: 0.0024611770Val Loss: 0.0017094115   LR: 1.00e-04
Epoch 985/2000 Train Loss: 0.0021686811Val Loss: 0.0014078613   LR: 1.00e-04
Epoch 986/2000 Train Loss: 0.0022569624Val Loss: 0.0015484575   LR: 1.00e-04
Epoch 987/2000 Train Loss: 0.0023244921Val Loss: 0.0015534842   LR: 1.00e-04
Epoch 988/2000 Train Loss: 0.0023549328Val Loss: 0.0014676260   LR: 1.00e-04
Epoch 989/2000 Train Loss: 0.0021471698Val Loss: 0.0017435823   LR: 1.00e-04
Epoch 990/2000 Train Loss: 0.0020404882Val Loss: 0.0014948277   LR: 1.00e-04
Epoch 991/2000 Train Loss: 0.0021939053Val Loss: 0.0014693291   LR: 1.00e-04
Epoch 992/2000 Train Loss: 0.0023755381Val Loss: 0.0017688688   LR: 1.00e-04
Epoch 993/2000 Train Loss: 0.0021223006Val Loss: 0.0023721025   LR: 1.00e-04
Epoch 994/2000 Train Loss: 0.0023510002Val Loss: 0.0019970408   LR: 1.00e-04
Epoch 995/2000 Train Loss: 0.0023181608Val Loss: 0.0015205121   LR: 1.00e-04
Epoch 996/2000 Train Loss: 0.0025111114Val Loss: 0.0014266274   LR: 1.00e-04
Epoch 997/2000 Train Loss: 0.0022105268Val Loss: 0.0016694856   LR: 1.00e-04
Epoch 998/2000 Train Loss: 0.0022145546Val Loss: 0.0015719220   LR: 1.00e-04
Epoch 999/2000 Train Loss: 0.0023547066Val Loss: 0.0013961881   LR: 1.00e-04
Epoch 1000/2000 Train Loss: 0.0025594710Val Loss: 0.0015266135   LR: 1.00e-04
Epoch 1001/2000 Train Loss: 0.0023211726Val Loss: 0.0014156263   LR: 1.00e-04
Epoch 1002/2000 Train Loss: 0.0026226734Val Loss: 0.0018801455   LR: 1.00e-04
Epoch 1003/2000 Train Loss: 0.0027199994Val Loss: 0.0015353682   LR: 1.00e-04
Epoch 1004/2000 Train Loss: 0.0022383078Val Loss: 0.0013937894   LR: 1.00e-04
Epoch 1005/2000 Train Loss: 0.0022874641Val Loss: 0.0017839831   LR: 1.00e-04
Epoch 1006/2000 Train Loss: 0.0026979871Val Loss: 0.0016334827   LR: 1.00e-04
Epoch 1007/2000 Train Loss: 0.0026048356Val Loss: 0.0017346463   LR: 1.00e-04
Epoch 1008/2000 Train Loss: 0.0024003175Val Loss: 0.0013906980   LR: 1.00e-04
Epoch 1009/2000 Train Loss: 0.0024548489Val Loss: 0.0021216110   LR: 1.00e-04
Epoch 1010/2000 Train Loss: 0.0019540684Val Loss: 0.0015631672   LR: 1.00e-04
Epoch 1011/2000 Train Loss: 0.0025332329Val Loss: 0.0014512042   LR: 1.00e-04
Epoch 1012/2000 Train Loss: 0.0022355275Val Loss: 0.0015962517   LR: 1.00e-04
Epoch 1013/2000 Train Loss: 0.0023588470Val Loss: 0.0015767845   LR: 1.00e-04
Epoch 1014/2000 Train Loss: 0.0024924234Val Loss: 0.0023575765   LR: 1.00e-04
Epoch 1015/2000 Train Loss: 0.0024427204Val Loss: 0.0025337192   LR: 1.00e-04
Epoch 1016/2000 Train Loss: 0.0023746546Val Loss: 0.0020820485   LR: 1.00e-04
Epoch 1017/2000 Train Loss: 0.0021548404Val Loss: 0.0022500651   LR: 1.00e-04
Epoch 1018/2000 Train Loss: 0.0024652651Val Loss: 0.0018693131   LR: 1.00e-04
Epoch 1019/2000 Train Loss: 0.0021655754Val Loss: 0.0015222433   LR: 1.00e-04
Epoch 1020/2000 Train Loss: 0.0024529963Val Loss: 0.0014382398   LR: 1.00e-04
Epoch 1021/2000 Train Loss: 0.0021624182Val Loss: 0.0015084307   LR: 1.00e-04
Epoch 1022/2000 Train Loss: 0.0028605972Val Loss: 0.0015596355   LR: 1.00e-04
Epoch 1023/2000 Train Loss: 0.0025361197Val Loss: 0.0021902859   LR: 1.00e-04
Epoch 1024/2000 Train Loss: 0.0022456179Val Loss: 0.0015215877   LR: 1.00e-04
Epoch 1025/2000 Train Loss: 0.0023330982Val Loss: 0.0014967328   LR: 1.00e-04
Epoch 1026/2000 Train Loss: 0.0027171042Val Loss: 0.0015621641   LR: 1.00e-04
Epoch 1027/2000 Train Loss: 0.0021501496Val Loss: 0.0014898087   LR: 1.00e-04
Epoch 1028/2000 Train Loss: 0.0022557631Val Loss: 0.0016638240   LR: 1.00e-04
Epoch 1029/2000 Train Loss: 0.0024146561Val Loss: 0.0016608241   LR: 1.00e-04
Epoch 1030/2000 Train Loss: 0.0022707128Val Loss: 0.0017479597   LR: 1.00e-04
Epoch 1031/2000 Train Loss: 0.0022437125Val Loss: 0.0014298005   LR: 1.00e-04
Epoch 1032/2000 Train Loss: 0.0022472600Val Loss: 0.0014219518   LR: 1.00e-04
Epoch 1033/2000 Train Loss: 0.0020659727Val Loss: 0.0017662838   LR: 1.00e-04
Epoch 1034/2000 Train Loss: 0.0020138165Val Loss: 0.0017899664   LR: 1.00e-04
Epoch 1035/2000 Train Loss: 0.0022977865Val Loss: 0.0014775941   LR: 1.00e-04
Epoch 1036/2000 Train Loss: 0.0021317440Val Loss: 0.0016156249   LR: 1.00e-04
Epoch 1037/2000 Train Loss: 0.0021774993Val Loss: 0.0015796245   LR: 1.00e-04
Epoch 1038/2000 Train Loss: 0.0024963364Val Loss: 0.0021082067   LR: 1.00e-04
Epoch 1039/2000 Train Loss: 0.0023130327Val Loss: 0.0014650942   LR: 1.00e-04
Epoch 1040/2000 Train Loss: 0.0022539839Val Loss: 0.0021547148   LR: 1.00e-04
Epoch 1041/2000 Train Loss: 0.0026511250Val Loss: 0.0014644889   LR: 1.00e-04
Epoch 1042/2000 Train Loss: 0.0021663320Val Loss: 0.0014511093   LR: 1.00e-04
Epoch 1043/2000 Train Loss: 0.0023878647Val Loss: 0.0016082404   LR: 1.00e-04
Epoch 1044/2000 Train Loss: 0.0023628937Val Loss: 0.0015452517   LR: 1.00e-04
Epoch 1045/2000 Train Loss: 0.0022537421Val Loss: 0.0015690711   LR: 1.00e-04
Epoch 1046/2000 Train Loss: 0.0023969429Val Loss: 0.0014325325   LR: 1.00e-04
Epoch 1047/2000 Train Loss: 0.0023592959Val Loss: 0.0014704940   LR: 1.00e-04
Epoch 1048/2000 Train Loss: 0.0024239975Val Loss: 0.0014264663   LR: 1.00e-04
Epoch 1049/2000 Train Loss: 0.0023969876Val Loss: 0.0026614052   LR: 1.00e-04
Epoch 1050/2000 Train Loss: 0.0023440082Val Loss: 0.0013848745   LR: 1.00e-04
Epoch 1051/2000 Train Loss: 0.0023880524Val Loss: 0.0018377662   LR: 1.00e-04
Epoch 1052/2000 Train Loss: 0.0020792344Val Loss: 0.0015107554   LR: 1.00e-04
Epoch 1053/2000 Train Loss: 0.0022175452Val Loss: 0.0015087775   LR: 1.00e-04
Epoch 1054/2000 Train Loss: 0.0020833861Val Loss: 0.0017453733   LR: 1.00e-04
Epoch 1055/2000 Train Loss: 0.0024651736Val Loss: 0.0016893968   LR: 1.00e-04
Epoch 1056/2000 Train Loss: 0.0024218123Val Loss: 0.0015340684   LR: 1.00e-04
Epoch 1057/2000 Train Loss: 0.0021853625Val Loss: 0.0014588287   LR: 1.00e-04
Epoch 1058/2000 Train Loss: 0.0024216374Val Loss: 0.0016212171   LR: 1.00e-04
Epoch 1059/2000 Train Loss: 0.0023609101Val Loss: 0.0014212854   LR: 1.00e-04
Epoch 1060/2000 Train Loss: 0.0020548950Val Loss: 0.0017599155   LR: 1.00e-04
Epoch 1061/2000 Train Loss: 0.0021183446Val Loss: 0.0013696695   LR: 1.00e-04
Epoch 1062/2000 Train Loss: 0.0025861273Val Loss: 0.0018428050   LR: 1.00e-04
Epoch 1063/2000 Train Loss: 0.0022986110Val Loss: 0.0018150959   LR: 1.00e-04
Epoch 1064/2000 Train Loss: 0.0023314615Val Loss: 0.0020320146   LR: 1.00e-04
Epoch 1065/2000 Train Loss: 0.0022794225Val Loss: 0.0015103143   LR: 1.00e-04
Epoch 1066/2000 Train Loss: 0.0021660694Val Loss: 0.0015588041   LR: 1.00e-04
Epoch 1067/2000 Train Loss: 0.0023218220Val Loss: 0.0015608210   LR: 1.00e-04
Epoch 1068/2000 Train Loss: 0.0022313026Val Loss: 0.0015822887   LR: 1.00e-04
Epoch 1069/2000 Train Loss: 0.0021233264Val Loss: 0.0015781777   LR: 1.00e-04
Epoch 1070/2000 Train Loss: 0.0023317969Val Loss: 0.0021852295   LR: 1.00e-04
Epoch 1071/2000 Train Loss: 0.0025317345Val Loss: 0.0016348154   LR: 1.00e-04
Epoch 1072/2000 Train Loss: 0.0023409634Val Loss: 0.0016023515   LR: 1.00e-04
Epoch 1073/2000 Train Loss: 0.0025699582Val Loss: 0.0014301613   LR: 1.00e-04
Epoch 1074/2000 Train Loss: 0.0023491794Val Loss: 0.0016387490   LR: 1.00e-04
Epoch 1075/2000 Train Loss: 0.0024273293Val Loss: 0.0019246116   LR: 1.00e-04
Epoch 1076/2000 Train Loss: 0.0023302260Val Loss: 0.0014417017   LR: 1.00e-04
Epoch 1077/2000 Train Loss: 0.0027250965Val Loss: 0.0022246277   LR: 1.00e-04
Epoch 1078/2000 Train Loss: 0.0023758472Val Loss: 0.0018643905   LR: 1.00e-04
Epoch 1079/2000 Train Loss: 0.0025996600Val Loss: 0.0015854256   LR: 1.00e-04
Epoch 1080/2000 Train Loss: 0.0021674503Val Loss: 0.0014774063   LR: 1.00e-04
Epoch 1081/2000 Train Loss: 0.0023939887Val Loss: 0.0020068586   LR: 1.00e-04
Epoch 1082/2000 Train Loss: 0.0023555097Val Loss: 0.0020710078   LR: 1.00e-04
Epoch 1083/2000 Train Loss: 0.0022442441Val Loss: 0.0015324588   LR: 1.00e-04
Epoch 1084/2000 Train Loss: 0.0022405538Val Loss: 0.0015360009   LR: 1.00e-04
Epoch 1085/2000 Train Loss: 0.0024718828Val Loss: 0.0015549258   LR: 1.00e-04
Epoch 1086/2000 Train Loss: 0.0020891716Val Loss: 0.0016990704   LR: 1.00e-04
Epoch 1087/2000 Train Loss: 0.0023432555Val Loss: 0.0014452830   LR: 1.00e-04
Epoch 1088/2000 Train Loss: 0.0020075614Val Loss: 0.0015908680   LR: 1.00e-04
Epoch 1089/2000 Train Loss: 0.0021253925Val Loss: 0.0015022033   LR: 1.00e-04
Epoch 1090/2000 Train Loss: 0.0022000786Val Loss: 0.0014356681   LR: 1.00e-04
Epoch 1091/2000 Train Loss: 0.0021349525Val Loss: 0.0016407289   LR: 1.00e-04
Epoch 1092/2000 Train Loss: 0.0022245056Val Loss: 0.0016835074   LR: 1.00e-04
Epoch 1093/2000 Train Loss: 0.0021793124Val Loss: 0.0016993919   LR: 1.00e-04
Epoch 1094/2000 Train Loss: 0.0022942514Val Loss: 0.0016877055   LR: 1.00e-04
Epoch 1095/2000 Train Loss: 0.0023077401Val Loss: 0.0014726202   LR: 1.00e-04
Epoch 1096/2000 Train Loss: 0.0023804349Val Loss: 0.0018702165   LR: 1.00e-04
Epoch 1097/2000 Train Loss: 0.0023928380Val Loss: 0.0017468671   LR: 1.00e-04
Epoch 1098/2000 Train Loss: 0.0022011994Val Loss: 0.0014632548   LR: 1.00e-04
Epoch 1099/2000 Train Loss: 0.0022593124Val Loss: 0.0017888872   LR: 1.00e-04
Epoch 1100/2000 Train Loss: 0.0022456899Val Loss: 0.0018956791   LR: 1.00e-04
Epoch 1101/2000 Train Loss: 0.0021778114Val Loss: 0.0014230516   LR: 1.00e-04
Epoch 1102/2000 Train Loss: 0.0022578550Val Loss: 0.0035118315   LR: 1.00e-04
Epoch 1103/2000 Train Loss: 0.0024348076Val Loss: 0.0025617169   LR: 1.00e-04
Epoch 1104/2000 Train Loss: 0.0023311927Val Loss: 0.0017761309   LR: 1.00e-04
Epoch 1105/2000 Train Loss: 0.0023733944Val Loss: 0.0017760678   LR: 1.00e-04
Epoch 1106/2000 Train Loss: 0.0024258326Val Loss: 0.0015990078   LR: 1.00e-04
Epoch 1107/2000 Train Loss: 0.0021138951Val Loss: 0.0015611647   LR: 1.00e-04
Epoch 1108/2000 Train Loss: 0.0023844371Val Loss: 0.0015938232   LR: 1.00e-04
Epoch 1109/2000 Train Loss: 0.0022052145Val Loss: 0.0018147058   LR: 1.00e-04
Epoch 1110/2000 Train Loss: 0.0022436932Val Loss: 0.0013549516   LR: 1.00e-04
Epoch 1111/2000 Train Loss: 0.0020735885Val Loss: 0.0017226027   LR: 1.00e-04
Epoch 1112/2000 Train Loss: 0.0022998406Val Loss: 0.0014320393   LR: 1.00e-04
Epoch 1113/2000 Train Loss: 0.0022787390Val Loss: 0.0018042894   LR: 1.00e-04
Epoch 1114/2000 Train Loss: 0.0022945771Val Loss: 0.0014968835   LR: 1.00e-04
Epoch 1115/2000 Train Loss: 0.0023218583Val Loss: 0.0016235084   LR: 1.00e-04
Epoch 1116/2000 Train Loss: 0.0021542898Val Loss: 0.0013950028   LR: 1.00e-04
Epoch 1117/2000 Train Loss: 0.0023434679Val Loss: 0.0017016093   LR: 1.00e-04
Epoch 1118/2000 Train Loss: 0.0023898335Val Loss: 0.0016262884   LR: 1.00e-04
Epoch 1119/2000 Train Loss: 0.0023805058Val Loss: 0.0015561740   LR: 1.00e-04
Epoch 1120/2000 Train Loss: 0.0021228939Val Loss: 0.0024729233   LR: 1.00e-04
Epoch 1121/2000 Train Loss: 0.0021438889Val Loss: 0.0016541417   LR: 1.00e-04
Epoch 1122/2000 Train Loss: 0.0024113009Val Loss: 0.0015727916   LR: 1.00e-04
Epoch 1123/2000 Train Loss: 0.0022624448Val Loss: 0.0017216975   LR: 1.00e-04
Epoch 1124/2000 Train Loss: 0.0023757546Val Loss: 0.0023597266   LR: 1.00e-04
Epoch 1125/2000 Train Loss: 0.0022969489Val Loss: 0.0014022950   LR: 1.00e-04
Epoch 1126/2000 Train Loss: 0.0023879494Val Loss: 0.0015163176   LR: 1.00e-04
Epoch 1127/2000 Train Loss: 0.0020393753Val Loss: 0.0014551276   LR: 1.00e-04
Epoch 1128/2000 Train Loss: 0.0026164024Val Loss: 0.0016778627   LR: 1.00e-04
Epoch 1129/2000 Train Loss: 0.0024860231Val Loss: 0.0015573859   LR: 1.00e-04
Epoch 1130/2000 Train Loss: 0.0022775255Val Loss: 0.0013733108   LR: 1.00e-04
Epoch 1131/2000 Train Loss: 0.0023395675Val Loss: 0.0013787160   LR: 1.00e-04
Epoch 1132/2000 Train Loss: 0.0022369620Val Loss: 0.0014161455   LR: 1.00e-04
Epoch 1133/2000 Train Loss: 0.0021857737Val Loss: 0.0024561312   LR: 1.00e-04
Epoch 1134/2000 Train Loss: 0.0021571111Val Loss: 0.0013880290   LR: 1.00e-04
Epoch 1135/2000 Train Loss: 0.0022963346Val Loss: 0.0015144823   LR: 1.00e-04
Epoch 1136/2000 Train Loss: 0.0021308846Val Loss: 0.0016895720   LR: 1.00e-04
Epoch 1137/2000 Train Loss: 0.0021885518Val Loss: 0.0015982718   LR: 1.00e-04
Epoch 1138/2000 Train Loss: 0.0022955008Val Loss: 0.0016035384   LR: 1.00e-04
Epoch 1139/2000 Train Loss: 0.0021044407Val Loss: 0.0014010815   LR: 1.00e-04
Epoch 1140/2000 Train Loss: 0.0022725136Val Loss: 0.0014081652   LR: 1.00e-04
Epoch 1141/2000 Train Loss: 0.0023047931Val Loss: 0.0014951323   LR: 1.00e-04
Epoch 1142/2000 Train Loss: 0.0021864987Val Loss: 0.0015337065   LR: 1.00e-04
Epoch 1143/2000 Train Loss: 0.0025707635Val Loss: 0.0019864160   LR: 1.00e-04
Epoch 1144/2000 Train Loss: 0.0020653150Val Loss: 0.0013482931   LR: 1.00e-04
Epoch 1145/2000 Train Loss: 0.0019643756Val Loss: 0.0015181169   LR: 1.00e-04
Epoch 1146/2000 Train Loss: 0.0022297686Val Loss: 0.0016378178   LR: 1.00e-04
Epoch 1147/2000 Train Loss: 0.0022073760Val Loss: 0.0014522442   LR: 1.00e-04
Epoch 1148/2000 Train Loss: 0.0021250155Val Loss: 0.0014563211   LR: 1.00e-04
Epoch 1149/2000 Train Loss: 0.0019625997Val Loss: 0.0014180464   LR: 1.00e-04
Epoch 1150/2000 Train Loss: 0.0021655942Val Loss: 0.0014579350   LR: 1.00e-04
Epoch 1151/2000 Train Loss: 0.0022394323Val Loss: 0.0018773105   LR: 1.00e-04
Epoch 1152/2000 Train Loss: 0.0022155099Val Loss: 0.0015033910   LR: 1.00e-04
Epoch 1153/2000 Train Loss: 0.0021732473Val Loss: 0.0014035911   LR: 1.00e-04
Epoch 1154/2000 Train Loss: 0.0019842593Val Loss: 0.0014021441   LR: 1.00e-04
Epoch 1155/2000 Train Loss: 0.0022015652Val Loss: 0.0014003622   LR: 1.00e-04
Epoch 1156/2000 Train Loss: 0.0022310439Val Loss: 0.0014766994   LR: 1.00e-04
Epoch 1157/2000 Train Loss: 0.0022889095Val Loss: 0.0014586873   LR: 1.00e-04
Epoch 1158/2000 Train Loss: 0.0022400542Val Loss: 0.0017538066   LR: 1.00e-04
Epoch 1159/2000 Train Loss: 0.0024165374Val Loss: 0.0016901902   LR: 1.00e-04
Epoch 1160/2000 Train Loss: 0.0022338729Val Loss: 0.0018933003   LR: 1.00e-04
Epoch 1161/2000 Train Loss: 0.0022341565Val Loss: 0.0016476043   LR: 1.00e-04
Epoch 1162/2000 Train Loss: 0.0022588166Val Loss: 0.0014566722   LR: 1.00e-04
Epoch 1163/2000 Train Loss: 0.0022543591Val Loss: 0.0027504709   LR: 1.00e-04
Epoch 1164/2000 Train Loss: 0.0026780639Val Loss: 0.0017352641   LR: 1.00e-04
Epoch 1165/2000 Train Loss: 0.0025245247Val Loss: 0.0016572889   LR: 1.00e-04
Epoch 1166/2000 Train Loss: 0.0019453690Val Loss: 0.0015900902   LR: 1.00e-04
Epoch 1167/2000 Train Loss: 0.0024184600Val Loss: 0.0015387157   LR: 1.00e-04
Epoch 1168/2000 Train Loss: 0.0020974896Val Loss: 0.0013909027   LR: 1.00e-04
Epoch 1169/2000 Train Loss: 0.0021759142Val Loss: 0.0013779819   LR: 1.00e-04
Epoch 1170/2000 Train Loss: 0.0024150912Val Loss: 0.0017134384   LR: 1.00e-04
Epoch 1171/2000 Train Loss: 0.0022729741Val Loss: 0.0015667238   LR: 1.00e-04
Epoch 1172/2000 Train Loss: 0.0021281013Val Loss: 0.0014277637   LR: 1.00e-04
Epoch 1173/2000 Train Loss: 0.0021172329Val Loss: 0.0016631020   LR: 1.00e-04
Epoch 1174/2000 Train Loss: 0.0022645948Val Loss: 0.0014798178   LR: 1.00e-04
Epoch 1175/2000 Train Loss: 0.0022692447Val Loss: 0.0014989245   LR: 1.00e-04
Epoch 1176/2000 Train Loss: 0.0023025809Val Loss: 0.0016589005   LR: 1.00e-04
Epoch 1177/2000 Train Loss: 0.0022649805Val Loss: 0.0013855528   LR: 1.00e-04
Epoch 1178/2000 Train Loss: 0.0023287214Val Loss: 0.0023251123   LR: 1.00e-04
Epoch 1179/2000 Train Loss: 0.0022958393Val Loss: 0.0013387004   LR: 1.00e-04
Epoch 1180/2000 Train Loss: 0.0019601957Val Loss: 0.0018369975   LR: 1.00e-04
Epoch 1181/2000 Train Loss: 0.0022513003Val Loss: 0.0016149237   LR: 1.00e-04
Epoch 1182/2000 Train Loss: 0.0025855749Val Loss: 0.0015087873   LR: 1.00e-04
Epoch 1183/2000 Train Loss: 0.0019674040Val Loss: 0.0017158331   LR: 1.00e-04
Epoch 1184/2000 Train Loss: 0.0023184326Val Loss: 0.0026560033   LR: 1.00e-04
Epoch 1185/2000 Train Loss: 0.0024810228Val Loss: 0.0018959227   LR: 1.00e-04
Epoch 1186/2000 Train Loss: 0.0021153015Val Loss: 0.0015957682   LR: 1.00e-04
Epoch 1187/2000 Train Loss: 0.0022346844Val Loss: 0.0014852849   LR: 1.00e-04
Epoch 1188/2000 Train Loss: 0.0020747144Val Loss: 0.0018709901   LR: 1.00e-04
Epoch 1189/2000 Train Loss: 0.0024394685Val Loss: 0.0014207456   LR: 1.00e-04
Epoch 1190/2000 Train Loss: 0.0021846247Val Loss: 0.0014480833   LR: 1.00e-04
Epoch 1191/2000 Train Loss: 0.0021787581Val Loss: 0.0015274371   LR: 1.00e-04
Epoch 1192/2000 Train Loss: 0.0022427273Val Loss: 0.0016453482   LR: 1.00e-04
Epoch 1193/2000 Train Loss: 0.0020111816Val Loss: 0.0019181795   LR: 1.00e-04
Epoch 1194/2000 Train Loss: 0.0020162054Val Loss: 0.0014284785   LR: 1.00e-04
Epoch 1195/2000 Train Loss: 0.0022752179Val Loss: 0.0016442054   LR: 1.00e-04
Epoch 1196/2000 Train Loss: 0.0022126892Val Loss: 0.0015540749   LR: 1.00e-04
Epoch 1197/2000 Train Loss: 0.0021496861Val Loss: 0.0014610283   LR: 1.00e-04
Epoch 1198/2000 Train Loss: 0.0021625422Val Loss: 0.0014768712   LR: 1.00e-04
Epoch 1199/2000 Train Loss: 0.0022970573Val Loss: 0.0018007363   LR: 1.00e-04
Epoch 1200/2000 Train Loss: 0.0022426901Val Loss: 0.0013861189   LR: 1.00e-04
Epoch 1201/2000 Train Loss: 0.0022618952Val Loss: 0.0014384732   LR: 1.00e-04
Epoch 1202/2000 Train Loss: 0.0021085731Val Loss: 0.0014098526   LR: 1.00e-04
Epoch 1203/2000 Train Loss: 0.0020749316Val Loss: 0.0020102601   LR: 1.00e-04
Epoch 1204/2000 Train Loss: 0.0023609391Val Loss: 0.0014835195   LR: 1.00e-04
Epoch 1205/2000 Train Loss: 0.0022018287Val Loss: 0.0017452481   LR: 1.00e-04
Epoch 1206/2000 Train Loss: 0.0020162139Val Loss: 0.0013945520   LR: 1.00e-04
Epoch 1207/2000 Train Loss: 0.0021803176Val Loss: 0.0022255174   LR: 1.00e-04
Epoch 1208/2000 Train Loss: 0.0024934033Val Loss: 0.0014504314   LR: 1.00e-04
Epoch 1209/2000 Train Loss: 0.0021888934Val Loss: 0.0016265291   LR: 1.00e-04
Epoch 1210/2000 Train Loss: 0.0022138767Val Loss: 0.0014459043   LR: 1.00e-04
Epoch 1211/2000 Train Loss: 0.0023504804Val Loss: 0.0018828875   LR: 1.00e-04
Epoch 1212/2000 Train Loss: 0.0021528154Val Loss: 0.0016308572   LR: 1.00e-04
Epoch 1213/2000 Train Loss: 0.0020374681Val Loss: 0.0015407808   LR: 1.00e-04
Epoch 1214/2000 Train Loss: 0.0023445486Val Loss: 0.0016339153   LR: 1.00e-04
Epoch 1215/2000 Train Loss: 0.0020190988Val Loss: 0.0014758232   LR: 1.00e-04
Epoch 1216/2000 Train Loss: 0.0022034039Val Loss: 0.0015168032   LR: 1.00e-04
Epoch 1217/2000 Train Loss: 0.0019872730Val Loss: 0.0015984776   LR: 1.00e-04
Epoch 1218/2000 Train Loss: 0.0022190725Val Loss: 0.0017687396   LR: 1.00e-04
Epoch 1219/2000 Train Loss: 0.0020483043Val Loss: 0.0014609305   LR: 1.00e-04
Epoch 1220/2000 Train Loss: 0.0022582341Val Loss: 0.0015570194   LR: 1.00e-04
Epoch 1221/2000 Train Loss: 0.0021064538Val Loss: 0.0019307431   LR: 1.00e-04
Epoch 1222/2000 Train Loss: 0.0025470427Val Loss: 0.0014054771   LR: 1.00e-04
Epoch 1223/2000 Train Loss: 0.0023782983Val Loss: 0.0016023700   LR: 1.00e-04
Epoch 1224/2000 Train Loss: 0.0025140771Val Loss: 0.0015016513   LR: 1.00e-04
Epoch 1225/2000 Train Loss: 0.0022479676Val Loss: 0.0017978140   LR: 1.00e-04
Epoch 1226/2000 Train Loss: 0.0022096526Val Loss: 0.0014503499   LR: 1.00e-04
Epoch 1227/2000 Train Loss: 0.0020693863Val Loss: 0.0015118361   LR: 1.00e-04
Epoch 1228/2000 Train Loss: 0.0024050803Val Loss: 0.0014559959   LR: 1.00e-04
Epoch 1229/2000 Train Loss: 0.0021651503Val Loss: 0.0014261353   LR: 1.00e-04
Epoch 1230/2000 Train Loss: 0.0023731333Val Loss: 0.0014962969   LR: 1.00e-04
Epoch 1231/2000 Train Loss: 0.0020791355Val Loss: 0.0016976369   LR: 1.00e-04
Epoch 1232/2000 Train Loss: 0.0020294990Val Loss: 0.0014350951   LR: 1.00e-04
Epoch 1233/2000 Train Loss: 0.0023295566Val Loss: 0.0014158064   LR: 1.00e-04
Epoch 1234/2000 Train Loss: 0.0024160134Val Loss: 0.0015835263   LR: 1.00e-04
Epoch 1235/2000 Train Loss: 0.0020636068Val Loss: 0.0013765839   LR: 1.00e-04
Epoch 1236/2000 Train Loss: 0.0020193206Val Loss: 0.0020092965   LR: 1.00e-04
Epoch 1237/2000 Train Loss: 0.0022815223Val Loss: 0.0016876518   LR: 1.00e-04
Epoch 1238/2000 Train Loss: 0.0021111284Val Loss: 0.0015938543   LR: 1.00e-04
Epoch 1239/2000 Train Loss: 0.0023392292Val Loss: 0.0015547465   LR: 1.00e-04
Epoch 1240/2000 Train Loss: 0.0021822384Val Loss: 0.0015931873   LR: 1.00e-04
Epoch 1241/2000 Train Loss: 0.0021003503Val Loss: 0.0022151352   LR: 1.00e-04
Epoch 1242/2000 Train Loss: 0.0025077356Val Loss: 0.0024730600   LR: 1.00e-04
Epoch 1243/2000 Train Loss: 0.0020971217Val Loss: 0.0013554062   LR: 1.00e-04
Epoch 1244/2000 Train Loss: 0.0022820530Val Loss: 0.0014421795   LR: 1.00e-04
Epoch 1245/2000 Train Loss: 0.0019953875Val Loss: 0.0016241431   LR: 1.00e-04
Epoch 1246/2000 Train Loss: 0.0024797033Val Loss: 0.0027219386   LR: 1.00e-04
Epoch 1247/2000 Train Loss: 0.0023078169Val Loss: 0.0015127477   LR: 1.00e-04
Epoch 1248/2000 Train Loss: 0.0020456202Val Loss: 0.0014915113   LR: 1.00e-04
Epoch 1249/2000 Train Loss: 0.0021251757Val Loss: 0.0014431627   LR: 1.00e-04
Epoch 1250/2000 Train Loss: 0.0021990334Val Loss: 0.0017619490   LR: 1.00e-04
Epoch 1251/2000 Train Loss: 0.0019677795Val Loss: 0.0016742043   LR: 1.00e-04
Epoch 1252/2000 Train Loss: 0.0026351207Val Loss: 0.0014272746   LR: 1.00e-04
Epoch 1253/2000 Train Loss: 0.0022895920Val Loss: 0.0014371105   LR: 1.00e-04
Epoch 1254/2000 Train Loss: 0.0019891099Val Loss: 0.0016283990   LR: 1.00e-04
Epoch 1255/2000 Train Loss: 0.0022225722Val Loss: 0.0014028862   LR: 1.00e-04
Epoch 1256/2000 Train Loss: 0.0017945933Val Loss: 0.0015860075   LR: 1.00e-04
Epoch 1257/2000 Train Loss: 0.0019995627Val Loss: 0.0013256314   LR: 1.00e-04
Epoch 1258/2000 Train Loss: 0.0020589872Val Loss: 0.0015005098   LR: 1.00e-04
Epoch 1259/2000 Train Loss: 0.0021099275Val Loss: 0.0014589790   LR: 1.00e-04
Epoch 1260/2000 Train Loss: 0.0023465892Val Loss: 0.0018997297   LR: 1.00e-04
Epoch 1261/2000 Train Loss: 0.0021286230Val Loss: 0.0015793747   LR: 1.00e-04
Epoch 1262/2000 Train Loss: 0.0021826410Val Loss: 0.0015613354   LR: 1.00e-04
Epoch 1263/2000 Train Loss: 0.0019509292Val Loss: 0.0014851974   LR: 1.00e-04
Epoch 1264/2000 Train Loss: 0.0020995587Val Loss: 0.0015863578   LR: 1.00e-04
Epoch 1265/2000 Train Loss: 0.0021049675Val Loss: 0.0013367527   LR: 1.00e-04
Epoch 1266/2000 Train Loss: 0.0021656442Val Loss: 0.0018211243   LR: 1.00e-04
Epoch 1267/2000 Train Loss: 0.0021057392Val Loss: 0.0016202363   LR: 1.00e-04
Epoch 1268/2000 Train Loss: 0.0021349264Val Loss: 0.0014118927   LR: 1.00e-04
Epoch 1269/2000 Train Loss: 0.0021785136Val Loss: 0.0019125287   LR: 1.00e-04
Epoch 1270/2000 Train Loss: 0.0022123374Val Loss: 0.0014791716   LR: 1.00e-04
Epoch 1271/2000 Train Loss: 0.0024337068Val Loss: 0.0019750888   LR: 1.00e-04
Epoch 1272/2000 Train Loss: 0.0020976448Val Loss: 0.0014119514   LR: 1.00e-04
Epoch 1273/2000 Train Loss: 0.0019739602Val Loss: 0.0015318249   LR: 1.00e-04
Epoch 1274/2000 Train Loss: 0.0020815840Val Loss: 0.0014718058   LR: 1.00e-04
Epoch 1275/2000 Train Loss: 0.0021307541Val Loss: 0.0014258959   LR: 1.00e-04
Epoch 1276/2000 Train Loss: 0.0019475006Val Loss: 0.0016550827   LR: 1.00e-04
Epoch 1277/2000 Train Loss: 0.0021596825Val Loss: 0.0017945108   LR: 1.00e-04
Epoch 1278/2000 Train Loss: 0.0019033028Val Loss: 0.0013983840   LR: 1.00e-04
Epoch 1279/2000 Train Loss: 0.0023259484Val Loss: 0.0015617750   LR: 1.00e-04
Epoch 1280/2000 Train Loss: 0.0019955233Val Loss: 0.0013819752   LR: 1.00e-04
Epoch 1281/2000 Train Loss: 0.0020930101Val Loss: 0.0020609755   LR: 1.00e-04
Epoch 1282/2000 Train Loss: 0.0019028179Val Loss: 0.0013627981   LR: 1.00e-04
Epoch 1283/2000 Train Loss: 0.0020568374Val Loss: 0.0020229867   LR: 1.00e-04
Epoch 1284/2000 Train Loss: 0.0021713883Val Loss: 0.0015623389   LR: 1.00e-04
Epoch 1285/2000 Train Loss: 0.0019968071Val Loss: 0.0014110202   LR: 1.00e-04
Epoch 1286/2000 Train Loss: 0.0020824726Val Loss: 0.0016884728   LR: 1.00e-04
Epoch 1287/2000 Train Loss: 0.0023480132Val Loss: 0.0014504840   LR: 1.00e-04
Epoch 1288/2000 Train Loss: 0.0019764378Val Loss: 0.0014681122   LR: 1.00e-04
Epoch 1289/2000 Train Loss: 0.0020274030Val Loss: 0.0013946040   LR: 1.00e-04
Epoch 1290/2000 Train Loss: 0.0020387054Val Loss: 0.0014003999   LR: 1.00e-04
Epoch 1291/2000 Train Loss: 0.0021102853Val Loss: 0.0013624562   LR: 1.00e-04
Epoch 1292/2000 Train Loss: 0.0023478494Val Loss: 0.0016186616   LR: 1.00e-04
Epoch 1293/2000 Train Loss: 0.0019677381Val Loss: 0.0013738487   LR: 1.00e-04
Epoch 1294/2000 Train Loss: 0.0022938504Val Loss: 0.0017416178   LR: 1.00e-04
Epoch 1295/2000 Train Loss: 0.0020842919Val Loss: 0.0015264503   LR: 1.00e-04
Epoch 1296/2000 Train Loss: 0.0021045366Val Loss: 0.0014950061   LR: 1.00e-04
Epoch 1297/2000 Train Loss: 0.0022067701Val Loss: 0.0013877785   LR: 1.00e-04
Epoch 1298/2000 Train Loss: 0.0019123992Val Loss: 0.0015960815   LR: 1.00e-04
Epoch 1299/2000 Train Loss: 0.0021113501Val Loss: 0.0022251328   LR: 1.00e-04
Epoch 1300/2000 Train Loss: 0.0023075068Val Loss: 0.0016354983   LR: 1.00e-04
Epoch 1301/2000 Train Loss: 0.0020604558Val Loss: 0.0025917822   LR: 1.00e-04
Epoch 1302/2000 Train Loss: 0.0023946548Val Loss: 0.0021676836   LR: 1.00e-04
Epoch 1303/2000 Train Loss: 0.0023139347Val Loss: 0.0016208494   LR: 1.00e-04
Epoch 1304/2000 Train Loss: 0.0020359717Val Loss: 0.0017693048   LR: 1.00e-04
Epoch 1305/2000 Train Loss: 0.0022949522Val Loss: 0.0020187106   LR: 1.00e-04
Epoch 1306/2000 Train Loss: 0.0023852618Val Loss: 0.0016161485   LR: 1.00e-04
Epoch 1307/2000 Train Loss: 0.0020588757Val Loss: 0.0017667855   LR: 1.00e-04
Epoch 1308/2000 Train Loss: 0.0019264365Val Loss: 0.0015997709   LR: 1.00e-04
Epoch 1309/2000 Train Loss: 0.0025136845Val Loss: 0.0016330031   LR: 1.00e-04
Epoch 1310/2000 Train Loss: 0.0020612049Val Loss: 0.0020364473   LR: 1.00e-04
Epoch 1311/2000 Train Loss: 0.0020034503Val Loss: 0.0013879381   LR: 1.00e-04
Epoch 1312/2000 Train Loss: 0.0020358376Val Loss: 0.0015139857   LR: 1.00e-04
Epoch 1313/2000 Train Loss: 0.0023787521Val Loss: 0.0014048520   LR: 1.00e-04
Epoch 1314/2000 Train Loss: 0.0022385136Val Loss: 0.0016527455   LR: 1.00e-04
Epoch 1315/2000 Train Loss: 0.0022989548Val Loss: 0.0013617426   LR: 1.00e-04
Epoch 1316/2000 Train Loss: 0.0024625878Val Loss: 0.0018533527   LR: 1.00e-04
Epoch 1317/2000 Train Loss: 0.0021744932Val Loss: 0.0021051987   LR: 1.00e-04
Epoch 1318/2000 Train Loss: 0.0021378572Val Loss: 0.0014850957   LR: 1.00e-04
Epoch 1319/2000 Train Loss: 0.0022787599Val Loss: 0.0015176236   LR: 1.00e-04
Epoch 1320/2000 Train Loss: 0.0021673123Val Loss: 0.0015748487   LR: 1.00e-04
Epoch 1321/2000 Train Loss: 0.0022993013Val Loss: 0.0014022878   LR: 1.00e-04
Epoch 1322/2000 Train Loss: 0.0020295999Val Loss: 0.0014296496   LR: 1.00e-04
Epoch 1323/2000 Train Loss: 0.0021637623Val Loss: 0.0016971637   LR: 1.00e-04
Epoch 1324/2000 Train Loss: 0.0021170836Val Loss: 0.0014364956   LR: 1.00e-04
Epoch 1325/2000 Train Loss: 0.0021132029Val Loss: 0.0026497607   LR: 1.00e-04
Epoch 1326/2000 Train Loss: 0.0020449609Val Loss: 0.0015360773   LR: 1.00e-04
Epoch 1327/2000 Train Loss: 0.0023199541Val Loss: 0.0014313359   LR: 1.00e-04
Epoch 1328/2000 Train Loss: 0.0022604754Val Loss: 0.0015516559   LR: 1.00e-04
Epoch 1329/2000 Train Loss: 0.0020397791Val Loss: 0.0015747195   LR: 1.00e-04
Epoch 1330/2000 Train Loss: 0.0020656578Val Loss: 0.0014425167   LR: 1.00e-04
Epoch 1331/2000 Train Loss: 0.0020780362Val Loss: 0.0031432530   LR: 1.00e-04
Epoch 1332/2000 Train Loss: 0.0021598822Val Loss: 0.0013778737   LR: 1.00e-04
Epoch 1333/2000 Train Loss: 0.0022688743Val Loss: 0.0015326839   LR: 1.00e-04
Epoch 1334/2000 Train Loss: 0.0021834185Val Loss: 0.0016782310   LR: 1.00e-04
Epoch 1335/2000 Train Loss: 0.0019864284Val Loss: 0.0015617169   LR: 1.00e-04
Epoch 1336/2000 Train Loss: 0.0020710992Val Loss: 0.0014125400   LR: 1.00e-04
Epoch 1337/2000 Train Loss: 0.0022449931Val Loss: 0.0019670101   LR: 1.00e-04
Epoch 1338/2000 Train Loss: 0.0020633554Val Loss: 0.0016204847   LR: 1.00e-04
Epoch 1339/2000 Train Loss: 0.0020826553Val Loss: 0.0019073196   LR: 1.00e-04
Epoch 1340/2000 Train Loss: 0.0021753390Val Loss: 0.0014062141   LR: 1.00e-04
Epoch 1341/2000 Train Loss: 0.0020295922Val Loss: 0.0014630029   LR: 1.00e-04
Epoch 1342/2000 Train Loss: 0.0022834159Val Loss: 0.0015423557   LR: 1.00e-04
Epoch 1343/2000 Train Loss: 0.0022030811Val Loss: 0.0014728788   LR: 1.00e-04
Epoch 1344/2000 Train Loss: 0.0022191485Val Loss: 0.0015335606   LR: 1.00e-04
Epoch 1345/2000 Train Loss: 0.0021059081Val Loss: 0.0017480577   LR: 1.00e-04
Epoch 1346/2000 Train Loss: 0.0022653875Val Loss: 0.0016047061   LR: 1.00e-04
Epoch 1347/2000 Train Loss: 0.0020342606Val Loss: 0.0015217843   LR: 1.00e-04
Epoch 1348/2000 Train Loss: 0.0020145824Val Loss: 0.0018424257   LR: 1.00e-04
Epoch 1349/2000 Train Loss: 0.0019240830Val Loss: 0.0013993347   LR: 1.00e-04
Epoch 1350/2000 Train Loss: 0.0021403791Val Loss: 0.0014175109   LR: 1.00e-04
Epoch 1351/2000 Train Loss: 0.0022981622Val Loss: 0.0014504466   LR: 1.00e-04
Epoch 1352/2000 Train Loss: 0.0019463032Val Loss: 0.0014966243   LR: 1.00e-04
Epoch 1353/2000 Train Loss: 0.0020178748Val Loss: 0.0017785255   LR: 1.00e-04
Epoch 1354/2000 Train Loss: 0.0021084790Val Loss: 0.0014290523   LR: 1.00e-04
Epoch 1355/2000 Train Loss: 0.0022887796Val Loss: 0.0015475389   LR: 1.00e-04
Epoch 1356/2000 Train Loss: 0.0021548203Val Loss: 0.0015496631   LR: 1.00e-04
Epoch 1357/2000 Train Loss: 0.0020697999Val Loss: 0.0016367062   LR: 1.00e-04
Epoch 1358/2000 Train Loss: 0.0018474048Val Loss: 0.0014477689   LR: 1.00e-04
Epoch 1359/2000 Train Loss: 0.0020675360Val Loss: 0.0014744644   LR: 1.00e-04
Epoch 1360/2000 Train Loss: 0.0020482482Val Loss: 0.0020472096   LR: 1.00e-04
Epoch 1361/2000 Train Loss: 0.0024252281Val Loss: 0.0020235745   LR: 1.00e-04
Epoch 1362/2000 Train Loss: 0.0021044315Val Loss: 0.0017367716   LR: 1.00e-04
Epoch 1363/2000 Train Loss: 0.0020895032Val Loss: 0.0015692076   LR: 1.00e-04
Epoch 1364/2000 Train Loss: 0.0022314195Val Loss: 0.0016823929   LR: 1.00e-04
Epoch 1365/2000 Train Loss: 0.0022539913Val Loss: 0.0014761328   LR: 1.00e-04
Epoch 1366/2000 Train Loss: 0.0020216358Val Loss: 0.0013926976   LR: 1.00e-04
Epoch 1367/2000 Train Loss: 0.0021573714Val Loss: 0.0020086696   LR: 1.00e-04
Epoch 1368/2000 Train Loss: 0.0020157025Val Loss: 0.0013373352   LR: 1.00e-04
Epoch 1369/2000 Train Loss: 0.0019444981Val Loss: 0.0014177647   LR: 1.00e-04
Epoch 1370/2000 Train Loss: 0.0024364125Val Loss: 0.0015549302   LR: 1.00e-04
Epoch 1371/2000 Train Loss: 0.0021077648Val Loss: 0.0015554989   LR: 1.00e-04
Epoch 1372/2000 Train Loss: 0.0020451111Val Loss: 0.0014727664   LR: 1.00e-04
Epoch 1373/2000 Train Loss: 0.0021453571Val Loss: 0.0015655517   LR: 1.00e-04
Epoch 1374/2000 Train Loss: 0.0021760344Val Loss: 0.0014880470   LR: 1.00e-04
Epoch 1375/2000 Train Loss: 0.0020364110Val Loss: 0.0014813027   LR: 1.00e-04
Epoch 1376/2000 Train Loss: 0.0024212992Val Loss: 0.0019333203   LR: 1.00e-04
Epoch 1377/2000 Train Loss: 0.0020313218Val Loss: 0.0023231841   LR: 1.00e-04
Epoch 1378/2000 Train Loss: 0.0021530926Val Loss: 0.0014701161   LR: 1.00e-04
Epoch 1379/2000 Train Loss: 0.0020093664Val Loss: 0.0013915964   LR: 1.00e-04
Epoch 1380/2000 Train Loss: 0.0019014844Val Loss: 0.0015440299   LR: 1.00e-04
Epoch 1381/2000 Train Loss: 0.0021572958Val Loss: 0.0018463167   LR: 1.00e-04
Epoch 1382/2000 Train Loss: 0.0021669423Val Loss: 0.0013557987   LR: 1.00e-04
Epoch 1383/2000 Train Loss: 0.0019125693Val Loss: 0.0013672549   LR: 1.00e-04
Epoch 1384/2000 Train Loss: 0.0020515181Val Loss: 0.0018836666   LR: 1.00e-04
Epoch 1385/2000 Train Loss: 0.0022489216Val Loss: 0.0019379120   LR: 1.00e-04
Epoch 1386/2000 Train Loss: 0.0022409209Val Loss: 0.0014738279   LR: 1.00e-04
Epoch 1387/2000 Train Loss: 0.0024687952Val Loss: 0.0022271200   LR: 1.00e-04
Epoch 1388/2000 Train Loss: 0.0023931483Val Loss: 0.0018171271   LR: 1.00e-04
Epoch 1389/2000 Train Loss: 0.0018387791Val Loss: 0.0014000049   LR: 1.00e-04
Epoch 1390/2000 Train Loss: 0.0022373798Val Loss: 0.0013601064   LR: 1.00e-04
Epoch 1391/2000 Train Loss: 0.0022174981Val Loss: 0.0018947224   LR: 1.00e-04
Epoch 1392/2000 Train Loss: 0.0020887462Val Loss: 0.0014408278   LR: 1.00e-04
Epoch 1393/2000 Train Loss: 0.0018746337Val Loss: 0.0018636961   LR: 1.00e-04
Epoch 1394/2000 Train Loss: 0.0024490485Val Loss: 0.0014904064   LR: 1.00e-04
Epoch 1395/2000 Train Loss: 0.0021030886Val Loss: 0.0013930260   LR: 1.00e-04
Epoch 1396/2000 Train Loss: 0.0023522058Val Loss: 0.0015757895   LR: 1.00e-04
Epoch 1397/2000 Train Loss: 0.0022166439Val Loss: 0.0018037693   LR: 1.00e-04
Epoch 1398/2000 Train Loss: 0.0019315622Val Loss: 0.0013610704   LR: 1.00e-04
Epoch 1399/2000 Train Loss: 0.0024025922Val Loss: 0.0015029954   LR: 1.00e-04
Epoch 1400/2000 Train Loss: 0.0021106246Val Loss: 0.0013827149   LR: 1.00e-04
Epoch 1401/2000 Train Loss: 0.0020645214Val Loss: 0.0014526758   LR: 1.00e-04
Epoch 1402/2000 Train Loss: 0.0022901636Val Loss: 0.0015829115   LR: 1.00e-04
Epoch 1403/2000 Train Loss: 0.0019119582Val Loss: 0.0013638932   LR: 1.00e-04
Epoch 1404/2000 Train Loss: 0.0022053108Val Loss: 0.0018760480   LR: 1.00e-04
Epoch 1405/2000 Train Loss: 0.0023186756Val Loss: 0.0014691150   LR: 1.00e-04
Epoch 1406/2000 Train Loss: 0.0020993810Val Loss: 0.0015116217   LR: 1.00e-04
Epoch 1407/2000 Train Loss: 0.0019841889Val Loss: 0.0015104690   LR: 1.00e-04
Epoch 1408/2000 Train Loss: 0.0022100682Val Loss: 0.0017812474   LR: 1.00e-04
Epoch 1409/2000 Train Loss: 0.0020193119Val Loss: 0.0016063304   LR: 1.00e-04
Epoch 1410/2000 Train Loss: 0.0022067396Val Loss: 0.0014368856   LR: 1.00e-04
Epoch 1411/2000 Train Loss: 0.0019839453Val Loss: 0.0013534422   LR: 1.00e-04
Epoch 1412/2000 Train Loss: 0.0019061162Val Loss: 0.0014134963   LR: 1.00e-04
Epoch 1413/2000 Train Loss: 0.0021751818Val Loss: 0.0014409917   LR: 1.00e-04
Epoch 1414/2000 Train Loss: 0.0023327656Val Loss: 0.0022227414   LR: 1.00e-04
Epoch 1415/2000 Train Loss: 0.0020731151Val Loss: 0.0017751153   LR: 1.00e-04
Epoch 1416/2000 Train Loss: 0.0020940928Val Loss: 0.0019554058   LR: 1.00e-04
Epoch 1417/2000 Train Loss: 0.0022496174Val Loss: 0.0013987112   LR: 1.00e-04
Epoch 1418/2000 Train Loss: 0.0022058904Val Loss: 0.0016332303   LR: 1.00e-04
Epoch 1419/2000 Train Loss: 0.0019951880Val Loss: 0.0013425045   LR: 1.00e-04
Epoch 1420/2000 Train Loss: 0.0021964569Val Loss: 0.0014199273   LR: 1.00e-04
Epoch 1421/2000 Train Loss: 0.0019914290Val Loss: 0.0013982396   LR: 1.00e-04
Epoch 1422/2000 Train Loss: 0.0020141161Val Loss: 0.0017886044   LR: 1.00e-04
Epoch 1423/2000 Train Loss: 0.0023335836Val Loss: 0.0019079289   LR: 1.00e-04
Epoch 1424/2000 Train Loss: 0.0022490777Val Loss: 0.0013882350   LR: 1.00e-04
Epoch 1425/2000 Train Loss: 0.0019530851Val Loss: 0.0015706128   LR: 1.00e-04
Epoch 1426/2000 Train Loss: 0.0020427977Val Loss: 0.0013460045   LR: 1.00e-04
Epoch 1427/2000 Train Loss: 0.0020782228Val Loss: 0.0016519205   LR: 1.00e-04
Epoch 1428/2000 Train Loss: 0.0019006204Val Loss: 0.0016337606   LR: 1.00e-04
Epoch 1429/2000 Train Loss: 0.0019975432Val Loss: 0.0017320943   LR: 1.00e-04
Epoch 1430/2000 Train Loss: 0.0021400757Val Loss: 0.0014330355   LR: 1.00e-04
Epoch 1431/2000 Train Loss: 0.0019122841Val Loss: 0.0013585861   LR: 1.00e-04
Epoch 1432/2000 Train Loss: 0.0022910377Val Loss: 0.0022531147   LR: 1.00e-04
Epoch 1433/2000 Train Loss: 0.0021066374Val Loss: 0.0014154266   LR: 1.00e-04
Epoch 1434/2000 Train Loss: 0.0019386877Val Loss: 0.0020731580   LR: 1.00e-04
Epoch 1435/2000 Train Loss: 0.0020850198Val Loss: 0.0015461221   LR: 1.00e-04
Epoch 1436/2000 Train Loss: 0.0018160641Val Loss: 0.0019854009   LR: 1.00e-04
Epoch 1437/2000 Train Loss: 0.0024712107Val Loss: 0.0015279856   LR: 1.00e-04
Epoch 1438/2000 Train Loss: 0.0024920702Val Loss: 0.0023756343   LR: 1.00e-04
Epoch 1439/2000 Train Loss: 0.0022329121Val Loss: 0.0014135650   LR: 1.00e-04
Epoch 1440/2000 Train Loss: 0.0017489946Val Loss: 0.0017298353   LR: 1.00e-04
Epoch 1441/2000 Train Loss: 0.0022012971Val Loss: 0.0018526228   LR: 1.00e-04
Epoch 1442/2000 Train Loss: 0.0021416806Val Loss: 0.0014290150   LR: 1.00e-04
Epoch 1443/2000 Train Loss: 0.0019357738Val Loss: 0.0014485440   LR: 1.00e-04
Epoch 1444/2000 Train Loss: 0.0019843861Val Loss: 0.0015162146   LR: 1.00e-04
Epoch 1445/2000 Train Loss: 0.0020659414Val Loss: 0.0014639463   LR: 1.00e-04
Epoch 1446/2000 Train Loss: 0.0021105518Val Loss: 0.0016720496   LR: 1.00e-04
Epoch 1447/2000 Train Loss: 0.0019590903Val Loss: 0.0023459947   LR: 1.00e-04
Epoch 1448/2000 Train Loss: 0.0022356727Val Loss: 0.0014693098   LR: 1.00e-04
Epoch 1449/2000 Train Loss: 0.0020911484Val Loss: 0.0013765659   LR: 1.00e-04
Epoch 1450/2000 Train Loss: 0.0023583149Val Loss: 0.0015159328   LR: 1.00e-04
Epoch 1451/2000 Train Loss: 0.0020148096Val Loss: 0.0013583182   LR: 1.00e-04
Epoch 1452/2000 Train Loss: 0.0017770597Val Loss: 0.0014792840   LR: 1.00e-04
Epoch 1453/2000 Train Loss: 0.0019205003Val Loss: 0.0016930153   LR: 1.00e-04
Epoch 1454/2000 Train Loss: 0.0020732648Val Loss: 0.0016301713   LR: 1.00e-04
Epoch 1455/2000 Train Loss: 0.0020819135Val Loss: 0.0013953636   LR: 1.00e-04
Epoch 1456/2000 Train Loss: 0.0022857544Val Loss: 0.0014925729   LR: 1.00e-04
Epoch 1457/2000 Train Loss: 0.0021025596Val Loss: 0.0014584625   LR: 1.00e-04
Epoch 1458/2000 Train Loss: 0.0022139913Val Loss: 0.0014660699   LR: 1.00e-04
Epoch 1459/2000 Train Loss: 0.0019185816Val Loss: 0.0014058796   LR: 1.00e-04
Epoch 1460/2000 Train Loss: 0.0019485886Val Loss: 0.0016293382   LR: 1.00e-04
Epoch 1461/2000 Train Loss: 0.0021142492Val Loss: 0.0019209136   LR: 1.00e-04
Epoch 1462/2000 Train Loss: 0.0020363974Val Loss: 0.0014116254   LR: 1.00e-04
Epoch 1463/2000 Train Loss: 0.0023370013Val Loss: 0.0014992210   LR: 1.00e-04
Epoch 1464/2000 Train Loss: 0.0017939153Val Loss: 0.0016789984   LR: 1.00e-04
Epoch 1465/2000 Train Loss: 0.0019153458Val Loss: 0.0015926571   LR: 1.00e-04
Epoch 1466/2000 Train Loss: 0.0018888039Val Loss: 0.0015770713   LR: 1.00e-04
Epoch 1467/2000 Train Loss: 0.0021398262Val Loss: 0.0015330444   LR: 1.00e-04
Epoch 1468/2000 Train Loss: 0.0019084843Val Loss: 0.0014304358   LR: 1.00e-04
Epoch 1469/2000 Train Loss: 0.0019499000Val Loss: 0.0013745897   LR: 1.00e-04
Epoch 1470/2000 Train Loss: 0.0019141619Val Loss: 0.0016875815   LR: 1.00e-04
Epoch 1471/2000 Train Loss: 0.0019289613Val Loss: 0.0016015248   LR: 1.00e-04
Epoch 1472/2000 Train Loss: 0.0019295545Val Loss: 0.0013539675   LR: 1.00e-04
Epoch 1473/2000 Train Loss: 0.0020851539Val Loss: 0.0013993907   LR: 1.00e-04
Epoch 1474/2000 Train Loss: 0.0020017648Val Loss: 0.0015292903   LR: 1.00e-04
Epoch 1475/2000 Train Loss: 0.0018325414Val Loss: 0.0014364195   LR: 1.00e-04
Epoch 1476/2000 Train Loss: 0.0019838958Val Loss: 0.0014941288   LR: 1.00e-04
Epoch 1477/2000 Train Loss: 0.0021355687Val Loss: 0.0015305102   LR: 1.00e-04
Epoch 1478/2000 Train Loss: 0.0020873848Val Loss: 0.0013742277   LR: 1.00e-04
Epoch 1479/2000 Train Loss: 0.0021829359Val Loss: 0.0013701982   LR: 1.00e-04
Epoch 1480/2000 Train Loss: 0.0018430483Val Loss: 0.0014138781   LR: 1.00e-04
Epoch 1481/2000 Train Loss: 0.0020665845Val Loss: 0.0014377491   LR: 1.00e-04
Epoch 1482/2000 Train Loss: 0.0019861266Val Loss: 0.0016248799   LR: 1.00e-04
Epoch 1483/2000 Train Loss: 0.0020435900Val Loss: 0.0015114921   LR: 1.00e-04
Epoch 1484/2000 Train Loss: 0.0018275610Val Loss: 0.0014019659   LR: 1.00e-04
Epoch 1485/2000 Train Loss: 0.0019673308Val Loss: 0.0013999548   LR: 1.00e-04
Epoch 1486/2000 Train Loss: 0.0019550226Val Loss: 0.0018115241   LR: 1.00e-04
Epoch 1487/2000 Train Loss: 0.0020156418Val Loss: 0.0017224862   LR: 1.00e-04
Epoch 1488/2000 Train Loss: 0.0019278309Val Loss: 0.0015149587   LR: 1.00e-04
Epoch 1489/2000 Train Loss: 0.0021717901Val Loss: 0.0015746930   LR: 1.00e-04
Epoch 1490/2000 Train Loss: 0.0018033962Val Loss: 0.0013804322   LR: 1.00e-04
Epoch 1491/2000 Train Loss: 0.0020410780Val Loss: 0.0021087056   LR: 1.00e-04
Epoch 1492/2000 Train Loss: 0.0019836112Val Loss: 0.0016398461   LR: 1.00e-04
Epoch 1493/2000 Train Loss: 0.0019825210Val Loss: 0.0016816192   LR: 1.00e-04
Epoch 1494/2000 Train Loss: 0.0021406493Val Loss: 0.0015567139   LR: 1.00e-04
Epoch 1495/2000 Train Loss: 0.0020661983Val Loss: 0.0013349107   LR: 1.00e-04
Epoch 1496/2000 Train Loss: 0.0017901597Val Loss: 0.0014498017   LR: 1.00e-04
Epoch 1497/2000 Train Loss: 0.0019405735Val Loss: 0.0013376959   LR: 1.00e-04
Epoch 1498/2000 Train Loss: 0.0021003571Val Loss: 0.0013717940   LR: 1.00e-04
Epoch 1499/2000 Train Loss: 0.0019512188Val Loss: 0.0013758237   LR: 1.00e-04
Epoch 1500/2000 Train Loss: 0.0019780889Val Loss: 0.0017840955   LR: 1.00e-04
Epoch 1501/2000 Train Loss: 0.0020356064Val Loss: 0.0015343433   LR: 1.00e-04
Epoch 1502/2000 Train Loss: 0.0018123063Val Loss: 0.0013740398   LR: 1.00e-04
Epoch 1503/2000 Train Loss: 0.0021585341Val Loss: 0.0015440741   LR: 1.00e-04
Epoch 1504/2000 Train Loss: 0.0019136648Val Loss: 0.0013825708   LR: 1.00e-04
Epoch 1505/2000 Train Loss: 0.0020003547Val Loss: 0.0019042875   LR: 1.00e-04
Epoch 1506/2000 Train Loss: 0.0020663889Val Loss: 0.0014858280   LR: 1.00e-04
Epoch 1507/2000 Train Loss: 0.0018263813Val Loss: 0.0013607629   LR: 1.00e-04
Epoch 1508/2000 Train Loss: 0.0020008701Val Loss: 0.0018680374   LR: 1.00e-04
Epoch 1509/2000 Train Loss: 0.0019369175Val Loss: 0.0015704317   LR: 1.00e-04
Epoch 1510/2000 Train Loss: 0.0018044087Val Loss: 0.0015203882   LR: 1.00e-04
Epoch 1511/2000 Train Loss: 0.0021654411Val Loss: 0.0016786180   LR: 1.00e-04
Epoch 1512/2000 Train Loss: 0.0021499626Val Loss: 0.0014497843   LR: 1.00e-04
Epoch 1513/2000 Train Loss: 0.0020563119Val Loss: 0.0013478841   LR: 1.00e-04
Epoch 1514/2000 Train Loss: 0.0021731418Val Loss: 0.0016241088   LR: 1.00e-04
Epoch 1515/2000 Train Loss: 0.0019330385Val Loss: 0.0014001793   LR: 1.00e-04
Epoch 1516/2000 Train Loss: 0.0017502951Val Loss: 0.0017450397   LR: 1.00e-04
Epoch 1517/2000 Train Loss: 0.0018952904Val Loss: 0.0014645711   LR: 1.00e-04
Epoch 1518/2000 Train Loss: 0.0018232029Val Loss: 0.0014451171   LR: 1.00e-04
Epoch 1519/2000 Train Loss: 0.0020078599Val Loss: 0.0015434443   LR: 1.00e-04
Epoch 1520/2000 Train Loss: 0.0022601766Val Loss: 0.0017822006   LR: 1.00e-04
Epoch 1521/2000 Train Loss: 0.0023468307Val Loss: 0.0015620870   LR: 1.00e-04
Epoch 1522/2000 Train Loss: 0.0019145015Val Loss: 0.0015044864   LR: 1.00e-04
Epoch 1523/2000 Train Loss: 0.0020165853Val Loss: 0.0019295237   LR: 1.00e-04
Epoch 1524/2000 Train Loss: 0.0019065527Val Loss: 0.0014450421   LR: 1.00e-04
Epoch 1525/2000 Train Loss: 0.0019125978Val Loss: 0.0023326414   LR: 1.00e-04
Epoch 1526/2000 Train Loss: 0.0017692335Val Loss: 0.0014359019   LR: 1.00e-04
Epoch 1527/2000 Train Loss: 0.0020637486Val Loss: 0.0013871083   LR: 1.00e-04
Epoch 1528/2000 Train Loss: 0.0019677718Val Loss: 0.0014219843   LR: 1.00e-04
Epoch 1529/2000 Train Loss: 0.0018458734Val Loss: 0.0015544361   LR: 1.00e-04
Epoch 1530/2000 Train Loss: 0.0021571126Val Loss: 0.0013641847   LR: 1.00e-04
Epoch 1531/2000 Train Loss: 0.0022763060Val Loss: 0.0017285670   LR: 1.00e-04
Epoch 1532/2000 Train Loss: 0.0022813311Val Loss: 0.0014256921   LR: 1.00e-04
Epoch 1533/2000 Train Loss: 0.0020083124Val Loss: 0.0018437904   LR: 1.00e-04
Epoch 1534/2000 Train Loss: 0.0020395881Val Loss: 0.0014068345   LR: 1.00e-04
Epoch 1535/2000 Train Loss: 0.0020648419Val Loss: 0.0014002820   LR: 1.00e-04
Epoch 1536/2000 Train Loss: 0.0019462231Val Loss: 0.0023715459   LR: 1.00e-04
Epoch 1537/2000 Train Loss: 0.0022236655Val Loss: 0.0018640682   LR: 1.00e-04
Epoch 1538/2000 Train Loss: 0.0020248318Val Loss: 0.0016264743   LR: 1.00e-04
Epoch 1539/2000 Train Loss: 0.0019833066Val Loss: 0.0017384069   LR: 1.00e-04
Epoch 1540/2000 Train Loss: 0.0020069555Val Loss: 0.0014027747   LR: 1.00e-04
Epoch 1541/2000 Train Loss: 0.0019079893Val Loss: 0.0025250654   LR: 1.00e-04
Epoch 1542/2000 Train Loss: 0.0020674292Val Loss: 0.0013539033   LR: 1.00e-04
Epoch 1543/2000 Train Loss: 0.0018975244Val Loss: 0.0013565098   LR: 1.00e-04
Epoch 1544/2000 Train Loss: 0.0020132503Val Loss: 0.0013610268   LR: 1.00e-04
Epoch 1545/2000 Train Loss: 0.0020252948Val Loss: 0.0016890624   LR: 1.00e-04
Epoch 1546/2000 Train Loss: 0.0019625402Val Loss: 0.0014288813   LR: 1.00e-04
Epoch 1547/2000 Train Loss: 0.0022354305Val Loss: 0.0017088785   LR: 1.00e-04
Epoch 1548/2000 Train Loss: 0.0022118033Val Loss: 0.0028066357   LR: 1.00e-04
Epoch 1549/2000 Train Loss: 0.0019609718Val Loss: 0.0013928357   LR: 1.00e-04
Epoch 1550/2000 Train Loss: 0.0018887506Val Loss: 0.0015534041   LR: 1.00e-04
Epoch 1551/2000 Train Loss: 0.0019458803Val Loss: 0.0014838007   LR: 1.00e-04
Epoch 1552/2000 Train Loss: 0.0020964395Val Loss: 0.0014103030   LR: 1.00e-04
Epoch 1553/2000 Train Loss: 0.0019607314Val Loss: 0.0015506029   LR: 1.00e-04
Epoch 1554/2000 Train Loss: 0.0018094859Val Loss: 0.0014181342   LR: 1.00e-04
Epoch 1555/2000 Train Loss: 0.0018627117Val Loss: 0.0018073847   LR: 1.00e-04
Epoch 1556/2000 Train Loss: 0.0021355575Val Loss: 0.0018640659   LR: 1.00e-04
Epoch 1557/2000 Train Loss: 0.0017789899Val Loss: 0.0016903361   LR: 1.00e-04
Epoch 1558/2000 Train Loss: 0.0020006892Val Loss: 0.0014634588   LR: 1.00e-04
Epoch 1559/2000 Train Loss: 0.0020188447Val Loss: 0.0015877253   LR: 1.00e-04
Epoch 1560/2000 Train Loss: 0.0021303997Val Loss: 0.0015343938   LR: 1.00e-04
Epoch 1561/2000 Train Loss: 0.0018772165Val Loss: 0.0013836797   LR: 1.00e-04
Epoch 1562/2000 Train Loss: 0.0019300076Val Loss: 0.0014317170   LR: 1.00e-04
Epoch 1563/2000 Train Loss: 0.0020440900Val Loss: 0.0013771532   LR: 1.00e-04
Epoch 1564/2000 Train Loss: 0.0020800626Val Loss: 0.0016300494   LR: 1.00e-04
Epoch 1565/2000 Train Loss: 0.0019767011Val Loss: 0.0023103408   LR: 1.00e-04
Epoch 1566/2000 Train Loss: 0.0018955255Val Loss: 0.0016568795   LR: 1.00e-04
Epoch 1567/2000 Train Loss: 0.0020287374Val Loss: 0.0013791386   LR: 1.00e-04
Epoch 1568/2000 Train Loss: 0.0019482287Val Loss: 0.0013784009   LR: 1.00e-04
Epoch 1569/2000 Train Loss: 0.0019726374Val Loss: 0.0013292198   LR: 1.00e-04
Epoch 1570/2000 Train Loss: 0.0018263376Val Loss: 0.0014529783   LR: 1.00e-04
Epoch 1571/2000 Train Loss: 0.0020178503Val Loss: 0.0016321194   LR: 1.00e-04
Epoch 1572/2000 Train Loss: 0.0018929254Val Loss: 0.0015109180   LR: 1.00e-04
Epoch 1573/2000 Train Loss: 0.0019002220Val Loss: 0.0013263102   LR: 1.00e-04
Epoch 1574/2000 Train Loss: 0.0020020288Val Loss: 0.0013882773   LR: 1.00e-04
Epoch 1575/2000 Train Loss: 0.0018955637Val Loss: 0.0014763538   LR: 1.00e-04
Epoch 1576/2000 Train Loss: 0.0018444012Val Loss: 0.0015361359   LR: 1.00e-04
Epoch 1577/2000 Train Loss: 0.0019087301Val Loss: 0.0015926995   LR: 1.00e-04
Epoch 1578/2000 Train Loss: 0.0020969043Val Loss: 0.0015156459   LR: 1.00e-04
Epoch 1579/2000 Train Loss: 0.0022522396Val Loss: 0.0015028446   LR: 1.00e-04
Epoch 1580/2000 Train Loss: 0.0018017272Val Loss: 0.0014988878   LR: 1.00e-04
Epoch 1581/2000 Train Loss: 0.0019501667Val Loss: 0.0016657686   LR: 1.00e-04
Epoch 1582/2000 Train Loss: 0.0021627651Val Loss: 0.0015112010   LR: 1.00e-04
Epoch 1583/2000 Train Loss: 0.0021764063Val Loss: 0.0014875859   LR: 1.00e-04
Epoch 1584/2000 Train Loss: 0.0018621454Val Loss: 0.0013576149   LR: 1.00e-04
Epoch 1585/2000 Train Loss: 0.0019774223Val Loss: 0.0012991870   LR: 1.00e-04
Epoch 1586/2000 Train Loss: 0.0020568832Val Loss: 0.0014279997   LR: 1.00e-04
Epoch 1587/2000 Train Loss: 0.0019418487Val Loss: 0.0015801147   LR: 1.00e-04
Epoch 1588/2000 Train Loss: 0.0018000178Val Loss: 0.0014743336   LR: 1.00e-04
Epoch 1589/2000 Train Loss: 0.0020176181Val Loss: 0.0014724182   LR: 1.00e-04
Epoch 1590/2000 Train Loss: 0.0021685699Val Loss: 0.0013122830   LR: 1.00e-04
Epoch 1591/2000 Train Loss: 0.0017544881Val Loss: 0.0013682240   LR: 1.00e-04
Epoch 1592/2000 Train Loss: 0.0019829756Val Loss: 0.0017449248   LR: 1.00e-04
Epoch 1593/2000 Train Loss: 0.0021423118Val Loss: 0.0014067389   LR: 1.00e-04
Epoch 1594/2000 Train Loss: 0.0020938286Val Loss: 0.0016146941   LR: 1.00e-04
Epoch 1595/2000 Train Loss: 0.0019283513Val Loss: 0.0015142895   LR: 1.00e-04
Epoch 1596/2000 Train Loss: 0.0019022751Val Loss: 0.0014219071   LR: 1.00e-04
Epoch 1597/2000 Train Loss: 0.0018838418Val Loss: 0.0014553071   LR: 1.00e-04
Epoch 1598/2000 Train Loss: 0.0019236745Val Loss: 0.0012932549   LR: 1.00e-04
Epoch 1599/2000 Train Loss: 0.0017783418Val Loss: 0.0015694680   LR: 1.00e-04
Epoch 1600/2000 Train Loss: 0.0019056333Val Loss: 0.0015020865   LR: 1.00e-04
Epoch 1601/2000 Train Loss: 0.0021835236Val Loss: 0.0015676756   LR: 1.00e-04
Epoch 1602/2000 Train Loss: 0.0019647121Val Loss: 0.0014423444   LR: 1.00e-04
Epoch 1603/2000 Train Loss: 0.0019733914Val Loss: 0.0013638999   LR: 1.00e-04
Epoch 1604/2000 Train Loss: 0.0017526537Val Loss: 0.0013688569   LR: 1.00e-04
Epoch 1605/2000 Train Loss: 0.0017779413Val Loss: 0.0017486524   LR: 1.00e-04
Epoch 1606/2000 Train Loss: 0.0018561706Val Loss: 0.0013840985   LR: 1.00e-04
Epoch 1607/2000 Train Loss: 0.0020994605Val Loss: 0.0014016875   LR: 1.00e-04
Epoch 1608/2000 Train Loss: 0.0020117552Val Loss: 0.0015085306   LR: 1.00e-04
Epoch 1609/2000 Train Loss: 0.0018524032Val Loss: 0.0013735849   LR: 1.00e-04
Epoch 1610/2000 Train Loss: 0.0020243965Val Loss: 0.0016438557   LR: 1.00e-04
Epoch 1611/2000 Train Loss: 0.0019952320Val Loss: 0.0013990714   LR: 1.00e-04
Epoch 1612/2000 Train Loss: 0.0020682981Val Loss: 0.0016465080   LR: 1.00e-04
Epoch 1613/2000 Train Loss: 0.0021564997Val Loss: 0.0014692556   LR: 1.00e-04
Epoch 1614/2000 Train Loss: 0.0020878025Val Loss: 0.0015762178   LR: 1.00e-04
Epoch 1615/2000 Train Loss: 0.0019720859Val Loss: 0.0018587199   LR: 1.00e-04
Epoch 1616/2000 Train Loss: 0.0020665668Val Loss: 0.0015194550   LR: 1.00e-04
Epoch 1617/2000 Train Loss: 0.0019284999Val Loss: 0.0015533675   LR: 1.00e-04
Epoch 1618/2000 Train Loss: 0.0019060770Val Loss: 0.0012965004   LR: 1.00e-04
Epoch 1619/2000 Train Loss: 0.0019306413Val Loss: 0.0013492323   LR: 1.00e-04
Epoch 1620/2000 Train Loss: 0.0021068558Val Loss: 0.0017200546   LR: 1.00e-04
Epoch 1621/2000 Train Loss: 0.0020514919Val Loss: 0.0014813291   LR: 1.00e-04
Epoch 1622/2000 Train Loss: 0.0021356599Val Loss: 0.0015957365   LR: 1.00e-04
Epoch 1623/2000 Train Loss: 0.0019911996Val Loss: 0.0013336555   LR: 1.00e-04
Epoch 1624/2000 Train Loss: 0.0017676638Val Loss: 0.0014428585   LR: 1.00e-04
Epoch 1625/2000 Train Loss: 0.0018349534Val Loss: 0.0014315171   LR: 1.00e-04
Epoch 1626/2000 Train Loss: 0.0019911745Val Loss: 0.0016066376   LR: 1.00e-04
Epoch 1627/2000 Train Loss: 0.0020281621Val Loss: 0.0016522718   LR: 1.00e-04
Epoch 1628/2000 Train Loss: 0.0021379000Val Loss: 0.0018849317   LR: 1.00e-04
Epoch 1629/2000 Train Loss: 0.0020331373Val Loss: 0.0015497085   LR: 1.00e-04
Epoch 1630/2000 Train Loss: 0.0018252606Val Loss: 0.0013677558   LR: 1.00e-04
Epoch 1631/2000 Train Loss: 0.0018346749Val Loss: 0.0014888364   LR: 1.00e-04
Epoch 1632/2000 Train Loss: 0.0017013101Val Loss: 0.0020474647   LR: 1.00e-04
Epoch 1633/2000 Train Loss: 0.0018679098Val Loss: 0.0014741552   LR: 1.00e-04
Epoch 1634/2000 Train Loss: 0.0020167772Val Loss: 0.0020544156   LR: 1.00e-04
Epoch 1635/2000 Train Loss: 0.0017349169Val Loss: 0.0014582365   LR: 1.00e-04
Epoch 1636/2000 Train Loss: 0.0018643021Val Loss: 0.0013927306   LR: 1.00e-04
Epoch 1637/2000 Train Loss: 0.0020124430Val Loss: 0.0014421404   LR: 1.00e-04
Epoch 1638/2000 Train Loss: 0.0019884626Val Loss: 0.0015749798   LR: 1.00e-04
Epoch 1639/2000 Train Loss: 0.0019514966Val Loss: 0.0013907011   LR: 1.00e-04
Epoch 1640/2000 Train Loss: 0.0021236196Val Loss: 0.0014362974   LR: 1.00e-04
Epoch 1641/2000 Train Loss: 0.0019788321Val Loss: 0.0015484651   LR: 1.00e-04
Epoch 1642/2000 Train Loss: 0.0021255895Val Loss: 0.0013580875   LR: 1.00e-04
Epoch 1643/2000 Train Loss: 0.0018573993Val Loss: 0.0017408394   LR: 1.00e-04
Epoch 1644/2000 Train Loss: 0.0020681904Val Loss: 0.0015486176   LR: 1.00e-04
Epoch 1645/2000 Train Loss: 0.0018982774Val Loss: 0.0015926833   LR: 1.00e-04
Epoch 1646/2000 Train Loss: 0.0019262601Val Loss: 0.0013876484   LR: 1.00e-04
Epoch 1647/2000 Train Loss: 0.0019155311Val Loss: 0.0014726652   LR: 1.00e-04
Epoch 1648/2000 Train Loss: 0.0019667742Val Loss: 0.0014781065   LR: 1.00e-04
Epoch 1649/2000 Train Loss: 0.0019266751Val Loss: 0.0017184593   LR: 1.00e-04
Epoch 1650/2000 Train Loss: 0.0020338079Val Loss: 0.0014851280   LR: 1.00e-04
Epoch 1651/2000 Train Loss: 0.0020964306Val Loss: 0.0015133930   LR: 1.00e-04
Epoch 1652/2000 Train Loss: 0.0020194371Val Loss: 0.0019010892   LR: 1.00e-04
Epoch 1653/2000 Train Loss: 0.0019504668Val Loss: 0.0016341074   LR: 1.00e-04
Epoch 1654/2000 Train Loss: 0.0020740335Val Loss: 0.0014943529   LR: 1.00e-04
Epoch 1655/2000 Train Loss: 0.0017339724Val Loss: 0.0016213987   LR: 1.00e-04
Epoch 1656/2000 Train Loss: 0.0018257466Val Loss: 0.0017251728   LR: 1.00e-04
Epoch 1657/2000 Train Loss: 0.0021791820Val Loss: 0.0014735576   LR: 1.00e-04
Epoch 1658/2000 Train Loss: 0.0021231403Val Loss: 0.0016301088   LR: 1.00e-04
Epoch 1659/2000 Train Loss: 0.0018444771Val Loss: 0.0015939701   LR: 1.00e-04
Epoch 1660/2000 Train Loss: 0.0021724814Val Loss: 0.0015728559   LR: 1.00e-04
Epoch 1661/2000 Train Loss: 0.0019887490Val Loss: 0.0018282067   LR: 1.00e-04
Epoch 1662/2000 Train Loss: 0.0018693953Val Loss: 0.0014399083   LR: 1.00e-04
Epoch 1663/2000 Train Loss: 0.0018014763Val Loss: 0.0013430874   LR: 1.00e-04
Epoch 1664/2000 Train Loss: 0.0019795496Val Loss: 0.0013291705   LR: 1.00e-04
Epoch 1665/2000 Train Loss: 0.0019309166Val Loss: 0.0013570380   LR: 1.00e-04
Epoch 1666/2000 Train Loss: 0.0019423865Val Loss: 0.0014347737   LR: 1.00e-04
Epoch 1667/2000 Train Loss: 0.0017635447Val Loss: 0.0014694874   LR: 1.00e-04
Epoch 1668/2000 Train Loss: 0.0019635651Val Loss: 0.0014059397   LR: 1.00e-04
Epoch 1669/2000 Train Loss: 0.0020379142Val Loss: 0.0014292723   LR: 1.00e-04
Epoch 1670/2000 Train Loss: 0.0021919539Val Loss: 0.0018074356   LR: 1.00e-04
Epoch 1671/2000 Train Loss: 0.0019522518Val Loss: 0.0014556641   LR: 1.00e-04
Epoch 1672/2000 Train Loss: 0.0017053682Val Loss: 0.0013212993   LR: 1.00e-04
Epoch 1673/2000 Train Loss: 0.0020320766Val Loss: 0.0015367929   LR: 1.00e-04
Epoch 1674/2000 Train Loss: 0.0017604200Val Loss: 0.0014011109   LR: 1.00e-04
Epoch 1675/2000 Train Loss: 0.0018129756Val Loss: 0.0019012356   LR: 1.00e-04
Epoch 1676/2000 Train Loss: 0.0018399993Val Loss: 0.0013458524   LR: 1.00e-04
Epoch 1677/2000 Train Loss: 0.0017936340Val Loss: 0.0013670997   LR: 1.00e-04
Epoch 1678/2000 Train Loss: 0.0020007536Val Loss: 0.0014256373   LR: 1.00e-04
Epoch 1679/2000 Train Loss: 0.0020071529Val Loss: 0.0016469618   LR: 1.00e-04
Epoch 1680/2000 Train Loss: 0.0019123354Val Loss: 0.0013434073   LR: 1.00e-04
Epoch 1681/2000 Train Loss: 0.0019796832Val Loss: 0.0014099312   LR: 1.00e-04
Epoch 1682/2000 Train Loss: 0.0019404982Val Loss: 0.0014019684   LR: 1.00e-04
Epoch 1683/2000 Train Loss: 0.0019634946Val Loss: 0.0013729744   LR: 1.00e-04
Epoch 1684/2000 Train Loss: 0.0020382059Val Loss: 0.0015005459   LR: 1.00e-04
Epoch 1685/2000 Train Loss: 0.0016539549Val Loss: 0.0014604964   LR: 1.00e-04
Epoch 1686/2000 Train Loss: 0.0018597359Val Loss: 0.0013703589   LR: 1.00e-04
Epoch 1687/2000 Train Loss: 0.0019032801Val Loss: 0.0017329107   LR: 1.00e-04
Epoch 1688/2000 Train Loss: 0.0018459627Val Loss: 0.0013739238   LR: 1.00e-04
Epoch 1689/2000 Train Loss: 0.0021494974Val Loss: 0.0014840176   LR: 1.00e-04
Epoch 1690/2000 Train Loss: 0.0018226313Val Loss: 0.0014123184   LR: 1.00e-04
Epoch 1691/2000 Train Loss: 0.0019617806Val Loss: 0.0020206179   LR: 1.00e-04
Epoch 1692/2000 Train Loss: 0.0019807624Val Loss: 0.0017836961   LR: 1.00e-04
Epoch 1693/2000 Train Loss: 0.0020138734Val Loss: 0.0018963583   LR: 1.00e-04
Epoch 1694/2000 Train Loss: 0.0018636168Val Loss: 0.0021377525   LR: 1.00e-04
Epoch 1695/2000 Train Loss: 0.0019807362Val Loss: 0.0013957140   LR: 1.00e-04
Epoch 1696/2000 Train Loss: 0.0019524736Val Loss: 0.0016484459   LR: 1.00e-04
Epoch 1697/2000 Train Loss: 0.0018591438Val Loss: 0.0014191206   LR: 1.00e-04
Epoch 1698/2000 Train Loss: 0.0019852610Val Loss: 0.0015306579   LR: 1.00e-04
Epoch 1699/2000 Train Loss: 0.0018767960Val Loss: 0.0017449775   LR: 1.00e-04
Epoch 1700/2000 Train Loss: 0.0017753063Val Loss: 0.0013274711   LR: 1.00e-04
Epoch 1701/2000 Train Loss: 0.0018508935Val Loss: 0.0014487405   LR: 1.00e-04
Epoch 1702/2000 Train Loss: 0.0016908017Val Loss: 0.0013294202   LR: 1.00e-04
Epoch 1703/2000 Train Loss: 0.0017991216Val Loss: 0.0018450394   LR: 1.00e-04
Epoch 1704/2000 Train Loss: 0.0019678879Val Loss: 0.0013705016   LR: 1.00e-04
Epoch 1705/2000 Train Loss: 0.0017681367Val Loss: 0.0014811128   LR: 1.00e-04
Epoch 1706/2000 Train Loss: 0.0017414998Val Loss: 0.0014512034   LR: 1.00e-04
Epoch 1707/2000 Train Loss: 0.0019366682Val Loss: 0.0014423252   LR: 1.00e-04
Epoch 1708/2000 Train Loss: 0.0020408762Val Loss: 0.0013546945   LR: 1.00e-04
Epoch 1709/2000 Train Loss: 0.0019258088Val Loss: 0.0019171053   LR: 1.00e-04
Epoch 1710/2000 Train Loss: 0.0020046876Val Loss: 0.0014491719   LR: 1.00e-04
Epoch 1711/2000 Train Loss: 0.0019248556Val Loss: 0.0017318277   LR: 1.00e-04
Epoch 1712/2000 Train Loss: 0.0019573819Val Loss: 0.0022801434   LR: 1.00e-04
Epoch 1713/2000 Train Loss: 0.0020416613Val Loss: 0.0017888595   LR: 1.00e-04
Epoch 1714/2000 Train Loss: 0.0017292077Val Loss: 0.0015795404   LR: 1.00e-04
Epoch 1715/2000 Train Loss: 0.0020004084Val Loss: 0.0013455103   LR: 1.00e-04
Epoch 1716/2000 Train Loss: 0.0018395041Val Loss: 0.0016096728   LR: 1.00e-04
Epoch 1717/2000 Train Loss: 0.0018337321Val Loss: 0.0014498952   LR: 1.00e-04
Epoch 1718/2000 Train Loss: 0.0019991010Val Loss: 0.0016713637   LR: 1.00e-04
Epoch 1719/2000 Train Loss: 0.0018978626Val Loss: 0.0013831716   LR: 1.00e-04
Epoch 1720/2000 Train Loss: 0.0019192366Val Loss: 0.0015149769   LR: 1.00e-04
Epoch 1721/2000 Train Loss: 0.0019729726Val Loss: 0.0015487585   LR: 1.00e-04
Epoch 1722/2000 Train Loss: 0.0019102267Val Loss: 0.0016490529   LR: 1.00e-04
Epoch 1723/2000 Train Loss: 0.0018925918Val Loss: 0.0013208853   LR: 1.00e-04
Epoch 1724/2000 Train Loss: 0.0018455630Val Loss: 0.0024667945   LR: 1.00e-04
Epoch 1725/2000 Train Loss: 0.0021583599Val Loss: 0.0015790830   LR: 1.00e-04
Epoch 1726/2000 Train Loss: 0.0019932556Val Loss: 0.0013911098   LR: 1.00e-04
Epoch 1727/2000 Train Loss: 0.0016766464Val Loss: 0.0013608875   LR: 1.00e-04
Epoch 1728/2000 Train Loss: 0.0017932320Val Loss: 0.0015046244   LR: 1.00e-04
Epoch 1729/2000 Train Loss: 0.0020916646Val Loss: 0.0019967519   LR: 1.00e-04
Epoch 1730/2000 Train Loss: 0.0018512033Val Loss: 0.0015643052   LR: 1.00e-04
Epoch 1731/2000 Train Loss: 0.0019604521Val Loss: 0.0015232305   LR: 1.00e-04
Epoch 1732/2000 Train Loss: 0.0018613600Val Loss: 0.0013815524   LR: 1.00e-04
Epoch 1733/2000 Train Loss: 0.0017716740Val Loss: 0.0013458047   LR: 1.00e-04
Epoch 1734/2000 Train Loss: 0.0018523441Val Loss: 0.0017275455   LR: 1.00e-04
Epoch 1735/2000 Train Loss: 0.0018258964Val Loss: 0.0014023539   LR: 1.00e-04
Epoch 1736/2000 Train Loss: 0.0019332071Val Loss: 0.0017071558   LR: 1.00e-04
Epoch 1737/2000 Train Loss: 0.0019414004Val Loss: 0.0017414042   LR: 1.00e-04
Epoch 1738/2000 Train Loss: 0.0019739793Val Loss: 0.0016247496   LR: 1.00e-04
Epoch 1739/2000 Train Loss: 0.0019447491Val Loss: 0.0014034752   LR: 1.00e-04
Epoch 1740/2000 Train Loss: 0.0018849627Val Loss: 0.0020365408   LR: 1.00e-04
Epoch 1741/2000 Train Loss: 0.0019457011Val Loss: 0.0013483098   LR: 1.00e-04
Epoch 1742/2000 Train Loss: 0.0018986881Val Loss: 0.0013225227   LR: 1.00e-04
Epoch 1743/2000 Train Loss: 0.0018311743Val Loss: 0.0014124170   LR: 1.00e-04
Epoch 1744/2000 Train Loss: 0.0019087311Val Loss: 0.0016132587   LR: 1.00e-04
Epoch 1745/2000 Train Loss: 0.0020469871Val Loss: 0.0014651949   LR: 1.00e-04
Epoch 1746/2000 Train Loss: 0.0019650124Val Loss: 0.0015688700   LR: 1.00e-04
Epoch 1747/2000 Train Loss: 0.0018345689Val Loss: 0.0016465635   LR: 1.00e-04
Epoch 1748/2000 Train Loss: 0.0017583859Val Loss: 0.0013997172   LR: 1.00e-04
Epoch 1749/2000 Train Loss: 0.0018549376Val Loss: 0.0014610209   LR: 1.00e-04
Epoch 1750/2000 Train Loss: 0.0017826027Val Loss: 0.0014734926   LR: 1.00e-04
Epoch 1751/2000 Train Loss: 0.0019451018Val Loss: 0.0013399287   LR: 1.00e-04
Epoch 1752/2000 Train Loss: 0.0018503622Val Loss: 0.0016826755   LR: 1.00e-04
Epoch 1753/2000 Train Loss: 0.0018142301Val Loss: 0.0016329448   LR: 1.00e-04
Epoch 1754/2000 Train Loss: 0.0016917898Val Loss: 0.0013729949   LR: 1.00e-04
Epoch 1755/2000 Train Loss: 0.0018832023Val Loss: 0.0013050484   LR: 1.00e-04
Epoch 1756/2000 Train Loss: 0.0019221273Val Loss: 0.0014456415   LR: 1.00e-04
Epoch 1757/2000 Train Loss: 0.0018096390Val Loss: 0.0016096915   LR: 1.00e-04
Epoch 1758/2000 Train Loss: 0.0017594809Val Loss: 0.0013536554   LR: 1.00e-04
Epoch 1759/2000 Train Loss: 0.0017450120Val Loss: 0.0013035734   LR: 1.00e-04
Epoch 1760/2000 Train Loss: 0.0019243391Val Loss: 0.0013716676   LR: 1.00e-04
Epoch 1761/2000 Train Loss: 0.0017760761Val Loss: 0.0014738742   LR: 1.00e-04
Epoch 1762/2000 Train Loss: 0.0017550469Val Loss: 0.0015632157   LR: 1.00e-04
Epoch 1763/2000 Train Loss: 0.0019094789Val Loss: 0.0013234410   LR: 1.00e-04
Epoch 1764/2000 Train Loss: 0.0018041446Val Loss: 0.0016992459   LR: 1.00e-04
Epoch 1765/2000 Train Loss: 0.0019797300Val Loss: 0.0014329079   LR: 1.00e-04
Epoch 1766/2000 Train Loss: 0.0020210088Val Loss: 0.0017342162   LR: 1.00e-04
Epoch 1767/2000 Train Loss: 0.0018990971Val Loss: 0.0014502679   LR: 1.00e-04
Epoch 1768/2000 Train Loss: 0.0020084424Val Loss: 0.0014839584   LR: 1.00e-04
Epoch 1769/2000 Train Loss: 0.0021395752Val Loss: 0.0025015703   LR: 1.00e-04
Epoch 1770/2000 Train Loss: 0.0019199403Val Loss: 0.0014562523   LR: 1.00e-04
Epoch 1771/2000 Train Loss: 0.0019367157Val Loss: 0.0014098120   LR: 1.00e-04
Epoch 1772/2000 Train Loss: 0.0019329782Val Loss: 0.0013721412   LR: 1.00e-04
Epoch 1773/2000 Train Loss: 0.0018340692Val Loss: 0.0014368949   LR: 1.00e-04
Epoch 1774/2000 Train Loss: 0.0019520127Val Loss: 0.0014404906   LR: 1.00e-04
Epoch 1775/2000 Train Loss: 0.0020426582Val Loss: 0.0015815100   LR: 1.00e-04
Epoch 1776/2000 Train Loss: 0.0019904184Val Loss: 0.0014210088   LR: 1.00e-04
Epoch 1777/2000 Train Loss: 0.0016835664Val Loss: 0.0013843392   LR: 1.00e-04
Epoch 1778/2000 Train Loss: 0.0018136174Val Loss: 0.0017620926   LR: 1.00e-04
Epoch 1779/2000 Train Loss: 0.0018763331Val Loss: 0.0014244247   LR: 1.00e-04
Epoch 1780/2000 Train Loss: 0.0019198013Val Loss: 0.0013940018   LR: 1.00e-04
Epoch 1781/2000 Train Loss: 0.0017444059Val Loss: 0.0014287154   LR: 1.00e-04
Epoch 1782/2000 Train Loss: 0.0017805338Val Loss: 0.0013920571   LR: 1.00e-04
Epoch 1783/2000 Train Loss: 0.0020515437Val Loss: 0.0015109706   LR: 1.00e-04
Epoch 1784/2000 Train Loss: 0.0017640547Val Loss: 0.0014789485   LR: 1.00e-04
Epoch 1785/2000 Train Loss: 0.0018485793Val Loss: 0.0019248422   LR: 1.00e-04
Epoch 1786/2000 Train Loss: 0.0019359601Val Loss: 0.0013956314   LR: 1.00e-04
Epoch 1787/2000 Train Loss: 0.0017167358Val Loss: 0.0013662795   LR: 1.00e-04
Epoch 1788/2000 Train Loss: 0.0017662443Val Loss: 0.0013532103   LR: 1.00e-04
Epoch 1789/2000 Train Loss: 0.0017830533Val Loss: 0.0013449772   LR: 1.00e-04
Epoch 1790/2000 Train Loss: 0.0018832314Val Loss: 0.0015862598   LR: 1.00e-04
Epoch 1791/2000 Train Loss: 0.0017570957Val Loss: 0.0017392601   LR: 1.00e-04
Epoch 1792/2000 Train Loss: 0.0020851234Val Loss: 0.0016350052   LR: 1.00e-04
Epoch 1793/2000 Train Loss: 0.0018875130Val Loss: 0.0015591972   LR: 1.00e-04
Epoch 1794/2000 Train Loss: 0.0019573845Val Loss: 0.0014761987   LR: 1.00e-04
Epoch 1795/2000 Train Loss: 0.0019748385Val Loss: 0.0015064056   LR: 1.00e-04
Epoch 1796/2000 Train Loss: 0.0019234517Val Loss: 0.0013584687   LR: 1.00e-04
Epoch 1797/2000 Train Loss: 0.0020896409Val Loss: 0.0013601603   LR: 1.00e-04
Epoch 1798/2000 Train Loss: 0.0017859779Val Loss: 0.0014390752   LR: 1.00e-04
Epoch 1799/2000 Train Loss: 0.0018586079Val Loss: 0.0014965058   LR: 1.00e-04
Epoch 1800/2000 Train Loss: 0.0017446062Val Loss: 0.0015119964   LR: 1.00e-04
Epoch 1801/2000 Train Loss: 0.0017924975Val Loss: 0.0014368088   LR: 1.00e-04
Epoch 1802/2000 Train Loss: 0.0018531430Val Loss: 0.0018726291   LR: 1.00e-04
Epoch 1803/2000 Train Loss: 0.0017745860Val Loss: 0.0015932569   LR: 1.00e-04
Epoch 1804/2000 Train Loss: 0.0020776721Val Loss: 0.0013557024   LR: 1.00e-04
Epoch 1805/2000 Train Loss: 0.0019107108Val Loss: 0.0014193636   LR: 1.00e-04
Epoch 1806/2000 Train Loss: 0.0020449489Val Loss: 0.0014851579   LR: 1.00e-04
Epoch 1807/2000 Train Loss: 0.0020123868Val Loss: 0.0015301580   LR: 1.00e-04
Epoch 1808/2000 Train Loss: 0.0019044369Val Loss: 0.0017283035   LR: 1.00e-04
Epoch 1809/2000 Train Loss: 0.0019683340Val Loss: 0.0014112700   LR: 1.00e-04
Epoch 1810/2000 Train Loss: 0.0018736250Val Loss: 0.0015153539   LR: 1.00e-04
Epoch 1811/2000 Train Loss: 0.0018344059Val Loss: 0.0014068584   LR: 1.00e-04
Epoch 1812/2000 Train Loss: 0.0019475947Val Loss: 0.0014185129   LR: 1.00e-04
Epoch 1813/2000 Train Loss: 0.0017951007Val Loss: 0.0015218747   LR: 1.00e-04
Epoch 1814/2000 Train Loss: 0.0017964676Val Loss: 0.0014470160   LR: 1.00e-04
Epoch 1815/2000 Train Loss: 0.0016882455Val Loss: 0.0013863985   LR: 1.00e-04
Epoch 1816/2000 Train Loss: 0.0019602103Val Loss: 0.0014008651   LR: 1.00e-04
Epoch 1817/2000 Train Loss: 0.0018457856Val Loss: 0.0015554688   LR: 1.00e-04
Epoch 1818/2000 Train Loss: 0.0016902273Val Loss: 0.0014361506   LR: 1.00e-04
Epoch 1819/2000 Train Loss: 0.0019104592Val Loss: 0.0015078844   LR: 1.00e-04
Epoch 1820/2000 Train Loss: 0.0020619917Val Loss: 0.0013867946   LR: 1.00e-04
Epoch 1821/2000 Train Loss: 0.0019283288Val Loss: 0.0014064400   LR: 1.00e-04
Epoch 1822/2000 Train Loss: 0.0017146902Val Loss: 0.0014374910   LR: 1.00e-04
Epoch 1823/2000 Train Loss: 0.0020766860Val Loss: 0.0014628194   LR: 1.00e-04
Epoch 1824/2000 Train Loss: 0.0019184279Val Loss: 0.0014136188   LR: 1.00e-04
Epoch 1825/2000 Train Loss: 0.0020677275Val Loss: 0.0014076535   LR: 1.00e-04
Epoch 1826/2000 Train Loss: 0.0018912663Val Loss: 0.0018365831   LR: 1.00e-04
Epoch 1827/2000 Train Loss: 0.0019774338Val Loss: 0.0013740306   LR: 1.00e-04
Epoch 1828/2000 Train Loss: 0.0019947809Val Loss: 0.0018751170   LR: 1.00e-04
Epoch 1829/2000 Train Loss: 0.0022505260Val Loss: 0.0016462512   LR: 1.00e-04
Epoch 1830/2000 Train Loss: 0.0020983434Val Loss: 0.0013073230   LR: 1.00e-04
Epoch 1831/2000 Train Loss: 0.0017446069Val Loss: 0.0013859284   LR: 1.00e-04
Epoch 1832/2000 Train Loss: 0.0018672490Val Loss: 0.0016105335   LR: 1.00e-04
Epoch 1833/2000 Train Loss: 0.0018531818Val Loss: 0.0012941891   LR: 1.00e-04
Epoch 1834/2000 Train Loss: 0.0018119528Val Loss: 0.0014149117   LR: 1.00e-04
Epoch 1835/2000 Train Loss: 0.0016715552Val Loss: 0.0014454063   LR: 1.00e-04
Epoch 1836/2000 Train Loss: 0.0018424861Val Loss: 0.0014537439   LR: 1.00e-04
Epoch 1837/2000 Train Loss: 0.0020850481Val Loss: 0.0016490399   LR: 1.00e-04
Epoch 1838/2000 Train Loss: 0.0018766123Val Loss: 0.0014743164   LR: 1.00e-04
Epoch 1839/2000 Train Loss: 0.0018928921Val Loss: 0.0014805413   LR: 1.00e-04
Epoch 1840/2000 Train Loss: 0.0018771991Val Loss: 0.0013585330   LR: 1.00e-04
Epoch 1841/2000 Train Loss: 0.0018578563Val Loss: 0.0013261443   LR: 1.00e-04
Epoch 1842/2000 Train Loss: 0.0016893997Val Loss: 0.0013392069   LR: 1.00e-04
Epoch 1843/2000 Train Loss: 0.0020143039Val Loss: 0.0014327198   LR: 1.00e-04
Epoch 1844/2000 Train Loss: 0.0017811910Val Loss: 0.0016120151   LR: 1.00e-04
Epoch 1845/2000 Train Loss: 0.0018611375Val Loss: 0.0014765647   LR: 1.00e-04
Epoch 1846/2000 Train Loss: 0.0018693945Val Loss: 0.0013010375   LR: 1.00e-04
Epoch 1847/2000 Train Loss: 0.0019160380Val Loss: 0.0018943920   LR: 1.00e-04
Epoch 1848/2000 Train Loss: 0.0021040617Val Loss: 0.0014070480   LR: 1.00e-04
Epoch 1849/2000 Train Loss: 0.0019869380Val Loss: 0.0013551482   LR: 1.00e-04
Epoch 1850/2000 Train Loss: 0.0019768744Val Loss: 0.0014015660   LR: 1.00e-04
Epoch 1851/2000 Train Loss: 0.0018426202Val Loss: 0.0017526884   LR: 1.00e-04
Epoch 1852/2000 Train Loss: 0.0020912503Val Loss: 0.0015089675   LR: 1.00e-04
Epoch 1853/2000 Train Loss: 0.0017607827Val Loss: 0.0015380123   LR: 1.00e-04
Epoch 1854/2000 Train Loss: 0.0019432369Val Loss: 0.0018946320   LR: 1.00e-04
Epoch 1855/2000 Train Loss: 0.0018316046Val Loss: 0.0015098820   LR: 1.00e-04
Epoch 1856/2000 Train Loss: 0.0018136054Val Loss: 0.0013117534   LR: 1.00e-04
Epoch 1857/2000 Train Loss: 0.0018507562Val Loss: 0.0014155303   LR: 1.00e-04
Epoch 1858/2000 Train Loss: 0.0018474463Val Loss: 0.0015768819   LR: 1.00e-04
Epoch 1859/2000 Train Loss: 0.0016879553Val Loss: 0.0014190848   LR: 1.00e-04
Epoch 1860/2000 Train Loss: 0.0017981035Val Loss: 0.0012739322   LR: 1.00e-04
Epoch 1861/2000 Train Loss: 0.0017435144Val Loss: 0.0014022863   LR: 1.00e-04
Epoch 1862/2000 Train Loss: 0.0016309686Val Loss: 0.0014073698   LR: 1.00e-04
Epoch 1863/2000 Train Loss: 0.0016279532Val Loss: 0.0021210305   LR: 1.00e-04
Epoch 1864/2000 Train Loss: 0.0019758598Val Loss: 0.0015194478   LR: 1.00e-04
Epoch 1865/2000 Train Loss: 0.0017552314Val Loss: 0.0013390556   LR: 1.00e-04
Epoch 1866/2000 Train Loss: 0.0017199982Val Loss: 0.0014250607   LR: 1.00e-04
Epoch 1867/2000 Train Loss: 0.0017401134Val Loss: 0.0014539933   LR: 1.00e-04
Epoch 1868/2000 Train Loss: 0.0017091506Val Loss: 0.0014483807   LR: 1.00e-04
Epoch 1869/2000 Train Loss: 0.0017713686Val Loss: 0.0013249120   LR: 1.00e-04
Epoch 1870/2000 Train Loss: 0.0018147093Val Loss: 0.0013026277   LR: 1.00e-04
Epoch 1871/2000 Train Loss: 0.0016651501Val Loss: 0.0013874683   LR: 1.00e-04
Epoch 1872/2000 Train Loss: 0.0016002811Val Loss: 0.0013625416   LR: 1.00e-04
Epoch 1873/2000 Train Loss: 0.0018349438Val Loss: 0.0016844595   LR: 1.00e-04
Epoch 1874/2000 Train Loss: 0.0018848415Val Loss: 0.0015305709   LR: 1.00e-04
Epoch 1875/2000 Train Loss: 0.0018136678Val Loss: 0.0015716615   LR: 1.00e-04
Epoch 1876/2000 Train Loss: 0.0016895546Val Loss: 0.0016470519   LR: 1.00e-04
Epoch 1877/2000 Train Loss: 0.0019876602Val Loss: 0.0016739437   LR: 1.00e-04
Epoch 1878/2000 Train Loss: 0.0020078492Val Loss: 0.0013877128   LR: 1.00e-04
Epoch 1879/2000 Train Loss: 0.0017023693Val Loss: 0.0013422753   LR: 1.00e-04
Epoch 1880/2000 Train Loss: 0.0017551537Val Loss: 0.0013717023   LR: 1.00e-04
Epoch 1881/2000 Train Loss: 0.0019105669Val Loss: 0.0013445579   LR: 1.00e-04
Epoch 1882/2000 Train Loss: 0.0016571166Val Loss: 0.0015314664   LR: 1.00e-04
Epoch 1883/2000 Train Loss: 0.0018845297Val Loss: 0.0015143608   LR: 1.00e-04
Epoch 1884/2000 Train Loss: 0.0017498714Val Loss: 0.0017695349   LR: 1.00e-04
Epoch 1885/2000 Train Loss: 0.0018463676Val Loss: 0.0013752278   LR: 1.00e-04
Epoch 1886/2000 Train Loss: 0.0017053311Val Loss: 0.0016442654   LR: 1.00e-04
Epoch 1887/2000 Train Loss: 0.0018312882Val Loss: 0.0013529267   LR: 1.00e-04
Epoch 1888/2000 Train Loss: 0.0019396095Val Loss: 0.0014204720   LR: 1.00e-04
Epoch 1889/2000 Train Loss: 0.0018055323Val Loss: 0.0014639951   LR: 1.00e-04
Epoch 1890/2000 Train Loss: 0.0015535632Val Loss: 0.0013159832   LR: 1.00e-04
Epoch 1891/2000 Train Loss: 0.0017558027Val Loss: 0.0014309786   LR: 1.00e-04
Epoch 1892/2000 Train Loss: 0.0018575828Val Loss: 0.0013890716   LR: 1.00e-04
Epoch 1893/2000 Train Loss: 0.0018356040Val Loss: 0.0014202138   LR: 1.00e-04
Epoch 1894/2000 Train Loss: 0.0016935107Val Loss: 0.0013204347   LR: 1.00e-04
Epoch 1895/2000 Train Loss: 0.0019729134Val Loss: 0.0014316542   LR: 1.00e-04
Epoch 1896/2000 Train Loss: 0.0017569705Val Loss: 0.0015241384   LR: 1.00e-04
Epoch 1897/2000 Train Loss: 0.0018091472Val Loss: 0.0017685248   LR: 1.00e-04
Epoch 1898/2000 Train Loss: 0.0018193536Val Loss: 0.0014301487   LR: 1.00e-04
Epoch 1899/2000 Train Loss: 0.0017536926Val Loss: 0.0014094548   LR: 1.00e-04
Epoch 1900/2000 Train Loss: 0.0018298484Val Loss: 0.0014357663   LR: 1.00e-04
Epoch 1901/2000 Train Loss: 0.0018818378Val Loss: 0.0013837031   LR: 1.00e-04
Epoch 1902/2000 Train Loss: 0.0018359019Val Loss: 0.0024178583   LR: 1.00e-04
Epoch 1903/2000 Train Loss: 0.0019405969Val Loss: 0.0014642403   LR: 1.00e-04
Epoch 1904/2000 Train Loss: 0.0018647710Val Loss: 0.0015422560   LR: 1.00e-04
Epoch 1905/2000 Train Loss: 0.0018698967Val Loss: 0.0017000136   LR: 1.00e-04
Epoch 1906/2000 Train Loss: 0.0018502118Val Loss: 0.0013973330   LR: 1.00e-04
Epoch 1907/2000 Train Loss: 0.0017702033Val Loss: 0.0015653183   LR: 1.00e-04
Epoch 1908/2000 Train Loss: 0.0020252106Val Loss: 0.0012945183   LR: 1.00e-04
Epoch 1909/2000 Train Loss: 0.0017349170Val Loss: 0.0015751891   LR: 1.00e-04
Epoch 1910/2000 Train Loss: 0.0017776253Val Loss: 0.0014064288   LR: 1.00e-04
Epoch 1911/2000 Train Loss: 0.0016961231Val Loss: 0.0013469495   LR: 1.00e-04
Epoch 1912/2000 Train Loss: 0.0017672156Val Loss: 0.0018670707   LR: 1.00e-04
Epoch 1913/2000 Train Loss: 0.0018059579Val Loss: 0.0013773847   LR: 1.00e-04
Epoch 1914/2000 Train Loss: 0.0017543809Val Loss: 0.0014723074   LR: 1.00e-04
Epoch 1915/2000 Train Loss: 0.0018262085Val Loss: 0.0016236703   LR: 1.00e-04
Epoch 1916/2000 Train Loss: 0.0020096243Val Loss: 0.0014544412   LR: 1.00e-04
Epoch 1917/2000 Train Loss: 0.0018249191Val Loss: 0.0014888196   LR: 1.00e-04
Epoch 1918/2000 Train Loss: 0.0018237493Val Loss: 0.0013778294   LR: 1.00e-04
Epoch 1919/2000 Train Loss: 0.0018377984Val Loss: 0.0019604761   LR: 1.00e-04
Epoch 1920/2000 Train Loss: 0.0019651035Val Loss: 0.0013540645   LR: 1.00e-04
Epoch 1921/2000 Train Loss: 0.0018116873Val Loss: 0.0013231352   LR: 1.00e-04
Epoch 1922/2000 Train Loss: 0.0018638108Val Loss: 0.0017838471   LR: 1.00e-04
Epoch 1923/2000 Train Loss: 0.0017830010Val Loss: 0.0013646517   LR: 1.00e-04
Epoch 1924/2000 Train Loss: 0.0016857161Val Loss: 0.0013827569   LR: 1.00e-04
Epoch 1925/2000 Train Loss: 0.0016473863Val Loss: 0.0014031911   LR: 1.00e-04
Epoch 1926/2000 Train Loss: 0.0018786281Val Loss: 0.0013535253   LR: 1.00e-04
Epoch 1927/2000 Train Loss: 0.0017183324Val Loss: 0.0012791923   LR: 1.00e-04
Epoch 1928/2000 Train Loss: 0.0017744668Val Loss: 0.0014958600   LR: 1.00e-04
Epoch 1929/2000 Train Loss: 0.0020051438Val Loss: 0.0014841087   LR: 1.00e-04
Epoch 1930/2000 Train Loss: 0.0019001399Val Loss: 0.0015852213   LR: 1.00e-04
Epoch 1931/2000 Train Loss: 0.0016815768Val Loss: 0.0013650107   LR: 1.00e-04
Epoch 1932/2000 Train Loss: 0.0015945383Val Loss: 0.0014358091   LR: 1.00e-04
Epoch 1933/2000 Train Loss: 0.0017217416Val Loss: 0.0013331324   LR: 1.00e-04
Epoch 1934/2000 Train Loss: 0.0017230013Val Loss: 0.0015208698   LR: 1.00e-04
Epoch 1935/2000 Train Loss: 0.0018294579Val Loss: 0.0014724889   LR: 1.00e-04
Epoch 1936/2000 Train Loss: 0.0017575368Val Loss: 0.0013717428   LR: 1.00e-04
Epoch 1937/2000 Train Loss: 0.0018254442Val Loss: 0.0013098088   LR: 1.00e-04
Epoch 1938/2000 Train Loss: 0.0018945448Val Loss: 0.0013978088   LR: 1.00e-04
Epoch 1939/2000 Train Loss: 0.0017784956Val Loss: 0.0014325630   LR: 1.00e-04
Epoch 1940/2000 Train Loss: 0.0016921114Val Loss: 0.0013530644   LR: 1.00e-04
Epoch 1941/2000 Train Loss: 0.0016565563Val Loss: 0.0013429901   LR: 1.00e-04
Epoch 1942/2000 Train Loss: 0.0017177546Val Loss: 0.0014985031   LR: 1.00e-04
Epoch 1943/2000 Train Loss: 0.0016022861Val Loss: 0.0013433002   LR: 1.00e-04
Epoch 1944/2000 Train Loss: 0.0018369111Val Loss: 0.0014075429   LR: 1.00e-04
Epoch 1945/2000 Train Loss: 0.0018214039Val Loss: 0.0015806260   LR: 1.00e-04
Epoch 1946/2000 Train Loss: 0.0018333503Val Loss: 0.0019580762   LR: 1.00e-04
Epoch 1947/2000 Train Loss: 0.0019443643Val Loss: 0.0015555960   LR: 1.00e-04
Epoch 1948/2000 Train Loss: 0.0018551583Val Loss: 0.0014809069   LR: 1.00e-04
Epoch 1949/2000 Train Loss: 0.0017111952Val Loss: 0.0013017246   LR: 1.00e-04
Epoch 1950/2000 Train Loss: 0.0018741679Val Loss: 0.0013988561   LR: 1.00e-04
Epoch 1951/2000 Train Loss: 0.0018214029Val Loss: 0.0015119153   LR: 1.00e-04
Epoch 1952/2000 Train Loss: 0.0019432036Val Loss: 0.0014181348   LR: 1.00e-04
Epoch 1953/2000 Train Loss: 0.0018441812Val Loss: 0.0013473669   LR: 1.00e-04
Epoch 1954/2000 Train Loss: 0.0017648389Val Loss: 0.0017260662   LR: 1.00e-04
Epoch 1955/2000 Train Loss: 0.0018397340Val Loss: 0.0015278003   LR: 1.00e-04
Epoch 1956/2000 Train Loss: 0.0018200904Val Loss: 0.0013550635   LR: 1.00e-04
Epoch 1957/2000 Train Loss: 0.0017889477Val Loss: 0.0016962895   LR: 1.00e-04
Epoch 1958/2000 Train Loss: 0.0018226879Val Loss: 0.0013321713   LR: 1.00e-04
Epoch 1959/2000 Train Loss: 0.0017991499Val Loss: 0.0013748875   LR: 1.00e-04
Epoch 1960/2000 Train Loss: 0.0017195732Val Loss: 0.0012883457   LR: 1.00e-04
Epoch 1961/2000 Train Loss: 0.0018787381Val Loss: 0.0015981470   LR: 1.00e-04
Epoch 1962/2000 Train Loss: 0.0019059441Val Loss: 0.0013264252   LR: 1.00e-04
Epoch 1963/2000 Train Loss: 0.0015148914Val Loss: 0.0013251607   LR: 1.00e-04
Epoch 1964/2000 Train Loss: 0.0017091538Val Loss: 0.0016623973   LR: 1.00e-04
Epoch 1965/2000 Train Loss: 0.0016263953Val Loss: 0.0016321936   LR: 1.00e-04
Epoch 1966/2000 Train Loss: 0.0018079646Val Loss: 0.0014435601   LR: 1.00e-04
Epoch 1967/2000 Train Loss: 0.0016300616Val Loss: 0.0015832232   LR: 1.00e-04
Epoch 1968/2000 Train Loss: 0.0017694618Val Loss: 0.0013254251   LR: 1.00e-04
Epoch 1969/2000 Train Loss: 0.0019932196Val Loss: 0.0015741396   LR: 1.00e-04
Epoch 1970/2000 Train Loss: 0.0019442687Val Loss: 0.0013325873   LR: 1.00e-04
Epoch 1971/2000 Train Loss: 0.0019195242Val Loss: 0.0014769507   LR: 1.00e-04
Epoch 1972/2000 Train Loss: 0.0016854693Val Loss: 0.0015242425   LR: 1.00e-04
Epoch 1973/2000 Train Loss: 0.0016285931Val Loss: 0.0015938094   LR: 1.00e-04
Epoch 1974/2000 Train Loss: 0.0019950279Val Loss: 0.0014002057   LR: 1.00e-04
Epoch 1975/2000 Train Loss: 0.0016989012Val Loss: 0.0013519747   LR: 1.00e-04
Epoch 1976/2000 Train Loss: 0.0017654701Val Loss: 0.0016085878   LR: 1.00e-04
Epoch 1977/2000 Train Loss: 0.0017425587Val Loss: 0.0014912007   LR: 1.00e-04
Epoch 1978/2000 Train Loss: 0.0018477067Val Loss: 0.0012810510   LR: 1.00e-04
Epoch 1979/2000 Train Loss: 0.0017950429Val Loss: 0.0013115197   LR: 1.00e-04
Epoch 1980/2000 Train Loss: 0.0018743219Val Loss: 0.0013671100   LR: 1.00e-04
Epoch 1981/2000 Train Loss: 0.0017603768Val Loss: 0.0012874171   LR: 1.00e-04
Epoch 1982/2000 Train Loss: 0.0018008769Val Loss: 0.0012952684   LR: 1.00e-04
Epoch 1983/2000 Train Loss: 0.0017362608Val Loss: 0.0013788696   LR: 1.00e-04
Epoch 1984/2000 Train Loss: 0.0015339307Val Loss: 0.0014879761   LR: 1.00e-04
Epoch 1985/2000 Train Loss: 0.0017726890Val Loss: 0.0015822650   LR: 1.00e-04
Epoch 1986/2000 Train Loss: 0.0018125941Val Loss: 0.0014358338   LR: 1.00e-04
Epoch 1987/2000 Train Loss: 0.0018132439Val Loss: 0.0013426193   LR: 1.00e-04
Epoch 1988/2000 Train Loss: 0.0016452223Val Loss: 0.0014738957   LR: 1.00e-04
Epoch 1989/2000 Train Loss: 0.0017558764Val Loss: 0.0013232895   LR: 1.00e-04
Epoch 1990/2000 Train Loss: 0.0016150853Val Loss: 0.0014386796   LR: 1.00e-04
Epoch 1991/2000 Train Loss: 0.0015727658Val Loss: 0.0017568890   LR: 1.00e-04
Epoch 1992/2000 Train Loss: 0.0017572138Val Loss: 0.0015697490   LR: 1.00e-04
Epoch 1993/2000 Train Loss: 0.0018394069Val Loss: 0.0013290594   LR: 1.00e-04
Epoch 1994/2000 Train Loss: 0.0019118078Val Loss: 0.0013883245   LR: 1.00e-04
Epoch 1995/2000 Train Loss: 0.0018862461Val Loss: 0.0014091799   LR: 1.00e-04
Epoch 1996/2000 Train Loss: 0.0015948048Val Loss: 0.0015043133   LR: 1.00e-04
Epoch 1997/2000 Train Loss: 0.0015242320Val Loss: 0.0012872318   LR: 1.00e-04
Epoch 1998/2000 Train Loss: 0.0017887817Val Loss: 0.0014066455   LR: 1.00e-04
Epoch 1999/2000 Train Loss: 0.0017961411Val Loss: 0.0015582243   LR: 1.00e-04
Epoch 2000/2000 Train Loss: 0.0017531431Val Loss: 0.0013628891   LR: 1.00e-04
