cuda
raw_inputs shape: (150000, 8)
outputs shape: (150000,)
inputs shape: (150000, 7)
Epoch  1/2000 Train Loss: 0.2809413404Val Loss: 0.0833470602   LR: 1.00e-04
Epoch  2/2000 Train Loss: 0.0636054604Val Loss: 0.0483115511   LR: 1.00e-04
Epoch  3/2000 Train Loss: 0.0418774062Val Loss: 0.0352836155   LR: 1.00e-04
Epoch  4/2000 Train Loss: 0.0321518425Val Loss: 0.0282705868   LR: 1.00e-04
Epoch  5/2000 Train Loss: 0.0268577393Val Loss: 0.0233707590   LR: 1.00e-04
Epoch  6/2000 Train Loss: 0.0231361287Val Loss: 0.0202450422   LR: 1.00e-04
Epoch  7/2000 Train Loss: 0.0200728104Val Loss: 0.0179662242   LR: 1.00e-04
Epoch  8/2000 Train Loss: 0.0185457866Val Loss: 0.0162909020   LR: 1.00e-04
Epoch  9/2000 Train Loss: 0.0170913316Val Loss: 0.0144770658   LR: 1.00e-04
Epoch 10/2000 Train Loss: 0.0156598454Val Loss: 0.0133469067   LR: 1.00e-04
Epoch 11/2000 Train Loss: 0.0143631335Val Loss: 0.0124289099   LR: 1.00e-04
Epoch 12/2000 Train Loss: 0.0132576882Val Loss: 0.0114606065   LR: 1.00e-04
Epoch 13/2000 Train Loss: 0.0127453623Val Loss: 0.0107469001   LR: 1.00e-04
Epoch 14/2000 Train Loss: 0.0119225781Val Loss: 0.0105137925   LR: 1.00e-04
Epoch 15/2000 Train Loss: 0.0114118319Val Loss: 0.0098493749   LR: 1.00e-04
Epoch 16/2000 Train Loss: 0.0112376397Val Loss: 0.0091959989   LR: 1.00e-04
Epoch 17/2000 Train Loss: 0.0105403238Val Loss: 0.0088432361   LR: 1.00e-04
Epoch 18/2000 Train Loss: 0.0102425973Val Loss: 0.0083393844   LR: 1.00e-04
Epoch 19/2000 Train Loss: 0.0097393845Val Loss: 0.0080471312   LR: 1.00e-04
Epoch 20/2000 Train Loss: 0.0095979610Val Loss: 0.0079540835   LR: 1.00e-04
Epoch 21/2000 Train Loss: 0.0088174793Val Loss: 0.0075978954   LR: 1.00e-04
Epoch 22/2000 Train Loss: 0.0087969232Val Loss: 0.0075612176   LR: 1.00e-04
Epoch 23/2000 Train Loss: 0.0090528738Val Loss: 0.0071611166   LR: 1.00e-04
Epoch 24/2000 Train Loss: 0.0086045795Val Loss: 0.0066848302   LR: 1.00e-04
Epoch 25/2000 Train Loss: 0.0083385072Val Loss: 0.0067268000   LR: 1.00e-04
Epoch 26/2000 Train Loss: 0.0082670996Val Loss: 0.0064193487   LR: 1.00e-04
Epoch 27/2000 Train Loss: 0.0078986996Val Loss: 0.0062306047   LR: 1.00e-04
Epoch 28/2000 Train Loss: 0.0075813868Val Loss: 0.0075483491   LR: 1.00e-04
Epoch 29/2000 Train Loss: 0.0076173095Val Loss: 0.0060239114   LR: 1.00e-04
Epoch 30/2000 Train Loss: 0.0076094594Val Loss: 0.0058099214   LR: 1.00e-04
Epoch 31/2000 Train Loss: 0.0072336400Val Loss: 0.0060075823   LR: 1.00e-04
Epoch 32/2000 Train Loss: 0.0072753220Val Loss: 0.0054472986   LR: 1.00e-04
Epoch 33/2000 Train Loss: 0.0069894236Val Loss: 0.0053498890   LR: 1.00e-04
Epoch 34/2000 Train Loss: 0.0073163944Val Loss: 0.0054858536   LR: 1.00e-04
Epoch 35/2000 Train Loss: 0.0067623073Val Loss: 0.0055424585   LR: 1.00e-04
Epoch 36/2000 Train Loss: 0.0065966085Val Loss: 0.0057244845   LR: 1.00e-04
Epoch 37/2000 Train Loss: 0.0070041137Val Loss: 0.0050612695   LR: 1.00e-04
Epoch 38/2000 Train Loss: 0.0064643826Val Loss: 0.0054775006   LR: 1.00e-04
Epoch 39/2000 Train Loss: 0.0062294859Val Loss: 0.0046959635   LR: 1.00e-04
Epoch 40/2000 Train Loss: 0.0063087391Val Loss: 0.0046204439   LR: 1.00e-04
Epoch 41/2000 Train Loss: 0.0060299339Val Loss: 0.0044268925   LR: 1.00e-04
Epoch 42/2000 Train Loss: 0.0062092503Val Loss: 0.0045231308   LR: 1.00e-04
Epoch 43/2000 Train Loss: 0.0061747499Val Loss: 0.0043405026   LR: 1.00e-04
Epoch 44/2000 Train Loss: 0.0060156540Val Loss: 0.0046168667   LR: 1.00e-04
Epoch 45/2000 Train Loss: 0.0062402109Val Loss: 0.0042984544   LR: 1.00e-04
Epoch 46/2000 Train Loss: 0.0058361100Val Loss: 0.0044434379   LR: 1.00e-04
Epoch 47/2000 Train Loss: 0.0060881562Val Loss: 0.0042720908   LR: 1.00e-04
Epoch 48/2000 Train Loss: 0.0059928905Val Loss: 0.0044717558   LR: 1.00e-04
Epoch 49/2000 Train Loss: 0.0057941174Val Loss: 0.0042527906   LR: 1.00e-04
Epoch 50/2000 Train Loss: 0.0059127299Val Loss: 0.0041310548   LR: 1.00e-04
Epoch 51/2000 Train Loss: 0.0058181756Val Loss: 0.0039138134   LR: 1.00e-04
Epoch 52/2000 Train Loss: 0.0054626015Val Loss: 0.0039329916   LR: 1.00e-04
Epoch 53/2000 Train Loss: 0.0054522606Val Loss: 0.0039295712   LR: 1.00e-04
Epoch 54/2000 Train Loss: 0.0054554178Val Loss: 0.0039751453   LR: 1.00e-04
Epoch 55/2000 Train Loss: 0.0055015559Val Loss: 0.0037037386   LR: 1.00e-04
Epoch 56/2000 Train Loss: 0.0056001641Val Loss: 0.0036888706   LR: 1.00e-04
Epoch 57/2000 Train Loss: 0.0052034470Val Loss: 0.0037145317   LR: 1.00e-04
Epoch 58/2000 Train Loss: 0.0051117308Val Loss: 0.0036615863   LR: 1.00e-04
Epoch 59/2000 Train Loss: 0.0054763726Val Loss: 0.0037523212   LR: 1.00e-04
Epoch 60/2000 Train Loss: 0.0050503420Val Loss: 0.0036717489   LR: 1.00e-04
Epoch 61/2000 Train Loss: 0.0054732637Val Loss: 0.0034826295   LR: 1.00e-04
Epoch 62/2000 Train Loss: 0.0053325098Val Loss: 0.0035414469   LR: 1.00e-04
Epoch 63/2000 Train Loss: 0.0049449905Val Loss: 0.0039409146   LR: 1.00e-04
Epoch 64/2000 Train Loss: 0.0050101008Val Loss: 0.0034832364   LR: 1.00e-04
Epoch 65/2000 Train Loss: 0.0053369448Val Loss: 0.0033866000   LR: 1.00e-04
Epoch 66/2000 Train Loss: 0.0049825591Val Loss: 0.0036826084   LR: 1.00e-04
Epoch 67/2000 Train Loss: 0.0049920694Val Loss: 0.0033757090   LR: 1.00e-04
Epoch 68/2000 Train Loss: 0.0051234581Val Loss: 0.0037112526   LR: 1.00e-04
Epoch 69/2000 Train Loss: 0.0047552319Val Loss: 0.0033483485   LR: 1.00e-04
Epoch 70/2000 Train Loss: 0.0050368693Val Loss: 0.0033510013   LR: 1.00e-04
Epoch 71/2000 Train Loss: 0.0045004755Val Loss: 0.0031903539   LR: 1.00e-04
Epoch 72/2000 Train Loss: 0.0050792031Val Loss: 0.0031747515   LR: 1.00e-04
Epoch 73/2000 Train Loss: 0.0051822775Val Loss: 0.0032815091   LR: 1.00e-04
Epoch 74/2000 Train Loss: 0.0051401020Val Loss: 0.0032229149   LR: 1.00e-04
Epoch 75/2000 Train Loss: 0.0049957903Val Loss: 0.0034317865   LR: 1.00e-04
Epoch 76/2000 Train Loss: 0.0047127826Val Loss: 0.0037726110   LR: 1.00e-04
Epoch 77/2000 Train Loss: 0.0045411373Val Loss: 0.0031791581   LR: 1.00e-04
Epoch 78/2000 Train Loss: 0.0047224114Val Loss: 0.0031358344   LR: 1.00e-04
Epoch 79/2000 Train Loss: 0.0046429733Val Loss: 0.0031106250   LR: 1.00e-04
Epoch 80/2000 Train Loss: 0.0044771921Val Loss: 0.0032770267   LR: 1.00e-04
Epoch 81/2000 Train Loss: 0.0046315282Val Loss: 0.0029532049   LR: 1.00e-04
Epoch 82/2000 Train Loss: 0.0045378484Val Loss: 0.0031443285   LR: 1.00e-04
Epoch 83/2000 Train Loss: 0.0048622924Val Loss: 0.0032189432   LR: 1.00e-04
Epoch 84/2000 Train Loss: 0.0043245055Val Loss: 0.0031121384   LR: 1.00e-04
Epoch 85/2000 Train Loss: 0.0045850766Val Loss: 0.0034117401   LR: 1.00e-04
Epoch 86/2000 Train Loss: 0.0042856834Val Loss: 0.0036133613   LR: 1.00e-04
Epoch 87/2000 Train Loss: 0.0045576752Val Loss: 0.0040450895   LR: 1.00e-04
Epoch 88/2000 Train Loss: 0.0043144770Val Loss: 0.0030429985   LR: 1.00e-04
Epoch 89/2000 Train Loss: 0.0046648504Val Loss: 0.0029903507   LR: 1.00e-04
Epoch 90/2000 Train Loss: 0.0045536194Val Loss: 0.0028428840   LR: 1.00e-04
Epoch 91/2000 Train Loss: 0.0046331804Val Loss: 0.0028500631   LR: 1.00e-04
Epoch 92/2000 Train Loss: 0.0047233417Val Loss: 0.0032438312   LR: 1.00e-04
Epoch 93/2000 Train Loss: 0.0044230331Val Loss: 0.0035793840   LR: 1.00e-04
Epoch 94/2000 Train Loss: 0.0043745824Val Loss: 0.0030238393   LR: 1.00e-04
Epoch 95/2000 Train Loss: 0.0043283967Val Loss: 0.0036470368   LR: 1.00e-04
Epoch 96/2000 Train Loss: 0.0045850517Val Loss: 0.0028765769   LR: 1.00e-04
Epoch 97/2000 Train Loss: 0.0042429755Val Loss: 0.0027496315   LR: 1.00e-04
Epoch 98/2000 Train Loss: 0.0041207067Val Loss: 0.0027810522   LR: 1.00e-04
Epoch 99/2000 Train Loss: 0.0045902135Val Loss: 0.0027818820   LR: 1.00e-04
Epoch 100/2000 Train Loss: 0.0046418022Val Loss: 0.0028176526   LR: 1.00e-04
Epoch 101/2000 Train Loss: 0.0040053960Val Loss: 0.0027297068   LR: 1.00e-04
Epoch 102/2000 Train Loss: 0.0043263530Val Loss: 0.0027134789   LR: 1.00e-04
Epoch 103/2000 Train Loss: 0.0041996770Val Loss: 0.0027173943   LR: 1.00e-04
Epoch 104/2000 Train Loss: 0.0044365033Val Loss: 0.0028882773   LR: 1.00e-04
Epoch 105/2000 Train Loss: 0.0043500486Val Loss: 0.0027074615   LR: 1.00e-04
Epoch 106/2000 Train Loss: 0.0042780413Val Loss: 0.0031723045   LR: 1.00e-04
Epoch 107/2000 Train Loss: 0.0043833989Val Loss: 0.0027458364   LR: 1.00e-04
Epoch 108/2000 Train Loss: 0.0039972474Val Loss: 0.0026360396   LR: 1.00e-04
Epoch 109/2000 Train Loss: 0.0044269256Val Loss: 0.0026057161   LR: 1.00e-04
Epoch 110/2000 Train Loss: 0.0043135079Val Loss: 0.0028746995   LR: 1.00e-04
Epoch 111/2000 Train Loss: 0.0044586842Val Loss: 0.0031046489   LR: 1.00e-04
Epoch 112/2000 Train Loss: 0.0047444704Val Loss: 0.0033600097   LR: 1.00e-04
Epoch 113/2000 Train Loss: 0.0042423118Val Loss: 0.0032309369   LR: 1.00e-04
Epoch 114/2000 Train Loss: 0.0042729929Val Loss: 0.0026640264   LR: 1.00e-04
Epoch 115/2000 Train Loss: 0.0041956263Val Loss: 0.0025905523   LR: 1.00e-04
Epoch 116/2000 Train Loss: 0.0042399037Val Loss: 0.0038084143   LR: 1.00e-04
Epoch 117/2000 Train Loss: 0.0044415133Val Loss: 0.0033013665   LR: 1.00e-04
Epoch 118/2000 Train Loss: 0.0040966712Val Loss: 0.0027644706   LR: 1.00e-04
Epoch 119/2000 Train Loss: 0.0042451685Val Loss: 0.0029379316   LR: 1.00e-04
Epoch 120/2000 Train Loss: 0.0040379060Val Loss: 0.0027498067   LR: 1.00e-04
Epoch 121/2000 Train Loss: 0.0042230361Val Loss: 0.0025341395   LR: 1.00e-04
Epoch 122/2000 Train Loss: 0.0040918149Val Loss: 0.0026677913   LR: 1.00e-04
Epoch 123/2000 Train Loss: 0.0043522835Val Loss: 0.0026243711   LR: 1.00e-04
Epoch 124/2000 Train Loss: 0.0041516103Val Loss: 0.0026621785   LR: 1.00e-04
Epoch 125/2000 Train Loss: 0.0041900765Val Loss: 0.0031868497   LR: 1.00e-04
Epoch 126/2000 Train Loss: 0.0040908033Val Loss: 0.0025216309   LR: 1.00e-04
Epoch 127/2000 Train Loss: 0.0037577315Val Loss: 0.0024451282   LR: 1.00e-04
Epoch 128/2000 Train Loss: 0.0041322804Val Loss: 0.0031599389   LR: 1.00e-04
Epoch 129/2000 Train Loss: 0.0044317986Val Loss: 0.0024334829   LR: 1.00e-04
Epoch 130/2000 Train Loss: 0.0041295565Val Loss: 0.0023888392   LR: 1.00e-04
Epoch 131/2000 Train Loss: 0.0037176317Val Loss: 0.0024339738   LR: 1.00e-04
Epoch 132/2000 Train Loss: 0.0040202359Val Loss: 0.0026718913   LR: 1.00e-04
Epoch 133/2000 Train Loss: 0.0040815830Val Loss: 0.0025465839   LR: 1.00e-04
Epoch 134/2000 Train Loss: 0.0041428688Val Loss: 0.0025257795   LR: 1.00e-04
Epoch 135/2000 Train Loss: 0.0040773964Val Loss: 0.0027522717   LR: 1.00e-04
Epoch 136/2000 Train Loss: 0.0039198379Val Loss: 0.0023781144   LR: 1.00e-04
Epoch 137/2000 Train Loss: 0.0040495709Val Loss: 0.0034489693   LR: 1.00e-04
Epoch 138/2000 Train Loss: 0.0040658880Val Loss: 0.0023152179   LR: 1.00e-04
Epoch 139/2000 Train Loss: 0.0039296992Val Loss: 0.0036308634   LR: 1.00e-04
Epoch 140/2000 Train Loss: 0.0040308666Val Loss: 0.0026323282   LR: 1.00e-04
Epoch 141/2000 Train Loss: 0.0038519882Val Loss: 0.0032128285   LR: 1.00e-04
Epoch 142/2000 Train Loss: 0.0040983400Val Loss: 0.0023907374   LR: 1.00e-04
Epoch 143/2000 Train Loss: 0.0037349718Val Loss: 0.0023517345   LR: 1.00e-04
Epoch 144/2000 Train Loss: 0.0038545343Val Loss: 0.0023497482   LR: 1.00e-04
Epoch 145/2000 Train Loss: 0.0040673746Val Loss: 0.0022827857   LR: 1.00e-04
Epoch 146/2000 Train Loss: 0.0040117860Val Loss: 0.0031835089   LR: 1.00e-04
Epoch 147/2000 Train Loss: 0.0037094021Val Loss: 0.0025876944   LR: 1.00e-04
Epoch 148/2000 Train Loss: 0.0039342457Val Loss: 0.0029275450   LR: 1.00e-04
Epoch 149/2000 Train Loss: 0.0040150086Val Loss: 0.0025202256   LR: 1.00e-04
Epoch 150/2000 Train Loss: 0.0044283090Val Loss: 0.0026687766   LR: 1.00e-04
Epoch 151/2000 Train Loss: 0.0040335450Val Loss: 0.0023274346   LR: 1.00e-04
Epoch 152/2000 Train Loss: 0.0038953639Val Loss: 0.0023188642   LR: 1.00e-04
Epoch 153/2000 Train Loss: 0.0037748289Val Loss: 0.0024009631   LR: 1.00e-04
Epoch 154/2000 Train Loss: 0.0038580341Val Loss: 0.0025470133   LR: 1.00e-04
Epoch 155/2000 Train Loss: 0.0037469240Val Loss: 0.0023841009   LR: 1.00e-04
Epoch 156/2000 Train Loss: 0.0040624201Val Loss: 0.0022270543   LR: 1.00e-04
Epoch 157/2000 Train Loss: 0.0038998526Val Loss: 0.0024121255   LR: 1.00e-04
Epoch 158/2000 Train Loss: 0.0039061823Val Loss: 0.0024259005   LR: 1.00e-04
Epoch 159/2000 Train Loss: 0.0037328610Val Loss: 0.0021853837   LR: 1.00e-04
Epoch 160/2000 Train Loss: 0.0041765812Val Loss: 0.0028138269   LR: 1.00e-04
Epoch 161/2000 Train Loss: 0.0040708993Val Loss: 0.0030578839   LR: 1.00e-04
Epoch 162/2000 Train Loss: 0.0036333462Val Loss: 0.0023845734   LR: 1.00e-04
Epoch 163/2000 Train Loss: 0.0036222746Val Loss: 0.0026710260   LR: 1.00e-04
Epoch 164/2000 Train Loss: 0.0042170254Val Loss: 0.0024001322   LR: 1.00e-04
Epoch 165/2000 Train Loss: 0.0041107482Val Loss: 0.0022175579   LR: 1.00e-04
Epoch 166/2000 Train Loss: 0.0037636411Val Loss: 0.0022467543   LR: 1.00e-04
Epoch 167/2000 Train Loss: 0.0036018068Val Loss: 0.0022484947   LR: 1.00e-04
Epoch 168/2000 Train Loss: 0.0037114185Val Loss: 0.0031114351   LR: 1.00e-04
Epoch 169/2000 Train Loss: 0.0036430725Val Loss: 0.0024123147   LR: 1.00e-04
Epoch 170/2000 Train Loss: 0.0037184529Val Loss: 0.0024613509   LR: 1.00e-04
Epoch 171/2000 Train Loss: 0.0037844541Val Loss: 0.0022324669   LR: 1.00e-04
Epoch 172/2000 Train Loss: 0.0035744800Val Loss: 0.0023724566   LR: 1.00e-04
Epoch 173/2000 Train Loss: 0.0039543837Val Loss: 0.0024092102   LR: 1.00e-04
Epoch 174/2000 Train Loss: 0.0035075038Val Loss: 0.0021715034   LR: 1.00e-04
Epoch 175/2000 Train Loss: 0.0037089473Val Loss: 0.0031476975   LR: 1.00e-04
Epoch 176/2000 Train Loss: 0.0040161209Val Loss: 0.0022511536   LR: 1.00e-04
Epoch 177/2000 Train Loss: 0.0037097122Val Loss: 0.0028678876   LR: 1.00e-04
Epoch 178/2000 Train Loss: 0.0036286538Val Loss: 0.0022454715   LR: 1.00e-04
Epoch 179/2000 Train Loss: 0.0034053420Val Loss: 0.0026238993   LR: 1.00e-04
Epoch 180/2000 Train Loss: 0.0036014980Val Loss: 0.0026018463   LR: 1.00e-04
Epoch 181/2000 Train Loss: 0.0036972616Val Loss: 0.0020747743   LR: 1.00e-04
Epoch 182/2000 Train Loss: 0.0035442132Val Loss: 0.0022292469   LR: 1.00e-04
Epoch 183/2000 Train Loss: 0.0036974157Val Loss: 0.0021304395   LR: 1.00e-04
Epoch 184/2000 Train Loss: 0.0034517648Val Loss: 0.0021525815   LR: 1.00e-04
Epoch 185/2000 Train Loss: 0.0036894348Val Loss: 0.0021567179   LR: 1.00e-04
Epoch 186/2000 Train Loss: 0.0039462437Val Loss: 0.0021794303   LR: 1.00e-04
Epoch 187/2000 Train Loss: 0.0038313647Val Loss: 0.0038299156   LR: 1.00e-04
Epoch 188/2000 Train Loss: 0.0035796477Val Loss: 0.0023009008   LR: 1.00e-04
Epoch 189/2000 Train Loss: 0.0037866974Val Loss: 0.0023971016   LR: 1.00e-04
Epoch 190/2000 Train Loss: 0.0036163344Val Loss: 0.0020893571   LR: 1.00e-04
Epoch 191/2000 Train Loss: 0.0038749650Val Loss: 0.0028934581   LR: 1.00e-04
Epoch 192/2000 Train Loss: 0.0033132933Val Loss: 0.0021144910   LR: 1.00e-04
Epoch 193/2000 Train Loss: 0.0036199582Val Loss: 0.0021504436   LR: 1.00e-04
Epoch 194/2000 Train Loss: 0.0035358446Val Loss: 0.0022539321   LR: 1.00e-04
Epoch 195/2000 Train Loss: 0.0032292688Val Loss: 0.0022328310   LR: 1.00e-04
Epoch 196/2000 Train Loss: 0.0036344902Val Loss: 0.0022338885   LR: 1.00e-04
Epoch 197/2000 Train Loss: 0.0033961806Val Loss: 0.0023721733   LR: 1.00e-04
Epoch 198/2000 Train Loss: 0.0035026112Val Loss: 0.0022602310   LR: 1.00e-04
Epoch 199/2000 Train Loss: 0.0039837291Val Loss: 0.0022657552   LR: 1.00e-04
Epoch 200/2000 Train Loss: 0.0034515395Val Loss: 0.0022094404   LR: 1.00e-04
Epoch 201/2000 Train Loss: 0.0034938609Val Loss: 0.0022958206   LR: 1.00e-04
Epoch 202/2000 Train Loss: 0.0037097783Val Loss: 0.0021797311   LR: 1.00e-04
Epoch 203/2000 Train Loss: 0.0038920742Val Loss: 0.0022299447   LR: 1.00e-04
Epoch 204/2000 Train Loss: 0.0035470710Val Loss: 0.0019802389   LR: 1.00e-04
Epoch 205/2000 Train Loss: 0.0034445857Val Loss: 0.0020656924   LR: 1.00e-04
Epoch 206/2000 Train Loss: 0.0033356446Val Loss: 0.0021278668   LR: 1.00e-04
Epoch 207/2000 Train Loss: 0.0037039600Val Loss: 0.0022096418   LR: 1.00e-04
Epoch 208/2000 Train Loss: 0.0034408260Val Loss: 0.0019639868   LR: 1.00e-04
Epoch 209/2000 Train Loss: 0.0035691562Val Loss: 0.0020954192   LR: 1.00e-04
Epoch 210/2000 Train Loss: 0.0038249908Val Loss: 0.0021069745   LR: 1.00e-04
Epoch 211/2000 Train Loss: 0.0036215321Val Loss: 0.0024752393   LR: 1.00e-04
Epoch 212/2000 Train Loss: 0.0033397114Val Loss: 0.0024305369   LR: 1.00e-04
Epoch 213/2000 Train Loss: 0.0037212444Val Loss: 0.0021628119   LR: 1.00e-04
Epoch 214/2000 Train Loss: 0.0040263750Val Loss: 0.0025084869   LR: 1.00e-04
Epoch 215/2000 Train Loss: 0.0035588198Val Loss: 0.0021396111   LR: 1.00e-04
Epoch 216/2000 Train Loss: 0.0034273982Val Loss: 0.0019447471   LR: 1.00e-04
Epoch 217/2000 Train Loss: 0.0035671887Val Loss: 0.0019218274   LR: 1.00e-04
Epoch 218/2000 Train Loss: 0.0036213853Val Loss: 0.0021404762   LR: 1.00e-04
Epoch 219/2000 Train Loss: 0.0036913725Val Loss: 0.0020482956   LR: 1.00e-04
Epoch 220/2000 Train Loss: 0.0034921697Val Loss: 0.0020508642   LR: 1.00e-04
Epoch 221/2000 Train Loss: 0.0034673112Val Loss: 0.0020973076   LR: 1.00e-04
Epoch 222/2000 Train Loss: 0.0035423736Val Loss: 0.0020821120   LR: 1.00e-04
Epoch 223/2000 Train Loss: 0.0032136021Val Loss: 0.0023697375   LR: 1.00e-04
Epoch 224/2000 Train Loss: 0.0036100687Val Loss: 0.0022596586   LR: 1.00e-04
Epoch 225/2000 Train Loss: 0.0032680878Val Loss: 0.0020753803   LR: 1.00e-04
Epoch 226/2000 Train Loss: 0.0034703837Val Loss: 0.0019592819   LR: 1.00e-04
Epoch 227/2000 Train Loss: 0.0032298778Val Loss: 0.0022631480   LR: 1.00e-04
Epoch 228/2000 Train Loss: 0.0029672469Val Loss: 0.0021480879   LR: 1.00e-04
Epoch 229/2000 Train Loss: 0.0036300487Val Loss: 0.0021595023   LR: 1.00e-04
Epoch 230/2000 Train Loss: 0.0034856743Val Loss: 0.0023089854   LR: 1.00e-04
Epoch 231/2000 Train Loss: 0.0038250384Val Loss: 0.0030166916   LR: 1.00e-04
Epoch 232/2000 Train Loss: 0.0033059841Val Loss: 0.0021014617   LR: 1.00e-04
Epoch 233/2000 Train Loss: 0.0035577971Val Loss: 0.0024840139   LR: 1.00e-04
Epoch 234/2000 Train Loss: 0.0031620236Val Loss: 0.0020629765   LR: 1.00e-04
Epoch 235/2000 Train Loss: 0.0034775644Val Loss: 0.0022240393   LR: 1.00e-04
Epoch 236/2000 Train Loss: 0.0035109777Val Loss: 0.0021698929   LR: 1.00e-04
Epoch 237/2000 Train Loss: 0.0035951318Val Loss: 0.0020592588   LR: 1.00e-04
Epoch 238/2000 Train Loss: 0.0033633005Val Loss: 0.0022741056   LR: 1.00e-04
Epoch 239/2000 Train Loss: 0.0033121838Val Loss: 0.0019279770   LR: 1.00e-04
Epoch 240/2000 Train Loss: 0.0036995954Val Loss: 0.0021796166   LR: 1.00e-04
Epoch 241/2000 Train Loss: 0.0031638010Val Loss: 0.0020801961   LR: 1.00e-04
Epoch 242/2000 Train Loss: 0.0034543151Val Loss: 0.0022003827   LR: 1.00e-04
Epoch 243/2000 Train Loss: 0.0034424728Val Loss: 0.0022118871   LR: 1.00e-04
Epoch 244/2000 Train Loss: 0.0034063266Val Loss: 0.0020052878   LR: 1.00e-04
Epoch 245/2000 Train Loss: 0.0029715125Val Loss: 0.0023836878   LR: 1.00e-04
Epoch 246/2000 Train Loss: 0.0033535871Val Loss: 0.0022166063   LR: 1.00e-04
Epoch 247/2000 Train Loss: 0.0035417400Val Loss: 0.0022220325   LR: 1.00e-04
Epoch 248/2000 Train Loss: 0.0033172996Val Loss: 0.0019051443   LR: 1.00e-04
Epoch 249/2000 Train Loss: 0.0033685722Val Loss: 0.0021142449   LR: 1.00e-04
Epoch 250/2000 Train Loss: 0.0030665255Val Loss: 0.0018857536   LR: 1.00e-04
Epoch 251/2000 Train Loss: 0.0035775502Val Loss: 0.0027845718   LR: 1.00e-04
Epoch 252/2000 Train Loss: 0.0038395892Val Loss: 0.0020488077   LR: 1.00e-04
Epoch 253/2000 Train Loss: 0.0037250167Val Loss: 0.0019756901   LR: 1.00e-04
Epoch 254/2000 Train Loss: 0.0032944093Val Loss: 0.0021008395   LR: 1.00e-04
Epoch 255/2000 Train Loss: 0.0030827522Val Loss: 0.0019707033   LR: 1.00e-04
Epoch 256/2000 Train Loss: 0.0033992316Val Loss: 0.0025859110   LR: 1.00e-04
Epoch 257/2000 Train Loss: 0.0034815389Val Loss: 0.0022065672   LR: 1.00e-04
Epoch 258/2000 Train Loss: 0.0030427165Val Loss: 0.0023112222   LR: 1.00e-04
Epoch 259/2000 Train Loss: 0.0030327704Val Loss: 0.0020781159   LR: 1.00e-04
Epoch 260/2000 Train Loss: 0.0032479900Val Loss: 0.0019417713   LR: 1.00e-04
Epoch 261/2000 Train Loss: 0.0033638114Val Loss: 0.0020676473   LR: 1.00e-04
Epoch 262/2000 Train Loss: 0.0033543961Val Loss: 0.0019780031   LR: 1.00e-04
Epoch 263/2000 Train Loss: 0.0029677450Val Loss: 0.0018584881   LR: 1.00e-04
Epoch 264/2000 Train Loss: 0.0033268096Val Loss: 0.0020883465   LR: 1.00e-04
Epoch 265/2000 Train Loss: 0.0033463790Val Loss: 0.0020418273   LR: 1.00e-04
Epoch 266/2000 Train Loss: 0.0034576900Val Loss: 0.0018759073   LR: 1.00e-04
Epoch 267/2000 Train Loss: 0.0031898797Val Loss: 0.0019561037   LR: 1.00e-04
Epoch 268/2000 Train Loss: 0.0035240190Val Loss: 0.0018714120   LR: 1.00e-04
Epoch 269/2000 Train Loss: 0.0031961679Val Loss: 0.0018766672   LR: 1.00e-04
Epoch 270/2000 Train Loss: 0.0035946043Val Loss: 0.0018824993   LR: 1.00e-04
Epoch 271/2000 Train Loss: 0.0033412464Val Loss: 0.0021763101   LR: 1.00e-04
Epoch 272/2000 Train Loss: 0.0032250167Val Loss: 0.0017862004   LR: 1.00e-04
Epoch 273/2000 Train Loss: 0.0033643597Val Loss: 0.0019338652   LR: 1.00e-04
Epoch 274/2000 Train Loss: 0.0034334946Val Loss: 0.0023831171   LR: 1.00e-04
Epoch 275/2000 Train Loss: 0.0033914719Val Loss: 0.0018217595   LR: 1.00e-04
Epoch 276/2000 Train Loss: 0.0032598866Val Loss: 0.0018052929   LR: 1.00e-04
Epoch 277/2000 Train Loss: 0.0033969148Val Loss: 0.0030519993   LR: 1.00e-04
Epoch 278/2000 Train Loss: 0.0032365511Val Loss: 0.0020325074   LR: 1.00e-04
Epoch 279/2000 Train Loss: 0.0029880046Val Loss: 0.0037041746   LR: 1.00e-04
Epoch 280/2000 Train Loss: 0.0035510374Val Loss: 0.0019170916   LR: 1.00e-04
Epoch 281/2000 Train Loss: 0.0033592675Val Loss: 0.0022494229   LR: 1.00e-04
Epoch 282/2000 Train Loss: 0.0033630653Val Loss: 0.0020524564   LR: 1.00e-04
Epoch 283/2000 Train Loss: 0.0032546959Val Loss: 0.0022877218   LR: 1.00e-04
Epoch 284/2000 Train Loss: 0.0033257241Val Loss: 0.0020677806   LR: 1.00e-04
Epoch 285/2000 Train Loss: 0.0031988082Val Loss: 0.0019645391   LR: 1.00e-04
Epoch 286/2000 Train Loss: 0.0033900618Val Loss: 0.0022800336   LR: 1.00e-04
Epoch 287/2000 Train Loss: 0.0030485414Val Loss: 0.0020380113   LR: 1.00e-04
Epoch 288/2000 Train Loss: 0.0032764240Val Loss: 0.0022142594   LR: 1.00e-04
Epoch 289/2000 Train Loss: 0.0031364426Val Loss: 0.0018919626   LR: 1.00e-04
Epoch 290/2000 Train Loss: 0.0032685806Val Loss: 0.0023315962   LR: 1.00e-04
Epoch 291/2000 Train Loss: 0.0030444138Val Loss: 0.0019640650   LR: 1.00e-04
Epoch 292/2000 Train Loss: 0.0032722724Val Loss: 0.0020956733   LR: 1.00e-04
Epoch 293/2000 Train Loss: 0.0030984116Val Loss: 0.0022121685   LR: 1.00e-04
Epoch 294/2000 Train Loss: 0.0031300324Val Loss: 0.0018597914   LR: 1.00e-04
Epoch 295/2000 Train Loss: 0.0033711999Val Loss: 0.0019729704   LR: 1.00e-04
Epoch 296/2000 Train Loss: 0.0027890374Val Loss: 0.0018417282   LR: 1.00e-04
Epoch 297/2000 Train Loss: 0.0034086100Val Loss: 0.0020598030   LR: 1.00e-04
Epoch 298/2000 Train Loss: 0.0031041342Val Loss: 0.0017870075   LR: 1.00e-04
Epoch 299/2000 Train Loss: 0.0031655919Val Loss: 0.0019987586   LR: 1.00e-04
Epoch 300/2000 Train Loss: 0.0030254541Val Loss: 0.0018808179   LR: 1.00e-04
Epoch 301/2000 Train Loss: 0.0031318753Val Loss: 0.0022903930   LR: 1.00e-04
Epoch 302/2000 Train Loss: 0.0035485055Val Loss: 0.0019823289   LR: 1.00e-04
Epoch 303/2000 Train Loss: 0.0033452989Val Loss: 0.0019034204   LR: 1.00e-04
Epoch 304/2000 Train Loss: 0.0028376776Val Loss: 0.0017820972   LR: 1.00e-04
Epoch 305/2000 Train Loss: 0.0030289801Val Loss: 0.0025198261   LR: 1.00e-04
Epoch 306/2000 Train Loss: 0.0031050711Val Loss: 0.0018358047   LR: 1.00e-04
Epoch 307/2000 Train Loss: 0.0032158281Val Loss: 0.0018263187   LR: 1.00e-04
Epoch 308/2000 Train Loss: 0.0030723230Val Loss: 0.0022024004   LR: 1.00e-04
Epoch 309/2000 Train Loss: 0.0029845059Val Loss: 0.0017628278   LR: 1.00e-04
Epoch 310/2000 Train Loss: 0.0034116361Val Loss: 0.0017550987   LR: 1.00e-04
Epoch 311/2000 Train Loss: 0.0034569528Val Loss: 0.0018166735   LR: 1.00e-04
Epoch 312/2000 Train Loss: 0.0033842611Val Loss: 0.0017788076   LR: 1.00e-04
Epoch 313/2000 Train Loss: 0.0033297525Val Loss: 0.0033019240   LR: 1.00e-04
Epoch 314/2000 Train Loss: 0.0031378196Val Loss: 0.0020837997   LR: 1.00e-04
Epoch 315/2000 Train Loss: 0.0032630192Val Loss: 0.0020790766   LR: 1.00e-04
Epoch 316/2000 Train Loss: 0.0033266911Val Loss: 0.0018978624   LR: 1.00e-04
Epoch 317/2000 Train Loss: 0.0033740577Val Loss: 0.0019091035   LR: 1.00e-04
Epoch 318/2000 Train Loss: 0.0031673101Val Loss: 0.0018628601   LR: 1.00e-04
Epoch 319/2000 Train Loss: 0.0033426749Val Loss: 0.0023499470   LR: 1.00e-04
Epoch 320/2000 Train Loss: 0.0031792930Val Loss: 0.0027263177   LR: 1.00e-04
Epoch 321/2000 Train Loss: 0.0033132133Val Loss: 0.0017901139   LR: 1.00e-04
Epoch 322/2000 Train Loss: 0.0033644473Val Loss: 0.0018326602   LR: 1.00e-04
Epoch 323/2000 Train Loss: 0.0031171238Val Loss: 0.0017852690   LR: 1.00e-04
Epoch 324/2000 Train Loss: 0.0031004725Val Loss: 0.0019162854   LR: 1.00e-04
Epoch 325/2000 Train Loss: 0.0029215815Val Loss: 0.0017761868   LR: 1.00e-04
Epoch 326/2000 Train Loss: 0.0034659145Val Loss: 0.0019396587   LR: 1.00e-04
Epoch 327/2000 Train Loss: 0.0031874343Val Loss: 0.0018710875   LR: 1.00e-04
Epoch 328/2000 Train Loss: 0.0030202031Val Loss: 0.0020017826   LR: 1.00e-04
Epoch 329/2000 Train Loss: 0.0031547689Val Loss: 0.0017516983   LR: 1.00e-04
Epoch 330/2000 Train Loss: 0.0030598495Val Loss: 0.0022444783   LR: 1.00e-04
Epoch 331/2000 Train Loss: 0.0032860194Val Loss: 0.0019189990   LR: 1.00e-04
Epoch 332/2000 Train Loss: 0.0031605077Val Loss: 0.0019315737   LR: 1.00e-04
Epoch 333/2000 Train Loss: 0.0029908069Val Loss: 0.0027308213   LR: 1.00e-04
Epoch 334/2000 Train Loss: 0.0031463583Val Loss: 0.0022490758   LR: 1.00e-04
Epoch 335/2000 Train Loss: 0.0029974415Val Loss: 0.0017985137   LR: 1.00e-04
Epoch 336/2000 Train Loss: 0.0031133658Val Loss: 0.0018409951   LR: 1.00e-04
Epoch 337/2000 Train Loss: 0.0029396824Val Loss: 0.0018298937   LR: 1.00e-04
Epoch 338/2000 Train Loss: 0.0031684845Val Loss: 0.0020867009   LR: 1.00e-04
Epoch 339/2000 Train Loss: 0.0032067255Val Loss: 0.0017443292   LR: 1.00e-04
Epoch 340/2000 Train Loss: 0.0032034036Val Loss: 0.0017387980   LR: 1.00e-04
Epoch 341/2000 Train Loss: 0.0030402185Val Loss: 0.0017958822   LR: 1.00e-04
Epoch 342/2000 Train Loss: 0.0029698371Val Loss: 0.0023965568   LR: 1.00e-04
Epoch 343/2000 Train Loss: 0.0032440489Val Loss: 0.0021534872   LR: 1.00e-04
Epoch 344/2000 Train Loss: 0.0029990724Val Loss: 0.0021220052   LR: 1.00e-04
Epoch 345/2000 Train Loss: 0.0029921884Val Loss: 0.0019653470   LR: 1.00e-04
Epoch 346/2000 Train Loss: 0.0030755088Val Loss: 0.0016976516   LR: 1.00e-04
Epoch 347/2000 Train Loss: 0.0031690392Val Loss: 0.0019396627   LR: 1.00e-04
Epoch 348/2000 Train Loss: 0.0034111229Val Loss: 0.0017795542   LR: 1.00e-04
Epoch 349/2000 Train Loss: 0.0031759336Val Loss: 0.0018792599   LR: 1.00e-04
Epoch 350/2000 Train Loss: 0.0031738560Val Loss: 0.0020425109   LR: 1.00e-04
Epoch 351/2000 Train Loss: 0.0030672510Val Loss: 0.0018582729   LR: 1.00e-04
Epoch 352/2000 Train Loss: 0.0030725366Val Loss: 0.0019028042   LR: 1.00e-04
Epoch 353/2000 Train Loss: 0.0031886588Val Loss: 0.0022544938   LR: 1.00e-04
Epoch 354/2000 Train Loss: 0.0029667408Val Loss: 0.0021464223   LR: 1.00e-04
Epoch 355/2000 Train Loss: 0.0030409905Val Loss: 0.0019366119   LR: 1.00e-04
Epoch 356/2000 Train Loss: 0.0032167367Val Loss: 0.0017038758   LR: 1.00e-04
Epoch 357/2000 Train Loss: 0.0033322758Val Loss: 0.0018411995   LR: 1.00e-04
Epoch 358/2000 Train Loss: 0.0031563137Val Loss: 0.0016918054   LR: 1.00e-04
Epoch 359/2000 Train Loss: 0.0031425692Val Loss: 0.0019593856   LR: 1.00e-04
Epoch 360/2000 Train Loss: 0.0030852576Val Loss: 0.0018775527   LR: 1.00e-04
Epoch 361/2000 Train Loss: 0.0031835348Val Loss: 0.0022724473   LR: 1.00e-04
Epoch 362/2000 Train Loss: 0.0030446069Val Loss: 0.0017487553   LR: 1.00e-04
Epoch 363/2000 Train Loss: 0.0029059875Val Loss: 0.0017103357   LR: 1.00e-04
Epoch 364/2000 Train Loss: 0.0031251585Val Loss: 0.0021985293   LR: 1.00e-04
Epoch 365/2000 Train Loss: 0.0029122372Val Loss: 0.0024795330   LR: 1.00e-04
Epoch 366/2000 Train Loss: 0.0030424338Val Loss: 0.0018549786   LR: 1.00e-04
Epoch 367/2000 Train Loss: 0.0028151273Val Loss: 0.0017582263   LR: 1.00e-04
Epoch 368/2000 Train Loss: 0.0027947200Val Loss: 0.0018258608   LR: 1.00e-04
Epoch 369/2000 Train Loss: 0.0026781030Val Loss: 0.0018937626   LR: 1.00e-04
Epoch 370/2000 Train Loss: 0.0031103035Val Loss: 0.0022764695   LR: 1.00e-04
Epoch 371/2000 Train Loss: 0.0028413810Val Loss: 0.0016698228   LR: 1.00e-04
Epoch 372/2000 Train Loss: 0.0031443432Val Loss: 0.0017239070   LR: 1.00e-04
Epoch 373/2000 Train Loss: 0.0029839632Val Loss: 0.0017480267   LR: 1.00e-04
Epoch 374/2000 Train Loss: 0.0031909466Val Loss: 0.0017834937   LR: 1.00e-04
Epoch 375/2000 Train Loss: 0.0030614344Val Loss: 0.0021551758   LR: 1.00e-04
Epoch 376/2000 Train Loss: 0.0027004856Val Loss: 0.0016470728   LR: 1.00e-04
Epoch 377/2000 Train Loss: 0.0031096308Val Loss: 0.0016607063   LR: 1.00e-04
Epoch 378/2000 Train Loss: 0.0032751821Val Loss: 0.0026605480   LR: 1.00e-04
Epoch 379/2000 Train Loss: 0.0030668582Val Loss: 0.0018083041   LR: 1.00e-04
Epoch 380/2000 Train Loss: 0.0029773429Val Loss: 0.0020695325   LR: 1.00e-04
Epoch 381/2000 Train Loss: 0.0029647561Val Loss: 0.0017540331   LR: 1.00e-04
Epoch 382/2000 Train Loss: 0.0033030815Val Loss: 0.0016826304   LR: 1.00e-04
Epoch 383/2000 Train Loss: 0.0031426872Val Loss: 0.0018569170   LR: 1.00e-04
Epoch 384/2000 Train Loss: 0.0028774343Val Loss: 0.0024426961   LR: 1.00e-04
Epoch 385/2000 Train Loss: 0.0028090481Val Loss: 0.0018727994   LR: 1.00e-04
Epoch 386/2000 Train Loss: 0.0032367417Val Loss: 0.0016870633   LR: 1.00e-04
Epoch 387/2000 Train Loss: 0.0031590841Val Loss: 0.0017725255   LR: 1.00e-04
Epoch 388/2000 Train Loss: 0.0027591171Val Loss: 0.0017319215   LR: 1.00e-04
Epoch 389/2000 Train Loss: 0.0030151093Val Loss: 0.0016621539   LR: 1.00e-04
Epoch 390/2000 Train Loss: 0.0030111000Val Loss: 0.0016782088   LR: 1.00e-04
Epoch 391/2000 Train Loss: 0.0028098285Val Loss: 0.0016431976   LR: 1.00e-04
Epoch 392/2000 Train Loss: 0.0028711325Val Loss: 0.0017663673   LR: 1.00e-04
Epoch 393/2000 Train Loss: 0.0029751538Val Loss: 0.0017017622   LR: 1.00e-04
Epoch 394/2000 Train Loss: 0.0028905977Val Loss: 0.0022040402   LR: 1.00e-04
Epoch 395/2000 Train Loss: 0.0028521249Val Loss: 0.0017769847   LR: 1.00e-04
Epoch 396/2000 Train Loss: 0.0028982793Val Loss: 0.0016316406   LR: 1.00e-04
Epoch 397/2000 Train Loss: 0.0028642556Val Loss: 0.0016930761   LR: 1.00e-04
Epoch 398/2000 Train Loss: 0.0030375568Val Loss: 0.0017043660   LR: 1.00e-04
Epoch 399/2000 Train Loss: 0.0027549068Val Loss: 0.0018903821   LR: 1.00e-04
Epoch 400/2000 Train Loss: 0.0028005757Val Loss: 0.0017474830   LR: 1.00e-04
Epoch 401/2000 Train Loss: 0.0029720718Val Loss: 0.0020670303   LR: 1.00e-04
Epoch 402/2000 Train Loss: 0.0030790045Val Loss: 0.0020104240   LR: 1.00e-04
Epoch 403/2000 Train Loss: 0.0031536958Val Loss: 0.0018553471   LR: 1.00e-04
Epoch 404/2000 Train Loss: 0.0030222699Val Loss: 0.0018268756   LR: 1.00e-04
Epoch 405/2000 Train Loss: 0.0028583305Val Loss: 0.0019832059   LR: 1.00e-04
Epoch 406/2000 Train Loss: 0.0030276993Val Loss: 0.0017922894   LR: 1.00e-04
Epoch 407/2000 Train Loss: 0.0028014390Val Loss: 0.0016031656   LR: 1.00e-04
Epoch 408/2000 Train Loss: 0.0031804704Val Loss: 0.0019193319   LR: 1.00e-04
Epoch 409/2000 Train Loss: 0.0029234238Val Loss: 0.0016080647   LR: 1.00e-04
Epoch 410/2000 Train Loss: 0.0030324008Val Loss: 0.0017859838   LR: 1.00e-04
Epoch 411/2000 Train Loss: 0.0028937263Val Loss: 0.0016552518   LR: 1.00e-04
Epoch 412/2000 Train Loss: 0.0030122283Val Loss: 0.0016360569   LR: 1.00e-04
Epoch 413/2000 Train Loss: 0.0028771390Val Loss: 0.0016163794   LR: 1.00e-04
Epoch 414/2000 Train Loss: 0.0028079318Val Loss: 0.0017797944   LR: 1.00e-04
Epoch 415/2000 Train Loss: 0.0028840448Val Loss: 0.0020434599   LR: 1.00e-04
Epoch 416/2000 Train Loss: 0.0034148699Val Loss: 0.0017881551   LR: 1.00e-04
Epoch 417/2000 Train Loss: 0.0026904632Val Loss: 0.0019143888   LR: 1.00e-04
Epoch 418/2000 Train Loss: 0.0031376484Val Loss: 0.0023818504   LR: 1.00e-04
Epoch 419/2000 Train Loss: 0.0032966943Val Loss: 0.0018262760   LR: 1.00e-04
Epoch 420/2000 Train Loss: 0.0028631283Val Loss: 0.0018486491   LR: 1.00e-04
Epoch 421/2000 Train Loss: 0.0028378155Val Loss: 0.0017936922   LR: 1.00e-04
Epoch 422/2000 Train Loss: 0.0028259757Val Loss: 0.0021401500   LR: 1.00e-04
Epoch 423/2000 Train Loss: 0.0027782740Val Loss: 0.0017048906   LR: 1.00e-04
Epoch 424/2000 Train Loss: 0.0028863548Val Loss: 0.0016994089   LR: 1.00e-04
Epoch 425/2000 Train Loss: 0.0031058900Val Loss: 0.0018994271   LR: 1.00e-04
Epoch 426/2000 Train Loss: 0.0028549723Val Loss: 0.0017388649   LR: 1.00e-04
Epoch 427/2000 Train Loss: 0.0029083576Val Loss: 0.0023750067   LR: 1.00e-04
Epoch 428/2000 Train Loss: 0.0028012171Val Loss: 0.0017492039   LR: 1.00e-04
Epoch 429/2000 Train Loss: 0.0031486832Val Loss: 0.0015590041   LR: 1.00e-04
Epoch 430/2000 Train Loss: 0.0029444548Val Loss: 0.0019091394   LR: 1.00e-04
Epoch 431/2000 Train Loss: 0.0028619030Val Loss: 0.0020315876   LR: 1.00e-04
Epoch 432/2000 Train Loss: 0.0028964770Val Loss: 0.0018041794   LR: 1.00e-04
Epoch 433/2000 Train Loss: 0.0029447275Val Loss: 0.0016843834   LR: 1.00e-04
Epoch 434/2000 Train Loss: 0.0027093786Val Loss: 0.0016429617   LR: 1.00e-04
Epoch 435/2000 Train Loss: 0.0027406971Val Loss: 0.0017397489   LR: 1.00e-04
Epoch 436/2000 Train Loss: 0.0029339479Val Loss: 0.0021755626   LR: 1.00e-04
Epoch 437/2000 Train Loss: 0.0030126208Val Loss: 0.0017254481   LR: 1.00e-04
Epoch 438/2000 Train Loss: 0.0026021539Val Loss: 0.0015963663   LR: 1.00e-04
Epoch 439/2000 Train Loss: 0.0028149991Val Loss: 0.0019051860   LR: 1.00e-04
Epoch 440/2000 Train Loss: 0.0030657776Val Loss: 0.0017613310   LR: 1.00e-04
Epoch 441/2000 Train Loss: 0.0027944031Val Loss: 0.0016444137   LR: 1.00e-04
Epoch 442/2000 Train Loss: 0.0031270945Val Loss: 0.0020852937   LR: 1.00e-04
Epoch 443/2000 Train Loss: 0.0028980205Val Loss: 0.0016612320   LR: 1.00e-04
Epoch 444/2000 Train Loss: 0.0031021957Val Loss: 0.0017853404   LR: 1.00e-04
Epoch 445/2000 Train Loss: 0.0027278255Val Loss: 0.0016080070   LR: 1.00e-04
Epoch 446/2000 Train Loss: 0.0031585486Val Loss: 0.0018563261   LR: 1.00e-04
Epoch 447/2000 Train Loss: 0.0029274435Val Loss: 0.0018917033   LR: 1.00e-04
Epoch 448/2000 Train Loss: 0.0026812848Val Loss: 0.0019467272   LR: 1.00e-04
Epoch 449/2000 Train Loss: 0.0028249281Val Loss: 0.0021778049   LR: 1.00e-04
Epoch 450/2000 Train Loss: 0.0026947185Val Loss: 0.0016448564   LR: 1.00e-04
Epoch 451/2000 Train Loss: 0.0027329140Val Loss: 0.0018719061   LR: 1.00e-04
Epoch 452/2000 Train Loss: 0.0031834539Val Loss: 0.0019459698   LR: 1.00e-04
Epoch 453/2000 Train Loss: 0.0033326585Val Loss: 0.0032627339   LR: 1.00e-04
Epoch 454/2000 Train Loss: 0.0028559546Val Loss: 0.0015757697   LR: 1.00e-04
Epoch 455/2000 Train Loss: 0.0027128139Val Loss: 0.0016734095   LR: 1.00e-04
Epoch 456/2000 Train Loss: 0.0029139023Val Loss: 0.0018881143   LR: 1.00e-04
Epoch 457/2000 Train Loss: 0.0029497267Val Loss: 0.0018885138   LR: 1.00e-04
Epoch 458/2000 Train Loss: 0.0028384813Val Loss: 0.0016296548   LR: 1.00e-04
Epoch 459/2000 Train Loss: 0.0027607366Val Loss: 0.0015400889   LR: 1.00e-04
Epoch 460/2000 Train Loss: 0.0029089412Val Loss: 0.0017832226   LR: 1.00e-04
Epoch 461/2000 Train Loss: 0.0027985393Val Loss: 0.0016179420   LR: 1.00e-04
Epoch 462/2000 Train Loss: 0.0031575697Val Loss: 0.0018292597   LR: 1.00e-04
Epoch 463/2000 Train Loss: 0.0029921258Val Loss: 0.0015849863   LR: 1.00e-04
Epoch 464/2000 Train Loss: 0.0032033588Val Loss: 0.0022321596   LR: 1.00e-04
Epoch 465/2000 Train Loss: 0.0027400423Val Loss: 0.0016088246   LR: 1.00e-04
Epoch 466/2000 Train Loss: 0.0029412175Val Loss: 0.0017296042   LR: 1.00e-04
Epoch 467/2000 Train Loss: 0.0027168468Val Loss: 0.0017334144   LR: 1.00e-04
Epoch 468/2000 Train Loss: 0.0026673453Val Loss: 0.0022464453   LR: 1.00e-04
Epoch 469/2000 Train Loss: 0.0028156735Val Loss: 0.0016449382   LR: 1.00e-04
Epoch 470/2000 Train Loss: 0.0027321967Val Loss: 0.0016217972   LR: 1.00e-04
Epoch 471/2000 Train Loss: 0.0028433312Val Loss: 0.0022960346   LR: 1.00e-04
Epoch 472/2000 Train Loss: 0.0026579219Val Loss: 0.0018037919   LR: 1.00e-04
Epoch 473/2000 Train Loss: 0.0026198103Val Loss: 0.0016728302   LR: 1.00e-04
Epoch 474/2000 Train Loss: 0.0030277773Val Loss: 0.0017008166   LR: 1.00e-04
Epoch 475/2000 Train Loss: 0.0029708106Val Loss: 0.0017071476   LR: 1.00e-04
Epoch 476/2000 Train Loss: 0.0025981299Val Loss: 0.0016032690   LR: 1.00e-04
Epoch 477/2000 Train Loss: 0.0028221784Val Loss: 0.0015648269   LR: 1.00e-04
Epoch 478/2000 Train Loss: 0.0026919015Val Loss: 0.0019924020   LR: 1.00e-04
Epoch 479/2000 Train Loss: 0.0030090499Val Loss: 0.0016971303   LR: 1.00e-04
Epoch 480/2000 Train Loss: 0.0028716996Val Loss: 0.0018378429   LR: 1.00e-04
Epoch 481/2000 Train Loss: 0.0030142724Val Loss: 0.0016144920   LR: 1.00e-04
Epoch 482/2000 Train Loss: 0.0028316818Val Loss: 0.0015872964   LR: 1.00e-04
Epoch 483/2000 Train Loss: 0.0025744461Val Loss: 0.0017216960   LR: 1.00e-04
Epoch 484/2000 Train Loss: 0.0028354303Val Loss: 0.0019898742   LR: 1.00e-04
Epoch 485/2000 Train Loss: 0.0029968457Val Loss: 0.0018679931   LR: 1.00e-04
Epoch 486/2000 Train Loss: 0.0028346084Val Loss: 0.0017876266   LR: 1.00e-04
Epoch 487/2000 Train Loss: 0.0026895561Val Loss: 0.0021863223   LR: 1.00e-04
Epoch 488/2000 Train Loss: 0.0029964094Val Loss: 0.0016908841   LR: 1.00e-04
Epoch 489/2000 Train Loss: 0.0029049108Val Loss: 0.0016246714   LR: 1.00e-04
Epoch 490/2000 Train Loss: 0.0026797605Val Loss: 0.0017471369   LR: 1.00e-04
Epoch 491/2000 Train Loss: 0.0028610925Val Loss: 0.0016011155   LR: 1.00e-04
Epoch 492/2000 Train Loss: 0.0028091797Val Loss: 0.0024539437   LR: 1.00e-04
Epoch 493/2000 Train Loss: 0.0029671435Val Loss: 0.0015987590   LR: 1.00e-04
Epoch 494/2000 Train Loss: 0.0027531373Val Loss: 0.0016034654   LR: 1.00e-04
Epoch 495/2000 Train Loss: 0.0029794107Val Loss: 0.0020867387   LR: 1.00e-04
Epoch 496/2000 Train Loss: 0.0031298784Val Loss: 0.0022964507   LR: 1.00e-04
Epoch 497/2000 Train Loss: 0.0028124060Val Loss: 0.0030805776   LR: 1.00e-04
Epoch 498/2000 Train Loss: 0.0025895422Val Loss: 0.0017721047   LR: 1.00e-04
Epoch 499/2000 Train Loss: 0.0029092568Val Loss: 0.0015968346   LR: 1.00e-04
Epoch 500/2000 Train Loss: 0.0024984118Val Loss: 0.0016199007   LR: 1.00e-04
Epoch 501/2000 Train Loss: 0.0026508782Val Loss: 0.0015053665   LR: 1.00e-04
Epoch 502/2000 Train Loss: 0.0028194425Val Loss: 0.0017823272   LR: 1.00e-04
Epoch 503/2000 Train Loss: 0.0029298359Val Loss: 0.0018929013   LR: 1.00e-04
Epoch 504/2000 Train Loss: 0.0026876937Val Loss: 0.0018648558   LR: 1.00e-04
Epoch 505/2000 Train Loss: 0.0025369896Val Loss: 0.0020428726   LR: 1.00e-04
Epoch 506/2000 Train Loss: 0.0029208902Val Loss: 0.0015556152   LR: 1.00e-04
Epoch 507/2000 Train Loss: 0.0031420396Val Loss: 0.0016818331   LR: 1.00e-04
Epoch 508/2000 Train Loss: 0.0028918719Val Loss: 0.0016531800   LR: 1.00e-04
Epoch 509/2000 Train Loss: 0.0026865028Val Loss: 0.0015776840   LR: 1.00e-04
Epoch 510/2000 Train Loss: 0.0028498685Val Loss: 0.0017349599   LR: 1.00e-04
Epoch 511/2000 Train Loss: 0.0028792978Val Loss: 0.0015656403   LR: 1.00e-04
Epoch 512/2000 Train Loss: 0.0028780420Val Loss: 0.0016179178   LR: 1.00e-04
Epoch 513/2000 Train Loss: 0.0025662384Val Loss: 0.0015760709   LR: 1.00e-04
Epoch 514/2000 Train Loss: 0.0027480950Val Loss: 0.0018416330   LR: 1.00e-04
Epoch 515/2000 Train Loss: 0.0028265888Val Loss: 0.0018933894   LR: 1.00e-04
Epoch 516/2000 Train Loss: 0.0027184329Val Loss: 0.0019747232   LR: 1.00e-04
Epoch 517/2000 Train Loss: 0.0029413246Val Loss: 0.0015529215   LR: 1.00e-04
Epoch 518/2000 Train Loss: 0.0023652422Val Loss: 0.0017444456   LR: 1.00e-04
Epoch 519/2000 Train Loss: 0.0024861122Val Loss: 0.0017227478   LR: 1.00e-04
Epoch 520/2000 Train Loss: 0.0027867154Val Loss: 0.0015862540   LR: 1.00e-04
Epoch 521/2000 Train Loss: 0.0028790877Val Loss: 0.0025396519   LR: 1.00e-04
Epoch 522/2000 Train Loss: 0.0031761196Val Loss: 0.0022242597   LR: 1.00e-04
Epoch 523/2000 Train Loss: 0.0029690003Val Loss: 0.0020785772   LR: 1.00e-04
Epoch 524/2000 Train Loss: 0.0027834371Val Loss: 0.0015893466   LR: 1.00e-04
Epoch 525/2000 Train Loss: 0.0028709403Val Loss: 0.0016838935   LR: 1.00e-04
Epoch 526/2000 Train Loss: 0.0028189642Val Loss: 0.0016129291   LR: 1.00e-04
Epoch 527/2000 Train Loss: 0.0025073810Val Loss: 0.0016454923   LR: 1.00e-04
Epoch 528/2000 Train Loss: 0.0025570648Val Loss: 0.0016644468   LR: 1.00e-04
Epoch 529/2000 Train Loss: 0.0027637930Val Loss: 0.0015351961   LR: 1.00e-04
Epoch 530/2000 Train Loss: 0.0028316376Val Loss: 0.0025006063   LR: 1.00e-04
Epoch 531/2000 Train Loss: 0.0027602057Val Loss: 0.0017221748   LR: 1.00e-04
Epoch 532/2000 Train Loss: 0.0026490105Val Loss: 0.0016998678   LR: 1.00e-04
Epoch 533/2000 Train Loss: 0.0027995568Val Loss: 0.0018484831   LR: 1.00e-04
Epoch 534/2000 Train Loss: 0.0028884903Val Loss: 0.0017029766   LR: 1.00e-04
Epoch 535/2000 Train Loss: 0.0026377402Val Loss: 0.0015462068   LR: 1.00e-04
Epoch 536/2000 Train Loss: 0.0027415408Val Loss: 0.0016229211   LR: 1.00e-04
Epoch 537/2000 Train Loss: 0.0027459236Val Loss: 0.0024369301   LR: 1.00e-04
Epoch 538/2000 Train Loss: 0.0026421324Val Loss: 0.0015752687   LR: 1.00e-04
Epoch 539/2000 Train Loss: 0.0030324055Val Loss: 0.0018681519   LR: 1.00e-04
Epoch 540/2000 Train Loss: 0.0026798564Val Loss: 0.0027434738   LR: 1.00e-04
Epoch 541/2000 Train Loss: 0.0030870964Val Loss: 0.0018186357   LR: 1.00e-04
Epoch 542/2000 Train Loss: 0.0028681653Val Loss: 0.0016637882   LR: 1.00e-04
Epoch 543/2000 Train Loss: 0.0028518185Val Loss: 0.0018846116   LR: 1.00e-04
Epoch 544/2000 Train Loss: 0.0026327248Val Loss: 0.0015553859   LR: 1.00e-04
Epoch 545/2000 Train Loss: 0.0026830225Val Loss: 0.0017297389   LR: 1.00e-04
Epoch 546/2000 Train Loss: 0.0028130520Val Loss: 0.0015935658   LR: 1.00e-04
Epoch 547/2000 Train Loss: 0.0026187190Val Loss: 0.0016899728   LR: 1.00e-04
Epoch 548/2000 Train Loss: 0.0026137725Val Loss: 0.0016622302   LR: 1.00e-04
Epoch 549/2000 Train Loss: 0.0028386020Val Loss: 0.0015447583   LR: 1.00e-04
Epoch 550/2000 Train Loss: 0.0027058384Val Loss: 0.0015828700   LR: 1.00e-04
Epoch 551/2000 Train Loss: 0.0031329017Val Loss: 0.0016832711   LR: 1.00e-04
Epoch 552/2000 Train Loss: 0.0025130443Val Loss: 0.0028775232   LR: 1.00e-04
Epoch 553/2000 Train Loss: 0.0029676821Val Loss: 0.0018277122   LR: 1.00e-04
Epoch 554/2000 Train Loss: 0.0031318923Val Loss: 0.0016453898   LR: 1.00e-04
Epoch 555/2000 Train Loss: 0.0026206266Val Loss: 0.0015142522   LR: 1.00e-04
Epoch 556/2000 Train Loss: 0.0025638794Val Loss: 0.0016325807   LR: 1.00e-04
Epoch 557/2000 Train Loss: 0.0026741634Val Loss: 0.0015590346   LR: 1.00e-04
Epoch 558/2000 Train Loss: 0.0025970620Val Loss: 0.0016645721   LR: 1.00e-04
Epoch 559/2000 Train Loss: 0.0024976396Val Loss: 0.0016596292   LR: 1.00e-04
Epoch 560/2000 Train Loss: 0.0026255949Val Loss: 0.0015510851   LR: 1.00e-04
Epoch 561/2000 Train Loss: 0.0028611239Val Loss: 0.0015364396   LR: 1.00e-04
Epoch 562/2000 Train Loss: 0.0028531488Val Loss: 0.0015056970   LR: 1.00e-04
Epoch 563/2000 Train Loss: 0.0026921174Val Loss: 0.0016233445   LR: 1.00e-04
Epoch 564/2000 Train Loss: 0.0025837576Val Loss: 0.0018149553   LR: 1.00e-04
Epoch 565/2000 Train Loss: 0.0029329493Val Loss: 0.0015168163   LR: 1.00e-04
Epoch 566/2000 Train Loss: 0.0025875368Val Loss: 0.0017389687   LR: 1.00e-04
Epoch 567/2000 Train Loss: 0.0024762937Val Loss: 0.0015110318   LR: 1.00e-04
Epoch 568/2000 Train Loss: 0.0026251075Val Loss: 0.0018595991   LR: 1.00e-04
Epoch 569/2000 Train Loss: 0.0026230118Val Loss: 0.0015284545   LR: 1.00e-04
Epoch 570/2000 Train Loss: 0.0024933202Val Loss: 0.0016268557   LR: 1.00e-04
Epoch 571/2000 Train Loss: 0.0025987027Val Loss: 0.0017938998   LR: 1.00e-04
Epoch 572/2000 Train Loss: 0.0024642451Val Loss: 0.0015730666   LR: 1.00e-04
Epoch 573/2000 Train Loss: 0.0027706160Val Loss: 0.0015913532   LR: 1.00e-04
Epoch 574/2000 Train Loss: 0.0027607430Val Loss: 0.0019439752   LR: 1.00e-04
Epoch 575/2000 Train Loss: 0.0030256865Val Loss: 0.0024630621   LR: 1.00e-04
Epoch 576/2000 Train Loss: 0.0027318946Val Loss: 0.0015322554   LR: 1.00e-04
Epoch 577/2000 Train Loss: 0.0027432899Val Loss: 0.0022038222   LR: 1.00e-04
Epoch 578/2000 Train Loss: 0.0029122892Val Loss: 0.0016839015   LR: 1.00e-04
Epoch 579/2000 Train Loss: 0.0027616920Val Loss: 0.0016486199   LR: 1.00e-04
Epoch 580/2000 Train Loss: 0.0025027660Val Loss: 0.0016545953   LR: 1.00e-04
Epoch 581/2000 Train Loss: 0.0024989589Val Loss: 0.0015726481   LR: 1.00e-04
Epoch 582/2000 Train Loss: 0.0024629207Val Loss: 0.0017986739   LR: 1.00e-04
Epoch 583/2000 Train Loss: 0.0026324783Val Loss: 0.0015390072   LR: 1.00e-04
Epoch 584/2000 Train Loss: 0.0026608947Val Loss: 0.0014940909   LR: 1.00e-04
Epoch 585/2000 Train Loss: 0.0022646969Val Loss: 0.0016399135   LR: 1.00e-04
Epoch 586/2000 Train Loss: 0.0027223670Val Loss: 0.0019665188   LR: 1.00e-04
Epoch 587/2000 Train Loss: 0.0024043335Val Loss: 0.0015575929   LR: 1.00e-04
Epoch 588/2000 Train Loss: 0.0027688885Val Loss: 0.0016897012   LR: 1.00e-04
Epoch 589/2000 Train Loss: 0.0028332399Val Loss: 0.0015607945   LR: 1.00e-04
Epoch 590/2000 Train Loss: 0.0026806191Val Loss: 0.0017506152   LR: 1.00e-04
Epoch 591/2000 Train Loss: 0.0025130563Val Loss: 0.0014817178   LR: 1.00e-04
Epoch 592/2000 Train Loss: 0.0027371079Val Loss: 0.0024733269   LR: 1.00e-04
Epoch 593/2000 Train Loss: 0.0027876817Val Loss: 0.0020183848   LR: 1.00e-04
Epoch 594/2000 Train Loss: 0.0025291482Val Loss: 0.0015300001   LR: 1.00e-04
Epoch 595/2000 Train Loss: 0.0027846174Val Loss: 0.0022583308   LR: 1.00e-04
Epoch 596/2000 Train Loss: 0.0026165050Val Loss: 0.0015387561   LR: 1.00e-04
Epoch 597/2000 Train Loss: 0.0026191048Val Loss: 0.0018616420   LR: 1.00e-04
Epoch 598/2000 Train Loss: 0.0027042550Val Loss: 0.0016899836   LR: 1.00e-04
Epoch 599/2000 Train Loss: 0.0026159537Val Loss: 0.0018098037   LR: 1.00e-04
Epoch 600/2000 Train Loss: 0.0026299291Val Loss: 0.0016767271   LR: 1.00e-04
Epoch 601/2000 Train Loss: 0.0028391908Val Loss: 0.0017513325   LR: 1.00e-04
Epoch 602/2000 Train Loss: 0.0024273449Val Loss: 0.0015160664   LR: 1.00e-04
Epoch 603/2000 Train Loss: 0.0026075756Val Loss: 0.0018384867   LR: 1.00e-04
Epoch 604/2000 Train Loss: 0.0026963155Val Loss: 0.0015801594   LR: 1.00e-04
Epoch 605/2000 Train Loss: 0.0024993055Val Loss: 0.0015518676   LR: 1.00e-04
Epoch 606/2000 Train Loss: 0.0024446845Val Loss: 0.0020020749   LR: 1.00e-04
Epoch 607/2000 Train Loss: 0.0026478569Val Loss: 0.0015658254   LR: 1.00e-04
Epoch 608/2000 Train Loss: 0.0025912570Val Loss: 0.0016797359   LR: 1.00e-04
Epoch 609/2000 Train Loss: 0.0026543870Val Loss: 0.0017978864   LR: 1.00e-04
Epoch 610/2000 Train Loss: 0.0024635379Val Loss: 0.0015645415   LR: 1.00e-04
Epoch 611/2000 Train Loss: 0.0023585243Val Loss: 0.0016463710   LR: 1.00e-04
Epoch 612/2000 Train Loss: 0.0023786967Val Loss: 0.0016928457   LR: 1.00e-04
Epoch 613/2000 Train Loss: 0.0029190097Val Loss: 0.0015391915   LR: 1.00e-04
Epoch 614/2000 Train Loss: 0.0026134741Val Loss: 0.0019010899   LR: 1.00e-04
Epoch 615/2000 Train Loss: 0.0024409165Val Loss: 0.0015119025   LR: 1.00e-04
Epoch 616/2000 Train Loss: 0.0024043290Val Loss: 0.0016738171   LR: 1.00e-04
Epoch 617/2000 Train Loss: 0.0027644347Val Loss: 0.0017040250   LR: 1.00e-04
Epoch 618/2000 Train Loss: 0.0024329613Val Loss: 0.0016059432   LR: 1.00e-04
Epoch 619/2000 Train Loss: 0.0027518735Val Loss: 0.0014847048   LR: 1.00e-04
Epoch 620/2000 Train Loss: 0.0026410387Val Loss: 0.0015753011   LR: 1.00e-04
Epoch 621/2000 Train Loss: 0.0027421924Val Loss: 0.0016548496   LR: 1.00e-04
Epoch 622/2000 Train Loss: 0.0028261472Val Loss: 0.0015343114   LR: 1.00e-04
Epoch 623/2000 Train Loss: 0.0027218783Val Loss: 0.0014648366   LR: 1.00e-04
Epoch 624/2000 Train Loss: 0.0022702885Val Loss: 0.0015906741   LR: 1.00e-04
Epoch 625/2000 Train Loss: 0.0027141702Val Loss: 0.0014797954   LR: 1.00e-04
Epoch 626/2000 Train Loss: 0.0027439046Val Loss: 0.0022418712   LR: 1.00e-04
Epoch 627/2000 Train Loss: 0.0024244155Val Loss: 0.0015110097   LR: 1.00e-04
Epoch 628/2000 Train Loss: 0.0028312445Val Loss: 0.0019508582   LR: 1.00e-04
Epoch 629/2000 Train Loss: 0.0027306964Val Loss: 0.0014841993   LR: 1.00e-04
Epoch 630/2000 Train Loss: 0.0024838557Val Loss: 0.0015713978   LR: 1.00e-04
Epoch 631/2000 Train Loss: 0.0025517806Val Loss: 0.0015743754   LR: 1.00e-04
Epoch 632/2000 Train Loss: 0.0027225033Val Loss: 0.0015074729   LR: 1.00e-04
Epoch 633/2000 Train Loss: 0.0025232343Val Loss: 0.0015994641   LR: 1.00e-04
Epoch 634/2000 Train Loss: 0.0025534261Val Loss: 0.0018143584   LR: 1.00e-04
Epoch 635/2000 Train Loss: 0.0022081349Val Loss: 0.0016427919   LR: 1.00e-04
Epoch 636/2000 Train Loss: 0.0025987516Val Loss: 0.0017907905   LR: 1.00e-04
Epoch 637/2000 Train Loss: 0.0026519837Val Loss: 0.0015571935   LR: 1.00e-04
Epoch 638/2000 Train Loss: 0.0024657802Val Loss: 0.0016286696   LR: 1.00e-04
Epoch 639/2000 Train Loss: 0.0027386826Val Loss: 0.0017052995   LR: 1.00e-04
Epoch 640/2000 Train Loss: 0.0024925315Val Loss: 0.0014662569   LR: 1.00e-04
Epoch 641/2000 Train Loss: 0.0027185013Val Loss: 0.0026742172   LR: 1.00e-04
Epoch 642/2000 Train Loss: 0.0025601745Val Loss: 0.0017826732   LR: 1.00e-04
Epoch 643/2000 Train Loss: 0.0026356402Val Loss: 0.0016638280   LR: 1.00e-04
Epoch 644/2000 Train Loss: 0.0023675831Val Loss: 0.0016261751   LR: 1.00e-04
Epoch 645/2000 Train Loss: 0.0023408574Val Loss: 0.0016184106   LR: 1.00e-04
Epoch 646/2000 Train Loss: 0.0024842133Val Loss: 0.0015103071   LR: 1.00e-04
Epoch 647/2000 Train Loss: 0.0027810689Val Loss: 0.0018424641   LR: 1.00e-04
Epoch 648/2000 Train Loss: 0.0024720042Val Loss: 0.0018016401   LR: 1.00e-04
Epoch 649/2000 Train Loss: 0.0026067427Val Loss: 0.0018417704   LR: 1.00e-04
Epoch 650/2000 Train Loss: 0.0028499101Val Loss: 0.0018533477   LR: 1.00e-04
Epoch 651/2000 Train Loss: 0.0024163328Val Loss: 0.0015964747   LR: 1.00e-04
Epoch 652/2000 Train Loss: 0.0026133284Val Loss: 0.0015392684   LR: 1.00e-04
Epoch 653/2000 Train Loss: 0.0029214075Val Loss: 0.0024327901   LR: 1.00e-04
Epoch 654/2000 Train Loss: 0.0024948256Val Loss: 0.0015130722   LR: 1.00e-04
Epoch 655/2000 Train Loss: 0.0027467913Val Loss: 0.0015007395   LR: 1.00e-04
Epoch 656/2000 Train Loss: 0.0026113366Val Loss: 0.0015485521   LR: 1.00e-04
Epoch 657/2000 Train Loss: 0.0025199116Val Loss: 0.0018118420   LR: 1.00e-04
Epoch 658/2000 Train Loss: 0.0024584948Val Loss: 0.0016353387   LR: 1.00e-04
Epoch 659/2000 Train Loss: 0.0026200689Val Loss: 0.0016621451   LR: 1.00e-04
Epoch 660/2000 Train Loss: 0.0025826674Val Loss: 0.0015169917   LR: 1.00e-04
Epoch 661/2000 Train Loss: 0.0026233562Val Loss: 0.0021147394   LR: 1.00e-04
Epoch 662/2000 Train Loss: 0.0025341413Val Loss: 0.0019614217   LR: 1.00e-04
Epoch 663/2000 Train Loss: 0.0024634175Val Loss: 0.0016354858   LR: 1.00e-04
Epoch 664/2000 Train Loss: 0.0024240570Val Loss: 0.0015339369   LR: 1.00e-04
Epoch 665/2000 Train Loss: 0.0025101907Val Loss: 0.0016879729   LR: 1.00e-04
Epoch 666/2000 Train Loss: 0.0027378512Val Loss: 0.0015312180   LR: 1.00e-04
Epoch 667/2000 Train Loss: 0.0024305873Val Loss: 0.0015208363   LR: 1.00e-04
Epoch 668/2000 Train Loss: 0.0023919598Val Loss: 0.0016563501   LR: 1.00e-04
Epoch 669/2000 Train Loss: 0.0025155593Val Loss: 0.0015384067   LR: 1.00e-04
Epoch 670/2000 Train Loss: 0.0024120441Val Loss: 0.0014926850   LR: 1.00e-04
Epoch 671/2000 Train Loss: 0.0023907032Val Loss: 0.0016836290   LR: 1.00e-04
Epoch 672/2000 Train Loss: 0.0023912841Val Loss: 0.0017593945   LR: 1.00e-04
Epoch 673/2000 Train Loss: 0.0024791805Val Loss: 0.0015450680   LR: 1.00e-04
Epoch 674/2000 Train Loss: 0.0022932244Val Loss: 0.0014558003   LR: 1.00e-04
Epoch 675/2000 Train Loss: 0.0024922146Val Loss: 0.0016863996   LR: 1.00e-04
Epoch 676/2000 Train Loss: 0.0021962963Val Loss: 0.0016435159   LR: 1.00e-04
Epoch 677/2000 Train Loss: 0.0026740482Val Loss: 0.0020142262   LR: 1.00e-04
Epoch 678/2000 Train Loss: 0.0024271597Val Loss: 0.0018580142   LR: 1.00e-04
Epoch 679/2000 Train Loss: 0.0025060536Val Loss: 0.0025286579   LR: 1.00e-04
Epoch 680/2000 Train Loss: 0.0023383343Val Loss: 0.0024744736   LR: 1.00e-04
Epoch 681/2000 Train Loss: 0.0025210100Val Loss: 0.0015214725   LR: 1.00e-04
Epoch 682/2000 Train Loss: 0.0024844899Val Loss: 0.0016076050   LR: 1.00e-04
Epoch 683/2000 Train Loss: 0.0025537508Val Loss: 0.0014819337   LR: 1.00e-04
Epoch 684/2000 Train Loss: 0.0025661066Val Loss: 0.0017380757   LR: 1.00e-04
Epoch 685/2000 Train Loss: 0.0024597396Val Loss: 0.0014066506   LR: 1.00e-04
Epoch 686/2000 Train Loss: 0.0025044286Val Loss: 0.0015846665   LR: 1.00e-04
Epoch 687/2000 Train Loss: 0.0026813594Val Loss: 0.0014937125   LR: 1.00e-04
Epoch 688/2000 Train Loss: 0.0024198191Val Loss: 0.0017367166   LR: 1.00e-04
Epoch 689/2000 Train Loss: 0.0025410796Val Loss: 0.0016658451   LR: 1.00e-04
Epoch 690/2000 Train Loss: 0.0025649486Val Loss: 0.0015130730   LR: 1.00e-04
Epoch 691/2000 Train Loss: 0.0025727484Val Loss: 0.0016426485   LR: 1.00e-04
Epoch 692/2000 Train Loss: 0.0025851298Val Loss: 0.0018934428   LR: 1.00e-04
Epoch 693/2000 Train Loss: 0.0026251180Val Loss: 0.0018461861   LR: 1.00e-04
Epoch 694/2000 Train Loss: 0.0023926692Val Loss: 0.0019361541   LR: 1.00e-04
Epoch 695/2000 Train Loss: 0.0026228529Val Loss: 0.0014872701   LR: 1.00e-04
Epoch 696/2000 Train Loss: 0.0025748099Val Loss: 0.0015398681   LR: 1.00e-04
Epoch 697/2000 Train Loss: 0.0027233563Val Loss: 0.0017794256   LR: 1.00e-04
Epoch 698/2000 Train Loss: 0.0025254537Val Loss: 0.0015837982   LR: 1.00e-04
Epoch 699/2000 Train Loss: 0.0022353513Val Loss: 0.0014694006   LR: 1.00e-04
Epoch 700/2000 Train Loss: 0.0023871880Val Loss: 0.0016353286   LR: 1.00e-04
Epoch 701/2000 Train Loss: 0.0025567253Val Loss: 0.0017954483   LR: 1.00e-04
Epoch 702/2000 Train Loss: 0.0021987149Val Loss: 0.0015565094   LR: 1.00e-04
Epoch 703/2000 Train Loss: 0.0025334776Val Loss: 0.0019156068   LR: 1.00e-04
Epoch 704/2000 Train Loss: 0.0022850570Val Loss: 0.0015961331   LR: 1.00e-04
Epoch 705/2000 Train Loss: 0.0025004493Val Loss: 0.0016551305   LR: 1.00e-04
Epoch 706/2000 Train Loss: 0.0025039001Val Loss: 0.0019002735   LR: 1.00e-04
Epoch 707/2000 Train Loss: 0.0024306592Val Loss: 0.0015197402   LR: 1.00e-04
Epoch 708/2000 Train Loss: 0.0022098861Val Loss: 0.0014428905   LR: 1.00e-04
Epoch 709/2000 Train Loss: 0.0026346506Val Loss: 0.0019820093   LR: 1.00e-04
Epoch 710/2000 Train Loss: 0.0025292459Val Loss: 0.0015298722   LR: 1.00e-04
Epoch 711/2000 Train Loss: 0.0024896765Val Loss: 0.0015906405   LR: 1.00e-04
Epoch 712/2000 Train Loss: 0.0022696694Val Loss: 0.0015876193   LR: 1.00e-04
Epoch 713/2000 Train Loss: 0.0024789801Val Loss: 0.0022505474   LR: 1.00e-04
Epoch 714/2000 Train Loss: 0.0027049665Val Loss: 0.0014304348   LR: 1.00e-04
Epoch 715/2000 Train Loss: 0.0023999105Val Loss: 0.0017143593   LR: 1.00e-04
Epoch 716/2000 Train Loss: 0.0025361418Val Loss: 0.0020396435   LR: 1.00e-04
Epoch 717/2000 Train Loss: 0.0020656563Val Loss: 0.0014931528   LR: 1.00e-04
Epoch 718/2000 Train Loss: 0.0026294035Val Loss: 0.0017894484   LR: 1.00e-04
Epoch 719/2000 Train Loss: 0.0024216157Val Loss: 0.0016503128   LR: 1.00e-04
Epoch 720/2000 Train Loss: 0.0028438583Val Loss: 0.0016171232   LR: 1.00e-04
Epoch 721/2000 Train Loss: 0.0025235223Val Loss: 0.0015886079   LR: 1.00e-04
Epoch 722/2000 Train Loss: 0.0025178663Val Loss: 0.0017816924   LR: 1.00e-04
Epoch 723/2000 Train Loss: 0.0026725875Val Loss: 0.0017394228   LR: 1.00e-04
Epoch 724/2000 Train Loss: 0.0024785878Val Loss: 0.0014392311   LR: 1.00e-04
Epoch 725/2000 Train Loss: 0.0024773894Val Loss: 0.0029724551   LR: 1.00e-04
Epoch 726/2000 Train Loss: 0.0024169114Val Loss: 0.0015786926   LR: 1.00e-04
Epoch 727/2000 Train Loss: 0.0022864485Val Loss: 0.0017045470   LR: 1.00e-04
Epoch 728/2000 Train Loss: 0.0021497731Val Loss: 0.0016545978   LR: 1.00e-04
Epoch 729/2000 Train Loss: 0.0024461663Val Loss: 0.0015205903   LR: 1.00e-04
Epoch 730/2000 Train Loss: 0.0023639924Val Loss: 0.0015301119   LR: 1.00e-04
Epoch 731/2000 Train Loss: 0.0026723555Val Loss: 0.0019835594   LR: 1.00e-04
Epoch 732/2000 Train Loss: 0.0028553909Val Loss: 0.0021499392   LR: 1.00e-04
Epoch 733/2000 Train Loss: 0.0022950135Val Loss: 0.0017024191   LR: 1.00e-04
Epoch 734/2000 Train Loss: 0.0024421604Val Loss: 0.0017494818   LR: 1.00e-04
Epoch 735/2000 Train Loss: 0.0024175872Val Loss: 0.0019534823   LR: 1.00e-04
Epoch 736/2000 Train Loss: 0.0027755502Val Loss: 0.0015725215   LR: 1.00e-04
Epoch 737/2000 Train Loss: 0.0020693315Val Loss: 0.0017665082   LR: 1.00e-04
Epoch 738/2000 Train Loss: 0.0021079121Val Loss: 0.0014185253   LR: 1.00e-04
Epoch 739/2000 Train Loss: 0.0023957614Val Loss: 0.0019777976   LR: 1.00e-04
Epoch 740/2000 Train Loss: 0.0024883085Val Loss: 0.0017760232   LR: 1.00e-04
Epoch 741/2000 Train Loss: 0.0023206201Val Loss: 0.0015777166   LR: 1.00e-04
Epoch 742/2000 Train Loss: 0.0025226642Val Loss: 0.0017892809   LR: 1.00e-04
Epoch 743/2000 Train Loss: 0.0024503691Val Loss: 0.0019946398   LR: 1.00e-04
Epoch 744/2000 Train Loss: 0.0022971782Val Loss: 0.0015923703   LR: 1.00e-04
Epoch 745/2000 Train Loss: 0.0024575332Val Loss: 0.0014748375   LR: 1.00e-04
Epoch 746/2000 Train Loss: 0.0023278737Val Loss: 0.0016418808   LR: 1.00e-04
Epoch 747/2000 Train Loss: 0.0027140476Val Loss: 0.0017213175   LR: 1.00e-04
Epoch 748/2000 Train Loss: 0.0025661931Val Loss: 0.0014276712   LR: 1.00e-04
Epoch 749/2000 Train Loss: 0.0022272127Val Loss: 0.0017244617   LR: 1.00e-04
Epoch 750/2000 Train Loss: 0.0025708113Val Loss: 0.0017021790   LR: 1.00e-04
Epoch 751/2000 Train Loss: 0.0026984100Val Loss: 0.0015181261   LR: 1.00e-04
Epoch 752/2000 Train Loss: 0.0022743415Val Loss: 0.0014236255   LR: 1.00e-04
Epoch 753/2000 Train Loss: 0.0025171120Val Loss: 0.0016752154   LR: 1.00e-04
Epoch 754/2000 Train Loss: 0.0024814481Val Loss: 0.0015370969   LR: 1.00e-04
Epoch 755/2000 Train Loss: 0.0024093246Val Loss: 0.0017707987   LR: 1.00e-04
Epoch 756/2000 Train Loss: 0.0024149973Val Loss: 0.0014799950   LR: 1.00e-04
Epoch 757/2000 Train Loss: 0.0022520546Val Loss: 0.0015227758   LR: 1.00e-04
Epoch 758/2000 Train Loss: 0.0024059704Val Loss: 0.0015800127   LR: 1.00e-04
Epoch 759/2000 Train Loss: 0.0024950700Val Loss: 0.0015438130   LR: 1.00e-04
Epoch 760/2000 Train Loss: 0.0023849080Val Loss: 0.0015658249   LR: 1.00e-04
Epoch 761/2000 Train Loss: 0.0026086637Val Loss: 0.0016088196   LR: 1.00e-04
Epoch 762/2000 Train Loss: 0.0024988119Val Loss: 0.0014201998   LR: 1.00e-04
Epoch 763/2000 Train Loss: 0.0023837837Val Loss: 0.0016293062   LR: 1.00e-04
Epoch 764/2000 Train Loss: 0.0024384533Val Loss: 0.0015672597   LR: 1.00e-04
Epoch 765/2000 Train Loss: 0.0024910577Val Loss: 0.0015097917   LR: 1.00e-04
Epoch 766/2000 Train Loss: 0.0023389625Val Loss: 0.0017811828   LR: 1.00e-04
Epoch 767/2000 Train Loss: 0.0024886190Val Loss: 0.0015452594   LR: 1.00e-04
Epoch 768/2000 Train Loss: 0.0025006457Val Loss: 0.0016648584   LR: 1.00e-04
Epoch 769/2000 Train Loss: 0.0023408001Val Loss: 0.0017434274   LR: 1.00e-04
Epoch 770/2000 Train Loss: 0.0024227468Val Loss: 0.0015968008   LR: 1.00e-04
Epoch 771/2000 Train Loss: 0.0027503449Val Loss: 0.0017106184   LR: 1.00e-04
Epoch 772/2000 Train Loss: 0.0023469394Val Loss: 0.0016270438   LR: 1.00e-04
Epoch 773/2000 Train Loss: 0.0024991401Val Loss: 0.0023345131   LR: 1.00e-04
Epoch 774/2000 Train Loss: 0.0023102201Val Loss: 0.0015145917   LR: 1.00e-04
Epoch 775/2000 Train Loss: 0.0024250438Val Loss: 0.0018202483   LR: 1.00e-04
Epoch 776/2000 Train Loss: 0.0023821818Val Loss: 0.0019067914   LR: 1.00e-04
Epoch 777/2000 Train Loss: 0.0024401928Val Loss: 0.0016929451   LR: 1.00e-04
Epoch 778/2000 Train Loss: 0.0024622532Val Loss: 0.0015522088   LR: 1.00e-04
Epoch 779/2000 Train Loss: 0.0027018317Val Loss: 0.0016438496   LR: 1.00e-04
Epoch 780/2000 Train Loss: 0.0023484750Val Loss: 0.0017310518   LR: 1.00e-04
Epoch 781/2000 Train Loss: 0.0023125793Val Loss: 0.0015534570   LR: 1.00e-04
Epoch 782/2000 Train Loss: 0.0025571716Val Loss: 0.0014818537   LR: 1.00e-04
Epoch 783/2000 Train Loss: 0.0021477138Val Loss: 0.0015065297   LR: 1.00e-04
Epoch 784/2000 Train Loss: 0.0024809599Val Loss: 0.0016421744   LR: 1.00e-04
Epoch 785/2000 Train Loss: 0.0022317787Val Loss: 0.0015670220   LR: 1.00e-04
Epoch 786/2000 Train Loss: 0.0025175457Val Loss: 0.0024002885   LR: 1.00e-04
Epoch 787/2000 Train Loss: 0.0023812651Val Loss: 0.0014911675   LR: 1.00e-04
Epoch 788/2000 Train Loss: 0.0025430341Val Loss: 0.0015303233   LR: 1.00e-04
Epoch 789/2000 Train Loss: 0.0025805546Val Loss: 0.0014948708   LR: 1.00e-04
Epoch 790/2000 Train Loss: 0.0024957063Val Loss: 0.0014351342   LR: 1.00e-04
Epoch 791/2000 Train Loss: 0.0023907316Val Loss: 0.0021153576   LR: 1.00e-04
Epoch 792/2000 Train Loss: 0.0024481165Val Loss: 0.0019916954   LR: 1.00e-04
Epoch 793/2000 Train Loss: 0.0024093031Val Loss: 0.0015427563   LR: 1.00e-04
Epoch 794/2000 Train Loss: 0.0021797166Val Loss: 0.0016292210   LR: 1.00e-04
Epoch 795/2000 Train Loss: 0.0025511461Val Loss: 0.0016806547   LR: 1.00e-04
Epoch 796/2000 Train Loss: 0.0026099724Val Loss: 0.0015690501   LR: 1.00e-04
Epoch 797/2000 Train Loss: 0.0023943954Val Loss: 0.0017122845   LR: 1.00e-04
Epoch 798/2000 Train Loss: 0.0024562073Val Loss: 0.0016784393   LR: 1.00e-04
Epoch 799/2000 Train Loss: 0.0022455422Val Loss: 0.0015038914   LR: 1.00e-04
Epoch 800/2000 Train Loss: 0.0023784340Val Loss: 0.0015228366   LR: 1.00e-04
Epoch 801/2000 Train Loss: 0.0023995713Val Loss: 0.0015407534   LR: 1.00e-04
Epoch 802/2000 Train Loss: 0.0023492555Val Loss: 0.0015349743   LR: 1.00e-04
Epoch 803/2000 Train Loss: 0.0022891235Val Loss: 0.0015487028   LR: 1.00e-04
Epoch 804/2000 Train Loss: 0.0021660802Val Loss: 0.0016389540   LR: 1.00e-04
Epoch 805/2000 Train Loss: 0.0022420667Val Loss: 0.0014563867   LR: 1.00e-04
Epoch 806/2000 Train Loss: 0.0024149999Val Loss: 0.0015949364   LR: 1.00e-04
Epoch 807/2000 Train Loss: 0.0022828296Val Loss: 0.0016521414   LR: 1.00e-04
Epoch 808/2000 Train Loss: 0.0022303723Val Loss: 0.0014127674   LR: 1.00e-04
Epoch 809/2000 Train Loss: 0.0024562711Val Loss: 0.0015725962   LR: 1.00e-04
Epoch 810/2000 Train Loss: 0.0024083839Val Loss: 0.0016035400   LR: 1.00e-04
Epoch 811/2000 Train Loss: 0.0020193031Val Loss: 0.0016106148   LR: 1.00e-04
Epoch 812/2000 Train Loss: 0.0023662585Val Loss: 0.0016272639   LR: 1.00e-04
Epoch 813/2000 Train Loss: 0.0025182332Val Loss: 0.0021889346   LR: 1.00e-04
Epoch 814/2000 Train Loss: 0.0023983957Val Loss: 0.0016119170   LR: 1.00e-04
Epoch 815/2000 Train Loss: 0.0020388452Val Loss: 0.0015390959   LR: 1.00e-04
Epoch 816/2000 Train Loss: 0.0024150361Val Loss: 0.0014909964   LR: 1.00e-04
Epoch 817/2000 Train Loss: 0.0023598595Val Loss: 0.0016171673   LR: 1.00e-04
Epoch 818/2000 Train Loss: 0.0024748425Val Loss: 0.0014707176   LR: 1.00e-04
Epoch 819/2000 Train Loss: 0.0023588459Val Loss: 0.0015330885   LR: 1.00e-04
Epoch 820/2000 Train Loss: 0.0024635707Val Loss: 0.0016260650   LR: 1.00e-04
Epoch 821/2000 Train Loss: 0.0021801916Val Loss: 0.0020272300   LR: 1.00e-04
Epoch 822/2000 Train Loss: 0.0022890898Val Loss: 0.0013626932   LR: 1.00e-04
Epoch 823/2000 Train Loss: 0.0026954836Val Loss: 0.0020552296   LR: 1.00e-04
Epoch 824/2000 Train Loss: 0.0023293231Val Loss: 0.0014260587   LR: 1.00e-04
Epoch 825/2000 Train Loss: 0.0024347116Val Loss: 0.0014649886   LR: 1.00e-04
Epoch 826/2000 Train Loss: 0.0025223617Val Loss: 0.0014232500   LR: 1.00e-04
Epoch 827/2000 Train Loss: 0.0021702354Val Loss: 0.0017846110   LR: 1.00e-04
Epoch 828/2000 Train Loss: 0.0023635283Val Loss: 0.0015494080   LR: 1.00e-04
Epoch 829/2000 Train Loss: 0.0023518410Val Loss: 0.0014292534   LR: 1.00e-04
Epoch 830/2000 Train Loss: 0.0023349864Val Loss: 0.0014710572   LR: 1.00e-04
Epoch 831/2000 Train Loss: 0.0023865100Val Loss: 0.0014250681   LR: 1.00e-04
Epoch 832/2000 Train Loss: 0.0024653486Val Loss: 0.0015996469   LR: 1.00e-04
Epoch 833/2000 Train Loss: 0.0020908893Val Loss: 0.0015098688   LR: 1.00e-04
Epoch 834/2000 Train Loss: 0.0026306458Val Loss: 0.0017817723   LR: 1.00e-04
Epoch 835/2000 Train Loss: 0.0025105606Val Loss: 0.0016135202   LR: 1.00e-04
Epoch 836/2000 Train Loss: 0.0023086278Val Loss: 0.0017772824   LR: 1.00e-04
Epoch 837/2000 Train Loss: 0.0022996187Val Loss: 0.0017814760   LR: 1.00e-04
Epoch 838/2000 Train Loss: 0.0022289148Val Loss: 0.0016613758   LR: 1.00e-04
Epoch 839/2000 Train Loss: 0.0022790683Val Loss: 0.0014550970   LR: 1.00e-04
Epoch 840/2000 Train Loss: 0.0022999768Val Loss: 0.0014758360   LR: 1.00e-04
Epoch 841/2000 Train Loss: 0.0022109009Val Loss: 0.0014688719   LR: 1.00e-04
Epoch 842/2000 Train Loss: 0.0020267939Val Loss: 0.0015576496   LR: 1.00e-04
Epoch 843/2000 Train Loss: 0.0024137922Val Loss: 0.0016777768   LR: 1.00e-04
Epoch 844/2000 Train Loss: 0.0025381340Val Loss: 0.0016372576   LR: 1.00e-04
Epoch 845/2000 Train Loss: 0.0021564661Val Loss: 0.0014660846   LR: 1.00e-04
Epoch 846/2000 Train Loss: 0.0022678690Val Loss: 0.0019533766   LR: 1.00e-04
Epoch 847/2000 Train Loss: 0.0025109720Val Loss: 0.0020112258   LR: 1.00e-04
Epoch 848/2000 Train Loss: 0.0023183899Val Loss: 0.0019742380   LR: 1.00e-04
Epoch 849/2000 Train Loss: 0.0022001445Val Loss: 0.0017334755   LR: 1.00e-04
Epoch 850/2000 Train Loss: 0.0020944933Val Loss: 0.0017434659   LR: 1.00e-04
Epoch 851/2000 Train Loss: 0.0021572342Val Loss: 0.0014665471   LR: 1.00e-04
Epoch 852/2000 Train Loss: 0.0023897733Val Loss: 0.0014916991   LR: 1.00e-04
Epoch 853/2000 Train Loss: 0.0023988228Val Loss: 0.0015083853   LR: 1.00e-04
Epoch 854/2000 Train Loss: 0.0024383674Val Loss: 0.0015050197   LR: 1.00e-04
Epoch 855/2000 Train Loss: 0.0025703338Val Loss: 0.0016858935   LR: 1.00e-04
Epoch 856/2000 Train Loss: 0.0025872126Val Loss: 0.0015426924   LR: 1.00e-04
Epoch 857/2000 Train Loss: 0.0023309684Val Loss: 0.0015696111   LR: 1.00e-04
Epoch 858/2000 Train Loss: 0.0023018939Val Loss: 0.0013992444   LR: 1.00e-04
Epoch 859/2000 Train Loss: 0.0024500552Val Loss: 0.0016286233   LR: 1.00e-04
Epoch 860/2000 Train Loss: 0.0025822958Val Loss: 0.0016287421   LR: 1.00e-04
Epoch 861/2000 Train Loss: 0.0023014580Val Loss: 0.0013968220   LR: 1.00e-04
Epoch 862/2000 Train Loss: 0.0022836220Val Loss: 0.0015593369   LR: 1.00e-04
Epoch 863/2000 Train Loss: 0.0023622642Val Loss: 0.0013941641   LR: 1.00e-04
Epoch 864/2000 Train Loss: 0.0021807962Val Loss: 0.0015953444   LR: 1.00e-04
Epoch 865/2000 Train Loss: 0.0020729392Val Loss: 0.0016189472   LR: 1.00e-04
Epoch 866/2000 Train Loss: 0.0023214585Val Loss: 0.0013776596   LR: 1.00e-04
Epoch 867/2000 Train Loss: 0.0024817402Val Loss: 0.0015667027   LR: 1.00e-04
Epoch 868/2000 Train Loss: 0.0026359120Val Loss: 0.0015545180   LR: 1.00e-04
Epoch 869/2000 Train Loss: 0.0022897008Val Loss: 0.0014640258   LR: 1.00e-04
Epoch 870/2000 Train Loss: 0.0021823943Val Loss: 0.0015822154   LR: 1.00e-04
Epoch 871/2000 Train Loss: 0.0021307931Val Loss: 0.0015701199   LR: 1.00e-04
Epoch 872/2000 Train Loss: 0.0022753314Val Loss: 0.0015398667   LR: 1.00e-04
Epoch 873/2000 Train Loss: 0.0025343862Val Loss: 0.0016992054   LR: 1.00e-04
Epoch 874/2000 Train Loss: 0.0024379833Val Loss: 0.0014624008   LR: 1.00e-04
Epoch 875/2000 Train Loss: 0.0024726127Val Loss: 0.0014293292   LR: 1.00e-04
Epoch 876/2000 Train Loss: 0.0022625592Val Loss: 0.0015160988   LR: 1.00e-04
Epoch 877/2000 Train Loss: 0.0021782501Val Loss: 0.0017765309   LR: 1.00e-04
Epoch 878/2000 Train Loss: 0.0022918903Val Loss: 0.0014538607   LR: 1.00e-04
Epoch 879/2000 Train Loss: 0.0022750798Val Loss: 0.0021139665   LR: 1.00e-04
Epoch 880/2000 Train Loss: 0.0024367503Val Loss: 0.0018884191   LR: 1.00e-04
Epoch 881/2000 Train Loss: 0.0021709998Val Loss: 0.0014262046   LR: 1.00e-04
Epoch 882/2000 Train Loss: 0.0025220894Val Loss: 0.0013949897   LR: 1.00e-04
Epoch 883/2000 Train Loss: 0.0022933231Val Loss: 0.0017841789   LR: 1.00e-04
Epoch 884/2000 Train Loss: 0.0022391679Val Loss: 0.0017060585   LR: 1.00e-04
Epoch 885/2000 Train Loss: 0.0023901248Val Loss: 0.0017533108   LR: 1.00e-04
Epoch 886/2000 Train Loss: 0.0023744336Val Loss: 0.0015217003   LR: 1.00e-04
Epoch 887/2000 Train Loss: 0.0021465738Val Loss: 0.0015539411   LR: 1.00e-04
Epoch 888/2000 Train Loss: 0.0024294834Val Loss: 0.0019092109   LR: 1.00e-04
Epoch 889/2000 Train Loss: 0.0024803608Val Loss: 0.0016332649   LR: 1.00e-04
Epoch 890/2000 Train Loss: 0.0022251824Val Loss: 0.0015457484   LR: 1.00e-04
Epoch 891/2000 Train Loss: 0.0022042916Val Loss: 0.0016256603   LR: 1.00e-04
Epoch 892/2000 Train Loss: 0.0022172345Val Loss: 0.0014564092   LR: 1.00e-04
Epoch 893/2000 Train Loss: 0.0022186324Val Loss: 0.0014426440   LR: 1.00e-04
Epoch 894/2000 Train Loss: 0.0021383105Val Loss: 0.0014120609   LR: 1.00e-04
Epoch 895/2000 Train Loss: 0.0023597117Val Loss: 0.0019859151   LR: 1.00e-04
Epoch 896/2000 Train Loss: 0.0025069549Val Loss: 0.0016601140   LR: 1.00e-04
Epoch 897/2000 Train Loss: 0.0019801127Val Loss: 0.0016172319   LR: 1.00e-04
Epoch 898/2000 Train Loss: 0.0022316378Val Loss: 0.0015168757   LR: 1.00e-04
Epoch 899/2000 Train Loss: 0.0021421492Val Loss: 0.0014288801   LR: 1.00e-04
Epoch 900/2000 Train Loss: 0.0025038210Val Loss: 0.0018511913   LR: 1.00e-04
Epoch 901/2000 Train Loss: 0.0021584977Val Loss: 0.0016711680   LR: 1.00e-04
Epoch 902/2000 Train Loss: 0.0023646915Val Loss: 0.0016262556   LR: 1.00e-04
Epoch 903/2000 Train Loss: 0.0024058963Val Loss: 0.0014576462   LR: 1.00e-04
Epoch 904/2000 Train Loss: 0.0024277309Val Loss: 0.0014290003   LR: 1.00e-04
Epoch 905/2000 Train Loss: 0.0023007098Val Loss: 0.0017868045   LR: 1.00e-04
Epoch 906/2000 Train Loss: 0.0026545353Val Loss: 0.0015352857   LR: 1.00e-04
Epoch 907/2000 Train Loss: 0.0024675520Val Loss: 0.0017072563   LR: 1.00e-04
Epoch 908/2000 Train Loss: 0.0023651299Val Loss: 0.0019586931   LR: 1.00e-04
Epoch 909/2000 Train Loss: 0.0021313702Val Loss: 0.0014270538   LR: 1.00e-04
Epoch 910/2000 Train Loss: 0.0023117248Val Loss: 0.0016883035   LR: 1.00e-04
Epoch 911/2000 Train Loss: 0.0021660357Val Loss: 0.0014345705   LR: 1.00e-04
Epoch 912/2000 Train Loss: 0.0022576999Val Loss: 0.0016390777   LR: 1.00e-04
Epoch 913/2000 Train Loss: 0.0023617102Val Loss: 0.0013941222   LR: 1.00e-04
Epoch 914/2000 Train Loss: 0.0021797606Val Loss: 0.0017887315   LR: 1.00e-04
Epoch 915/2000 Train Loss: 0.0024165327Val Loss: 0.0013608399   LR: 1.00e-04
Epoch 916/2000 Train Loss: 0.0022120801Val Loss: 0.0015322004   LR: 1.00e-04
Epoch 917/2000 Train Loss: 0.0021836656Val Loss: 0.0015903601   LR: 1.00e-04
Epoch 918/2000 Train Loss: 0.0021111577Val Loss: 0.0013677253   LR: 1.00e-04
Epoch 919/2000 Train Loss: 0.0022394066Val Loss: 0.0014783239   LR: 1.00e-04
Epoch 920/2000 Train Loss: 0.0020984033Val Loss: 0.0014888167   LR: 1.00e-04
Epoch 921/2000 Train Loss: 0.0022789680Val Loss: 0.0013967022   LR: 1.00e-04
Epoch 922/2000 Train Loss: 0.0021266037Val Loss: 0.0014799084   LR: 1.00e-04
Epoch 923/2000 Train Loss: 0.0024655528Val Loss: 0.0013835857   LR: 1.00e-04
Epoch 924/2000 Train Loss: 0.0021515551Val Loss: 0.0016887237   LR: 1.00e-04
Epoch 925/2000 Train Loss: 0.0023590407Val Loss: 0.0017363436   LR: 1.00e-04
Epoch 926/2000 Train Loss: 0.0023199832Val Loss: 0.0014554487   LR: 1.00e-04
Epoch 927/2000 Train Loss: 0.0024544457Val Loss: 0.0015154706   LR: 1.00e-04
Epoch 928/2000 Train Loss: 0.0023303047Val Loss: 0.0014431790   LR: 1.00e-04
Epoch 929/2000 Train Loss: 0.0022378114Val Loss: 0.0016548249   LR: 1.00e-04
Epoch 930/2000 Train Loss: 0.0022937015Val Loss: 0.0016332325   LR: 1.00e-04
Epoch 931/2000 Train Loss: 0.0019188770Val Loss: 0.0014040356   LR: 1.00e-04
Epoch 932/2000 Train Loss: 0.0019540649Val Loss: 0.0014515081   LR: 1.00e-04
Epoch 933/2000 Train Loss: 0.0021865864Val Loss: 0.0014774068   LR: 1.00e-04
Epoch 934/2000 Train Loss: 0.0022097480Val Loss: 0.0014964099   LR: 1.00e-04
Epoch 935/2000 Train Loss: 0.0022497151Val Loss: 0.0014074249   LR: 1.00e-04
Epoch 936/2000 Train Loss: 0.0023291465Val Loss: 0.0014915873   LR: 1.00e-04
Epoch 937/2000 Train Loss: 0.0023885302Val Loss: 0.0023195506   LR: 1.00e-04
Epoch 938/2000 Train Loss: 0.0023053302Val Loss: 0.0017964693   LR: 1.00e-04
Epoch 939/2000 Train Loss: 0.0022901252Val Loss: 0.0014008324   LR: 1.00e-04
Epoch 940/2000 Train Loss: 0.0022432396Val Loss: 0.0020500416   LR: 1.00e-04
Epoch 941/2000 Train Loss: 0.0019818729Val Loss: 0.0015510345   LR: 1.00e-04
Epoch 942/2000 Train Loss: 0.0020773020Val Loss: 0.0014747713   LR: 1.00e-04
Epoch 943/2000 Train Loss: 0.0022452238Val Loss: 0.0016372145   LR: 1.00e-04
Epoch 944/2000 Train Loss: 0.0023960083Val Loss: 0.0015699933   LR: 1.00e-04
Epoch 945/2000 Train Loss: 0.0021956502Val Loss: 0.0022338286   LR: 1.00e-04
Epoch 946/2000 Train Loss: 0.0022316018Val Loss: 0.0017040714   LR: 1.00e-04
Epoch 947/2000 Train Loss: 0.0025567026Val Loss: 0.0020434329   LR: 1.00e-04
Epoch 948/2000 Train Loss: 0.0020817912Val Loss: 0.0017522736   LR: 1.00e-04
Epoch 949/2000 Train Loss: 0.0021344960Val Loss: 0.0015932369   LR: 1.00e-04
Epoch 950/2000 Train Loss: 0.0024341990Val Loss: 0.0013964397   LR: 1.00e-04
Epoch 951/2000 Train Loss: 0.0020856869Val Loss: 0.0014199574   LR: 1.00e-04
Epoch 952/2000 Train Loss: 0.0021591122Val Loss: 0.0017231783   LR: 1.00e-04
Epoch 953/2000 Train Loss: 0.0020944111Val Loss: 0.0013856697   LR: 1.00e-04
Epoch 954/2000 Train Loss: 0.0023373882Val Loss: 0.0016132161   LR: 1.00e-04
Epoch 955/2000 Train Loss: 0.0022062408Val Loss: 0.0015428664   LR: 1.00e-04
Epoch 956/2000 Train Loss: 0.0021327795Val Loss: 0.0019156436   LR: 1.00e-04
Epoch 957/2000 Train Loss: 0.0022568237Val Loss: 0.0017879515   LR: 1.00e-04
Epoch 958/2000 Train Loss: 0.0021332920Val Loss: 0.0013516085   LR: 1.00e-04
Epoch 959/2000 Train Loss: 0.0019817092Val Loss: 0.0015647591   LR: 1.00e-04
Epoch 960/2000 Train Loss: 0.0019946313Val Loss: 0.0015063998   LR: 1.00e-04
Epoch 961/2000 Train Loss: 0.0021010353Val Loss: 0.0014348489   LR: 1.00e-04
Epoch 962/2000 Train Loss: 0.0024417128Val Loss: 0.0015219013   LR: 1.00e-04
Epoch 963/2000 Train Loss: 0.0020458300Val Loss: 0.0018001272   LR: 1.00e-04
Epoch 964/2000 Train Loss: 0.0022601327Val Loss: 0.0016095301   LR: 1.00e-04
Epoch 965/2000 Train Loss: 0.0024488617Val Loss: 0.0014250258   LR: 1.00e-04
Epoch 966/2000 Train Loss: 0.0021112270Val Loss: 0.0016122962   LR: 1.00e-04
Epoch 967/2000 Train Loss: 0.0022191278Val Loss: 0.0014758710   LR: 1.00e-04
Epoch 968/2000 Train Loss: 0.0021110094Val Loss: 0.0019011557   LR: 1.00e-04
Epoch 969/2000 Train Loss: 0.0022762917Val Loss: 0.0015515776   LR: 1.00e-04
Epoch 970/2000 Train Loss: 0.0021122891Val Loss: 0.0014503659   LR: 1.00e-04
Epoch 971/2000 Train Loss: 0.0021763251Val Loss: 0.0015457152   LR: 1.00e-04
Epoch 972/2000 Train Loss: 0.0021714220Val Loss: 0.0014576335   LR: 1.00e-04
Epoch 973/2000 Train Loss: 0.0019809755Val Loss: 0.0014367011   LR: 1.00e-04
Epoch 974/2000 Train Loss: 0.0022072094Val Loss: 0.0014102592   LR: 1.00e-04
Epoch 975/2000 Train Loss: 0.0022331925Val Loss: 0.0014469382   LR: 1.00e-04
Epoch 976/2000 Train Loss: 0.0021113466Val Loss: 0.0015756386   LR: 1.00e-04
Epoch 977/2000 Train Loss: 0.0021316802Val Loss: 0.0014423560   LR: 1.00e-04
Epoch 978/2000 Train Loss: 0.0021194342Val Loss: 0.0016699721   LR: 1.00e-04
Epoch 979/2000 Train Loss: 0.0020918092Val Loss: 0.0013871162   LR: 1.00e-04
Epoch 980/2000 Train Loss: 0.0020654493Val Loss: 0.0014032123   LR: 1.00e-04
Epoch 981/2000 Train Loss: 0.0022901707Val Loss: 0.0014749893   LR: 1.00e-04
Epoch 982/2000 Train Loss: 0.0022247840Val Loss: 0.0014368546   LR: 1.00e-04
Epoch 983/2000 Train Loss: 0.0022436411Val Loss: 0.0014248844   LR: 1.00e-04
Epoch 984/2000 Train Loss: 0.0020018545Val Loss: 0.0013903031   LR: 1.00e-04
Epoch 985/2000 Train Loss: 0.0022335801Val Loss: 0.0014129013   LR: 1.00e-04
Epoch 986/2000 Train Loss: 0.0020966593Val Loss: 0.0015171241   LR: 1.00e-04
Epoch 987/2000 Train Loss: 0.0021047935Val Loss: 0.0013073549   LR: 1.00e-04
Epoch 988/2000 Train Loss: 0.0020583220Val Loss: 0.0014296047   LR: 1.00e-04
Epoch 989/2000 Train Loss: 0.0020438927Val Loss: 0.0017370096   LR: 1.00e-04
Epoch 990/2000 Train Loss: 0.0024602812Val Loss: 0.0014157795   LR: 1.00e-04
Epoch 991/2000 Train Loss: 0.0021305169Val Loss: 0.0014372821   LR: 1.00e-04
Epoch 992/2000 Train Loss: 0.0021714714Val Loss: 0.0018568153   LR: 1.00e-04
Epoch 993/2000 Train Loss: 0.0021406040Val Loss: 0.0016432769   LR: 1.00e-04
Epoch 994/2000 Train Loss: 0.0022896531Val Loss: 0.0014690451   LR: 1.00e-04
Epoch 995/2000 Train Loss: 0.0018895421Val Loss: 0.0013304287   LR: 1.00e-04
Epoch 996/2000 Train Loss: 0.0020116781Val Loss: 0.0014099299   LR: 1.00e-04
Epoch 997/2000 Train Loss: 0.0021149976Val Loss: 0.0016858220   LR: 1.00e-04
Epoch 998/2000 Train Loss: 0.0022573902Val Loss: 0.0021199179   LR: 1.00e-04
Epoch 999/2000 Train Loss: 0.0023297893Val Loss: 0.0014551337   LR: 1.00e-04
Epoch 1000/2000 Train Loss: 0.0022662211Val Loss: 0.0015744983   LR: 1.00e-04
Epoch 1001/2000 Train Loss: 0.0020246088Val Loss: 0.0015496235   LR: 1.00e-04
Epoch 1002/2000 Train Loss: 0.0020815155Val Loss: 0.0019883490   LR: 1.00e-04
Epoch 1003/2000 Train Loss: 0.0023562240Val Loss: 0.0014968064   LR: 1.00e-04
Epoch 1004/2000 Train Loss: 0.0023913518Val Loss: 0.0015936627   LR: 1.00e-04
Epoch 1005/2000 Train Loss: 0.0020724743Val Loss: 0.0013647251   LR: 1.00e-04
Epoch 1006/2000 Train Loss: 0.0023487335Val Loss: 0.0015830625   LR: 1.00e-04
Epoch 1007/2000 Train Loss: 0.0021503765Val Loss: 0.0019697378   LR: 1.00e-04
Epoch 1008/2000 Train Loss: 0.0023388461Val Loss: 0.0014052719   LR: 1.00e-04
Epoch 1009/2000 Train Loss: 0.0023167722Val Loss: 0.0014072895   LR: 1.00e-04
Epoch 1010/2000 Train Loss: 0.0022662784Val Loss: 0.0014415255   LR: 1.00e-04
Epoch 1011/2000 Train Loss: 0.0021419145Val Loss: 0.0014445982   LR: 1.00e-04
Epoch 1012/2000 Train Loss: 0.0023551888Val Loss: 0.0014088974   LR: 1.00e-04
Epoch 1013/2000 Train Loss: 0.0022419256Val Loss: 0.0014832877   LR: 1.00e-04
Epoch 1014/2000 Train Loss: 0.0019698357Val Loss: 0.0014572617   LR: 1.00e-04
Epoch 1015/2000 Train Loss: 0.0021806779Val Loss: 0.0016443665   LR: 1.00e-04
Epoch 1016/2000 Train Loss: 0.0021813854Val Loss: 0.0013512731   LR: 1.00e-04
Epoch 1017/2000 Train Loss: 0.0020604574Val Loss: 0.0014542309   LR: 1.00e-04
Epoch 1018/2000 Train Loss: 0.0020960235Val Loss: 0.0015402792   LR: 1.00e-04
Epoch 1019/2000 Train Loss: 0.0021937536Val Loss: 0.0013854933   LR: 1.00e-04
Epoch 1020/2000 Train Loss: 0.0022063028Val Loss: 0.0015313657   LR: 1.00e-04
Epoch 1021/2000 Train Loss: 0.0019815558Val Loss: 0.0014214507   LR: 1.00e-04
Epoch 1022/2000 Train Loss: 0.0020971701Val Loss: 0.0014812595   LR: 1.00e-04
Epoch 1023/2000 Train Loss: 0.0021690779Val Loss: 0.0014764311   LR: 1.00e-04
Epoch 1024/2000 Train Loss: 0.0021796814Val Loss: 0.0014653902   LR: 1.00e-04
Epoch 1025/2000 Train Loss: 0.0022023584Val Loss: 0.0014563178   LR: 1.00e-04
Epoch 1026/2000 Train Loss: 0.0022520729Val Loss: 0.0013707980   LR: 1.00e-04
Epoch 1027/2000 Train Loss: 0.0021983669Val Loss: 0.0014667889   LR: 1.00e-04
Epoch 1028/2000 Train Loss: 0.0021513070Val Loss: 0.0016302285   LR: 1.00e-04
Epoch 1029/2000 Train Loss: 0.0017686930Val Loss: 0.0014758774   LR: 1.00e-04
Epoch 1030/2000 Train Loss: 0.0025391270Val Loss: 0.0017546147   LR: 1.00e-04
Epoch 1031/2000 Train Loss: 0.0021302468Val Loss: 0.0014379537   LR: 1.00e-04
Epoch 1032/2000 Train Loss: 0.0021646067Val Loss: 0.0015718586   LR: 1.00e-04
Epoch 1033/2000 Train Loss: 0.0020858676Val Loss: 0.0013198550   LR: 1.00e-04
Epoch 1034/2000 Train Loss: 0.0021921052Val Loss: 0.0013976254   LR: 1.00e-04
Epoch 1035/2000 Train Loss: 0.0020988170Val Loss: 0.0013635583   LR: 1.00e-04
Epoch 1036/2000 Train Loss: 0.0020024106Val Loss: 0.0015700520   LR: 1.00e-04
Epoch 1037/2000 Train Loss: 0.0019595207Val Loss: 0.0016652817   LR: 1.00e-04
Epoch 1038/2000 Train Loss: 0.0019173166Val Loss: 0.0013370999   LR: 1.00e-04
Epoch 1039/2000 Train Loss: 0.0018998337Val Loss: 0.0014505499   LR: 1.00e-04
Epoch 1040/2000 Train Loss: 0.0020224640Val Loss: 0.0018837317   LR: 1.00e-04
Epoch 1041/2000 Train Loss: 0.0021980451Val Loss: 0.0017224803   LR: 1.00e-04
Epoch 1042/2000 Train Loss: 0.0020108471Val Loss: 0.0015175331   LR: 1.00e-04
Epoch 1043/2000 Train Loss: 0.0021563597Val Loss: 0.0013741966   LR: 1.00e-04
Epoch 1044/2000 Train Loss: 0.0022525948Val Loss: 0.0014893682   LR: 1.00e-04
Epoch 1045/2000 Train Loss: 0.0019034538Val Loss: 0.0013528351   LR: 1.00e-04
Epoch 1046/2000 Train Loss: 0.0020877905Val Loss: 0.0015345325   LR: 1.00e-04
Epoch 1047/2000 Train Loss: 0.0020754233Val Loss: 0.0015715605   LR: 1.00e-04
Epoch 1048/2000 Train Loss: 0.0020032964Val Loss: 0.0015000399   LR: 1.00e-04
Epoch 1049/2000 Train Loss: 0.0020897361Val Loss: 0.0013984546   LR: 1.00e-04
Epoch 1050/2000 Train Loss: 0.0022556054Val Loss: 0.0015651371   LR: 1.00e-04
Epoch 1051/2000 Train Loss: 0.0020337124Val Loss: 0.0014362388   LR: 1.00e-04
Epoch 1052/2000 Train Loss: 0.0022571044Val Loss: 0.0015007566   LR: 1.00e-04
Epoch 1053/2000 Train Loss: 0.0019871453Val Loss: 0.0015587460   LR: 1.00e-04
Epoch 1054/2000 Train Loss: 0.0019637093Val Loss: 0.0014414412   LR: 1.00e-04
Epoch 1055/2000 Train Loss: 0.0022232646Val Loss: 0.0014132115   LR: 1.00e-04
Epoch 1056/2000 Train Loss: 0.0020611054Val Loss: 0.0013802437   LR: 1.00e-04
Epoch 1057/2000 Train Loss: 0.0021780334Val Loss: 0.0015287381   LR: 1.00e-04
Epoch 1058/2000 Train Loss: 0.0021847344Val Loss: 0.0013513183   LR: 1.00e-04
Epoch 1059/2000 Train Loss: 0.0021256946Val Loss: 0.0014085004   LR: 1.00e-04
Epoch 1060/2000 Train Loss: 0.0020215385Val Loss: 0.0015092804   LR: 1.00e-04
Epoch 1061/2000 Train Loss: 0.0021735284Val Loss: 0.0016242986   LR: 1.00e-04
Epoch 1062/2000 Train Loss: 0.0020782773Val Loss: 0.0015449892   LR: 1.00e-04
Epoch 1063/2000 Train Loss: 0.0019522039Val Loss: 0.0017040706   LR: 1.00e-04
Epoch 1064/2000 Train Loss: 0.0021855874Val Loss: 0.0014965013   LR: 1.00e-04
Epoch 1065/2000 Train Loss: 0.0021074155Val Loss: 0.0013521789   LR: 1.00e-04
Epoch 1066/2000 Train Loss: 0.0023458706Val Loss: 0.0016923252   LR: 1.00e-04
Epoch 1067/2000 Train Loss: 0.0021355818Val Loss: 0.0014849134   LR: 1.00e-04
Epoch 1068/2000 Train Loss: 0.0020336031Val Loss: 0.0013129641   LR: 1.00e-04
Epoch 1069/2000 Train Loss: 0.0019627830Val Loss: 0.0013344063   LR: 1.00e-04
Epoch 1070/2000 Train Loss: 0.0019659629Val Loss: 0.0013893647   LR: 1.00e-04
Epoch 1071/2000 Train Loss: 0.0019372350Val Loss: 0.0014399549   LR: 1.00e-04
Epoch 1072/2000 Train Loss: 0.0020239383Val Loss: 0.0014733124   LR: 1.00e-04
Epoch 1073/2000 Train Loss: 0.0019032411Val Loss: 0.0014393763   LR: 1.00e-04
Epoch 1074/2000 Train Loss: 0.0019595909Val Loss: 0.0014792692   LR: 1.00e-04
Epoch 1075/2000 Train Loss: 0.0020440870Val Loss: 0.0017843648   LR: 1.00e-04
Epoch 1076/2000 Train Loss: 0.0020443181Val Loss: 0.0013539853   LR: 1.00e-04
Epoch 1077/2000 Train Loss: 0.0018510579Val Loss: 0.0014161812   LR: 1.00e-04
Epoch 1078/2000 Train Loss: 0.0020157093Val Loss: 0.0015192012   LR: 1.00e-04
Epoch 1079/2000 Train Loss: 0.0021865251Val Loss: 0.0014813041   LR: 1.00e-04
Epoch 1080/2000 Train Loss: 0.0021898285Val Loss: 0.0014200776   LR: 1.00e-04
Epoch 1081/2000 Train Loss: 0.0020219421Val Loss: 0.0018930224   LR: 1.00e-04
Epoch 1082/2000 Train Loss: 0.0021612618Val Loss: 0.0013379412   LR: 1.00e-04
Epoch 1083/2000 Train Loss: 0.0020816411Val Loss: 0.0014740829   LR: 1.00e-04
Epoch 1084/2000 Train Loss: 0.0020964767Val Loss: 0.0013604066   LR: 1.00e-04
Epoch 1085/2000 Train Loss: 0.0020145012Val Loss: 0.0016414298   LR: 1.00e-04
Epoch 1086/2000 Train Loss: 0.0020382752Val Loss: 0.0016589632   LR: 1.00e-04
Epoch 1087/2000 Train Loss: 0.0023313763Val Loss: 0.0015217305   LR: 1.00e-04
Epoch 1088/2000 Train Loss: 0.0020147803Val Loss: 0.0017338726   LR: 1.00e-04
Epoch 1089/2000 Train Loss: 0.0019514907Val Loss: 0.0013342873   LR: 1.00e-04
Epoch 1090/2000 Train Loss: 0.0019458313Val Loss: 0.0013544147   LR: 1.00e-04
Epoch 1091/2000 Train Loss: 0.0021039416Val Loss: 0.0017050770   LR: 1.00e-04
Epoch 1092/2000 Train Loss: 0.0020011446Val Loss: 0.0013722754   LR: 1.00e-04
Epoch 1093/2000 Train Loss: 0.0020363752Val Loss: 0.0013569826   LR: 1.00e-04
Epoch 1094/2000 Train Loss: 0.0021879429Val Loss: 0.0013399973   LR: 1.00e-04
Epoch 1095/2000 Train Loss: 0.0019923558Val Loss: 0.0016571276   LR: 1.00e-04
Epoch 1096/2000 Train Loss: 0.0022991376Val Loss: 0.0014198619   LR: 1.00e-04
Epoch 1097/2000 Train Loss: 0.0020622911Val Loss: 0.0013226907   LR: 1.00e-04
Epoch 1098/2000 Train Loss: 0.0020622252Val Loss: 0.0013210287   LR: 1.00e-04
Epoch 1099/2000 Train Loss: 0.0021000886Val Loss: 0.0013574697   LR: 1.00e-04
Epoch 1100/2000 Train Loss: 0.0021089982Val Loss: 0.0015091714   LR: 1.00e-04
Epoch 1101/2000 Train Loss: 0.0020019044Val Loss: 0.0014389045   LR: 1.00e-04
Epoch 1102/2000 Train Loss: 0.0021659475Val Loss: 0.0014318308   LR: 1.00e-04
Epoch 1103/2000 Train Loss: 0.0020599407Val Loss: 0.0013591962   LR: 1.00e-04
Epoch 1104/2000 Train Loss: 0.0020571691Val Loss: 0.0020163113   LR: 1.00e-04
Epoch 1105/2000 Train Loss: 0.0023156035Val Loss: 0.0015811077   LR: 1.00e-04
Epoch 1106/2000 Train Loss: 0.0020416495Val Loss: 0.0014604148   LR: 1.00e-04
Epoch 1107/2000 Train Loss: 0.0019334891Val Loss: 0.0014995461   LR: 1.00e-04
Epoch 1108/2000 Train Loss: 0.0016440513Val Loss: 0.0013745686   LR: 1.00e-04
Epoch 1109/2000 Train Loss: 0.0017859971Val Loss: 0.0013800203   LR: 1.00e-04
Epoch 1110/2000 Train Loss: 0.0019157472Val Loss: 0.0015687696   LR: 1.00e-04
Epoch 1111/2000 Train Loss: 0.0022237467Val Loss: 0.0013602148   LR: 1.00e-04
Epoch 1112/2000 Train Loss: 0.0019240792Val Loss: 0.0014792699   LR: 1.00e-04
Epoch 1113/2000 Train Loss: 0.0021292657Val Loss: 0.0013941363   LR: 1.00e-04
Epoch 1114/2000 Train Loss: 0.0019287809Val Loss: 0.0016760881   LR: 1.00e-04
Epoch 1115/2000 Train Loss: 0.0022137492Val Loss: 0.0017884721   LR: 1.00e-04
Epoch 1116/2000 Train Loss: 0.0022118015Val Loss: 0.0014529845   LR: 1.00e-04
Epoch 1117/2000 Train Loss: 0.0022255851Val Loss: 0.0014700270   LR: 1.00e-04
Epoch 1118/2000 Train Loss: 0.0020136688Val Loss: 0.0014410506   LR: 1.00e-04
Epoch 1119/2000 Train Loss: 0.0021911289Val Loss: 0.0014080597   LR: 1.00e-04
Epoch 1120/2000 Train Loss: 0.0020623099Val Loss: 0.0014362815   LR: 1.00e-04
Epoch 1121/2000 Train Loss: 0.0019714187Val Loss: 0.0015242270   LR: 1.00e-04
Epoch 1122/2000 Train Loss: 0.0021186743Val Loss: 0.0014333291   LR: 1.00e-04
Epoch 1123/2000 Train Loss: 0.0019424668Val Loss: 0.0013849318   LR: 1.00e-04
Epoch 1124/2000 Train Loss: 0.0021779043Val Loss: 0.0015337728   LR: 1.00e-04
Epoch 1125/2000 Train Loss: 0.0019776752Val Loss: 0.0015701697   LR: 1.00e-04
Epoch 1126/2000 Train Loss: 0.0021267165Val Loss: 0.0013079394   LR: 1.00e-04
Epoch 1127/2000 Train Loss: 0.0020792771Val Loss: 0.0015255761   LR: 1.00e-04
Epoch 1128/2000 Train Loss: 0.0022204336Val Loss: 0.0013784883   LR: 1.00e-04
Epoch 1129/2000 Train Loss: 0.0018732635Val Loss: 0.0016288318   LR: 1.00e-04
Epoch 1130/2000 Train Loss: 0.0017858803Val Loss: 0.0015353094   LR: 1.00e-04
Epoch 1131/2000 Train Loss: 0.0018417185Val Loss: 0.0013179177   LR: 1.00e-04
Epoch 1132/2000 Train Loss: 0.0020815473Val Loss: 0.0013260891   LR: 1.00e-04
Epoch 1133/2000 Train Loss: 0.0020782398Val Loss: 0.0013180152   LR: 1.00e-04
Epoch 1134/2000 Train Loss: 0.0025011259Val Loss: 0.0013015807   LR: 1.00e-04
Epoch 1135/2000 Train Loss: 0.0018565223Val Loss: 0.0015035850   LR: 1.00e-04
Epoch 1136/2000 Train Loss: 0.0021214641Val Loss: 0.0014717745   LR: 1.00e-04
Epoch 1137/2000 Train Loss: 0.0020853404Val Loss: 0.0014636562   LR: 1.00e-04
Epoch 1138/2000 Train Loss: 0.0022444394Val Loss: 0.0014545935   LR: 1.00e-04
Epoch 1139/2000 Train Loss: 0.0020940517Val Loss: 0.0015260563   LR: 1.00e-04
Epoch 1140/2000 Train Loss: 0.0018458179Val Loss: 0.0013774573   LR: 1.00e-04
Epoch 1141/2000 Train Loss: 0.0020715155Val Loss: 0.0017994294   LR: 1.00e-04
Epoch 1142/2000 Train Loss: 0.0020186269Val Loss: 0.0015126859   LR: 1.00e-04
Epoch 1143/2000 Train Loss: 0.0020524806Val Loss: 0.0019081730   LR: 1.00e-04
Epoch 1144/2000 Train Loss: 0.0021978890Val Loss: 0.0014558238   LR: 1.00e-04
Epoch 1145/2000 Train Loss: 0.0021311200Val Loss: 0.0013242813   LR: 1.00e-04
Epoch 1146/2000 Train Loss: 0.0022558672Val Loss: 0.0015944191   LR: 1.00e-04
Epoch 1147/2000 Train Loss: 0.0021788282Val Loss: 0.0013570026   LR: 1.00e-04
Epoch 1148/2000 Train Loss: 0.0019148682Val Loss: 0.0013044026   LR: 1.00e-04
Epoch 1149/2000 Train Loss: 0.0019884250Val Loss: 0.0014358456   LR: 1.00e-04
Epoch 1150/2000 Train Loss: 0.0020211042Val Loss: 0.0014812826   LR: 1.00e-04
Epoch 1151/2000 Train Loss: 0.0019242211Val Loss: 0.0013405010   LR: 1.00e-04
Epoch 1152/2000 Train Loss: 0.0021606256Val Loss: 0.0013379043   LR: 1.00e-04
Epoch 1153/2000 Train Loss: 0.0019798842Val Loss: 0.0014155697   LR: 1.00e-04
Epoch 1154/2000 Train Loss: 0.0019550141Val Loss: 0.0016016554   LR: 1.00e-04
Epoch 1155/2000 Train Loss: 0.0020987762Val Loss: 0.0014228946   LR: 1.00e-04
Epoch 1156/2000 Train Loss: 0.0021124912Val Loss: 0.0014017628   LR: 1.00e-04
Epoch 1157/2000 Train Loss: 0.0019527403Val Loss: 0.0014927179   LR: 1.00e-04
Epoch 1158/2000 Train Loss: 0.0020056959Val Loss: 0.0015352381   LR: 1.00e-04
Epoch 1159/2000 Train Loss: 0.0020570021Val Loss: 0.0017599933   LR: 1.00e-04
Epoch 1160/2000 Train Loss: 0.0021876256Val Loss: 0.0014202334   LR: 1.00e-04
Epoch 1161/2000 Train Loss: 0.0019471650Val Loss: 0.0014170422   LR: 1.00e-04
Epoch 1162/2000 Train Loss: 0.0019944466Val Loss: 0.0016269646   LR: 1.00e-04
Epoch 1163/2000 Train Loss: 0.0020755105Val Loss: 0.0015129765   LR: 1.00e-04
Epoch 1164/2000 Train Loss: 0.0022120815Val Loss: 0.0014417930   LR: 1.00e-04
Epoch 1165/2000 Train Loss: 0.0019193396Val Loss: 0.0014533641   LR: 1.00e-04
Epoch 1166/2000 Train Loss: 0.0018967160Val Loss: 0.0013290436   LR: 1.00e-04
Epoch 1167/2000 Train Loss: 0.0020095899Val Loss: 0.0014745277   LR: 1.00e-04
Epoch 1168/2000 Train Loss: 0.0018450064Val Loss: 0.0013899778   LR: 1.00e-04
Epoch 1169/2000 Train Loss: 0.0019415452Val Loss: 0.0013784267   LR: 1.00e-04
Epoch 1170/2000 Train Loss: 0.0023193224Val Loss: 0.0015218627   LR: 1.00e-04
Epoch 1171/2000 Train Loss: 0.0020939605Val Loss: 0.0015055185   LR: 1.00e-04
Epoch 1172/2000 Train Loss: 0.0018725854Val Loss: 0.0013686777   LR: 1.00e-04
Epoch 1173/2000 Train Loss: 0.0016748938Val Loss: 0.0013300590   LR: 1.00e-04
Epoch 1174/2000 Train Loss: 0.0022848364Val Loss: 0.0015248033   LR: 1.00e-04
Epoch 1175/2000 Train Loss: 0.0021448037Val Loss: 0.0019838692   LR: 1.00e-04
Epoch 1176/2000 Train Loss: 0.0023003844Val Loss: 0.0015285489   LR: 1.00e-04
Epoch 1177/2000 Train Loss: 0.0020863351Val Loss: 0.0014601737   LR: 1.00e-04
Epoch 1178/2000 Train Loss: 0.0019413927Val Loss: 0.0013722311   LR: 1.00e-04
Epoch 1179/2000 Train Loss: 0.0019407118Val Loss: 0.0017062379   LR: 1.00e-04
Epoch 1180/2000 Train Loss: 0.0017131193Val Loss: 0.0013902710   LR: 1.00e-04
Epoch 1181/2000 Train Loss: 0.0021188211Val Loss: 0.0012874646   LR: 1.00e-04
Epoch 1182/2000 Train Loss: 0.0023232393Val Loss: 0.0015519303   LR: 1.00e-04
Epoch 1183/2000 Train Loss: 0.0021044977Val Loss: 0.0015050345   LR: 1.00e-04
Epoch 1184/2000 Train Loss: 0.0022061331Val Loss: 0.0013167319   LR: 1.00e-04
Epoch 1185/2000 Train Loss: 0.0021223252Val Loss: 0.0014069643   LR: 1.00e-04
Epoch 1186/2000 Train Loss: 0.0019609372Val Loss: 0.0013704465   LR: 1.00e-04
Epoch 1187/2000 Train Loss: 0.0019692258Val Loss: 0.0015088808   LR: 1.00e-04
Epoch 1188/2000 Train Loss: 0.0019890087Val Loss: 0.0017683099   LR: 1.00e-04
Epoch 1189/2000 Train Loss: 0.0021075636Val Loss: 0.0017070700   LR: 1.00e-04
Epoch 1190/2000 Train Loss: 0.0018459100Val Loss: 0.0013205951   LR: 1.00e-04
Epoch 1191/2000 Train Loss: 0.0018287538Val Loss: 0.0013460328   LR: 1.00e-04
Epoch 1192/2000 Train Loss: 0.0017172929Val Loss: 0.0013483882   LR: 1.00e-04
Epoch 1193/2000 Train Loss: 0.0018347088Val Loss: 0.0015060284   LR: 1.00e-04
Epoch 1194/2000 Train Loss: 0.0020071576Val Loss: 0.0013847954   LR: 1.00e-04
Epoch 1195/2000 Train Loss: 0.0020844149Val Loss: 0.0013845377   LR: 1.00e-04
Epoch 1196/2000 Train Loss: 0.0020583534Val Loss: 0.0015348774   LR: 1.00e-04
Epoch 1197/2000 Train Loss: 0.0020462734Val Loss: 0.0013854073   LR: 1.00e-04
Epoch 1198/2000 Train Loss: 0.0020331401Val Loss: 0.0013778516   LR: 1.00e-04
Epoch 1199/2000 Train Loss: 0.0021567878Val Loss: 0.0018993722   LR: 1.00e-04
Epoch 1200/2000 Train Loss: 0.0021452876Val Loss: 0.0014793062   LR: 1.00e-04
Epoch 1201/2000 Train Loss: 0.0023294491Val Loss: 0.0015767092   LR: 1.00e-04
Epoch 1202/2000 Train Loss: 0.0018891424Val Loss: 0.0013776474   LR: 1.00e-04
Epoch 1203/2000 Train Loss: 0.0019830556Val Loss: 0.0013513844   LR: 1.00e-04
Epoch 1204/2000 Train Loss: 0.0019217352Val Loss: 0.0013739019   LR: 1.00e-04
Epoch 1205/2000 Train Loss: 0.0020118163Val Loss: 0.0015006275   LR: 1.00e-04
Epoch 1206/2000 Train Loss: 0.0021543613Val Loss: 0.0014201405   LR: 1.00e-04
Epoch 1207/2000 Train Loss: 0.0018012463Val Loss: 0.0013546662   LR: 1.00e-04
Epoch 1208/2000 Train Loss: 0.0018487128Val Loss: 0.0016737508   LR: 1.00e-04
Epoch 1209/2000 Train Loss: 0.0023731561Val Loss: 0.0014894515   LR: 1.00e-04
Epoch 1210/2000 Train Loss: 0.0019978864Val Loss: 0.0012840431   LR: 1.00e-04
Epoch 1211/2000 Train Loss: 0.0019036510Val Loss: 0.0014218214   LR: 1.00e-04
Epoch 1212/2000 Train Loss: 0.0018047047Val Loss: 0.0012658287   LR: 1.00e-04
Epoch 1213/2000 Train Loss: 0.0021095659Val Loss: 0.0012869172   LR: 1.00e-04
Epoch 1214/2000 Train Loss: 0.0021305505Val Loss: 0.0016568683   LR: 1.00e-04
Epoch 1215/2000 Train Loss: 0.0019379267Val Loss: 0.0016172379   LR: 1.00e-04
Epoch 1216/2000 Train Loss: 0.0019693559Val Loss: 0.0013757300   LR: 1.00e-04
Epoch 1217/2000 Train Loss: 0.0017938283Val Loss: 0.0013482064   LR: 1.00e-04
Epoch 1218/2000 Train Loss: 0.0020101906Val Loss: 0.0014566758   LR: 1.00e-04
Epoch 1219/2000 Train Loss: 0.0018815549Val Loss: 0.0014117418   LR: 1.00e-04
Epoch 1220/2000 Train Loss: 0.0020967879Val Loss: 0.0014308503   LR: 1.00e-04
Epoch 1221/2000 Train Loss: 0.0017225637Val Loss: 0.0013794124   LR: 1.00e-04
Epoch 1222/2000 Train Loss: 0.0019461215Val Loss: 0.0018612587   LR: 1.00e-04
Epoch 1223/2000 Train Loss: 0.0019926248Val Loss: 0.0016002304   LR: 1.00e-04
Epoch 1224/2000 Train Loss: 0.0019352998Val Loss: 0.0013128615   LR: 1.00e-04
Epoch 1225/2000 Train Loss: 0.0019307139Val Loss: 0.0013795201   LR: 1.00e-04
Epoch 1226/2000 Train Loss: 0.0019013721Val Loss: 0.0015058479   LR: 1.00e-04
Epoch 1227/2000 Train Loss: 0.0017727769Val Loss: 0.0013980928   LR: 1.00e-04
Epoch 1228/2000 Train Loss: 0.0019257552Val Loss: 0.0018342143   LR: 1.00e-04
Epoch 1229/2000 Train Loss: 0.0020431430Val Loss: 0.0015149905   LR: 1.00e-04
Epoch 1230/2000 Train Loss: 0.0020496923Val Loss: 0.0014158127   LR: 1.00e-04
Epoch 1231/2000 Train Loss: 0.0019434292Val Loss: 0.0016236344   LR: 1.00e-04
Epoch 1232/2000 Train Loss: 0.0020945715Val Loss: 0.0013259676   LR: 1.00e-04
Epoch 1233/2000 Train Loss: 0.0018946562Val Loss: 0.0013705557   LR: 1.00e-04
Epoch 1234/2000 Train Loss: 0.0018866363Val Loss: 0.0015050097   LR: 1.00e-04
Epoch 1235/2000 Train Loss: 0.0018127287Val Loss: 0.0014210320   LR: 1.00e-04
Epoch 1236/2000 Train Loss: 0.0019889552Val Loss: 0.0014632392   LR: 1.00e-04
Epoch 1237/2000 Train Loss: 0.0017278889Val Loss: 0.0014258456   LR: 1.00e-04
Epoch 1238/2000 Train Loss: 0.0019186141Val Loss: 0.0014598602   LR: 1.00e-04
Epoch 1239/2000 Train Loss: 0.0019091210Val Loss: 0.0013285287   LR: 1.00e-04
Epoch 1240/2000 Train Loss: 0.0021806264Val Loss: 0.0014449279   LR: 1.00e-04
Epoch 1241/2000 Train Loss: 0.0019863960Val Loss: 0.0013943839   LR: 1.00e-04
Epoch 1242/2000 Train Loss: 0.0019282009Val Loss: 0.0015076399   LR: 1.00e-04
Epoch 1243/2000 Train Loss: 0.0019783793Val Loss: 0.0016620502   LR: 1.00e-04
Epoch 1244/2000 Train Loss: 0.0019670768Val Loss: 0.0014080787   LR: 1.00e-04
Epoch 1245/2000 Train Loss: 0.0018431751Val Loss: 0.0014955188   LR: 1.00e-04
Epoch 1246/2000 Train Loss: 0.0019160296Val Loss: 0.0015783491   LR: 1.00e-04
Epoch 1247/2000 Train Loss: 0.0017883967Val Loss: 0.0016856955   LR: 1.00e-04
Epoch 1248/2000 Train Loss: 0.0018768582Val Loss: 0.0017597212   LR: 1.00e-04
Epoch 1249/2000 Train Loss: 0.0018153263Val Loss: 0.0013164203   LR: 1.00e-04
Epoch 1250/2000 Train Loss: 0.0018684561Val Loss: 0.0013318706   LR: 1.00e-04
Epoch 1251/2000 Train Loss: 0.0018788257Val Loss: 0.0012746404   LR: 1.00e-04
Epoch 1252/2000 Train Loss: 0.0019055022Val Loss: 0.0013858629   LR: 1.00e-04
Epoch 1253/2000 Train Loss: 0.0020408811Val Loss: 0.0013386223   LR: 1.00e-04
Epoch 1254/2000 Train Loss: 0.0020065066Val Loss: 0.0015758386   LR: 1.00e-04
Epoch 1255/2000 Train Loss: 0.0019319151Val Loss: 0.0013961275   LR: 1.00e-04
Epoch 1256/2000 Train Loss: 0.0017819191Val Loss: 0.0014293767   LR: 1.00e-04
Epoch 1257/2000 Train Loss: 0.0017600934Val Loss: 0.0013920718   LR: 1.00e-04
Epoch 1258/2000 Train Loss: 0.0018558194Val Loss: 0.0014517333   LR: 1.00e-04
Epoch 1259/2000 Train Loss: 0.0018598049Val Loss: 0.0013911018   LR: 1.00e-04
Epoch 1260/2000 Train Loss: 0.0018502438Val Loss: 0.0015335639   LR: 1.00e-04
Epoch 1261/2000 Train Loss: 0.0018869030Val Loss: 0.0013319942   LR: 1.00e-04
Epoch 1262/2000 Train Loss: 0.0019562660Val Loss: 0.0014075533   LR: 1.00e-04
Epoch 1263/2000 Train Loss: 0.0020022642Val Loss: 0.0013638486   LR: 1.00e-04
Epoch 1264/2000 Train Loss: 0.0020312945Val Loss: 0.0014000261   LR: 1.00e-04
Epoch 1265/2000 Train Loss: 0.0018341283Val Loss: 0.0014954816   LR: 1.00e-04
Epoch 1266/2000 Train Loss: 0.0019196997Val Loss: 0.0013556579   LR: 1.00e-04
Epoch 1267/2000 Train Loss: 0.0018021672Val Loss: 0.0013079598   LR: 1.00e-04
Epoch 1268/2000 Train Loss: 0.0018486159Val Loss: 0.0015037982   LR: 1.00e-04
Epoch 1269/2000 Train Loss: 0.0017628606Val Loss: 0.0013925649   LR: 1.00e-04
Epoch 1270/2000 Train Loss: 0.0017318607Val Loss: 0.0012791601   LR: 1.00e-04
Epoch 1271/2000 Train Loss: 0.0018415612Val Loss: 0.0014295645   LR: 1.00e-04
Epoch 1272/2000 Train Loss: 0.0019207163Val Loss: 0.0015482621   LR: 1.00e-04
Epoch 1273/2000 Train Loss: 0.0017512897Val Loss: 0.0014678460   LR: 1.00e-04
Epoch 1274/2000 Train Loss: 0.0020029098Val Loss: 0.0014462489   LR: 1.00e-04
Epoch 1275/2000 Train Loss: 0.0019224324Val Loss: 0.0014443859   LR: 1.00e-04
Epoch 1276/2000 Train Loss: 0.0018369868Val Loss: 0.0013568713   LR: 1.00e-04
Epoch 1277/2000 Train Loss: 0.0020809324Val Loss: 0.0014490390   LR: 1.00e-04
Epoch 1278/2000 Train Loss: 0.0018754791Val Loss: 0.0014378451   LR: 1.00e-04
Epoch 1279/2000 Train Loss: 0.0018342045Val Loss: 0.0014213384   LR: 1.00e-04
Epoch 1280/2000 Train Loss: 0.0017352568Val Loss: 0.0014530814   LR: 1.00e-04
Epoch 1281/2000 Train Loss: 0.0022555762Val Loss: 0.0013123089   LR: 1.00e-04
Epoch 1282/2000 Train Loss: 0.0020416118Val Loss: 0.0016047102   LR: 1.00e-04
Epoch 1283/2000 Train Loss: 0.0020913405Val Loss: 0.0012949047   LR: 1.00e-04
Epoch 1284/2000 Train Loss: 0.0019247597Val Loss: 0.0013783916   LR: 1.00e-04
Epoch 1285/2000 Train Loss: 0.0019123243Val Loss: 0.0013098784   LR: 1.00e-04
Epoch 1286/2000 Train Loss: 0.0018709676Val Loss: 0.0015704556   LR: 1.00e-04
Epoch 1287/2000 Train Loss: 0.0020113928Val Loss: 0.0012990412   LR: 1.00e-04
Epoch 1288/2000 Train Loss: 0.0018334532Val Loss: 0.0013060734   LR: 1.00e-04
Epoch 1289/2000 Train Loss: 0.0020082451Val Loss: 0.0014747537   LR: 1.00e-04
Epoch 1290/2000 Train Loss: 0.0019790178Val Loss: 0.0013111821   LR: 1.00e-04
Epoch 1291/2000 Train Loss: 0.0020024038Val Loss: 0.0014488585   LR: 1.00e-04
Epoch 1292/2000 Train Loss: 0.0016464855Val Loss: 0.0012716889   LR: 1.00e-04
Epoch 1293/2000 Train Loss: 0.0020261501Val Loss: 0.0015545461   LR: 1.00e-04
Epoch 1294/2000 Train Loss: 0.0022886552Val Loss: 0.0015154861   LR: 1.00e-04
Epoch 1295/2000 Train Loss: 0.0019141307Val Loss: 0.0013617519   LR: 1.00e-04
Epoch 1296/2000 Train Loss: 0.0018236292Val Loss: 0.0015356449   LR: 1.00e-04
Epoch 1297/2000 Train Loss: 0.0018722212Val Loss: 0.0013255304   LR: 1.00e-04
Epoch 1298/2000 Train Loss: 0.0019888251Val Loss: 0.0016902233   LR: 1.00e-04
Epoch 1299/2000 Train Loss: 0.0017989788Val Loss: 0.0013974131   LR: 1.00e-04
Epoch 1300/2000 Train Loss: 0.0017946611Val Loss: 0.0013210646   LR: 1.00e-04
Epoch 1301/2000 Train Loss: 0.0021056402Val Loss: 0.0015615624   LR: 1.00e-04
Epoch 1302/2000 Train Loss: 0.0018199553Val Loss: 0.0014892068   LR: 1.00e-04
Epoch 1303/2000 Train Loss: 0.0019088133Val Loss: 0.0014232191   LR: 1.00e-04
Epoch 1304/2000 Train Loss: 0.0018506125Val Loss: 0.0012705175   LR: 1.00e-04
Epoch 1305/2000 Train Loss: 0.0017983643Val Loss: 0.0015335269   LR: 1.00e-04
Epoch 1306/2000 Train Loss: 0.0021802238Val Loss: 0.0015008186   LR: 1.00e-04
Epoch 1307/2000 Train Loss: 0.0017021488Val Loss: 0.0014412788   LR: 1.00e-04
Epoch 1308/2000 Train Loss: 0.0018839632Val Loss: 0.0013484987   LR: 1.00e-04
Epoch 1309/2000 Train Loss: 0.0018730053Val Loss: 0.0014166160   LR: 1.00e-04
Epoch 1310/2000 Train Loss: 0.0016825098Val Loss: 0.0013947364   LR: 1.00e-04
Epoch 1311/2000 Train Loss: 0.0019762424Val Loss: 0.0013670238   LR: 1.00e-04
Epoch 1312/2000 Train Loss: 0.0017812361Val Loss: 0.0015457767   LR: 1.00e-04
Epoch 1313/2000 Train Loss: 0.0019610578Val Loss: 0.0014705280   LR: 1.00e-04
Epoch 1314/2000 Train Loss: 0.0021095170Val Loss: 0.0015096774   LR: 1.00e-04
Epoch 1315/2000 Train Loss: 0.0017042201Val Loss: 0.0013265970   LR: 1.00e-04
Epoch 1316/2000 Train Loss: 0.0019709445Val Loss: 0.0013550694   LR: 1.00e-04
Epoch 1317/2000 Train Loss: 0.0018710143Val Loss: 0.0013514624   LR: 1.00e-04
Epoch 1318/2000 Train Loss: 0.0020142790Val Loss: 0.0014548946   LR: 1.00e-04
Epoch 1319/2000 Train Loss: 0.0017559962Val Loss: 0.0014068244   LR: 1.00e-04
Epoch 1320/2000 Train Loss: 0.0018860761Val Loss: 0.0014176782   LR: 1.00e-04
Epoch 1321/2000 Train Loss: 0.0017566835Val Loss: 0.0014204588   LR: 1.00e-04
Epoch 1322/2000 Train Loss: 0.0019744558Val Loss: 0.0014456777   LR: 1.00e-04
Epoch 1323/2000 Train Loss: 0.0018902792Val Loss: 0.0012534370   LR: 1.00e-04
Epoch 1324/2000 Train Loss: 0.0017959443Val Loss: 0.0013720133   LR: 1.00e-04
Epoch 1325/2000 Train Loss: 0.0018254961Val Loss: 0.0014152045   LR: 1.00e-04
Epoch 1326/2000 Train Loss: 0.0019317780Val Loss: 0.0014005965   LR: 1.00e-04
Epoch 1327/2000 Train Loss: 0.0018922674Val Loss: 0.0012968835   LR: 1.00e-04
Epoch 1328/2000 Train Loss: 0.0018431077Val Loss: 0.0014295888   LR: 1.00e-04
Epoch 1329/2000 Train Loss: 0.0018361783Val Loss: 0.0012894433   LR: 1.00e-04
Epoch 1330/2000 Train Loss: 0.0019271937Val Loss: 0.0015152525   LR: 1.00e-04
Epoch 1331/2000 Train Loss: 0.0021081126Val Loss: 0.0013942388   LR: 1.00e-04
Epoch 1332/2000 Train Loss: 0.0016848035Val Loss: 0.0013783462   LR: 1.00e-04
Epoch 1333/2000 Train Loss: 0.0018432824Val Loss: 0.0014975518   LR: 1.00e-04
Epoch 1334/2000 Train Loss: 0.0018032719Val Loss: 0.0013812987   LR: 1.00e-04
Epoch 1335/2000 Train Loss: 0.0018424259Val Loss: 0.0014070975   LR: 1.00e-04
Epoch 1336/2000 Train Loss: 0.0019644946Val Loss: 0.0015557980   LR: 1.00e-04
Epoch 1337/2000 Train Loss: 0.0019186427Val Loss: 0.0018298604   LR: 1.00e-04
Epoch 1338/2000 Train Loss: 0.0018878188Val Loss: 0.0014344098   LR: 1.00e-04
Epoch 1339/2000 Train Loss: 0.0018785814Val Loss: 0.0013738118   LR: 1.00e-04
Epoch 1340/2000 Train Loss: 0.0020898428Val Loss: 0.0017438504   LR: 1.00e-04
Epoch 1341/2000 Train Loss: 0.0019354386Val Loss: 0.0013709086   LR: 1.00e-04
Epoch 1342/2000 Train Loss: 0.0016708605Val Loss: 0.0013196116   LR: 1.00e-04
Epoch 1343/2000 Train Loss: 0.0019447850Val Loss: 0.0013791080   LR: 1.00e-04
Epoch 1344/2000 Train Loss: 0.0016438816Val Loss: 0.0013236611   LR: 1.00e-04
Epoch 1345/2000 Train Loss: 0.0019212392Val Loss: 0.0013077641   LR: 1.00e-04
Epoch 1346/2000 Train Loss: 0.0018565967Val Loss: 0.0013221764   LR: 1.00e-04
Epoch 1347/2000 Train Loss: 0.0016805745Val Loss: 0.0015481372   LR: 1.00e-04
Epoch 1348/2000 Train Loss: 0.0018608000Val Loss: 0.0013968650   LR: 1.00e-04
Epoch 1349/2000 Train Loss: 0.0020576676Val Loss: 0.0013204423   LR: 1.00e-04
Epoch 1350/2000 Train Loss: 0.0017638792Val Loss: 0.0013048403   LR: 1.00e-04
Epoch 1351/2000 Train Loss: 0.0018099894Val Loss: 0.0016529450   LR: 1.00e-04
Epoch 1352/2000 Train Loss: 0.0017447128Val Loss: 0.0018678834   LR: 1.00e-04
Epoch 1353/2000 Train Loss: 0.0019927339Val Loss: 0.0014568878   LR: 1.00e-04
Epoch 1354/2000 Train Loss: 0.0019709164Val Loss: 0.0013923850   LR: 1.00e-04
Epoch 1355/2000 Train Loss: 0.0020919233Val Loss: 0.0014593940   LR: 1.00e-04
Epoch 1356/2000 Train Loss: 0.0020680474Val Loss: 0.0013253956   LR: 1.00e-04
Epoch 1357/2000 Train Loss: 0.0016446053Val Loss: 0.0013856903   LR: 1.00e-04
Epoch 1358/2000 Train Loss: 0.0017072698Val Loss: 0.0015640514   LR: 1.00e-04
Epoch 1359/2000 Train Loss: 0.0017056782Val Loss: 0.0013050735   LR: 1.00e-04
Epoch 1360/2000 Train Loss: 0.0018319918Val Loss: 0.0013340985   LR: 1.00e-04
Epoch 1361/2000 Train Loss: 0.0017672753Val Loss: 0.0012637086   LR: 1.00e-04
Epoch 1362/2000 Train Loss: 0.0017865143Val Loss: 0.0013464305   LR: 1.00e-04
Epoch 1363/2000 Train Loss: 0.0017844785Val Loss: 0.0013750324   LR: 1.00e-04
Epoch 1364/2000 Train Loss: 0.0016987895Val Loss: 0.0013118451   LR: 1.00e-04
Epoch 1365/2000 Train Loss: 0.0017913631Val Loss: 0.0017846541   LR: 1.00e-04
Epoch 1366/2000 Train Loss: 0.0020681693Val Loss: 0.0017657759   LR: 1.00e-04
Epoch 1367/2000 Train Loss: 0.0018014964Val Loss: 0.0014062699   LR: 1.00e-04
Epoch 1368/2000 Train Loss: 0.0016351621Val Loss: 0.0013006257   LR: 1.00e-04
Epoch 1369/2000 Train Loss: 0.0016507657Val Loss: 0.0013620053   LR: 1.00e-04
Epoch 1370/2000 Train Loss: 0.0016919592Val Loss: 0.0014175630   LR: 1.00e-04
Epoch 1371/2000 Train Loss: 0.0019090519Val Loss: 0.0017260916   LR: 1.00e-04
Epoch 1372/2000 Train Loss: 0.0020990935Val Loss: 0.0014437025   LR: 1.00e-04
Epoch 1373/2000 Train Loss: 0.0019242569Val Loss: 0.0023820409   LR: 1.00e-04
Epoch 1374/2000 Train Loss: 0.0017475080Val Loss: 0.0014151694   LR: 1.00e-04
Epoch 1375/2000 Train Loss: 0.0019037656Val Loss: 0.0013380634   LR: 1.00e-04
Epoch 1376/2000 Train Loss: 0.0018801614Val Loss: 0.0012823766   LR: 1.00e-04
Epoch 1377/2000 Train Loss: 0.0018872581Val Loss: 0.0012620358   LR: 1.00e-04
Epoch 1378/2000 Train Loss: 0.0018080294Val Loss: 0.0013845305   LR: 1.00e-04
Epoch 1379/2000 Train Loss: 0.0021529829Val Loss: 0.0013309105   LR: 1.00e-04
Epoch 1380/2000 Train Loss: 0.0019572074Val Loss: 0.0014003475   LR: 1.00e-04
Epoch 1381/2000 Train Loss: 0.0023145959Val Loss: 0.0013729425   LR: 1.00e-04
Epoch 1382/2000 Train Loss: 0.0016266048Val Loss: 0.0013340772   LR: 1.00e-04
Epoch 1383/2000 Train Loss: 0.0018479325Val Loss: 0.0015827995   LR: 1.00e-04
Epoch 1384/2000 Train Loss: 0.0017759274Val Loss: 0.0015379672   LR: 1.00e-04
Epoch 1385/2000 Train Loss: 0.0018009327Val Loss: 0.0012565997   LR: 1.00e-04
Epoch 1386/2000 Train Loss: 0.0017611782Val Loss: 0.0013500187   LR: 1.00e-04
Epoch 1387/2000 Train Loss: 0.0019168509Val Loss: 0.0012649053   LR: 1.00e-04
Epoch 1388/2000 Train Loss: 0.0017014285Val Loss: 0.0016715069   LR: 1.00e-04
Epoch 1389/2000 Train Loss: 0.0018826811Val Loss: 0.0013922489   LR: 1.00e-04
Epoch 1390/2000 Train Loss: 0.0017992876Val Loss: 0.0013348254   LR: 1.00e-04
Epoch 1391/2000 Train Loss: 0.0018084587Val Loss: 0.0013761628   LR: 1.00e-04
Epoch 1392/2000 Train Loss: 0.0016257345Val Loss: 0.0012825468   LR: 1.00e-04
Epoch 1393/2000 Train Loss: 0.0018055499Val Loss: 0.0012903495   LR: 1.00e-04
Epoch 1394/2000 Train Loss: 0.0017776446Val Loss: 0.0013685328   LR: 1.00e-04
Epoch 1395/2000 Train Loss: 0.0019812572Val Loss: 0.0014166118   LR: 1.00e-04
Epoch 1396/2000 Train Loss: 0.0018237447Val Loss: 0.0013413888   LR: 1.00e-04
Epoch 1397/2000 Train Loss: 0.0018640050Val Loss: 0.0013006876   LR: 1.00e-04
Epoch 1398/2000 Train Loss: 0.0018261492Val Loss: 0.0013740583   LR: 1.00e-04
Epoch 1399/2000 Train Loss: 0.0017186052Val Loss: 0.0012922098   LR: 1.00e-04
Epoch 1400/2000 Train Loss: 0.0018774264Val Loss: 0.0013028167   LR: 1.00e-04
Epoch 1401/2000 Train Loss: 0.0018656500Val Loss: 0.0014913159   LR: 1.00e-04
Epoch 1402/2000 Train Loss: 0.0017853556Val Loss: 0.0014015312   LR: 1.00e-04
Epoch 1403/2000 Train Loss: 0.0017879335Val Loss: 0.0013888550   LR: 1.00e-04
Epoch 1404/2000 Train Loss: 0.0016946968Val Loss: 0.0013303159   LR: 1.00e-04
Epoch 1405/2000 Train Loss: 0.0019161576Val Loss: 0.0014463183   LR: 1.00e-04
Epoch 1406/2000 Train Loss: 0.0016851259Val Loss: 0.0015006471   LR: 1.00e-04
Epoch 1407/2000 Train Loss: 0.0016386696Val Loss: 0.0013051004   LR: 1.00e-04
Epoch 1408/2000 Train Loss: 0.0018513864Val Loss: 0.0016468729   LR: 1.00e-04
Epoch 1409/2000 Train Loss: 0.0018997744Val Loss: 0.0012542427   LR: 1.00e-04
Epoch 1410/2000 Train Loss: 0.0019119957Val Loss: 0.0016719301   LR: 1.00e-04
Epoch 1411/2000 Train Loss: 0.0019271605Val Loss: 0.0016009675   LR: 1.00e-04
Epoch 1412/2000 Train Loss: 0.0017961352Val Loss: 0.0013207735   LR: 1.00e-04
Epoch 1413/2000 Train Loss: 0.0018512911Val Loss: 0.0013087819   LR: 1.00e-04
Epoch 1414/2000 Train Loss: 0.0019689638Val Loss: 0.0012970204   LR: 1.00e-04
Epoch 1415/2000 Train Loss: 0.0017965852Val Loss: 0.0012637001   LR: 1.00e-04
Epoch 1416/2000 Train Loss: 0.0018104365Val Loss: 0.0013747106   LR: 1.00e-04
Epoch 1417/2000 Train Loss: 0.0017792312Val Loss: 0.0013780194   LR: 1.00e-04
Epoch 1418/2000 Train Loss: 0.0018752403Val Loss: 0.0013462428   LR: 1.00e-04
Epoch 1419/2000 Train Loss: 0.0016888713Val Loss: 0.0013805069   LR: 1.00e-04
Epoch 1420/2000 Train Loss: 0.0018903458Val Loss: 0.0012471034   LR: 1.00e-04
Epoch 1421/2000 Train Loss: 0.0017315266Val Loss: 0.0013026800   LR: 1.00e-04
Epoch 1422/2000 Train Loss: 0.0017928400Val Loss: 0.0016165932   LR: 1.00e-04
Epoch 1423/2000 Train Loss: 0.0018013495Val Loss: 0.0012652204   LR: 1.00e-04
Epoch 1424/2000 Train Loss: 0.0019098396Val Loss: 0.0015843463   LR: 1.00e-04
Epoch 1425/2000 Train Loss: 0.0018906376Val Loss: 0.0018430497   LR: 1.00e-04
Epoch 1426/2000 Train Loss: 0.0018691870Val Loss: 0.0012992042   LR: 1.00e-04
Epoch 1427/2000 Train Loss: 0.0019262725Val Loss: 0.0013876605   LR: 1.00e-04
Epoch 1428/2000 Train Loss: 0.0018428126Val Loss: 0.0016127426   LR: 1.00e-04
Epoch 1429/2000 Train Loss: 0.0017495353Val Loss: 0.0012621859   LR: 1.00e-04
Epoch 1430/2000 Train Loss: 0.0017406957Val Loss: 0.0014942964   LR: 1.00e-04
Epoch 1431/2000 Train Loss: 0.0019508380Val Loss: 0.0012960686   LR: 1.00e-04
Epoch 1432/2000 Train Loss: 0.0017716658Val Loss: 0.0013071471   LR: 1.00e-04
Epoch 1433/2000 Train Loss: 0.0017249938Val Loss: 0.0013687709   LR: 1.00e-04
Epoch 1434/2000 Train Loss: 0.0017937944Val Loss: 0.0013519968   LR: 1.00e-04
Epoch 1435/2000 Train Loss: 0.0018160753Val Loss: 0.0015749785   LR: 1.00e-04
Epoch 1436/2000 Train Loss: 0.0018472949Val Loss: 0.0015097238   LR: 1.00e-04
Epoch 1437/2000 Train Loss: 0.0018825331Val Loss: 0.0012263346   LR: 1.00e-04
Epoch 1438/2000 Train Loss: 0.0017578626Val Loss: 0.0014210358   LR: 1.00e-04
Epoch 1439/2000 Train Loss: 0.0016843511Val Loss: 0.0013181294   LR: 1.00e-04
Epoch 1440/2000 Train Loss: 0.0020235010Val Loss: 0.0014164777   LR: 1.00e-04
Epoch 1441/2000 Train Loss: 0.0017212147Val Loss: 0.0014274140   LR: 1.00e-04
Epoch 1442/2000 Train Loss: 0.0017630504Val Loss: 0.0012772053   LR: 1.00e-04
Epoch 1443/2000 Train Loss: 0.0017235945Val Loss: 0.0012522333   LR: 1.00e-04
Epoch 1444/2000 Train Loss: 0.0017125691Val Loss: 0.0013335579   LR: 1.00e-04
Epoch 1445/2000 Train Loss: 0.0020024582Val Loss: 0.0013800359   LR: 1.00e-04
Epoch 1446/2000 Train Loss: 0.0018530890Val Loss: 0.0015239816   LR: 1.00e-04
Epoch 1447/2000 Train Loss: 0.0019727737Val Loss: 0.0014180592   LR: 1.00e-04
Epoch 1448/2000 Train Loss: 0.0016855866Val Loss: 0.0013088580   LR: 1.00e-04
Epoch 1449/2000 Train Loss: 0.0017064649Val Loss: 0.0013807286   LR: 1.00e-04
Epoch 1450/2000 Train Loss: 0.0020440376Val Loss: 0.0014163712   LR: 1.00e-04
Epoch 1451/2000 Train Loss: 0.0018336815Val Loss: 0.0015254080   LR: 1.00e-04
Epoch 1452/2000 Train Loss: 0.0019478438Val Loss: 0.0020067634   LR: 1.00e-04
Epoch 1453/2000 Train Loss: 0.0018113326Val Loss: 0.0016841427   LR: 1.00e-04
Epoch 1454/2000 Train Loss: 0.0017357063Val Loss: 0.0013023035   LR: 1.00e-04
Epoch 1455/2000 Train Loss: 0.0017924131Val Loss: 0.0013280489   LR: 1.00e-04
Epoch 1456/2000 Train Loss: 0.0016053456Val Loss: 0.0012378740   LR: 1.00e-04
Epoch 1457/2000 Train Loss: 0.0018898235Val Loss: 0.0013190263   LR: 1.00e-04
Epoch 1458/2000 Train Loss: 0.0017987724Val Loss: 0.0017533304   LR: 1.00e-04
Epoch 1459/2000 Train Loss: 0.0019358305Val Loss: 0.0014635675   LR: 1.00e-04
Epoch 1460/2000 Train Loss: 0.0017949943Val Loss: 0.0012795798   LR: 1.00e-04
Epoch 1461/2000 Train Loss: 0.0016260059Val Loss: 0.0012626829   LR: 1.00e-04
Epoch 1462/2000 Train Loss: 0.0017843183Val Loss: 0.0013539816   LR: 1.00e-04
Epoch 1463/2000 Train Loss: 0.0016083531Val Loss: 0.0013860802   LR: 1.00e-04
Epoch 1464/2000 Train Loss: 0.0018324966Val Loss: 0.0017137049   LR: 1.00e-04
Epoch 1465/2000 Train Loss: 0.0019554962Val Loss: 0.0014584998   LR: 1.00e-04
Epoch 1466/2000 Train Loss: 0.0016972540Val Loss: 0.0013794801   LR: 1.00e-04
Epoch 1467/2000 Train Loss: 0.0016140935Val Loss: 0.0013374166   LR: 1.00e-04
Epoch 1468/2000 Train Loss: 0.0018957289Val Loss: 0.0013510237   LR: 1.00e-04
Epoch 1469/2000 Train Loss: 0.0016545815Val Loss: 0.0012996325   LR: 1.00e-04
Epoch 1470/2000 Train Loss: 0.0017701173Val Loss: 0.0012819535   LR: 1.00e-04
Epoch 1471/2000 Train Loss: 0.0017097998Val Loss: 0.0012399233   LR: 1.00e-04
Epoch 1472/2000 Train Loss: 0.0017428655Val Loss: 0.0012888408   LR: 1.00e-04
Epoch 1473/2000 Train Loss: 0.0017061842Val Loss: 0.0012274921   LR: 1.00e-04
Epoch 1474/2000 Train Loss: 0.0016832302Val Loss: 0.0014664711   LR: 1.00e-04
Epoch 1475/2000 Train Loss: 0.0016530132Val Loss: 0.0012454075   LR: 1.00e-04
Epoch 1476/2000 Train Loss: 0.0017975271Val Loss: 0.0013028053   LR: 1.00e-04
Epoch 1477/2000 Train Loss: 0.0016869140Val Loss: 0.0013370038   LR: 1.00e-04
Epoch 1478/2000 Train Loss: 0.0018537128Val Loss: 0.0014469176   LR: 1.00e-04
Epoch 1479/2000 Train Loss: 0.0017793248Val Loss: 0.0015624028   LR: 1.00e-04
Epoch 1480/2000 Train Loss: 0.0017246735Val Loss: 0.0012688056   LR: 1.00e-04
Epoch 1481/2000 Train Loss: 0.0019303171Val Loss: 0.0015488231   LR: 1.00e-04
Epoch 1482/2000 Train Loss: 0.0018350957Val Loss: 0.0013253648   LR: 1.00e-04
Epoch 1483/2000 Train Loss: 0.0015880290Val Loss: 0.0013102323   LR: 1.00e-04
Epoch 1484/2000 Train Loss: 0.0017341054Val Loss: 0.0013000394   LR: 1.00e-04
Epoch 1485/2000 Train Loss: 0.0019048638Val Loss: 0.0014275460   LR: 1.00e-04
Epoch 1486/2000 Train Loss: 0.0015836854Val Loss: 0.0013932922   LR: 1.00e-04
Epoch 1487/2000 Train Loss: 0.0016690509Val Loss: 0.0013120067   LR: 1.00e-04
Epoch 1488/2000 Train Loss: 0.0016616168Val Loss: 0.0013205979   LR: 1.00e-04
Epoch 1489/2000 Train Loss: 0.0017947842Val Loss: 0.0012543314   LR: 1.00e-04
Epoch 1490/2000 Train Loss: 0.0016886544Val Loss: 0.0012356539   LR: 1.00e-04
Epoch 1491/2000 Train Loss: 0.0017105201Val Loss: 0.0012594048   LR: 1.00e-04
Epoch 1492/2000 Train Loss: 0.0016439519Val Loss: 0.0012685569   LR: 1.00e-04
Epoch 1493/2000 Train Loss: 0.0016831413Val Loss: 0.0012659732   LR: 1.00e-04
Epoch 1494/2000 Train Loss: 0.0017292185Val Loss: 0.0014828492   LR: 1.00e-04
Epoch 1495/2000 Train Loss: 0.0017984050Val Loss: 0.0015098918   LR: 1.00e-04
Epoch 1496/2000 Train Loss: 0.0017135949Val Loss: 0.0013782282   LR: 1.00e-04
Epoch 1497/2000 Train Loss: 0.0019064698Val Loss: 0.0012573415   LR: 1.00e-04
Epoch 1498/2000 Train Loss: 0.0019545511Val Loss: 0.0017437479   LR: 1.00e-04
Epoch 1499/2000 Train Loss: 0.0018459664Val Loss: 0.0014995229   LR: 1.00e-04
Epoch 1500/2000 Train Loss: 0.0018610244Val Loss: 0.0014378639   LR: 1.00e-04
Epoch 1501/2000 Train Loss: 0.0016616766Val Loss: 0.0015521071   LR: 1.00e-04
Epoch 1502/2000 Train Loss: 0.0017339454Val Loss: 0.0014042018   LR: 1.00e-04
Epoch 1503/2000 Train Loss: 0.0016869104Val Loss: 0.0014979936   LR: 1.00e-04
Epoch 1504/2000 Train Loss: 0.0018190298Val Loss: 0.0012991772   LR: 1.00e-04
Epoch 1505/2000 Train Loss: 0.0018853580Val Loss: 0.0012287053   LR: 1.00e-04
Epoch 1506/2000 Train Loss: 0.0016354796Val Loss: 0.0013104977   LR: 1.00e-04
Epoch 1507/2000 Train Loss: 0.0016892026Val Loss: 0.0013312629   LR: 1.00e-04
Epoch 1508/2000 Train Loss: 0.0019536614Val Loss: 0.0012887125   LR: 1.00e-04
Epoch 1509/2000 Train Loss: 0.0016873955Val Loss: 0.0014149716   LR: 1.00e-04
Epoch 1510/2000 Train Loss: 0.0017124815Val Loss: 0.0014492321   LR: 1.00e-04
Epoch 1511/2000 Train Loss: 0.0016657832Val Loss: 0.0012846199   LR: 1.00e-04
Epoch 1512/2000 Train Loss: 0.0017622991Val Loss: 0.0015107051   LR: 1.00e-04
Epoch 1513/2000 Train Loss: 0.0018469200Val Loss: 0.0012446599   LR: 1.00e-04
Epoch 1514/2000 Train Loss: 0.0018753532Val Loss: 0.0014534658   LR: 1.00e-04
Epoch 1515/2000 Train Loss: 0.0017931774Val Loss: 0.0013006174   LR: 1.00e-04
Epoch 1516/2000 Train Loss: 0.0017542020Val Loss: 0.0013349079   LR: 1.00e-04
Epoch 1517/2000 Train Loss: 0.0017914868Val Loss: 0.0012720965   LR: 1.00e-04
Epoch 1518/2000 Train Loss: 0.0017526678Val Loss: 0.0013394868   LR: 1.00e-04
Epoch 1519/2000 Train Loss: 0.0017006978Val Loss: 0.0012747722   LR: 1.00e-04
Epoch 1520/2000 Train Loss: 0.0018432903Val Loss: 0.0012408899   LR: 1.00e-04
Epoch 1521/2000 Train Loss: 0.0014984145Val Loss: 0.0012767866   LR: 1.00e-04
Epoch 1522/2000 Train Loss: 0.0015366979Val Loss: 0.0013494073   LR: 1.00e-04
Epoch 1523/2000 Train Loss: 0.0016891065Val Loss: 0.0012936466   LR: 1.00e-04
Epoch 1524/2000 Train Loss: 0.0021145410Val Loss: 0.0013470917   LR: 1.00e-04
Epoch 1525/2000 Train Loss: 0.0016587216Val Loss: 0.0012820377   LR: 1.00e-04
Epoch 1526/2000 Train Loss: 0.0018091130Val Loss: 0.0014356589   LR: 1.00e-04
Epoch 1527/2000 Train Loss: 0.0016580455Val Loss: 0.0012523677   LR: 1.00e-04
Epoch 1528/2000 Train Loss: 0.0016336376Val Loss: 0.0014527758   LR: 1.00e-04
Epoch 1529/2000 Train Loss: 0.0017106954Val Loss: 0.0014577862   LR: 1.00e-04
Epoch 1530/2000 Train Loss: 0.0016808881Val Loss: 0.0012943584   LR: 1.00e-04
Epoch 1531/2000 Train Loss: 0.0016599254Val Loss: 0.0013069585   LR: 1.00e-04
Epoch 1532/2000 Train Loss: 0.0017216133Val Loss: 0.0015539727   LR: 1.00e-04
Epoch 1533/2000 Train Loss: 0.0019032828Val Loss: 0.0013011495   LR: 1.00e-04
Epoch 1534/2000 Train Loss: 0.0016091766Val Loss: 0.0012381301   LR: 1.00e-04
Epoch 1535/2000 Train Loss: 0.0018427239Val Loss: 0.0013919063   LR: 1.00e-04
Epoch 1536/2000 Train Loss: 0.0017902714Val Loss: 0.0015731466   LR: 1.00e-04
Epoch 1537/2000 Train Loss: 0.0017806600Val Loss: 0.0012635146   LR: 1.00e-04
Epoch 1538/2000 Train Loss: 0.0017198192Val Loss: 0.0017055001   LR: 1.00e-04
Epoch 1539/2000 Train Loss: 0.0017142579Val Loss: 0.0013319626   LR: 1.00e-04
Epoch 1540/2000 Train Loss: 0.0017130001Val Loss: 0.0017788454   LR: 1.00e-04
Epoch 1541/2000 Train Loss: 0.0018142194Val Loss: 0.0012200991   LR: 1.00e-04
Epoch 1542/2000 Train Loss: 0.0019695435Val Loss: 0.0014484194   LR: 1.00e-04
Epoch 1543/2000 Train Loss: 0.0019621803Val Loss: 0.0013791405   LR: 1.00e-04
Epoch 1544/2000 Train Loss: 0.0017553936Val Loss: 0.0012889739   LR: 1.00e-04
Epoch 1545/2000 Train Loss: 0.0017515827Val Loss: 0.0013242037   LR: 1.00e-04
Epoch 1546/2000 Train Loss: 0.0017343411Val Loss: 0.0015138560   LR: 1.00e-04
Epoch 1547/2000 Train Loss: 0.0018605686Val Loss: 0.0014088281   LR: 1.00e-04
Epoch 1548/2000 Train Loss: 0.0018162379Val Loss: 0.0012304654   LR: 1.00e-04
Epoch 1549/2000 Train Loss: 0.0017315590Val Loss: 0.0013503995   LR: 1.00e-04
Epoch 1550/2000 Train Loss: 0.0018607756Val Loss: 0.0014733482   LR: 1.00e-04
Epoch 1551/2000 Train Loss: 0.0018012791Val Loss: 0.0013339190   LR: 1.00e-04
Epoch 1552/2000 Train Loss: 0.0015766866Val Loss: 0.0013535925   LR: 1.00e-04
Epoch 1553/2000 Train Loss: 0.0017508716Val Loss: 0.0012263305   LR: 1.00e-04
Epoch 1554/2000 Train Loss: 0.0015753782Val Loss: 0.0016001540   LR: 1.00e-04
Epoch 1555/2000 Train Loss: 0.0015991517Val Loss: 0.0013623827   LR: 1.00e-04
Epoch 1556/2000 Train Loss: 0.0017338537Val Loss: 0.0012787092   LR: 1.00e-04
Epoch 1557/2000 Train Loss: 0.0016691981Val Loss: 0.0013742172   LR: 1.00e-04
Epoch 1558/2000 Train Loss: 0.0017558754Val Loss: 0.0014407410   LR: 1.00e-04
Epoch 1559/2000 Train Loss: 0.0016809310Val Loss: 0.0012587330   LR: 1.00e-04
Epoch 1560/2000 Train Loss: 0.0015817103Val Loss: 0.0016309302   LR: 1.00e-04
Epoch 1561/2000 Train Loss: 0.0018166214Val Loss: 0.0013837065   LR: 1.00e-04
Epoch 1562/2000 Train Loss: 0.0017149620Val Loss: 0.0012108529   LR: 1.00e-04
Epoch 1563/2000 Train Loss: 0.0015044035Val Loss: 0.0014396016   LR: 1.00e-04
Epoch 1564/2000 Train Loss: 0.0019855316Val Loss: 0.0013643920   LR: 1.00e-04
Epoch 1565/2000 Train Loss: 0.0016937332Val Loss: 0.0014379401   LR: 1.00e-04
Epoch 1566/2000 Train Loss: 0.0016883048Val Loss: 0.0012819274   LR: 1.00e-04
Epoch 1567/2000 Train Loss: 0.0016612913Val Loss: 0.0015061530   LR: 1.00e-04
Epoch 1568/2000 Train Loss: 0.0016824550Val Loss: 0.0016499252   LR: 1.00e-04
Epoch 1569/2000 Train Loss: 0.0016665083Val Loss: 0.0013242057   LR: 1.00e-04
Epoch 1570/2000 Train Loss: 0.0017162460Val Loss: 0.0013348094   LR: 1.00e-04
Epoch 1571/2000 Train Loss: 0.0017353306Val Loss: 0.0013011747   LR: 1.00e-04
Epoch 1572/2000 Train Loss: 0.0016266301Val Loss: 0.0012727033   LR: 1.00e-04
Epoch 1573/2000 Train Loss: 0.0018607842Val Loss: 0.0012535121   LR: 1.00e-04
Epoch 1574/2000 Train Loss: 0.0019184397Val Loss: 0.0013264630   LR: 1.00e-04
Epoch 1575/2000 Train Loss: 0.0015974822Val Loss: 0.0013226433   LR: 1.00e-04
Epoch 1576/2000 Train Loss: 0.0017040560Val Loss: 0.0012012092   LR: 1.00e-04
Epoch 1577/2000 Train Loss: 0.0017559974Val Loss: 0.0012915951   LR: 1.00e-04
Epoch 1578/2000 Train Loss: 0.0016770277Val Loss: 0.0013024431   LR: 1.00e-04
Epoch 1579/2000 Train Loss: 0.0017344759Val Loss: 0.0013292519   LR: 1.00e-04
Epoch 1580/2000 Train Loss: 0.0016892387Val Loss: 0.0013239796   LR: 1.00e-04
Epoch 1581/2000 Train Loss: 0.0019106254Val Loss: 0.0014583709   LR: 1.00e-04
Epoch 1582/2000 Train Loss: 0.0016507810Val Loss: 0.0012333507   LR: 1.00e-04
Epoch 1583/2000 Train Loss: 0.0019643125Val Loss: 0.0012760893   LR: 1.00e-04
Epoch 1584/2000 Train Loss: 0.0015757994Val Loss: 0.0012181905   LR: 1.00e-04
Epoch 1585/2000 Train Loss: 0.0016705027Val Loss: 0.0015047076   LR: 1.00e-04
Epoch 1586/2000 Train Loss: 0.0017156513Val Loss: 0.0012981047   LR: 1.00e-04
Epoch 1587/2000 Train Loss: 0.0016635893Val Loss: 0.0013083954   LR: 1.00e-04
Epoch 1588/2000 Train Loss: 0.0017627929Val Loss: 0.0014001947   LR: 1.00e-04
Epoch 1589/2000 Train Loss: 0.0019117390Val Loss: 0.0013354185   LR: 1.00e-04
Epoch 1590/2000 Train Loss: 0.0017361247Val Loss: 0.0013897969   LR: 1.00e-04
Epoch 1591/2000 Train Loss: 0.0017692649Val Loss: 0.0014115051   LR: 1.00e-04
Epoch 1592/2000 Train Loss: 0.0018676457Val Loss: 0.0013907724   LR: 1.00e-04
Epoch 1593/2000 Train Loss: 0.0015733182Val Loss: 0.0012333858   LR: 1.00e-04
Epoch 1594/2000 Train Loss: 0.0016422374Val Loss: 0.0017272032   LR: 1.00e-04
Epoch 1595/2000 Train Loss: 0.0019731521Val Loss: 0.0013381358   LR: 1.00e-04
Epoch 1596/2000 Train Loss: 0.0016536985Val Loss: 0.0013636911   LR: 1.00e-04
Epoch 1597/2000 Train Loss: 0.0016893733Val Loss: 0.0014471082   LR: 1.00e-04
Epoch 1598/2000 Train Loss: 0.0016379823Val Loss: 0.0014752292   LR: 1.00e-04
Epoch 1599/2000 Train Loss: 0.0016744614Val Loss: 0.0015184843   LR: 1.00e-04
Epoch 1600/2000 Train Loss: 0.0017299600Val Loss: 0.0012427694   LR: 1.00e-04
Epoch 1601/2000 Train Loss: 0.0015693006Val Loss: 0.0013325628   LR: 1.00e-04
Epoch 1602/2000 Train Loss: 0.0016504254Val Loss: 0.0012373079   LR: 1.00e-04
Epoch 1603/2000 Train Loss: 0.0016379162Val Loss: 0.0013012474   LR: 1.00e-04
Epoch 1604/2000 Train Loss: 0.0016432065Val Loss: 0.0015156383   LR: 1.00e-04
Epoch 1605/2000 Train Loss: 0.0018842008Val Loss: 0.0013249091   LR: 1.00e-04
Epoch 1606/2000 Train Loss: 0.0020067041Val Loss: 0.0013023985   LR: 1.00e-04
Epoch 1607/2000 Train Loss: 0.0018406918Val Loss: 0.0012215627   LR: 1.00e-04
Epoch 1608/2000 Train Loss: 0.0016510581Val Loss: 0.0012231855   LR: 1.00e-04
Epoch 1609/2000 Train Loss: 0.0018111920Val Loss: 0.0014416493   LR: 1.00e-04
Epoch 1610/2000 Train Loss: 0.0017612077Val Loss: 0.0013291126   LR: 1.00e-04
Epoch 1611/2000 Train Loss: 0.0016194210Val Loss: 0.0018791958   LR: 1.00e-04
Epoch 1612/2000 Train Loss: 0.0016054405Val Loss: 0.0012629877   LR: 1.00e-04
Epoch 1613/2000 Train Loss: 0.0017225329Val Loss: 0.0012868668   LR: 1.00e-04
Epoch 1614/2000 Train Loss: 0.0015946036Val Loss: 0.0014935062   LR: 1.00e-04
Epoch 1615/2000 Train Loss: 0.0017188202Val Loss: 0.0012359451   LR: 1.00e-04
Epoch 1616/2000 Train Loss: 0.0019023180Val Loss: 0.0013810844   LR: 1.00e-04
Epoch 1617/2000 Train Loss: 0.0016573708Val Loss: 0.0013051324   LR: 1.00e-04
Epoch 1618/2000 Train Loss: 0.0016711922Val Loss: 0.0014141458   LR: 1.00e-04
Epoch 1619/2000 Train Loss: 0.0017618866Val Loss: 0.0016504587   LR: 1.00e-04
Epoch 1620/2000 Train Loss: 0.0018709096Val Loss: 0.0012485776   LR: 1.00e-04
Epoch 1621/2000 Train Loss: 0.0016523335Val Loss: 0.0016303647   LR: 1.00e-04
Epoch 1622/2000 Train Loss: 0.0016897117Val Loss: 0.0012825500   LR: 1.00e-04
Epoch 1623/2000 Train Loss: 0.0017433209Val Loss: 0.0012343222   LR: 1.00e-04
Epoch 1624/2000 Train Loss: 0.0017017605Val Loss: 0.0013198529   LR: 1.00e-04
Epoch 1625/2000 Train Loss: 0.0017265736Val Loss: 0.0012641427   LR: 1.00e-04
Epoch 1626/2000 Train Loss: 0.0016283816Val Loss: 0.0012207889   LR: 1.00e-04
Epoch 1627/2000 Train Loss: 0.0016360738Val Loss: 0.0012191894   LR: 1.00e-04
Epoch 1628/2000 Train Loss: 0.0017631725Val Loss: 0.0012508553   LR: 1.00e-04
Epoch 1629/2000 Train Loss: 0.0015002037Val Loss: 0.0012168391   LR: 1.00e-04
Epoch 1630/2000 Train Loss: 0.0016172802Val Loss: 0.0012929908   LR: 1.00e-04
Epoch 1631/2000 Train Loss: 0.0016121668Val Loss: 0.0013529894   LR: 1.00e-04
Epoch 1632/2000 Train Loss: 0.0016614819Val Loss: 0.0012920512   LR: 1.00e-04
Epoch 1633/2000 Train Loss: 0.0018521182Val Loss: 0.0013523264   LR: 1.00e-04
Epoch 1634/2000 Train Loss: 0.0017226493Val Loss: 0.0014488549   LR: 1.00e-04
Epoch 1635/2000 Train Loss: 0.0016745975Val Loss: 0.0013454270   LR: 1.00e-04
Epoch 1636/2000 Train Loss: 0.0015170899Val Loss: 0.0012533047   LR: 1.00e-04
Epoch 1637/2000 Train Loss: 0.0016367631Val Loss: 0.0013596732   LR: 1.00e-04
Epoch 1638/2000 Train Loss: 0.0016326461Val Loss: 0.0013340196   LR: 1.00e-04
Epoch 1639/2000 Train Loss: 0.0016273702Val Loss: 0.0013265977   LR: 1.00e-04
Epoch 1640/2000 Train Loss: 0.0017344244Val Loss: 0.0015996738   LR: 1.00e-04
Epoch 1641/2000 Train Loss: 0.0017247412Val Loss: 0.0013652656   LR: 1.00e-04
Epoch 1642/2000 Train Loss: 0.0016426426Val Loss: 0.0014010483   LR: 1.00e-04
Epoch 1643/2000 Train Loss: 0.0015995385Val Loss: 0.0012426282   LR: 1.00e-04
Epoch 1644/2000 Train Loss: 0.0017230144Val Loss: 0.0013864705   LR: 1.00e-04
Epoch 1645/2000 Train Loss: 0.0016097529Val Loss: 0.0012762193   LR: 1.00e-04
Epoch 1646/2000 Train Loss: 0.0015541453Val Loss: 0.0014522811   LR: 1.00e-04
Epoch 1647/2000 Train Loss: 0.0016369941Val Loss: 0.0012399945   LR: 1.00e-04
Epoch 1648/2000 Train Loss: 0.0016224740Val Loss: 0.0012311551   LR: 1.00e-04
Epoch 1649/2000 Train Loss: 0.0016153904Val Loss: 0.0012745410   LR: 1.00e-04
Epoch 1650/2000 Train Loss: 0.0017773184Val Loss: 0.0014176944   LR: 1.00e-04
Epoch 1651/2000 Train Loss: 0.0018122852Val Loss: 0.0012192828   LR: 1.00e-04
Epoch 1652/2000 Train Loss: 0.0015835905Val Loss: 0.0013119858   LR: 1.00e-04
Epoch 1653/2000 Train Loss: 0.0016257187Val Loss: 0.0012345353   LR: 1.00e-04
Epoch 1654/2000 Train Loss: 0.0018385360Val Loss: 0.0014613784   LR: 1.00e-04
Epoch 1655/2000 Train Loss: 0.0015281296Val Loss: 0.0012239428   LR: 1.00e-04
Epoch 1656/2000 Train Loss: 0.0018789073Val Loss: 0.0013618523   LR: 1.00e-04
Epoch 1657/2000 Train Loss: 0.0018502197Val Loss: 0.0013183319   LR: 1.00e-04
Epoch 1658/2000 Train Loss: 0.0015413287Val Loss: 0.0012848058   LR: 1.00e-04
Epoch 1659/2000 Train Loss: 0.0017296226Val Loss: 0.0013754081   LR: 1.00e-04
Epoch 1660/2000 Train Loss: 0.0016449701Val Loss: 0.0013058309   LR: 1.00e-04
Epoch 1661/2000 Train Loss: 0.0018994554Val Loss: 0.0013277061   LR: 1.00e-04
Epoch 1662/2000 Train Loss: 0.0015320111Val Loss: 0.0013497981   LR: 1.00e-04
Epoch 1663/2000 Train Loss: 0.0017142581Val Loss: 0.0012073830   LR: 1.00e-04
Epoch 1664/2000 Train Loss: 0.0016071157Val Loss: 0.0012040362   LR: 1.00e-04
Epoch 1665/2000 Train Loss: 0.0017538707Val Loss: 0.0014127384   LR: 1.00e-04
Epoch 1666/2000 Train Loss: 0.0018783680Val Loss: 0.0013583473   LR: 1.00e-04
Epoch 1667/2000 Train Loss: 0.0017519101Val Loss: 0.0012267911   LR: 1.00e-04
Epoch 1668/2000 Train Loss: 0.0014853712Val Loss: 0.0014272352   LR: 1.00e-04
Epoch 1669/2000 Train Loss: 0.0016865877Val Loss: 0.0012904030   LR: 1.00e-04
Epoch 1670/2000 Train Loss: 0.0016382169Val Loss: 0.0012065994   LR: 1.00e-04
Epoch 1671/2000 Train Loss: 0.0016593892Val Loss: 0.0012684917   LR: 1.00e-04
Epoch 1672/2000 Train Loss: 0.0016885059Val Loss: 0.0012707967   LR: 1.00e-04
Epoch 1673/2000 Train Loss: 0.0016499216Val Loss: 0.0013815738   LR: 1.00e-04
Epoch 1674/2000 Train Loss: 0.0017404234Val Loss: 0.0013298325   LR: 1.00e-04
Epoch 1675/2000 Train Loss: 0.0016835785Val Loss: 0.0012977375   LR: 1.00e-04
Epoch 1676/2000 Train Loss: 0.0016520183Val Loss: 0.0015306580   LR: 1.00e-04
Epoch 1677/2000 Train Loss: 0.0016362035Val Loss: 0.0012503449   LR: 1.00e-04
Epoch 1678/2000 Train Loss: 0.0015980711Val Loss: 0.0013239522   LR: 1.00e-04
Epoch 1679/2000 Train Loss: 0.0014793620Val Loss: 0.0013614329   LR: 1.00e-04
Epoch 1680/2000 Train Loss: 0.0017327492Val Loss: 0.0012082534   LR: 1.00e-04
Epoch 1681/2000 Train Loss: 0.0016632407Val Loss: 0.0013007985   LR: 1.00e-04
Epoch 1682/2000 Train Loss: 0.0016731427Val Loss: 0.0013939253   LR: 1.00e-04
Epoch 1683/2000 Train Loss: 0.0016911278Val Loss: 0.0012631105   LR: 1.00e-04
Epoch 1684/2000 Train Loss: 0.0014555165Val Loss: 0.0012178199   LR: 1.00e-04
Epoch 1685/2000 Train Loss: 0.0019311541Val Loss: 0.0013272565   LR: 1.00e-04
Epoch 1686/2000 Train Loss: 0.0015994269Val Loss: 0.0012291114   LR: 1.00e-04
Epoch 1687/2000 Train Loss: 0.0016408935Val Loss: 0.0012469657   LR: 1.00e-04
Epoch 1688/2000 Train Loss: 0.0016334900Val Loss: 0.0013169079   LR: 1.00e-04
Epoch 1689/2000 Train Loss: 0.0016675060Val Loss: 0.0012259296   LR: 1.00e-04
Epoch 1690/2000 Train Loss: 0.0016814576Val Loss: 0.0014073674   LR: 1.00e-04
Epoch 1691/2000 Train Loss: 0.0018053500Val Loss: 0.0012116456   LR: 1.00e-04
Epoch 1692/2000 Train Loss: 0.0016746546Val Loss: 0.0012562622   LR: 1.00e-04
Epoch 1693/2000 Train Loss: 0.0015935557Val Loss: 0.0014275643   LR: 1.00e-04
Epoch 1694/2000 Train Loss: 0.0015497412Val Loss: 0.0012383004   LR: 1.00e-04
Epoch 1695/2000 Train Loss: 0.0016188329Val Loss: 0.0012621964   LR: 1.00e-04
Epoch 1696/2000 Train Loss: 0.0016801534Val Loss: 0.0012744469   LR: 1.00e-04
Epoch 1697/2000 Train Loss: 0.0015107116Val Loss: 0.0012822103   LR: 1.00e-04
Epoch 1698/2000 Train Loss: 0.0017956635Val Loss: 0.0012934173   LR: 1.00e-04
Epoch 1699/2000 Train Loss: 0.0017548445Val Loss: 0.0012644264   LR: 1.00e-04
Epoch 1700/2000 Train Loss: 0.0017638990Val Loss: 0.0012913394   LR: 1.00e-04
Epoch 1701/2000 Train Loss: 0.0016853824Val Loss: 0.0012574554   LR: 1.00e-04
Epoch 1702/2000 Train Loss: 0.0017295451Val Loss: 0.0012153190   LR: 1.00e-04
Epoch 1703/2000 Train Loss: 0.0016154242Val Loss: 0.0013147746   LR: 1.00e-04
Epoch 1704/2000 Train Loss: 0.0016241076Val Loss: 0.0013532694   LR: 1.00e-04
Epoch 1705/2000 Train Loss: 0.0017404965Val Loss: 0.0013261113   LR: 1.00e-04
Epoch 1706/2000 Train Loss: 0.0017380719Val Loss: 0.0013959671   LR: 1.00e-04
Epoch 1707/2000 Train Loss: 0.0017435043Val Loss: 0.0011961020   LR: 1.00e-04
Epoch 1708/2000 Train Loss: 0.0014971436Val Loss: 0.0014115197   LR: 1.00e-04
Epoch 1709/2000 Train Loss: 0.0016559811Val Loss: 0.0015537983   LR: 1.00e-04
Epoch 1710/2000 Train Loss: 0.0017716602Val Loss: 0.0012104454   LR: 1.00e-04
Epoch 1711/2000 Train Loss: 0.0016522042Val Loss: 0.0011986582   LR: 1.00e-04
Epoch 1712/2000 Train Loss: 0.0016241550Val Loss: 0.0013534850   LR: 1.00e-04
Epoch 1713/2000 Train Loss: 0.0016114521Val Loss: 0.0012831349   LR: 1.00e-04
Epoch 1714/2000 Train Loss: 0.0016032800Val Loss: 0.0014396791   LR: 1.00e-04
Epoch 1715/2000 Train Loss: 0.0016602060Val Loss: 0.0014073472   LR: 1.00e-04
Epoch 1716/2000 Train Loss: 0.0017178077Val Loss: 0.0012989986   LR: 1.00e-04
Epoch 1717/2000 Train Loss: 0.0016789707Val Loss: 0.0012165416   LR: 1.00e-04
Epoch 1718/2000 Train Loss: 0.0016196404Val Loss: 0.0013082906   LR: 1.00e-04
Epoch 1719/2000 Train Loss: 0.0016153221Val Loss: 0.0014145926   LR: 1.00e-04
Epoch 1720/2000 Train Loss: 0.0015822169Val Loss: 0.0013720347   LR: 1.00e-04
Epoch 1721/2000 Train Loss: 0.0016993383Val Loss: 0.0012729277   LR: 1.00e-04
Epoch 1722/2000 Train Loss: 0.0017759465Val Loss: 0.0012969654   LR: 1.00e-04
Epoch 1723/2000 Train Loss: 0.0015976024Val Loss: 0.0013650268   LR: 1.00e-04
Epoch 1724/2000 Train Loss: 0.0016665989Val Loss: 0.0013817804   LR: 1.00e-04
Epoch 1725/2000 Train Loss: 0.0017638286Val Loss: 0.0014144254   LR: 1.00e-04
Epoch 1726/2000 Train Loss: 0.0016722476Val Loss: 0.0012060312   LR: 1.00e-04
Epoch 1727/2000 Train Loss: 0.0016145594Val Loss: 0.0016396388   LR: 1.00e-04
Epoch 1728/2000 Train Loss: 0.0016737795Val Loss: 0.0012423883   LR: 1.00e-04
Epoch 1729/2000 Train Loss: 0.0016058904Val Loss: 0.0011799901   LR: 1.00e-04
Epoch 1730/2000 Train Loss: 0.0016735170Val Loss: 0.0012955399   LR: 1.00e-04
Epoch 1731/2000 Train Loss: 0.0017420358Val Loss: 0.0012169529   LR: 1.00e-04
Epoch 1732/2000 Train Loss: 0.0016349080Val Loss: 0.0013410649   LR: 1.00e-04
Epoch 1733/2000 Train Loss: 0.0015240679Val Loss: 0.0012622295   LR: 1.00e-04
Epoch 1734/2000 Train Loss: 0.0016806181Val Loss: 0.0012130508   LR: 1.00e-04
Epoch 1735/2000 Train Loss: 0.0016478611Val Loss: 0.0014476636   LR: 1.00e-04
Epoch 1736/2000 Train Loss: 0.0016634624Val Loss: 0.0012195506   LR: 1.00e-04
Epoch 1737/2000 Train Loss: 0.0016442709Val Loss: 0.0012391581   LR: 1.00e-04
Epoch 1738/2000 Train Loss: 0.0015848435Val Loss: 0.0012680815   LR: 1.00e-04
Epoch 1739/2000 Train Loss: 0.0017948416Val Loss: 0.0012604160   LR: 1.00e-04
Epoch 1740/2000 Train Loss: 0.0017022020Val Loss: 0.0014785430   LR: 1.00e-04
Epoch 1741/2000 Train Loss: 0.0018124004Val Loss: 0.0013822462   LR: 1.00e-04
Epoch 1742/2000 Train Loss: 0.0016994949Val Loss: 0.0012412786   LR: 1.00e-04
Epoch 1743/2000 Train Loss: 0.0017053275Val Loss: 0.0012410499   LR: 1.00e-04
Epoch 1744/2000 Train Loss: 0.0015732370Val Loss: 0.0015668090   LR: 1.00e-04
Epoch 1745/2000 Train Loss: 0.0016187491Val Loss: 0.0012806741   LR: 1.00e-04
Epoch 1746/2000 Train Loss: 0.0017293525Val Loss: 0.0012321246   LR: 1.00e-04
Epoch 1747/2000 Train Loss: 0.0016831098Val Loss: 0.0012171786   LR: 1.00e-04
Epoch 1748/2000 Train Loss: 0.0014699712Val Loss: 0.0013229005   LR: 1.00e-04
Epoch 1749/2000 Train Loss: 0.0015666555Val Loss: 0.0012038531   LR: 1.00e-04
Epoch 1750/2000 Train Loss: 0.0015784258Val Loss: 0.0013058395   LR: 1.00e-04
Epoch 1751/2000 Train Loss: 0.0017500073Val Loss: 0.0013362315   LR: 1.00e-04
Epoch 1752/2000 Train Loss: 0.0017990129Val Loss: 0.0015192139   LR: 1.00e-04
Epoch 1753/2000 Train Loss: 0.0019779026Val Loss: 0.0012068472   LR: 1.00e-04
Epoch 1754/2000 Train Loss: 0.0014932286Val Loss: 0.0012727278   LR: 1.00e-04
Epoch 1755/2000 Train Loss: 0.0015872313Val Loss: 0.0014232389   LR: 1.00e-04
Epoch 1756/2000 Train Loss: 0.0015287836Val Loss: 0.0012924341   LR: 1.00e-04
Epoch 1757/2000 Train Loss: 0.0016237294Val Loss: 0.0012941839   LR: 1.00e-04
Epoch 1758/2000 Train Loss: 0.0016063372Val Loss: 0.0012885352   LR: 1.00e-04
Epoch 1759/2000 Train Loss: 0.0017312928Val Loss: 0.0011897194   LR: 1.00e-04
Epoch 1760/2000 Train Loss: 0.0018425293Val Loss: 0.0012245736   LR: 1.00e-04
Epoch 1761/2000 Train Loss: 0.0016908256Val Loss: 0.0012027309   LR: 1.00e-04
Epoch 1762/2000 Train Loss: 0.0016986963Val Loss: 0.0012854911   LR: 1.00e-04
Epoch 1763/2000 Train Loss: 0.0017288350Val Loss: 0.0013648079   LR: 1.00e-04
Epoch 1764/2000 Train Loss: 0.0016882444Val Loss: 0.0012368047   LR: 1.00e-04
Epoch 1765/2000 Train Loss: 0.0015895680Val Loss: 0.0012362368   LR: 1.00e-04
Epoch 1766/2000 Train Loss: 0.0015841838Val Loss: 0.0014569715   LR: 1.00e-04
Epoch 1767/2000 Train Loss: 0.0015830451Val Loss: 0.0012452891   LR: 1.00e-04
Epoch 1768/2000 Train Loss: 0.0017266854Val Loss: 0.0018740390   LR: 1.00e-04
Epoch 1769/2000 Train Loss: 0.0016622767Val Loss: 0.0012703983   LR: 1.00e-04
Epoch 1770/2000 Train Loss: 0.0016940958Val Loss: 0.0012513179   LR: 1.00e-04
Epoch 1771/2000 Train Loss: 0.0016062605Val Loss: 0.0013648513   LR: 1.00e-04
Epoch 1772/2000 Train Loss: 0.0016963433Val Loss: 0.0012259978   LR: 1.00e-04
Epoch 1773/2000 Train Loss: 0.0015610391Val Loss: 0.0013543572   LR: 1.00e-04
Epoch 1774/2000 Train Loss: 0.0014280891Val Loss: 0.0015797468   LR: 1.00e-04
Epoch 1775/2000 Train Loss: 0.0017705542Val Loss: 0.0012581257   LR: 1.00e-04
Epoch 1776/2000 Train Loss: 0.0016208674Val Loss: 0.0014515977   LR: 1.00e-04
Epoch 1777/2000 Train Loss: 0.0017689004Val Loss: 0.0012586675   LR: 1.00e-04
Epoch 1778/2000 Train Loss: 0.0016056859Val Loss: 0.0012528966   LR: 1.00e-04
Epoch 1779/2000 Train Loss: 0.0016824062Val Loss: 0.0014840685   LR: 1.00e-04
Epoch 1780/2000 Train Loss: 0.0016762238Val Loss: 0.0013558696   LR: 1.00e-04
Epoch 1781/2000 Train Loss: 0.0016928643Val Loss: 0.0012224314   LR: 1.00e-04
Epoch 1782/2000 Train Loss: 0.0015722422Val Loss: 0.0013752656   LR: 1.00e-04
Epoch 1783/2000 Train Loss: 0.0017209546Val Loss: 0.0012727511   LR: 1.00e-04
Epoch 1784/2000 Train Loss: 0.0016085847Val Loss: 0.0015316196   LR: 1.00e-04
Epoch 1785/2000 Train Loss: 0.0017460986Val Loss: 0.0013658236   LR: 1.00e-04
Epoch 1786/2000 Train Loss: 0.0015272679Val Loss: 0.0012683339   LR: 1.00e-04
Epoch 1787/2000 Train Loss: 0.0016416256Val Loss: 0.0012368892   LR: 1.00e-04
Epoch 1788/2000 Train Loss: 0.0015524701Val Loss: 0.0013927102   LR: 1.00e-04
Epoch 1789/2000 Train Loss: 0.0019332260Val Loss: 0.0014338077   LR: 1.00e-04
Epoch 1790/2000 Train Loss: 0.0014967275Val Loss: 0.0012489615   LR: 1.00e-04
Epoch 1791/2000 Train Loss: 0.0014316561Val Loss: 0.0014132963   LR: 1.00e-04
Epoch 1792/2000 Train Loss: 0.0017326022Val Loss: 0.0013372839   LR: 1.00e-04
Epoch 1793/2000 Train Loss: 0.0014378685Val Loss: 0.0013548639   LR: 1.00e-04
Epoch 1794/2000 Train Loss: 0.0014465755Val Loss: 0.0012082036   LR: 1.00e-04
Epoch 1795/2000 Train Loss: 0.0016282534Val Loss: 0.0013324499   LR: 1.00e-04
Epoch 1796/2000 Train Loss: 0.0014416051Val Loss: 0.0015841666   LR: 1.00e-04
Epoch 1797/2000 Train Loss: 0.0016343286Val Loss: 0.0013085484   LR: 1.00e-04
Epoch 1798/2000 Train Loss: 0.0013998489Val Loss: 0.0012487633   LR: 1.00e-04
Epoch 1799/2000 Train Loss: 0.0015913781Val Loss: 0.0016541194   LR: 1.00e-04
Epoch 1800/2000 Train Loss: 0.0017184157Val Loss: 0.0013396611   LR: 1.00e-04
Epoch 1801/2000 Train Loss: 0.0014967858Val Loss: 0.0012427208   LR: 1.00e-04
Epoch 1802/2000 Train Loss: 0.0015724698Val Loss: 0.0013835957   LR: 1.00e-04
Epoch 1803/2000 Train Loss: 0.0014990837Val Loss: 0.0012468866   LR: 1.00e-04
Epoch 1804/2000 Train Loss: 0.0018567841Val Loss: 0.0014697870   LR: 1.00e-04
Epoch 1805/2000 Train Loss: 0.0014374738Val Loss: 0.0013876830   LR: 1.00e-04
Epoch 1806/2000 Train Loss: 0.0016213958Val Loss: 0.0011788342   LR: 1.00e-04
Epoch 1807/2000 Train Loss: 0.0015503388Val Loss: 0.0012228679   LR: 1.00e-04
Epoch 1808/2000 Train Loss: 0.0015810640Val Loss: 0.0012294251   LR: 1.00e-04
Epoch 1809/2000 Train Loss: 0.0016204581Val Loss: 0.0012081417   LR: 1.00e-04
Epoch 1810/2000 Train Loss: 0.0016210982Val Loss: 0.0012148881   LR: 1.00e-04
Epoch 1811/2000 Train Loss: 0.0014978139Val Loss: 0.0013301293   LR: 1.00e-04
Epoch 1812/2000 Train Loss: 0.0017794044Val Loss: 0.0012113620   LR: 1.00e-04
Epoch 1813/2000 Train Loss: 0.0016736981Val Loss: 0.0014275756   LR: 1.00e-04
Epoch 1814/2000 Train Loss: 0.0017528399Val Loss: 0.0012652231   LR: 1.00e-04
Epoch 1815/2000 Train Loss: 0.0016475556Val Loss: 0.0012367111   LR: 1.00e-04
Epoch 1816/2000 Train Loss: 0.0017485268Val Loss: 0.0014121779   LR: 1.00e-04
Epoch 1817/2000 Train Loss: 0.0017284003Val Loss: 0.0012174158   LR: 1.00e-04
Epoch 1818/2000 Train Loss: 0.0015381625Val Loss: 0.0012290626   LR: 1.00e-04
Epoch 1819/2000 Train Loss: 0.0017580023Val Loss: 0.0014921112   LR: 1.00e-04
Epoch 1820/2000 Train Loss: 0.0015688550Val Loss: 0.0014487660   LR: 1.00e-04
Epoch 1821/2000 Train Loss: 0.0017171051Val Loss: 0.0012840296   LR: 1.00e-04
Epoch 1822/2000 Train Loss: 0.0015355597Val Loss: 0.0012369246   LR: 1.00e-04
Epoch 1823/2000 Train Loss: 0.0016231913Val Loss: 0.0012849143   LR: 1.00e-04
Epoch 1824/2000 Train Loss: 0.0015911663Val Loss: 0.0012642083   LR: 1.00e-04
Epoch 1825/2000 Train Loss: 0.0014989158Val Loss: 0.0013668585   LR: 1.00e-04
Epoch 1826/2000 Train Loss: 0.0015470595Val Loss: 0.0011763399   LR: 1.00e-04
Epoch 1827/2000 Train Loss: 0.0015199394Val Loss: 0.0012150912   LR: 1.00e-04
Epoch 1828/2000 Train Loss: 0.0017708209Val Loss: 0.0014110681   LR: 1.00e-04
Epoch 1829/2000 Train Loss: 0.0016693809Val Loss: 0.0012654195   LR: 1.00e-04
Epoch 1830/2000 Train Loss: 0.0017079687Val Loss: 0.0015915570   LR: 1.00e-04
Epoch 1831/2000 Train Loss: 0.0016459845Val Loss: 0.0012653185   LR: 1.00e-04
Epoch 1832/2000 Train Loss: 0.0016216503Val Loss: 0.0012418138   LR: 1.00e-04
Epoch 1833/2000 Train Loss: 0.0014983988Val Loss: 0.0013542068   LR: 1.00e-04
Epoch 1834/2000 Train Loss: 0.0016324914Val Loss: 0.0011945389   LR: 1.00e-04
Epoch 1835/2000 Train Loss: 0.0015850180Val Loss: 0.0012607265   LR: 1.00e-04
Epoch 1836/2000 Train Loss: 0.0015388464Val Loss: 0.0012031791   LR: 1.00e-04
Epoch 1837/2000 Train Loss: 0.0016709514Val Loss: 0.0012285897   LR: 1.00e-04
Epoch 1838/2000 Train Loss: 0.0015497033Val Loss: 0.0012086029   LR: 1.00e-04
Epoch 1839/2000 Train Loss: 0.0016788999Val Loss: 0.0011635320   LR: 1.00e-04
Epoch 1840/2000 Train Loss: 0.0017004953Val Loss: 0.0014111984   LR: 1.00e-04
Epoch 1841/2000 Train Loss: 0.0015592435Val Loss: 0.0012060278   LR: 1.00e-04
Epoch 1842/2000 Train Loss: 0.0015699142Val Loss: 0.0014339540   LR: 1.00e-04
Epoch 1843/2000 Train Loss: 0.0016014358Val Loss: 0.0012411271   LR: 1.00e-04
Epoch 1844/2000 Train Loss: 0.0015588824Val Loss: 0.0011899694   LR: 1.00e-04
Epoch 1845/2000 Train Loss: 0.0014980172Val Loss: 0.0013653760   LR: 1.00e-04
Epoch 1846/2000 Train Loss: 0.0015864515Val Loss: 0.0013004831   LR: 1.00e-04
Epoch 1847/2000 Train Loss: 0.0015304392Val Loss: 0.0012074724   LR: 1.00e-04
Epoch 1848/2000 Train Loss: 0.0016434819Val Loss: 0.0013216452   LR: 1.00e-04
Epoch 1849/2000 Train Loss: 0.0015039289Val Loss: 0.0011987741   LR: 1.00e-04
Epoch 1850/2000 Train Loss: 0.0016677743Val Loss: 0.0012775654   LR: 1.00e-04
Epoch 1851/2000 Train Loss: 0.0017857730Val Loss: 0.0012053229   LR: 1.00e-04
Epoch 1852/2000 Train Loss: 0.0017428503Val Loss: 0.0013060205   LR: 1.00e-04
Epoch 1853/2000 Train Loss: 0.0014933661Val Loss: 0.0011585332   LR: 1.00e-04
Epoch 1854/2000 Train Loss: 0.0014754453Val Loss: 0.0012434685   LR: 1.00e-04
Epoch 1855/2000 Train Loss: 0.0019896143Val Loss: 0.0013654644   LR: 1.00e-04
Epoch 1856/2000 Train Loss: 0.0015996136Val Loss: 0.0012484150   LR: 1.00e-04
Epoch 1857/2000 Train Loss: 0.0015022473Val Loss: 0.0012607575   LR: 1.00e-04
Epoch 1858/2000 Train Loss: 0.0016209653Val Loss: 0.0012806345   LR: 1.00e-04
Epoch 1859/2000 Train Loss: 0.0015194179Val Loss: 0.0011969663   LR: 1.00e-04
Epoch 1860/2000 Train Loss: 0.0015003182Val Loss: 0.0013007740   LR: 1.00e-04
Epoch 1861/2000 Train Loss: 0.0016149333Val Loss: 0.0013382661   LR: 1.00e-04
Epoch 1862/2000 Train Loss: 0.0015054711Val Loss: 0.0012449594   LR: 1.00e-04
Epoch 1863/2000 Train Loss: 0.0015021279Val Loss: 0.0012052645   LR: 1.00e-04
Epoch 1864/2000 Train Loss: 0.0015242765Val Loss: 0.0012195986   LR: 1.00e-04
Epoch 1865/2000 Train Loss: 0.0015724649Val Loss: 0.0013775582   LR: 1.00e-04
Epoch 1866/2000 Train Loss: 0.0015851108Val Loss: 0.0012859195   LR: 1.00e-04
Epoch 1867/2000 Train Loss: 0.0017305849Val Loss: 0.0017475390   LR: 1.00e-04
Epoch 1868/2000 Train Loss: 0.0017070435Val Loss: 0.0012552953   LR: 1.00e-04
Epoch 1869/2000 Train Loss: 0.0015194659Val Loss: 0.0012546841   LR: 1.00e-04
Epoch 1870/2000 Train Loss: 0.0015958797Val Loss: 0.0012728179   LR: 1.00e-04
Epoch 1871/2000 Train Loss: 0.0016098078Val Loss: 0.0013092986   LR: 1.00e-04
Epoch 1872/2000 Train Loss: 0.0014386486Val Loss: 0.0012924072   LR: 1.00e-04
Epoch 1873/2000 Train Loss: 0.0016330539Val Loss: 0.0012393926   LR: 1.00e-04
Epoch 1874/2000 Train Loss: 0.0014702626Val Loss: 0.0012628516   LR: 1.00e-04
Epoch 1875/2000 Train Loss: 0.0015809806Val Loss: 0.0012464497   LR: 1.00e-04
Epoch 1876/2000 Train Loss: 0.0016568864Val Loss: 0.0012824025   LR: 1.00e-04
Epoch 1877/2000 Train Loss: 0.0016908784Val Loss: 0.0013701471   LR: 1.00e-04
Epoch 1878/2000 Train Loss: 0.0014961806Val Loss: 0.0012098606   LR: 1.00e-04
Epoch 1879/2000 Train Loss: 0.0015841178Val Loss: 0.0013209170   LR: 1.00e-04
Epoch 1880/2000 Train Loss: 0.0015538523Val Loss: 0.0013460327   LR: 1.00e-04
Epoch 1881/2000 Train Loss: 0.0016474587Val Loss: 0.0012962858   LR: 1.00e-04
Epoch 1882/2000 Train Loss: 0.0016950429Val Loss: 0.0013006393   LR: 1.00e-04
Epoch 1883/2000 Train Loss: 0.0014452557Val Loss: 0.0012095444   LR: 1.00e-04
Epoch 1884/2000 Train Loss: 0.0015354331Val Loss: 0.0011895704   LR: 1.00e-04
Epoch 1885/2000 Train Loss: 0.0016425211Val Loss: 0.0011647108   LR: 1.00e-04
Epoch 1886/2000 Train Loss: 0.0014389523Val Loss: 0.0013105044   LR: 1.00e-04
Epoch 1887/2000 Train Loss: 0.0015480227Val Loss: 0.0013219021   LR: 1.00e-04
Epoch 1888/2000 Train Loss: 0.0014813602Val Loss: 0.0015724274   LR: 1.00e-04
Epoch 1889/2000 Train Loss: 0.0017237247Val Loss: 0.0013594458   LR: 1.00e-04
Epoch 1890/2000 Train Loss: 0.0016024949Val Loss: 0.0012384916   LR: 1.00e-04
Epoch 1891/2000 Train Loss: 0.0016061085Val Loss: 0.0014456386   LR: 1.00e-04
Epoch 1892/2000 Train Loss: 0.0014402568Val Loss: 0.0013606290   LR: 1.00e-04
Epoch 1893/2000 Train Loss: 0.0014574789Val Loss: 0.0012710234   LR: 1.00e-04
Epoch 1894/2000 Train Loss: 0.0015181438Val Loss: 0.0011857127   LR: 1.00e-04
Epoch 1895/2000 Train Loss: 0.0013824511Val Loss: 0.0012883135   LR: 1.00e-04
Epoch 1896/2000 Train Loss: 0.0015612077Val Loss: 0.0012452265   LR: 1.00e-04
Epoch 1897/2000 Train Loss: 0.0016935169Val Loss: 0.0013261736   LR: 1.00e-04
Epoch 1898/2000 Train Loss: 0.0016231860Val Loss: 0.0012101489   LR: 1.00e-04
Epoch 1899/2000 Train Loss: 0.0016718677Val Loss: 0.0013613453   LR: 1.00e-04
Epoch 1900/2000 Train Loss: 0.0015741000Val Loss: 0.0012722922   LR: 1.00e-04
Epoch 1901/2000 Train Loss: 0.0016176068Val Loss: 0.0013108133   LR: 1.00e-04
Epoch 1902/2000 Train Loss: 0.0016779107Val Loss: 0.0012199635   LR: 1.00e-04
Epoch 1903/2000 Train Loss: 0.0017850149Val Loss: 0.0011882065   LR: 1.00e-04
Epoch 1904/2000 Train Loss: 0.0014981089Val Loss: 0.0014015177   LR: 1.00e-04
Epoch 1905/2000 Train Loss: 0.0015887769Val Loss: 0.0013434760   LR: 1.00e-04
Epoch 1906/2000 Train Loss: 0.0015413057Val Loss: 0.0011833573   LR: 1.00e-04
Epoch 1907/2000 Train Loss: 0.0015873884Val Loss: 0.0014406861   LR: 1.00e-04
Epoch 1908/2000 Train Loss: 0.0015952768Val Loss: 0.0012312285   LR: 1.00e-04
Epoch 1909/2000 Train Loss: 0.0015890083Val Loss: 0.0012286577   LR: 1.00e-04
Epoch 1910/2000 Train Loss: 0.0015058481Val Loss: 0.0013389762   LR: 1.00e-04
Epoch 1911/2000 Train Loss: 0.0014484667Val Loss: 0.0012255210   LR: 1.00e-04
Epoch 1912/2000 Train Loss: 0.0016306032Val Loss: 0.0012634387   LR: 1.00e-04
Epoch 1913/2000 Train Loss: 0.0016300590Val Loss: 0.0017611092   LR: 1.00e-04
Epoch 1914/2000 Train Loss: 0.0015351426Val Loss: 0.0017291788   LR: 1.00e-04
Epoch 1915/2000 Train Loss: 0.0018510898Val Loss: 0.0012317597   LR: 1.00e-04
Epoch 1916/2000 Train Loss: 0.0015479667Val Loss: 0.0012332798   LR: 1.00e-04
Epoch 1917/2000 Train Loss: 0.0017172644Val Loss: 0.0013243600   LR: 1.00e-04
Epoch 1918/2000 Train Loss: 0.0016929517Val Loss: 0.0018134739   LR: 1.00e-04
Epoch 1919/2000 Train Loss: 0.0015645128Val Loss: 0.0011938726   LR: 1.00e-04
Epoch 1920/2000 Train Loss: 0.0015487506Val Loss: 0.0012030464   LR: 1.00e-04
Epoch 1921/2000 Train Loss: 0.0015851437Val Loss: 0.0012536725   LR: 1.00e-04
Epoch 1922/2000 Train Loss: 0.0014646302Val Loss: 0.0012538013   LR: 1.00e-04
Epoch 1923/2000 Train Loss: 0.0015636494Val Loss: 0.0013129948   LR: 1.00e-04
Epoch 1924/2000 Train Loss: 0.0017000997Val Loss: 0.0013805587   LR: 1.00e-04
Epoch 1925/2000 Train Loss: 0.0016962027Val Loss: 0.0012842230   LR: 1.00e-04
Epoch 1926/2000 Train Loss: 0.0014834234Val Loss: 0.0014572009   LR: 1.00e-04
Epoch 1927/2000 Train Loss: 0.0017707486Val Loss: 0.0012198536   LR: 1.00e-04
Epoch 1928/2000 Train Loss: 0.0014526863Val Loss: 0.0011968036   LR: 1.00e-04
Epoch 1929/2000 Train Loss: 0.0016062315Val Loss: 0.0011333760   LR: 1.00e-04
Epoch 1930/2000 Train Loss: 0.0015570999Val Loss: 0.0011818409   LR: 1.00e-04
Epoch 1931/2000 Train Loss: 0.0015199822Val Loss: 0.0012367459   LR: 1.00e-04
Epoch 1932/2000 Train Loss: 0.0016781465Val Loss: 0.0013981926   LR: 1.00e-04
Epoch 1933/2000 Train Loss: 0.0015911256Val Loss: 0.0012498803   LR: 1.00e-04
Epoch 1934/2000 Train Loss: 0.0014977405Val Loss: 0.0012842231   LR: 1.00e-04
Epoch 1935/2000 Train Loss: 0.0016894456Val Loss: 0.0011738560   LR: 1.00e-04
Epoch 1936/2000 Train Loss: 0.0016111841Val Loss: 0.0013641164   LR: 1.00e-04
Epoch 1937/2000 Train Loss: 0.0015312461Val Loss: 0.0012294345   LR: 1.00e-04
Epoch 1938/2000 Train Loss: 0.0015293070Val Loss: 0.0012682874   LR: 1.00e-04
Epoch 1939/2000 Train Loss: 0.0014525762Val Loss: 0.0012591940   LR: 1.00e-04
Epoch 1940/2000 Train Loss: 0.0015065839Val Loss: 0.0012697847   LR: 1.00e-04
Epoch 1941/2000 Train Loss: 0.0015921819Val Loss: 0.0013519717   LR: 1.00e-04
Epoch 1942/2000 Train Loss: 0.0017898158Val Loss: 0.0012630276   LR: 1.00e-04
Epoch 1943/2000 Train Loss: 0.0015409174Val Loss: 0.0012290255   LR: 1.00e-04
Epoch 1944/2000 Train Loss: 0.0013783959Val Loss: 0.0011729280   LR: 1.00e-04
Epoch 1945/2000 Train Loss: 0.0015964347Val Loss: 0.0012041928   LR: 1.00e-04
Epoch 1946/2000 Train Loss: 0.0015623238Val Loss: 0.0012440970   LR: 1.00e-04
Epoch 1947/2000 Train Loss: 0.0016073858Val Loss: 0.0013120292   LR: 1.00e-04
Epoch 1948/2000 Train Loss: 0.0014018293Val Loss: 0.0013842341   LR: 1.00e-04
Epoch 1949/2000 Train Loss: 0.0015157491Val Loss: 0.0013128847   LR: 1.00e-04
Epoch 1950/2000 Train Loss: 0.0015064390Val Loss: 0.0012558221   LR: 1.00e-04
Epoch 1951/2000 Train Loss: 0.0014407960Val Loss: 0.0013988920   LR: 1.00e-04
Epoch 1952/2000 Train Loss: 0.0014050450Val Loss: 0.0012063441   LR: 1.00e-04
Epoch 1953/2000 Train Loss: 0.0013879940Val Loss: 0.0012723242   LR: 1.00e-04
Epoch 1954/2000 Train Loss: 0.0017465043Val Loss: 0.0012054688   LR: 1.00e-04
Epoch 1955/2000 Train Loss: 0.0015702251Val Loss: 0.0012159969   LR: 1.00e-04
Epoch 1956/2000 Train Loss: 0.0015664567Val Loss: 0.0012295765   LR: 1.00e-04
Epoch 1957/2000 Train Loss: 0.0016604961Val Loss: 0.0013868898   LR: 1.00e-04
Epoch 1958/2000 Train Loss: 0.0015667486Val Loss: 0.0012793730   LR: 1.00e-04
Epoch 1959/2000 Train Loss: 0.0015571755Val Loss: 0.0012608576   LR: 1.00e-04
Epoch 1960/2000 Train Loss: 0.0016201302Val Loss: 0.0012617767   LR: 1.00e-04
Epoch 1961/2000 Train Loss: 0.0016180724Val Loss: 0.0012274111   LR: 1.00e-04
Epoch 1962/2000 Train Loss: 0.0014477309Val Loss: 0.0014304907   LR: 1.00e-04
Epoch 1963/2000 Train Loss: 0.0016087953Val Loss: 0.0012766021   LR: 1.00e-04
Epoch 1964/2000 Train Loss: 0.0015761203Val Loss: 0.0011823836   LR: 1.00e-04
Epoch 1965/2000 Train Loss: 0.0015258107Val Loss: 0.0012941234   LR: 1.00e-04
Epoch 1966/2000 Train Loss: 0.0015795364Val Loss: 0.0012279741   LR: 1.00e-04
Epoch 1967/2000 Train Loss: 0.0015849699Val Loss: 0.0013512830   LR: 1.00e-04
Epoch 1968/2000 Train Loss: 0.0014840601Val Loss: 0.0014169197   LR: 1.00e-04
Epoch 1969/2000 Train Loss: 0.0015064704Val Loss: 0.0011680715   LR: 1.00e-04
Epoch 1970/2000 Train Loss: 0.0016503023Val Loss: 0.0012884656   LR: 1.00e-04
Epoch 1971/2000 Train Loss: 0.0016620251Val Loss: 0.0012996840   LR: 1.00e-04
Epoch 1972/2000 Train Loss: 0.0017784385Val Loss: 0.0012834769   LR: 1.00e-04
Epoch 1973/2000 Train Loss: 0.0015813800Val Loss: 0.0012038847   LR: 1.00e-04
Epoch 1974/2000 Train Loss: 0.0015499439Val Loss: 0.0012191151   LR: 1.00e-04
Epoch 1975/2000 Train Loss: 0.0015754761Val Loss: 0.0012179758   LR: 1.00e-04
Epoch 1976/2000 Train Loss: 0.0014669649Val Loss: 0.0014324167   LR: 1.00e-04
Epoch 1977/2000 Train Loss: 0.0014600981Val Loss: 0.0012262238   LR: 1.00e-04
Epoch 1978/2000 Train Loss: 0.0018287297Val Loss: 0.0012547695   LR: 1.00e-04
Epoch 1979/2000 Train Loss: 0.0014426608Val Loss: 0.0012169247   LR: 1.00e-04
Epoch 1980/2000 Train Loss: 0.0015665559Val Loss: 0.0012313812   LR: 1.00e-04
Epoch 1981/2000 Train Loss: 0.0014817829Val Loss: 0.0012440763   LR: 1.00e-04
Epoch 1982/2000 Train Loss: 0.0015942631Val Loss: 0.0012805144   LR: 1.00e-04
Epoch 1983/2000 Train Loss: 0.0014652884Val Loss: 0.0013904120   LR: 1.00e-04
Epoch 1984/2000 Train Loss: 0.0015215863Val Loss: 0.0012698082   LR: 1.00e-04
Epoch 1985/2000 Train Loss: 0.0014677563Val Loss: 0.0012590170   LR: 1.00e-04
Epoch 1986/2000 Train Loss: 0.0015154342Val Loss: 0.0011800351   LR: 1.00e-04
Epoch 1987/2000 Train Loss: 0.0014541062Val Loss: 0.0013130435   LR: 1.00e-04
Epoch 1988/2000 Train Loss: 0.0016495067Val Loss: 0.0016105193   LR: 1.00e-04
Epoch 1989/2000 Train Loss: 0.0015740812Val Loss: 0.0012059016   LR: 1.00e-04
Epoch 1990/2000 Train Loss: 0.0015339820Val Loss: 0.0012291329   LR: 1.00e-04
Epoch 1991/2000 Train Loss: 0.0014351705Val Loss: 0.0012956294   LR: 1.00e-04
Epoch 1992/2000 Train Loss: 0.0016918925Val Loss: 0.0012487795   LR: 1.00e-04
Epoch 1993/2000 Train Loss: 0.0015181075Val Loss: 0.0012781177   LR: 1.00e-04
Epoch 1994/2000 Train Loss: 0.0016344570Val Loss: 0.0011964606   LR: 1.00e-04
Epoch 1995/2000 Train Loss: 0.0014978915Val Loss: 0.0014009989   LR: 1.00e-04
Epoch 1996/2000 Train Loss: 0.0017536599Val Loss: 0.0015011268   LR: 1.00e-04
Epoch 1997/2000 Train Loss: 0.0016351657Val Loss: 0.0015747001   LR: 1.00e-04
Epoch 1998/2000 Train Loss: 0.0015264664Val Loss: 0.0011838566   LR: 1.00e-04
Epoch 1999/2000 Train Loss: 0.0014584485Val Loss: 0.0012240693   LR: 1.00e-04
Epoch 2000/2000 Train Loss: 0.0015840087Val Loss: 0.0011961842   LR: 1.00e-04
