cuda
raw_inputs shape: (150000, 8)
outputs shape: (150000,)
inputs shape: (150000, 7)
Epoch  1/2000 Train Loss: 0.2690893908Val Loss: 0.0716495265   LR: 1.00e-04
Epoch  2/2000 Train Loss: 0.0563981155Val Loss: 0.0440426821   LR: 1.00e-04
Epoch  3/2000 Train Loss: 0.0384811975Val Loss: 0.0321653003   LR: 1.00e-04
Epoch  4/2000 Train Loss: 0.0300579857Val Loss: 0.0256569504   LR: 1.00e-04
Epoch  5/2000 Train Loss: 0.0253794080Val Loss: 0.0222778005   LR: 1.00e-04
Epoch  6/2000 Train Loss: 0.0215573421Val Loss: 0.0189791919   LR: 1.00e-04
Epoch  7/2000 Train Loss: 0.0193147762Val Loss: 0.0168237331   LR: 1.00e-04
Epoch  8/2000 Train Loss: 0.0172128713Val Loss: 0.0159831796   LR: 1.00e-04
Epoch  9/2000 Train Loss: 0.0159028854Val Loss: 0.0137837568   LR: 1.00e-04
Epoch 10/2000 Train Loss: 0.0147509962Val Loss: 0.0126929383   LR: 1.00e-04
Epoch 11/2000 Train Loss: 0.0136320590Val Loss: 0.0117597209   LR: 1.00e-04
Epoch 12/2000 Train Loss: 0.0128330877Val Loss: 0.0110656245   LR: 1.00e-04
Epoch 13/2000 Train Loss: 0.0120329870Val Loss: 0.0102436635   LR: 1.00e-04
Epoch 14/2000 Train Loss: 0.0113798502Val Loss: 0.0100018445   LR: 1.00e-04
Epoch 15/2000 Train Loss: 0.0109861071Val Loss: 0.0093869165   LR: 1.00e-04
Epoch 16/2000 Train Loss: 0.0108455723Val Loss: 0.0092599528   LR: 1.00e-04
Epoch 17/2000 Train Loss: 0.0102478695Val Loss: 0.0083839154   LR: 1.00e-04
Epoch 18/2000 Train Loss: 0.0102474154Val Loss: 0.0083225686   LR: 1.00e-04
Epoch 19/2000 Train Loss: 0.0094607634Val Loss: 0.0077051195   LR: 1.00e-04
Epoch 20/2000 Train Loss: 0.0093088522Val Loss: 0.0079462919   LR: 1.00e-04
Epoch 21/2000 Train Loss: 0.0089210509Val Loss: 0.0072326587   LR: 1.00e-04
Epoch 22/2000 Train Loss: 0.0085214309Val Loss: 0.0070660730   LR: 1.00e-04
Epoch 23/2000 Train Loss: 0.0081973640Val Loss: 0.0068119396   LR: 1.00e-04
Epoch 24/2000 Train Loss: 0.0083157745Val Loss: 0.0065089367   LR: 1.00e-04
Epoch 25/2000 Train Loss: 0.0080050732Val Loss: 0.0063033776   LR: 1.00e-04
Epoch 26/2000 Train Loss: 0.0080079725Val Loss: 0.0065344419   LR: 1.00e-04
Epoch 27/2000 Train Loss: 0.0078739216Val Loss: 0.0062400817   LR: 1.00e-04
Epoch 28/2000 Train Loss: 0.0071870301Val Loss: 0.0068278974   LR: 1.00e-04
Epoch 29/2000 Train Loss: 0.0074895382Val Loss: 0.0058143802   LR: 1.00e-04
Epoch 30/2000 Train Loss: 0.0074321687Val Loss: 0.0055629328   LR: 1.00e-04
Epoch 31/2000 Train Loss: 0.0072987222Val Loss: 0.0057154855   LR: 1.00e-04
Epoch 32/2000 Train Loss: 0.0072469357Val Loss: 0.0053746275   LR: 1.00e-04
Epoch 33/2000 Train Loss: 0.0067662138Val Loss: 0.0051599535   LR: 1.00e-04
Epoch 34/2000 Train Loss: 0.0066860438Val Loss: 0.0051625306   LR: 1.00e-04
Epoch 35/2000 Train Loss: 0.0069515765Val Loss: 0.0052608893   LR: 1.00e-04
Epoch 36/2000 Train Loss: 0.0065491837Val Loss: 0.0049404806   LR: 1.00e-04
Epoch 37/2000 Train Loss: 0.0064914160Val Loss: 0.0049320911   LR: 1.00e-04
Epoch 38/2000 Train Loss: 0.0064712932Val Loss: 0.0050809570   LR: 1.00e-04
Epoch 39/2000 Train Loss: 0.0065239324Val Loss: 0.0054294772   LR: 1.00e-04
Epoch 40/2000 Train Loss: 0.0061522391Val Loss: 0.0045011975   LR: 1.00e-04
Epoch 41/2000 Train Loss: 0.0067211700Val Loss: 0.0046012431   LR: 1.00e-04
Epoch 42/2000 Train Loss: 0.0060581026Val Loss: 0.0042864307   LR: 1.00e-04
Epoch 43/2000 Train Loss: 0.0060863898Val Loss: 0.0044159290   LR: 1.00e-04
Epoch 44/2000 Train Loss: 0.0065244851Val Loss: 0.0044853338   LR: 1.00e-04
Epoch 45/2000 Train Loss: 0.0059022749Val Loss: 0.0045522595   LR: 1.00e-04
Epoch 46/2000 Train Loss: 0.0060139016Val Loss: 0.0048051900   LR: 1.00e-04
Epoch 47/2000 Train Loss: 0.0059490753Val Loss: 0.0040999477   LR: 1.00e-04
Epoch 48/2000 Train Loss: 0.0059664401Val Loss: 0.0042976884   LR: 1.00e-04
Epoch 49/2000 Train Loss: 0.0054443215Val Loss: 0.0044624567   LR: 1.00e-04
Epoch 50/2000 Train Loss: 0.0055104930Val Loss: 0.0039265500   LR: 1.00e-04
Epoch 51/2000 Train Loss: 0.0056033165Val Loss: 0.0040784939   LR: 1.00e-04
Epoch 52/2000 Train Loss: 0.0057344798Val Loss: 0.0040635670   LR: 1.00e-04
Epoch 53/2000 Train Loss: 0.0059274608Val Loss: 0.0037073816   LR: 1.00e-04
Epoch 54/2000 Train Loss: 0.0054602977Val Loss: 0.0039873943   LR: 1.00e-04
Epoch 55/2000 Train Loss: 0.0055438248Val Loss: 0.0038114192   LR: 1.00e-04
Epoch 56/2000 Train Loss: 0.0052459904Val Loss: 0.0037994175   LR: 1.00e-04
Epoch 57/2000 Train Loss: 0.0051858064Val Loss: 0.0038382340   LR: 1.00e-04
Epoch 58/2000 Train Loss: 0.0055248544Val Loss: 0.0037352495   LR: 1.00e-04
Epoch 59/2000 Train Loss: 0.0051618293Val Loss: 0.0039950663   LR: 1.00e-04
Epoch 60/2000 Train Loss: 0.0052553106Val Loss: 0.0036085923   LR: 1.00e-04
Epoch 61/2000 Train Loss: 0.0051026326Val Loss: 0.0038168221   LR: 1.00e-04
Epoch 62/2000 Train Loss: 0.0053346054Val Loss: 0.0036098752   LR: 1.00e-04
Epoch 63/2000 Train Loss: 0.0055131082Val Loss: 0.0035450396   LR: 1.00e-04
Epoch 64/2000 Train Loss: 0.0047150061Val Loss: 0.0041461805   LR: 1.00e-04
Epoch 65/2000 Train Loss: 0.0050206443Val Loss: 0.0034838488   LR: 1.00e-04
Epoch 66/2000 Train Loss: 0.0052309930Val Loss: 0.0036473492   LR: 1.00e-04
Epoch 67/2000 Train Loss: 0.0048378379Val Loss: 0.0039029942   LR: 1.00e-04
Epoch 68/2000 Train Loss: 0.0047188003Val Loss: 0.0035302128   LR: 1.00e-04
Epoch 69/2000 Train Loss: 0.0052954003Val Loss: 0.0035592502   LR: 1.00e-04
Epoch 70/2000 Train Loss: 0.0046455507Val Loss: 0.0034976386   LR: 1.00e-04
Epoch 71/2000 Train Loss: 0.0049687063Val Loss: 0.0030797769   LR: 1.00e-04
Epoch 72/2000 Train Loss: 0.0048740975Val Loss: 0.0033662538   LR: 1.00e-04
Epoch 73/2000 Train Loss: 0.0051376734Val Loss: 0.0031781921   LR: 1.00e-04
Epoch 74/2000 Train Loss: 0.0047368399Val Loss: 0.0031933003   LR: 1.00e-04
Epoch 75/2000 Train Loss: 0.0048974679Val Loss: 0.0034107747   LR: 1.00e-04
Epoch 76/2000 Train Loss: 0.0044592281Val Loss: 0.0039964487   LR: 1.00e-04
Epoch 77/2000 Train Loss: 0.0045358672Val Loss: 0.0032176869   LR: 1.00e-04
Epoch 78/2000 Train Loss: 0.0045173735Val Loss: 0.0032554715   LR: 1.00e-04
Epoch 79/2000 Train Loss: 0.0048458866Val Loss: 0.0030696216   LR: 1.00e-04
Epoch 80/2000 Train Loss: 0.0046238342Val Loss: 0.0030939166   LR: 1.00e-04
Epoch 81/2000 Train Loss: 0.0049751153Val Loss: 0.0029072689   LR: 1.00e-04
Epoch 82/2000 Train Loss: 0.0048838202Val Loss: 0.0033629370   LR: 1.00e-04
Epoch 83/2000 Train Loss: 0.0045184829Val Loss: 0.0029884178   LR: 1.00e-04
Epoch 84/2000 Train Loss: 0.0053896528Val Loss: 0.0031787105   LR: 1.00e-04
Epoch 85/2000 Train Loss: 0.0046908760Val Loss: 0.0028472861   LR: 1.00e-04
Epoch 86/2000 Train Loss: 0.0045396742Val Loss: 0.0031083351   LR: 1.00e-04
Epoch 87/2000 Train Loss: 0.0047812653Val Loss: 0.0028864804   LR: 1.00e-04
Epoch 88/2000 Train Loss: 0.0044316912Val Loss: 0.0028955754   LR: 1.00e-04
Epoch 89/2000 Train Loss: 0.0047394146Val Loss: 0.0028736829   LR: 1.00e-04
Epoch 90/2000 Train Loss: 0.0043497014Val Loss: 0.0028765919   LR: 1.00e-04
Epoch 91/2000 Train Loss: 0.0043693745Val Loss: 0.0027220028   LR: 1.00e-04
Epoch 92/2000 Train Loss: 0.0042339944Val Loss: 0.0029108659   LR: 1.00e-04
Epoch 93/2000 Train Loss: 0.0047173965Val Loss: 0.0032131374   LR: 1.00e-04
Epoch 94/2000 Train Loss: 0.0043311813Val Loss: 0.0029630276   LR: 1.00e-04
Epoch 95/2000 Train Loss: 0.0045158079Val Loss: 0.0027053563   LR: 1.00e-04
Epoch 96/2000 Train Loss: 0.0044937025Val Loss: 0.0045422301   LR: 1.00e-04
Epoch 97/2000 Train Loss: 0.0042058787Val Loss: 0.0027844178   LR: 1.00e-04
Epoch 98/2000 Train Loss: 0.0043912775Val Loss: 0.0027779478   LR: 1.00e-04
Epoch 99/2000 Train Loss: 0.0042979555Val Loss: 0.0029815326   LR: 1.00e-04
Epoch 100/2000 Train Loss: 0.0043373813Val Loss: 0.0029385007   LR: 1.00e-04
Epoch 101/2000 Train Loss: 0.0043391747Val Loss: 0.0030505114   LR: 1.00e-04
Epoch 102/2000 Train Loss: 0.0046353148Val Loss: 0.0027950927   LR: 1.00e-04
Epoch 103/2000 Train Loss: 0.0043146107Val Loss: 0.0027062584   LR: 1.00e-04
Epoch 104/2000 Train Loss: 0.0043947218Val Loss: 0.0028790272   LR: 1.00e-04
Epoch 105/2000 Train Loss: 0.0040958905Val Loss: 0.0028396895   LR: 1.00e-04
Epoch 106/2000 Train Loss: 0.0043983661Val Loss: 0.0027977253   LR: 1.00e-04
Epoch 107/2000 Train Loss: 0.0043441807Val Loss: 0.0027147219   LR: 1.00e-04
Epoch 108/2000 Train Loss: 0.0040416600Val Loss: 0.0030630317   LR: 1.00e-04
Epoch 109/2000 Train Loss: 0.0041584207Val Loss: 0.0028212035   LR: 1.00e-04
Epoch 110/2000 Train Loss: 0.0041769933Val Loss: 0.0029564606   LR: 1.00e-04
Epoch 111/2000 Train Loss: 0.0043064559Val Loss: 0.0030237057   LR: 1.00e-04
Epoch 112/2000 Train Loss: 0.0043872767Val Loss: 0.0026689871   LR: 1.00e-04
Epoch 113/2000 Train Loss: 0.0042301368Val Loss: 0.0027031621   LR: 1.00e-04
Epoch 114/2000 Train Loss: 0.0039810428Val Loss: 0.0027578854   LR: 1.00e-04
Epoch 115/2000 Train Loss: 0.0039335929Val Loss: 0.0028030623   LR: 1.00e-04
Epoch 116/2000 Train Loss: 0.0041794407Val Loss: 0.0031350221   LR: 1.00e-04
Epoch 117/2000 Train Loss: 0.0041720665Val Loss: 0.0032336028   LR: 1.00e-04
Epoch 118/2000 Train Loss: 0.0039359954Val Loss: 0.0024984889   LR: 1.00e-04
Epoch 119/2000 Train Loss: 0.0038452615Val Loss: 0.0025539088   LR: 1.00e-04
Epoch 120/2000 Train Loss: 0.0044451018Val Loss: 0.0026942546   LR: 1.00e-04
Epoch 121/2000 Train Loss: 0.0041392329Val Loss: 0.0024702995   LR: 1.00e-04
Epoch 122/2000 Train Loss: 0.0039760186Val Loss: 0.0026757675   LR: 1.00e-04
Epoch 123/2000 Train Loss: 0.0041695775Val Loss: 0.0026523518   LR: 1.00e-04
Epoch 124/2000 Train Loss: 0.0040596766Val Loss: 0.0027424646   LR: 1.00e-04
Epoch 125/2000 Train Loss: 0.0040602444Val Loss: 0.0026613738   LR: 1.00e-04
Epoch 126/2000 Train Loss: 0.0043888227Val Loss: 0.0030693539   LR: 1.00e-04
Epoch 127/2000 Train Loss: 0.0042272324Val Loss: 0.0025205435   LR: 1.00e-04
Epoch 128/2000 Train Loss: 0.0040403442Val Loss: 0.0026506391   LR: 1.00e-04
Epoch 129/2000 Train Loss: 0.0037472861Val Loss: 0.0027168604   LR: 1.00e-04
Epoch 130/2000 Train Loss: 0.0042368407Val Loss: 0.0024260428   LR: 1.00e-04
Epoch 131/2000 Train Loss: 0.0039050691Val Loss: 0.0025617152   LR: 1.00e-04
Epoch 132/2000 Train Loss: 0.0036119706Val Loss: 0.0025464309   LR: 1.00e-04
Epoch 133/2000 Train Loss: 0.0035946353Val Loss: 0.0023823338   LR: 1.00e-04
Epoch 134/2000 Train Loss: 0.0040819324Val Loss: 0.0024435132   LR: 1.00e-04
Epoch 135/2000 Train Loss: 0.0043060740Val Loss: 0.0023655426   LR: 1.00e-04
Epoch 136/2000 Train Loss: 0.0038816042Val Loss: 0.0026953628   LR: 1.00e-04
Epoch 137/2000 Train Loss: 0.0041006144Val Loss: 0.0025997170   LR: 1.00e-04
Epoch 138/2000 Train Loss: 0.0044108257Val Loss: 0.0029068449   LR: 1.00e-04
Epoch 139/2000 Train Loss: 0.0041946688Val Loss: 0.0025342723   LR: 1.00e-04
Epoch 140/2000 Train Loss: 0.0039818406Val Loss: 0.0023376804   LR: 1.00e-04
Epoch 141/2000 Train Loss: 0.0039150946Val Loss: 0.0024847627   LR: 1.00e-04
Epoch 142/2000 Train Loss: 0.0041198394Val Loss: 0.0023481142   LR: 1.00e-04
Epoch 143/2000 Train Loss: 0.0037779520Val Loss: 0.0023035517   LR: 1.00e-04
Epoch 144/2000 Train Loss: 0.0038928051Val Loss: 0.0023301152   LR: 1.00e-04
Epoch 145/2000 Train Loss: 0.0038972042Val Loss: 0.0023635614   LR: 1.00e-04
Epoch 146/2000 Train Loss: 0.0037596529Val Loss: 0.0030332694   LR: 1.00e-04
Epoch 147/2000 Train Loss: 0.0039965024Val Loss: 0.0023814568   LR: 1.00e-04
Epoch 148/2000 Train Loss: 0.0039631430Val Loss: 0.0026968999   LR: 1.00e-04
Epoch 149/2000 Train Loss: 0.0038389481Val Loss: 0.0025512676   LR: 1.00e-04
Epoch 150/2000 Train Loss: 0.0036303034Val Loss: 0.0026897861   LR: 1.00e-04
Epoch 151/2000 Train Loss: 0.0037529418Val Loss: 0.0027345693   LR: 1.00e-04
Epoch 152/2000 Train Loss: 0.0039294400Val Loss: 0.0024394990   LR: 1.00e-04
Epoch 153/2000 Train Loss: 0.0037134321Val Loss: 0.0022711862   LR: 1.00e-04
Epoch 154/2000 Train Loss: 0.0036315400Val Loss: 0.0029022574   LR: 1.00e-04
Epoch 155/2000 Train Loss: 0.0041690790Val Loss: 0.0033361903   LR: 1.00e-04
Epoch 156/2000 Train Loss: 0.0038462914Val Loss: 0.0024348177   LR: 1.00e-04
Epoch 157/2000 Train Loss: 0.0038406669Val Loss: 0.0022896472   LR: 1.00e-04
Epoch 158/2000 Train Loss: 0.0035804959Val Loss: 0.0025087870   LR: 1.00e-04
Epoch 159/2000 Train Loss: 0.0039555150Val Loss: 0.0023394469   LR: 1.00e-04
Epoch 160/2000 Train Loss: 0.0036948090Val Loss: 0.0023249348   LR: 1.00e-04
Epoch 161/2000 Train Loss: 0.0040385858Val Loss: 0.0022523440   LR: 1.00e-04
Epoch 162/2000 Train Loss: 0.0038978706Val Loss: 0.0026487628   LR: 1.00e-04
Epoch 163/2000 Train Loss: 0.0038046301Val Loss: 0.0023512290   LR: 1.00e-04
Epoch 164/2000 Train Loss: 0.0038850239Val Loss: 0.0027315064   LR: 1.00e-04
Epoch 165/2000 Train Loss: 0.0036935701Val Loss: 0.0026192536   LR: 1.00e-04
Epoch 166/2000 Train Loss: 0.0041685978Val Loss: 0.0024493938   LR: 1.00e-04
Epoch 167/2000 Train Loss: 0.0037585946Val Loss: 0.0023040094   LR: 1.00e-04
Epoch 168/2000 Train Loss: 0.0035869270Val Loss: 0.0026362183   LR: 1.00e-04
Epoch 169/2000 Train Loss: 0.0037136555Val Loss: 0.0025439163   LR: 1.00e-04
Epoch 170/2000 Train Loss: 0.0041732885Val Loss: 0.0023943302   LR: 1.00e-04
Epoch 171/2000 Train Loss: 0.0036247991Val Loss: 0.0027528525   LR: 1.00e-04
Epoch 172/2000 Train Loss: 0.0035150277Val Loss: 0.0025575412   LR: 1.00e-04
Epoch 173/2000 Train Loss: 0.0035810395Val Loss: 0.0023780675   LR: 1.00e-04
Epoch 174/2000 Train Loss: 0.0036256331Val Loss: 0.0024790637   LR: 1.00e-04
Epoch 175/2000 Train Loss: 0.0037541356Val Loss: 0.0022126598   LR: 1.00e-04
Epoch 176/2000 Train Loss: 0.0034433107Val Loss: 0.0021608631   LR: 1.00e-04
Epoch 177/2000 Train Loss: 0.0033540190Val Loss: 0.0022084829   LR: 1.00e-04
Epoch 178/2000 Train Loss: 0.0035921387Val Loss: 0.0023097930   LR: 1.00e-04
Epoch 179/2000 Train Loss: 0.0037653518Val Loss: 0.0022563232   LR: 1.00e-04
Epoch 180/2000 Train Loss: 0.0037437053Val Loss: 0.0021456544   LR: 1.00e-04
Epoch 181/2000 Train Loss: 0.0034354544Val Loss: 0.0023904321   LR: 1.00e-04
Epoch 182/2000 Train Loss: 0.0034129047Val Loss: 0.0028467927   LR: 1.00e-04
Epoch 183/2000 Train Loss: 0.0034732482Val Loss: 0.0021846459   LR: 1.00e-04
Epoch 184/2000 Train Loss: 0.0036568393Val Loss: 0.0023383390   LR: 1.00e-04
Epoch 185/2000 Train Loss: 0.0035019457Val Loss: 0.0021680994   LR: 1.00e-04
Epoch 186/2000 Train Loss: 0.0035703261Val Loss: 0.0023463233   LR: 1.00e-04
Epoch 187/2000 Train Loss: 0.0033337648Val Loss: 0.0022776434   LR: 1.00e-04
Epoch 188/2000 Train Loss: 0.0034805416Val Loss: 0.0034396097   LR: 1.00e-04
Epoch 189/2000 Train Loss: 0.0034243052Val Loss: 0.0022337623   LR: 1.00e-04
Epoch 190/2000 Train Loss: 0.0035569484Val Loss: 0.0021214861   LR: 1.00e-04
Epoch 191/2000 Train Loss: 0.0035870423Val Loss: 0.0023801085   LR: 1.00e-04
Epoch 192/2000 Train Loss: 0.0033599707Val Loss: 0.0023295437   LR: 1.00e-04
Epoch 193/2000 Train Loss: 0.0037824144Val Loss: 0.0022246408   LR: 1.00e-04
Epoch 194/2000 Train Loss: 0.0034502606Val Loss: 0.0023666066   LR: 1.00e-04
Epoch 195/2000 Train Loss: 0.0038060889Val Loss: 0.0022064153   LR: 1.00e-04
Epoch 196/2000 Train Loss: 0.0036148556Val Loss: 0.0020861204   LR: 1.00e-04
Epoch 197/2000 Train Loss: 0.0036357983Val Loss: 0.0021637348   LR: 1.00e-04
Epoch 198/2000 Train Loss: 0.0031397999Val Loss: 0.0020716749   LR: 1.00e-04
Epoch 199/2000 Train Loss: 0.0037627241Val Loss: 0.0022235574   LR: 1.00e-04
Epoch 200/2000 Train Loss: 0.0036842509Val Loss: 0.0022569514   LR: 1.00e-04
Epoch 201/2000 Train Loss: 0.0034722269Val Loss: 0.0026251431   LR: 1.00e-04
Epoch 202/2000 Train Loss: 0.0035698823Val Loss: 0.0022781350   LR: 1.00e-04
Epoch 203/2000 Train Loss: 0.0034571674Val Loss: 0.0020123738   LR: 1.00e-04
Epoch 204/2000 Train Loss: 0.0032437807Val Loss: 0.0020709992   LR: 1.00e-04
Epoch 205/2000 Train Loss: 0.0034580356Val Loss: 0.0022259305   LR: 1.00e-04
Epoch 206/2000 Train Loss: 0.0032150048Val Loss: 0.0021442606   LR: 1.00e-04
Epoch 207/2000 Train Loss: 0.0032800362Val Loss: 0.0022895010   LR: 1.00e-04
Epoch 208/2000 Train Loss: 0.0035797823Val Loss: 0.0020195155   LR: 1.00e-04
Epoch 209/2000 Train Loss: 0.0035105459Val Loss: 0.0035853581   LR: 1.00e-04
Epoch 210/2000 Train Loss: 0.0033855256Val Loss: 0.0021021808   LR: 1.00e-04
Epoch 211/2000 Train Loss: 0.0035977526Val Loss: 0.0020530480   LR: 1.00e-04
Epoch 212/2000 Train Loss: 0.0035059642Val Loss: 0.0021664793   LR: 1.00e-04
Epoch 213/2000 Train Loss: 0.0036047638Val Loss: 0.0020363278   LR: 1.00e-04
Epoch 214/2000 Train Loss: 0.0034286400Val Loss: 0.0020284988   LR: 1.00e-04
Epoch 215/2000 Train Loss: 0.0032857820Val Loss: 0.0020672364   LR: 1.00e-04
Epoch 216/2000 Train Loss: 0.0034931965Val Loss: 0.0024316646   LR: 1.00e-04
Epoch 217/2000 Train Loss: 0.0035802397Val Loss: 0.0024423841   LR: 1.00e-04
Epoch 218/2000 Train Loss: 0.0037644042Val Loss: 0.0020815818   LR: 1.00e-04
Epoch 219/2000 Train Loss: 0.0032654788Val Loss: 0.0021136939   LR: 1.00e-04
Epoch 220/2000 Train Loss: 0.0031954946Val Loss: 0.0019956780   LR: 1.00e-04
Epoch 221/2000 Train Loss: 0.0033358434Val Loss: 0.0021124570   LR: 1.00e-04
Epoch 222/2000 Train Loss: 0.0035218866Val Loss: 0.0022246031   LR: 1.00e-04
Epoch 223/2000 Train Loss: 0.0030123405Val Loss: 0.0021389047   LR: 1.00e-04
Epoch 224/2000 Train Loss: 0.0038943175Val Loss: 0.0020619308   LR: 1.00e-04
Epoch 225/2000 Train Loss: 0.0031578120Val Loss: 0.0020320011   LR: 1.00e-04
Epoch 226/2000 Train Loss: 0.0032186186Val Loss: 0.0020297327   LR: 1.00e-04
Epoch 227/2000 Train Loss: 0.0031711781Val Loss: 0.0021166913   LR: 1.00e-04
Epoch 228/2000 Train Loss: 0.0032301555Val Loss: 0.0019673392   LR: 1.00e-04
Epoch 229/2000 Train Loss: 0.0035062720Val Loss: 0.0021875010   LR: 1.00e-04
Epoch 230/2000 Train Loss: 0.0034786986Val Loss: 0.0024490428   LR: 1.00e-04
Epoch 231/2000 Train Loss: 0.0032599445Val Loss: 0.0019734202   LR: 1.00e-04
Epoch 232/2000 Train Loss: 0.0033708872Val Loss: 0.0027110313   LR: 1.00e-04
Epoch 233/2000 Train Loss: 0.0034100560Val Loss: 0.0021238133   LR: 1.00e-04
Epoch 234/2000 Train Loss: 0.0033197868Val Loss: 0.0021498996   LR: 1.00e-04
Epoch 235/2000 Train Loss: 0.0036050235Val Loss: 0.0019706799   LR: 1.00e-04
Epoch 236/2000 Train Loss: 0.0036107929Val Loss: 0.0023608738   LR: 1.00e-04
Epoch 237/2000 Train Loss: 0.0032814715Val Loss: 0.0019711022   LR: 1.00e-04
Epoch 238/2000 Train Loss: 0.0033784374Val Loss: 0.0019674235   LR: 1.00e-04
Epoch 239/2000 Train Loss: 0.0031238936Val Loss: 0.0022334745   LR: 1.00e-04
Epoch 240/2000 Train Loss: 0.0032978107Val Loss: 0.0021970790   LR: 1.00e-04
Epoch 241/2000 Train Loss: 0.0036050446Val Loss: 0.0020183040   LR: 1.00e-04
Epoch 242/2000 Train Loss: 0.0030582873Val Loss: 0.0021402754   LR: 1.00e-04
Epoch 243/2000 Train Loss: 0.0035882247Val Loss: 0.0021160890   LR: 1.00e-04
Epoch 244/2000 Train Loss: 0.0033735376Val Loss: 0.0020849024   LR: 1.00e-04
Epoch 245/2000 Train Loss: 0.0033190886Val Loss: 0.0031466692   LR: 1.00e-04
Epoch 246/2000 Train Loss: 0.0030483528Val Loss: 0.0020423279   LR: 1.00e-04
Epoch 247/2000 Train Loss: 0.0034354867Val Loss: 0.0020697712   LR: 1.00e-04
Epoch 248/2000 Train Loss: 0.0033510097Val Loss: 0.0022006863   LR: 1.00e-04
Epoch 249/2000 Train Loss: 0.0031749591Val Loss: 0.0020865737   LR: 1.00e-04
Epoch 250/2000 Train Loss: 0.0035464952Val Loss: 0.0020906638   LR: 1.00e-04
Epoch 251/2000 Train Loss: 0.0031060772Val Loss: 0.0020678565   LR: 1.00e-04
Epoch 252/2000 Train Loss: 0.0032995442Val Loss: 0.0019657903   LR: 1.00e-04
Epoch 253/2000 Train Loss: 0.0035419491Val Loss: 0.0023808002   LR: 1.00e-04
Epoch 254/2000 Train Loss: 0.0032269094Val Loss: 0.0019656935   LR: 1.00e-04
Epoch 255/2000 Train Loss: 0.0034334094Val Loss: 0.0022070183   LR: 1.00e-04
Epoch 256/2000 Train Loss: 0.0032507825Val Loss: 0.0027160245   LR: 1.00e-04
Epoch 257/2000 Train Loss: 0.0031242373Val Loss: 0.0019921953   LR: 1.00e-04
Epoch 258/2000 Train Loss: 0.0029796878Val Loss: 0.0023121576   LR: 1.00e-04
Epoch 259/2000 Train Loss: 0.0032734453Val Loss: 0.0037301492   LR: 1.00e-04
Epoch 260/2000 Train Loss: 0.0036377042Val Loss: 0.0020792886   LR: 1.00e-04
Epoch 261/2000 Train Loss: 0.0033957692Val Loss: 0.0019402106   LR: 1.00e-04
Epoch 262/2000 Train Loss: 0.0031952355Val Loss: 0.0028835665   LR: 1.00e-04
Epoch 263/2000 Train Loss: 0.0032199355Val Loss: 0.0019993758   LR: 1.00e-04
Epoch 264/2000 Train Loss: 0.0032419073Val Loss: 0.0026058418   LR: 1.00e-04
Epoch 265/2000 Train Loss: 0.0031267349Val Loss: 0.0030585617   LR: 1.00e-04
Epoch 266/2000 Train Loss: 0.0034092294Val Loss: 0.0031858585   LR: 1.00e-04
Epoch 267/2000 Train Loss: 0.0032566567Val Loss: 0.0019287498   LR: 1.00e-04
Epoch 268/2000 Train Loss: 0.0029775487Val Loss: 0.0020291532   LR: 1.00e-04
Epoch 269/2000 Train Loss: 0.0031290375Val Loss: 0.0028865421   LR: 1.00e-04
Epoch 270/2000 Train Loss: 0.0033670616Val Loss: 0.0023522886   LR: 1.00e-04
Epoch 271/2000 Train Loss: 0.0032454568Val Loss: 0.0020081150   LR: 1.00e-04
Epoch 272/2000 Train Loss: 0.0030756710Val Loss: 0.0019698477   LR: 1.00e-04
Epoch 273/2000 Train Loss: 0.0034177421Val Loss: 0.0021331865   LR: 1.00e-04
Epoch 274/2000 Train Loss: 0.0032092619Val Loss: 0.0026437929   LR: 1.00e-04
Epoch 275/2000 Train Loss: 0.0033410529Val Loss: 0.0021141831   LR: 1.00e-04
Epoch 276/2000 Train Loss: 0.0030334051Val Loss: 0.0018694143   LR: 1.00e-04
Epoch 277/2000 Train Loss: 0.0032275745Val Loss: 0.0019016449   LR: 1.00e-04
Epoch 278/2000 Train Loss: 0.0028955964Val Loss: 0.0020345461   LR: 1.00e-04
Epoch 279/2000 Train Loss: 0.0032717154Val Loss: 0.0023483617   LR: 1.00e-04
Epoch 280/2000 Train Loss: 0.0035015780Val Loss: 0.0023746991   LR: 1.00e-04
Epoch 281/2000 Train Loss: 0.0034442848Val Loss: 0.0020047823   LR: 1.00e-04
Epoch 282/2000 Train Loss: 0.0030625276Val Loss: 0.0027348779   LR: 1.00e-04
Epoch 283/2000 Train Loss: 0.0031561925Val Loss: 0.0020879587   LR: 1.00e-04
Epoch 284/2000 Train Loss: 0.0035432075Val Loss: 0.0018723737   LR: 1.00e-04
Epoch 285/2000 Train Loss: 0.0033582131Val Loss: 0.0019213372   LR: 1.00e-04
Epoch 286/2000 Train Loss: 0.0032630700Val Loss: 0.0023975533   LR: 1.00e-04
Epoch 287/2000 Train Loss: 0.0032322041Val Loss: 0.0020030275   LR: 1.00e-04
Epoch 288/2000 Train Loss: 0.0035929479Val Loss: 0.0019696729   LR: 1.00e-04
Epoch 289/2000 Train Loss: 0.0030249699Val Loss: 0.0026539451   LR: 1.00e-04
Epoch 290/2000 Train Loss: 0.0032317574Val Loss: 0.0023720981   LR: 1.00e-04
Epoch 291/2000 Train Loss: 0.0030358695Val Loss: 0.0019820042   LR: 1.00e-04
Epoch 292/2000 Train Loss: 0.0030312658Val Loss: 0.0019589643   LR: 1.00e-04
Epoch 293/2000 Train Loss: 0.0032493265Val Loss: 0.0020616921   LR: 1.00e-04
Epoch 294/2000 Train Loss: 0.0031717201Val Loss: 0.0020347572   LR: 1.00e-04
Epoch 295/2000 Train Loss: 0.0034202516Val Loss: 0.0020520876   LR: 1.00e-04
Epoch 296/2000 Train Loss: 0.0033506428Val Loss: 0.0018784325   LR: 1.00e-04
Epoch 297/2000 Train Loss: 0.0031365892Val Loss: 0.0021129856   LR: 1.00e-04
Epoch 298/2000 Train Loss: 0.0032841612Val Loss: 0.0017837552   LR: 1.00e-04
Epoch 299/2000 Train Loss: 0.0034712383Val Loss: 0.0020437807   LR: 1.00e-04
Epoch 300/2000 Train Loss: 0.0032186662Val Loss: 0.0021294501   LR: 1.00e-04
Epoch 301/2000 Train Loss: 0.0031202866Val Loss: 0.0021657734   LR: 1.00e-04
Epoch 302/2000 Train Loss: 0.0034327578Val Loss: 0.0024126085   LR: 1.00e-04
Epoch 303/2000 Train Loss: 0.0031826221Val Loss: 0.0019521376   LR: 1.00e-04
Epoch 304/2000 Train Loss: 0.0032155085Val Loss: 0.0017990329   LR: 1.00e-04
Epoch 305/2000 Train Loss: 0.0032831459Val Loss: 0.0018290309   LR: 1.00e-04
Epoch 306/2000 Train Loss: 0.0030894838Val Loss: 0.0020488530   LR: 1.00e-04
Epoch 307/2000 Train Loss: 0.0030188046Val Loss: 0.0020176827   LR: 1.00e-04
Epoch 308/2000 Train Loss: 0.0030554795Val Loss: 0.0019122259   LR: 1.00e-04
Epoch 309/2000 Train Loss: 0.0033995735Val Loss: 0.0020769596   LR: 1.00e-04
Epoch 310/2000 Train Loss: 0.0031282605Val Loss: 0.0020470013   LR: 1.00e-04
Epoch 311/2000 Train Loss: 0.0030635236Val Loss: 0.0020496267   LR: 1.00e-04
Epoch 312/2000 Train Loss: 0.0032130597Val Loss: 0.0018188487   LR: 1.00e-04
Epoch 313/2000 Train Loss: 0.0029075019Val Loss: 0.0018618664   LR: 1.00e-04
Epoch 314/2000 Train Loss: 0.0029727678Val Loss: 0.0018705774   LR: 1.00e-04
Epoch 315/2000 Train Loss: 0.0032490341Val Loss: 0.0019228911   LR: 1.00e-04
Epoch 316/2000 Train Loss: 0.0029020490Val Loss: 0.0020743024   LR: 1.00e-04
Epoch 317/2000 Train Loss: 0.0027772501Val Loss: 0.0018235990   LR: 1.00e-04
Epoch 318/2000 Train Loss: 0.0032382240Val Loss: 0.0018305063   LR: 1.00e-04
Epoch 319/2000 Train Loss: 0.0032939814Val Loss: 0.0021911013   LR: 1.00e-04
Epoch 320/2000 Train Loss: 0.0031941779Val Loss: 0.0019201998   LR: 1.00e-04
Epoch 321/2000 Train Loss: 0.0034171470Val Loss: 0.0017804078   LR: 1.00e-04
Epoch 322/2000 Train Loss: 0.0029848993Val Loss: 0.0019203579   LR: 1.00e-04
Epoch 323/2000 Train Loss: 0.0031210603Val Loss: 0.0020019519   LR: 1.00e-04
Epoch 324/2000 Train Loss: 0.0032173860Val Loss: 0.0019814524   LR: 1.00e-04
Epoch 325/2000 Train Loss: 0.0032034855Val Loss: 0.0018564250   LR: 1.00e-04
Epoch 326/2000 Train Loss: 0.0029135092Val Loss: 0.0019100267   LR: 1.00e-04
Epoch 327/2000 Train Loss: 0.0032055605Val Loss: 0.0019150806   LR: 1.00e-04
Epoch 328/2000 Train Loss: 0.0032183309Val Loss: 0.0018342295   LR: 1.00e-04
Epoch 329/2000 Train Loss: 0.0032085910Val Loss: 0.0018681603   LR: 1.00e-04
Epoch 330/2000 Train Loss: 0.0032237142Val Loss: 0.0018895553   LR: 1.00e-04
Epoch 331/2000 Train Loss: 0.0030090296Val Loss: 0.0018495072   LR: 1.00e-04
Epoch 332/2000 Train Loss: 0.0031775472Val Loss: 0.0017818425   LR: 1.00e-04
Epoch 333/2000 Train Loss: 0.0029890391Val Loss: 0.0018425184   LR: 1.00e-04
Epoch 334/2000 Train Loss: 0.0031472460Val Loss: 0.0019274472   LR: 1.00e-04
Epoch 335/2000 Train Loss: 0.0029366838Val Loss: 0.0027818183   LR: 1.00e-04
Epoch 336/2000 Train Loss: 0.0034126681Val Loss: 0.0019598050   LR: 1.00e-04
Epoch 337/2000 Train Loss: 0.0031615769Val Loss: 0.0018467833   LR: 1.00e-04
Epoch 338/2000 Train Loss: 0.0031365153Val Loss: 0.0022323968   LR: 1.00e-04
Epoch 339/2000 Train Loss: 0.0032445638Val Loss: 0.0020204692   LR: 1.00e-04
Epoch 340/2000 Train Loss: 0.0031872059Val Loss: 0.0019999085   LR: 1.00e-04
Epoch 341/2000 Train Loss: 0.0033004798Val Loss: 0.0019195636   LR: 1.00e-04
Epoch 342/2000 Train Loss: 0.0031070880Val Loss: 0.0017662109   LR: 1.00e-04
Epoch 343/2000 Train Loss: 0.0030993742Val Loss: 0.0024739332   LR: 1.00e-04
Epoch 344/2000 Train Loss: 0.0035218943Val Loss: 0.0021794571   LR: 1.00e-04
Epoch 345/2000 Train Loss: 0.0030964814Val Loss: 0.0021079542   LR: 1.00e-04
Epoch 346/2000 Train Loss: 0.0030081804Val Loss: 0.0020186346   LR: 1.00e-04
Epoch 347/2000 Train Loss: 0.0032315893Val Loss: 0.0017672760   LR: 1.00e-04
Epoch 348/2000 Train Loss: 0.0032317801Val Loss: 0.0019467404   LR: 1.00e-04
Epoch 349/2000 Train Loss: 0.0027737847Val Loss: 0.0026227446   LR: 1.00e-04
Epoch 350/2000 Train Loss: 0.0033544662Val Loss: 0.0018796670   LR: 1.00e-04
Epoch 351/2000 Train Loss: 0.0030089453Val Loss: 0.0018380143   LR: 1.00e-04
Epoch 352/2000 Train Loss: 0.0028461283Val Loss: 0.0019581768   LR: 1.00e-04
Epoch 353/2000 Train Loss: 0.0029089901Val Loss: 0.0021507903   LR: 1.00e-04
Epoch 354/2000 Train Loss: 0.0030758804Val Loss: 0.0019880441   LR: 1.00e-04
Epoch 355/2000 Train Loss: 0.0033542889Val Loss: 0.0018337857   LR: 1.00e-04
Epoch 356/2000 Train Loss: 0.0031168885Val Loss: 0.0019269574   LR: 1.00e-04
Epoch 357/2000 Train Loss: 0.0029322898Val Loss: 0.0022967599   LR: 1.00e-04
Epoch 358/2000 Train Loss: 0.0029900763Val Loss: 0.0017074818   LR: 1.00e-04
Epoch 359/2000 Train Loss: 0.0031483615Val Loss: 0.0022503701   LR: 1.00e-04
Epoch 360/2000 Train Loss: 0.0030058735Val Loss: 0.0036050827   LR: 1.00e-04
Epoch 361/2000 Train Loss: 0.0028634218Val Loss: 0.0022063494   LR: 1.00e-04
Epoch 362/2000 Train Loss: 0.0030355640Val Loss: 0.0019351760   LR: 1.00e-04
Epoch 363/2000 Train Loss: 0.0030585637Val Loss: 0.0022088255   LR: 1.00e-04
Epoch 364/2000 Train Loss: 0.0029151109Val Loss: 0.0017783738   LR: 1.00e-04
Epoch 365/2000 Train Loss: 0.0027831283Val Loss: 0.0025291245   LR: 1.00e-04
Epoch 366/2000 Train Loss: 0.0033926537Val Loss: 0.0019616494   LR: 1.00e-04
Epoch 367/2000 Train Loss: 0.0027908459Val Loss: 0.0021287385   LR: 1.00e-04
Epoch 368/2000 Train Loss: 0.0029272924Val Loss: 0.0021052322   LR: 1.00e-04
Epoch 369/2000 Train Loss: 0.0033094525Val Loss: 0.0019318336   LR: 1.00e-04
Epoch 370/2000 Train Loss: 0.0030207700Val Loss: 0.0017133639   LR: 1.00e-04
Epoch 371/2000 Train Loss: 0.0029390549Val Loss: 0.0018620778   LR: 1.00e-04
Epoch 372/2000 Train Loss: 0.0028749805Val Loss: 0.0017593692   LR: 1.00e-04
Epoch 373/2000 Train Loss: 0.0032603039Val Loss: 0.0020715729   LR: 1.00e-04
Epoch 374/2000 Train Loss: 0.0030384783Val Loss: 0.0027852946   LR: 1.00e-04
Epoch 375/2000 Train Loss: 0.0027717355Val Loss: 0.0017695620   LR: 1.00e-04
Epoch 376/2000 Train Loss: 0.0030043104Val Loss: 0.0017545864   LR: 1.00e-04
Epoch 377/2000 Train Loss: 0.0031371915Val Loss: 0.0019716791   LR: 1.00e-04
Epoch 378/2000 Train Loss: 0.0032245781Val Loss: 0.0020663621   LR: 1.00e-04
Epoch 379/2000 Train Loss: 0.0030595362Val Loss: 0.0018960680   LR: 1.00e-04
Epoch 380/2000 Train Loss: 0.0028894284Val Loss: 0.0019213668   LR: 1.00e-04
Epoch 381/2000 Train Loss: 0.0029204164Val Loss: 0.0019265870   LR: 1.00e-04
Epoch 382/2000 Train Loss: 0.0028610537Val Loss: 0.0017723039   LR: 1.00e-04
Epoch 383/2000 Train Loss: 0.0027843548Val Loss: 0.0019254462   LR: 1.00e-04
Epoch 384/2000 Train Loss: 0.0031872514Val Loss: 0.0018148789   LR: 1.00e-04
Epoch 385/2000 Train Loss: 0.0030379440Val Loss: 0.0018120359   LR: 1.00e-04
Epoch 386/2000 Train Loss: 0.0028197888Val Loss: 0.0019631524   LR: 1.00e-04
Epoch 387/2000 Train Loss: 0.0026783613Val Loss: 0.0017389569   LR: 1.00e-04
Epoch 388/2000 Train Loss: 0.0029695825Val Loss: 0.0016783766   LR: 1.00e-04
Epoch 389/2000 Train Loss: 0.0030113109Val Loss: 0.0017906166   LR: 1.00e-04
Epoch 390/2000 Train Loss: 0.0030737676Val Loss: 0.0018951802   LR: 1.00e-04
Epoch 391/2000 Train Loss: 0.0027494005Val Loss: 0.0020670022   LR: 1.00e-04
Epoch 392/2000 Train Loss: 0.0028857074Val Loss: 0.0017364644   LR: 1.00e-04
Epoch 393/2000 Train Loss: 0.0029242426Val Loss: 0.0020871249   LR: 1.00e-04
Epoch 394/2000 Train Loss: 0.0029670504Val Loss: 0.0017698428   LR: 1.00e-04
Epoch 395/2000 Train Loss: 0.0029415569Val Loss: 0.0022394739   LR: 1.00e-04
Epoch 396/2000 Train Loss: 0.0037422545Val Loss: 0.0020929620   LR: 1.00e-04
Epoch 397/2000 Train Loss: 0.0027928098Val Loss: 0.0018765845   LR: 1.00e-04
Epoch 398/2000 Train Loss: 0.0027395178Val Loss: 0.0022646532   LR: 1.00e-04
Epoch 399/2000 Train Loss: 0.0030593407Val Loss: 0.0028005778   LR: 1.00e-04
Epoch 400/2000 Train Loss: 0.0031359260Val Loss: 0.0018225969   LR: 1.00e-04
Epoch 401/2000 Train Loss: 0.0027863745Val Loss: 0.0017833796   LR: 1.00e-04
Epoch 402/2000 Train Loss: 0.0031551975Val Loss: 0.0023309962   LR: 1.00e-04
Epoch 403/2000 Train Loss: 0.0030086739Val Loss: 0.0018174512   LR: 1.00e-04
Epoch 404/2000 Train Loss: 0.0028758473Val Loss: 0.0017188794   LR: 1.00e-04
Epoch 405/2000 Train Loss: 0.0031700884Val Loss: 0.0017587253   LR: 1.00e-04
Epoch 406/2000 Train Loss: 0.0028249879Val Loss: 0.0017180464   LR: 1.00e-04
Epoch 407/2000 Train Loss: 0.0029982318Val Loss: 0.0021284618   LR: 1.00e-04
Epoch 408/2000 Train Loss: 0.0031024363Val Loss: 0.0018901340   LR: 1.00e-04
Epoch 409/2000 Train Loss: 0.0032133906Val Loss: 0.0027205321   LR: 1.00e-04
Epoch 410/2000 Train Loss: 0.0030735247Val Loss: 0.0018208646   LR: 1.00e-04
Epoch 411/2000 Train Loss: 0.0028909051Val Loss: 0.0020487578   LR: 1.00e-04
Epoch 412/2000 Train Loss: 0.0031779794Val Loss: 0.0017931514   LR: 1.00e-04
Epoch 413/2000 Train Loss: 0.0030557774Val Loss: 0.0016906555   LR: 1.00e-04
Epoch 414/2000 Train Loss: 0.0029748843Val Loss: 0.0020946582   LR: 1.00e-04
Epoch 415/2000 Train Loss: 0.0029269921Val Loss: 0.0019519197   LR: 1.00e-04
Epoch 416/2000 Train Loss: 0.0029817387Val Loss: 0.0019008056   LR: 1.00e-04
Epoch 417/2000 Train Loss: 0.0026065070Val Loss: 0.0016617390   LR: 1.00e-04
Epoch 418/2000 Train Loss: 0.0030601246Val Loss: 0.0019938984   LR: 1.00e-04
Epoch 419/2000 Train Loss: 0.0029333911Val Loss: 0.0016724661   LR: 1.00e-04
Epoch 420/2000 Train Loss: 0.0030682408Val Loss: 0.0019231619   LR: 1.00e-04
Epoch 421/2000 Train Loss: 0.0027219759Val Loss: 0.0018931258   LR: 1.00e-04
Epoch 422/2000 Train Loss: 0.0028498368Val Loss: 0.0016945509   LR: 1.00e-04
Epoch 423/2000 Train Loss: 0.0029032611Val Loss: 0.0025224788   LR: 1.00e-04
Epoch 424/2000 Train Loss: 0.0028787728Val Loss: 0.0026815741   LR: 1.00e-04
Epoch 425/2000 Train Loss: 0.0028488196Val Loss: 0.0017018190   LR: 1.00e-04
Epoch 426/2000 Train Loss: 0.0029601516Val Loss: 0.0017807719   LR: 1.00e-04
Epoch 427/2000 Train Loss: 0.0029664043Val Loss: 0.0019619798   LR: 1.00e-04
Epoch 428/2000 Train Loss: 0.0032660521Val Loss: 0.0019906135   LR: 1.00e-04
Epoch 429/2000 Train Loss: 0.0028477303Val Loss: 0.0016646262   LR: 1.00e-04
Epoch 430/2000 Train Loss: 0.0029746581Val Loss: 0.0022881981   LR: 1.00e-04
Epoch 431/2000 Train Loss: 0.0031037492Val Loss: 0.0019239066   LR: 1.00e-04
Epoch 432/2000 Train Loss: 0.0026542097Val Loss: 0.0026001724   LR: 1.00e-04
Epoch 433/2000 Train Loss: 0.0027369328Val Loss: 0.0019509332   LR: 1.00e-04
Epoch 434/2000 Train Loss: 0.0029678355Val Loss: 0.0017048264   LR: 1.00e-04
Epoch 435/2000 Train Loss: 0.0028264280Val Loss: 0.0017956360   LR: 1.00e-04
Epoch 436/2000 Train Loss: 0.0030295799Val Loss: 0.0018751927   LR: 1.00e-04
Epoch 437/2000 Train Loss: 0.0032579980Val Loss: 0.0017314976   LR: 1.00e-04
Epoch 438/2000 Train Loss: 0.0027370386Val Loss: 0.0019358299   LR: 1.00e-04
Epoch 439/2000 Train Loss: 0.0030823882Val Loss: 0.0017710943   LR: 1.00e-04
Epoch 440/2000 Train Loss: 0.0027744546Val Loss: 0.0016855839   LR: 1.00e-04
Epoch 441/2000 Train Loss: 0.0027704824Val Loss: 0.0016917605   LR: 1.00e-04
Epoch 442/2000 Train Loss: 0.0030454038Val Loss: 0.0018954658   LR: 1.00e-04
Epoch 443/2000 Train Loss: 0.0031602233Val Loss: 0.0020570069   LR: 1.00e-04
Epoch 444/2000 Train Loss: 0.0029639220Val Loss: 0.0017485405   LR: 1.00e-04
Epoch 445/2000 Train Loss: 0.0028054692Val Loss: 0.0017413168   LR: 1.00e-04
Epoch 446/2000 Train Loss: 0.0028454842Val Loss: 0.0016770703   LR: 1.00e-04
Epoch 447/2000 Train Loss: 0.0030685643Val Loss: 0.0018041360   LR: 1.00e-04
Epoch 448/2000 Train Loss: 0.0031555806Val Loss: 0.0017534080   LR: 1.00e-04
Epoch 449/2000 Train Loss: 0.0029829952Val Loss: 0.0017297775   LR: 1.00e-04
Epoch 450/2000 Train Loss: 0.0029748231Val Loss: 0.0016603618   LR: 1.00e-04
Epoch 451/2000 Train Loss: 0.0024905978Val Loss: 0.0016753857   LR: 1.00e-04
Epoch 452/2000 Train Loss: 0.0026352937Val Loss: 0.0016235930   LR: 1.00e-04
Epoch 453/2000 Train Loss: 0.0029606824Val Loss: 0.0017921284   LR: 1.00e-04
Epoch 454/2000 Train Loss: 0.0030136332Val Loss: 0.0016558414   LR: 1.00e-04
Epoch 455/2000 Train Loss: 0.0030392841Val Loss: 0.0019439231   LR: 1.00e-04
Epoch 456/2000 Train Loss: 0.0028560782Val Loss: 0.0017661746   LR: 1.00e-04
Epoch 457/2000 Train Loss: 0.0033770919Val Loss: 0.0020094825   LR: 1.00e-04
Epoch 458/2000 Train Loss: 0.0029063130Val Loss: 0.0018710404   LR: 1.00e-04
Epoch 459/2000 Train Loss: 0.0029130401Val Loss: 0.0016195099   LR: 1.00e-04
Epoch 460/2000 Train Loss: 0.0027614458Val Loss: 0.0016717911   LR: 1.00e-04
Epoch 461/2000 Train Loss: 0.0026389394Val Loss: 0.0026399508   LR: 1.00e-04
Epoch 462/2000 Train Loss: 0.0028975459Val Loss: 0.0016724702   LR: 1.00e-04
Epoch 463/2000 Train Loss: 0.0030523485Val Loss: 0.0017300862   LR: 1.00e-04
Epoch 464/2000 Train Loss: 0.0027697707Val Loss: 0.0018196532   LR: 1.00e-04
Epoch 465/2000 Train Loss: 0.0029218081Val Loss: 0.0016436605   LR: 1.00e-04
Epoch 466/2000 Train Loss: 0.0027803930Val Loss: 0.0016587059   LR: 1.00e-04
Epoch 467/2000 Train Loss: 0.0030954750Val Loss: 0.0021080409   LR: 1.00e-04
Epoch 468/2000 Train Loss: 0.0027028691Val Loss: 0.0017008898   LR: 1.00e-04
Epoch 469/2000 Train Loss: 0.0030379477Val Loss: 0.0017242072   LR: 1.00e-04
Epoch 470/2000 Train Loss: 0.0030523802Val Loss: 0.0021358307   LR: 1.00e-04
Epoch 471/2000 Train Loss: 0.0033148513Val Loss: 0.0021929760   LR: 1.00e-04
Epoch 472/2000 Train Loss: 0.0028908646Val Loss: 0.0017537681   LR: 1.00e-04
Epoch 473/2000 Train Loss: 0.0026546013Val Loss: 0.0016146381   LR: 1.00e-04
Epoch 474/2000 Train Loss: 0.0024685967Val Loss: 0.0017389753   LR: 1.00e-04
Epoch 475/2000 Train Loss: 0.0028392860Val Loss: 0.0016142538   LR: 1.00e-04
Epoch 476/2000 Train Loss: 0.0027492151Val Loss: 0.0018486266   LR: 1.00e-04
Epoch 477/2000 Train Loss: 0.0025834964Val Loss: 0.0016631177   LR: 1.00e-04
Epoch 478/2000 Train Loss: 0.0031177079Val Loss: 0.0019671051   LR: 1.00e-04
Epoch 479/2000 Train Loss: 0.0026023824Val Loss: 0.0023483493   LR: 1.00e-04
Epoch 480/2000 Train Loss: 0.0025970534Val Loss: 0.0017522203   LR: 1.00e-04
Epoch 481/2000 Train Loss: 0.0027346115Val Loss: 0.0018590631   LR: 1.00e-04
Epoch 482/2000 Train Loss: 0.0027929168Val Loss: 0.0019122605   LR: 1.00e-04
Epoch 483/2000 Train Loss: 0.0027710645Val Loss: 0.0024872750   LR: 1.00e-04
Epoch 484/2000 Train Loss: 0.0026811792Val Loss: 0.0020847228   LR: 1.00e-04
Epoch 485/2000 Train Loss: 0.0030027719Val Loss: 0.0016008531   LR: 1.00e-04
Epoch 486/2000 Train Loss: 0.0029440667Val Loss: 0.0025106364   LR: 1.00e-04
Epoch 487/2000 Train Loss: 0.0027296834Val Loss: 0.0017830005   LR: 1.00e-04
Epoch 488/2000 Train Loss: 0.0028703389Val Loss: 0.0016882908   LR: 1.00e-04
Epoch 489/2000 Train Loss: 0.0029846913Val Loss: 0.0018909833   LR: 1.00e-04
Epoch 490/2000 Train Loss: 0.0028904442Val Loss: 0.0018907737   LR: 1.00e-04
Epoch 491/2000 Train Loss: 0.0028208407Val Loss: 0.0016681042   LR: 1.00e-04
Epoch 492/2000 Train Loss: 0.0028639266Val Loss: 0.0015855554   LR: 1.00e-04
Epoch 493/2000 Train Loss: 0.0029042111Val Loss: 0.0017806992   LR: 1.00e-04
Epoch 494/2000 Train Loss: 0.0027199249Val Loss: 0.0017286768   LR: 1.00e-04
Epoch 495/2000 Train Loss: 0.0026875069Val Loss: 0.0018804959   LR: 1.00e-04
Epoch 496/2000 Train Loss: 0.0029901594Val Loss: 0.0018991029   LR: 1.00e-04
Epoch 497/2000 Train Loss: 0.0029360871Val Loss: 0.0019440630   LR: 1.00e-04
Epoch 498/2000 Train Loss: 0.0027475440Val Loss: 0.0017349263   LR: 1.00e-04
Epoch 499/2000 Train Loss: 0.0026386065Val Loss: 0.0019750248   LR: 1.00e-04
Epoch 500/2000 Train Loss: 0.0027638928Val Loss: 0.0017747968   LR: 1.00e-04
Epoch 501/2000 Train Loss: 0.0031966887Val Loss: 0.0017046878   LR: 1.00e-04
Epoch 502/2000 Train Loss: 0.0029839675Val Loss: 0.0019780082   LR: 1.00e-04
Epoch 503/2000 Train Loss: 0.0029406736Val Loss: 0.0017392291   LR: 1.00e-04
Epoch 504/2000 Train Loss: 0.0027698811Val Loss: 0.0016881292   LR: 1.00e-04
Epoch 505/2000 Train Loss: 0.0030583649Val Loss: 0.0018913945   LR: 1.00e-04
Epoch 506/2000 Train Loss: 0.0029915943Val Loss: 0.0019891411   LR: 1.00e-04
Epoch 507/2000 Train Loss: 0.0029342704Val Loss: 0.0018247102   LR: 1.00e-04
Epoch 508/2000 Train Loss: 0.0027358833Val Loss: 0.0017179883   LR: 1.00e-04
Epoch 509/2000 Train Loss: 0.0026005424Val Loss: 0.0018635715   LR: 1.00e-04
Epoch 510/2000 Train Loss: 0.0030232216Val Loss: 0.0023682601   LR: 1.00e-04
Epoch 511/2000 Train Loss: 0.0028984474Val Loss: 0.0016243954   LR: 1.00e-04
Epoch 512/2000 Train Loss: 0.0025217177Val Loss: 0.0016239485   LR: 1.00e-04
Epoch 513/2000 Train Loss: 0.0029121364Val Loss: 0.0016510687   LR: 1.00e-04
Epoch 514/2000 Train Loss: 0.0026084870Val Loss: 0.0016872121   LR: 1.00e-04
Epoch 515/2000 Train Loss: 0.0027795883Val Loss: 0.0016698835   LR: 1.00e-04
Epoch 516/2000 Train Loss: 0.0026402476Val Loss: 0.0017883388   LR: 1.00e-04
Epoch 517/2000 Train Loss: 0.0024633842Val Loss: 0.0016867962   LR: 1.00e-04
Epoch 518/2000 Train Loss: 0.0026430412Val Loss: 0.0017090560   LR: 1.00e-04
Epoch 519/2000 Train Loss: 0.0030943971Val Loss: 0.0020085031   LR: 1.00e-04
Epoch 520/2000 Train Loss: 0.0027500682Val Loss: 0.0021657153   LR: 1.00e-04
Epoch 521/2000 Train Loss: 0.0028264940Val Loss: 0.0022034367   LR: 1.00e-04
Epoch 522/2000 Train Loss: 0.0030795810Val Loss: 0.0019972187   LR: 1.00e-04
Epoch 523/2000 Train Loss: 0.0027545907Val Loss: 0.0022543481   LR: 1.00e-04
Epoch 524/2000 Train Loss: 0.0026669808Val Loss: 0.0017997845   LR: 1.00e-04
Epoch 525/2000 Train Loss: 0.0024747376Val Loss: 0.0016230365   LR: 1.00e-04
Epoch 526/2000 Train Loss: 0.0028074811Val Loss: 0.0016138294   LR: 1.00e-04
Epoch 527/2000 Train Loss: 0.0029196392Val Loss: 0.0016263048   LR: 1.00e-04
Epoch 528/2000 Train Loss: 0.0028203908Val Loss: 0.0018854984   LR: 1.00e-04
Epoch 529/2000 Train Loss: 0.0029761881Val Loss: 0.0018610000   LR: 1.00e-04
Epoch 530/2000 Train Loss: 0.0029170842Val Loss: 0.0016132840   LR: 1.00e-04
Epoch 531/2000 Train Loss: 0.0026430999Val Loss: 0.0028391213   LR: 1.00e-04
Epoch 532/2000 Train Loss: 0.0027491573Val Loss: 0.0018541576   LR: 1.00e-04
Epoch 533/2000 Train Loss: 0.0026086384Val Loss: 0.0018905785   LR: 1.00e-04
Epoch 534/2000 Train Loss: 0.0029324608Val Loss: 0.0016399365   LR: 1.00e-04
Epoch 535/2000 Train Loss: 0.0030477043Val Loss: 0.0015196484   LR: 1.00e-04
Epoch 536/2000 Train Loss: 0.0029040276Val Loss: 0.0019170566   LR: 1.00e-04
Epoch 537/2000 Train Loss: 0.0028945915Val Loss: 0.0027557422   LR: 1.00e-04
Epoch 538/2000 Train Loss: 0.0025413485Val Loss: 0.0016472822   LR: 1.00e-04
Epoch 539/2000 Train Loss: 0.0027100738Val Loss: 0.0016936299   LR: 1.00e-04
Epoch 540/2000 Train Loss: 0.0027201682Val Loss: 0.0015808814   LR: 1.00e-04
Epoch 541/2000 Train Loss: 0.0030191150Val Loss: 0.0020427727   LR: 1.00e-04
Epoch 542/2000 Train Loss: 0.0025863941Val Loss: 0.0015638543   LR: 1.00e-04
Epoch 543/2000 Train Loss: 0.0025764127Val Loss: 0.0019661959   LR: 1.00e-04
Epoch 544/2000 Train Loss: 0.0027213806Val Loss: 0.0018294871   LR: 1.00e-04
Epoch 545/2000 Train Loss: 0.0028128314Val Loss: 0.0015786149   LR: 1.00e-04
Epoch 546/2000 Train Loss: 0.0026141274Val Loss: 0.0017093094   LR: 1.00e-04
Epoch 547/2000 Train Loss: 0.0024870557Val Loss: 0.0016637649   LR: 1.00e-04
Epoch 548/2000 Train Loss: 0.0028614214Val Loss: 0.0019992632   LR: 1.00e-04
Epoch 549/2000 Train Loss: 0.0025927621Val Loss: 0.0016721977   LR: 1.00e-04
Epoch 550/2000 Train Loss: 0.0030050543Val Loss: 0.0019306311   LR: 1.00e-04
Epoch 551/2000 Train Loss: 0.0027757795Val Loss: 0.0017570217   LR: 1.00e-04
Epoch 552/2000 Train Loss: 0.0028896340Val Loss: 0.0016275085   LR: 1.00e-04
Epoch 553/2000 Train Loss: 0.0032418830Val Loss: 0.0027958124   LR: 1.00e-04
Epoch 554/2000 Train Loss: 0.0026871954Val Loss: 0.0015737985   LR: 1.00e-04
Epoch 555/2000 Train Loss: 0.0027786718Val Loss: 0.0016267390   LR: 1.00e-04
Epoch 556/2000 Train Loss: 0.0026280311Val Loss: 0.0016402252   LR: 1.00e-04
Epoch 557/2000 Train Loss: 0.0025830563Val Loss: 0.0016931643   LR: 1.00e-04
Epoch 558/2000 Train Loss: 0.0029664689Val Loss: 0.0016831984   LR: 1.00e-04
Epoch 559/2000 Train Loss: 0.0028429520Val Loss: 0.0019078582   LR: 1.00e-04
Epoch 560/2000 Train Loss: 0.0026226386Val Loss: 0.0016983482   LR: 1.00e-04
Epoch 561/2000 Train Loss: 0.0027471818Val Loss: 0.0017049917   LR: 1.00e-04
Epoch 562/2000 Train Loss: 0.0026950479Val Loss: 0.0015609933   LR: 1.00e-04
Epoch 563/2000 Train Loss: 0.0026271203Val Loss: 0.0022747454   LR: 1.00e-04
Epoch 564/2000 Train Loss: 0.0027289601Val Loss: 0.0016213179   LR: 1.00e-04
Epoch 565/2000 Train Loss: 0.0028637996Val Loss: 0.0016062426   LR: 1.00e-04
Epoch 566/2000 Train Loss: 0.0026088741Val Loss: 0.0015705476   LR: 1.00e-04
Epoch 567/2000 Train Loss: 0.0028721732Val Loss: 0.0017257672   LR: 1.00e-04
Epoch 568/2000 Train Loss: 0.0030141849Val Loss: 0.0016116638   LR: 1.00e-04
Epoch 569/2000 Train Loss: 0.0025686489Val Loss: 0.0016903763   LR: 1.00e-04
Epoch 570/2000 Train Loss: 0.0029079586Val Loss: 0.0020887250   LR: 1.00e-04
Epoch 571/2000 Train Loss: 0.0024761848Val Loss: 0.0016053636   LR: 1.00e-04
Epoch 572/2000 Train Loss: 0.0026913097Val Loss: 0.0017569414   LR: 1.00e-04
Epoch 573/2000 Train Loss: 0.0026746260Val Loss: 0.0015299795   LR: 1.00e-04
Epoch 574/2000 Train Loss: 0.0025542604Val Loss: 0.0017192863   LR: 1.00e-04
Epoch 575/2000 Train Loss: 0.0026989894Val Loss: 0.0021228764   LR: 1.00e-04
Epoch 576/2000 Train Loss: 0.0027311013Val Loss: 0.0016831763   LR: 1.00e-04
Epoch 577/2000 Train Loss: 0.0026805716Val Loss: 0.0015482464   LR: 1.00e-04
Epoch 578/2000 Train Loss: 0.0027761898Val Loss: 0.0016696313   LR: 1.00e-04
Epoch 579/2000 Train Loss: 0.0025852993Val Loss: 0.0016366812   LR: 1.00e-04
Epoch 580/2000 Train Loss: 0.0026421723Val Loss: 0.0019983719   LR: 1.00e-04
Epoch 581/2000 Train Loss: 0.0027603978Val Loss: 0.0015562549   LR: 1.00e-04
Epoch 582/2000 Train Loss: 0.0024586241Val Loss: 0.0016952284   LR: 1.00e-04
Epoch 583/2000 Train Loss: 0.0025719399Val Loss: 0.0016250381   LR: 1.00e-04
Epoch 584/2000 Train Loss: 0.0027325357Val Loss: 0.0016077742   LR: 1.00e-04
Epoch 585/2000 Train Loss: 0.0027205340Val Loss: 0.0016438671   LR: 1.00e-04
Epoch 586/2000 Train Loss: 0.0026716930Val Loss: 0.0025545018   LR: 1.00e-04
Epoch 587/2000 Train Loss: 0.0026954018Val Loss: 0.0025000677   LR: 1.00e-04
Epoch 588/2000 Train Loss: 0.0028195101Val Loss: 0.0017180972   LR: 1.00e-04
Epoch 589/2000 Train Loss: 0.0026540018Val Loss: 0.0016588977   LR: 1.00e-04
Epoch 590/2000 Train Loss: 0.0027485200Val Loss: 0.0023051314   LR: 1.00e-04
Epoch 591/2000 Train Loss: 0.0029375147Val Loss: 0.0016029019   LR: 1.00e-04
Epoch 592/2000 Train Loss: 0.0027325135Val Loss: 0.0016048922   LR: 1.00e-04
Epoch 593/2000 Train Loss: 0.0026653852Val Loss: 0.0016536362   LR: 1.00e-04
Epoch 594/2000 Train Loss: 0.0023683584Val Loss: 0.0016801771   LR: 1.00e-04
Epoch 595/2000 Train Loss: 0.0027089883Val Loss: 0.0018929266   LR: 1.00e-04
Epoch 596/2000 Train Loss: 0.0026084804Val Loss: 0.0017051338   LR: 1.00e-04
Epoch 597/2000 Train Loss: 0.0026120038Val Loss: 0.0015913807   LR: 1.00e-04
Epoch 598/2000 Train Loss: 0.0026394012Val Loss: 0.0017393334   LR: 1.00e-04
Epoch 599/2000 Train Loss: 0.0023655288Val Loss: 0.0016073468   LR: 1.00e-04
Epoch 600/2000 Train Loss: 0.0027027205Val Loss: 0.0021421411   LR: 1.00e-04
Epoch 601/2000 Train Loss: 0.0026656038Val Loss: 0.0017960518   LR: 1.00e-04
Epoch 602/2000 Train Loss: 0.0027743450Val Loss: 0.0015875859   LR: 1.00e-04
Epoch 603/2000 Train Loss: 0.0027504733Val Loss: 0.0015399056   LR: 1.00e-04
Epoch 604/2000 Train Loss: 0.0026662424Val Loss: 0.0018720595   LR: 1.00e-04
Epoch 605/2000 Train Loss: 0.0025739590Val Loss: 0.0015955150   LR: 1.00e-04
Epoch 606/2000 Train Loss: 0.0027919423Val Loss: 0.0016041441   LR: 1.00e-04
Epoch 607/2000 Train Loss: 0.0024970800Val Loss: 0.0017988225   LR: 1.00e-04
Epoch 608/2000 Train Loss: 0.0027606346Val Loss: 0.0019395271   LR: 1.00e-04
Epoch 609/2000 Train Loss: 0.0027553931Val Loss: 0.0019505395   LR: 1.00e-04
Epoch 610/2000 Train Loss: 0.0024954158Val Loss: 0.0019182298   LR: 1.00e-04
Epoch 611/2000 Train Loss: 0.0027375418Val Loss: 0.0019360013   LR: 1.00e-04
Epoch 612/2000 Train Loss: 0.0025591947Val Loss: 0.0016739450   LR: 1.00e-04
Epoch 613/2000 Train Loss: 0.0025606428Val Loss: 0.0015351115   LR: 1.00e-04
Epoch 614/2000 Train Loss: 0.0024911060Val Loss: 0.0016039815   LR: 1.00e-04
Epoch 615/2000 Train Loss: 0.0025240555Val Loss: 0.0016434035   LR: 1.00e-04
Epoch 616/2000 Train Loss: 0.0024080248Val Loss: 0.0016151275   LR: 1.00e-04
Epoch 617/2000 Train Loss: 0.0027728540Val Loss: 0.0015418216   LR: 1.00e-04
Epoch 618/2000 Train Loss: 0.0026012312Val Loss: 0.0015786999   LR: 1.00e-04
Epoch 619/2000 Train Loss: 0.0027027380Val Loss: 0.0015538437   LR: 1.00e-04
Epoch 620/2000 Train Loss: 0.0025824972Val Loss: 0.0015580792   LR: 1.00e-04
Epoch 621/2000 Train Loss: 0.0026349165Val Loss: 0.0017290455   LR: 1.00e-04
Epoch 622/2000 Train Loss: 0.0026993271Val Loss: 0.0015412757   LR: 1.00e-04
Epoch 623/2000 Train Loss: 0.0024328235Val Loss: 0.0015629795   LR: 1.00e-04
Epoch 624/2000 Train Loss: 0.0026963043Val Loss: 0.0017480959   LR: 1.00e-04
Epoch 625/2000 Train Loss: 0.0023753361Val Loss: 0.0019624533   LR: 1.00e-04
Epoch 626/2000 Train Loss: 0.0027842101Val Loss: 0.0019436405   LR: 1.00e-04
Epoch 627/2000 Train Loss: 0.0025081503Val Loss: 0.0016658797   LR: 1.00e-04
Epoch 628/2000 Train Loss: 0.0024947665Val Loss: 0.0015463052   LR: 1.00e-04
Epoch 629/2000 Train Loss: 0.0025427890Val Loss: 0.0015661941   LR: 1.00e-04
Epoch 630/2000 Train Loss: 0.0025969837Val Loss: 0.0020008094   LR: 1.00e-04
Epoch 631/2000 Train Loss: 0.0026425371Val Loss: 0.0018592062   LR: 1.00e-04
Epoch 632/2000 Train Loss: 0.0027317193Val Loss: 0.0016550007   LR: 1.00e-04
Epoch 633/2000 Train Loss: 0.0027653998Val Loss: 0.0016054908   LR: 1.00e-04
Epoch 634/2000 Train Loss: 0.0026859239Val Loss: 0.0017314345   LR: 1.00e-04
Epoch 635/2000 Train Loss: 0.0026933489Val Loss: 0.0017426513   LR: 1.00e-04
Epoch 636/2000 Train Loss: 0.0027003104Val Loss: 0.0018405982   LR: 1.00e-04
Epoch 637/2000 Train Loss: 0.0026886712Val Loss: 0.0018011349   LR: 1.00e-04
Epoch 638/2000 Train Loss: 0.0024248979Val Loss: 0.0015888511   LR: 1.00e-04
Epoch 639/2000 Train Loss: 0.0025775863Val Loss: 0.0017234289   LR: 1.00e-04
Epoch 640/2000 Train Loss: 0.0025370412Val Loss: 0.0024622520   LR: 1.00e-04
Epoch 641/2000 Train Loss: 0.0026525129Val Loss: 0.0015476578   LR: 1.00e-04
Epoch 642/2000 Train Loss: 0.0023237726Val Loss: 0.0016880390   LR: 1.00e-04
Epoch 643/2000 Train Loss: 0.0025782275Val Loss: 0.0017412557   LR: 1.00e-04
Epoch 644/2000 Train Loss: 0.0024404128Val Loss: 0.0015336059   LR: 1.00e-04
Epoch 645/2000 Train Loss: 0.0024463847Val Loss: 0.0018933778   LR: 1.00e-04
Epoch 646/2000 Train Loss: 0.0025495146Val Loss: 0.0022781492   LR: 1.00e-04
Epoch 647/2000 Train Loss: 0.0025844232Val Loss: 0.0016608535   LR: 1.00e-04
Epoch 648/2000 Train Loss: 0.0024185526Val Loss: 0.0025325919   LR: 1.00e-04
Epoch 649/2000 Train Loss: 0.0030009857Val Loss: 0.0015772956   LR: 1.00e-04
Epoch 650/2000 Train Loss: 0.0026098048Val Loss: 0.0024402841   LR: 1.00e-04
Epoch 651/2000 Train Loss: 0.0024680369Val Loss: 0.0017201912   LR: 1.00e-04
Epoch 652/2000 Train Loss: 0.0023759451Val Loss: 0.0018725667   LR: 1.00e-04
Epoch 653/2000 Train Loss: 0.0025732558Val Loss: 0.0015483250   LR: 1.00e-04
Epoch 654/2000 Train Loss: 0.0030571860Val Loss: 0.0016077424   LR: 1.00e-04
Epoch 655/2000 Train Loss: 0.0028783697Val Loss: 0.0017382889   LR: 1.00e-04
Epoch 656/2000 Train Loss: 0.0027371821Val Loss: 0.0016100980   LR: 1.00e-04
Epoch 657/2000 Train Loss: 0.0025867584Val Loss: 0.0017665850   LR: 1.00e-04
Epoch 658/2000 Train Loss: 0.0027057741Val Loss: 0.0015767300   LR: 1.00e-04
Epoch 659/2000 Train Loss: 0.0026603809Val Loss: 0.0015818421   LR: 1.00e-04
Epoch 660/2000 Train Loss: 0.0026047474Val Loss: 0.0016812817   LR: 1.00e-04
Epoch 661/2000 Train Loss: 0.0027778896Val Loss: 0.0015208552   LR: 1.00e-04
Epoch 662/2000 Train Loss: 0.0024269331Val Loss: 0.0027481964   LR: 1.00e-04
Epoch 663/2000 Train Loss: 0.0026147061Val Loss: 0.0017112412   LR: 1.00e-04
Epoch 664/2000 Train Loss: 0.0025000106Val Loss: 0.0028812528   LR: 1.00e-04
Epoch 665/2000 Train Loss: 0.0026404843Val Loss: 0.0022882607   LR: 1.00e-04
Epoch 666/2000 Train Loss: 0.0026101424Val Loss: 0.0015976404   LR: 1.00e-04
Epoch 667/2000 Train Loss: 0.0026839174Val Loss: 0.0015345883   LR: 1.00e-04
Epoch 668/2000 Train Loss: 0.0028675832Val Loss: 0.0015506141   LR: 1.00e-04
Epoch 669/2000 Train Loss: 0.0026436882Val Loss: 0.0015419105   LR: 1.00e-04
Epoch 670/2000 Train Loss: 0.0026405042Val Loss: 0.0015955248   LR: 1.00e-04
Epoch 671/2000 Train Loss: 0.0025911456Val Loss: 0.0017051766   LR: 1.00e-04
Epoch 672/2000 Train Loss: 0.0026092475Val Loss: 0.0016021611   LR: 1.00e-04
Epoch 673/2000 Train Loss: 0.0025644772Val Loss: 0.0015407036   LR: 1.00e-04
Epoch 674/2000 Train Loss: 0.0025830829Val Loss: 0.0017036695   LR: 1.00e-04
Epoch 675/2000 Train Loss: 0.0026618264Val Loss: 0.0014854793   LR: 1.00e-04
Epoch 676/2000 Train Loss: 0.0025666603Val Loss: 0.0019439501   LR: 1.00e-04
Epoch 677/2000 Train Loss: 0.0027725697Val Loss: 0.0015628979   LR: 1.00e-04
Epoch 678/2000 Train Loss: 0.0022440191Val Loss: 0.0018320862   LR: 1.00e-04
Epoch 679/2000 Train Loss: 0.0025740339Val Loss: 0.0034117753   LR: 1.00e-04
Epoch 680/2000 Train Loss: 0.0024697098Val Loss: 0.0015054054   LR: 1.00e-04
Epoch 681/2000 Train Loss: 0.0024714217Val Loss: 0.0015385570   LR: 1.00e-04
Epoch 682/2000 Train Loss: 0.0025865890Val Loss: 0.0017992041   LR: 1.00e-04
Epoch 683/2000 Train Loss: 0.0023858367Val Loss: 0.0015035575   LR: 1.00e-04
Epoch 684/2000 Train Loss: 0.0026173089Val Loss: 0.0021163782   LR: 1.00e-04
Epoch 685/2000 Train Loss: 0.0025168785Val Loss: 0.0025080649   LR: 1.00e-04
Epoch 686/2000 Train Loss: 0.0027683337Val Loss: 0.0015784815   LR: 1.00e-04
Epoch 687/2000 Train Loss: 0.0024307792Val Loss: 0.0015114656   LR: 1.00e-04
Epoch 688/2000 Train Loss: 0.0027833266Val Loss: 0.0019956344   LR: 1.00e-04
Epoch 689/2000 Train Loss: 0.0023564341Val Loss: 0.0017286256   LR: 1.00e-04
Epoch 690/2000 Train Loss: 0.0021850750Val Loss: 0.0014611665   LR: 1.00e-04
Epoch 691/2000 Train Loss: 0.0024196200Val Loss: 0.0019531323   LR: 1.00e-04
Epoch 692/2000 Train Loss: 0.0025464288Val Loss: 0.0015424680   LR: 1.00e-04
Epoch 693/2000 Train Loss: 0.0025808218Val Loss: 0.0017611679   LR: 1.00e-04
Epoch 694/2000 Train Loss: 0.0026696356Val Loss: 0.0015794554   LR: 1.00e-04
Epoch 695/2000 Train Loss: 0.0025251964Val Loss: 0.0015594816   LR: 1.00e-04
Epoch 696/2000 Train Loss: 0.0025628491Val Loss: 0.0018991113   LR: 1.00e-04
Epoch 697/2000 Train Loss: 0.0024284681Val Loss: 0.0016537135   LR: 1.00e-04
Epoch 698/2000 Train Loss: 0.0026026965Val Loss: 0.0018097234   LR: 1.00e-04
Epoch 699/2000 Train Loss: 0.0026623934Val Loss: 0.0015362938   LR: 1.00e-04
Epoch 700/2000 Train Loss: 0.0026768090Val Loss: 0.0017147783   LR: 1.00e-04
Epoch 701/2000 Train Loss: 0.0025517596Val Loss: 0.0037662821   LR: 1.00e-04
Epoch 702/2000 Train Loss: 0.0025874320Val Loss: 0.0020528305   LR: 1.00e-04
Epoch 703/2000 Train Loss: 0.0028128641Val Loss: 0.0020406133   LR: 1.00e-04
Epoch 704/2000 Train Loss: 0.0025285994Val Loss: 0.0015101237   LR: 1.00e-04
Epoch 705/2000 Train Loss: 0.0024269030Val Loss: 0.0018496364   LR: 1.00e-04
Epoch 706/2000 Train Loss: 0.0025907827Val Loss: 0.0016312948   LR: 1.00e-04
Epoch 707/2000 Train Loss: 0.0025774933Val Loss: 0.0015062547   LR: 1.00e-04
Epoch 708/2000 Train Loss: 0.0024471575Val Loss: 0.0016250959   LR: 1.00e-04
Epoch 709/2000 Train Loss: 0.0025474247Val Loss: 0.0016775130   LR: 1.00e-04
Epoch 710/2000 Train Loss: 0.0024701167Val Loss: 0.0016760297   LR: 1.00e-04
Epoch 711/2000 Train Loss: 0.0024979090Val Loss: 0.0014850549   LR: 1.00e-04
Epoch 712/2000 Train Loss: 0.0026388541Val Loss: 0.0014953141   LR: 1.00e-04
Epoch 713/2000 Train Loss: 0.0026949488Val Loss: 0.0014786437   LR: 1.00e-04
Epoch 714/2000 Train Loss: 0.0026752917Val Loss: 0.0015236509   LR: 1.00e-04
Epoch 715/2000 Train Loss: 0.0027314080Val Loss: 0.0014926240   LR: 1.00e-04
Epoch 716/2000 Train Loss: 0.0024880492Val Loss: 0.0016698535   LR: 1.00e-04
Epoch 717/2000 Train Loss: 0.0025351162Val Loss: 0.0015457326   LR: 1.00e-04
Epoch 718/2000 Train Loss: 0.0026083810Val Loss: 0.0018184420   LR: 1.00e-04
Epoch 719/2000 Train Loss: 0.0026542051Val Loss: 0.0016836775   LR: 1.00e-04
Epoch 720/2000 Train Loss: 0.0024725577Val Loss: 0.0014633289   LR: 1.00e-04
Epoch 721/2000 Train Loss: 0.0024023646Val Loss: 0.0016457457   LR: 1.00e-04
Epoch 722/2000 Train Loss: 0.0022678564Val Loss: 0.0016820533   LR: 1.00e-04
Epoch 723/2000 Train Loss: 0.0022142257Val Loss: 0.0014799220   LR: 1.00e-04
Epoch 724/2000 Train Loss: 0.0025073851Val Loss: 0.0022719625   LR: 1.00e-04
Epoch 725/2000 Train Loss: 0.0026050102Val Loss: 0.0028625803   LR: 1.00e-04
Epoch 726/2000 Train Loss: 0.0028814248Val Loss: 0.0015126285   LR: 1.00e-04
Epoch 727/2000 Train Loss: 0.0025375033Val Loss: 0.0020224721   LR: 1.00e-04
Epoch 728/2000 Train Loss: 0.0025488235Val Loss: 0.0023590826   LR: 1.00e-04
Epoch 729/2000 Train Loss: 0.0024711744Val Loss: 0.0014931353   LR: 1.00e-04
Epoch 730/2000 Train Loss: 0.0024164868Val Loss: 0.0015863624   LR: 1.00e-04
Epoch 731/2000 Train Loss: 0.0028004778Val Loss: 0.0017746887   LR: 1.00e-04
Epoch 732/2000 Train Loss: 0.0025680884Val Loss: 0.0019251242   LR: 1.00e-04
Epoch 733/2000 Train Loss: 0.0023301466Val Loss: 0.0016426048   LR: 1.00e-04
Epoch 734/2000 Train Loss: 0.0028299005Val Loss: 0.0014824979   LR: 1.00e-04
Epoch 735/2000 Train Loss: 0.0022975412Val Loss: 0.0015165662   LR: 1.00e-04
Epoch 736/2000 Train Loss: 0.0024913060Val Loss: 0.0015377109   LR: 1.00e-04
Epoch 737/2000 Train Loss: 0.0025439923Val Loss: 0.0015068842   LR: 1.00e-04
Epoch 738/2000 Train Loss: 0.0025785417Val Loss: 0.0016022219   LR: 1.00e-04
Epoch 739/2000 Train Loss: 0.0024008158Val Loss: 0.0022430877   LR: 1.00e-04
Epoch 740/2000 Train Loss: 0.0023870466Val Loss: 0.0014355858   LR: 1.00e-04
Epoch 741/2000 Train Loss: 0.0025156950Val Loss: 0.0015032693   LR: 1.00e-04
Epoch 742/2000 Train Loss: 0.0026652471Val Loss: 0.0014601534   LR: 1.00e-04
Epoch 743/2000 Train Loss: 0.0025890803Val Loss: 0.0015057339   LR: 1.00e-04
Epoch 744/2000 Train Loss: 0.0022955641Val Loss: 0.0014345595   LR: 1.00e-04
Epoch 745/2000 Train Loss: 0.0024005705Val Loss: 0.0017566948   LR: 1.00e-04
Epoch 746/2000 Train Loss: 0.0024610010Val Loss: 0.0018378920   LR: 1.00e-04
Epoch 747/2000 Train Loss: 0.0023472101Val Loss: 0.0015126820   LR: 1.00e-04
Epoch 748/2000 Train Loss: 0.0024386680Val Loss: 0.0018903302   LR: 1.00e-04
Epoch 749/2000 Train Loss: 0.0027027851Val Loss: 0.0026691383   LR: 1.00e-04
Epoch 750/2000 Train Loss: 0.0026666225Val Loss: 0.0023195140   LR: 1.00e-04
Epoch 751/2000 Train Loss: 0.0024363434Val Loss: 0.0019149130   LR: 1.00e-04
Epoch 752/2000 Train Loss: 0.0024596453Val Loss: 0.0016421375   LR: 1.00e-04
Epoch 753/2000 Train Loss: 0.0023071733Val Loss: 0.0020581215   LR: 1.00e-04
Epoch 754/2000 Train Loss: 0.0024135693Val Loss: 0.0017465453   LR: 1.00e-04
Epoch 755/2000 Train Loss: 0.0025220450Val Loss: 0.0017294921   LR: 1.00e-04
Epoch 756/2000 Train Loss: 0.0024072890Val Loss: 0.0017305261   LR: 1.00e-04
Epoch 757/2000 Train Loss: 0.0022553075Val Loss: 0.0014909766   LR: 1.00e-04
Epoch 758/2000 Train Loss: 0.0023084013Val Loss: 0.0015231676   LR: 1.00e-04
Epoch 759/2000 Train Loss: 0.0027071744Val Loss: 0.0017939581   LR: 1.00e-04
Epoch 760/2000 Train Loss: 0.0024332715Val Loss: 0.0015389213   LR: 1.00e-04
Epoch 761/2000 Train Loss: 0.0026153203Val Loss: 0.0018564963   LR: 1.00e-04
Epoch 762/2000 Train Loss: 0.0025725652Val Loss: 0.0019625966   LR: 1.00e-04
Epoch 763/2000 Train Loss: 0.0026676234Val Loss: 0.0018859695   LR: 1.00e-04
Epoch 764/2000 Train Loss: 0.0026189693Val Loss: 0.0015321396   LR: 1.00e-04
Epoch 765/2000 Train Loss: 0.0022774220Val Loss: 0.0018223825   LR: 1.00e-04
Epoch 766/2000 Train Loss: 0.0024895898Val Loss: 0.0017877430   LR: 1.00e-04
Epoch 767/2000 Train Loss: 0.0022166490Val Loss: 0.0015554851   LR: 1.00e-04
Epoch 768/2000 Train Loss: 0.0024387070Val Loss: 0.0015966912   LR: 1.00e-04
Epoch 769/2000 Train Loss: 0.0026279194Val Loss: 0.0016869081   LR: 1.00e-04
Epoch 770/2000 Train Loss: 0.0022511543Val Loss: 0.0015712742   LR: 1.00e-04
Epoch 771/2000 Train Loss: 0.0024286295Val Loss: 0.0022464759   LR: 1.00e-04
Epoch 772/2000 Train Loss: 0.0023214779Val Loss: 0.0014995589   LR: 1.00e-04
Epoch 773/2000 Train Loss: 0.0022694957Val Loss: 0.0014882302   LR: 1.00e-04
Epoch 774/2000 Train Loss: 0.0025954178Val Loss: 0.0016856296   LR: 1.00e-04
Epoch 775/2000 Train Loss: 0.0025451452Val Loss: 0.0014957686   LR: 1.00e-04
Epoch 776/2000 Train Loss: 0.0023459001Val Loss: 0.0016810975   LR: 1.00e-04
Epoch 777/2000 Train Loss: 0.0025144252Val Loss: 0.0014789085   LR: 1.00e-04
Epoch 778/2000 Train Loss: 0.0024493300Val Loss: 0.0015882826   LR: 1.00e-04
Epoch 779/2000 Train Loss: 0.0023590110Val Loss: 0.0015635428   LR: 1.00e-04
Epoch 780/2000 Train Loss: 0.0025600361Val Loss: 0.0016846284   LR: 1.00e-04
Epoch 781/2000 Train Loss: 0.0025541979Val Loss: 0.0014360016   LR: 1.00e-04
Epoch 782/2000 Train Loss: 0.0023683921Val Loss: 0.0016959782   LR: 1.00e-04
Epoch 783/2000 Train Loss: 0.0025125398Val Loss: 0.0018619354   LR: 1.00e-04
Epoch 784/2000 Train Loss: 0.0021539912Val Loss: 0.0017379290   LR: 1.00e-04
Epoch 785/2000 Train Loss: 0.0025585051Val Loss: 0.0016903516   LR: 1.00e-04
Epoch 786/2000 Train Loss: 0.0024700673Val Loss: 0.0017709819   LR: 1.00e-04
Epoch 787/2000 Train Loss: 0.0024307554Val Loss: 0.0018103661   LR: 1.00e-04
Epoch 788/2000 Train Loss: 0.0027811253Val Loss: 0.0015458416   LR: 1.00e-04
Epoch 789/2000 Train Loss: 0.0022709733Val Loss: 0.0018859602   LR: 1.00e-04
Epoch 790/2000 Train Loss: 0.0023918802Val Loss: 0.0015208694   LR: 1.00e-04
Epoch 791/2000 Train Loss: 0.0025102676Val Loss: 0.0030808066   LR: 1.00e-04
Epoch 792/2000 Train Loss: 0.0024816942Val Loss: 0.0016413650   LR: 1.00e-04
Epoch 793/2000 Train Loss: 0.0023683453Val Loss: 0.0020471446   LR: 1.00e-04
Epoch 794/2000 Train Loss: 0.0023693204Val Loss: 0.0015388328   LR: 1.00e-04
Epoch 795/2000 Train Loss: 0.0024486127Val Loss: 0.0024901054   LR: 1.00e-04
Epoch 796/2000 Train Loss: 0.0024193559Val Loss: 0.0014645488   LR: 1.00e-04
Epoch 797/2000 Train Loss: 0.0021808254Val Loss: 0.0014333343   LR: 1.00e-04
Epoch 798/2000 Train Loss: 0.0022444492Val Loss: 0.0015594922   LR: 1.00e-04
Epoch 799/2000 Train Loss: 0.0023054913Val Loss: 0.0016925911   LR: 1.00e-04
Epoch 800/2000 Train Loss: 0.0024913841Val Loss: 0.0014689372   LR: 1.00e-04
Epoch 801/2000 Train Loss: 0.0025384927Val Loss: 0.0015394297   LR: 1.00e-04
Epoch 802/2000 Train Loss: 0.0022857367Val Loss: 0.0019263823   LR: 1.00e-04
Epoch 803/2000 Train Loss: 0.0028882655Val Loss: 0.0015150018   LR: 1.00e-04
Epoch 804/2000 Train Loss: 0.0025084384Val Loss: 0.0015664772   LR: 1.00e-04
Epoch 805/2000 Train Loss: 0.0025926449Val Loss: 0.0020166577   LR: 1.00e-04
Epoch 806/2000 Train Loss: 0.0026001460Val Loss: 0.0018585546   LR: 1.00e-04
Epoch 807/2000 Train Loss: 0.0023714054Val Loss: 0.0014737785   LR: 1.00e-04
Epoch 808/2000 Train Loss: 0.0025536033Val Loss: 0.0017752391   LR: 1.00e-04
Epoch 809/2000 Train Loss: 0.0023569789Val Loss: 0.0015714484   LR: 1.00e-04
Epoch 810/2000 Train Loss: 0.0020155667Val Loss: 0.0018110535   LR: 1.00e-04
Epoch 811/2000 Train Loss: 0.0025928799Val Loss: 0.0018471279   LR: 1.00e-04
Epoch 812/2000 Train Loss: 0.0022799472Val Loss: 0.0015042091   LR: 1.00e-04
Epoch 813/2000 Train Loss: 0.0023707902Val Loss: 0.0014394824   LR: 1.00e-04
Epoch 814/2000 Train Loss: 0.0024061298Val Loss: 0.0015176636   LR: 1.00e-04
Epoch 815/2000 Train Loss: 0.0023799475Val Loss: 0.0022663260   LR: 1.00e-04
Epoch 816/2000 Train Loss: 0.0024000856Val Loss: 0.0014672980   LR: 1.00e-04
Epoch 817/2000 Train Loss: 0.0024339671Val Loss: 0.0016555069   LR: 1.00e-04
Epoch 818/2000 Train Loss: 0.0023743535Val Loss: 0.0015669400   LR: 1.00e-04
Epoch 819/2000 Train Loss: 0.0025495241Val Loss: 0.0019003660   LR: 1.00e-04
Epoch 820/2000 Train Loss: 0.0024371772Val Loss: 0.0015054189   LR: 1.00e-04
Epoch 821/2000 Train Loss: 0.0024027375Val Loss: 0.0017397884   LR: 1.00e-04
Epoch 822/2000 Train Loss: 0.0022387560Val Loss: 0.0014745438   LR: 1.00e-04
Epoch 823/2000 Train Loss: 0.0020939273Val Loss: 0.0014226782   LR: 1.00e-04
Epoch 824/2000 Train Loss: 0.0024595105Val Loss: 0.0015504138   LR: 1.00e-04
Epoch 825/2000 Train Loss: 0.0022620124Val Loss: 0.0015212045   LR: 1.00e-04
Epoch 826/2000 Train Loss: 0.0023860944Val Loss: 0.0014666372   LR: 1.00e-04
Epoch 827/2000 Train Loss: 0.0022954500Val Loss: 0.0014995222   LR: 1.00e-04
Epoch 828/2000 Train Loss: 0.0025125861Val Loss: 0.0016828286   LR: 1.00e-04
Epoch 829/2000 Train Loss: 0.0025378421Val Loss: 0.0014605717   LR: 1.00e-04
Epoch 830/2000 Train Loss: 0.0025194472Val Loss: 0.0017559658   LR: 1.00e-04
Epoch 831/2000 Train Loss: 0.0024679183Val Loss: 0.0016119888   LR: 1.00e-04
Epoch 832/2000 Train Loss: 0.0022688638Val Loss: 0.0016550014   LR: 1.00e-04
Epoch 833/2000 Train Loss: 0.0024758232Val Loss: 0.0016768386   LR: 1.00e-04
Epoch 834/2000 Train Loss: 0.0023082049Val Loss: 0.0014891418   LR: 1.00e-04
Epoch 835/2000 Train Loss: 0.0025416721Val Loss: 0.0015667261   LR: 1.00e-04
Epoch 836/2000 Train Loss: 0.0024513433Val Loss: 0.0017597407   LR: 1.00e-04
Epoch 837/2000 Train Loss: 0.0021989499Val Loss: 0.0016531882   LR: 1.00e-04
Epoch 838/2000 Train Loss: 0.0024035336Val Loss: 0.0021933574   LR: 1.00e-04
Epoch 839/2000 Train Loss: 0.0025660341Val Loss: 0.0018175110   LR: 1.00e-04
Epoch 840/2000 Train Loss: 0.0023846549Val Loss: 0.0020602585   LR: 1.00e-04
Epoch 841/2000 Train Loss: 0.0024987347Val Loss: 0.0014467833   LR: 1.00e-04
Epoch 842/2000 Train Loss: 0.0024328940Val Loss: 0.0015802048   LR: 1.00e-04
Epoch 843/2000 Train Loss: 0.0024040265Val Loss: 0.0016553573   LR: 1.00e-04
Epoch 844/2000 Train Loss: 0.0024570265Val Loss: 0.0016147125   LR: 1.00e-04
Epoch 845/2000 Train Loss: 0.0023249395Val Loss: 0.0015446032   LR: 1.00e-04
Epoch 846/2000 Train Loss: 0.0023925452Val Loss: 0.0019241696   LR: 1.00e-04
Epoch 847/2000 Train Loss: 0.0021741966Val Loss: 0.0015916946   LR: 1.00e-04
Epoch 848/2000 Train Loss: 0.0024532651Val Loss: 0.0016282814   LR: 1.00e-04
Epoch 849/2000 Train Loss: 0.0026272521Val Loss: 0.0019062450   LR: 1.00e-04
Epoch 850/2000 Train Loss: 0.0027062705Val Loss: 0.0019513750   LR: 1.00e-04
Epoch 851/2000 Train Loss: 0.0022377488Val Loss: 0.0015002570   LR: 1.00e-04
Epoch 852/2000 Train Loss: 0.0024922954Val Loss: 0.0014676816   LR: 1.00e-04
Epoch 853/2000 Train Loss: 0.0023643563Val Loss: 0.0020369627   LR: 1.00e-04
Epoch 854/2000 Train Loss: 0.0025054562Val Loss: 0.0016871971   LR: 1.00e-04
Epoch 855/2000 Train Loss: 0.0026476098Val Loss: 0.0033713731   LR: 1.00e-04
Epoch 856/2000 Train Loss: 0.0023960134Val Loss: 0.0014673559   LR: 1.00e-04
Epoch 857/2000 Train Loss: 0.0023665748Val Loss: 0.0015146296   LR: 1.00e-04
Epoch 858/2000 Train Loss: 0.0024549675Val Loss: 0.0017561204   LR: 1.00e-04
Epoch 859/2000 Train Loss: 0.0020298678Val Loss: 0.0016867711   LR: 1.00e-04
Epoch 860/2000 Train Loss: 0.0024245143Val Loss: 0.0014418600   LR: 1.00e-04
Epoch 861/2000 Train Loss: 0.0025279133Val Loss: 0.0014258840   LR: 1.00e-04
Epoch 862/2000 Train Loss: 0.0021701775Val Loss: 0.0016082797   LR: 1.00e-04
Epoch 863/2000 Train Loss: 0.0021994390Val Loss: 0.0015498337   LR: 1.00e-04
Epoch 864/2000 Train Loss: 0.0023076944Val Loss: 0.0014206980   LR: 1.00e-04
Epoch 865/2000 Train Loss: 0.0025534109Val Loss: 0.0015263104   LR: 1.00e-04
Epoch 866/2000 Train Loss: 0.0024698172Val Loss: 0.0015582305   LR: 1.00e-04
Epoch 867/2000 Train Loss: 0.0022781286Val Loss: 0.0015116940   LR: 1.00e-04
Epoch 868/2000 Train Loss: 0.0023711391Val Loss: 0.0015409476   LR: 1.00e-04
Epoch 869/2000 Train Loss: 0.0023634181Val Loss: 0.0028519375   LR: 1.00e-04
Epoch 870/2000 Train Loss: 0.0025112722Val Loss: 0.0015481104   LR: 1.00e-04
Epoch 871/2000 Train Loss: 0.0024836272Val Loss: 0.0016929990   LR: 1.00e-04
Epoch 872/2000 Train Loss: 0.0026001676Val Loss: 0.0015363474   LR: 1.00e-04
Epoch 873/2000 Train Loss: 0.0023756621Val Loss: 0.0014045135   LR: 1.00e-04
Epoch 874/2000 Train Loss: 0.0022148635Val Loss: 0.0019308104   LR: 1.00e-04
Epoch 875/2000 Train Loss: 0.0020473095Val Loss: 0.0014817853   LR: 1.00e-04
Epoch 876/2000 Train Loss: 0.0022687631Val Loss: 0.0015025044   LR: 1.00e-04
Epoch 877/2000 Train Loss: 0.0020975031Val Loss: 0.0014615413   LR: 1.00e-04
Epoch 878/2000 Train Loss: 0.0025175738Val Loss: 0.0019507947   LR: 1.00e-04
Epoch 879/2000 Train Loss: 0.0022315154Val Loss: 0.0015065135   LR: 1.00e-04
Epoch 880/2000 Train Loss: 0.0023062620Val Loss: 0.0015311246   LR: 1.00e-04
Epoch 881/2000 Train Loss: 0.0023823974Val Loss: 0.0014255614   LR: 1.00e-04
Epoch 882/2000 Train Loss: 0.0021358444Val Loss: 0.0014474030   LR: 1.00e-04
Epoch 883/2000 Train Loss: 0.0025016587Val Loss: 0.0016669253   LR: 1.00e-04
Epoch 884/2000 Train Loss: 0.0020003092Val Loss: 0.0021751867   LR: 1.00e-04
Epoch 885/2000 Train Loss: 0.0023127382Val Loss: 0.0014590358   LR: 1.00e-04
Epoch 886/2000 Train Loss: 0.0023320461Val Loss: 0.0015994263   LR: 1.00e-04
Epoch 887/2000 Train Loss: 0.0022541011Val Loss: 0.0015425062   LR: 1.00e-04
Epoch 888/2000 Train Loss: 0.0020671815Val Loss: 0.0014447674   LR: 1.00e-04
Epoch 889/2000 Train Loss: 0.0022289002Val Loss: 0.0015266712   LR: 1.00e-04
Epoch 890/2000 Train Loss: 0.0024076839Val Loss: 0.0017663633   LR: 1.00e-04
Epoch 891/2000 Train Loss: 0.0025572364Val Loss: 0.0016400251   LR: 1.00e-04
Epoch 892/2000 Train Loss: 0.0025147278Val Loss: 0.0016193070   LR: 1.00e-04
Epoch 893/2000 Train Loss: 0.0022828786Val Loss: 0.0015662157   LR: 1.00e-04
Epoch 894/2000 Train Loss: 0.0019523740Val Loss: 0.0018902545   LR: 1.00e-04
Epoch 895/2000 Train Loss: 0.0024661338Val Loss: 0.0015708799   LR: 1.00e-04
Epoch 896/2000 Train Loss: 0.0024538426Val Loss: 0.0015738279   LR: 1.00e-04
Epoch 897/2000 Train Loss: 0.0024128364Val Loss: 0.0016658575   LR: 1.00e-04
Epoch 898/2000 Train Loss: 0.0021325211Val Loss: 0.0014985048   LR: 1.00e-04
Epoch 899/2000 Train Loss: 0.0024655383Val Loss: 0.0014513341   LR: 1.00e-04
Epoch 900/2000 Train Loss: 0.0021753216Val Loss: 0.0015118327   LR: 1.00e-04
Epoch 901/2000 Train Loss: 0.0026154852Val Loss: 0.0015111249   LR: 1.00e-04
Epoch 902/2000 Train Loss: 0.0021053327Val Loss: 0.0015689768   LR: 1.00e-04
Epoch 903/2000 Train Loss: 0.0022731231Val Loss: 0.0018837712   LR: 1.00e-04
Epoch 904/2000 Train Loss: 0.0022806621Val Loss: 0.0015825062   LR: 1.00e-04
Epoch 905/2000 Train Loss: 0.0023278549Val Loss: 0.0014332393   LR: 1.00e-04
Epoch 906/2000 Train Loss: 0.0024142604Val Loss: 0.0016261292   LR: 1.00e-04
Epoch 907/2000 Train Loss: 0.0022711811Val Loss: 0.0016190281   LR: 1.00e-04
Epoch 908/2000 Train Loss: 0.0023141137Val Loss: 0.0017906456   LR: 1.00e-04
Epoch 909/2000 Train Loss: 0.0023401945Val Loss: 0.0019835328   LR: 1.00e-04
Epoch 910/2000 Train Loss: 0.0021052878Val Loss: 0.0017165285   LR: 1.00e-04
Epoch 911/2000 Train Loss: 0.0024411637Val Loss: 0.0014390422   LR: 1.00e-04
Epoch 912/2000 Train Loss: 0.0024580182Val Loss: 0.0015159679   LR: 1.00e-04
Epoch 913/2000 Train Loss: 0.0024601151Val Loss: 0.0015514467   LR: 1.00e-04
Epoch 914/2000 Train Loss: 0.0025083314Val Loss: 0.0017425626   LR: 1.00e-04
Epoch 915/2000 Train Loss: 0.0025529334Val Loss: 0.0015360560   LR: 1.00e-04
Epoch 916/2000 Train Loss: 0.0023502217Val Loss: 0.0015666571   LR: 1.00e-04
Epoch 917/2000 Train Loss: 0.0024920759Val Loss: 0.0013645565   LR: 1.00e-04
Epoch 918/2000 Train Loss: 0.0023587716Val Loss: 0.0019479253   LR: 1.00e-04
Epoch 919/2000 Train Loss: 0.0021139691Val Loss: 0.0026363932   LR: 1.00e-04
Epoch 920/2000 Train Loss: 0.0022618956Val Loss: 0.0014226590   LR: 1.00e-04
Epoch 921/2000 Train Loss: 0.0022403890Val Loss: 0.0013994053   LR: 1.00e-04
Epoch 922/2000 Train Loss: 0.0023165226Val Loss: 0.0013823533   LR: 1.00e-04
Epoch 923/2000 Train Loss: 0.0027699089Val Loss: 0.0017727731   LR: 1.00e-04
Epoch 924/2000 Train Loss: 0.0023451790Val Loss: 0.0014703238   LR: 1.00e-04
Epoch 925/2000 Train Loss: 0.0023862929Val Loss: 0.0014307274   LR: 1.00e-04
Epoch 926/2000 Train Loss: 0.0023253081Val Loss: 0.0017559607   LR: 1.00e-04
Epoch 927/2000 Train Loss: 0.0022654385Val Loss: 0.0015832768   LR: 1.00e-04
Epoch 928/2000 Train Loss: 0.0020832173Val Loss: 0.0014966814   LR: 1.00e-04
Epoch 929/2000 Train Loss: 0.0021686984Val Loss: 0.0013931095   LR: 1.00e-04
Epoch 930/2000 Train Loss: 0.0025030439Val Loss: 0.0022760156   LR: 1.00e-04
Epoch 931/2000 Train Loss: 0.0023620200Val Loss: 0.0015086455   LR: 1.00e-04
Epoch 932/2000 Train Loss: 0.0023736123Val Loss: 0.0019515431   LR: 1.00e-04
Epoch 933/2000 Train Loss: 0.0023539487Val Loss: 0.0015430895   LR: 1.00e-04
Epoch 934/2000 Train Loss: 0.0021676991Val Loss: 0.0015490525   LR: 1.00e-04
Epoch 935/2000 Train Loss: 0.0023105053Val Loss: 0.0014768505   LR: 1.00e-04
Epoch 936/2000 Train Loss: 0.0025182325Val Loss: 0.0026393622   LR: 1.00e-04
Epoch 937/2000 Train Loss: 0.0021442939Val Loss: 0.0017802315   LR: 1.00e-04
Epoch 938/2000 Train Loss: 0.0023791926Val Loss: 0.0014472844   LR: 1.00e-04
Epoch 939/2000 Train Loss: 0.0022495665Val Loss: 0.0023617538   LR: 1.00e-04
Epoch 940/2000 Train Loss: 0.0022933024Val Loss: 0.0015297532   LR: 1.00e-04
Epoch 941/2000 Train Loss: 0.0024769722Val Loss: 0.0014563532   LR: 1.00e-04
Epoch 942/2000 Train Loss: 0.0021787612Val Loss: 0.0014667755   LR: 1.00e-04
Epoch 943/2000 Train Loss: 0.0022139360Val Loss: 0.0015760770   LR: 1.00e-04
Epoch 944/2000 Train Loss: 0.0023732741Val Loss: 0.0015578755   LR: 1.00e-04
Epoch 945/2000 Train Loss: 0.0021072270Val Loss: 0.0017505445   LR: 1.00e-04
Epoch 946/2000 Train Loss: 0.0021129703Val Loss: 0.0016231317   LR: 1.00e-04
Epoch 947/2000 Train Loss: 0.0021161292Val Loss: 0.0014380564   LR: 1.00e-04
Epoch 948/2000 Train Loss: 0.0023208509Val Loss: 0.0017169615   LR: 1.00e-04
Epoch 949/2000 Train Loss: 0.0023438859Val Loss: 0.0013745606   LR: 1.00e-04
Epoch 950/2000 Train Loss: 0.0023836908Val Loss: 0.0014268432   LR: 1.00e-04
Epoch 951/2000 Train Loss: 0.0021660756Val Loss: 0.0014787835   LR: 1.00e-04
Epoch 952/2000 Train Loss: 0.0025295685Val Loss: 0.0014587546   LR: 1.00e-04
Epoch 953/2000 Train Loss: 0.0022179610Val Loss: 0.0016971908   LR: 1.00e-04
Epoch 954/2000 Train Loss: 0.0023003787Val Loss: 0.0015036787   LR: 1.00e-04
Epoch 955/2000 Train Loss: 0.0023264389Val Loss: 0.0017079594   LR: 1.00e-04
Epoch 956/2000 Train Loss: 0.0021961240Val Loss: 0.0014474581   LR: 1.00e-04
Epoch 957/2000 Train Loss: 0.0022710596Val Loss: 0.0014887832   LR: 1.00e-04
Epoch 958/2000 Train Loss: 0.0022354996Val Loss: 0.0015504827   LR: 1.00e-04
Epoch 959/2000 Train Loss: 0.0022010136Val Loss: 0.0014439922   LR: 1.00e-04
Epoch 960/2000 Train Loss: 0.0022855230Val Loss: 0.0020439267   LR: 1.00e-04
Epoch 961/2000 Train Loss: 0.0025071686Val Loss: 0.0021392761   LR: 1.00e-04
Epoch 962/2000 Train Loss: 0.0025829511Val Loss: 0.0014702479   LR: 1.00e-04
Epoch 963/2000 Train Loss: 0.0022429722Val Loss: 0.0015828571   LR: 1.00e-04
Epoch 964/2000 Train Loss: 0.0022498953Val Loss: 0.0014251662   LR: 1.00e-04
Epoch 965/2000 Train Loss: 0.0022314426Val Loss: 0.0014358795   LR: 1.00e-04
Epoch 966/2000 Train Loss: 0.0022160939Val Loss: 0.0014550342   LR: 1.00e-04
Epoch 967/2000 Train Loss: 0.0023444039Val Loss: 0.0016083408   LR: 1.00e-04
Epoch 968/2000 Train Loss: 0.0024130722Val Loss: 0.0017844788   LR: 1.00e-04
Epoch 969/2000 Train Loss: 0.0023510643Val Loss: 0.0014422342   LR: 1.00e-04
Epoch 970/2000 Train Loss: 0.0024507999Val Loss: 0.0016786592   LR: 1.00e-04
Epoch 971/2000 Train Loss: 0.0024000434Val Loss: 0.0016294574   LR: 1.00e-04
Epoch 972/2000 Train Loss: 0.0022817540Val Loss: 0.0013886219   LR: 1.00e-04
Epoch 973/2000 Train Loss: 0.0021642024Val Loss: 0.0017524115   LR: 1.00e-04
Epoch 974/2000 Train Loss: 0.0021637722Val Loss: 0.0014105353   LR: 1.00e-04
Epoch 975/2000 Train Loss: 0.0025288713Val Loss: 0.0017113886   LR: 1.00e-04
Epoch 976/2000 Train Loss: 0.0022379302Val Loss: 0.0014721864   LR: 1.00e-04
Epoch 977/2000 Train Loss: 0.0025416421Val Loss: 0.0014701392   LR: 1.00e-04
Epoch 978/2000 Train Loss: 0.0021528843Val Loss: 0.0015190204   LR: 1.00e-04
Epoch 979/2000 Train Loss: 0.0024843112Val Loss: 0.0014967527   LR: 1.00e-04
Epoch 980/2000 Train Loss: 0.0022468515Val Loss: 0.0014825185   LR: 1.00e-04
Epoch 981/2000 Train Loss: 0.0024187885Val Loss: 0.0014643168   LR: 1.00e-04
Epoch 982/2000 Train Loss: 0.0023288204Val Loss: 0.0014458827   LR: 1.00e-04
Epoch 983/2000 Train Loss: 0.0022378313Val Loss: 0.0014439932   LR: 1.00e-04
Epoch 984/2000 Train Loss: 0.0022930222Val Loss: 0.0016653320   LR: 1.00e-04
Epoch 985/2000 Train Loss: 0.0021983657Val Loss: 0.0015369561   LR: 1.00e-04
Epoch 986/2000 Train Loss: 0.0022177008Val Loss: 0.0013574761   LR: 1.00e-04
Epoch 987/2000 Train Loss: 0.0023048953Val Loss: 0.0014994551   LR: 1.00e-04
Epoch 988/2000 Train Loss: 0.0024174382Val Loss: 0.0015885174   LR: 1.00e-04
Epoch 989/2000 Train Loss: 0.0022611439Val Loss: 0.0018989818   LR: 1.00e-04
Epoch 990/2000 Train Loss: 0.0022927502Val Loss: 0.0015102964   LR: 1.00e-04
Epoch 991/2000 Train Loss: 0.0022645736Val Loss: 0.0015727427   LR: 1.00e-04
Epoch 992/2000 Train Loss: 0.0021895344Val Loss: 0.0014202935   LR: 1.00e-04
Epoch 993/2000 Train Loss: 0.0020600098Val Loss: 0.0021514345   LR: 1.00e-04
Epoch 994/2000 Train Loss: 0.0021400110Val Loss: 0.0014339361   LR: 1.00e-04
Epoch 995/2000 Train Loss: 0.0020850829Val Loss: 0.0013781021   LR: 1.00e-04
Epoch 996/2000 Train Loss: 0.0022484957Val Loss: 0.0016027282   LR: 1.00e-04
Epoch 997/2000 Train Loss: 0.0021305717Val Loss: 0.0015591558   LR: 1.00e-04
Epoch 998/2000 Train Loss: 0.0022423079Val Loss: 0.0020548998   LR: 1.00e-04
Epoch 999/2000 Train Loss: 0.0025215876Val Loss: 0.0015928690   LR: 1.00e-04
Epoch 1000/2000 Train Loss: 0.0022289524Val Loss: 0.0014842229   LR: 1.00e-04
Epoch 1001/2000 Train Loss: 0.0022021476Val Loss: 0.0016763011   LR: 1.00e-04
Epoch 1002/2000 Train Loss: 0.0021624436Val Loss: 0.0013853696   LR: 1.00e-04
Epoch 1003/2000 Train Loss: 0.0023241565Val Loss: 0.0014584336   LR: 1.00e-04
Epoch 1004/2000 Train Loss: 0.0021701791Val Loss: 0.0017053319   LR: 1.00e-04
Epoch 1005/2000 Train Loss: 0.0022949251Val Loss: 0.0014485788   LR: 1.00e-04
Epoch 1006/2000 Train Loss: 0.0022072694Val Loss: 0.0015578074   LR: 1.00e-04
Epoch 1007/2000 Train Loss: 0.0022378745Val Loss: 0.0014512330   LR: 1.00e-04
Epoch 1008/2000 Train Loss: 0.0024049645Val Loss: 0.0016090928   LR: 1.00e-04
Epoch 1009/2000 Train Loss: 0.0023411244Val Loss: 0.0014925449   LR: 1.00e-04
Epoch 1010/2000 Train Loss: 0.0024089028Val Loss: 0.0019133324   LR: 1.00e-04
Epoch 1011/2000 Train Loss: 0.0021473978Val Loss: 0.0015204281   LR: 1.00e-04
Epoch 1012/2000 Train Loss: 0.0023494977Val Loss: 0.0017003814   LR: 1.00e-04
Epoch 1013/2000 Train Loss: 0.0024306879Val Loss: 0.0019881327   LR: 1.00e-04
Epoch 1014/2000 Train Loss: 0.0021156702Val Loss: 0.0015189040   LR: 1.00e-04
Epoch 1015/2000 Train Loss: 0.0020748443Val Loss: 0.0013962452   LR: 1.00e-04
Epoch 1016/2000 Train Loss: 0.0021624670Val Loss: 0.0015751023   LR: 1.00e-04
Epoch 1017/2000 Train Loss: 0.0023732969Val Loss: 0.0016129666   LR: 1.00e-04
Epoch 1018/2000 Train Loss: 0.0022904073Val Loss: 0.0019828126   LR: 1.00e-04
Epoch 1019/2000 Train Loss: 0.0023382332Val Loss: 0.0018067821   LR: 1.00e-04
Epoch 1020/2000 Train Loss: 0.0023913782Val Loss: 0.0017364361   LR: 1.00e-04
Epoch 1021/2000 Train Loss: 0.0022184799Val Loss: 0.0013855069   LR: 1.00e-04
Epoch 1022/2000 Train Loss: 0.0025212605Val Loss: 0.0013624725   LR: 1.00e-04
Epoch 1023/2000 Train Loss: 0.0023686179Val Loss: 0.0013700504   LR: 1.00e-04
Epoch 1024/2000 Train Loss: 0.0021659952Val Loss: 0.0016067211   LR: 1.00e-04
Epoch 1025/2000 Train Loss: 0.0021083972Val Loss: 0.0013678329   LR: 1.00e-04
Epoch 1026/2000 Train Loss: 0.0019131312Val Loss: 0.0015090972   LR: 1.00e-04
Epoch 1027/2000 Train Loss: 0.0022485586Val Loss: 0.0016111603   LR: 1.00e-04
Epoch 1028/2000 Train Loss: 0.0023773252Val Loss: 0.0015839632   LR: 1.00e-04
Epoch 1029/2000 Train Loss: 0.0022716815Val Loss: 0.0014460254   LR: 1.00e-04
Epoch 1030/2000 Train Loss: 0.0020235053Val Loss: 0.0017593120   LR: 1.00e-04
Epoch 1031/2000 Train Loss: 0.0020301590Val Loss: 0.0015542889   LR: 1.00e-04
Epoch 1032/2000 Train Loss: 0.0019628246Val Loss: 0.0014634539   LR: 1.00e-04
Epoch 1033/2000 Train Loss: 0.0021886473Val Loss: 0.0018465467   LR: 1.00e-04
Epoch 1034/2000 Train Loss: 0.0022986342Val Loss: 0.0016161709   LR: 1.00e-04
Epoch 1035/2000 Train Loss: 0.0021808988Val Loss: 0.0015182207   LR: 1.00e-04
Epoch 1036/2000 Train Loss: 0.0022785477Val Loss: 0.0018563555   LR: 1.00e-04
Epoch 1037/2000 Train Loss: 0.0024162218Val Loss: 0.0014744506   LR: 1.00e-04
Epoch 1038/2000 Train Loss: 0.0021105014Val Loss: 0.0014344222   LR: 1.00e-04
Epoch 1039/2000 Train Loss: 0.0025365257Val Loss: 0.0015156129   LR: 1.00e-04
Epoch 1040/2000 Train Loss: 0.0022077313Val Loss: 0.0014563653   LR: 1.00e-04
Epoch 1041/2000 Train Loss: 0.0022163739Val Loss: 0.0014719560   LR: 1.00e-04
Epoch 1042/2000 Train Loss: 0.0020346580Val Loss: 0.0017255036   LR: 1.00e-04
Epoch 1043/2000 Train Loss: 0.0022705447Val Loss: 0.0014049858   LR: 1.00e-04
Epoch 1044/2000 Train Loss: 0.0022854628Val Loss: 0.0017214142   LR: 1.00e-04
Epoch 1045/2000 Train Loss: 0.0024132212Val Loss: 0.0018902818   LR: 1.00e-04
Epoch 1046/2000 Train Loss: 0.0020578091Val Loss: 0.0016939032   LR: 1.00e-04
Epoch 1047/2000 Train Loss: 0.0024313736Val Loss: 0.0014712205   LR: 1.00e-04
Epoch 1048/2000 Train Loss: 0.0020625860Val Loss: 0.0014443668   LR: 1.00e-04
Epoch 1049/2000 Train Loss: 0.0021948351Val Loss: 0.0014279205   LR: 1.00e-04
Epoch 1050/2000 Train Loss: 0.0022048091Val Loss: 0.0015196286   LR: 1.00e-04
Epoch 1051/2000 Train Loss: 0.0022141662Val Loss: 0.0023636647   LR: 1.00e-04
Epoch 1052/2000 Train Loss: 0.0023729570Val Loss: 0.0016176089   LR: 1.00e-04
Epoch 1053/2000 Train Loss: 0.0024069170Val Loss: 0.0014280589   LR: 1.00e-04
Epoch 1054/2000 Train Loss: 0.0019325763Val Loss: 0.0015800239   LR: 1.00e-04
Epoch 1055/2000 Train Loss: 0.0021697174Val Loss: 0.0017651068   LR: 1.00e-04
Epoch 1056/2000 Train Loss: 0.0022124972Val Loss: 0.0015005372   LR: 1.00e-04
Epoch 1057/2000 Train Loss: 0.0021586448Val Loss: 0.0015584241   LR: 1.00e-04
Epoch 1058/2000 Train Loss: 0.0019559663Val Loss: 0.0015888656   LR: 1.00e-04
Epoch 1059/2000 Train Loss: 0.0021136927Val Loss: 0.0014628333   LR: 1.00e-04
Epoch 1060/2000 Train Loss: 0.0023066202Val Loss: 0.0015431305   LR: 1.00e-04
Epoch 1061/2000 Train Loss: 0.0020343470Val Loss: 0.0017568866   LR: 1.00e-04
Epoch 1062/2000 Train Loss: 0.0024980350Val Loss: 0.0027607094   LR: 1.00e-04
Epoch 1063/2000 Train Loss: 0.0023155082Val Loss: 0.0017239058   LR: 1.00e-04
Epoch 1064/2000 Train Loss: 0.0023641872Val Loss: 0.0013842682   LR: 1.00e-04
Epoch 1065/2000 Train Loss: 0.0022534024Val Loss: 0.0018721129   LR: 1.00e-04
Epoch 1066/2000 Train Loss: 0.0020619004Val Loss: 0.0014577139   LR: 1.00e-04
Epoch 1067/2000 Train Loss: 0.0026546994Val Loss: 0.0016480529   LR: 1.00e-04
Epoch 1068/2000 Train Loss: 0.0021935179Val Loss: 0.0014254528   LR: 1.00e-04
Epoch 1069/2000 Train Loss: 0.0021603023Val Loss: 0.0019188138   LR: 1.00e-04
Epoch 1070/2000 Train Loss: 0.0022410004Val Loss: 0.0014118667   LR: 1.00e-04
Epoch 1071/2000 Train Loss: 0.0022081993Val Loss: 0.0013929614   LR: 1.00e-04
Epoch 1072/2000 Train Loss: 0.0021406347Val Loss: 0.0015030097   LR: 1.00e-04
Epoch 1073/2000 Train Loss: 0.0019642003Val Loss: 0.0014143928   LR: 1.00e-04
Epoch 1074/2000 Train Loss: 0.0020745492Val Loss: 0.0015877041   LR: 1.00e-04
Epoch 1075/2000 Train Loss: 0.0020286842Val Loss: 0.0015344863   LR: 1.00e-04
Epoch 1076/2000 Train Loss: 0.0023602638Val Loss: 0.0014477357   LR: 1.00e-04
Epoch 1077/2000 Train Loss: 0.0021839867Val Loss: 0.0014855039   LR: 1.00e-04
Epoch 1078/2000 Train Loss: 0.0022429835Val Loss: 0.0014894718   LR: 1.00e-04
Epoch 1079/2000 Train Loss: 0.0019363818Val Loss: 0.0015312489   LR: 1.00e-04
Epoch 1080/2000 Train Loss: 0.0020485824Val Loss: 0.0014096617   LR: 1.00e-04
Epoch 1081/2000 Train Loss: 0.0020166617Val Loss: 0.0014852662   LR: 1.00e-04
Epoch 1082/2000 Train Loss: 0.0022652889Val Loss: 0.0016468679   LR: 1.00e-04
Epoch 1083/2000 Train Loss: 0.0021437058Val Loss: 0.0016576389   LR: 1.00e-04
Epoch 1084/2000 Train Loss: 0.0020295692Val Loss: 0.0014379644   LR: 1.00e-04
Epoch 1085/2000 Train Loss: 0.0020335315Val Loss: 0.0014630971   LR: 1.00e-04
Epoch 1086/2000 Train Loss: 0.0021158451Val Loss: 0.0015606721   LR: 1.00e-04
Epoch 1087/2000 Train Loss: 0.0021423238Val Loss: 0.0014567470   LR: 1.00e-04
Epoch 1088/2000 Train Loss: 0.0019735901Val Loss: 0.0017325844   LR: 1.00e-04
Epoch 1089/2000 Train Loss: 0.0021984997Val Loss: 0.0015659810   LR: 1.00e-04
Epoch 1090/2000 Train Loss: 0.0020558834Val Loss: 0.0014513453   LR: 1.00e-04
Epoch 1091/2000 Train Loss: 0.0019478876Val Loss: 0.0014840267   LR: 1.00e-04
Epoch 1092/2000 Train Loss: 0.0021642966Val Loss: 0.0017695866   LR: 1.00e-04
Epoch 1093/2000 Train Loss: 0.0021222841Val Loss: 0.0020427591   LR: 1.00e-04
Epoch 1094/2000 Train Loss: 0.0020586473Val Loss: 0.0015836416   LR: 1.00e-04
Epoch 1095/2000 Train Loss: 0.0023434376Val Loss: 0.0014021481   LR: 1.00e-04
Epoch 1096/2000 Train Loss: 0.0019555063Val Loss: 0.0014595075   LR: 1.00e-04
Epoch 1097/2000 Train Loss: 0.0023362100Val Loss: 0.0014271731   LR: 1.00e-04
Epoch 1098/2000 Train Loss: 0.0021198955Val Loss: 0.0014474423   LR: 1.00e-04
Epoch 1099/2000 Train Loss: 0.0021426286Val Loss: 0.0016040435   LR: 1.00e-04
Epoch 1100/2000 Train Loss: 0.0022193322Val Loss: 0.0018692557   LR: 1.00e-04
Epoch 1101/2000 Train Loss: 0.0023916341Val Loss: 0.0015737693   LR: 1.00e-04
Epoch 1102/2000 Train Loss: 0.0019777985Val Loss: 0.0014147662   LR: 1.00e-04
Epoch 1103/2000 Train Loss: 0.0023069480Val Loss: 0.0016048058   LR: 1.00e-04
Epoch 1104/2000 Train Loss: 0.0021217970Val Loss: 0.0014872082   LR: 1.00e-04
Epoch 1105/2000 Train Loss: 0.0020479404Val Loss: 0.0014479955   LR: 1.00e-04
Epoch 1106/2000 Train Loss: 0.0019246503Val Loss: 0.0015012809   LR: 1.00e-04
Epoch 1107/2000 Train Loss: 0.0023094357Val Loss: 0.0019476568   LR: 1.00e-04
Epoch 1108/2000 Train Loss: 0.0022083304Val Loss: 0.0013952166   LR: 1.00e-04
Epoch 1109/2000 Train Loss: 0.0021349405Val Loss: 0.0014382829   LR: 1.00e-04
Epoch 1110/2000 Train Loss: 0.0022645056Val Loss: 0.0014158995   LR: 1.00e-04
Epoch 1111/2000 Train Loss: 0.0022428472Val Loss: 0.0014928891   LR: 1.00e-04
Epoch 1112/2000 Train Loss: 0.0021980318Val Loss: 0.0017650186   LR: 1.00e-04
Epoch 1113/2000 Train Loss: 0.0020234568Val Loss: 0.0014451007   LR: 1.00e-04
Epoch 1114/2000 Train Loss: 0.0021037192Val Loss: 0.0013918011   LR: 1.00e-04
Epoch 1115/2000 Train Loss: 0.0021395236Val Loss: 0.0014035946   LR: 1.00e-04
Epoch 1116/2000 Train Loss: 0.0018796193Val Loss: 0.0015565751   LR: 1.00e-04
Epoch 1117/2000 Train Loss: 0.0021379652Val Loss: 0.0014201827   LR: 1.00e-04
Epoch 1118/2000 Train Loss: 0.0022093001Val Loss: 0.0013853511   LR: 1.00e-04
Epoch 1119/2000 Train Loss: 0.0022183294Val Loss: 0.0019928353   LR: 1.00e-04
Epoch 1120/2000 Train Loss: 0.0021601159Val Loss: 0.0015274393   LR: 1.00e-04
Epoch 1121/2000 Train Loss: 0.0020731153Val Loss: 0.0015156960   LR: 1.00e-04
Epoch 1122/2000 Train Loss: 0.0019366578Val Loss: 0.0016630691   LR: 1.00e-04
Epoch 1123/2000 Train Loss: 0.0023438513Val Loss: 0.0015232033   LR: 1.00e-04
Epoch 1124/2000 Train Loss: 0.0021719474Val Loss: 0.0015607737   LR: 1.00e-04
Epoch 1125/2000 Train Loss: 0.0021097256Val Loss: 0.0016884414   LR: 1.00e-04
Epoch 1126/2000 Train Loss: 0.0020944899Val Loss: 0.0016568988   LR: 1.00e-04
Epoch 1127/2000 Train Loss: 0.0021847234Val Loss: 0.0015099161   LR: 1.00e-04
Epoch 1128/2000 Train Loss: 0.0021454755Val Loss: 0.0014627971   LR: 1.00e-04
Epoch 1129/2000 Train Loss: 0.0022926759Val Loss: 0.0016283578   LR: 1.00e-04
Epoch 1130/2000 Train Loss: 0.0020857845Val Loss: 0.0020603093   LR: 1.00e-04
Epoch 1131/2000 Train Loss: 0.0020293315Val Loss: 0.0015218642   LR: 1.00e-04
Epoch 1132/2000 Train Loss: 0.0023160077Val Loss: 0.0016890330   LR: 1.00e-04
Epoch 1133/2000 Train Loss: 0.0019906848Val Loss: 0.0016092008   LR: 1.00e-04
Epoch 1134/2000 Train Loss: 0.0021918440Val Loss: 0.0016229600   LR: 1.00e-04
Epoch 1135/2000 Train Loss: 0.0020881416Val Loss: 0.0015713092   LR: 1.00e-04
Epoch 1136/2000 Train Loss: 0.0021162452Val Loss: 0.0013769903   LR: 1.00e-04
Epoch 1137/2000 Train Loss: 0.0022120383Val Loss: 0.0015116607   LR: 1.00e-04
Epoch 1138/2000 Train Loss: 0.0020391692Val Loss: 0.0014788964   LR: 1.00e-04
Epoch 1139/2000 Train Loss: 0.0021574700Val Loss: 0.0014320456   LR: 1.00e-04
Epoch 1140/2000 Train Loss: 0.0021559327Val Loss: 0.0015662523   LR: 1.00e-04
Epoch 1141/2000 Train Loss: 0.0019653315Val Loss: 0.0014925065   LR: 1.00e-04
Epoch 1142/2000 Train Loss: 0.0020369822Val Loss: 0.0013564676   LR: 1.00e-04
Epoch 1143/2000 Train Loss: 0.0020836875Val Loss: 0.0014263607   LR: 1.00e-04
Epoch 1144/2000 Train Loss: 0.0021951190Val Loss: 0.0016042380   LR: 1.00e-04
Epoch 1145/2000 Train Loss: 0.0025004664Val Loss: 0.0017665250   LR: 1.00e-04
Epoch 1146/2000 Train Loss: 0.0021055381Val Loss: 0.0014418147   LR: 1.00e-04
Epoch 1147/2000 Train Loss: 0.0024338513Val Loss: 0.0025368777   LR: 1.00e-04
Epoch 1148/2000 Train Loss: 0.0022228637Val Loss: 0.0015397273   LR: 1.00e-04
Epoch 1149/2000 Train Loss: 0.0022312819Val Loss: 0.0013872303   LR: 1.00e-04
Epoch 1150/2000 Train Loss: 0.0023173161Val Loss: 0.0014314950   LR: 1.00e-04
Epoch 1151/2000 Train Loss: 0.0020878446Val Loss: 0.0014652586   LR: 1.00e-04
Epoch 1152/2000 Train Loss: 0.0020630263Val Loss: 0.0017669689   LR: 1.00e-04
Epoch 1153/2000 Train Loss: 0.0022327746Val Loss: 0.0013800544   LR: 1.00e-04
Epoch 1154/2000 Train Loss: 0.0021484069Val Loss: 0.0015087945   LR: 1.00e-04
Epoch 1155/2000 Train Loss: 0.0020411138Val Loss: 0.0018902060   LR: 1.00e-04
Epoch 1156/2000 Train Loss: 0.0020710409Val Loss: 0.0019841764   LR: 1.00e-04
Epoch 1157/2000 Train Loss: 0.0019488902Val Loss: 0.0013718043   LR: 1.00e-04
Epoch 1158/2000 Train Loss: 0.0019927208Val Loss: 0.0017574247   LR: 1.00e-04
Epoch 1159/2000 Train Loss: 0.0019294331Val Loss: 0.0015208724   LR: 1.00e-04
Epoch 1160/2000 Train Loss: 0.0021820901Val Loss: 0.0015121748   LR: 1.00e-04
Epoch 1161/2000 Train Loss: 0.0021377514Val Loss: 0.0015796092   LR: 1.00e-04
Epoch 1162/2000 Train Loss: 0.0021426539Val Loss: 0.0014292307   LR: 1.00e-04
Epoch 1163/2000 Train Loss: 0.0021765027Val Loss: 0.0016830988   LR: 1.00e-04
Epoch 1164/2000 Train Loss: 0.0022839639Val Loss: 0.0018614116   LR: 1.00e-04
Epoch 1165/2000 Train Loss: 0.0021325714Val Loss: 0.0018696605   LR: 1.00e-04
Epoch 1166/2000 Train Loss: 0.0019036484Val Loss: 0.0015865979   LR: 1.00e-04
Epoch 1167/2000 Train Loss: 0.0021209588Val Loss: 0.0014186601   LR: 1.00e-04
Epoch 1168/2000 Train Loss: 0.0021324831Val Loss: 0.0016073549   LR: 1.00e-04
Epoch 1169/2000 Train Loss: 0.0021237909Val Loss: 0.0017149219   LR: 1.00e-04
Epoch 1170/2000 Train Loss: 0.0021774336Val Loss: 0.0015835491   LR: 1.00e-04
Epoch 1171/2000 Train Loss: 0.0021411744Val Loss: 0.0016336656   LR: 1.00e-04
Epoch 1172/2000 Train Loss: 0.0019287442Val Loss: 0.0013523103   LR: 1.00e-04
Epoch 1173/2000 Train Loss: 0.0021131908Val Loss: 0.0014371885   LR: 1.00e-04
Epoch 1174/2000 Train Loss: 0.0021143594Val Loss: 0.0015070707   LR: 1.00e-04
Epoch 1175/2000 Train Loss: 0.0020081465Val Loss: 0.0013663912   LR: 1.00e-04
Epoch 1176/2000 Train Loss: 0.0017885270Val Loss: 0.0014224725   LR: 1.00e-04
Epoch 1177/2000 Train Loss: 0.0018177738Val Loss: 0.0014382688   LR: 1.00e-04
Epoch 1178/2000 Train Loss: 0.0021841433Val Loss: 0.0015245595   LR: 1.00e-04
Epoch 1179/2000 Train Loss: 0.0021375243Val Loss: 0.0014379191   LR: 1.00e-04
Epoch 1180/2000 Train Loss: 0.0019786311Val Loss: 0.0016757444   LR: 1.00e-04
Epoch 1181/2000 Train Loss: 0.0021009767Val Loss: 0.0014437708   LR: 1.00e-04
Epoch 1182/2000 Train Loss: 0.0021838789Val Loss: 0.0017594251   LR: 1.00e-04
Epoch 1183/2000 Train Loss: 0.0020412692Val Loss: 0.0017906975   LR: 1.00e-04
Epoch 1184/2000 Train Loss: 0.0021289316Val Loss: 0.0023086769   LR: 1.00e-04
Epoch 1185/2000 Train Loss: 0.0022895974Val Loss: 0.0014217170   LR: 1.00e-04
Epoch 1186/2000 Train Loss: 0.0019282307Val Loss: 0.0014605834   LR: 1.00e-04
Epoch 1187/2000 Train Loss: 0.0019026683Val Loss: 0.0019345552   LR: 1.00e-04
Epoch 1188/2000 Train Loss: 0.0021973227Val Loss: 0.0015119625   LR: 1.00e-04
Epoch 1189/2000 Train Loss: 0.0022418148Val Loss: 0.0016891720   LR: 1.00e-04
Epoch 1190/2000 Train Loss: 0.0021490068Val Loss: 0.0020275385   LR: 1.00e-04
Epoch 1191/2000 Train Loss: 0.0020714977Val Loss: 0.0015670489   LR: 1.00e-04
Epoch 1192/2000 Train Loss: 0.0018525320Val Loss: 0.0013278705   LR: 1.00e-04
Epoch 1193/2000 Train Loss: 0.0021126229Val Loss: 0.0013996352   LR: 1.00e-04
Epoch 1194/2000 Train Loss: 0.0017963071Val Loss: 0.0014443337   LR: 1.00e-04
Epoch 1195/2000 Train Loss: 0.0020121478Val Loss: 0.0015346749   LR: 1.00e-04
Epoch 1196/2000 Train Loss: 0.0021004137Val Loss: 0.0014343788   LR: 1.00e-04
Epoch 1197/2000 Train Loss: 0.0022180129Val Loss: 0.0013820179   LR: 1.00e-04
Epoch 1198/2000 Train Loss: 0.0020270493Val Loss: 0.0014373899   LR: 1.00e-04
Epoch 1199/2000 Train Loss: 0.0020762143Val Loss: 0.0015566083   LR: 1.00e-04
Epoch 1200/2000 Train Loss: 0.0019626702Val Loss: 0.0015120731   LR: 1.00e-04
Epoch 1201/2000 Train Loss: 0.0020422878Val Loss: 0.0014854958   LR: 1.00e-04
Epoch 1202/2000 Train Loss: 0.0020684714Val Loss: 0.0019463480   LR: 1.00e-04
Epoch 1203/2000 Train Loss: 0.0021339727Val Loss: 0.0015867656   LR: 1.00e-04
Epoch 1204/2000 Train Loss: 0.0021613649Val Loss: 0.0013469880   LR: 1.00e-04
Epoch 1205/2000 Train Loss: 0.0022181161Val Loss: 0.0013934673   LR: 1.00e-04
Epoch 1206/2000 Train Loss: 0.0021927816Val Loss: 0.0013831605   LR: 1.00e-04
Epoch 1207/2000 Train Loss: 0.0021188283Val Loss: 0.0017567469   LR: 1.00e-04
Epoch 1208/2000 Train Loss: 0.0024302272Val Loss: 0.0014954785   LR: 1.00e-04
Epoch 1209/2000 Train Loss: 0.0022814232Val Loss: 0.0014751158   LR: 1.00e-04
Epoch 1210/2000 Train Loss: 0.0021739183Val Loss: 0.0014643466   LR: 1.00e-04
Epoch 1211/2000 Train Loss: 0.0019167030Val Loss: 0.0015215233   LR: 1.00e-04
Epoch 1212/2000 Train Loss: 0.0021792900Val Loss: 0.0014336537   LR: 1.00e-04
Epoch 1213/2000 Train Loss: 0.0022978423Val Loss: 0.0013751630   LR: 1.00e-04
Epoch 1214/2000 Train Loss: 0.0021257599Val Loss: 0.0015568387   LR: 1.00e-04
Epoch 1215/2000 Train Loss: 0.0022489604Val Loss: 0.0014284787   LR: 1.00e-04
Epoch 1216/2000 Train Loss: 0.0020751452Val Loss: 0.0013844876   LR: 1.00e-04
Epoch 1217/2000 Train Loss: 0.0021819520Val Loss: 0.0014473206   LR: 1.00e-04
Epoch 1218/2000 Train Loss: 0.0019742531Val Loss: 0.0013533601   LR: 1.00e-04
Epoch 1219/2000 Train Loss: 0.0020768151Val Loss: 0.0015040157   LR: 1.00e-04
Epoch 1220/2000 Train Loss: 0.0019854995Val Loss: 0.0014330101   LR: 1.00e-04
Epoch 1221/2000 Train Loss: 0.0018547601Val Loss: 0.0014157794   LR: 1.00e-04
Epoch 1222/2000 Train Loss: 0.0019882032Val Loss: 0.0016290867   LR: 1.00e-04
Epoch 1223/2000 Train Loss: 0.0021675500Val Loss: 0.0013989390   LR: 1.00e-04
Epoch 1224/2000 Train Loss: 0.0021995456Val Loss: 0.0014349688   LR: 1.00e-04
Epoch 1225/2000 Train Loss: 0.0020385566Val Loss: 0.0014611804   LR: 1.00e-04
Epoch 1226/2000 Train Loss: 0.0018855296Val Loss: 0.0012996852   LR: 1.00e-04
Epoch 1227/2000 Train Loss: 0.0017623843Val Loss: 0.0013664202   LR: 1.00e-04
Epoch 1228/2000 Train Loss: 0.0021981546Val Loss: 0.0015546398   LR: 1.00e-04
Epoch 1229/2000 Train Loss: 0.0023357887Val Loss: 0.0015334730   LR: 1.00e-04
Epoch 1230/2000 Train Loss: 0.0019722537Val Loss: 0.0013644273   LR: 1.00e-04
Epoch 1231/2000 Train Loss: 0.0020905578Val Loss: 0.0013859322   LR: 1.00e-04
Epoch 1232/2000 Train Loss: 0.0019479262Val Loss: 0.0013986467   LR: 1.00e-04
Epoch 1233/2000 Train Loss: 0.0019371668Val Loss: 0.0014128115   LR: 1.00e-04
Epoch 1234/2000 Train Loss: 0.0023057478Val Loss: 0.0013697922   LR: 1.00e-04
Epoch 1235/2000 Train Loss: 0.0020359517Val Loss: 0.0013771712   LR: 1.00e-04
Epoch 1236/2000 Train Loss: 0.0020440169Val Loss: 0.0013603796   LR: 1.00e-04
Epoch 1237/2000 Train Loss: 0.0020131741Val Loss: 0.0015469543   LR: 1.00e-04
Epoch 1238/2000 Train Loss: 0.0020878298Val Loss: 0.0016821006   LR: 1.00e-04
Epoch 1239/2000 Train Loss: 0.0021785605Val Loss: 0.0016665715   LR: 1.00e-04
Epoch 1240/2000 Train Loss: 0.0021189324Val Loss: 0.0014741844   LR: 1.00e-04
Epoch 1241/2000 Train Loss: 0.0020875136Val Loss: 0.0018384428   LR: 1.00e-04
Epoch 1242/2000 Train Loss: 0.0021381247Val Loss: 0.0014907155   LR: 1.00e-04
Epoch 1243/2000 Train Loss: 0.0021512914Val Loss: 0.0016156692   LR: 1.00e-04
Epoch 1244/2000 Train Loss: 0.0019125235Val Loss: 0.0018016310   LR: 1.00e-04
Epoch 1245/2000 Train Loss: 0.0020214089Val Loss: 0.0014804110   LR: 1.00e-04
Epoch 1246/2000 Train Loss: 0.0021436356Val Loss: 0.0013702641   LR: 1.00e-04
Epoch 1247/2000 Train Loss: 0.0019208897Val Loss: 0.0013519433   LR: 1.00e-04
Epoch 1248/2000 Train Loss: 0.0020619678Val Loss: 0.0015828476   LR: 1.00e-04
Epoch 1249/2000 Train Loss: 0.0020983166Val Loss: 0.0014313997   LR: 1.00e-04
Epoch 1250/2000 Train Loss: 0.0019934691Val Loss: 0.0017283229   LR: 1.00e-04
Epoch 1251/2000 Train Loss: 0.0020677652Val Loss: 0.0013436837   LR: 1.00e-04
Epoch 1252/2000 Train Loss: 0.0021853286Val Loss: 0.0016817411   LR: 1.00e-04
Epoch 1253/2000 Train Loss: 0.0022381810Val Loss: 0.0014083835   LR: 1.00e-04
Epoch 1254/2000 Train Loss: 0.0019292000Val Loss: 0.0013403591   LR: 1.00e-04
Epoch 1255/2000 Train Loss: 0.0021149681Val Loss: 0.0013522409   LR: 1.00e-04
Epoch 1256/2000 Train Loss: 0.0019426699Val Loss: 0.0019109944   LR: 1.00e-04
Epoch 1257/2000 Train Loss: 0.0020467708Val Loss: 0.0019021175   LR: 1.00e-04
Epoch 1258/2000 Train Loss: 0.0023634602Val Loss: 0.0014779976   LR: 1.00e-04
Epoch 1259/2000 Train Loss: 0.0024256604Val Loss: 0.0014765008   LR: 1.00e-04
Epoch 1260/2000 Train Loss: 0.0019273258Val Loss: 0.0014654834   LR: 1.00e-04
Epoch 1261/2000 Train Loss: 0.0019530770Val Loss: 0.0018028365   LR: 1.00e-04
Epoch 1262/2000 Train Loss: 0.0020638432Val Loss: 0.0015158743   LR: 1.00e-04
Epoch 1263/2000 Train Loss: 0.0021368229Val Loss: 0.0014553144   LR: 1.00e-04
Epoch 1264/2000 Train Loss: 0.0021459712Val Loss: 0.0013889629   LR: 1.00e-04
Epoch 1265/2000 Train Loss: 0.0018119937Val Loss: 0.0013121638   LR: 1.00e-04
Epoch 1266/2000 Train Loss: 0.0022713730Val Loss: 0.0014282839   LR: 1.00e-04
Epoch 1267/2000 Train Loss: 0.0021089769Val Loss: 0.0015074354   LR: 1.00e-04
Epoch 1268/2000 Train Loss: 0.0018817071Val Loss: 0.0015367743   LR: 1.00e-04
Epoch 1269/2000 Train Loss: 0.0021138617Val Loss: 0.0021126561   LR: 1.00e-04
Epoch 1270/2000 Train Loss: 0.0022592006Val Loss: 0.0016065841   LR: 1.00e-04
Epoch 1271/2000 Train Loss: 0.0021349066Val Loss: 0.0014691807   LR: 1.00e-04
Epoch 1272/2000 Train Loss: 0.0021724630Val Loss: 0.0017817709   LR: 1.00e-04
Epoch 1273/2000 Train Loss: 0.0023271576Val Loss: 0.0014137502   LR: 1.00e-04
Epoch 1274/2000 Train Loss: 0.0022544905Val Loss: 0.0016593672   LR: 1.00e-04
Epoch 1275/2000 Train Loss: 0.0020285638Val Loss: 0.0015695626   LR: 1.00e-04
Epoch 1276/2000 Train Loss: 0.0019981747Val Loss: 0.0015680593   LR: 1.00e-04
Epoch 1277/2000 Train Loss: 0.0019165759Val Loss: 0.0022096520   LR: 1.00e-04
Epoch 1278/2000 Train Loss: 0.0021726107Val Loss: 0.0013385132   LR: 1.00e-04
Epoch 1279/2000 Train Loss: 0.0018396196Val Loss: 0.0017520013   LR: 1.00e-04
Epoch 1280/2000 Train Loss: 0.0019918378Val Loss: 0.0014173048   LR: 1.00e-04
Epoch 1281/2000 Train Loss: 0.0020229846Val Loss: 0.0013505082   LR: 1.00e-04
Epoch 1282/2000 Train Loss: 0.0018656885Val Loss: 0.0013705688   LR: 1.00e-04
Epoch 1283/2000 Train Loss: 0.0020736374Val Loss: 0.0015604361   LR: 1.00e-04
Epoch 1284/2000 Train Loss: 0.0019733775Val Loss: 0.0014970836   LR: 1.00e-04
Epoch 1285/2000 Train Loss: 0.0021006933Val Loss: 0.0014127660   LR: 1.00e-04
Epoch 1286/2000 Train Loss: 0.0019375935Val Loss: 0.0013350444   LR: 1.00e-04
Epoch 1287/2000 Train Loss: 0.0018736799Val Loss: 0.0016272318   LR: 1.00e-04
Epoch 1288/2000 Train Loss: 0.0019958151Val Loss: 0.0014753164   LR: 1.00e-04
Epoch 1289/2000 Train Loss: 0.0020420395Val Loss: 0.0016010528   LR: 1.00e-04
Epoch 1290/2000 Train Loss: 0.0019968174Val Loss: 0.0014643253   LR: 1.00e-04
Epoch 1291/2000 Train Loss: 0.0021551516Val Loss: 0.0014596766   LR: 1.00e-04
Epoch 1292/2000 Train Loss: 0.0018849200Val Loss: 0.0017264892   LR: 1.00e-04
Epoch 1293/2000 Train Loss: 0.0019726145Val Loss: 0.0014119439   LR: 1.00e-04
Epoch 1294/2000 Train Loss: 0.0019950091Val Loss: 0.0017427385   LR: 1.00e-04
Epoch 1295/2000 Train Loss: 0.0021955608Val Loss: 0.0014562723   LR: 1.00e-04
Epoch 1296/2000 Train Loss: 0.0021042604Val Loss: 0.0018038473   LR: 1.00e-04
Epoch 1297/2000 Train Loss: 0.0021469702Val Loss: 0.0013819514   LR: 1.00e-04
Epoch 1298/2000 Train Loss: 0.0021981992Val Loss: 0.0017507539   LR: 1.00e-04
Epoch 1299/2000 Train Loss: 0.0019134398Val Loss: 0.0013892386   LR: 1.00e-04
Epoch 1300/2000 Train Loss: 0.0020545136Val Loss: 0.0016918587   LR: 1.00e-04
Epoch 1301/2000 Train Loss: 0.0019245451Val Loss: 0.0015425947   LR: 1.00e-04
Epoch 1302/2000 Train Loss: 0.0021840299Val Loss: 0.0014322539   LR: 1.00e-04
Epoch 1303/2000 Train Loss: 0.0021356659Val Loss: 0.0014316926   LR: 1.00e-04
Epoch 1304/2000 Train Loss: 0.0020012452Val Loss: 0.0013648548   LR: 1.00e-04
Epoch 1305/2000 Train Loss: 0.0019337811Val Loss: 0.0016164812   LR: 1.00e-04
Epoch 1306/2000 Train Loss: 0.0021025358Val Loss: 0.0017222724   LR: 1.00e-04
Epoch 1307/2000 Train Loss: 0.0019510836Val Loss: 0.0017648566   LR: 1.00e-04
Epoch 1308/2000 Train Loss: 0.0021527272Val Loss: 0.0015393405   LR: 1.00e-04
Epoch 1309/2000 Train Loss: 0.0019184513Val Loss: 0.0014537999   LR: 1.00e-04
Epoch 1310/2000 Train Loss: 0.0017759486Val Loss: 0.0016081628   LR: 1.00e-04
Epoch 1311/2000 Train Loss: 0.0021358975Val Loss: 0.0019289312   LR: 1.00e-04
Epoch 1312/2000 Train Loss: 0.0020926292Val Loss: 0.0015073297   LR: 1.00e-04
Epoch 1313/2000 Train Loss: 0.0018391286Val Loss: 0.0014029841   LR: 1.00e-04
Epoch 1314/2000 Train Loss: 0.0019947376Val Loss: 0.0014463121   LR: 1.00e-04
Epoch 1315/2000 Train Loss: 0.0018481215Val Loss: 0.0014071187   LR: 1.00e-04
Epoch 1316/2000 Train Loss: 0.0020916628Val Loss: 0.0014467253   LR: 1.00e-04
Epoch 1317/2000 Train Loss: 0.0021361327Val Loss: 0.0014049920   LR: 1.00e-04
Epoch 1318/2000 Train Loss: 0.0020866962Val Loss: 0.0016797168   LR: 1.00e-04
Epoch 1319/2000 Train Loss: 0.0019063687Val Loss: 0.0013285580   LR: 1.00e-04
Epoch 1320/2000 Train Loss: 0.0018613489Val Loss: 0.0017061189   LR: 1.00e-04
Epoch 1321/2000 Train Loss: 0.0020508381Val Loss: 0.0015691090   LR: 1.00e-04
Epoch 1322/2000 Train Loss: 0.0020230918Val Loss: 0.0015577396   LR: 1.00e-04
Epoch 1323/2000 Train Loss: 0.0020393603Val Loss: 0.0017084140   LR: 1.00e-04
Epoch 1324/2000 Train Loss: 0.0018086412Val Loss: 0.0014374894   LR: 1.00e-04
Epoch 1325/2000 Train Loss: 0.0017479184Val Loss: 0.0014746786   LR: 1.00e-04
Epoch 1326/2000 Train Loss: 0.0020741959Val Loss: 0.0015182304   LR: 1.00e-04
Epoch 1327/2000 Train Loss: 0.0021505936Val Loss: 0.0013270693   LR: 1.00e-04
Epoch 1328/2000 Train Loss: 0.0020312557Val Loss: 0.0013868236   LR: 1.00e-04
Epoch 1329/2000 Train Loss: 0.0020317625Val Loss: 0.0020247052   LR: 1.00e-04
Epoch 1330/2000 Train Loss: 0.0022436989Val Loss: 0.0018362784   LR: 1.00e-04
Epoch 1331/2000 Train Loss: 0.0021443550Val Loss: 0.0013915038   LR: 1.00e-04
Epoch 1332/2000 Train Loss: 0.0019534701Val Loss: 0.0018219205   LR: 1.00e-04
Epoch 1333/2000 Train Loss: 0.0018100547Val Loss: 0.0015499755   LR: 1.00e-04
Epoch 1334/2000 Train Loss: 0.0021159515Val Loss: 0.0014226455   LR: 1.00e-04
Epoch 1335/2000 Train Loss: 0.0019229881Val Loss: 0.0014724757   LR: 1.00e-04
Epoch 1336/2000 Train Loss: 0.0019910645Val Loss: 0.0013992913   LR: 1.00e-04
Epoch 1337/2000 Train Loss: 0.0021699016Val Loss: 0.0015378265   LR: 1.00e-04
Epoch 1338/2000 Train Loss: 0.0020804536Val Loss: 0.0015452844   LR: 1.00e-04
Epoch 1339/2000 Train Loss: 0.0019163565Val Loss: 0.0014237969   LR: 1.00e-04
Epoch 1340/2000 Train Loss: 0.0019484413Val Loss: 0.0016688237   LR: 1.00e-04
Epoch 1341/2000 Train Loss: 0.0023495699Val Loss: 0.0014424664   LR: 1.00e-04
Epoch 1342/2000 Train Loss: 0.0019210780Val Loss: 0.0014163266   LR: 1.00e-04
Epoch 1343/2000 Train Loss: 0.0017731707Val Loss: 0.0013710978   LR: 1.00e-04
Epoch 1344/2000 Train Loss: 0.0019114839Val Loss: 0.0015439070   LR: 1.00e-04
Epoch 1345/2000 Train Loss: 0.0020095759Val Loss: 0.0015060263   LR: 1.00e-04
Epoch 1346/2000 Train Loss: 0.0019629428Val Loss: 0.0017340703   LR: 1.00e-04
Epoch 1347/2000 Train Loss: 0.0020713784Val Loss: 0.0017359831   LR: 1.00e-04
Epoch 1348/2000 Train Loss: 0.0018447692Val Loss: 0.0015063641   LR: 1.00e-04
Epoch 1349/2000 Train Loss: 0.0019280666Val Loss: 0.0014429779   LR: 1.00e-04
Epoch 1350/2000 Train Loss: 0.0020291238Val Loss: 0.0013943282   LR: 1.00e-04
Epoch 1351/2000 Train Loss: 0.0021165933Val Loss: 0.0013394311   LR: 1.00e-04
Epoch 1352/2000 Train Loss: 0.0021066706Val Loss: 0.0013638595   LR: 1.00e-04
Epoch 1353/2000 Train Loss: 0.0018913645Val Loss: 0.0014136552   LR: 1.00e-04
Epoch 1354/2000 Train Loss: 0.0019094958Val Loss: 0.0013625079   LR: 1.00e-04
Epoch 1355/2000 Train Loss: 0.0019059478Val Loss: 0.0014658799   LR: 1.00e-04
Epoch 1356/2000 Train Loss: 0.0019287407Val Loss: 0.0015362665   LR: 1.00e-04
Epoch 1357/2000 Train Loss: 0.0019131477Val Loss: 0.0013412588   LR: 1.00e-04
Epoch 1358/2000 Train Loss: 0.0020054100Val Loss: 0.0019604341   LR: 1.00e-04
Epoch 1359/2000 Train Loss: 0.0021849462Val Loss: 0.0013940134   LR: 1.00e-04
Epoch 1360/2000 Train Loss: 0.0022544743Val Loss: 0.0013408381   LR: 1.00e-04
Epoch 1361/2000 Train Loss: 0.0019655632Val Loss: 0.0014095043   LR: 1.00e-04
Epoch 1362/2000 Train Loss: 0.0023769054Val Loss: 0.0017692100   LR: 1.00e-04
Epoch 1363/2000 Train Loss: 0.0023265431Val Loss: 0.0014004138   LR: 1.00e-04
Epoch 1364/2000 Train Loss: 0.0019642227Val Loss: 0.0014840748   LR: 1.00e-04
Epoch 1365/2000 Train Loss: 0.0020492657Val Loss: 0.0015142911   LR: 1.00e-04
Epoch 1366/2000 Train Loss: 0.0019697462Val Loss: 0.0014253123   LR: 1.00e-04
Epoch 1367/2000 Train Loss: 0.0020343192Val Loss: 0.0014039004   LR: 1.00e-04
Epoch 1368/2000 Train Loss: 0.0018481303Val Loss: 0.0015714724   LR: 1.00e-04
Epoch 1369/2000 Train Loss: 0.0019596587Val Loss: 0.0014013081   LR: 1.00e-04
Epoch 1370/2000 Train Loss: 0.0020589465Val Loss: 0.0017822747   LR: 1.00e-04
Epoch 1371/2000 Train Loss: 0.0022164128Val Loss: 0.0014347673   LR: 1.00e-04
Epoch 1372/2000 Train Loss: 0.0020727149Val Loss: 0.0013359720   LR: 1.00e-04
Epoch 1373/2000 Train Loss: 0.0019487448Val Loss: 0.0013315360   LR: 1.00e-04
Epoch 1374/2000 Train Loss: 0.0018214856Val Loss: 0.0015081452   LR: 1.00e-04
Epoch 1375/2000 Train Loss: 0.0020325118Val Loss: 0.0013935663   LR: 1.00e-04
Epoch 1376/2000 Train Loss: 0.0016545142Val Loss: 0.0013865379   LR: 1.00e-04
Epoch 1377/2000 Train Loss: 0.0022622165Val Loss: 0.0015614812   LR: 1.00e-04
Epoch 1378/2000 Train Loss: 0.0019210579Val Loss: 0.0013450470   LR: 1.00e-04
Epoch 1379/2000 Train Loss: 0.0020327431Val Loss: 0.0013996822   LR: 1.00e-04
Epoch 1380/2000 Train Loss: 0.0019535019Val Loss: 0.0015639747   LR: 1.00e-04
Epoch 1381/2000 Train Loss: 0.0019517640Val Loss: 0.0013595119   LR: 1.00e-04
Epoch 1382/2000 Train Loss: 0.0020381899Val Loss: 0.0013655304   LR: 1.00e-04
Epoch 1383/2000 Train Loss: 0.0021567453Val Loss: 0.0013683602   LR: 1.00e-04
Epoch 1384/2000 Train Loss: 0.0020471091Val Loss: 0.0015923965   LR: 1.00e-04
Epoch 1385/2000 Train Loss: 0.0020492013Val Loss: 0.0015196720   LR: 1.00e-04
Epoch 1386/2000 Train Loss: 0.0022836738Val Loss: 0.0016082621   LR: 1.00e-04
Epoch 1387/2000 Train Loss: 0.0020695754Val Loss: 0.0013465812   LR: 1.00e-04
Epoch 1388/2000 Train Loss: 0.0020306289Val Loss: 0.0014772905   LR: 1.00e-04
Epoch 1389/2000 Train Loss: 0.0019531953Val Loss: 0.0014491791   LR: 1.00e-04
Epoch 1390/2000 Train Loss: 0.0018742157Val Loss: 0.0013812221   LR: 1.00e-04
Epoch 1391/2000 Train Loss: 0.0018434086Val Loss: 0.0015959102   LR: 1.00e-04
Epoch 1392/2000 Train Loss: 0.0017883434Val Loss: 0.0013698216   LR: 1.00e-04
Epoch 1393/2000 Train Loss: 0.0020023685Val Loss: 0.0013764619   LR: 1.00e-04
Epoch 1394/2000 Train Loss: 0.0021025241Val Loss: 0.0014013038   LR: 1.00e-04
Epoch 1395/2000 Train Loss: 0.0020118489Val Loss: 0.0017956524   LR: 1.00e-04
Epoch 1396/2000 Train Loss: 0.0019999806Val Loss: 0.0013893147   LR: 1.00e-04
Epoch 1397/2000 Train Loss: 0.0019763507Val Loss: 0.0013872189   LR: 1.00e-04
Epoch 1398/2000 Train Loss: 0.0018657441Val Loss: 0.0014720907   LR: 1.00e-04
Epoch 1399/2000 Train Loss: 0.0017814928Val Loss: 0.0014439464   LR: 1.00e-04
Epoch 1400/2000 Train Loss: 0.0020554167Val Loss: 0.0015169067   LR: 1.00e-04
Epoch 1401/2000 Train Loss: 0.0020442364Val Loss: 0.0014237945   LR: 1.00e-04
Epoch 1402/2000 Train Loss: 0.0020342949Val Loss: 0.0013397674   LR: 1.00e-04
Epoch 1403/2000 Train Loss: 0.0020407092Val Loss: 0.0015630030   LR: 1.00e-04
Epoch 1404/2000 Train Loss: 0.0019102953Val Loss: 0.0014087493   LR: 1.00e-04
Epoch 1405/2000 Train Loss: 0.0020732860Val Loss: 0.0015058403   LR: 1.00e-04
Epoch 1406/2000 Train Loss: 0.0020065883Val Loss: 0.0017752432   LR: 1.00e-04
Epoch 1407/2000 Train Loss: 0.0021829638Val Loss: 0.0014213630   LR: 1.00e-04
Epoch 1408/2000 Train Loss: 0.0018491306Val Loss: 0.0013320708   LR: 1.00e-04
Epoch 1409/2000 Train Loss: 0.0021698434Val Loss: 0.0013645714   LR: 1.00e-04
Epoch 1410/2000 Train Loss: 0.0020121798Val Loss: 0.0014867558   LR: 1.00e-04
Epoch 1411/2000 Train Loss: 0.0020569898Val Loss: 0.0015225778   LR: 1.00e-04
Epoch 1412/2000 Train Loss: 0.0020417613Val Loss: 0.0013634438   LR: 1.00e-04
Epoch 1413/2000 Train Loss: 0.0019149652Val Loss: 0.0013834651   LR: 1.00e-04
Epoch 1414/2000 Train Loss: 0.0018867780Val Loss: 0.0014591951   LR: 1.00e-04
Epoch 1415/2000 Train Loss: 0.0019793721Val Loss: 0.0016847894   LR: 1.00e-04
Epoch 1416/2000 Train Loss: 0.0022421948Val Loss: 0.0014868821   LR: 1.00e-04
Epoch 1417/2000 Train Loss: 0.0017784437Val Loss: 0.0014711781   LR: 1.00e-04
Epoch 1418/2000 Train Loss: 0.0020405002Val Loss: 0.0013929345   LR: 1.00e-04
Epoch 1419/2000 Train Loss: 0.0020328550Val Loss: 0.0016053193   LR: 1.00e-04
Epoch 1420/2000 Train Loss: 0.0019509750Val Loss: 0.0013876117   LR: 1.00e-04
Epoch 1421/2000 Train Loss: 0.0020154664Val Loss: 0.0015092667   LR: 1.00e-04
Epoch 1422/2000 Train Loss: 0.0018960136Val Loss: 0.0014867736   LR: 1.00e-04
Epoch 1423/2000 Train Loss: 0.0018168713Val Loss: 0.0014047576   LR: 1.00e-04
Epoch 1424/2000 Train Loss: 0.0019462352Val Loss: 0.0014645347   LR: 1.00e-04
Epoch 1425/2000 Train Loss: 0.0019815669Val Loss: 0.0013852018   LR: 1.00e-04
Epoch 1426/2000 Train Loss: 0.0019205812Val Loss: 0.0013395432   LR: 1.00e-04
Epoch 1427/2000 Train Loss: 0.0018775348Val Loss: 0.0013729848   LR: 1.00e-04
Epoch 1428/2000 Train Loss: 0.0021015451Val Loss: 0.0012946730   LR: 1.00e-04
Epoch 1429/2000 Train Loss: 0.0019303175Val Loss: 0.0013437536   LR: 1.00e-04
Epoch 1430/2000 Train Loss: 0.0019429884Val Loss: 0.0013786174   LR: 1.00e-04
Epoch 1431/2000 Train Loss: 0.0018542533Val Loss: 0.0014348432   LR: 1.00e-04
Epoch 1432/2000 Train Loss: 0.0018053254Val Loss: 0.0015059295   LR: 1.00e-04
Epoch 1433/2000 Train Loss: 0.0020383440Val Loss: 0.0020137430   LR: 1.00e-04
Epoch 1434/2000 Train Loss: 0.0018301290Val Loss: 0.0023074029   LR: 1.00e-04
Epoch 1435/2000 Train Loss: 0.0019127652Val Loss: 0.0013596395   LR: 1.00e-04
Epoch 1436/2000 Train Loss: 0.0018855373Val Loss: 0.0015111967   LR: 1.00e-04
Epoch 1437/2000 Train Loss: 0.0022237252Val Loss: 0.0015660859   LR: 1.00e-04
Epoch 1438/2000 Train Loss: 0.0019608344Val Loss: 0.0014287582   LR: 1.00e-04
Epoch 1439/2000 Train Loss: 0.0019038358Val Loss: 0.0014490442   LR: 1.00e-04
Epoch 1440/2000 Train Loss: 0.0021052263Val Loss: 0.0015925518   LR: 1.00e-04
Epoch 1441/2000 Train Loss: 0.0019408922Val Loss: 0.0016222011   LR: 1.00e-04
Epoch 1442/2000 Train Loss: 0.0020630090Val Loss: 0.0019582111   LR: 1.00e-04
Epoch 1443/2000 Train Loss: 0.0020013881Val Loss: 0.0014089677   LR: 1.00e-04
Epoch 1444/2000 Train Loss: 0.0018852439Val Loss: 0.0014214315   LR: 1.00e-04
Epoch 1445/2000 Train Loss: 0.0018677992Val Loss: 0.0014282599   LR: 1.00e-04
Epoch 1446/2000 Train Loss: 0.0018265640Val Loss: 0.0014050150   LR: 1.00e-04
Epoch 1447/2000 Train Loss: 0.0018015909Val Loss: 0.0014171286   LR: 1.00e-04
Epoch 1448/2000 Train Loss: 0.0019762998Val Loss: 0.0013804514   LR: 1.00e-04
Epoch 1449/2000 Train Loss: 0.0018776862Val Loss: 0.0013945147   LR: 1.00e-04
Epoch 1450/2000 Train Loss: 0.0018056093Val Loss: 0.0013933726   LR: 1.00e-04
Epoch 1451/2000 Train Loss: 0.0019567758Val Loss: 0.0013533515   LR: 1.00e-04
Epoch 1452/2000 Train Loss: 0.0020992260Val Loss: 0.0017988821   LR: 1.00e-04
Epoch 1453/2000 Train Loss: 0.0020202296Val Loss: 0.0015349094   LR: 1.00e-04
Epoch 1454/2000 Train Loss: 0.0020247712Val Loss: 0.0016516044   LR: 1.00e-04
Epoch 1455/2000 Train Loss: 0.0019120502Val Loss: 0.0014273427   LR: 1.00e-04
Epoch 1456/2000 Train Loss: 0.0018624832Val Loss: 0.0015531046   LR: 1.00e-04
Epoch 1457/2000 Train Loss: 0.0019068334Val Loss: 0.0013630810   LR: 1.00e-04
Epoch 1458/2000 Train Loss: 0.0024352841Val Loss: 0.0015808992   LR: 1.00e-04
Epoch 1459/2000 Train Loss: 0.0019285442Val Loss: 0.0013608927   LR: 1.00e-04
Epoch 1460/2000 Train Loss: 0.0019019942Val Loss: 0.0016147642   LR: 1.00e-04
Epoch 1461/2000 Train Loss: 0.0020665449Val Loss: 0.0019575554   LR: 1.00e-04
Epoch 1462/2000 Train Loss: 0.0018795978Val Loss: 0.0013181320   LR: 1.00e-04
Epoch 1463/2000 Train Loss: 0.0017662477Val Loss: 0.0014094830   LR: 1.00e-04
Epoch 1464/2000 Train Loss: 0.0018773441Val Loss: 0.0014197570   LR: 1.00e-04
Epoch 1465/2000 Train Loss: 0.0019974310Val Loss: 0.0013456828   LR: 1.00e-04
Epoch 1466/2000 Train Loss: 0.0020241704Val Loss: 0.0013671964   LR: 1.00e-04
Epoch 1467/2000 Train Loss: 0.0019390767Val Loss: 0.0014005253   LR: 1.00e-04
Epoch 1468/2000 Train Loss: 0.0017299472Val Loss: 0.0016111544   LR: 1.00e-04
Epoch 1469/2000 Train Loss: 0.0018533727Val Loss: 0.0013596716   LR: 1.00e-04
Epoch 1470/2000 Train Loss: 0.0019020888Val Loss: 0.0015412604   LR: 1.00e-04
Epoch 1471/2000 Train Loss: 0.0019120993Val Loss: 0.0018649854   LR: 1.00e-04
Epoch 1472/2000 Train Loss: 0.0022065358Val Loss: 0.0015514243   LR: 1.00e-04
Epoch 1473/2000 Train Loss: 0.0019856927Val Loss: 0.0015846009   LR: 1.00e-04
Epoch 1474/2000 Train Loss: 0.0019181289Val Loss: 0.0013088139   LR: 1.00e-04
Epoch 1475/2000 Train Loss: 0.0019478681Val Loss: 0.0013901008   LR: 1.00e-04
Epoch 1476/2000 Train Loss: 0.0018585269Val Loss: 0.0018553621   LR: 1.00e-04
Epoch 1477/2000 Train Loss: 0.0019072146Val Loss: 0.0017331673   LR: 1.00e-04
Epoch 1478/2000 Train Loss: 0.0019758000Val Loss: 0.0014390619   LR: 1.00e-04
Epoch 1479/2000 Train Loss: 0.0019724786Val Loss: 0.0015003576   LR: 1.00e-04
Epoch 1480/2000 Train Loss: 0.0018380042Val Loss: 0.0015343776   LR: 1.00e-04
Epoch 1481/2000 Train Loss: 0.0019242668Val Loss: 0.0015850597   LR: 1.00e-04
Epoch 1482/2000 Train Loss: 0.0017432890Val Loss: 0.0013167798   LR: 1.00e-04
Epoch 1483/2000 Train Loss: 0.0017809253Val Loss: 0.0013797381   LR: 1.00e-04
Epoch 1484/2000 Train Loss: 0.0018515411Val Loss: 0.0013605336   LR: 1.00e-04
Epoch 1485/2000 Train Loss: 0.0019483491Val Loss: 0.0017156073   LR: 1.00e-04
Epoch 1486/2000 Train Loss: 0.0020567530Val Loss: 0.0013747873   LR: 1.00e-04
Epoch 1487/2000 Train Loss: 0.0017408850Val Loss: 0.0013330789   LR: 1.00e-04
Epoch 1488/2000 Train Loss: 0.0019351599Val Loss: 0.0016417808   LR: 1.00e-04
Epoch 1489/2000 Train Loss: 0.0020275511Val Loss: 0.0013184208   LR: 1.00e-04
Epoch 1490/2000 Train Loss: 0.0020357247Val Loss: 0.0013475881   LR: 1.00e-04
Epoch 1491/2000 Train Loss: 0.0018810543Val Loss: 0.0015131839   LR: 1.00e-04
Epoch 1492/2000 Train Loss: 0.0017849361Val Loss: 0.0014646226   LR: 1.00e-04
Epoch 1493/2000 Train Loss: 0.0019694866Val Loss: 0.0015126486   LR: 1.00e-04
Epoch 1494/2000 Train Loss: 0.0018332689Val Loss: 0.0015154540   LR: 1.00e-04
Epoch 1495/2000 Train Loss: 0.0019031076Val Loss: 0.0014078205   LR: 1.00e-04
Epoch 1496/2000 Train Loss: 0.0020527951Val Loss: 0.0014475009   LR: 1.00e-04
Epoch 1497/2000 Train Loss: 0.0020566305Val Loss: 0.0014482409   LR: 1.00e-04
Epoch 1498/2000 Train Loss: 0.0020212679Val Loss: 0.0013632499   LR: 1.00e-04
Epoch 1499/2000 Train Loss: 0.0017117379Val Loss: 0.0013207764   LR: 1.00e-04
Epoch 1500/2000 Train Loss: 0.0020708489Val Loss: 0.0013025615   LR: 1.00e-04
Epoch 1501/2000 Train Loss: 0.0017392146Val Loss: 0.0015300293   LR: 1.00e-04
Epoch 1502/2000 Train Loss: 0.0023165184Val Loss: 0.0016405435   LR: 1.00e-04
Epoch 1503/2000 Train Loss: 0.0020107820Val Loss: 0.0015315412   LR: 1.00e-04
Epoch 1504/2000 Train Loss: 0.0019804054Val Loss: 0.0013483695   LR: 1.00e-04
Epoch 1505/2000 Train Loss: 0.0018923693Val Loss: 0.0013915107   LR: 1.00e-04
Epoch 1506/2000 Train Loss: 0.0019925023Val Loss: 0.0014067066   LR: 1.00e-04
Epoch 1507/2000 Train Loss: 0.0017518338Val Loss: 0.0013849137   LR: 1.00e-04
Epoch 1508/2000 Train Loss: 0.0017390367Val Loss: 0.0012922761   LR: 1.00e-04
Epoch 1509/2000 Train Loss: 0.0018321917Val Loss: 0.0013552983   LR: 1.00e-04
Epoch 1510/2000 Train Loss: 0.0019226069Val Loss: 0.0013378615   LR: 1.00e-04
Epoch 1511/2000 Train Loss: 0.0018660319Val Loss: 0.0023212162   LR: 1.00e-04
Epoch 1512/2000 Train Loss: 0.0018812192Val Loss: 0.0017209170   LR: 1.00e-04
Epoch 1513/2000 Train Loss: 0.0019092126Val Loss: 0.0014392218   LR: 1.00e-04
Epoch 1514/2000 Train Loss: 0.0019021376Val Loss: 0.0015922435   LR: 1.00e-04
Epoch 1515/2000 Train Loss: 0.0019486349Val Loss: 0.0014113847   LR: 1.00e-04
Epoch 1516/2000 Train Loss: 0.0017637669Val Loss: 0.0013576334   LR: 1.00e-04
Epoch 1517/2000 Train Loss: 0.0019528573Val Loss: 0.0017979919   LR: 1.00e-04
Epoch 1518/2000 Train Loss: 0.0017707523Val Loss: 0.0017155958   LR: 1.00e-04
Epoch 1519/2000 Train Loss: 0.0016959135Val Loss: 0.0014846667   LR: 1.00e-04
Epoch 1520/2000 Train Loss: 0.0020118563Val Loss: 0.0015169694   LR: 1.00e-04
Epoch 1521/2000 Train Loss: 0.0018496096Val Loss: 0.0013885567   LR: 1.00e-04
Epoch 1522/2000 Train Loss: 0.0016526771Val Loss: 0.0013352867   LR: 1.00e-04
Epoch 1523/2000 Train Loss: 0.0018053436Val Loss: 0.0013225957   LR: 1.00e-04
Epoch 1524/2000 Train Loss: 0.0018030636Val Loss: 0.0013407378   LR: 1.00e-04
Epoch 1525/2000 Train Loss: 0.0020727476Val Loss: 0.0013341462   LR: 1.00e-04
Epoch 1526/2000 Train Loss: 0.0021100556Val Loss: 0.0014082542   LR: 1.00e-04
Epoch 1527/2000 Train Loss: 0.0019144699Val Loss: 0.0014184109   LR: 1.00e-04
Epoch 1528/2000 Train Loss: 0.0018570988Val Loss: 0.0020336784   LR: 1.00e-04
Epoch 1529/2000 Train Loss: 0.0018998488Val Loss: 0.0014612296   LR: 1.00e-04
Epoch 1530/2000 Train Loss: 0.0018056286Val Loss: 0.0014786036   LR: 1.00e-04
Epoch 1531/2000 Train Loss: 0.0019014930Val Loss: 0.0013851213   LR: 1.00e-04
Epoch 1532/2000 Train Loss: 0.0019457633Val Loss: 0.0013633374   LR: 1.00e-04
Epoch 1533/2000 Train Loss: 0.0020560267Val Loss: 0.0025105510   LR: 1.00e-04
Epoch 1534/2000 Train Loss: 0.0019251573Val Loss: 0.0014281305   LR: 1.00e-04
Epoch 1535/2000 Train Loss: 0.0021157975Val Loss: 0.0013556531   LR: 1.00e-04
Epoch 1536/2000 Train Loss: 0.0017787360Val Loss: 0.0013817636   LR: 1.00e-04
Epoch 1537/2000 Train Loss: 0.0019293797Val Loss: 0.0013330892   LR: 1.00e-04
Epoch 1538/2000 Train Loss: 0.0020511629Val Loss: 0.0014546185   LR: 1.00e-04
Epoch 1539/2000 Train Loss: 0.0018602682Val Loss: 0.0013674517   LR: 1.00e-04
Epoch 1540/2000 Train Loss: 0.0018536312Val Loss: 0.0013719269   LR: 1.00e-04
Epoch 1541/2000 Train Loss: 0.0019976881Val Loss: 0.0015887904   LR: 1.00e-04
Epoch 1542/2000 Train Loss: 0.0018888193Val Loss: 0.0014154803   LR: 1.00e-04
Epoch 1543/2000 Train Loss: 0.0019253567Val Loss: 0.0017609552   LR: 1.00e-04
Epoch 1544/2000 Train Loss: 0.0018034306Val Loss: 0.0014660639   LR: 1.00e-04
Epoch 1545/2000 Train Loss: 0.0018854913Val Loss: 0.0014408677   LR: 1.00e-04
Epoch 1546/2000 Train Loss: 0.0018574689Val Loss: 0.0014872059   LR: 1.00e-04
Epoch 1547/2000 Train Loss: 0.0019943636Val Loss: 0.0014808959   LR: 1.00e-04
Epoch 1548/2000 Train Loss: 0.0018006834Val Loss: 0.0014422675   LR: 1.00e-04
Epoch 1549/2000 Train Loss: 0.0018250883Val Loss: 0.0014174037   LR: 1.00e-04
Epoch 1550/2000 Train Loss: 0.0016855848Val Loss: 0.0013029464   LR: 1.00e-04
Epoch 1551/2000 Train Loss: 0.0017904547Val Loss: 0.0014649029   LR: 1.00e-04
Epoch 1552/2000 Train Loss: 0.0017341932Val Loss: 0.0013834174   LR: 1.00e-04
Epoch 1553/2000 Train Loss: 0.0019999466Val Loss: 0.0013652274   LR: 1.00e-04
Epoch 1554/2000 Train Loss: 0.0020836112Val Loss: 0.0014591324   LR: 1.00e-04
Epoch 1555/2000 Train Loss: 0.0018368369Val Loss: 0.0016895682   LR: 1.00e-04
Epoch 1556/2000 Train Loss: 0.0017242255Val Loss: 0.0014946962   LR: 1.00e-04
Epoch 1557/2000 Train Loss: 0.0018544194Val Loss: 0.0015339849   LR: 1.00e-04
Epoch 1558/2000 Train Loss: 0.0017230368Val Loss: 0.0014144477   LR: 1.00e-04
Epoch 1559/2000 Train Loss: 0.0018222022Val Loss: 0.0014123310   LR: 1.00e-04
Epoch 1560/2000 Train Loss: 0.0018726195Val Loss: 0.0014735699   LR: 1.00e-04
Epoch 1561/2000 Train Loss: 0.0018905135Val Loss: 0.0013803859   LR: 1.00e-04
Epoch 1562/2000 Train Loss: 0.0017515743Val Loss: 0.0013089862   LR: 1.00e-04
Epoch 1563/2000 Train Loss: 0.0018840595Val Loss: 0.0013104216   LR: 1.00e-04
Epoch 1564/2000 Train Loss: 0.0016054275Val Loss: 0.0013658617   LR: 1.00e-04
Epoch 1565/2000 Train Loss: 0.0017532374Val Loss: 0.0013394845   LR: 1.00e-04
Epoch 1566/2000 Train Loss: 0.0018625425Val Loss: 0.0013579970   LR: 1.00e-04
Epoch 1567/2000 Train Loss: 0.0019155431Val Loss: 0.0020830758   LR: 1.00e-04
Epoch 1568/2000 Train Loss: 0.0020278565Val Loss: 0.0014000416   LR: 1.00e-04
Epoch 1569/2000 Train Loss: 0.0019088808Val Loss: 0.0016482731   LR: 1.00e-04
Epoch 1570/2000 Train Loss: 0.0019205140Val Loss: 0.0013961028   LR: 1.00e-04
Epoch 1571/2000 Train Loss: 0.0020535127Val Loss: 0.0013821564   LR: 1.00e-04
Epoch 1572/2000 Train Loss: 0.0017391377Val Loss: 0.0013463610   LR: 1.00e-04
Epoch 1573/2000 Train Loss: 0.0020319800Val Loss: 0.0014268480   LR: 1.00e-04
Epoch 1574/2000 Train Loss: 0.0017205686Val Loss: 0.0013702899   LR: 1.00e-04
Epoch 1575/2000 Train Loss: 0.0017256983Val Loss: 0.0015009727   LR: 1.00e-04
Epoch 1576/2000 Train Loss: 0.0017659596Val Loss: 0.0013680718   LR: 1.00e-04
Epoch 1577/2000 Train Loss: 0.0018084971Val Loss: 0.0013189197   LR: 1.00e-04
Epoch 1578/2000 Train Loss: 0.0018414741Val Loss: 0.0013334863   LR: 1.00e-04
Epoch 1579/2000 Train Loss: 0.0016785930Val Loss: 0.0013566070   LR: 1.00e-04
Epoch 1580/2000 Train Loss: 0.0018466287Val Loss: 0.0013076209   LR: 1.00e-04
Epoch 1581/2000 Train Loss: 0.0016562322Val Loss: 0.0014177610   LR: 1.00e-04
Epoch 1582/2000 Train Loss: 0.0021293114Val Loss: 0.0013558186   LR: 1.00e-04
Epoch 1583/2000 Train Loss: 0.0018808877Val Loss: 0.0012946216   LR: 1.00e-04
Epoch 1584/2000 Train Loss: 0.0017054028Val Loss: 0.0013029147   LR: 1.00e-04
Epoch 1585/2000 Train Loss: 0.0017080939Val Loss: 0.0014257087   LR: 1.00e-04
Epoch 1586/2000 Train Loss: 0.0018588560Val Loss: 0.0013770853   LR: 1.00e-04
Epoch 1587/2000 Train Loss: 0.0020425171Val Loss: 0.0014795653   LR: 1.00e-04
Epoch 1588/2000 Train Loss: 0.0017460360Val Loss: 0.0013035291   LR: 1.00e-04
Epoch 1589/2000 Train Loss: 0.0018287010Val Loss: 0.0013445084   LR: 1.00e-04
Epoch 1590/2000 Train Loss: 0.0017671678Val Loss: 0.0015858769   LR: 1.00e-04
Epoch 1591/2000 Train Loss: 0.0017399583Val Loss: 0.0013454445   LR: 1.00e-04
Epoch 1592/2000 Train Loss: 0.0017120159Val Loss: 0.0013252633   LR: 1.00e-04
Epoch 1593/2000 Train Loss: 0.0017854807Val Loss: 0.0014990550   LR: 1.00e-04
Epoch 1594/2000 Train Loss: 0.0017913164Val Loss: 0.0015436795   LR: 1.00e-04
Epoch 1595/2000 Train Loss: 0.0017814107Val Loss: 0.0013100884   LR: 1.00e-04
Epoch 1596/2000 Train Loss: 0.0018487954Val Loss: 0.0013906720   LR: 1.00e-04
Epoch 1597/2000 Train Loss: 0.0018912612Val Loss: 0.0015969016   LR: 1.00e-04
Epoch 1598/2000 Train Loss: 0.0017835274Val Loss: 0.0013339965   LR: 1.00e-04
Epoch 1599/2000 Train Loss: 0.0017607615Val Loss: 0.0013541234   LR: 1.00e-04
Epoch 1600/2000 Train Loss: 0.0019816954Val Loss: 0.0018330129   LR: 1.00e-04
Epoch 1601/2000 Train Loss: 0.0018033370Val Loss: 0.0013679239   LR: 1.00e-04
Epoch 1602/2000 Train Loss: 0.0016322655Val Loss: 0.0014393153   LR: 1.00e-04
Epoch 1603/2000 Train Loss: 0.0017785432Val Loss: 0.0013186031   LR: 1.00e-04
Epoch 1604/2000 Train Loss: 0.0017612779Val Loss: 0.0015427997   LR: 1.00e-04
Epoch 1605/2000 Train Loss: 0.0021109834Val Loss: 0.0014003281   LR: 1.00e-04
Epoch 1606/2000 Train Loss: 0.0019088798Val Loss: 0.0013212438   LR: 1.00e-04
Epoch 1607/2000 Train Loss: 0.0019756208Val Loss: 0.0013116380   LR: 1.00e-04
Epoch 1608/2000 Train Loss: 0.0018933401Val Loss: 0.0015010425   LR: 1.00e-04
Epoch 1609/2000 Train Loss: 0.0017371540Val Loss: 0.0014121280   LR: 1.00e-04
Epoch 1610/2000 Train Loss: 0.0017271859Val Loss: 0.0013744990   LR: 1.00e-04
Epoch 1611/2000 Train Loss: 0.0017785984Val Loss: 0.0013733402   LR: 1.00e-04
Epoch 1612/2000 Train Loss: 0.0017874146Val Loss: 0.0015739049   LR: 1.00e-04
Epoch 1613/2000 Train Loss: 0.0018519664Val Loss: 0.0013676094   LR: 1.00e-04
Epoch 1614/2000 Train Loss: 0.0018112489Val Loss: 0.0014607676   LR: 1.00e-04
Epoch 1615/2000 Train Loss: 0.0017614520Val Loss: 0.0013200988   LR: 1.00e-04
Epoch 1616/2000 Train Loss: 0.0017290783Val Loss: 0.0013564056   LR: 1.00e-04
Epoch 1617/2000 Train Loss: 0.0018172562Val Loss: 0.0014509311   LR: 1.00e-04
Epoch 1618/2000 Train Loss: 0.0020801237Val Loss: 0.0012678886   LR: 1.00e-04
Epoch 1619/2000 Train Loss: 0.0017003946Val Loss: 0.0013531583   LR: 1.00e-04
Epoch 1620/2000 Train Loss: 0.0018410885Val Loss: 0.0013125505   LR: 1.00e-04
Epoch 1621/2000 Train Loss: 0.0016756717Val Loss: 0.0013217395   LR: 1.00e-04
Epoch 1622/2000 Train Loss: 0.0019295784Val Loss: 0.0014022973   LR: 1.00e-04
Epoch 1623/2000 Train Loss: 0.0019914468Val Loss: 0.0013672217   LR: 1.00e-04
Epoch 1624/2000 Train Loss: 0.0019033472Val Loss: 0.0014083481   LR: 1.00e-04
Epoch 1625/2000 Train Loss: 0.0016542340Val Loss: 0.0013432249   LR: 1.00e-04
Epoch 1626/2000 Train Loss: 0.0016803757Val Loss: 0.0013948793   LR: 1.00e-04
Epoch 1627/2000 Train Loss: 0.0016890654Val Loss: 0.0012954329   LR: 1.00e-04
Epoch 1628/2000 Train Loss: 0.0017340197Val Loss: 0.0013807242   LR: 1.00e-04
Epoch 1629/2000 Train Loss: 0.0018602456Val Loss: 0.0013805822   LR: 1.00e-04
Epoch 1630/2000 Train Loss: 0.0018388052Val Loss: 0.0015520006   LR: 1.00e-04
Epoch 1631/2000 Train Loss: 0.0019975176Val Loss: 0.0015441617   LR: 1.00e-04
Epoch 1632/2000 Train Loss: 0.0019975576Val Loss: 0.0014614128   LR: 1.00e-04
Epoch 1633/2000 Train Loss: 0.0020419051Val Loss: 0.0018302961   LR: 1.00e-04
Epoch 1634/2000 Train Loss: 0.0019053649Val Loss: 0.0015997806   LR: 1.00e-04
Epoch 1635/2000 Train Loss: 0.0018844950Val Loss: 0.0013326436   LR: 1.00e-04
Epoch 1636/2000 Train Loss: 0.0016003130Val Loss: 0.0014555775   LR: 1.00e-04
Epoch 1637/2000 Train Loss: 0.0019918017Val Loss: 0.0014514488   LR: 1.00e-04
Epoch 1638/2000 Train Loss: 0.0019379786Val Loss: 0.0013272165   LR: 1.00e-04
Epoch 1639/2000 Train Loss: 0.0021657749Val Loss: 0.0015573708   LR: 1.00e-04
Epoch 1640/2000 Train Loss: 0.0016726761Val Loss: 0.0013958843   LR: 1.00e-04
Epoch 1641/2000 Train Loss: 0.0016995190Val Loss: 0.0014428256   LR: 1.00e-04
Epoch 1642/2000 Train Loss: 0.0017038882Val Loss: 0.0013014804   LR: 1.00e-04
Epoch 1643/2000 Train Loss: 0.0018865961Val Loss: 0.0013975704   LR: 1.00e-04
Epoch 1644/2000 Train Loss: 0.0017397044Val Loss: 0.0013533311   LR: 1.00e-04
Epoch 1645/2000 Train Loss: 0.0017018258Val Loss: 0.0014111714   LR: 1.00e-04
Epoch 1646/2000 Train Loss: 0.0018976684Val Loss: 0.0013526193   LR: 1.00e-04
Epoch 1647/2000 Train Loss: 0.0017106066Val Loss: 0.0014541127   LR: 1.00e-04
Epoch 1648/2000 Train Loss: 0.0018190882Val Loss: 0.0017507544   LR: 1.00e-04
Epoch 1649/2000 Train Loss: 0.0020135530Val Loss: 0.0013214478   LR: 1.00e-04
Epoch 1650/2000 Train Loss: 0.0019021449Val Loss: 0.0013973198   LR: 1.00e-04
Epoch 1651/2000 Train Loss: 0.0019549776Val Loss: 0.0013940171   LR: 1.00e-04
Epoch 1652/2000 Train Loss: 0.0019744999Val Loss: 0.0015558213   LR: 1.00e-04
Epoch 1653/2000 Train Loss: 0.0017327779Val Loss: 0.0013596303   LR: 1.00e-04
Epoch 1654/2000 Train Loss: 0.0017035924Val Loss: 0.0015615073   LR: 1.00e-04
Epoch 1655/2000 Train Loss: 0.0017425909Val Loss: 0.0012938136   LR: 1.00e-04
Epoch 1656/2000 Train Loss: 0.0017835271Val Loss: 0.0019085660   LR: 1.00e-04
Epoch 1657/2000 Train Loss: 0.0018216757Val Loss: 0.0012780903   LR: 1.00e-04
Epoch 1658/2000 Train Loss: 0.0017587843Val Loss: 0.0013817098   LR: 1.00e-04
Epoch 1659/2000 Train Loss: 0.0016438068Val Loss: 0.0012500502   LR: 1.00e-04
Epoch 1660/2000 Train Loss: 0.0017396924Val Loss: 0.0014274243   LR: 1.00e-04
Epoch 1661/2000 Train Loss: 0.0018167066Val Loss: 0.0014780129   LR: 1.00e-04
Epoch 1662/2000 Train Loss: 0.0018231290Val Loss: 0.0013086913   LR: 1.00e-04
Epoch 1663/2000 Train Loss: 0.0018471383Val Loss: 0.0013580591   LR: 1.00e-04
Epoch 1664/2000 Train Loss: 0.0018816164Val Loss: 0.0013413404   LR: 1.00e-04
Epoch 1665/2000 Train Loss: 0.0017108894Val Loss: 0.0013806547   LR: 1.00e-04
Epoch 1666/2000 Train Loss: 0.0018557968Val Loss: 0.0013350645   LR: 1.00e-04
Epoch 1667/2000 Train Loss: 0.0017380766Val Loss: 0.0014520179   LR: 1.00e-04
Epoch 1668/2000 Train Loss: 0.0016520010Val Loss: 0.0013907715   LR: 1.00e-04
Epoch 1669/2000 Train Loss: 0.0015030421Val Loss: 0.0013337846   LR: 1.00e-04
Epoch 1670/2000 Train Loss: 0.0017823900Val Loss: 0.0013042566   LR: 1.00e-04
Epoch 1671/2000 Train Loss: 0.0019438352Val Loss: 0.0014196643   LR: 1.00e-04
Epoch 1672/2000 Train Loss: 0.0016849449Val Loss: 0.0014176495   LR: 1.00e-04
Epoch 1673/2000 Train Loss: 0.0017666409Val Loss: 0.0013614488   LR: 1.00e-04
Epoch 1674/2000 Train Loss: 0.0016484550Val Loss: 0.0014478611   LR: 1.00e-04
Epoch 1675/2000 Train Loss: 0.0020724829Val Loss: 0.0012823204   LR: 1.00e-04
Epoch 1676/2000 Train Loss: 0.0019516056Val Loss: 0.0014555441   LR: 1.00e-04
Epoch 1677/2000 Train Loss: 0.0019626958Val Loss: 0.0013151809   LR: 1.00e-04
Epoch 1678/2000 Train Loss: 0.0018484619Val Loss: 0.0014084992   LR: 1.00e-04
Epoch 1679/2000 Train Loss: 0.0019712313Val Loss: 0.0012601042   LR: 1.00e-04
Epoch 1680/2000 Train Loss: 0.0018309905Val Loss: 0.0013376924   LR: 1.00e-04
Epoch 1681/2000 Train Loss: 0.0016454910Val Loss: 0.0013162729   LR: 1.00e-04
Epoch 1682/2000 Train Loss: 0.0017620998Val Loss: 0.0013769728   LR: 1.00e-04
Epoch 1683/2000 Train Loss: 0.0017092397Val Loss: 0.0013298399   LR: 1.00e-04
Epoch 1684/2000 Train Loss: 0.0018093232Val Loss: 0.0016280133   LR: 1.00e-04
Epoch 1685/2000 Train Loss: 0.0018280021Val Loss: 0.0014791066   LR: 1.00e-04
Epoch 1686/2000 Train Loss: 0.0018105823Val Loss: 0.0012800555   LR: 1.00e-04
Epoch 1687/2000 Train Loss: 0.0019002085Val Loss: 0.0013679428   LR: 1.00e-04
Epoch 1688/2000 Train Loss: 0.0018651335Val Loss: 0.0014581968   LR: 1.00e-04
Epoch 1689/2000 Train Loss: 0.0015606889Val Loss: 0.0012974259   LR: 1.00e-04
Epoch 1690/2000 Train Loss: 0.0015796920Val Loss: 0.0012915460   LR: 1.00e-04
Epoch 1691/2000 Train Loss: 0.0017783349Val Loss: 0.0013597278   LR: 1.00e-04
Epoch 1692/2000 Train Loss: 0.0019421572Val Loss: 0.0013800669   LR: 1.00e-04
Epoch 1693/2000 Train Loss: 0.0017779151Val Loss: 0.0012949679   LR: 1.00e-04
Epoch 1694/2000 Train Loss: 0.0017867092Val Loss: 0.0014733752   LR: 1.00e-04
Epoch 1695/2000 Train Loss: 0.0017846846Val Loss: 0.0013839733   LR: 1.00e-04
Epoch 1696/2000 Train Loss: 0.0017111095Val Loss: 0.0015907259   LR: 1.00e-04
Epoch 1697/2000 Train Loss: 0.0017142301Val Loss: 0.0013188013   LR: 1.00e-04
Epoch 1698/2000 Train Loss: 0.0018912810Val Loss: 0.0014942703   LR: 1.00e-04
Epoch 1699/2000 Train Loss: 0.0019158630Val Loss: 0.0014243790   LR: 1.00e-04
Epoch 1700/2000 Train Loss: 0.0017891268Val Loss: 0.0012556100   LR: 1.00e-04
Epoch 1701/2000 Train Loss: 0.0017482654Val Loss: 0.0018131710   LR: 1.00e-04
Epoch 1702/2000 Train Loss: 0.0017086782Val Loss: 0.0013933703   LR: 1.00e-04
Epoch 1703/2000 Train Loss: 0.0016159069Val Loss: 0.0016146757   LR: 1.00e-04
Epoch 1704/2000 Train Loss: 0.0018709458Val Loss: 0.0016675257   LR: 1.00e-04
Epoch 1705/2000 Train Loss: 0.0019297526Val Loss: 0.0013652796   LR: 1.00e-04
Epoch 1706/2000 Train Loss: 0.0017621163Val Loss: 0.0014995013   LR: 1.00e-04
Epoch 1707/2000 Train Loss: 0.0020615539Val Loss: 0.0014142419   LR: 1.00e-04
Epoch 1708/2000 Train Loss: 0.0018021366Val Loss: 0.0012914125   LR: 1.00e-04
Epoch 1709/2000 Train Loss: 0.0017860024Val Loss: 0.0014060301   LR: 1.00e-04
Epoch 1710/2000 Train Loss: 0.0017302775Val Loss: 0.0015213251   LR: 1.00e-04
Epoch 1711/2000 Train Loss: 0.0019056090Val Loss: 0.0013766148   LR: 1.00e-04
Epoch 1712/2000 Train Loss: 0.0017251222Val Loss: 0.0013340374   LR: 1.00e-04
Epoch 1713/2000 Train Loss: 0.0017837618Val Loss: 0.0014860268   LR: 1.00e-04
Epoch 1714/2000 Train Loss: 0.0018214194Val Loss: 0.0013355534   LR: 1.00e-04
Epoch 1715/2000 Train Loss: 0.0017964783Val Loss: 0.0013762126   LR: 1.00e-04
Epoch 1716/2000 Train Loss: 0.0017384443Val Loss: 0.0014643555   LR: 1.00e-04
Epoch 1717/2000 Train Loss: 0.0019623363Val Loss: 0.0014374250   LR: 1.00e-04
Epoch 1718/2000 Train Loss: 0.0016752247Val Loss: 0.0013147835   LR: 1.00e-04
Epoch 1719/2000 Train Loss: 0.0017015800Val Loss: 0.0016737679   LR: 1.00e-04
Epoch 1720/2000 Train Loss: 0.0018622713Val Loss: 0.0013513939   LR: 1.00e-04
Epoch 1721/2000 Train Loss: 0.0017272115Val Loss: 0.0013380675   LR: 1.00e-04
Epoch 1722/2000 Train Loss: 0.0017584634Val Loss: 0.0012881278   LR: 1.00e-04
Epoch 1723/2000 Train Loss: 0.0018170988Val Loss: 0.0013893289   LR: 1.00e-04
Epoch 1724/2000 Train Loss: 0.0017808297Val Loss: 0.0017110360   LR: 1.00e-04
Epoch 1725/2000 Train Loss: 0.0017999731Val Loss: 0.0013958840   LR: 1.00e-04
Epoch 1726/2000 Train Loss: 0.0018785272Val Loss: 0.0012959319   LR: 1.00e-04
Epoch 1727/2000 Train Loss: 0.0016731991Val Loss: 0.0013684517   LR: 1.00e-04
Epoch 1728/2000 Train Loss: 0.0017668587Val Loss: 0.0013147096   LR: 1.00e-04
Epoch 1729/2000 Train Loss: 0.0020072575Val Loss: 0.0014169905   LR: 1.00e-04
Epoch 1730/2000 Train Loss: 0.0018009253Val Loss: 0.0017188649   LR: 1.00e-04
Epoch 1731/2000 Train Loss: 0.0018118998Val Loss: 0.0013869622   LR: 1.00e-04
Epoch 1732/2000 Train Loss: 0.0017360298Val Loss: 0.0014767289   LR: 1.00e-04
Epoch 1733/2000 Train Loss: 0.0017905984Val Loss: 0.0013575605   LR: 1.00e-04
Epoch 1734/2000 Train Loss: 0.0016257548Val Loss: 0.0013727841   LR: 1.00e-04
Epoch 1735/2000 Train Loss: 0.0017689111Val Loss: 0.0014894483   LR: 1.00e-04
Epoch 1736/2000 Train Loss: 0.0017457404Val Loss: 0.0014656007   LR: 1.00e-04
Epoch 1737/2000 Train Loss: 0.0017838819Val Loss: 0.0013413421   LR: 1.00e-04
Epoch 1738/2000 Train Loss: 0.0020214071Val Loss: 0.0013030382   LR: 1.00e-04
Epoch 1739/2000 Train Loss: 0.0015485739Val Loss: 0.0015079593   LR: 1.00e-04
Epoch 1740/2000 Train Loss: 0.0015926083Val Loss: 0.0014466826   LR: 1.00e-04
Epoch 1741/2000 Train Loss: 0.0016451291Val Loss: 0.0013489304   LR: 1.00e-04
Epoch 1742/2000 Train Loss: 0.0016282806Val Loss: 0.0013576995   LR: 1.00e-04
Epoch 1743/2000 Train Loss: 0.0017239120Val Loss: 0.0015527752   LR: 1.00e-04
Epoch 1744/2000 Train Loss: 0.0018708512Val Loss: 0.0012872059   LR: 1.00e-04
Epoch 1745/2000 Train Loss: 0.0018356951Val Loss: 0.0014211922   LR: 1.00e-04
Epoch 1746/2000 Train Loss: 0.0018004673Val Loss: 0.0013484201   LR: 1.00e-04
Epoch 1747/2000 Train Loss: 0.0016806859Val Loss: 0.0015959259   LR: 1.00e-04
Epoch 1748/2000 Train Loss: 0.0017346249Val Loss: 0.0013826967   LR: 1.00e-04
Epoch 1749/2000 Train Loss: 0.0017075160Val Loss: 0.0013310279   LR: 1.00e-04
Epoch 1750/2000 Train Loss: 0.0018997270Val Loss: 0.0013421759   LR: 1.00e-04
Epoch 1751/2000 Train Loss: 0.0018431273Val Loss: 0.0015941866   LR: 1.00e-04
Epoch 1752/2000 Train Loss: 0.0018547790Val Loss: 0.0013819105   LR: 1.00e-04
Epoch 1753/2000 Train Loss: 0.0016625841Val Loss: 0.0014786676   LR: 1.00e-04
Epoch 1754/2000 Train Loss: 0.0016482707Val Loss: 0.0014504898   LR: 1.00e-04
Epoch 1755/2000 Train Loss: 0.0019726085Val Loss: 0.0014878447   LR: 1.00e-04
Epoch 1756/2000 Train Loss: 0.0018154617Val Loss: 0.0014632905   LR: 1.00e-04
Epoch 1757/2000 Train Loss: 0.0017355912Val Loss: 0.0014129881   LR: 1.00e-04
Epoch 1758/2000 Train Loss: 0.0015741600Val Loss: 0.0013243329   LR: 1.00e-04
Epoch 1759/2000 Train Loss: 0.0017702818Val Loss: 0.0013271841   LR: 1.00e-04
Epoch 1760/2000 Train Loss: 0.0017355607Val Loss: 0.0012681980   LR: 1.00e-04
Epoch 1761/2000 Train Loss: 0.0018203211Val Loss: 0.0016842498   LR: 1.00e-04
Epoch 1762/2000 Train Loss: 0.0019703605Val Loss: 0.0014682811   LR: 1.00e-04
Epoch 1763/2000 Train Loss: 0.0018856951Val Loss: 0.0014723414   LR: 1.00e-04
Epoch 1764/2000 Train Loss: 0.0019498697Val Loss: 0.0015098108   LR: 1.00e-04
Epoch 1765/2000 Train Loss: 0.0019316899Val Loss: 0.0013151392   LR: 1.00e-04
Epoch 1766/2000 Train Loss: 0.0017068037Val Loss: 0.0012680786   LR: 1.00e-04
Epoch 1767/2000 Train Loss: 0.0017862486Val Loss: 0.0013461287   LR: 1.00e-04
Epoch 1768/2000 Train Loss: 0.0018519533Val Loss: 0.0015221887   LR: 1.00e-04
Epoch 1769/2000 Train Loss: 0.0019850731Val Loss: 0.0013406909   LR: 1.00e-04
Epoch 1770/2000 Train Loss: 0.0015466776Val Loss: 0.0013046402   LR: 1.00e-04
Epoch 1771/2000 Train Loss: 0.0018636799Val Loss: 0.0013197959   LR: 1.00e-04
Epoch 1772/2000 Train Loss: 0.0017715096Val Loss: 0.0013801963   LR: 1.00e-04
Epoch 1773/2000 Train Loss: 0.0017024354Val Loss: 0.0012913037   LR: 1.00e-04
Epoch 1774/2000 Train Loss: 0.0015924571Val Loss: 0.0012962411   LR: 1.00e-04
Epoch 1775/2000 Train Loss: 0.0016969842Val Loss: 0.0014277624   LR: 1.00e-04
Epoch 1776/2000 Train Loss: 0.0017428782Val Loss: 0.0012965699   LR: 1.00e-04
Epoch 1777/2000 Train Loss: 0.0017027249Val Loss: 0.0013511110   LR: 1.00e-04
Epoch 1778/2000 Train Loss: 0.0020566859Val Loss: 0.0014661466   LR: 1.00e-04
Epoch 1779/2000 Train Loss: 0.0016958871Val Loss: 0.0015264108   LR: 1.00e-04
Epoch 1780/2000 Train Loss: 0.0015987556Val Loss: 0.0013085079   LR: 1.00e-04
Epoch 1781/2000 Train Loss: 0.0017089980Val Loss: 0.0013336432   LR: 1.00e-04
Epoch 1782/2000 Train Loss: 0.0019281911Val Loss: 0.0012830793   LR: 1.00e-04
Epoch 1783/2000 Train Loss: 0.0018030727Val Loss: 0.0015989364   LR: 1.00e-04
Epoch 1784/2000 Train Loss: 0.0016986836Val Loss: 0.0016742856   LR: 1.00e-04
Epoch 1785/2000 Train Loss: 0.0017206060Val Loss: 0.0014637359   LR: 1.00e-04
Epoch 1786/2000 Train Loss: 0.0016290522Val Loss: 0.0013463873   LR: 1.00e-04
Epoch 1787/2000 Train Loss: 0.0016384447Val Loss: 0.0012813309   LR: 1.00e-04
Epoch 1788/2000 Train Loss: 0.0017525554Val Loss: 0.0013220011   LR: 1.00e-04
Epoch 1789/2000 Train Loss: 0.0018519328Val Loss: 0.0013597202   LR: 1.00e-04
Epoch 1790/2000 Train Loss: 0.0018191103Val Loss: 0.0012782174   LR: 1.00e-04
Epoch 1791/2000 Train Loss: 0.0016604368Val Loss: 0.0013849522   LR: 1.00e-04
Epoch 1792/2000 Train Loss: 0.0018260093Val Loss: 0.0013855572   LR: 1.00e-04
Epoch 1793/2000 Train Loss: 0.0018385694Val Loss: 0.0016865465   LR: 1.00e-04
Epoch 1794/2000 Train Loss: 0.0017834658Val Loss: 0.0013413286   LR: 1.00e-04
Epoch 1795/2000 Train Loss: 0.0017460940Val Loss: 0.0014088469   LR: 1.00e-04
Epoch 1796/2000 Train Loss: 0.0018202970Val Loss: 0.0013115729   LR: 1.00e-04
Epoch 1797/2000 Train Loss: 0.0017555200Val Loss: 0.0013447001   LR: 1.00e-04
Epoch 1798/2000 Train Loss: 0.0019308243Val Loss: 0.0012743352   LR: 1.00e-04
Epoch 1799/2000 Train Loss: 0.0017325583Val Loss: 0.0013737451   LR: 1.00e-04
Epoch 1800/2000 Train Loss: 0.0016292513Val Loss: 0.0012504152   LR: 1.00e-04
Epoch 1801/2000 Train Loss: 0.0018452037Val Loss: 0.0016326119   LR: 1.00e-04
Epoch 1802/2000 Train Loss: 0.0017245452Val Loss: 0.0013584833   LR: 1.00e-04
Epoch 1803/2000 Train Loss: 0.0020981624Val Loss: 0.0014003080   LR: 1.00e-04
Epoch 1804/2000 Train Loss: 0.0018524298Val Loss: 0.0014781531   LR: 1.00e-04
Epoch 1805/2000 Train Loss: 0.0018432458Val Loss: 0.0013001239   LR: 1.00e-04
Epoch 1806/2000 Train Loss: 0.0016645210Val Loss: 0.0013598961   LR: 1.00e-04
Epoch 1807/2000 Train Loss: 0.0016762442Val Loss: 0.0016908873   LR: 1.00e-04
Epoch 1808/2000 Train Loss: 0.0017379547Val Loss: 0.0013261162   LR: 1.00e-04
Epoch 1809/2000 Train Loss: 0.0016916923Val Loss: 0.0014103807   LR: 1.00e-04
Epoch 1810/2000 Train Loss: 0.0016532161Val Loss: 0.0013152309   LR: 1.00e-04
Epoch 1811/2000 Train Loss: 0.0018427104Val Loss: 0.0013737431   LR: 1.00e-04
Epoch 1812/2000 Train Loss: 0.0018101273Val Loss: 0.0017673180   LR: 1.00e-04
Epoch 1813/2000 Train Loss: 0.0019198743Val Loss: 0.0013305411   LR: 1.00e-04
Epoch 1814/2000 Train Loss: 0.0017146477Val Loss: 0.0013997842   LR: 1.00e-04
Epoch 1815/2000 Train Loss: 0.0017677848Val Loss: 0.0015062947   LR: 1.00e-04
Epoch 1816/2000 Train Loss: 0.0018846158Val Loss: 0.0017756355   LR: 1.00e-04
Epoch 1817/2000 Train Loss: 0.0018369711Val Loss: 0.0014378586   LR: 1.00e-04
Epoch 1818/2000 Train Loss: 0.0019341070Val Loss: 0.0012580281   LR: 1.00e-04
Epoch 1819/2000 Train Loss: 0.0019038517Val Loss: 0.0014820582   LR: 1.00e-04
Epoch 1820/2000 Train Loss: 0.0016643265Val Loss: 0.0014088699   LR: 1.00e-04
Epoch 1821/2000 Train Loss: 0.0019164713Val Loss: 0.0013362823   LR: 1.00e-04
Epoch 1822/2000 Train Loss: 0.0020504233Val Loss: 0.0013332971   LR: 1.00e-04
Epoch 1823/2000 Train Loss: 0.0020218580Val Loss: 0.0013620441   LR: 1.00e-04
Epoch 1824/2000 Train Loss: 0.0016827815Val Loss: 0.0014479459   LR: 1.00e-04
Epoch 1825/2000 Train Loss: 0.0016459551Val Loss: 0.0012318507   LR: 1.00e-04
Epoch 1826/2000 Train Loss: 0.0016728250Val Loss: 0.0015356440   LR: 1.00e-04
Epoch 1827/2000 Train Loss: 0.0018200750Val Loss: 0.0014174367   LR: 1.00e-04
Epoch 1828/2000 Train Loss: 0.0016149880Val Loss: 0.0012884038   LR: 1.00e-04
Epoch 1829/2000 Train Loss: 0.0016636563Val Loss: 0.0013959289   LR: 1.00e-04
Epoch 1830/2000 Train Loss: 0.0018323183Val Loss: 0.0016007508   LR: 1.00e-04
Epoch 1831/2000 Train Loss: 0.0017484276Val Loss: 0.0012673017   LR: 1.00e-04
Epoch 1832/2000 Train Loss: 0.0014750862Val Loss: 0.0013191303   LR: 1.00e-04
Epoch 1833/2000 Train Loss: 0.0017093707Val Loss: 0.0016178001   LR: 1.00e-04
Epoch 1834/2000 Train Loss: 0.0018093452Val Loss: 0.0012843316   LR: 1.00e-04
Epoch 1835/2000 Train Loss: 0.0017207618Val Loss: 0.0013691561   LR: 1.00e-04
Epoch 1836/2000 Train Loss: 0.0015131861Val Loss: 0.0014717996   LR: 1.00e-04
Epoch 1837/2000 Train Loss: 0.0021859532Val Loss: 0.0014381466   LR: 1.00e-04
Epoch 1838/2000 Train Loss: 0.0017653968Val Loss: 0.0012857140   LR: 1.00e-04
Epoch 1839/2000 Train Loss: 0.0016430537Val Loss: 0.0014358054   LR: 1.00e-04
Epoch 1840/2000 Train Loss: 0.0018564059Val Loss: 0.0015201997   LR: 1.00e-04
Epoch 1841/2000 Train Loss: 0.0017725185Val Loss: 0.0014396610   LR: 1.00e-04
Epoch 1842/2000 Train Loss: 0.0017374374Val Loss: 0.0013365800   LR: 1.00e-04
Epoch 1843/2000 Train Loss: 0.0016662242Val Loss: 0.0012836317   LR: 1.00e-04
Epoch 1844/2000 Train Loss: 0.0016262513Val Loss: 0.0015151318   LR: 1.00e-04
Epoch 1845/2000 Train Loss: 0.0016388039Val Loss: 0.0014531040   LR: 1.00e-04
Epoch 1846/2000 Train Loss: 0.0017357992Val Loss: 0.0013509818   LR: 1.00e-04
Epoch 1847/2000 Train Loss: 0.0014654685Val Loss: 0.0015518944   LR: 1.00e-04
Epoch 1848/2000 Train Loss: 0.0017202299Val Loss: 0.0014814836   LR: 1.00e-04
Epoch 1849/2000 Train Loss: 0.0017395560Val Loss: 0.0012833260   LR: 1.00e-04
Epoch 1850/2000 Train Loss: 0.0019311546Val Loss: 0.0014857383   LR: 1.00e-04
Epoch 1851/2000 Train Loss: 0.0016368685Val Loss: 0.0013194222   LR: 1.00e-04
Epoch 1852/2000 Train Loss: 0.0016694622Val Loss: 0.0012772800   LR: 1.00e-04
Epoch 1853/2000 Train Loss: 0.0018655494Val Loss: 0.0014488407   LR: 1.00e-04
Epoch 1854/2000 Train Loss: 0.0016314234Val Loss: 0.0012828037   LR: 1.00e-04
Epoch 1855/2000 Train Loss: 0.0017492411Val Loss: 0.0012766556   LR: 1.00e-04
Epoch 1856/2000 Train Loss: 0.0016453652Val Loss: 0.0012797199   LR: 1.00e-04
Epoch 1857/2000 Train Loss: 0.0017477254Val Loss: 0.0012758425   LR: 1.00e-04
Epoch 1858/2000 Train Loss: 0.0017908586Val Loss: 0.0013098004   LR: 1.00e-04
Epoch 1859/2000 Train Loss: 0.0016365159Val Loss: 0.0013686341   LR: 1.00e-04
Epoch 1860/2000 Train Loss: 0.0016243242Val Loss: 0.0013065126   LR: 1.00e-04
Epoch 1861/2000 Train Loss: 0.0017518009Val Loss: 0.0013934513   LR: 1.00e-04
Epoch 1862/2000 Train Loss: 0.0016607000Val Loss: 0.0017400111   LR: 1.00e-04
Epoch 1863/2000 Train Loss: 0.0018658223Val Loss: 0.0012658382   LR: 1.00e-04
Epoch 1864/2000 Train Loss: 0.0018249872Val Loss: 0.0016140321   LR: 1.00e-04
Epoch 1865/2000 Train Loss: 0.0017739040Val Loss: 0.0012666953   LR: 1.00e-04
Epoch 1866/2000 Train Loss: 0.0016529771Val Loss: 0.0012845601   LR: 1.00e-04
Epoch 1867/2000 Train Loss: 0.0017107364Val Loss: 0.0013613997   LR: 1.00e-04
Epoch 1868/2000 Train Loss: 0.0017220729Val Loss: 0.0012478202   LR: 1.00e-04
Epoch 1869/2000 Train Loss: 0.0015011134Val Loss: 0.0013666635   LR: 1.00e-04
Epoch 1870/2000 Train Loss: 0.0017387169Val Loss: 0.0013108500   LR: 1.00e-04
Epoch 1871/2000 Train Loss: 0.0015918486Val Loss: 0.0012779203   LR: 1.00e-04
Epoch 1872/2000 Train Loss: 0.0017701489Val Loss: 0.0013691151   LR: 1.00e-04
Epoch 1873/2000 Train Loss: 0.0014947298Val Loss: 0.0012403246   LR: 1.00e-04
Epoch 1874/2000 Train Loss: 0.0015866845Val Loss: 0.0012876819   LR: 1.00e-04
Epoch 1875/2000 Train Loss: 0.0016060498Val Loss: 0.0012476539   LR: 1.00e-04
Epoch 1876/2000 Train Loss: 0.0017145216Val Loss: 0.0014005128   LR: 1.00e-04
Epoch 1877/2000 Train Loss: 0.0017586997Val Loss: 0.0017830357   LR: 1.00e-04
Epoch 1878/2000 Train Loss: 0.0016015741Val Loss: 0.0014043609   LR: 1.00e-04
Epoch 1879/2000 Train Loss: 0.0017283416Val Loss: 0.0013919852   LR: 1.00e-04
Epoch 1880/2000 Train Loss: 0.0017137149Val Loss: 0.0015568706   LR: 1.00e-04
Epoch 1881/2000 Train Loss: 0.0020015385Val Loss: 0.0012911914   LR: 1.00e-04
Epoch 1882/2000 Train Loss: 0.0016889090Val Loss: 0.0014436707   LR: 1.00e-04
Epoch 1883/2000 Train Loss: 0.0015847586Val Loss: 0.0014288744   LR: 1.00e-04
Epoch 1884/2000 Train Loss: 0.0017017637Val Loss: 0.0012674739   LR: 1.00e-04
Epoch 1885/2000 Train Loss: 0.0020108211Val Loss: 0.0015374153   LR: 1.00e-04
Epoch 1886/2000 Train Loss: 0.0016518936Val Loss: 0.0014102183   LR: 1.00e-04
Epoch 1887/2000 Train Loss: 0.0018113934Val Loss: 0.0018398531   LR: 1.00e-04
Epoch 1888/2000 Train Loss: 0.0018007473Val Loss: 0.0012573944   LR: 1.00e-04
Epoch 1889/2000 Train Loss: 0.0017163762Val Loss: 0.0014543065   LR: 1.00e-04
Epoch 1890/2000 Train Loss: 0.0017027493Val Loss: 0.0017067533   LR: 1.00e-04
Epoch 1891/2000 Train Loss: 0.0018371242Val Loss: 0.0012663896   LR: 1.00e-04
Epoch 1892/2000 Train Loss: 0.0017426004Val Loss: 0.0012788425   LR: 1.00e-04
Epoch 1893/2000 Train Loss: 0.0018622808Val Loss: 0.0012756029   LR: 1.00e-04
Epoch 1894/2000 Train Loss: 0.0016031122Val Loss: 0.0013367457   LR: 1.00e-04
Epoch 1895/2000 Train Loss: 0.0016858858Val Loss: 0.0012897307   LR: 1.00e-04
Epoch 1896/2000 Train Loss: 0.0016751525Val Loss: 0.0014552724   LR: 1.00e-04
Epoch 1897/2000 Train Loss: 0.0016131180Val Loss: 0.0013981980   LR: 1.00e-04
Epoch 1898/2000 Train Loss: 0.0017447603Val Loss: 0.0014984534   LR: 1.00e-04
Epoch 1899/2000 Train Loss: 0.0016422361Val Loss: 0.0013570348   LR: 1.00e-04
Epoch 1900/2000 Train Loss: 0.0016695954Val Loss: 0.0013522153   LR: 1.00e-04
Epoch 1901/2000 Train Loss: 0.0017094407Val Loss: 0.0013003482   LR: 1.00e-04
Epoch 1902/2000 Train Loss: 0.0015431105Val Loss: 0.0013269131   LR: 1.00e-04
Epoch 1903/2000 Train Loss: 0.0015685927Val Loss: 0.0013057360   LR: 1.00e-04
Epoch 1904/2000 Train Loss: 0.0014833862Val Loss: 0.0013646586   LR: 1.00e-04
Epoch 1905/2000 Train Loss: 0.0016910339Val Loss: 0.0013735136   LR: 1.00e-04
Epoch 1906/2000 Train Loss: 0.0017845985Val Loss: 0.0013463889   LR: 1.00e-04
Epoch 1907/2000 Train Loss: 0.0018665141Val Loss: 0.0014310385   LR: 1.00e-04
Epoch 1908/2000 Train Loss: 0.0015874225Val Loss: 0.0014416528   LR: 1.00e-04
Epoch 1909/2000 Train Loss: 0.0018493578Val Loss: 0.0013168714   LR: 1.00e-04
Epoch 1910/2000 Train Loss: 0.0017091786Val Loss: 0.0012649727   LR: 1.00e-04
Epoch 1911/2000 Train Loss: 0.0015337187Val Loss: 0.0013190320   LR: 1.00e-04
Epoch 1912/2000 Train Loss: 0.0015676512Val Loss: 0.0012857394   LR: 1.00e-04
Epoch 1913/2000 Train Loss: 0.0016418277Val Loss: 0.0012466319   LR: 1.00e-04
Epoch 1914/2000 Train Loss: 0.0017253838Val Loss: 0.0015935802   LR: 1.00e-04
Epoch 1915/2000 Train Loss: 0.0017375600Val Loss: 0.0013125384   LR: 1.00e-04
Epoch 1916/2000 Train Loss: 0.0014996441Val Loss: 0.0012695395   LR: 1.00e-04
Epoch 1917/2000 Train Loss: 0.0019003190Val Loss: 0.0012736848   LR: 1.00e-04
Epoch 1918/2000 Train Loss: 0.0018014065Val Loss: 0.0012365117   LR: 1.00e-04
Epoch 1919/2000 Train Loss: 0.0016503909Val Loss: 0.0012546237   LR: 1.00e-04
Epoch 1920/2000 Train Loss: 0.0017354160Val Loss: 0.0013594715   LR: 1.00e-04
Epoch 1921/2000 Train Loss: 0.0018363215Val Loss: 0.0013781694   LR: 1.00e-04
Epoch 1922/2000 Train Loss: 0.0016455204Val Loss: 0.0012868382   LR: 1.00e-04
Epoch 1923/2000 Train Loss: 0.0019396956Val Loss: 0.0021140437   LR: 1.00e-04
Epoch 1924/2000 Train Loss: 0.0017381379Val Loss: 0.0013992157   LR: 1.00e-04
Epoch 1925/2000 Train Loss: 0.0016198154Val Loss: 0.0012419142   LR: 1.00e-04
Epoch 1926/2000 Train Loss: 0.0017250457Val Loss: 0.0017776486   LR: 1.00e-04
Epoch 1927/2000 Train Loss: 0.0018067432Val Loss: 0.0012681901   LR: 1.00e-04
Epoch 1928/2000 Train Loss: 0.0014638242Val Loss: 0.0012161894   LR: 1.00e-04
Epoch 1929/2000 Train Loss: 0.0017495460Val Loss: 0.0014639911   LR: 1.00e-04
Epoch 1930/2000 Train Loss: 0.0014770085Val Loss: 0.0012776480   LR: 1.00e-04
Epoch 1931/2000 Train Loss: 0.0017932133Val Loss: 0.0015539601   LR: 1.00e-04
Epoch 1932/2000 Train Loss: 0.0018945455Val Loss: 0.0015643466   LR: 1.00e-04
Epoch 1933/2000 Train Loss: 0.0016421888Val Loss: 0.0012657770   LR: 1.00e-04
Epoch 1934/2000 Train Loss: 0.0015178960Val Loss: 0.0012724150   LR: 1.00e-04
Epoch 1935/2000 Train Loss: 0.0017460773Val Loss: 0.0012813627   LR: 1.00e-04
Epoch 1936/2000 Train Loss: 0.0016594076Val Loss: 0.0013502259   LR: 1.00e-04
Epoch 1937/2000 Train Loss: 0.0016941461Val Loss: 0.0013061058   LR: 1.00e-04
Epoch 1938/2000 Train Loss: 0.0017984666Val Loss: 0.0012913624   LR: 1.00e-04
Epoch 1939/2000 Train Loss: 0.0016383284Val Loss: 0.0015019051   LR: 1.00e-04
Epoch 1940/2000 Train Loss: 0.0016997794Val Loss: 0.0013825425   LR: 1.00e-04
Epoch 1941/2000 Train Loss: 0.0018052729Val Loss: 0.0012763145   LR: 1.00e-04
Epoch 1942/2000 Train Loss: 0.0015210233Val Loss: 0.0013094105   LR: 1.00e-04
Epoch 1943/2000 Train Loss: 0.0015679071Val Loss: 0.0016718514   LR: 1.00e-04
Epoch 1944/2000 Train Loss: 0.0019070831Val Loss: 0.0013779304   LR: 1.00e-04
Epoch 1945/2000 Train Loss: 0.0018170467Val Loss: 0.0012644192   LR: 1.00e-04
Epoch 1946/2000 Train Loss: 0.0016494542Val Loss: 0.0012377377   LR: 1.00e-04
Epoch 1947/2000 Train Loss: 0.0016882481Val Loss: 0.0012698250   LR: 1.00e-04
Epoch 1948/2000 Train Loss: 0.0015976515Val Loss: 0.0013009984   LR: 1.00e-04
Epoch 1949/2000 Train Loss: 0.0016535823Val Loss: 0.0014891817   LR: 1.00e-04
Epoch 1950/2000 Train Loss: 0.0018502209Val Loss: 0.0012675739   LR: 1.00e-04
Epoch 1951/2000 Train Loss: 0.0019039551Val Loss: 0.0013611800   LR: 1.00e-04
Epoch 1952/2000 Train Loss: 0.0013456843Val Loss: 0.0015092698   LR: 1.00e-04
Epoch 1953/2000 Train Loss: 0.0017303348Val Loss: 0.0012731100   LR: 1.00e-04
Epoch 1954/2000 Train Loss: 0.0015736167Val Loss: 0.0012795393   LR: 1.00e-04
Epoch 1955/2000 Train Loss: 0.0017642740Val Loss: 0.0014477934   LR: 1.00e-04
Epoch 1956/2000 Train Loss: 0.0016570046Val Loss: 0.0012733425   LR: 1.00e-04
Epoch 1957/2000 Train Loss: 0.0016584970Val Loss: 0.0012450238   LR: 1.00e-04
Epoch 1958/2000 Train Loss: 0.0015719382Val Loss: 0.0013019581   LR: 1.00e-04
Epoch 1959/2000 Train Loss: 0.0015434590Val Loss: 0.0016376753   LR: 1.00e-04
Epoch 1960/2000 Train Loss: 0.0020113504Val Loss: 0.0015043045   LR: 1.00e-04
Epoch 1961/2000 Train Loss: 0.0017844851Val Loss: 0.0012366264   LR: 1.00e-04
Epoch 1962/2000 Train Loss: 0.0015148438Val Loss: 0.0013305448   LR: 1.00e-04
Epoch 1963/2000 Train Loss: 0.0015922771Val Loss: 0.0012886341   LR: 1.00e-04
Epoch 1964/2000 Train Loss: 0.0018220876Val Loss: 0.0013123987   LR: 1.00e-04
Epoch 1965/2000 Train Loss: 0.0017123364Val Loss: 0.0012851217   LR: 1.00e-04
Epoch 1966/2000 Train Loss: 0.0016890526Val Loss: 0.0015462016   LR: 1.00e-04
Epoch 1967/2000 Train Loss: 0.0017585450Val Loss: 0.0014197674   LR: 1.00e-04
Epoch 1968/2000 Train Loss: 0.0015373406Val Loss: 0.0014691435   LR: 1.00e-04
Epoch 1969/2000 Train Loss: 0.0015867408Val Loss: 0.0014042893   LR: 1.00e-04
Epoch 1970/2000 Train Loss: 0.0015474794Val Loss: 0.0013028070   LR: 1.00e-04
Epoch 1971/2000 Train Loss: 0.0016659593Val Loss: 0.0012894188   LR: 1.00e-04
Epoch 1972/2000 Train Loss: 0.0015585865Val Loss: 0.0013346766   LR: 1.00e-04
Epoch 1973/2000 Train Loss: 0.0017267458Val Loss: 0.0020181996   LR: 1.00e-04
Epoch 1974/2000 Train Loss: 0.0019362288Val Loss: 0.0014092051   LR: 1.00e-04
Epoch 1975/2000 Train Loss: 0.0017097049Val Loss: 0.0013119680   LR: 1.00e-04
Epoch 1976/2000 Train Loss: 0.0016460156Val Loss: 0.0013917138   LR: 1.00e-04
Epoch 1977/2000 Train Loss: 0.0015758436Val Loss: 0.0013097949   LR: 1.00e-04
Epoch 1978/2000 Train Loss: 0.0018295494Val Loss: 0.0013774809   LR: 1.00e-04
Epoch 1979/2000 Train Loss: 0.0015474011Val Loss: 0.0012675893   LR: 1.00e-04
Epoch 1980/2000 Train Loss: 0.0018177972Val Loss: 0.0013058366   LR: 1.00e-04
Epoch 1981/2000 Train Loss: 0.0015882230Val Loss: 0.0014098670   LR: 1.00e-04
Epoch 1982/2000 Train Loss: 0.0017239250Val Loss: 0.0012659809   LR: 1.00e-04
Epoch 1983/2000 Train Loss: 0.0017724067Val Loss: 0.0019196756   LR: 1.00e-04
Epoch 1984/2000 Train Loss: 0.0017664774Val Loss: 0.0013873199   LR: 1.00e-04
Epoch 1985/2000 Train Loss: 0.0015287234Val Loss: 0.0015529332   LR: 1.00e-04
Epoch 1986/2000 Train Loss: 0.0015046290Val Loss: 0.0013331009   LR: 1.00e-04
Epoch 1987/2000 Train Loss: 0.0018014918Val Loss: 0.0012612258   LR: 1.00e-04
Epoch 1988/2000 Train Loss: 0.0014868034Val Loss: 0.0013460413   LR: 1.00e-04
Epoch 1989/2000 Train Loss: 0.0016125157Val Loss: 0.0013133122   LR: 1.00e-04
Epoch 1990/2000 Train Loss: 0.0016257489Val Loss: 0.0013448596   LR: 1.00e-04
Epoch 1991/2000 Train Loss: 0.0015890184Val Loss: 0.0014156093   LR: 1.00e-04
Epoch 1992/2000 Train Loss: 0.0015286255Val Loss: 0.0012605868   LR: 1.00e-04
Epoch 1993/2000 Train Loss: 0.0016369559Val Loss: 0.0012474738   LR: 1.00e-04
Epoch 1994/2000 Train Loss: 0.0015576255Val Loss: 0.0013653103   LR: 1.00e-04
Epoch 1995/2000 Train Loss: 0.0014369408Val Loss: 0.0012494603   LR: 1.00e-04
Epoch 1996/2000 Train Loss: 0.0016241674Val Loss: 0.0013553587   LR: 1.00e-04
Epoch 1997/2000 Train Loss: 0.0017811165Val Loss: 0.0012831306   LR: 1.00e-04
Epoch 1998/2000 Train Loss: 0.0015566013Val Loss: 0.0013166317   LR: 1.00e-04
Epoch 1999/2000 Train Loss: 0.0017684968Val Loss: 0.0012895998   LR: 1.00e-04
Epoch 2000/2000 Train Loss: 0.0015079200Val Loss: 0.0014384143   LR: 1.00e-04
