[MESH] Max bdr attr: 1
  attr 1 : 380 bdr elements
[BC] ess_tdof_list size = 402
LAYER=60 / layers=129  idx=39375 / solSize=50311
LAYER=80 / layers=129  idx=31152 / solSize=50311
LAYER=128 / layers=129  idx=905 / solSize=50311
LAYER=92 / layers=129  idx=25180 / solSize=50311
LAYER=64 / layers=129  idx=37862 / solSize=50311
LAYER=115 / layers=129  idx=10813 / solSize=50311
LAYER=77 / layers=129  idx=32401 / solSize=50311
LAYER=128 / layers=129  idx=1438 / solSize=50311
LAYER=119 / layers=129  idx=7835 / solSize=50311
LAYER=104 / layers=129  idx=17862 / solSize=50311
LAYER=120 / layers=129  idx=7304 / solSize=50311
LAYER=52 / layers=129  idx=42232 / solSize=50311
LAYER=68 / layers=129  idx=36573 / solSize=50311
LAYER=87 / layers=129  idx=27801 / solSize=50311
LAYER=70 / layers=129  idx=35810 / solSize=50311
LAYER=84 / layers=129  idx=29139 / solSize=50311
LAYER=102 / layers=129  idx=18926 / solSize=50311
LAYER=115 / layers=129  idx=10500 / solSize=50311
LAYER=65 / layers=129  idx=37457 / solSize=50311
LAYER=63 / layers=129  idx=38227 / solSize=50311
LAYER=79 / layers=129  idx=31704 / solSize=50311
LAYER=59 / layers=129  idx=39792 / solSize=50311
LAYER=63 / layers=129  idx=38297 / solSize=50311
LAYER=74 / layers=129  idx=34005 / solSize=50311
LAYER=34 / layers=129  idx=46892 / solSize=50311
LAYER=94 / layers=129  idx=23569 / solSize=50311
LAYER=37 / layers=129  idx=46176 / solSize=50311
LAYER=22 / layers=129  idx=48874 / solSize=50311
LAYER=69 / layers=129  idx=36154 / solSize=50311
LAYER=11 / layers=129  idx=49942 / solSize=50311
LAYER=82 / layers=129  idx=29908 / solSize=50311
LAYER=104 / layers=129  idx=17713 / solSize=50311
LAYER=91 / layers=129  idx=25683 / solSize=50311
LAYER=101 / layers=129  idx=19795 / solSize=50311
LAYER=97 / layers=129  idx=22100 / solSize=50311
LAYER=120 / layers=129  idx=7061 / solSize=50311
LAYER=50 / layers=129  idx=42955 / solSize=50311
LAYER=74 / layers=129  idx=33937 / solSize=50311
LAYER=129 / layers=129  idx=700 / solSize=50311
LAYER=112 / layers=129  idx=12943 / solSize=50311
LAYER=110 / layers=129  idx=13834 / solSize=50311
LAYER=34 / layers=129  idx=46917 / solSize=50311
LAYER=127 / layers=129  idx=1738 / solSize=50311
LAYER=84 / layers=129  idx=29367 / solSize=50311
LAYER=84 / layers=129  idx=28958 / solSize=50311
LAYER=108 / layers=129  idx=15603 / solSize=50311
LAYER=19 / layers=129  idx=49232 / solSize=50311
LAYER=81 / layers=129  idx=30784 / solSize=50311
LAYER=30 / layers=129  idx=47635 / solSize=50311
LAYER=79 / layers=129  idx=31670 / solSize=50311
LAYER=95 / layers=129  idx=23045 / solSize=50311
LAYER=52 / layers=129  idx=42049 / solSize=50311
LAYER=41 / layers=129  idx=45234 / solSize=50311
LAYER=111 / layers=129  idx=13148 / solSize=50311
LAYER=60 / layers=129  idx=39437 / solSize=50311
LAYER=107 / layers=129  idx=16211 / solSize=50311
LAYER=25 / layers=129  idx=48446 / solSize=50311
LAYER=105 / layers=129  idx=17083 / solSize=50311
LAYER=73 / layers=129  idx=34120 / solSize=50311
LAYER=101 / layers=129  idx=19692 / solSize=50311
LAYER=126 / layers=129  idx=2934 / solSize=50311
LAYER=48 / layers=129  idx=43351 / solSize=50311
LAYER=30 / layers=129  idx=47690 / solSize=50311
LAYER=105 / layers=129  idx=17392 / solSize=50311
LAYER=32 / layers=129  idx=47168 / solSize=50311
LAYER=58 / layers=129  idx=40354 / solSize=50311
LAYER=39 / layers=129  idx=45631 / solSize=50311
LAYER=123 / layers=129  idx=5168 / solSize=50311
LAYER=64 / layers=129  idx=37892 / solSize=50311
LAYER=77 / layers=129  idx=32735 / solSize=50311
LAYER=118 / layers=129  idx=8832 / solSize=50311
LAYER=93 / layers=129  idx=24506 / solSize=50311
LAYER=92 / layers=129  idx=24667 / solSize=50311
LAYER=113 / layers=129  idx=11746 / solSize=50311
LAYER=85 / layers=129  idx=28470 / solSize=50311
LAYER=21 / layers=129  idx=49000 / solSize=50311
LAYER=119 / layers=129  idx=8138 / solSize=50311
LAYER=106 / layers=129  idx=16667 / solSize=50311
LAYER=121 / layers=129  idx=6246 / solSize=50311
LAYER=40 / layers=129  idx=45451 / solSize=50311
LAYER=51 / layers=129  idx=42646 / solSize=50311
LAYER=108 / layers=129  idx=15517 / solSize=50311
LAYER=83 / layers=129  idx=29662 / solSize=50311
LAYER=87 / layers=129  idx=27345 / solSize=50311
LAYER=119 / layers=129  idx=7942 / solSize=50311
LAYER=92 / layers=129  idx=25075 / solSize=50311
LAYER=94 / layers=129  idx=23942 / solSize=50311
LAYER=119 / layers=129  idx=7787 / solSize=50311
LAYER=101 / layers=129  idx=19530 / solSize=50311
LAYER=112 / layers=129  idx=12547 / solSize=50311
LAYER=63 / layers=129  idx=38357 / solSize=50311
LAYER=107 / layers=129  idx=16191 / solSize=50311
LAYER=121 / layers=129  idx=6579 / solSize=50311
LAYER=122 / layers=129  idx=5929 / solSize=50311
LAYER=84 / layers=129  idx=28990 / solSize=50311
LAYER=112 / layers=129  idx=12806 / solSize=50311
LAYER=8 / layers=129  idx=50098 / solSize=50311
LAYER=94 / layers=129  idx=23559 / solSize=50311
LAYER=40 / layers=129  idx=45620 / solSize=50311
LAYER=71 / layers=129  idx=35274 / solSize=50311
LAYER=121 / layers=129  idx=6129 / solSize=50311
LAYER=55 / layers=129  idx=41073 / solSize=50311
LAYER=99 / layers=129  idx=20942 / solSize=50311
LAYER=125 / layers=129  idx=3235 / solSize=50311
LAYER=114 / layers=129  idx=11228 / solSize=50311
LAYER=112 / layers=129  idx=12354 / solSize=50311
LAYER=109 / layers=129  idx=14867 / solSize=50311
LAYER=105 / layers=129  idx=17105 / solSize=50311
LAYER=76 / layers=129  idx=32957 / solSize=50311
LAYER=51 / layers=129  idx=42509 / solSize=50311
LAYER=82 / layers=129  idx=30240 / solSize=50311
LAYER=75 / layers=129  idx=33273 / solSize=50311
LAYER=113 / layers=129  idx=11956 / solSize=50311
LAYER=61 / layers=129  idx=39098 / solSize=50311
LAYER=81 / layers=129  idx=30848 / solSize=50311
LAYER=106 / layers=129  idx=16488 / solSize=50311
LAYER=64 / layers=129  idx=37907 / solSize=50311
LAYER=109 / layers=129  idx=14661 / solSize=50311
LAYER=106 / layers=129  idx=16393 / solSize=50311
LAYER=98 / layers=129  idx=21594 / solSize=50311
LAYER=113 / layers=129  idx=11868 / solSize=50311
LAYER=12 / layers=129  idx=49849 / solSize=50311
LAYER=109 / layers=129  idx=14523 / solSize=50311
LAYER=62 / layers=129  idx=38920 / solSize=50311
LAYER=121 / layers=129  idx=6701 / solSize=50311
LAYER=114 / layers=129  idx=11531 / solSize=50311
LAYER=98 / layers=129  idx=21309 / solSize=50311
LAYER=58 / layers=129  idx=40090 / solSize=50311
LAYER=23 / layers=129  idx=48733 / solSize=50311
LAYER=113 / layers=129  idx=11882 / solSize=50311
LAYER=85 / layers=129  idx=28700 / solSize=50311
LAYER=39 / layers=129  idx=45646 / solSize=50311
LAYER=91 / layers=129  idx=25718 / solSize=50311
LAYER=127 / layers=129  idx=1720 / solSize=50311
LAYER=120 / layers=129  idx=6997 / solSize=50311
LAYER=99 / layers=129  idx=20703 / solSize=50311
LAYER=54 / layers=129  idx=41404 / solSize=50311
LAYER=72 / layers=129  idx=34888 / solSize=50311
LAYER=82 / layers=129  idx=30127 / solSize=50311
LAYER=20 / layers=129  idx=49075 / solSize=50311
LAYER=51 / layers=129  idx=42653 / solSize=50311
LAYER=93 / layers=129  idx=24244 / solSize=50311
LAYER=95 / layers=129  idx=23353 / solSize=50311
LAYER=108 / layers=129  idx=15351 / solSize=50311
LAYER=29 / layers=129  idx=47760 / solSize=50311
LAYER=13 / layers=129  idx=49839 / solSize=50311
LAYER=88 / layers=129  idx=26966 / solSize=50311
LAYER=105 / layers=129  idx=17318 / solSize=50311
LAYER=101 / layers=129  idx=19996 / solSize=50311
LAYER=128 / layers=129  idx=916 / solSize=50311
LAYER=75 / layers=129  idx=33576 / solSize=50311
LAYER=85 / layers=129  idx=28675 / solSize=50311
LAYER=75 / layers=129  idx=33387 / solSize=50311
LAYER=118 / layers=129  idx=8274 / solSize=50311
LAYER=84 / layers=129  idx=29254 / solSize=50311
LAYER=95 / layers=129  idx=22973 / solSize=50311
LAYER=75 / layers=129  idx=33294 / solSize=50311
LAYER=100 / layers=129  idx=20362 / solSize=50311
LAYER=113 / layers=129  idx=11889 / solSize=50311
LAYER=48 / layers=129  idx=43473 / solSize=50311
LAYER=86 / layers=129  idx=28365 / solSize=50311
LAYER=83 / layers=129  idx=29503 / solSize=50311
LAYER=112 / layers=129  idx=12689 / solSize=50311
LAYER=84 / layers=129  idx=29357 / solSize=50311
LAYER=99 / layers=129  idx=20700 / solSize=50311
LAYER=103 / layers=129  idx=18646 / solSize=50311
LAYER=127 / layers=129  idx=2137 / solSize=50311
LAYER=114 / layers=129  idx=11363 / solSize=50311
LAYER=54 / layers=129  idx=41438 / solSize=50311
LAYER=97 / layers=129  idx=22291 / solSize=50311
LAYER=55 / layers=129  idx=41336 / solSize=50311
LAYER=39 / layers=129  idx=45808 / solSize=50311
LAYER=97 / layers=129  idx=22325 / solSize=50311
LAYER=74 / layers=129  idx=33807 / solSize=50311
LAYER=119 / layers=129  idx=[MESH] Max bdr attr: 7861 / solSize=50311
LAYER=93 / layers=129  idx=24291 / solSize=50311
LAYER=61 / layers=129  idx=39233 / solSize=150311

LAYER=52 / layers=129  idx=42091 / solSize=50311
LAYER=88 / layers=  attr 1291  idx= : 26934 / solSize=50311
380 bdr elements
LAYER=[BC] ess_tdof_list size = 44 / layers=129  idx=40244441
 / solSize=50311
LAYER=103 / layers=129  idx=18319 / solSize=50311
LAYER=25 / layers=129  idx=48434 / solSize=50311
LAYER=88 / layers=129  idx=LAYER=27207 / solSize=53 / layers=12950311  idx=41915 / solSize=
50311
LAYER=94 / layers=129  idx=23791 / solSize=50311
LAYER=LAYER=54 / layers=79129 / layers=129  idx=  idx=3159741622[MESH] Max bdr attr:  / solSize=50311
LAYER=124 / layers=129  idx=3869 / solSize=50311
LAYER=61 / layers=129  idx=39259 / solSize=50311
LAYER=74 / layers=129  idx=33965 / solSize=50311
LAYER=26 / layers=129  idx=48288 / solSize=50311
 / solSize=LAYER=119 / layers=129  idx=78231
  attr 1 : 380 bdr elements
[BC] ess_tdof_list size = 402
 / solSize=50311
LAYER=46 / layers=129  idx=44017 / solSize=50311
LAYER=97 / layers=129  idx=22226 / solSize=50311
LAYER=94 / layers=129  idx=24018 / solSize=50311
LAYER=106 / layers=129  idx=16816 / solSize=50311
LAYER=124 / layers=LAYER=50311129
62  idx=LAYER= / layers=82129  idx=420138708 / solSize=50311
LAYER=62 / layers=129  idx=38700 / solSize= / solSize=5031150311

 / layers=LAYER=84 / layers=LAYER=12912997 / layers=  idx=  idx=2932912930155 / solSize=50311
 / solSize=LAYER=5031158 / layers=  idx=22118 / solSize=50311
LAYER=126 / layers=129  idx=3029 / solSize=50311
LAYER=88 / layers=129  idx=27278 / solSize=50311
129LAYER=87 / layers=129  idx=  idx=
LAYER=97 / layers=129  idx=22268 / solSize=50311
LAYER=2767744 / solSize= / layers=12950311  idx=
4460140227 / solSize=LAYER= / solSize=50311
LAYER=96 / layers=129  idx=22880 / solSize=50311
120LAYER= / layers=128129 / layers=  idx=1297145  idx= / solSize=13405031150311
LAYER=108 / layers=129  idx=15155 / solSize=50311
LAYER=25 / layers=129  idx=48466 / solSize=50311
LAYER=52 / layers=129
  idx=LAYER=42248122 / solSize=50311
 / solSize=LAYER=54 / layers=50311 / layers=129  idx=129  idx=5978 / solSize=50311

LAYER=8641632LAYER=52 / layers=129  idx=42187 / solSize=50311
LAYER= / solSize=67 / layers=129  idx=5031136856
 / solSize=50311
LAYER= / layers=LAYER=110129 / layers=129  idx=28360 / solSize=108  idx=14149 / solSize= / layers=50311
LAYER=129 / layers=129  idx=0 / solSize=50311
LAYER=129 / layers=129  idx=12997  idx= / solSize=1541550311 / solSize=
50311
LAYER=129 / layers=129  idx=194 / solSize=LAYER=50311
23LAYER= / layers=129129  idx=48694 / solSize= / layers=50311
129LAYER=  idx=9529050311
LAYER=113 / layers=129  idx=11831 / solSize=50311
LAYER=116 / layers=129  idx=9789 / solSize= / solSize=5031150311
 / layers=
129  idx=23333 / solSize=LAYER=129 / layers=129  idx=387LAYER=50311
LAYER=106 / layers=34129 / layers=  idx=16869 / solSize=12950311  idx=46943 / solSize= / solSize=50311
LAYER=119 / layers=129  idx=7977 / solSize=50311
LAYER=78 / layers=129  idx=32223 / solSize=50311
LAYER=127 / layers=129  idx=1934 / solSize=50311
50311
LAYER=LAYER=108129 / layers=
129 / layers=LAYER=75 / layers=129  idx=33301 / solSize=50311
LAYER=106 / layers=129  idx=16423 / solSize=50311
LAYER=110 / layers=129129  idx=  idx=14160484 / solSize= / solSize=5031150311
LAYER=
129LAYER=24 / layers= / layers=129129  idx=48559  idx= / solSize=50311
580LAYER=  idx=15004 / solSize=50311
LAYER=99 / layers=129  idx=21187 / solSize=50311
LAYER=91 / layers=129  idx=25203 / solSize=50311
LAYER=123 / layers=129  idx=4668 / solSize=50311
LAYER=105 / layers=129  idx=17159 / solSize=50311
 / solSize=LAYER=82 / layers=129  idx=5031130051
LAYER= / solSize=12950311 / layers=
129  idx=677 / solSize=10950311LAYER= / layers=90 / layers=129  idx=26207 / solSize=50311
LAYER=57 / layers=129  idx=40643 / solSize=50311
129LAYER=  idx=11 / layers=129  idx=49952 / solSize=
50311
LAYER=117 / layers=129  idx=9114 / solSize=50311
LAYER=129 / layers=129  idx=14 / solSize=50311
LAYER=98 / layers=129  idx=21474 / solSize=50311
LAYER=38 / layers=129  idx=45925 / solSize=50311
LAYER=93 / layers=129  idx=24336 / solSize=50311
14656LAYER= / solSize=111 / layers=129  idx=1320350311 / solSize=
50311LAYER=
94LAYER= / layers=129  idx=23549 / solSize=5850311 / layers=
129LAYER=119  idx= / layers=40159129 / solSize=  idx=503117626 / solSize=50311

LAYER=55 / layers=LAYER=129115  idx= / layers=41212129 / solSize=50311
  idx=LAYER=1073266 / solSize= / layers=50311129  idx=37146 / solSize=50311

LAYER=115 / layers=LAYER=12998 / layers=129  idx=  idx=2151810535 / solSize= / solSize=5031150311

LAYER=LAYER=100121 / layers= / layers=129  idx=1296339  idx=20516 / solSize= / solSize=5031150311

LAYER=36 / layers=129  idx=LAYER=Update boundaries
4638590UPDATE VOLTAGE START / layers=
[BC] updateElectrodeVoltage(0) V=129  idx=26011 / solSize=50311
LAYER=70 / layers=129  idx=35816 / solSize=50311
LAYER=97 / layers=129  idx=22358 / solSize=50311
LAYER=99 / layers=129  idx=20734 / solSize=50311
LAYER=123 / layers=129  idx=4854 / solSize=50311
LAYER=114 / layers=129  idx= / solSize=1144850311
 / solSize=LAYER=5031188 / layers=129  idx=
27214LAYER= / solSize=4250311 / layers=
129LAYER=  idx=4244905 / layers= / solSize=50311129
  idx=45043 / solSize=50311
LAYER=LAYER=13103 / layers=129  idx= / layers=18305129 / solSize=  idx=5031149840
 / solSize=LAYER=79 / layers=129  idx=31806 / solSize=50311
LAYER=77 / layers=129  idx=32549 / solSize=50311
LAYER=11950311 / layers=
129  idx=7626 / solSize=LAYER=50311
58LAYER= / layers=129  idx=40373 / solSize=5750311 / layers=
0129 #verts=LAYER=  idx=121 / layers=129  idx=612040489 / solSize=50311
 / solSize=LAYER=50311128
LAYER=120 / layers=129  idx=7065 / solSize=50311
 / layers=LAYER=129103  idx= / layers=1197129  idx=18751 / solSize= / solSize=503115050311
LAYER=
42LAYER= / layers=71129  idx=45082 / solSize=
 / layers=129[BC] solutionVector finite after write? yes
UPDATE VOLTAGE END 
UPDATE VOLTAGE START
[BC] updateElectrodeVoltage(1) V=  idx=35338 / solSize=50311
-0.0543081LAYER= #verts=54 / layers=129  idx=41614 / solSize=5031150

50311LAYER=
LAYER=116 / layers=129  idx=10285 / solSize=50311
LAYER=11582 / layers= / layers=129  idx=10563 / solSize=50311
129  idx=LAYER=30289[BC] solutionVector finite after write?  / solSize=50311yes

UPDATE VOLTAGE END 97
LAYER=UPDATE VOLTAGE START19
[BC] updateElectrodeVoltage(2 / layers= / layers=129  idx=49216 / solSize=50311
LAYER=123 / layers=129  idx=5198 / solSize=50311
LAYER=67 / layers=129  idx=36985 / solSize=12950311  idx=
) V=22012LAYER= / solSize=0.830934 #verts=4250311
LAYER=91 / layers=129  idx=25732 / solSize=50311
LAYER=117 / layers=129  idx=9029 / solSize=50311
 / layers=LAYER=12965  idx= / layers=45107129  idx=37733 / solSize=50311
LAYER=77 / layers=129  idx= / solSize=3242050311
 / solSize=50311LAYER=
119 / layers=129  idx=LAYER=7713 / solSize=50311
LAYER=57 / layers=129  idx=40662 / solSize=50311
LAYER=78 / layers=129  idx=32089 / solSize=50311
LAYER=34 / layers=12979  idx= / layers=4689551 / solSize=50311129
LAYER=72 / layers=129  idx=34973 / solSize=50311
LAYER=103 / layers=129  idx=18275 / solSize=50311
LAYER=  idx=12931492 / layers= / solSize=129  idx=127 / solSize=50311
LAYER=88 / layers=129  idx=27327 / solSize=5031150311

LAYER=85 / layers=129  idx=28790 / solSize=50311

LAYER=27 / layers=129  idx=48100 / solSize=50311
LAYER=105 / layers=129  idx=17293 / solSize=50311
LAYER=97 / layers=129  idx=22104 / solSize=50311
LAYER=88 / layers=129  idx=[BC] solutionVector finite after write? 27223yesLAYER= / solSize=
50311
73LAYER=119 / layers= / layers=129  idx=34267 / solSize=50311
LAYER=61 / layers=129129  idx=  idx=770639123 / solSize=50311
LAYER=51 / layers=129  idx=42425 / solSize=50311
LAYER=109 / layers=129  idx=14492 / solSize=50311
LAYER=112 / layers=129  idx=12647 / solSize=50311
LAYER=128 / layers=129  idx=899 / solSize=50311
LAYER=40 / layers=129  idx=45612 / solSize=50311
LAYER=106 / layers=129  idx=16400 / solSize=50311
 / solSize=LAYER=10 / layers=129  idx=50023 / solSize=50311
LAYER=127 / layers=129  idx=1892 / solSize=5031150311

LAYER=LAYER=100106 / layers=129  idx=16601 / solSize= / layers=UPDATE VOLTAGE END 129  idx=20352 / solSize=5031150311
LAYER=79 / layers=129  idx=31415 / solSize=
50311LAYER=73 / layers=
129LAYER=  idx=
34480 / solSize=50311
LAYER=120 / layers=129  idx=7455 / solSize=50311
LAYER=59 / layers=129  idx=39991 / solSize=50311
LAYER=123 / layers=129  idx=4722 / solSize=50311UPDATE VOLTAGE START

[BC] updateElectrodeVoltage(3) V=LAYER=84 / layers=1.22664129  idx=29253 / solSize=50311
LAYER=63 / layers=129  idx=38559 / solSize=50311
LAYER=114 / layers=129  idx=11213 / solSize=50311
LAYER=34 / layers= #verts=12950
  idx=[BC] solutionVector finite after write? 46861yes / solSize=14
50311 / layers=
UPDATE VOLTAGE END 129  idx=49738 / solSize=50311
LAYER=LAYER=97 / layers=129  idx=22280 / solSize=50311
LAYER=77 / layers=80129 / layers=  idx=32422 / solSize=12950311  idx=31126 / solSize=
50311
LAYER=77 / layers=129  idx=32303 / solSize=50311
LAYER=76 / layers=129  idx=LAYER=32794121 / layers=129  idx= / solSize=639450311 / solSize=50311


LAYER=LAYER=57 / layers=UPDATE VOLTAGE START66 / layers=129129  idx=
40656 / solSize=50311
[BC] updateElectrodeVoltage(  idx=LAYER=37163105 / layers=129  idx=17482 / solSize=50311
 / solSize=LAYER=5031170
 / layers=LAYER=491 / layers=129  idx=25303 / solSize=50311
LAYER=47 / layers=129  idx=43571 / solSize=50311
LAYER=121 / layers=129  idx=6707 / solSize=) V=50311-0.972495129  idx= #verts=35447
 / solSize=50LAYER=
[BC] solutionVector finite after write? yes
UPDATE VOLTAGE END 
UPDATE VOLTAGE START
[BC] updateElectrodeVoltage(5) V=[MESH] Max bdr attr: 61 / layers=129  idx=39006 / solSize=50311
LAYER=110 / layers=129  idx=13784 / solSize=50311
LAYER=95 / layers=129  idx=23208 / solSize=50311
LAYER=32 / layers=129  idx=5031147280
 / solSize=503111

  attr LAYER=1.15643 #verts=50
[BC] solutionVector finite after write? 109LAYER= / layers=129yes  idx=6114628 / layers=
129  idx=39313 / solSize=50311 / solSize=
LAYER=96 / layers=50311129  idx=22559 / solSize=
503111LAYER=UPDATE VOLTAGE END 104
 / layers=UPDATE VOLTAGE START129  idx=17798 / solSize=
50311
LAYER=34 / layers=129  idx=
46825LAYER= / solSize=[BC] updateElectrodeVoltage(128 / layers=12950311  idx= : 
380LAYER= bdr elements
[BC] ess_tdof_list size = 402
6119) V=LAYER=102 / layers=129  idx=19121 / solSize=50311
LAYER=19 / layers=129  idx=492660.13513 / solSize=50311
 #verts=LAYER=51
[BC] solutionVector finite after write? yes
UPDATE VOLTAGE END 
UPDATE VOLTAGE START
[BC] updateElectrodeVoltage(7) V=0.178431 #verts=50
[BC] solutionVector finite after write? yes
UPDATE VOLTAGE END 
[RUN] begin: sol size=50311
[RUN] solutionVector finite at entry? yes
42 / layers=129  idx=45129 / solSize=50311
LAYER=88 / layers=129  idx=27287 / solSize=50311
 / layers=LAYER=12956  idx= / layers=8568008 / solSize=12950311  idx=
 / solSize=40736LAYER= / solSize=123 / layers=129  idx=5214 / solSize=50311
LAYER=47 / layers=129  idx=43589 / solSize=50311
LAYER=95 / layers=129  idx=23108 / solSize=50311
LAYER=113 / layers=129  idx=12139 / solSize=50311
LAYER=87 / layers=129  idx=27768 / solSize=50311
50311LAYER=
117LAYER= / layers=112129 / layers=129  idx=  idx=902050311 / solSize=
50311LAYER=
10012837 / layers=129  idx=20518LAYER=39 / layers=129  idx=45692 / solSize=50311
LAYER=72 / layers=129  idx=34700 / solSize=50311
LAYER=120 / layers=129  idx=6991 / solSize= / solSize=5031150311

LAYER=36 / layers=129  idx=46361 / solSize=50311
LAYER=44 / layers=LAYER=112 / layers=129  idx=12621 / solSize=50311
LAYER=120 / layers=129  idx=6826 / solSize=50311
 / solSize=50311
LAYER=55 / layers=129  idx=41247 / solSize=50311
LAYER=68 / layers=129129  idx=  idx=44604 / solSize=36502 / solSize=5031150311

LAYER=LAYER=LAYER=104111106 / layers=129  idx=17664 / solSize=50311
LAYER=78 / layers=129  idx=32285 / solSize=50311
LAYER=58 / layers=129  idx=40175 / solSize=50311
LAYER=69 / layers=129  idx=36018 / solSize=50311
LAYER=66 / layers=129  idx= / layers=37358129  idx=16650 / solSize= / solSize=5031150311
 / layers=LAYER=129
82 / layers=129  idx=29928 / solSize=50311
LAYER=89 / layers=129  idx=26494 / solSize=50311
LAYER=123 / layers=129  idx=5025 / solSize=50311
LAYER=59 / layers=129  idx=39770 / solSize=50311
LAYER=105 / layers=129LAYER=  idx=13190 / solSize=50311
LAYER=84 / layers=129  idx=28914 / solSize=50311
93 / layers=LAYER=129  idx=24612 / solSize=12050311 / layers=129  idx=6891
 / solSize=50311
LAYER=LAYER=120 / layers=129  idx=681183 / solSize= / layers=50311
129  idx=17172 / solSize=50311
LAYER=112 / layers=129  idx=12863 / solSize=50311
LAYER=76 / layers=129  idx=33194 / solSize=50311
LAYER=79 / layers=129  idx=31775 / solSize=50311
  idx=LAYER=2942947 / layers= / solSize=LAYER=12950311  idx=38
LAYER=8043625 / solSize=50311
LAYER=116 / layers=129  idx=10225 / solSize=50311
LAYER=63 / layers=129  idx=38537 / solSize=50311
 / layers=LAYER=129  idx=31026 / solSize=9350311 / layers=129  idx= / layers=
24127129  idx=46000 / solSize=50311
LAYER=106 / layers=129  idx=16550 / solSize=50311
LAYER=85 / layers=129  idx=28639 / solSize=50311 / solSize=
50311LAYER=
121LAYER= / layers=119129  idx=6366 / solSize=LAYER= / layers=62 / layers=129129  idx=50311  idx=7864
 / solSize=50311
LAYER=98 / layers=129  idx=21480 / solSize=50311
LAYER=88 / layers=129  idx=27029 / solSize=50311
LAYER=LAYER=12093 / layers=38810129  idx=24233 / solSize=50311
LAYER=51 / layers=129  idx=42531 / solSize=50311
 / solSize=LAYER=5031189 / layers=129  idx=26667 / solSize=
 / layers=129  idx=7232 / solSize=50311
LAYER=44 / layers=129  idx=44568 / solSize=LAYER=50311105 / layers=129
  idx=LAYER=1744135 / solSize= / layers=50311129
  idx=LAYER=4660777 / solSize=5031150311 / layers=

LAYER=LAYER=100117 / layers=129129 / layers=  idx=  idx=129  idx=20152 / solSize=50311
LAYER=127 / layers=129  idx=2271 / solSize=50311
LAYER=43 / layers=129  idx=44740 / solSize=50311
LAYER=47 / layers=129  idx=43686 / solSize=943450311 / solSize=
3256450311LAYER=
LAYER=120 / layers=129  idx=7331 / solSize=50311
LAYER=21 / layers=129  idx=4549034 / layers= / solSize=50311129
 / solSize=50311
LAYER=66 / layers=129  idx=37181 / solSize=50311
LAYER=81 / layers=129  idx=30504 / solSize=50311
LAYER=LAYER=116103 / layers= / layers=129  idx=18654 / solSize=12950311  idx=
10112LAYER= / solSize=5031176 / layers=129  idx=33108 / solSize=50311
  idx=LAYER=50 / layers=129  idx=42895 / solSize=50311
LAYER=110 / layers=129  idx=4424013686 / solSize= / solSize=50311
50311LAYER=108 / layers=129

  idx=LAYER=15315129 / layers= / solSize=129  idx=147 / solSize=50311
LAYER=118 / layers=129  idx=8754 / solSize=50311
LAYER=107 / layers=129  idx=5031116248
 / solSize=LAYER=8150311 / layers=129  idx=LAYER=30503 / solSize=50311
LAYER=35 / layers=129  idx=46654 / solSize=50311
LAYER=78 / layers=129  idx=31883 / solSize=11150311 / layers=
129  idx=
13187LAYER= / solSize=8950311 / layers=129LAYER=  idx=26483 / solSize=50311
LAYER=110 / layers=129  idx=14199 / solSize=50311
LAYER=102 / layers=129  idx=19140 / solSize=50311
LAYER=100 / layers=111129 / layers=  idx=12920398  idx= / solSize=50311

13067LAYER=LAYER=55 / layers=129  idx=41128 / solSize=50311
LAYER=120 / layers=129  idx=7256 / solSize=50311
LAYER=111 / layers=129  idx=13667 / solSize=9350311 / layers=
 / solSize=12950311
LAYER=  idx=6524427 / layers=129LAYER= / solSize=50311
  idx=LAYER=90 / layers=129  idx=26247 / solSize=50311
37590LAYER= / solSize=50311
102 / layers=LAYER=129111  idx= / layers=18990 / solSize=50311
LAYER=118 / layers=129  idx=8878 / solSize=50311
LAYER=62 / layers=129129  idx=  idx=127 / layers=129  idx=2039 / solSize=3870050311 / solSize=
50311LAYER=76 / layers=129
  idx=33104 / solSize=LAYER=50311
92LAYER= / layers=57 / layers=129  idx=40479 / solSize=12950311
13294  idx=24791 / solSize=50311
LAYER=114 / layers=129  idx=11270 / solSize=50311
LAYER=76 / layers=129  idx=33175 / solSize=50311
LAYER=95 / layers=129  idx=23307 / solSize=50311
LAYER=105 / layers=129  idx=16928 / solSize=50311
LAYER=106 / layers=129  idx=16627 / solSize=50311
 / solSize=LAYER=85 / layers=129  idx=28876 / solSize=50311
50311LAYER=
63 / layers=129LAYER=LAYER=49 / layers=  idx=12938310  idx= / solSize=9050311
43167LAYER=126 / layers=129  idx=2720 / solSize=50311
LAYER=98 / solSize= / layers=50311129  idx=
21331LAYER= / solSize=75 / layers= / layers=129  idx=33289 / solSize=50311
LAYER=127 / layers=129  idx=1683 / solSize=50311
LAYER=58 / layers=129129  idx=  idx=40133 / solSize=2599050311
LAYER=121 / layers=129  idx=6513 / solSize=50311
LAYER=119 / layers=129  idx=8100 / solSize=50311
LAYER=100 / layers=129  idx=20177 / solSize=50311
 / solSize=LAYER=5031112450311
 / layers=129  idx=4038 / solSize=50311
LAYER=49 / layers=129  idx=43121 / solSize=50311
LAYER=21 / layers=129  idx=48955 / solSize=50311
LAYER=107 / layers=129  idx=16254LAYER= / solSize=9250311

LAYER=52 / layers=129  idx=42046 / solSize=50311
LAYER=41 / layers=129  idx=45370 / solSize=50311
LAYER=95 / layers=129  idx=22987 / solSize=LAYER= / layers=81 / layers=129  idx=12930519  idx= / solSize=50311
25179 / solSize=50311
LAYER=LAYER=122 / layers=12995 / layers=  idx=129  idx=23054 / solSize=529450311
 / solSize=5031150311
LAYER=103 / layers=129  idx=18185 / solSize=50311
LAYER=44 / layers=LAYER=55 / layers=129  idx=41333 / solSize=50311
LAYER=35 / layers=129  idx=46543 / solSize=50311

LAYER=LAYER=37119 / layers=129  idx=44562 / solSize=50311
LAYER=84129 / layers=  idx=129  idx=29106 / solSize=4618650311 / solSize=
50311LAYER=
 / layers=LAYER=129  idx=7596 / solSize=50311
LAYER=120 / layers=129  idx=6873 / solSize=50311
LAYER=39 / layers=126129 / layers=  idx=129  idx=2581 / solSize=4569750311 / solSize=50311
105LAYER=
 / layers=110129  idx=17408 / solSize=50311
 / layers=129  idx=14047LAYER=LAYER=41 / layers= / solSize=108 / layers=12950311  idx=15436129 / solSize=50311
LAYER=122 / layers=129  idx=5780 / solSize=50311
LAYER=121 / layers=129  idx=6269 / solSize=50311
LAYER=74 / layers=129  idx=33783 / solSize=50311
  idx=LAYER=4537358 / layers=129  idx=40103 / solSize= / solSize=5031150311

LAYER=66 / layers=129  idx=37355 / solSize=50311
LAYER=94 / layers=129  idx=LAYER=2374194
 / solSize=50311
LAYER=42 / layers=129  idx=44931 / solSize=50311
LAYER=29 / layers=129  idx=47784 / solSize=50311
LAYER=LAYER=7697 / layers=129  idx=23997 / solSize=50311
LAYER=123 / layers= / layers=129129  idx=  idx=461721920 / solSize=50311
 / layers=LAYER=99 / layers=129  idx=20702 / solSize=50311
LAYER=121 / layers=129  idx=6403 / solSize=50311
LAYER=63 / layers=129  idx=38267 / solSize=50311
LAYER=36 / layers=129  idx=12946398  idx=32782 / solSize= / solSize=5031150311
LAYER=114 / layers=129  idx=11583 / solSize=50311
LAYER=51 / layers=129
  idx=LAYER=4237759 / solSize=50311
 / layers=129  idx=LAYER=3992061 / solSize= / solSize=50311
LAYER=127 / layers=129  idx=1557 / solSize=50311
LAYER=79 / layers=129  idx=31407 / solSize=50311
LAYER=122 / layers=129  idx=5576 / solSize=5031150311

 / layers=LAYER=LAYER=3892 / layers=129  idx=24747 / solSize=50311
LAYER=96 / layers=129  idx=22783 / solSize=50311
 / layers=LAYER=12916 / layers=  idx=12945867129  idx=  idx= / solSize=38970 / solSize=50311
50311LAYER=49532
 / solSize=50311
LAYER=77 / layers=129  idx=32739 / solSize=50311
LAYER=LAYER=11966 / layers=129  idx= / layers=111 / layers=129  idx=13081 / solSize=50311
129LAYER=  idx=11837408 / layers= / solSize=12950311  idx=7560
 / solSize=833350311
LAYER=LAYER= / solSize=126 / layers=129  idx=2483 / solSize=50311
LAYER=119 / layers=129  idx=7561 / solSize=50311
50311LAYER=
109105LAYER=114 / layers=129  idx=11313 / solSize=50311
LAYER=124 / layers=129  idx=4045 / solSize= / layers=50311
129  idx=LAYER=17464105 / solSize=50311
 / layers=LAYER=12927 / layers=129  idx=  idx=17438 / solSize=4804850311 / solSize= / layers=
50311129  idx=
14700 / solSize=50311
LAYER=51 / layers=129  idx=42504 / solSize=50311
LAYER=77 / layers=LAYER=129100  idx=32704 / solSize=50311
LAYER=LAYER=9658 / layers= / layers=129  idx=129  idx= / layers=40240 / solSize=2268212950311  idx= / solSize=
LAYER=30 / layers=129  idx=47592 / solSize=50311
LAYER=39 / layers=129  idx=45819 / solSize=50311
LAYER=74 / layers=129  idx=33679 / solSize=50311
LAYER=104 / layers=129  idx=18120 / solSize=50311
LAYER=81 / layers=129  idx=30747 / solSize=50311
50311LAYER=
11820150 / solSize=50311
LAYER=71 / layers=129  idx=35055 / solSize= / layers=50311129
  idx=LAYER=8499LAYER=62 / layers=129  idx=38860 / solSize=50311
LAYER= / solSize=11250311
 / layers=LAYER=129  idx=12486 / solSize=11150311
LAYER=48 / layers=129  idx=43461 / solSize=50311
 / layers=LAYER=129108 / layers=129  idx=15341 / solSize=  idx=5031113229
 / solSize=50311
LAYER=LAYER=103114 / layers= / layers=94129  idx=11657 / solSize=50311 / layers=129  idx=23955 / solSize=12950311

  idx=LAYER=18346 / solSize=95 / layers=129  idx=50311
23230 / solSize=LAYER=LAYER=8850311129
 / layers= / layers=129  idx=1290 / solSize=50311
LAYER=129 / layers=129  idx=97 / solSize=50311
LAYER=129 / layers=129  idx=194 / solSize=50311
LAYER=129 / layers=129  idx=290 / solSize=50311
LAYER=  idx=12927053 / layers= / solSize=LAYER=5031182129
  idx= / layers=LAYER=38775 / layers=129  idx=33400 / solSize=50311
 / solSize=LAYER=125 / layers=129  idx=3371 / solSize=50311
129LAYER=  idx=12530129 / solSize=50311
 / layers=LAYER=12933 / layers=  idx=1293187  idx=47100 / solSize=50311 / solSize=50311
LAYER=97 / layers=129  idx=22248 / solSize=50311

LAYER=LAYER=129 / layers=118129 / layers=  idx=129  idx=50311484 / solSize=831850311
LAYER=129 / layers=129  idx=580 / solSize=50311
LAYER=129 / layers=129  idx=677 / solSize=50311
 / solSize=50311
LAYER=39 / layers=129  idx=45824 / solSize=50311
LAYER=117 / layers=129  idx=9467 / solSize=50311
LAYER=38 / layers=129  idx=45984 / solSize=50311
LAYER=122 / layers=129  idx=
5479 / solSize=50311
LAYER=LAYER=10748 / layers=129 / layers=  idx=129  idx=43475 / solSize=15836 / solSize=5031150311

LAYER=98 / layers=129  idx=21773LAYER= / solSize=115 / layers=12950311  idx=
10953 / solSize=LAYER=5031182
 / layers=129  idx=30136 / solSize=50311LAYER=
99 / layers=129  idx=21042LAYER= / solSize=1150311
 / layers=LAYER=12993  idx= / layers=12949979  idx=24349 / solSize= / solSize=50311
50311LAYER=
127 / layers=129  idx=1876LAYER= / solSize=50311
20 / layers=LAYER=129  idx=11649080 / layers= / solSize=50311
129  idx=9846 / solSize=LAYER=50311
15LAYER= / layers=58 / layers=129129  idx=  idx=40275 / solSize=4965550311 / solSize=50311

LAYER=LAYER=115110 / layers=129 / layers=  idx=129  idx=1390410778 / solSize= / solSize=50311
50311LAYER=
78 / layers=129  idx=32052 / solSize=LAYER=503116 / layers=
129LAYER=  idx=6250204 / layers=129  idx=38866 / solSize= / solSize=5031150311

LAYER=LAYER=109101 / layers=129 / layers=129  idx=  idx=19770 / solSize=1461350311
 / solSize=LAYER=50311
124 / layers=LAYER=129  idx=4041 / solSize=12150311 / layers=129
  idx=6472 / solSize=LAYER=8850311
 / layers=LAYER=129118  idx= / layers=27072 / solSize=129  idx=503118189
 / solSize=50311
LAYER=LAYER=7960 / layers= / layers=129129  idx=39447 / solSize=  idx=5031131694
 / solSize=LAYER=50311
83 / layers=129LAYER=Update boundaries
81  idx= / layers=29724UPDATE VOLTAGE START129  idx=30430 / solSize=50311
LAYER=75 / layers=129  idx=33337 / solSize=50311

LAYER=[BC] updateElectrodeVoltage(0) V=104 / layers=129  idx=17957 / solSize=50311
LAYER=121 / layers=129  idx=6633 / solSize=50311
LAYER=129 / layers=129  idx=764 / solSize=50311
 / solSize=LAYER=117 / layers=129  idx=9490 / solSize=5031150311

LAYER=85 / layers=LAYER=129  idx=28401111 / layers= / solSize=129  idx=13512 / solSize=5031150311

LAYER=LAYER=10 / layers=12985 / layers=  idx=129  idx=28471500340 / solSize=50311
LAYER=80 / layers=129  idx=30988 / solSize= #verts=50311
50LAYER=
92 / layers=[BC] solutionVector finite after write? 129yes  idx=
 / solSize=UPDATE VOLTAGE END 25062
 / solSize=50311
50311LAYER=125 / layers=UPDATE VOLTAGE START129  idx=3576 / solSize=50311
LAYER=98 / layers=129  idx=21579 / solSize=50311
LAYER=103 / layers=129  idx=18571 / solSize=50311
LAYER=106 / layers=129  idx=16587 / solSize=50311
LAYER=89 / layers=129  idx=26808 / solSize=50311
LAYER=111 / layers=129  idx=13149 / solSize=50311
LAYER=43 / layers=129  idx=44648 / solSize=50311
LAYER=74 / layers=129  idx=34014 / solSize=50311
LAYER=106 / layers=129  idx=16556 / solSize=50311

LAYER=90 / layers=129  idx=26030 / solSize=50311
LAYER=116 / layers=129[BC] updateElectrodeVoltage(  idx=19662) V= / solSize=50311
LAYER=110 / layers=129  idx=13946 / solSize=50311
LAYER=123 / layers=129  idx=5022 / solSize=50311
-0.237808LAYER= #verts=113 / layers=129  idx=12101
50
 / solSize=LAYER=5650311
LAYER=117 / layers=129  idx=9370 / solSize=50311
LAYER=108 / layers=129  idx=15447 / solSize=50311
 / layers=129LAYER=  idx=87 / layers=40979 / solSize=12950311
  idx=LAYER=27584 / solSize=8750311 / layers=129  idx=
27691 / solSize=50311LAYER=
121 / layers=LAYER=129  idx=866298 / layers=129  idx=[BC] solutionVector finite after write?  / solSize=yes2786850311
 / solSize=50311LAYER=
124 / layers=129  idx=4318 / solSize=50311
LAYER=76 / layers=129  idx=33133 / solSize=50311
UPDATE VOLTAGE END LAYER=
31 / layers=129  idx=47434UPDATE VOLTAGE START / solSize=
50311

LAYER=30 / layers=129  idx=[BC] updateElectrodeVoltage(LAYER=25847648 / layers=129  idx=) V=40221 / solSize= / solSize=0.274335 #verts=50311
50311LAYER=5163 / layers=129  idx=38271 / solSize=50311
LAYER=123
 / layers=[BC] solutionVector finite after write? 129yes  idx=
4916 / solSize=50311
LAYER=UPDATE VOLTAGE END 94
 / layers=129  idx=23829 / solSize=UPDATE VOLTAGE START50311


[BC] updateElectrodeVoltage(3) V=-0.193969 #verts=50
[BC] solutionVector finite after write? yes
UPDATE VOLTAGE END 
UPDATE VOLTAGE START
[BC] updateElectrodeVoltage(4) V=-1.47273 #verts=50
LAYER=[BC] solutionVector finite after write? 87yes / layers=LAYER=129
92UPDATE VOLTAGE END 
 / layers=UPDATE VOLTAGE START
  idx=[BC] updateElectrodeVoltage(277895129  idx=24803 / solSize=50311
LAYER=83 / layers=129  idx=) V=29670-0.876849 / solSize= #verts=5031150
[BC] solutionVector finite after write? 
yesLAYER=
 / solSize=UPDATE VOLTAGE END 
UPDATE VOLTAGE START
[BC] updateElectrodeVoltage(6) V=-1.26809 #verts=51
[BC] solutionVector finite after write? yes
UPDATE VOLTAGE END 50311

UPDATE VOLTAGE STARTLAYER=
[BC] updateElectrodeVoltage(80377) V= / layers=-1.17497 #verts=129  idx=31216 / solSize=50
50311
 / layers=[BC] solutionVector finite after write? LAYER=59 / layers=129  idx=39746 / solSize=50311
LAYER=yes125
 / layers=129  idx=3786 / solSize=UPDATE VOLTAGE END 50311
[RUN] begin: sol size=
12950311  idx=
46269[RUN] solutionVector finite at entry?  / solSize=LAYER=yes
66 / layers=129  idx=37189 / solSize=50311
LAYER=69 / layers=129  idx=35985 / solSize=50311
LAYER=83 / layers=129  idx=29677 / solSize=50311
LAYER=89 / layers=129  idx=26595 / solSize=50311
LAYER=102 / layers=129  idx=19340 / solSize=50311
LAYER=94 / layers=129  idx=24020 / solSize=50311
LAYER=55 / layers=129  idx=41114 / solSize=5031150311

LAYER=LAYER=99128 / layers=129  idx= / layers=1352129  idx=20759 / solSize=50311 / solSize=
50311LAYER=
66 / layers=129  idx=LAYER=3728620 / layers= / solSize=129  idx=4906850311 / solSize=
50311
LAYER=LAYER=126109 / layers= / layers=129  idx=14364 / solSize=50311129
  idx=2597LAYER= / solSize=120 / layers=129  idx=741350311 / solSize=
50311
LAYER=LAYER=12387 / layers= / layers=129129  idx=5025 / solSize=50311
  idx=LAYER=88 / layers=12927385 / solSize=  idx=50311
LAYER=2697687 / layers=129  idx=27438 / solSize=50311
 / solSize=50311
LAYER=67LAYER= / layers=56129 / layers=  idx=36786129 / solSize=50311  idx=
40946 / solSize=LAYER=50311
113 / layers=LAYER=12999  idx= / layers=129  idx=1201321174 / solSize= / solSize=5031150311

LAYER=LAYER=47119 / layers= / layers=129129  idx=  idx=436777754 / solSize= / solSize=5031150311

LAYER=LAYER=65113 / layers= / layers=129129  idx=37485 / solSize=  idx=5031112294
 / solSize=50311
LAYER=LAYER=109 / layers=94129 / layers=  idx=12914782 / solSize=  idx=5031124011
 / solSize=50311
LAYER=LAYER=28106 / layers=129  idx= / layers=16507129  idx= / solSize=4790550311 / solSize=50311

LAYER=28 / layers=129  idx=47909LAYER= / solSize=7050311
 / layers=129  idx=LAYER=35650104 / solSize=50311 / layers=
129LAYER=  idx=49 / layers=129  idx=17918 / solSize=4325350311 / solSize=50311

LAYER=62 / layers=LAYER=129  idx=7238616 / solSize= / layers=50311129
  idx=LAYER=34869 / solSize=50311
114 / layers=LAYER=12962  idx=11381 / solSize= / layers=50311129  idx=
38767 / solSize=LAYER=90 / layers=50311129  idx=26209 / solSize=
50311LAYER=
21LAYER= / layers=126129 / layers=129  idx=  idx=489582350 / solSize= / solSize=5031150311

LAYER=47LAYER= / layers=129124  idx=43554 / solSize=50311 / layers=
129  idx=4356 / solSize=50311
LAYER=LAYER=77122 / layers= / layers=129129  idx=5742 / solSize=  idx=5031132553
 / solSize=50311LAYER=
80 / layers=129  idx=31226 / solSize=50311
LAYER=LAYER=91 / layers=58129 / layers=129  idx=  idx=4009225463 / solSize=50311
 / solSize=LAYER=5031168 / layers=129  idx=
36295 / solSize=LAYER=5031187 / layers=129  idx=
27813LAYER=3 / layers= / solSize=12950311  idx=
50281LAYER= / solSize=11 / layers=129  idx=4995350311 / solSize=
50311LAYER=
85LAYER= / layers=128 / layers=129  idx=1291158 / solSize=  idx=5031128576 / solSize=
50311LAYER=
128 / layers=129  idx=LAYER=125897 / layers=129  idx= / solSize=2192850311 / solSize=50311

LAYER=LAYER=9767 / layers=129  idx= / layers=22342129  idx= / solSize=36784 / solSize=5031150311

LAYER=124 / layers=129  idx=3871 / solSize=LAYER=50311104
 / layers=LAYER=12979  idx= / layers=129  idx=1798431420 / solSize= / solSize=5031150311

LAYER=40 / layers=129  idx=LAYER=4541458 / solSize=50311 / layers=
129  idx=40173 / solSize=LAYER=50311120
 / layers=129LAYER=  idx=7299 / solSize=90 / layers=50311
129LAYER=91  idx= / layers=129  idx=25954 / solSize=2531450311 / solSize=50311

LAYER=119 / layers=LAYER=102129 / layers=129  idx=19179  idx= / solSize=503118114
 / solSize=LAYER=5031126 / layers=
129  idx=LAYER=48266124 / solSize=50311
 / layers=LAYER=129103  idx=4544 / solSize= / layers=50311
129LAYER=113 / layers=  idx=12918402 / solSize=50311
  idx=11755 / solSize=50311
LAYER=LAYER=6172 / layers=129  idx=34885 / layers=129 / solSize=  idx=39323 / solSize=50311
50311
LAYER=LAYER=85 / layers=129  idx=6628797 / layers=129  idx= / solSize=3729650311 / solSize=
50311LAYER=
110 / layers=129  idx=13845 / solSize=50311
LAYER=129LAYER= / layers=71129  idx= / layers=0129 / solSize=50311
  idx=LAYER=35372 / solSize=50311
129LAYER= / layers=102 / layers=129  idx=19052 / solSize=129  idx=5031197
 / solSize=50311
LAYER=LAYER=129125 / layers=129  idx=3366 / solSize= / layers=50311129
  idx=LAYER=194 / solSize=4650311 / layers=
LAYER=129129  idx=44023 / solSize= / layers=50311
129  idx=LAYER=290 / solSize=109 / layers=50311129
LAYER=  idx=129 / layers=129  idx=14352 / solSize=38750311 / solSize=
50311
LAYER=129 / layers=LAYER=129  idx=122484 / solSize= / layers=50311129  idx=5842 / solSize=
50311LAYER=
LAYER=129117 / layers= / layers=129  idx=8898 / solSize=12950311  idx=580 / solSize=
50311
LAYER=LAYER=52129 / layers=129 / layers=  idx=129  idx=67742303 / solSize= / solSize=50311
50311LAYER=
33 / layers=129  idx=46964 / solSize=50311
LAYER=33 / layers=129  idx=47007 / solSize=50311
LAYER=40 / layers=129  idx=45426 / solSize=50311
LAYER=115 / layers=129  idx=10742 / solSize=50311
LAYER=113 / layers=129  idx=11928 / solSize=50311
LAYER=65 / layers=129  idx=37564 / solSize=50311
LAYER=78 / layers=129  idx=31825 / solSize=50311
LAYER=62 / layers=129  idx=38635 / solSize=50311
LAYER=56 / layers=129  idx=41028 / solSize=50311
LAYER=111 / layers=129  idx=13482 / solSize=50311
LAYER=91 / layers=129  idx=25336 / solSize=50311
LAYER=127 / layers=129  idx=2236 / solSize=50311
LAYER=64 / layers=129  idx=37881 / solSize=50311
LAYER=86 / layers=129  idx=28101 / solSize=50311
LAYER=108 / layers=129  idx=15308 / solSize=50311
LAYER=109 / layers=129  idx=14560 / solSize=50311
LAYER=61 / layers=129  idx=39270 / solSize=50311
LAYER=89 / layers=129  idx=26784 / solSize=50311
LAYER=52 / layers=129  idx=42292 / solSize=50311
LAYER=108 / layers=129  idx=15367 / solSize=50311
LAYER=117 / layers=129  idx=9263 / solSize=50311
LAYER=129 / layers=129  idx=542 / solSize=50311
LAYER=44 / layers=129  idx=44599 / solSize=50311
LAYER=95 / layers=129  idx=23353 / solSize=50311
LAYER=51 / layers=129  idx=[MESH] Max bdr attr: 42354 / solSize=50311
LAYER=18 / layers=129  idx=49321 / solSize=50311
LAYER=115 / layers=129  idx=10652 / solSize=150311

LAYER=87 / layers=129  idx=27797 / solSize=50311
LAYER=119 / layers=129  attr   idx=80951 / solSize=50311
 : LAYER=38061 / layers= bdr elements
129[BC] ess_tdof_list size =   idx=39032 / solSize=40250311

LAYER=79 / layers=129  idx=31803 / solSize=50311
LAYER=21 / layers=LAYER=12991  idx=49009 / solSize=50311 / layers=
129LAYER=  idx=81 / layers=129  idx=3060525464 / solSize=50311 / solSize=
50311LAYER=
90 / layers=129  idx=25945 / solSize=50311
LAYER=125 / layers=LAYER=12974  idx= / layers=1293123  idx=33998 / solSize= / solSize=5031150311

LAYER=LAYER=47128 / layers=129  idx=1310 / layers= / solSize=12950311
  idx=43656LAYER= / solSize=39 / layers=129  idx=45640 / solSize=5031150311

LAYER=47LAYER= / layers=100129  idx= / layers=43718129 / solSize=50311
  idx=LAYER=20275 / solSize=102 / layers=50311129  idx=
19140 / solSize=LAYER=50311110 / layers=129  idx=
13881Update boundaries / solSize=50311
LAYER=
101LAYER= / layers=UPDATE VOLTAGE START44129  idx=19463 / solSize=
 / layers=129  idx=44496 / solSize=50311[BC] updateElectrodeVoltage(
503110) V=
LAYER=LAYER=10447 / layers= / layers=129129  idx=  idx=4377417803 / solSize=50311
 / solSize=50311
LAYER=108 / layers=129LAYER=  idx=01559831 #verts= / layers= / solSize=1295031150
  idx=
[BC] solutionVector finite after write? 47495 / solSize=LAYER=50311yes
72LAYER=50 / layers= / layers=129
129  idx=42673 / solSize=50311UPDATE VOLTAGE END   idx=
34858 / solSize=UPDATE VOLTAGE START
[BC] updateElectrodeVoltage(50311

LAYER=LAYER=96134 / layers=129  idx=46792 / layers=) V=129 / solSize=  idx=22854 / solSize=50311
503110.850508LAYER=
LAYER=29 / layers=129  idx=47822 / solSize=50311
LAYER=93 / layers=129  idx=24467 / solSize=50311
LAYER=87 / layers=129  idx=27831 / solSize=50311
LAYER=80 / layers=129  idx=30894 / solSize=50311
LAYER=120 / layers=129  idx=6768 / solSize=50311
LAYER=123 / layers=69129 / layers=129  idx=  idx=360454764 / solSize=50311 / solSize=
50311
LAYER=100LAYER= / layers=109129 #verts=  idx=2001850
 / layers= / solSize=129  idx=50311
[BC] solutionVector finite after write? LAYER=14347120 / solSize= / layers=50311yes129  idx=7142
 / solSize=50311
LAYER=82 / layers=129  idx=29892 / solSize=50311
LAYER=114 / layers=129  idx=11034 / solSize=50311
LAYER=110 / layers=129  idx=14078 / solSize=50311
LAYER=117 / layers=129  idx=9098 / solSize=50311
UPDATE VOLTAGE END LAYER=127
 / layers=129UPDATE VOLTAGE START  idx=
2158 / solSize=50311[BC] updateElectrodeVoltage(
2) V=
LAYER=LAYER=52-1.42867 / layers=129 #verts=51
33[BC] solutionVector finite after write?  / layers=129  idx=yes
UPDATE VOLTAGE END 
UPDATE VOLTAGE START  idx=42307 / solSize=50311

46998 / solSize=[BC] updateElectrodeVoltage(3) V=LAYER=50311
-0.99373579 #verts=50LAYER= / layers=129  idx=127
[BC] solutionVector finite after write? yes
UPDATE VOLTAGE END 
UPDATE VOLTAGE START
[BC] updateElectrodeVoltage(4) V=-1.15923 #verts=50
[BC] solutionVector finite after write? yes
UPDATE VOLTAGE END 
UPDATE VOLTAGE START
[BC] updateElectrodeVoltage(5) V=-0.113132 #verts=50
 / layers=[BC] solutionVector finite after write? 129  idx=1736 / solSize=yes50311

UPDATE VOLTAGE END 
LAYER=UPDATE VOLTAGE START
3142655 / layers=129  idx=41373 / solSize=50311
LAYER=87 / layers=129  idx=27361 / solSize=50311
LAYER=117 / layers=129  idx=8994 / solSize=50311
LAYER=108 / layers=129  idx=15173 / solSize=50311
LAYER= / solSize=9050311
 / layers=129  idx=25806LAYER= / solSize=50311100
 / layers=LAYER=[BC] updateElectrodeVoltage(6) V=1.03133 #verts=51
[BC] solutionVector finite after write? yes
UPDATE VOLTAGE END 
UPDATE VOLTAGE START
[BC] updateElectrodeVoltage(7) V=-0.409775 #verts=50
[BC] solutionVector finite after write? yes
UPDATE VOLTAGE END 
[RUN] begin: sol size=50311
[RUN] solutionVector finite at entry? 90yes / layers=129  idx=
25853 / solSize=50311
LAYER=118 / layers=129  idx=8879 / solSize=50311
LAYER=62 / layers=129  idx=38611 / solSize=50311
LAYER=29 / layers=129  idx=47806 / solSize=50311
129LAYER=  idx=20155127 / solSize= / layers=50311129
  idx=LAYER=202864 / solSize= / layers=129  idx=5031137935 / solSize=
50311
LAYER=42 / layers=129LAYER=  idx=122 / layers=12945048  idx=5467 / solSize= / solSize=5031150311

LAYER=24 / layers=LAYER=129124  idx=48633 / solSize= / layers=50311129
  idx=LAYER=3971105 / solSize=50311
 / layers=LAYER=12980  idx=16952 / solSize= / layers=50311129
  idx=30964LAYER= / solSize=50311
103 / layers=129  idx=LAYER=18187 / solSize=12450311
 / layers=LAYER=129  idx=984123 / layers=129  idx= / solSize=2142350311 / solSize=50311

LAYER=LAYER=126129 / layers= / layers=129  idx=0129 / solSize=  idx=2643 / solSize=5031150311

LAYER=129 / layers=129  idx=LAYER=97114 / layers=129  idx=11439 / solSize= / solSize=5031150311

LAYER=LAYER=110129 / layers=129  idx= / layers=194129 / solSize=  idx=14194 / solSize=5031150311
LAYER=129 / layers=129  idx=
290LAYER=94 / layers= / solSize=12950311  idx=23755 / solSize=50311

LAYER=129 / layers=129  idx=LAYER=38797 / solSize=50311
 / layers=LAYER=129129  idx=22227 / solSize=50311
 / layers=LAYER=12994  idx=484 / solSize= / layers=50311129
  idx=23987 / solSize=50311
LAYER=129 / layers=LAYER=129115  idx=580 / solSize=50311 / layers=
129  idx=10940LAYER= / solSize=129 / layers=129  idx=67750311 / solSize=
50311
LAYER=77 / layers=129  idx=32508 / solSize=50311
LAYER=89 / layers=129  idx=26770 / solSize=50311
LAYER=66 / layers=129  idx=37261 / solSize=50311
LAYER=32 / layers=129  idx=47287 / solSize=50311
LAYER=114 / layers=129  idx=11360 / solSize=50311
LAYER=23 / layers=129  idx=48736 / solSize=50311
LAYER=100 / layers=129  idx=20203 / solSize=50311
LAYER=123 / layers=129  idx=4998 / solSize=50311
LAYER=80 / layers=129  idx=31294 / solSize=50311
LAYER=66 / layers=129  idx=37141 / solSize=50311
LAYER=67 / layers=129  idx=36983 / solSize=50311
LAYER=95 / layers=129  idx=23462 / solSize=50311
LAYER=101 / layers=129  idx=19811 / solSize=50311
LAYER=53 / layers=129  idx=41937 / solSize=50311
LAYER=57 / layers=129  idx=40489 / solSize=50311
LAYER=117 / layers=129  idx=9369 / solSize=50311
LAYER=94 / layers=129  idx=23605 / solSize=50311
LAYER=95 / layers=129  idx=22969 / solSize=50311
LAYER=78 / layers=129  idx=32172 / solSize=50311
LAYER=107 / layers=129  idx=16072 / solSize=50311
LAYER=41 / layers=129  idx=45356 / solSize=50311
LAYER=38 / layers=129  idx=45921 / solSize=50311
LAYER=33 / layers=129  idx=47040 / solSize=50311
LAYER=80 / layers=129  idx=30982 / solSize=50311
LAYER=64 / layers=129  idx=38176 / solSize=50311
LAYER=72 / layers=129  idx=34719 / solSize=50311
LAYER=59 / layers=129  idx=39888 / solSize=50311
LAYER=39 / layers=129  idx=45719 / solSize=50311
LAYER=119 / layers=129  idx=7755 / solSize=50311
LAYER=88 / layers=129  idx=26836 / solSize=50311
LAYER=127 / layers=129  idx=1907 / solSize=50311
LAYER=106 / layers=129  idx=16376 / solSize=50311
LAYER=123 / layers=129  idx=4793 / solSize=50311
LAYER=97 / layers=129  idx=22276 / solSize=50311
LAYER=120 / layers=129  idx=7157 / solSize=50311
LAYER=93 / layers=129  idx=24517 / solSize=50311
LAYER=68 / layers=129  idx=36237 / solSize=50311
LAYER=44 / layers=129  idx=44564 / solSize=50311
LAYER=23 / layers=129  idx=48779 / solSize=50311
LAYER=104 / layers=129  idx=18092 / solSize=50311
LAYER=22 / layers=129  idx=48830 / solSize=50311
LAYER=81 / layers=129  idx=30578 / solSize=50311
LAYER=92 / layers=129  idx=25186 / solSize=50311
LAYER=122 / layers=129  idx=5380 / solSize=50311
LAYER=65 / layers=129  idx=37681 / solSize=50311
LAYER=109 / layers=129  idx=14716 / solSize=50311
LAYER=84 / layers=129  idx=29200 / solSize=50311
LAYER=79 / layers=129  idx=31758 / solSize=50311
LAYER=75 / layers=129  idx=33550 / solSize=50311
LAYER=36 / layers=129  idx=46383 / solSize=50311
LAYER=120 / layers=129  idx=6778 / solSize=50311
LAYER=105 / layers=129  idx=17020 / solSize=50311
LAYER=114Update boundaries / layers=129  idx=11546 / solSize=
50311
UPDATE VOLTAGE STARTLAYER=
117 / layers=129  idx=[BC] updateElectrodeVoltage(93130 / solSize=50311
) V=LAYER=84 / layers=129  idx=29158 / solSize=50311
LAYER=87 / layers=129  idx=27590 / solSize=50311
LAYER=86 / layers=129  idx=28120 / solSize=50311
LAYER=68 / layers=129  idx=36592 / solSize=50311
LAYER=105 / layers=129  idx=17352 / solSize=50311
LAYER=106 / layers=129  idx=16658 / solSize=50311
LAYER=091 #verts= / layers=50129
  idx=[BC] solutionVector finite after write? 25712yes / solSize=50311

UPDATE VOLTAGE END LAYER=
90 / layers=UPDATE VOLTAGE START129
[BC] updateElectrodeVoltage(  idx=126208) V= / solSize=50311
LAYER=63 / layers=129  idx=38353 / solSize=50311
0.482328LAYER= #verts=12450 / layers=
129[BC] solutionVector finite after write?   idx=yes4062 / solSize=50311

LAYER=UPDATE VOLTAGE END 14 / layers=
129UPDATE VOLTAGE START  idx=49719 / solSize=
50311[BC] updateElectrodeVoltage(2
) V=LAYER=84 / layers=129  idx=29021 / solSize=50311
1.31675LAYER=111 #verts= / layers=129  idx=5113080
 / solSize=[BC] solutionVector finite after write? 50311yes

UPDATE VOLTAGE END 
UPDATE VOLTAGE START
[BC] updateElectrodeVoltage(3) V=LAYER=71 / layers=129  idx=35223 / solSize=50311
1.0968LAYER=45 / layers= #verts=12950  idx=44258 / solSize=50311

[BC] solutionVector finite after write? yes
UPDATE VOLTAGE END 
UPDATE VOLTAGE START
[BC] updateElectrodeVoltage(LAYER=4113) V= / layers=129  idx=12200 / solSize=50311
1.48608 #verts=LAYER=5070
[BC] solutionVector finite after write?  / layers=yes129  idx=
35785UPDATE VOLTAGE END 
UPDATE VOLTAGE START
 / solSize=[BC] updateElectrodeVoltage(50311
5LAYER=) V=57 / layers=129  idx=40419 / solSize=50311-0.312109
 #verts=50LAYER=
119[BC] solutionVector finite after write?  / layers=129  idx=yes
8132UPDATE VOLTAGE END 
UPDATE VOLTAGE START / solSize=
50311
[BC] updateElectrodeVoltage(LAYER=6) V=60 / layers=129  idx=0.99266439374 #verts=51 / solSize=
50311[BC] solutionVector finite after write? yes

UPDATE VOLTAGE END LAYER=89
UPDATE VOLTAGE START / layers=
[BC] updateElectrodeVoltage(7) V=129  idx=26421 / solSize=50311
0.590877 #verts=50LAYER=
86[BC] solutionVector finite after write?  / layers=yes
129UPDATE VOLTAGE END   idx=
[RUN] begin: sol size=50311
28187[RUN] solutionVector finite at entry?  / solSize=50311
yesLAYER=
45 / layers=129  idx=44189 / solSize=50311
LAYER=26 / layers=129  idx=48226 / solSize=50311
LAYER=123 / layers=129  idx=4613 / solSize=50311
LAYER=77 / layers=129  idx=32477 / solSize=50311
LAYER=108 / layers=129  idx=15109 / solSize=50311
LAYER=98 / layers=129  idx=21272 / solSize=50311
LAYER=59 / layers=129  idx=39824 / solSize=50311
LAYER=77 / layers=129  idx=32486 / solSize=50311
LAYER=70 / layers=129  idx=35678 / solSize=50311
LAYER=121 / layers=129  idx=6193 / solSize=50311
LAYER=92 / layers=129  idx=25179 / solSize=50311
LAYER=126 / layers=129  idx=2404 / solSize=50311
LAYER=83 / layers=129  idx=29529 / solSize=50311
LAYER=101 / layers=129  idx=19738 / solSize=50311
LAYER=123 / layers=129  idx=4660 / solSize=50311
LAYER=56 / layers=129  idx=41013 / solSize=50311
LAYER=61 / layers=129  idx=39035 / solSize=50311
LAYER=126 / layers=129  idx=2567 / solSize=50311
LAYER=112 / layers=129  idx=12730 / solSize=50311
LAYER=19 / layers=129  idx=49222 / solSize=50311
LAYER=119 / layers=129  idx=7891 / solSize=50311
LAYER=54 / layers=129  idx=41489 / solSize=50311
LAYER=104 / layers=129  idx=17764 / solSize=50311
LAYER=103 / layers=129  idx=18776 / solSize=50311
LAYER=128 / layers=129  idx=1391 / solSize=50311
LAYER=88 / layers=129  idx=26884 / solSize=50311
LAYER=85 / layers=129  idx=28859 / solSize=50311
LAYER=21 / layers=129  idx=48978 / solSize=50311
LAYER=105 / layers=129  idx=17189 / solSize=50311
LAYER=73 / layers=129  idx=34209 / solSize=50311
LAYER=124 / layers=129  idx=4070 / solSize=50311
LAYER=23 / layers=129  idx=48678 / solSize=50311
LAYER=89 / layers=129  idx=26532 / solSize=50311
LAYER=66 / layers=129  idx=37206 / solSize=50311
LAYER=118 / layers=129  idx=8361 / solSize=50311
LAYER=111 / layers=129  idx=13072 / solSize=50311
LAYER=90 / layers=129  idx=25923 / solSize=50311
LAYER=94 / layers=129  idx=23977 / solSize=50311
LAYER=33 / layers=129  idx=47127 / solSize=50311
LAYER=77 / layers=129  idx=32426 / solSize=50311
LAYER=124 / layers=129  idx=3828 / solSize=50311
LAYER=110 / layers=129  idx=13889 / solSize=50311
LAYER=84 / layers=129  idx=29356 / solSize=50311
LAYER=87 / layers=129  idx=27520 / solSize=50311
LAYER=106 / layers=129  idx=16315 / solSize=50311
LAYER=124 / layers=129  idx=4523 / solSize=50311
LAYER=75 / layers=129  idx=33524 / solSize=50311
LAYER=125 / layers=129  idx=3325 / solSize=50311
LAYER=38 / layers=129  idx=45998 / solSize=50311
LAYER=53 / layers=129  idx=41823 / solSize=50311
LAYER=80 / layers=129  idx=31008 / solSize=50311
LAYER=100 / layers=129  idx=20195 / solSize=50311
LAYER=120 / layers=129  idx=7270 / solSize=50311
LAYER=127 / layers=129  idx=2126 / solSize=50311
LAYER=113 / layers=129  idx=11839 / solSize=50311
LAYER=17 / layers=129  idx=49417 / solSize=50311
LAYER=102 / layers=129  idx=19069 / solSize=50311
LAYER=59 / layers=129  idx=39780 / solSize=50311
LAYER=119 / layers=129  idx=8004 / solSize=50311
LAYER=106 / layers=129  idx=16566 / solSize=50311
LAYER=58 / layers=129  idx=40158 / solSize=50311
LAYER=128 / layers=129  idx=1073 / solSize=50311
LAYER=123 / layers=129  idx=4570 / solSize=50311
LAYER=53 / layers=129  idx=41889 / solSize=50311
LAYER=71 / layers=129  idx=35054 / solSize=50311
LAYER=109 / layers=129  idx=14847 / solSize=50311
LAYER=101 / layers=129  idx=19618 / solSize=50311
LAYER=87 / layers=129  idx=27432 / solSize=50311
LAYER=104 / layers=129  idx=18024 / solSize=50311
LAYER=88 / layers=129  idx=27235 / solSize=50311
LAYER=105 / layers=129  idx=17120 / solSize=50311
LAYER=118 / layers=129  idx=8623 / solSize=50311
LAYER=124 / layers=129  idx=4198 / solSize=50311
LAYER=99 / layers=129  idx=20971 / solSize=50311
LAYER=15 / layers=129  idx=49665 / solSize=50311
LAYER=114 / layers=129  idx=11017 / solSize=50311
LAYER=63 / layers=129  idx=38430 / solSize=50311
LAYER=88 / layers=129  idx=27268 / solSize=50311
LAYER=20 / layers=129  idx=49073 / solSize=50311
LAYER=75 / layers=129  idx=33541 / solSize=50311
LAYER=51 / layers=129  idx=42507 / solSize=50311
LAYER=113 / layers=129  idx=12127 / solSize=50311
LAYER=100 / layers=129  idx=20305 / solSize=50311
LAYER=116 / layers=129  idx=10144 / solSize=50311
LAYER=86 / layers=129  idx=28013 / solSize=50311
LAYER=29 / layers=129  idx=47854 / solSize=50311
LAYER=129 / layers=129  idx=0 / solSize=50311
LAYER=129 / layers=129  idx=97 / solSize=50311
LAYER=129 / layers=129  idx=194 / solSize=50311
LAYER=129 / layers=129  idx=290 / solSize=50311
LAYER=129 / layers=129  idx=387 / solSize=50311
LAYER=129 / layers=129  idx=484 / solSize=50311
LAYER=129 / layers=129  idx=580 / solSize=50311
LAYER=129 / layers=129  idx=677 / solSize=50311
Update boundaries
UPDATE VOLTAGE START
[BC] updateElectrodeVoltage(0) V=0 #verts=50
[BC] solutionVector finite after write? yes
UPDATE VOLTAGE END 
UPDATE VOLTAGE START
[BC] updateElectrodeVoltage(1) V=0.288112 #verts=50
[BC] solutionVector finite after write? yes
UPDATE VOLTAGE END 
UPDATE VOLTAGE START
[BC] updateElectrodeVoltage(2) V=-0.665125 #verts=51
[BC] solutionVector finite after write? yes
UPDATE VOLTAGE END 
UPDATE VOLTAGE START
[BC] updateElectrodeVoltage(3) V=-0.501783 #verts=50
[BC] solutionVector finite after write? yes
UPDATE VOLTAGE END 
UPDATE VOLTAGE START
[BC] updateElectrodeVoltage(4) V=-0.908679 #verts=50
[BC] solutionVector finite after write? yes
UPDATE VOLTAGE END 
UPDATE VOLTAGE START
[BC] updateElectrodeVoltage(5) V=-0.90272 #verts=50
[BC] solutionVector finite after write? yes
UPDATE VOLTAGE END 
UPDATE VOLTAGE START
[BC] updateElectrodeVoltage(6) V=0.382213 #verts=51
[BC] solutionVector finite after write? yes
UPDATE VOLTAGE END 
UPDATE VOLTAGE START
[BC] updateElectrodeVoltage(7) V=0.390829 #verts=50
[BC] solutionVector finite after write? yes
UPDATE VOLTAGE END 
[RUN] begin: sol size=50311
[RUN] solutionVector finite at entry? yes
[MESH] Max bdr attr: 1
  attr 1 : 380 bdr elements
[BC] ess_tdof_list size = 402
LAYER=71 / layers=129  idx=35110 / solSize=50311
LAYER=112 / layers=129  idx=12346 / solSize=50311
LAYER=48 / layers=129  idx=43339 / solSize=50311
LAYER=117 / layers=129  idx=9190 / solSize=50311
LAYER=10 / layers=129  idx=50033 / solSize=50311
LAYER=79 / layers=129  idx=31669 / solSize=50311
LAYER=37 / layers=129  idx=46242 / solSize=50311
LAYER=127 / layers=129  idx=1815 / solSize=50311
LAYER=122 / layers=129  idx=5357 / solSize=50311
LAYER=111 / layers=129  idx=13397 / solSize=50311
LAYER=86 / layers=129  idx=28238 / solSize=50311
LAYER=73 / layers=129  idx=34500 / solSize=50311
LAYER=122 / layers=129  idx=5325 / solSize=50311
LAYER=126 / layers=129  idx=2864 / solSize=50311
LAYER=57 / layers=129  idx=40721 / solSize=50311
LAYER=52 / layers=129  idx=42318 / solSize=50311
LAYER=87 / layers=129  idx=27682 / solSize=50311
LAYER=95 / layers=129  idx=22980 / solSize=50311
LAYER=123 / layers=129  idx=4942 / solSize=50311
LAYER=79 / layers=129  idx=31668 / solSize=50311
LAYER=128 / layers=129  idx=945 / solSize=50311
LAYER=123 / layers=129  idx=4687 / solSize=50311
LAYER=124 / layers=129  idx=4056 / solSize=50311
LAYER=124 / layers=129  idx=4325 / solSize=50311
LAYER=105 / layers=129  idx=16965 / solSize=50311
LAYER=107 / layers=129  idx=15846 / solSize=50311
LAYER=110 / layers=129  idx=13689 / solSize=50311
LAYER=110 / layers=129  idx=13694 / solSize=50311
LAYER=96 / layers=129  idx=22417 / solSize=50311
LAYER=94 / layers=129  idx=23721 / solSize=50311
LAYER=79 / layers=129  idx=31807 / solSize=50311
LAYER=30 / layers=129  idx=47616 / solSize=50311
LAYER=71 / layers=129  idx=35292 / solSize=50311
LAYER=98 / layers=129  idx=21566 / solSize=50311
LAYER=68 / layers=129  idx=36577 / solSize=50311
LAYER=110 / layers=129  idx=14166 / solSize=50311
LAYER=77 / layers=129  idx=32295 / solSize=50311
LAYER=115 / layers=129  idx=10321 / solSize=50311
LAYER=76 / layers=129  idx=33057 / solSize=50311
LAYER=111 / layers=129  idx=13533 / solSize=50311
LAYER=125 / layers=129  idx=3744 / solSize=50311
LAYER=69 / layers=129  idx=36200 / solSize=50311
LAYER=73 / layers=129  idx=34527 / solSize=50311
LAYER=96 / layers=129  idx=22886 / solSize=50311
LAYER=109 / layers=129  idx=14747 / solSize=50311
LAYER=68 / layers=129  idx=36550 / solSize=50311
LAYER=83 / layers=129  idx=29743 / solSize=50311
LAYER=61 / layers=129  idx=39073 / solSize=50311
LAYER=115 / layers=129  idx=10352 / solSize=50311
LAYER=106 / layers=129  idx=16544 / solSize=50311
LAYER=84 / layers=129  idx=29328 / solSize=50311
LAYER=109 / layers=129  idx=14698 / solSize=50311
LAYER=102 / layers=129  idx=18970 / solSize=50311
LAYER=110 / layers=129  idx=14211 / solSize=50311
LAYER=119 / layers=129  idx=7924 / solSize=50311
LAYER=105 / layers=129  idx=17533 / solSize=50311
LAYER=31 / layers=129  idx=47411 / solSize=50311
LAYER=67 / layers=129  idx=36645 / solSize=50311
LAYER=128 / layers=129  idx=1029 / solSize=50311
LAYER=129 / layers=129  idx=188 / solSize=50311
LAYER=76 / layers=129  idx=32755 / solSize=50311
LAYER=29 / layers=129  idx=47753 / solSize=50311
LAYER=78 / layers=129  idx=31967 / solSize=50311
LAYER=46 / layers=129  idx=44051 / solSize=50311
LAYER=94 / layers=129  idx=23585 / solSize=50311
LAYER=82 / layers=129  idx=30378 / solSize=50311
LAYER=35 / layers=129  idx=46551 / solSize=50311
LAYER=73 / layers=129  idx=34324 / solSize=50311
LAYER=113 / layers=129  idx=12035 / solSize=50311
LAYER=109 / layers=129  idx=14986 / solSize=50311
LAYER=88 / layers=129  idx=26942 / solSize=50311
LAYER=101 / layers=129  idx=19586 / solSize=50311
LAYER=75 / layers=129  idx=33211 / solSize=50311
LAYER=70 / layers=129  idx=35518 / solSize=50311
LAYER=45 / layers=129  idx=44194 / solSize=50311
LAYER=120 / layers=129  idx=6928 / solSize=50311
LAYER=102 / layers=129  idx=19342 / solSize=50311
LAYER=58 / layers=129  idx=40080 / solSize=50311
LAYER=127 / layers=129  idx=2194 / solSize=50311
LAYER=92 / layers=129  idx=24891 / solSize=50311
LAYER=108 / layers=129  idx=15169 / solSize=50311
LAYER=34 / layers=129  idx=46913 / solSize=50311
LAYER=76 / layers=129  idx=32987 / solSize=50311
LAYER=38 / layers=129  idx=45945 / solSize=50311
LAYER=68 / layers=129  idx=36414 / solSize=50311
LAYER=59 / layers=129  idx=39729 / solSize=50311
LAYER=55 / layers=129  idx=41335 / solSize=50311
LAYER=93 / layers=129  idx=24385 / solSize=50311
LAYER=93 / layers=129  idx=24271 / solSize=50311
LAYER=105 / layers=129  idx=17402 / solSize=50311
LAYER=120 / layers=129  idx=7408 / solSize=50311
LAYER=67 / layers=129  idx=36899 / solSize=50311
LAYER=120 / layers=129  idx=7207 / solSize=50311
LAYER=103 / layers=129  idx=18648 / solSize=50311
LAYER=119 / layers=129  idx=7532 / solSize=50311
LAYER=36 / layers=129  idx=46440 / solSize=50311
LAYER=99 / layers=129  idx=20791 / solSize=50311
LAYER=89 / layers=129  idx=26454 / solSize=50311
LAYER=78 / layers=129  idx=32193 / solSize=50311
LAYER=50 / layers=129  idx=42825 / solSize=50311
LAYER=108 / layers=129  idx=15178 / solSize=50311
LAYER=85 / layers=129  idx=28554 / solSize=50311
LAYER=64 / layers=129  idx=38032 / solSize=50311
LAYER=42 / layers=129  idx=44895 / solSize=50311
LAYER=52 / layers=129  idx=42305 / solSize=50311
LAYER=26 / layers=129  idx=48231 / solSize=50311
LAYER=124 / layers=129  idx=4395 / solSize=50311
LAYER=35 / layers=129  idx=46566 / solSize=50311
LAYER=79 / layers=129  idx=31363 / solSize=50311
LAYER=103 / layers=129  idx=18401 / solSize=50311
LAYER=120 / layers=129  idx=7273 / solSize=50311
LAYER=99 / layers=129  idx=20971 / solSize=50311
LAYER=125 / layers=129  idx=3158 / solSize=50311
LAYER=84 / layers=129  idx=28986 / solSize=50311
LAYER=28 / layers=129  idx=47927 / solSize=50311
LAYER=67 / layers=129  idx=36660 / solSize=50311
LAYER=113 / layers=129  idx=11767 / solSize=50311
LAYER=99 / layers=129  idx=20665 / solSize=50311
LAYER=59 / layers=129  idx=40007 / solSize=50311
LAYER=100 / layers=129  idx=20150 / solSize=50311
LAYER=86 / layers=129  idx=28255 / solSize=50311
LAYER=22 / layers=129  idx=48836 / solSize=50311
LAYER=31 / layers=129  idx=47432 / solSize=50311
LAYER=88 / layers=129  idx=27330 / solSize=50311
LAYER=60 / layers=129  idx=39427 / solSize=50311
LAYER=117 / layers=129  idx=9177 / solSize=50311
LAYER=75 / layers=129  idx=33507 / solSize=50311
LAYER=115 / layers=129  idx=10821 / solSize=50311
LAYER=101 / layers=129  idx=19871 / solSize=50311
LAYER=38 / layers=129  idx=45972 / solSize=50311
LAYER=111 / layers=129  idx=13489 / solSize=50311
LAYER=67 / layers=129  idx=37043 / solSize=50311
LAYER=104 / layers=129  idx=17869 / solSize=50311
LAYER=62 / layers=129  idx=38635 / solSize=50311
LAYER=77 / layers=129  idx=32656 / solSize=50311
LAYER=67 / layers=129  idx=36881 / solSize=50311
LAYER=32 / layers=129  idx=47143 / solSize=50311
LAYER=48 / layers=129  idx=43537 / solSize=50311
LAYER=32 / layers=129  idx=47235 / solSize=50311
LAYER=60 / layers=129  idx=39417 / solSize=50311
LAYER=108 / layers=129  idx=15388 / solSize=50311
LAYER=38 / layers=129  idx=45877 / solSize=50311
LAYER=126 / layers=129  idx=2899 / solSize=50311
LAYER=76 / layers=129  idx=33142 / solSize=50311
LAYER=125 / layers=129  idx=3313 / solSize=50311
LAYER=76 / layers=129  idx=33034 / solSize=50311
LAYER=82 / layers=129  idx=30068 / solSize=50311
LAYER=78 / layers=129  idx=32049 / solSize=50311
LAYER=116 / layers=129  idx=10043 / solSize=50311
LAYER=103 / layers=129  idx=18486 / solSize=50311
LAYER=46 / layers=129  idx=43957 / solSize=50311
LAYER=34 / layers=129  idx=46857 / solSize=50311
LAYER=80 / layers=129  idx=31335 / solSize=50311
LAYER=114 / layers=129  idx=11402 / solSize=50311
LAYER=51 / layers=129  idx=42589 / solSize=50311
LAYER=128 / layers=129  idx=1387 / solSize=50311
LAYER=75 / layers=129  idx=33554 / solSize=50311
LAYER=84 / layers=129  idx=29064 / solSize=50311
LAYER=99 / layers=129  idx=20949 / solSize=50311
LAYER=56 / layers=129  idx=40787 / solSize=50311
LAYER=120 / layers=129  idx=7141 / solSize=50311
LAYER=114 / layers=129  idx=11343 / solSize=50311
LAYER=27 / layers=129  idx=48202 / solSize=50311
LAYER=48 / layers=129  idx=43425 / solSize=50311
LAYER=38 / layers=129  idx=45992 / solSize=50311
LAYER=79 / layers=129  idx=31738 / solSize=50311
LAYER=68 / layers=129  idx=36549 / solSize=50311
LAYER=24 / layers=129  idx=48526 / solSize=50311
LAYER=36 / layers=129  idx=46315 / solSize=50311
LAYER=102 / layers=129  idx=19071 / solSize=50311
LAYER=108 / layers=129  idx=15528 / solSize=50311
LAYER=125 / layers=129  idx=3659 / solSize=50311
LAYER=34 / layers=129  idx=46776 / solSize=50311
LAYER=61 / layers=129  idx=39204 / solSize=50311
LAYER=62 / layers=129  idx=38756 / solSize=50311
LAYER=109 / layers=129  idx=14814 / solSize=50311
LAYER=82 / layers=129  idx=30315 / solSize=50311
LAYER=47 / layers=129  idx=43682 / solSize=50311
LAYER=79 / layers=129  idx=31639 / solSize=50311
LAYER=111 / layers=129  idx=13095 / solSize=50311
LAYER=53 / layers=129  idx=41771 / solSize=50311
LAYER=42 / layers=129  idx=45109 / solSize=50311
LAYER=91 / layers=129  idx=25641 / solSize=50311
LAYER=128 / layers=129  idx=835 / solSize=50311
LAYER=76 / layers=129  idx=32821 / solSize=50311
LAYER=110 / layers=129  idx=13798 / solSize=50311
LAYER=65 / layers=129  idx=37776 / solSize=50311
LAYER=89 / layers=129  idx=26759 / solSize=50311
LAYER=89 / layers=129  idx=26454 / solSize=50311
LAYER=85 / layers=129  idx=28596 / solSize=50311
LAYER=19 / layers=129  idx=49246 / solSize=50311
LAYER=99 / layers=129  idx=21202 / solSize=50311
LAYER=125 / layers=129  idx=3760 / solSize=50311
LAYER=121 / layers=129  idx=6734 / solSize=50311
LAYER=58 / layers=129  idx=40216 / solSize=50311
LAYER=102 / layers=129  idx=19092 / solSize=50311
LAYER=107 / layers=129  idx=15741 / solSize=50311
LAYER=108 / layers=129  idx=15489 / solSize=50311
LAYER=87 / layers=129  idx=27401 / solSize=50311
LAYER=127 / layers=129  idx=2000 / solSize=50311
LAYER=129 / layers=129  idx=0 / solSize=50311
LAYER=129 / layers=129  idx=97 / solSize=50311
LAYER=129 / layers=129  idx=194 / solSize=50311
LAYER=129 / layers=129  idx=290 / solSize=50311
LAYER=129 / layers=129  idx=387 / solSize=50311
LAYER=129 / layers=129  idx=484 / solSize=50311
LAYER=129 / layers=129  idx=580 / solSize=50311
LAYER=129 / layers=129  idx=677 / solSize=50311
Update boundaries
UPDATE VOLTAGE START
[BC] updateElectrodeVoltage(0) V=0 #verts=50
[BC] solutionVector finite after write? yes
UPDATE VOLTAGE END 
UPDATE VOLTAGE START
[BC] updateElectrodeVoltage(1) V=-0.880436 #verts=50
[BC] solutionVector finite after write? yes
UPDATE VOLTAGE END 
UPDATE VOLTAGE START
[BC] updateElectrodeVoltage(2) V=0.942681 #verts=51
[BC] solutionVector finite after write? yes
UPDATE VOLTAGE END 
UPDATE VOLTAGE START
[BC] updateElectrodeVoltage(3) V=-1.2138 #verts=50
[BC] solutionVector finite after write? yes
UPDATE VOLTAGE END 
UPDATE VOLTAGE START
[BC] updateElectrodeVoltage(4) V=0.00269317 #verts=50
[BC] solutionVector finite after write? yes
UPDATE VOLTAGE END 
UPDATE VOLTAGE START
[BC] updateElectrodeVoltage(5) V=0.792793 #verts=50
[BC] solutionVector finite after write? yes
UPDATE VOLTAGE END 
UPDATE VOLTAGE START
[BC] updateElectrodeVoltage(6) V=-0.651844 #verts=51
[BC] solutionVector finite after write? yes
UPDATE VOLTAGE END 
UPDATE VOLTAGE START
[BC] updateElectrodeVoltage(7) V=0.101765 #verts=50
[BC] solutionVector finite after write? yes
UPDATE VOLTAGE END 
[RUN] begin: sol size=50311
[RUN] solutionVector finite at entry? yes
[MESH] Max bdr attr: 1
  attr 1 : 380 bdr elements
[BC] ess_tdof_list size = 402
LAYER=123 / layers=129  idx=5089 / solSize=50311
LAYER=111 / layers=129  idx=13530 / solSize=50311
LAYER=58 / layers=129  idx=40245 / solSize=50311
LAYER=66 / layers=129  idx=37110 / solSize=50311
LAYER=35 / layers=129  idx=46627 / solSize=50311
LAYER=111 / layers=129  idx=13176 / solSize=50311
LAYER=117 / layers=129  idx=9400 / solSize=50311
LAYER=92 / layers=129  idx=24889 / solSize=50311
LAYER=98 / layers=129  idx=21529 / solSize=50311
LAYER=102 / layers=129  idx=18813 / solSize=50311
LAYER=93 / layers=129  idx=24376 / solSize=50311
LAYER=108 / layers=129  idx=15057 / solSize=50311
LAYER=106 / layers=129  idx=16894 / solSize=50311
LAYER=67 / layers=129  idx=36951 / solSize=50311
LAYER=57 / layers=129  idx=40395 / solSize=50311
LAYER=96 / layers=129  idx=22617 / solSize=50311
LAYER=67 / layers=129  idx=36838 / solSize=50311
LAYER=86 / layers=129  idx=28014 / solSize=50311
LAYER=127 / layers=129  idx=1602 / solSize=50311
LAYER=120 / layers=129  idx=6900 / solSize=50311
LAYER=24 / layers=129  idx=48642 / solSize=50311
LAYER=106 / layers=129  idx=16354 / solSize=50311
LAYER=125 / layers=129  idx=3208 / solSize=50311
LAYER=102 / layers=129  idx=19130 / solSize=50311
LAYER=123 / layers=129  idx=4798 / solSize=50311
LAYER=84 / layers=129  idx=29143 / solSize=50311
LAYER=91 / layers=129  idx=25537 / solSize=50311
LAYER=106 / layers=129  idx=16515 / solSize=50311
LAYER=93 / layers=129  idx=24116 / solSize=50311
LAYER=106 / layers=129  idx=16492 / solSize=50311
LAYER=74 / layers=129  idx=34091 / solSize=50311
LAYER=75 / layers=129  idx=33583 / solSize=50311
LAYER=68 / layers=129  idx=36553 / solSize=50311
LAYER=73 / layers=129  idx=34125 / solSize=50311
LAYER=127 / layers=129  idx=2292 / solSize=50311
LAYER=52 / layers=129  idx=42349 / solSize=50311
LAYER=106 / layers=129  idx=16398 / solSize=50311
LAYER=102 / layers=129  idx=18864 / solSize=50311
LAYER=87 / layers=129  idx=27544 / solSize=50311
LAYER=90 / layers=129  idx=25840 / solSize=50311
LAYER=85 / layers=129  idx=28811 / solSize=50311
LAYER=38 / layers=129  idx=45985 / solSize=50311
LAYER=120 / layers=129  idx=7238 / solSize=50311
LAYER=46 / layers=129  idx=44052 / solSize=50311
LAYER=87 / layers=129  idx=27792 / solSize=50311
LAYER=107 / layers=129  idx=15771 / solSize=50311
LAYER=82 / layers=129  idx=30299 / solSize=50311
LAYER=8 / layers=129  idx=50094 / solSize=50311
LAYER=120 / layers=129  idx=7136 / solSize=50311
LAYER=96 / layers=129  idx=22778 / solSize=50311
LAYER=66 / layers=129  idx=37277 / solSize=50311
LAYER=89 / layers=129  idx=26335 / solSize=50311
LAYER=126 / layers=129  idx=2362 / solSize=50311
LAYER=111 / layers=129  idx=13395 / solSize=50311
LAYER=90 / layers=129  idx=26146 / solSize=50311
LAYER=105 / layers=129  idx=17393 / solSize=50311
LAYER=64 / layers=129  idx=38114 / solSize=50311
LAYER=27 / layers=129  idx=48112 / solSize=50311
LAYER=117 / layers=129  idx=9061 / solSize=50311
LAYER=127 / layers=129  idx=2116 / solSize=50311
LAYER=128 / layers=129  idx=1129 / solSize=50311
LAYER=11 / layers=129  idx=49942 / solSize=50311
LAYER=57 / layers=129  idx=40654 / solSize=50311
LAYER=100 / layers=129  idx=20563 / solSize=50311
LAYER=61 / layers=129  idx=39278 / solSize=50311
LAYER=122 / layers=129  idx=5431 / solSize=50311
LAYER=85 / layers=129  idx=28714 / solSize=50311
LAYER=72 / layers=129  idx=34689 / solSize=50311
LAYER=90 / layers=129  idx=25776 / solSize=50311
LAYER=93 / layers=129  idx=24273 / solSize=50311
LAYER=129 / layers=129  idx=637 / solSize=50311
LAYER=54 / layers=129  idx=41499 / solSize=50311
LAYER=107 / layers=129  idx=15670 / solSize=50311
LAYER=119 / layers=129  idx=7682 / solSize=50311
LAYER=80 / layers=129  idx=31106 / solSize=50311
LAYER=94 / layers=129  idx=23966 / solSize=50311
LAYER=105 / layers=129  idx=17541 / solSize=50311
LAYER=126 / layers=129  idx=2749 / solSize=50311
LAYER=88 / layers=129  idx=26950 / solSize=50311
LAYER=117 / layers=129  idx=8973 / solSize=50311
LAYER=89 / layers=129  idx=26733 / solSize=50311
LAYER=123 / layers=129  idx=4789 / solSize=50311
LAYER=85 / layers=129  idx=28807 / solSize=50311
LAYER=113 / layers=129  idx=12117 / solSize=50311
LAYER=105 / layers=129  idx=17363 / solSize=50311
LAYER=26 / layers=129  idx=48300 / solSize=50311
LAYER=115 / layers=129  idx=10594 / solSize=50311
LAYER=126 / layers=129  idx=2459 / solSize=50311
LAYER=108 / layers=129  idx=15531 / solSize=50311
LAYER=120 / layers=129  idx=7090 / solSize=50311
LAYER=38 / layers=129  idx=45937 / solSize=50311
LAYER=105 / layers=129  idx=16999 / solSize=50311
LAYER=105 / layers=129  idx=17220 / solSize=50311
LAYER=49 / layers=129  idx=43101 / solSize=50311
LAYER=108 / layers=129  idx=14994 / solSize=50311
LAYER=107 / layers=129  idx=15673 / solSize=50311
LAYER=95 / layers=129  idx=23318 / solSize=50311
LAYER=122 / layers=129  idx=5862 / solSize=50311
LAYER=63 / layers=129  idx=38291 / solSize=50311
LAYER=109 / layers=129  idx=14851 / solSize=50311
LAYER=11 / layers=129  idx=49955 / solSize=50311
LAYER=7 / layers=129  idx=50174 / solSize=50311
LAYER=57 / layers=129  idx=40562 / solSize=50311
LAYER=111 / layers=129  idx=13283 / solSize=50311
LAYER=79 / layers=129  idx=31706 / solSize=50311
LAYER=54 / layers=129  idx=41566 / solSize=50311
LAYER=81 / layers=129  idx=30678 / solSize=50311
LAYER=78 / layers=129  idx=32054 / solSize=50311
LAYER=40 / layers=129  idx=45421 / solSize=50311
LAYER=98 / layers=129  idx=21322 / solSize=50311
LAYER=93 / layers=129  idx=24247 / solSize=50311
LAYER=106 / layers=129  idx=16579 / solSize=50311
LAYER=71 / layers=129  idx=35170 / solSize=50311
LAYER=88 / layers=129  idx=26883 / solSize=50311
LAYER=67 / layers=129  idx=36926 / solSize=50311
LAYER=115 / layers=129  idx=10800 / solSize=50311
LAYER=97 / layers=129  idx=22268 / solSize=50311
LAYER=97 / layers=129  idx=22150 / solSize=50311
LAYER=73 / layers=129  idx=34480 / solSize=50311
LAYER=113 / layers=129  idx=11793 / solSize=50311
LAYER=103 / layers=129  idx=18514 / solSize=50311
LAYER=56 / layers=129  idx=40788 / solSize=50311
LAYER=110 / layers=129  idx=14308 / solSize=50311
LAYER=35 / layers=129  idx=46694 / solSize=50311
LAYER=88 / layers=129  idx=27017 / solSize=50311
LAYER=127 / layers=129  idx=1825 / solSize=50311
LAYER=125 / layers=129  idx=3652 / solSize=50311
LAYER=106 / layers=129  idx=16908 / solSize=50311
LAYER=116 / layers=129  idx=9599 / solSize=50311
LAYER=50 / layers=129  idx=42868 / solSize=50311
LAYER=129 / layers=129  idx=750 / solSize=50311
LAYER=121 / layers=129  idx=6372 / solSize=50311
LAYER=62 / layers=129  idx=38874 / solSize=50311
LAYER=121 / layers=129  idx=6687 / solSize=50311
LAYER=102 / layers=129  idx=19142 / solSize=50311
LAYER=118 / layers=129  idx=8646 / solSize=50311
LAYER=66 / layers=129  idx=37355 / solSize=50311
LAYER=56 / layers=129  idx=40971 / solSize=50311
LAYER=94 / layers=129  idx=23541 / solSize=50311
LAYER=94 / layers=129  idx=23712 / solSize=50311
LAYER=107 / layers=129  idx=15783 / solSize=50311
LAYER=61 / layers=129  idx=39101 / solSize=50311
LAYER=129 / layers=129  idx=391 / solSize=50311
LAYER=44 / layers=129  idx=44437 / solSize=50311
LAYER=93 / layers=129  idx=24398 / solSize=50311
LAYER=106 / layers=129  idx=16910 / solSize=50311
LAYER=107 / layers=129  idx=16160 / solSize=50311
LAYER=55 / layers=129  idx=41088 / solSize=50311
LAYER=108 / layers=129  idx=15227 / solSize=50311
LAYER=43 / layers=129  idx=44860 / solSize=50311
LAYER=115 / layers=129  idx=10684 / solSize=50311
LAYER=106 / layers=129  idx=16322 / solSize=50311
LAYER=82 / layers=129  idx=30312 / solSize=50311
LAYER=117 / layers=129  idx=9109 / solSize=50311
LAYER=44 / layers=129  idx=44435 / solSize=50311
LAYER=123 / layers=129  idx=4721 / solSize=50311
LAYER=45 / layers=129  idx=44311 / solSize=50311
LAYER=83 / layers=129  idx=29415 / solSize=50311
LAYER=77 / layers=129  idx=32560 / solSize=50311
LAYER=119 / layers=129  idx=7575 / solSize=50311
LAYER=43 / layers=129  idx=44755 / solSize=50311
LAYER=126 / layers=129  idx=2436 / solSize=50311
LAYER=104 / layers=129  idx=18063 / solSize=50311
LAYER=85 / layers=129  idx=28425 / solSize=50311
LAYER=98 / layers=129  idx=21586 / solSize=50311
LAYER=75 / layers=129  idx=33218 / solSize=50311
LAYER=124 / layers=129  idx=4077 / solSize=50311
LAYER=90 / layers=129  idx=25776 / solSize=50311
LAYER=114 / layers=129  idx=11654 / solSize=50311
LAYER=80 / layers=129  idx=31203 / solSize=50311
LAYER=115 / layers=129  idx=10786 / solSize=50311
LAYER=79 / layers=129  idx=31399 / solSize=50311
LAYER=88 / layers=129  idx=26850 / solSize=50311
LAYER=111 / layers=129  idx=13436 / solSize=50311
LAYER=52 / layers=129  idx=42319 / solSize=50311
LAYER=85 / layers=129  idx=28807 / solSize=50311
LAYER=124 / layers=129  idx=4013 / solSize=50311
LAYER=51 / layers=129  idx=42435 / solSize=50311
LAYER=112 / layers=129  idx=12923 / solSize=50311
LAYER=93 / layers=129  idx=24259 / solSize=50311
LAYER=124 / layers=129  idx=3999 / solSize=50311
LAYER=118 / layers=129  idx=8773 / solSize=50311
LAYER=70 / layers=129  idx=35432 / solSize=50311
LAYER=18 / layers=129  idx=49344 / solSize=50311
LAYER=82 / layers=129  idx=30138 / solSize=50311
LAYER=120 / layers=129  idx=7321 / solSize=50311
LAYER=52 / layers=129  idx=42235 / solSize=50311
LAYER=92 / layers=129  idx=25124 / solSize=50311
LAYER=93 / layers=129  idx=24624 / solSize=50311
LAYER=113 / layers=129  idx=12291 / solSize=50311
LAYER=38 / layers=129  idx=46078 / solSize=50311
LAYER=108 / layers=129  idx=15370 / solSize=50311
LAYER=89 / layers=129  idx=26515 / solSize=50311
LAYER=65 / layers=129  idx=37614 / solSize=50311
LAYER=122 / layers=129  idx=5697 / solSize=50311
LAYER=60 / layers=129  idx=39582 / solSize=50311
LAYER=101 / layers=129  idx=19580 / solSize=50311
LAYER=61 / layers=129  idx=39037 / solSize=50311
LAYER=115 / layers=129  idx=10631 / solSize=50311
LAYER=86 / layers=129  idx=28082 / solSize=50311
LAYER=129 / layers=129  idx=0 / solSize=50311
LAYER=129 / layers=129  idx=97 / solSize=50311
LAYER=129 / layers=129  idx=194 / solSize=50311
LAYER=129 / layers=129  idx=290 / solSize=50311
LAYER=129 / layers=129  idx=387 / solSize=50311
LAYER=129 / layers=129  idx=484 / solSize=50311
LAYER=129 / layers=129  idx=580 / solSize=50311
LAYER=129 / layers=129  idx=677 / solSize=50311
[MESH] Max bdr attr: Update boundaries
UPDATE VOLTAGE START
[BC] updateElectrodeVoltage(10) V=
0 #verts=50
  attr [BC] solutionVector finite after write? 1yes : 
380 bdr elements
UPDATE VOLTAGE END [BC] ess_tdof_list size = 
402
LAYER=31 / layers=129  idx=47358 / solSize=50311
LAYER=32 / layers=129  idx=47280 / solSize=50311
LAYER=7 / layers=129  idx=50177 / solSize=50311
UPDATE VOLTAGE STARTLAYER=
[BC] updateElectrodeVoltage(731 / layers=129  idx=34308 / solSize=) V=50311
LAYER=92 / layers=129  idx=24805 / solSize=50311
-0.659 #verts=LAYER=50108
 / layers=[BC] solutionVector finite after write? 129  idx=15601 / solSize=50311
yes
UPDATE VOLTAGE END LAYER=
109UPDATE VOLTAGE START
[BC] updateElectrodeVoltage(2) V= / layers=129  idx=-1.46222 #verts=51
[BC] solutionVector finite after write? yes
UPDATE VOLTAGE END 
UPDATE VOLTAGE START
[BC] updateElectrodeVoltage(3) V=0.189306 #verts=50
[BC] solutionVector finite after write? yes
UPDATE VOLTAGE END 
UPDATE VOLTAGE START
[BC] updateElectrodeVoltage(4) V=1.02828 #verts=50
[BC] solutionVector finite after write? yes
UPDATE VOLTAGE END 
UPDATE VOLTAGE START
[BC] updateElectrodeVoltage(5) V=-0.269379 #verts=50
[BC] solutionVector finite after write? yes
UPDATE VOLTAGE END 
UPDATE VOLTAGE START
[BC] updateElectrodeVoltage(6) V=-1.1684 #verts=51
[BC] solutionVector finite after write? yes
UPDATE VOLTAGE END 
UPDATE VOLTAGE START
[BC] updateElectrodeVoltage(7) V=-0.960143 #verts=1442650 / solSize=50311

[BC] solutionVector finite after write? LAYER=yes47
UPDATE VOLTAGE END 
 / layers=[RUN] begin: sol size=12950311  idx=43655
 / solSize=[RUN] solutionVector finite at entry? yes
50311
LAYER=51 / layers=129  idx=42636 / solSize=50311
LAYER=85 / layers=129  idx=28840 / solSize=50311
LAYER=34 / layers=129  idx=46784 / solSize=50311
LAYER=123 / layers=129  idx=4741 / solSize=50311
LAYER=74 / layers=129  idx=33896 / solSize=50311
LAYER=57 / layers=129  idx=40416 / solSize=50311
LAYER=53 / layers=129  idx=41940 / solSize=50311
LAYER=78 / layers=129  idx=31902 / solSize=50311
LAYER=107 / layers=129  idx=16029 / solSize=50311
LAYER=68 / layers=129  idx=36628 / solSize=50311
LAYER=95 / layers=129  idx=23203 / solSize=50311
LAYER=35 / layers=129  idx=46643 / solSize=50311
LAYER=76 / layers=129  idx=32800 / solSize=50311
LAYER=80 / layers=129  idx=31213 / solSize=50311
LAYER=68 / layers=129  idx=36334 / solSize=50311
LAYER=83 / layers=129  idx=29667 / solSize=50311
LAYER=111 / layers=129  idx=13670 / solSize=50311
LAYER=115 / layers=129  idx=10885 / solSize=50311
LAYER=53 / layers=129  idx=41773 / solSize=50311
LAYER=46 / layers=129  idx=44027 / solSize=50311
LAYER=42 / layers=129  idx=44990 / solSize=50311
LAYER=68 / layers=129  idx=36447 / solSize=50311
LAYER=120 / layers=129  idx=7252 / solSize=50311
LAYER=74 / layers=129  idx=33882 / solSize=50311
LAYER=87 / layers=129  idx=27723 / solSize=50311
LAYER=86 / layers=129  idx=28353 / solSize=50311
LAYER=41 / layers=129  idx=45371 / solSize=50311
LAYER=116 / layers=129  idx=9892 / solSize=50311
LAYER=70 / layers=129  idx=35740 / solSize=50311
LAYER=95 / layers=129  idx=23013 / solSize=50311
LAYER=58 / layers=129  idx=40390 / solSize=50311
LAYER=106 / layers=129  idx=16398 / solSize=50311
LAYER=8 / layers=129  idx=50101 / solSize=50311
LAYER=97 / layers=129  idx=22120 / solSize=50311
LAYER=45 / layers=129  idx=44129 / solSize=50311
LAYER=90 / layers=129  idx=26152 / solSize=50311
LAYER=83 / layers=129  idx=29420 / solSize=50311
LAYER=68 / layers=129  idx=36322 / solSize=50311
LAYER=54 / layers=129  idx=41575 / solSize=50311
LAYER=116 / layers=129  idx=9880 / solSize=50311
LAYER=76 / layers=129  idx=33084 / solSize=50311
LAYER=94 / layers=129  idx=23944 / solSize=50311
LAYER=104 / layers=129  idx=17724 / solSize=50311
LAYER=50 / layers=129  idx=42730 / solSize=50311
LAYER=72 / layers=129  idx=34788 / solSize=50311
LAYER=43 / layers=129  idx=44845 / solSize=50311
LAYER=99 / layers=129  idx=20805 / solSize=50311
LAYER=74 / layers=129  idx=33813 / solSize=50311
LAYER=105 / layers=129  idx=17091 / solSize=50311
LAYER=87 / layers=129  idx=27563 / solSize=50311
LAYER=83 / layers=129  idx=29752 / solSize=50311
LAYER=107 / layers=129  idx=15858 / solSize=50311
LAYER=75 / layers=129  idx=33220 / solSize=50311
LAYER=116 / layers=129  idx=10196 / solSize=50311
LAYER=89 / layers=129  idx=26491 / solSize=50311
LAYER=112 / layers=129  idx=12655 / solSize=50311
LAYER=85 / layers=129  idx=28886 / solSize=50311
LAYER=117 / layers=129  idx=9228 / solSize=50311
LAYER=108 / layers=129  idx=15148 / solSize=50311
LAYER=77 / layers=129  idx=32713 / solSize=50311
LAYER=125 / layers=129  idx=3088 / solSize=50311
LAYER=73 / layers=129  idx=34136 / solSize=50311
LAYER=83 / layers=129  idx=29593 / solSize=50311
LAYER=32 / layers=129  idx=47166 / solSize=50311
LAYER=82 / layers=129  idx=29976 / solSize=50311
LAYER=89 / layers=129  idx=26711 / solSize=50311
LAYER=32 / layers=129  idx=47240 / solSize=50311
LAYER=88 / layers=129  idx=26987 / solSize=50311
LAYER=111 / layers=129  idx=13137 / solSize=50311
LAYER=120 / layers=129  idx=6911 / solSize=50311
LAYER=65 / layers=129  idx=37560 / solSize=50311
LAYER=117 / layers=129  idx=9211 / solSize=50311
LAYER=44 / layers=129  idx=44512 / solSize=50311
LAYER=54 / layers=129  idx=41493 / solSize=50311
LAYER=107 / layers=129  idx=15927 / solSize=50311
LAYER=109 / layers=129  idx=14439 / solSize=50311
LAYER=96 / layers=129  idx=22842 / solSize=50311
LAYER=92 / layers=129  idx=24680 / solSize=50311
LAYER=90 / layers=129  idx=25793 / solSize=50311
LAYER=73 / layers=129  idx=34389 / solSize=50311
LAYER=28 / layers=129  idx=47995 / solSize=50311
LAYER=55 / layers=129  idx=41245 / solSize=50311
LAYER=103 / layers=129  idx=18644 / solSize=50311
LAYER=52 / layers=129  idx=42103 / solSize=50311
LAYER=67 / layers=129  idx=36663 / solSize=50311
LAYER=32 / layers=129  idx=47241 / solSize=50311
LAYER=65 / layers=129  idx=37742 / solSize=50311
LAYER=108 / layers=129  idx=15351 / solSize=50311
LAYER=77 / layers=129  idx=32531 / solSize=50311
LAYER=117 / layers=129  idx=9313 / solSize=50311
LAYER=104 / layers=129  idx=17901 / solSize=50311
LAYER=95 / layers=129  idx=23191 / solSize=50311
LAYER=123 / layers=129  idx=5276 / solSize=50311
LAYER=122 / layers=129  idx=5460 / solSize=50311
LAYER=129 / layers=129  idx=100 / solSize=50311
LAYER=68 / layers=129  idx=36490 / solSize=50311
LAYER=89 / layers=129  idx=26285 / solSize=50311
LAYER=86 / layers=129  idx=28175 / solSize=50311
LAYER=27 / layers=129  idx=48168 / solSize=50311
LAYER=119 / layers=129  idx=7485 / solSize=50311
LAYER=55 / layers=129  idx=41117 / solSize=50311
LAYER=54 / layers=129  idx=41653 / solSize=50311
LAYER=113 / layers=129  idx=12247 / solSize=50311
LAYER=35 / layers=129  idx=46552 / solSize=50311
LAYER=23 / layers=129  idx=48700 / solSize=50311
LAYER=114 / layers=129  idx=11107 / solSize=50311
LAYER=113 / layers=129  idx=12195 / solSize=50311
LAYER=65 / layers=129  idx=37563 / solSize=50311
LAYER=65 / layers=129  idx=37763 / solSize=50311
LAYER=85 / layers=129  idx=28468 / solSize=50311
LAYER=17 / layers=129  idx=49492 / solSize=50311
LAYER=95 / layers=129  idx=23088 / solSize=50311
LAYER=29 / layers=129  idx=47855 / solSize=50311
LAYER=91 / layers=129  idx=25632 / solSize=50311
LAYER=91 / layers=129  idx=25690 / solSize=50311
LAYER=94 / layers=129  idx=23911 / solSize=50311
LAYER=57 / layers=129  idx=40556 / solSize=50311
LAYER=103 / layers=129  idx=18573 / solSize=50311
LAYER=102 / layers=129  idx=19359 / solSize=50311
LAYER=106 / layers=129  idx=16668 / solSize=50311
LAYER=83 / layers=129  idx=29870 / solSize=50311
LAYER=126 / layers=129  idx=2306 / solSize=50311
LAYER=67 / layers=129  idx=36913 / solSize=50311
LAYER=94 / layers=129  idx=23661 / solSize=50311
LAYER=89 / layers=129  idx=26439 / solSize=50311
LAYER=55 / layers=129  idx=41078 / solSize=50311
LAYER=128 / layers=129  idx=783 / solSize=50311
LAYER=80 / layers=129  idx=30905 / solSize=50311
LAYER=88 / layers=129  idx=27314 / solSize=50311
LAYER=125 / layers=129  idx=3660 / solSize=50311
LAYER=29 / layers=129  idx=47801 / solSize=50311
LAYER=99 / layers=129  idx=20927 / solSize=50311
LAYER=101 / layers=129  idx=19859 / solSize=50311
LAYER=71 / layers=129  idx=35304 / solSize=50311
LAYER=95 / layers=129  idx=23270 / solSize=50311
LAYER=95 / layers=129  idx=22998 / solSize=50311
LAYER=116 / layers=129  idx=9631 / solSize=50311
LAYER=51 / layers=129  idx=42418 / solSize=50311
LAYER=120 / layers=129  idx=7105 / solSize=50311
LAYER=124 / layers=129  idx=4168 / solSize=50311
LAYER=40 / layers=129  idx=45499 / solSize=50311
LAYER=79 / layers=129  idx=31782 / solSize=50311
LAYER=97 / layers=129  idx=22026 / solSize=50311
LAYER=127 / layers=129  idx=1777 / solSize=50311
LAYER=39 / layers=129  idx=45634 / solSize=50311
LAYER=120 / layers=129  idx=6984 / solSize=50311
LAYER=70 / layers=129  idx=35531 / solSize=50311
LAYER=127 / layers=129  idx=1951 / solSize=50311
LAYER=65 / layers=129  idx=37543 / solSize=50311
LAYER=107 / layers=129  idx=16237 / solSize=50311
LAYER=65 / layers=129  idx=37612 / solSize=50311
LAYER=84 / layers=129  idx=28919 / solSize=50311
LAYER=40 / layers=129  idx=45546 / solSize=50311
LAYER=121 / layers=129  idx=6533 / solSize=50311
LAYER=63 / layers=129  idx=38302 / solSize=50311
LAYER=38 / layers=129  idx=45928 / solSize=50311
LAYER=76 / layers=129  idx=32900 / solSize=50311
LAYER=96 / layers=129  idx=22809 / solSize=50311
LAYER=51 / layers=129  idx=42538 / solSize=50311
LAYER=27 / layers=129  idx=48111 / solSize=50311
LAYER=118 / layers=129  idx=8492 / solSize=50311
LAYER=110 / layers=129  idx=13762 / solSize=50311
LAYER=73 / layers=129  idx=34301 / solSize=50311
LAYER=124 / layers=129  idx=4067 / solSize=50311
LAYER=39 / layers=129  idx=45766 / solSize=50311
LAYER=123 / layers=129  idx=5135 / solSize=50311
LAYER=114 / layers=129  idx=11275 / solSize=50311
LAYER=19 / layers=129  idx=49245 / solSize=50311
LAYER=49 / layers=129  idx=43093 / solSize=50311
LAYER=111 / layers=129  idx=13140 / solSize=50311
LAYER=104 / layers=129  idx=17928 / solSize=50311
LAYER=123 / layers=129  idx=4840 / solSize=50311
LAYER=126 / layers=129  idx=2716 / solSize=50311
LAYER=119 / layers=129  idx=7659 / solSize=50311
LAYER=75 / layers=129  idx=33236 / solSize=50311
LAYER=103 / layers=129  idx=18292 / solSize=50311
LAYER=125 / layers=129  idx=3315 / solSize=50311
LAYER=103 / layers=129  idx=18546 / solSize=50311
LAYER=60 / layers=129  idx=39542 / solSize=50311
LAYER=122 / layers=129  idx=5572 / solSize=50311
LAYER=122 / layers=129  idx=5546 / solSize=50311
LAYER=82 / layers=129  idx=30193 / solSize=50311
LAYER=88 / layers=129  idx=27220 / solSize=50311
LAYER=40 / layers=129  idx=45512 / solSize=50311
LAYER=62 / layers=129  idx=38750 / solSize=50311
LAYER=113 / layers=129  idx=12021 / solSize=50311
LAYER=86 / layers=129  idx=27991 / solSize=50311
LAYER=107 / layers=129  idx=15961 / solSize=50311
LAYER=114 / layers=129  idx=11631 / solSize=50311
LAYER=70 / layers=129  idx=35645 / solSize=50311
LAYER=99 / layers=129  idx=20638 / solSize=50311
LAYER=99 / layers=129  idx=20956 / solSize=50311
LAYER=129 / layers=129  idx=0 / solSize=50311
LAYER=129 / layers=129  idx=97 / solSize=50311
LAYER=129 / layers=129  idx=194 / solSize=50311
LAYER=129 / layers=129  idx=290 / solSize=50311
LAYER=129 / layers=129  idx=387 / solSize=50311
LAYER=129 / layers=129  idx=484 / solSize=50311
LAYER=129 / layers=129  idx=580 / solSize=50311
LAYER=129 / layers=129  idx=677 / solSize=50311
Update boundaries
UPDATE VOLTAGE START
[BC] updateElectrodeVoltage(0) V=0 #verts=50
[BC] solutionVector finite after write? yes
UPDATE VOLTAGE END 
UPDATE VOLTAGE START
[BC] updateElectrodeVoltage(1) V=0.716659 #verts=50
[BC] solutionVector finite after write? yes
UPDATE VOLTAGE END 
UPDATE VOLTAGE START
[BC] updateElectrodeVoltage(2) V=1.18403 #verts=51
[BC] solutionVector finite after write? yes
UPDATE VOLTAGE END 
UPDATE VOLTAGE START
[BC] updateElectrodeVoltage(3) V=0.273926 #verts=50
[BC] solutionVector finite after write? yes
UPDATE VOLTAGE END 
UPDATE VOLTAGE START
[BC] updateElectrodeVoltage(4) V=0.334046 #verts=50
[BC] solutionVector finite after write? yes
UPDATE VOLTAGE END 
UPDATE VOLTAGE START
[BC] updateElectrodeVoltage(5) V=-0.491579 #verts=50
[BC] solutionVector finite after write? yes
UPDATE VOLTAGE END 
UPDATE VOLTAGE START
[BC] updateElectrodeVoltage(6) V=-0.185693 #verts=51
[BC] solutionVector finite after write? yes
UPDATE VOLTAGE END 
UPDATE VOLTAGE START
[BC] updateElectrodeVoltage(7) V=-0.844532 #verts=50
[BC] solutionVector finite after write? yes
UPDATE VOLTAGE END 
[RUN] begin: sol size=50311
[RUN] solutionVector finite at entry? yes
[MESH] Max bdr attr: 1
  attr 1 : 380 bdr elements
[BC] ess_tdof_list size = 402
LAYER=98 / layers=129  idx=21748 / solSize=50311
LAYER=122 / layers=129  idx=5889 / solSize=50311
LAYER=25 / layers=129  idx=48483 / solSize=50311
LAYER=98 / layers=129  idx=21581 / solSize=50311
LAYER=58 / layers=129  idx=40141 / solSize=50311
LAYER=121 / layers=129  idx=6623 / solSize=50311
LAYER=71 / layers=129  idx=35264 / solSize=50311
LAYER=97 / layers=129  idx=21835 / solSize=50311
LAYER=104 / layers=129  idx=18159 / solSize=50311
LAYER=106 / layers=129  idx=16383 / solSize=50311
LAYER=115 / layers=129  idx=10858 / solSize=50311
LAYER=27 / layers=129  idx=48187 / solSize=50311
LAYER=116 / layers=129  idx=9943 / solSize=50311
LAYER=127 / layers=129  idx=2123 / solSize=50311
LAYER=79 / layers=129  idx=31562 / solSize=50311
LAYER=49 / layers=129  idx=43096 / solSize=50311
LAYER=78 / layers=129  idx=32038 / solSize=50311
LAYER=95 / layers=129  idx=23248 / solSize=50311
LAYER=103 / layers=129  idx=18622 / solSize=50311
LAYER=87 / layers=129  idx=27733 / solSize=50311
LAYER=28 / layers=129  idx=47909 / solSize=50311
LAYER=112 / layers=129  idx=12902 / solSize=50311
LAYER=70 / layers=129  idx=35655 / solSize=50311
LAYER=111 / layers=129  idx=13480 / solSize=50311
LAYER=110 / layers=129  idx=14301 / solSize=50311
LAYER=97 / layers=129  idx=22374 / solSize=50311
LAYER=119 / layers=129  idx=7543 / solSize=50311
LAYER=118 / layers=129  idx=8226 / solSize=50311
LAYER=114 / layers=129  idx=11400 / solSize=50311
LAYER=66 / layers=129  idx=37427 / solSize=50311
LAYER=37 / layers=129  idx=46184 / solSize=50311
LAYER=114 / layers=129  idx=11473 / solSize=50311
LAYER=75 / layers=129  idx=33342 / solSize=50311
LAYER=120 / layers=129  idx=7064 / solSize=50311
LAYER=91 / layers=129  idx=25488 / solSize=50311
LAYER=114 / layers=129  idx=11294 / solSize=50311
LAYER=85 / layers=129  idx=28475 / solSize=50311
LAYER=127 / layers=129  idx=1844 / solSize=50311
LAYER=85 / layers=129  idx=28382 / solSize=50311
LAYER=71 / layers=129  idx=35212 / solSize=50311
LAYER=89 / layers=129  idx=26507 / solSize=50311
LAYER=89 / layers=129  idx=26373 / solSize=50311
LAYER=83 / layers=129  idx=29436 / solSize=50311
LAYER=86 / layers=129  idx=27928 / solSize=50311
LAYER=33 / layers=129  idx=47053 / solSize=50311
LAYER=40 / layers=129  idx=45414 / solSize=50311
LAYER=71 / layers=129  idx=35289 / solSize=50311
LAYER=96 / layers=129  idx=22483 / solSize=50311
LAYER=98 / layers=129  idx=21461 / solSize=50311
LAYER=110 / layers=129  idx=13916 / solSize=50311
LAYER=98 / layers=129  idx=21336 / solSize=50311
LAYER=124 / layers=129  idx=4177 / solSize=50311
LAYER=42 / layers=129  idx=44927 / solSize=50311
LAYER=57 / layers=129  idx=40472 / solSize=50311
LAYER=125 / layers=129  idx=3493 / solSize=50311
LAYER=101 / layers=129  idx=19763 / solSize=50311
LAYER=102 / layers=129  idx=19071 / solSize=50311
LAYER=14 / layers=129  idx=49713 / solSize=50311
LAYER=89 / layers=129  idx=26738 / solSize=50311
LAYER=78 / layers=129  idx=32161 / solSize=50311
LAYER=118 / layers=129  idx=8807 / solSize=50311
LAYER=120 / layers=129  idx=7043 / solSize=50311
LAYER=116 / layers=129  idx=10135 / solSize=50311
LAYER=61 / layers=129  idx=39157 / solSize=50311
LAYER=73 / layers=129  idx=34134 / solSize=50311
LAYER=117 / layers=129  idx=9089 / solSize=50311
LAYER=118 / layers=129  idx=8876 / solSize=50311
LAYER=103 / layers=129  idx=18738 / solSize=50311
LAYER=125 / layers=129  idx=3585 / solSize=50311
LAYER=99 / layers=129  idx=20849 / solSize=50311
LAYER=75 / layers=129  idx=33417 / solSize=50311
LAYER=126 / layers=129  idx=3046 / solSize=50311
LAYER=96 / layers=129  idx=22706 / solSize=50311
LAYER=97 / layers=129  idx=22225 / solSize=50311
LAYER=127 / layers=129  idx=1955 / solSize=50311
LAYER=19 / layers=129  idx=49211 / solSize=50311
LAYER=109 / layers=129  idx=14583 / solSize=50311
LAYER=125 / layers=129  idx=3227 / solSize=50311
LAYER=73 / layers=129  idx=34538 / solSize=50311
LAYER=129 / layers=129  idx=578 / solSize=50311
LAYER=105 / layers=129  idx=17156 / solSize=50311
LAYER=9 / layers=129  idx=50091 / solSize=50311
LAYER=115 / layers=129  idx=10569 / solSize=50311
LAYER=35 / layers=129  idx=46727 / solSize=50311
LAYER=82 / layers=129  idx=29981 / solSize=50311
LAYER=123 / layers=129  idx=5144 / solSize=50311
LAYER=34 / layers=129  idx=46822 / solSize=50311
LAYER=58 / layers=129  idx=40126 / solSize=50311
LAYER=62 / layers=129  idx=38641 / solSize=50311
LAYER=30 / layers=129  idx=47675 / solSize=50311
LAYER=123 / layers=129  idx=4816 / solSize=50311
LAYER=104 / layers=129  idx=17852 / solSize=50311
LAYER=79 / layers=129  idx=31378 / solSize=50311
LAYER=73 / layers=129  idx=34359 / solSize=50311
LAYER=109 / layers=129  idx=14750 / solSize=50311
LAYER=61 / layers=129  idx=39202 / solSize=50311
LAYER=123 / layers=129  idx=5241 / solSize=50311
LAYER=119 / layers=129  idx=7545 / solSize=50311
LAYER=94 / layers=129  idx=23906 / solSize=50311
LAYER=78 / layers=129  idx=31886 / solSize=50311
LAYER=126 / layers=129  idx=3008 / solSize=50311
LAYER=97 / layers=129  idx=21843 / solSize=50311
LAYER=113 / layers=129  idx=12042 / solSize=50311
LAYER=19 / layers=129  idx=49211 / solSize=50311
LAYER=113 / layers=129  idx=11986 / solSize=50311
LAYER=107 / layers=129  idx=15739 / solSize=50311
LAYER=121 / layers=129  idx=6385 / solSize=50311
LAYER=117 / layers=129  idx=9224 / solSize=50311
LAYER=105 / layers=129  idx=17499 / solSize=50311
LAYER=72 / layers=129  idx=34959 / solSize=50311
LAYER=32 / layers=129  idx=47275 / solSize=50311
LAYER=123 / layers=129  idx=5212 / solSize=50311
LAYER=103 / layers=129  idx=18771 / solSize=50311
LAYER=14 / layers=129  idx=49698 / solSize=50311
LAYER=85 / layers=129  idx=28764 / solSize=50311
LAYER=74 / layers=129  idx=33905 / solSize=50311
LAYER=[MESH] Max bdr attr: 40 / layers=129  idx=45589 / solSize=50311
LAYER=7 / layers=129  idx=50164 / solSize=150311

LAYER=15 / layers=129  idx=49639 / solSize=50311
LAYER=87 / layers=129  idx=27386 / solSize=50311
  attr LAYER=1 : 380 bdr elements
96[BC] ess_tdof_list size =  / layers=402
129  idx=22763 / solSize=50311
LAYER=115 / layers=129  idx=10897 / solSize=50311
LAYER=75LAYER= / layers=102129 / layers=  idx=12933532  idx=19270 / solSize= / solSize=5031150311

LAYER=82 / layers=129  idx=30114 / solSize=50311
LAYER=LAYER=11286 / layers= / layers=129  idx=12893 / solSize=50311
129  idx=LAYER=28036 / solSize=11150311
 / layers=129  idx=13016LAYER= / solSize=50311
31LAYER=9 / layers=129  idx=50080 / solSize=50311
LAYER=96 / layers=129  idx=22538 / solSize=50311
LAYER=105 / layers=129  idx=17168 / solSize=50311
LAYER=122 / layers=129  idx=5812 / solSize=50311
LAYER=106 / layers=129  idx=16402 / solSize=50311
LAYER=129 / layers=129  idx=450 / solSize=50311
LAYER=77 / layers=129  idx=32702 / solSize=50311
LAYER=91 / layers=129  idx=25284 / solSize=50311
 / layers=LAYER=129 / layers=129  idx=129297  idx= / solSize=50311
LAYER=4750746 / solSize= / layers=50311
129  idx=43850 / solSize=50311
LAYER=LAYER=107 / layers=81129 / layers=129  idx=  idx=30840 / solSize=1573750311 / solSize=
50311LAYER=
100LAYER=123 / layers= / layers=129129  idx=4757 / solSize=  idx=5031120150
 / solSize=50311
LAYER=LAYER=7196 / layers=129  idx= / layers=22868129 / solSize=50311
  idx=35149 / solSize=LAYER=50311123 / layers=
129LAYER=  idx=107 / layers=5087129  idx=15663 / solSize=50311 / solSize=
50311LAYER=
56 / layers=129LAYER=  idx=12840884 / solSize=50311
 / layers=129LAYER=  idx=130695 / solSize=50311
 / layers=129  idx=LAYER=2312571 / layers= / solSize=12950311
  idx=35198 / solSize=LAYER=5031187
 / layers=LAYER=129  idx=8227737 / layers=129  idx=29966 / solSize= / solSize=5031150311

LAYER=LAYER=10489 / layers=129  idx= / layers=17964129 / solSize=50311  idx=
26459 / solSize=50311
LAYER=LAYER=25118 / layers= / layers=129  idx=8299129 / solSize=  idx=50311
48479 / solSize=50311
LAYER=59 / layers=LAYER=129127  idx=39949 / solSize= / layers=12950311  idx=1898
 / solSize=LAYER=50311118
 / layers=129  idx=8353 / solSize=50311LAYER=
38 / layers=129  idx=45933 / solSize=50311LAYER=78
 / layers=129  idx=32075LAYER= / solSize=50311
128LAYER=53 / layers= / layers=129129  idx=41977 / solSize=  idx=50311969
 / solSize=LAYER=5031179
 / layers=129  idx=31573 / solSize=LAYER=50311108 / layers=129
  idx=LAYER=69 / layers=129  idx=1535235954 / solSize=50311
 / solSize=50311LAYER=
104 / layers=129  idx=17563 / solSize=50311
LAYER=LAYER=120108 / layers=129  idx= / layers=15305129  idx=7003 / solSize= / solSize=5031150311

LAYER=12 / layers=LAYER=12927  idx=49896 / solSize=50311 / layers=
129  idx=48170 / solSize=50311
LAYER=43 / layers=LAYER=129  idx=44886 / solSize=12750311 / layers=129
  idx=LAYER=210626 / solSize= / layers=50311
129LAYER=  idx=119 / layers=129  idx=482397662 / solSize= / solSize=5031150311

LAYER=49 / layers=LAYER=129  idx=8643006 / layers= / solSize=50311
129  idx=27994LAYER= / solSize=12650311
 / layers=129LAYER=  idx=42 / layers=129  idx=254344979 / solSize= / solSize=50311
50311LAYER=
77 / layers=129  idx=32672 / solSize=LAYER=5031116
 / layers=LAYER=129  idx=4749555 / layers=129  idx= / solSize=4372150311
 / solSize=LAYER=6350311 / layers=129  idx=
38532 / solSize=50311
LAYER=69LAYER= / layers=93 / layers=129  idx=12924185  idx= / solSize=36198 / solSize=50311
50311
LAYER=LAYER=119 / layers=102129  idx= / layers=7523 / solSize=50311129
  idx=LAYER=18860 / solSize=50311
115 / layers=129  idx=LAYER=10829115 / solSize= / layers=129  idx=5031110659
 / solSize=LAYER=129 / layers=50311129
  idx=392 / solSize=50311
LAYER=114 / layers=LAYER=129106 / layers=129  idx=  idx=1674011335 / solSize= / solSize=50311
50311
LAYER=LAYER=96106 / layers=129 / layers=  idx=129  idx=16643 / solSize=50311
22835 / solSize=50311LAYER=
53 / layers=129  idx=41767 / solSize=50311
LAYER=104 / layers=129  idx=LAYER=18007100 / layers= / solSize=12950311  idx=
LAYER=2017085 / layers= / solSize=12950311
  idx=LAYER=28459109 / layers=129  idx= / solSize=1454950311 / solSize=50311

LAYER=119LAYER= / layers=89129  idx= / layers=7963129  idx=26675 / solSize=50311 / solSize=
50311
LAYER=LAYER=2113 / layers= / layers=129  idx=12120129 / solSize=50311
  idx=LAYER=50296121 / solSize= / layers=129  idx=503116271
 / solSize=50311
LAYER=LAYER=11487 / layers= / layers=129  idx=129  idx=27350 / solSize=1148150311
 / solSize=LAYER=5031183
 / layers=129  idx=29600 / solSize=50311
LAYER=LAYER=47 / layers=129  idx=11043742 / layers=129  idx=13976 / solSize= / solSize=50311
50311
LAYER=LAYER=11474 / layers=129  idx= / layers=33973129 / solSize=  idx=50311
11440 / solSize=LAYER=50311
102 / layers=129  idx=LAYER=18956 / solSize=5031193
 / layers=LAYER=129114 / layers=  idx=129  idx=1123224592 / solSize=50311
 / solSize=50311
LAYER=105LAYER= / layers=110129 / layers=  idx=17363 / solSize=12950311  idx=13726 / solSize=
50311
LAYER=45 / layers=LAYER=12938 / layers=129  idx=  idx=46085 / solSize=4414850311
 / solSize=50311LAYER=
80LAYER=77 / layers= / layers=129129  idx=  idx=32695 / solSize=5031130969
 / solSize=LAYER=122 / layers=129  idx=503115936
 / solSize=LAYER=50311127 / layers=129  idx=
1966 / solSize=50311
LAYER=34 / layers=LAYER=129  idx=10046798 / solSize= / layers=50311129
  idx=20010 / solSize=50311
LAYER=59 / layers=LAYER=129124 / layers=  idx=129  idx=397839893 / solSize= / solSize=50311
50311
LAYER=69 / layers=LAYER=129  idx=41 / layers=36095129  idx= / solSize=4520150311 / solSize=50311

LAYER=50LAYER= / layers=69 / layers=129  idx=36133 / solSize=129  idx=5031142733
 / solSize=LAYER=50311112 / layers=129  idx=
12505 / solSize=50311LAYER=103 / layers=
129LAYER=114 / layers=  idx=12918654  idx=11294 / solSize= / solSize=5031150311

LAYER=77 / layers=LAYER=12943  idx=32408 / solSize= / layers=50311129
  idx=44845 / solSize=LAYER=50311127 / layers=129  idx=
1679LAYER=109 / layers=129  idx= / solSize=1484050311 / solSize=
50311LAYER=
57 / layers=LAYER=129109 / layers=129  idx=  idx=1443740450 / solSize=50311 / solSize=
50311
LAYER=53LAYER= / layers=102 / layers=129  idx=129  idx=1910041897 / solSize=50311
 / solSize=50311
LAYER=104 / layers=LAYER=129  idx=12117873 / layers=129  idx=6486 / solSize= / solSize=50311
50311
LAYER=113 / layers=129LAYER=  idx=87 / layers=129  idx=1168127356 / solSize=50311 / solSize=
50311
LAYER=LAYER=119121 / layers= / layers=129129  idx=  idx=65908004 / solSize=50311
 / solSize=LAYER=50311
LAYER=99106 / layers=129  idx= / layers=20992129 / solSize=50311
  idx=16422 / solSize=50311LAYER=
114LAYER= / layers=94129 / layers=129  idx=23777  idx= / solSize=1100350311
 / solSize=LAYER=50311
71 / layers=129LAYER=  idx=76 / layers=34999 / solSize=12950311
  idx=LAYER=3286423 / solSize=50311
 / layers=129LAYER=  idx=48736115 / solSize=50311
 / layers=129  idx=10490 / solSize=LAYER=50311127 / layers=129  idx=1998
 / solSize=50311
LAYER=LAYER=128102 / layers= / layers=129  idx=1291141 / solSize=  idx=5031119244
 / solSize=LAYER=68 / layers=129  idx=36272 / solSize=5031150311

LAYER=104 / layers=129  idx=LAYER=17781 / solSize=8950311 / layers=129  idx=26702
 / solSize=50311
LAYER=129 / layers=129LAYER=  idx=110 / layers=129  idx=142040 / solSize= / solSize=50311
50311
LAYER=LAYER=12983 / layers=129  idx=97 / layers= / solSize=12950311  idx=29559 / solSize=
50311
LAYER=129LAYER= / layers=127 / layers=129  idx=1963 / solSize=12950311
  idx=194 / solSize=LAYER=50311113
 / layers=LAYER=129129  idx=11832 / solSize= / layers=12950311  idx=
290LAYER=68 / layers=129 / solSize=  idx=3644150311
 / solSize=50311LAYER=
129LAYER= / layers=129  idx=53387 / layers=129  idx=41906 / solSize= / solSize=5031150311

LAYER=LAYER=12969 / layers=129  idx= / layers=484129 / solSize=50311
  idx=LAYER=35898129 / solSize=[MESH] Max bdr attr:  / layers=129  idx=580 / solSize=50311
LAYER=129 / layers=129  idx=677 / solSize=50311
1
  attr 1 : 380 bdr elements
[BC] ess_tdof_list size = 402
LAYER=111 / layers=129  idx=13158 / solSize=50311
LAYER=110 / layers=129  idx=13849 / solSize=50311
LAYER=115 / layers=129  idx=1063350311 / solSize=50311

LAYER=LAYER=11695 / layers= / layers=129129  idx=  idx=2317710034 / solSize= / solSize=50311
50311LAYER=
33 / layers=LAYER=12984 / layers=  idx=47012 / solSize=50311
LAYER=49 / layers=129  idx=43024 / solSize=50311
LAYER=122 / layers=129  idx=5457 / solSize=50311
LAYER=127 / layers=129  idx=2079 / solSize=50311
LAYER=49 / layers=129  idx=43061 / solSize=50311
LAYER=55 / layers=129  idx=41288 / solSize=50311
LAYER=53 / layers=129  idx=41844 / solSize=50311
LAYER=82 / layers=129  idx=29922 / solSize=50311
LAYER=73 / layers=129  idx=34500 / solSize=50311
LAYER=94 / layers=129  idx=23719 / solSize=50311
LAYER=46 / layers=129  idx=44000 / solSize=50311
LAYER=101 / layers=129  idx=19932 / solSize=50311
LAYER=66 / layers=129  idx=37236 / solSize=50311
LAYER=123 / layers=129  idx=4962 / solSize=50311
LAYER=119 / layers=129  idx=7916 / solSize=50311
LAYER=Update boundaries127
 / layers=129  idx=1974 / solSize=12950311  idx=
UPDATE VOLTAGE START29387LAYER=
 / solSize=3850311[BC] updateElectrodeVoltage( / layers=0) V=
129  idx=46058 / solSize=50311
LAYER=LAYER=109122 / layers=129  idx=5667 / solSize= / layers=50311
LAYER=70 / layers=129  idx=35455 / solSize=50311
129LAYER=  idx=65 / layers=14675129 / solSize=  idx=5031137555 / solSize=
503110
LAYER= #verts=50
[BC] solutionVector finite after write? 118yes / layers=
129UPDATE VOLTAGE END   idx=
8324 / solSize=LAYER=50311
LAYER=29 / layers=129  idx=47706 / solSize=50311
LAYER=107 / layers=129  idx=15757 / solSize=50311
LAYER=82 / layers=129  idx=3002956 / solSize=UPDATE VOLTAGE START50311

[BC] updateElectrodeVoltage(1LAYER=) V= / layers=911.33772129 #verts= / layers=50
[BC] solutionVector finite after write? yes
129UPDATE VOLTAGE END   idx=
25544UPDATE VOLTAGE START / solSize=50311
  idx=LAYER=
81 / layers=129  idx=30840 / solSize=50311
LAYER=122 / layers=129  idx=5544 / solSize=50311
[BC] updateElectrodeVoltage(LAYER=251) V= / layers=129  idx=42422 / solSize=50311
LAYER=93 / layers=129  idx=24088 / solSize=50311
LAYER=32 / layers=129  idx=47284 / solSize=50311
LAYER=113-0.158985 / layers= #verts=40946129  idx=12282 / solSize=5150311

 / solSize=LAYER=102 / layers=129  idx=19139 / solSize=50311
LAYER=94 / layers=129  idx=5031123611
 / solSize=50311
LAYER=94 / layers=LAYER=12946  idx=23617 / solSize=50311
LAYER=73 / layers=129  idx=34354 / solSize=50311
 / layers=LAYER=12959 / layers=129  idx=39793 / solSize=50311  idx=
43912 / solSize=50311
[BC] solutionVector finite after write? LAYER=LAYER=112 / layers=129  idx=12410 / solSize=50311
LAYER=89 / layers=129  idx=12726301 / layers= / solSize=12950311  idx=yes
1690
LAYER= / solSize=89 / layers=129  idx=26651 / solSize=50311
LAYER=50311101 / layers=129  idx=19640 / solSize=
50311LAYER=UPDATE VOLTAGE END 112

LAYER=81 / layers=129  idx=30820 / solSize=50311
LAYER=104UPDATE VOLTAGE START / layers=
[BC] updateElectrodeVoltage(1293) V=  idx=17750 / solSize=50311
-0.778356LAYER= #verts=3550 / layers=129  idx=
46577[BC] solutionVector finite after write?  / solSize=yes
UPDATE VOLTAGE END  / layers=129  idx=12466 / solSize=50311
LAYER=60 / layers=129  idx=39346 / solSize=50311
LAYER=78 / layers=129  idx=31930 / solSize=50311

LAYER=UPDATE VOLTAGE START12350311 / layers=129  idx=5101 / solSize=50311
LAYER=78 / layers=129  idx=31881 / solSize=50311
LAYER=87 / layers=129  idx=
27557LAYER=116 / layers=129  idx= / solSize=990950311
[BC] updateElectrodeVoltage(4) V=
0.957199LAYER= #verts=7850 / layers= / solSize=12950311

  idx=[BC] solutionVector finite after write? yes
UPDATE VOLTAGE END 
UPDATE VOLTAGE START
[BC] updateElectrodeVoltage(5) V=318951.3693 / solSize= #verts=5031150LAYER=77 / layers=129  idx=32502 / solSize=50311
LAYER=93 / layers=
129[BC] solutionVector finite after write?   idx=24607 / solSize=yes50311

UPDATE VOLTAGE END LAYER=
UPDATE VOLTAGE START
[BC] updateElectrodeVoltage(626 / layers=129  idx=) V=38717 / solSize=50311
LAYER=95 / layers=129  idx=23395 / solSize=50311
LAYER=123 / layers=129  idx=5246 / solSize=50311
LAYER=44 / layers=129  idx=
44531LAYER= / solSize=850.80392850311 / layers= #verts=129  idx=5128616 / solSize=50311
LAYER=62 / layers=129  idx=38805 / solSize=50311

LAYER=[BC] solutionVector finite after write? 69yes / layers=
129  idx=36012UPDATE VOLTAGE END 
 / solSize=UPDATE VOLTAGE START
[BC] updateElectrodeVoltage(750311) V=
-0.783574LAYER= #verts=
LAYER=115 / layers=129  idx=10565 / solSize=50311
LAYER=51 / layers=129  idx=42360 / solSize=50311
LAYER=61 / layers=129  idx=39121 / solSize=50311
LAYER=31 / layers=129  idx=4737150 / solSize=
50311[BC] solutionVector finite after write? 
57LAYER= / layers=112129yes  idx=40605 / layers=129  idx=12768 / solSize=50311
LAYER=96 / layers=129  idx=22853 / solSize=50311
LAYER=91 / layers=129  idx=25649 / solSize=50311
LAYER= / solSize=10650311 / layers=
129
  idx=16716 / solSize=50311
LAYER=68 / layers=129  idx=36633 / solSize=50311
LAYER=126 / layers=129  idx=2936 / solSize=50311
LAYER=121 / layers=129  idx=6549 / solSize=50311
LAYER=85 / layers=LAYER=12981  idx= / layers=129  idx=30662 / solSize=50311
LAYER=112 / layers=129  idx=12379 / solSize=2854650311 / solSize=
50311LAYER=69 / layers=
UPDATE VOLTAGE END 
[RUN] begin: sol size=50311
[RUN] solutionVector finite at entry? yes
LAYER=54 / layers=129  idx=41573 / solSize=50311
LAYER=54 / layers=129  idx=41512 / solSize=50311
LAYER=29 / layers=129  idx=47701 / solSize=50311
LAYER=116 / layers=129  idx=9995 / solSize=50311
LAYER=68 / layers=129  idx=36284 / solSize=50311
LAYER=84 / layers=129  idx=29216 / solSize=50311
LAYER=78129 / layers=  idx=35839 / solSize=12950311  idx=
32051LAYER= / solSize=9650311
 / layers=LAYER=129114  idx= / layers=22636129 / solSize=50311  idx=
11590 / solSize=50311
LAYER=LAYER=10955 / layers= / layers=129129  idx=  idx=4116214657 / solSize= / solSize=5031150311

LAYER=62 / layers=LAYER=12978  idx= / layers=38672129 / solSize=  idx=5031132211
 / solSize=LAYER=5031166
 / layers=LAYER=129126  idx= / layers=129  idx=2855 / solSize=50311
LAYER=47 / layers=129  idx=43577 / solSize=50311
LAYER=112 / layers=129  idx=12482 / solSize=50311
LAYER=85 / layers=129  idx=28815 / solSize=50311
LAYER=116 / layers=129  idx=10140 / solSize=50311
LAYER=115 / layers=129  idx=10500 / solSize=50311
LAYER=102 / layers=129  idx=18992 / solSize=50311
37096LAYER=32 / layers=129  idx=47231 / solSize= / solSize=5031150311

LAYER=61 / layers=LAYER=12998  idx= / layers=39330129 / solSize=  idx=5031121695
 / solSize=LAYER=5031143
 / layers=LAYER=12985  idx= / layers=44711129  idx= / solSize=2886850311 / solSize=
50311
LAYER=126 / layers=LAYER=129124  idx= / layers=2824 / solSize=50311
129  idx=4509 / solSize=LAYER=5031179
LAYER= / layers=42129 / layers=  idx=12931459  idx=45099 / solSize= / solSize=5031150311

LAYER=42 / layers=LAYER=12989 / layers=129  idx=26330 / solSize=  idx=5031145115
 / solSize=LAYER=50311126
 / layers=LAYER=12973  idx= / layers=2769129 / solSize=  idx=5031134329
 / solSize=LAYER=107 / layers=129  idx=5031115820
 / solSize=LAYER=50311113
LAYER= / layers=118129 / layers=  idx=129  idx=851811923 / solSize= / solSize=5031150311

LAYER=LAYER=4584 / layers= / layers=129129  idx=29006 / solSize=  idx=5031144223
 / solSize=LAYER=5031185
 / layers=LAYER=12919  idx= / layers=129  idx=2851149199 / solSize=50311
 / solSize=LAYER=5031190
 / layers=129  idx=26274 / solSize=50311
LAYER=LAYER=4053 / layers= / layers=129129  idx=  idx=4557041757 / solSize=50311
 / solSize=LAYER=5031158
 / layers=LAYER=12996  idx= / layers=40363129  idx=22658 / solSize=50311
 / solSize=LAYER=5031136
 / layers=LAYER=129110  idx= / layers=46338129 / solSize=  idx=5031113787
 / solSize=LAYER=5031170
 / layers=LAYER=129  idx=35640120 / solSize= / layers=50311129
  idx=LAYER=82 / layers=7447129 / solSize=  idx=29968 / solSize=50311
50311
LAYER=LAYER=123 / layers=129  idx=975075 / layers= / solSize=50311
129LAYER=  idx=12721799 / layers=129  idx=2238 / solSize= / solSize=5031150311

LAYER=LAYER=10387 / layers=129  idx=27637 / layers= / solSize=12950311  idx=
18183LAYER= / solSize=8850311 / layers=
129  idx=LAYER=2699086 / solSize= / layers=50311129
  idx=LAYER=2807934 / solSize= / layers=12950311  idx=
46845 / solSize=50311LAYER=
40LAYER=94 / layers= / layers=129  idx=12945436  idx= / solSize=2372350311
 / solSize=LAYER=50311104
LAYER= / layers=129  idx=18134 / solSize=50311
LAYER=96 / layers=129  idx=22779 / solSize=50311
LAYER=89 / layers=129  idx=26344 / solSize=50311
LAYER=79 / layers=129  idx=31648 / solSize=50311
LAYER=68 / layers=129  idx=36403 / solSize=50311
LAYER=63 / layers=129  idx=38393 / solSize=50311
LAYER=123 / layers=129  idx=5090 / solSize=50311
LAYER=106 / layers=129  idx=16468 / solSize=50311
LAYER=120 / layers=129  idx=7174 / solSize=50311
106 / layers=129  idx=16418 / solSize=50311
LAYER=91 / layers=129  idx=25234 / solSize=50311
LAYER=54 / layers=129  idx=41493 / solSize=50311
LAYER=111 / layers=129  idx=13475 / solSize=50311
LAYER=125 / layers=129  idx=3085 / solSize=50311
LAYER=127 / layers=129  idx=1988 / solSize=50311
LAYER=32 / layers=129  idx=47239 / solSize=50311
LAYER=63 / layers=129  idx=38499 / solSize=50311
LAYER=125LAYER= / layers=67129  idx= / layers=3795 / solSize=50311129
  idx=LAYER=12937034 / layers=129  idx= / solSize=29450311
 / solSize=50311
LAYER=LAYER=95110 / layers= / layers=129  idx=12914300  idx= / solSize=2302050311
 / solSize=LAYER=5031181
 / layers=LAYER=129107  idx=30708 / solSize= / layers=50311129
  idx=LAYER=16047115 / solSize=50311
 / layers=129  idx=LAYER=10326120 / solSize=50311
 / layers=LAYER=129114  idx= / layers=6834129  idx=11255 / solSize= / solSize=5031150311

LAYER=LAYER=75 / layers=129  idx=8833409 / layers=129 / solSize=  idx=5031127206 / solSize=50311

LAYER=LAYER=93113 / layers= / layers=129129  idx=  idx=1231224560 / solSize= / solSize=50311
50311LAYER=
87LAYER= / layers=99129 / layers=  idx=12927722 / solSize=50311
LAYER=91 / layers=129  idx=25333 / solSize=50311
LAYER=123 / layers=129  idx=4878 / solSize=50311
LAYER=73 / layers=129  idx=34193 / solSize=50311
LAYER=109 / layers=129  idx=14372 / solSize=50311
LAYER=63 / layers=129  idx=38460 / solSize=50311
LAYER=13 / layers=129  idx=49810 / solSize=50311
  idx=LAYER=2119081 / solSize=50311
 / layers=LAYER=129  idx=7930514 / layers= / solSize=12950311
  idx=31466 / solSize=50311
LAYER=113 / layers=129  idx=12144 / solSize=50311
LAYER=124 / layers=129  idx=4522 / solSize=50311
LAYER=129 / layers=129  idx=714 / solSize=50311
LAYER=112 / layers=129  idx=12474 / solSize=50311
LAYER=32 / layers=129  idx=47199 / solSize=50311
LAYER=83 / layers=129  idx=29782 / solSize=50311
LAYER=36 / layers=129  idx=46496 / solSize=50311
LAYER=89 / layers=129  idx=26555 / solSize=50311
LAYER=LAYER=103103 / layers=129  idx= / layers=129  idx=18771 / solSize=50311
LAYER=87 / layers=129  idx=27445 / solSize=50311
LAYER=112 / layers=129  idx=12519 / solSize=50311
LAYER=100 / layers=129  idx=20471 / solSize=50311
LAYER=57 / layers=129  idx=40705 / solSize=50311
LAYER=127 / layers=129  idx=1950 / solSize=50311
LAYER=116 / layers=129  idx=10122 / solSize=50311
LAYER=1827330 / layers= / solSize=12950311  idx=
47590LAYER= / solSize=3750311 / layers=
129  idx=46113 / solSize=LAYER=5031163 / layers=129  idx=38238 / solSize=
50311LAYER=
60LAYER=91 / layers= / layers=129129  idx=  idx=2568639672 / solSize= / solSize=5031150311

LAYER=124 / layers=LAYER=129103  idx= / layers=3985129  idx=18785 / solSize= / solSize=5031150311
LAYER=
62LAYER= / layers=119129  idx=38635 / layers= / solSize=12950311
LAYER=  idx=777937 / layers= / solSize=12950311  idx=
32680LAYER=105 / solSize= / layers=50311129  idx=
17016LAYER= / solSize=8450311 / layers=
129LAYER=  idx=5529349 / layers= / solSize=50311
129LAYER=  idx=3241118 / layers=129 / solSize=  idx=5031147183
 / solSize=LAYER=5031144
 / layers=LAYER=129  idx=44403 / solSize=6250311 / layers=129  idx=
38769LAYER=31 / solSize= / layers=50311129
  idx=LAYER=47458115 / layers=129  idx=10701 / solSize= / solSize=5031150311
LAYER=
64LAYER=86 / layers=129  idx= / layers=28127129 / solSize=  idx=5031137842 / solSize=50311

LAYER=LAYER=8749 / layers= / layers=129129  idx=  idx=2785643196 / solSize= / solSize=5031150311
LAYER=
49LAYER= / layers=105129  idx=43181 / solSize=50311 / layers=
129  idx=16938 / solSize=LAYER=50311117
 / layers=LAYER=12979  idx= / layers=129  idx=949531807 / solSize= / solSize=50311
50311
LAYER=LAYER=8990 / layers= / layers=129129  idx=26346 / solSize=50311  idx=
26167 / solSize=50311
LAYER=LAYER=125 / layers=95129 / layers=  idx=1293217 / solSize=50311
  idx=LAYER=23023122 / solSize=50311
 / layers=LAYER=12999  idx= / layers=5878129  idx=20776 / solSize= / solSize=5031150311

LAYER=82 / layers=LAYER=12961  idx= / layers=129  idx=3029839292 / solSize= / solSize=50311
50311LAYER=
LAYER=4531 / layers=129  idx=44272 / layers= / solSize=12950311  idx=
47349 / solSize=50311
LAYER=LAYER=6899 / layers= / layers=129129  idx=20788 / solSize=  idx=5031136604 / solSize=50311

LAYER=LAYER=79124 / layers= / layers=129  idx=31717 / solSize=12950311  idx=
LAYER=4189 / solSize=50311
98LAYER=66 / layers= / layers=129129  idx=  idx=2164737263 / solSize= / solSize=5031150311

LAYER=125 / layers=129  idx=LAYER=331048 / layers=129  idx=43363 / solSize= / solSize=5031150311

LAYER=108 / layers=LAYER=129129 / layers=129  idx=  idx=15071666 / solSize= / solSize=50311
50311LAYER=
112LAYER= / layers=96129 / layers=  idx=12912410  idx=22438 / solSize= / solSize=5031150311

LAYER=LAYER=65 / layers=12971 / layers=  idx=12937802 / solSize=  idx=5031135360
 / solSize=LAYER=5031179
 / layers=LAYER=129  idx=31746 / solSize=12550311 / layers=
129LAYER=100 / layers=  idx=1293646  idx= / solSize=50311
20470LAYER= / solSize=8550311 / layers=
129  idx=28404 / solSize=50311
LAYER=LAYER=84 / layers=12993  idx= / layers=129  idx=24374 / solSize=2904650311 / solSize=
50311LAYER=
39LAYER= / layers=129  idx=45846 / solSize=9450311 / layers=129  idx=
23878LAYER=90 / layers=129  idx= / solSize=2625150311
 / solSize=LAYER=50311115
 / layers=LAYER=129  idx=10429 / solSize=50311
124LAYER= / layers=24 / layers=129129  idx=4272 / solSize=50311
  idx=LAYER=48564129 / solSize=50311 / layers=
129  idx=0 / solSize=LAYER=5031129
 / layers=129  idx=LAYER=47723129 / solSize=50311
 / layers=LAYER=12952 / layers=129  idx=  idx=9742185 / solSize= / solSize=50311
50311LAYER=
65LAYER= / layers=129129  idx=37442 / layers= / solSize=129  idx=19450311 / solSize=
LAYER=82 / layers=129  idx=29986 / solSize=50311
LAYER=93 / layers=129  idx=24509 / solSize=50311
LAYER=74 / layers=129  idx=33896 / solSize=50311
LAYER=122 / layers=129  idx=5765 / solSize=50311
LAYER=36 / layers=129  idx=46500 / solSize=50311
LAYER=126 / layers=129  idx=2662 / solSize=50311
LAYER=95 / layers=129  idx=23133 / solSize=50311
50311LAYER=
LAYER=126129 / layers= / layers=129129  idx=  idx=2820290 / solSize= / solSize=50311
50311LAYER=
116LAYER=129 / layers=129 / layers=  idx=129387  idx= / solSize=976950311 / solSize=
50311LAYER=
129 / layers=129  idx=LAYER=484104 / layers= / solSize=12950311
  idx=LAYER=17767129 / solSize= / layers=50311129
  idx=LAYER=58069 / layers=129  idx= / solSize=3605650311 / solSize=
50311LAYER=
129LAYER=126 / layers=129  idx=2544 / solSize=50311
LAYER=78 / layers=129  idx= / layers=32097129  idx=677 / solSize=50311 / solSize=
50311
LAYER=127 / layers=129  idx=1699 / solSize=50311
LAYER=92 / layers=129  idx=24694 / solSize=50311
LAYER=121 / layers=129  idx=6740 / solSize=50311
LAYER=97 / layers=129  idx=22261 / solSize=50311
LAYER=27 / layers=129  idx=48186 / solSize=50311
LAYER=36 / layers=129  idx=46457 / solSize=50311
LAYER=76 / layers=129  idx=33140 / solSize=50311
LAYER=121 / layers=129  idx=6486 / solSize=50311
LAYER=65 / layers=129  idx=37759 / solSize=50311
LAYER=103 / layers=129  idx=18494 / solSize=50311
LAYER=81 / layers=129  idx=30778 / solSize=50311
LAYER=116 / layers=129  idx=9756 / solSize=50311
LAYER=117 / layers=129  idx=9206 / solSize=50311
LAYER=84 / layers=129  idx=29316 / solSize=50311
LAYER=81 / layers=129  idx=30805 / solSize=50311
LAYER=112 / layers=129  idx=12737 / solSize=50311
LAYER=126 / layers=129  idx=2717 / solSize=50311
LAYER=98 / layers=129  idx=21207 / solSize=50311
LAYER=48 / layers=129  idx=43509 / solSize=50311
LAYER=96 / layers=129  idx=22861 / solSize=50311
LAYER=83 / layers=129  idx=29761 / solSize=50311
LAYER=90 / layers=129  idx=25963 / solSize=50311
LAYER=39 / layers=129  idx=45739 / solSize=50311
LAYER=79 / layers=129  idx=31649 / solSize=50311
LAYER=113 / layers=129  idx=11855 / solSize=50311
LAYER=97 / layers=129  idx=22163 / solSize=50311
LAYER=125 / layers=129  idx=3216 / solSize=50311
LAYER=91 / layers=129  idx=25565 / solSize=50311
LAYER=112 / layers=129  idx=12633 / solSize=50311
LAYER=101 / layers=129  idx=19786 / solSize=50311
LAYER=45 / layers=129  idx=44110 / solSize=50311
LAYER=113 / layers=129  idx=11784 / solSize=50311
LAYER=95 / layers=129  idx=23405 / solSize=50311
LAYER=84 / layers=129  idx=29315 / solSize=50311
LAYER=111 / layers=129  idx=13639 / solSize=50311
LAYER=100 / layers=129  idx=20055 / solSize=50311
LAYER=86 / layers=129  idx=28369 / solSize=50311
LAYER=48 / layers=129  idx=43460 / solSize=50311
LAYER=54 / layers=129  idx=41410 / solSize=50311
LAYER=67 / layers=129  idx=36704 / solSize=50311
LAYER=76 / layers=129  idx=33087 / solSize=50311
LAYER=15 / layers=129  idx=49603 / solSize=50311
LAYER=85 / layers=129  idx=28461 / solSize=50311
LAYER=88 / layers=129  idx=27128 / solSize=50311
LAYER=32 / layers=129  idx=47251 / solSize=50311
LAYER=73 / layers=129  idx=34242 / solSize=50311
LAYER=87 / layers=129  idx=27708 / solSize=50311
LAYER=82 / layers=129  idx=30049 / solSize=50311
LAYER=77 / layers=129  idx=32349 / solSize=50311
LAYER=129 / layers=129  idx=0 / solSize=50311
LAYER=129 / layers=129  idx=97 / solSize=50311
LAYER=129 / layers=129  idx=194 / solSize=50311
LAYER=129 / layers=129  idx=290 / solSize=50311
LAYER=129 / layers=129  idx=387 / solSize=50311
LAYER=129 / layers=129  idx=484 / solSize=50311
LAYER=129 / layers=129  idx=580 / solSize=50311
LAYER=129 / layers=129  idx=677 / solSize=50311
Update boundaries
UPDATE VOLTAGE START
[BC] updateElectrodeVoltage(0) V=0 #verts=50
[BC] solutionVector finite after write? yes
UPDATE VOLTAGE END 
UPDATE VOLTAGE START
[BC] updateElectrodeVoltage(1) V=-0.966975 #verts=50
[BC] solutionVector finite after write? yes
UPDATE VOLTAGE END 
UPDATE VOLTAGE START
[BC] updateElectrodeVoltage(2) V=-0.252306 #verts=51
[BC] solutionVector finite after write? yes
UPDATE VOLTAGE END 
UPDATE VOLTAGE START
[BC] updateElectrodeVoltage(3) V=-0.816876 #verts=50
[BC] solutionVector finite after write? yes
UPDATE VOLTAGE END 
UPDATE VOLTAGE START
[BC] updateElectrodeVoltage(4) V=0.125671 #verts=50
[BC] solutionVector finite after write? yes
UPDATE VOLTAGE END 
UPDATE VOLTAGE START
[BC] updateElectrodeVoltage(5) V=0.473074 #verts=50
[BC] solutionVector finite after write? yes
UPDATE VOLTAGE END 
UPDATE VOLTAGE START
[BC] updateElectrodeVoltage(6) V=-0.831314 #verts=51
[BC] solutionVector finite after write? yes
UPDATE VOLTAGE END 
UPDATE VOLTAGE START
[BC] updateElectrodeVoltage(7) V=0.420638 #verts=50
[BC] solutionVector finite after write? yes
UPDATE VOLTAGE END 
[RUN] begin: sol size=50311
[RUN] solutionVector finite at entry? yes
Update boundaries
UPDATE VOLTAGE START
[BC] updateElectrodeVoltage(0) V=0 #verts=50
[BC] solutionVector finite after write? yes
UPDATE VOLTAGE END 
UPDATE VOLTAGE START
[BC] updateElectrodeVoltage(1) V=-1.1724 #verts=50
[BC] solutionVector finite after write? yes
UPDATE VOLTAGE END 
UPDATE VOLTAGE START
[BC] updateElectrodeVoltage(2) V=-0.60921 #verts=51
[BC] solutionVector finite after write? yes
UPDATE VOLTAGE END 
UPDATE VOLTAGE START
[BC] updateElectrodeVoltage(3) V=1.48108 #verts=50
[BC] solutionVector finite after write? yes
UPDATE VOLTAGE END 
UPDATE VOLTAGE START
[BC] updateElectrodeVoltage(4) V=-0.764474 #verts=50
[BC] solutionVector finite after write? yes
UPDATE VOLTAGE END 
UPDATE VOLTAGE START
[BC] updateElectrodeVoltage(5) V=1.04224 #verts=50
[BC] solutionVector finite after write? yes
UPDATE VOLTAGE END 
UPDATE VOLTAGE START
[BC] updateElectrodeVoltage(6) V=-0.116314 #verts=51
[BC] solutionVector finite after write? yes
UPDATE VOLTAGE END 
UPDATE VOLTAGE START
[BC] updateElectrodeVoltage(7) V=0.942776 #verts=50
[BC] solutionVector finite after write? yes
UPDATE VOLTAGE END 
[RUN] begin: sol size=50311
[RUN] solutionVector finite at entry? yes
[MESH] Max bdr attr: 1
  attr 1 : 380 bdr elements
[BC] ess_tdof_list size = 402
LAYER=45 / layers=129  idx=44352 / solSize=50311
LAYER=50 / layers=129  idx=42773 / solSize=50311
LAYER=74 / layers=129  idx=33926 / solSize=50311
LAYER=47 / layers=129  idx=43631 / solSize=50311
LAYER=54 / layers=129  idx=41696 / solSize=50311
LAYER=77 / layers=129  idx=32484 / solSize=50311
LAYER=105 / layers=129  idx=17258 / solSize=50311
LAYER=126 / layers=129  idx=2432 / solSize=50311
LAYER=15 / layers=129  idx=49637 / solSize=50311
LAYER=73 / layers=129  idx=34523 / solSize=50311
LAYER=118 / layers=129  idx=8359 / solSize=50311
LAYER=94 / layers=129  idx=23659 / solSize=50311
LAYER=102 / layers=129  idx=19035 / solSize=50311
LAYER=122 / layers=129  idx=5376 / solSize=50311
LAYER=83 / layers=129  idx=29539 / solSize=50311
LAYER=117 / layers=129  idx=9219 / solSize=50311
LAYER=74 / layers=129  idx=33685 / solSize=50311
LAYER=55 / layers=129  idx=41308 / solSize=50311
LAYER=63 / layers=129  idx=38319 / solSize=50311
LAYER=51 / layers=129  idx=42479 / solSize=50311
LAYER=123 / layers=129  idx=5189 / solSize=50311
LAYER=57 / layers=129  idx=40720 / solSize=50311
LAYER=82 / layers=129  idx=30262 / solSize=50311
LAYER=60 / layers=129  idx=39435 / solSize=50311
LAYER=80 / layers=129  idx=31008 / solSize=50311
LAYER=113 / layers=129  idx=12237 / solSize=50311
LAYER=38 / layers=129  idx=45873 / solSize=50311
LAYER=99 / layers=129  idx=20851 / solSize=50311
LAYER=122 / layers=129  idx=5467 / solSize=50311
LAYER=113 / layers=129  idx=12326 / solSize=50311
LAYER=50 / layers=129  idx=42682 / solSize=50311
LAYER=112 / layers=129  idx=12879 / solSize=50311
LAYER=54 / layers=129  idx=41428 / solSize=50311
LAYER=55 / layers=129  idx=41193 / solSize=50311
LAYER=92 / layers=129  idx=24783 / solSize=50311
LAYER=21 / layers=129  idx=48954 / solSize=50311
LAYER=113 / layers=129  idx=12082 / solSize=50311
LAYER=46 / layers=129  idx=43905 / solSize=50311
LAYER=99 / layers=129  idx=21158 / solSize=50311
LAYER=39 / layers=129  idx=45855 / solSize=50311
LAYER=102 / layers=129  idx=19282 / solSize=50311
LAYER=85 / layers=129  idx=28441 / solSize=50311
LAYER=3 / layers=129  idx=50280 / solSize=50311
LAYER=110 / layers=129  idx=13792 / solSize=50311
LAYER=96 / layers=129  idx=22478 / solSize=50311
LAYER=95 / layers=129  idx=23223 / solSize=50311
LAYER=125 / layers=129  idx=3485 / solSize=50311
LAYER=24 / layers=129  idx=48631 / solSize=50311
LAYER=77 / layers=129  idx=32650 / solSize=50311
LAYER=94 / layers=129  idx=23725 / solSize=50311
LAYER=70 / layers=129  idx=35642 / solSize=50311
LAYER=104 / layers=129  idx=17619 / solSize=50311
LAYER=18 / layers=129  idx=49290 / solSize=50311
LAYER=87 / layers=129  idx=27633 / solSize=50311
LAYER=73 / layers=129  idx=34363 / solSize=50311
LAYER=31 / layers=129  idx=47506 / solSize=50311
LAYER=76 / layers=129  idx=33170 / solSize=50311
LAYER=123 / layers=129  idx=4651 / solSize=50311
LAYER=73 / layers=129  idx=34224 / solSize=50311
LAYER=59 / layers=129  idx=39771 / solSize=50311
LAYER=20 / layers=129  idx=49097 / solSize=50311
LAYER=107 / layers=129  idx=15714 / solSize=50311
LAYER=31 / layers=129  idx=47519 / solSize=50311
LAYER=101 / layers=129  idx=19416 / solSize=50311
LAYER=95 / layers=129  idx=23023 / solSize=50311
LAYER=103 / layers=129  idx=18282 / solSize=50311
LAYER=107 / layers=129  idx=16230 / solSize=50311
LAYER=79 / layers=129  idx=31804 / solSize=50311
LAYER=94 / layers=129  idx=23638 / solSize=50311
LAYER=62 / layers=129  idx=38763 / solSize=50311
LAYER=93 / layers=129  idx=24520 / solSize=50311
LAYER=113 / layers=129  idx=11818 / solSize=50311
LAYER=75 / layers=129  idx=33429 / solSize=50311
LAYER=50 / layers=129  idx=42784 / solSize=50311
LAYER=82 / layers=129  idx=30031 / solSize=50311
LAYER=113 / layers=129  idx=11709 / solSize=50311
LAYER=114 / layers=129  idx=11158 / solSize=50311
LAYER=116 / layers=129  idx=9842 / solSize=50311
LAYER=67 / layers=129  idx=36997 / solSize=50311
LAYER=102 / layers=129  idx=19338 / solSize=50311
LAYER=73 / layers=129  idx=34468 / solSize=50311
LAYER=59 / layers=129  idx=40034 / solSize=50311
LAYER=128 / layers=129  idx=1397 / solSize=50311
LAYER=41 / layers=129  idx=45160 / solSize=50311
LAYER=78 / layers=129  idx=32139 / solSize=50311
LAYER=94 / layers=129  idx=23799 / solSize=50311
LAYER=125 / layers=129  idx=3810 / solSize=50311
LAYER=94 / layers=129  idx=23688 / solSize=50311
LAYER=75 / layers=129  idx=33429 / solSize=50311
LAYER=85 / layers=129  idx=28429 / solSize=50311
LAYER=68 / layers=129  idx=36447 / solSize=50311
LAYER=88 / layers=129  idx=27086 / solSize=50311
LAYER=97 / layers=129  idx=22142 / solSize=50311
LAYER=83 / layers=129  idx=29577 / solSize=50311
LAYER=117 / layers=129  idx=9557 / solSize=50311
LAYER=47 / layers=129  idx=43609 / solSize=50311
LAYER=63 / layers=129  idx=38348 / solSize=50311
LAYER=71 / layers=129  idx=35107 / solSize=50311
LAYER=66 / layers=129  idx=37284 / solSize=50311
LAYER=47 / layers=129  idx=43811 / solSize=50311
LAYER=128 / layers=129  idx=1437 / solSize=50311
LAYER=69 / layers=129  idx=36218 / solSize=50311
LAYER=116 / layers=129  idx=10142 / solSize=50311
LAYER=38 / layers=129  idx=46068 / solSize=50311
LAYER=95 / layers=129  idx=23357 / solSize=50311
LAYER=122 / layers=129  idx=5307 / solSize=50311
LAYER=121 / layers=129  idx=6363 / solSize=50311
LAYER=118 / layers=129  idx=8320 / solSize=50311
LAYER=118 / layers=129  idx=8605 / solSize=50311
LAYER=58 / layers=129  idx=40286 / solSize=50311
LAYER=37 / layers=129  idx=46138 / solSize=50311
LAYER=113 / layers=129  idx=12197 / solSize=50311
LAYER=125 / layers=129  idx=3273 / solSize=50311
LAYER=94 / layers=129  idx=23939 / solSize=50311
LAYER=87 / layers=129  idx=27737 / solSize=50311
LAYER=115 / layers=129  idx=10746 / solSize=50311
LAYER=81 / layers=129  idx=30396 / solSize=50311
LAYER=104 / layers=129  idx=17613 / solSize=50311
LAYER=48 / layers=129  idx=43454 / solSize=50311
LAYER=47 / layers=129  idx=43751 / solSize=50311
LAYER=118 / layers=129  idx=8274 / solSize=50311
LAYER=108 / layers=129  idx=15177 / solSize=50311
LAYER=99 / layers=129  idx=21063 / solSize=50311
LAYER=55 / layers=129  idx=41080 / solSize=50311
LAYER=104 / layers=129  idx=17727 / solSize=50311
LAYER=114 / layers=129  idx=11499 / solSize=50311
LAYER=81 / layers=129  idx=30613 / solSize=50311
LAYER=72 / layers=129  idx=34553 / solSize=50311
LAYER=66 / layers=129  idx=37068 / solSize=50311
LAYER=121 / layers=129  idx=6316 / solSize=50311
LAYER=126 / layers=129  idx=2893 / solSize=50311
LAYER=75 / layers=129  idx=33521 / solSize=50311
LAYER=114 / layers=129  idx=11399 / solSize=50311
LAYER=82 / layers=129  idx=29919 / solSize=50311
LAYER=103 / layers=129  idx=18592 / solSize=50311
LAYER=122 / layers=129  idx=5713 / solSize=50311
LAYER=111 / layers=129  idx=13135 / solSize=50311
LAYER=119 / layers=129  idx=7686 / solSize=50311
LAYER=128 / layers=129  idx=981 / solSize=50311
LAYER=102 / layers=129  idx=18816 / solSize=50311
LAYER=58 / layers=129  idx=40384 / solSize=50311
LAYER=79 / layers=129  idx=31369 / solSize=50311
LAYER=51 / layers=129  idx=42418 / solSize=50311
LAYER=25 / layers=129  idx=48416 / solSize=50311
LAYER=92 / layers=129  idx=24901 / solSize=50311
LAYER=112 / layers=129  idx=12939 / solSize=50311
LAYER=90 / layers=129  idx=26245 / solSize=50311
LAYER=82 / layers=129  idx=30331 / solSize=50311
LAYER=84 / layers=129  idx=28963 / solSize=50311
[MESH] Max bdr attr: LAYER=62 / layers=129  idx=38794 / solSize=50311
LAYER=123 / layers=1129
  idx=4601 / solSize=50311
LAYER=98 / layers=  attr 1291  idx= : 21254380 bdr elements
 / solSize=[BC] ess_tdof_list size = 402
50311
LAYER=18 / layers=129  idx=49362 / solSize=50311
LAYER=108 / layers=129  idx=15568LAYER= / solSize=4250311
 / layers=129LAYER=  idx=42 / layers=129  idx=44978 / solSize=4509550311
 / solSize=50311
LAYER=91 / layers=129LAYER=  idx=11225537 / solSize=50311 / layers=
129  idx=LAYER=1270768 / solSize= / layers=12950311  idx=36569 / solSize=
50311
LAYER=125LAYER= / layers=110129  idx= / layers=3450129 / solSize=50311
  idx=13741 / solSize=LAYER=50311
98LAYER= / layers=129101  idx= / layers=129  idx=1976321394 / solSize= / solSize=50311
50311
LAYER=48LAYER= / layers=73 / layers=129  idx=12934275 / solSize=50311
  idx=43520 / solSize=LAYER=5031160
 / layers=129LAYER=  idx=12839361 / solSize= / layers=50311
129LAYER=  idx=130831 / solSize=50311
 / layers=129  idx=47407 / solSize=LAYER=50311
119 / layers=LAYER=129  idx=751397 / layers= / solSize=129  idx=22051 / solSize=5031150311

LAYER=122LAYER= / layers=76129  idx= / layers=5816129 / solSize=50311
  idx=32998 / solSize=LAYER=5031155 / layers=129  idx=
41167 / solSize=50311
LAYER=LAYER=4782 / layers=129 / layers=  idx=12943545  idx=30380 / solSize= / solSize=50311
LAYER=50311
91 / layers=LAYER=129  idx=4525654 / layers=129  idx=44325 / solSize= / solSize=50311
50311
LAYER=119 / layers=129LAYER=  idx=122 / layers=7498129  idx= / solSize=5899[MESH] Max bdr attr: 50311 / solSize=
LAYER=503111131
  attr 1 : 380 bdr elements
[BC] ess_tdof_list size = 402
LAYER=87 / layers= / layers=129129  idx=27371 / solSize=  idx=50311
LAYER=66 / layers=129  idx=37331 / solSize=50311
LAYER=69 / layers=129  idx=35836 / solSize=50311
11855LAYER= / solSize=9750311 / layers=
LAYER=85 / layers=129  idx=28820 / solSize=50311
LAYER=123 / layers=129129  idx=  idx=22146 / solSize=508250311 / solSize=
50311
LAYER=29 / layers=129  idx=47838 / solSize=50311
LAYER=LAYER=96 / layers=129  idx=1122417 / layers=129  idx=49959 / solSize= / solSize=50311
LAYER=118 / layers=129  idx=8855 / solSize=50311
LAYER=71 / layers=129  idx=35128 / solSize=50311
LAYER=113 / layers=129  idx=5031111957
 / solSize=LAYER=50311

LAYER=62 / layers=129  idx=38689 / solSize=50311
LAYER=90 / layers=129  idx=26145 / solSize=50311
LAYER=55 / layers=129  idx=41193 / solSize=50311
LAYER=109 / layers=129  idx=14981 / solSize=50311
LAYER=LAYER=101100 / layers=129  idx= / layers=20345 / solSize=50311
129LAYER=  idx=6919709 / solSize=50311
 / layers=47129 / layers=LAYER=122 / layers=129  idx=5333 / solSize=50311
LAYER=118 / layers=129  idx=8640 / solSize=50311
LAYER=95 / layers=129  idx=23506 / solSize=50311
LAYER=129108  idx= / layers=43657  idx= / solSize=36059 / solSize=50311
12950311  idx=LAYER=
12315130LAYER=78 / layers=129  idx=32210 / solSize=50311
 / solSize=LAYER=5031123 / layers=129  idx=48672 / solSize=
50311LAYER=
LAYER= / layers=85129  idx=106 / layers=4726 / solSize=50311
LAYER=48 / layers=129129  idx=28532 / solSize=  idx=5031143538 / solSize=50311

LAYER= / layers=LAYER=72 / layers=129  idx=34726 / solSize=129  idx=16817 / solSize=9250311
LAYER=100 / layers=129  idx=20067 / solSize= / layers=50311129  idx=25088 / solSize=50311

LAYER=120 / layers=LAYER=129126 / layers=  idx=50311
LAYER=114 / layers=129  idx=11326 / solSize=50311
7418LAYER= / solSize=95 / layers=129  idx=5031123266
129LAYER=91 / layers=129  idx=25289 / solSize=50311
  idx=LAYER=2415122 / layers=129  idx=5783 / solSize= / solSize=50311 / solSize=5031150311


LAYER=120 / layers=129  idx=6941 / solSize=50311
LAYER=101 / layers=129  idx=19768 / solSize=50311
LAYER=123 / layers=129  idx=LAYER=477497 / layers=129  idx= / solSize=2234450311
 / solSize=50311
LAYER=LAYER=76 / layers=126 / layers=129  idx=2874 / solSize=50311
LAYER=101 / layers=129129  idx=  idx=1945133173LAYER= / solSize=50311
LAYER=65 / layers=129  idx=37586 / solSize=50311
LAYER=70 / layers=129  idx=62 / solSize= / layers=129  idx=38648 / solSize=50311
50311LAYER=78 / layers=129  idx=31906 / solSize=50311
LAYER=94 / layers=129  idx=23654 / solSize=50311
LAYER=26 / layers=129  idx=48319 / solSize=50311
LAYER=46 / layers=129  idx=43905 / solSize=50311
35566
LAYER=LAYER=127 / solSize=50311
 / layers=LAYER=119128 / layers=129  idx=1440 / solSize=50311
LAYER=75 / layers=129  idx=33258 / solSize=50311
LAYER=48 / layers=129  idx=43306 / solSize=50311
LAYER=120 / layers=129  idx=6905 / solSize= / layers=50311129
  idx=LAYER=93 / layers=129  idx=24249 / solSize=50311
LAYER=59 / layers=129  idx=39879 / solSize=50311
LAYER=90 / layers=129  idx=783826184 / solSize= / solSize=5031112950311
LAYER=52 / layers=129  idx=42058 / solSize=50311
LAYER=87 / layers=129  idx=27489 / solSize=50311
LAYER=101 / layers=129  idx=  idx=199651888 / solSize=50311
 / solSize=LAYER=26 / layers=129  idx=48247 / solSize=50311
LAYER=121 / layers=129  idx=6635 / solSize=50311
LAYER=68 / layers=129  idx=36372 / solSize=50311
LAYER=112 / layers=12950311  idx=
12402
LAYER=44 / layers=129  idx=44418 / solSize=50311
LAYER=116 / layers=129  idx= / solSize=10088 / solSize=50311
LAYER=122 / layers=LAYER=129119  idx=5632 / layers=129 / solSize=  idx=7540 / solSize=5031150311

LAYER=77 / layers=129LAYER=50311
LAYER=129 / layers=129  idx=446 / solSize=50311
LAYER=112 / layers=129  idx=12480 / solSize=50311
LAYER=95 / layers=129  idx=23317 / solSize=50311
114LAYER= / layers=28129  idx=11026 / solSize= / layers=50311  idx=
LAYER=51 / layers=12932341 / solSize=50311
LAYER=129 / layers=  idx=47988 / solSize=50311
LAYER=108 / layers=129  idx=15225 / solSize=50311
LAYER=33 / layers=129  idx=47133[MESH] Max bdr attr:  / solSize=50311
LAYER=120 / layers=129  idx=6769 / solSize=150311

LAYER=129  attr 261 : 380 bdr elements
  idx= / layers=129129  idx=48216 / solSize=50311
  idx=346LAYER=42645127 / solSize=50311
LAYER=83 / layers=129  idx=29697 / solSize=50311
[BC] ess_tdof_list size = LAYER=402 / layers=104
 / layers=129  idx=18028 / solSize=50311
LAYER=72 / layers=129  idx=34901 / solSize=50311
LAYER=76 / layers=129 / solSize=LAYER=126 / layers=129  idx=3005 / solSize=50311
50311
LAYER=111LAYER= / layers=61  idx= / layers=32912129 / solSize=50311
LAYER=100 / layers=129  idx=20372 / solSize=50311
  idx=LAYER=3923899 / layers= / solSize=12950311129129  idx=  idx=1301721158 / solSize=50311 / solSize=
50311LAYER=
  idx=LAYER=190098
 / solSize=50311
LAYER=LAYER=114101 / layers=129  idx= / layers=11178129 / layers=129  idx=21428 / solSize=50311
LAYER=108 / layers=129  idx=15623 / solSize=50311
LAYER=106 / layers=129  idx=16862 / solSize=50311
LAYER=87 / layers=129  idx=27708 / solSize=50311
103LAYER= / layers=81129  idx= / layers=  idx=19801129 / solSize=  idx= / solSize=5031150311

LAYER=58 / layers=129LAYER=31  idx= / layers=40371129 / solSize=  idx=47361 / solSize=5031150311

30691LAYER=LAYER= / solSize=7918260 / layers= / solSize=12950311
LAYER=115 / layers=129  idx=10471 / solSize=50311
  idx=LAYER=11110031412 / layers= / solSize=50311
129LAYER=  idx= / layers=5031113129
129 / solSize=LAYER=104 / layers=129  idx=18034 / solSize=50311
LAYER=84 / layers=129  idx=5031129352
 / solSize=51LAYER=50311
  idx=LAYER=2035336 / layers= / solSize=129  idx=46410 / solSize=5031185
 / layers= / layers=[MESH] Max bdr attr: 129  idx=12942427 / solSize=LAYER=  idx=1
11828519 / solSize=50311  attr 1 / layers=5031150311

LAYER=125 / layers=
LAYER=93 / layers=129129  idx=  idx=24393LAYER= : 20 / layers=380129 / solSize=  idx=503113704
 bdr elements
 / solSize=50311
LAYER=[BC] ess_tdof_list size = 81LAYER= / layers=12940276 / layers=129  idx=876032949 / solSize=129 / solSize=50311
LAYER=82 / layers=129  idx=29977 / solSize=50311

LAYER=27 / layers=129  idx=48134 / solSize=50311
LAYER=120 / layers=129  idx=7204 / solSize=50311
LAYER=  idx=LAYER=11141 / layers=129  idx=45375 / solSize=50311
LAYER=9449131 / layers=  idx=50311
LAYER=129 / layers=12912930590 / solSize=50311 / solSize=  idx=
0 / solSize=50311
LAYER=LAYER= / layers=12980 / layers=  idx= / layers=24051129 / solSize=  idx=30889 / solSize=503115031150311
LAYER=
98 / layers=129  idx=
LAYER=129LAYER=  idx=13316118 / solSize= / layers=11750311129
21221  idx= / solSize=5031197129LAYER=  idx=1038520 / layers= / solSize= / solSize= / layers=50311129  idx=
9198 / solSize=LAYER=50311129
12950311LAYER= / layers=129
  idx=111194 / solSize=50311

LAYER=LAYER=129  idx= / layers=12918537  idx=122LAYER= / layers=29067 / layers= / layers= / solSize=12950311
LAYER=129 / layers=129  idx=12913067  idx= / solSize=12950311  idx=
36983LAYER=  idx=1105922 / solSize=50311
 / layers= / solSize=LAYER=50311
387129  idx=13732 / solSize=50311116 / solSize=
 / layers= / solSize=LAYER=503115031197 / layers=129  idx=21925 / solSize=50311
LAYER=

104LAYER=LAYER=87129LAYER= / layers= / layers=129129  idx=129  idx=27425 / solSize=  idx=50311484
10098LAYER=3879 / solSize= / layers= / solSize= / layers=50311
129LAYER=7 / layers=12950311  idx=45996 / solSize=  idx=50311 / layers=

LAYER=129 / layers=129  idx=580 / solSize=LAYER=5031170129
  idx= / layers=50184LAYER= / solSize=129129  idx=35684 / solSize=129 / layers=129  idx=50311  idx=
50311LAYER=
31772LAYER=108 / layers=36 / solSize=50311129
17752LAYER= / layers=61 / layers=129  idx=129677 / solSize=50311
 / solSize=LAYER=50311
106 / layers=129  idx=16384 / solSize=50311
LAYER=78 / layers=129  idx=32260 / solSize=50311
LAYER=  idx=2946320 / layers= / solSize=12939078  idx=47839 / solSize= / solSize=50311
5031150311
LAYER=  idx=92 / layers=129  idx=1531324871 / solSize=LAYER=50311
LAYER=102 / layers=129  idx=18829 / solSize=50311
LAYER=98110 / layers= / layers=
129  idx=13784 / solSize=50311
129LAYER=  idx=119LAYER= / solSize= / layers=12950311  idx=
7959LAYER= / solSize=50311
10738 / layers=129  idx= / layers=45885129LAYER= / solSize=129 / layers=  idx=50311
129LAYER=1612380 / solSize=50311
LAYER=96 / layers=129  idx=22878 / solSize=50311
LAYER=88 / layers=129  idx=27178 / solSize=50311
LAYER=69 / layers=21562129 / layers=  idx=36185 / solSize=50311
 / solSize=LAYER=129129  idx=50311  idx=
31172110 / solSize=50311LAYER=
 / layers=LAYER=129  idx=117119 / layers=129  idx=8119 / solSize=50311
LAYER=78 / layers=129  idx= / layers=32144129  idx=9488 / solSize=50311
Update boundariesLAYER=
12930 / solSize= / solSize=UPDATE VOLTAGE START50311
[BC] updateElectrodeVoltage(
LAYER=127 / layers=129 / layers=  idx=129  idx=47563 / solSize= / solSize=050311
LAYER=) V=50311
1760LAYER=119 / layers=129  idx= / solSize=802150311
LAYER=44 / layers=129  idx=44400 / solSize=50311
LAYER= / solSize=1000 / layers=50311129
5031114
 / layers=129  idx=LAYER=LAYER=78 / layers=129  idx=32152 / solSize=50311
LAYER=44 / layers=129  idx=44436 / solSize=50311
LAYER=125 / layers=129  idx=3602 / solSize=50311
LAYER=58 / layers=129  idx=40133 / solSize=50311
  idx=LAYER=204164095 / layers=129  idx=45423 / solSize= / layers=4973750311
 #verts=LAYER= / solSize=605031150 / layers=129

  idx=12939402  idx= / solSize=LAYER=[BC] solutionVector finite after write? 2310050311 / solSize=yes
UPDATE VOLTAGE END 
UPDATE VOLTAGE START
[BC] updateElectrodeVoltage(104503111

) V= / layers=LAYER=129  idx=18157 / solSize=50311
0.73638364 #verts= / layers=LAYER=LAYER=50129106 / solSize=  idx=
37916 / solSize=503119250311
LAYER=121 / layers= / layers=[BC] solutionVector finite after write?  / layers=129  idx=16348 / solSize=50311
yesLAYER=
112UPDATE VOLTAGE END 129
 / layers=  idx=
12924910 / solSize=  idx=503116453 / solSize=LAYER=12950311
116LAYER=13 / layers= / layers=129  idx=  idx=UPDATE VOLTAGE START49810 / solSize=5031113006
 / solSize=50311
LAYER=LAYER=58104 / layers=129  idx=

 / layers=129  idx=18086 / solSize=50311
LAYER=74 / layers=LAYER=[BC] updateElectrodeVoltage(2) V=-0.419603 #verts=5164
 / layers=40385129[BC] solutionVector finite after write?   idx=yes / solSize=
50311UPDATE VOLTAGE END 129
LAYER=45 / layers=129
  idx=  idx=1299789 / solSize=50311
LAYER=109 / layers=129  idx=14647 / solSize=50311UPDATE VOLTAGE START

LAYER=  idx=107[BC] updateElectrodeVoltage(37896 / layers= / solSize=50311129  idx=
16231 / solSize=503113LAYER=
4424533702 / solSize= / solSize=50311
50311LAYER=
114LAYER=123 / layers=129LAYER= / layers=112  idx=) V=129  idx=11180 / solSize= / layers=50311129  idx=506712444 / solSize=
-1.49157LAYER=5031154 / layers=129
  idx=LAYER=85 / layers=129  idx=41500 / solSize= / solSize=5031192
 / layers=LAYER= #verts=42 / layers=129  idx=45093 / solSize=50311
5031128457LAYER= / solSize=
94LAYER=50 / layers=129  idx=50311101 / layers=129  idx=19910 / solSize=50311


23705[BC] solutionVector finite after write? 129LAYER=102 / layers=129  idx=18898 / solSize=yes  idx=LAYER=
2511350311 / solSize=
50311 / solSize=50311
LAYER=85 / layers=
129  idx=28868 / solSize=50311
124LAYER=UPDATE VOLTAGE END 119 / layers=129  idx=7760 / solSize=50311

UPDATE VOLTAGE START
 / layers=LAYER=LAYER=68 / layers=129  idx=10636531 / solSize= / layers=129  idx=3881 / solSize=50311
LAYER=LAYER=129121  idx= / layers=1655712950311
 / solSize=LAYER=  idx=54 / layers=129  idx=41457 / solSize=50311
LAYER=1036727[BC] updateElectrodeVoltage( / solSize=503114
) V=LAYER=1.20863 #verts=50
 / layers=129  idx=18294 / solSize=50311
75LAYER=58 / layers=129  idx=40388 / solSize=50311
LAYER=80 / layers=129  idx=31272 / solSize=50311
LAYER=113 / layers=129  idx=12211 / solSize=50311
[BC] solutionVector finite after write? yesLAYER=
108 / layers=6850311UPDATE VOLTAGE END  / layers=129  idx=

129 / layers=UPDATE VOLTAGE START129LAYER=
36[BC] updateElectrodeVoltage( / layers=  idx=129  idx=515101  idx=) V= / solSize=3327250311 / solSize=0.418436 #verts=503114634850 / solSize=
50311
[BC] solutionVector finite after write? LAYER=91 / layers=129  idx=
yes
UPDATE VOLTAGE END 
UPDATE VOLTAGE START
[BC] updateElectrodeVoltage(6) V=1.32512 #verts=51
[BC] solutionVector finite after write? yes
UPDATE VOLTAGE END 
UPDATE VOLTAGE START
[BC] updateElectrodeVoltage(7) V=-1.42206 #verts=50
[BC] solutionVector finite after write? yes
UPDATE VOLTAGE END 
[RUN] begin: sol size=50311
[RUN] solutionVector finite at entry? yes

LAYER=108 / layers=129  idx=15203 / solSize=50311
LAYER=116 / layers=129  idx=9882 / solSize=50311
LAYER=55 / layers=129  idx=41193 / solSize=50311
LAYER=80 / layers=129  idx=31275 / solSize=50311
LAYER=67 / layers=129  idx=36910 / solSize=50311
LAYER=105 / layers=129  idx=17238 / solSize=50311
LAYER=66 / layers=129  idx=37205 / solSize=50311
LAYER=7836460[MESH] Max bdr attr:  / layers= / solSize=150311

LAYER=  attr 2553593 / layers= / solSize=50311
129  idx=24199LAYER=LAYER=1 / solSize=92 :  / layers=129  idx=38025153 bdr elements
50311[BC] ess_tdof_list size = 129
  idx=32025 / solSize=LAYER=50311103 / layers=129  idx=
18463 / solSize=50311
LAYER=115 / layers=LAYER=129114 / layers=  idx=129  idx=11658 / solSize=50311
77LAYER= / layers=12910210975 / solSize= / layers=50311
129  idx=19053 / solSize=LAYER=  idx=50311402

LAYER=3267911 / solSize=LAYER=50311
LAYER=67 / layers= / layers=115129  idx=49952 / solSize= / layers=50311129  idx=12910492 / solSize=50311
  idx=
36769 / solSize=LAYER= / solSize=8336 / layers=129  idx= / layers=4635050311129  idx=29765 / solSize=
 / solSize=LAYER=LAYER=419750311 / layers=
50311129  idx=
 / layers=LAYER=LAYER=99 / layers=129  idx=20945 / solSize=1295031150311  idx=
123 / layers=129  idx=4791 / solSize=50311
LAYER=99 / layers=129LAYER=  idx=20743 / solSize=5250311 / layers=129
  idx=2189542087LAYER=118 / solSize= / solSize=50311
 / layers=LAYER=129  idx=8655 / solSize=50311

45317LAYER= / solSize=6150311 / layers=LAYER=
129112 / layers=  idx=11439289 / layers=129LAYER=  idx= / solSize=12586 / solSize=5031150311
110
 / layers=LAYER=12950311129  idx=  idx=
LAYER=115 / layers=129  idx=10964 / solSize=50311
7511351 / solSize=50311
 / layers=LAYER=129  idx=98 / layers=LAYER=33562 / solSize=503117012913986  idx=21407 / solSize=50311
LAYER=34 / layers=129  idx=46777 / solSize= / solSize=50311
50311
LAYER=60LAYER=
53 / layers= / layers=129  idx=129LAYER=41842  idx= / solSize=LAYER=5031135750125 / layers=129  idx=3647 / solSize=50311
 / solSize=50311
LAYER=39 / layers=LAYER=12984 / layers=129  idx=  idx=29007 / solSize=4564050311 / solSize=

50311 / layers=
LAYER=LAYER=68109 / layers=129121 / layers=129  idx=129  idx=39571 / solSize= / layers=50311LAYER=  idx=
103129  idx=6737 / solSize=50311
LAYER=48 / layers=129  idx=43263 / solSize=50311
 / layers=129  idx=LAYER=18525 / solSize=54LAYER= / layers=36249129 / solSize=10050311 / layers=  idx=129  idx=20515 / solSize=4140250311
50311 / solSize=

5031114448
LAYER=LAYER=LAYER=109 / layers=129  idx=14767 / solSize=50311
LAYER=9794 / layers=129  idx=23897 / solSize=50311
LAYER=100 / layers=129  idx=20261 / solSize=50311
LAYER=91 / layers=129  idx= / solSize=25271 / solSize=50311 / layers=
97129  idx=LAYER=50311
21910LAYER= / solSize=120 / layers=129  idx=36LAYER= / layers=129  idx=46504 / solSize=50311
111LAYER= / layers= / layers=33129 / layers=  idx=50311129129  idx=46982 / solSize=  idx=7194
50311 / solSize=
5031113142LAYER=
LAYER= / solSize=LAYER=9950311
7548LAYER=27 / layers=129  idx=48172 / solSize=50311
LAYER= / layers=121129 / layers=  idx=22070 / solSize=4342950311 / solSize=50311
129
 / layers=  idx=12933244  idx= / solSize=LAYER=20766 / solSize=50311
LAYER=107 / layers=129  idx=5315904 / layers=LAYER=50311 / solSize=50311
LAYER=121 / layers=52
129  idx=6136 / solSize=50311
LAYER= / layers=113LAYER=129129  idx=41773  idx= / solSize=6194 / solSize=50311
121LAYER=70 / layers=129  idx= / layers=35466 / layers= / solSize= / layers=50311
129  idx=LAYER=12169102 / solSize=129 / layers=50311  idx=50311129  idx=42194 / solSize=503116207
129LAYER=  idx=19348
 / solSize=LAYER=11863 / layers= / layers=50311

LAYER=121 / layers=129  idx=LAYER=6216 / solSize=11950311
 / layers= / solSize=LAYER=129  idx=845250311
LAYER=39 / layers=129  idx=45664 / solSize=12912950311  idx=  idx=38469 / solSize=50311
LAYER=
967759 / layers=86129  idx=22942 / solSize=50311 / solSize=50311
LAYER=70 / layers=129  idx=35487 / solSize=50311
LAYER=113 / layers= / solSize=12950311

LAYER=  idx=115LAYER= / layers=129 / layers=LAYER=  idx=10395 / solSize=12975  idx= / layers=5031112728033 / solSize=50311
129LAYER=  idx=49 / layers=12026129 / solSize=
 / layers=LAYER=  idx=[MESH] Max bdr attr: 5031133577
1797 / solSize= / solSize=15031112950311  idx=116
43191LAYER=LAYER= / solSize=50311
LAYER=78 / layers=129  idx=32066 / solSize=50311
LAYER=41 / layers=129  idx=89 / layers=129
  idx=26537 / solSize=50311
LAYER=87 / layers=129  idx=27478 / solSize= / layers=  attr 50311
45344
 / solSize=168 : LAYER= / layers=8550311 / layers=
LAYER=38129 / layers=LAYER=78  idx= / layers=28868129 / solSize=12938050311  idx=129  idx=9695 / solSize=50311  idx=

46028129 / solSize=50311
LAYER=LAYER=123 / layers=  idx=129102LAYER=31889 / solSize=50311
 / layers=129LAYER=  idx=  idx=45773657511219235 / layers= / solSize= bdr elements
 / solSize=[BC] ess_tdof_list size = 402
129  idx=12704 / solSize=LAYER=503115031150311
 / solSize=
50311
LAYER=LAYER=98 / layers=129  idx=21787 / solSize=50311
LAYER=56 / layers=129  idx=40747104 / solSize= / layers=LAYER=50311129
LAYER=28 / layers=129  idx=47934 / solSize=10732  idx= / layers=
129  idx=47315 / solSize=50311
50311LAYER=LAYER=76
124 / layers=17893129  idx=3277910 / layers= / layers= / solSize=129  idx=1565812950311
  idx= / solSize= / solSize=4999850311
LAYER=92 / layers=129  idx=24812 / solSize=50311
 / solSize=LAYER=50311128
 / layers=50311129LAYER=
  idx=86 / layers=129  idx=28270 / solSize=50311
 / layers=LAYER=129  idx=13133934 / solSize=12250311LAYER=
LAYER= / layers=18129 / layers=12963  idx= / solSize=5581 / solSize=50311
50311LAYER= / layers=
LAYER=[MESH] Max bdr attr: 129  idx=38305 / solSize=  idx=6450311149344[MESH] Max bdr attr: 64LAYER= / solSize=50311


 / layers=141291LAYER=  attr 
71 / layers=1129 :   idx=380 bdr elements
[BC] ess_tdof_list size = LAYER= / layers=  attr 352911291 :  / solSize=402107 / layers=
  idx=380 / layers= bdr elements
129  idx=LAYER=  idx=15951 / solSize=38130 / solSize=50311
50311LAYER=[BC] ess_tdof_list size = 402
50311LAYER=119 / layers=129  idx=7525 / solSize=LAYER=110

5031137903LAYER= / layers=124129  idx=13947 / solSize=50311LAYER=
18 / layers=129  idx=49335 / solSize=50311 / layers=60129
102 / layers=129LAYER= / layers=  idx=129  idx=4294 / solSize=50311
18945LAYER=129110  idx=39654
 / solSize= / solSize=LAYER=79 / layers=129  idx=50311
 / solSize=LAYER=100  idx=LAYER=503114968096 / layers=31739 / layers= / solSize=
 / solSize=129 / layers=LAYER=503115031150311104 / layers=129  idx=12917918 / solSize=

50311126LAYER=129LAYER=124 / layers=129  idx=28  idx=  idx=3903 / solSize=50311
  idx=
13807 / solSize=2042322487LAYER= / layers= / solSize=50311

50311129LAYER=LAYER=114 / layers=129  idx=11495 / solSize=50311
LAYER=110 / layers=129  idx=  idx=14044 / solSize=50311
LAYER=LAYER=11447958
121 / layers=LAYER=93 / layers=129 / layers=  idx= / solSize=127 / layers=24190129[MESH] Max bdr attr: 47 / solSize= / solSize=1291295031150311  idx=11300 / solSize=50311
 / layers=  idx=50311LAYER=
129104LAYER= / layers=
  idx=
 / layers=129129117LAYER=  idx=LAYER= / layers=2511997843617 / layers= / solSize=129  idx=95941  idx=129  idx=  idx=653250311
179071603 / layers= / solSize= / solSize=  attr 1129 / solSize=5031150311

5031120757
LAYER=128 / layers= / solSize= :  / solSize=LAYER= / solSize=50311
LAYER=105 / layers=38050311129126LAYER=
50311 bdr elements
55LAYER=129[BC] ess_tdof_list size = 402
 / layers=

 / layers=LAYER=  idx=12993 / layers=129  idx=24573 / solSize=50311
129  idx=  idx=8717543LAYER=  idx=32025 / solSize=LAYER=272612309789 / solSize= / layers= / layers=129  idx= / solSize=LAYER=  idx=41089129 / solSize=50311
4350311LAYER=  idx=99 / layers=50311 / solSize=129 / layers=
503112644150311  idx=27778 / solSize=50311
LAYER=
LAYER= / solSize=22246126110 / layers=129  idx=14243 / solSize=50311
LAYER=99 / layers=129  idx=20885 / solSize=50311
LAYER=100 / layers=129  idx=20166 / solSize=50311
LAYER=68 / layers=129  idx=36391 / solSize=50311
LAYER=112 / layers=129  idx=12715 / solSize=50311
LAYER=94 / layers=129  idx=23533 / solSize=50311
LAYER=56 / layers=129  idx=41020 / solSize=50311
LAYER=125 / layers=129  idx=3773129 / solSize=  idx=5031121062
 / solSize=LAYER=91 / layers=129  idx=25660 / solSize=50311
LAYER=LAYER=50311
LAYER=52 / layers=12973110 / layers=129  idx=13989  idx= / layers= / layers=42104
50311 / solSize=50311
 / layers= / solSize=129LAYER=  idx=
50311 / solSize=110 / layers=129  idx=13838 / solSize=50311
129
5031134538LAYER=LAYER=
49
LAYER=77 / layers=LAYER=129  idx=123129 / solSize=121 / layers=129  idx=6442 / solSize=50311
LAYER= / layers=129  idx= / layers=LAYER=73 / layers=129  idx=  idx=  idx=447381282973129  idx=43213 / solSize=50311
LAYER=32 / layers=129  idx=47170 / solSize=50311
LAYER=120 / layers=129  idx=7177 / solSize=50311
34287LAYER= / solSize=LAYER= / solSize= / solSize=503114935975250311 / solSize=50311
 / layers=LAYER=
 / layers=
LAYER=110 / layers=129  idx=3237550311103 / layers=129  idx=18365 / solSize=50311
5031113693LAYER=
LAYER= / solSize= / solSize=12997 / layers=
LAYER=12912950311LAYER=  idx=  idx=9978
LAYER=92 / layers=50311 / layers= / layers=42129  idx=42346 / layers=22368129 / layers=22341 / solSize=  idx= / solSize=31851 / solSize=50311129129 / solSize=129

  idx=5031150311LAYER=LAYER=86113 / layers=5031124666 / solSize=  idx=
 / layers=
5031144970  idx=129

LAYER=LAYER= / solSize=129LAYER=  idx=28164 / solSize=50311870LAYER=
  idx=58107LAYER=1204099 / layers=50311 / layers= / solSize=  idx=129  idx=15753 / solSize=50311

50311
LAYER=11220653 / layers=77129 / layers=129  idx=12380 / solSize= / solSize=  idx= / layers= / solSize=LAYER=LAYER=50311208565031150311129125 / solSize=
 / layers=129  idx=3733 / solSize=5031157

87 / layers=129  idx=129LAYER=93 / layers=LAYER=
 / layers=LAYER=  idx=129129  idx=4063332624  idx=27600 / solSize=50311
50311LAYER=49 / layers=129  idx=43025 / solSize=50311
40260LAYER=127LAYER=35 / solSize=50311
LAYER=
 / solSize=LAYER= / layers= / layers=5031112997 / layers=  idx=12971  idx= / solSize=35129  idx=7946652 / layers=129  idx=24447 / layers= / layers=50311129  idx=31527 / solSize=50311
46566LAYER= / solSize=
 / solSize= / solSize=
6550311  idx=LAYER= / layers=
5031122277 / solSize=50311129LAYER=
1988LAYER=98 / layers=129  idx=21367 / solSize=50311
50311129  idx=LAYER= / solSize=
LAYER=84 / layers=129  idx=29095 / solSize=50311
LAYER=129 / layers=  idx=LAYER=
3751250311129LAYER=35331 / solSize=50311
LAYER=73 / layers=129116
100119 / layers=129  idx=7763 / solSize=50311 / solSize= / layers=52
 / layers=  idx=129491 / solSize=50311
 / layers=LAYER=119 / layers=129LAYER=50311LAYER=129  idx=79 / layers=
  idx=291297957  idx=LAYER=20057 / solSize=503111299753 / solSize=122  idx=
[MESH] Max bdr attr:  / layers=  idx=50311114  idx=129  idx=5952 / solSize=50311
 / layers=1129  idx= / layers=4217034362LAYER=LAYER= / solSize= / solSize=11300
112 / layers=50311104 / solSize= / solSize=129LAYER=43 / layers=129  idx=44714
 / layers=31689
5031112950311129LAYER=  attr 
 / solSize=  idx=122 / layers=129  idx=5877 / solSize=50311

1LAYER=  idx=  idx=LAYER=50311 / solSize=6112637 / solSize=50311
37 / layers=17616 / solSize=
503114775350311
LAYER= / layers=129  idx=46285 / solSize=50311
LAYER=5031188 : LAYER=129  idx=39253 / solSize=50311
LAYER=
38064127 / layers=129  idx=2101 / solSize=50311
LAYER=LAYER= / layers=129  idx= / solSize=LAYER=
11138142 bdr elements
76 / layers= / layers=50311 / solSize=50311
30[BC] ess_tdof_list size = 12925LAYER=
LAYER= / layers=LAYER=12985 / layers=129  idx=286556111 / layers=129  idx=402 / layers=LAYER=129  idx=
  idx=3447635 / layers=129  idx=46873 / solSize=50311129 / layers= / solSize=  idx= / solSize=  idx=50311
50311LAYER=1293309948362 / solSize=50311
13574LAYER=125 / layers=129  idx=3452 / solSize=50311115 / solSize=LAYER=
27163

122 / solSize=  idx=LAYER=50311
 / layers= / layers=LAYER=116503111324162 / layers=129  idx=38855 / solSize= / solSize=129 / layers=LAYER= / solSize=  idx=12968 / layers=12950311LAYER=  idx=50311129  idx=10086 / solSize=50311
  idx=LAYER=503119310781
 / layers=50195 / solSize=
72 / layers=1295663 / layers=129  idx=24166 / solSize=50311
LAYER=92 / layers=50311 / solSize=50311
[MESH] Max bdr attr: 129  idx=34826 / solSize= / solSize=LAYER=
LAYER=127 / layers=129  idx=1682 / solSize=  idx=24874 / solSize=50311LAYER=50311LAYER=5031195
1117
50311


  attr 
 / layers=129  idx=8963 / solSize=50311

LAYER=76 / layers=LAYER=921 : 380 bdr elements
[BC] ess_tdof_list size = 402 / layers=LAYER=129  idx=32973 / solSize=LAYER=50311
LAYER=95 / layers=LAYER=98
LAYER= / layers=129  idx=24771129LAYER=83 / layers=68 / solSize=100  idx=12923043 / solSize=50311
LAYER=120 / layers=129  idx=7189 / solSize=50311
129 / layers=50311  idx=21768 / solSize=LAYER=18 / layers=9212950311
LAYER=112 / layers=129  idx=  idx=125 / layers=12535129
 / layers=LAYER=36252  idx=62 / layers= / solSize= / layers=129  idx=129LAYER=29397 / solSize=50311
LAYER=100 / layers=129  idx=20524 / solSize=50311
LAYER=113 / layers=129  idx=129119  idx=  idx=20474 / solSize=50311
 / layers=1171412924725LAYER= / layers= / solSize= / solSize=50311
LAYER=129 / solSize=1191295031143 / layers=129  idx=44716 / solSize=50311
LAYER=67 / layers=50311 / layers=  idx=50311  idx=3693 / solSize=  idx=  idx=
129
129LAYER=36299 / solSize=50311129118  idx=8026 / solSize=50311
LAYER=70 / layers=129  idx=35504 / solSize=50311
23470LAYER=76 / layers=129  idx=32901 / solSize=50311LAYER=  idx=
  idx=5031138765 / layers=493217605 / solSize=50311
LAYER=106 / solSize=129  idx=8248 / solSize=
50311

123 / layers=129 / solSize=
50311
 / layers=LAYER=LAYER=50311LAYER=  idx=LAYER=119118 / layers=129  idx=LAYER=LAYER=1014569 / solSize=50311
LAYER=87076568 / layers= / layers= / solSize=129 / solSize=368857912950311 / solSize=  idx=92
  idx=5031150311
129 / layers=
19833LAYER=LAYER=80 / layers=129  idx=30903 / solSize=50311
LAYER=98 / layers=129  idx=21717 / solSize=50311
LAYER=
129  idx=16806 / solSize= / solSize=61 / layers= / layers= / layers=  idx=LAYER=31510129  idx=36549 / solSize=50311
LAYER=129112LAYER=50311 / solSize=101129  idx=24840 / solSize=50311
LAYER=46 / layers=129  idx= / layers=50311 / layers=8108  idx=37518 / solSize=50311
 / layers=
129 / solSize=50311129LAYER=
129LAYER=66  idx=126 / layers=50311  idx=  idx=10319829 / solSize=50311
LAYER=112 / layers=129 / layers=
39288 / solSize=50311
 / layers=
129LAYER=129  idx=43927LAYER=10381 / layers=129  idx=30441 / solSize=50311
  idx=12729LAYER= / solSize= / layers=129  idx=183222580 / solSize=LAYER=6250311
LAYER=46 / layers=9150311
 / layers=129129  idx= / solSize=LAYER=12745 / layers=12990386928150311  idx=  idx= / layers= / solSize=18304 / solSize=44067 / solSize=50311 / solSize=5031150311 / layers=
129
  idx=50311
LAYER=LAYER=[MESH] Max bdr attr: 
LAYER=25265  idx=12973 / layers=921 / solSize=25869 / solSize=127
  idx=129 / layers= / layers=50311
129LAYER=50311LAYER=LAYER= / solSize=  idx=  idx=78 / layers=129  idx=32013 / solSize=50311
LAYER=76 / layers=129  idx=32853 / solSize=50311
129LAYER=

1645LAYER=5031137158  attr   idx= / solSize=50311
LAYER=79 / layers=129  idx=314905294 / layers=129  idx=23766 / solSize=50311
LAYER=11430755LAYER=112934367129 / layers= / solSize= :   idx=380 / solSize=50311
50311 / solSize=25085 / solSize=
129
50311
LAYER=LAYER=129 / layers=129  idx=714 / solSize=50311
LAYER=108 / layers= bdr elements
  idx=LAYER=12650311[BC] ess_tdof_list size = 11016129  idx=15632 / solSize=50311
 / solSize= / layers=82
 / solSize=50311402129 / layers=60LAYER=LAYER=50311
LAYER= / layers=  idx=
11483129129  idx= / layers=534 / layers=LAYER=108 / layers=2949LAYER=129  idx=129129  idx=42304 / solSize=50311
LAYER=79 / layers=12982 / solSize=  idx= / layers=105 / layers=129  idx= / solSize= / layers=  idx=50311
30295LAYER=37 / layers=129  idx=46121 / solSize=50311

LAYER=100 / layers=129  idx=  idx=3026612950311129203393135815613 / solSize=50311LAYER= / solSize=
 / solSize=LAYER=81 / layers=129  idx=30581 / solSize=50311
LAYER=108 / layers=129  idx=15509 / solSize=50311
LAYER=80 / layers=129  idx=31202 / solSize=50311
LAYER=99 / layers=129  idx=21114 / solSize=50311
LAYER=47 / layers=129  idx=43728 / solSize=50311
LAYER=112 / layers=129  idx=  idx=12966 / solSize=50311
10986LAYER= / solSize=38
89 / layers=12950311 / layers= / layers=3934950311
LAYER=70 / layers=129129  idx=17519 / solSize=50311
  idx=[MESH] Max bdr attr: 
  idx= / solSize= / solSize=129LAYER=45866 / solSize=2679850311503115031176 / layers=12950311  idx=78
LAYER= / solSize=  idx=
LAYER=29836
68  idx=LAYER=70 / layers=129  idx=35496 / solSize=50311
LAYER=125 / layers=129  idx=3207 / solSize=50311
LAYER=32 / layers=140 / solSize= / solSize=35706129LAYER= / layers=5031150311
LAYER= / layers=  idx=129LAYER=

LAYER=10 / layers=11847266
[MESH] Max bdr attr:  / solSize=33100LAYER=97 / layers=129  idx=22139126129  idx= / solSize= / layers= / layers=1291055031115031112950311
  idx=  attr 
 / solSize=
50036LAYER=  idx=8468 / solSize=50311
LAYER=36631 / solSize=
 / layers= / solSize=15031139 / solSize=  attr 5031134LAYER= : 1 : 380 bdr elements
[BC] ess_tdof_list size = 402LAYER=50311
50311LAYER=380
 bdr elements
129
 / layers=  idx=129
LAYER=  idx=
LAYER= / layers=12112612931949LAYER=109129108108  idx=458182718 / solSize=75LAYER=  idx= / layers= / layers=[BC] ess_tdof_list size =   idx= / layers=129 / layers=45612 / solSize=50311
LAYER=44 / layers=129  idx=5031155129 / solSize= / solSize=  idx= / layers=44629402 / layers=4684850311
 / layers=50311
15595LAYER=129
 / solSize= / solSize= / layers=129  idx=17276 / solSize=LAYER=105
  idx=12912950311129  idx=2543 / solSize=50311
LAYER=5031196 / layers=129  idx=22754 / layers=  idx=129LAYER=102 / solSize= / solSize=12950311639961  idx=
  idx=LAYER=50311
  idx=

 / layers=33380 / solSize=50311 / layers=15170  idx= / solSize=1471617032
LAYER=129  idx=39073 / solSize=50311
5031112941282 / solSize=50311
LAYER=92 / layers=LAYER=27LAYER=LAYER=111 / layers=129 / solSize=129  idx=24803LAYER=
 / layers=129  idx=48067 / solSize=50311
LAYER=124 / layers=1295031168  idx= / solSize=  idx=1897 / solSize= / layers=
LAYER=LAYER=7899384850311 / layers=13496  idx=LAYER= / layers= / layers=129 / solSize=50311
LAYER=43 / layers=129  idx=44670 / solSize=1888750311129129 / layers= / solSize=50311
LAYER=96 / layers=
  idx=50311  idx=36300 / solSize=129 / solSize= / solSize=1292180224129  idx=22749 / solSize=50311

5031150311  idx=20786  idx=LAYER=LAYER=LAYER= / layers=129  idx=5031150311  idx=49305124

112
32228
57 / layers=129  idx=3824 / solSize=50311
LAYER= / solSize=48568 / solSize=LAYER= / solSize= / layers=81LAYER=
50311 / layers=LAYER= / solSize=12112650311
LAYER=71 / layers=129  idx=35006 / solSize=50311

129111 / layers=129  idx= / solSize= / layers= / layers=LAYER=11713667  idx=LAYER= / layers=98 / layers=129  idx=6601LAYER=129  idx=2817 / solSize=50311
LAYER=127 / layers=129  idx=1564 / solSize=50311
LAYER=74 / layers=129  idx=34073 / solSize=50311
50311129LAYER= / solSize=985031112912504 / layers=  idx=30418 / solSize=50311
94 / layers=129LAYER=
50311121 / solSize=50311LAYER=50311 / layers=

129 / layers= / solSize=12912992  idx=1295031124  idx=LAYER=LAYER=
  idx=23708 / solSize=50311
 / layers=9258  idx=
LAYER= / layers=7121210118
LAYER=129 / solSize=  idx=129  idx=48585 / solSize=50311
 / solSize=73 / layers=129  idx=8270 / solSize=LAYER=LAYER=LAYER=  idx=21545LAYER=5031189  idx=628993 / layers= / solSize=50311
78129 / layers=24878 / layers=40597120 / layers=LAYER=
129129715031150311116 / solSize=  idx=34489 / solSize=50311
  idx= / solSize= / layers=129

LAYER=LAYER=50311129  idx=6947 / solSize=50311
LAYER=125 / layers=129  idx=  idx=94 / layers=129  idx=238245031126613 / solSize= / layers=3242
108
50311
LAYER= / solSize=31993 / layers= / layers=LAYER=LAYER= / solSize= / layers= / solSize=LAYER=117 / layers=885031150311
129LAYER=12950311
12994LAYER= / layers=129  idx= / solSize=125 / layers=129  idx=3183 / solSize=50311
  idx=  idx= / layers=129  idx=23606 / solSize=50311
47 / layers=  idx=
26831  idx=35235 / solSize=50311
LAYER=96 / layers=129  idx=22427 / solSize=50311
12612935036129LAYER=129 / solSize=50311
LAYER=64 / layers=129  idx=37997 / solSize=50311
  idx=LAYER= / solSize=977950311LAYER=4750311LAYER=LAYER=LAYER=43816 / solSize= / layers=129  idx=43776 / solSize=50311
11024238  idx=121 / solSize=50311LAYER= / layers= / solSize=  idx= / layers=129  idx=46154897650311
1161296214131 / layers=129  idx= / solSize=LAYER=
 / layers=
  idx=2310 / solSize=50311

 / solSize= / layers=43967LAYER=10750311 / layers=LAYER=93 / layers=129  idx=24286 / solSize=50311 / solSize=50311

LAYER=12150311126LAYER=50311129  idx=6091 / solSize=129 / layers= / layers= / layers=92
9519LAYER=129129  idx=LAYER=129LAYER= / solSize=  idx=11915855 / layers=
  idx=32953 / solSize=4950311
10239
 / layers=12950311 / layers=50311
 / layers=LAYER= / solSize=129129129  idx=24714 / solSize=50311
103 / solSize=
  idx=50311  idx=LAYER=LAYER=85 / layers=129  idx=28512129 / layers=129  idx=18455 / solSize=LAYER=LAYER=  idx=  idx=38882  idx=8050311279289 / solSize=7950311
LAYER=88 / layers=129  idx=
4243232
6319LAYER=27161 / layers=129  idx=LAYER= / solSize=50311 / solSize=50311
 / layers=LAYER=67 / solSize=44949 / layers=50311 / solSize=78 / layers=129  idx=321377719 / layers= / solSize=
 / layers=1294850311 / solSize=129  idx=36866 / solSize=50311
LAYER=129 / layers=129  idx=339 / solSize=50311
129  idx=LAYER=LAYER= / solSize= / layers=129  idx=43283 / solSize=50311129LAYER=
109503113160950311  idx=50311  idx=120 / layers=
129  idx=

LAYER=5031111 / solSize=7316 / solSize=50311
LAYER=87 / layers=LAYER=68 / layers=129  idx=36347 / solSize=50311
LAYER=9567LAYER=
LAYER=122 / layers=129  idx=5849 / solSize=50311
LAYER=42 / layers=129 / solSize=2656950311 / layers=129  idx=31013
 / solSize=50311
LAYER=112 / layers=129  idx=12606 / solSize=50311
LAYER=113 / layers=129  idx=11924 / solSize=50311
 / layers=129
LAYER=119 / layers=129  idx=7823 / solSize=50311
LAYER=55 / solSize=27448LAYER=LAYER=LAYER=12944 / layers= / layers=33  idx=50311
LAYER=125 / layers=109 / solSize=  idx=14678 / solSize=
129 / layers=80129  idx=3632 / solSize=50311
5031150311  idx=41367 / solSize=50311
50311LAYER=101 / layers=129  idx=19875 / solSize=50311
 / layers=129  idx=49967 / solSize= / layers= / layers=LAYER=
50311LAYER=LAYER=129129  idx=14618 / solSize=50311

45130 / layers=125106 / layers=129  idx=16321 / solSize=50311
LAYER=48 / layers=LAYER= / solSize=
1299612912936 / layers=129 / layers=50311129
  idx=129
LAYER=  idx=31011 / solSize=50311
LAYER=60 / layers=129  idx=LAYER=43451 / solSize=50311
LAYER=  idx=  idx=LAYER=60LAYER=7877  idx=39403 / solSize=50311
4712196 / layers=129  idx=22494 / solSize=50311
  idx=LAYER=74 / layers=129  idx=33701123 / layers=3404LAYER=  idx= / layers= / solSize= / solSize= / layers=50311
129122 / layers=129  idx=5903 / solSize=50311
LAYER=94 / layers=129229923677350311
  idx=46524LAYER=LAYER=129  idx=5224 / solSize=50311
LAYER=93 / layers=129  idx=24409 / solSize=50311
129  idx= / layers= / solSize= / solSize=50311 / solSize=  idx=39476129112LAYER= / solSize=5031123721  idx= / layers=44623 / layers=
LAYER=127 / layers=129  idx=2191 / solSize=50311
74
100LAYER=129  idx=12859 / solSize=50311
LAYER=75 / layers=129  idx=33329 / solSize=50311
129LAYER= / solSize= / layers=8550311  idx= / solSize= / solSize=  idx=22634 / solSize=50311
LAYER=39 / layers=1295031154LAYER=LAYER=
3231231947  idx= / layers=129 / layers=50311LAYER= / solSize= / solSize=50311 / layers=50311
129458532272129

 / solSize= / layers=  idx=50311LAYER=129LAYER=73503115031133733
  idx=  idx=118 / layers=129  idx=34220 / solSize=50311
LAYER= / layers=28428 / solSize=5031112941478 / solSize=50311
106
  idx=
LAYER=
 / solSize=LAYER=65 / layers=129  idx=112129
  idx=LAYER=LAYER=102 / layers=20184LAYER=88 / layers=129  idx=2729511650311
LAYER= / layers=129  idx=12474 / solSize=50311
37754LAYER=79129 / layers= / layers= / solSize=50311
 / solSize=LAYER=85LAYER=72129  idx=129  idx= / layers=  idx= / layers=10512950311 / layers=18909129 / solSize=  idx=16646 / solSize=50311
48840 / layers=
31685  idx=50311
LAYER=85 / layers=129  idx=28432 / solSize=50311
LAYER=110 / layers=129  idx=13957 / solSize=50311
LAYER=127 / layers=129  idx=1988 / solSize=50311
LAYER=88 / layers=129  idx=27074 / solSize=50311
LAYER=92 / layers=129  idx=24666 / solSize=50311
LAYER=83 / layers=129  idx=29400 / solSize=50311
LAYER=61 / layers=129  idx=39247 / solSize=50311
LAYER=90 / layers=129  idx=25977 / solSize=50311
LAYER=59 / layers=129  idx=39854 / solSize=50311
68LAYER= / layers=129122  idx=36530 / solSize=50311 / layers= / solSize= / layers=129129129  idx=50311129  idx=
34812  idx=86845839LAYER=LAYER=111 / layers=129 / solSize=50311

  idx=17541 / solSize=110 / solSize=LAYER=LAYER=LAYER=50311 / solSize=50311117 / layers=  idx=LAYER=34 / layers=129  idx=28666
 / solSize=LAYER=129 / layers=129 / layers=129  idx=9114 / solSize=50311
LAYER=121 / layers=129  idx=6637 / solSize=50311
LAYER=  idx=13484 / solSize=43 / layers=129  idx=44700 / solSize=50311129 / solSize=4690910018 / solSize=50311
 / solSize=
503114250311  idx= / solSize=5031182

50311323 / solSize=50311
LAYER=LAYER=104 / layers=129  idx=17816 / solSize=50311
34641LAYER=
LAYER=
129 / layers=50311LAYER= / layers=50311
 / solSize=50311
LAYER=102 / layers=129  idx=19231124LAYER=96LAYER=
LAYER=70 / layers=129 / layers= / solSize=LAYER=  idx=122101 / layers=129  idx=12975 / layers=129  idx=33501 / solSize=50311
LAYER=112 / layers=129  idx=12667 / solSize=50311
LAYER=LAYER=
46 / layers=129  idx=44006 / layers=  idx=30220 / solSize=50311
  idx=119 / layers=LAYER=68 / layers=503111411619995129 / solSize=50311
12991129  idx=3875 / solSize=
 / solSize=129129 / layers= / layers=LAYER=50311LAYER=  idx=129129LAYER=50311  idx=
LAYER=89 / layers=129  idx=2650745060121 / layers=129  idx=35786
106 / solSize= / solSize=  idx= / solSize=503117659  idx=50311 / layers=
1291243629925485 / solSize=50311
LAYER=99 / layers=129  idx=20729 / solSize=50311
LAYER=640 / solSize= / solSize=  idx=16829 / solSize=50311
  idx= / solSize=50311
46LAYER=32 / layers=129  idx=47170
 / solSize=50311 / layers=LAYER=50311LAYER=6690 / solSize=50311
LAYER=123 / layers=129  idx=5221 / solSize=50311
LAYER= / solSize=LAYER=50311
LAYER=[MESH] Max bdr attr: 
LAYER=6959 / layers=5031149 / layers=124 / layers=129  idx=104129
LAYER=78 / layers=129  idx=31934 / solSize=50311
42LAYER= / layers=129  idx=4174 / layers=  idx=22782LAYER=85 / layers= / layers=  idx=54
 / solSize=1291 / solSize= / layers=5998 / solSize=50311
LAYER=63 / layers=129  idx=38465 / layers=5031112912912912950311  idx= / solSize=50311
LAYER=129  idx=
50311  idx=39889 / solSize=50311

LAYER=4504212044092LAYER=  idx=LAYER=43056 / layers= / solSize=86 / layers=129  idx=28227  idx=LAYER= / layers=87 / solSize= / solSize= / solSize=1292860117929129

503115031110312950311  idx=LAYER=
LAYER=53 / layers= / solSize= / layers=77  idx=41512 / layers=129  idx=18728 / solSize=  attr 83 / layers=129  idx=29746129  idx=41735 / solSize=50311 / layers= / solSize=  idx=1 : 50311
38050311
129  idx=
12950311
3604950311 / solSize=LAYER=  idx=27394 / solSize=7035LAYER=LAYER=
LAYER=50311420110195
68 / layers=129  idx=50311 / solSize= / layers=129  idx=19606 / solSize=50311
LAYER=108 / layers= / layers=129  idx= / solSize=23376 / solSize=50311
LAYER=27 / layers=12936580LAYER= / solSize= bdr elements
 / solSize=
12950311  idx=
46 / solSize=50311  idx=
  idx=15615 / solSize=50311
48134LAYER=107 / layers=
50311LAYER=5031132706LAYER=37 / layers=129  idx=46180 / solSize=LAYER=[BC] ess_tdof_list size =  / layers= / solSize=50311
38LAYER=

50311129129  idx=LAYER= / layers=
LAYER=119LAYER=402  idx=43956425031158 / layers=97129129 / layers=LAYER=67 / layers=129  idx=40190

 / solSize=  idx=86129  idx= / layers=503111613011445973 / solSize=50311
 / layers=LAYER=LAYER= / solSize=8004 / solSize=50311
  idx=129 / solSize=8537 / layers=129  idx=46099 / solSize=50311


LAYER= / solSize=50311
LAYER=  idx=50311
LAYER= / layers= / layers= / layers=LAYER=LAYER=124 / layers=129  idx=4309 / solSize=50311
129LAYER=LAYER=451048150311LAYER=  idx=3321960LAYER= / solSize=50311
LAYER=81129 / layers=1292834944 / layers=
 / solSize=50311
5898129105129  idx= / layers=129  idx=44402 / solSize=50311
61LAYER=66 / layers=  idx=129LAYER=11653 / solSize=50311
 / layers= / layers=100 / layers=129  idx=20354 / solSize=50311
LAYER=99 / layers=129  idx=20708 / solSize= / layers= / layers=28675 / solSize=  idx=129129 / solSize=  idx=LAYER=36753  idx=40094 / solSize=50311
5031112998  idx=4712050311
LAYER=89 / layers=129  idx=26809 / solSize=50311 / solSize=129  idx=  idx= / layers=121LAYER= / solSize=50311
50311 / layers=
 / layers=104LAYER=129  idx=21483 / solSize=  idx=38998LAYER=129  idx=6182 / solSize=50311
50311371081295031155 / layers= / solSize=50311

21701 / solSize=LAYER=50311
129
LAYER=77 / layers=
LAYER=112 / solSize= / layers=129  idx=1291241871LAYER= / layers=  idx=17144 / solSize=  idx=129  idx=32705 / solSize=50311
LAYER=  idx= / solSize=50311
LAYER=32 / layers=129  idx=35001 / solSize=40 / layers=129  idx=45418 / solSize=50311
LAYER=51 / layers=1293053050311114 / layers=12941387LAYER= / solSize=50311
LAYER=105 / layers=129  idx=16922 / solSize=50311
LAYER=124 / layers= / layers=129129  idx=42492 / solSize=50311  idx=17972 / solSize=50311
LAYER=111 / layers=129  idx=
 / solSize=50311
  idx=5712950311  idx=47257 / solSize=50311
LAYER=64 / layers=129  idx=38084 / solSize=50311
LAYER=53 / layers=129  idx=41845 / solSize=LAYER=LAYER=1104150311LAYER=13130  idx=3814 / solSize=50311
LAYER=
50311LAYER= / layers=
663060872 / layers=129  idx=34754
89116
54129  idx=40439 / solSize=50311LAYER= / solSize=50311
LAYER= / solSize= / solSize= / layers= / solSize=
95LAYER= / layers= / layers=50311 / layers=LAYER=89 / layers=129  idx=26456 / solSize=40 / layers=71 / layers=129  idx=35318 / solSize=50311

LAYER=LAYER=
62129  idx=41510 / solSize=50311
LAYER=50311129 / layers=50311503115357
44LAYER= / layers=  idx=129
 / layers= / layers=129 / layers=129  idx=44527 / solSize=50311
LAYER=105 / layers=12937318129
LAYER=112129129  idx=  idx=16964 / solSize=50311
LAYER= / solSize=  idx= / layers=  idx=26432 / solSize=LAYER=  idx=41775 / solSize=50311
129  idx=LAYER=9443 / layers=129  idx=503113873812950311124  idx= / layers=LAYER=LAYER= / solSize=50311
40419LAYER=105 / layers=993812623013
 / layers= / solSize=4483082129 / solSize= / layers=129129[MESH] Max bdr attr: 1291
129 / solSize= / layers=  idx=84LAYER=  idx=23920 / solSize=50311
50311  idx=  idx= / solSize=50311 / layers=2483129  idx=1290529903 / solSize=50311
  attr 
  idx=LAYER=
  idx=50311 / solSize=LAYER= / solSize=50311
1 : 380 bdr elements
17462LAYER= / solSize=
1224538LAYER=503118350311129LAYER=68
[BC] ess_tdof_list size =  / layers=402108 / layers=LAYER=  idx=45500 / layers= / solSize=50311

122 / layers=129  idx= / solSize=11450311


LAYER=98 / layers=129LAYER=76 / layers=129  idx=33081 / solSize=LAYER= / layers=LAYER=50311
129 / layers=129129  idx=29889 / solSize=40 / layers=129129  idx=5678 / solSize=50311
15477LAYER=  idx=129  idx=11429 / solSize=29183  idx=LAYER=LAYER=52LAYER= / layers=12936602  idx=5031150311LAYER=21783 / solSize=50311
LAYER=40 / layers=129  idx=45405 / solSize=50311
LAYER=74 / layers=129  idx=75 / layers=  idx=
5474 / solSize=
50311 / solSize=129129 / solSize=LAYER=50311
33885  idx=50311
LAYER=125126 / solSize=10699105 / solSize=45487 / solSize= / layers=LAYER=42293  idx=50311 / layers=5031110350311118129
 / layers= / layers=
LAYER=LAYER=88 / layers=129  idx=26946 / solSize=50311
LAYER=100 / layers=129  idx=20271 / solSize=50311 / layers=129  idx=18182 / solSize=50311
 / layers=LAYER=75 / solSize=33620129  idx=17276 / solSize= / layers=38LAYER=

LAYER=88129 / layers=50311129
 / layers=129  idx=46068 / solSize=98LAYER=  idx=12950311129  idx=50311 / layers=88  idx= / layers=3539 / solSize=  idx=LAYER=
LAYER=56 / layers=129  idx=40924 / solSize=527 / layers=129
 / solSize=50311
50311100 / layers=129  idx= / layers=5031150311129LAYER=101 / layers=129129LAYER=125 / layers=129
  idx=  idx=  idx=
129129  idx=3222 / solSize=50311
20080 / solSize=

19875  idx=  idx=33351  idx=LAYER= / solSize=  idx=503112610 / solSize=50311884816765LAYER=LAYER=27184
LAYER=87 / layers=
LAYER=81 / layers=129  idx=129  idx= / solSize= / solSize= / solSize=25 / solSize=21254LAYER=50311LAYER=27649 / solSize=50311
LAYER=91 / layers=2104450311
LAYER=96 / layers=129  idx=22769 / solSize=50311
LAYER=104 / layers=129  idx=18126 / solSize=503111155031150311
 / solSize=4410590 / solSize=
5031130431 / layers=LAYER=50311

 / solSize= / layers=27003 / layers=50311

LAYER=LAYER=LAYER= / layers= / layers= / solSize=
 / solSize=12499129  idx=48469 / solSize=50311
12912950311
LAYER=42 / layers=50311 / layers=120LAYER=50311LAYER=LAYER=129129  idx=
 / layers=12210296  idx=12944513 / solSize=50311
129LAYER=127 / layers=129  idx=129 / layers=99  idx= / layers=129  idx=22624  idx=  idx=129
 / layers= / layers=129  idx=174932106512910526 / layers=LAYER=1629  idx=129 / solSize= / solSize=LAYER=4363  idx=122 / layers=1296813  idx=50311 / solSize=83 / solSize=50311
19304 / solSize=  idx=5314 / solSize=50311
LAYER= / solSize=50311
5031125389
5792 / solSize=50311
LAYER=87129 / solSize=50311
LAYER=121 / layers=  idx=LAYER= / solSize=LAYER=50311LAYER=59 / layers=129  idx= / layers=26114 / solSize=9950311

  idx=LAYER=102129  idx=29433 / solSize=50311
50311LAYER=28 / layers=129 / layers=129  idx=20953  idx= / layers=12639846 / solSize=LAYER=LAYER=125 / layers=129  idx=3570 / solSize=50311

LAYER=20761
5031145060129101129[MESH] Max bdr attr:  / solSize=LAYER= / solSize=50311
86LAYER=75 / layers=129  idx=33596 / layers= / solSize=50311
LAYER=91 / layers=  idx=6370 / solSize=50311
 / layers=  idx=50311[MESH] Max bdr attr: 503111 / solSize=129  idx=2523129  idx=25204 / solSize=50311LAYER=  idx=97
 / layers=27418126 / solSize=

12955 / layers=12947997

 / solSize=LAYER=50311LAYER=  idx= / layers=150311LAYER=  attr 50311
  idx=19311 / layers=129LAYER=LAYER=89 / layers=129

 / solSize=1 : 76380 / solSize= / solSize=50311
129129  idx=5176 / layers=129  idx=32863 / solSize=50311
 / layers=LAYER=50311  attr  / layers=41175115  idx=22146 / solSize=50311
LAYER=74 / layers=
 / layers=LAYER=1291129  idx=129 / layers=LAYER=63 / layers=LAYER= :   idx=2656 / solSize=50311
50311
LAYER=52 / layers=  idx=  idx=33791120 / solSize=129124 / layers=129  idx=3871 bdr elements

  idx=12932920 / solSize=50311
LAYER=64 / layers=129  idx=LAYER= / solSize=  idx=129LAYER=129380  idx=37887102 / layers=50311 / solSize=  idx=19484LAYER=[BC] ess_tdof_list size = 1222673212628013 / solSize=10342
50311LAYER=102 / layers=129  idx=19039 / solSize=50311
38225 / layers=97 bdr elements
 / solSize= / solSize=129 / layers=129  idx=
 / solSize=  idx=40250311 / layers=50311
LAYER=91 / layers=129  idx=25455 / solSize=50311
LAYER=96 / layers=129  idx=22811 / solSize=50311
  idx=569650311503114251942207[BC] ess_tdof_list size =  / solSize=
LAYER=100 / layers=129  idx=18835LAYER=50311
LAYER= / layers= / solSize= / solSize=40250311 / solSize=81 / solSize=LAYER=124 / layers=
 / solSize=
50311
50311LAYER=103 / layers=129  idx=18336 / solSize=50311
LAYER=50311

LAYER= / layers=5031148 / layers=129LAYER=123 / layers=50311


LAYER=LAYER=129115129  idx=LAYER=129LAYER=LAYER=28122  idx=12920142129  idx=43370 / solSize=50311

 / layers=129  idx=  idx=10886 / layers=129
2708  idx=1291077726LAYER=89 / layers=129  idx=26420 / solSize=50311
LAYER= / layers=4623 / layers=LAYER= / layers=72LAYER=  idx=22302 / layers=129  idx=48205 / solSize=50311 / solSize= / solSize= / solSize= / layers=129  idx=34764  idx= / solSize=LAYER=1225630 / solSize=50311
LAYER=102 / layers=429810550311 / solSize= / solSize=99129 / layers=129  idx=20950 / solSize=50311
LAYER=53 / layers=129  idx=41743 / solSize= / solSize=129  idx=73 / layers=129  idx=17505 / solSize=50311
5031112950311
50311LAYER=102 / layers=129  idx=19386 / solSize=50311
LAYER=128 / layers=129  idx=1444 / solSize=50311
5031150311
5031150311
  idx=15434 / solSize=50311
LAYER=119 / layers=129  idx= / layers=  idx=
LAYER=

LAYER=129LAYER=LAYER=97 / layers=129  idx=21856 / solSize=50311
LAYER=79 / layers=129  idx=31725 / solSize=50311

19122129  idx=34273 / solSize=50311
LAYER=6823117 / layers=  idx=55 / layers=129  idx=41254 / solSize=LAYER=30472LAYER= / solSize=98LAYER=123 / layers=129 / solSize=27981 / solSize=50311
LAYER=59 / layers=129  idx=40036 / solSize=50311
LAYER=80 / layers=129
  idx=7966LAYER= / solSize=5031150311 / layers=  idx=31331 / solSize=8877
5031184 / layers=12950311
129LAYER=
LAYER=86 / layers=129  idx=28127 / solSize=50311
LAYER=87 / layers=129  idx=27679 / solSize=50311
LAYER=107 / layers= / layers=129LAYER=83  idx=

LAYER=LAYER=50311129129 / layers=129  idx=29253  idx= / layers=  idx=LAYER=  idx=
 / solSize=  idx=16080 / solSize=112  idx=129  idx=7521512 / solSize=50311
5102LAYER=79 / layers=129  idx=31658 / solSize=50311
2950550311126LAYER=125 / layers=129  idx=3745 / solSize=50311
32562LAYER=89932282 / solSize= / solSize= / layers=124 / solSize=50311 / layers= / solSize=5667 / layers= / layers=LAYER=503111295031150311129  idx=26877 / solSize=LAYER=129 / layers=

LAYER=78 / layers=129  idx=32154 / solSize=50311
LAYER=80 / layers=129  idx=  idx= / layers=50311 / solSize=103
  idx=30027 / solSize=50311
LAYER=102 / layers=129  idx=31167129LAYER=129
9850311
LAYER=116 / layers=50311 / layers=LAYER=117 / layers=47924129
 / solSize=  idx=26629 / solSize=50311
 / layers=LAYER=98 / layers=129  idx=21382 / solSize=50311
LAYER=
129LAYER=121 / layers=129 / layers=129  idx= / solSize=104  idx=LAYER= / solSize=50311
LAYER=1171939450311 / layers=  idx=262229 / layers=129  idx=47855 / solSize=50311
LAYER=121 / layers=129  idx=6619 / solSize=50311
  idx=50311129120 / layers=129  idx=
18566 / solSize=5031112806
129 / solSize=  idx=33643  idx=9509 / solSize= / solSize=LAYER=
  idx=
12950311
LAYER=101 / layers=129  idx=19609 / solSize=63689696 / solSize= / solSize= / solSize=50311
LAYER=129 / layers=129  idx=289 / solSize=50311
LAYER=10312950311LAYER=66 / layers=129  idx=37166 / solSize=50311
LAYER=21591 / solSize=50311  idx=7220LAYER=5031150311
LAYER=109 / layers= / layers=  idx=129
LAYER= / layers=17765

50311127LAYER=  idx=112113LAYER=1294276
LAYER= / layers=50311LAYER= / solSize= / solSize= / layers=106 / layers=121  idx=9581 / solSize=50311LAYER=69 / layers=129  idx=36087 / solSize=50311
LAYER=26 / layers=
100 / layers=129129129 / layers= / solSize=LAYER=1201115031118389LAYER=  idx=129  idx=12387 / solSize=50311
LAYER=31 / layers=129  idx=47483 / solSize=50311
LAYER=
129
129 / layers= / solSize= / solSize=8012714856 / solSize=50311
LAYER=105 / layers=129  idx=50311 / layers=LAYER=70 / layers=129  idx= / layers=  idx=  idx=  idx=48212 / solSize=50311
LAYER=110 / layers=129  idx=13894 / solSize=50311
LAYER=51 / layers=129  idx=42369 / solSize=50311
LAYER=57 / layers=129  idx=40596 / solSize=50311
LAYER=93 / layers=12950311
LAYER=114 / layers=129129  idx=3546750311  idx=12917524 / layers=  idx=LAYER=1868 / solSize=11710  idx=50311 / solSize=7470
11106 / solSize=50311
LAYER=126129 / solSize=12512550311

50311
LAYER=83 / solSize=16508 / layers=50311  idx= / layers=20060129 / layers=6658 / solSize= / layers=LAYER=50311 / solSize=
129 / solSize=50311
1295031198
LAYER=50311
129LAYER=79 / layers=129  idx=31797 / layers=  idx=LAYER=105 / layers=
  idx=3457 / solSize= / solSize=50311
LAYER=LAYER=129  idx=3322 / solSize=5031131257 / solSize=
129129  idx= / layers=129  idx=17484  idx=50311
127LAYER=62 / layers=LAYER=115 / layers=129  idx=10855 / solSize=
 / solSize=LAYER=  idx=LAYER=2127924261333812912950 / layers=129  idx=42774 / solSize=50311
LAYER=LAYER=103 / layers=129  idx=5031150311
LAYER=113 / layers=129  idx=12301 / solSize=50311
 / solSize=  idx= / solSize=  idx=77 / solSize=5031177  idx= / layers=LAYER=18591632043LAYER=29792 / layers=129
  idx=129  idx=1989 / solSize=50311
56LAYER=12310550311  idx=
 / solSize= / layers=7838597 / layers= / layers=32743
 / solSize= / solSize=LAYER=11850311129LAYER= / layers=50311 / solSize=129 / layers=5031124133 / layers=LAYER=  idx= / solSize=40757 / solSize=129
 / layers=129  idx=8507 / solSize=1295031150311 / solSize=50311
  idx=  idx=50311129LAYER=
6850311
50311
LAYER=105 / layers=
11717488
50  idx=129LAYER=
LAYER=LAYER=88129LAYER=5031131924 / layers=129  idx=42822 / solSize=50311
  idx=LAYER=38342 / solSize=LAYER= / solSize= / layers=  idx=16956 / solSize=98 / solSize=50311
LAYER=40 / layers=129  idx=45445 / solSize=50311
LAYER=126 / layers=129  idx=2492 / layers=50311
 / solSize=LAYER=47 / layers=129  idx=43756 / solSize=50311
 / layers=12950311
LAYER=129
  idx=476092 / layers=129  idx=24718 / solSize=50311
LAYER=124 / layers=129  idx=  idx=LAYER= / solSize=50311 / layers=4331 / solSize=LAYER=349438 / solSize=50311
LAYER=50311  idx=
129503115031112969103 / layers=
101LAYER=32 / layers=129  idx=47263 / solSize=50311
LAYER=72 / layers=32582
 / solSize=50311
  idx=125LAYER=129 / solSize=129
  idx=34702 / solSize=50311
LAYER=LAYER=
 / layers= / layers=129  idx=216763278 / solSize=50311
 / layers=LAYER=16 / layers=129  idx=49507 / solSize=50311
LAYER=99 / layers=129  idx=  idx=LAYER=50311102 / layers=129  idx=19334 / solSize=5031183129  idx= / solSize= / layers=8427074 / solSize=LAYER=36270
LAYER= / layers=129  idx=2067946852129 / layers=50311 / solSize=50311
93LAYER=LAYER=111 / layers=129  idx=  idx=13058 / solSize=50311
LAYER=122LAYER= / solSize=50311 / layers=129  idx=129
LAYER=1874778 / layers=129  idx=12977

24211LAYER=86 / layers=129  idx=28187 / solSize=294897238 / layers=129  idx= / solSize=50311
  idx= / layers=5598129  idx=32124 / solSize=21LAYER= / layers=129  idx=32426 / solSize=50311
LAYER=114 / layers= / layers=45895 / solSize= / solSize=50311
111  idx=36203 / solSize=50311
LAYER=128 / layers=129  idx=900 / solSize=50311
LAYER=120 / layers=129  idx=7035 / solSize=50311
50311129121 / layers=129  idx= / solSize=6950311LAYER=50311
 / layers=LAYER= / solSize= / solSize=6340  idx=11335 / layers=50311129
  idx=LAYER=19882129 / solSize=5031150311 / layers=
6352  idx=  idx=LAYER=118

50311LAYER=84 / layers=129  idx=29128 / solSize=50311
50311 / layers=129  idx=LAYER=129  idx= / layers=129  idx=291903593210 / layers=129  idx=49993 / layers=LAYER=
38443 / solSize=4894586 / solSize=13224100 / layers=129  idx=20433129LAYER= / solSize=LAYER=
 / solSize=50311
LAYER= / solSize= / solSize=50311

 / solSize=50311
LAYER=89 / layers=129  idx=129 / solSize=70255031142052LAYER=104 / layers=129  idx=5031150311 / layers=LAYER=86 / layers=12926623  idx=8292 / solSize= / layers=129  idx= / solSize=  idx=17940
12950311LAYER= / solSize=
5031148491 / solSize=LAYER=  idx=28059 / solSize=50311
128LAYER=105 / layers=129  idx=17343 / solSize=50311
120LAYER=59 / layers=
 / layers=3470550311 / solSize=1225031150311
LAYER=87 / layers=  idx= / layers=50311 / layers=129  idx=6921 / solSize=50311
LAYER=
129 / solSize=
50311129  idx=28196 / solSize=50311
 / solSize=129  idx=787 / solSize=50311
LAYER=
LAYER=LAYER=84 / layers=  idx=35450 / solSize=50311

LAYER=5031127488
50311
1155012995LAYER= / layers=LAYER=75

LAYER= / layers=LAYER=  idx=39923129116LAYER= / solSize=26 / layers=129  idx=33316 / solSize=50311
LAYER=75LAYER=  idx= / solSize=71 / layers=129  idx=35058 / solSize=LAYER=10550311
LAYER=LAYER=LAYER=LAYER= / layers=290485031112912944 / layers= / layers=50311 / layers= / layers=2854129
  idx=67129
 / layers=129 / layers=68536567  idx=107129LAYER=127129  idx= / layers=  idx=129  idx=23352 / solSize=50311
LAYER= / layers= / solSize= / layers=  idx=33569 / solSize=50311
 / layers=47933 / layers= / layers=445679612912917130  idx=12950311
LAYER=129 / solSize=LAYER= / layers= / solSize= / layers=129  idx=22446 / solSize=  idx=  idx=  idx=15887 / solSize=50311
55LAYER=LAYER=12950311
12950311 / solSize=
129503114273548239 / solSize=95 / layers=129  idx= / layers=  idx=106 / layers=129  idx=16709 / solSize=50311
12936769  idx=  idx=50311 / solSize=5031123222129  idx=41320 / solSize=50311
LAYER=54 / layers=  idx=129  idx=
2091 / solSize=  idx=
92 / solSize=50311  idx=41459 / solSize= / solSize=415591073650311 / solSize=36501LAYER= / layers=129  idx=25085 / solSize=50311
LAYER=83 / layers=129  idx=29541 / solSize=50311
 / solSize=50311
50311LAYER=LAYER=5031178 / layers=129  idx=32225 / solSize=50311LAYER=37012LAYER= / solSize=LAYER=111 / layers=129  idx=13534 / solSize=50311
LAYER=76 / layers=129  idx=33063 / solSize= / solSize=123
50311

LAYER=78
 / layers=LAYER=105 / layers= / solSize=5031112850311
LAYER=80 / layers=129  idx=3098050311
LAYER=102 / layers=129  idx=19255 / solSize=50311
LAYER=LAYER=129  idx=169985031150311 / layers=

12912180 / layers=129  idx=31214 / solSize=50311

LAYER= / layers=LAYER=LAYER=LAYER=95 / layers=  idx=

 / solSize= / solSize=123129LAYER=49 / layers=12910117129  idx=LAYER= / layers=LAYER=
  idx=12493 / solSize=121LAYER=58 / layers=129  idx=40273 / solSize=50311
LAYER=42 / layers=1295565LAYER=96 / layers=129  idx=22420 / solSize= / layers=5031150311 / layers=129  idx=50311 / layers=
LAYER=5031132017 / layers=129129
LAYER=116 / layers=129  idx=14801291294312879 / solSize=  idx=129  idx=  idx=5266 / solSize=50311
LAYER=78 / layers=129  idx=32143
  idx=  idx= / solSize=50311
 / layers=2308850311 / layers= / layers=  idx=5253 / solSize=50311
LAYER=123 / layers=6709LAYER=6561 / solSize=50311


LAYER=62 / layers=129  idx=38895 / solSize=10117 / solSize=129129115LAYER=LAYER=3981 / solSize=50311
LAYER=77 / layers=129  idx=12950311
LAYER=125129 / layers=  idx=LAYER=  idx=4733 / solSize=50311
76 / solSize=108 / layers=129  idx=15021 / solSize=5031152 / layers=129  idx=42160 / solSize=32612  idx=41392 / solSize= / solSize=  idx=5031124629 / solSize=LAYER= / layers= / layers=5031150311
 / solSize=LAYER=5031150311
3148011250311  idx=129  idx=33133 / solSize=50311
44968129  idx=
10314LAYER= / solSize=LAYER=
 / solSize=50311
 / layers=61
37818LAYER=50311 / solSize=1215750311

LAYER=LAYER=11536LAYER= / layers= / solSize=129129117 / layers=129  idx=9435 / solSize=50311
LAYER=43 / layers=129  idx=44848 / solSize=50311
LAYER=50311
 / layers=LAYER= / layers=50311 / layers= / layers=13

LAYER=53
 / solSize=  idx=129129  idx=6493 / solSize=50311
LAYER=LAYER=77 / layers=129  idx=118 / solSize=12995 / layers=3271 / solSize=5031150311 / layers=48 / layers=129  idx=43470 / solSize=5031158LAYER=  idx=50311
 / layers=LAYER=  idx=129129129
LAYER=129
 / layers=LAYER=39130  idx= / solSize=  idx=LAYER=  idx=10419129 / layers=  idx=41821324371211263050311
113 / layers=129  idx=1193366 / solSize=50311
LAYER= / solSize=121
  idx=  idx= / solSize=49783LAYER= / solSize=50311 / layers=114 / layers=129  idx=115561298265 / solSize=50311
LAYER=86 / layers=129  idx=28298 / solSize=50311
 / layers=LAYER=4069771 / layers=50311 / layers=129  idx=46375 / solSize=129129  idx=50311129  idx=35037 / solSize=50311129  idx=6213 / solSize=50311
76 / solSize=50311
  idx=  idx= / solSize=40264
 / solSize=50311
LAYER=LAYER=
 / solSize= / solSize=3742450311122
50311LAYER=50311
50311 / solSize=50311LAYER= / layers= / layers=LAYER=129  idx=1115932 / solSize=50311
LAYER=80 / layers=129  idx=31129 / solSize=62
LAYER=114LAYER=
6684
127 / layers=129  idx=1967 / solSize=50311
 / layers=
23365 / layers=LAYER=57 / layers=129
[MESH] Max bdr attr: 129LAYER=LAYER=LAYER=50311 / solSize=LAYER=35 / layers=129  idx=4662391129  idx=38924 / solSize=50311
  idx=LAYER= / solSize=  idx= / layers=97 / layers=129  idx=21897 / solSize=50311
129102
50311
LAYER=116 / layers= / layers=LAYER=40599 / solSize=50311
LAYER=175 / layers=129  idx=3345550311
LAYER=129  idx=92110106LAYER=129  idx=25724 / solSize=50311
119LAYER=89  idx= / layers= / layers=LAYER= / layers=101 / layers=129  idx=19826 / layers= / layers= / solSize= / solSize=11086129  idx=1895513578 / layers=20
LAYER=32891129129129 / solSize= / solSize= / solSize=50311
129 / solSize=  attr 106 / solSize= / layers=45  idx=12750311
LAYER=129  idx=50311 / layers=LAYER=12950311 / layers=129LAYER= / layers=999715031164  idx=  idx=  idx=129  idx=16890 / solSize=50311
LAYER=128 / layers=129  idx=44259 / solSize=96
 : 
 / solSize= / layers=2659924776129  idx=828 / solSize=50311
50311  idx=12950311380LAYER=50 / layers=
1297758  idx=LAYER=50311 / solSize=
 / solSize= bdr elements
50311LAYER=49109 / solSize=1375595

1680550311LAYER=129
  idx=20 / solSize= / solSize= / layers=82LAYER=  idx= / solSize= / layers=LAYER=  idx=LAYER=42929503111294850311[BC] ess_tdof_list size =  / layers=50311129  idx=22483 / solSize=50311 / layers=
LAYER=127 / solSize=LAYER=5031138093
50311
481292111 / layers=129  idx=
40250311
129
LAYER=106 / layers= / solSize=LAYER=
  idx=  idx=129  idx=16343 / solSize=50311
LAYER=
88 / layers=129  idx=26995 / solSize=50311
LAYER=74 / layers=129  idx=33660 / solSize=50311
2344530267
LAYER= / layers=LAYER= / layers=50311 / solSize=58LAYER=LAYER=126 / layers=129  idx=2681 / solSize=50311
76LAYER=LAYER=129 / solSize=50311 / layers=72LAYER=124LAYER=124 / solSize= / layers=129  idx=32887 / solSize=50311
LAYER=20457650311
111
LAYER=105 / layers=129 / layers=129  idx=34669 / solSize=116119 / layers=129  idx=3960 / solSize=50311
LAYER=79129
 / solSize=  idx= / layers= / layers=129  idx= / layers= / layers= / layers=LAYER=43461LAYER=50311  idx=  idx=129129129 / layers=50311109 / solSize=503114034243506 / solSize=50311
112LAYER=119 / layers=23  idx=  idx=129 / layers=129  idx=14611 / solSize=50311

  idx=
17016129129 / layers=11899  idx=7813LAYER=50311  idx= / solSize=  idx=129 / layers=129  idx=21170 / solSize=4291LAYER=13506 / solSize=474914650311
 / layers=LAYER= / layers= / solSize=  idx=50311
94LAYER=129

LAYER=129 / solSize=7772  idx=11112912535  idx=73 / layers=  idx=96511095031150311 / solSize=50311 / layers=31523 / layers=LAYER=48763


129  idx= / solSize=  idx= / solSize=50311
129 / solSize=121 / layers=129  idx=6484 / solSize=50311
 / layers= / solSize=50311
129LAYER=LAYER= / solSize=LAYER=3290450311 / solSize=80 / layers=129  idx=3087650311129LAYER=LAYER=5031164 / layers=129  idx=38140 / solSize= / layers=50311
50311
LAYER=  idx=
LAYER=  idx=
LAYER=23866 / solSize=129  idx=13433 / solSize=8892347057 / layers=129  idx=40678 / solSize=50311
39LAYER=41 / layers=129  idx=45219 / solSize=50311
LAYER=108 / layers= / solSize=3432345LAYER=100 / layers= / solSize=129LAYER=14939 / layers= / solSize=50311
LAYER=LAYER=118 / layers=129  idx=8354 / solSize=50311
LAYER=97 / layers=129  idx=22136 / solSize=50311
LAYER=93 / layers=129  idx=24369 / solSize=50311
LAYER=114 / layers=50311503111299542 / layers=  idx=50311129  idx=46793 / solSize= / layers=12950311

20290 / solSize=50311
11012950311

LAYER=63 / layers=129  idx=38511 / solSize=50311
LAYER=119 / layers=129
12950311 / layers=LAYER=LAYER=95 / layers=129  idx=  idx= / layers=  idx=LAYER=
  idx=
LAYER=128 / layers=129  idx=1050 / solSize=62 / layers=129  idx=38862 / solSize=50311
 / solSize=LAYER= / layers=129  idx=23517 / solSize=50311
LAYER=109 / solSize=8004 / solSize=50311
LAYER=  idx=LAYER=4212944153503112314650311
LAYER=108 / layers=12950311
 / layers=LAYER=109 / layers=129  idx=14825 / solSize=8943672LAYER=LAYER=90
 / solSize=  idx=129  idx= / solSize=50311
LAYER=72 / layers=129  idx=34825 / layers=46 / solSize=111 / layers=7150311LAYER= / layers=50311
LAYER=11 / layers=129  idx=49954 / solSize=50311
LAYER=851294580815020 / solSize=50311
LAYER=65 / layers=129  idx=37767 / solSize=50311
LAYER=14418129  idx= / layers=129  idx=13428 / solSize=50311
24  idx=  idx=129  idx=35606 / solSize=50311
LAYER=77 / layers=129  idx=32737 / solSize=121 / layers=  idx=129  idx=6295 / solSize=50311
LAYER=106 / layers=129  idx=16663 / solSize=50311
LAYER=125 / layers=
14326 / solSize=50311
 / layers=50311 / layers= / layers=50311 / solSize= / solSize=LAYER=129  idx=3530 / solSize=50311
LAYER=113 / layers=129  idx=12139 / solSize=50311129LAYER=15262LAYER= / layers= / solSize=129  idx=48517 / solSize=50311
LAYER=67 / layers=129  idx=50311
  idx=80
4491811481 / solSize=

 / layers=LAYER= / layers=105 / solSize=50311
LAYER=5031175LAYER=  idx=LAYER=129LAYER=129  idx=31008 / solSize=50311
LAYER=55 / layers=129  idx=41133 / solSize=50311
 / solSize=LAYER=5031126510 / layers=12926074129129  idx=35359 / solSize= / layers=115  idx=
5031145063124  idx=5728740 / solSize=50311
LAYER=83 / layers=129  idx=29866 / solSize=50311
LAYER=8250311
503113327858
 / solSize= / solSize= / layers=91 / layers=129  idx=30352 / solSize=50311
LAYER= / layers=
 / solSize=50311
 / layers=  idx=1292050311
LAYER=88 / layers=129  idx=27101 / solSize=50311
LAYER=95 / layers=129  idx=23008 / solSize= / layers=129124129  idx=10382 / solSize=50311
LAYER=126 / layers= / layers=129LAYER=
  idx=17369 / solSize=50311
LAYER=105 / layers=129  idx=17131 / solSize=50311 / layers=
  idx=LAYER= / layers=129129125 / layers=129  idx=3464 / solSize=50311
50311LAYER=129LAYER=121 / solSize=LAYER=120 / layers=129LAYER=LAYER=  idx=40380127
  idx= / layers=LAYER=12950311[MESH] Max bdr attr: 129  idx=6963 / solSize=50311
LAYER=104 / layers=129  idx=17667 / solSize=80 / layers=  idx=44012 / solSize=50311 / solSize=LAYER=49051 / solSize=129  idx=  idx=4213 / solSize=
129LAYER=107 / layers=129  idx=16255 / solSize=50311
40688LAYER=59 / layers=129  idx=39739 / solSize=50311
LAYER=50311120129
  idx=3993  idx=19645950311370165031150311  idx=25466 / solSize=50311 / solSize=50311
55
 / layers= / layers= / layers= / solSize= / solSize=


LAYER=86 / layers=129  idx=28169 / solSize=50311
LAYER=120LAYER=
  idx=129LAYER=234050311
LAYER=82 / layers=105LAYER= / layers=6012631035 / solSize=50311
LAYER=  idx=117 / layers=1 / layers=129  idx=LAYER=LAYER=1291291291297065129 / layers=
12366  idx= / layers=  idx=5031117506111 / layers= / solSize=LAYER=50311 / layers=129  idx=2877 / solSize=  idx= / solSize=49193129  idx=39541 / solSize=50311
50311  idx=  attr 85 / layers=129  idx=28554
LAYER=95 / layers=129  idx=23454 / solSize=50311
50311129  idx=37266 / solSize=50311
LAYER=50 / layers=129  idx=428084110850311
LAYER=90 / layers=129  idx=26047 / solSize=50311
129 / solSize=50311
LAYER=
1 / layers= / solSize=LAYER= / solSize= / solSize=50311
 / layers= / solSize=50311
LAYER=LAYER=  idx=972188LAYER= / solSize=LAYER=99 / layers=  idx=871295031175 / layers=12992
 / solSize=50311
109
5031150311
 / layers=LAYER=1297093 / solSize=50311
LAYER=
LAYER=84 / layers=129  idx=29353 : 81 / layers=129LAYER=30255LAYER=LAYER= / solSize=380 bdr elements
 / layers=129  idx= / layers=38 / layers=129  idx=45932 / solSize=50311 / solSize=12932 / layers=129  idx=47185 / solSize=50311
98128  idx= / layers=8971129  idx=30438 / solSize=50311
20861 / solSize=129  idx=22228 / solSize=50311
LAYER=124 / layers=129  idx=4397  idx=33508 / solSize=50311
LAYER=50311 / layers=129 / solSize=LAYER=50311

  idx=LAYER= / solSize=  idx=77 / layers=129  idx= / layers=  idx=12950311503111308250LAYER=LAYER=
5281[BC] ess_tdof_list size = 129  idx=838 / solSize=50311  idx=
LAYER= / solSize=50311
24709LAYER=76 / layers=129  idx=32950 / solSize=50311
95 / layers=129  idx=LAYER=89LAYER=121 / layers=129  idx=62101LAYER=27647
 / layers=  idx=21369 / solSize=14433 / solSize=50311
231846364 / layers=129  idx=26309 / layers=10140222 / layers=129 / solSize=88
 / solSize=
 / solSize= / solSize=129  idx=19757 / solSize=50311
LAYER= / layers=
LAYER= / layers=LAYER=12950311LAYER=103 / layers=129 / layers=129  idx=27015 / solSize=50311
50311LAYER=5031132470  idx=98129129
 / solSize=99

  idx=50311 / solSize=5031193LAYER=50311 / solSize=50311LAYER=LAYER=LAYER=53 / layers=
LAYER=36 / layers=129  idx=46315 / solSize=  idx=48846  idx= / layers=129  idx=24252 / solSize=50311
LAYER=88
50311
LAYER=50311100 / layers=
 / solSize=116 / layers=
LAYER=LAYER=5150311  idx= / layers=129  idx=20409 / solSize= / layers=LAYER=41129LAYER=1291944438924 / solSize=503111827912950311103 / layers=129  idx=18347
 / layers=129  idx=45323 / solSize=50311
LAYER=51 / layers=  idx=4268150311
 / solSize=50311 / solSize=76 / solSize=LAYER=20984 / layers=129  idx=42470 / solSize=50311
LAYER=98 / layers=LAYER=  idx=50311
106LAYER=114 / layers=129  idx=10995 / solSize=5031150311129 / layers= / solSize= / solSize=
1299221582
44  idx=129  idx=32780 / solSize=50311
107
129LAYER=50311117 / layers= / layers= / layers=129  idx=44415 / solSize=50311
  idx=66
LAYER=106 / layers= / layers=129  idx=16539 / solSize=50311
129LAYER= / layers=  idx=129  idx=24795 / solSize=50311
LAYER=121 / layers=  idx=
LAYER=LAYER=
129LAYER= / layers=12927087129  idx=644050311 / solSize=LAYER=63 / layers=129  idx=  idx=21671LAYER=
LAYER=123 / layers=129  idx=5039 / solSize=50311
  idx=9250311129  idx=9437 / solSize=50311
88LAYER=115LAYER= / layers=129  idx=127 / solSize= / solSize=5031116566 / layers=15653
 / layers=1294265141819 / layers=50311
LAYER=18 / layers=129  idx=49358 / solSize=31 / solSize=
  idx=LAYER= / solSize=3705210770129 / layers=50311 / solSize= / solSize= / solSize=  idx=50311  idx=1299752 / solSize=50311
24804 / solSize=
LAYER=
27186 / solSize=50311
129124503111008150311
  idx=LAYER= / layers=129LAYER=LAYER=73 / layers=129  idx=34178 / solSize=50311
LAYER=  idx=741661

LAYER= / layers=129  idx=5031138282114 / layers=129  idx=LAYER=11307 / solSize=126 / layers=129  idx=2982 / solSize=50311
50311LAYER= / solSize= / layers=50311
LAYER=4405
 / solSize= / solSize=LAYER= / solSize=105124129  idx= / layers= / layers= / solSize=50311
1050311LAYER=50311LAYER=129 / layers=503113367650311129  idx=LAYER=LAYER=
7 / layers=
120117 / layers=129  idx=9244 / solSize=50311
304284878 / layers=129  idx=31848 / solSize=50311
LAYER=92 / layers=129  idx=25047 / solSize= / layers=5031126 / layers=  idx= / layers=LAYER=
58 / layers=
 / solSize= / solSize= / layers=129
LAYER=93 / layers=129  idx=24093 / solSize=50311
LAYER=46 / layers=LAYER= / layers=57129  idx=6881 / solSize=LAYER=47469 / solSize=50311
 / layers=1291295031150311
129 / layers=LAYER=  idx=  idx=129  idx=50039 / solSize=50311
LAYER=46 / layers=129  idx=4396450311
129129LAYER=27  idx=129129  idx=48209 / solSize=50311
LAYER=129LAYER=
1297950311 / layers=  idx=285 / solSize=LAYER=46 / layers=129  idx=44059 / solSize=  idx=LAYER=  idx=LAYER=40172129  idx=20577 / solSize=50311
170055031136 / solSize=12312899 / layers=  idx=409648167LAYER=  idx=
 / layers= / layers=129  idx=46417 / solSize=50311
4353378  idx= / layers=129  idx=850 / solSize=50311
LAYER=67 / layers=12940540 / solSize=76
50311LAYER=
1295014750311 / solSize=50311
44066129  idx=60
 / layers=  idx=31793LAYER=114 / layers=129  idx=11018 / solSize=50311
LAYER=91 / layers=50311 / solSize=50311
LAYER=
LAYER= / solSize=50311
LAYER= / layers= / solSize=36661LAYER=129 / solSize=
LAYER=129  idx=25670105 / layers=129  idx=17058 / solSize=50311
LAYER=35  idx=109 / layers=129129  idx=1459650311 / solSize= / layers=43 / layers=104LAYER=124 / layers=129  idx=4216 / solSize=50311
LAYER=127 / layers=129  idx=2205 / solSize=50311
LAYER=125 / layers=129  idx= / layers=21139 / solSize=50311
  idx=5267 / solSize=50311
LAYER= / solSize= / layers=50311
50311 / layers=129  idx=17654 / solSize=129LAYER= / solSize= / solSize=3799 / solSize=50311
129LAYER=
12985129 / solSize=  idx=50311LAYER=128104LAYER=  idx=32859  idx=39553 / solSize=50311
LAYER=  idx=46579 / solSize=50311
LAYER=
LAYER=96 / layers=129  idx=32007 / layers= / layers=53128
50311120  idx=85109129 / solSize=129 / layers= / layers=LAYER=LAYER=44716 / layers=  idx= / solSize=50311
129  idx=28391 / solSize=  idx= / solSize=22561129  idx=1360 / solSize=50311
11350311102 / layers=129  idx= / layers=1425
 / solSize=50311
LAYER=14 / layers=129  idx=LAYER=50311 / solSize= / layers=1295031149695LAYER=5031150311 / layers=
 / solSize=180425031119203
12950311
10 / layers=129  idx=50037 / solSize=50311
LAYER=129  idx=14886 / solSize=LAYER=129 / solSize=50311
LAYER=46 / layers= / solSize= / layers=LAYER= / solSize=  idx=11921 / solSize=50311
LAYER=52 / layers=129  idx=42171
LAYER=
LAYER=85 / layers=12950311
  idx=  idx=
50311821291175031197 / layers= / solSize=LAYER=42 / layers=129
LAYER=728441730
 / solSize=50311
 / layers= / layers=LAYER=LAYER=12950311LAYER=50311  idx=  idx= / solSize=LAYER=51 / layers=  idx=126129126 / layers=129  idx=  idx=


2887045087 / solSize=50311
LAYER=50311
LAYER=129 / layers=129  idx=  idx=304044071 / solSize=39503112892LAYER=76 / layers=129  idx=98LAYER= / solSize=129120  idx= / solSize=9822347
12987LAYER= / layers=129  idx=21556 / solSize=50311
28553LAYER=50311  idx=
2995064 / layers=9 / layers=129  idx=21499 / solSize=50311
LAYER=85 / layers=LAYER= / solSize= / solSize=LAYER=42415 / solSize= / layers= / layers=1232787503112477 / layers= / solSize=129  idx=32661 / solSize=50311
LAYER=1 / layers=129  idx=50304 / solSize=50311
50311  idx= / layers=129LAYER= / layers=129  idx=4988850311 / solSize=5031150311 / layers= / solSize=
129  idx=27531 / solSize=50311
129LAYER= / solSize=7178129129
LAYER=12950311LAYER=
50311

 / layers=111LAYER=8974LAYER=  idx=45844 / solSize=50311
LAYER=  idx=
44LAYER=126
LAYER=125 / layers=129  idx=3772 / solSize=  idx= / layers=129LAYER=64 / layers=129  idx=38100 / solSize=50311
LAYER=109 / layers=129  idx=14574 / solSize=50311
LAYER=10850311 / layers=129  idx=15304 / solSize= / solSize=50311
 / layers=108 / layers=129 / layers=129  idx=2773 / solSize=50311
LAYER=LAYER=38007  idx=35041 / solSize=50311
 / layers=9010950311
11048562129 / layers=129  idx=15507 / solSize=50311
  idx=  idx=5031183 / layers=129  idx=LAYER= / solSize=50311
129
 / layers= / layers=LAYER=  idx=32159 / solSize=50311
2886310342 / layers=129  idx=45021 / solSize=  idx=LAYER=LAYER=81 / layers=129  idx=30585 / solSize=50311
LAYER= / solSize=129  idx=26128LAYER=
129  idx=14228 / solSize=50311
LAYER=29676 / layers=129  idx=18417 / solSize=50311
LAYER=LAYER=115 / layers=129  idx=LAYER=118 / layers=129  idx=8845 / solSize=50311
LAYER=80 / layers=129  idx=31022 / solSize=50311
LAYER= / solSize=503111343957 / solSize= / layers=  idx=10640605250311 / layers=108 / layers=129  idx=15373 / solSize=50311
LAYER=105 / solSize=50311

LAYER=65 / layers=129  idx=129LAYER=107LAYER= / layers= / layers=50311129  idx=14661 / solSize=50311
1295031137526  idx=76 / layers=129  idx=3277444543 / layers=102706161 / layers=129
LAYER=LAYER=102 / layers=
 / layers=50061 / solSize=129 / solSize= / solSize=50311
LAYER=80 / solSize=128LAYER= / solSize= / layers=50311129129  idx=129  idx= / solSize=LAYER= / layers=5031112912950311  idx=16027 / solSize=50311
  idx=42243LAYER=40688
129  idx=31255 / solSize=50311
50311LAYER=120 / layers=129  idx=  idx=
26  idx=17475 / solSize=50311
121LAYER=115 / layers=129  idx=10465 / solSize= / solSize=84 / solSize=LAYER= / solSize=394163902750311

  idx= / layers=129  idx=290591904159LAYER=
50311
LAYER=12 / solSize=50311LAYER=
 / solSize=50311
 / solSize=50311 / solSize=10 / layers=LAYER= / layers=  idx= / layers=129  idx=49897 / solSize=50311
LAYER=55 / layers=
12950311LAYER= / layers=LAYER=20 / layers=129  idx=49082 / solSize=50311503115031161129LAYER=LAYER=  idx=18813
82 / layers=129  idx=48331 / solSize=50311
50311LAYER=


 / layers=106 / layers=740941275 / layers=12992 / layers=  idx=LAYER=LAYER=
 / layers= / solSize=114 / solSize=129  idx=38979 / solSize=50311
LAYER=78 / layers=129  idx=12912912939762 / solSize=50311
120
129129LAYER=31850 / solSize=50311
  idx=  idx=30  idx=29958 / solSize=50311
LAYER=106 / layers=129  idx=16809 / solSize=50311
LAYER=LAYER= / layers=129  idx=6762 / solSize=50311
128 / solSize=  idx=1010 / solSize=50311
LAYER=114 / layers=129  idx=11624 / solSize=50311
113LAYER=LAYER=  idx=LAYER=5031124911 / layers=129  idx=47627 / solSize=50311
LAYER=111 / layers=129  idx=13316 / solSize=50311
LAYER= / layers=LAYER=  idx=6168122 / layers=129  idx=4998421LAYER=5031110850311129  idx=133239166405491 / solSize= / layers=60 / solSize=58 / layers=18 / layers= / solSize= / layers= / solSize=50311
 / solSize=
 / layers=50311
 / layers=8550311
LAYER=118 / layers=129  idx=50311LAYER= / layers= / layers=100129LAYER=109 / layers=LAYER=8865 / solSize=50311

50311129
LAYER=121 / layers=129  idx=6211123129129  idx=11213 / solSize=50311 / solSize=  idx=15083 / solSize=12947 / layers=129  idx=129LAYER=  idx=11947 / solSize=50311129 / solSize=50311
 / layers=
  idx=39554 / solSize=50311
LAYER=5031143563LAYER= / layers=

LAYER=129LAYER=LAYER=106 / layers=
101 / layers=129  idx=19405 / solSize=50311
LAYER=  idx= / layers=129  idx=28687 / solSize=50311
LAYER=LAYER=50311  idx=  idx=20332125  idx=125 / layers=1294576666129
129124
129LAYER=  idx=92 / layers=129  idx=37293 / solSize=50311
LAYER=LAYER=LAYER=129 / layers=129  idx=604 / solSize=503114938947LAYER=10940144 / solSize= / solSize=3725 / solSize=50311
  idx=LAYER=124 / layers=129  idx=3988 / solSize=50311
  idx=126110129  idx= / solSize=503111245031148983 / layers= / layers= / solSize= / layers= / layers= / layers=LAYER= / layers= / layers=
 / solSize=50311
129  idx=4036129  idx=108129  idx=2548 / solSize=50311
LAYER=35 / layers=1291291291291645812914921LAYER=57 / layers=129  idx=40561 / solSize=LAYER= / solSize=50311
2510350311 / solSize=50311
LAYER=10 / layers=129  idx=49991 / solSize=50311
LAYER=50 / layers=129  idx=503114292850311LAYER=
 / layers=  idx=
 / solSize=LAYER=85 / layers=129  idx=28801115  idx=129LAYER=  idx=46602 / solSize=  idx= / solSize=  idx= / solSize= / layers=  idx=  idx=48901183097 / solSize=5031150311
96
152034415 / solSize=50311
12943615 / solSize= / layers=

LAYER= / layers=129  idx=22923 / solSize=50311
10214417 / solSize=
 / solSize=50311
 / solSize=  idx=13850 / solSize= / layers=50311 / solSize=LAYER=LAYER=95 / layers=11 / layers=50311LAYER=LAYER=71 / layers=503111295031112950311
5031150311LAYER= / layers=129  idx=
129129
  idx=
97 / solSize=LAYER=
49957  idx=  idx=10842  idx=LAYER= / layers=129  idx=5031122081 / solSize=LAYER=LAYER=1298512 / solSize= / solSize=35089 / solSize=50311LAYER=
69 / layers=

LAYER=74 / layers=129  idx=33937 / solSize=8210467 / layers=101LAYER=LAYER=5031150311
 / solSize= / layers=129  idx=30036 / solSize=50311
LAYER=129503117450311129 / layers=129129  idx=20005 / solSize=50311
18797LAYER=
118 / layers=129  idx=871550311  idx=50311
 / layers=
 / layers=LAYER=LAYER= / solSize=LAYER=LAYER=48 / layers=129  idx=43416 / solSize=5031123517
LAYER=
LAYER=113 / layers=129  idx=
LAYER=1259650311
79  idx=
LAYER=109 / layers=129  idx=14454 / solSize=50311
LAYER=70 / layers=106LAYER=98129 / solSize=129 / layers=12334118 / layers=114  idx= / layers=129  idx=LAYER=21221 / solSize=  idx=  idx=36773 / solSize= / solSize=129  idx=301 / solSize=50311
 / layers= / layers=129  idx=LAYER=8419 / solSize= / layers= / layers=50311359665031134041 / solSize=50311
50311129125 / solSize=11950311129  idx=16334 / solSize=50311 / layers=129125 / solSize=LAYER=129LAYER=
 / layers=

17649435031139  idx= / layers=
  idx=LAYER=50311129LAYER= / solSize=50311 / layers=50311129LAYER=113
  idx=103 / layers=129  idx=18638 / solSize=50311


 / layers=LAYER=
 / layers=  idx=12960 / layers=129  idx=39348 / solSize=50311
  idx=LAYER=35676LAYER=65 / layers=129
LAYER=11196  idx=LAYER=51 / layers=108129 / solSize=50311
LAYER=129  idx=37662 / solSize=31463  idx= / solSize=LAYER=127 / layers=1191293265 / layers=129225437935 / solSize=50311
1115031150311
LAYER=3346LAYER= / solSize=  idx=50311 / solSize=  idx=
88 / layers= / layers= / solSize=78 / layers=11865129129LAYER=45805 / solSize= / layers= / layers=129 / layers=  idx=3602  idx=  idx=LAYER=5031150311129503111291291291957 / solSize=50311
LAYER=125 / layers=129  idx=3325 / solSize=50311
 / layers=  idx= / solSize=15123128
129
LAYER=126 / layers=  idx= / solSize=  idx=42365 / solSize=50311
4464912950311129
LAYER=  idx=LAYER=  idx=LAYER=126
LAYER=89 / layers=129  idx=26496LAYER= / layers=LAYER=8071 / solSize=129 / solSize= / layers=129  idx=50311120 / solSize=50311
LAYER=50 / layers=129  idx=42803123 / layers=464394939 / layers=129  idx=  idx=116329950311
2463
  idx= / solSize=50311
129LAYER=79 / layers=129  idx=31603 / solSize= / solSize=13536 / solSize= / layers=129  idx=10174 / solSize=50311
LAYER=124 / layers=129  idx=LAYER= / solSize=50311
LAYER= / layers=129LAYER=32119 / layers=47081 / solSize=50311
79129  idx=2719850311  idx=12950311 / solSize=LAYER=74 / layers=129 / layers=91  idx= / solSize=
855 / solSize=503114278


 / solSize=129  idx=31737 / solSize=50311
LAYER=92 / layers=129  idx=24865487350311  idx=50311116LAYER=106 / layers=129  idx=16881 / solSize=50311
LAYER=68 / layers=129  idx=45684  idx=LAYER=50311 / solSize=
  idx= / solSize= / layers=6811 / solSize=50311
 / solSize=50311 / solSize=42 / layers=129  idx=44898 / solSize=50311
LAYER=36601  idx=50311

LAYER= / solSize=34057 / solSize=50311
LAYER=
50311
LAYER=72 / layers=129  idx=50311LAYER=
50311
LAYER=LAYER=5031144078LAYER=LAYER=50311
345961294056 / layers=129  idx=41003 / solSize=50311
59LAYER=2453
51 / solSize=50311
8819 / layers=129  idx=LAYER=
LAYER=  idx=25677 / solSize=50311
LAYER=121 / layers= / layers=73 / solSize=10451 / layers=129LAYER=87 / layers= / layers= / layers=67129  idx= / solSize= / layers= / layers= / layers=69129LAYER=LAYER= / solSize=129  idx=26923 / solSize=LAYER= / layers=50311
12950311129  idx=129123 / layers=129  idx=4827  idx=12950311107 / layers=129  idx=16271 / solSize=50311
 / layers=LAYER=  idx=  idx=27537 / solSize=42569  idx=39762  idx=
6414LAYER=129129  idx=LAYER= / layers=102 / solSize=45479 / solSize=9851 / solSize=
LAYER= / solSize=5031188 / layers=129  idx=  idx=92 / layers=12950311
 / solSize=LAYER=82 / layers=129  idx=LAYER=114 / layers=129  idx=11573 / solSize=50311

 / solSize=17890 / layers=2250311
LAYER=37302304257548LAYER=LAYER=90 / layers=129  idx=26126 / solSize=50311
50311 / solSize=12950311 / layers=129  idx=25160 / solSize=50311
LAYER=30 / layers=129  idx=47683 / solSize=50311
LAYER=1549207 / layers=129  idx=49675 / solSize= / solSize=50311
LAYER=122 / layers=129  idx=5915 / solSize=50311
2713736735
LAYER=LAYER=95 / layers=12950311  idx=  idx=34135503115031150311 / solSize=
LAYER=74 / layers=129  idx=12934091 / solSize=50311
LAYER=83 / layers=129  idx=29743 / solSize=50311
LAYER=3 / layers=129  idx=50285 / solSize=50311
LAYER=126 / layers=129  idx=2562 / solSize=50311
LAYER=129 / layers=129  idx=662 / solSize= / solSize= / solSize=


LAYER=50311  idx=19060 / solSize=503115031150311
LAYER=105 / layers=129  idx=17505 / solSize=50311
35862
LAYER= / solSize=50311LAYER= / solSize=  idx= / layers=
50311

LAYER=129 / layers=129LAYER=LAYER= / solSize=LAYER=5031110450311
12950311
8973819910 / layers=
LAYER=23413  idx=48793 / solSize= / layers=LAYER= / layers=
8888 / layers=LAYER=16 / layers=42129LAYER=LAYER=12912912950311 / layers= / layers=129 / layers= / layers=  idx=51 / layers=129  idx=8629  idx=  idx=129  idx=26534 / solSize=50311
129  idx= / solSize=129
  idx= / layers= / layers=LAYER= / layers=
 / layers=  idx=27038 / solSize=129LAYER=  idx=129129  idx=30722 / solSize=34359LAYER=129  idx=47770 / solSize=50311
503115031142557  idx=44953 / solSize=50311
LAYER=4328850311
LAYER=129  idx= / solSize=91

LAYER=118 / layers=129  idx=8800 / solSize=50311
1792111612999LAYER= / solSize=503117826961  idx=50001 / solSize=50311
LAYER=58 / layers=129  idx=40235462427057 / solSize= / layers=20949
LAYER= / layers=  idx= / layers= / solSize=LAYER= / solSize=50311
 / layers=50311129 / layers= / solSize=93 / layers=129  idx=24087LAYER=49536 / solSize=129  idx=25553 / solSize=50311
5031178 / solSize=LAYER=  idx=12950311116 / layers=129  idx=50311
5031184 / layers=129  idx=28988
3620856  idx=10105 / solSize=50311
12928195 / solSize=50311
  idx=129 / solSize= / solSize= / layers= / solSize=
LAYER= / solSize=  idx=LAYER=10188LAYER=32082 / solSize=50311
LAYER=46 / layers=129  idx=44067 / solSize=50311
50311LAYER=LAYER=  idx=50311LAYER=
LAYER=69 / layers=129  idx=3621610973 / layers=129  idx=34502 / solSize=5031187 / layers= / layers=
1295031135571 / solSize=50311

122 / layers=129  idx=574250311LAYER=
11950311129  idx=27645 / solSize=50311
LAYER=58 / layers=129  idx=40067 / solSize=129LAYER=LAYER=108 / layers= / solSize=50311
LAYER=120 / layers= / layers=LAYER=
 / solSize=  idx=
129 / layers=LAYER=

76 / layers=129  idx=54124LAYER=84 / layers=129  idx=29134 / solSize=LAYER= / solSize=50311129  idx=1521312954 / layers=129  idx=41637 / solSize=129  idx=3221350311124 / layers=129  idx=4023LAYER= / solSize=LAYER=50311
122LAYER=25 / layers=129  idx=48468 / solSize= / layers=LAYER= / solSize=7596  idx=46475503111051299950311
LAYER= / solSize= / solSize=7110 / solSize= / layers=50311 / layers=
 / layers=129  idx=17009 / solSize=5031150311  idx=50311
 / solSize=50311
 / solSize=  idx=50311
 / layers=LAYER=
8514736LAYER=50311129
1294213LAYER=
129LAYER=87 / layers=129  idx=43  idx= / layers=129  idx=28657 / solSize=50311
LAYER=83 / layers=129  idx=70
  idx=82LAYER=121 / layers=129  idx=6271 / solSize=50311503115031127389 / solSize=32999 / solSize=LAYER= / layers=41689 / layers=129

LAYER=104 / layers=129  idx=17606 / solSize=50311
LAYER=69 / layers=129  idx=36046 / solSize=50311
 / solSize=LAYER=50311 / solSize=50311112109  idx= / solSize=50311
  idx=LAYER=119 / layers=129  idx=7599 / solSize=50311
LAYER=65 / layers=129  idx=37713 / solSize=50311  idx=1025031129463LAYER=50311
LAYER=45 / layers=129  idx=5366


LAYER=129 / layers=129  idx=440 / solSize=50311
LAYER=32 / layers=129  idx=47242 / solSize=50311
LAYER=101 / layers=129  idx=19774 / solSize=50311
LAYER=68 / layers=129  idx=36365 / solSize=50311
LAYER=53 / layers=129  idx=41927 / solSize=50311
LAYER=123 / layers=129  idx=5046 / solSize=50311
LAYER=69 / layers=129  idx=35899 / solSize=50311
LAYER=LAYER=8695 / layers=129  idx=23509 / solSize=50311
 / layers=129  idx=28086LAYER= / solSize=50311
LAYER=89 / layers=129  idx=8526658 / layers=29920129123
  idx= / solSize=50311
 / layers= / layers=LAYER=54 / layers= / layers=2105928421 / solSize=50311
LAYER=119 / layers=129  idx=7478 / solSize=129 / solSize=129129  idx=44221 / solSize=50311

LAYER=12636LAYER=  idx=12912950311
  idx=41592 / solSize=50311
LAYER=92 / layers=129  idx=24907 / solSize=50311
LAYER=23 / layers=129  idx=48727 / solSize=50311
 / solSize=LAYER= / solSize=122
 / solSize=50311 / layers=495266 / layers=LAYER=LAYER=5031195 / layers=129  idx=233425031150311
LAYER=129
 / solSize=  idx=129  idx=22
LAYER= / layers=55LAYER=
 / layers=LAYER=LAYER=  idx= / layers=11665 / layers=129  idx=37641 / solSize=50311  idx=5938 / solSize=19000LAYER=
 / layers=
LAYER=81 / layers=129  idx=LAYER=503117650311 / solSize=100 / layers=129  idx=129LAYER=129354151486330782 / solSize=50311
LAYER=73 / layers=129  idx=127 / layers=129
 / layers=4479820494  idx=50311128 / solSize= / layers=34198 / solSize=50311
 / layers=
129  idx=12946041LAYER=55 / layers=129  idx= / solSize= / solSize= / solSize= / layers= / solSize=50311
LAYER=123 / layers=129  idx=4802 / solSize=129LAYER=129 / layers=129  idx=613 / solSize=50311
129 / layers=LAYER=503115031148884
LAYER=87
5031150311
4133750311  idx=LAYER=  idx=93 / layers= / solSize=LAYER= / solSize=
LAYER=120 / layers=129  idx=129
LAYER=40 / layers=129  idx=45475 / solSize=  idx=5962  idx=  idx= / layers=129  idx=24225 / solSize=50311
LAYER=121129  idx=27441 / solSize=50311
LAYER=99732750311
LAYER=
109 / layers=129  idx=14360 / solSize=50311
129LAYER=12984LAYER=32804 / solSize= / solSize=50311
LAYER=72 / layers=129  idx=345849654 / layers= / solSize=118  idx=41378 / solSize=50311
LAYER=72 / layers=50311
 / solSize= / solSize=1853  idx=  idx=LAYER= / layers=50311 / layers=121LAYER=72 / layers=129  idx=34589 / solSize=50311
LAYER=71 / layers=129  idx=35014 / solSize=50311
50311110 / solSize= / solSize=503111146119129  idx=8771 / solSize=50311

39721129  idx=6718 / solSize=50311 / layers=50311
5031112943004LAYER=
LAYER=101 / layers=129  idx=19870 / solSize=50311 / solSize=50311
LAYER=LAYER= / solSize=50311 / layers= / layers=
LAYER=129  idx=34931 / solSize=50311
 / solSize=119LAYER=
10450311129
LAYER=  idx=
LAYER= / layers=129 / layers=129

LAYER=LAYER=12950311LAYER=7484LAYER= / layers=9320680  idx=13789 / solSize=50311
129 / layers=129  idx=90 / solSize=50311
7593 / layers=129 / solSize=50311
LAYER=  idx= / layers=LAYER=  idx=8040116LAYER= / layers=73129 / layers=98LAYER=  idx=29104129 / solSize= / layers= / layers=  idx=  idx=110 / layers=129  idx=6578 / solSize=50311

  idx=17570 / solSize=50311
 / layers=50311
129LAYER=128 / layers=816150311115129 / solSize=50311
LAYER=82 / layers=129129LAYER=64 / layers=129  idx=37895 / solSize=50311
LAYER=107 / layers=129  idx=129  idx=9865 / solSize=50311
LAYER=129 / layers= / solSize=
 / layers=LAYER=  idx=11616001 / solSize=50311
LAYER=109 / layers=14183  idx=33462 / solSize=50311
LAYER=90 / layers=129  idx=25896129129LAYER=  idx=50311
LAYER=104 / layers=129  idx=17762 / solSize=50311
LAYER=84 / layers=129  idx=29028 / solSize=50311
LAYER=241848630253 / solSize=50311
 / solSize=LAYER=129 / solSize=  idx=  idx=113514  idx=LAYER=80 / layers=129  idx= / solSize=33920 / solSize= / layers= / layers=129  idx=27934 / solSize=50311
LAYER=110 / layers=12964 / layers=129LAYER=  idx=14936 / solSize= / solSize=50311 / layers=5031150311129
  idx=109  idx=113 / layers=  idx=
LAYER=10250311
LAYER=22 / layers=129  idx=48909 / solSize=129
  idx=503113095210978 / solSize=50311
LAYER= / layers=37941 / solSize=50311
503111299712950311
LAYER=125 / layers=12910073 / solSize=50311
LAYER=65 / layers=129  idx=
37548 / solSize=1299LAYER=129 / layers=  idx=89  idx=LAYER= / solSize=24240  idx= / layers=129  idx=50060 / solSize=50311
LAYER=  idx=LAYER= / layers=129  idx=2163734317319481
LAYER=29001 / solSize=50311
96129  idx=1224514595 / solSize=50311
50311LAYER= / solSize= / layers=76 / layers=LAYER=  idx= / layers=19170 / solSize=5031150311LAYER=62 / solSize=129  idx=30696 / solSize=50311
LAYER=129129 / solSize=
  idx=
27 / layers= / solSize= / layers= / solSize=  idx=4971622253LAYER=50311 / layers=129  idx=38621 / solSize=50311
5031150311
LAYER=90 / layers=129  idx=25820 / solSize=50311
LAYER=26305  idx= / solSize=90 / solSize=142875031110771
LAYER=53 / layers=129  idx=48164 / solSize=50311
LAYER=116
61 / layers=129 / solSize=5031112384
LAYER= / layers= / solSize=50311

LAYER=124 / layers=129  idx=4465 / solSize=LAYER= / layers=129  idx=969612950311LAYER=  idx= / layers=12950311 / layers= / layers=116129LAYER= / layers=LAYER= / solSize=  idx=50311
114LAYER=50311129 / layers=1291299150311

 / layers=129  idx=11442 / solSize=39231
  idx=LAYER=  idx=115
3280022391LAYER=80129  idx=16198
14 / layers=129  idx=2588314LAYER= / solSize=50311
78LAYER= / layers=129  idx=31167 / solSize=50311
129  idx= / solSize= / solSize=50311
LAYER=42 / layers=129  idx=44905 / solSize=50311
LAYER=LAYER=83122 / layers=129  idx=5600 / solSize=50311
LAYER=5031149736 / solSize=125 / layers=129  idx=3644 / solSize=50311
 / solSize=LAYER=LAYER= / layers=28919  idx=50311 / layers= / layers= / solSize=32 / layers=129  idx=47175 / solSize=503114757503119950311 / solSize= / layers=  idx=129  idx= / layers= / solSize=50311

1294177960
129  idx=29612 / solSize=50311
LAYER=52 / layers=129  idx=
35013 / solSize=50311
50311LAYER=70LAYER= / layers=
LAYER=  idx=10747 / solSize=50311
 / layers=LAYER=129  idx=39360 / solSize=LAYER=32092

LAYER=90 / layers=129  idx=129120 / layers=LAYER= / solSize=28LAYER=  idx=LAYER= / solSize=50311
127 / layers=LAYER=LAYER=50311  idx=129121 / layers=50311125 / layers=129  idx=337496309868115 / layers=  idx=49706 / solSize=50311
LAYER=15 / layers=129  idx=12993 / solSize=50311
 / layers=LAYER= / layers=129129  idx=3542550311
 / solSize=129 / layers=25347 / solSize=50311
LAYER=123 / layers=129  idx=5236 / solSize=50311
  idx=49611129129  idx=42277129  idx=  idx=LAYER=84 / solSize=25786  idx=
 / solSize=10150311
106055031147981
94 / layers=1293623750311
 / solSize=7144 / solSize=50311
LAYER= / layers=129 / layers= / solSize= / solSize=  idx= / solSize=LAYER=  idx=LAYER=196050311
LAYER=12930503111295031180LAYER=  idx=50311

LAYER=LAYER=110 / layers=23909 / solSize= / layers=
 / layers=87 / solSize=LAYER=50 / layers= / layers=129114 / layers=129  idx=11141 / solSize=50311
21021LAYER=62 / layers=129  idx=38950 / solSize=50311
50311 / layers=129
12950311  idx=LAYER=
109LAYER=92129  idx=47541 / solSize=50311
 / solSize=LAYER=54 / layers=129  idx=41427 / solSize=50311  idx=LAYER=12921630 / layers=6151 / solSize=50311
LAYER=47 / layers= / layers=129  idx=14452 / solSize=50311
LAYER=4212977 / layers= / layers=129  idx=25069  idx=24499  idx=109LAYER= / solSize= / layers=100129  idx=
50311129  idx=32548 / solSize=50311
LAYER=129 / layers=129  idx=0 / solSize=50311
LAYER=129 / layers=129 / solSize=13779 / solSize=50311
8750311 / layers=129  idx=20547 / solSize=  idx=  idx=43773 / solSize= / solSize=50311
  idx=LAYER=84 / layers=
1986350311LAYER=LAYER=57 / layers=129  idx=40581 / solSize=50311
LAYER=126 / layers=129  idx=2308 / solSize=50311
50311LAYER=29178 / solSize=50311
 / solSize=LAYER=98 / layers=129129 / solSize=50311
LAYER=123 / layers=129  idx=  idx=LAYER=30929129
 / layers= / layers=80129  idx=  idx=97 / solSize=50311
5031197 / layers=129  idx=21957 / solSize=50311
LAYER=65 / layers=129  idx=37781 / solSize=50311
69129129  idx=27657 / solSize=50311  idx=

485029175LAYER=
LAYER=LAYER=96 / layers=129  idx=LAYER=
 / layers=129  idx=36152 / solSize=50311
LAYER=52 / layers=42851  idx=  idx=
21716 / solSize=50311
LAYER=119 / layers=129LAYER=27585 / solSize=50311
2250311 / solSize=22863 / solSize=126LAYER=127 / layers=129  idx=1745 / solSize=50311
LAYER=92 / layers=129  idx=25075 / solSize=50311
LAYER=37 / layers=129  idx=46140 / solSize=50311
LAYER=108 / layers=129  idx=15601 / solSize=50311
LAYER=108 / layers=129  idx=15282 / solSize=50311
LAYER=108 / layers=129  idx=15222 / solSize=50311
LAYER=89 / layers=129  idx=26681 / solSize=50311
LAYER=105 / layers=129  idx=17232 / solSize=50311
LAYER=114 / layers=129  idx=11484 / solSize=LAYER=129 / layers=129  idx=194 / solSize=50311
LAYER=129 / layers=129  idx=290 / solSize=50311
LAYER=129 / layers=129  idx=387 / solSize=50311
LAYER=129 / layers=129  idx=484 / solSize=50311
LAYER=129 / layers=129  idx=580 / solSize=50311
LAYER=129 / layers=129  idx=677 / solSize=50311
129  idx=42088 / solSize=50311
LAYER=97 / layers=129  idx=22057 / solSize=50311
LAYER=98 / layers=129  idx=21450 / solSize=50311
LAYER=96 / layers=129  idx=22803 / solSize=50311
LAYER=118 / layers=129  idx=8593 / solSize=50311
LAYER=60 / layers=129  idx=39420 / solSize=50311
LAYER=109 / layers=129  idx=14798 / solSize=50311
 / solSize=LAYER=5031183
 / layers=129  idx=LAYER=2949991 / layers=129  idx=25230 / solSize=50311
LAYER=90 / layers= / solSize=LAYER=50311  idx= / solSize= / layers=2568 / layers=129  idx=149144505750311LAYER= / layers= / solSize= / layers= / solSize=50311 / layers=51129129  idx=LAYER=
 / solSize=
5031136439
Update boundaries
76915031112970 / layers=50311
 / solSize=LAYER=71LAYER=50311129
 / solSize=LAYER=51 / layers=  idx=25925 / solSize=50311
LAYER=LAYER=12995 / layers=
LAYER=UPDATE VOLTAGE START50311
50  idx=29129  idx=
5031175 / layers=
LAYER=48809 / layers=129  idx=47732129LAYER= / layers=

3119912970129  idx=LAYER=  idx= / layers=129  idx=LAYER=[BC] updateElectrodeVoltage( / solSize= / layers=129  idx=35788 / solSize=  idx=42376 / solSize=50311
LAYER=101 / layers=129  idx=19514 / solSize=50311
LAYER= / solSize=  idx=1144847942522 / solSize=50311
128129  idx= / layers=503110) V=11050311
LAYER=97 / layers=129  idx= / solSize=35349 / layers=129  idx=11262 / solSize=50311
LAYER=79 / layers=12912950311  idx=
23050 #verts= / layers=129  idx=5031121911 / layers=  idx=33259 / solSize=LAYER=48 / solSize=LAYER=LAYER=23323 / solSize=50311
LAYER=129 / layers=129  idx=0 / solSize=1273552550311124129

124 / layers=129  idx=4340 / solSize=50311
LAYER=80 / layers=129  idx=31215 / solSize=50311
LAYER=10 / solSize=50311
LAYER=80 / layers=129  idx=31178 / solSize=5031150311
LAYER=129 / layers=129  idx=97 / solSize=50311
LAYER=129 / layers= / solSize=50311
  idx=42719141835450311LAYER=109 / layers=  idx= / solSize=129  idx= / layers=14438 / solSize=50311
 / layers=
LAYER=87 / layers=129  idx=27376 / solSize=503115031112950
LAYER=31795 / solSize= / layers= / solSize= / layers=129
 / solSize=
  idx=LAYER=11412950311LAYER=129  idx=3876 / solSize=50311  idx=43498 / solSize=50311
LAYER=66 / layers=129  idx=37075 / solSize=50311194 / solSize=50311
LAYER=
 / solSize= / layers=129LAYER=50311  idx=50001 / solSize=50311
LAYER=38 / layers=1381
127
LAYER=12950311LAYER=12950311 / layers=81
129LAYER=128 / layers=129  idx=1109 / solSize= / solSize=LAYER=95 / layers=129  idx=1908 / solSize=50311
LAYER=124 / layers=129  idx=4194 / solSize=50311
84 / layers=
129 / layers=
924550311[BC] solutionVector finite after write? 129  idx=LAYER=72 / layers=129  idx=34546 / solSize=50311
LAYER=119 / layers=129  idx=50311  idx=  idx=LAYER=129
 / layers=129  idx=44298 / solSize= / layers=yesLAYER=11571
LAYER=31 / layers=12941438
50311
5450311
7640 / layers= / solSize=LAYER=119 / layers=129  idx=7762 / solSize=LAYER=

  idx=129LAYER=46019 / layers=UPDATE VOLTAGE END 
UPDATE VOLTAGE START
[BC] updateElectrodeVoltage( / solSize=12950311
LAYER=50311LAYER=4745340129 / solSize=LAYER= / layers=1) V=  idx=  idx=  idx=
 / solSize=88 / layers=129  idx=26961 / solSize= / layers=50311 / solSize=  idx=50311581292030 / solSize=50311
LAYER=110 / layers=129  idx=290LAYER=503110.4000755031112910664 / layers=24908LAYER=1433922991 / solSize=5031173
 / layers=45  idx=


 / layers=  idx=  idx=51 / layers=129  idx=42442 / solSize=50311
LAYER=90 / layers= / solSize=129  idx=34264 / solSize=50311
 / layers=30856LAYER=LAYER=126 / layers=129  idx=2486 / solSize=50311
LAYER=111 / layers=129  idx=16574 / solSize=50311
 / solSize=4540729082 / solSize=129 / layers= / solSize=LAYER=50311 / solSize=LAYER=129LAYER=1295031139 / layers=129  idx=45826 / solSize=50311
129
12983105
50311 / solSize=50311  idx=13227 / solSize=50311
  idx=129 / layers= #verts=  idx=LAYER= / layers= / layers=
50311  idx=26166 / solSize=  idx=44119 / solSize=50311
5058 / layers=129  idx=40352LAYER=  idx=
129
LAYER=LAYER=LAYER=37986 / solSize=50311
50311LAYER=50311 / solSize=50311
12840352
  idx=17344 / solSize=50311
126 / layers=12997115 / layers=129  idx=10622 / solSize=41703

LAYER=56LAYER= / layers=129  idx=41024 / solSize=50311
 / layers=LAYER=83 / layers=129  idx=LAYER=LAYER=50311 / solSize=50311
LAYER=40 / layers=129  idx=LAYER= / solSize=50311LAYER= / layers=129  idx=22170 / solSize=50311
12912966296764923

LAYER=LAYER=LAYER=[BC] solutionVector finite after write? 105  idx=50311
 / layers=41LAYER=38 / layers= / layers=129117 / layers=yes129  idx= / layers= / layers=45415LAYER=35 / layers=129  idx=46699 / solSize=129
LAYER=LAYER=86 / layers=129  idx=28323 / solSize=50311
LAYER=121 / layers=129  idx=6727 / solSize=50311
13129 / solSize=129387 / solSize=50311129
4268  idx=54 / layers=129  idx=  idx=9531 / layers=129  idx=49837 / solSize=50311
  idx=50311 / solSize=  idx=48747  idx=LAYER=129 / layers=129 / layers=LAYER=46091 / solSize=5031129520LAYER=  idx=1292938
 / layers=129  idx=45377 / solSize=12450311
43013 / solSize=
 / solSize=8617299 / solSize=  idx=UPDATE VOLTAGE END 
UPDATE VOLTAGE START
[BC] updateElectrodeVoltage(50311
LAYER=104 / layers=129  idx=4015 / solSize=50311
LAYER=64 / layers=129  idx=37923 / solSize=50311
LAYER= / solSize=50311
LAYER=22 / layers=129  idx=5031150311
 / solSize=50311
  idx= / solSize=LAYER= / layers=2LAYER= / layers=4881748 / layers=129  idx=43309 / solSize=50311

LAYER=46 / layers=
129LAYER=105  idx=50311129 / layers=38LAYER= / solSize=484LAYER=50311 / layers=41708129  idx=16958 / solSize=50311
129
37432LAYER=111 / layers=129  idx=13282 / solSize=50311
LAYER=33 / layers=1313129  idx= / layers=12919
5031192 / layers=129  idx=24644 / solSize=50311LAYER= / solSize=28101 / solSize=  idx= / solSize=17749  idx=LAYER=
LAYER=47 / layers=129  idx=43760 / solSize=50311
50311110 / layers=50311 / solSize=50311129 / layers=10796  idx=129
LAYER=100 / layers=129  idx=20348 / solSize=50311
LAYER=1025031150311
LAYER=
129) V=  idx= / layers= / layers=  idx=
 / solSize=  idx=91 / layers=129  idx=25329 / solSize=LAYER=
LAYER=47132129
129  idx= / layers=LAYER=3626350311LAYER= / solSize=  idx=15736 / solSize=50311
129129  idx=19001 / solSize=50311
LAYER=13927129 / layers=44905 / solSize=  idx=
74LAYER=17 / layers=129  idx=49450 / solSize=LAYER=54 / solSize=50311
4404749280 / solSize= / solSize=104 / layers=-1.310835031150311  idx= / layers=LAYER= / solSize=50311
 / solSize=11245895129LAYER=12950311 #verts=1291125950311
LAYER=123 / layers=129  idx=5278 / solSize=50311
 / layers=50311  idx=58082LAYER=  idx=2275951
[BC] solutionVector finite after write? 
 / solSize=LAYER= / layers=129  idx=40015 / solSize=50311
LAYER=
72 / layers= / solSize=yes  idx= / layers= / layers=50311
91
 / layers=LAYER=LAYER=338315031141553129
 / layers=LAYER=99 / layers=50311129  idx=34552 / solSize=50311
LAYER=92 / layers= / solSize=129 / solSize=50311LAYER=  idx=63129LAYER=63
LAYER=50311129  idx=25112 / solSize=
50311
LAYER= / layers=129  idx=253073817830 / solSize=129 / layers=129129  idx=38544
  idx=
LAYER= / layers=
 / layers=50311129  idx=5850311UPDATE VOLTAGE END 1301187129  idx=677 / solSize=50311
LAYER=
LAYER=53  idx=42 / solSize= / layers=
129  idx=40228 / solSize=LAYER=20945 / solSize=50311
129
UPDATE VOLTAGE START
[BC] updateElectrodeVoltage(3) V=LAYER=0.059061 #verts=50
[BC] solutionVector finite after write? yes / solSize=  idx= / solSize=12950311105 / layers=129  idx=1709112779 / solSize=50311
LAYER=88 / layers=129  idx=26955 / solSize=  idx=38414 / solSize=50311
LAYER=103 / layers=
UPDATE VOLTAGE END 503114605250311  idx=50311LAYER=70 / layers=129  idx=35704 / solSize=50311
LAYER=128 / layers=129  idx=777 / solSize=50311
LAYER=53 / layers=129  idx=41839 / solSize=50311
LAYER=94 / layers=129  idx=23628 / solSize=50311
LAYER=98 / layers=129  idx=21460 / solSize=50311
LAYER=126 / layers=129  idx=2373 / solSize=50311
LAYER=21 / layers=129  idx=49002 / solSize=50311
LAYER=49 / layers=129  idx=43219 / solSize=50311
Update boundariesLAYER=

77 / layers=129  idx=UPDATE VOLTAGE START32653LAYER=31 / layers=129
 / solSize= / layers=LAYER= / solSize=[BC] updateElectrodeVoltage(503111291095031150311
LAYER=42 / layers=74  idx=110

 / layers=0
47413 / layers=129  idx=33987 / solSize=50311
LAYER=66 / layers=129  idx= / layers=10330033
 / solSize=) V=
  idx=LAYER=16 / layers=129  idx=49589 / solSize=50311
LAYER=60 / layers=129  idx=37218 / solSize=50311
 / layers=129UPDATE VOLTAGE START / layers= / solSize= / layers=275830 / solSize=LAYER=39435 / solSize=50311
LAYER=91 / layers=129  idx=25318 / solSize=50311
129129  idx=18391 / solSize=50311
LAYER=55 / layers=129  idx=18750 / solSize=50311
50311LAYER=50311
LAYER=LAYER= #verts=1295031192 / layers=  idx=
LAYER=
129124 / layers=129103 / solSize=129129
LAYER=93 / layers=LAYER=129  idx=24856 / solSize=50311
LAYER=14687LAYER=LAYER=70 / layers=129  idx=35465 / solSize=50311
  idx=107 / layers=129  idx=15682 / solSize=50311
LAYER=128 / layers=111  idx= / layers=129  idx=18715 / solSize=5031150  idx=  idx=9 / layers=LAYER=118 / layers=129  idx=8541 / solSize=50311
LAYER=20 / layers=129  idx= / layers=129  idx=13099 / solSize=50311
  idx=LAYER=129
  idx= / solSize=44922 / solSize=[BC] updateElectrodeVoltage(28413774909590 / layers=129  idx=LAYER=129 / solSize=50311
LAYER=50311114 / layers=408013836 / solSize=24407 / solSize=5031112150311129
75 / layers=129  idx=332564 / layers=41850 / solSize=129  idx=50311
LAYER=61 / layers=129  idx=39233 / solSize=50311 / layers=
[BC] solutionVector finite after write? yes
UPDATE VOLTAGE END ) V=129 / solSize=
  idx=

  idx= / solSize=

1.002950311LAYER=11360  idx=5031145070 / solSize=1041 / solSize=LAYER=62 / layers=129  idx=38602 / solSize=50311
LAYER=100 / layers=129129  idx=UPDATE VOLTAGE START
[BC] updateElectrodeVoltage(1) V=0.618883 #verts=50
[BC] solutionVector finite after write? yes / solSize=76 / layers=129  idx=32800479795031126111 / solSize=5031150311
20156 / solSize=50311
LAYER=LAYER=
50311
 #verts=
50311

  idx=LAYER=
UPDATE VOLTAGE END LAYER= / solSize=50311
6450311 / solSize=LAYER=87 / layers= / solSize=LAYER=50
LAYER=50064 / solSize=50311
LAYER=LAYER=52 / layers=129  idx=38151 / solSize= / solSize=99
  idx=94[BC] solutionVector finite after write? 5412962 / layers=129  idx=38787 / solSize=50311
LAYER=92 / layers=129  idx=24796 / layers=50311
 / layers=12950311  idx=546643 / solSize=50311
LAYER=112 / layers=129  idx=12419 / solSize=50311
LAYER=LAYER= / layers=129  idx= / layers=yes5031112926
LAYER=124 / layers=129  idx=4217LAYER= / solSize=LAYER=
 / layers=7289 / layers=
UPDATE VOLTAGE END 
UPDATE VOLTAGE START129  idx= / solSize= / layers=LAYER=84 / layers=129  idx=29005 / solSize=50311
LAYER=8850311
LAYER=121 / layers=129  idx=6412 / solSize=50311
LAYER=39 / layers=UPDATE VOLTAGE START71

5031141684129  idx=48244 / solSize=95 / layers=129  idx=27206 / solSize=50311
129LAYER=124 / layers=129  idx=3997 / solSize=50311
LAYER=54 / layers=129  idx= / layers=
129[BC] updateElectrodeVoltage(  idx=4211712920677 / solSize=50311
LAYER=LAYER=98 / layers=129  idx=21425 / solSize=50311  idx=
 / layers=129  idx=  idx=34804 / solSize=50311
  idx=5LAYER=41516 / solSize=119 / layers=50311LAYER=5031126465 / solSize=503112407227824104 / layers=129  idx=17778 / solSize=50311
  idx=50311 / solSize=50311
LAYER=88 / layers=129  idx=26931 / solSize=50311

129  idx=8164 / solSize=50311
LAYER=105 / layers=
 / solSize=
LAYER=
LAYER=22 / layers=129  idx= / solSize= / solSize=41520LAYER=LAYER=124 / layers=129  idx=11912950311
LAYER=
) V=96 / layers=129  idx=22759 / solSize=50311
 / layers=45798 / solSize=
4891750311  idx=35283LAYER=91 / layers= / layers=LAYER=LAYER=LAYER=22 / layers=129  idx=48922 / solSize=50311
LAYER=LAYER=0.0270407129503114530LAYER= / solSize=
 / solSize=82 / layers=49[BC] updateElectrodeVoltage(  idx= / solSize=105934512912965 #verts=2) V=1270.636569 #verts=2307050311LAYER=
129 / layers= / layers=129  idx=24204 / solSize=50311
LAYER=56 / layers=129  idx=40871 / solSize=50311
50 / layers=50311 / layers=129  idx=2149 / solSize=12950311 / solSize=50311
LAYER=LAYER=  idx=  idx=17028 / solSize=50311
 / layers=129
 / solSize=12950311  idx=  idx=
2780 / layers=58LAYER= / layers=12951  idx=44157 / solSize=50311
LAYER=3019925650 / solSize=LAYER=129LAYER=129  idx=43160 / solSize=50311
LAYER=112 / layers=129  idx=12516 / solSize=50311
5031198 / layers=
50311  idx=LAYER=95 / layers=93  idx=31296 / solSize=50311
  idx=
LAYER=50311
 / layers=[BC] solutionVector finite after write? 37468 / layers=129
LAYER= / solSize=129[BC] solutionVector finite after write? yes

yes114129  idx=24095 / solSize=83  idx=48196 / solSize=
 / layers=50311  idx=40323 / solSize=50311LAYER=118 / layers=129  idx=
LAYER= / layers=50311
50311LAYER= / layers=129
8385UPDATE VOLTAGE END 129129

LAYER=LAYER=129  idx=8110  idx= / solSize=  idx=
UPDATE VOLTAGE START  idx=11032 / solSize=LAYER=82 / layers=LAYER=1249284 / layers=129  idx= / solSize=21761LAYER=5031197UPDATE VOLTAGE END 12967 / layers=129  idx=17165115 / layers= / solSize=
 / layers=
  idx=50311 / solSize=29078 / solSize=50311
 / layers=4136 / solSize=114294152332950311
30008 / solSize=50311
LAYER=107 / layers=LAYER=50311
124129129 / solSize=50311
 / layers=[BC] updateElectrodeVoltage(129 / solSize=129LAYER= / layers=50311
3LAYER= / layers=UPDATE VOLTAGE START5031150311  idx=16023 / solSize=50311
114LAYER=112
129
  idx= / solSize=19 / layers=129  idx=) V=LAYER=  idx=
43 / layers=LAYER=LAYER=4121925129
LAYER=-1.0404211506 / solSize=  idx=LAYER=87 / layers=129  idx=27470 / solSize=50311
LAYER=121 / layers=129  idx=630949181128129
  idx= / solSize= / layers=50311 / layers=24888 / solSize=50311
LAYER=81 / layers=129  idx=30446 / solSize=50311[BC] updateElectrodeVoltage(10920 / solSize= / layers=65  idx= #verts=129 / solSize=  idx=89 / layers=50311129 / layers=503111295050311

5031136956 / layers=
LAYER=



LAYER= / solSize=50311
129LAYER=63 / layers=129
3858 / solSize=[BC] solutionVector finite after write? LAYER=LAYER=38 / layers=129  idx=45938 / solSize=LAYER=LAYER=66 / layers=129  idx=37300 / solSize=129  idx=  idx=LAYER=LAYER=14 / layers=129  idx=49722 / solSize=50311
50311yes8050311
LAYER=26 / layers=1293474  idx=  idx=38334 / solSize=  idx=
UPDATE VOLTAGE END 
UPDATE VOLTAGE START
[BC] updateElectrodeVoltage(50311  idx=  idx=1208 / solSize=50311
LAYER=109 / layers=129  idx=14347 / solSize=50311
LAYER=91 / layers=129  idx=25461 / solSize=50311
LAYER=69 / layers= / layers=129LAYER=1276 / solSize=5031111618 / layers= / solSize=1293244871
LAYER=94 / layers=  idx=36070 / solSize=50311
 / layers= / layers=) V=
-0.76678512950311 / solSize=5031145156129129129LAYER=127 / layers=129  idx=1841 / solSize=26343129
  idx=48224 / solSize=50311
LAYER=113 / layers=129  idx=4

  idx= / solSize=129106  idx=46934 / solSize=50311
  idx=34004 / solSize=50311
LAYER=121 / layers= / solSize=11731) V=-0.328236 #verts=50
LAYER= / solSize=5031112923814LAYER= #verts=LAYER=129LAYER=[BC] solutionVector finite after write?   idx=50311
50311
LAYER=124 / layers=129  idx=4334 / solSize=50311
 / solSize=LAYER=84 / layers=129115515031186 / layers=129  idx=6365 / solSize=50311
80yes215150311LAYER= / layers=LAYER=  idx=60  idx=27953 / solSize=50311
 / layers=129  idx=5512931151 / layers= / solSize=  idx= / layers= / solSize=  idx=29049 / layers=
50311129  idx=  idx=39345 / solSize=50311
3745412950311

31257 / solSize=50311
 / solSize=
12910710526 / solSize=50311
LAYER=128 / layers=129  idx=1180 / solSize=50311
50311  idx=
 / solSize=[BC] solutionVector finite after write? yes
UPDATE VOLTAGE END LAYER=75 / layers=129LAYER=  idx=50311
LAYER=  idx=LAYER= / layers=129  idx=LAYER=
UPDATE VOLTAGE END 16602 / solSize=5031138 / layers=129  idx=45986 / solSize=50311

33308 / solSize=
LAYER=LAYER=4127215840103LAYER=
LAYER=88101 / layers= / layers=129129 / solSize=  idx=  idx=19414 / solSize=50311
50311LAYER=26867
32
125 / solSize=125 / solSize=LAYER=LAYER=UPDATE VOLTAGE START / layers=129  idx=3630 / solSize=50311
 / solSize= / layers=503115610078LAYER=
[BC] updateElectrodeVoltage(7) V=1.33502 #verts=50
[BC] solutionVector finite after write? yes
UPDATE VOLTAGE END 50311

50311LAYER= / layers= / layers=129  idx=20270 / solSize=50311
LAYER=123 / layers=129  idx=4729 / solSize=50311
LAYER=116 / layers=129  idx=10127 / solSize=50311
15 / layers=50311
 / layers=129

126 / layers=129  idx=2593 / solSize=50311
LAYER=128 / layers=129129  idx=31971LAYER=
UPDATE VOLTAGE START129  idx=3298128LAYER=LAYER=95LAYER= / layers= / solSize= / layers=118
 / solSize= / layers=123 / layers=129  idx=4942 / solSize=50311
 / layers=LAYER=7650311
LAYER=LAYER=93 / layers=129  idx=24421 / solSize=50311
LAYER=45LAYER= / layers=  idx=[BC] updateElectrodeVoltage(5) V=[RUN] begin: sol size=0.0649733LAYER=  idx=LAYER=12912910811050311 #verts=8750129129  idx=23007 / solSize=50311
 / layers=LAYER= / layers=503111857940891120
 / layers=129 / layers=129  idx=44202 / solSize=50311
LAYER=
[RUN] solutionVector finite at entry? 
129  idx=15292 / solSize=50311
LAYER=99 / layers=129  idx=21015 / solSize=50311
  idx=LAYER=  idx=  idx=128129  idx=27740 / solSize=50311
LAYER=23 / layers=129  idx=48710 / solSize=50311 / solSize=1291291016547254  idx=93
9450311[BC] solutionVector finite after write?  / layers=  idx= / layers= / layers=8361 / solSize= / layers=50311
LAYER=LAYER= / layers= / solSize=yes / layers=  idx=yes1182 / layers=49643LAYER=74129 / solSize=

129  idx=23728 / solSize=50311
13977LAYER=100 / layers=129  idx=20400 / solSize=50311
LAYER=96 / layers=129  idx=22927 / solSize=50311 / solSize=129129129118  idx=12950311LAYER=50311
LAYER=84 / layers=12950311

  idx=  idx=1045
LAYER=76 / layers=129  idx=33091 / solSize=50311
LAYER=114 / layers=129  idx=62 / layers=129  idx=5031112319593 / solSize=6791  idx= / solSize=24374 / solSize=5031129044  idx= / layers=
 / layers=UPDATE VOLTAGE END 

  idx=12937480LAYER=36 / layers=129  idx=46354 / solSize=50311
LAYER=12512950311129 / solSize=50311LAYER=41 / layers=129  idx=45242 / solSize=50311
LAYER=27 / layers=129  idx=48154 / solSize=50311
 / solSize=939 / solSize=50311 / layers=32970  idx=11385 / solSize= / layers=  idx=50311LAYER=38951
LAYER=25 / layers=129  idx=48411 / solSize=50311
LAYER=103 / layers=129  idx=18710 / solSize=50311129  idx=4765 / solSize= / solSize= / solSize=3386250311
LAYER=129  idx=3783 / solSize=50311
LAYER=111 / layers=129  idx=13155 / solSize=50311
 / solSize= / solSize=52 / layers=129  idx=42119 / solSize=50311
LAYER=110 / layers=129  idx=13722 / solSize=5031150311
50311LAYER=94 / layers=129 / solSize=
50311
LAYER=117 / layers=129  idx=9312 / solSize=50311
LAYER=84 / layers=
  idx=50311
LAYER=113 / layers=129  idx=12146 / solSize=50311
LAYER=LAYER=

LAYER=71 / layers=129  idx=35246 / solSize= / solSize=50311
50311LAYER=
LAYER=8451 / solSize=LAYER=50311116 / layers=129  idx=LAYER=5031150311
50311101 / layers=129  idx=19849 / solSize=


6873123
  idx=54LAYER=
LAYER=126 / layers=129  idx=LAYER=12950311
LAYER=9716UPDATE VOLTAGE START / layers=129  idx=34314 / solSize=LAYER= / layers=11712994 / layers=129  idx=23862 / solSize=LAYER=117LAYER=LAYER= / solSize=61
LAYER=23895102 / layers=
  idx=41492 / solSize=50311
  idx=64 / layers=129  idx=38191 / solSize=50311
 / layers=LAYER=116 / layers=[BC] updateElectrodeVoltage( / solSize= / layers=129LAYER=102 / layers=129  idx=18847 / solSize=LAYER=9429337 / solSize=50311 / layers=10112950311650311129  idx= / layers= / layers= / layers=129  idx=39007 / solSize=50311
  idx=9383 / solSize=5031150311129  idx=23974 / solSize=50311129  idx=50311
110LAYER=56 / layers=

 / layers=2391

LAYER=66 / layers=129  idx=37160 / solSize=) V=  idx=12950311LAYER=123 / layers=129129
 / solSize=50311503111294771  idx=9630 / solSize=  idx=8940
LAYER=69 / layers=102LAYER=-0.482207 / layers=12919204LAYER=50311
  idx=
  idx=101 / layers= / solSize=129 / solSize=

1299419949 / solSize=50311
 #verts= / layers=129  idx=19946 / solSize=50311
365585031150311  idx=19093 / solSize=50311
LAYER=102 / layers=129  idx=LAYER=LAYER=  idx=LAYER=5244LAYER= / layers=129  idx=23646 / solSize=50311
LAYER=22 / layers=129  idx=48828 / solSize=50311
LAYER=LAYER=82 / layers=129  idx=30276 / solSize=50311
LAYER=121 / layers=129  idx=6417 / solSize=50311
LAYER=77 / layers=129  idx=32657 / solSize=50311
 / solSize=50311LAYER=
76LAYER=98 / solSize=73  idx=
 / layers=LAYER=LAYER=129125
LAYER= / layers=50311 / layers=
3777 / solSize=81 / layers=129  idx=30809 / solSize=50311
  idx=LAYER=3607019052129  idx=34198 / solSize= / layers= / layers=21129  idx=21563 / solSize=503111411212140892 / solSize=50311
9073 / solSize=50311
LAYER=51129129  idx= / layers= / solSize=50311
129 / solSize=LAYER= / layers=50311  idx=33184 / solSize=

[BC] solutionVector finite after write? yesLAYER=129  idx=48934 / solSize=50311
LAYER=119 / layers=129LAYER=50311
LAYER=33 / layers=129  idx=  idx=124 / layers=129  idx=4292 / solSize=50311
LAYER=110 / layers=
12950311
45 / layers= / layers=50311113 / layers=129  idx=1209446152 / solSize=50311
  idx=LAYER=LAYER=90
129129
 / solSize=LAYER=LAYER=7653113 / solSize=92 / layers= / layers=LAYER=  idx=13735 / solSize=50311
LAYER= / layers=129  idx= / layers=4714159 / layers=UPDATE VOLTAGE END 129129  idx=44238 / solSize=50311
33LAYER=50311LAYER=25890 / solSize=96LAYER= / solSize=66
UPDATE VOLTAGE START  idx=5031132451101 / layers=129  idx=19666 / solSize=50311
LAYER=38 / layers= / layers=50311 / layers=126 / layers=129129  idx=24832 / solSize=50311
LAYER=92 / layers=  idx= / solSize=129
129  idx=11810 / solSize=50311
12950311 / layers=129 / layers=129  idx=24935 / solSize=129  idx=LAYER=24 / layers=129  idx=129  idx=
  idx=
34333

5031150311  idx=45993278063LAYER=5239846  idx=LAYER=LAYER=115 / layers=LAYER=12984129 / solSize=[BC] updateElectrodeVoltage( / solSize=50311
25798 / layers=6448 / solSize=74
 / layers=50311LAYER=  idx=7) V= / solSize=4853150311
LAYER=129  idx=42258 / solSize=  idx=129  idx=3724550311 / solSize= / solSize= / solSize= / layers=
LAYER=115 / layers=129  idx=10658 / solSize=50311

LAYER=86 / layers=129  idx=28376 / solSize=46967443142503115031150311
LAYER=90 / layers=129  idx=26208 / solSize=50311
LAYER=78 / layers=129-0.7195455031110785  idx= / solSize=LAYER= / layers=129  idx= / solSize=11550311129 #verts=
 / solSize=22756127 / layers=129  idx=2236 / solSize=50311
LAYER=20 / layers=

44479 / layers=129  idx=10341
  idx=  idx= / layers= / solSize=50311LAYER=50
50311[BC] solutionVector finite after write? yes
UPDATE VOLTAGE END 
[RUN] begin: sol size= / solSize=
 / solSize=LAYER=  idx=38347 / solSize=50311
31902120 / layers=129  idx=7214 / solSize=5031150311LAYER=50311105 / solSize=33728 / solSize=50311
50311129 / solSize=50311
LAYER=23 / layers=129  idx=48742 / solSize=50311
LAYER=73 / layers=129  idx=34357 / solSize=50311
LAYER=69 / layers=
LAYER=81101 / layers=

LAYER=50311
LAYER=112 / layers=129  idx=1295950311LAYER=
  idx=5031149099129129[RUN] solutionVector finite at entry? LAYER=31LAYER=
 / layers=129 / solSize= / layers=LAYER= / solSize=52 / layers=8383
50311  idx=  idx=129  idx=yes
 / layers=LAYER=  idx=LAYER=31 / layers=
289837819996

LAYER=LAYER=96 / layers=129  idx=22702 / solSize=50311
50311129 / layers=LAYER=68 / layers=30644LAYER= / layers= / solSize=12979 / layers=129  idx=47510 / solSize=50311
LAYER=93 / layers=129  idx=24199 / solSize=50311
LAYER=64105LAYER=129
  idx=  idx=129129 / solSize=129 / solSize= / layers=129  idx=38158 / solSize=5031169  idx=LAYER=3209942145129725031135910
50311LAYER=55 / layers=129  idx=41082 / solSize=50311
LAYER=100 / layers=129  idx=20408 / solSize=50311
5031110717513  idx=29578 / solSize=  idx=
 / layers=
 / solSize= / layers= / solSize= / layers=129  idx=16172 / solSize=50311 / solSize=  idx=50311
50311LAYER=65 / layers=129  idx=37530 / solSize=50311
LAYER=77 / layers=129  idx=32523 / solSize=50311
LAYER=72 / layers=129  idx=34704129 / solSize=LAYER=50311129  idx=35979 / solSize=50311
LAYER= / solSize=294214735450311
LAYER=122 / layers=129  idx=5849 / solSize=50311
LAYER=66 / layers=129  idx=37193 / solSize=50311
LAYER=45 / layers=129  idx=44242 / solSize=50311
LAYER=102 / layers=129  idx=18903 / solSize=50311
LAYER=127 / layers=129  idx=2011 / solSize=50311
LAYER=68 / layers=129  idx=36294 / solSize=50311
LAYER=107 / layers=129  idx=16173 / solSize=50311
LAYER=92 / layers=129  idx=24943 / solSize=50311
LAYER=48 / layers=129  idx=43357 / solSize=50311
LAYER=69 / layers=129  idx=36013 / solSize=50311
LAYER=LAYER=108 / layers=129  idx=15530 / solSize=50311
LAYER=12426 / layers=129  idx=4092 / solSize=50311
LAYER= / layers=50311  idx=  idx=

36280 / solSize=50311
LAYER=87 / layers=129  idx=27751 / solSize=50311
17313129102 / layers=LAYER=41 / layers=129  idx=45265 / solSize=50311
LAYER=59 / layers=129  idx=39730 / solSize=50311
LAYER=LAYER= / solSize= / layers=129  idx=19055 / solSize=50311
LAYER=129102 / layers=129  idx=18859 / solSize=50311

50311LAYER=
 / solSize= / solSize=LAYER=LAYER=
 / layers=126
  idx=LAYER=104 / layers=129  idx=17640 / solSize=50311
LAYER=57 / layers=129  idx=40497 / solSize=50311
50311LAYER=7691 / layers=LAYER=12912994 / layers=  idx=48340 / solSize=50311
LAYER=LAYER= / layers=5672  idx=
 / layers=129  idx=118503113842 / layers=25573 / solSize=50311
23539 / layers=LAYER=LAYER=31546129 / layers=LAYER=129129129
108 / layers= / solSize=129 / solSize=  idx=33076 / solSize=50311  idx= / layers=LAYER=  idx=129LAYER=503113001 / solSize=50311
LAYER=118 / layers=129  idx=8660 / solSize=50311
LAYER=110 / layers=105129  idx=45886 / solSize=50311
 / layers=1031298635 / solSize=50311
LAYER=49 / layers=129  idx=43187  idx=108
 / layers=129  idx= / layers=129  idx=17192 / solSize=50311
LAYER=50311  idx=34862 / solSize=50311
 / solSize=50311  idx= / layers=129  idx=15103 / solSize=6413874 / solSize=50311
LAYER=110 / layers=129  idx=
LAYER=LAYER=97 / layers=129  idx=21887 / solSize=50311
50311LAYER=
1171295031113834 / solSize=50311 / layers=102  idx=148LAYER=LAYER=

LAYER=95 / layers=129  idx=23324 / solSize=50311
LAYER=93
40926 / solSize=50311
 / layers=2068LAYER=12983  idx=LAYER= / solSize= / layers=129 / layers=
  idx=15490 / solSize= / layers= / layers=8250311129  idx=  idx=127 / layers=50311129LAYER=73 / layers= / layers=LAYER=34909129  idx=29843 / solSize=50311
LAYER=100 / layers=129  idx=20282 / solSize=50311
246273808445007129 / layers=119 / solSize=129129
 / solSize=50311 / solSize=50311  idx=49087 / solSize=50311
129LAYER=129  idx= / solSize=18741LAYER=129
LAYER=
  idx=  idx=  idx=50311
LAYER=124 / layers=129  idx=122 / layers=129  idx=74  idx=
393663634184 / solSize=3901 / solSize= / layers=572850311LAYER=LAYER= / solSize=50311
LAYER=70 / layers=129  idx=35529 / solSize=50311
LAYER=81 / layers=129  idx=30528 / solSize=50311
LAYER=84 / layers=129  idx=28893503113002332 / solSize=LAYER= / layers= / solSize=  idx=LAYER=117 / layers=129 / solSize=129 / layers=129  idx=47277 / solSize=26 / solSize=50311
LAYER=103 / layers=129  idx=18637 / solSize=50311
99LAYER=84 / layers=129  idx=12929376 / solSize=50311

LAYER= / layers=  idx=503119361 / layers=19337 / layers=129  idx=48278 / solSize=50311
8972LAYER=24LAYER=87 / layers=12950311129  idx= / solSize= / solSize= / layers=46
  idx=
67  idx=20653129 / solSize=50311 / layers= / layers=129  idx=8119LAYER=LAYER=50311  idx=178650311  idx=50311
LAYER=48 / layers=129  idx=43486 / solSize=50311
LAYER=68 / layers=129  idx=36512 / solSize=50311
LAYER=102 / layers=12987 / layers=76
27693 / solSize=
50311 / layers=34051 / solSize=50311
LAYER=20 / layers=129  idx=49064 / solSize=50311
 / layers=LAYER=  idx=
129
129  idx=37030 / solSize=50311LAYER=106 / layers=129  idx=16638 / solSize=50311
129129  idx=32862 / solSize=50311
LAYER=111 / layers=129  idx=
 / solSize=50311LAYER=LAYER=  idx=48548 / solSize=50311
129LAYER=125 / layers=129  idx=3444 / solSize=50311
LAYER=128 / layers=129  idx=1120 / solSize=50311
LAYER=LAYER=
13564LAYER=122440153250311  idx=18992 / solSize=96 / solSize= / solSize=50311
45705
LAYER=73 / layers=72 / layers=129  idx=47234 / solSize=
 / solSize=50311LAYER=5031171 / solSize=50311
129 / layers=LAYER=50311
50311LAYER= / layers=129  idx=  idx=12919LAYER= / solSize=
LAYER=79 / layers=129  idx=3154886LAYER=  idx= / layers=61  idx=34836 / solSize=50311
50311 / layers=84
 / solSize=50311 / layers=350021032756634196 / layers=129  idx=39259 / solSize=50311
LAYER=75 / layers=129  idx=33337 / solSize=50311
85129
LAYER=70 / layers=129  idx=35527 / solSize=50311
LAYER=116 / layers=129  idx=9764 / solSize=50311
 / layers= / solSize= / solSize=50311
129 / layers= / layers= / solSize=  idx=
LAYER=LAYER=12950311
LAYER=  idx=129
50311
LAYER=103 / layers=129LAYER=LAYER=85 / layers=129  idx=28695 / solSize=50311
81  idx=LAYER=46 / layers=129  idx=43830 / solSize=50311
50311129LAYER=62 / layers=129  idx=3893812948LAYER= / layers=129  idx=3075110518374 / solSize=50311
22654LAYER=
  idx=79 / layers= / solSize=  idx=LAYER= / layers=LAYER=129 / layers=93 / layers=LAYER=5579 / solSize=50311
LAYER=87 / layers=129  idx=27684 / solSize=12950311
107LAYER=111 / layers=129  idx=  idx=LAYER=129104 / layers= / layers=  idx=50311
 / solSize=LAYER=91 / layers=129  idx=13438 / solSize=50311
 / solSize=32 / layers=129 / layers=43440 / solSize=503112914534129  idx=31573 / solSize=86281075031125480 / solSize=50311129129  idx=15650 / solSize=5031150311 / layers=129  idx=28027 / solSize=50311
12949236
LAYER=50311
  idx=  idx=  idx=17499 / solSize=50311
 / solSize=LAYER=
LAYER=81 / layers=  idx= / layers=88 / layers=129  idx=27306 / solSize=50311
LAYER=
  idx=28849LAYER= / solSize=50311
50311 / solSize= / solSize=12917853 / solSize=50311
LAYER=49 / layers=129  idx=43144 / solSize=50311
LAYER=24536
10 / layers=129  idx=50028 / solSize=50311

LAYER=LAYER=50311129  idx= / solSize=
18481116 / layers=129  idx=10024 / solSize=50311
50311102LAYER=77LAYER=LAYER=46927 / solSize=50311
LAYER=126 / layers=129  idx=2842 / solSize=50311
5031136 / solSize=
50311 / layers=LAYER=104 / layers=129  idx= / layers=LAYER=LAYER=

LAYER=126 / layers=129LAYER=  idx=129384724484129
LAYER=91 / layers=129  idx=25654 / solSize=50311
LAYER=3006118 / layers=  idx= / layers=57  idx=127LAYER=LAYER= / layers=12919344 / solSize=50311
LAYER= / layers= / layers=89129129 / solSize= / solSize=129  idx=8885 / solSize=50311
LAYER=77 / layers=129  idx=32409 / solSize=50311
66  idx=12230572 / layers=80LAYER=  idx=32414 / solSize=50311
 / layers=LAYER=50311 / solSize=129 / layers=129  idx=47129  idx=50311129  idx=40567 / solSize=50311
LAYER=115127
  idx= / layers=10317997 / solSize=  idx=46072 / solSize=50311
LAYER=78 / layers=129  idx=31834 / solSize=50311
 / layers= / layers=40 / layers=129  idx=45393 / solSize=50311
50311LAYER= / layers=43129 / layers=  idx=5031112931111
LAYER=118LAYER=  idx= / layers=171112912946490 / solSize=50311
LAYER=74LAYER= / solSize=50311
129
12974 / solSize= / layers=
 / layers= / layers= / layers=12992 / layers=129  idx=24655 / solSize=50311
LAYER=  idx=  idx=LAYER=  idx=  idx=LAYER=129129  idx=  idx=372545031129221117LAYER=  idx=43629183511839
129129LAYER= / layers= / solSize=37 / solSize=1033644795 / solSize= / solSize= / solSize=  idx=5426418 / layers=50311
LAYER=81 / layers=50311129
LAYER=97 / layers=5031150311
112LAYER=79 / layers=129  idx=31578 / solSize=3372550311129 / layers=129  idx= / solSize=  idx=129  idx=  idx=
50311 / solSize= / solSize=
898886 / solSize=50311
LAYER=116 / layers=  idx=129129  idx=LAYER=  idx=50311 / solSize=50311
LAYER=91 / layers=129  idx=25217 / solSize=50311
LAYER=102 / layers=129  idx=19022 / solSize=LAYER= / solSize= / layers= / layers=9884503119016 / solSize=50311
LAYER=104 / layers=129  idx=17558 / solSize=50311
503115031146265129 / solSize=  idx=80
50311LAYER=120 / layers=129  idx=6833 / solSize=50311
LAYER=116
LAYER=47 / layers=
LAYER=91 / layers=  idx=129
3057822051 / solSize=50311
 / layers=LAYER=
125 / layers=129  idx=3625 / solSize=50311
 / layers=
4161312912874 / solSize=50311
  idx=26457LAYER=129  idx=31169LAYER=129LAYER= / solSize=33713LAYER=LAYER= / solSize=50311
LAYER=50311LAYER= / solSize=LAYER=  idx=129 / solSize=50311
LAYER=74
LAYER=4869 / solSize=1281199450311
LAYER=120 / layers=129  idx=35 / layers=10950311
LAYER=  idx= / layers= / solSize=50311 / layers= / layers=129  idx= / layers=25284 / solSize=50311
LAYER=62 / layers=129  idx=38870 / solSize=50311
LAYER=105 / layers=12950311
107129  idx=23775 / solSize=50311
LAYER=100 / layers=129  idx=46  idx=43561 / solSize=50311
LAYER=87 / layers=129  idx=27741 / solSize=50311
129 / layers=129  idx=
14672 / solSize=50311
LAYER=116 / layers=129  idx=10205 / solSize=50311
59LAYER=113 / layers=20346129 / layers= / layers=129  idx=17060 / solSize=50311LAYER=LAYER=64 / layers=129  idx= / solSize=  idx=129  idx=144112979 / layers=111 / layers= / layers=37960 / solSize=50311
1001250311  idx= / solSize=7405 / layers=129  idx=31568 / solSize=50311
 / layers=46627LAYER=129  idx=43907 / solSize=50311
  idx= / solSize=43286 / solSize=50311
LAYER=56 / layers=129  idx=41057 / solSize=
50311
LAYER=44 / layers=LAYER=129 / solSize=103129  idx=LAYER=50311LAYER=
129810712936165 / solSize=50311
LAYER=46 / layers=129  idx=1297977  idx= / solSize=50311
LAYER= / layers=  idx= / solSize=12150311  idx= / layers=129  idx=LAYER=16140 / solSize=503111190644451129
 / layers=LAYER=  idx=
50311

 / solSize=50311  idx= / solSize=44038129LAYER=86 / layers=129  idx=2790133850LAYER=
5031189  idx= / solSize= / layers= / solSize=50311
86397345031113554 / solSize= / layers=
LAYER=29 / layers=129LAYER=553270293 / solSize=LAYER=5031150311108129 / layers=129LAYER=  idx= / solSize=109 / layers=129  idx=14659 / solSize=50311
LAYER=116 / layers=129  idx=9920 / layers=
LAYER=119 / layers=129  idx=  idx=
 / solSize=53 / layers=129  idx=42006 / solSize=50311
LAYER=46 / layers=129  idx=
47804 / solSize=50311
LAYER=129 / layers= / layers=  idx=50311  idx=LAYER=64 / solSize=50311LAYER=25129129  idx=28230 / solSize=50311
7808
LAYER=122 / layers=129  idx=24404316354390950311 / layers= / layers=  idx=LAYER= / solSize=2653818618 / solSize= / solSize= / solSize=5031150311129  idx=12954503115817 / solSize=50311

LAYER= / layers=38095 / solSize=5031150311 / layers=

50311
LAYER=22 / layers=73129
LAYER=
129LAYER= / layers=  idx=  idx=15134 / solSize=50311

LAYER=72 / layers=129LAYER=75 / layers=129  idx=33305 / solSize=50311LAYER=129401109 / layers=129  idx=14486 / solSize=50311
  idx= / solSize=129LAYER=
LAYER=129  idx=LAYER=58 / layers=129  idx=40283 / solSize=LAYER=  idx=
129 / solSize=41704  idx=314890850311
LAYER=127 / layers=503118787  idx=34259 / solSize=50311
LAYER=88 / layers=129  idx=27133 / solSize=50311
50311LAYER=107 / layers=129  idx= / solSize= / layers= / solSize=129 / solSize= / layers=
LAYER=15967 / solSize=50311
  idx=129  idx=47514 / solSize=50311
LAYER=50311
LAYER=127 / layers=129  idx=106
107LAYER=50311129LAYER=60 / layers=129  idx=39669 / solSize=3494441308 / layers=8518996429LAYER=  idx= / solSize= / layers= / layers=LAYER= / solSize=50311
109
 / solSize= / layers=129  idx=28448 / solSize=50311
LAYER=5031150311
129 / layers=50311LAYER=48460120LAYER=503111291881129  idx=14850 / solSize= / solSize=  idx=
 / solSize=50311
51LAYER=91 / layers=115 / layers=129  idx=10584 / solSize=50311
LAYER=6158 / layers=50311
27645LAYER= / layers=129129129  idx=98129  idx=7052 / solSize=50311 / layers=LAYER=
 / solSize=6146
 / layers= / solSize= / layers=50311LAYER=LAYER=  idx=  idx= / layers=27595  idx=129
  idx=503111209716183 / solSize=1657712950311LAYER= / solSize= / layers=42577
 / solSize=50311  idx=
 / layers=682539950311
129 / solSize=50311
LAYER=68 / layers=129129
LAYER= / layers=LAYER=129 / layers=  idx=  idx=104LAYER=113 / layers=129  idx= / solSize=111 / layers=129  idx=1309912955 / layers=LAYER=129  idx=LAYER=12921229 / layers=50311  idx=  idx=1444 / layers=129129  idx=181041220543861 / solSize=
LAYER=  idx=40085 / solSize=  idx=12939195 / solSize=50311
LAYER=79 / layers=129  idx=31699 / layers=  idx= / solSize= / solSize=36273503112208939280 / solSize= / solSize= / solSize=44522 / solSize=5031112950311
LAYER=77 / solSize=
 / solSize= / solSize=503117250311
  idx=719850311 / layers=129  idx=32476 / solSize=50311
LAYER=45 / layers=129  idx=LAYER=54 / layers=129  idx=41674 / solSize=50311
503115031150311
  idx=LAYER=
  idx=44321


 / layers=LAYER=5031150311 / solSize=
LAYER=97 / layers=LAYER= / solSize=50311

49712LAYER=LAYER=5536256
LAYER=LAYER=LAYER=12894 / layers=129  idx=23864 / solSize=127129 / layers= / solSize=50311102 / layers=12950311 / solSize=LAYER=129 / layers=50311
LAYER=110 / layers=129  idx=137779138  idx=50311129125  idx=41264  idx=129  idx=1373 / solSize=50311
 / layers=LAYER= / layers=129  idx=45921 / solSize=50311


50311  idx=
 / layers=21865 / solSize= / layers=34687LAYER=39LAYER=7219220
129  idx=2093 / solSize=50311
 / solSize= / solSize=129  idx=LAYER= / layers= / layers=685031134LAYER=503111293523 / solSize=LAYER=LAYER=129 / layers= / solSize=LAYER=
 / solSize=1294136850311
 / layers=LAYER=58 / layers=129  idx=40307 / solSize=50311
LAYER=84129503111150311
LAYER=36 / layers=129  idx=54  idx=
  idx=

 / solSize=LAYER=50311 / layers=1189134696LAYER=12950311
LAYER=
LAYER=9712946509 / layers=129  idx=25203 / solSize=50311
  idx= / layers=129  idx=8352 / solSize=50311
 / layers=LAYER=64 / layers=129  idx=378741244564567 / layers=  idx=107LAYER=46845  idx= / solSize= / solSize= / layers=129  idx=22225 / solSize=50311
41612 / layers=68  idx=6250311 / layers=
 / solSize=36628 / solSize=50311
 / layers=LAYER=129 / solSize=2530050311LAYER=129129  idx=29007 / solSize=50311
LAYER=65 / layers=129  idx=49918 / solSize=50311
50311 / layers=
 / solSize=LAYER=129129  idx=446294  idx=36841 / solSize=50311
LAYER=121 / layers=129  idx=6286 / solSize=50311
LAYER=99 / layers=50311 / solSize=LAYER=120  idx=  idx=37802 / solSize=50311
LAYER= / layers=LAYER=129
50311 / layers=15872LAYER=12962  idx=
 / solSize= / layers=129LAYER=115 / layers=129  idx=10764 / solSize=50311
LAYER=12977 / layers=129  idx=50311LAYER=38896 / layers=129 / solSize=119  idx=32610
 / solSize=50311
LAYER=129 / layers=LAYER=1278350311
  idx=129  idx= / layers=207975031184 / solSize=129LAYER=122 / layers=129  idx=5957 / layers= / layers=36543 / solSize=
 / solSize=
50311
LAYER=87 / layers=129  idx=27586 / solSize=50311
LAYER=111 / layers=129  idx=13613 / solSize=  idx=38706 / solSize=LAYER=38129129  idx=  idx=51 / solSize=50311
50311
  idx=50311  idx=50311 / solSize= / layers=129129  idx=LAYER=42445690835 / layers=LAYER=
50311 / layers= / solSize=7473 / solSize=50311
LAYER=108 / layers=129  idx=12923526114 / layers=1590

LAYER=129LAYER=50311 / layers= / solSize=50311129315  idx=  idx=95 / layers=129  idx=23118 / solSize=50311LAYER=50311129127  idx=11083 / solSize=50311
LAYER=72 / solSize=29866 / solSize=50311
  idx=LAYER=

  idx=15313
 / solSize= / layers=45967102 / solSize=46576 / solSize=50311
LAYER=69 / layers=LAYER=1045031110750311 / solSize=LAYER=50311
 / layers= / solSize=29383129 / layers=129  idx=17768 / solSize=50311
LAYER= / layers=


LAYER=42 / layers=1298450311
LAYER=LAYER=98 / layers=129  idx=21492 / solSize=50311
LAYER=3450311 / solSize=54 / layers=129  idx=41698 / solSize=50311
LAYER=102 / layers=129  idx=18889 / solSize=12939 / layers=129LAYER= / layers=LAYER=129 / layers=
LAYER=44 / layers=129  idx=44445 / solSize=50311
  idx=50311
LAYER=  idx=  idx=2350311113  idx=129  idx=29264 / solSize=50311
LAYER=LAYER=45020LAYER=71 / layers=129  idx=35323 / solSize=36114 / solSize=50311
LAYER=LAYER=108 / layers=129  idx=15624 / solSize= / layers=
 / layers=16074129 / layers=7527 / solSize=50311
LAYER=106 / layers=129  idx=12950311
LAYER=111 / layers=4582640 / layers=129  idx=36  idx=LAYER=98 / layers=129  idx=12950  idx= / layers= / layers=129  idx=48169 / solSize=50311
LAYER=91 / layers=129  idx=25204 / solSize=50311
12945417  idx=19214 / solSize=50311
LAYER=109 / layers=129  idx=14433 / solSize=50311
129 / layers= / solSize=16496  idx=12170129 / solSize=1709 / solSize=  idx=129LAYER=2146012950311 / layers= / solSize=503111320650311LAYER=
 / solSize=3483350311LAYER= / solSize=  idx= / solSize=
  idx=7550311
12290 / layers=129  idx=25952 / solSize=50311
LAYER=85 / layers=129  idx=28659 / solSize=4866950311
LAYER=91 / layers=LAYER=  idx= / layers=129  idx=33637 / solSize=LAYER=LAYER=5031150311  idx= / solSize=129  idx=25688 / solSize= / solSize=73 / layers=

50311127 / layers=12950311503115031112946508LAYER=
129  idx=50311
LAYER=89 / layers=129  idx=26759 / solSize=  idx=
11733406LAYER=34409
 / solSize=42780LAYER=123
 / solSize=50311
50311 / solSize=
 / solSize=123 / layers=129  idx=  idx=4682 / solSize=50311
50311
LAYER=77 / layers=129  idx=LAYER=32589 / solSize=
 / layers=129  idx=4898 / layers=
LAYER=87 / layers=12911250311LAYER=16114146872 / solSize=50311
LAYER=LAYER=50311LAYER= / layers=LAYER=19 / layers=129  idx=49244 / solSize=LAYER=50311 / solSize=50311
LAYER=LAYER=124129
129108  idx=106
 / layers=LAYER=48 / layers=129  idx=43482 / solSize=50311
 / solSize=9983 / layers=129  idx=29481 / solSize=  idx= / layers=129  idx=4449 / solSize=LAYER= / layers=503119
1295031150311 / solSize=12027657
 / layers=LAYER=  idx= / layers=54  idx=50311
 / layers=LAYER=114129LAYER= / layers=129

45344LAYER=1297432  idx=245397LAYER=96129 / solSize=85 / layers=129  idx=28787 / solSize=50311
LAYER=105 / layers=129  idx=50063 / solSize=LAYER=129 / solSize= / layers=  idx= / layers=50311 / layers=107  idx=  idx=20880 / solSize=50311
 / layers=129LAYER= / layers= / solSize=17126 / layers=129  idx=129129  idx=41679 / solSize=50311
 / solSize=1294450311 / layers=50311 / solSize=50311
LAYER=  idx=50311129  idx=
941915388
LAYER=7750311  idx=
129
129  idx= / solSize=LAYER=28 / layers=129
109  idx=LAYER=111 / layers=129  idx=13659 / solSize=LAYER= / layers=1587016675 / solSize=50311
 / solSize=50311
746211237  idx=48026 / solSize=50311
 / layers=LAYER=4855722676503111296050311 / solSize=50311
50311  idx= / solSize=50311
LAYER=
 / solSize=  idx= / layers= / solSize=LAYER=
LAYER= / layers=LAYER=LAYER=119LAYER=3249088 / layers=129  idx=27015 / solSize=
 / solSize=LAYER=112 / layers=129  idx=12654 / solSize=50311
4722593119129 / layers=129  idx=7860 / solSize=50311
50311 / solSize=50311
50311LAYER=50311100 / layers=86LAYER=129LAYER=

124 / layers=129  idx=50311
LAYER=69 / layers=129  idx=35925 / solSize=50311
 / layers= / layers=46 / layers=129  idx=43907 / solSize=50311
105LAYER=  idx=129LAYER=  idx=129  idx=8146 / solSize=50311
LAYER=79 / layers=62129  idx=20378LAYER=LAYER= / solSize=
89 / layers=129  idx=44555LAYER= / layers=129833961750311
LAYER=105 / layers=LAYER=118 / layers=129  idx=8362 / solSize=50311
  idx= / solSize=50311
2633492 / layers=129  idx=24704 / solSize=50311
LAYER=LAYER=96 / layers=129  idx=22816 / solSize=50311 / layers=  idx=129129 / solSize=50311
LAYER=119 / layers=129  idx=7804 / solSize=50311
LAYER=107 / layers=129  idx=16049 / solSize=50311
LAYER=24315 / solSize=
 / solSize= / layers=129  idx=3823 / solSize=LAYER=31544627871 / layers=97129LAYER=5031177 / solSize=LAYER= / layers= / solSize=5031112950311
LAYER=100 / layers=129  idx=1025031170 / layers= / layers=129  idx=32371 / solSize= / solSize=129  idx=129 / layers=12850311
LAYER=116 / layers=  idx=129  idx=35541 / solSize=50311
129  idx=129
  idx= / layers=129  idx=9668
129  idx=17315 / layers=LAYER=
  idx=38655 / solSize=50311
LAYER=41 / layers=129  idx=45163 / solSize=50311
20162  idx= / solSize=LAYER=LAYER=93 / layers=129 / solSize=  idx=1711497LAYER=18994220351440650311
LAYER=98 / layers=129  idx=21584 / solSize=5020450311  idx= / layers=50311 / solSize= / layers= / solSize= / solSize= / solSize=
24343503112970945
5031150311
LAYER=97 / layers=129  idx=50311LAYER=50311 / solSize=50311
LAYER=42 / layers= / solSize= / solSize= / layers=129  idx=44105 / solSize=50311
LAYER=10 / layers=37129
129LAYER=
129
 / solSize=50311
LAYER= / layers=  idx=104  idx=863 / solSize=50311
LAYER=117 / layers=129  idx=9459LAYER=61 / layers=129  idx=39173 / solSize=50311
LAYER=67 / layers=129  idx=50311LAYER=59 / layers=129  idx=40020 / solSize=129102127 / layers=129  idx=1697 / solSize=50311
LAYER=115 / layers=12921883 / solSize=50311
LAYER=103 / layers=129  idx=18600 / solSize=368455031150311  idx=46103 / solSize=50311
LAYER=LAYER=  idx=
 / layers=LAYER=5031150311 / layers=21918
 / solSize=94 / layers=LAYER=92
 / solSize=50311

129121  idx=11350311
LAYER=112 / layers=96 / solSize=

12910398129129  idx=12401 / solSize=50311
LAYER= / layers=LAYER=129  idx=LAYER=111 / layers=129  idx=13182 / solSize=  idx=LAYER=  idx=50037 / solSize=50311
129LAYER=75 / layers= / layers=129  idx=2482987LAYER= / layers=1784619029 / solSize=79129  idx= / solSize= / layers=129127  idx= / layers= / solSize=129  idx=6245 / solSize=50311
LAYER=112 / layers=129  idx=12661 / solSize=50311
7450311 / layers=50311  idx= / solSize=  idx=LAYER=23639 / solSize=50311
50311LAYER=50311

50311129
129  idx=2742782
116 / layers=33602 / solSize=LAYER=111 / layers= / layers=31708129 / solSize=LAYER= / layers=LAYER= / solSize=12945133LAYER=LAYER= / solSize=50311
LAYER=126 / layers=129  idx=2742 / solSize=50311
LAYER=129LAYER=50311
LAYER=37 / layers=129
 / solSize=118106 / layers=129128  idx=12950311113 / layers=129  idx=11826 / solSize=50311  idx=50311
109111  idx= / layers=129  idx= / layers=  idx=
LAYER=4615316815 / solSize=50311
 / layers=50311  idx=10217129
129 / layers=907
13364 / solSize=50311  idx=8839LAYER=LAYER=  idx= / solSize=  idx=  idx= / solSize=129LAYER=
63111 / layers=129  idx=13484 / solSize=50311
LAYER=115 / layers=1299312930117LAYER=LAYER=  idx=1461322457 / layers=129  idx=38262 / solSize=  idx= / solSize=340645031112650311128 / solSize=LAYER= / solSize=13266 / solSize=

LAYER=285031122138650311
5031150311  idx= / solSize= / layers= / solSize=5031150311
50311LAYER=113 / layers=
LAYER=86106 / layers=129  idx=16354 / solSize=
129 / layers=50311
 / layers=
 / solSize=LAYER= / layers=LAYER=
LAYER=  idx=1217 / solSize=50311
LAYER=47 / layers=129  idx=43634
 / layers=6150311
LAYER=87 / layers=129  idx=27421 / solSize=50311
LAYER= / solSize= / layers=LAYER=102129LAYER=1066850311129 / solSize=LAYER=1295031111133  idx=2544 / solSize=50311
103
 / layers=80120 / layers=129  idx=6817 / solSize=50311
  idx=LAYER=84 / layers=129  idx=29294 / solSize=50311
129
 / layers=129  idx=47029 / solSize=LAYER=129 / layers=129  idx=18547 / solSize=50311
LAYER=35 / layers= / layers=129LAYER=  idx=LAYER=LAYER=50311
LAYER=  idx=129  idx=31072 / solSize=50311
 / solSize=129 / layers=47894  idx=LAYER=781055912927903 / solSize=50311
5031128031  idx=50311
LAYER=70 / layers=129  idx=35566 / solSize=50311
 / layers=12952 / layers=129  idx=42280 / solSize=50311
LAYER=13 / layers= / layers=40LAYER=
 / layers=  idx=39111 / solSize=50311
115129  idx=18936 / solSize= / layers=129  idx=32188 / solSize=50311
  idx=129  idx=49771 / solSize=50311
  idx= / layers=129  idx=4548812036LAYER=64 / layers=129  idx=38056 / solSize=50311
LAYER=39LAYER=24289 / solSize=50311LAYER=LAYER=129 / solSize= / solSize=99 / solSize= / layers=LAYER=12346736117 / layers=129  idx=9159 / solSize= / solSize=50311 / layers=LAYER=1362650311129110 / layers= / layers=50311  idx=
503115031150311
83
 / solSize= / layers=129  idx=13836 / solSize=
129
92  idx=LAYER=12950311
39860 / layers=
LAYER=64 / layers=129  idx=38021 / solSize=
12917412 / solSize= / layers=74  idx=LAYER=LAYER=12950311  idx=5031150311  idx=129  idx=24829 / solSize=4745700 / solSize=
29667LAYER=LAYER=50311129
LAYER=128 / layers=129  idx=1378 / solSize=50311
LAYER=112 / layers=129  idx=12736 / solSize=50311
LAYER=53 / layers=129  idx= / layers=129  idx=43819 / solSize=50311
LAYER=86 / layers=129LAYER= / solSize= / layers=128113 / solSize=50311
10632  idx=20816 / solSize=50311
  idx=LAYER=  idx=50311
104129
LAYER= / layers=129  idx=11963 / solSize=50311 / solSize=41927 / layers=7027870LAYER=  idx=LAYER=LAYER=12669 / solSize=50311
LAYER=LAYER=89 / layers=129  idx=26412 / solSize=4562 / solSize=
 / solSize=
 / layers= / layers=1297565 / layers=129  idx=37697 / solSize=50311
 / layers=50311122LAYER=337685031112950311129  idx=2632 / solSize= / layers=50311 / layers=129  idx= / solSize= / solSize=
  idx=
50311
49
12350311129 / layers=33494 / solSize=LAYER=50311LAYER=36052 / solSize=50311
LAYER=127 / layers=129  idx=LAYER=LAYER=
LAYER=  idx=LAYER=129
12950311120 / layers= / layers=86 / layers=376712447 / layers=129  idx=  idx=  idx=17580 / solSize=LAYER=  idx=50311129129  idx=7261 / solSize=50311 / layers=
1715503113544788 / layers=129  idx=27258 / solSize=50311
LAYER=
LAYER=110
LAYER=84 / layers=43663129 / layers= / solSize=LAYER=
 / solSize= / layers= / solSize=1102 / layers=129  idx=4848 / solSize=50311
LAYER=60LAYER=125 / layers=129  idx=3514 / solSize=50311
LAYER=50311
LAYER=23 / layers=129  idx=LAYER=  idx=
50311129  idx=37016 / solSize=5031180
 / layers=LAYER=126 / layers=129  idx=2384  idx=592973 / layers=129  idx=34259 / solSize=50311
LAYER=129 / solSize=
LAYER= / layers=46121 / solSize=1825  idx=LAYER=50311
129129129 / solSize= / solSize=50311 / layers=1391948739  idx=102  idx=50311
50311
 / layers=129 / solSize=50311
  idx= / solSize=LAYER=29243 / solSize=50311
8543217LAYER= / layers=129  idx=501 / solSize=50311
2813339630LAYER=LAYER= / layers=LAYER=129 / solSize=50311
LAYER=56LAYER=
 / solSize=50311
LAYER=62 / layers=129928850311129129  idx=19126 / solSize= / layers=  idx=49325 / solSize=50311
LAYER=73 / layers=129  idx=3411550311LAYER= / solSize=12 / layers=  idx= / layers=
 / layers=94129 / solSize=
129 / layers=4234 / solSize=116 / layers=50311129  idx=LAYER=50311127  idx=48369 / solSize=50311
LAYER=83129  idx=49871 / solSize=50311
50311129  idx= / layers=LAYER= / layers=129  idx= / layers=129  idx=29781129 / layers=3863912928534 / solSize=50311
LAYER=126129  idx=50311

129  idx=LAYER= / solSize=  idx= / layers=31135115  idx=LAYER=9679  idx=50311
4158 / layers=129  idx=45384 / solSize=50311
 / layers=LAYER=118 / layers=129  idx=8595 / solSize=50311
LAYER=89 / layers=129  idx=26704 / solSize=50311
23928 / solSize= / solSize=50311
LAYER=114 / layers=129  idx=11089 / solSize= / layers=LAYER=87 / layers=129  idx=27501 / solSize=50311
 / solSize=40940 / solSize=50311
LAYER=LAYER=109 / layers=129  idx=14766 / solSize= / layers=50311129
18161296312924670
129LAYER=59LAYER= / solSize=  idx=3014 / solSize=50311
LAYER=106 / layers=129  idx=16725 / solSize=50311
LAYER=114 / layers=129  idx=11335 / layers=129  idx=38547 / solSize=50311  idx=27272 / solSize=50311
LAYER=129 / solSize=  idx=40103 / solSize= / solSize= / layers=
41LAYER=  idx=77 / solSize=  idx=
50311
50311LAYER=110 / layers=129  idx=13850 / solSize=50311
LAYER=119 / layers=12950311 / layers=110 / layers=129  idx=13997 / solSize=5031150311LAYER=1295031150311  idx=LAYER=39 / layers=129  idx=45799 / solSize=50311
80LAYER=
5031112950311LAYER=
10726 / layers=117 / layers=129  idx=0 / layers=129  idx=31199 / solSize=50311
LAYER=40 / layers=129  idx=45465 / solSize=50311
LAYER=92
7973
 / solSize=50311

129 / solSize=

 / layers=LAYER=LAYER=74 / layers=129  idx=33797 / solSize=LAYER=LAYER=9069  idx=22
110 / solSize=LAYER=19 / layers=117LAYER= / solSize=  idx=34 / layers=129  idx=46836 / solSize=50311
LAYER=57 / layers=129  idx=40419 / solSize=50311
LAYER=1995LAYER=50311
LAYER=12950 / layers=129  idx=42670 / solSize=50311
LAYER=79 / layers=129  idx=31363 / solSize=50311
LAYER=82 / layers=129  idx=30115 / solSize=50311
LAYER=117 / layers=129  idx=9396 / solSize=50311
  idx=12945361 / solSize=50311
LAYER=107 / layers=50311LAYER= / layers= / layers=  idx=LAYER=50311LAYER=39769  idx=50311105 / layers=129903232712973 / layers=129  idx=34141 / solSize=50311
129LAYER=54 / layers=129  idx=41639 / solSize=50311
 / solSize=
LAYER=54 / layers=129  idx=106  idx= / layers=129 / solSize=50311
LAYER=38
  idx=23067 / solSize=  idx= / layers=5031124700129
 / layers=LAYER=85 / layers=129  idx=28493 / solSize=50311
 / layers=15910 / solSize=49178
129 / layers=  idx=LAYER=129 / layers=129  idx=97 / solSize=50311
LAYER=129 / layers=129  idx=1295031112950311 / solSize=LAYER=127 / layers=129  idx=1916 / solSize=50311
  idx=LAYER=1294149613988 / solSize=50311
LAYER=194 / solSize=LAYER=17023
5031148857  idx= / solSize= / solSize=50311
LAYER=42 / layers=129  idx=LAYER=61 / layers=129  idx=95
 / layers=
LAYER=LAYER= / solSize=9258  idx=5031139048LAYER=115  idx=  idx= / layers=73450795725775 / solSize= / solSize=50311
88 / layers=1291295031112750311129  idx=23315 / solSize=50311
LAYER=16588 / layers=129  idx=40576 / solSize=50311

LAYER=LAYER=  idx= / layers=  idx= / layers=49203
 / layers=52LAYER= / solSize=123 / layers=104 / layers=1294587310917129 / solSize=5031150311129 / layers=129  idx=290 / solSize=50311
LAYER=129 / layers=129  idx=387 / solSize=50311
LAYER=129
129  idx=4722 / solSize=50311
 / solSize= / solSize=50311
 / solSize=  idx=2078 / solSize=LAYER=129
 / solSize= / layers=129  idx=50311
 / layers=8991  idx=LAYER=LAYER=48450311  idx=LAYER=129  idx=42322 / solSize=50311121 / solSize=12950311
 / solSize=271475031150311 / layers=LAYER=50 / layers=129LAYER=50311
 / layers=LAYER=122 / layers=129  idx=5488 / solSize=50311
 / solSize=50311
LAYER=93  idx=47
 / layers=LAYER=12918161LAYER=124 / layers=12950311
10179 / layers=129  idx=43795 / solSize=  idx= / layers=42815  idx=6548129
 / solSize=LAYER= / layers=12934173 / solSize=50311
12950311
LAYER=102 / layers=129  idx=18985 / solSize=50311

LAYER=LAYER=
9094  idx= / solSize=  idx=  idx=LAYER=50311 / solSize=LAYER=102 / layers=120 / layers=
503112441825479 / solSize=50311129129129  idx=24056110LAYER= / layers=
LAYER=84 / solSize=50311
LAYER=16 / layers=129  idx=49532 / solSize=50311
LAYER=90  idx=4496 / solSize=50311
LAYER=121LAYER=LAYER=  idx=26508129
 / layers= / layers=129  idx=50311 / layers=120106 / layers=
 / solSize=50311
LAYER=128 / layers=129  idx=1112 / solSize=50311
LAYER=70 / layers=129  idx=35558 / solSize=50311LAYER= / solSize= / layers=129 / layers=129  idx=
1203819101129129  idx=19527 / solSize=50311129  idx= / layers=2588050311LAYER= / solSize= / layers= / layers=129  idx=LAYER=  idx=7081
 / solSize=
21 / layers=50311 / layers=7114401291291416229173  idx=129
 / solSize= / solSize=50311
129  idx=16520  idx=
LAYER=  idx=12950311LAYER= / solSize=  idx=580LAYER= / solSize=50311
LAYER=129 / layers=129  idx=677 / solSize=50311
  idx=7312LAYER=117 / layers=129  idx=LAYER=121 / layers=  idx=74 / layers=5031131730 / solSize=
25880 / solSize=129105 / layers=129 / layers=129  idx=33856 / solSize=50311
 / solSize= / solSize=50311
6424LAYER=92 / layers=129  idx=25071 / solSize=50311
LAYER=128 / layers=50311LAYER=84  idx=6685 / solSize=50311
LAYER=529483  idx= / layers=50311 / solSize=

LAYER=49 / layers=12948939  idx=43139 / solSize=50311
LAYER=1295031116976129
50311LAYER= / solSize=50311
LAYER=LAYER=94 / layers=129  idx=23980 / solSize=  idx= / solSize=12950311  idx=Update boundaries
 / layers=58
 / solSize=503119445896 / solSize=50311
LAYER=87 / layers=129  idx=27399 / solSize=50311
LAYER=5031111515 / solSize= / layers=
50311
LAYER=
106  idx=UPDATE VOLTAGE START
LAYER=119 / layers=129  idx=7678 / solSize=50311
115LAYER=50311 / layers=129129LAYER=LAYER= / layers=129  idx=16745 / solSize=938
 / layers=45620 / layers= / layers=  idx=105 / layers=129  idx=17044 / solSize=50311
 / layers=LAYER=50311 / solSize=50311
129LAYER=LAYER=119129 / solSize=129LAYER=129  idx=23783 / solSize=

  idx= / layers=503118749621
61LAYER=94 / layers=129  idx=23610 / solSize=50311
LAYER=121 / layers=129  idx=6118 / solSize=50311
LAYER=85 / layers=12950311  idx=89LAYER=108 / layers=129  idx=15569 / solSize=50311
LAYER=LAYER=  idx= / solSize=50311
LAYER=75 / layers=129 / layers= / layers=129
55
10468123  idx=129129  idx=129  idx=LAYER=40349[BC] updateElectrodeVoltage( / layers=  idx=10976 / layers=10643 / solSize=  idx= / layers=0) V=129 / layers=LAYER=39104 / solSize=  idx=1295031133562129 / solSize=  idx=01295031129018  idx=
972748250311284668014
LAYER=128 / layers=129  idx=1374 / solSize=5031141197 / layers=42185 / solSize=50311
LAYER= / solSize=50311
129
  idx= / solSize=50311
 / solSize= / solSize= / layers= / solSize=LAYER= / solSize=129  idx= / layers=LAYER= / solSize= #verts=5031150311
12985LAYER=4898  idx=
31 / layers=129  idx=47344 / solSize=50
LAYER= / layers=129  idx=0 / layers=17717364351295031150311LAYER=100 / layers=129LAYER=124100 / solSize=  idx=129 / solSize=  idx=

LAYER=
  idx=118 / layers=129  idx=503112002626364  idx= / solSize=LAYER=54617 / solSize=50311
LAYER=LAYER=3120284 / solSize= / layers=5031112928857 / solSize=50311
LAYER=48 / layers=71 / layers=129  idx=41570 / solSize= / layers=50311
129 / solSize=503115031158129  idx=129  idx=3970 / solSize=50311
50311LAYER=
LAYER=5031150311
 / solSize= / layers=  idx=LAYER=43276 / solSize=50311
LAYER=70 / layers=  idx=115129 / layers=
 / layers=[BC] solutionVector finite after write? LAYER=21918129  idx=8718 / layers=yes129 / solSize= / solSize=50311
LAYER=120102
LAYER=
 / solSize=
50311 / layers= / layers=50311 / layers=129129
35526129  idx=LAYER=

129  idx=18857 / solSize=50311
LAYER=121 / layers=129  idx=6718 / solSize=  idx=50311121 / solSize=50311
LAYER=LAYER=40175 / solSize=50311
LAYER=66 / layers=129  idx=37158 / solSize=121 / layers=129  idx=6158 / solSize=LAYER=LAYER=118 / layers=129  idx=8827 / solSize=50311
LAYER=124 / layers=129  idx=
  idx= / layers=5031147410 / solSize=50311
LAYER=111 / layers=129  idx=13511 / solSize=50311
LAYER=120 / layers=29100LAYER=464010 / solSize=UPDATE VOLTAGE END 35264  idx=LAYER=

50311 / layers=129  idx=47831 / solSize=50311
5031150311
 / layers=12946 / layers=129 / layers=
129LAYER=

129  idx=43971 / solSize=50311
 / solSize=59LAYER=  idx=LAYER=10 / layers=129  idx=50015 / solSize=  idx=44LAYER=109 / layers=129  idx=14361 / solSize=50311
LAYER=LAYER=96 / layers=129  idx=22899 / solSize=50311
LAYER=40 / layers=129  idx=45573 / solSize=50311
LAYER=76 / layers=129  idx=50311
LAYER=3412511310573 / solSize=50311
UPDATE VOLTAGE STARTLAYER=  idx=110 / layers=129  idx=14090 / solSize=50311
129LAYER=4312972399750311LAYER= / layers=129  idx=12155 / solSize=50311
LAYER=86 / layers=129  idx=28293 / solSize=50311
  idx=32909 / layers= / solSize=
129LAYER=106 / layers=  idx=43954 / solSize=50311
LAYER=23 / layers=129  idx=48676 / solSize= / layers= / solSize=50311
LAYER=63 / layers=129  idx=38521 / solSize=50311
LAYER=111 / layers=129  idx= / solSize=6211LAYER=50311
LAYER=129 / layers=129  idx=194 / solSize=50311
LAYER=129 / layers=129  idx=290 / solSize= / layers=118129  idx=46877 / solSize=50311
737750311
119 / layers=129  idx= / solSize=7839LAYER=13626 / layers=129  idx=LAYER= / solSize=50311
129LAYER=80 / layers=129  idx=30977118[BC] updateElectrodeVoltage(  idx=5031141 / solSize=129368350 / layers=129  idx=826850311
50311129 / solSize= / layers= / layers=129  idx=46508 / solSize=
20282 / solSize=LAYER=129 / layers=129  idx= / solSize=38750311
 / layers=50311150311
 / solSize=50311 / layers= / solSize=50311
50311129) V=129-0.0642745 #verts=50
[BC] solutionVector finite after write? yes
  idx=LAYER=
LAYER=LAYER=LAYER=  idx=  idx=44658 / solSize=50311
  idx=12912394LAYER=39999104 / layers=129  idx=18152 / solSize=50311

44435 / solSize=50311

  idx=  idx=3121 / layers=82
 / solSize=LAYER=16822 / solSize=45209 / solSize=50311
 / layers= / layers=LAYER=LAYER=92
 / solSize= / solSize=50311
90UPDATE VOLTAGE END 1299150311129LAYER=LAYER=50311
LAYER=
  idx= / layers=129LAYER=  idx=11950311LAYER= / layers=50311
UPDATE VOLTAGE START  idx=30086 / solSize=5031123603 / layers=129  idx=8175 / solSize=50311
LAYER=
98111107
129LAYER=129 / layers=129  idx=484 / solSize=50311
LAYER=129 / layers=LAYER=
100 / layers=129  idx=LAYER=2042412978  idx=57103 / layers= / layers= / solSize=4834  idx= / layers=129  idx=LAYER=25307 / solSize=50311
LAYER=128 / layers=129  idx=1086 / solSize=50311
LAYER=78 / layers=129  idx=31897 / solSize=50311 / layers=129  idx=129 / layers=129  idx=LAYER= / solSize=50311
LAYER=95 / layers=129  idx=23479 / solSize=50311
LAYER=67 / layers=129  idx=89 / layers=129  idx=26671 / solSize=50311
LAYER=26269LAYER=
LAYER=115129  idx=13398 / solSize=50311 / layers=
24853503111293664232067 / solSize= / solSize= / solSize= / layers=129129 / solSize=50311
LAYER=
69 / solSize=92
  idx=18331  idx=127  idx=61 / layers=129  idx= / layers=50311
LAYER=116 / layers=111[BC] updateElectrodeVoltage( / layers= / layers=129 / solSize=2151250311129LAYER=129  idx=1748235920 / solSize= / layers=50311  idx=15900
  idx=24837 / solSize=50311
 / solSize=5031110309129  idx= / solSize=12958050311
LAYER=21 / layers=129  idx=48956 / solSize=5031150311  idx=
  idx= / layers= / solSize=50311
LAYER=129 / layers=50311
LAYER=85 / solSize=
LAYER=9710005LAYER=) V=4058812912950311LAYER=93 / layers=129  idx=24397 / solSize=50311
 / solSize=13425 / layers=129  idx=22237 / solSize=50311
83-1.12396 #verts=51
[BC] solutionVector finite after write? yes
UPDATE VOLTAGE END 114 / solSize=50311
  idx=
50311  idx=677 / solSize= / layers= / layers=129  idx= / layers=LAYER=
LAYER= / solSize=5031112950311
LAYER=7738993129  idx=11521 / solSize=50311
LAYER=108 / layers=129  idx=15413 / solSize=LAYER=81LAYER=2946950311
LAYER=LAYER=
 / solSize=LAYER=
71121 / layers=
90 / layers=UPDATE VOLTAGE START / solSize=
10450311
LAYER=36 / layers=129  idx=46525 / solSize=50311
LAYER=89 / layers=129  idx=26594 / solSize=50311
129LAYER=96 / layers=129  idx=22761 / solSize=50311
LAYER=118 / layers= / solSize=50311

LAYER=73 / layers=129  idx=LAYER=34250LAYER= / layers=  idx= / layers= / layers= / layers=12950311
74 / solSize=9712928767LAYER=26129 / layers=  idx= / layers=  idx=LAYER=1295031177 / layers=129  idx=32623 / solSize=50311
LAYER=86 / layers=129  idx=28345 / solSize=50311
LAYER=  idx=5031130572 / solSize=50311
25LAYER=91 / layers=129  idx=25500129 / solSize=  idx=  idx=34984 / solSize=129129  idx=129[BC] updateElectrodeVoltage(8817503116053  idx=21796 / solSize=Update boundaries363
 / solSize= / layers=
17890 / solSize=50311  idx= / solSize=50311
50311
 / layers=

UPDATE VOLTAGE START25906 / layers=129  idx=503115031132600 / solSize=50311
LAYER=  idx=129  idx=48237 / solSize=50311
LAYER=71 / solSize=50311
LAYER=
LAYER=
LAYER=82 / layers=129  idx=30216 / solSize=50311
3389790 / layers= / solSize=48420LAYER=LAYER=LAYER= / layers=129  idx=34982 / solSize=50311
LAYER=109LAYER=97 / layers=129  idx=22180 / solSize=50311
) V=111LAYER= / solSize=5031155
 / layers=22LAYER=
86 / layers=LAYER=0.9859657150311
12982129  idx= / layers=14962129 / solSize= / layers=118 / layers=129 / layers=[BC] updateElectrodeVoltage(  idx= / solSize=50311
LAYER=92 / layers=129  idx=24813 / solSize=50311
LAYER=104LAYER=129  idx= #verts=129120 / layers= / layers=90  idx=4882938398LAYER=0129
 / layers= / layers=129  idx=26018 / solSize=5031150311 / solSize= / solSize=88) V= / layers=283120129LAYER=91 / layers=129  idx=25351 / solSize=50311
LAYER=105 / layers=129  idx=

  idx= / layers=  idx=1291181291729050311  idx=1291306912941366 / layers=  idx=35024 / solSize=50311LAYER=
LAYER=30 / layers= / solSize=50311
LAYER=103 / layers=129129  idx=30203 / solSize=129  idx=8340 / solSize=50311
  idx=LAYER=63 / layers=129  idx= / solSize=3826750311LAYER=49 / layers=129  idx=  idx= #verts= / solSize=  idx=8770 / solSize=5050311
LAYER=89 / layers=129  idx=1101295050311
50311 / solSize=260102645143079 / layers= / solSize=  idx=50311

LAYER=LAYER=124 / layers=129  idx=4038 / solSize=50311
LAYER=101 / layers=129  idx=19829 / solSize=50311
 / solSize=LAYER=50311  idx=50311

LAYER=123 / layers=129  idx=4927 / solSize=102 / solSize=[BC] solutionVector finite after write? yes
UPDATE VOLTAGE END 
UPDATE VOLTAGE START
[BC] updateElectrodeVoltage(
50311
LAYER=76 / layers=129  idx=33133 / solSize=50311
2727047687 / solSize=50311
LAYER=33 / layers=129  idx=47030 / solSize=69LAYER=121 / layers=129  idx=6317 / solSize=50311
LAYER=120 / layers=129  idx=6894 / solSize=18126  idx= / layers=12950311
129LAYER=
 / layers=5031118177  idx= / solSize=50311
1
LAYER=28 / solSize=  idx=[BC] solutionVector finite after write? 1296888 / solSize=18942 / solSize=50311
LAYER=102
LAYER=) V=5031150311yes
LAYER=LAYER= / layers=12550311LAYER= / solSize=13715 / solSize=96UPDATE VOLTAGE END  / layers=
2567
50311
LAYER=25 / layers=  idx= / layers=129  idx=22417 / solSize=50311
LAYER=85
129-1.27066
12964
36121UPDATE VOLTAGE START50311LAYER=LAYER=LAYER= #verts=50
 / solSize=[BC] solutionVector finite after write? LAYER= / layers= / layers=  idx=
801291205031119252LAYER= / layers=91  idx= / layers=yes / layers=12950311  idx=129
 / solSize=
 / layers=129
UPDATE VOLTAGE END 
6886  idx=48374 / solSize=50311
LAYER=65LAYER=93 / layers=129[BC] updateElectrodeVoltage(50311129121  idx=  idx=25632 / solSize=50311
LAYER= / layers=12959  idx=4
3656 / solSize=50311

50 / layers=129  idx= / solSize=  idx=36841 / solSize= / layers=48412) V= / solSize= / layers=LAYER=UPDATE VOLTAGE START42860 / layers=  idx= / layers=129129-1.31691LAYER=5031112950311 / solSize=24634  idx=815031147894  idx=
 / solSize=5031111528440 / solSize=50311
LAYER=129 / layers=129  idx=0 / layers=
LAYER=20 / layers=129  idx=49073 / solSize=50311
LAYER=37 / layers=129  idx=46118 / solSize=50311
129 / solSize=50311
LAYER=37834 / solSize=
50311
 / solSize=129 / solSize=LAYER=  idx=LAYER=LAYER=  idx=
LAYER=125 / layers=129  idx=
LAYER=97 / layers=129  idx=22265 / solSize=50311
LAYER=94 / layers=129  idx=23916 / solSize=50311
LAYER=  idx=12950311503116562 / layers=[BC] updateElectrodeVoltage(28 #verts=  idx=LAYER=63 / layers=129  idx=38540 / solSize=50311
LAYER=117
 / layers=LAYER=120 / layers=129  idx=
 / layers=129  idx=37546 / solSize=50311
LAYER=107 / layers=1293184212930585129973126239784LAYER= / layers=) V=127  idx= / layers=129 / solSize= / solSize=  idx=1291.1379 #verts=51
[BC] solutionVector finite after write? 50311129  idx=6295  idx=9579 / solSize=50311
LAYER=55 / layers=129  idx=503115031110900 / layers=6886
  idx=50 / solSize=50311
 / solSize= / solSize=129  idx= / solSize=129 / solSize=38657
[BC] solutionVector finite after write?  / layers=50311
LAYER=90 / layers=12950311yes5031148008LAYER=
 / solSize=50311
LAYER=99 / layers=129  idx=20728 / solSize=50311
LAYER=105 / layers=129  idx=16942 / solSize=50311
 / layers=  idx=15919
LAYER=LAYER= / solSize=50311
77129LAYER=119LAYER=129  idx=
 / solSize=875031141245
37728
 / layers=129  idx= / layers=  idx=2167 / solSize=50311
21881 / solSize=50311LAYER=UPDATE VOLTAGE END   idx=97LAYER=yes
LAYER= / solSize=62LAYER=28 / layers=129  idx=47951 / solSize=50311
LAYER=
7010826098
 / solSize=LAYER= / layers=129  idx=LAYER= / layers= / solSize= / layers=995031111050311106 / solSize=88
72 / layers=50311 / layers=
129 / layers=UPDATE VOLTAGE END 129
129UPDATE VOLTAGE START38873 / layers=
129  idx=20745 / solSize=50311
LAYER=37 / layers=129  idx=46212 / layers=  idx=27825 / solSize=50311
LAYER=129 / layers=UPDATE VOLTAGE START  idx=LAYER=51 / layers=129
32453 / solSize=LAYER=124  idx=
 / solSize=[BC] updateElectrodeVoltage(50311129  idx=[BC] updateElectrodeVoltage(50311 / solSize=50311
50311129
 / layers=10150311
LAYER=129 / layers=129  idx=35456  idx=4242515393 / solSize=50311
1293) V=  idx=13940 / solSize=16584129  idx=4333 / solSize=50311
LAYER=68 / layers=129  idx=36474 / solSize=50311
LAYER=104194 / layers=LAYER=LAYER=129
LAYER=  idx=5
 / solSize= / solSize= / solSize=  idx=-0.13499450311119 / layers=129  idx=7991) V= / layers=-0.593953 #verts=LAYER=50311408LAYER=

LAYER=  idx=12975 / layers=129  idx=129 / layers=129  idx=45590 / solSize= #verts=
27185605031150503113470550311
  idx=LAYER= / solSize= / solSize=50
[BC] solutionVector finite after write? yesLAYER= / layers=129  idx= / solSize=3342993

 / solSize=78 / layers=5031150311


 / solSize=50311
LAYER=116 / layers=129  idx=10040 / solSize=50311
[BC] solutionVector finite after write? 39596129LAYER=50311
LAYER=104 / layers=129  idx=17700 / solSize=50311
LAYER= / layers=
LAYER=70 / layers=129  idx=LAYER=LAYER=818046  idx=yes
UPDATE VOLTAGE END 
UPDATE VOLTAGE START
[BC] updateElectrodeVoltage( / layers=LAYER= / solSize=12829 / solSize=461998312950311UPDATE VOLTAGE END 129  idx=24150 / solSize=50311
6) V=LAYER=49 / layers=12950311 / layers= / layers=129  idx= / layers=128  idx=
UPDATE VOLTAGE START
LAYER=
503111291294777112935432116 / layers=17836
 / layers= / solSize=50311 / layers=  idx=43875
[BC] updateElectrodeVoltage(LAYER= / layers=  idx=32232129LAYER=82129 / solSize=  idx=12988 / layers= / solSize=0.355728
  idx= / layers=129  idx=30377 / solSize=50311
LAYER=483512943161  idx=  idx= / solSize=50311 / solSize=) V= / solSize=0.894548 #verts= / solSize=50311
LAYER=43992 #verts=LAYER=107750311
50311  idx=5031150
[BC] solutionVector finite after write? yes1295031110100 / solSize=50311
LAYER=72 / layers=129  idx=34789 / solSize=11651  idx=1895
  idx= / solSize=50311LAYER=290 / layers=
[BC] solutionVector finite after write? yes
UPDATE VOLTAGE END 
UPDATE VOLTAGE START


26916LAYER= / solSize=50311
LAYER=LAYER=106 / layers=129
  idx= / layers=129
[BC] updateElectrodeVoltage(7LAYER= / layers=5031182 / layers=129  idx= / solSize=
129LAYER=90 / layers=129LAYER=104129UPDATE VOLTAGE END 
UPDATE VOLTAGE START
50311) V=107  idx=29937 / layers=129  idx=18157 / solSize=50311

LAYER=665009816721[BC] updateElectrodeVoltage(5) V= / solSize=0.624542 #verts=50 / layers=59 / solSize=23045 / solSize=50311
LAYER=58 / layers=129  idx=40385 / solSize=50311
LAYER=117 / layers=129  idx=  idx=LAYER=118 / layers=129  idx=8845 / solSize=50311
 / layers=  idx=
119129 / layers=5031192890.725673 / solSize=129  idx=3723310147LAYER=LAYER=129  idx=LAYER=
 / solSize=49372 / layers= / solSize= / solSize=39898129  idx=LAYER=755031150311 #verts= / solSize=12950311 / solSize=50311
LAYER=967025753

LAYER=100 / layers= / layers=
 / layers= / solSize= / solSize=LAYER= / solSize=50311
LAYER=  idx=50311 / layers=50311129
129LAYER=1295031112016124  idx=
5031112948 / layers=[BC] solutionVector finite after write? yes
UPDATE VOLTAGE END 
[RUN] begin: sol size=50311
LAYER=
LAYER=  idx=95  idx=129 / layers=
LAYER=7486
  idx=88103 / layers= / layers=117129  idx=7002 / solSize=50311
50 / solSize=20549 / solSize=50311
33370LAYER=12350311  idx=22928129 / layers=129LAYER= / layers=50311387 / solSize=  idx=
LAYER=12991  idx=43463 / solSize=50311
LAYER=129  idx=27081 / solSize=50311
LAYER=91 / layers=
5031123154 / solSize=50311
75
 / layers= / solSize=129  idx=67 / solSize= / layers=129  idx=25364 / solSize=LAYER=125 / solSize=[RUN] solutionVector finite at entry? [BC] solutionVector finite after write?   idx= / layers=129LAYER=  idx= / layers=1296850311
yes / layers=50311357811298218659 / solSize=LAYER=LAYER= / layers=
 / solSize=  idx=
  idx=50311108129yes129  idx=36790 / solSize=50311
 / layers=

LAYER=94 / layers=83 / layers=50311  idx=921750311 / layers=  idx=LAYER=LAYER=129129  idx=30310 / solSize=
LAYER=52 / layers=129  idx=42096 / solSize=
 / solSize=LAYER=321450311  idx=69 / layers=129  idx=36098 / solSize=50311
LAYER=511050311LAYER=67 / layers=
23550 / solSize=50311
LAYER=5031136301
1295031176 / layers=129  idx= / solSize= / layers=
LAYER=112 / layers=129
  idx=25595129129  idx=36804 / solSize=50311113
LAYER=90 / layers=129  idx=26090 / solSize=50311
LAYER=125 / layers=129  idx= / solSize=LAYER=73 / layers=  idx=90 / solSize=UPDATE VOLTAGE END 1193169 / layers=
50311 / layers=129  idx=1241850311 / solSize=33149 / layers=
UPDATE VOLTAGE START
[BC] updateElectrodeVoltage(
  idx=50311
LAYER=58 / layers=129  idx=50311 / solSize=129  idx=7991 / solSize=50311
LAYER=115 / layers=129  idx=1064225842633220
LAYER=129LAYER=50311
LAYER=89 / layers=129  idx=26395 / solSize=50311
LAYER= / solSize= / solSize=) V=129 / solSize=90LAYER=295695031150311
401060.278639 #verts=51
[BC] solutionVector finite after write? yes
UPDATE VOLTAGE END 
UPDATE VOLTAGE START / layers=  idx= / solSize=5450311
10650311 / solSize=
129  idx=34153129 / layers=129  idx=41680 / solSize=50311
LAYER=93 / layers=129  idx=24301 / solSize=50311
LAYER=61 / layers=129LAYER=
 / solSize=LAYER=62 / layers=129  idx=38618 / solSize=[BC] updateElectrodeVoltage(LAYER=25951
  idx=11933 / solSize=50311
  idx=
  idx=73 / layers=129  idx=34279 / solSize=50311
50311111 / solSize=LAYER=5031114999 / layers=7 / solSize=
129LAYER=LAYER=50311
LAYER=104 / layers=129  idx= / solSize=129  idx=16765 / solSize=50311
 / layers=129LAYER=1801050311
LAYER=116 / layers=129  idx=
LAYER=LAYER=39192109129  idx=13196 / solSize=50311
8950311LAYER= / solSize=) V= / layers= / solSize=123LAYER=62 / layers=129  idx=26567 / solSize=50311
LAYER=119 / layers=129  idx=7777 / solSize=50311
5031191
LAYER=60 / layers=3550311-0.138749 / layers=
9634 / layers= / layers=129 / layers=129  idx=129 / layers=LAYER= #verts=50
[BC] solutionVector finite after write? 50311LAYER= / solSize= / solSize=129129  idx=
46678129  idx= / layers=LAYER=129yes39410 / solSize=LAYER=50311  idx=81129104  idx=  idx=4609
UPDATE VOLTAGE END 484116
503118214599  idx= / solSize=38844 / solSize=
25499125LAYER= / layers=  idx=LAYER= / solSize= / solSize=50311 / solSize=
 / layers= / solSize=129  idx=9989 / solSize=50311
50311
67 / layers= / layers=50311
 / layers=50311
LAYER=50311LAYER=[RUN] begin: sol size=
12922350311LAYER=1125031112950311
[RUN] solutionVector finite at entry? yes
66LAYER=104 / layers=129  idx=17602 / solSize= / layers=
 / solSize=129129
  idx=LAYER=50311113 / layers=129  idx=12051 / solSize=50311
LAYER=129
12992 / layers=129  idx=580 / solSize=50311

LAYER=114LAYER=LAYER= / layers=81 / layers=129  idx= / layers=LAYER=127 / layers=  idx= / layers=129  idx=  idx=LAYER=129 / layers=129
 / layers=129  idx=36807110 / layers=12979  idx=129  idx=12666 / solSize=25189304561151030683LAYER=118 / layers=129  idx= / layers=129  idx=50311
LAYER=51 / layers=129  idx=42530 / solSize=50311 / solSize=
 / solSize=503118332 / solSize=  idx=677 / solSize=17718 / solSize=50311 / solSize=50311
50311  idx=30200129LAYER=5031150311
 / solSize=50311LAYER=3724 / solSize=50311
 / solSize=  idx=129

50311  idx=64138676950311
LAYER=113 / layers=129  idx=12208 / solSize=50311
LAYER=45 / layers=129  idx=44282  idx=


LAYER=LAYER=LAYER=29 / layers=129  idx=47824 / solSize=50311
 / solSize= / layers=
LAYER=172231777112 / layers=129  idx=12471 / solSize= / layers=LAYER= / solSize=1295031191129  idx=38155 / solSize=LAYER=50311
LAYER=57 / layers=129  idx=40413 / solSize=50311
  idx= / solSize=55LAYER=50311
LAYER=125 / layers=74129  idx=3135 / solSize=50311
LAYER=110 / layers=129  idx=14001 / solSize=50311
81 / layers= / solSize=5031136090 / solSize=50311
 / solSize=LAYER= / layers=Update boundariesLAYER= / layers=
5031112550311
37183129LAYER=LAYER=
LAYER=7899
UPDATE VOLTAGE START / layers=77
 / layers=129  idx=20719 / solSize=50311
LAYER=60 / layers= / layers= / layers=
[BC] updateElectrodeVoltage(  idx=129 / layers=129LAYER=129  idx=39486 / solSize=50311
50311 / solSize=LAYER=0129117  idx=6550311
129) V=129116 / layers=0 / layers=LAYER=129
33839  idx=  idx=25220 / solSize=  idx=32608LAYER= #verts=63 / layers=  idx=129 / solSize=412473202712989 / layers=129  idx=2636250  idx=385515031150311LAYER= / layers= / solSize=50311
  idx=37677 / solSize=LAYER=
 / solSize=  idx=
3791 / solSize=129  idx=99206750311
110[BC] solutionVector finite after write?  / solSize=
 / solSize=50311
LAYER=LAYER= / layers=129  idx=36751 / solSize=50311
LAYER=129 / layers=129  idx=454 / solSize=50311
LAYER=8112 / layers= / solSize=LAYER=50311LAYER=12995 / layers=12930388 / layers= / layers=129  idx=5031139 / layers=50311  idx=23257
 / solSize=129  idx=50099 / solSize=50311
yesLAYER=62 / layers=129  idx=38618 / solSize=50311
LAYER=113 / layers=129  idx=11762129
LAYER=39 / layers=129  idx=LAYER= / solSize=LAYER=121 / layers=129  idx=6284 / solSize=50311
LAYER=11012950311
LAYER=77 / layers=99
UPDATE VOLTAGE END 
UPDATE VOLTAGE START
[BC] updateElectrodeVoltage(1) V=456730.958756 #verts=4650311
50311129  idx=1412826  idx= / layers=  idx=
 / layers=5012807 / solSize= / solSize=  idx=45657LAYER=LAYER=103 / layers=129  idx=18587 / solSize=50311
LAYER=123 / layers=129  idx=4691 / solSize=50311
LAYER=104129 / solSize=50311

50311
 / layers=LAYER= / layers=32684 / solSize=
  idx=14238 / solSize=50311
LAYER= / solSize=9587129795031112912950311
LAYER=48 / layers=12987 / solSize= / solSize=50311
LAYER=122 / layers=129 / solSize=  idx= / layers=129  idx=31815 / solSize=  idx= / layers=
50311  idx=  idx=[BC] solutionVector finite after write? 12920809 / solSize=5031150311
5988 / solSize=LAYER=503117148358  idx=44036LAYER=
100 / layers=129LAYER=  idx=20302 / solSize=50311

 / solSize=
48 / layers=129  idx=43395 / solSize=50311
 / solSize=LAYER=76121yes50311LAYER=35 / layers=129  idx=46562 / solSize=50311
27525LAYER=LAYER=75 / layers=129  idx=33447 / solSize=50311
50311LAYER=50311 / layers=
 / layers=129  idx= / solSize=6135128  idx=LAYER=

129  idx=LAYER=LAYER=129LAYER=50311 / layers=4330482 / layers=UPDATE VOLTAGE END 39 / solSize=5031152 / layers=129  idx=42264 / solSize=50311

85 / solSize=129LAYER=
UPDATE VOLTAGE START
[BC] updateElectrodeVoltage(2) V=17580 / layers=-0.106441129
LAYER=50311 / layers= / layers=  idx=109 #verts=
  idx=118LAYER= / layers=129  idx=464 / solSize=129105351
 / layers=[BC] solutionVector finite after write? yes129LAYER= / layers=129  idx=8632 / solSize=50311
5
 / solSize= / solSize=50311
LAYER=129  idx=14769 / solSize=50311
LAYER=75 / layers=129  idx=33595 / solSize=50311

  idx=5031186 / layers=12950311 / layers=LAYER= / layers=75LAYER=UPDATE VOLTAGE END 34983129  idx=
  idx=124 / layers=96
50311 / solSize=LAYER=2791433168129129 / layers=  idx=33320 / solSize=

50311
LAYER=97 / layers=129125LAYER=45699 / solSize= / layers=  idx=12928744 / solSize=50311LAYER=118 / layers=129  idx=8785 / solSize=50311
LAYER=85 / layers=LAYER=83 / layers=129  idx= / solSize= / layers=50311
129  idx=50311
LAYER=122 / layers=129  idx=5999 / solSize=50311
LAYER=109 / layers=129  idx=  idx=  idx=12941 / layers=129  idx=45244 / solSize=129  idx=3670 / solSize=503112962922602LAYER=  idx=50234222585031150311

 / solSize=LAYER=101129 / solSize= / solSize= / solSize=  idx=LAYER=124 / layers=129  idx=3983 / solSize=50311UPDATE VOLTAGE START / solSize= / layers=129  idx=19981 / solSize=9150311LAYER=503114019 / solSize=
1444150311
  idx= / layers=
129
5031150311 / solSize=28813 / solSize=50311
LAYER=117 / layers=2999950311
  idx=
78LAYER=
50311
LAYER=129 / layers=LAYER=129LAYER=LAYER=
50311 / layers=LAYER= / solSize=90 / layers=129  idx=2534199121
129
LAYER=122 / layers=129  idx=5862 / solSize=50311
  idx= / solSize=5031125905LAYER=129 / layers=129  idx=6327 / solSize=50311
[BC] updateElectrodeVoltage(LAYER=121 / layers=129  idx=6688 / solSize=50311
LAYER=69 / layers=129  idx=36062 / solSize=50311
LAYER=106 / layers=  idx=24 / layers=9492 / solSize=LAYER=  idx=50311LAYER=101 / layers=129  idx=19627LAYER=90102 / layers=50311110128 / layers=129  idx=3 / solSize= / layers= / solSize=129
 / solSize=
) V=
50311
129LAYER=26 / layers=129  idx=48281 / solSize=50311
LAYER=23 / layers=129  idx=48773 / solSize=50311
1293192750311LAYER=  idx=LAYER=129  idx=  idx=16639 / solSize=50311
LAYER=48 / layers=129  idx=43435 / solSize=50311
LAYER=LAYER=113208441289  idx=48598
0.746547LAYER= / layers= / solSize=25901
 / solSize= / solSize=LAYER=125 / layers=90111 / layers=129  idx=13453 / solSize=50311
LAYER=11650311129  idx=11880 / solSize=50311
LAYER=86 / layers=129 / layers=1350311
LAYER=107 / layers=LAYER=79129 / solSize=  idx=129 / layers=129115 / layers=50311 / layers=  idx=28319 / solSize=50311

  idx=12950311  idx=129  idx=10555 / solSize=
50311
LAYER=111 / layers=1295031185129  idx=10279 / solSize=50311
LAYER= / solSize=  idx=
 / layers=13721 / layers=LAYER=LAYER=LAYER= / layers=
50311 / solSize=  idx=1622071112 / layers=1293716102129  idx=28437 / solSize=50311
49770LAYER=83 / layers=129  idx=29820 / solSize=50311
129LAYER=92 / layers=
 / solSize=50311
40 / solSize= / layers=LAYER=  idx=LAYER=13022LAYER=98 / layers=129  idx=21727 / solSize=LAYER=  idx= / layers=129  idx=45482 / solSize=50311
LAYER= / solSize=129 / layers=129  idx= / solSize=671242246 / layers=129  idx=44081 / solSize=50311
 #verts=35  idx=31470 / solSize=50311
LAYER=54 / layers=5031150311
84LAYER=108 / layers=129  idx=15134 / solSize=5031150311 / solSize=25881129
LAYER=39 / layers=129  idx=50311

LAYER=93 / layers=129  idx=24501 / solSize=50311
LAYER=105 / layers=50311
LAYER=82 / layers=129  idx=30145 / solSize=50311
LAYER=57 / layers=129  idx=40553 / solSize=50311
LAYER=127 / layers=129  idx=35189 / solSize=50311
 / layers= / solSize=LAYER= / layers=18840LAYER=5050311129129  idx=45702129 / solSize=50311
40 / layers=  idx=50311
 / solSize=50311
LAYER=72 / layers=129  idx=34691
12929037126  idx=[BC] solutionVector finite after write? yesLAYER=
UPDATE VOLTAGE END 
UPDATE VOLTAGE START
[BC] updateElectrodeVoltage(LAYER=
  idx= / solSize= / solSize=17521LAYER= / layers=129LAYER= / layers=69 / solSize= / layers=129  idx=45426 / solSize=50311
LAYER=43 / layers=129  idx=44819 / solSize=50311503115250311129271295031141557129 / layers= / layers=129
LAYER=98 / layers=129  idx=21384 / solSize=50311
LAYER=18 / layers=129  idx=  idx=
LAYER=100 / layers=129  idx=20484 / solSize=50311
LAYER=414 / layers=129  idx=48165 / solSize=50311
LAYER=46 / layers=129  idx= / solSize=50311

24663 / solSize=50311
LAYER=65  idx= / layers=129  idx=45273  idx=  idx=042260 / layers=) V=44050 / solSize=50311
 / solSize= / solSize=129LAYER= / solSize=50311
1.13396  idx=LAYER=LAYER=129 / layers=129  idx=97  idx=5749328
36809 / solSize=4655812950311129 #verts=37667 / solSize=50311
LAYER=97 / layers=1291599 / layers=50311LAYER=129 / solSize=LAYER=  idx=
 / solSize=
50311
 / layers=50311
LAYER=5022300  idx=129LAYER=109 / layers=106LAYER=90 / layers=129  idx=26063 / solSize=50311
129129 / solSize= / solSize=
LAYER=LAYER=  idx=0 / solSize= / layers=503112967129  idx=[BC] solutionVector finite after write? 10450311129  idx=194 / solSize=50311  idx= / layers=
91yes / layers=
129
40570 / solSize= / solSize=LAYER=
96129  idx=16726 / solSize= / layers=  idx=36228 / layers=LAYER=50311  idx=LAYER=50311129  idx=25462 / solSize=50311
LAYER=56 / layers=129  idx= / solSize= / solSize=129LAYER=50311

LAYER=12950311
14341  idx=
503115418067129UPDATE VOLTAGE END 50311LAYER=117 / solSize=2291350311
LAYER=75 / layers=129  idx=33340 / solSize=50311
LAYER=127 / layers= / solSize= / layers=129  idx=41508 / solSize=50311


40739129 / layers=
50311
LAYER=83LAYER=108 / layers= / layers= / layers=111 / solSize=110LAYER=129 / layers=129  idx=29562 / solSize=50311
LAYER=105 / layers=129  idx=129 / solSize=12950311UPDATE VOLTAGE STARTLAYER=53 / layers=129  idx=  idx=50311
LAYER=83 / layers=50311  idx=16994 / solSize=50311
LAYER=70 / layers=129  idx=35629 / solSize=50311
LAYER=128 / layers=129  idx=1482 / solSize= / layers=55 / layers=129  idx=41353 / solSize=50311
LAYER=122 / layers=129  idx=5644 / solSize=50311
1292901292197

50311LAYER=  idx=  idx=15619 / solSize=  idx=
  idx=[BC] updateElectrodeVoltage( / solSize=LAYER=62 / layers=129  idx=38766 / solSize=129
88LAYER=97 / solSize= / solSize=29626 / solSize=50311
LAYER=1005) V=419350.19682350311  idx=50311125 / layers=129  idx=27263 / solSize=
50311 / solSize=50311
LAYER=50311LAYER=
LAYER=14149
 / layers=50311 / layers= #verts=
 / solSize= / layers=129  idx=
73LAYER=LAYER=5031150129
  idx=LAYER=LAYER=LAYER=107
95158420388761315850311 / layers=129121 / layers=129  idx=6074 / solSize=53 / layers=LAYER=[BC] solutionVector finite after write?  / solSize= / solSize=129  idx=
129 / layers=129 / layers= / solSize=129  idx=194 / solSize=50311
LAYER=129 / layers=102129  idx=290  idx= / layers=  idx=LAYER=129  idx=29297 / solSize=50311
LAYER= / layers=5031150311
LAYER=68 / layers=129  idx=36425 / solSize=503113430450311129  idx=41799 / solSize=50311
LAYER=76 / layers=129  idx=1133281250311124 / layers=129  idx=3814 / solSize=50311
LAYER= / solSize= / layers= / layers=129 / solSize=
68 / layers=129  idx=
50311
 / solSize=
yes15995
50311129116LAYER=5031136639129
 / solSize=LAYER=
129LAYER= / solSize=3799LAYER=  idx=UPDATE VOLTAGE END 

50311129  idx=LAYER=54 / layers=129  idx=50311 / solSize= / layers=32942 / solSize=50311
LAYER=110LAYER= / layers=
 / layers=129  idx=12190
50311129LAYER=UPDATE VOLTAGE START80129  idx=41587387  idx=91
  idx=
 / layers=387 / solSize=50311
 / solSize= / solSize=LAYER=509935LAYER=LAYER=LAYER=50311 / solSize=10612950311 / layers=LAYER=129 / layers=129  idx=484 / solSize=107
 / layers= / layers=
24129  idx=42682 / solSize=1918550311
 / layers=50311 / layers=129129  idx=13929 / solSize=50311
LAYER=73 / layers=LAYER=126 / solSize=50311129129129  idx=LAYER= / solSize=  idx=129  idx=34287 / solSize=50311
LAYER=88 / layers=129  idx= / layers=129  idx=246450311
LAYER=290129 / layers=129  idx=484 / solSize=50311
LAYER=129 / layers=129  idx=  idx=78
 / solSize=
LAYER=
 / solSize=50311
 / layers=25615 / solSize=50311
LAYER=580 / layers=  idx=LAYER=[BC] updateElectrodeVoltage(129 / layers=270911600650311 / solSize=1293096678LAYER= / layers=129  idx=6129120LAYER=50311 / solSize=129 / layers=129  idx=129 / layers=  idx=16302 / solSize=50311
LAYER=75 / layers= / solSize=129  idx=33370 / solSize=50311
115LAYER=  idx=73) V=50311580975031112950311
 / layers=12931881 / solSize=50311 / layers=-0.690548 / solSize= / layers=

  idx=

129  idx=
  idx=50311 / solSize=LAYER=LAYER=129 / layers=129  idx=677 / solSize=50311
 / layers=LAYER= #verts=
LAYER=129 / layers=129  idx=194 / solSize=50311
LAYER=129 / layers=129  idx=290 / solSize=50311
49  idx=LAYER=129129  idx=LAYER= / solSize=50311  idx=927273 / solSize=50311
4862776114 / layers=129LAYER= / layers=3426110432 / solSize=5031150311
LAYER=51LAYER= / solSize=50311
LAYER= / solSize=32099
LAYER=81 / layers=129  idx=129129 / layers=129  idx=677 / solSize=50311

50311  idx=LAYER= / layers=30461 / solSize=50311
LAYER=60 / layers=129  idx=LAYER=104 / layers=129  idx=
 / solSize= / layers=11005 / solSize=78129  idx=3954312350311
[BC] solutionVector finite after write? 5317880 / layers=  idx=24976 / solSize=
129 / layers=yes / layers=4784243061129  idx=32100  idx=50311129 / solSize= / solSize= / solSize=50311
129 / solSize= / solSize=50311
 / layers=129  idx=50311
50311  idx=41943 / solSize=Update boundaries5031150311
LAYER=129UPDATE VOLTAGE END 
LAYER=LAYER=
LAYER=1285031138758  idx=Update boundaries67LAYER=32846
 / solSize=50311
LAYER=
25 / layers=129  idx=36764 / solSize=50311
LAYER= / solSize=LAYER=7150311 / layers=
82 / layers=129  idx=30119 / solSize=50311
LAYER= / layers=LAYER=39UPDATE VOLTAGE START / layers=88 / layers=129  idx=27303 / layers=4970129  idx=1396 / solSize=50311UPDATE VOLTAGE STARTLAYER=
129  idx=
126

129  idx=40389 / solSize=6479
48466LAYER=129 / layers=129  idx=484 / solSize=50311
 / solSize=[BC] updateElectrodeVoltage(LAYER= / layers=122 / layers=129  idx=5461 / solSize=50311
LAYER=108 / layers=129  idx=15518 / solSize=129
50311
503110[BC] updateElectrodeVoltage(129  idx=
50311LAYER=UPDATE VOLTAGE START
 / layers= / layers=31738LAYER=LAYER=126 / layers=129  idx=2324
 / layers= / solSize=  idx= / solSize=27) V=LAYER= / solSize=129  idx=45843 / solSize=12950311
LAYER=50311
 / solSize=
 / layers=129  idx=755031150311  idx=37934 / solSize=50311
LAYER=85 / layers=1290129LAYER=90 / layers=129  idx=25875 / solSize=50311
[BC] updateElectrodeVoltage( / layers=129
LAYER=LAYER=35346 #verts=6450311LAYER=
129 / solSize=50311
  idx=48131LAYER= / layers=7023110 / layers=129  idx=14210 / solSize=LAYER=50311  idx=50129) V=) V= / layers=129  idx=48771 / solSize=LAYER=107 / solSize=2841933265  idx=

71 / layers=129  idx=0 / layers= / solSize= / layers=0.692492  idx=[BC] solutionVector finite after write? 50311LAYER= #verts=129  idx=1578250311 / solSize=38158 #verts=1292456yes35387111 / layers=129  idx=13593 / solSize=50311
LAYER=83 / layers=129  idx=29405 / solSize=11150311 / solSize=
 / solSize=50311
  idx=580 / solSize=50311LAYER=74 / solSize= / layers=129
5050311LAYER=120 / layers=129  idx=7399 / solSize=
50311  idx= / layers=129  idx=LAYER=33859
5031150311
LAYER=119 / layers=129  idx=7675 / solSize=50311

 / solSize=83LAYER= / solSize=[BC] solutionVector finite after write? LAYER=
 / layers=LAYER=
50311
LAYER=122 / layers=129  idx=5995 / solSize=5031112450
yesLAYER=
13570UPDATE VOLTAGE END 
125
[BC] solutionVector finite after write? 12940 / layers=129  idx=129
 / layers=LAYER=82 / layers=5031161UPDATE VOLTAGE START
yes  idx= / layers=12950311UPDATE VOLTAGE END 

29459 / layers=
129129  idx=3404 / solSize=
45542
LAYER=  idx=UPDATE VOLTAGE START / solSize=UPDATE VOLTAGE END LAYER=129 / layers= / solSize=LAYER=75 / layers=12965 / layers=129  idx=37559 / solSize=50311  idx=[BC] updateElectrodeVoltage(
[RUN] begin: sol size=50311
[RUN] solutionVector finite at entry? 105  idx=50311  idx=33580 / solSize=50311

LAYER=30176 / solSize=50311
50311yes1) V=1291.08624 #verts=50
[BC] solutionVector finite after write? yes
UPDATE VOLTAGE END 
UPDATE VOLTAGE START
[BC] updateElectrodeVoltage(2) V=LAYER= / solSize=LAYER=

 / layers=677LAYER=
50311
LAYER=57 / layers=129  idx=40405LAYER=0.8513995 / layers=129  idx=23361 / solSize=50311
LAYER=99 / layers=129  idx=20724 / solSize=50311


48  idx= #verts=[BC] updateElectrodeVoltage(1) V=503110.594846 #verts=50
[BC] solutionVector finite after write? 1293849 / solSize=LAYER=39114yes
871065150311
LAYER=125LAYER= / solSize= / layers=LAYER= / layers=
 / layers=31 / solSize=129  idx=27641 / solSize=50311
LAYER=
 / solSize=12912950311100110 / layers=10410350311
LAYER= / layers=
 / layers=50311 / layers=129  idx=20410 / solSize=50311
LAYER=52 / layers=129  idx=42146 / solSize=50311
LAYER=90 / layers=129  idx=26042 / solSize=50311
LAYER=110 / layers=129  idx=13975 / solSize=50311
LAYER=79 / layers=129  idx=31674 / solSize=50311
LAYER=18 / layers=129  idx=49390 / solSize=50311
LAYER=13 / layers=129  idx=49828 / solSize=50311
LAYER=59 / layers=129  idx=39931 / solSize=[BC] solutionVector finite after write? 50311yes
UPDATE VOLTAGE END 

129UPDATE VOLTAGE STARTUpdate boundaries  idx= / layers=
47  idx=UPDATE VOLTAGE END 
[BC] updateElectrodeVoltage( / layers=3201 / solSize=50311
43344129  idx=UPDATE VOLTAGE START
[BC] updateElectrodeVoltage(
 / solSize=LAYER= / layers=129  idx=  idx=129LAYER=50311UPDATE VOLTAGE START
[BC] updateElectrodeVoltage(1290  idx=1293129 / layers=129  idx=0 / solSize=50311
LAYER=129 / layers=129  idx=97 / solSize=50311
LAYER=129 / layers=129  idx=1942

) V=  idx=LAYER=  idx=39172604355213735 / solSize=) V= / solSize=0  idx= / layers=1231630950311
) V=LAYER=18080 / solSize= #verts=47470 / solSize=-0.26634650311 / solSize=54 / layers=18328-0.51760750311 #verts=
50129 / solSize= / solSize=12950311LAYER=LAYER=129 / layers=129  idx=290 / solSize=50311
LAYER=129 / layers=129  idx=387 / solSize=50311
 / solSize=
50 / layers=
  idx=LAYER=50311 #verts=
50311[BC] solutionVector finite after write? 129LAYER=LAYER=89 / layers=129  idx=26321 / solSize=50311
5150311
50311
yes45652

  idx=LAYER=27 / layers=129  idx=57129 / solSize=50311
[BC] solutionVector finite after write? 
LAYER=
  idx=11348049 / layers=LAYER=UPDATE VOLTAGE END 
UPDATE VOLTAGE START
[BC] updateElectrodeVoltage(4) V=105LAYER=41584 / layers= / solSize=50311
LAYER=103 / layers=129  idx=18772 / solSize=1290.699889
 / layers=105LAYER=LAYER=50311
LAYER=LAYER=yes  idx=484 / solSize=50311
LAYER=129 / layers=129  idx=580 / solSize=88[BC] solutionVector finite after write? yes
UPDATE VOLTAGE END 129 / layers=52129  idx=85 #verts= / layers=
UPDATE VOLTAGE START
[BC] updateElectrodeVoltage(3) V= / solSize=8217217 / layers= / layers=129  idx=42187 / solSize=50311
LAYER=93 / layers=129  idx=490350124 / layers=129  idx=30022 / solSize= / solSize= / solSize=2440612950311
 / layers=12950311  idx=
50311[BC] solutionVector finite after write?   idx=50311129
5031111862 / solSize=  idx=yesLAYER= / layers=
LAYER=5031128634
129  idx=40442 / solSize=17
LAYER=70 / layers=129  idx=3569612917403-1.42468

  idx=
 / solSize= #verts= / solSize=UPDATE VOLTAGE END LAYER= / solSize=LAYER=127 / layers=129  idx=1984 / solSize=50311
  idx=50311
UPDATE VOLTAGE END 50311
50 / layers=3867LAYER=50311
LAYER=122 / layers=LAYER= / solSize=
 / solSize=272821291235031190
LAYER= / solSize=5031150311

 / layers=129  idx=5144 / solSize=50311
LAYER=UPDATE VOLTAGE START
[BC] updateElectrodeVoltage(1) V= / layers=129-0.405027
[BC] solutionVector finite after write? 129UPDATE VOLTAGE STARTLAYER=50311 #verts=50129
128
[BC] updateElectrodeVoltage(5) V=128 / layers=
LAYER=LAYER=119123LAYER=  idx= / layers=  idx=129 / layers=129  idx=1483 / solSize=50311
 / layers=LAYER=591.4576129  idx=14575957  idx=129  idx=25926 / layers=129  idx=
 / solSize=121677 / solSize=50311
  idx=7846LAYER= / solSize= / solSize=39851 / solSize=50311
128LAYER=50311
 / layers=49470 / solSize=50311
yes #verts=64 / layers=129  idx=37923 / solSize=50311111 / layers=129  idx=1295031150311107[BC] solutionVector finite after write? LAYER=
 / layers=LAYER= / solSize=
 / layers=  idx=506256
UPDATE VOLTAGE END 
UPDATE VOLTAGE START
[BC] updateElectrodeVoltage(50311
LAYER=106 / layers= / layers=
[BC] solutionVector finite after write? 129129
LAYER=LAYER=1294129yes85LAYER=898121 / layers=129  idx=6222 / solSize=50311
  idx=122Update boundaries
yes
  idx=  idx= / solSize=) V=4416842UPDATE VOLTAGE START129 / layers= / solSize=UPDATE VOLTAGE END -0.597543 #verts=50
[BC] solutionVector finite after write? yes
UPDATE VOLTAGE END  / layers=129  idx=44492 / layers=LAYER= / layers=
 / solSize=  idx=12913352
129
50311
LAYER=51 / layers=129  idx=42432 / solSize=  idx=4944
50311UPDATE VOLTAGE START
[BC] updateElectrodeVoltage(50311  idx= / solSize= / solSize=[BC] updateElectrodeVoltage(
UPDATE VOLTAGE END 2UPDATE VOLTAGE START15895129540150311050311 / solSize=28847
) V=
50311) V=LAYER= / solSize=

UPDATE VOLTAGE START / solSize=885031149 / layers=129  idx=LAYER=0[BC] updateElectrodeVoltage( / solSize= / layers=129  idx=
27172 / solSize=50311
43130 #verts=
LAYER=92 / layers=129  idx=25106 / solSize=50311
550311) V=LAYER=  idx=0.41780650
[BC] solutionVector finite after write? yes
UPDATE VOLTAGE END 
UPDATE VOLTAGE START
[BC] updateElectrodeVoltage(LAYER=LAYER=95
 / solSize=50311
65LAYER= / layers=1.418235031150311LAYER=93 / layers=
LAYER=97 / layers=129129 #verts=50
[BC] solutionVector finite after write? yes
UPDATE VOLTAGE END 
UPDATE VOLTAGE START
[BC] updateElectrodeVoltage( #verts=
1
701126  idx=  idx=23210 / solSize=50311

6 / layers=51LAYER=) V=LAYER=[BC] updateElectrodeVoltage( / layers=LAYER=107129 / solSize=47 / layers=129  idx=43613 / solSize=50311
LAYER=37624) V=
 / layers=129  idx=16133 / solSize=50311
LAYER=123 / layers=736-0.343825 / solSize=1291.21694103128129 / layers=129  idx=34233 / solSize=50311
LAYER=78 / layers=129  idx=31956 / solSize= #verts=5050311
LAYER=98 / layers=  idx=50311  idx=129) V=50311
LAYER=129 / layers=
2527 #verts=  idx=70LAYER=
  idx=22061 / layers= / layers=129  idx=35616 / solSize=50311
0.550055[BC] solutionVector finite after write? 21329129 / solSize=LAYER=129 / solSize=50311
LAYER=122 / layers=129  idx=5806 #verts=107 / solSize=  idx=51  idx=  idx=LAYER=[BC] solutionVector finite after write?  / solSize=43 / layers=yes50311
LAYER=
112[BC] solutionVector finite after write? 13547018593yes1265031112924228 / layers=
 / layers= / solSize= / layers=
5191129 / solSize=
 / solSize= / layers=UPDATE VOLTAGE END 5031150311  idx=50311129  idx=35440129129UPDATE VOLTAGE END  / solSize=12445

yes  idx=2728 / solSize=

  idx=UPDATE VOLTAGE STARTLAYER=20 / layers=129  idx=49140 / solSize=50311
LAYER=116 / layers=129  idx=1007350311 / solSize=50311
5031150311UPDATE VOLTAGE START
[BC] updateElectrodeVoltage( / solSize=LAYER=
LAYER=103 / layers=129  idx=18408
 / solSize=LAYER=
  idx=5031151
[BC] updateElectrodeVoltage(3) V=LAYER=68

LAYER=2
UPDATE VOLTAGE END 50311105 / layers=129  idx=17155 / solSize=50311
LAYER=73 / layers=129  idx=34284 / solSize=50311
44667LAYER=107 / layers=16080LAYER=) V=116

12663 / layers=129  idx= / solSize=UPDATE VOLTAGE START
0.347633-0.61018838397 / solSize=50311
 / layers=LAYER=50311
LAYER=LAYER=LAYER= #verts= #verts=50
LAYER= / layers=119 / solSize=
84 / layers=129  idx=81[BC] solutionVector finite after write? 122 / layers=129  idx=5766 / solSize=129 / layers= / solSize=50311
[BC] updateElectrodeVoltage(29140 / layers=1295031150311
129yes
UPDATE VOLTAGE END 
UPDATE VOLTAGE START
[BC] updateElectrodeVoltage(4) V=0.426632 #verts=51[BC] solutionVector finite after write? 129 / layers=  idx=104LAYER=  idx=LAYER=  idx=  idx=yes / solSize=97

712916005 / layers=50
UPDATE VOLTAGE END 
UPDATE VOLTAGE START
[BC] updateElectrodeVoltage(50311LAYER=
) V=-1.46371 #verts=50
1229818 / solSize=  idx=
86 / layers=[BC] solutionVector finite after write? LAYER= / solSize= / layers=1297947 / solSize=50311
LAYER=86 / layers=129yes
UPDATE VOLTAGE END 3012950311129 / layers=503117[BC] solutionVector finite after write? 
[BC] solutionVector finite after write?   idx=129
36295  idx=5433 / solSize=50311
 / layers=129
  idx=2636 / solSize=LAYER=yes) V=129LAYER=  idx=12350311LAYER=
  idx=0.86867617753105
125 / layers=UPDATE VOLTAGE START / solSize=  idx=22126 / solSize=50311
LAYER=121 / layers=129  idx=  idx= / layers=129  idx=17056 / solSize=3039027923129UPDATE VOLTAGE END 50311
yes66315031147667 / solSize= / solSize= / solSize=
UPDATE VOLTAGE START #verts=[BC] updateElectrodeVoltage(3
UPDATE VOLTAGE END  / solSize=50311LAYER=5031150 / solSize=) V=
  idx=
28169
5031155

 / layers=50311
-0.8701633213LAYER=118 / layers=129LAYER=
50311 / layers=129  idx=41141 / solSize=50311
LAYER=72 / layers=[BC] updateElectrodeVoltage(LAYER=129  idx=4993 / solSize= / solSize= / solSize= #verts=129LAYER=129LAYER=
  idx=
50
[BC] solutionVector finite after write? yes
UPDATE VOLTAGE END 
UPDATE VOLTAGE START
[BC] updateElectrodeVoltage(4) V=0.631078 #verts=50
[BC] solutionVector finite after write? yes
UPDATE VOLTAGE END 
UPDATE VOLTAGE START
[BC] updateElectrodeVoltage(5) V=-0.237747 #verts=50
[BC] solutionVector finite after write? yes
UPDATE VOLTAGE END 
UPDATE VOLTAGE START
[BC] updateElectrodeVoltage(6) V=-1.37533 #verts=51
[BC] solutionVector finite after write? yes
UPDATE VOLTAGE END 
UPDATE VOLTAGE START
[BC] updateElectrodeVoltage(7) V=-0.636387 #verts=50
[BC] solutionVector finite after write? yes
UPDATE VOLTAGE END 
[RUN] begin: sol size=50311
[RUN] solutionVector finite at entry? yes

[BC] solutionVector finite after write? yes
UPDATE VOLTAGE END 
[RUN] begin: sol size=50311
[RUN] solutionVector finite at entry? yes
77 / layers=129  idx=32531 / solSize=50311
LAYER=71 / layers=129  idx=35047 / solSize=50311
LAYER=22 / layers=129  idx=48876 / solSize=50311
LAYER=82 / layers=129  idx=30121 / solSize=50311
LAYER=127 / layers=129  idx=1751 / solSize=50311
LAYER=48 / layers=129  idx=43360 / layers= / solSize=50311
LAYER=109 / layers=129  idx=14625 / solSize=50311
129  idx=LAYER=092 / solSize=50311
LAYER=129 / layers= / layers=129129  idx=50311[RUN] begin: sol size=  idx=  idx=
850250311LAYER=LAYER=34683 / solSize=503115LAYER=50311
72 / layers=129  idx=34564 / solSize=50311
24940LAYER=108LAYER=94 / layers=129
) V=50125 / layers= / solSize=50311
5031176 / layers=-1.38567 / solSize= / layers=129  idx=129  idx=86LAYER=
97
50311
  idx=LAYER=23829 / layers=1291560586 / solSize=50311
LAYER=129 / layers=LAYER=129 / layers= / solSize=3351 / solSize=50311
LAYER=88 / layers=129  idx=27203 / solSize=50311[RUN] solutionVector finite at entry? 65 / layers=129  idx=37809 / solSize=50311
  idx= #verts=
50311
LAYER=62 / layers=129  idx=38700 / solSize=50311
 / solSize=yes7512933030LAYER=50
 / layers=LAYER=50311 / layers=129LAYER=LAYER=  idx=
 / solSize=LAYER=88 / layers=129  idx=2726389107129  idx=42712 / solSize=50311
 / solSize=LAYER=125 / layers=129  idx=3635 / solSize=503119243
50311 / layers=129  idx=15927 / solSize=5031150311
LAYER=110 / layers=  idx=[BC] solutionVector finite after write? 28140 / layers=
 / layers=
28370yes129 / solSize=129  idx=44761 / solSize=50311
LAYER=77LAYER= / layers=
 / layers=
 / solSize=50311  idx=LAYER=UPDATE VOLTAGE END 50311LAYER=113 / layers=129  idx=11791 / solSize=50311
194  idx=
UPDATE VOLTAGE START
12950
129 / solSize=[BC] updateElectrodeVoltage(6) V=26524  idx= / solSize=LAYER=  idx=1291290.0048248132450 / solSize= / layers=LAYER=13954 / solSize=50311
  idx=50311 #verts=51
12950311LAYER=5031124721
 / layers=129  idx=068126 / layers=129

[BC] solutionVector finite after write? LAYER=18 / layers=129 / solSize= / layers=  idx=LAYER=LAYER=yes  idx= / solSize=49391 / solSize=50311
129LAYER=8550311  idx= / layers=129  idx=3050129


2872712042940 / solSize=  idx=UPDATE VOLTAGE END 
UPDATE VOLTAGE START / layers=129  idx=7269 / solSize=50311
LAYER=36 / layers=LAYER=50311 / layers=115
[BC] updateElectrodeVoltage(7) V=50311129  idx=46397 / solSize=50311
LAYER=
90 / layers=129LAYER=33438 / solSize=129LAYER=51 / layers=
 / layers=129  idx=10292 / solSize=50311
29 / solSize=  idx=36556129LAYER=96 / layers=129  idx=22837 / solSize=50311-0.183413129  idx=26087 / solSize=5031150311 / layers=  idx=LAYER= / solSize=102 / layers=129  idx=19190 / solSize=50311
LAYER=74 / layers=129  idx=34009 / solSize=50311
1295031112942623 / layers= / solSize=

 / solSize=
LAYER=50311  idx=LAYER=67 / layers=129  idx=36816 / solSize=50311
  idx=50311LAYER= #verts=
290 / solSize=50311
LAYER=129 / layers=129  idx=387 / solSize=50311
LAYER=129 / layers=129  idx=484 / solSize=50311
LAYER=129 / layers=129  idx=580 / solSize=50311
125LAYER=50311
129LAYER=129

LAYER=97 / layers=129  idx=21899 / solSize=5031158  idx=112LAYER= / layers= / layers=47792LAYER= / layers=50129  idx=677 / solSize=50311
LAYER=9754 / solSize=50311
LAYER=129 / layers=121 / solSize=
 / layers=129
129LAYER=129  idx=497 / solSize=50311
 / layers= / layers=  idx=86  idx=129[BC] solutionVector finite after write? 4007450311129  idx=3551 / solSize=5031112852129  idx= / solSize=56 / solSize=yes / layers= / layers=
  idx=LAYER=
129  idx=28016 / solSize=50311
LAYER=129 / layers=1296065 / solSize=5031163 / layers=
129  idx=38545 / solSize=LAYER=LAYER=112 / layers=12950311129
LAYER=  idx=50311  idx=
LAYER=58129Update boundaries
  idx=12576 / solSize=50311
LAYER=123 / layers=UPDATE VOLTAGE END  / layers=129  idx=194 / solSize=50311
LAYER=
LAYER=10 / layers=80129  idx=5217 / solSize=50311
LAYER=44 / layers=129  idx=44386 / solSize=50311
LAYER=41415 / layers=
5031140961UPDATE VOLTAGE START
[BC] updateElectrodeVoltage(0) V= / solSize=9129
[RUN] begin: sol size= / solSize=50311
0129129118LAYER=LAYER=109 / layers=129  idx=14473 / solSize=50311
LAYER=  idx= / solSize=  idx=97 / layers=129  idx=22278 / solSize=50311
94 / layers=LAYER= / layers=50311 / layers=50311 / layers=129  idx=

 #verts=49988129129LAYER=62 / layers=129  idx=38905 / solSize=29040363[RUN] solutionVector finite at entry?  / solSize=50311
LAYER=4 / layers=129  idx=50254 / solSize=50311  idx=1298742 / solSize=50311
LAYER=126 / layers=129  idx=2664 / solSize=50311
 / solSize=50311
 / solSize=yes
50311
  idx=LAYER=50
  idx=LAYER=50311112 / layers=129  idx=12491 / solSize=50311
LAYER=23729
LAYER=
LAYER=77 / layers=5058 / solSize=31128106 / layers=129  idx=16562 / solSize=5031150311 / layers=122[BC] solutionVector finite after write? 
129
 / layers=yesLAYER=
UPDATE VOLTAGE END 
UPDATE VOLTAGE START
[BC] updateElectrodeVoltage(1) V= / layers=-1.07083 #verts=LAYER=129  idx=5489 / solSize=50311
LAYER=71 / layers=129  idx=35294 / solSize=50311
LAYER=124 / layers=129  idx=3866 / solSize=50311
LAYER=102 / layers=129  idx=19266 / solSize=50311
LAYER=78 / layers=129  idx=32189 / solSize=5031150311108 / layers=129  idx=15546 / solSize=129128  idx=50311

LAYER=LAYER=122 / layers=129  idx=5944 / solSize=50311
LAYER=107 / layers=  idx= / layers=12983LAYER=32367 / solSize=
129 / layers=129LAYER=50129 / solSize=50311129  idx=29681 / solSize=50311
LAYER=118 / layers=129  idx=8340 / solSize=50311
  idx=101LAYER=428545031140110 / solSize=  idx=112 / layers=129  idx=12547 / solSize=50311
 / layers=  idx= / layers= / solSize=16016 / solSize=50311
LAYER=111 / layers=129  idx=
13591 / solSize=50311
50311LAYER=
129LAYER=128 / layers=129  idx=1241 / solSize=50311
LAYER=95 / layers=LAYER=
LAYER=129  idx=
124117LAYER=3871149LAYER=104 / layers=129  idx=  idx=116[BC] solutionVector finite after write?  / solSize=9850311 / layers= / solSize=50311129
129  idx=3878 / solSize=50311 / layers=50311
 / layers=18019LAYER=125 / layers=129  idx=3297 / solSize=50311 / layers=LAYER=  idx=

LAYER=117 / layers=129129129yes
  idx=  idx=
129 / solSize=23272  idx=9129 / solSize=LAYER=UPDATE VOLTAGE END  / solSize=21408 / solSize=115LAYER=503111957250311
9606
78 / layers= / solSize=129 / solSize= / layers=50311UPDATE VOLTAGE START / layers=129  idx=12950311LAYER=
  idx=129484  idx=
49 / layers=LAYER=12987  idx=50311
 / solSize=50311
LAYER=129 / layers=129  idx=580 / solSize=50311

10316 / solSize=50311
LAYER=
LAYER=81 / layers=129  idx=30818 / solSize=50311
LAYER=98 / layers=129  idx=21367 / solSize=50311LAYER=50311LAYER= / layers=LAYER=80 / layers=129  idx=31097 / solSize=50311
LAYER=100 / layers=74 / layers=1291241299174129  idx=20119 / solSize=  idx= / layers=  idx=1293205643041

33764 / solSize=50311
LAYER=  idx=677 / solSize=50311
 / solSize= / layers= / solSize=LAYER=12912950311[BC] updateElectrodeVoltage( / solSize=50311  idx=50311
LAYER=94 / layers=129  idx=23962 / solSize=50311
LAYER=  idx=LAYER=
4266
2509050311LAYER=LAYER= / layers= / solSize= / layers=91 / layers=129  idx=25330 / solSize=50311
LAYER=111 / layers=27597129
129  idx=25763 / solSize=50311
) V=129  idx=13119 / solSize=50311LAYER= / solSize=50311
108-0.346682112  idx=51
121 / layers=129  idx=15077 / solSize=50311
LAYER=49 / layers=129  idx=43099 / solSize=50311
LAYER=83 / layers=129  idx=29807 / solSize=50311
LAYER=12842935 / layers= / layers=LAYER=LAYER= / layers=50311LAYER= / solSize=50311
129  idx=116LAYER=129 / layers=96 / layers=42427Update boundaries70 / layers=129  idx=35717 / solSize=50311
LAYER=117 / layers=129  idx=9469 / solSize=50311
LAYER=110 / layers=129  idx=13799 / solSize=50311
LAYER=111 / layers=129  idx=13615 / solSize=50311
LAYER=110 / layers=129  idx=13707 / solSize=50311
LAYER=126 / layers=129  idx=2786 / solSize=50311
  idx=LAYER=1144 / solSize=50311
LAYER=93 / layers=129  idx=24469 / solSize=50311
LAYER= / solSize=10550311
129LAYER=127 / layers= / layers=129  idx=129  idx=17293 / solSize=50311
LAYER=  idx=95
22801 #verts= / layers= / solSize=UPDATE VOLTAGE START
[BC] updateElectrodeVoltage(1245112950311129  idx=6087 / solSize=5031170

  idx=LAYER=1002268 / layers=129  idx=01566 / layers= / solSize=36530 / layers= / solSize=) V=
 / layers= / solSize=50311
5031150311129  idx=23232 / solSize=50311
129LAYER=72 / layers=129
LAYER=129  idx=35771  idx=[BC] solutionVector finite after write? 0
 / solSize=4436 / solSize=120  idx=50311
 #verts=12912710 / layers=129  idx=LAYER=
50
[BC] solutionVector finite after write? LAYER=50311  idx=34681 / solSize=50311
LAYER=71 / layers=129  idx=LAYER=119 / layers=129  idx=8137 / solSize=50311
LAYER=124 / layers=LAYER=yes12981  idx=12834989 / solSize=50311
yes / solSize= / layers=
7297LAYER=
 / layers=UPDATE VOLTAGE END 12950311LAYER=129LAYER= / solSize=66
4347
50311
UPDATE VOLTAGE START / layers=  idx=  idx=4345
117129UPDATE VOLTAGE END LAYER= / layers= / solSize= / layers=129
106106250311
LAYER=
43129 / layers=30696 / solSize=50311
  idx=[BC] updateElectrodeVoltage(  idx= / layers=43599 / solSize=50311
LAYER= / layers=129  idx=44743 / solSize=50311
LAYER=117 / layers=129  idx=129 / solSize=129  idx=166009096 / solSize=1173LAYER=9059LAYER=UPDATE VOLTAGE START  idx= / layers=129  idx=9106 / solSize=50311
 / solSize= / solSize=12776 / layers=12944733  idx=LAYER=50311) V=
50311 / layers=129  idx=76
2265  idx=503110.790609[BC] updateElectrodeVoltage( / solSize=50311

LAYER= / layers=50311 #verts=50
[BC] solutionVector finite after write? yes
UPDATE VOLTAGE END 
UPDATE VOLTAGE START
[BC] updateElectrodeVoltage(1129372666532916LAYER= / solSize=LAYER= / solSize=50311
  idx= / layers=117) V=
5031198 / solSize=32993
1.42168
129LAYER=LAYER=47 / layers=129  idx=43784 / solSize=50311
 #verts=  idx=4LAYER= / solSize= / layers=LAYER=LAYER=) V=37756129  idx=93 / layers=129  idx=24258 / solSize=50311 / solSize=1.3359650503115031174
LAYER=129 / layers=129  idx=0 / solSize=50311
LAYER=129 / layers=129  idx=97 / solSize=21774
50311

 / layers= / solSize=50311
LAYER=52 / layers=129  idx=42139 / solSize=50311
LAYER=67 / layers=129  idx=36916117
LAYER=129 / layers=129 / layers=129[BC] solutionVector finite after write? yes
UPDATE VOLTAGE END 
UPDATE VOLTAGE START
[BC] updateElectrodeVoltage(2) V=  idx= #verts=-0.724123 #verts=51
[BC] solutionVector finite after write? 12919463 / solSize=LAYER=yesLAYER=  idx=33936 / solSize=50311
LAYER=120 / layers= / layers=50311 / solSize=
UPDATE VOLTAGE END 1295031150 / layers=125

LAYER=54
129  idx=129  idx=  idx= / layers=129  idx=3262 / solSize=50311
LAYER=109 / layers=129  idx=14671 / solSize=50311  idx=[BC] solutionVector finite after write? 
91696930 / layers=
yes
 / solSize=UPDATE VOLTAGE END 808966129LAYER=129UPDATE VOLTAGE START / layers=
UPDATE VOLTAGE START
[BC] updateElectrodeVoltage(5) V= / layers=-0.982852 #verts=50
 / solSize=  idx=
129LAYER= / solSize=[BC] solutionVector finite after write? 50311[BC] updateElectrodeVoltage(1293830350311
yesLAYER=  idx=  idx= / solSize=
4141171 / layers=129  idx=
5031131112 / solSize=50311
3 / solSize=50311350835031188
UPDATE VOLTAGE END 50311LAYER=LAYER=LAYER=101 / layers=12980 / layers=290


93 / layers=  idx=19837 / solSize=50311
LAYER=44 / layers=129129UPDATE VOLTAGE START / layers= / solSize=LAYER=
129) V=5031120
  idx=[BC] updateElectrodeVoltage(244361.16155 / solSize=  idx=LAYER= / solSize=50311
LAYER=57 / layers=129  idx=40684 / solSize=50311

129 #verts=50
[BC] solutionVector finite after write? LAYER=  idx=691yes / layers=27012 / solSize=  idx= / layers=50311LAYER=5031144493
12931293
33 / solSize=50311
LAYER=55 / layers=129  idx= / solSize=
 / layers=129  idx=46972 / solSize=LAYER=129UPDATE VOLTAGE END 5031112941120 / solSize= / layers=
UPDATE VOLTAGE START
[BC] updateElectrodeVoltage(LAYER=93  idx=) V=50311  idx=LAYER=25717-0.897016
1094
49055 / solSize=7750311LAYER=23 / layers=129 / layers= / solSize=LAYER=5031176) V=129 / layers=
 #verts=  idx=14906 / solSize= / layers=  idx=-0.25276129  idx=
12948754 / solSize=50311
129 #verts=50
LAYER=32534LAYER=50311 / layers=[BC] solutionVector finite after write? 51129
114LAYER=113 / layers=129  idx=11908 / solSize=50311
LAYER=94 / layers=129  idx=23572 / solSize=50311LAYER=yes / solSize=  idx=  idx=97 / layers=129  idx=22015 / solSize=50311

5031150311
33060

UPDATE VOLTAGE END 
UPDATE VOLTAGE START
[BC] updateElectrodeVoltage(5
  idx= / solSize= / layers=LAYER=112 / layers=129LAYER=129 / layers=129  idx=387[BC] solutionVector finite after write? LAYER=LAYER=24095470 / solSize=50311
LAYER=129 / layers=129  idx=97 / solSize=50311
LAYER=129 / layers=129  idx=194 / solSize=50311
LAYER=129 / layers=129  idx= / solSize=290102 / layers=129  idx=19036 / solSize=50311) V=yes5031112950311 / solSize=
 / solSize=  idx=
 / layers=
  idx=-0.0360295031150311129UPDATE VOLTAGE END  #verts=50
[BC] solutionVector finite after write? yes

LAYER=125
UPDATE VOLTAGE END  / layers=12782LAYER=
129  idx=3309 / solSize=
11513 / solSize=50311UPDATE VOLTAGE START124LAYER=50311  idx=UPDATE VOLTAGE START
[BC] updateElectrodeVoltage(6
 / layers=
 / solSize=43601129LAYER=LAYER=121 / layers=129  idx=6637 / solSize=
50311
 / solSize=LAYER=  idx=414354 / solSize=50311
LAYER=90 / layers=) V=503111291.12936129[BC] updateElectrodeVoltage(
129  idx= / layers=7) V=
 / layers=129  idx=64LAYER=51 / layers=129  idx=42620 / solSize=50311
129 / layers=26146 / solSize=50311-0.750842 / layers=50311
  idx=129 #verts=
129LAYER=387  idx=45307484LAYER=LAYER=LAYER=51 #verts=93LAYER= / solSize=
122 / layers=12976  idx= / layers=50311[BC] solutionVector finite after write?   idx=5966 / solSize=50311
38091LAYER=50
LAYER=129 / layers=129  idx=81 / solSize=129 / solSize=119 / layers=yes / solSize=580 / layers= / solSize=
50311129  idx=32842 / solSize=50311
LAYER=129 / layers=129  idx=0 / solSize=503115031150311  idx=
UPDATE VOLTAGE END 



[BC] solutionVector finite after write? LAYER=LAYER=50311101122 / layers=

24106129 / layers=LAYER=129 / layers=129  idx= / solSize= / layers= / layers=50311LAYER=129484yes129  idx=
LAYER=103 / layers=UPDATE VOLTAGE START  idx=129129129LAYER=
677 / solSize=50311

  idx=12930698 / layers= / solSize=129129UPDATE VOLTAGE END [BC] updateElectrodeVoltage(  idx=  idx=19997 / solSize=50311
LAYER=19 / layers=129  idx=49241 / solSize=5031150311  idx=97

7 / solSize=LAYER=5623 / solSize=50311
LAYER= / solSize=50311
LAYER=) V=10989  idx=50311
 / layers=18435[RUN] begin: sol size=129 / layers=LAYER=0.98022750311 / solSize=50311
129LAYER= / layers=80 #verts=  idx=
129129
 / layers=  idx=LAYER=  idx=194 / solSize=50311
50[RUN] solutionVector finite at entry? 32LAYER=978051129 / layers=129  idx=580 / solSize=50311
yes
26447129 / layers=129  idx=290 / solSize=50311
LAYER=129 / layers=129  idx=387 / layers= / solSize=14962129
 / solSize=50311
 / solSize= / solSize=  idx=[BC] solutionVector finite after write? Update boundariesyes
UPDATE VOLTAGE END 
[RUN] begin: sol size=5031131175LAYER=
50311
UPDATE VOLTAGE START129
 / solSize= / layers=50311
50311 / layers=LAYER=129[BC] updateElectrodeVoltage(129  idx=47247 / solSize=50311
[RUN] solutionVector finite at entry? LAYER=12950311LAYER=
  idx=LAYER=218121290
 / solSize=11767 / layers=129  idx=484 / solSize=50311
LAYER=129 / layers=129  idx=580 / solSize=  idx=50311LAYER=) V=677yes

11468 / layers=LAYER=50311LAYER=
129  idx=11070 / solSize=50311
 / solSize=LAYER=46 / layers=129  idx=44097 / solSize=50311
7149 / layers=
50311 / layers=129 / layers=
 / layers=129129129 / layers=LAYER=129  idx=129  idx= / layers=  idx=43223 / solSize=50311
09179  idx=129  idx= #verts=36937LAYER= / solSize=LAYER=353736850311 / layers=50
 / solSize= / solSize=[BC] solutionVector finite after write? 3632750311
LAYER=48 / layers=129  idx=43435 / solSize=50311
LAYER=59 / layers=129  idx=39799 / solSize=50311
LAYER=89 / layers=129  idx=26578 / solSize=50311
LAYER=120 / layers=129  idx=6855 / solSize=50311
LAYER=100 / layers=129  idx=20167 / solSize=50311
LAYER=92 / layers=129  idx=5031124892
LAYER=111 / layers= / solSize=12950311  idx=13615 / solSize=
50311LAYER=90 / layers=129  idx=26045 / solSize=50311

LAYER=LAYER=9948 / layers=129  idx=20849 / solSize=50311

yesLAYER=129 / layers=122LAYER=105 / layers=129  idx=17065 / solSize=50311
LAYER=58 / layers=129  idx=12933
36322 / solSize=  idx=50311
 / layers=UPDATE VOLTAGE END 12943469 / layers=  idx=  idx=
  idx= / solSize=UPDATE VOLTAGE START / solSize=40256677LAYER=
 / solSize=50311129 / solSize=97
  idx= / layers=5031150311
LAYER=12998 / layers=129
  idx=  idx=LAYER=21402722182247070 / layers= / solSize= / solSize=5031150311
50311 / solSize=
[BC] updateElectrodeVoltage(5784150311129
Update boundariesLAYER=LAYER=90) V=  idx=89
 / layers= / layers=LAYER=34833-0.13128492 / layers=129  idx=24755 / solSize=129 / solSize= / solSize= #verts=129LAYER=50311
50311  idx=
50
UPDATE VOLTAGE START
[BC] updateElectrodeVoltage(0) V=  idx=5031126424
26155
LAYER=120 / layers=129  idx=7111 / solSize=50311
 / solSize=LAYER=503118861 / layers=LAYER= / solSize=129 / layers=
129LAYER=  idx=117276 / layers= / solSize=50311
129LAYER=  idx= / layers=69129 / layers=  idx=930639160 / solSize=50311
 / solSize=LAYER=65 / layers=129LAYER=[BC] solutionVector finite after write?   idx=50311990yes #verts= / layers=12950
50311[BC] solutionVector finite after write? yes
UPDATE VOLTAGE END 
UPDATE VOLTAGE START
[BC] updateElectrodeVoltage(129129  idx=  idx=26829  idx=1 / solSize=50311
LAYER=102 / layers=129  idx=


19251 / solSize=5031120765
LAYER=90 / layers=129  idx=UPDATE VOLTAGE END ) V=LAYER=37601
 / solSize=36136 / solSize=45UPDATE VOLTAGE START / layers=50311LAYER=503110.004863722600727 / layers=
Update boundaries

129LAYER=118UPDATE VOLTAGE START / solSize=  idx= / layers=
[BC] updateElectrodeVoltage(48199[BC] updateElectrodeVoltage(1290) V=
 #verts= / solSize=50311
LAYER=126 / layers=129  idx=3034 / solSize=50311
LAYER=LAYER=102 / solSize= / layers=129  idx=19053 / solSize=50311
LAYER=0 #verts=277 / layers=129  idx=32665 / solSize=50311
50LAYER=129100 / layers=129  idx=20073 / solSize=50311
LAYER=104 / layers=
50311[BC] solutionVector finite after write? yes
UPDATE VOLTAGE END 
UPDATE VOLTAGE START50  idx=) V=


12950311[BC] updateElectrodeVoltage(LAYER=1) V=
[BC] solutionVector finite after write? LAYER=109 / layers=129  idx=0.472565 #verts=500.7164018382107  idx= #verts=  idx= / layers=1291793714643 / solSize=51 / solSize=503118644173 / solSize=50311
LAYER=104 / layers=129  idx=17812 / solSize=50311
LAYER=110 / layers=129  idx=50311
LAYER=66 / solSize= / layers=129  idx=
37211
[BC] solutionVector finite after write?  / solSize=13786 / layers=50311yesyes[BC] solutionVector finite after write? yes
UPDATE VOLTAGE END 
UPDATE VOLTAGE START  idx=



LAYER=12950311 / solSize=LAYER=[BC] updateElectrodeVoltage(50311UPDATE VOLTAGE END 2) V=
0.514904 #verts=51

75
15708UPDATE VOLTAGE END LAYER= / layers= / solSize=129LAYER=[BC] solutionVector finite after write?   idx=5031156129 / layers= / layers=129  idx=28348 / solSize=
99

129LAYER=98 / layers=129  idx= / layers=129  idx=UPDATE VOLTAGE START33534yesUPDATE VOLTAGE START21783 / solSize=50311
LAYER=122 / layers=129  idx=5480 / solSize=50311
  idx=20690
[BC] updateElectrodeVoltage(41022  idx=LAYER= / solSize=3 / solSize=
) V=5031150311503110


LAYER=100 / layers= / solSize=[BC] updateElectrodeVoltage(1.345761292LAYER=74 / layers=LAYER=
 #verts= / solSize=) V=122-1.22049 #verts=51
50UPDATE VOLTAGE END 
UPDATE VOLTAGE START[BC] solutionVector finite after write?  / layers=  idx=1295031150311
LAYER=50

20178129
LAYER=129 / layers=129  idx=97 / solSize=50311
LAYER=129 / layers=129  idx=194 / solSize=50311
LAYER=129 / layers=129  idx=290 / solSize=yes[BC] solutionVector finite after write?  / layers=129
[BC] updateElectrodeVoltage(  idx= / solSize=yesUPDATE VOLTAGE END 12950311
LAYER= / layers=3  idx=0 / solSize=50311
LAYER=129
) V=
  idx= / layers=129  idx=97 / solSize=50311
LAYER=129 / layers=129UPDATE VOLTAGE START
33737-0.900381599470129 / solSize=UPDATE VOLTAGE END  / layers= / solSize=[BC] updateElectrodeVoltage(  idx=  idx=
129  idx=35740194 / solSize=503113 / solSize=42763) V= #verts=-0.37225650311UPDATE VOLTAGE START50311
LAYER=129 / layers=129  idx=
5050311
387LAYER=
50311 / solSize= / solSize=

[BC] solutionVector finite after write? yes
UPDATE VOLTAGE END 
UPDATE VOLTAGE START
50311[BC] updateElectrodeVoltage([BC] updateElectrodeVoltage(
113LAYER=LAYER=
50311 #verts=4
) V= / layers=LAYER=1021001294-1.03815 / layers=129  idx=20559 / solSize=129 / layers=129  idx=290) V= #verts=50  idx=12281 / solSize=50311
LAYER=LAYER= / layers=5031150

[BC] solutionVector finite after write? 811291290.72186 #verts=50
  idx=[BC] solutionVector finite after write?  / layers=129  idx=484 / solSize=50311 / layers=
yes[BC] solutionVector finite after write? 
 / solSize=18800
50311yesLAYER=LAYER=yes12984


129UPDATE VOLTAGE END  / layers=UPDATE VOLTAGE END 
UPDATE VOLTAGE END LAYER=
UPDATE VOLTAGE START
[BC] updateElectrodeVoltage(5) V=0.869467 #verts=50
[BC] solutionVector finite after write? 129UPDATE VOLTAGE STARTyes  idx=LAYER=

114129 / layers= / solSize=
 / layers=UPDATE VOLTAGE START / layers=UPDATE VOLTAGE END 
UPDATE VOLTAGE START
[BC] updateElectrodeVoltage(6) V=1291295800.773236
  idx=  idx=387 / solSize=50311[BC] updateElectrodeVoltage(28931  idx= / solSize=
50311305975
129LAYER= / solSize=50311
LAYER=117 / layers=129 #verts=50311129  idx=
) V=51LAYER=8986 / solSize=50311
LAYER=LAYER=[BC] updateElectrodeVoltage(70
 / layers= / layers=4129  idx=484 / solSize=50311
LAYER=129 / layers=1291.21154129 / solSize=  idx=90) V=-0.383339 #verts=50
[BC] solutionVector finite after write? yes50311 #verts=11181114
LAYER=129 / layers=129  idx=677 / solSize=50311[BC] solutionVector finite after write?  / layers=
50129  idx=11213 / solSize=50311
LAYER=110 / layers=129  idx=
yes  idx= / layers=35452UPDATE VOLTAGE END 129  idx= / solSize=
UPDATE VOLTAGE START  idx=
580[BC] solutionVector finite after write? yes
UPDATE VOLTAGE END 13846 / solSize= / solSize=
 / solSize=2582950311

 / solSize=UPDATE VOLTAGE START50311

LAYER=65 / layers=503115031150311129

LAYER=[BC] updateElectrodeVoltage(UPDATE VOLTAGE END [BC] updateElectrodeVoltage(5  idx=
37487 / solSize=50311
) V=LAYER=
669UPDATE VOLTAGE START
) V= / layers=LAYER=95
LAYER=129 / layers=LAYER=129113 / layers=129  idx=11891 / layers=[BC] updateElectrodeVoltage(-1.08726129  idx= #verts=7  idx=12936103 / solSize=29-0.151405) V=  idx=50311 / layers= #verts=23416-0.095750251129 / solSize= / solSize=
5031150311
  idx=67750
LAYER=47703 / solSize=128 #verts=[BC] solutionVector finite after write?  / solSize=50 / layers=
50311

129  idx=yes844[BC] solutionVector finite after write? yes
UPDATE VOLTAGE END 
UPDATE VOLTAGE START
[BC] updateElectrodeVoltage(6) V=0.958142 #verts=51
[BC] solutionVector finite after write?  / solSize=[BC] solutionVector finite after write? 50311yes
UPDATE VOLTAGE END 
Update boundariesUPDATE VOLTAGE STARTyes

UPDATE VOLTAGE END 
[RUN] begin: sol size=

50311UPDATE VOLTAGE END 50311
[RUN] solutionVector finite at entry? yes


UPDATE VOLTAGE START[BC] updateElectrodeVoltage(LAYER=UPDATE VOLTAGE START
LAYER=106 / layers=129  idx=95167707 / layers=

LAYER=129  idx= / solSize=
) V=503112296184
[BC] updateElectrodeVoltage( / solSize=LAYER=[BC] updateElectrodeVoltage(0) V=50 / layers=503117
) V=LAYER=44 / layers=129  idx=44517 / solSize=50311
LAYER=82 / layers=129  idx=29895 / solSize=50311
LAYER=77 / layers=129  idx=326070129  idx= / solSize= #verts=4291450 / solSize=50311
50311LAYER=117 / layers=
129LAYER= / layers=LAYER=-1.27887129-0.24587
91 / layers=129  idx=25593 / solSize=50311
  idx=29211 #verts=[BC] solutionVector finite after write? LAYER=yes
UPDATE VOLTAGE END 
UPDATE VOLTAGE START
[BC] updateElectrodeVoltage( #verts=96 / solSize=50150311  idx=50104
8961 / solSize= / layers= / layers=50311
129LAYER=
) V=129  idx=22746 / solSize=50311
LAYER=111 / layers=129  idx=13596 / solSize=50311
LAYER=40 / layers=129  idx=45424 / solSize=50311
LAYER=58 / layers=129  idx=40054 / solSize=50311
LAYER=123 / layers=129  idx=4622 / solSize=50311
LAYER=51 / layers=129  idx=42364 / solSize=50311
LAYER=38 / layers=129  idx=45937 / solSize=50311
LAYER=99 / layers=129  idx=20991 / solSize=50311
LAYER=25 / layers=129  idx=48475 / solSize=50311
[BC] solutionVector finite after write? yes
UPDATE VOLTAGE END 
[RUN] begin: sol size=50311
[RUN] solutionVector finite at entry? yes
[BC] solutionVector finite after write? yes
UPDATE VOLTAGE END 
[RUN] begin: sol size=50311
[RUN] solutionVector finite at entry? yes

LAYER=123 / layers=129  idx=4805 / solSize=50311
LAYER=39 / layers=129  idx=45684 / solSize=50311
LAYER=120 / layers=129  idx=7135 / solSize=50311
LAYER=52 / layers=129  idx=42163 / solSize=50311
LAYER=52 / layers=129  idx=42238 / solSize=50311
LAYER=1.01608101 #verts=50
 / layers=129  idx=[BC] solutionVector finite after write? 19749Update boundaries / solSize=yes50311
  idx=UPDATE VOLTAGE END 
UPDATE VOLTAGE START
[BC] updateElectrodeVoltage(17617256 / solSize= / layers=129LAYER=
LAYER=87 / layers=129  idx=50311105
27557 / layers= / solSize=50311LAYER=129  idx=
  idx=3340934 / solSize=50311
LAYER=117 / layers= / layers=129  idx=
129  idx=9495 / solSize=50311
47076LAYER=55 / solSize= / layers=) V=UPDATE VOLTAGE STARTLAYER=47503110.0370614
 #verts=17032LAYER=115
 / layers= / solSize=51 / layers=[BC] updateElectrodeVoltage(129  idx=
436050) V=50311
 / solSize=50311
LAYER=97 / layers=129  idx=LAYER=2200280 / layers=129[BC] solutionVector finite after write? 129yes
UPDATE VOLTAGE END   idx=0
 #verts=41352 / solSize=UPDATE VOLTAGE START50311129
  idx=50LAYER=31181
 / solSize=[BC] solutionVector finite after write? yes
UPDATE VOLTAGE END 94 / solSize= / layers=50311
  idx=12910916 / solSize=50311
  idx=23820 / solSize=LAYER=LAYER=1134750311 / layers=
 / layers=
129  idx=[BC] updateElectrodeVoltage(
3) V=1.298335031112284 / solSize=50311

LAYER=LAYER=LAYER=5538 / layers=129  idx=42 / layers=129 / layers=129  idx=45955  idx=44928129 / solSize=50311
41116 #verts= / solSize=LAYER=5063 / layers=129
  idx=[BC] solutionVector finite after write? yes
UPDATE VOLTAGE END 
  idx=38529 / solSize=5031150311
UPDATE VOLTAGE START
43757LAYER=LAYER= / solSize=119 / layers=129  idx=
[BC] updateElectrodeVoltage(4) V= / solSize=UPDATE VOLTAGE START50311

LAYER=50311
[BC] updateElectrodeVoltage(83 / layers=129  idx=LAYER=1) V=70 / layers=294260.566248 / solSize=50311
1.1745 #verts=104LAYER=50 / layers=115
 / layers=129[BC] solutionVector finite after write?  #verts=50129
[BC] solutionVector finite after write?   idx=129  idx=yes
35488 / solSize=50311
7847 / solSize=50311
17604LAYER= / solSize=50311
  idx=LAYER=67 / layers=10312 / solSize=50311125LAYER=129 / layers=129yes  idx=39  idx= / layers=367193699 / solSize= / solSize=50311
50311LAYER=
UPDATE VOLTAGE END 
UPDATE VOLTAGE START
[BC] updateElectrodeVoltage(12952 / layers=129  idx=242214) V=  idx= / solSize=
50311

-1.34818 #verts=51
[BC] solutionVector finite after write? yes
UPDATE VOLTAGE END LAYER=122 / layers=129  idx=5968 / solSize=50311
LAYER=LAYER=12774 / layers=129  idx= / layers=
4567833672UPDATE VOLTAGE START
[BC] updateElectrodeVoltage(5) V=129 / solSize=  idx=0.5034812204UPDATE VOLTAGE END  / solSize= #verts= / solSize=
5050311UPDATE VOLTAGE START
[BC] updateElectrodeVoltage(3
) V=50311503110.84994

 #verts=50
LAYER=[BC] solutionVector finite after write? yes
UPDATE VOLTAGE END 
LAYER=LAYER=74UPDATE VOLTAGE START
[BC] updateElectrodeVoltage(58 / layers=129  idx=40365 / solSize=11650311 / layers=
129[BC] solutionVector finite after write?   idx=yes
UPDATE VOLTAGE END 
UPDATE VOLTAGE START
4) V=33669[BC] updateElectrodeVoltage(
61.41615LAYER= #verts=94 / layers=LAYER= / layers=50) V=48 / layers=129129
0.207612 #verts=  idx=[BC] solutionVector finite after write? yes5143313 / solSize=

[BC] solutionVector finite after write? UPDATE VOLTAGE END 
UPDATE VOLTAGE START
[BC] updateElectrodeVoltage(50311yes
 / solSize=  idx=5
10164 / solSize=) V=LAYER=103 / layers=50311129
-1.14453LAYER=129 #verts=295031150
  idx=[BC] solutionVector finite after write? yes
UPDATE VOLTAGE END 
UPDATE VOLTAGE START
[BC] updateElectrodeVoltage(6) V=
24084UPDATE VOLTAGE END LAYER=0.46712
UPDATE VOLTAGE START
[BC] updateElectrodeVoltage( / solSize= #verts=4950311
51LAYER=85 / layers= / layers=
[BC] solutionVector finite after write? 129  idx=129yes
UPDATE VOLTAGE END 
UPDATE VOLTAGE START
  idx= / layers=[BC] updateElectrodeVoltage(  idx=12974783318407284637 / solSize= / solSize=50311
50311LAYER= / solSize=50311

LAYER=50LAYER=86 / layers=46 / layers=129  idx=42817 / solSize=50311 / layers=) V=  idx=12943156  idx=1.39149 / solSize=) V= #verts=505031144016

 / solSize=
LAYER=1.2598750311
LAYER=[BC] solutionVector finite after write? 4129LAYER= #verts=50
104 / layers= / layers=[BC] solutionVector finite after write? 129  idx=yes  idx=1762912998 / layers=129  idx=21324 / solSize=50311
yesLAYER=122 / layers=129
 / solSize=50311
UPDATE VOLTAGE END   idx=LAYER=84 / layers=129  idx=  idx=2935228275 / solSize=
50250UPDATE VOLTAGE END 
[RUN] begin: sol size= / solSize=5031150311 / solSize=50311

50311

LAYER=[RUN] begin: sol size=50311
5374LAYER=[RUN] solutionVector finite at entry?  / solSize=123101 / layers=yesLAYER=129 / layers=12912950311
LAYER=128 / layers=129  idx=1048 / solSize=50311


[RUN] solutionVector finite at entry? yes
  idx=LAYER=19765 / solSize=5031179 / layers=
129 / layers=  idx=  idx=0129 / solSize=50311
  idx=5063LAYER= / solSize=129 / layers=12950311
31756LAYER=47 / layers=129  idx=43721 / solSize=50311
LAYER=124 / layers=129  idx=4024 / solSize=50311
LAYER=48 / layers=129  idx=43256 / solSize=LAYER= / solSize=5031150311111 / layers=

129LAYER=121  idx=LAYER= / layers=110 / layers=129129  idx=  idx=14123 / solSize=9750311 / solSize=50311

LAYER=LAYER=  idx=6264 / solSize=5031112966 / layers=129  idx=37199
LAYER=120 / layers=129  idx=6992 / solSize=50311
13100LAYER= / solSize=50311
64LAYER= / solSize=126 / layers=50311
 / layers=129  idx=37990 / solSize=129LAYER=42 / layers=129  idx=45077 / solSize=50311 / layers=
129  idx=194 / solSize=50311
LAYER=49 / layers=LAYER=  idx=129 / layers=129  idx=290 / solSize=50311
LAYER=129 / layers=129  idx=387 / solSize=50311
LAYER=129 / layers=129  idx=484 / solSize=50311
LAYER=129 / layers=129  idx=580 / solSize=503112601 / solSize=50311

50311LAYER=111 / layers=129  idx=
LAYER=13555100 / layers=129  idx=20331 / solSize=50311
LAYER=61 / layers=129  idx=39124 / solSize=50311129
  idx=43029 / solSize=50311
LAYER=LAYER= / solSize=50311115128 / layers=129  idx=
 / layers=129  idx=LAYER=56 / layers=129  idx=114710633 / solSize=50311
41006 / solSize=50311
LAYER= / solSize=50311
128LAYER=LAYER=96 / layers=129129 / layers=  idx=22922 / solSize=12950311  idx= / layers=
129677LAYER=  idx= / solSize=50311
851206 / solSize=50311
 / layers=LAYER=129  idx=LAYER=28861 / solSize=50311
108LAYER=105 / layers= / layers=127129  idx=15246 / solSize=129 / layers=129  idx=503111965
  idx= / solSize=LAYER=173455031162 / layers=
 / solSize=LAYER=12650311129  idx=38632 / solSize=50311
LAYER=115 / layers=129  idx=10617 / solSize=50311
LAYER=113 / layers=129  idx=12227 / solSize=50311
LAYER=88 / layers=129  idx=
27083 / solSize=50311
LAYER=LAYER=12562 / layers=129  idx= / layers=38644129  idx=3418 / layers=129  idx=2555 / solSize=50311
LAYER=72 / layers=129  idx=34643 / solSize=50311
LAYER=52 / layers=129  idx=42186 / solSize=50311
LAYER=96 / layers=129 / solSize=  idx=50311
22672LAYER= / solSize=50311
109LAYER= / layers=107 / layers=129129 / solSize=50311
LAYER=101 / layers=129  idx=19877 / solSize=50311
LAYER=115 / layers=129  idx=10457 / solSize=50311
LAYER=40 / layers=129  idx=45623 / solSize=  idx=5031114353 / solSize=50311

LAYER=36 / layers=129  idx=LAYER=46507 / solSize=114 / layers=50311129  idx=
  idx=11651 / solSize=50311
LAYER=LAYER=15683110 / layers=129  idx=13883 / solSize=50311
 / solSize=50311
51LAYER=129 / layers=LAYER= / layers=65 / layers=129129  idx=42494 / solSize=  idx=050311
129 / solSize=LAYER=  idx=37706 / solSize=50311
50311119LAYER=
114 / layers= / la/var/spool/slurm/job10102866/slurm_script: line 10: 1738921 Segmentation fault      (core dumped) "$@"
