[MESH] Max bdr attr: [MESH] Max bdr attr: 1
1
  attr   attr 11 : 380 bdr elements
[BC] ess_tdof_list size = 402
 : 380 bdr elements
[BC] ess_tdof_list size = 402
LAYER=80 / layers=129  idx=30889 / solSize=50311
LAYER=126 / layers=129  idx=2943 / solSize=50311
LAYER=34 / layers=129  idx=46743LAYER= / solSize=10250311
 / layers=129  idx=19107 / solSize=50311LAYER=
89 / layers=LAYER=12968  idx= / layers=26583129  idx= / solSize=50311
LAYER=3623687 / solSize=50311
 / layers=129  idx=27533 / solSize=LAYER=50311
50 / layers=129LAYER=51 / layers=129  idx=42378 / solSize=50311
LAYER=98 / layers=129  idx=21504 / solSize=50311
LAYER=115 / layers=129  idx=10789 / solSize=50311
LAYER=112 / layers=129  idx=12858 / solSize=50311
LAYER=76 / layers=129  idx=32945 / solSize=50311
LAYER=92 / layers=129  idx=25002 / solSize=50311
LAYER=106 / layers=129  idx=16521 / solSize=50311
LAYER=123 / layers=129  idx=5115 / solSize=50311
LAYER=  idx=2042873 / layers= / solSize=50311
LAYER=81 / layers=129  idx=30559 / solSize=50311
LAYER=121 / layers=129  idx=6140 / solSize=50311
LAYER=105 / layers=129  idx=17071 / solSize=50311
LAYER=115 / layers=129  idx=10518 / solSize=50311
LAYER=123 / layers=129  idx=4949 / solSize=12950311  idx=
49068 / solSize=LAYER=98 / layers=129  idx=21757 / solSize=50311
LAYER=100 / layers=129  idx=20030 / solSize=50311
LAYER=108 / layers=129  idx=15369 / solSize=50311
LAYER=88 / layers=129  idx=26861 / solSize=50311
LAYER=103 / layers=129  idx=18699 / solSize=50311
50311LAYER=116 / layers=129  idx=10217
 / solSize=LAYER=50311
61LAYER= / layers=84129  idx= / layers=39215129  idx= / solSize=2930550311 / solSize=
50311LAYER=
64LAYER= / layers=98 / layers=129  idx=12921763 / solSize=50311
  idx=LAYER=3808293 / solSize= / layers=50311129
  idx=24556LAYER= / solSize=61 / layers=12950311  idx=
38991LAYER= / solSize=7750311 / layers=
129  idx=LAYER=32298108 / solSize= / layers=129  idx=1526750311
 / solSize=LAYER=50311114 / layers=129  idx=10995 / solSize=50311
LAYER=90 / layers=129  idx=25873 / solSize=50311
LAYER=118 / layers=129  idx=8691 / solSize=50311
LAYER=124 / layers=129  idx=3861 / solSize=50311
LAYER=113 / layers=129  idx=11943 / solSize=50311

LAYER=22 / layers=129  idx=48804 / solSize=50311
LAYER=85LAYER= / layers=66 / layers=129  idx=37359 / solSize=12950311
  idx=LAYER=3228787 / layers= / solSize=12950311
LAYER=129 / layers=129  idx=488 / solSize=50311
LAYER=85 / layers=129  idx=28476 / solSize=50311
LAYER=66 / layers=129  idx=37414 / solSize=50311
LAYER=104 / layers=129  idx=18073 / solSize=50311
LAYER=79 / layers=  idx=129  idx=4714331521 / solSize=50311
LAYER=109 / layers=129  idx=14791 / solSize=50311
LAYER=83 / layers=129  idx=29678 / solSize=50311
LAYER=127 / layers=129  idx=2195 / solSize=50311
LAYER=79 / layers=129  idx=31364 / solSize=50311
LAYER=112 / layers=129  idx= / solSize=50311
LAYER=97 / layers=129  idx=22245 / solSize=50311
LAYER=28 / layers=129  idx=47892 / solSize=50311
LAYER=72 / layers=129  idx=34559 / solSize=50311
LAYER=55 / layers=129  idx=41395 / solSize=50311
LAYER=79 / layers=129  idx=31643 / solSize=50311
LAYER=122 / layers=129  idx=5782 / solSize=50311
12658LAYER= / solSize=45 / layers=50311129  idx=
44111 / solSize=50311
LAYER=LAYER=107 / layers=129  idx=16222 / solSize=50311
LAYER=66 / layers=129  idx=37240 / solSize=50311
LAYER=121 / layers=129  idx=6050 / solSize=50311
LAYER=122 / layers=129  idx=5713 / solSize=50311
LAYER=62 / layers=129  idx=38663 / solSize=50311
LAYER=76 / layers=129  idx=32879 / solSize=50311
LAYER=124 / layers=101129 / layers=  idx=129  idx=19967 / solSize=503114038
 / solSize=LAYER=5031196
 / layers=LAYER=129  idx=12822434 / solSize=50311
LAYER=63 / layers=129  idx=38527 / solSize=50311
LAYER=29 / layers=129  idx=47795 / solSize=50311
LAYER=119 / layers=129  idx=8107 / solSize=50311
LAYER=128 / layers=129  idx=1356 / solSize=50311
LAYER=48 / layers= / layers=129  idx=43414 / solSize=12950311
  idx=LAYER=909 / solSize=87 / layers=129  idx=27772 / solSize=50311
LAYER=117 / layers=129  idx=9177 / solSize=50311
LAYER=123 / layers=129  idx=4699 / solSize=50311
LAYER=47 / layers=129  idx=43566 / solSize=50311
LAYER=127 / layers=129  idx=2221 / solSize=50311
50311[MESH] Max bdr attr: 
LAYER=87 / layers=129  idx=27637 / solSize=50311
LAYER=122 / layers=129  idx=5901 / solSize=50311
LAYER=127 / layers=129  idx=2080 / solSize=50311
LAYER=LAYER=124 / layers=129  idx=4509 / solSize=5031128
 / layers=LAYER=80 / layers=129  idx=30930 / solSize=50311
129  idx=47908 / solSize=50311
LAYER=103 / layers=129  idx=18609 / solSize=50311
LAYER=80 / layers=129  idx=31267 / solSize=503111LAYER=72 / layers=129  idx=34899 / solSize=50311
LAYER=124 / layers=129  idx=
  attr 1 : 380 bdr elements
[BC] ess_tdof_list size = 
402
LAYER=4206113 / layers=129  idx=11890 / solSize= / solSize=LAYER=63 / layers=5031150311
129
LAYER=LAYER=  idx=114 / layers=129  idx=11422 / solSize=50311
LAYER=88 / layers=129  idx=27268 / solSize=50311
LAYER=100 / layers=129  idx=3839720185 / solSize=50311
 / solSize=50311
LAYER=57 / layers=129  idx=40635 / solSize=50311
43LAYER= / layers=129122 / layers=129  idx=5303 / solSize=50311
LAYER=56 / layers=129  idx=40956 / solSize=50311
  idx=44882 / solSize=50311
LAYER=87 / layers=129  idx=27731 / solSize=50311
LAYER=77 / layers=129  idx=32644LAYER=LAYER=82 / layers=126 / layers=129  idx=2991 / solSize=50311
LAYER=110 / layers= / solSize=12950311
129  idx=30348 / solSize=50311
LAYER=96 / layers=129  idx=22587 / solSize=50311
LAYER=97 / layers=LAYER=12979  idx= / layers=21958  idx= / solSize=50311
LAYER=103 / layers=129  idx=18751 / solSize=50311
LAYER=116 / layers=129  idx=1016314056 / solSize= / solSize=5031150311
LAYER=121 / layers=129  idx=
LAYER=38 / layers=129  idx=45916 / solSize=50311
LAYER=115 / layers=129  idx=10854129 / solSize=  idx=611850311 / solSize=50311
31724
 / solSize=50311LAYER=114 / layers=LAYER=
12967 / layers=LAYER=129  idx=36696 / solSize=50311
121 / layers=129  idx=6135LAYER= / solSize=27 / layers=129  idx=5031148109  idx=11081 / solSize=50311
LAYER=127 / solSize= / layers=50311
129LAYER=
LAYER=106101 / layers=129  idx= / layers=  idx=16743129  idx=19561 / solSize=[MESH] Max bdr attr: 2014 / solSize=50311
 / solSize=503111

50311LAYER=
81 / layers=129  idx=30821 / solSize=50311
LAYER=LAYER=75 / layers=129  idx=33341 / solSize=50311LAYER=
120 / layers=LAYER=129  idx=58734158 / layers=129  idx=40095 / solSize= / layers=129  idx= / solSize=50311
LAYER=4017850311
  attr 1271 / solSize= : 50311 / layers=380 bdr elements
129[BC] ess_tdof_list size =   idx=2141 / solSize=50311
LAYER=402LAYER=93117 / layers=129  idx=24171 / solSize=50311
 / layers=
LAYER=43 / layers=129129  idx=  idx=8900
 / solSize=50311
LAYER=LAYER=LAYER=49118 / layers=75129 / layers= / layers=129  idx=  idx=12933568 / solSize=886750311 / solSize=50311

LAYER=  idx=LAYER=64 / layers=43186 / solSize=50311
44812129 / solSize=LAYER=115 / layers=129  idx=10616 / solSize=50311
50311LAYER=62 / layers=129  idx=38805 / solSize=50311

  idx=LAYER=85 / layers=129  idx=28488 / solSize=50311
LAYER=19 / layers=129  idx=49284 / solSize=50311
37989 / solSize=50311
116LAYER= / layers=129  idx=982794LAYER= / layers=125 / solSize=50311 / layers=
LAYER=LAYER=123 / layers=129  idx=5143 / solSize=50311
LAYER=123 / layers=129123  idx=4727 / solSize= / layers=129  idx=5285 / solSize=50311
12950311129LAYER=129 / layers=129  idx=654 / solSize=50311
  idx=LAYER=
319484 / layers=  idx=LAYER=34 / layers=129  idx=46748 / solSize=50311
23535LAYER= / solSize=50311
129119  idx=LAYER=29277 / layers= / solSize=5750311
129  idx= / layers=LAYER= / solSize=129  idx=40606 / solSize=50311
LAYER=50311113 / layers=
129LAYER=111 / layers=  idx=7509129 / solSize=121697450311 / layers=
 / solSize=  idx=5031113474
 / solSize=50311LAYER=
111 / layers=LAYER=129  idx=13538 / solSize=50311
119 / layers=129LAYER=101 / layers=129  idx=19597 / solSize=50311
  idx=LAYER=33886 / solSize=50311
118129  idx=7821 / solSize=50311
LAYER= / layers=LAYER=111 / layers=129  idx=13610 / solSize=50311
LAYER=121 / layers=129117  idx= / layers=LAYER=85 / layers=129  idx=28839 / solSize=50311
LAYER=113 / layers=1291296463 / solSize=  idx=503118508
 / solSize=LAYER=  idx=8916 / solSize=50311
LAYER=111 / layers=129  idx=13367 / solSize=50311
LAYER=108 / layers=129  idx=15186 / solSize=50311
LAYER=33 / layers=129  idx=47002 / solSize=50311
LAYER=64 / layers=129  idx=38162 / solSize=50311
LAYER=79 / layers=129  idx=31438 / solSize=50311
LAYER=12958  idx= / layers=129  idx=119344027350311 / solSize=50311
 / solSize=LAYER=129 / layers=129[MESH] Max bdr attr:   idx=503116021 / solSize=50311

76
 / layers=  attr 129  idx=132913 / solSize=50311
LAYER= : LAYER=
38110 / layers=380129  idx=LAYER= / layers=LAYER=12912932 / layers= / layers=129  idx=14040 bdr elements
  idx= / solSize=50311127 / solSize=[BC] ess_tdof_list size = 45872
50311 / solSize=402

129LAYER=109 / layers=50311  idx=129  idx=14465 / solSize=50311

47316LAYER=115 / layers=LAYER=LAYER= / solSize=16 / layers=129114 / layers=50311129  idx=12911380  idx=LAYER= / solSize=50311
82LAYER=10685 / solSize=50311
  idx=LAYER=87
49497 / solSize=50311LAYER=60 / layers=129  idx=39537 / solSize=50311
 / layers=122 / layers=129  idx=LAYER=
 / layers=5398127129LAYER=116 / layers=129  idx=9873 / solSize=50311
  idx=30164LAYER= / solSize=5031198 / layers= / layers= / solSize=129[MESH] Max bdr attr:   idx=503111990129
 / solSize=  idx=50311129

LAYER=122 / layers=27672  idx=129LAYER= / solSize=  idx=5910 / solSize=50311
21546107 / layers=129  idx=15844 / solSize=50311
LAYER=47 / layers=129  idx=43651 / solSize=50311
LAYER=50311 / solSize=86 / layers=129  idx=27928 / solSize=50311
50311LAYER=LAYER=

82100 / layers=LAYER=67 / layers=1 / layers=129
  idx=129129  attr 1 : LAYER=  idx=123380LAYER=29991 / solSize=3698646 / layers=129  idx=44022 / solSize=50311
LAYER=71 / layers=129  idx=35172 / solSize=5031150311 / solSize=50311

  idx=
LAYER=87 / layers=129  idx=27417 / solSize=50311
LAYER= bdr elements
20368 / layers=[BC] ess_tdof_list size = LAYER= / solSize=12950311
  idx=LAYER=51327384 / solSize=40250311 / layers=
 / layers=
12989LAYER=LAYER=  idx=126 / layers=129124LAYER=104  idx= / layers=29265129 / layers=129 / solSize=  idx=503113934  idx=
 / layers=285512934134129 / solSize=  idx=LAYER=50311
LAYER=54  idx= / layers=26721 / solSize=17869 / solSize=50311
LAYER= / solSize=50311
129LAYER=111 / solSize=50311
39  idx=41538 / solSize=50311
LAYER= / layers=LAYER=12012950311 / layers=129  idx=6873 / solSize= / layers=21  idx=74
LAYER=1215031113072 / solSize=50311
 / layers=LAYER=129
129  idx= / layers=79  idx=45706 / solSize=129  idx=6537 / solSize= / layers= / layers=LAYER=3391312999129  idx=31792 / solSize= / layers=  idx=503115031149043

50311LAYER= / solSize=50 / layers=129  idx=42879129LAYER=50311  idx=20794 / solSize=50311
128
 / solSize= / solSize= / layers=LAYER=
50311127LAYER=65 / layers=129  idx=37513 / solSize=50311
129 / layers=50311
129  idx=LAYER=
LAYER=824 / solSize=50311
LAYER=LAYER=1186941 / layers=129  idx=  idx= / layers=129  idx=LAYER=122 / layers=850848 / layers=129129  idx= / layers=  idx=35942 / solSize=59602227 / solSize=50311
LAYER=51 / layers=129  idx=42587 / solSize=50311
LAYER=72 / layers= / solSize=129503114519550311 / solSize=50311
  idx=LAYER=112 / layers=129  idx=12877 / solSize=50311
34719 / solSize=
 / solSize=12950311LAYER=
  idx=43286 / solSize=50311
10150311
LAYER= / layers=45 / layers=LAYER=129  idx=44149 / solSize=50311
LAYER=122 / layers=129  idx=5874 / solSize=100LAYER=129LAYER=115 / layers=129  idx= / layers=6519990
50311 / layers=129  idx=37695 / solSize=50311

LAYER=LAYER=LAYER= / solSize=129  idx=  idx=2038610150311 / solSize=119114 / layers=129  idx=11633
 / layers=50311 / solSize=129  idx=7896 / solSize=50311
LAYER=108 / layers=129  idx=15549 / solSize=50311
LAYER=114 / layers=10832LAYER=50311
 / solSize=93129LAYER=78 / layers=129  idx= / layers= / layers=31857129
  idx=LAYER=12350311 / solSize=11538 / solSize=50311

LAYER=50311 / layers=LAYER=8129  idx= / layers=12996
  idx=129  idx=  idx=5012250901982624183 / solSize= / solSize= / layers=50311
 / solSize=LAYER=50311
LAYER=49 / layers=129  idx=43036 / solSize=50311
LAYER=77 / layers=129  idx=129  idx=22663 / solSize=50311
LAYER=LAYER=82 / layers=129  idx=2994432742 / solSize=50311
LAYER=116 / layers=129  idx=10950311 / solSize=50311
 / solSize=LAYER= / layers=
LAYER=63 / layers=1025812050311129
129  idx=38428 / solSize=50311
LAYER=80 / layers=129  idx=31121 / solSize=50311
 / layers=LAYER=94 / layers=79  idx=129 / layers=129  idx=31354 / solSize= / solSize=14395 / solSize=50311
LAYER=118 / layers=129  idx=87815031150311
LAYER=93 / layers= / solSize=
  idx=129129LAYER=127 / layers=129  idx=2119 / solSize=50311
2367150311LAYER= / solSize=  idx=  idx=50311
86LAYER= / layers=6996
129 / layers=129  idx=531 / solSize=50311 / solSize=
LAYER=24516129LAYER= / solSize=105  idx=5031127951 / solSize=50311
LAYER=47 / layers=129  idx=43800 / solSize=50311
50311
 / layers=129  idx=16962 / solSize=50311
LAYER=
LAYER=77 / layers=LAYER=LAYER=13 / layers=LAYER=12972 / layers=1299992 / layers=  idx= / layers=59129  idx=12934832 / layers=  idx=12924695 / solSize= / solSize=12932366  idx=503115031139781  idx=
LAYER=20 / layers=129  idx=49135 / solSize=50311
 / solSize=LAYER=
  idx=LAYER=503114979620701 / solSize=115 / layers= / solSize= / solSize=1295031166
5031150311 / layers=129  idx=37056LAYER=


 / solSize=  idx=LAYER=LAYER=5LAYER=22 / layers=129  idx=48824 / solSize=50311
50311LAYER=
LAYER=54 / layers=12911910292 / layers=  idx=116129  idx=50226 / solSize=50311
 / layers=41470 / solSize=50311
 / solSize= / layers=LAYER=127 / layers=77129  idx=LAYER=129  idx=9864 / solSize=50311
129 / layers=129  idx=32446 / solSize=50311774250311
 / solSize=50311

LAYER=92 / layers=129  idx=24793LAYER=118 / solSize=LAYER=50311LAYER= / layers=
125LAYER=107 / layers=43  idx= / layers=129 / layers=129129  idx=1293696 / solSize=50311
LAYER=34 / layers=  idx=  idx=2294  idx=8795 / solSize= / solSize=10916158 / layers=5031150311
 / solSize=LAYER=120 / layers=129  idx=6897 / solSize=50311
129
LAYER=120 / layers=129  idx=50311LAYER=448767171
 / solSize=50311
  idx=112 / solSize= / layers=129  idx=12863LAYER=12914935 / solSize=83 / layers=129  idx=46900 / solSize=50311
50311 / solSize=50311
LAYER=37 / layers=  idx=29550
LAYER=LAYER=102 / layers=129  idx=18919 / solSize=50311
50311129  idx=46201 / solSize=LAYER= / solSize=10150311
LAYER=101 / layers=129  idx=LAYER=73 / layers=129  idx=34304 / solSize= / layers=
1988650311
LAYER=12984 / layers=115 / solSize=  idx=19497 / solSize=50311
LAYER=12950311 / layers=  idx=24
50311 / layers=
LAYER=85 / layers=29285LAYER=129121 / solSize= / layers=129  idx=129  idx=50311
6164  idx=LAYER= / solSize=48571 / solSize=85 / layers=129  idx=28563 / solSize=50311
1031850311
LAYER=LAYER= / solSize=50311
LAYER=66 / layers=LAYER=50311101 / layers=129  idx=19896 / solSize=50311
129129LAYER=64
  idx=8272 / layers=129  idx=34720 / solSize=50311
LAYER=49 / layers=129  idx=37139 / layers=LAYER=43229129 / solSize=50311
 / layers=LAYER=125 / layers=129  idx=3648 / solSize=50311
  idx=129  idx=123 / solSize=50311
LAYER=125 / layers=  idx=12937861  idx= / layers=3001228672LAYER= / solSize=12950311
122 / solSize=LAYER=  idx=4784 / solSize=50311
LAYER=8150311 / layers= / solSize=3268
50311 / solSize=
LAYER=20 / layers=129129 / layers=  idx=111LAYER=129  idx= / layers=129  idx=49112 / solSize=50311
LAYER=53 / layers=129  idx=41874 / solSize=50311
58525031130477 / solSize=LAYER=  idx=50311 / solSize=1328786 / layers=129  idx=27891 / solSize=5031110950311
 / solSize=50311

 / layers=129  idx=14565 / solSize=50311
LAYER=

LAYER=LAYER=LAYER=93 / layers=LAYER=6846 / layers=12995 / layers=129  idx=23067 / solSize=50311
LAYER=116 / layers=92129  idx=12943862 / solSize=50311
LAYER=118  idx=  idx= / layers= / layers=129  idx=8447 / solSize=50311
129  idx=25141 / solSize=LAYER=5031110172
 / layers= / solSize=12950311LAYER=  idx=47 / layers=2449481 / solSize=50311
 / layers=36370LAYER= / solSize=129129116
LAYER=  idx=30851 / solSize=50311
  idx= / layers=129  idx=50311LAYER=LAYER=43598
7310203 / solSize=57 / solSize=5031150311
LAYER=LAYER= / layers=
LAYER=57 / layers=129  idx=40705 / solSize=50311
LAYER=8811612969 / layers=51  idx=34321 / solSize=50311
 / layers=129 / layers=LAYER= / layers=129  idx=42553  idx=35979 / solSize=50311
LAYER=70 / layers=129  idx=35737 / solSize=50311
LAYER=60 / layers=129  idx=39365 / solSize=50311
LAYER=20 / layers=129  idx=49135 / solSize=50311
LAYER=86 / layers=129  idx=27910 / solSize=50311
LAYER=54 / layers=129  idx=41615 / solSize= / solSize=50311
LAYER=81 / layers=129  idx=5031130413 / solSize=
50311
LAYER=LAYER=9577129 / layers= / layers=  idx= / layers=10266129129  idx=32694  idx=105 / solSize= / layers= / solSize=404335031150311129 / solSize=  idx=
1291291698250311  idx=LAYER=
 / solSize=2350050311
67 / layers=LAYER=129LAYER=
 / solSize=50311105102
 / layers=LAYER= / layers=129LAYER=  idx=  idx=1161891236951 / layers=63  idx= / solSize=12927338 / solSize=  idx= / layers= / solSize=129  idx=38362 / solSize=50311129100605031150311 / solSize=

50311
  idx=
50311LAYER=104 / layers=129  idx=17837 / solSize=50311
LAYER=LAYER=17478
LAYER=44 / layers=129  idx=44465 / solSize=50311
LAYER= / solSize=50311
LAYER=61LAYER=114 / layers=43LAYER=87 / layers=129  idx=2737626 / solSize= / layers= / layers=129129  idx=  idx=12950311
39129LAYER=  idx=78 / layers=4828475 / layers=129 / layers=129  idx=33569 / solSize=5031111415 / solSize= / solSize=50311
  idx= / solSize=5031150311

31852 / solSize=50311
LAYER=LAYER=90 / layers=129  idx=26168 / solSize=LAYER=LAYER=50311
109LAYER=129111 / layers=129  idx=14654 / layers=  idx=129 / solSize=  idx=844484113346 / solSize=50311 / layers=50311129  idx=


LAYER=9734LAYER= / solSize= / layers=129  idx=2918494 / layers=129  idx=23957 / solSize=50311
LAYER=10346798 / solSize= / layers=129  idx=18178 / layers=LAYER=5031150311 / solSize=12950311
LAYER=99 / layers=129  idx=20906 / solSize=50311
LAYER= / solSize=  idx=
222639250311
96
 / layers=129 / layers=LAYER=LAYER= / solSize=129  idx=22551 / solSize=50311
LAYER=115122  idx=LAYER=50311
 / layers=LAYER=124 / layers=129  idx=2475041 / layers=4502 / solSize=50311
73LAYER= / solSize=3250311 / layers=
 / layers=LAYER=129129 / layers=12998  idx= / layers=1295353129129  idx=  idx=34336  idx= / solSize=  idx= / solSize=45228 / solSize=50311
LAYER=124 / layers=129  idx=472743916 / solSize=50311  idx=1062350311
21242 / solSize= / solSize=
50311
50311LAYER=54LAYER=LAYER=50311 / solSize=
6950311
LAYER=60 / layers=88LAYER=80 / layers=129  idx=31117 / solSize=50311129 / layers=129  idx=27310 / solSize=50311
 / layers=LAYER= / layers=  idx=

110129 / layers=  idx=39672129LAYER=35885  idx=41558 / solSize=85 / layers=129  idx=28850 / solSize=50311
LAYER=LAYER=37 / layers=129  idx=46162 / solSize=50311
 / solSize=125LAYER= / layers= / solSize=3812950311129  idx=3209 / layers=  idx=13989 / solSize=50311129  idx=45963 / solSize=50311
50311
LAYER=
LAYER=63 / layers=129LAYER=
  idx=91 / layers=129  idx=25313 / solSize=50311
LAYER=56 / layers=LAYER=38238104 / layers=129  idx=18128 / solSize=129 / solSize=50311
LAYER=82  idx=41008 / solSize=50311
50311LAYER= / solSize=
50311 / layers=129  idx=30007 / solSize=50311128 / layers=117

LAYER=129  idx=LAYER=1325108115 / layers=LAYER=50311
 / layers=12967129 / layers=  idx= / solSize=15057 / solSize=50311
50311LAYER=LAYER=129
67 / layers=LAYER=98 / layers=129  idx=21363 / solSize=50311
 / layers=129  idx=9149 / solSize=129  idx=36997  idx=50311  idx= / solSize=50311
LAYER=49 / layers=
36747LAYER=22 / layers=129  idx=48817 / solSize=50311
10704LAYER=117 / layers=129  idx=9335 / solSize= / solSize= / solSize=12450311
LAYER= / layers=110 / layers=129  idx=12950311  idx=
4322250311LAYER=79 / layers=4213129 / solSize= / solSize=LAYER=50311
50311
LAYER=95 / layers=129  idx=
LAYER=23442LAYER=  idx=105 / layers=129  idx=12917147  idx=31619 / solSize=50311
6349LAYER= / solSize= / layers=50311110 / layers=14316 / solSize=12950311 / layers=129129  idx=
 / solSize=  idx=
137193848150311LAYER= / solSize=74 / layers=
12950311  idx= / solSize=
LAYER=4300460 / layers=129  idx=LAYER=39521  idx= / solSize= / solSize=LAYER=34098 / solSize=50311
111LAYER=109 / layers=129  idx=14353 / solSize=75 / layers=129  idx=33389 / solSize=50311
50311503115031150311



LAYER=LAYER=LAYER=LAYER=86 / layers=129  idx=28379LAYER= / solSize=8765445031193 / layers= / layers=
129  idx=LAYER=4437291 / layers=129  idx=25679 / solSize=50311
LAYER=118 / layers=129  idx= / layers= / solSize= / layers=8566 / solSize=50311
12950311129  idx=13676 / solSize=50311
LAYER=24 / layers=129  idx=LAYER= / layers=  idx=88 / layers=129  idx=27122 / solSize=50311
LAYER=124 / layers=12927652  idx= / solSize=3990129  idx=5031148511 / solSize=129
37537
LAYER= / solSize=9950311
 / layers=12950311  idx=24193 / solSize=50311
LAYER=30 / layers=LAYER=LAYER=
129115 / layers=129  idx=10390 / solSize=50311
 / solSize=111 / layers=129  idx=13121 / solSize=50311
LAYER=LAYER=  idx=5031150 / layers=129  idx=42951 / solSize=50311
LAYER=108 / layers=129  idx=15184
 / solSize=LAYER=LAYER=11447531 / layers=88[MESH] Max bdr attr:  / solSize=50311 / layers=  idx=129  idx=50311129  idx=27094
11330
LAYER=104 / layers= / solSize= / solSize=50311LAYER=50311
1108129
 / layers=
  idx=LAYER=61 / layers=129  idx=129LAYER=109 / layers=  attr 17742  idx=15416 / solSize=50311
208281129  idx=14478 / solSize= / solSize=503119239114
LAYER= / solSize=111 / layers= / layers=LAYER=5031150311 :  / solSize=129

380LAYER=  idx=12163 / layers=129  idx=129LAYER=24980 / solSize=50311
LAYER=113 / layers=129  idx=6097 / solSize=50311
38529  idx=13461 / solSize=63 / layers= / solSize= bdr elements
50311 / layers=129  idx=12003 / solSize=50311
LAYER=50311[BC] ess_tdof_list size = 402

LAYER=119
LAYER=129 / layers=LAYER=  idx=38466 / solSize=50311129
1949  idx=LAYER=53LAYER= / layers=12979 / layers=749511750311129 / solSize=
 / layers=LAYER=120 / layers=129  idx=6824 / solSize=50311
LAYER=119 / layers=129  idx=7492 / solSize=50311
 / layers=  idx=41850 / solSize=50311
 / layers=50311
LAYER=LAYER=129  idx=596212943120 / layers=129LAYER=129 / solSize=  idx=31744 / solSize=50311
LAYER=83 / layers=129  idx=50311113  idx=
49227LAYER=75 / layers=129  idx=33637 / solSize=50311
  idx= / layers=  idx=LAYER=29847129  idx=11841 / solSize=50311
LAYER=39782978987110 / layers=129  idx=14023 / solSize=50311
LAYER=66 / layers=129 / solSize= / solSize=50311 / layers=  idx=37083 / solSize=50311 / solSize= / solSize=129  idx=38656 / solSize=50311
 / layers=LAYER=50311
5031150311
129  idx=LAYER=124 / layers=129  idx=
101
22155 / solSize=LAYER= / layers=
LAYER=83 / layers=129  idx=2982836 / layers=129LAYER= / solSize=  idx=46338 / solSize=50311
50311397259 / layers=129  idx=39911 / solSize=LAYER=
LAYER=107 / layers=50311
LAYER=114 / layers=129  idx=11026 / solSize=50311
LAYER=115129  idx=50311LAYER= / solSize= / layers=9412950311
16081 / layers=129  idx=23761 / solSize=50311

  idx=1983838 / solSize=LAYER=LAYER=124 / layers=129  idx=4279 / solSize=50311
LAYER=LAYER=99 / layers=503119912912987 / layers=129  idx=10464 / solSize=50311

LAYER=  idx=21102 / solSize=  idx=20752 / solSize=50311LAYER=105 / layers=129 / layers=97
  idx=5031117053 / layers= / solSize=LAYER= / solSize=12950311

50311
129  idx=LAYER=2233164LAYER=85  idx=LAYER= / layers=113 / solSize=46070 / solSize=50311
LAYER=38 / layers=129  idx=45886 / solSize=50311
51 / layers=LAYER=50311
LAYER=108 / layers=129  idx= / layers= / layers=129  idx=42652 / solSize=50311
116129  idx=28806 / solSize= / layers=129 / layers=15240129129LAYER=  idx=51 / layers=129  idx=42459 / solSize= / solSize=50311  idx=12036
5031150311 / solSize=

LAYER=50311LAYER=  idx=79 / layers=129  idx=LAYER=43 / layers=
129  idx=12931794 / solSize=LAYER=27385  idx=9850 / solSize=50311
LAYER=12050311 / layers= / solSize=1291023805644882  idx=7055 / solSize=50311
LAYER=104 / solSize= / layers=
5031150311
LAYER=79 / layers=129  idx=31443 / solSize=50311
LAYER=71108LAYER=12992  idx= / layers= / solSize= / layers=19383 / solSize=50311
LAYER=6412950311

LAYER= / layers=LAYER=  idx=99 / layers= / layers=129 / layers=129  idx=35200 / solSize=1295031115628
  idx=12925118LAYER=  idx=11951 / layers=129  idx=42404 / solSize=50311
129LAYER=  idx= / solSize=21125112 / layers=129  idx=12412 / solSize=50311
LAYER=99 / layers=129  idx=21144 / solSize=50311
 / solSize= / solSize=50311
LAYER=66 / layers=18093LAYER= / solSize=50311
 / layers=129  idx=7689 / solSize=50311
LAYER=124 / layers=129  idx=4154 / solSize=50311
LAYER=107 / layers=129  idx=15652 / solSize=50311
LAYER=75 / layers=129  idx=33499 / solSize=50311
LAYER=43 / layers=129  idx=44814 / solSize=50311
LAYER=78 / layers=129  idx=32028 / solSize=50311
LAYER=22129  idx=37149 / solSize=50311
LAYER=120 / layers=129  idx=7226 / solSize=50311
LAYER=56 / layers=129  idx=40877 / solSize=50311
LAYER=99 / layers=129  idx=21013 / solSize=50311
LAYER=104 / layers=129  idx=17938 / solSize=50311
LAYER=57 / layers=129  idx=40617 / solSize=50311
50311LAYER=
89LAYER= / layers=72129 / layers=  idx=LAYER=2658151129 / solSize=50311  idx=
  idx=50311 / layers=34555
129 / solSize=38085LAYER=  idx=48856LAYER=50311 / layers=128 / layers=129 / solSize=69 / layers=129  idx=36060 / solSize=50311
LAYER= / solSize=129  idx=  idx=50311
70LAYER=
 / layers=129101 / layers=129  idx=121LAYER=92 / layers=129  idx=25186 / solSize=50311
503114254219561 / layers=  idx= / solSize= / solSize=35780 / solSize=50311
1036LAYER=50311129LAYER= / solSize=  idx=104625950311
LAYER=100 / layers=129  idx=20155 / solSize=50311
LAYER=80 / layers= / layers=
129115129
  idx=LAYER= / layers=63 / layers=129  idx=38365 / solSize=50311
LAYER=108 / layers=LAYER=5031117938
LAYER=91 / layers= / solSize=  idx= / solSize=12950311
LAYER=54 / layers=129  idx=41634 / solSize=50311
LAYER=102 / layers=129  idx=18808 / solSize=50311
  idx=31090503111090777 / solSize=129
 / solSize=50311  idx=LAYER=
15070 / solSize=12950311LAYER=17 / layers=
129LAYER=  idx=LAYER= / layers=12049394 / solSize=50311129  idx=
90LAYER=5031125269 / layers=82
LAYER=15 / layers=129  idx= / layers=7412949653 / solSize= / layers=  idx= / solSize= / layers=1295031150311  idx=

LAYER=7633790 / solSize=50311
25976LAYER=118 / layers=129  idx=8796 / solSize=50311
  idx=LAYER= / layers= / solSize=50311
LAYER=98 / layers=129  idx=21365 / solSize=50311
32701129LAYER=129129  idx=30200 / solSize=50311 / solSize=
LAYER=50311123LAYER=16 / layers=129  idx=49522 / solSize=50311
LAYER=62 / layers=129  idx=38808 / solSize=50311

98LAYER= / layers=LAYER= / layers=  idx=37129  idx=21295 / solSize=50311
  idx=67 / layers=LAYER= / layers=109129  idx=46229 / solSize=503113317895 / layers=129  idx=7378129  idx=36814 / solSize=50311
129LAYER=23159 / solSize=50311
 / layers= / solSize=  idx=5064 / solSize=50311
12950311
LAYER=68 / layers=129  idx=36297 / solSize=50311

LAYER=75 / solSize=LAYER=  idx=14395 / solSize=50311
 / layers=LAYER=10550311
12174LAYER=LAYER=129 / layers= / layers=129  idx=LAYER= / layers=  idx=129116 / layers=129  idx=9982 / solSize=50311
LAYER=19 / layers=129  idx=49271 / solSize=50311
LAYER=107102  idx=33850 / solSize=50311
129LAYER=33356127 / layers= / solSize=57129  idx= / layers=129  idx=40558 / solSize=50311
 / layers=LAYER= / layers=17198129  idx=18836 / solSize=50311  idx=102 / layers=129129
503116051  idx=1602 / solSize=50311
  idx= / solSize=
 / solSize=1881550311 / solSize=50311
16037
50311LAYER=80 / layers=129  idx=31339 / solSize=50311
LAYER=112 / layers=129  idx=12954 / solSize= / solSize=
LAYER=124 / layers=129  idx=4269 / solSize=50311
LAYER=LAYER=LAYER=50311LAYER=5543
 / layers=LAYER=129LAYER= / layers=503118722  idx= / layers=129  idx=48793 / solSize=50311129 / layers=129  idx=27740 / solSize=7741196 / solSize=50311

88  idx=44731 / solSize=50311
LAYER=LAYER= / layers=129  idx=LAYER= / layers=89 / layers=112
12550311LAYER=85
LAYER=69129 / layers= / layers=12932384 / layers=129  idx=  idx=129  idx=12678 / solSize=129  idx=36085 / layers=50311 / solSize=27013 / solSize= / solSize=50311
LAYER=116 / layers=129  idx=26386  idx=129  idx=3654 / solSize=50311
 / solSize=980128598 / solSize=50311

50311LAYER= / solSize=
50311LAYER=50311
LAYER=91 / layers=129  idx=LAYER=
503119597 / layers=72 / layers=129 / layers=129  idx=  idx=129  idx=34955 / solSize=50311
22952
 / solSize=50311
LAYER=83LAYER=25416LAYER=119LAYER= / solSize=1105031151 / layers=
LAYER= / layers= / layers=22069129129  idx=13984 / solSize=50311
 / layers=LAYER=30 / layers=129  idx=47604 / solSize=50311
46LAYER=LAYER=93129129  idx=29475 / solSize= / solSize= / layers=129  idx=44072 / solSize=5031151  idx=  idx=50311
LAYER=
 / layers=42566503117499129 / solSize=126 / layers= / solSize= / layers=129  idx=2950 / solSize=50311129  idx=50311LAYER=
  idx=42646 / solSize=
5031120
LAYER=LAYER= / layers=
12998  idx=4906930LAYER=92 / layers= / layers=129  idx=21260 / layers=24335129 / solSize=50311
 / solSize=129  idx=47647 / solSize=50311 / solSize=
50311LAYER=5031150311LAYER=84 / layers=129

83 / layers=129  idx=29645 / solSize=
  idx=LAYER=LAYER=LAYER=2650311 / layers=49  idx=
LAYER=249572890791 / layers=129  idx=25303 / solSize=50311
LAYER=102 / layers=129  idx=1899312955 / solSize=50311
 / solSize=LAYER=  idx= / layers=LAYER=94 / layers=1291295031148345121
  idx= / solSize= / layers=LAYER=  idx= / layers= / solSize=23756 / solSize=50311
43017LAYER=99 / layers=129  idx=20811 / solSize=50311
LAYER=129129  idx=6115 / solSize=50311
LAYER=46 / layers=129  idx=43897 / solSize=111503115031112050311 / layers=

LAYER=111 / layers=129 / layers=  idx=129LAYER=59  idx=13179 / solSize=129  idx=41164  idx=13034 / solSize= / solSize=50311 / layers=716950311
LAYER=97 / layers=129  idx=21915 / solSize=50311
LAYER=129 / layers=129
50311129
  idx=LAYER=45 / solSize=
LAYER= / layers=3981750311
LAYER=125110 / solSize= / solSize= / layers=50311 / layers=
129129  idx=  idx=3764 / solSize=5031150311129  idx=14243 / solSize=LAYER=
  idx=93 / solSize=50311
LAYER=53 / layers=129  idx=41869LAYER=LAYER=50311103 / layers=105
 / solSize=12950311
LAYER=93 / layers= / layers=
[MESH] Max bdr attr: 129LAYER=44142LAYER=122 / layers=129  idx=5835 / solSize=50311
LAYER=70 / layers=129  idx=  idx= / solSize=7735682  idx=24454 / solSize=50311
LAYER=112 / layers=129 / solSize=129 / layers=129  idx=32651 / solSize=50311
LAYER=56 / layers=  idx=8518460 / solSize=50311
  idx=150311 / layers=1295031112617

129  attr   idx=1 : 
 / solSize=  idx=LAYER=LAYER=287301716940876128 / layers=129  idx=1527 / solSize= / solSize=50311
 / solSize=380LAYER= / solSize=50311
LAYER=LAYER=50311 bdr elements
[BC] ess_tdof_list size = 1251155031194
54402
LAYER=125 / layers=129  idx= / layers= / layers=
 / layers= / layers=LAYER=123129129  idx=3084 / solSize=50311
50311129LAYER=LAYER=
LAYER=129  idx=99 / layers=129  idx=20687 / solSize=50311 / layers=121 / layers=129  idx=6740 / solSize=50311
LAYER=9341601129  idx=
  idx=  idx=3334497710812 / solSize=5031195 / solSize=50311
LAYER=99 / solSize=
LAYER=LAYER=82 / layers=129  idx=30222 / solSize=50311
LAYER=90 / layers=129  idx=23508 / solSize=5031144 / layers= / layers= / layers=129  idx=26039 / solSize=50311
24024LAYER=99 / layers=129  idx=21063 / solSize=50311
 / layers= / solSize= / solSize=50311
129  idx=50311LAYER=12950311

LAYER=70LAYER=57129  idx= / layers=129  idx=35601 / solSize=
  idx=2078344531 / layers= / solSize=LAYER=24456129LAYER=  idx=40434 / solSize=50311
LAYER=100 / layers=129  idx=20227 / solSize=50311
 / solSize=5031187 / layers=129  idx=27362 / solSize=50311
LAYER=92 / layers=129  idx=25010 / solSize=50311
8659 / layers=129  idx=39928 / solSize=50311
50311LAYER=95 / layers=129  idx=23144 / solSize=50311

LAYER=98 / layers=LAYER=LAYER=50311LAYER=129  idx=21617 / solSize=50311
9790 / layers= / solSize=104 / layers=129  idx= / layers= / layers=
129LAYER=17900  idx=59 / layers=129LAYER= / solSize=  idx=11112922346129 / layers=129  idx=13347 / solSize=50311
 / solSize=LAYER=50311  idx=

LAYER=120 / layers=399285031128225 / solSize=50311LAYER=80129 / layers=  idx=6891 / solSize= / solSize=50311  idx=129  idx=31324 / solSize=50311
50311
LAYER=76 / layers=129  idx=33100 / solSize=50311
LAYER=98 / layers=
LAYER=
74LAYER=126 / layers=129  idx=2547LAYER=36 / layers=129  idx=46423 / solSize=50311
50311LAYER=12926273

 / solSize=  idx=LAYER=92LAYER=50311
 / solSize=2177552 / layers=129  idx=2516310950311 / solSize= / layers=LAYER= / layers=
 / layers=1295031198 / layers=129129  idx=129 / solSize=71LAYER=  idx=42330 / solSize=50311
 / layers=129  idx=50311  idx=LAYER=115217051472233668 / solSize=50311
103LAYER=97 / layers=129  idx= / layers=
 / solSize=50311
LAYER=16 / layers=129  idx=49585 / solSize=50311
LAYER=110 / layers=129  idx=14141 / solSize=50311
LAYER=101 / layers=129  idx=19600 / solSize=50311
LAYER=125 / layers=129  idx=3255 / solSize=50311
LAYER=119 / layers=129  idx=7746 / solSize=50311  idx=
35156 / solSize=50311
LAYER=98 / layers=129  idx=21790 / solSize=50311
LAYER=LAYER=10248 / layers=129  idx=43450 / solSize= / layers=50311129 / solSize=LAYER=  idx=19221 / solSize=50311
12911550311 / layers= / layers=
129  idx=
LAYER=22064LAYER=10471
  idx= / solSize=92 / layers=129  idx=24994 / solSize=50311
LAYER=84 / layers=129  idx=29190 / solSize=50311
10375129 / solSize=LAYER=LAYER= / solSize=50311120101LAYER=50311 / layers=5031183
129 / layers= / layers=  idx=LAYER=12918562 / solSize=50311
  idx=51129  idx=73 / layers=19438  idx=29777 / solSize=50311
7338LAYER=129  idx=34242 / solSize=50311
LAYER=LAYER=63 / layers= / solSize= / solSize=50311
122
31LAYER=103 / layers=129  idx=18638 / solSize=50311
LAYER=125 / layers= / layers=129  idx=5767 / solSize=50311
LAYER=20 / layers=LAYER=129 / layers= / layers=129  idx=47354129129  idx=503113236129  idx= / solSize=  idx=  idx=
 / solSize=425845031150311
38300LAYER=101 / layers=129  idx=19780 / solSize=50311
LAYER=113 / layers=129  idx=12145 / solSize=50311
LAYER= / solSize=50311
49096LAYER= / solSize=110 / layers=
LAYER= / solSize=12950114
  idx=50311 / layers=129 / layers=113129LAYER=5031113714
125 / layers=129  idx=3137 / solSize=50311
LAYER=
32LAYER= / solSize=LAYER= / layers=LAYER=129105  idx=  idx=64 / layers=129  idx=47298 / solSize=5031111617 / layers=
50311 / solSize=126LAYER=  idx=12950311113 / layers=42917  idx=
LAYER=97 / layers=129  idx=22112 / solSize=50311
LAYER=121 / layers=129
12937881 / solSize=50311
LAYER=2416973  idx=6235 / solSize=50311 / solSize=
  idx= / layers=LAYER= / solSize=129  idx=48555 / solSize=119145031110650311 / layers= / solSize= / layers=LAYER=129  idx=
123 / layers=129  idx=4711 / solSize=50311
LAYER=
77 / layers=129  idx=32493 / solSize=50311
50311129LAYER=123 / layers=129  idx=4579LAYER=50311
 / layers=512444LAYER=
  idx=LAYER=98 / layers=129  idx=21310 / solSize=50311
129 / layers=LAYER=86 / layers=71  idx= / solSize=129  idx=42527 / solSize=50311
 / solSize=129  idx=28324 / solSize=1225716580LAYER=50311 / layers= / solSize=50311
LAYER=128129  idx=35218 / solSize=50311
LAYER= / solSize=63LAYER= / layers=12956 / layers=129  idx=132650311
LAYER=101 / layers=129
50311117  idx= / layers= / layers=129  idx=9457LAYER=  idx= / solSize=50311

 / solSize=50311129LAYER=LAYER=
LAYER=383899711961 / solSize=50311 / layers=129  idx=22310 / solSize=50311
LAYER=64 / layers=12919927 / layers=129121  idx= / solSize=
  idx=LAYER=104 / layers=129  idx=1776637986 / layers=129  idx=6514 / solSize=50311
LAYER=80 / layers=12950311 / solSize=  idx=
41046 / layers=503117541 / solSize=12950311  idx= / solSize=39251 / solSize=50311
LAYER=25 / layers=129  idx=48378 / solSize=

LAYER=50311LAYER=5031150311LAYER=  idx=
80 / layers=129  idx=31202 / solSize=50311
LAYER=103 / layers=129  idx=18386 / solSize=50311
104LAYER=LAYER=57 / layers=129  idx=40671 / solSize=50311

LAYER= / layers=129  idx=17624116 / solSize=101 / layers=129101
 / layers=129  idx=9810 / solSize= / solSize=50311  idx=50311 / layers=50311
19700
LAYER=119 / layers=129  idx=8031 / solSize=30980LAYER=LAYER=
 / solSize=50311LAYER=76LAYER=129112
LAYER=11983 / layers=  idx= / layers=129 / solSize= / layers=117129  idx=  idx=19558129  idx=32847 / solSize=50311 / layers=129  idx=897412921 / solSize=503112982350311 / solSize=50311 / solSize=50311 / layers=50311
 / solSize=

129
LAYER=48 / layers=LAYER=129  idx=43440 / solSize=50311
LAYER=101 / layers=129  idx=19472 / solSize=50311
50311
LAYER=92 / layers=129  idx=LAYER=89 / layers=129  idx=26735 / solSize=50311
LAYER=28 / layers=129  idx=47967 / solSize=50311
2468785LAYER=
LAYER=  idx= / layers=77 / layers=129  idx=32307 / solSize=50311

LAYER=8068 / solSize=50311
LAYER=81 / layers=129  idx=30858 / solSize=50311
LAYER=89 / layers=129  idx=26510 / solSize=50311
LAYER=32 / layers=129  idx=47222 / solSize=50311
LAYER=12812934 / solSize=LAYER=LAYER= / layers=121 / layers=129  idx=6287 / solSize=  idx=119 / layers=7128831 / layers=129129  idx=1070 / solSize= / layers=50311 / solSize=50311
50311129
  idx=  idx=46786LAYER=127 / layers=129  idx=1890 / solSize=
3507750311
129LAYER= / solSize=LAYER=LAYER=111 / layers=129  idx=13251LAYER=503115031120
 / solSize=LAYER= / solSize=  idx= / layers=631277674 / solSize=50311
LAYER=129 / layers=129  idx=50311
5031138573101LAYER=

107LAYER= / solSize=503116 / layers= / layers=124129  idx=16077 / solSize=50311
LAYER=93 / layers=129  idx=24339 / solSize=50311
LAYER=28 / layers=129  idx=47930 / solSize= / layers=  idx= / layers=12949054 / solSize=50311
 / layers=LAYER=83 / layers=129  idx=29542 / solSize=50311
LAYER=129  idx=19662 / solSize=50311
LAYER=88 / layers=129  idx=26892 / solSize=50311
129  idx=1596 / solSize=50311
LAYER=129 / layers=129129105 / layers=  idx=50311LAYER=45 / layers=129  idx=44310 / solSize=4473 / solSize=50311

LAYER=105 / layers=129  idx=17503 / solSize=50311
12950311
LAYER=LAYER=
  idx=LAYER=66 / layers=12350186 / solSize=50311
  idx=LAYER=128 / layers=12939 / layers=LAYER=LAYER=397  idx=37324129  idx=78450  idx=129 / solSize=70 / solSize=50311 / layers=
LAYER=91 / layers=129  idx=25329 / solSize=50311
LAYER= / layers=50311 / solSize=129
LAYER=1291722350311  idx=  idx= / solSize=50311
82
 / layers=42667 / solSize=503114564 / layers=12954129  idx=45809 / solSize=50311
  idx=LAYER= / solSize= / layers=129  idx=41642 / solSize=  idx=503113554730043 / solSize=50311
114
LAYER=98 / layers=129  idx=21382 / solSize=50311
LAYER= / solSize=50311

LAYER=LAYER=LAYER=115 / layers=12912185 / layers=LAYER=5 / layers=129 / layers=12950311  idx=129  idx=LAYER=  idx=6702 / solSize=
50311
12580 / layers=129  idx=31288  idx=LAYER= / layers=40 / layers= / layers= / solSize=50311
LAYER=129  idx=3622 / solSize=50311
11060129  idx=28454 / solSize=50311
1034560 / layers=LAYER=129 / solSize= / solSize=50311
LAYER=LAYER=129502265031111160 / layers=  idx=  idx=45413 / solSize= / layers=129
LAYER=100  idx=39583129LAYER= / solSize= / solSize=  idx=13202 / layers=503113943350311129  idx=20257 / solSize=5031142 / solSize=128

LAYER=22 / layers=129  idx= / layers=50311 / solSize=48886 / solSize=50311
50311129
LAYER=
LAYER=98 / layers=5031157LAYER=73 / layers=129  idx=34170 / solSize=50311
LAYER=129LAYER= / layers=
52 / layers=129  idx=  idx=82129LAYER=103 / layers=129  idx=18759 / solSize=50311 / layers=  idx=2131042246
LAYER=104 / layers=  idx=129  idx=17931 / solSize=50311
LAYER=78 / layers=129  idx=31946 / solSize=50311 / solSize=129847
45045 / layers=  idx=30314 / solSize=50311LAYER= / solSize=
50311 / solSize= / solSize=10050311
 / layers=5031150311LAYER=LAYER=

LAYER=9887 / layers=
123 / layers=LAYER=129
129  idx=21693 / solSize=129  idx=20215 / solSize=50311
LAYER=115LAYER=50311 / layers=  idx=129694740 / layers=  idx=40691 / solSize=50311
LAYER=125 / layers= / solSize=82129129 / layers=12950311
129LAYER=78 / layers=129  idx=  idx=  idx= / layers=3755 / solSize=  idx=50311
32134129  idx=2998710797LAYER= / solSize=50311
 / solSize=46  idx=LAYER=
LAYER=359889727472 / solSize= / layers=5031190LAYER=56 / layers= / solSize= / solSize=50311

LAYER= / layers=129  idx=40967 / solSize=5031150311
LAYER=108 / layers=129 / layers=50311129  idx=129  idx=12922154
LAYER=83 / layers=12926123  idx=43880 / solSize= / solSize=50311
LAYER=LAYER=  idx=8050311
54 / layers=
 / solSize=LAYER=15032129LAYER=11450311  idx=41656 / solSize=50311
109 / layers=  idx= / solSize=
50311 / layers=
12929502 / solSize=50311
LAYER=119LAYER=12993 / layers= / layers=129  idx=24166 / solSize=  idx=80 / layers=  idx=14696129  idx=129LAYER= / layers=50311 / solSize=31050  idx=717614 / solSize=50311
LAYER=83 / layers=
129  idx= / solSize=50311129 / layers=129  idx=35114 / solSize=50311
1162929783 / solSize=50311
LAYER=93 / layers=50311  idx= / solSize=129
3131450311
LAYER=117LAYER=LAYER=  idx=24481 / solSize=50311
LAYER=15 / layers=129  idx=LAYER= / solSize= / layers=91 / layers=129  idx=124 / layers=105 / layers=129  idx=17123 / solSize=50311
LAYER=91 / layers=129  idx=25311 / solSize=50311
LAYER=119 / layers=129  idx=7710 / solSize=50311
LAYER=63 / layers=129  idx=38535 / solSize=50311
LAYER=38 / layers=129  idx=45963 / solSize=50311
LAYER=36 / layers=129  idx=46445 / solSize=50311
LAYER=67 / layers=129  idx=36690 / solSize=4959950311
 / solSize=LAYER=50311
LAYER=105 / layers=129  idx=17008LAYER=118 / layers=129  idx=8218
 / solSize= / solSize=129129LAYER=108 / layers=50311129  idx=41935031176
  idx=8967 / solSize=50311
 / solSize=
50311
 / layers=LAYER=50 / layers=129  idx=42756 / solSize=50311LAYER=12925438LAYER=
123 / layers=129  idx=4604LAYER=  idx= / solSize=50311
52LAYER=111 / layers=129  idx=13620 / solSize=LAYER=70 / layers=4615581 / solSize=50311
50311LAYER=  idx=50311
LAYER=28 / layers=129  idx=48005 / solSize=50311

LAYER=LAYER=33063 / layers= / layers=8795 / layers=129  idx=23314 / solSize=129129 / layers=129  idx=27473 / solSize=5031179129  idx=43914 / solSize= / layers=129  idx=42047 / solSize=50311
LAYER=41 / layers=129  idx=5031145292
 / solSize= / solSize=
LAYER=37  idx= / solSize= / layers=LAYER=357225031150311  idx=1291103157150311
 / solSize= / layers=129  idx=14236 / solSize=50311
50311LAYER=105

LAYER=50311 / layers=129  idx=17331 / solSize=LAYER=  idx=8 / solSize=
461995031150311
 / layers=100 / solSize=LAYER=88 / layers=129LAYER=
50311LAYER=51 / layers=129
123  idx=LAYER=1292725993LAYER= / layers=
 / layers= / solSize=106  idx=  idx= / layers=129 / layers=42642 / solSize=50311
LAYER=12950126 / solSize=50311129  idx=5064 / solSize=12950311  idx=24228 / solSize=50311
  idx=
LAYER=93 / layers=129  idx=24321  idx=LAYER=
104 / solSize=205715031116605 / layers=129LAYER=71
  idx= / layers= / solSize=1800250311LAYER=50311
LAYER=110 / layers= / solSize=50311
129129  idx=13795 / solSize=5031195
  idx=35166 / solSize=50311
LAYER=LAYER=108 / layers=129  idx=100
LAYER=50 / layers=129  idx=42872 / solSize=50311
LAYER=96 / layers=129  idx=LAYER=100 / layers=12922732LAYER= / solSize= / layers=  idx=20520 / solSize=50311
LAYER=123 / layers=129  idx=5131 / solSize=50311
LAYER=103101129 / layers= / layers=129  idx=10115413 / layers=  idx= / solSize=50311129 / solSize=5031119819  idx=5031118290


129 / solSize=LAYER=2035850311 / solSize= / layers=  idx=99 / solSize=50311
1292298250311LAYER=LAYER=
LAYER=90 / layers=129  idx=25959 / solSize= / solSize=LAYER=50311  idx= / layers=398519676 / layers=
55129 / layers=129  idx=LAYER= / layers=12920665 / solSize= / solSize=5031150  idx=129
  idx=  idx=4570950311LAYER=104 / layers=129 / solSize=50311
2848841320 / layers=  idx=LAYER= / solSize= / solSize=50311
LAYER=50311129  idx=42919
17751 / solSize=50311
LAYER=112
122
11450311LAYER=LAYER=
LAYER= / solSize= / layers=LAYER=597051129 / layers= / layers=62  idx= / layers= / layers=129  idx=42427 / solSize=50311
LAYER=38 / layers=129  idx=46044 / solSize=50311
50311LAYER= / layers=11164129 / solSize=31129  idx=38752 / solSize=50311
50311
LAYER=122LAYER= / layers=  idx= / layers=111129  idx= / layers=35455
 / layers=129  idx=5492129129 / solSize= / solSize=  idx=129555950311  idx=12814 / solSize=50311
  idx=LAYER= / solSize=50311
LAYER=
LAYER=96 / layers=129  idx=22858 / solSize=119LAYER=121 / layers=129  idx=6316 / solSize=50311
1293988050311LAYER= / layers= / solSize=50311
13049
  idx=6150311129  idx=8056 / solSize=50311
LAYER= / solSize=50311
47492LAYER= / solSize=50311
LAYER=LAYER= / layers=102 / layers=129  idx=19268LAYER=93 / layers=129  idx=24187 / solSize=50311
10083129 / layers=  idx=39076 / solSize=50311
LAYER=126 / layers=129  idx= / solSize=116 / layers=12950311
LAYER=63129  idx=29817
LAYER=48 / layers=129  idx=2886  idx=20435 / solSize=50311
 / solSize=LAYER=LAYER=30 / layers=129  idx=47692 / solSize=50311
LAYER=66 / layers=129  idx=37427 / solSize=50311
50311 / layers=2511638336LAYER= / layers=129 / solSize=93 / layers=129  idx=24501 / solSize=50311
129  idx= / solSize=
  idx=43463 / solSize=50311
LAYER=20 / layers=50311
9801LAYER=LAYER= / layers=129 / solSize=LAYER=  idx= / layers=2712950311 / layers=49062  idx=9651 / solSize=12950311
129LAYER=9250311
91  idx=32 / layers=  idx=LAYER=121 / layers=129  idx=129483926268 / layers=  idx= / solSize=50311
LAYER=107 / layers= / solSize=50311 / layers= / solSize=129
24860129  idx=25485  idx=50311 / solSize=15871LAYER=

50311[MESH] Max bdr attr: 48102129 / solSize=91 / layers=129  idx=25298 / solSize=50311
LAYER=LAYER= / solSize=1 / solSize=  idx=68 / layers=129  idx=36354 / solSize=503115031147229

50311LAYER=LAYER= / solSize=50311
55 / layers=129  idx=41306 / solSize=50311

81 / layers=12950311LAYER=104LAYER=
  idx=
 / layers=11910 / layers=
30640129  idx=17666 / solSize= / layers=LAYER=LAYER=LAYER=126 / layers=129  idx=129 / solSize=5031148LAYER=2819 / solSize=50311
50311129126 / layers=LAYER=  idx=  idx= / layers=10410850003
129  attr  / layers= / solSize= / layers=LAYER=
49129  idx=17995 / solSize=50311
  idx=LAYER=1129  idx=15075 / solSize=50311
LAYER=88 / layers=3040 / solSize=50311
129119 / layers= : 50311129  idx=7766LAYER=  idx=43338LAYER=129
43032 / solSize=50311  idx= / layers=118 / solSize=50311380
LAYER=91 / layers=129  idx=25552LAYER= / layers=129129 bdr elements
 / solSize=100  idx=  idx=27245 / solSize=50311[BC] ess_tdof_list size = 89 / layers=50311
8159LAYER=
 / layers=1298361129 / solSize=50311
402LAYER=118 / layers=129  idx=8683 / solSize=50311
LAYER=  idx=125
6026282 / solSize=50311
 / solSize=LAYER=108 / layers=129  idx=15064 / solSize=50311
 / layers= / layers=129  idx=39570 / solSize=50311
LAYER=LAYER=LAYER=129118 / layers=LAYER=50311  idx=  idx=129  idx=8604 / solSize=50311 / solSize=124
1103354 / solSize=50311
LAYER=25 / layers=129  idx=48449 / solSize=50311
LAYER=41 / layers=50311
LAYER=17 / layers=20210 / layers=129
129 / layers=129  idx= / solSize=  idx=49444129 / solSize=  idx=LAYER=
LAYER=50311  idx=56LAYER=65 / layers=14192
 / layers=129  idx=40849 / solSize=50311
45169129 / solSize=50311
LAYER=127 / layers=129  idx=LAYER=95431489LAYER=12 / solSize= / layers= / layers=50311
180073 / layers=129  idx=34409 / solSize=50311
  idx=129  idx=26639 / solSize=50311
LAYER=124 / solSize=129  idx=49859 / solSize=LAYER=37481 / layers=129  idx=4056 / solSize=50311
LAYER=50311
50311 / solSize=50311 / layers= / solSize=LAYER=5031192 / layers=129  idx=249265031141 / layers=129  idx=45300
 / solSize=129

 / solSize=124LAYER=50311
  idx=LAYER=LAYER=LAYER=73 / layers=52LAYER=503116511622970 / layers=129  idx=42236 / solSize=50311

117
 / layers= / layers=129 / layers=LAYER=47 / layers=129  idx= / solSize=LAYER=  idx=34158 / solSize=50311
LAYER=129LAYER=12950311
115 / layers=129  idx=90  idx= / layers=43597 / layers=  idx=4216[MESH] Max bdr attr:  / solSize=129  idx=26069 / solSize=50311
LAYER=LAYER=10233 / solSize=50311
LAYER=68 / layers=12910570 / solSize=50311
188 / layers=129  idx=50311 / solSize=50311
129LAYER=
12927237 / solSize=14LAYER=  attr   idx= / layers=129  idx=49681 / solSize=50311
68111  idx=  idx=
376951LAYER=36567 :  / solSize=50311
 / layers= / solSize= / layers=120380 bdr elements
259150129  idx=13614 / solSize=50311
LAYER=50311
 / layers=50311 / layers=129  idx=48453 / solSize= / solSize=50311
LAYER=125 / layers=129  idx=3674 / solSize=50311
LAYER=101 / layers=129  idx=19699 / solSize=LAYER=
LAYER=50311[BC] ess_tdof_list size = 117LAYER=35 / layers=129  idx=46591 / solSize=50311
LAYER=77 / layers=129  idx=32601 / solSize=50311
126LAYER=
LAYER=11060 / layers=129  idx=2806 / solSize=50311
LAYER=129402 / layers= / layers=129  idx=14146 / solSize=50311
LAYER=LAYER=129  idx=
101 / layers=LAYER=94 / layers=129  idx=23539 / solSize=9478129 / layers=129  idx=19424 / solSize=50311
LAYER=124 / layers=129  idx=3828 / solSize=50311
 / layers=LAYER=3662150311129 / layers=126 / layers=129  idx=2850 / solSize=50311
LAYER=4612950311  idx=129  idx=2366329  idx=  idx=39375 / solSize=  idx=50311 / layers= / solSize= / layers=129  idx=47738 / solSize= / solSize=5031132271129  idx=44064 / solSize=50311
50311

8950LAYER=LAYER=
 / solSize=LAYER=4850311741550311 / solSize=

 / solSize=123
LAYER= / layers=50311
LAYER=122 / layers=129  idx=5333 / solSize=50311
47LAYER=50311
38LAYER= / layers= / layers=LAYER=117 / layers=129  idx=9368 / solSize=50311
LAYER=117 / layers=129  idx=9339 / solSize=50311
LAYER=101 / layers=129  idx=19971 / solSize=50311
LAYER=73 / layers=129  idx=34156 / solSize=50311
LAYER=127 / layers=129  idx=1712 / solSize=50311
LAYER=111 / layers=129  idx=13387 / solSize=50311
LAYER=106 / layers=129  idx=16527 / solSize=50311
LAYER=95 / layers=129  idx= / layers=23059129  idx=43722 / solSize=50311
 / solSize=LAYER=8950311 / layers=
129LAYER=  idx=LAYER=103 / layers=129  idx=18289 / solSize=50311LAYER=
LAYER=31 / layers=129  idx=47437 / solSize=50311
LAYER=12512712990 / layers=129  idx=3690 / solSize=50311
LAYER=100 / layers= / layers=  idx=129129  idx=203044912926771
 / layers=  idx=46081 / layers=129  idx=43102 / solSize=50311
104LAYER= / solSize=LAYER=503114735 / solSize= / solSize=50311129 / layers=129  idx=  idx=67 / layers=129  idx=36738 / solSize=50311
LAYER=
LAYER=108 / layers=129  idx=15261 / solSize=50311
 / solSize=
  idx=435422010725031150311 / solSize=50311129 / solSize=LAYER= / layers=129
LAYER=
LAYER=80 / layers=129  idx=1809530890
  idx=50311LAYER=121 / solSize=LAYER=8 / layers=129  idx=50118 / solSize=2615499115 / layers=129  idx=10802 / solSize=  idx= / layers= / solSize=50311
50311 / solSize= / layers=89503113494750311
50311 / layers=
129 / solSize=129129  idx=26509 / solSize=  idx=

LAYER=
50311
LAYER=  idx=LAYER=LAYER=LAYER=92 / layers=129  idx=247248220955LAYER=16666680LAYER= / layers= / solSize= / layers=129  idx= / solSize=12312975 / solSize=4954950311
 / layers=LAYER=112 / layers=129  idx=12433 / solSize=5031150311
 / layers=4450311129  idx=31140 / solSize=50311

LAYER=50311129
  idx= / layers=
  idx= / solSize=LAYER=129  idx=44571 / solSize=50311
LAYER=95 / layers=6350311LAYER=43 / layers= / layers=LAYER=5080 / layers=129129124129  idx=33646 / solSize=50311

32  idx= / solSize=129LAYER= / layers=300381295031138571
101 / layers=129  idx=19886LAYER=  idx=4229 / solSize=  idx= / solSize=50311 / solSize=LAYER=50311LAYER=50311 / layers=44739 / solSize=50311
LAYER=95 / layers=
95  idx=129  idx=129LAYER=38 / layers=129  idx=45984 / solSize=50311107 / layers=129  idx=23475 / solSize=50311

  idx=23511 / solSize=
LAYER=98 / layers=129  idx=21320 / solSize=50311
47333 / layers=LAYER=118 / layers=129  idx=8471 / solSize=50311
LAYER=9123319LAYER=5031155 / layers= / solSize=129  idx=25465 / solSize=129[MESH] Max bdr attr:  / solSize=LAYER=50311
LAYER=7750311
75LAYER=34
 / layers=  idx=1
83 / layers=129  idx=29613 / solSize=50311
 / solSize= / layers=129  idx=46940 / solSize=50311
LAYER=47 / layers=129  idx=43700 / layers=15934
LAYER= / solSize=12950311
 / solSize=6350311
129  idx= / layers=50311LAYER=50311
  idx=41227
LAYER=74 / layers= / layers=32585 / solSize=50311
LAYER=127 / layers=108LAYER=  attr  / solSize= / layers=12950311106129LAYER=  idx=38297 / solSize=50311
LAYER=106 / layers=129  idx=16844 / layers=  idx=LAYER=12944 / solSize=
12933915  idx=16790 / layers=129LAYER=129  idx=1  idx=15063 / solSize= / solSize=119  idx=33319 / solSize=5031118775031150311LAYER=50311 / layers=
 / solSize=50311
129
LAYER=118 / layers=129129 / solSize=
LAYER=55  idx=  idx=8617 / solSize=50311
LAYER=105 / layers=129  idx=17534 / solSize=50311
LAYER=108 / layers=129  idx=LAYER=LAYER= / layers=105
114 : 115 / layers=107129  idx=16935 / solSize=12950311
LAYER= / layers=129  idx=11069  idx= / layers=129  idx=10353 / solSize= / layers=129  idx=15701 / solSize=LAYER=  idx=41386 / solSize=50311
15405558057 / solSize=50311
5031150311
119LAYER= / solSize= / layers=1294447950311
LAYER= / layers=9350311 / solSize=13 / solSize=LAYER=  idx=50311
 / layers=LAYER=129121 / layers=129 / layers=24380[MESH] Max bdr attr: 
  idx=129  idx=
 / layers=LAYER=503116587 / solSize=50311
  idx=41241LAYER=71 / layers=1291291297823
 bdr elements
63  idx=24216LAYER= / solSize=  idx= / layers=129  idx=38367 / solSize=50311
LAYER=85 / layers=129  idx=48549 / solSize=50311
LAYER=42 / layers=129 / solSize=  idx=[BC] ess_tdof_list size = 50311
  idx=LAYER=9944901402
LAYER=49837135289 / solSize=50311
LAYER=111 / layers=129  idx= / solSize=10328475122 / layers=129  idx=5429 / solSize=50311
 / solSize=LAYER=50311 / solSize= / solSize=LAYER=50311

LAYER=109LAYER= / layers=50311114 / layers=129  idx=11178 / solSize=50311
129 / layers=  attr 50311
LAYER= / layers=
13141LAYER=95 / layers=129  idx=23148 / solSize=50311
12950311101 / layers=129  idx=19628 / solSize=50311
LAYER=72 / layers=129
129 / solSize=50311
LAYER=109 / layers=1129  idx=
LAYER=12988 / layers= / layers=  idx=  idx=14631 / solSize=50311
LAYER=106 / layers=129  idx=16753  idx= / solSize=050311
20763  idx= : LAYER=12914910 / solSize=50311
LAYER=129 / solSize=50311
LAYER=380  idx= / solSize=LAYER= / layers=129  idx=97 / solSize=50311
34687LAYER=129 / layers=129  idx=LAYER=129106 / layers=129  idx=16309 / solSize=50311
LAYER=82 / layers=18422 bdr elements
71109 / layers=129  idx= / solSize=105  idx=12989 / layers=194 / solSize=50311
 / layers=50311
LAYER=116  idx= / solSize=1483750311
LAYER=129 / layers=129  idx=290 / solSize=129  idx=17092 / solSize=50311
5031127020[BC] ess_tdof_list size =  / layers= / solSize=LAYER=
 / solSize=12950311
LAYER=LAYER=52 / layers=129 / layers=30195LAYER=LAYER=90 / layers=12950311 / layers=129 / solSize=50311
LAYER=87 / layers=129402106124  idx=  idx=  idx= / layers= / layers=129  idx=4163 / solSize=50311
1293510750311387129
129  idx=26717 / solSize=50311
LAYER=111 / layers=129  idx=13493 / solSize=50311
LAYER=95 / layers=129  idx=23301
  idx= / solSize= / solSize=5031150311
LAYER=12926171 / layers=LAYER=LAYER=120 / layers=129  idx=6967129 / solSize=  idx=27492 / solSize=50311
LAYER=119 / layers=129  idx=7551 / solSize=50311
  idx=LAYER= / solSize= / solSize=  idx=4231750311 / solSize=9974 / solSize=50311
LAYER=91 / layers=129  idx=25226 / solSize=
12950311
4950311

LAYER=59 / layers=1293450311
LAYER= / layers=  idx= / layers=LAYER=LAYER=LAYER=  idx=484 / solSize=50311LAYER=241281293985912912297 / layers=129  idx=105  idx=43074 / solSize= / solSize=50311

LAYER=81 / layers=129  idx=30840 / solSize=50311  idx= / layers= / layers=4860750311 / layers= / layers=50311

16710129129
LAYER=129 / layers=129  idx=580 / solSize=12912946872
  idx= / solSize=50311  idx=1334 / solSize=50311
LAYER=74 / layers=129  idx=33913 / solSize=50311
LAYER=  idx=LAYER=395896 / solSize=  idx=
 / layers=LAYER=12950311 / solSize=17510129  idx=45668 / solSize=50311
LAYER=118
50311
LAYER=10722154LAYER=98 / layers=LAYER= / layers= / solSize=LAYER=LAYER= / solSize=129  idx=677 / solSize=50311
 / solSize=12911684 / layers=625031150311 / layers= / layers=129  idx=655031150311 / layers= / layers=12921367 / solSize=50311
 / layers=
LAYER=73 / layers=129  idx=34147
129  idx=129
  idx= / solSize=50311LAYER=
  idx=37476 / solSize=50311
129LAYER=
LAYER=120 / layers=29003129  idx=6760 / solSize=50311
LAYER=25 / layers=129  idx=48487 / solSize=50311
  idx=  idx= / solSize=65LAYER=9626LAYER=Update boundaries
50311UPDATE VOLTAGE START
129 / layers=9515947LAYER=
129LAYER=  idx=8868129 / solSize=50311
 / layers=95[BC] updateElectrodeVoltage( / layers=LAYER=  idx= / solSize=3887701285537547LAYER= / layers=127 / layers= / solSize= / layers=12912912967 / layers=12950311  idx=) V= / layers=  idx= / solSize=129  idx=41307 / solSize=50311
 / solSize=  idx=
1291153 / solSize=5031150311
  idx=LAYER=50311  idx=
LAYER=1736543LAYER=36690114
 / solSize=1025031173 / layers=23359LAYER=080
 / solSize=50311129  idx=11048 / solSize=50311
 / layers= / solSize=50311
 / layers= / solSize=
LAYER=LAYER=LAYER= #verts=50311129  idx=1135031134153
LAYER=LAYER=LAYER=59 / layers=
12987665093 / layers=129  idx=24153 / solSize=50311
53129 / solSize=LAYER=85 / layers=129  idx=28840 / solSize=50311  idx=18897 / solSize=50311
LAYER= / layers=
 / layers= / layers=  idx=39959129102129
LAYER=63 / layers=129  idx=38446 / solSize=50311
 / layers=129 / layers= / layers=129  idx=18810 / solSize=  idx=  idx=LAYER= / solSize=  idx=37172 / solSize=50311
LAYER=129[BC] solutionVector finite after write? 1185312912950311
LAYER=30 / layers=119 / layers=129  idx=7958 / solSize=yes50311 / solSize=50311
  idx=LAYER=50311129  idx=70  idx=2336030932
LAYER=50311117 / layers=129  idx=8949 / solSize=50311
LAYER=102 / layers=129  idx=19220 / solSize=50311
LAYER=66 / layers=129  idx=37217 / solSize=50311
LAYER=123 / layers=129  idx=5083 / solSize=50311
LAYER=124 / layers=129  idx=4343 / solSize=50311
LAYER=65 / layers=129  idx=37447 / solSize=50311
LAYER=106 / layers=129  idx=16696 / solSize=50311

LAYER=LAYER=62 / layers=129  idx=38593 / solSize=50311128
  idx= / layers=129  idx=1124 / solSize=50311
LAYER=4758542038 / layers= / solSize=41 / solSize=LAYER=
129 / layers=50311
66
LAYER=[MESH] Max bdr attr:  / solSize=LAYER=129 / layers=425031150311120
123  idx=27519 / solSize=129  idx=137167 / solSize=LAYER= / layers=45310  idx=

UPDATE VOLTAGE END 11350311
 / solSize=LAYER=50311
 / layers= / solSize=35458
 / layers= / layers=129LAYER= / solSize=50311
LAYER=95 / layers=129  idx=23304 / solSize=114129  attr 129129  idx=7069 / solSize=50311
50311  idx=45073 / solSize=50311
50311LAYER=125 / layers=129  idx=3346 / solSize=83 / layers=LAYER=LAYER= / layers=  idx=1  idx=4833 / solSize=

LAYER=50311121 / layers=129 : 380 bdr elements
[BC] ess_tdof_list size = 40250311
LAYER=UPDATE VOLTAGE START50311104 / layers=
11999LAYER=LAYER=

LAYER=46 / layers=129  idx=43913 / solSize=129129  idx= / solSize=50311
  idx=
40 / layers=99112[BC] updateElectrodeVoltage(1) V=  idx=50311
LAYER=LAYER=10811256 / layers= / layers=129-1.2224517758LAYER=6430 / solSize=126  idx= / solSize=80129129 / layers=50311
LAYER=57 / layers=129  idx=40518 / solSize=50311
LAYER=87 / layers=50311
 / solSize=  idx=15158 / solSize=50311  idx=LAYER= #verts=128129  idx=27483 / solSize=50311
50311LAYER=45448 / solSize=50311
LAYER=
 / layers=12912950
[BC] solutionVector finite after write? yes
UPDATE VOLTAGE END 
UPDATE VOLTAGE START87 / layers=129  idx=27753 / solSize=50311LAYER=LAYER=112 / layers=31101 / layers=
[BC] updateElectrodeVoltage(2

 / layers=129  idx=47388 / solSize=50311
129LAYER=  idx=  idx=129  idx= / layers=) V=LAYER=108 / layers=1290.775799129  idx=31325 / solSize= / layers=8212443 / solSize=50311
LAYER=302121109129  idx=1384 / solSize=503119850311LAYER= / layers=129 / solSize= / layers=
LAYER=114 / layers=129  idx=11546 / solSize=50311
LAYER=  idx=  idx=29854  idx=50311
12971LAYER=1025330202 / solSize=1544050311 / solSize= #verts= / layers=100 / layers=129  idx=41820 / solSize= / solSize=  idx=
LAYER=99 / layers= / layers=51
[BC] solutionVector finite after write? yes
UPDATE VOLTAGE END 12356 / layers=5031119694129
12912950311
129 / solSize=50311
LAYER= / solSize=50311  idx=18959 / solSize=50311

LAYER=  idx= / solSize=  idx=  idx=UPDATE VOLTAGE START
[BC] updateElectrodeVoltage(3103 / layers=129  idx=18421 / solSize=50311
57LAYER=44 / layers=129  idx=44486 / solSize=50311
21071LAYER=215835031120597 / solSize=50311
LAYER=LAYER=25129
 / solSize= / layers=LAYER=129) V=50311 / layers=11150311114 / layers= / layers=129 / solSize=  idx=0.808466129

LAYER=129  idx=50311 #verts=35207 / solSize=50311
129
  idx=48439 / solSize=110LAYER=
0 / solSize= / layers=
50LAYER=  idx=LAYER=118 / layers=  idx=LAYER=82 / layers=129  idx=30293 / solSize=50311
LAYER=61 / layers=129  idx=LAYER=
[BC] solutionVector finite after write? LAYER= / layers=1295031199 / layers=40497yes47129  idx=  idx=83
UPDATE VOLTAGE END 
UPDATE VOLTAGE START
[BC] updateElectrodeVoltage(4 / solSize=391091291298847 / solSize= / layers=5031162  idx=13363 / solSize=50311  idx= / layers=5031111167129  idx=43688 / solSize=50311
) V=LAYER= / solSize= / layers=129  idx=20704
129  idx=29490 / solSize=
78-0.585144
 #verts=
LAYER=129 / layers=129  idx=97 / solSize= / solSize=50311
LAYER=33 / layers=503113887650311LAYER=62 / layers=129  idx=50
[BC] solutionVector finite after write? yes
UPDATE VOLTAGE END 13895129 / layers=
LAYER=106 / layers=50311
UPDATE VOLTAGE START
[BC] updateElectrodeVoltage(5 / solSize=LAYER=  idx=LAYER=129 / solSize=50311) V=12938784
102
1070.752314 / solSize=  idx= / layers= / layers= / solSize= #verts=50
[BC] solutionVector finite after write? LAYER=50311
LAYER=5031150311107
LAYER=64 / layers=129
yesLAYER=60 / layers=129  idx=39391 / solSize=50311
50311
LAYER=LAYER=129 / layers=47134
UPDATE VOLTAGE END 12968 / layers=  idx=15721 / solSize=50311
129  idx=16174 / solSize= / solSize=50311
LAYER=89 / layers=129  idx=26630LAYER= / solSize=
UPDATE VOLTAGE START  idx=1932999129LAYER=5031150
32034
[BC] updateElectrodeVoltage(6) V=0.488731 #verts=51
125108 / layers=129  idx=15552  idx= / layers=
 / solSize=[BC] solutionVector finite after write?   idx= / solSize=36477 / solSize= / layers=LAYER= / layers= / solSize=5031150311129503113790350311129  idx=3463 / solSize=
LAYER=
yes  idx=20747 / solSize=50311
50311

LAYER= / solSize=LAYER=LAYER=
LAYER=129129LAYER=86 / layers=129  idx=28251 / solSize=50311
LAYER=9250311914426LAYER=106 / layers=

 / layers=9810250311LAYER=UPDATE VOLTAGE END 
UPDATE VOLTAGE START
  idx=  idx= / layers= / layers= / layers=129 / layers=16759 / layers=129129  idx=[BC] updateElectrodeVoltage(
  idx=256881291298324894129LAYER=  idx= / solSize=129  idx= / solSize=  idx=6950311  idx= / layers=  idx=44574 / solSize=50311 / solSize=5031118960194 / layers=21748
50311
7 / solSize= / solSize=4821542729129129  idx=36132 / solSize=50311
 / solSize=) V=50311
LAYER= / layers= / solSize=  idx=29591 / solSize= / solSize=50311
LAYER=LAYER=5031112950311
50311
LAYER=1031.37604108 / layers=129  idx=15027 / solSize=

LAYER=LAYER=73 / layers=129  idx=34265 / solSize=
50311LAYER=50311111  idx=LAYER=123 / layers=
 #verts=121 / layers=129  idx=
 / layers=1645394 / layers=129LAYER=506582 / solSize=111129LAYER=  idx=129
50311 / layers=LAYER= / layers=  idx=13590 / solSize=50311
LAYER=128 / layers=129  idx=1456 / solSize=50311
LAYER=62 / layers=129  idx=38790 / solSize=50311[BC] solutionVector finite after write? yes
 / solSize=
LAYER=127 / layers=129  idx=1599129  idx=12913530 / solSize= / layers=50311
122LAYER=46 / layers=129  idx=43927 / solSize=50311
LAYER=LAYER=50311
50311
LAYER=46129 / solSize=129  idx=50311112
 / layers=  idx=5003 / solSize=50311
8529095 / layers=  idx=LAYER=LAYER=18677 / layers=129  idx= / solSize=
 / layers=23796UPDATE VOLTAGE END 11326LAYER= / solSize=129129 / layers=129  idx=12338 / solSize=50311
 / solSize=5031150311
 / layers= / layers=LAYER=
LAYER=129 / layers=129  idx=387 / solSize=50311
28693
LAYER=116 / layers=129  idx=10276  idx=LAYER=129120 / solSize=129[RUN] begin: sol size=50311LAYER=10  idx=1245642  idx=  idx=50311

129 / layers=50311 / layers=12923424 / solSize=50311
43831LAYER=42 / layers=129  idx=45088 / solSize=[RUN] solutionVector finite at entry? yes
LAYER= / layers=129129  idx=  idx= / layers= / solSize= / solSize=50311
LAYER=92 / layers=484  idx=7339 / solSize=50311
LAYER=97 / layers=129  idx=5031150311
129 / solSize=12372 / solSize=21916 / solSize=129129
LAYER=49 / layers=129  idx=65LAYER=76 / layers=129  idx=32790 / solSize=50311  idx= / solSize= / layers=503114823950311
  idx=  idx=3987 / solSize=50311
129
LAYER=46 / layers=129  idx=50311
4316350311 / solSize=[MESH] Max bdr attr: 44068LAYER=LAYER=
LAYER=50311
901
LAYER=117
LAYER=10250021LAYER=127 / layers=129LAYER=  idx= / solSize= / layers=129  idx=9199 / solSize=50311
 / solSize= / layers=114  idx=2176 / solSize=50311129
LAYER=50311
25045
64LAYER= / solSize=LAYER= / layers=50311 / layers=  attr 1 : 380 bdr elements
[BC] ess_tdof_list size =  / layers=117 / layers=129 / layers=129129  idx=19264 / solSize=50311
LAYER=105 / layers=129116
 / solSize=37688129  idx=402  idx=11177 / solSize=50311
LAYER=5031150311LAYER= / solSize=50311
LAYER=1289301 / solSize=50311129

129LAYER=85  idx=  idx=
 / layers=LAYER=89  idx= / layers=38088  idx=129  idx=10217 / solSize=50311 / layers=LAYER=1723825990 / solSize=50311
LAYER=83 / layers=129  idx=58011580 / solSize=

2987012912250311 / layers= / layers=LAYER=12986 / solSize= / layers=LAYER=128  idx=
 / layers=129  idx=50311129 / solSize= / layers= / solSize=129  idx=5427 / solSize=50311
  idx=129  idx= / layers=[MESH] Max bdr attr: LAYER=2882210891 / solSize=50311
  idx=26347 / solSize=50311
998LAYER=150311 / solSize=50311
50311
LAYER=28221 / solSize=50311
LAYER=97 / layers=129  idx=22126 / solSize=
LAYER=
LAYER=129 / layers=129LAYER=103129 / solSize= / layers=LAYER=12950311
129LAYER=  idx=5818510 / solSize= / layers=91 / layers=9450311129 / layers=129  idx=25502 / solSize=50311
LAYER=81 / layers=129  idx=30571 / solSize=12950311  idx=50311  idx=
129
LAYER=93121429 / solSize=50311
LAYER=54 / layers=  idx= / layers=  idx=30876 / solSize=50311
 / layers=LAYER=  attr 1 : 380LAYER=243122677 / solSize=50311
 / layers=129  idx=49914 / solSize=50311

126 / layers=129  idx=2886 / solSize=50311
129LAYER=113  idx= / layers=LAYER=129 / solSize=
LAYER=12940268 / solSize= / layers= bdr elements
LAYER=8612950311[BC] ess_tdof_list size = 129  idx=12267 / solSize=50311
50127 / layers=  idx=50311LAYER=  idx=  idx=
 / layers= / layers=86 / layers=40210LAYER=29Update boundaries71129  idx=42794 / solSize=50311

23717129 / layers=129  idx=50029 / solSize=50311
LAYER=129 / layers=12941549
 / solSize= / layers=  idx=5937LAYER=  idx=  idx=35060 / solSize=129[MESH] Max bdr attr:   idx=50311129  idx=47834 / solSize=50311
LAYER=100 / layers=126LAYER=1897 / solSize=5031150311  idx=LAYER=28186
24522LAYER=114 / layers=129  idx=11483 / solSize=50311
 / solSize=LAYER=71 / layers=129  idx=35398 / solSize=50311
LAYER= / layers=114 / layers=129  idx=11267 / solSize=50311
126
191 / solSize=129  idx=2558 / solSize=50311
LAYER= / layers=

 / solSize=129
LAYER=2628296LAYER=129LAYER=50311UPDATE VOLTAGE START / solSize=99 / layers= / solSize= / layers= / layers=5650311
LAYER=124 / layers=129  idx=4444 / solSize=50311
LAYER=47 / layers=129  idx=
129[BC] updateElectrodeVoltage(  idx=5031199129  idx=48291 / solSize=50311
LAYER=60 / layers=129  idx=39459 / solSize=50311
  idx=42
4360702996  attr  / layers= / layers=20186
LAYER=85 / layers= / solSize=5031150311  idx=12912950311
LAYER=114 / layers=LAYER=20976 / layers=
  idx=LAYER=129) V=1124 / solSize=129  idx=28699 / solSize=50311
LAYER= / solSize=11249263129 / layers=  idx= / solSize=
5031150311
LAYER=40 / layers=129  idx=45524 / layers=  idx= : 129LAYER=50311
LAYER=83 / layers=129  idx=29801 / solSize=50311

129 / solSize=129  idx=12535 / solSize=50311380 bdr elements
[BC] ess_tdof_list size = 402
44898  idx=0LAYER= / solSize=LAYER=50311
LAYER=10320922
LAYER=30 #verts=1132377 / layers=44LAYER=5031150
 / solSize=50311
LAYER=74 / layers=129  idx=33990 / solSize=50311
 / layers=LAYER=[BC] solutionVector finite after write?  / solSize=LAYER=129  idx=18444 / solSize= / layers=
73LAYER=92 / layers=129  idx=  idx=47 / solSize=76 / layers=129  idx=33017 / solSize=50311
yes50311

LAYER=  idx=129 / layers=129  idx=34308 / solSize=4145 / layers=122LAYER=72 / layers=129  idx=34909 / solSize=50311
LAYER=114 / layers=129  idx=11121 / solSize=50311
LAYER=42 / layers=  idx=4079250311
LAYER=89 / layers=129  idx=26677 / solSize=50311
50311 / layers=129  idx=5341 / solSize=50311
1298 / layers=129  idx=50120 / solSize=25046129  idx=45092 / solSize=50311
LAYER=UPDATE VOLTAGE END  / solSize= / layers=LAYER=
5031144606129LAYER= / solSize=50311129  idx=12747672 / solSize=LAYER=112 / layers=129  idx=12485 / solSize=50311 / solSize=
50311
96
  idx=LAYER= / layers=50311
50311LAYER=

  idx=38UPDATE VOLTAGE START / layers= / solSize=129  idx=
94LAYER=LAYER=105 / layers=129  idx=12975
LAYER=50311 / layers=323871754896 / layers=129  idx=22919 / solSize=50311
LAYER=79 / layers=129 / layers=17271295031189 / layers=129
  idx=26453 / solSize=  idx=41[BC] updateElectrodeVoltage(LAYER=  idx=129 / solSize=5031131480 / solSize=18 / layers=129  idx=50097 / solSize=50311
 / solSize=33438 / solSize=50311
  idx=45876 / solSize=50311
  idx=
 / solSize=50311
50311LAYER=LAYER= / layers=) V=LAYER=115 / layers= / layers=22619
43129  idx=23769LAYER=50311129LAYER=LAYER=-0.94838 #verts=50
[BC] solutionVector finite after write? yes
UPDATE VOLTAGE END  / layers=129  idx=44891 / solSize=50311
LAYER= / solSize=
  idx=10440 / solSize=50311
104LAYER=93
UPDATE VOLTAGE START
[BC] updateElectrodeVoltage(2) V=-0.719798 #verts=10050311LAYER=46 / layers=129  idx=43832 / solSize=12950311
LAYER=20LAYER= / layers=129503111274367951 / layers=129  idx=20443 / solSize=50311
LAYER=84 / layers=129  idx=29020 / solSize=50311
  idx=
85
 / layers= / solSize= / solSize=
[BC] solutionVector finite after write? 45181 / solSize=50311
 / layers=
 / layers=129  idx=  idx=50311LAYER=yes
UPDATE VOLTAGE END 
LAYER= / layers=12928826 / solSize=50311
17881LAYER=LAYER=3210050311
LAYER=49 / layers=88 / layers=129  idx=129LAYER=LAYER=119 / solSize= / layers=  idx=49147 / solSize=50311

  idx=73UPDATE VOLTAGE START12930 / layers=LAYER=93 / layers=27340 / solSize=50311

2425498129 / layers=121129129  idx=LAYER=50311 / layers=  idx=[BC] updateElectrodeVoltage( / layers= / layers=  idx=1551129 / solSize=129129203143 / layers=12951
  idx=47656 / solSize=50311
 / solSize=LAYER=  idx=47145 / solSize= / solSize=  idx=50311  idx=50311LAYER=50311119 / layers=129  idx=770179 / layers=[MESH] Max bdr attr: 12943143 / solSize=50311
LAYER=122 / layers=129  idx=5882


50311  idx=  idx= / layers=LAYER=LAYER=1298043) V=342501129129125 / solSize=
 / solSize=50311 / solSize=  idx=31479 / solSize=50311
LAYER=LAYER=[MESH] Max bdr attr: LAYER= / layers=82129 / layers=  idx=503110.454093LAYER=50311
LAYER=92 / layers=129  idx=
126121755  idx=1296499
123 / solSize=25034
 / layers= / solSize=24387  idx=29951 / solSize= #verts=LAYER=12750311
LAYER=54 / layers= / solSize=
129  idx= / solSize=31179450
[BC] solutionVector finite after write? 119 / layers= / layers=12950311
  idx=  attr  / solSize=LAYER=50311 / solSize=50311
LAYER=121 / layers=yes
129129LAYER=42356  idx=150311  attr 2414
129  idx= / layers=  idx=  idx=4150989
UPDATE VOLTAGE END 1 : 380 bdr elements
[BC] ess_tdof_list size = 50311402
LAYER=118LAYER=117 / layers=129  idx=8954 / solSize=50311
2222 / solSize=10150311LAYER=92

UPDATE VOLTAGE START7761 / solSize= / layers=129  idx=19707 / solSize= :  / solSize=
LAYER=120 / layers= / solSize=23965LAYER=118 / layers=129  idx=
[BC] updateElectrodeVoltage(4) V=LAYER=5031150311380 / layers=50311
129 / layers=1298633 / solSize=50311
LAYER=110 / layers=12985 / layers=50311 / layers=LAYER=0.565947129  idx=50311  idx=14070 / layers=129  idx= / solSize=103 / layers=129  idx=18509 / solSize= #verts=[MESH] Max bdr attr:  / solSize=  idx=  idx=6743 bdr elements
12928571
50311
LAYER=93 / layers=129  idx=24489 / solSize=5031150311
11297426 / solSize= / solSize=50311
50LAYER=
LAYER=78
  idx=129  idx=50311
[BC] ess_tdof_list size = LAYER=94LAYER=5031154 / layers= / solSize= / layers=129  idx=32172 / solSize=50311
LAYER=82 / layers=129  idx=
LAYER=121 / layers=LAYER=  idx=5094
40299 / layers=
12950311LAYER=57 / layers=129  idx=40710129
26427
[BC] solutionVector finite after write? yes
UPDATE VOLTAGE END   idx=129  idx= / solSize= / solSize=  idx=106
 / solSize=LAYER=
UPDATE VOLTAGE START
[BC] updateElectrodeVoltage(5) V=2064250311855441624 / solSize=50311
LAYER=108 / layers=129  idx=15615 / solSize=50311
 / layers=LAYER= / layers=1296330  idx=39-0.137998 #verts=50
[BC] solutionVector finite after write? yes
 / solSize=LAYER=905031150311 / layers=
129  idx=5031130051LAYER=  attr  / layers=129  idx=45784

246468616501LAYER=55 / layers=129  idx=41229 / solSize=50311
 / solSize=LAYER=
107 / solSize= / layers=129  idx=16234 / solSize=50311
LAYER=23580 / solSize=50311
28 / layers=129  idx=47947 / solSize=50311
1LAYER= / solSize=UPDATE VOLTAGE END  / solSize=LAYER= / layers=
 / solSize=12950311
50311LAYER=5031193 / layers= / solSize= : LAYER=50311
LAYER=75 / layers=129  idx=33240 / solSize=50311  idx=127 / solSize=
LAYER=109 / layers=10283129LAYER=103 / layers=

26176 / solSize=50311129129 / layers=50311  idx=LAYER=129  idx=18215 / solSize=LAYER=LAYER=32 / layers=
50311

LAYER=  idx= / layers=2414011311983 / layers=129UPDATE VOLTAGE START27926102129LAYER= / layers=129 / layers=  idx= / layers=
 / solSize=
129LAYER= / solSize= / layers=47189[BC] updateElectrodeVoltage(50311
380LAYER=100 / layers=129  idx=20031 / solSize=50311
LAYER=127 / layers=129  idx=1934 / solSize=50311
LAYER=10250311  idx=129  idx= / solSize=129  idx=LAYER=97 / layers=50311
 bdr elements
LAYER=1291176  idx=12950311
LAYER=119 / layers=12975  idx=[BC] ess_tdof_list size = 5031124 / layers=) V=  idx=-1.39044 #verts=51
[BC] solutionVector finite after write? yes
UPDATE VOLTAGE END 
UPDATE VOLTAGE START
[BC] updateElectrodeVoltage(7) V=0.606698 #verts=50
[BC] solutionVector finite after write? yes
UPDATE VOLTAGE END 
[RUN] begin: sol size=50311
[RUN] solutionVector finite at entry? yes

LAYER=36 / layers=129  idx=46355 / solSize=50311
LAYER=39 / layers=129  idx=45824 / solSize=50311
LAYER=86 / layers=129  idx=28021 / solSize=50311
LAYER=127 / layers=129  idx=2003129 / solSize=50311
LAYER=81  idx= / layers=12117 / solSize=50311
129  idx=30848 / solSize=50311
LAYER=116 / layers=129LAYER=  idx=1189637 / layers= / solSize=50311
  idx= / layers=2956329791 / layers=7545129  idx=33452 / solSize=50311
LAYER=96 / layers=129  idx=22584 / solSize=12950311 / solSize=
50311 / solSize= / layers=
12950311
19020 / solSize=  idx=19367402LAYER=  idx=99 / layers= / solSize=50311
129LAYER=16 / layers=7550129
  idx=1911712950311LAYER=1620  idx= / solSize=50311
LAYER=LAYER=116 / layers=129  idx=10242 / solSize=50311
22310LAYER=LAYER=  idx=LAYER=  idx=  idx=
12950 / solSize= / solSize=88991483769 / solSize=106 / layers=129  idx=11116322 / solSize=50311
86LAYER=
20686 / solSize=50311 / layers=LAYER=50311 / solSize= / solSize= / layers=129  idx=50311
LAYER= / layers=90 / layers=129  idx=25911 / solSize=50311
 / layers=  idx=LAYER=124 / layers=129  idx=4220 / solSize=50311129  idx=42873 / solSize=50311
58LAYER=50311122
LAYER=94 / layers=129  idx=2355936184 / solSize=50311
LAYER=55 / layers=129  idx=1101298608 / solSize=12950311
4852349512 / solSize=50311
LAYER= / layers=129  idx=14076 / solSize=50311
41115

 / layers=LAYER= / solSize=50311 / solSize=50311
LAYER=121 / layers=129  idx=6292 / solSize= / solSize=
LAYER= / layers=LAYER=57 / layers=129  idx=40429 / solSize=
50311
LAYER=70 / layers=129  idx=35669 / solSize=5031150311LAYER=  idx=LAYER=71 / layers=10650311LAYER=50311129
50311
28278  idx=129129  idx=35389 / solSize=50311
LAYER=84 / layers=129  idx=29243 / solSize=50311
LAYER=96 / layers=129
 / layers=LAYER=
LAYER= / solSize=84 / solSize=5031111913295 / solSize=125
LAYER=  idx=10250311  idx=  idx= / layers= / layers=129  idx=3375 / solSize=LAYER=117106 / layers= / layers=48LAYER=2294350311129  idx=7988 / solSize=5031190129LAYER= / layers=5608129129
 / layers= / solSize=50311
LAYER=71 / layers=50311  idx=60 / layers= / solSize=50311
1297340284LAYER=129  idx=43542
 / layers=  idx= / layers=16549129  idx=29219 / solSize=50311
LAYER=73 / layers=129
129129LAYER=  idx=
  idx=
129 / solSize=16380LAYER=40 / layers=129  idx=45508 / solSize=50311
LAYER=96 / layers=129  idx=22902 / solSize=  idx=113833506834330LAYER= / layers=50311
  idx=LAYER=  idx= / layers=39418 / solSize=50311
LAYER=115 / layers=129  idx= / solSize=11850311129  idx=34389 / solSize=50311
LAYER=58 / layers=129  idx=40246 / solSize=50311
19120 / solSize=129  idx=10461 / solSize=50311
LAYER=9 / layers=129  idx=LAYER= / solSize= / layers=129  idx=8290 / solSize=5031150311
LAYER=LAYER=25999 / layers= / solSize=  idx= / solSize=50311[MESH] Max bdr attr: 82 / layers= / solSize= / solSize=129932350311
122239450311
LAYER=5031150311
LAYER=78 / layers=1291
50311
 / solSize=  idx=50311

129LAYER=50044
57  idx=LAYER=
LAYER=92LAYER=LAYER=89  idx= / layers=
107 / solSize=32174 / solSize=50311
33 / layers=129LAYER=80 / layers=129  idx=31119 / solSize= / layers=112 / layers=LAYER=30191129  idx=40717 / solSize=50311
 / layers=129LAYER=50311LAYER=50311 / solSize=  idx=47037 / layers=129  idx=  attr  / solSize= / layers=29729

LAYER=249491  idx=8610412912950311LAYER=58 / layers=12511 / solSize=50311
129 : 380 bdr elements
1572850311 / layers=129  idx=17924 / solSize=50311

  idx=  idx= / layers= / layers= / solSize=129 / solSize= / solSize=50311
LAYER=91 / layers=129  idx=LAYER=
LAYER=126 / layers=129  idx=2886 / solSize=129LAYER=9912735129  idx=3525 / solSize=50311
LAYER=LAYER=2450311 / layers=50311121 / layers=50311[BC] ess_tdof_list size =   idx=66 / layers=31 / layers=25287129  idx=48593 / solSize=50311
24083LAYER=129  idx=28034 / solSize=50311
114LAYER=40 / layers=129  idx=
  idx=
402
LAYER=40153129 / layers= / solSize=50311
  idx= / solSize=50311
 / layers=LAYER=114 / layers=129  idx=11300 / solSize=50311
LAYER=62 / layers=129  idx=38595 / solSize=50311
LAYER=69LAYER=
 / solSize=50311
LAYER=  idx=LAYER=370531291291292660925LAYER= / layers=12590 / layers=129  idx=26272 / solSize=50311125 / layers=129  idx=3206 / solSize=50311
LAYER=122 / layers=129  idx=5517 / solSize=50311
LAYER=45485  idx=47464 / solSize=49966[MESH] Max bdr attr:  / layers= / solSize= / solSize=
LAYER= / solSize=50311
 / solSize=LAYER=11295031150311
  idx=100LAYER=5031185
16 / solSize=  idx=48410 / solSize=50311116 / layers=1296550311 / layers= / layers=
 / layers=129  idx=28844 / solSize=LAYER=50311
 / layers=129129  idx=3517 / solSize=50311
LAYER=116 / layers=129  idx= / layers=77129  idx=20304 / solSize=50311
129LAYER=  idx=100LAYER= / layers=208681297250311
LAYER=120 / layers=
989891 / layers=129  idx=25427 / solSize=50311
 / layers=  idx=LAYER= / layers=129  idx=34785 / solSize=50311
 / solSize=LAYER=LAYER=LAYER=129LAYER=129 / layers=
  attr 5031111107 / solSize=60 / layers=129  idx=39507 / solSize=50311
786648  idx=  idx=  idx=  idx=55 / layers=129  idx=41235 / solSize=50311
LAYER=95 / layers=129  idx=23183 / solSize=50311
LAYER=116 / layers=129114

LAYER= / solSize= / layers= / solSize=50311
70159843 / solSize=50311
20232LAYER=49579LAYER= / layers=129  idx=11091 / solSize=5372 / layers=129  idx=LAYER=12950311 / solSize=50311
LAYER=12950311150311  idx= / solSize=50311
LAYER=97112 / layers= / layers=  idx= / solSize=  idx=58  idx=

129 / layers= : LAYER=3612371 / layers=129LAYER=32328  idx=129
34890129110 / solSize=114 / layers=129  idx=129LAYER=  idx=40201 / solSize=50311
LAYER=30 / layers=129  idx=47546 / solSize=50311
50311 / solSize=6750311
 / layers=37704  idx=41852 / solSize=50311
LAYER=101 / layers=129  idx=19639 / solSize= / solSize=9792 / layers=129  idx=13852LAYER=35314380LAYER=5031112950311 / solSize=5031150311
LAYER=108 / layers=129  idx=15300 / solSize=50311
LAYER=57 / layers=129  idx=40610 / solSize= / solSize= / solSize=116
LAYER=
  idx=32160
LAYER=50311  idx=50311
LAYER=90 / layers=129  idx=26139 bdr elements
LAYER=LAYER=8736644 / solSize= / solSize=  idx=31 / layers= / solSize=
50311 / solSize=98106 / layers=129  idx=1678285 / layers=5031112901 / solSize=
12922188LAYER=
 / layers= / layers=50311[BC] ess_tdof_list size = 5031150311  idx=LAYER=112 / layers=129  idx=LAYER=50311LAYER=
129128


47335 / solSize=12555LAYER=
 / layers= / layers=402 / solSize= / solSize=LAYER=LAYER=5031112015 / layers=[MESH] Max bdr attr: 129  idx=11011050311 / solSize= / layers=129  idx= / layers=  idx=98
12950311 / layers=27509 / layers=12950311
129
1192 / solSize=503111  idx= / layers=LAYER=
129129LAYER=
129
LAYER=LAYER=97 / layers=12949680LAYER=  idx=LAYER= / solSize=66  idx=LAYER=13762 / solSize=50311
LAYER=97 / layers=12936LAYER=28761 / solSize=  idx=  idx=2160798103 / layers=129  idx=18278 / solSize=50311
LAYER=108 / layers= / layers=1294250 / solSize= / layers=11214169 / solSize=  idx=129  idx= / layers=12910850311 / layers=50311503111291003122036 / solSize=50311
  idx=  idx= / layers=129  idx= / layers=
 / layers= / solSize=
  idx=50311
129  idx=[MESH] Max bdr attr:   idx=44926 / solSize=5031111073129LAYER=  attr 1 : 380129LAYER=LAYER=45  idx=21427 / solSize=15395
6840  idx=21217 / solSize=50311
 / solSize=50311 bdr elements
98 / layers=129  idx=21494 / solSize=50311

  idx=
3739622323 / layers=129  idx=44331 / solSize=50311
1LAYER= / solSize=50311
 / solSize=50311LAYER=
LAYER=
[BC] ess_tdof_list size = LAYER=108 / layers=503114842829 / solSize=50311
LAYER=7 / layers=129 / solSize=50311
LAYER=124 / solSize= / layers=50311
 / solSize=7229115LAYER=402
LAYER=12912815434 / layers=
LAYER=129 / layers=129LAYER=LAYER=50311
  attr  / layers= / layers=117LAYER=129  idx=1062 / solSize=129129  idx=129266 / solSize=50311
LAYER=  idx=126127LAYER= / layers=129  idx=47763 / solSize=50311
  idx= / layers= / layers=129  idx=9094 / solSize=50311
LAYER=126 / layers=129  idx=50311  idx=[MESH] Max bdr attr: 118 / layers=129  idx=  idx=
50311129 / layers=9030341291106LAYER=857350176  idx=
LAYER= / solSize=
4275 / solSize=12980LAYER=43LAYER=114 / layers=129  idx=11501 / solSize=50311
 / solSize=LAYER=50311LAYER=6311 / layers= / layers= / layers= :   idx=68 / layers=129  idx=36530 / solSize= / solSize=50311  idx= / layers=380 bdr elements
[BC] ess_tdof_list size = 129  idx=26270 / solSize=50311

12950311
LAYER=86 / layers=129  idx=28196 / solSize=50311
LAYER=15 / layers=12950311113129503111538746524 / layers=129LAYER= / layers=LAYER=  idx=  idx=43484 / solSize=50311
1LAYER=106 / layers=129  idx=16607 / solSize=50311
LAYER=81 / layers= / layers=
34570LAYER=  idx=
  idx=10799129  idx=38526 / solSize=50311
LAYER=40 / layers=7749617 / solSize=50311
LAYER=42 / layers=129  idx=45020 / solSize=129129 / solSize= / solSize=503114993611040244690 / solSize=50311

LAYER=44 / layers=129  idx=44459 / solSize=50311
LAYER=78 / layers= / layers=129 / solSize=50311

  idx=2741 / solSize=50311
  idx=12950311 / solSize=
LAYER=127 / layers=LAYER= / layers=
LAYER=105 / layers=129  idx=129 / solSize=12950311  idx=129LAYER=  attr 
 / solSize=50311129  idx=96 / layers=129185791 / layers=30411129 / solSize=  idx=1  idx=LAYER=50311

LAYER=72LAYER=129  idx=  idx=50311  idx= / solSize= : 16501 / solSize=50311
12617258LAYER=
32020LAYER=84 / layers=129  idx=5031190 / layers=129  idx=LAYER=11777  idx=45558 / solSize=50311380 bdr elements
[BC] ess_tdof_list size =  / solSize=LAYER=45 / layers=129  idx=44295 / solSize=50311
LAYER=119 / layers=129  idx=7994
LAYER=127 / layers= / solSize=50311
LAYER=117 / layers=129  idx=30 / solSize=13724
12150311
 / layers=402
  idx=5031122822 / layers=129  idx=2123 / solSize=71 / layers=5031129182LAYER=25511LAYER=
LAYER=
1299389 / solSize= / solSize=
503113260589 / solSize= / solSize=LAYER=5031169 / solSize=5650311
LAYER=83
 / solSize= / solSize=50311
50311
39
 / layers=25768129  idx=35994 / solSize=50311
LAYER=128 / layers=129 / layers=129  idx=50311129LAYER=  idx= / solSize= / layers=129LAYER=5031140871 / layers=
  idx=2517112 / solSize=3462750311  idx=LAYER= / solSize=LAYER=  idx=
111250311 / layers= / layers=129 / layers=LAYER=129  idx=12865 / solSize=50311
 / solSize=LAYER=
LAYER=91 / layers=129  idx=25330 / solSize=50311
118 / layers=47633 / solSize=50311
LAYER=LAYER= / solSize=12912912970129  idx=  idx=6596 / layers=129  idx=22651 / solSize=50311
 / layers=503111295031150311
  idx=6678 / solSize=LAYER=50311  idx=1747 / solSize=LAYER=LAYER=503115410465  idx=45788 / solSize=
LAYER=111 / layers=129  idx=13613 / solSize=50311
24LAYER=LAYER=35121 / solSize=50311
LAYER=94 / layers=129  idx=23999 / solSize=50311
50311LAYER=  idx=
 / layers= / layers=12972
128 / layers=127129 / layers=  idx= / layers=
29691129  idx=50311129  idx=37469 / layers= / layers= / solSize=817  idx=LAYER=129  idx= / layers=35789
LAYER=87129129 / solSize=LAYER=65LAYER=37800 / solSize=129  idx=41473 / solSize=50311

LAYER= / layers=8950311  idx=50311
LAYER=
 / layers=111 / solSize=LAYER=129 / layers=[MESH] Max bdr attr:  / solSize=181  idx=485652657812450311LAYER=23  idx=129 / layers=5650311
34651 / solSize=50311
 / solSize=50311
LAYER=103 / layers=129  idx=84129
8556LAYER= / layers=1291840 / solSize=32129  idx=26349 / solSize=50311
 / layers= / layers=  attr 1 : LAYER=127 / layers=129  idx= / layers= / solSize=37610  idx= / solSize=
 / solSize= / layers= / layers=129  idx=47280 / solSize=50311
LAYER=122380
129  idx=30770 / solSize=50311
 / layers=  idx=129  idx=29120 / solSize=50311
50311LAYER=59 / layers=129  idx=39720 / solSize= / solSize=503111796412950311
129  idx=13642 / layers=1292016 / solSize=
50311LAYER=129
 / solSize=50311
LAYER=50311  idx=
41065 / solSize=50311  idx= bdr elements
LAYER=LAYER=  idx=4114 / solSize=50311
LAYER=  idx=LAYER=LAYER=LAYER=90LAYER=LAYER=185965031112977 / layers=1295031196 / layers=129  idx=55 / layers=4877212945 / layers=LAYER=70 / solSize=50311
LAYER=39 / layers=129  idx=2783045863 / solSize=50311
LAYER=
[BC] ess_tdof_list size =   idx=
5812 / solSize=50311
LAYER=91 / layers=129  idx=25370 / solSize=50311
LAYER=
  idx=32650 / solSize=50311  idx= / solSize=10049285031174123402
129LAYER=LAYER=12185123
 / layers=50311
 / layers=41243 / layers=112 / layers= / solSize=129LAYER=  idx=119 / layers= / layers=129  idx=28862 / solSize=50311 / layers=LAYER=2291699 / layers=129  idx=20906 / solSize= / layers=
 / layers=129129  idx= / layers= / solSize= / layers=129LAYER= / solSize=129  idx=LAYER=26169  idx=111129LAYER=  idx=20235 / solSize=50311
50311129
 / layers=5031150311115 / layers=35451963387312950311
 / solSize=
6743
  idx=LAYER= / solSize=129 / layers=129 / layers=LAYER= / solSize=LAYER=5031192 / layers=129  idx=
  idx=LAYER=91  idx= / solSize=50311
44245  idx=LAYER=129  idx=  idx=10803 / solSize=LAYER=12950311

LAYER=118LAYER=127864659LAYER=5031113194
 / solSize=10743206125 / solSize= / layers=50311  idx= / layers=12912924857 / layers= / solSize=
LAYER=111 / layers= / solSize=50311
109129  idx=3119 / solSize=50311
LAYER=129 / layers=129  idx=654 / solSize=50311
LAYER=104 / layers=129  idx=18150 / solSize=50311  idx= / solSize=129  idx=25425 / solSize=50311 / solSize=50311
LAYER=4650311
113 / layers=  idx=109
LAYER=49 / layers=LAYER= / layers=LAYER=
22423 / solSize=50311954782LAYER= / layers= / layers=129  idx=16248 / solSize=50311
129 / layers=129  idx=14677 / solSize=12988  idx=93 / layers=129  idx=1291295031150311 / layers=103LAYER= / solSize=  idx=754647997
50311


LAYER=123 / layers=129  idx=5205 / solSize=50311
12970129128LAYER= / solSize=13222  idx=
 / solSize=50311
LAYER=LAYER=  idx=LAYER=25 / layers=LAYER= / layers=  idx= / layers=  idx=438515031188 / layers=129  idx=2725424168 / layers=50311 / solSize=8847100 / layers=129  idx=20281LAYER= / solSize=12742977 / solSize=69 / layers=129  idx=36035 / solSize=50311
12076[MESH] Max bdr attr:  / solSize= / solSize=50311
LAYER=38 / layers=129  idx= / layers=
71 / solSize=50311
LAYER=129124 / layers=129  idx=4104 / solSize=50311
129LAYER=50311  idx=LAYER= / solSize=50311
LAYER= / solSize=12950311129  idx=18432 / solSize=5031150311LAYER=105 / layers=1129 / solSize= / layers=  idx=  idx=484032250311
LAYER=46034

129  idx=  idx=35566 / solSize=50311503111298114781129 / layers=129  idx=48896 / solSize=50311
LAYER=LAYER=10311023470  idx=50311


 / layers= / solSize=129  idx=7  idx=
LAYER=
 / layers=129  idx=18660 / solSize=50311
LAYER=7350311 / layers=129  idx= / solSize= / solSize=  attr 125 / solSize=LAYER=3052450311
LAYER=104 / layers=129 / layers=LAYER= / layers=1517 / layers=LAYER=
14141 / solSize=50311
LAYER=50311
1 / layers=269415031112911279 / layers=129  idx=31720LAYER=129
50311LAYER=106121129  idx= / solSize=50311  idx=  idx= / layers=50167  idx=1582 / solSize=99129
[MESH] Max bdr attr:  / solSize= / solSize= / solSize=129  idx=12947 / solSize=50311
LAYER=65 / layers=129  idx=37754 / solSize=50311
15LAYER=  idx= / layers=129  idx=21052 / solSize=50311 / layers=91
50311173451LAYER=378050311 / solSize= : 18009
LAYER=120 / layers= / layers=129 / layers=  idx=129  idx=
LAYER=
81 / layers=129  idx=30856 / solSize=50311
50311
LAYER=78 / layers=50311380120 / solSize=  idx=503117160 / solSize=50311
12934291 / layers=129
LAYER=
LAYER=
129LAYER=LAYER= / layers=[MESH] Max bdr attr: 
LAYER=LAYER=112129 / solSize=  idx=49599121LAYER= / solSize=LAYER=  idx=82 / layers=129129  idx=7212 / solSize=50311

50311  idx=1 / solSize=  idx=25655 / solSize=50311
LAYER=93 / layers=LAYER=3532250311 / layers=129  idx=6726 / solSize=50311
441950311 / layers=
32015 / solSize=50311
 bdr elements
LAYER=107 / layers=129  idx=1592316669 / solSize= / layers=
129124 / solSize=
LAYER=  attr LAYER= / layers=10129  idx=49262 / solSize=50311LAYER=LAYER=
[BC] ess_tdof_list size = 10412950311  idx= / solSize= / layers=  attr  / solSize=50311122
LAYER=107 / layers=129  idx=59
660237 / layers=129  idx=46154LAYER= / solSize=118402
LAYER=
LAYER=115 / layers=129  idx=10660 / solSize=50311
  idx=503111081 : 129150311 / layers= / layers=129  idx=LAYER=LAYER=LAYER=5031124219 / layers=LAYER=50311 / layers=  idx=78 / layers=129  idx=129 / layers= / solSize=8880 / solSize=50311
53LAYER=12912558380
LAYER=14 / layers=129  idx=49741 / solSize=50311
44633 / layers=129  idx=32082 / solSize=50311
LAYER=117 / layers=129  idx=  idx= / solSize= bdr elements
12716035 : 9413 / solSize=50311
LAYER=98 / layers=129  idx=21642822950311
[BC] ess_tdof_list size = 1293998630075LAYER= / solSize=50311
129LAYER=73 / layers=402129129  idx=50311  idx= / solSize=50311
LAYER=69 / layers=129  idx=36135 / solSize=8350311 / layers= / solSize=50311
117 / layers=

  idx=
 / layers= / solSize= / layers=  idx=129  idx=27119 / solSize= / solSize=121LAYER=118 / layers=380  idx= / layers=
LAYER=LAYER=1294521  idx=
29696  idx= / layers=LAYER=129
129129 bdr elements
5980129841558749994LAYER= / solSize=129 / solSize=5031150311  idx=8187 / solSize=50311
 / solSize=LAYER=  idx=9235 / layers=[BC] ess_tdof_list size =  / solSize=108 / layers=LAYER= / solSize=  idx=41821 / solSize=50311
LAYER=119 / layers=129  idx=  idx=1708 / solSize=50311
34477
1766750311LAYER=5031193  idx=50311402 / layers=129  idx=15344 / solSize=LAYER=101 / layers=129  idx=19453 / solSize=50311 / solSize=50311
LAYER=LAYER=7841 / solSize=123129
99LAYER=129
82
503111023550311 / solSize=50311 / solSize=  idx=LAYER=29079 / solSize=50311
 / layers= / layers=50311LAYER=LAYER=78 / layers=12931170 / solSize=
93125
LAYER= / layers=
 / layers=8950311
129129 / layers=


110 / layers=129  idx= / layers= / layers=129  idx=50311129LAYER=  idx= / layers=129  idx=  idx=109LAYER=5031124268
LAYER=LAYER=129 / layers=68 / layers=LAYER=6680 / solSize=50311
50311LAYER=82 / layers=129  idx=30082 / solSize=50311
2458326721 / solSize=50311
LAYER=85 / layers=129  idx=28498 / solSize=  idx=LAYER=69 / layers=98  idx=115 / layers=129  idx=10541 / solSize=50311
LAYER=  idx=LAYER=
  idx=129  idx=36258 / solSize=5031137

12931943
 / layers=129129 / layers=129  idx=492 / solSize=50311
LAYER=22 / layers=129  idx=48823128LAYER=12950311110 / solSize=5200 / solSize=50311
 / solSize=  idx= / solSize=LAYER= / layers=74LAYER=46676  idx=LAYER= / layers=LAYER=13963LAYER=5031150311129  idx=127 / solSize=129  idx=21276 / solSize=
LAYER=129112 / layers= / solSize=8529969
129483462 / layers=  idx=35906 / solSize=50311
LAYER=89 / layers=129  idx=26795 / solSize= / solSize=21118 / solSize=127LAYER=114 / layers=12950311 / layers=129  idx=12566 / solSize=50311
LAYER=73 / layers=129  idx=19089 / solSize=50311
LAYER=  idx= / layers=129  idx=28810 / solSize=50311
LAYER=38 / layers=129  idx=129
50311
12050311 / layers=129  idx=34511 / solSize= / layers=5031150311 / solSize=107 / layers=LAYER= / solSize=57 / layers=129  idx=40532 / solSize=50311
LAYER=  idx=801 / solSize=50311
LAYER=11111
40 / layers=129  idx=45441 / solSize=50311
LAYER=71 / layers=129  idx= / solSize=50311
LAYER=79 / layers=129  idx=129  idx=  idx=46065
LAYER=113 / layers=LAYER=129  idx=7394 / layers=50311
1455799 / layers=129  idx=20937 / solSize= / layers=10150311 / layers=3517318735031143345 / solSize=50311 / solSize=98 / layers=129LAYER=
129 / solSize=50311
LAYER=63 / layers=129  idx=38302 / solSize=50311
129LAYER=
129  idx=2294 / solSize=50311

50311 / solSize= / solSize=
 / solSize=
50311115 / layers=129  idx=10342 / solSize=  idx=LAYER=12931439LAYER=52 / layers=129  idx=42079 / solSize=LAYER=
50311
 / layers=  idx=50311
LAYER=LAYER=LAYER=  idx=LAYER=123 / layers=129  idx=4811
5031111689  idx=33966 / solSize=50311
LAYER= / solSize=LAYER=LAYER=9146314 / layers=503115031115899LAYER=90 / solSize=50311
LAYER=103 / layers=129  idx=18329
48503119733 / layers=129  idx=47087 / solSize=50311
129LAYER=83 / layers=50311
129  idx=25362 / solSize=50311
LAYER=11256 / solSize= / layers=129  idx=40968 / solSize=50311
LAYER=85 / layers=129  idx=28845 / solSize=50311
129LAYER= / solSize=9550311
77  idx= / solSize=19647 / solSize=50311
LAYER=108 / layers=LAYER=51LAYER=119 / layers= / solSize=LAYER=  idx=
122 / layers= / solSize=117
LAYER=120 / layers=LAYER=90 / layers=129  idx=5031150311
129 / layers=126 / layers=12950311
  idx= / layers=71 / layers=129  idx=50311 / layers=129LAYER=96 / layers=129 / layers=  idx=12926105LAYER= / solSize=
 / layers=[MESH] Max bdr attr:  / layers=LAYER=35294
LAYER=50311  idx=129  idx=129  idx=129213685031194LAYER=1291291
129129  idx=268091
5542LAYER=41 / layers=12913687 / layers= / layers=  idx=
 / layers=LAYER=71104  idx=  idx=
 / solSize=  idx=26084 / solSize= / solSize=50311
LAYER=49 / layers=129  idx=43043 / layers=  idx=  attr   idx=7982 / solSize=LAYER=50311 / solSize=129  idx=9153 / solSize=731750311 / solSize=12942360LAYER=50311
LAYER=120 / layers=129  idx=6753 / solSize=50311
LAYER= / solSize=129 / solSize=50311
  idx=LAYER=129  idx= / solSize=
LAYER=127 / layers=50311
327334524322986 / solSize=503111261537988  idx=25601 / solSize=50311
189 / layers=129  idx=  idx=2244029652
50311129  idx= / solSize=35159 / solSize=5031150311
 / solSize=50311110 / layers=108129 : 380 bdr elements
[BC] ess_tdof_list size =  / layers=129 / solSize=50311
LAYER=99 / layers=129
LAYER=50311
LAYER=92

 / layers=LAYER=107 / layers=129  idx=15954 / layers=129  idx= / layers=129LAYER=12989402
 / solSize=LAYER=46 / layers=129  idx=262834543310LAYER= / layers=LAYER=107 / layers=129  idx=16123 / solSize=50311
LAYER=129LAYER=65 / layers=129129 / layers=  idx=51 / layers= / solSize=  idx=50311  idx=27072 / solSize=50311
 / solSize= / solSize= / layers=12939  idx= / solSize= / solSize=129  idx=15379 / solSize=21945  idx=18079 / solSize=50311
LAYER=70
258550311LAYER=503115031189  idx=441061291745 / solSize=50311
50311
LAYER=LAYER=503115031150311 / solSize=  idx=2068273 / solSize=50311
50311

  idx= / solSize=50311
LAYER=39 / layers=129  idx=45676 / solSize=50311

129LAYER=82 / layers=129  idx=30078 / solSize=50311
LAYER=67 / layers=129  idx=36925 / solSize=50311
LAYER=

2383050311 / solSize=50311
  idx=
43 / solSize=
 / layers= / layers=LAYER=23LAYER= / layers=24961 / solSize=50311
LAYER=85LAYER=75LAYER= / layers=LAYER= / layers=50311LAYER=52 / layers=1298513705 / layers=LAYER= / solSize=11032 / layers=129  idx=47198129 / solSize=
LAYER=
37627 / layers=129LAYER=LAYER= / layers= / layers=115 / layers=129  idx=50311
107911295031112996LAYER=  idx=
9312948 / layers=129  idx=43491 / solSize=129  idx=  idx=129  idx=33641 / solSize=50311
LAYER=127 / layers=129  idx=1900 / solSize=50311103 / solSize=50311LAYER=  idx=
 / layers=  idx=  idx=48697 / solSize=6850311
LAYER=LAYER=12942660
 / layers=129  idx=18226129 / solSize=
50311LAYER=
LAYER= / layers=4466190 / layers=  idx= / layers= / solSize=  idx= / solSize=  idx=LAYER=120 / layers=129  idx=7447 / solSize=50311
LAYER=5031111215LAYER=894392383 / layers=129  idx=29859 / solSize=921293548834115  idx=24623 / solSize=12950311
28813127 / solSize=45733  idx=42 / layers= / solSize=50311 / layers= / layers= / solSize= / layers=129  idx=24980 / solSize=50311 / solSize=50311 / layers=129 / solSize=50311129
 / layers=129  idx=45131 / solSize=129 / layers=50311 / solSize=
4220250311LAYER=50311
LAYER=127 / layers=50311  idx=2252 / solSize=50311

LAYER=114  idx=LAYER=80 / layers=129  idx=31164 / solSize=50311
  idx=129  idx=5031150311
LAYER=38 / layers=
LAYER=121 / layers=
12971LAYER= / layers=LAYER=14025 / solSize=  idx=

129129129LAYER=95  idx=  idx=12950311
91 / layers=129  idx=25668 / solSize=50311
LAYER=129  idx=11181 / solSize=101 / solSize=22709 / solSize=50311
LAYER=86 / layers=LAYER= / solSize=  idx=  idx=45872 / solSize=50311
LAYER=36  idx=1910 / solSize=50311
 / layers=129  idx=28382
LAYER=LAYER=4966250311 / layers=LAYER=26630503113627826700
LAYER=23267LAYER=99 / solSize=  idx= / layers=50311124129  idx=5335265LAYER= / solSize= / solSize=50311
129 / solSize=50311
LAYER=118 / layers=129LAYER=106 / layers=129  idx=51 / solSize= / layers=503112575972 / solSize= / layers= / solSize=50311
 / layers=LAYER=110 / layers=6502
LAYER=50311  idx=  idx=12589 / solSize=50311
LAYER=84 / layers=129  idx=42615 / solSize=11650311129LAYER= / solSize=50311
LAYER=9 / layers=129  idx=50069 / solSize=50311
LAYER=66 / layers=129129  idx=  idx=
129129  idx=4278
LAYER=5212928018 / solSize= / layers=129  idx=29073 / solSize=50311
12550311  idx=50311 / layers=5031152 / solSize= / solSize=LAYER=102
 / layers=LAYER= / layers=
50311
LAYER=98195044644916501129  idx=34784 / solSize=50311
  idx=50311 / layers=129  idx=42315 / solSize=50311
10537348LAYER= / layers=129  idx=19226 / solSize=50311
LAYER=61 / layers=
 / layers=129 / layers= / solSize= / solSize= / layers=42036LAYER=

LAYER=50311108129  idx=39256 / solSize=50311
LAYER=89 / layers=129  idx=26649 / solSize=50311
LAYER=LAYER=1297712950311
129129  idx=21287 / solSize=50311
  idx=80LAYER=

 / layers=  idx=LAYER=85  idx=42112 / solSize= / layers=  idx=LAYER=23 / layers=  idx= / solSize=129 / layers=129  idx=31051 / solSize= / solSize=
94LAYER=LAYER=47 / layers=129  idx=43616 / solSize=50311
LAYER=82 / layers=129129 / solSize=322612962LAYER= / layers=LAYER=129  idx=32445 / solSize=50311
LAYER=124 / layers=12910050311  idx=50311LAYER=50311
LAYER=127 / layers=129  idx=1732 / solSize=  idx=30109LAYER=102 / solSize=50311
50311LAYER=112 / layers= / layers=12950311209658812
LAYER=124 / layers=129  idx=4061 / solSize=
129  idx=50311 / solSize=94
 / layers=129  idx=19401 / solSize=9090129129
 / layers= / layers= / solSize=50311
LAYER=  idx=4366
 / solSize=50311
LAYER=52 / layers=129  idx=[MESH] Max bdr attr: 50311
 / layers= / layers=5031150311 / layers=129 / solSize=129129 / layers=LAYER=48785 / solSize=50311
LAYER=110 / layers=129109LAYER=70 / layers=129  idx=35570 / solSize=50311
42111LAYER=66LAYER=1
  attr 1 : 129129  idx=380478 / layers=
LAYER=  idx=LAYER=  idx=28521 / solSize=50311
  idx=9645  idx=129  idx=117  idx=50311  idx=39 / layers=129  idx=45767 / solSize=50311
 / solSize=50311
 bdr elements
129  idx=26037 / solSize=115LAYER=50311711386120042 / solSize=50311
LAYER=122 / layers=13784 / layers=129  idx=9301 / solSize=50311  idx=
LAYER=51 / layers=12912947
 / solSize=LAYER=129[BC] ess_tdof_list size = 17436 / layers=LAYER= / solSize= / layers= / layers=26191 / solSize=23850  idx=42579 / solSize= / solSize=38798129  idx=50311
LAYER=118 / layers=129
402
LAYER=LAYER=46 / solSize=5031150311 / layers=129  idx=35244 / solSize=50311

129  idx=14365 / solSize=50311
LAYER=123 / layers=129  idx=4808 / solSize=5031150311 / solSize=5031150311
  idx= / solSize= / solSize=50311
50311  idx=  idx=8375 / solSize=50311
LAYER= / layers=50311
LAYER=90 / layers=129  idx=26149 / solSize=50311
LAYER=70
12969
LAYER=LAYER=109 / layers=129  idx=
14937 / solSize=50311129
99LAYER=1519750311 / layers=LAYER=445777 / solSize=
50311
LAYER=118 / layers=129  idx=8499 / solSize=50311LAYER=94129 / layers=  idx=19 / solSize=50311
127 / solSize=
  idx= / layers=88 / solSize=50311

12941  idx= / layers=LAYER= / layers=129
LAYER= / layers=129  idx=199750311
10422LAYER=LAYER=LAYER=LAYER=24033 / layers=129  idx=27219 / solSize=LAYER=LAYER=LAYER=75 / layers=129  idx=33460 / solSize= / layers= / layers=LAYER=129129  idx=36230  idx= / solSize=124 / solSize=115LAYER=50311
69LAYER=129129124 / layers=129  idx=578 / solSize=443736543908 / solSize= / layers=
50311 / solSize=59 / layers=12418 / layers=  idx=129  idx=49390 / solSize=50311
LAYER=106 / layers=129106  idx=44374 / solSize=50311
LAYER=120 / layers=129  idx=6902 / solSize=50311
LAYER=109 / layers=129  idx=14427 / solSize=1065031112950311 / solSize=1046550311 / layers= / layers=129  idx=LAYER= / layers=106 / layers= / solSize=50311
  idx=
5031150311 / layers=129  idx=5031137501 / solSize=50311
LAYER=108 / layers=129  idx=21100LAYER=
 / layers=16715129  idx=44417 / solSize=50311

LAYER=99 / layers= / layers=  idx=45278 / solSize=50311
LAYER=120 / layers=129  idx=7287 / solSize=50311LAYER= / layers=129 / layers= / solSize=8050311
 / layers=  idx=12915326 / solSize=50311
LAYER=123 / layers=129
 / layers=129  idx=16745 / solSize=50311
LAYER=124 / layers=129  idx=3960 / solSize=50311
129 / solSize=50311
LAYER=115 / layers=129  idx=10334 / solSize=50311
LAYER=1291105031199
129109129  idx=16396 / solSize=50311
LAYER=10642
129  idx=129  idx=LAYER=12923893  idx=LAYER=129
LAYER=92 / layers=129 / layers=  idx=24856LAYER=  idx=LAYER=
 / layers=129  idx=14925 / solSize=50311
LAYER= / solSize=50311
LAYER=4875  idx= / solSize=  idx=36185114 / layers= / solSize=
LAYER=108 / layers=129 / solSize=3894 / solSize=50311
25LAYER=92 / layers=129  idx=25083LAYER=87117 / layers=129  idx=9097 / solSize=50311
LAYER=63 / layers=129  idx=38315 / solSize=50311  idx= / solSize=LAYER=12450311 / layers=  idx=  idx=50311
LAYER=76 / layers=129  idx=33153 / solSize=LAYER=1258112950311
12916413  idx=
 / layers=129  idx=27835 / solSize=50311
LAYER=101 / layers=129  idx=19963 / solSize=50311
LAYER= / layers=LAYER=20914
LAYER=69 / layers=3997129 / layers= / layers=12891 / layers=129  idx=25481 / solSize=50311 / solSize= / solSize=50311LAYER=104 / layers=129  idx=18026 / solSize=1543250311129  idx=50311
LAYER=63 / layers=129  idx=38261 / solSize=8492129 / solSize=50311129  idx= / layers=129  idx=48479129  idx=
  idx=50311  idx=

9150311
 / layers=35421 / solSize=4183

  idx=311371802014085 / solSize=50311
LAYER=129  idx=30826 / solSize=50311
 / layers=LAYER=3337[MESH] Max bdr attr: 503111LAYER=LAYER=129LAYER= / solSize= / solSize=  idx= / solSize=50311
LAYER=70 / layers=129  idx=35796 / solSize=50311
 / solSize=103 / layers=129  idx=18240 / solSize=50311
LAYER=110 / solSize=
LAYER= / layers= / layers=  idx=
28935  attr 1 : 380 bdr elements
50311109113615031150311
LAYER=106 / layers=129  idx=16895 / solSize=3988350311 / solSize=50311
  idx=LAYER=109 / layers=129  idx=LAYER=2069270 / layers=LAYER=129  idx=24656 / solSize= / solSize= / solSize=
79[BC] ess_tdof_list size = LAYER= / solSize=50311


LAYER=23 / layers=129  idx=783857LAYER=LAYER=50311 / solSize=111 / layers=129  idx=35503 / solSize=50311
1095031112950311
LAYER=50311 / layers=129 / layers=5031135981 / layers=129  idx=31973 / solSize=50311
LAYER=35109 / layers=12393LAYER= / layers=129129 / layers=129  idx=LAYER=
107 / layers=129  idx=15942 / solSize=50311
  idx= / solSize=91LAYER=  idx=
14531
 / layers=402 / layers=129  idx=24505 / solSize=50311
53 / layers=129  idx=41992 / solSize=50311
LAYER=105 / layers=129  idx=  idx=LAYER=48784
1292522345 / layers=129LAYER=128LAYER=111 / layers=129  idx=13132 / solSize=
 / solSize=50311129LAYER= / solSize=LAYER=  idx=50311 / solSize=LAYER=129 / layers=112 / solSize=314091465517356 / solSize=LAYER=107 / layers=129  idx=15987 / solSize=50311
LAYER=  idx=8414649 / layers=1115LAYER=
129  idx=50311
118LAYER=93 / layers=129  idx=24304 / solSize=LAYER=[MESH] Max bdr attr: 50311 / layers=  idx=46651 / solSize=50311 / solSize=
 / layers=
12941111 / layers=129  idx= / solSize=13057 / layers=7129  idx=138005031150311503115031150311
129 / layers=129 / solSize=LAYER=124 / layers=129 / solSize=  idx= / layers=50311
1310289503118859 / solSize=50311
1LAYER=12 / layers=129  idx=49901 / solSize=50311
LAYER=48
LAYER=110 / layers=129  idx=129129
 / solSize=LAYER=50311  idx=4492LAYER= / solSize=  idx= / solSize= / solSize=
  idx= / layers=94 / layers=
  idx=LAYER=12724  idx=29230 / solSize=5031150311
44 / layers=129  idx=44381 / solSize=50311
LAYER=  idx= / solSize=
50311
LAYER=LAYER=25231 / layers=103LAYER=
50311129LAYER=LAYER=129  idx=43484 / solSize=50311
 / solSize=LAYER=LAYER= / layers=124LAYER=96 / layers=129  idx=22613 / solSize=1432314412113 / solSize=50311
129LAYER=503115031193 / layers=129  idx=243015035  attr 1
  idx=45261 / solSize=50311
LAYER=121 / layers=443491291125031142129 / layers=129 / layers=  idx= / solSize=5031111988


129LAYER=94 / layers=  idx=129  idx=5018348

 / layers=50311 : 120 / solSize=129  idx=  idx=1209126286 / solSize= / solSize= / layers=  idx= / layers=129  idx= / layers= / solSize=LAYER=23 / layers=129  idx= / solSize=50311

 / layers=129  idx=43375 / solSize= / solSize=LAYER=12911338050311
LAYER=503114157 / solSize=50311
LAYER=50 / layers=129  idx=42889 / solSize=50311
5031150311
LAYER=29 / layers=  idx=12923780129  idx=27283 / solSize=50311LAYER=23833LAYER=50311660650311
LAYER=48 / layers= / solSize=
  idx=44957 / solSize= bdr elements
[BC] ess_tdof_list size = 

1297 / solSize=50311
LAYER=  idx=18252 / solSize=50311

 / solSize=106 / layers=50311
113 / layers=129  idx=11877 / solSize=5031150311
LAYER= / layers=LAYER=  idx=50311
LAYER=7285402
LAYER=LAYER= / layers=LAYER=65 / layers=129LAYER=119 / layers=129  idx=7779 / solSize=50311
 / solSize=LAYER=119 / layers=129  idx=8102LAYER=122 / layers=129  idx=5916 / solSize=50311
50311LAYER=129LAYER=129LAYER=103 / layers=129  idx=18363 / solSize=50311
LAYER=5591112114 / layers=129LAYER=LAYER=
  idx=
117119  idx=  idx=127 / layers=129 / layers= / layers=129  idx=25244 / solSize=50311
LAYER=39 / layers=129  idx=45805 / solSize= / layers= / layers=129
LAYER=  idx=47750 / solSize=50311
LAYER=74 / layers=129  idx=69 / layers=129  idx=35946 / solSize=50311
 / solSize=LAYER=9837452 / solSize=50311
 / layers=LAYER=LAYER= / solSize= / layers=  idx= / layers=
LAYER=129  idx=129LAYER=36 / layers= / layers=129503111225031143294 / layers=1295031176137534869  idx=12650 / solSize=  idx=50311129  idx=129 / layers=129
5031192 / solSize=50311
12408129  idx=8952 / solSize=50311
129129 / solSize=
4865559 / solSize=33699127166911744  idx=46334 / solSize=50311
LAYER=10 / layers=
129  idx=7293 / solSize=50311
LAYER=
28404LAYER= / solSize=88LAYER=50311LAYER=LAYER= / layers= / solSize=5031132 / solSize=129 / solSize=50311  idx=LAYER=20
 / layers= / solSize=125  idx=  idx=  idx= / layers=118 / layers=74 / layers= / solSize=  idx=50311129  idx=39724 / solSize=50311

LAYER=50311  idx=50027 / solSize=50311
 / layers=LAYER=LAYER=129  idx=24823 / solSize=50311
LAYER=86 / layers=7494 / layers=5474LAYER=7412512950311 / layers=
129

LAYER= / layers=78 / layers=129  idx=32144 / solSize= / layers=129129 / solSize= / solSize=100 / layers=129  idx=200455031116433112 / layers=  idx=1298285
41245LAYER=92 / layers=  idx=LAYER=11496106129129LAYER=50311
LAYER=129117
  idx=5031150311
 / solSize= / layers= / layers=129  idx=12683 / solSize=50311129 / solSize=LAYER=129LAYER= / layers=129 / layers=129  idx=268  idx=33544 / solSize=685031112949054
 / solSize=
LAYER=50311 / layers=129  idx=33667 / solSize=50311
  idx=  idx=27090 / solSize=21356  idx=120 / solSize=  idx=12950311
 / layers=129  idx=36571  idx=3262 / solSize=50311
LAYER=68 / layers=129  idx=36505 / solSize=LAYER=LAYER=129  idx=9037 / solSize=50311
LAYER=LAYER=645031150311 / solSize=50311
LAYER=36 / solSize=25137 / solSize=50311503115031147248  idx=16306 / solSize=50311

LAYER=LAYER=62 / layers=12912250311
  idx=
8585 / solSize= / layers=3153
LAYER=120 / layers=129  idx=6878 / solSize=50311
LAYER=113 / layers=129  idx=


 / solSize= / layers= / solSize=67 / layers=129  idx=3693228088LAYER=65 / layers=129 / solSize=LAYER=124 / layers=129
 / solSize=50311  idx=11854 / solSize=50311
LAYER=50311LAYER=LAYER=128 / layers=129  idx=1074 / solSize=50311
LAYER=99 / layers=129  idx=21158 / solSize=50311
LAYER=50 / layers=129  idx=42762 / solSize=50311LAYER=113 / layers=129  idx=11991 / solSize= / layers=LAYER=50311
LAYER=81 / layers=122
 / layers=12950311
50311LAYER=LAYER=12934004115118129
129 / solSize=80  idx=LAYER=51 / layers=  idx=
 / layers=LAYER=  idx= / solSize=50311 / layers=129  idx= / layers=  idx=82LAYER=50311  idx=7377 / solSize=50311
129LAYER=69 / solSize= / layers=129129  idx=  idx=LAYER=85389133799850311
81129 / layers=102  idx=50311
 / layers=129  idx=36085 / solSize=129  idx=30536 / solSize=50311
LAYER=69 / layers=129  idx=35917 / solSize=50311
129 / layers=37492 / solSize=
107135676 / layers= / layers=129
 / layers=129  idx=18916 / solSize=
28816 / solSize=1722503115031150311
11131  idx=LAYER=  idx=4203 / solSize= / solSize=5031150311  idx= / solSize=129  idx=30479 / solSize=50311 / layers=  idx=50311LAYER=84 / layers=129  idx=29167 / solSize=
 / layers=129  idx=13084 / solSize=50311
 / layers=LAYER=42467 / solSize=LAYER=

4646150311
12912930230
LAYER=
50311
LAYER=
2881772129  idx=47435 / solSize=50311

108LAYER=LAYER=125 / solSize=50311
79  idx=5365 / solSize=50311
  idx=  idx=2877461 / layers=129LAYER=  idx= / solSize=LAYER=128LAYER=LAYER= / layers=129129  idx=34625 / solSize=50311
LAYER=100 / layers=129  idx=20293 / solSize=50311
LAYER=71 / layers=129  idx=35392 / solSize=50311LAYER= / solSize=51 / layers=129  idx=LAYER= / layers=129  idx= / solSize=LAYER=8536 / solSize=39141 / solSize=50311
LAYER=60 / layers=129  idx=1168 / solSize=50311
LAYER=32 / layers=129  idx=  idx=3133052LAYER=
LAYER=121119110 / layers=129  idx=1375250311
 / layers=119LAYER= / layers=9350311
43LAYER=79 / layers=129 / solSize=50311105 / layers=129  idx=17121 / solSize=5031147214 / solSize=50311
 / solSize=4850311 / solSize=42582129 / layers=352673 / layers=129  idx=34460 / solSize=50311129 / solSize= / layers=  idx=31475 / solSize=5031150311

 / layers= / layers=50311
LAYER=120 / layers=50311 / solSize=
LAYER=129 / solSize=50311 / solSize= / layers=5031150311
LAYER=

129  idx=24570 / solSize=50311
LAYER=LAYER=129  idx=73 / layers=129  idx=50311
 / layers=LAYER= / layers=43 / layers=129  idx=44887 / solSize=50311
LAYER=  idx=
LAYER=12950311LAYER=95 / layers=129  idx=23098 / solSize=50311
LAYER=87 / layers=129  idx=27720 / solSize=50311
LAYER=124 / layers=LAYER=LAYER=5031131358129
LAYER=84 / layers=129  idx=129237742
LAYER=129 / layers=129
  idx=129126
16LAYER=86 / layers=129  idx=28030 / solSize=50311
 / layers=43538  idx=LAYER=29026 / solSize=50311
LAYER=99 / layers=  idx=129129112  idx= / solSize=42094 / solSize=LAYER=LAYER= / layers= / layers=10LAYER=  idx= / solSize=50311
742612912915534  idx=6634 / solSize=50311  idx= / layers= / solSize=50311447562883129 / layers=129  idx=29535 / solSize=50311
LAYER=114 / layers=85129 / solSize=  idx=4113  idx=20746 / solSize=50311
 / layers=LAYER=96 / layers=
LAYER=81129  idx=12908 / solSize=50311
 / solSize=50311
LAYER=29 / solSize=5031172  idx=129  idx=50014 / solSize=50311
129 / layers=129
12350311
 / layers=129 / layers=129LAYER= / layers=
 / layers=
  idx=LAYER=50311
350LAYER=LAYER=127LAYER=LAYER=121 / layers=129  idx= / layers=129  idx=LAYER=5031139628LAYER=129  idx=22914 / solSize=  idx=48719 / solSize=50311
  idx=111111129129LAYER=127LAYER=0  idx= / layers=129126 / layers=129  idx= / layers= / solSize=  idx=6495 / solSize=100 / layers=129287537936LAYER=50311  idx= / layers=LAYER=71 / layers= / solSize=503112506  idx=47771 / solSize= / solSize=50311
104  idx=97 / solSize= / solSize= / solSize=30829
 / layers=  idx=  idx=4958093129  idx=35000129 / layers=129
489750311
 / solSize= / layers=129  idx=20432179325031150311
 / layers= / solSize=12950311LAYER=  idx=
47939 / solSize=12977 / layers=  idx=  idx=1638 / solSize= / solSize=LAYER=81 / solSize=50311 / solSize=50311

LAYER=34792 / solSize=50311
LAYER= / solSize=LAYER=50311 / layers=95 / solSize=50311129LAYER=11109503115031140 / layers=129  idx=45480 / solSize=50311
34444 / layers=50311129
LAYER=LAYER=
LAYER=103 / layers=
129129  idx= / layers=129
129  idx=13071 / solSize=50311
LAYER=84 / layers=129  idx=29143 / solSize=50311
LAYER=34
 / layers=129  idx=50311 / solSize=
  idx=30696 / solSize=50311
LAYER=70 / layers=12998LAYER=6610210321954LAYER=59 / layers=129  idx=40004 / solSize=50311
LAYER=  idx=13657129  idx=22958 / solSize=LAYER=50311  idx=LAYER= / layers=5031146766LAYER=  idx=503112434
LAYER=50311  idx=35771 / solSize=50311
 / layers= / layers=129  idx=21376 / solSize=50311
LAYER=45 / layers=129  idx=44181 / solSize=50311 / layers= / layers=129LAYER= / solSize=
5031110150311
LAYER=102 / layers=129  idx=

 / solSize=50311
 / solSize=
LAYER=129  idx=37268 / solSize=97
129  idx=18350 / solSize=50311
LAYER=60 / layers=129  idx=39534 / layers= / solSize=129129128
129 / layers=129  idx=19830 / solSize=50311
LAYER=128 / layers=129  idx=191411055LAYER=925031150311LAYER=LAYER=61LAYER=LAYER=50311661755 / solSize=50311
LAYER=31 / layers=24216
5  idx=89 / layers=129  idx=26502 / solSize= / solSize=
 / layers=  idx= / layers=  idx= / layers=120 / layers=51129LAYER= / solSize= / solSize=4962
LAYER= / solSize=129  idx=24656 / solSize=LAYER=5031112950311
11819130129 / layers=  idx=53 / layers=129  idx=41884 / solSize=50311
 / solSize= / layers=129  idx=42438 / solSize=50311
5031150311
 / layers=12950311 / layers=129  idx=43254 / solSize=50311
LAYER=LAYER= / layers=  idx=97LAYER= / layers=106129  idx=1485 / solSize=50311
LAYER=95 / layers=129  idx=23132 / solSize=50311
1865250311
LAYER=LAYER=129
LAYER=114 / layers=129LAYER=LAYER=97 / layers=129  idx=22363 / solSize=50311
50311 / solSize=  idx=129  idx=38933 / solSize=50311
LAYER=63LAYER= / layers=68 / layers=129  idx=36316 / solSize= / layers=  idx= / solSize=
112 / solSize=  idx=  idx=108 / layers=127
LAYER=109 / layers=12950311 / layers=39061 / solSize=112  idx=  idx=14631 / solSize=50311
129LAYER= / layers=LAYER=129129
3725047507733750232LAYER= / layers=129  idx=12626 / solSize=50311
50311129102LAYER=
  idx=38417 / solSize=50311
324601295031111512968  idx=8743 / solSize=50311
  idx=LAYER= / solSize=9771 / layers=LAYER=
LAYER=97 / layers=129  idx=21934 / solSize=50311
LAYER= / layers=LAYER= / solSize=11061  idx=
 / layers= / solSize=16334LAYER= / solSize=50311 / layers=123 / layers= / solSize=LAYER=  idx=10240 / layers=129  idx=45461 / solSize=50311
  idx=LAYER=12935 / solSize=50311
 / layers=129 / solSize=50311
50311
LAYER=
 / layers=129129  idx=9350311
1021292228415569 / layers=42 / layers=LAYER=81 / layers=129  idx=30465 / solSize=50311128  idx= / solSize=LAYER=78 / layers=129  idx=32081 / solSize=50311
LAYER=129  idx=5287 / solSize=50311
12950311LAYER= / layers=91 / solSize=491292195951129  idx=45057 / solSize=50311
 / layers=129  idx=
110636521129LAYER=64 / layers=129  idx=38140 / solSize=50311LAYER=
LAYER=94 / layers=129  idx=912376312950311
 / layers= / solSize=  idx=10976 / solSize=50311
 / solSize=LAYER=50311 / solSize=LAYER=81 / layers=129  idx=30803 / solSize=50311
  idx=LAYER=81 / layers=129  idx=30683 / solSize=50311
LAYER=
74 / layers=129  idx=LAYER= / solSize=  idx=5031150311

LAYER=  idx= / layers=50311LAYER=503111880850311LAYER=LAYER=60 / layers=129
 / layers=129  idx=34004 / solSize=50311
LAYER=95 / layers=129  idx=23504  idx=35236129LAYER=213150311 / solSize=50311
LAYER=59 / layers=129  idx=39968 / solSize=50311
LAYER=106LAYER=84 / layers=129  idx=129
50311
 / layers=7330
  idx=59 / layers=129  idx=39971 / solSize=3792 / layers=  idx=

69129 / layers=129  idx=16653 / solSize=50311
LAYER=53 / layers=129  idx=1885928942 / solSize=50311
LAYER=129  idx= / layers= / layers= / solSize=LAYER= / solSize= / layers= / layers=LAYER=7812925652 / solSize=  idx=19006 / layers=24121  idx= / solSize=LAYER=LAYER= / solSize=
4245750311129  idx=34527 / solSize=50311
LAYER=13 / layers=129  idx=49776 / solSize=50311
5031188101 / solSize=23  idx=129432535031199110 / solSize=5031139441LAYER= / solSize=
42016LAYER=114 / layers=129 / layers= / layers=129 / layers=129  idx=19665 / solSize=50311
LAYER=103 / layers=129  idx=18177 / solSize=50311
LAYER= / layers=25363  idx=46165 / solSize= / layers= / solSize=
LAYER=
50311 / solSize=50311129  idx=47694129  idx=26941 / solSize=50311
12994  idx=24898 / solSize=50311
50311 / solSize=50311
LAYER=1293050311
129LAYER=55 / layers=129  idx=5031141234 / solSize= / layers=50311
LAYER=

 / solSize=  idx=LAYER= / solSize=50311
LAYER= / solSize=LAYER=
LAYER=34 / layers=129  idx=122 / layers=
50311  idx=LAYER= / layers=1294450311LAYER=77 / layers=129  idx=32574 / layers=
123129 / layers=46845 / solSize=50311  idx=LAYER=3220447129  idx=5031150311  idx=
109LAYER=59LAYER=1158850311129  idx=23947 / layers=129  idx=5138129  idx=LAYER=
78LAYER=36026100 / solSize=21146

LAYER=28 / layers=129  idx=47945 / solSize=50311
 / layers=14216 / layers=129  idx=14634 / solSize=50311
LAYER= / layers=110LAYER= / solSize=50311129569395 / solSize= / layers=
 / solSize=52 / layers=129  idx=42107 / solSize=50311
LAYER=55 / layers=50311 / layers=LAYER=111 / layers=129  idx=LAYER= / solSize=50311LAYER=31 / layers=129  idx=47415 / solSize=76LAYER=5379 / layers=129  idx=31596 / solSize= / layers=129  idx=  idx=13848 / solSize=50311
 / layers=50311LAYER=50311 / solSize=
 / layers=9018 / layers=129  idx=49305 / solSize=50311
LAYER=114 / layers=129129
LAYER=120 / layers=129  idx=6928 / solSize=50311
90 / layers=
  idx=50311
 / solSize=129 / solSize=50311
LAYER=118 / layers=LAYER=
70LAYER=129LAYER= / solSize=  idx=129  idx=  idx=3996613214 / layers=48693LAYER=129 / layers=
129  idx=608656 / layers=1291195250311 / layers=129  idx=42184 / solSize=50311
LAYER=106 / layers=129  idx=16677 / solSize=LAYER=  idx=11045 / solSize=129129  idx= / solSize=  idx=50311LAYER=55 / layers=129  idx=41126 / solSize=47581 / solSize=50311
50311
  idx=1945031112943562111 / solSize=50311  idx=
12950311
LAYER=55 / layers=
LAYER=123 / layers=50311
LAYER=109 / layers=129  idx=14992 / solSize=50311
50311  idx=35512 / solSize=50311
LAYER=129109  idx=  idx= / solSize= / layers=
32808 / solSize=50311
LAYER=112 / layers=129  idx=LAYER=23412 / layers=  idx= / solSize=41088 / solSize=50311
129LAYER=26158LAYER=LAYER=

20125 / solSize= / solSize= / layers= / layers=129  idx=14786 / solSize=50311
 / solSize=LAYER=45 / layers=129  idx=44171 / solSize=50311
LAYER=111 / layers=129  idx=1315244485 / solSize=50311
LAYER=62 / layers=129129LAYER=103 / layers=129  idx= / solSize=
129  idx=50311LAYER=  idx= / solSize=43LAYER=12950311 / layers= / solSize=50311
50311  idx=  idx=  idx=12984 / layers=187405031194LAYER=
LAYER=93 / layers=129  idx=63LAYER= / layers=129  idx=44803 / solSize=50311
LAYER=64 / layers=1297332206  idx=7498 / solSize=50311
50311LAYER=5164LAYER=
258211253541760  idx=LAYER=
LAYER=86 / layers=129  idx=28346 / solSize= / solSize= / layers=129  idx=2357979 / layers=129  idx=31440 / solSize=503116941161 / layers=  idx=8212950311LAYER=
50311503111102446850311 / layers= / solSize= / solSize=50311
129 / solSize=  idx=76
12939 / solSize=119
38899LAYER= / solSize= / solSize=

LAYER=50311
3812613585 / solSize=
  idx=11750311 / layers= / layers=50311LAYER=50311
LAYER=3943850311
129LAYER=50311LAYER=118 / layers=129  idx=8426 / solSize=50311
 / solSize=
115 / layers=129 / layers= / solSize=  idx= / layers=
 / layers=29354 / solSize=50311
 / solSize= / solSize=
11452105  idx=LAYER=LAYER=50311129  idx=30022 / solSize=50311
5031150311
129129LAYER=50311
LAYER=50311LAYER= / solSize= / layers=129  idx=42098 / solSize= / layers=5031166 / layers=12935917 / solSize=50311
77 / layers=129  idx=LAYER=
LAYER=34258
  idx=LAYER=73 / layers=129  idx=34374 / solSize=78  idx=LAYER=100
 / layers=
 / layers=  idx=45656 / solSize=LAYER=19 / layers=129  idx=49244 / solSize=50311
LAYER=21 / layers=32381
115LAYER=8964 / solSize=50311
LAYER=  idx= / layers=50311129112LAYER=LAYER=12950311LAYER=12912985 / solSize=LAYER= / solSize= / layers=129  idx=10554 / solSize=50311
124LAYER= / layers=129  idx=38227 / solSize=50311 / layers= / layers=107  idx=16967 / solSize=50311
LAYER=34 / layers=
1291291115031150311LAYER= / layers=129  idx=4278 / solSize=129
82
129129  idx=20434 / solSize=8027LAYER=10667 / layers=12950311115 / layers=  idx=46760 / solSize=50311
LAYER=121 / layers=64 / layers=129  idx=38121 / solSize=  idx=129 / layers=129  idx=30088 / solSize=50311
LAYER=93 / layers=129  idx=24600 / solSize=50311
LAYER=72 / layers=129LAYER=119 / layers=LAYER=96  idx=50311 / solSize=38 / solSize= / layers=129129
  idx=715031132755
50311  idx=1298912912662
50311  idx=62
  idx=290 / solSize=50311
LAYER=129 / layers=129  idx=387 / solSize=LAYER= / layers= / solSize= / layers=LAYER=
 / layers=LAYER=34899  idx=  idx=37371 / solSize=50311
  idx=LAYER=  idx=LAYER=  idx=
16228LAYER=27LAYER=4902650311118103 / layers=129  idx=129755031132271 / solSize=50311
 / solSize=301416495 / layers= / solSize=50311 / layers=95 / layers=129  idx=23365 / solSize=129
129
  idx=18661 / solSize=50311
LAYER=62 / layers= / solSize=LAYER=LAYER=798250311 / layers=129  idx=47547 / solSize=5031111027LAYER= / layers=
129  idx=46037 / solSize=50311
 / layers=LAYER=60 / layers=129  idx=39417 / solSize=50311
129  idx=50311  idx=LAYER=1347592 / layers=5031191 / solSize=118  idx= / solSize= / layers=129  idx=26418 / solSize=LAYER=50311129LAYER=35105 / solSize=  idx= / layers=
 / layers=50311 / layers=
 / layers=129
12950311
 / solSize=28587101 / layers=129  idx=19678 / solSize=50311
LAYER=99 / layers=129  idx=20946 / solSize=50311
10447LAYER=
129  idx=22415 / solSize=50311
LAYER=LAYER=80 / layers=129  idx=30917 / solSize=50311
50311129  idx=8678 / solSize=50311
129 / solSize=50311  idx=LAYER=129 / layers=50311  idx=
6192LAYER=12962
82LAYER=LAYER=
12950311
26LAYER=12948063
 / solSize=50311
40 / layers=LAYER=LAYER=54 / layers=129  idx=41421127 / layers=LAYER=LAYER=84 / layers=129  idx=29195 / solSize=  idx=  idx=
23092 / layers=129
 / layers= / solSize= / solSize= / solSize=LAYER=LAYER=129LAYER=94 / solSize=50311
LAYER=51 / layers=129  idx=12953 / layers=LAYER=LAYER=24686 / solSize=50311
LAYER=38657129  idx=54  idx=  idx=  idx=59101 / solSize= / layers=  idx=1295031150311114 / solSize=1075031142608484 / solSize=50311
LAYER=129 / layers=129  idx=580 / solSize=50311
 / layers= / layers= / layers=217333288 / solSize=50311
  idx=LAYER=102 / layers=129  idx=19218 / layers=5031112958
 / layers=  idx=10350311129 / solSize=129  idx=4171011911225489 / solSize=50311
8662LAYER=129 / solSize=
LAYER=LAYER=105 / layers=129  idx=17165 / solSize=  idx=30246 / solSize=50311
38751 / solSize= / layers=
  idx=11118 / solSize=50311 / layers=  idx= / layers= / layers= / solSize=125  idx=48338 / layers=129109 / layers=129  idx=14887 / solSize=50311
LAYER=50311
LAYER=92 / layers=129  idx=24644 / solSize=1295031150311129  idx=
LAYER=
LAYER= / layers=50311 / layers=50311129  idx=3710 / solSize= / solSize= / solSize=50311
LAYER=  idx=LAYER=50 / layers=129  idx=42869 / solSize=41887129 / solSize=
LAYER=129 / layers=129  idx=0 / solSize=50311

18326129129LAYER=50311129  idx=
40141
5031150311LAYER=
LAYER=66 / layers=3862820 / solSize=  idx=5031112551 / solSize=58 / solSize=  idx=15864 / solSize=50311
  idx=LAYER=129
70 / solSize=129  idx=37395 / solSize=50311LAYER=45129LAYER=100 / layers=129  idx=LAYER=50311
LAYER=88 / layers=12945603
 / layers=129  idx=  idx=40232
11 / layers=129  idx= / solSize=23913LAYER=50311
50311
LAYER=25 / layers=129  idx=48371 / solSize=50311
 / layers=65129 / layers=129  idx=97 / solSize=50311
LAYER=129 / layers=129  idx=
 / solSize=5031139868 / solSize=50311
503114915712950311 / solSize=115 / layers=129  idx=10890 / solSize= / layers=LAYER= / layers=129 / solSize= / layers=5031129LAYER=LAYER=
LAYER=LAYER=194  idx=19617 / solSize=50311
LAYER=26 / layers=129  idx=48268 / solSize=50311
LAYER=125 / layers=129
4994050311
LAYER=46 / layers=129  idx=43990 / solSize=50311
LAYER=109 / layers=129  idx=14483 / solSize=50311
LAYER=75LAYER=
12934LAYER=
 / layers=51 / solSize=67 / layers= / solSize=50311
 / layers=  idx=3126 / solSize=50311

LAYER=83 / layers=129  idx=29416 / solSize=50311
129LAYER=50311  idx=51 / layers=129  idx=42648 / solSize=50311
LAYER= / layers=LAYER=50311 / layers=  idx=5031112950311
 / solSize=129  idx=36706 / solSize=5031173 / layers=129  idx=LAYER=  idx=44335 / solSize=50311
 / solSize=51 / layers=
LAYER=94 / layers=1297858LAYER=87
129  idx=677LAYER=
  idx=LAYER=
 / layers=129  idx=34291 / solSize=50311
LAYER=129  idx=42569 / solSize=LAYER=128 / layers=129  idx=1465 / solSize=50311
50311LAYER=129109 / layers=129  idx=14549 / solSize=50311
129 / solSize=50311
LAYER=80 / layers=129  idx=47 / layers=LAYER= / solSize=50311LAYER=50311LAYER=110113 / layers=129  idx=12287 / solSize=50311
LAYER=42 / layers=129  idx=449093543350311LAYER=56109 / layers=129  idx=14388  idx=42396 / solSize=50311
LAYER=  idx=  idx=46899 / solSize=50311
  idx=LAYER=31215  idx= / layers=12981
125 / layers=129  idx=306360 / layers=
12953
37524LAYER= / solSize=50311
101LAYER=23636 / solSize=129129LAYER= / solSize=50311129
 / layers= / solSize=5968LAYER=41 / layers=129  idx=4523268 / layers=129  idx= / solSize=26901 / solSize=5031120600  idx=47815  idx=43570 / solSize= / layers=83LAYER=  idx=39494 / solSize=129  idx=290 / solSize=50311
LAYER=129 / layers=50311 / layers=129 / solSize=36296 / layers=3250311 / solSize=50311 / solSize=33606129  idx=30856 / solSize=50311
 / layers=LAYER=7750311 / layers=129  idx=129
 / layers=  idx=36588 / solSize=50311
LAYER=50Update boundaries50311
50311 / solSize= / layers=129  idx=47240 / solSize=
50311
LAYER=100 / solSize=
LAYER=31 / layers=129  idx=5031150311
 / solSize=LAYER=  idx= / layers=129 / layers=
 / layers=LAYER=28 / layers=129  idx=47997 / solSize=50311
LAYER=86 / layers=114
LAYER=UPDATE VOLTAGE START387
50311
50311474811292127462 / solSize=50311
LAYER=30 / solSize=50311129  idx=129129  idx=  idx=71 / layers=129  idx=35365LAYER= / solSize=50311LAYER=LAYER=

 / layers=LAYER=53 / layers=129  idx=41730 / solSize=50311
 / solSize=LAYER=  idx=19628 / solSize=50311
LAYER=116 / layers= / layers=12950311LAYER=14297  idx=28207  idx=12932542 / solSize=50311
117
28129
LAYER=125 / layers=129  idx=3077 / solSize=50311
LAYER=51129  idx=10123 / solSize=50311 / layers=12969
 / solSize=

LAYER=122 / layers=129  idx=5824 / solSize=50311
LAYER=99 / layers=129  idx= / solSize=29716LAYER= / layers=129 / layers=129  idx=484 / solSize=50311
LAYER=129 / layers=129  idx=58050311 / layers=  idx= / layers=LAYER=122 / layers=129  idx=5895 / solSize=  idx=39723129 / solSize= / layers=41750[BC] updateElectrodeVoltage(50311
LAYER=20910 / solSize= / layers=129  idx=118  idx=74 / solSize=50311

129  idx=4282242547
75 / solSize=50311
129  idx= / layers=0) V=LAYER=27 / layers=129  idx=LAYER= / solSize=50311129
 / layers=129  idx=8617 / solSize=50311
LAYER=7940920 / layers= / solSize=50311
LAYER=0  idx=50311 / solSize=LAYER=86 / layers=129  idx=28249 / solSize=50311
12935874 / solSize=5031148105 / solSize=6750311LAYER=
LAYER=LAYER=LAYER=LAYER= / layers= #verts=124
50LAYER=  idx=  idx=2012411606
11950311129128 / layers=123 / layers=129  idx=5219 / solSize=50311
50311 / layers= / solSize=50311LAYER=  idx=69 / layers=129  idx=35893 / solSize=50311
LAYER=87 / layers=129  idx=27508 / solSize=50311
LAYER=4753870 / layers=129  idx=35632 / solSize=50311
LAYER=121 / layers=129  idx=50311 / solSize= / layers=129LAYER=129 / layers=129  idx= / solSize=LAYER=
LAYER=64 / layers=129 / layers= / layers=129129  idx=808 / solSize=50311
LAYER=
129LAYER=11550311
LAYER=127 / layers=129  idx=2049 / solSize=50311
LAYER=100 / layers=129  idx=108 / solSize=62104902650311
5031112764129LAYER=93 / layers=129  idx=  idx=129
20577 / layers=50311 / solSize=

  idx=
LAYER=123 / layers=129  idx=0[BC] solutionVector finite after write? yes
UPDATE VOLTAGE END 
UPDATE VOLTAGE START
[BC] updateElectrodeVoltage(  idx=
 / layers=LAYER=  idx=5624614  idx= / layers=LAYER=121 / layers=129  idx=6279 / solSize=50311

129 / solSize=LAYER=47885 / solSize=50311
4773 / solSize=1) V=38156 / solSize= / layers=50311
LAYER=89 / layers=129  idx=26608 / solSize=50311
  idx=12989437494 / solSize=50311
 / layers=LAYER=104 / layers=129  idx=17668 / solSize=LAYER=129LAYER=62 / solSize=33838 / layers= / solSize=  idx=15001 / solSize=50311
31569LAYER=50311LAYER=126 / layers=129  idx=2534 / solSize=503118904 / solSize=50311LAYER=  idx= / solSize=677 / solSize=129129  idx=40799 / solSize=50311855031150311 / solSize=
10860 / solSize=50311
50311-1.3690112980 / layers= / solSize=50311
50311  idx=
129
LAYER=5150311 / layers= / layers=  idx=
50311 / layers= / layers= / layers=129  idx=31139 / solSize=50311
50311
LAYER=129  idx= / layers=129LAYER=

 / layers=129129  idx=28741 / solSize=50311
LAYER=110 / layers=129LAYER=LAYER=36818
129  idx=44787 / solSize=50311


12910813  idx=LAYER=  idx=LAYER=LAYER=19 / layers=129  idx=49240 / solSize=50311  idx=129  idx=15011 / solSize=50311
  idx= #verts= / solSize=LAYER=54 / layers=LAYER=
LAYER=54LAYER=38677LAYER=12933585  idx=LAYER=Update boundaries6787750
50311129  idx=LAYER=50311
LAYER=58 / layers=129  idx=40315 / solSize=LAYER=42447 / layers= / solSize=14191 / solSize=50311 / solSize=2226
 / layers=129
LAYER=LAYER=61 / layers=129  idx=39133 / solSize=LAYER=4360 / solSize=50311
 / layers=382131155031183 / layers=129  idx=2982829 / layers= / solSize=7510850311 / solSize=50311
 / layers= / layers=11618 / layers=129  idx=  idx=
81 / layers=129  idx=UPDATE VOLTAGE START129
 / solSize= / solSize=129  idx=47809 / solSize=50311
LAYER=50311
 / layers= / layers=
LAYER=12939653 / layers=129  idx=41655304284930257
[BC] updateElectrodeVoltage(012950311 / layers=117129129
LAYER=115  idx= / solSize=  idx=1016232275 / solSize=50311
LAYER=97 / layers=129  idx=22191 / solSize= / solSize=129 / layers=50311  idx=) V=
95129  idx= / solSize=26398  idx=LAYER=1255019050311129  idx=50311
50311LAYER=63129
50311[BC] solutionVector finite after write? LAYER=LAYER= / layers= / solSize=503113364197 / solSize=50311
41418  idx=LAYER=0 / solSize=
LAYER=yes90 / layers=129  idx=25920 / solSize=50311
LAYER=129  idx=11097102 / solSize=  idx= / layers= / solSize=
 / solSize=50311
LAYER=54 / layers= / layers=LAYER= / layers=15591 / solSize=50311
LAYER=53 / layers=129  idx=41845 / solSize=50311
LAYER=LAYER=10674

 / layers=LAYER=  idx=1291510050311129 / solSize=33129LAYER=
 / layers=11232535 / solSize=50311
LAYER=114  idx= / layers= / solSize= / layers=
 / layers=  idx=41403 / solSize=50311
50311LAYER= / layers=LAYER=5031163UPDATE VOLTAGE END  / layers= / solSize=129 / layers=  idx=129  idx=19033 / solSize=5031150311LAYER=97 / layers=129  idx=22096
 #verts=129  idx= / layers=50311129  idx=47129 / solSize=50311
LAYER=92 / layers=129  idx=4065297LAYER=64129129 / layers=129  idx=50311  idx=12441 / solSize=129923512969
LAYER=LAYER=5090 / layers=129  idx=2577813886129

LAYER=123 / layers= / layers=129
  idx=21845 / solSize=50311
LAYER=116 / layers=24964
LAYER=50311129
  idx=50311 / solSize=129 / solSize=  idx=2298499  idx= / layers=50311  idx=12943
  idx= / solSize=LAYER=34 / layers=1089050311
 / layers=3829750311 / solSize= / solSize=3119 / layers=12911543129  idx=38019 / solSize= / solSize=UPDATE VOLTAGE START / layers=129  idx=  idx=LAYER=10140129 / solSize=
129  idx=36171 / solSize=50311[BC] solutionVector finite after write? 
 / solSize=98 / layers=503115031150311LAYER=
LAYER=46 / layers=129  idx=44030 / solSize=5031144836 / solSize=50311
49663LAYER=54 / layers=129  idx=41415 / solSize=50311
LAYER=116 / layers=129  idx=9668 / solSize=50311
LAYER=96 / layers=129  idx=22472 / solSize=50311
  idx=LAYER=51265031170 / solSize=LAYER=58 / layers=yes  idx=LAYER=68 / layers=129  idx=36626 / layers=129  idx=129  idx=194 / solSize=50311
LAYER=129 / layers=98

  idx=20542 / solSize=
 / layers= / solSize=129
22285 / solSize=
 / solSize=50311
LAYER=87 / layers=12921305 / solSize=50311

LAYER=94 / layers=50311
  idx=129 / layers=LAYER=95 / layers=129  idx=23081 / solSize=934677650311
 / solSize=50311LAYER=129  idx=UPDATE VOLTAGE END LAYER=95 / layers=129 / solSize=  idx=

38402  idx= / solSize= / layers= / solSize=129  idx=24639129LAYER=
 / solSize=50311112  idx= / layers=20877[BC] updateElectrodeVoltage(
UPDATE VOLTAGE START50311
LAYER=LAYER=50311 / solSize=290 / solSize=5031150311

129LAYER=  idx=
10950311 / solSize=50311 / solSize=50311
12911768  idx=
50311LAYER=LAYER=50311

LAYER=5031121338 / solSize=50311 / layers=129  idx=14954
50311
LAYER=95 / layers=129  idx=LAYER=125 / layers=129  idx=3316 / solSize=50311

 / layers= / layers=2LAYER=
123LAYER=LAYER=
50311
LAYER=69 / layers=129  idx=LAYER= / solSize=2740323108 / solSize=50311
LAYER=LAYER=44LAYER=[BC] updateElectrodeVoltage(129  idx=23292129  idx=36608 / solSize=50311
LAYER=95 / layers=) V= / layers=LAYER=111 / layers=129  idx=725031124LAYER=57 / layers=129  idx=405623577036027 / solSize=50311
9616 / solSize=50311

LAYER= / layers=67 / layers=129  idx=36988 / solSize=1 / solSize=120 / layers=129  idx=7187 / solSize=LAYER=9812913581 / solSize=50311
LAYER=119 / layers=129  idx=7836 / solSize=50311
129
 / solSize=  idx=
 / solSize=50311
LAYER=LAYER=10950311) V=50311
LAYER=129LAYER= / layers=  idx=23240 / solSize=50311
LAYER=103 / layers=129  idx=18744 / solSize=50311
LAYER=119 / layers=129  idx=7553  idx= / layers=129  idx=387 / solSize=50311
LAYER=129 / layers=129  idx=484 / solSize=5031150311
LAYER=LAYER=LAYER= / layers=11811949 / layers=129  idx=43088 / layers=8945LAYER=1.444129101  idx=129 / layers=5031123581 / solSize=5031140280LAYER=121 / layers=12993 / solSize=129
 / solSize=125 #verts=110  idx=5205129  idx=21227 / solSize=50311
 / solSize=9978 / layers=129  idx=32254 / solSize=50311129  idx=6658 / solSize=50311
 / layers= / layers=129  idx= / layers=503110.5215211215031150311 / layers= / layers=
34731 / solSize=5031150
[BC] solutionVector finite after write? yes
UPDATE VOLTAGE END 
UPDATE VOLTAGE START / layers=
24490
LAYER= / solSize=
  idx=
 / layers=129  idx=14292 / solSize=50311
129 / solSize=50311
LAYER=69
 / layers=50311  idx=LAYER= / solSize=129LAYER=LAYER=129101 / layers=129LAYER=LAYER=12944467LAYER=129 / layers=
  idx=
22609 / solSize=12350311  idx=86 / layers=129  idx=28221 / solSize=50311
LAYER=84 / layers=129125  idx=29212 / layers=59 / layers=129  idx= / solSize=50311

LAYER=63 / layers=129  idx=38341 / solSize=92  idx=129 / layers=LAYER=12914962129 / solSize=LAYER=  idx= / layers=129  idx= / layers=
  idx= / layers=LAYER= / solSize=12940017LAYER=  idx=  idx=91129  idx=36144 / solSize=50311
LAYER=12450311
LAYER=87 / layers=129  idx=LAYER=27585 / solSize=503117755129  idx=12499LAYER=19557 / solSize=129LAYER=50311107  idx= / solSize=5031180 / layers=129  idx=31103 / solSize=6462 / solSize=  idx=61120 / layers=129  idx=7168 / solSize=50311
4956 / layers=129  idx=4173 / solSize=50311
LAYER=11249514 / solSize= / solSize=  idx=32401293498 / layers=129  idx=15752 / solSize=50311
LAYER=98 / layers=129  idx=21782 / solSize=50311
50311
5031150311
  idx= / layers=50311 / solSize=21027 / solSize=50311
LAYER=49 / layers=129  idx=43008 / solSize=50311

 / solSize= / layers=117103
50311
 / layers=LAYER= / solSize= / layers=
LAYER= #verts=LAYER=8303LAYER=
 / layers= / layers=12912950311110129  idx=12675 / solSize=50311
LAYER=62 / layers=129  idx=38746 / solSize= / solSize=70
5145 / layers=129  idx=44147 / solSize=19807 / solSize=50311LAYER=56 / layers=129  idx=40824 / solSize=50311129  idx=18184LAYER=[BC] updateElectrodeVoltage(48542 / layers=
129LAYER=50311129
LAYER=[BC] solutionVector finite after write? 50311 / solSize=5031150311
  idx=LAYER=10311612950 / solSize=50311
 / layers=  idx=50311  idx=  idx=yes
LAYER=LAYER=
50311
50311LAYER=9043 / solSize=50311
 / solSize= / layers= / layers=LAYER=212925349LAYER=39145
UPDATE VOLTAGE END 

100
LAYER=55 / layers=129
LAYER=12912937
LAYER=14310 / solSize=50311
LAYER=79  idx=50311 / layers=
LAYER=50311122LAYER=50311UPDATE VOLTAGE START
  idx=18695 / solSize=50311
 / layers=  idx=  idx= / layers=  idx=115LAYER=98129 / layers=23  idx=
1207292 / layers=129  idx=24643 / solSize= / solSize=LAYER=
10810064129 / layers= / layers=24719 / solSize=50311 / solSize=
LAYER=90 / layers=129  idx= / layers=129  idx=7120 / layers=) V=12950311
[BC] updateElectrodeVoltage(LAYER= / layers=113 / layers=129  idx=11779 / solSize=50311
LAYER=  idx=46267 / solSize=50311
 / layers=129580
LAYER=35735 / layers= / solSize=50311
LAYER=22 / layers=129  idx=48809 / solSize=50311
LAYER=  idx=129  idx=377 / layers=0.0673325129  idx=129 / layers=LAYER=LAYER=12950311 / solSize=63LAYER=129  idx=529331559 / solSize=50311
) V=2584984  idx=65 / layers=68129 / layers=
1293242150311129LAYER= / solSize=42682LAYER=26 / solSize=50311
0.0542418 #verts= / solSize= #verts=12975 / solSize=15639 / solSize=50311  idx=  idx=129  idx=
 / layers=71  idx=48659 / solSize=50311
LAYER=66 / layers= / solSize= / layers=129  idx=48319 / solSize=50311
LAYER=503119250311
50311LAYER=
 / layers=21753 / solSize=50311
37519LAYER=121 / layers=12910343 / solSize=50311
  idx=LAYER=2055441319 / layers=129503113150
LAYER=129 / layers=129  idx=677 / layers=129  idx=24774 / solSize=50311
 / layers=  idx=  idx=LAYER=78 / layers=129  idx=31847 / solSize=2250311 / layers=LAYER=129  idx=29204 / solSize=50311
LAYER=10112998LAYER=96  idx=LAYER=
 / layers=129  idx=1294734950311LAYER=12934716
129  idx=48852 / solSize= / solSize=  idx=  idx= / layers= / layers=129LAYER=36621LAYER=  idx= / solSize=

 / solSize=LAYER=94120 / layers=129  idx=23929 / solSize=50311
LAYER=101 / layers=50311
516480 / solSize= / solSize=129  idx=19904 / solSize=50311129 / solSize=112
74117LAYER=LAYER=65 / layers=129  idx=3771050311129 / solSize=110  idx=
50311LAYER=50311
50311 / layers=
38369 / solSize=80 / layers=[BC] solutionVector finite after write? 0 / layers=37050
 / layers=50311

42 / layers=129  idx= / layers=LAYER=50311
 / layers=LAYER=12912910150311129  idx=13705 / solSize=50311
LAYER=33636  idx=
LAYER=  idx=129  idx=7016 / solSize=50311
LAYER= / solSize=LAYER=16 / layers=129  idx=49561 / solSize=50311
  idx= / layers=yes129  idx=31011 / solSize=50311
LAYER=45 / layers= / solSize=50311  idx=33701 / solSize=50311
LAYER=101 / layers=129  idx=19719 / solSize=50311
LAYER=91 / layers=129  idx=25637 / solSize=50311
LAYER=  idx=74 / layers=129
LAYER= / solSize= / solSize=LAYER=1958045056 / solSize=50311
LAYER=115 / layers=129  idx=10511 / solSize=12350311118
129  idx=9106 / solSize=50311
LAYER=107 / layers=Update boundaries50311
LAYER=129 / layers=129  idx=97 / solSize=50311108 / layers=129  idx=106LAYER=

UPDATE VOLTAGE START21470  idx=24LAYER=1295031150311[BC] solutionVector finite after write?  / solSize= / solSize=
50311
LAYER=
LAYER=68 / layers=8638 / layers=35216129
[BC] updateElectrodeVoltage(0) V=13002 / solSize= / solSize=52yes
UPDATE VOLTAGE END 
UPDATE VOLTAGE START
[BC] updateElectrodeVoltage( / layers=129129
129 / layers=LAYER=LAYER= / solSize=50311
  idx=LAYER=121 / layers=129  idx=
 / solSize= / layers=50311116LAYER=03) V=-0.176606
129  idx=4842 / solSize=  idx=36420 / solSize=5031192 / solSize=  idx=16769 / solSize=  idx=114 / layers=129  idx=11591 / solSize=50311
LAYER=90129503117950311
129  idx= / layers=LAYER=2290350311LAYER=105 / layers=50311 / layers=5031150311
LAYER=108 / layers=129  idx=15229 / solSize=50311
LAYER=103 / layers=129  idx= / layers=UPDATE VOLTAGE END 5031144130
LAYER=90LAYER=46129  idx=
 / solSize=50311
LAYER=
122602942263129
19533
 / layers= / layers= / solSize=50311
 / layers=18333 / layers=54 / layers=129  idx=41553 / solSize=50311LAYER=LAYER=98 / layers=129  idx=44075 / solSize=50311
54 / solSize= / solSize=10053LAYER=
129112LAYER=38 / layers=129129129129129  idx=25976 / layers= #verts= #verts=129LAYER= / layers=
50311
  idx= / solSize=50311
UPDATE VOLTAGE START  idx=
[BC] updateElectrodeVoltage(48622  idx=  idx= / solSize= / solSize=
50  idx=50LAYER=15916
50311
 / layers= / solSize= / layers=  idx=4) V= / layers=LAYER=19438
  idx=95  idx=129LAYER=121121 / layers=129  idx=6154 / solSize=50311 / solSize=12912912933876129 / solSize=50311LAYER=LAYER=[BC] solutionVector finite after write? yes
UPDATE VOLTAGE END  / layers=  idx=25962 / layers=78503115031145864  idx= / solSize=50311
LAYER=121 / layers=  idx=50311-0.260511 / solSize=2466831570
1723950311129


  idx=LAYER=

12463129  idx=129 / solSize= / solSize= / layers=
LAYER=
LAYER=101 / solSize= / layers=544541525 / solSize=50311
LAYER=47 / layers=129  idx=43728  idx=21250 / solSize=50311
LAYER= / solSize=50311129  idx=46010LAYER=UPDATE VOLTAGE START50311
78LAYER= / solSize= / layers=50311104[BC] solutionVector finite after write?  #verts= / solSize=15026
  idx= / solSize=
129 / layers=129  idx=32009 / solSize=50311
LAYER=12 / layers=129  idx=49853 / solSize=50311
LAYER=50311129  idx=95115 / solSize= / solSize=50311
LAYER= / solSize=50311
LAYER=1296463LAYER=[BC] updateElectrodeVoltage(1165031111352 / layers=129  idx=42339 / solSize=50311
LAYER=
LAYER=49 / layers=129  idx=42972 / solSize=50311
LAYER=  idx=yes19599 / solSize=50311 / layers=
507950311
LAYER=127 / layers=50311 / layers=50311) V=69 / layers=129  idx=36073 / solSize=50311

 / layers=129  idx=84 / layers=129  idx=47 / layers=6523
UPDATE VOLTAGE END   idx=100 / layers=129  idx=20445 / solSize=LAYER=50311
[BC] solutionVector finite after write?  / layers=115

LAYER=LAYER=LAYER=98 / layers=1232229087LAYER= / solSize=129  idx=18122 / solSize=5031123152 / layers=63 / layers=129  idx=38415 / solSize=50311
50311
 / layers=129 / layers=129  idx=10654 / solSize=50311
LAYER=105 / layers=129  idx=17001
43 / layers=129  idx=44696129LAYER= / layers=LAYER= / solSize=50311
129129
50311
129
 / solSize= / solSize=LAYER=46 / layers=129  idx=43946 / solSize=129  idx=31356yesLAYER=72 / layers=129  idx= / solSize=34820129 / solSize=50311
LAYER=97 / layers=129  idx=22030 / solSize=50311
67 / layers=LAYER=LAYER=  idx=113 / layers=90  idx=  idx=23175 / solSize=50311
LAYER=51LAYER=50311  idx=49499 / solSize=50311
50311
  idx=LAYER=LAYER=
UPDATE VOLTAGE END 
UPDATE VOLTAGE START
[BC] updateElectrodeVoltage( / solSize=50311
LAYER=112 / layers=  idx=121 / layers=129129-0.0249783LAYER=32155 / solSize=50311129 / layers=LAYER=50311LAYER=LAYER=
3244 / layers=751241291295) V=-1.13162 #verts=129 / layers=  idx=12075 #verts=96

116 / solSize=50311 / layers=21205 / layers=50  idx= / solSize=194478
50
[BC] solutionVector finite after write?  / layers=129  idx=22883 / solSize=50311290LAYER= / solSize= / layers=  idx=129  idx=9977 / solSize=5031150311
112
LAYER=103 / layers=129  idx=18389 / solSize= / solSize=  idx=111129  idx= / solSize= / layers=129  idx=31997 / solSize=129
 / solSize=50311
50311LAYER=
129LAYER=UPDATE VOLTAGE START / layers=129  idx=12578 / solSize=12950311
50311LAYER=
 / layers=  idx=1061812753 / solSize=50311
LAYER=80 / layers=129  idx=31187LAYER=50311
yesLAYER=  idx=43556LAYER=69 / layers=129  idx=605694 / layers=
LAYER=74[BC] solutionVector finite after write? 50311129 / solSize= / solSize=50311
122 / solSize=50311
 / solSize=129
LAYER=
50311  idx=129  idx=387LAYER= / solSize=79 / layers=127 / layers=129yes
UPDATE VOLTAGE END 
UPDATE VOLTAGE START
44530
5031150311
LAYER=114  idx=26254 / layers=129  idx=50311  idx=LAYER=26 / layers=[BC] updateElectrodeVoltage(129  idx=31739 / layers=129  idx=34085 / solSize=50311
 / solSize=  idx=LAYER=83 / layers=129  idx=29837 / solSize=50311


 / layers=36911 / solSize=50311 / layers=
LAYER=11060 / layers=129  idx=39455 / solSize=50311
129LAYER=
 / layers=LAYER=43602812950311
LAYER=LAYER=LAYER=129  idx=LAYER=UPDATE VOLTAGE END 
551461LAYER=  idx= / layers=LAYER=79 / layers=129) V=[BC] updateElectrodeVoltage(472464247352 / layers=74129  idx=97 / layers=129  idx=21916 / solSize=50311
  idx= / solSize=
129110121 / layers=129  idx=6135 / solSize=129 / solSize=  idx= / solSize=  idx=6) V=-1.48245 #verts=51
[BC] solutionVector finite after write? yes
UPDATE VOLTAGE END 
UPDATE VOLTAGE START
[BC] updateElectrodeVoltage(7) V= / solSize=1107552LAYER=440642245 / solSize=50311
LAYER=96 / layers=129UPDATE VOLTAGE START
[BC] updateElectrodeVoltage(2) V=50311
 / layers= / layers=0.851705LAYER=50311
  idx=1.45374841744 / solSize=50311 / solSize=129 / layers=129  idx=42156 / solSize=50311
 / solSize=93 / layers=129  idx=24303 / solSize=50311
LAYER=62 / layers=129  idx=38677 / solSize=50311
LAYER=  idx= / solSize=  idx=50311129  idx=34066 / solSize=50311
13025 / solSize= #verts=483575031123684 / solSize= #verts=50
[BC] solutionVector finite after write?  / layers=129  idx=28921 / solSize=50311
0.33998950311503116812950311

LAYER= / solSize=11950311
50311LAYER=31748
93LAYER=8250311LAYER=
 / layers=
33502 / layers=LAYER=LAYER=129 / layers=129 / layers= / solSize=
LAYER=113 / layers=5150311 / solSize=50311LAYER= / layers=129  idx=24500 / solSize=50311


8122403LAYER=LAYER= #verts=LAYER= / solSize=50311
  idx=78  idx=484 / solSize=12950311
LAYER=100 / layers=129  idx=
20554 / solSize=[BC] solutionVector finite after write? 50311
LAYER=LAYER=
LAYER=5744 / layers=129  idx=44572 / solSize= / layers= / solSize=  idx=129 / layers=28 / layers=129  idx=47889 / solSize=50311
LAYER=76 / layers=129  idx=50311 / layers=LAYER=  idx=5031111864
129yesLAYER=122129 / layers=12250311LAYER=50311
50yes129
LAYER=LAYER=126 / layers=87129LAYER=
  idx=12936315 / solSize= / layers=129  idx=5949LAYER=129  idx=40662 / solSize=50311
  idx=7906LAYER= / solSize=66 / layers=
74
 / layers=  idx=120  idx=116LAYER= / layers=1412350311
LAYER=44 / layers=129  idx=44430 / solSize= / solSize=8112950311116
129  idx=37262 / layers=UPDATE VOLTAGE END 129129129 / layers=129  idx=6774 / solSize=31895328374810150311
50311 / layers=129  idx=  idx=LAYER=
 / solSize=39306 / layers=129  idx=9753LAYER=101 / layers=129  idx=19714 / solSize=50311
LAYER=123 / layers=129  idx=4981 / solSize=50311
  idx=LAYER=  idx=  idx=56111426550311
LAYER=86[BC] solutionVector finite after write?  / layers=129 / layers=LAYER= / solSize=3078230603
UPDATE VOLTAGE END  / solSize=
33888 / solSize=50311
LAYER=36 / layers= / solSize=109 / layers=129  idx=14507 / solSize=50311
  idx=LAYER= / solSize=129  idx=129  idx= / solSize=50311 / solSize=50311
 / layers=10450311
12650311
2992428413550311
LAYER=yes110 / solSize=635031119616 / solSize= / layers=50311 / solSize=
129  idx=10149129 / layers= / solSize=50311
LAYER=LAYER=LAYER=
UPDATE VOLTAGE END 
[RUN] begin: sol size=5031150311
 / layers=UPDATE VOLTAGE START / layers=129  idx=13877 / solSize=50311
LAYER=80 / layers=129  idx=5031150311
 / solSize=580LAYER=110 / layers=129  idx=13907 / solSize=129  idx= / layers=LAYER=  idx=LAYER=
[BC] updateElectrodeVoltage(31270 / solSize= / layers=
 / layers=
LAYER=57 / layers=
LAYER=LAYER=122 / solSize= / solSize= / solSize=
2700
2754052575LAYER=50311129129123 / layers=  idx=5031150311LAYER=[RUN] solutionVector finite at entry? 50311 / solSize= / solSize= / layers=) V=0.197529 #verts=50
108
UPDATE VOLTAGE STARTLAYER=108 / layers=107  idx=46545 / solSize=50311
LAYER=90 / layers=129115  idx=129
129129  idx=5370 / solSize=50311
5446467 / solSize=50311

118yes
50311129[BC] solutionVector finite after write?  / layers=129 / layers=38214  idx= / layers=  idx=LAYER=129LAYER=115
50311 / layers=129  idx=8549 / solSize=50311
LAYER=
LAYER=50311
 / solSize=LAYER=  idx=129  idx= / solSize=12943265129  idx=5184 / solSize= / layers=  idx=6797 / layers=
61LAYER=107
[BC] updateElectrodeVoltage(LAYER=3) V=-0.693932 #verts=50
[BC] solutionVector finite after write? yes
UPDATE VOLTAGE END 
UPDATE VOLTAGE START  idx=129 / layers=129  idx=677 / solSize=50311 / layers=  idx=503115031140507 / solSize=50311
LAYER=8 / layers=129  idx=50119 / solSize=17737129  idx=10316LAYER= / layers= / layers=  idx= / layers=12
[BC] updateElectrodeVoltage(4) V=1.29135 #verts=2613950311
129LAYER=

50311
 / layers= / solSize=50311
LAYER= / solSize=45 / layers=12912928306 / solSize=50311
 / layers=50311129 / solSize=  idx=16251 / solSize=50311
42088LAYER=102 / layers=129  idx=
LAYER=56 / layers=129  idx=40993 / solSize=50311
LAYER=74 / layers=129  idx=33996 / solSize=50311
LAYER=98 / layers=129129129  idx=44123 / solSize=50311
4310654  idx=40603 / solSize=50311
LAYER=58 / layers=129  idx=40360 / solSize=50311
 / layers=15618
yes50311LAYER=18818LAYER=71 / layers=129  idx=35202 / solSize=LAYER=110 / layers=129  idx=14242 / solSize=50311
 / solSize=LAYER=  idx=50311  idx= / layers=LAYER=129129  idx=LAYER=129  idx= / solSize=
UPDATE VOLTAGE END 
UPDATE VOLTAGE START
[BC] updateElectrodeVoltage( / solSize=
50127 / layers=129  idx=190050311
LAYER=50311
125

  idx=15225 / solSize=50311
72LAYER=92 / layers=129  idx=25049 / solSize=5031112949911  idx=50311650311 / solSize=LAYER=95 / layers=129  idx=23277 / solSize=50311
LAYER=10 / layers= / solSize=50311
LAYER=
118 / solSize=LAYER=LAYER= / layers=
LAYER=58 / layers=129  idx=40229 / solSize=50311
 / solSize=16156129116
50311129
LAYER=) V=Update boundaries5031157 / layers=4164163 / layers=129  idx=38483 / solSize=50311
LAYER=76 / layers=129  idx=33011 / solSize=50311 / layers=862160150311 / layers=  idx=LAYER=125 / layers=129  idx=3436 / solSize=5031148

LAYER=LAYER=2395[BC] solutionVector finite after write?  / layers=1.32705
  idx=
129129  idx=3642 / solSize= / solSize=LAYER=12944855
LAYER=LAYER= / layers=yes
UPDATE VOLTAGE END 
UPDATE VOLTAGE START
 #verts=50019 / solSize=  idx=59 / solSize=  idx=9840441 / solSize=9768 / layers=129  idx=36342 / solSize=124 / layers=129  idx=43448 / solSize=50311
LAYER= / layers=21968LAYER=51
  idx= / solSize=50311
LAYER=LAYER=84 / layers=129  idx=29011 / solSize=50311
LAYER=73 / layers=129  idx=34509 / solSize=  idx=50311503113489750311
LAYER= / layers=129 / layers=  idx=UPDATE VOLTAGE START129 / layers=LAYER=129  idx=48781 / solSize=50311
LAYER=127 / layers=129  idx=102 / solSize= / layers=129 / layers=6336654 / solSize=50311
LAYER=15 / layers=129  idx=49663 / solSize=50311
50311 / solSize=50311  idx=39785 / solSize=50311
5031112912921678
129LAYER=129129
[BC] solutionVector finite after write?  / layers=50311
LAYER=121
38976  idx=1635 / solSize=50311
LAYER=87 / layers=LAYER= / solSize=  idx=28003 / solSize=50311
LAYER=84 / layers=129  idx=29324 / solSize=50311
LAYER=66[BC] updateElectrodeVoltage( / layers=  idx=9618  idx=77LAYER=106 / layers=129  idx=16913yes97 / solSize=
LAYER=  idx=50311
LAYER= / solSize=
91
129  idx=96 / layers=129 / layers=129  idx=37229 / solSize=50311
85LAYER=100 / layers=129  idx=20186 / solSize=0129  idx=22363 / solSize=50311
LAYER=74 / layers=129  idx=34099 / solSize=50311
 / solSize= / solSize=
12950311 / layers=129  idx=22218 / solSize=50311LAYER=42 / layers=129  idx=45089 / solSize=50311
LAYER=111 / layers=8203LAYER=LAYER=117 / layers=12910950311[BC] updateElectrodeVoltage(5) V=50311  idx=2748022724 / solSize=50311
5031150311 / layers=1888650311UPDATE VOLTAGE END 23478
LAYER=  idx=

129  idx=
 / layers=
 / solSize=LAYER=50311
LAYER= / layers= / layers=

LAYER=
UPDATE VOLTAGE START / solSize=50311
74) V=50311105LAYER=93 / layers=129  idx=LAYER=  idx=LAYER= / solSize=122129  idx=25676113129  idx=73LAYER=3909
 / layers=1.213270 #verts=898350
[BC] solutionVector finite after write? yes
UPDATE VOLTAGE END 93
 / layers=129LAYER= / layers=50311
 / solSize=129 / solSize= / layers=LAYER=6638419 / solSize=129 / layers= #verts=50
[BC] solutionVector finite after write? 129  idx=149156250311LAYER=97
50311
  idx=LAYER=80 / layers= / layers= / layers=  idx=33694 / solSize=
129  idx=28765 / solSize=50311
LAYER=12813193 / layers=129  idx=1419 / solSize=50311 / solSize=
83UPDATE VOLTAGE START  idx=24176 / solSize=50311
LAYER=120 / solSize= / layers=129  idx=7082 / solSize=50311
LAYER=28 / layers=129  idx=yes
LAYER=58129  idx=52 / layers=129  idx=42198 / solSize=50311
129  idx=2419637126LAYER=129 / solSize=5031150311
[BC] updateElectrodeVoltage(1) V= / layers=5031147932 / layers=50311 / layers=5314 / solSize=50311  idx=129LAYER=89 / layers=129  idx=26639 / solSize=50311 / solSize=50311
[BC] updateElectrodeVoltage(129
 / solSize=
1.35105
88LAYER=102 / layers=129  idx= / solSize=129129  idx=40366 / solSize=
11878
LAYER= / layers=  idx=32462 / solSize=50311
LAYER=  idx=LAYER=7  idx=12950311
5031119324 #verts=50
[BC] solutionVector finite after write? yes
UPDATE VOLTAGE END 
UPDATE VOLTAGE START50311  idx=5031117068 / solSize=50311
6704LAYER= / solSize=50311
LAYER=38 / layers=129  idx=45908 / solSize=50311
67129845031120) V=LAYER=-1.22897 #verts=50
[BC] solutionVector finite after write?  / layers=LAYER=
34228LAYER=104 / layers=

 / solSize=92 / layers=101  idx= / layers=22367 / solSize= / layers=129  idx=42746 / solSize=50311

  idx= / layers= / solSize=56
LAYER=48 / layers= / solSize=50311
LAYER=74 / layers=129  idx=33857 / solSize=LAYER= / layers=129  idx=25019129  idx=37041 / layers=129  idx=19686129 / solSize=50311 / solSize=38727129  idx=LAYER=44
[BC] updateElectrodeVoltage(LAYER=50311
LAYER=113 / layers=129129LAYER=LAYER= / solSize=50311
  idx= / solSize=LAYER=50311

50311 / solSize=29401UPDATE VOLTAGE END 110 / layers=129LAYER=123  idx= / layers=69LAYER=5031150311LAYER= / solSize=
129 / layers=50311
73
UPDATE VOLTAGE START
[BC] updateElectrodeVoltage(6) V=20.030325 #verts=51
[BC] solutionVector finite after write? 7950311yes12912260 / solSize=50311
LAYER=85 / layers=129  idx=28661 / solSize=50311
LAYER=79 / layers=129  idx=31748 / solSize=LAYER=  idx=120 / layers=129  idx=7385 / solSize=4750311
 / layers=LAYER=106 / layers=129  idx=16612 / solSize=  idx=50311
LAYER=16 / layers=84
50311LAYER=  idx= / solSize= / layers=129  idx=34114 / solSize=50311
) V= / layers=
UPDATE VOLTAGE END 
[RUN] begin: sol size=
LAYER=54 / layers=129  idx=41575 / solSize=50311
LAYER=12910250311 / layers=yes10612917714 / solSize=50311
LAYER=41 / layers=129
95 / layers=129  idx=23387 / solSize=50311
LAYER=LAYER=2925427164LAYER=129129  idx=  idx=31696  idx=40870 / solSize=50311
 / layers=LAYER=129 / layers=129  idx=4792 / solSize=50311
LAYER=14080LAYER=3099 / layers=129  idx=20832 / solSize=50311
LAYER=67 / layers=8643533 / solSize=50311
LAYER=127 / layers=129  idx=1834 / solSize=50311
LAYER=50311LAYER=50311-0.152911

  idx= / layers=1685392 / layers= / solSize=12981 / layers=129  idx=30401 / solSize=50311
 / solSize= / layers=129  idx=47677 / solSize=50311
LAYER=129  idx=37016 / solSize=50311
  idx=LAYER=50 / layers=129  idx=42769 / solSize=50311
LAYER=93 / layers=129  idx=LAYER= / layers=129  idx=27929 / solSize=50311

LAYER=129[RUN] solutionVector finite at entry? 90
LAYER= / solSize=77129  idx= / solSize=50311
50311LAYER=4437111967 / layers=  idx=yes / layers=24142 / solSize=50311127  idx=36027 / solSize=50311
LAYER=  idx=  idx=
114118 / layers=129  idx=874349581 / layers=56129  idx=36845 #verts=
LAYER=129 / solSize=50311
LAYER=115 / layers=129  idx=10400 / solSize=50311

LAYER=LAYER=
LAYER= / layers=67 / layers= / solSize=61 / solSize=129 / solSize=51
[BC] solutionVector finite after write? yes
UPDATE VOLTAGE END 
UPDATE VOLTAGE START
  idx=LAYER=LAYER=1295031145217 / layers=5031150311129 / layers=2465786115 / layers=129  idx=10933 / solSize=5031144  idx=11498 / solSize=50311

LAYER=LAYER=72 / layers=129  idx=684358234560
LAYER=  idx=7916 / solSize=129 / solSize=50311

 / layers=5031175 / layers=UPDATE VOLTAGE END  / layers=129  idx=36601 / solSize=50311 / layers= / solSize=50311
54 / solSize=LAYER=50311
82 / layers=LAYER=503115031119155LAYER=  idx=32731 / solSize=50311
 / solSize= / layers= / layers=
129

UPDATE VOLTAGE START
[BC] updateElectrodeVoltage(7) V=129108 / layers=129  idx=15623 / solSize=50311
 / layers=LAYER= / layers=105 / layers=129  idx=17163 / solSize=
LAYER=105 / layers=129  idx=
  idx=12958129[BC] updateElectrodeVoltage(129118129  idx=LAYER=LAYER=  idx=
1743612950311LAYER=25794  idx=39096 / solSize=50311
LAYER=1293) V=50311  idx= / layers=LAYER=0.68956980 / layers=129  idx=95LAYER= / solSize=
LAYER=108 / layers=  idx=29 / solSize= / layers=0.690671  idx=
LAYER=63 / layers=129121LAYER=129 / solSize=885031130998 / layers=44562129  idx= #verts=5028984 / solSize=129  idx=  idx=  idx= / layers=129  idx=6222 / solSize=50311  idx=8833264 / solSize=50311
 / layers= #verts=12950311129 / solSize=50311
40279LAYER= / solSize=1293700940874  idx=41682 / solSize=50311
5031150311 / solSize=LAYER=  idx=
129  idx=27023 / solSize=LAYER= / layers=126280692136 / solSize=50311  idx=107 / solSize=LAYER=
6450311109 / layers=129  idx=
 / layers= / layers=5050311
LAYER=LAYER=57 / layers=129  idx=40671 / solSize=50311
LAYER= / solSize=478178568
58  idx=50311
LAYER=103 / layers=129  idx=18738 / solSize=50311

129LAYER=LAYER=129  idx=27138 / solSize=50311
12962 / layers=129 / layers= / layers= / solSize=82 / layers=30099 / layers=LAYER=14611 / solSize=LAYER=LAYER=93 / layers=129  idx=24429 / solSize=50311
 / solSize=  idx=5031150311 / solSize=50311
LAYER=
 / layers= / solSize=129
12975  idx=50311

  idx=
129
LAYER=49 / layers=129  idx=3879215116129LAYER=[BC] solutionVector finite after write? yes
UPDATE VOLTAGE END LAYER= / layers=  idx=30055 / solSize=50311
LAYER=92 / layers=129  idx=24908 / solSize=50311
LAYER=LAYER=60 / layers=LAYER=41 / layers=129  idx=45255 / solSize=50311
LAYER=67 / layers=129  idx=36736 / solSize=5031138467LAYER=503004 / solSize=524316980 / solSize=5031150311
LAYER=109 / layers=129  idx=1441099129107 / layers=129  idx=74 / layers=129  idx=33662129 / solSize=23240129  idx=39337 / solSize=50311
 / solSize= / solSize=LAYER=
[BC] solutionVector finite after write? yes / layers= / solSize= / layers=129  idx=31305 / solSize=50311 / solSize=
LAYER=122 / solSize=  idx=LAYER=92  idx=40300 / solSize=50311
LAYER=23 / layers=129  idx=48748 / solSize=50311
LAYER=38 / layers=12950311  idx=
45989

19  idx=50311
UPDATE VOLTAGE END 
[RUN] begin: sol size=127129  idx=42072 / solSize=50311
LAYER=50311103
5031150311
LAYER=121 / layers=129  idx=6303 / solSize=50311
LAYER=503113806741LAYER= / solSize=50311112LAYER=98 / layers=129  idx=21780 / solSize=50311
UPDATE VOLTAGE START / layers=50311 / layers=
5031150311  idx= / solSize=16129 / layers=129  idx=45237 / solSize= / layers=91 / layers=129  idx=25699 / solSize=50311
LAYER=40 / layers=
 / layers=LAYER= / layers=
129 / solSize=LAYER=
LAYER=
LAYER=74 / layers=3330012942885 / solSize=
 / solSize=  idx=LAYER= / layers=129  idx=5373 / solSize=50311
LAYER=121 / layers=12912970LAYER=  idx=5031185
 / layers=[RUN] solutionVector finite at entry? yes
114
 / solSize=5031150311  idx=33845 / solSize=50311
LAYER=15713129
  idx=92 / layers= / layers=129
 / layers=50311LAYER=108 / layers=129  idx=15111 / solSize=50311
LAYER=57 / layers=129  idx=40452 / solSize=50311
LAYER=1295031150311  idx=20836 / solSize=7150311
LAYER=129LAYER=49223 / layers=129  idx=1546 / solSize=50311
LAYER=129 / layers=129  idx=608 / solSize=[BC] updateElectrodeVoltage(12950311

LAYER=  idx=18255 / solSize=
LAYER=8149  idx=12858 / solSize=
50311222465510 / solSize=50311LAYER=  idx=  idx=4  idx=
LAYER=81129
 / layers=LAYER= / layers= / layers=129  idx=129 / solSize= / layers=12950311
1266547101LAYER=93 / layers=129  idx=24601 / solSize=50311
LAYER=  idx=11421 / solSize=129  idx=LAYER=84 / solSize=129 / layers=503114556542 / layers=28765LAYER=88129 / layers= / layers=35 / layers=129  idx=50311
30674  idx= / layers=50311  idx=

 / layers=) V=129LAYER= / solSize=23 / layers=129  idx=48731 / solSize=50311
129129LAYER= / solSize= / solSize=50311
62129129 / solSize=LAYER=LAYER=5148798LAYER=84 / layers=1294672350311LAYER=129 / layers=129  idx=50311431531.12283111 / layers= / layers=129  idx=42399 / solSize=50311 / solSize=
50311LAYER=50311  idx= / solSize=  idx=72 / layers=129  idx=  idx=349522824 / solSize=38937
 / solSize=  idx=  idx=129 / layers=129  idx=13610 / solSize=50311
LAYER=31 / layers=
68116 / layers=129  idx=
986545140
 / solSize=50311  idx= / solSize=50311
LAYER=119 / layers=129  idx=7630 / solSize=50311
71
29250  idx=  idx=LAYER= #verts=  idx= / solSize=LAYER=2650311LAYER=50003 / solSize=50311
50311LAYER=19 / layers=129  idx=49188 / solSize=50311
LAYER=102LAYER=LAYER=5031130403LAYER=102 / layers=129  idx=18879 / solSize=  idx=
 / layers=249722931235361

 / layers= / layers= / layers=83 / layers=129  idx=29521 / solSize=
96LAYER=105 / layers=129  idx=17028 / solSize=50311
LAYER=104 / layers=129  idx=5031127193 / solSize=50311
 / solSize= / solSize= / solSize=50311
50311LAYER=46 / layers=129  idx=43957 / solSize=5031150129129 / layers=50311LAYER=LAYER= / solSize= / solSize=50311
LAYER=50311
LAYER=80 / layers=129  idx=5031131098 / solSize=
LAYER=91 / layers=129  idx=25341 / solSize=50311


LAYER=68129LAYER=  idx=18878 / solSize=50311
19464  idx=35127
1793899 / layers=129  idx=2078550311
LAYER=126 / layers=129  idx=3004 / solSize=4150311129[BC] solutionVector finite after write? yes
UPDATE VOLTAGE END LAYER=128LAYER=1291298 / solSize=50311 / solSize= / solSize=50311
LAYER=100 / layers=129  idx=LAYER=645031150311  idx=36596 / solSize=50311
 / layers=35439
 / layers=72 / layers= / solSize=  idx=47414 / solSize=50311
  idx=22726

20573
 / layers=129  idx=37910 / solSize=50311
 / solSize=LAYER=

LAYER=129 / solSize= / layers=5031112950311LAYER= / solSize=LAYER=43LAYER=90 / layers= / solSize=50311
LAYER=50311
LAYER=106 / layers=1298188LAYER=129

  idx=34594
 / layers=  idx=50311
50311 / layers=129  idx=44834 / solSize=50311
LAYER=59 / layers=129  idx=35LAYER=11587 / layers=  idx= / layers=129UPDATE VOLTAGE STARTLAYER= / solSize=LAYER=12948237  idx=LAYER=
LAYER=90 / layers=12912993 / layers= / layers=12981  idx=
LAYER=10372 / layers=129  idx=501427045 / layers=129129129LAYER=39970  idx=27492 / solSize= / layers=45145 / solSize=50311 / layers=364855031110234838 / layers=129  idx= / layers= / layers= / solSize=50311
125LAYER=121 / layers=129  idx=6469 / solSize=50311
129  idx=  idx=
 / solSize= / layers=129  idx=19263 / solSize=50311
LAYER=  idx=18420 / solSize=50311
 / solSize=129129  idx=35669 / solSize=50311
  idx=LAYER=LAYER= / layers=  idx=12910313 / solSize=50311LAYER=LAYER=3850311
  idx=3073497  idx=64  idx=  idx=16390  idx=50311
85103LAYER= / layers=12926073 / solSize=2586650311
 / layers=12926826 / layers=129  idx=37980 / solSize=1295031130866 / solSize=LAYER=
50311 / layers=129 / layers=129  idx=211
LAYER=53 / layers=129  idx=41767 / solSize=50311
LAYER=91 / layers=129  idx=25223 / solSize= / solSize=50311
LAYER=  idx=1293462 / solSize=50311
LAYER=46585 / solSize= / solSize=  idx=
LAYER=70 / layers=129  idx=35427 / solSize= / solSize=
LAYER= / layers=129  idx=28820 / solSize=50311
LAYER=70 / layers=1035 / solSize=  idx=50311
  idx= / solSize= / solSize=50311
LAYER=5031150311LAYER=[BC] updateElectrodeVoltage(5) V=
25129 / solSize= / solSize=50311LAYER=5031122074
LAYER=50311
12844363126LAYER=
-0.98542124205  idx=18792 / solSize=5031150311129128
 / solSize=36LAYER=127LAYER=50311
 / solSize= / layers=100 / layers=LAYER=129  idx= #verts=20452 / solSize=50311
50311
  idx=854182LAYER= / layers= / layers= / layers=91 / layers=46021LAYER=129  idx=2753 / solSize=
50311
LAYER=11850
 / layers= / layers=
 / layers=LAYER=
129 / layers=5031147102129  idx=46320LAYER=129  idx=483865031133 / layers=12975LAYER=[BC] solutionVector finite after write? 35565129  idx=901 / solSize=50311
LAYER=LAYER= / solSize=
 / solSize=6250311129 / solSize= / solSize= / layers=7150311
LAYER=92 / layers=129  idx=24918 / solSize=5031150311LAYER= / layers=  idx=1548 / solSize=50311
LAYER=125 / layers=129  idx=3227 / solSize=50311

50311129 / layers= / layers= / layers=
LAYER=LAYER=97  idx= / layers=129  idx=21848 / solSize=50311
LAYER=101 / layers=  idx=
50311129LAYER=11863129LAYER=129  idx=43810 / solSize=129129129106129yes
 / solSize= / layers= / layers=  idx=46129108118 / layers=129  idx=8800 / solSize=50311
LAYER=LAYER=20 / layers=129  idx=49056 / solSize=50311
  idx=  idx=LAYER= / layers=  idx=453348319 / solSize=  idx= / layers=129
  idx=  idx=5711419806 / solSize=50311
LAYER=1075108 / layers=129  idx=38713 / solSize=50311
503115031150311 / solSize=50311
LAYER=129  idx=4709838339 / solSize=50311
LAYER=55 / layers=129  idx=41340LAYER= / layers=
33368 / solSize= / layers= / layers=  idx=30152129 / layers=  idx=

25201117 / layers=129  idx=8993 / solSize=LAYER= / solSize=50311
LAYER=116 / layers=129  idx=9898 / solSize=50311
12946 / layers=129 / layers=UPDATE VOLTAGE END 
UPDATE VOLTAGE START
[BC] updateElectrodeVoltage(503116) V=
12935336 / solSize= / solSize=50311
 / solSize=LAYER=16917 / solSize=50311
 / solSize= / solSize=50311
50311129  idx=  idx=15639 / solSize=50311
LAYER=120
-0.933415LAYER=LAYER=2050311
  idx=12950311125 / layers=129  idx=28665LAYER=LAYER=50311
LAYER=
  idx=
 / layers=LAYER= #verts=99 / layers=  idx=19193 / solSize=50311
  idx=LAYER=LAYER= / solSize=50311
LAYER=40LAYER=LAYER=102 / layers=12943985LAYER=124 / layers=129  idx=129 / layers=LAYER=91129  idx=15143
40693339534124 / layers=9864  idx= / solSize=344193  idx= / layers=20915LAYER=11451 / layers=129 / layers= / layers=129 / layers=129  idx=18893 / solSize=129LAYER=50311
 / layers=129  idx=129 / solSize=129 / solSize=108 / layers= / solSize=79LAYER= / solSize=
129  idx=45468 / solSize=50311
6944086  idx=2162712937902 / solSize=5031115LAYER=46903 / solSize=50311
LAYER=  idx=  idx=25372 / solSize=50311
LAYER=108 / layers=129  idx=15586 / solSize=5031150311
503115031112950311 / solSize= / solSize=  idx=37 / layers=
7024 / layers=129
LAYER=93 / layers=  idx=12946934 / solSize=50311
LAYER=91 / layers=129  idx=25302 / solSize=5031178 / layers=
 / layers= / solSize=11456 / solSize=50311
49132LAYER=50311129LAYER= / solSize=50311129  idx=

  idx=24255 / solSize=126
 / layers=LAYER=LAYER=  idx=LAYER=71 / layers= / solSize=LAYER=
  idx=11298 / solSize=50311
LAYER=126 / layers=[BC] solutionVector finite after write? 
  idx=31669 / solSize=50311
5415641LAYER=34 / layers=129  idx=50311
 / layers=LAYER=129  idx=3196112912933 / layers=1298626 / solSize=50311
 / layers=129  idx=35144 / solSize=9350311129100LAYER= / layers=yes  idx= / solSize=50311 / solSize=  idx=50311  idx=129129103 / layers=
121 / layers=129  idx=6526129  idx=41675031150311

LAYER=
5031146903  idx= / layers=129  idx=LAYER=97LAYER= / solSize=6550311LAYER=8735897 / layers=
 / solSize=LAYER=LAYER=2636 / solSize=50311
LAYER=82LAYER=LAYER=2872  idx=63 / layers=129  idx=38358 / solSize=50311
4161950311
44129
129 / solSize=50311
LAYER=108 / layers=129  idx=1247048 / layers=129  idx=43504 / solSize=50311
LAYER=83 / layers=18528 / solSize=50311
 / solSize=LAYER= / solSize= / solSize= / layers= / layers=50311UPDATE VOLTAGE END 
LAYER=  idx= / layers=
 / layers=  idx=129  idx=29754 / solSize=50311
LAYER=86 / layers=129  idx=28110 / solSize=50311
LAYER= / layers=12650311129  idx=  idx=UPDATE VOLTAGE START125 / layers=129  idx=3580 / solSize=11515302 / layers=
LAYER=95 / layers= / layers=1294710749596 / solSize=126 / layers=1299212927855 / solSize=50311
LAYER=

LAYER=129  idx=129LAYER=67 / layers=129129  idx=4623850311  idx=37733 / layers=129  idx=25138 / solSize=50311
  idx=LAYER=LAYER=95 / layers=20413[BC] updateElectrodeVoltage(7) V=503115031150 / layers=129LAYER=24310 / layers= / solSize=  idx=
LAYER=109  idx=
 / solSize=50311
5031190129 / solSize=129
LAYER=53 / layers=  idx=129  idx=41884 / solSize=50311
96 / solSize=50311
LAYER=127 / layers=129  idx=35766 / layers= / layers=129  idx=14473 / solSize=36769129LAYER= / solSize= / layers=  idx=0.95913450311  idx=2331 / solSize=50311

42770 / solSize=50311
77  idx=503111577 / solSize=50311
1294139LAYER=21858 / solSize=99
22957 #verts=5050311
  idx=LAYER=107 / layers=129  idx=2345215659 / solSize=LAYER=  idx=LAYER=LAYER= / solSize=50311
LAYER=61 / layers=129  idx= / solSize=116  idx= / layers= / solSize=50311 / layers=129  idx=20956LAYER=104 / solSize=

LAYER=LAYER=1296594503115031144379 / solSize=

LAYER=80 / layers=129  idx=31030 / solSize=129 / solSize= / layers=LAYER=32 / layers=29896  idx=10466 / solSize=50311
106 / layers= / layers= / solSize= / layers=
LAYER=80 / layers=129  idx=50311
LAYER=65 / layers=129  idx=37776 / solSize=50311
LAYER=94 / layers=129  idx=23958 / solSize=50311
 / solSize=50311  idx=LAYER=129  idx=18088125 / solSize=50311129LAYER=2859 / layers=129129
4650311
LAYER=77 / layers=129  idx=32520 / solSize=50311
LAYER=12750311
31128503115031125751 / solSize=5031150311 / layers=
  idx=793906150311  idx=16890  idx=LAYER=LAYER= / layers=
LAYER=
129

 / solSize=129LAYER= / layers=  idx=127 / layers=129  idx=12937546 / solSize=50311
94 / layers=129129  idx=23548 / solSize=LAYER=124 / layers=129  idx=100 / solSize=LAYER=LAYER=50311LAYER=4723632567 / solSize=  idx= / layers=LAYER= / solSize= / solSize=  idx=50311
4015LAYER=66 / layers=129  idx=37086 / solSize=5050311
[BC] solutionVector finite after write? 12998 / layers=129 / solSize=50311 / layers=316551201291179694
  idx=2145503115031197  idx=
yes
UPDATE VOLTAGE END 
[RUN] begin: sol size=50311
[RUN] solutionVector finite at entry? yes
 / solSize=  idx=50311
LAYER=73129 / layers= / layers=129  idx=34255 / solSize=50311
LAYER=128 / layers=129  idx=994 / solSize=5031198 / layers=  idx= / solSize=22948 / layers=129503113391 / layers=
 / solSize= / solSize=
 / layers=LAYER=63 / layers=129  idx=129
 / solSize=2174050311  idx=
 / solSize=LAYER=LAYER=  idx=50311
LAYER=LAYER=12938324 / layers=129
 / solSize=50311
23730LAYER=LAYER=10650311 / layers=129105209611388  idx=129  idx=21575 / solSize=50311
LAYER=LAYER=76 / layers=129  idx=LAYER=50311 / solSize=LAYER=62
1275031112912143858 / layers=129 / solSize= / layers= / solSize=  idx=11611050311  idx=
 / layers=LAYER=
LAYER=106 / layers=  idx= / layers= / layers=  idx= / solSize=50311129
1295031122331
LAYER=27 / layers=129  idx=20502
7417LAYER=1295031171 / layers=129  idx=34991 / solSize=50311
LAYER=122129  idx=6408 / solSize=50311
LAYER= / solSize=129  idx=16808 / solSize=50311
LAYER=  idx=LAYER=115 / layers=129  idx=  idx=327721665412292 / solSize=50311
LAYER=9022 / layers=LAYER=41 / layers=129  idx=45296 / solSize= / solSize=  idx=
42671 / layers=12958268825031150311 / layers= / solSize=5810891
50311 / solSize=  idx= / layers=129  idx=40299 / solSize=50311
2277LAYER=17 / layers=129  idx= / solSize=
LAYER=82 / layers= / solSize=12950311 / solSize= / layers= / solSize=50311102LAYER=  idx=
LAYER=38609 / solSize=50311
49478LAYER=50311
LAYER=115 / layers=129  idx=10805 / solSize=50311
LAYER=100 / layers=  idx=13937 / solSize=50311
 / layers=129  idx=17064 / solSize= / layers=129  idx=19095 / solSize=50311

LAYER=52 / layers=129 / solSize=1165031112950311LAYER=129
50311
4250311109LAYER=48074 / solSize= / solSize=126 / layers=  idx=
  idx=
43LAYER=97 / layers=LAYER=10512950311
LAYER=81 / layers=129  idx=30794 / solSize=50311
  idx=50311
LAYER=83 / layers= / layers=129  idx=2393
129  idx=9855 / solSize=50311
LAYER=849931 / solSize=50311
 / solSize=LAYER=LAYER= / layers=129  idx=44696 / solSize=50311
30003 / solSize=5031173 / layers=129  idx=17534 / solSize=50311

  idx=5500 / solSize=50311
LAYER=125 / layers=129  idx=3499 / solSize=50311
50311 / layers= / solSize= / solSize=LAYER=LAYER=LAYER= / layers=5973LAYER=50311
LAYER= / layers=129  idx=34522 / solSize=4224512912950311
LAYER=129LAYER=LAYER=88129  idx= / layers=129 / layers=
LAYER=50311
LAYER=111 / layers= / solSize=5031192  idx=106 / layers=129  idx=16365 / solSize=50311 / layers=129129  idx=  idx=22347 / solSize=50311

129  idx=34350 / solSize=50311
LAYER=122102 / layers=50311
 / layers=6750311

1295212844911 / solSize=  idx=LAYER=LAYER= / layers=  idx=LAYER= / layers=129  idx=114 / layers=102

1291295031140141 / solSize=50311
LAYER=105 / layers=129  idx=17157 / solSize=50311
  idx=129 / layers=129 / layers=29632788 / layers=129  idx=11585 / solSize=LAYER=LAYER= / layers=LAYER=LAYER=5729214LAYER=
5414388129  idx=  idx=1931912998 / solSize=50311
LAYER=59129114129  idx=  idx=52 / layers= / solSize=LAYER=42337  idx=LAYER= / solSize= / layers=  idx=5293 / solSize=27044 / solSize=50311
LAYER=13550  idx=19259 / solSize=50311
LAYER=67 / layers=129  idx=36973 / solSize=50311
LAYER=125 / layers=LAYER= / layers= / layers=129  idx=42225 / solSize=50311
12550311
 / solSize= / solSize=12336689 / solSize=503114950311
LAYER=129  idx=21709 / solSize=50311
8250311
LAYER=122 / layers=129 / solSize=LAYER= / layers= / solSize=2046450311
LAYER=
LAYER=116 / layers=129  idx=9778 / solSize=50311
LAYER= / layers=LAYER=129  idx=1298550311
LAYER=18 / layers=129  idx=49292 / solSize=1295031192 / layers=129  idx=24687 / solSize=50311 / layers= / solSize=101LAYER= / layers=  idx=129  idx=39722 / solSize=50311
LAYER=107121 / layers=129  idx=6076 / solSize=50311
LAYER=91 / layers=475926  idx= / layers=  idx=41506 / solSize=50311

  idx=5031181 / layers=129  idx=12961 / layers=129310748 / layers=129129
LAYER=24798LAYER=19977129 / layers=129 / layers=92  idx= / layers=123LAYER=107 / layers=  idx=50311 / solSize=129129 / layers= / layers=5031115764 / solSize=50311  idx=50311 / solSize= / solSize= / layers=129 / layers=
4047550311
  idx=LAYER=40036
129  idx=129249223154 / solSize=50311

50311  idx=117  idx= / solSize=46 / solSize=50311
  idx=129 / solSize=  idx=50311129  idx=129112994305850311
 / layers=129  idx=44008 / solSize=50311
  idx=LAYER=119 / solSize=
  idx=4658LAYER=50311  idx=25278  idx=LAYER= / solSize=28809

LAYER=86 / layers=129  idx=28235 / solSize=50311
LAYER=129LAYER= / layers=129  idx=7682 / solSize=50311
50311
LAYER=LAYER=43397LAYER=159594621 / solSize=50311
 / solSize=50311
LAYER=64 / layers=129  idx=37876 / solSize=50311
 / solSize=LAYER=
LAYER=110 / layers=129  idx=  idx= / layers=567512739198 / solSize=50311
LAYER=115 / layers=129  idx=10938 / solSize=50311
LAYER= / solSize=435545031150311

LAYER=LAYER=111 / layers=129  idx=
74120129115 / layers=129  idx=33401 / solSize= / layers=50311LAYER=81 / solSize=12637LAYER=LAYER=  idx=13632 / layers= / layers=73 / solSize=30240 / layers=  idx=9087 / solSize=50311
LAYER=2791
 / layers=LAYER=50311 / layers=1415930620 / solSize= / solSize=129  idx=40914 / solSize=50311
129LAYER=  idx=50311 / layers= / layers=129  idx= / layers=5031180 / layers=129  idx=31239 / solSize=
129118 / solSize=LAYER= / solSize=50311
50311LAYER=
LAYER=50311 / solSize=
LAYER=
12950311 / layers=129LAYER=50311
LAYER=9259 / layers=129  idx=39942 / solSize=50311
LAYER=LAYER=87 / layers=3850311
 / layers=
12 / layers=129  idx=49911 / solSize=50311 / solSize=47LAYER=73 / layers=129  idx=34149 / solSize=50311
129LAYER=
43 / layers=129  idx=44817 / solSize=50311
LAYER=128 / layers=129  idx=1212 / solSize=50311
LAYER=88129129  idx= / layers=12948LAYER=90 / layers=129  idx=25978 / solSize=50311
LAYER=50311 / layers=129  idx=43619 / solSize=50311
LAYER=113 / layers=129  idx=12081 / solSize=50311
10125468LAYER=95 / layers=129  idx=23482 / solSize=50311
  idx=  idx=LAYER=78 / layers=129 / layers=  idx=  idx=7140129  idx=
12974LAYER=
LAYER=77 / layers=129  idx= / solSize=5031110724
46118 / solSize=50311
 / layers= / layers=129  idx=27219 / solSize=  idx=50311
LAYER=119 / layers=129  idx=7799 / solSize=50311
LAYER=33751  idx= / solSize= / layers=30586 / solSize=812752832683LAYER=LAYER=104 / layers=129  idx=17666129 / layers=90  idx=182712950311
50311 / layers=59LAYER= / layers= / solSize=75 / layers=129  idx=33284 / solSize= / solSize=  idx=2345129129  idx=24845 / solSize=50311
LAYER=80 / layers=32261129  idx=30984 / solSize=50311
 / layers=LAYER=LAYER= / solSize=50311
LAYER=107 / layers=129  idx=15757 / solSize=129 / layers=866186 / layers=129LAYER=  idx=50311
LAYER=93 / layers=129  idx=24261 / solSize=34237 / solSize= / solSize=129129LAYER=122 / layers=  idx=  idx=1295031150311  idx=12134055
  idx= / solSize=50311
5031150311
 / solSize=11693  idx= / layers=4348630595 / solSize=12950311109 / solSize= / solSize=  idx= / solSize=
LAYER=
84 / layers=LAYER= / solSize=
503115031126206 / solSize=50311
129  idx=24635 / solSize=50311

LAYER= / layers=12950311 / solSize=LAYER=46073129  idx=29274 / solSize=50311
LAYER=46 / layers=129 / layers=48068

  idx=LAYER=LAYER=86 / layers=129  idx=28334 / solSize=LAYER=LAYER=11339721
LAYER=9150311
LAYER=118 / layers=129  idx=8870 / solSize=11950311  idx=43902 / solSize=50311
LAYER=129 / layers=LAYER=90LAYER=124 / layers=129  idx=4517 / layers=57 / layers=129  idx=40671 / solSize=50311
  idx=5031112950311 / layers=
115 / layers=129  idx=LAYER=  idx=129  idx=6721 / solSize=5031177 / layers=LAYER=122129LAYER=14343
LAYER=85 / layers=129
 / solSize=LAYER=57 / layers=129  idx=40671 / solSize=12910628  idx=503111016550311129 / solSize= / layers=129 / layers=24 / solSize=  idx= / solSize=50311  idx= / solSize=

 / solSize=50311

  idx=50311
LAYER=3761 / layers=129129 / layers=129  idx=48560 / solSize=  idx=50311

LAYER=34 / layers=1292815111250311LAYER=5031174LAYER=LAYER=LAYER=3032735 / layers=129  idx=47587 / solSize=50311
LAYER= / layers=68  idx=  idx=4609812328LAYER=87 / layers=129  idx=27447 / solSize=50311
50311  idx= / solSize= / layers=  idx=58 / layers=
11795 / layers=129 / layers=12919987 / layers=25797 / solSize=50311
LAYER=77 / layers=129  idx=50311 / solSize=50311
LAYER=82 / layers=  idx= / solSize=LAYER=76 / layers=
46755
 / layers=129  idx=40340 / solSize=129 / layers= / solSize=  idx=3930712950311129  idx=36318 / solSize=
1295647 / solSize=50311
812650311 / solSize=LAYER=LAYER=LAYER=  idx=33689129  idx= / solSize=  idx=12591 / solSize=50311
LAYER=62 / layers=129  idx=38940 / solSize=50311LAYER=  idx=30037 / solSize=50311
  idx=103
 / solSize=50311
LAYER=32 / layers=LAYER=1294089 / layers=129  idx=26572 / solSize=50311
LAYER= / solSize=50311503115031150311LAYER= / solSize=3241923191 / solSize=50311 / layers=
129  idx=47251 / solSize=50311
LAYER= / solSize=948382 / layers=129  idx=
129


28647
LAYER=4950311121
104 / layers=129  idx=18070 / solSize=  idx=18534LAYER=50311106
5031130230 / solSize=  idx=LAYER=5749 / solSize=50311
50311 / solSize=129LAYER= / layers=50311
127LAYER= / solSize=LAYER=
LAYER=67 / layers=129 / layers= / layers=79 / layers=129  idx=31651 / solSize=50311
LAYER=119 / layers=129
LAYER=
  idx=33022 / solSize=50311
107129LAYER= / solSize=503114650311LAYER=118 / layers=129  idx=8284 / solSize=50311
LAYER=76 / layers=129  idx=33130 / solSize=50311
LAYER=129 / layers=129  idx=279 / solSize=50311
129  idx=50311LAYER=109 / layers=129  idx= / layers=  idx= / layers=LAYER=105 / layers=
LAYER=112 / layers=124LAYER= / layers=  idx=107
788514549129  idx=15709 / solSize=  idx=113 / layers=129  idx=11952 / solSize=50311

129 / solSize=129 / layers=129  idx=4419 / solSize=67129431087150311LAYER=LAYER= / solSize=25211 / solSize=50311
LAYER=5031136792 / solSize=503115031150311  idx=45406 / solSize=50311
129  idx=
129117 / layers=50311 / solSize=LAYER=
LAYER=

 / layers=LAYER=
6054  idx=  idx=16537 / solSize=  idx=96 / solSize=LAYER= / layers=
 / layers=LAYER=62 / layers=129  idx=38909 / solSize=50311
LAYER=82 / layers=129  idx=30139 / solSize=50311
129LAYER=113 / solSize=LAYER=5031143939 / solSize=LAYER=50311
129 / layers=5031150311LAYER=129LAYER=109LAYER=109 / layers=121
503118550311LAYER= / layers=  idx=958412703
128114 / layers=129
  idx=117 / layers=121 / layers=129  idx=14564 / solSize=50311
1656 / layers=LAYER=45 / layers=
 / layers=
49 / layers=LAYER= / solSize= / solSize=  idx=75LAYER=4754 / layers=129129129129  idx=6405 / solSize=50311
LAYER= / layers=129LAYER=129129LAYER= / layers=50311
11307129 / layers=  idx= / layers=129  idx=  idx=3501217 / layers=129  idx=49455129  idx=  idx=17018 / solSize= / layers=  idx=77107 / layers=129  idx=16010 / solSize=50311
LAYER=66LAYER=LAYER= / solSize=  idx=129895210411899 / solSize=  idx=5031112928677  idx= / layers=2292812943174 / solSize=50311
LAYER=123 / layers= / solSize= / solSize=79LAYER=50311
50311129 / solSize=36653  idx= / solSize=  idx=12950311
125 / layers=129  idx=31393 / solSize=50311
LAYER=76 / layers=129  idx=32809 / solSize=5031163
 / layers=

50311  idx=50311 / solSize= / solSize=6219 / solSize=129 / layers=LAYER=50311LAYER=44144 / solSize=LAYER=50311
14896LAYER=84 / layers=129  idx=29218 / solSize= / solSize=
LAYER=99 / layers=129  idx=20744 / solSize=5031150311
  idx=50311
503113358512912990 / layers=129
  idx=  idx=12615986 / layers= / solSize=
LAYER=LAYER=LAYER=
 / layers=1538 / solSize= / solSize=  idx=LAYER=5031110443639 / solSize=50311
LAYER=62 / layers=129  idx= / layers=129  idx=2400 / solSize=50311
LAYER=8350311129  idx=3199 / solSize=50311
LAYER=5 / layers=129  idx=50225 / solSize=50311
LAYER=5031112550311LAYER=37264 / solSize=50311
50311LAYER=102 / layers=129  idx=
67 / layers=129  idx=36958 / solSize=
  idx= / solSize=LAYER=127
  idx=102 / layers=
LAYER= / layers=
129100 / layers=129  idx=20216 / solSize=50311
5031150311LAYER=57 / layers=129  idx=40648387935250311LAYER=113 / layers=41647 / layers=129123 / layers=129129  idx=3583 / solSize=50311LAYER=  idx=LAYER= / solSize=
3846357 / layers=LAYER= / layers=  idx=129129  idx=  idx=4718
114 / layers=
32612 / solSize=50311
LAYER=95 / layers=129  idx=23439 / solSize=106 / layers=
LAYER= / solSize= / layers=50311129129 / layers=129129  idx=19120 / solSize=50311
LAYER=18995  idx=
29614 / solSize=50311LAYER=129LAYER=  idx=25980108 / solSize=1294682 / solSize=12850311
LAYER=69 / layers=  idx=
50311 / solSize=50311LAYER=
LAYER=125 / layers=129  idx= / solSize=95 / layers=129  idx= / layers= / solSize=50311
LAYER=LAYER=12950311LAYER=  idx= / solSize=  idx=
1259955129405765031152 / layers=129  idx=50311  idx=
LAYER=57 / layers=129  idx=40547 / solSize=50311
8721515031111094 / solSize=5031117627 / layers=129  idx=3300 / solSize=  idx=LAYER= / layers= / solSize=50311
LAYER=  idx=

LAYER=42 / layers=42176 / solSize=3199129 / layers=129  idx=27365 / solSize=17924 / solSize=


LAYER=119 / solSize=LAYER=11980 / solSize=50311 / layers=  idx=129LAYER=1174226411150311 / solSize=50311
LAYER=50311 / solSize=LAYER=503115031130
1271293587723305  idx=41080 / solSize= / layers=129
107 / layers=129  idx=15646 / solSize=50311
LAYER=102 / layers=12916419 / layers=103 / layers=LAYER=
 / layers= / layers= / solSize=128 / solSize=50311LAYER=129  idx=  idx=LAYER=129 / solSize=50311 / layers=
50311LAYER=129  idx=20995 / solSize=50311
50311
LAYER=108LAYER= / layers=119129 / layers=129  idx=47680 / solSize=50311

LAYER= / layers=  idx=50311102109LAYER=129  idx=13068 / solSize=12950311 / layers=89
129107  idx=1549612944917
 / layers=  idx= / layers=129  idx=14427 / solSize=8750311

33
129LAYER=
LAYER=96 / layers=129  idx=22790 / solSize=50311
LAYER=15210 / solSize= / solSize=  idx= / solSize=LAYER=129  idx=19288 / solSize=50311
19274LAYER=56 / layers=129  idx=LAYER= / layers=129  idx=2786050311  idx= / layers= / solSize=68  idx=936550311
LAYER=77 / layers=129  idx=32587 / solSize=5031194 / layers=54 / layers=129  idx=41596  idx=LAYER= / solSize=50311
1171LAYER=129LAYER= / layers=2202  idx= / solSize=902129  idx=15774 / solSize=  idx=791094 / solSize=50311
101 / solSize=90  idx=50311128 / layers=129  idx=1275 / solSize=LAYER=1297557 / solSize= / layers= / solSize=50311
LAYER=113 / layers=
 / layers=50311 / solSize=50311
 / solSize= / layers=129  idx=19611 / solSize=LAYER=503114082950311
26626LAYER=119 / layers=129  idx=7884 / solSize=  idx=
50311129  idx=23565 / solSize=50311
LAYER=129 / layers=129 / layers=5031150311
LAYER=
LAYER=10018414LAYER=
129 / solSize=
50311129

LAYER= / solSize= / solSize= / solSize= / layers=50311LAYER=7950311
50311
  idx=23595 / solSize=50311
LAYER=LAYER= / layers=LAYER=LAYER=12918503119350311

LAYER=LAYER=9076LAYER=12950311
  idx=36347LAYER=7326 / layers=129  idx=10548222 / layers=12953  idx=723 / solSize=50311
 / layers=LAYER=56 / layers=8794 / layers=75 / layers=129  idx=33626 / solSize=50311  idx=
4705779 / layers=129  idx=31655 / solSize=50311
 / layers=129LAYER= / layers=82 / layers= / layers=129  idx=27833 / solSize=50311 / layers=129  idx=31735 / solSize=50311

LAYER=15 / layers=12920342 / layers=50311 / solSize=129  idx=129129  idx= / layers=129  idx=
30129 / solSize=129129  idx=LAYER=LAYER=
LAYER=111 / layers=129  idx=13208 / solSize=50311
LAYER=129  idx=25781 / solSize=50311
 / solSize=50311 / layers=96LAYER=  idx=2588511890 / solSize=LAYER=  idx=  idx=LAYER=105 / layers=129  idx= / solSize=50311116
32933  idx= / layers=129  idx=12949379 / solSize=50311
 / solSize=50311

50311105503114187017413 / solSize=5350311
LAYER=LAYER=LAYER=24048 / solSize=50311
LAYER=78 / layers=129  idx=  idx=22690 / solSize=50311
  idx=LAYER=89
LAYER=
 / layers=LAYER=37 / layers=129  idx=46289 / solSize=  idx=
 / solSize=129 / solSize=109LAYER=1284967365661163218040837LAYER=88 / layers=129  idx=LAYER=585031134445 / solSize=50311
17395LAYER= / layers=  idx= / layers=67 / layers=129 / layers=129  idx=1032 / solSize=50311 / solSize=50311
 / layers= / solSize= / layers= / layers=9527319 / solSize=50311 / layers= / solSize=LAYER=109 / layers=129 / layers=129  idx=41913 / solSize=  idx=129129  idx=3750150311129  idx= / layers=
485031124324 / solSize=  idx=129  idx=14672 / solSize=50311
129LAYER=20 / layers=129  idx=3700550311 / solSize=  idx=
LAYER= / layers=1291005550311LAYER=106 / layers=129  idx=16746 / solSize=50311

 / layers=50311LAYER=  idx=26771 / solSize=
14572 / solSize=50311
LAYER=117 / layers=129  idx=8895
 / solSize=50311LAYER=
5031172 / solSize=5031112970  idx= / solSize=LAYER=113
129
5031150311
17261  idx=LAYER=129 / layers=129LAYER=  idx=
50311 / layers=64 / layers=129  idx=37895 / solSize=
 / layers=
LAYER=65 / layers=LAYER=LAYER= / solSize=LAYER= / solSize=  idx=23036LAYER=71 / layers=129  idx=35017 / solSize=
LAYER=LAYER=50311 / solSize=50311
LAYER=LAYER=54129  idx=34922 / solSize=50311
129920 / layers=129  idx=49116
50311129124LAYER=58 / solSize=40347 / solSize=50311
93LAYER=102 / layers=129355124908350311
LAYER=75  idx= / solSize=LAYER=39  idx= / layers=129  idx=3860 / solSize= / layers=50311
LAYER=120 / solSize=120  idx=129LAYER= / layers= / layers=129  idx=33461 / solSize=50311
10134124LAYER=
37406 / layers=118129  idx=40076 / solSize=50311
 / layers=50311101  idx=  idx=37807
12990 / layers=5031150311 / solSize=50311 / layers=
LAYER=68 / layers=129  idx=36441 / solSize=50311
43407 / solSize=12121LAYER=50311 / solSize= / layers=
LAYER=31 / layers= / layers=50311

LAYER=129 / layers=129 / solSize= / solSize=1938888107
129LAYER=129  idx=47443 / solSize=50311
 / solSize=24LAYER=  idx=24622 / solSize=LAYER= / layers=
LAYER=50311
LAYER= / solSize=LAYER=  idx=101 / layers=5031150311 / layers=50311
LAYER=104 / layers=129  idx=17738 / solSize=12950311 / layers=
129  idx=  idx=123 / layers=129  idx=4612 / solSize=50311
  idx=129LAYER=50311129100 / layers=50311 / layers=45781 / solSize=50311
 / layers=
129
129LAYER=  idx=LAYER=10750041 / solSize=50311
LAYER=  idx=6775 / layers=129  idx=0 / solSize=50311
LAYER=129 / layers=
LAYER=129129107  idx=19733 / solSize=50311
LAYER= / layers=11599 / layers=129  idx=20743 / solSize=50311
12912941459 / solSize=129  idx=20102 / solSize=50311
LAYER=109LAYER=124LAYER=  idx=  idx=19772110 / layers=129  idx=13743 / solSize=50311
61129LAYER=  idx=  idx=12950311
 / solSize=50311
LAYER= / layers=11650311  idx=104 / layers=12926117 / solSize=50311
1294852927118LAYER= / layers=  idx=LAYER=128 / layers=129  idx=8860  idx=97 / solSize=50311
LAYER=129 / layers=129LAYER=LAYER=

 / layers=LAYER=15829 / solSize=10750311
 / layers=LAYER=  idx= / solSize=113 / layers=159656804  idx=85 / solSize=12974 / layers=64 / layers=1291491  idx=92 / layers=50311
LAYER=124 / layers= / layers= / solSize= / solSize=8850311
 / layers= / layers=38  idx=4136 / solSize=50311129129  idx=11843 / solSize=LAYER=12950311129LAYER= / layers=129129  idx=27303 / solSize=50311
LAYER= / solSize=129  idx=28741129  idx=12919412938160 / solSize=50311
LAYER= / layers=LAYER= / solSize=129  idx=10450311  idx= / layers= / solSize=50311
LAYER=90 / layers=129  idx=2581734062  idx=
63  idx=12950311  idx=
 / layers=  idx=
5031150311  idx=15730 / solSize=50311
LAYER=LAYER=12915802
LAYER=14460
 / solSize=1291032490 / layers=129  idx= / solSize=50311
LAYER=90 / layers=129  idx=26091LAYER=115 / solSize=50311
LAYER=108 / layers=129  idx=LAYER=1524150311 / layers=  idx=  idx= / solSize=25913 / solSize=50311
  idx=56 / layers=129  idx=40899 / solSize=50311
LAYER=59 / layers=129  idx=39768 / solSize= / layers=10157 / solSize= / solSize=17735LAYER=  idx=88 / solSize=113 / solSize=

129 / solSize=5031145932345031139322LAYER= / solSize= / layers=129  idx=26836 / solSize=50311
LAYER=27 / layers=1295031150311 / layers=5031118049105
4488LAYER= / solSize= / solSize=9512954
50311
  idx=
50311LAYER=50311129 / solSize=50311
 / layers=LAYER=
102 / layers=129  idx=50311LAYER=  idx= / layers= / layers=LAYER=
LAYER=119 / layers=
129  idx=1298111624892  idx=3843077 / layers=3899129
 / solSize=LAYER=8153LAYER=117 / layers=129  idx= / layers=129  idx=9659 / solSize=  idx= / layers= / solSize=
 / solSize= / solSize=50311
129LAYER=36 / layers=129  idx=46398 / solSize=50311
10723LAYER=71105 / solSize=5031117137 / solSize=50311
LAYER=10612192 / solSize=50311
 / solSize=LAYER=37 / layers=129  idx=46196 / solSize=50311
LAYER=118 / layers=50311129
129  idx=LAYER=3050512612950311
LAYER=  idx=191235031112277 / layers=129  idx=17059 / solSize=50311
  idx=50311
50311LAYER=50311 / solSize= / layers=129  idx=2916 / solSize=50311
 / layers=LAYER=129 / layers=129  idx=LAYER= / solSize=50311 / solSize=
 / layers= / layers=129  idx=32572 / solSize=50311
LAYER=78 / layers=129  idx=32019 / solSize=50311
  idx=
23068 / layers=90
50311
LAYER=46796114 / layers=290110 / layers=
 / layers=48154129  idx=LAYER= / solSize=50311
1299559 / layers=129LAYER=98129 / solSize=50311
LAYER=129 / layers=12950311129  idx=35231 / solSize=50311
LAYER=60 / layers=LAYER=LAYER=41599 / solSize=  idx=50311
120 / layers= / solSize=50311
LAYER=  idx=32635 / solSize=129  idx=25964 / solSize=
84 / layers=129  idx=29161 / solSize=50311 / solSize=
 / layers=  idx=11132 / solSize=50311
LAYER=  idx=387 / solSize=LAYER=LAYER= / solSize=50311LAYER=28 / layers=129  idx=47992 / solSize=50311
LAYER=60 / layers=129  idx=3964750311
50311LAYER=125 / layers=129  idx=3471 / solSize=LAYER=LAYER=129  idx=74
12944 / layers=129  idx=44452 / solSize=50311
111 / layers=129  idx=13204 / solSize=50311
LAYER=50311LAYER=106 / layers=129  idx=16516 / solSize=50311

LAYER=LAYER=119 / layers=129  idx=7987 / solSize=503112011950311 / solSize=50311
129129  idx=  idx=LAYER= / layers=129  idx=33774 / solSize=50311
LAYER=71  idx=8271LAYER=115 / layers=129
LAYER= / layers= / layers=
LAYER=LAYER=35 / layers=129  idx=46562 / solSize=50311
127  idx=21626 / layers=129  idx=35021 / solSize=50311
LAYER=39475 / solSize= / solSize=  idx=10654 / solSize=50311
LAYER=77 / layers=12956129 / layers=129  idx=484 / solSize=50311

129  idx=49062 / solSize=50311
LAYER=42 / layers=129  idx=44955 / solSize=50311
50311591814284 / solSize=50311
LAYER=120 / layers=12916378LAYER=50311

50311
  idx=925710 / layers=129  idx=LAYER=114 / layers=LAYER=121LAYER= / layers=LAYER=
 / solSize= / solSize=  idx=LAYER=LAYER=LAYER=121 / layers=129  idx=6613 / solSize=50311
LAYER=102 / layers=129  idx=18994 / layers=129  idx=25121 / solSize=50311
LAYER=120 / layers=129  idx=41008LAYER=12981109109 / layers=503111163812495LAYER= / solSize=  idx=129 / layers= / layers= / layers= / layers=
 / layers= / layers=7031129  idx=49310 / solSize=503117210 / layers= / solSize= / layers=  idx=5031176799828  idx=6925 / solSize=50311129  idx=6693 / solSize=50311
LAYER=LAYER=129 / solSize= / solSize=50311
LAYER=129 / solSize= / layers=1295031132378
126 / layers=129
  idx=10006 / solSize=50311
LAYER=75 / layers=5031112950311
LAYER=46 / layers=129  idx=  idx=
12950311129129  idx=14670 / solSize=50311
 / solSize=LAYER=129LAYER=LAYER= / layers=129  idx=580 / solSize=50311
 / layers=LAYER=1294083  idx=47985129

LAYER=  idx=2097  idx=129
74 / layers=129  idx=33842  idx=46019 / solSize=50311 / solSize=  idx=LAYER=  idx=64 / layers=LAYER= / solSize= / solSize=  idx=2565121LAYER=129129 / solSize=
 / solSize=1350311 / layers=129  idx=231911175031139895  idx= / layers=LAYER=  idx=21366 / solSize=50311
 / layers=LAYER=99LAYER= / layers=5031144037
 / solSize=102129  idx=38014 / solSize=50311
LAYER= / layers=12950311113129  idx=5031112050311 / solSize=50311
11475
LAYER=50 / layers=129  idx=42764 / solSize=5031150311 / solSize= / layers=30787
94129
335663921036
 / layers=
129107
 / layers=
LAYER=9750311 / solSize=83 / layers=LAYER=101 / layers= / solSize=50311LAYER=LAYER=LAYER=81 / layers=129  idx=14418 / layers=129  idx=15777 / solSize=LAYER=129 / layers=129  idx=22238 / solSize=50311129
LAYER=94 / layers=129  idx=23967 / solSize=50311LAYER= / layers=129129 / layers=129  idx=19455 / solSize=129  idx=
77LAYER=51 / layers=129  idx=42371 / solSize=50311
 / solSize=61  idx= / solSize=50311110  idx=  idx=50311
LAYER=122 / layers=129
  idx=530012950311 / solSize= / layers=50311  idx=503117086LAYER= / layers=129  idx=14070 / solSize=50311

LAYER=74 / layers=129  idx=33757 / solSize=50311
LAYER=128 / layers=12949810 / solSize=50311
LAYER=LAYER=122 / layers=129  idx=5836 / solSize=50311
LAYER=4 / layers=12995  idx=677 / solSize= / solSize=50311  idx=50311
LAYER=129  idx= / layers=29661 / solSize=50311

LAYER= / solSize=85 / layers=129  idx=28706 / solSize=50311LAYER=124  idx= / layers=129  idx=4459 / solSize=50311
LAYER=
6662 / solSize=LAYER=50311
  idx=  idx=

LAYER=118 / layers=5031118864 / solSize=12850256LAYER=105 / layers=1085031178 / layers=129  idx=31888 / solSize=50311
117 / layers=9493 / solSize=50311129LAYER=58 / layers=LAYER=
30755
50311
LAYER=94 / layers=129  idx= / solSize= / layers=129
LAYER=
LAYER=128 / layers=129  idx=785 / solSize=50311
LAYER=98 / layers=129  idx=21461 / solSize=50311 / layers=45833  idx=LAYER=129106 / layers=129  idx=16804 / solSize=50311
LAYER=LAYER=68 / layers=129  idx=36636 / solSize=50311
12002 / solSize= / layers=9623571129LAYER=  idx=122
LAYER=127 / layers=32576 / solSize=  idx=129  idx=115 / solSize=50311
LAYER=50311129129  idx=116 / solSize= / layers=129 / solSize=5031139007  idx=40305
 / layers=108 / layers=129  idx=15514 / solSize= / layers=  idx=1411 / solSize=  idx=173448602 / solSize=50311
LAYER= / solSize=113150311
50311LAYER=1299163
Update boundaries
5031150311
LAYER=28 / layers=129  idx= / solSize=50311
55LAYER=27 / layers=129  idx=48099 / solSize=50311
LAYER=86 / layers=129  idx=27972
50311  idx= / solSize=LAYER= / solSize=50311
LAYER= / layers=129LAYER=
129
LAYER=79 / layers=129  idx=31790 / solSize=1292252 / solSize=50311
  idx=LAYER=23372
50311 / layers=LAYER=129  idx=  idx=124UPDATE VOLTAGE START82 / layers=129  idx=  idx=30191 / solSize=50311  idx= / solSize=978348040 / layers=50311LAYER=28129  idx=10337 / solSize=50311
9597
2293850311 / solSize=23821 / solSize=50311
LAYER=56 / layers=129  idx=40910 / solSize= / layers=50311

 / layers=LAYER= / layers=1297789 / solSize=LAYER=[BC] updateElectrodeVoltage(0) V=128 / solSize=50311

 / solSize=503110 / solSize=50311129LAYER=  idx= / layers=129  idx=32585 / solSize=50311
5435 / layers=129  idx=26687 / solSize=5031115111 / layers=LAYER=50311LAYER= / layers=12950311

LAYER=91 / layers=129  idx=25375 / solSize=47942LAYER=
 / solSize=50311129LAYER=27 / layers=129  idx=48167 / solSize=50311
LAYER=65 / layers=129  idx=37734 / solSize=50311
LAYER=49 / layers=129  idx=4313388129
LAYER=
123LAYER=10750311
LAYER=111 / layers=129  idx=11250311 / solSize=50311
 / solSize=LAYER=112 / layers=129  idx=12479 / solSize=50311
LAYER=78 / layers=129  idx=32251 / solSize=  idx=106 / solSize=129  idx=
LAYER=LAYER=LAYER=126 / layers=119129  idx=824594 / solSize=50311
 / layers= / layers=  idx=1312250311
50311LAYER=41307  idx=503114246 / solSize=LAYER=63 / layers=59129  idx= / layers=129
22069 / solSize=50311
99LAYER= / solSize=34  idx=
LAYER= / layers=
99 / layers=129  idx=38262 / solSize=50311
 #verts= / layers= / layers=129  idx=3017 / solSize= / layers=  idx=

96 / layers= / layers=67129 / layers=LAYER=12843129  idx=12950311129  idx=30367 / solSize=50311
LAYER=LAYER=8215796 / solSize=LAYER=1291292946950311LAYER=LAYER= / solSize=12950311  idx= / solSize=LAYER=11181950311
LAYER=124 / layers=72 / layers=93
26862129 / solSize= / layers=39788
129 / layers=129 / layers=129  idx=24609 / solSize=50311
LAYER=  idx=20685 / solSize=50311
50311129 / solSize=  idx=LAYER=93129  idx=126  idx=  idx=LAYER=80
5050311
LAYER=89 / layers=129  idx=262835031156 / layers=129  idx= / layers=LAYER= / layers= / solSize= / layers=817268 / layers=129  idx=36489 / solSize=5031150311
79
LAYER=[BC] solutionVector finite after write?   idx=  idx=
126 / layers=129  idx=467971291673522894 / solSize=LAYER=121
 / layers= / solSize=  idx=yes36746
UPDATE VOLTAGE END 
 / solSize=49255 / solSize=50311
  idx=4133 / solSize= / layers=LAYER=91 / layers=129  idx=  idx= / layers= / solSize=12950311 / layers= / solSize=129LAYER=12921073UPDATE VOLTAGE START114 / solSize=50311
LAYER=127 / layers=5031112940914269525506 / solSize=50311
LAYER=39 / layers=129 / solSize=LAYER=50311
5031185 / solSize=50311
[BC] updateElectrodeVoltage(1
2685
LAYER=91 / layers=129  idx=25300 / solSize= / solSize=129 / solSize=5031150311
  idx=LAYER=55 / layers=129  idx=41124 / solSize=  idx=
59 / layers=129  idx=28527 / solSize=50311

LAYER= / solSize=50311LAYER=109 / layers=129  idx=14479 / solSize=50311
  idx=  idx=1620 / solSize=50311
LAYER= / solSize=  idx=
5031150311129
  idx=LAYER=63 / layers=129  idx=38538 / solSize=50311
LAYER=80 / layers=LAYER=LAYER=116 / layers=129  idx=10099 / solSize=50311
5031153 / layers=LAYER=129  idx=4195134675) V=50311
1292433550311
LAYER=125 / layers=129  idx=3358 / solSize=  idx=50311
LAYER=122 / layers=129  idx=5766 / solSize=50311
658912910450311LAYER=62 / layers=
 / layers=3091074 / layers=12986
 / solSize= / solSize=50311
LAYER= / solSize=
45768 / solSize=5031129895LAYER= / layers= / solSize=129LAYER=LAYER=LAYER=129  idx=
50311LAYER=91 / layers=129  idx=25476 / solSize=50311
LAYER=55 / solSize=1120.387838  idx=129  idx=17925 / solSize=50311
LAYER=4 / layers=50311  idx=39931 / solSize=50311
LAYER=77 / layers=129  idx=32388128
 / layers=LAYER= / layers= / layers=  idx= / layers=33798 #verts= / solSize=129  idx=50261 / solSize=50311
LAYER=72 / layers=123 / layers=129  idx=28073 / solSize=
115115129 / layers=  idx=31031129  idx= / solSize=129  idx=12610 / solSize=50311
LAYER=316045031150114LAYER= / layers=129  idx=4797 / solSize= / solSize=LAYER=12950311LAYER=90 / layers=129  idx= / layers= / solSize=50311  idx=10548 / solSize=50311126 / layers=129  idx=2324 / solSize= / solSize=50311
50311LAYER=1295031176 / layers=129  idx=  idx=

12950311
LAYER=
98 / layers=LAYER=12950311

5031183  idx=
1159333178LAYER=50 / layers=
LAYER=5031112954 / layers=  idx=
LAYER=104 / layers=129  idx=17826 / solSize=50311
LAYER=LAYER=38898
3941299LAYER= / layers= / solSize=50311
 / solSize=1140LAYER=[BC] solutionVector finite after write? yes  idx=45
LAYER=92 / layers=129  idx=25116 / solSize=50311
LAYER=122 / layers=129  idx=129  idx=10695 / solSize=503112599785125LAYER= / layers= / solSize=50311
121LAYER=50311
127 / layers=129  idx=1732 / solSize= / solSize=129LAYER= / layers=LAYER=  idx=
2178712910534LAYER=50311 / solSize=2412962 / solSize=41668LAYER=117 / layers=129  idx=129
 / layers=129  idx=16996 / solSize= / layers=
503118150311
LAYER=74 / layers=129  idx=33881 / solSize=50311
LAYER=79 / layers=129  idx=31576 / solSize=50311
LAYER=23 / layers=129  idx=4870250311
LAYER=
 / layers=50311 / solSize=  idx=50311
LAYER=106 / layers=129  idx=16777 / solSize=50311
LAYER=35 / layers=  idx=129129
 / layers=
5654  idx=50311  idx=12934716LAYER= / layers=42738 / solSize=5031111656127 / layers=  idx=46865 / solSize=50311LAYER=LAYER=LAYER=129 / solSize=29658 / solSize=50311

  idx=48522 / solSize=50311
LAYER=105 / layers=129  idx=121 / solSize=9524 / solSize=

97 / solSize=83 / layers=129  idx=
  idx=50311LAYER=80 / layers=129  idx=31146 / solSize= / layers=17009 / solSize=50311
 / layers=129UPDATE VOLTAGE END LAYER= / layers=297045031146535 / solSize=LAYER=112 / layers=129  idx=12824 / solSize=50311
LAYER=84 / layers=129  idx=29231 / solSize=50311
 / layers=5031112996 / solSize=LAYER=50311
LAYER=87 / layers=129  idx=27382 / solSize=50311LAYER=50311
 / layers=LAYER=78 / layers=129  idx=  idx=32053 / layers=129  idx= / solSize=5031121971 / solSize=  idx=50311
LAYER=126 / layers=129  idx=3008 / solSize=50311
LAYER=50311129LAYER=
LAYER=93 / layers=129  idx=24580 / solSize=  idx=50129129
129
 / solSize=30406 / solSize=503118678 / layers=3683 / solSize=50311
50LAYER=100 / layers=129  idx=20282 / solSize=50311  idx=
  idx=38957 / solSize=50311
28814LAYER=UPDATE VOLTAGE START / solSize=LAYER=44 / layers=  idx=129
  idx=
 / layers=12997 / layers=44314
LAYER=87 / layers=129  idx=27574 / solSize=50311
5031150311  idx=LAYER=107 / layers=6041 / layers=  idx=129 / solSize=129LAYER=
1638
LAYER=21 / layers=129  idx=49004 / solSize=50311
LAYER=90 / layers=
[BC] updateElectrodeVoltage(
 / solSize=129 / layers=1296231  idx=84 / solSize=LAYER=102 / layers=129 / layers=45685LAYER=50311
  idx=16125 / solSize= / solSize=129  idx=42914 / solSize=50311
129LAYER=  idx=107 / layers=129  idx=16089 / solSize=50311
LAYER=81 / layers=12950311 / layers= / solSize=50311
LAYER=11650311  idx= / solSize=LAYER=129  idx=42796 / solSize=
76LAYER=250311
  idx=LAYER=32230 / solSize=2835644569129  idx=29099 / solSize=50311
LAYER=119 / layers=129  idx=12950311
LAYER=LAYER= / layers=
  idx=50311105 / layers=129  idx=1724950311
LAYER=126 / layers=129  idx=2946 / solSize=5031150311) V=121 / layers=2188950311
LAYER=LAYER=89 / layers=129  idx=26284 / solSize=50311
8155 / solSize=  idx=50311
129  idx=9859 / solSize=

 / solSize=50311 / layers=
LAYER=22801129 / solSize=LAYER=589925815LAYER=LAYER=50311 / solSize=

LAYER=97  idx=503116514 / solSize=107 / layers=129  idx=15688 / solSize=1903643 / layers=129 / layers= / solSize=43LAYER=106 / layers=129  idx=50311
LAYER=  idx= / solSize=70 / layers=129  idx=35645 / solSize=
 / solSize=50311
 / layers= / solSize=50311
LAYER=110  idx=50311 / layers=129  idx=44853 / solSize=50311
50311LAYER=12016712LAYER=91 / layers=129  idx=25330 / solSize=50311
LAYER=LAYER=50311
LAYER=120 / layers=129  idx=683950311 / layers=
LAYER=90 / layers=12912924 / layers=5031120763
LAYER=72-0.0333617
 / layers= / solSize=503119348 / layers=129  idx=43485 / solSize=50311
LAYER=105 / layers=129  idx=LAYER= / solSize=129  idx=22272 / solSize=50311
LAYER=129LAYER=  idx=129129  idx=13894 / solSize=50311

LAYER= / solSize= / layers=8430447
 / layers=17242120 / layers=
50311
LAYER=41 / layers=129  idx=45253  idx=2588433 / layers=129  idx=46985 / layers=44744LAYER=11974 #verts=50311
50311 / layers=LAYER=129  idx= / solSize=50311
LAYER=81 / layers=LAYER=  idx=LAYER= / solSize= / solSize=129 / solSize=50311LAYER= / layers=129  idx=11151
129129  idx=29150 / solSize=50311
113LAYER=73 / layers=129  idx=12933103 / solSize=50311LAYER=50311
LAYER=5031165  idx= / layers=
33817 / layers=129  idx=13037 / solSize=50311
LAYER=114 / layers= / solSize=
1042439934128 / solSize=50311
129[BC] solutionVector finite after write?   idx=30863 / solSize=50311
78
60 / layers=40158129  idx=37824 / solSize=5031161 / solSize=129  idx=50311 / layers=
LAYER=41 / layers=LAYER=60yesLAYER= / layers=129  idx=129LAYER=126LAYER=129 / layers=50311
  idx= / layers=LAYER= / solSize= / layers=129  idx=17591 / solSize=50311
  idx=32289  idx= / layers=76  idx=  idx=7850 / solSize=50311
LAYER=81 / layers=129  idx=39186 / solSize=50311
LAYER=71 / layers=129  idx=35072 / solSize=50311
12934613 / solSize=
36 / layers=129  idx=46340 / solSize=50311109 / solSize=1296824 / solSize=50311
 / layers=606770 / solSize=50311LAYER=129  idx=30400 / solSize=50311
 / solSize=

UPDATE VOLTAGE END 
UPDATE VOLTAGE START
[BC] updateElectrodeVoltage(50311
48594LAYER=12950311LAYER=50311
  idx= / layers=LAYER= / solSize=129110893) V=
 / layers=LAYER=117 / layers=129 / solSize=50311  idx=
44129 / layers=
76LAYER=50311LAYER=1.20729 / solSize=50311
LAYER=89 / layers=129  idx=26812 / solSize=LAYER=129LAYER=  idx=7012939404LAYER=3960772 / layers=129  idx=34929 / solSize=50311
  idx=
LAYER=92 / layers=129  idx=108 #verts=50
50311106829531 / solSize=50311
LAYER=110 / layers=129  idx=  idx=LAYER=
 / layers=  idx=246922835 / solSize=5031150311 / layers=129  idx=15595 / solSize=50311
LAYER=95 / layers=129  idx=234865714167109 / layers= / layers=45233 / solSize=64 / solSize=  idx= / layers=129  idx=40648 / solSize=50311
LAYER=115 / layers=129 / solSize=  idx=5031110515 / solSize=
129  idx=44578 / solSize=129  idx=35530 / solSize=
 / solSize=50311
LAYER=129 / layers=12950311
39578LAYER=28 / layers=129  idx=47975 / layers=[BC] solutionVector finite after write?   idx=129LAYER=LAYER=116 / layers=129  idx=9784 / solSize=50311
LAYER=120 / layers=129  idx=50311LAYER=10556 / layers=129
  idx=
 / solSize=  idx=38171 / solSize=50311
LAYER=118 / layers= / solSize= / solSize=50311
50311LAYER=yes
UPDATE VOLTAGE END 
UPDATE VOLTAGE START
[BC] updateElectrodeVoltage(129  idx=120331726838
LAYER=1027750311  idx=32927 / solSize=LAYER=12950311 / layers=
8714417 / layers=129  idx= / layers=27349 / solSize=50311
LAYER=82 / layers=129  idx=30300 / solSize=50311
LAYER=74 / layers=129  idx=33876 / solSize=50311
  idx= / solSize= / solSize=LAYER=50311
 / layers=4 / layers= / solSize=5031150311
  idx=
129LAYER=  idx=14441 / solSize=50311
LAYER=89 / layers=129  idx=26482 / solSize=129LAYER=50311LAYER=50311LAYER= / layers=129) V=
-1.00254
12152LAYER=118 / layers=12940941 / layers=50311  idx=29909 / solSize=50311
LAYER=84 / layers=129113 / layers=129
129129  idx=129
1656850311LAYER= / solSize=129  idx=32546
LAYER=121112LAYER=  idx=18944 / solSize=50311
LAYER= #verts=LAYER=121  idx=
LAYER=88335031117028 / solSize= / solSize=119LAYER= / layers=  idx= / solSize=506767  idx=42 / solSize=5031150311 / layers=7412129378 / solSize=50311
LAYER=129  idx=50311
LAYER=66 / layers=129  idx=37258 / solSize=50311  idx=LAYER= / solSize= / layers= / solSize=11674 / solSize=50311
LAYER=11250311
 / layers=LAYER=113 / layers=129  idx=12262 / solSize=50311
129
 / layers= / layers=129  idx=33957 / solSize=5031112591
1148633 / solSize=50311
 / layers=5031110350311
LAYER=
47129  idx=6339
LAYER=58 / layers=129  idx=40098 / solSize=50311
LAYER=55 / layers=129  idx=41135 / solSize=50311
LAYER=76 / layers=12982 / layers= / solSize=94
129LAYER=122129
LAYER=62 / layers=129  idx=38708[BC] solutionVector finite after write? 54LAYER=
 / layers=LAYER=  idx= / layers=129  idx=50311 / layers=106  idx=LAYER= / solSize=50311
LAYER=119 / layers=129  idx=yes / layers=LAYER=LAYER=897814  idx= / layers=129 / layers=  idx=29 / layers=12976994502711588 / solSize=73 / layers=129  idx=34524 / solSize=50311
 / solSize=129  idx=41538 / solSize=50311
 / layers=129  idx=26359 / solSize=129LAYER= / solSize=129  idx=23736  idx=129  idx=16412 / solSize=50311
534129
 / solSize=50311
 / solSize=50311
92LAYER=49 / layers=129  idx=43023 / solSize=50311
LAYER=83LAYER= / layers=50311 / layers= / solSize=18685 / solSize=50311
LAYER=  idx=LAYER=50311 / layers=
LAYER=97105 / layers=129129
503115031150311
LAYER=52 / layers=129  idx=115LAYER=UPDATE VOLTAGE END   idx=3032412999LAYER= / solSize=129  idx=29466 / solSize=50311
126  idx=12632 / solSize=50311
  idx=
LAYER=

LAYER=84 / layers=129  idx=29175 / solSize=50311
LAYER=91 / layers=129  idx= / solSize=104
UPDATE VOLTAGE START
[BC] updateElectrodeVoltage(5) V=47779-1.48175 / solSize= / solSize=  idx=24705 / solSize=50311 / layers= / layers= / layers=32762 / layers=LAYER=LAYER=123LAYER=129 / layers=5031150311
 / layers=50311129  idx=21030 / solSize=50311
LAYER=129 / solSize=12950311533042269589888 / layers=129  idx=27023 / solSize=50311
LAYER=115 / layers=129  idx=10724 / solSize=50311
LAYER=114 / layers=129  idx=11645 / solSize=5031125276 / layers=129  idx=129  idx=43626 / solSize=50311
68 #verts=
  idx=
LAYER=LAYER=95 / layers=129  idx=23265 / solSize=50311
LAYER=116 / layers=129  idx=9921 / solSize=  idx=
  idx= / solSize=50311
 / solSize= / layers=129  idx=21649 / solSize=5031150311
23 / layers=LAYER=1291006527 / solSize=50311
4838LAYER=129LAYER=503112196517188

50311
LAYER=82 / layers= / layers=12999  idx= / layers= / solSize=
  idx= / solSize=50311
89LAYER=116 / layers=129  idx=
LAYER=94LAYER=55 / layers=129  idx=41087 / solSize=50311
 / layers=129  idx=29993 / layers=50 / layers=129129  idx=40260 / solSize=9010497 / solSize=50311
LAYER=9821 / solSize=50311126 / layers= / layers=  idx=129
129503116165  idx=48658 / solSize=50311
LAYER=127 / layers=129 / layers= / layers=LAYER= / solSize= / solSize=LAYER=129129  idx=24039 / solSize=50311
 / solSize=  idx=18157 / solSize=50311
129LAYER=  idx=50311129  idx=261719772[BC] solutionVector finite after write? 57 / layers=129  idx=40449 / solSize=  idx=5031150311LAYER=120 / layers=129
  idx=239520 / solSize=  idx= / solSize= / layers=50311yes / solSize=50311
2623LAYER=  idx=7160 / solSize=50311
LAYER=85 / layers=129  idx=28777 / solSize= / layers=20188 / solSize=50311

LAYER=1987 / solSize=50311
LAYER=25 / layers=129  idx=48438129  idx=21941 / solSize=50311
50311
UPDATE VOLTAGE END 
UPDATE VOLTAGE START
[BC] updateElectrodeVoltage(129LAYER=
9136424LAYER=LAYER=129LAYER=
 / solSize=50311
LAYER=
6) V= / layers=-0.5069 #verts=51
[BC] solutionVector finite after write? 70 / layers=LAYER=50311LAYER=LAYER=41 / layers=129  idx=45188 / solSize=50311
LAYER=52 / layers=  idx=LAYER=5031169LAYER=120 / solSize=  idx=yes79 / layers=129  idx=31444
 / layers=LAYER=124 / layers=129  idx=4362 / solSize=50311
LAYER=101
96129 / solSize=
 / layers=9650311  idx=12950311
UPDATE VOLTAGE END 
UPDATE VOLTAGE START
[BC] updateElectrodeVoltage(7) V=
10512913LAYER= / layers=128129LAYER=129 / layers=
LAYER=20737 / layers=LAYER= / layers= / layers=LAYER=129  idx=22608  idx=85 / layers=129  idx=28784 / layers=49057129 / solSize=7624 / layers=12996  idx=129  idx= / layers= / solSize=50311  idx= / solSize=LAYER=12950311129  idx= / layers=129  idx=22630 / solSize=503112532992  idx=49804 / solSize=5031135497129  idx=1233 / solSize=50311 / solSize=
36158  idx=50311
 / layers=1.43567  idx=129  idx= / solSize=50311 / layers=34776 / solSize=
503119542259
 / solSize=  idx= #verts=5019538LAYER=  idx=17384 / solSize=
22674 / solSize=50311
129LAYER=76 / layers=129  idx=33172 / solSize= / solSize=50311LAYER=129 / layers=129  idx=
50311
LAYER=LAYER= / solSize=
 / solSize=7000 / solSize=50311
LAYER=127 / layers=129  idx=2259 / solSize=50311
LAYER=84 / layers=129  idx=29269 / solSize=50311LAYER=18 / layers=129  idx=49337 / solSize=
63 / layers=129  idx=

119111 / layers= / solSize=[BC] solutionVector finite after write? yes
UPDATE VOLTAGE END 
[RUN] begin: sol size=50311
[RUN] solutionVector finite at entry? yes
48542503112321950311LAYER=5031150311
85LAYER= / layers=129  idx=38259 / solSize=50650311LAYER=LAYER= / layers=129 / solSize=  idx=5031150311
LAYER=75 / layers=129  idx=33625 / solSize=50311
 / solSize=
64 / layers=LAYER= / layers=129  idx=28887 / solSize=50311

503111191295712950311LAYER=LAYER=50311129
LAYER=
50311 / layers=
2653324943  idx=
 / solSize=
LAYER=
  idx=

  idx=119 / layers=77LAYER=LAYER= / solSize=LAYER= / layers=110LAYER=46 / layers=129  idx=43890 / solSize=50311
LAYER=LAYER=92 / layers=LAYER=129  idx=69
  idx=11850311LAYER=50311 / layers=LAYER=47 / layers=129  idx=43607 / solSize=37995113 / layers=10770 / layers=129  idx=35542 / solSize= / layers=50311129
LAYER= / layers=25168

 / solSize=13173129129129 / layers=328607570  idx=7483LAYER=LAYER=64 / layers=129  idx=38034 / solSize=5031112950311
  idx=  idx= / solSize=120 / layers= / solSize=129LAYER=50311125 / layers=129  idx= / solSize=
3595LAYER=92 / layers=129 / layers=  idx=39LAYER=7991 / solSize=50311
36081LAYER=48 / layers= / layers=1295031150311
LAYER=128 / layers=  idx=129
LAYER=112 / layers=129  idx=12871 / solSize=50311LAYER= / layers=  idx=40401  idx=32415 / layers= / solSize=12950311
LAYER=81 / layers=129  idx=30447 / solSize=50311
LAYER=115
113  idx=129
13751 / solSize=50311
50311LAYER=6485 / layers=129  idx=28625 / solSize=50311
LAYER=114 / layers=129 / solSize=1297967 / solSize= / solSize=50311
LAYER=34 / layers=100129 / solSize=  idx=7171 / solSize=50311129LAYER= / solSize=  idx= / layers=11751  idx=LAYER=  idx=50311  idx=  idx=50311  idx=
33677 / solSize=1234334650311
12987929275

823 / solSize=50311
LAYER=
45676129129 / solSize=50311 / layers=129  idx=5097 / solSize=50311
 / solSize=LAYER=108 / layers=129  idx=15509 / solSize=50311
LAYER= / solSize=50311
LAYER=115 / layers=129  idx=  idx=24815 / layers= / layers= / layers=LAYER= / solSize=10714
  idx= / layers=117LAYER=11950 / solSize=129  idx=33262 / solSize=50311
LAYER=104 / layers=129129129  idx=711799550311 / layers=LAYER=LAYER= / layers=129  idx=129113  idx=3850311 / solSize=15815  idx=5461 / layers=129  idx=39065 / solSize=503119564
  idx=  idx=50311 / layers= / solSize=129  idx=12045 / solSize=24725 / solSize=50311
LAYER= / layers=98 / layers=129  idx=21603 / solSize=50311
 / solSize=10653129 / layers= / solSize=11452LAYER=107 / layers=129  idx=15677 / solSize=50311
 / solSize=LAYER=
46866 / solSize=50311
503115031150311129  idx=45956 / solSize=50311
50311LAYER=110 / layers=129  idx=13976 / solSize=50311
LAYER=127 / layers=129  idx=1672 / solSize=5031150311
LAYER=51 / layers=LAYER=129  idx=12042375  idx= / solSize=129 / layers=LAYER=41 / layers=129  idx=5031145297129LAYER= / solSize=
LAYER=102 / layers=129  idx=19081 / solSize=

LAYER=93 / layers=129  idx=24362 / solSize=50311
LAYER=
LAYER=22 / layers=129  idx=48899LAYER= / solSize=50311

29595 / solSize=  idx=50311
LAYER=42 / layers=129  idx=44949 / solSize=50311

LAYER=46 / layers=129  idx=44009 / solSize=50311
LAYER=78 / layers=LAYER=503115031150311
129 / layers= / solSize=50311
10350311 / solSize=38182 / solSize=LAYER=50311
2037366LAYER=97 / layers=129  idx=21892 / solSize=50311
LAYER=104
 / layers=129  idx=5217801 / solSize=129112107LAYER=
LAYER=LAYER= / solSize=
 / layers=LAYER=87 / layers=  idx=  idx= / layers= / layers=50311LAYER=13 / layers=129 / layers=  idx=129LAYER=92
41681LAYER= / solSize=
129
50311129  idx=37115 / solSize=503111191095031149781 / solSize=  idx=LAYER=120 / layers=129  idx=7266 / solSize=50311
  idx=LAYER=23 / layers=129  idx=48755 / solSize= / solSize=12929 / layers=129  idx=47726 / solSize= / layers=  idx=
12950311
353005031150311455031153
 / layers=LAYER=322517354 / solSize=50311
LAYER=95 / layers=LAYER=  idx=42328
LAYER=
LAYER=73 / layers=129  idx=34211 / solSize=50311
LAYER=117 / layers=129  idx=9164 / solSize=
 / layers=LAYER=59 / layers=LAYER=LAYER=115 / layers=129  idx=10337 / solSize=50311
129503115031194LAYER= / solSize=50311122 / layers=129  idx=
12912912975 / layers=129  idx=33237  idx=129 / layers=
27401 / layers=129  idx=104
LAYER=73 / layers=
1295585  idx=LAYER= / layers=LAYER=129  idx= / solSize=503118116LAYER=23754 / solSize=50311
 / layers=LAYER= / solSize=50311
112LAYER=18195  idx=  idx=84 / layers=129  idx=  idx=12044315 / solSize=  idx=
 / solSize=129 / solSize= / solSize=  idx=39 / layers=129  idx=12980 / layers= / solSize= / layers=28961LAYER=50311
LAYER=100 / layers= / layers=34406 / solSize=50311
LAYER=LAYER=45 / layers=503111295850311 / solSize=  idx=14355 / solSize=50311
LAYER= / layers=129  idx=31282 / solSize=12950311418091291285050311129  idx=12408 / solSize=50311
LAYER=116  idx=44339 / solSize=50311
LAYER=5031193 / layers=129LAYER=15740456422299050311
129
LAYER=49 / layers=  idx= / solSize=  idx=503117194 / solSize=50311
 / solSize=50311
129LAYER=61 / layers=  idx= / layers=129  idx=10126 / solSize=50311
  idx=

LAYER= / solSize=18093 / solSize=50311
  idx=
LAYER=116 / layers=129  idx=9984 / solSize=50311  idx=20118 / solSize=50311
LAYER=122 / layers=12924672LAYER=69 / solSize=79LAYER=60108 / solSize=LAYER=40028LAYER=63 / layers=12924294123 / layers=129  idx=4869 / solSize=50311
 / layers=LAYER= / layers=84 / layers=129  idx=39373 / solSize=50311
 / solSize=5031110650311
LAYER= / solSize=50311 / layers=129  idx=38381 / solSize=129
 / solSize=129  idx=50311129LAYER=50311
 / layers= / layers=129  idx=16629 / solSize=50311
114 / layers=LAYER=129  idx=11237 / solSize=50311

2850311LAYER=
LAYER=101 / layers=129  idx=19690 / solSize=  idx=5031139215
 / solSize=50311
50311126  idx= / solSize=129129 / layers=
LAYER=LAYER=
LAYER=13 / layers=12995  idx=LAYER=92 / layers=129
  idx=31668 / solSize=50311
LAYER=LAYER=  idx=43084 / solSize=50311 / layers=70
LAYER=61 / layers=1293593997LAYER= / layers=12950311LAYER=43 / layers=129  idx=44691105
20 / layers=
  idx=LAYER=12239077 / layers= / layers=  idx=  idx=  idx=23189 / solSize=50311
LAYER= / layers=90
LAYER=119 / layers=129  idx=8179 / solSize=50311
LAYER=LAYER=5331LAYER=44 / layers=129 / layers=  idx=5031133129  idx=49072 / solSize=50311
 / solSize=LAYER=24688 / solSize=50311
LAYER=109 / layers=129  idx=129 / solSize=9511140091  idx=1542012949828LAYER=50311
LAYER=12612912910750311 / layers= / solSize=14676 / layers=  idx= / solSize=115 / layers=129  idx=10517 / solSize=50311
LAYER=81 / layers= / solSize= / layers=129  idx=2918 / solSize=50311
LAYER=83 / layers=  idx= / layers= / layers=
129LAYER=128 / layers=50311 / layers= / solSize= / solSize=50311
  idx=129  idx=25920 / solSize= / solSize=11450311
LAYER=12912950311
LAYER=126 / layers=129  idx=129  idx=220641699042
  idx=LAYER=47959 / solSize= / layers=5031150311
35782 / layers=129  idx=11178 / solSize=50311
106LAYER=98 / layers=129  idx=21730 / solSize=50311
LAYER=68 / layers=129  idx=36480 / solSize=50311
  idx=2955129 / solSize= / solSize=12950311
59 / layers=12913185 / solSize=50311129 / layers=12929215 / solSize=50311
  idx=5846 / solSize=50311
50311LAYER=LAYER=  idx=30417 / solSize=50311

LAYER=LAYER=129 / solSize=
  idx=  idx= / solSize=50311
LAYER=78LAYER=129 / layers=LAYER=5489 / layers=4750311  idx=75 / layers=129  idx=33521 / solSize=50311  idx=50311LAYER=64 / layers=129  idx=38174 / solSize=50311
247916496 / solSize=50311
LAYER=  idx=
  idx=12923428
 / layers=LAYER= / layers=
LAYER=49 / layers=129  idx=43028 / solSize=50311
39722LAYER=50311  idx=
 / solSize= / layers=44432 / solSize=50311
71LAYER=29599 / solSize=129114129
 / solSize=50311
129
LAYER=LAYER=129  idx=32006 / solSize=5031150311 / layers=LAYER=71 / solSize=LAYER=53  idx=41627 / solSize=50311
LAYER=12977 / layers=129  idx=63  idx=  idx=43550 / solSize=50311
LAYER=94 / layers=  idx=47054113LAYER=
LAYER=43 / layers=129  idx=44687 / solSize=149312989LAYER=
 / layers= / layers=LAYER=15870 / layers=45 / solSize=50311  idx= / layers=35047 / layers=127 / layers=129  idx=1661 / solSize=12950311LAYER=47 / layers=129  idx=43553 / solSize=50311
 / solSize=12250311 / solSize=50311 / layers=129  idx=44237 / solSize=
12950311 / layers= / solSize=50311
LAYER=43 / layers=129  idx=129  idx=4182332591  idx=
94LAYER=128 / layers=129  idx=149150311 / layers=129  idx=5974 / solSize=50311

120  idx=
10350311129
  idx=34981 / solSize=50311
LAYER=99 / layers=129  idx=21196 / solSize=5031144676
11032 / solSize=50311
LAYER=77 / layers=129LAYER=129 / solSize=
LAYER=LAYER= / layers=LAYER=26494 / layers=
  idx= / solSize=LAYER= / solSize=129LAYER=50311LAYER=66 / layers=129  idx=  idx=32632 / solSize=50311
LAYER=112 / layers=129  idx=12641 / solSize=5031150311  idx=45119100 / layers=129  idx=12812950311129  idx=18725 / solSize=50311
81  idx=
67112
 / solSize= / solSize=
LAYER=20572 / solSize=50311
LAYER=70 / layers=129  idx=35673 / solSize=50311
LAYER=98 / layers=129  idx=21748 / solSize=  idx= / layers=50311
LAYER= / solSize=LAYER= / layers=1025031123682129 / layers=LAYER=9911952108129
LAYER=3735150311
 / layers= / layers=129 / solSize=50311
  idx=129  idx=
23702 / solSize=50311
LAYER=128 / layers=129  idx=823 / solSize=50311
LAYER=16 / solSize= / layers=114 / layers=129  idx=11011 / solSize=50311
LAYER=83 / layers= / layers=LAYER=15 / layers=129  idx=49679 / solSize=50311
LAYER=107 / layers=129  idx=16035 / solSize=50311129LAYER=  idx=  idx=LAYER=1257LAYER= / layers=50311
LAYER=50311129  idx=1293821576  idx=19062102107LAYER= / solSize=12912965 / layers=
264295031112912435 / solSize=  idx= / layers=125 / layers= / layers=7279LAYER=  idx=50311  idx=129
  idx= / solSize=50311
LAYER=64 / layers=129  idx=38184 / solSize=50311
LAYER=1121295031161129  idx=15012 / solSize=50311
LAYER=119 / layers=12911736873LAYER=
LAYER=117 / layers=129  idx=9110  idx=37477 / solSize=20886 / solSize=50311
 / solSize= / layers=129  idx=12378 / solSize=50311
 / layers= / layers=129  idx=39101 / solSize=5031130567129LAYER= / layers=  idx=29683LAYER=4958288
 / solSize=LAYER=129  idx=3198 / solSize=50311

LAYER=68  idx=129 / solSize= / solSize= / solSize=48 / layers=129  idx=43317 / solSize=50311
5031150311
 / layers= / solSize=102
50311  idx=LAYER=54 / layers=19191 / layers=LAYER=LAYER=53
LAYER=34 / solSize=50311
129  idx=LAYER=47 / layers=129  idx=43791 / solSize=50311
124 / layers=16268LAYER=84 / layers=129119 / layers=129  idx=46766 / solSize=50311 / solSize=5031110750311LAYER= / layers=129  idx=4423 / solSize=12950311
  idx= / layers=129
LAYER=47 / layers=129  idx=5031143636 / solSize=
LAYER= / layers=50311  idx=
2685912929120  idx= / solSize=129  idx=7922 / solSize=50311
LAYER= / solSize= / solSize=73
12941748 / solSize=50311
LAYER=87 / layers=129  idx=27502 / solSize=50311
LAYER=22 / layers= / solSize=LAYER=75793302050311  idx=LAYER=
905031150311
LAYER=LAYER=50311LAYER= / layers=105 / layers=129  idx= / solSize= / solSize=50311
 / solSize=LAYER=30 / layers=129  idx=47694 / solSize=50311
LAYER=111 / layers=129935470LAYER= / layers=5050
LAYER= / layers=129  idx=41500 / solSize=50311
50311LAYER=129  idx=  idx=
13197 / solSize=50311
LAYER=127 / layers=129  idx=2275 / solSize=50311
LAYER=45 / layers=129 / solSize=50311
LAYER=17339122 / layers=129  idx=5808 / solSize=
84 / layers=129  idx=34357 / solSize=50311
LAYER=117 / layers=129110129
109LAYER=  idx=50311LAYER=100 / layers= / layers=  idx=44119 / solSize=50311 / solSize=50311LAYER=129  idx=42898 / solSize= / layers=  idx=9553 / solSize=50311124 / layers=  idx=19282LAYER= / layers=81129129
  idx=50311

53129 / solSize=50311
LAYER=6778 / layers=129  idx=14833 / solSize=50311
LAYER=54 / layers=129  idx=41626 / solSize=  idx= / layers=

48914LAYER=LAYER=44 / layers=129  idx=44382
2050311 / layers=129  idx=41824 / solSize=  idx=13926 / solSize=50311
 / layers=129129129LAYER=126 / layers=129LAYER= / layers=50311 / solSize= / layers= / layers=LAYER=LAYER=5031120492  idx=  idx=28961 / solSize=50311
LAYER=93 / layers=  idx=50311  idx=50311LAYER=
129  idx=129103 / layers=48129
35772 / solSize=30506
LAYER=  idx=125 / layers=129298016256123
LAYER=104 / layers=
3641549131105129129 / layers=91 / layers= / solSize=5031150311
LAYER=124 / layers=129  idx=4432 / solSize=50311
26278 / solSize=50311
LAYER=116 / layers=LAYER= / solSize= / solSize= / layers=LAYER=78 / layers=129 / solSize=LAYER= / layers=  idx=129 / layers=129  idx=25352 / solSize=50311
LAYER=  idx=
LAYER=65129  idx=10019 / solSize=50311
LAYER=72 / layers=129  idx=34851 / solSize=50311
LAYER=1105031150311
LAYER=129129 / solSize= / solSize=12912979 / layers=129  idx=31582 / solSize=50311
LAYER=36715125 / layers= / layers=LAYER=  idx=  idx=
LAYER=  idx=50311  idx=50311  idx=12950311116  idx=  idx=4276631883204699 / solSize=1840624593  idx=  idx=
50311LAYER=32269 / solSize=129129
114 / solSize= / solSize= / layers= / solSize= / solSize=5031118008  idx=50311  idx=  idx=17050 / layers=50311
 / solSize=LAYER=
129
50311
LAYER=122 / layers=129  idx=5526 / solSize=50311
LAYER=17 / layers=93 / solSize= / layers=50311 / solSize=LAYER=3440 / solSize=50311
LAYER=17 / layers=129  idx=49491 / solSize=50311
50311 / solSize=LAYER=82454793129 / layers=50311139897412943397LAYER=5031150311
89  idx= / layers= / layers=LAYER=129
 / layers= / solSize= / solSize=

LAYER=108 / layers=10150311
LAYER=94  idx=129  idx=129  idx=30212 / solSize=50311
LAYER=88 / layers=129  idx=26839 / solSize=50311
8050311129
4313 / layers= / layers=LAYER=71129 / layers=  idx=49475 / solSize=50311
LAYER=71 / layers=129  idx=35149 / solSize=50311
LAYER=95 / layers=129  idx=23429 / solSize= / solSize=21044LAYER=
LAYER=48 / layers=LAYER=
  idx=129LAYER=93 / layers=129  idx=24578 / solSize=50311
LAYER=88 / layers=129 / layers=LAYER=1141637673
 / solSize=67 / layers= / layers=122129  idx=  idx=129  idx=129LAYER=  idx= / solSize=50311
LAYER= / solSize=50311LAYER=108 / layers=129  idx=15011 / solSize=50311129129  idx=31083 / solSize=5031144281  idx=24476 / solSize=50311
LAYER=94 / layers=27253129  idx=23620  idx=12986968650311
48LAYER=54 / layers=129  idx=41710 / solSize=50311
LAYER=129 / layers=129  idx=202 / solSize=50311
LAYER=83 / layers=
12950311
LAYER=LAYER=
 / layers=  idx=36725 / solSize=50311
65 / solSize= / solSize=50311
LAYER=126 / layers=129  idx=2596 / solSize=15586
  idx=19727 / solSize=50311
LAYER= / layers= / layers=129  idx=29643  idx= / solSize=108 / layers=33 / layers=129 / solSize=LAYER=34001LAYER=68 / layers=1295031112750311129  idx=28346 / solSize=43314 / solSize=50311
LAYER=113 / layers=LAYER=50311 / solSize= / layers=129  idx=15235 / solSize=50311
LAYER=115 / layers= / layers=129129  idx=129 / solSize=50311
50311503113250311129129 / solSize=  idx=3526731 / solSize=79



LAYER=102 / layers=  idx=
LAYER=  idx=4712650311
129LAYER=554350311 / solSize= / layers=50311129  idx=
31783LAYER= / solSize=LAYER=75LAYER=5031112337474 / solSize=50311
  idx=  idx=11882 / solSize=50311
  idx=51
LAYER= / solSize=24083 / layers=129LAYER= / layers=106205031143455 / solSize=50311
LAYER=  idx=35009 / layers=LAYER=50311129  idx=47261 / solSize=50311
LAYER=58 / layers=129  idx=40079 / solSize=63  idx=
 / solSize=129 / layers= / layers= / layers=  idx=98 / solSize=109695031163
LAYER=110 / layers=129  idx=1409918828 / layers= / layers=50311
LAYER=85 / layers=129  idx=28818 / solSize=50311
LAYER=91 / layers=
12936382
50311  idx=
LAYER=101 / layers=LAYER=LAYER= / solSize=50311
LAYER=105 / layers=129  idx=16995 / solSize=50311
12972 / layers=129  idx=LAYER= / solSize=
 / solSize=4992 / layers=129 / layers=LAYER=108 / layers=129  idx=15124 / solSize=50311
129  idx=33531 / solSize=50311
LAYER= / layers=LAYER=42474 / solSize=50311
LAYER=5031150311
 / solSize=12950311LAYER= / solSize=50311
LAYER=93 / layers=129129  idx=95129 / layers=129  idx=23458 / solSize=50311
LAYER=99 / layers=129  idx=129107LAYER=LAYER=LAYER=
129  idx=LAYER=50311108108 / layers=  idx=98 / solSize=  idx=9321196 / solSize=50311
129 / layers=  idx=  idx=
129  idx= / layers= / layers=503111662738414 / layers=3887129122732072LAYER=49128LAYER= / solSize=129  idx=15195 / solSize=50311
LAYER=113 / layers=129  idx=12156 / solSize=50311

 / solSize=129  idx=21459 / solSize=50311

 / layers=129  idx= / layers=45921129  idx=27812 / solSize=50311
  idx=  idx=16207 / solSize=50311
 / layers=LAYER=119  idx= / solSize=2129550311  idx=25328LAYER=50311
LAYER=94 / layers=129  idx=24007 / solSize=50311
LAYER=101 / solSize= / layers=129 / layers=38488103129 / layers=34728 / solSize=50311
LAYER=82 / layers=129  idx=1295031112919723 / solSize=LAYER=
50311
LAYER=31 / layers=129  idx=47468129  idx=34183 / solSize=50311LAYER=LAYER=  idx= / solSize=2430094 / solSize=  idx=5937 / solSize=50311
LAYER=89 / layers=129  idx= / solSize=5031130105  idx= / solSize= / solSize=50311

LAYER=78 / layers=129  idx=3220884 / solSize= / layers=46727129503115031126735 / solSize=50311

50311
LAYER=99 / solSize=
50311LAYER=2689 / layers= / layers= / layers=129  idx=8108 / solSize= / solSize= / layers=  idx=
 / layers=  idx=19425LAYER=129
LAYER=113 / layers=129  idx=11724 / solSize=11950311129 / solSize=  idx=28968 / solSize=50311
LAYER=32 / layers=129  idx=47241 / solSize=12950311
LAYER=84 / layers=129  idx=29009 / solSize=50311
LAYER=24475LAYER=12915118  idx=20843 / solSize=50311
503115031194  idx=48278 / solSize=50311
LAYER=129 / layers=129  idx=66 / solSize=LAYER=
46LAYER=50311  idx=23647 / solSize=50311
8912350311LAYER=
LAYER=120 / layers= / solSize=129
LAYER=
LAYER=76 / layers=129  idx= / layers=129  idx=23768 / solSize=50311
LAYER=12937 / layers=
LAYER= / layers=104
LAYER=118  idx=76 / layers=90 / layers=12933166 / solSize=50311
LAYER=37 / layers=129  idx=  idx=48 / layers=129  idx=10 / solSize= / layers=LAYER=129  idx=26336 / solSize=50311
50311  idx=LAYER= / layers=6981 / layers= / solSize=50311129LAYER=18213 / solSize=50311
12950311 / layers=129
LAYER=LAYER=125129 / solSize=12950311  idx=127 / layers=129  idx=2072 / solSize=  idx=  idx=3285446213 / solSize=50311
 / layers=462546455  idx=83 / layers=  idx=873350311
78LAYER=50311

 / solSize=50311LAYER= / solSize=129LAYER=43444129 / layers=50311 / layers=
1294383469 / layers=129  idx=36098 / solSize=50311
LAYER=57 / layers=129  idx=40462 / solSize=50311
129
  idx=  idx=87 / solSize=LAYER= / layers=
 / layers=7589 / solSize=LAYER=120LAYER=LAYER=  idx=49991 / layers=17897
 / solSize=50311
LAYER=56 / layers=129  idx=LAYER=42LAYER=129  idx=38002 / solSize=  idx=129 / solSize=LAYER=92 / layers= / solSize=129503112626881116 / layers=40999463350311
45 / layers=  idx=5031150311
LAYER=124 / layers=  idx=109 / layers=129  idx=30620 / solSize=50311 / layers=129  idx=10111LAYER= / solSize=50311 / layers=74129  idx=12941153
50311 / solSize=129 / solSize=45 / layers=129  idx=44363 / solSize=5031112912944299 / solSize=50311

LAYER=12992 / layers=129  idx=24915 / solSize=50311
 / layers= / solSize=LAYER=26456
50311  idx= / layers= / solSize=50311  idx=  idx=
31967  idx=LAYER=50311
 / solSize=
106 / layers=129  idx= / solSize=
50311
410312950311 / layers=29868  idx=LAYER=115 / layers=129  idx=10605 / solSize=50311
LAYER=105 / layers=129  idx=16974 / solSize=50311
LAYER=41 / layers=
27692 / solSize=50311
LAYER=101 / layers=1295031147 / layers=16860LAYER=LAYER=LAYER= / solSize=50311

  idx=14744 / solSize=50311
LAYER=LAYER=95
44901129  idx=33980 / solSize=50311
 / solSize=1296809129LAYER=LAYER=
LAYER=50311 / solSize=50311
102LAYER=53LAYER=LAYER=46 / layers=129  idx=24 / layers= / solSize=LAYER=  idx= / solSize=50311  idx=37LAYER=70 / layers=129  idx=19333 / solSize=50311
LAYER=LAYER=123 / layers= / layers=8295 / layers=129  idx=23106 / solSize=LAYER=50311  idx=24
LAYER=3572 / layers=129  idx=46251 / solSize=50311 / layers=  idx= / solSize=12984129  idx=41899 / solSize=50311129 / layers=129  idx=29991 / solSize=50311
LAYER=116 / layers=129  idx=9760 / solSize=50311
LAYER=129 / layers=17 / layers=129  idx=45314
440781954044

119129  idx=35604 / solSize=50311
LAYER=114 / layers=129  idx=11573 / solSize=  idx=5031152822479881503115031130129  idx=23303 / solSize=LAYER= / solSize=50311
 / solSize= / solSize=50311
LAYER=82 / layers=49434 / layers=50311 / layers=LAYER=129 / layers=  idx=
 / layers=
50311
5150311 / solSize=50311129 / layers=  idx=8108 / solSize=625912943550 / solSize=50311
LAYER=111 / layers=129  idx=13213 / solSize=50311

129  idx=47573 / solSize=50311
LAYER=LAYER=LAYER= / layers=
 / solSize=
 / solSize=129129  idx=50311  idx= / layers= / solSize=
LAYER= / layers=  idx=30543 / solSize=50311
LAYER=43 / layers=129  idx=44857 / solSize=50311
LAYER=102 / layers=129  idx=LAYER=LAYER=503115031128986
LAYER=42 / layers=12944412 / solSize=5031169LAYER=129  idx=LAYER=115  idx=
107122
LAYER=98 / layers=129  idx=21678 / solSize=50311
117
LAYER= / solSize=5031155 / layers=129  idx=
  idx=LAYER=9619372LAYER=LAYER=129LAYER= / layers= / layers=129LAYER=  idx= / layers=486204123829907 / layers=  idx= / layers=LAYER=112129 / layers=905597 / solSize=5031148544129 / solSize= / solSize=5031175817245 / layers= / layers=129129 / solSize=50311
104
LAYER=105 / layers=  idx=42554 / solSize=50311
LAYER=129 / layers=129  idx=0 / solSize=50311
50311
50311 / layers=129 / layers= / layers=129  idx=129  idx=12793  idx=8945 / solSize=50311
LAYER=78 / layers=  idx=129  idx= / solSize=44927

 / layers= / solSize=129129129  idx=34923 / solSize=50311129 / solSize=50311
LAYER=105 / layers= / layers=  idx=1592039993 / solSize=LAYER=129LAYER=129LAYER=50311
  idx= / layers=38639  idx=22764 / solSize=50311
129
12930859 / solSize= / solSize=50311
  idx=114  idx=
117 / layers=129  idx=8912 / solSize=  idx=33335 / solSize=50311
  idx=36213 / solSize=50311
  idx=129  idx=17419 / solSize=50311
LAYER=42  idx= / solSize=LAYER=50311 / layers=3223911150311LAYER=50311
50311LAYER=80 / layers=12910802 / solSize=2619544219 / solSize=LAYER= / layers=1817250311113 / layers=LAYER=
LAYER=125 / layers=129  idx=3347 / solSize=50311LAYER= / layers=129  idx=

LAYER=LAYER=  idx=30953 / solSize= / solSize=129 / solSize=50311
LAYER=116  idx= / solSize=129 / solSize=22125LAYER=73 / layers=7450311 / layers=129  idx=97 / solSize=50311
50311671330717080 / layers=12950311  idx=50311LAYER= / layers= / layers=LAYER=LAYER=
 / solSize=50311

 / solSize=1294611596
LAYER= / layers=
12914 / layers=
 / layers=LAYER=LAYER=66  idx=  idx=12242LAYER=83 / solSize=129  idx=48888 / solSize=50311129129120129  idx=LAYER=LAYER=503114493312912991129
  idx=
497629136997LAYER=
129 / solSize= / solSize=50311
LAYER=124 / layers=129 / layers=  idx= / layers=129  idx= / layers=  idx=50311LAYER= / solSize= / layers=10750311  idx=LAYER=118 / layers=50311129445886  idx=10184 / solSize=50311
129LAYER= / layers=113129 / layers= / layers=  idx=33722 / solSize=
129 / solSize= / layers= / solSize=3418950311 / layers=50311 / layers=129129  idx=129  idx=
 / layers=  idx=8850311129  idx=28251 / solSize=50311 / solSize=
129LAYER=72 / layers=129  idx=34705 / solSize=5031135128800
29853129 / solSize=6825659 / layers=  idx=LAYER=64
5031150311  idx= / solSize=LAYER=LAYER= / solSize=
 / solSize=50311
LAYER=115  idx=129  idx=27262 / solSize=50311
LAYER=124 / layers=129  idx=4322 / solSize=50311
LAYER=88 / layers=50311 / layers=  idx=LAYER=50311
125  idx= / layers=5031150311LAYER= / layers=LAYER=15900  idx=
129  idx=38038 / solSize=50311
LAYER=114 / layers=129  idx=
44 / layers=129  idx=44426
12016 / solSize=50311
LAYER=114 / layers=129129

 / solSize=87 / layers=129129  idx=10499 / solSize=1156025340LAYER=LAYER= / solSize=11580
  idx=6997194LAYER=21 / layers=129  idx=49038 / solSize=  idx=2748650311 / solSize=
10650311
 / layers= / layers=129  idx=39455 / solSize=43995 / solSize=5031172 / layers=99 / layers=LAYER=129129  idx=  idx=129LAYER= / solSize=2150311 / solSize=
50311
LAYER=45 / layers=129  idx=  idx= / layers=50311129  idx=10675 / solSize=5031137309 / solSize= / solSize=
LAYER=50311129 / layers= / solSize=50311
LAYER=11357LAYER=20664LAYER=

 / solSize=5031150311
5031154LAYER=111
129  idx=49005 / solSize=50311
  idx=
50311LAYER=110 / layers=129128 / solSize=65LAYER=
 / layers=34670129LAYER=
  idx=LAYER= / layers=
4430850311
LAYER=80 / layers=129  idx=31000 / solSize=LAYER=LAYER=LAYER= / layers=111 / solSize=50311
LAYER=93 / layers=LAYER=119128 / solSize=129  idx=  idx=LAYER=1292691479503119012910312937989550311 / layers=129  idx=7822 / solSize=50311
 / layers=LAYER=9413402 / layers=14225 / layers= / solSize= / layers= / layers=  idx=12916349 / solSize=50311
LAYER=129 / solSize= / layers=5031112912950311 / solSize= / layers= / solSize=129  idx=LAYER=23769 / solSize=50311 / solSize=50311
LAYER=123 / layers=129  idx=5211 / solSize=50311
LAYER=83 / layers=129  idx=29505 / solSize=  idx=  idx=129  idx=24154 / solSize=50311

34 / layers= / layers=  idx=5031150311109

37714 / solSize=12518405 / solSize=50311LAYER=LAYER= / layers=129  idx=12946818107129  idx=
LAYER=76 / layers=129  idx=12933072
50311  idx=50311LAYER=
89 / layers=1297212950311
 / layers=129  idx=15713 / solSize=  idx=LAYER=132023441983 / solSize=50311
 / layers=
LAYER=82 / layers=  idx=129  idx=30353 / solSize=50311

90LAYER= / layers= / layers=  idx=  idx=
LAYER=54 / layers=129  idx=41448 / solSize=50311
  idx=  idx=LAYER=57 / solSize=50311

26152LAYER=129  idx=14828 / solSize=50311
12926608290LAYER=LAYER= / solSize=13220 / solSize=50311
12731554 / layers=LAYER=107 / layers=129  idx=15762 / solSize=50311
LAYER=50311 / layers=4146486 / layers=129  idx=2787230 / solSize=50311
LAYER=110 / layers=129  idx=14332 / solSize=50311
LAYER=74 / layers=129  idx=34025 / solSize=50311
LAYER=46 / layers=129  idx=44082 / solSize=50311
LAYER=128 / layers=129  idx=1050 / solSize=  idx=129LAYER= / solSize= / solSize=LAYER=129  idx=40668 / solSize=50311
LAYER=112 / layers=129  idx=12727 / solSize=50311129LAYER=LAYER= / solSize=116503113383  idx=34564LAYER= / solSize=50311
LAYER=117 / layers=129  idx=8990 / solSize=503115031170

 / solSize=  idx= / solSize=71 / layers= / layers= / layers= / layers=
9050311112LAYER=123 / layers=129 / layers=50311
LAYER=50311129129LAYER=50311 / layers=129  idx=26053 / solSize=50311
 / solSize=LAYER=79  idx=4688 / solSize=50311129129
70LAYER= / solSize=
69
76 / solSize= / layers=
4139
25902  idx=35645 / solSize=50311
 / layers=  idx=LAYER=120 / layers=LAYER= / layers=129  idx=503113319150311LAYER= / layers=129  idx=45279 / solSize=LAYER=50311 / solSize=50311
  idx=LAYER=129123 / layers=12950311129
LAYER=129 / layers=
129  idx=LAYER= / layers= / layers=
LAYER=34 / layers=129  idx=46909 / solSize=50311LAYER=3524350311  idx=
  idx=1543 / solSize=50311
129
10176387  idx=LAYER=
129  idx=4584580123 / solSize= / layers=LAYER=1247718  idx= / solSize=81LAYER= / solSize=LAYER= / solSize= / layers= / solSize=LAYER= / layers=129489850311 / layers=49 / layers=129  idx=4324450311122 / layers=50311129  idx=467950311 / solSize=
3585312927129
129
129
15129LAYER= / solSize=50311

LAYER=86 / layers=129  idx=28010 / solSize=50311  idx= / solSize= / layers= / layers=129LAYER=  idx=275 / solSize=50311
LAYER=111 / layers=129  idx=13274 / solSize=50311LAYER=  idx=12150311 / layers=
LAYER=111 / layers=129  idx=1321650311
  idx=50311  idx=129 / layers=129  idx= / layers=
LAYER=76 / layers=129  idx=12930485
129  idx=129  idx=49659 / solSize=LAYER= / solSize= / solSize=47695484129  idx=49381115 / layers=  idx= / solSize=  idx=35639 / solSize=50311
LAYER= / solSize=20LAYER= / layers=7451 / solSize=50311 / solSize=
LAYER=129 / layers=LAYER=  idx=5526633099650311128 / layers=129  idx=872129 / solSize= / solSize=50311 / solSize=31376129104 / layers=5031148060 / solSize=32889 / layers=129  idx=3839650311
58 / layers=LAYER=50311 / solSize=  idx=580 / solSize=12950311
LAYER=32 / layers=129  idx=47159 / solSize=50311
LAYER=89 / layers=129  idx=26771 / solSize=129
LAYER=80 / layers=129  idx=31032 / solSize=50311
LAYER=58 / layers=129  idx= / solSize=  idx=

 / layers=50311
50311LAYER=50311  idx=10538 / solSize=50311
LAYER=  idx=18071 / solSize= / solSize= / solSize=503115031140255
LAYER=128 / layers=50311102129LAYER=

LAYER=50311
LAYER=129 / layers=129  idx=LAYER=69 / layers=129  idx=36045 / solSize=50311
LAYER=925031150311
6233 / solSize=50311
LAYER= / layers=

  idx=40052 / solSize=50311
LAYER=85129129 / solSize=123
 / layers= / solSize=129LAYER=LAYER=22 / layers=
129  idx=28884 / solSize=  idx=50311
50311 / layers=129503118  idx=19167 / solSize=LAYER= / layers=74117388
LAYER=LAYER=LAYER=677  idx= / layers=129  idx=50104 / solSize=503115031110050311

122LAYER=50311 / solSize= / layers=LAYER=
  idx=12924897 / solSize=50311


LAYER=LAYER=69
 / layers=LAYER=129LAYER=121 / layers=934915890LAYER=  idx=47 / layers=129  idx=43668 / solSize=50311 / layers=129LAYER=64 / layers= / layers=129  idx=35954LAYER=7874  idx=27162LAYER=129 / layers=129
4710 / solSize=50311
  idx=48912 / solSize=50311
LAYER=48 / layers= / solSize= / layers= / solSize=20129LAYER=116  idx=101  idx=LAYER=12912950311 / layers= / layers= / layers=12950311 / layers=  idx=6631 / solSize=572571 / solSize= / solSize= / layers=26064 / layers=  idx=  idx=
129  idx=24110129129  idx=33781129  idx=20318 / solSize=50311113
 / solSize= / layers=503119650311LAYER= / solSize=50311
12950311 / solSize=LAYER=104 / layers=129  idx=17562 / solSize=50311  idx=34099 / solSize=38188102
81129LAYER=90 / layers=
50311 / layers=503111294352345 / layers=129  idx=44346 / solSize=50311
LAYER=45 / layers=129  idx=
  idx=31851 / solSize=50311
LAYER=33

 / layers= / layers=LAYER=37 / layers=LAYER=129  idx=46167129  idx=129LAYER=  idx= / solSize=4434850311LAYER= / solSize=50311 / layers=12933 / solSize=  idx=22394 / solSize=14 / layers=1953050311129

11750311
 / layers=LAYER=  idx=
50311129 / solSize= / solSize=50311
  idx= / layers=
129  idx=30387 / solSize=50311
  idx=4914850311LAYER=126 / layers=129  idx= / layers=11758 / solSize=50311  idx=LAYER=77 / layers=129  idx=32522 / solSize=50311
LAYER=LAYER=12935195129LAYER=129 / solSize=  idx=9627129  idx=4713250311

118119 / layers=129  idx=  idx= / solSize=  idx=91358929 / solSize=5031150311 / solSize=50311
 / solSize= / solSize=LAYER=108 / layers=129  idx=15251 / solSize=50311
LAYER=42 / layers=129  idx=44960 / solSize=50311
LAYER=84 / layers=129  idx=29172 / layers=LAYER=LAYER=
11826045LAYER=50311Update boundaries
  idx=
LAYER=
 / layers=
LAYER=128 / layers=129  idx=13767577129  idx=8184 / solSize=50311
LAYER=40 / layers=129  idx=45438 / solSize=50311
LAYER=31 / layers=129  idx=47369 / solSize=50311
LAYER=LAYER=28781904149757LAYER=LAYER=88129103  idx= / solSize= / solSize=50311144703750311 / solSize= / solSize=50311

LAYER=116 / layers=129  idx=969873128 / layers= / layers=87 / layers=129  idx= / layers=465813050311 / layers=50311
LAYER=54 / layers=129 / solSize=LAYER=LAYER= / solSize=UPDATE VOLTAGE START50311
 / layers=129  idx=18500 / solSize=11727589 / solSize=50311
LAYER=104 / layers=129 / solSize= / layers=129
 / solSize=
LAYER=97 / layers=129  idx=22217 / solSize=50311


  idx=LAYER=129  idx=49700 / solSize=50311
LAYER=105 / layers=129  idx=17163 / solSize=50311
 / solSize=
50311
129 / layers=50311  idx=LAYER=77 / layers=129  idx=32664 / solSize=50311
LAYER=45 / layers=LAYER=5031112921775031136 / layers=129  idx= / layers=50311LAYER= / solSize=129  idx=
25610 / solSize=50311

 / layers=6412912947532129121 / layers=129  idx=6205 / solSize=50311
LAYER=50311102  idx= / layers=129  idx=19273 / solSize=50311
LAYER=LAYER=LAYER= / layers=129  idx= / layers=LAYER=50311  idx=44303 / solSize=50311
[BC] updateElectrodeVoltage(  idx=343681771929 / layers=129  idx=LAYER=  idx=126
4896770 / layers=129  idx=35435 / solSize=50311
LAYER=LAYER=027219 / solSize=41592  idx=  idx= / solSize=47837114 / layers=129
46417 / solSize=50311
LAYER=32 / layers=129  idx=112129 / layers=129  idx=12773) V=50311 / solSize=
LAYER=841 / solSize=98 / layers=9331 / solSize=50311
LAYER=68 / layers=129  idx=36359 / solSize=  idx= / solSize=50311
 / solSize=LAYER=34129LAYER=125 / layers=129  idx=3291 / solSize=50311
LAYER=98 / layers=129  idx=21264 / solSize=12650311LAYER=LAYER=LAYER= / solSize=50311
50311129  idx=21298 / solSize=50311
52LAYER=5031138 / solSize=
 / solSize= / layers=129  idx=2870 / solSize=50311


80
 / layers=127 / layers= / layers=129  idx=45931 / solSize= / layers=  idx=
LAYER=110185031147326LAYER=7450311LAYER= / layers=  idx=12999129  idx=46872 / solSize=5031132538
 / solSize=LAYER= / solSize= / layers= / layers= / solSize=50311
LAYER=77 / layers=129  idx=32493 / solSize=50311
LAYER=120 / layers=129  idx=7274 / solSize=
91 / layers=50311  idx=503110 / layers=90
 / layers=129  idx=21090 / solSize=503115031112912956LAYER=
LAYER=109 / layers= #verts=129  idx=2572LAYER=50311
LAYER=73 / layers=129  idx=34337 / solSize=50311
LAYER=58 / layers=50311
LAYER=37 / layers=129  idx=46223 / solSize=

LAYER=107 / layers=129  idx=16038 / solSize=50311
LAYER=129  idx=1777 / solSize=50311
LAYER= / layers=10314528 / layers=37856 / solSize=80 / layers=129  idx=31127 / solSize=LAYER=129  idx=LAYER=1291295031150129LAYER= / solSize=50311
129LAYER=  idx=129LAYER=50311LAYER=111 / layers=
40  idx=
LAYER=
 / layers=  idx= / solSize=116 / layers=129  idx=10201 / solSize=50311
LAYER=  idx=  idx=108 / layers=129  idx=15592 / solSize=50311
LAYER=107
LAYER=68 / layers=129LAYER=  idx=31102 / solSize=5031150311129  idx=18427 / solSize=5031112240899 / solSize=50311
503115031112225602 / solSize=50311
23129 / layers= / layers=8774 / solSize=


115103LAYER= / layers=
LAYER=10754  idx=12950311
LAYER=81 / layers=LAYER= / layers=129  idx=10528 / solSize= / layers=120129
12433856LAYER=  idx=  idx= / layers=129LAYER=9625860[BC] solutionVector finite after write? LAYER= / layers=36610 / solSize=50311114 / layers=129129 / layers=  idx=16107 / solSize=129 / layers=50311124 / layers= / layers=129129  idx=22680 / solSize=50311
LAYER=93 / layers=129  idx=24488 / solSize=42264 / layers=40278LAYER=
13052 / solSize=  idx=11289 / solSize=  idx=129  idx=41508  idx=129 / layers=129 / solSize=129  idx= / solSize=50311
LAYER=1826750311 / solSize=  idx=
  idx=48776 / solSize=1295031150311  idx=50311  idx=4380 / solSize=LAYER=50311428692
110308205806 / solSize=yes
  idx=503115356
LAYER=121 / layers= / solSize=50311 / solSize= / solSize=50311 / solSize=50311
116LAYER=
LAYER=55 / layers=129  idx=41376 / solSize=50311
15650
 / solSize=  idx= / solSize=50311
LAYER=80 / layers=12950311
LAYER=29 / layers=129  idx= / solSize= / layers=
50311
LAYER=LAYER=100 / layers=129  idx=
 / layers=129  idx=9816LAYER=
121UPDATE VOLTAGE END  / layers=12950311LAYER=37 / layers=129  idx=46181 / solSize=50311
LAYER=74 / layers=129  idx=33744 / solSize=50311455575031150311
129129LAYER= / layers=9250311 / solSize=LAYER=LAYER=60129


47873  idx=LAYER=  idx=129  idx=20323113
50311 / layers=129  idx=39376 / solSize=  idx=LAYER=LAYER=114 / solSize=50311
LAYER=106 / layers=  idx=12151 / layers= / solSize=
 / layers=129  idx=119
123LAYER=LAYER=129  idx=24666 / solSize=50311117331296403LAYER= / layers=123 / layers=129  idx=5281 / solSize=50311
118  idx=
 / layers=5031199 / layers=129
52 / layers=129  idx=42225 / solSize=50311
 / solSize= / layers= / solSize=50311310157219LAYER=6567 / solSize=50311129LAYER=  idx=21134 / solSize=50311
LAYER=14 / layers=129LAYER=LAYER=109 / layers=129  idx=14457 / solSize=50311
  idx=129  idx=11021 / solSize=50311
 / layers=50311 / solSize=50311
LAYER=112UPDATE VOLTAGE START
 / layers=14219129 / layers=129  idx=547 / solSize=5031127 / layers=LAYER=16859 / solSize=50311

LAYER=129  idx=5213 / solSize= / layers= / solSize=129
[BC] updateElectrodeVoltage(12950311 / layers=
LAYER=
78  idx=  idx=5031112950311LAYER=50311  idx= / solSize=129
LAYER=111 / layers=129  idx=LAYER=109 / layers=129  idx=14682 / solSize=50311
LAYER=52 / layers=LAYER= / layers=149723 / solSize=50311
LAYER=42623105 / layers= / solSize=129  idx=
LAYER=78 / layers=129  idx=723225050311
64LAYER=76 / layers=13676129  idx=) V=129  idx=6168129  idx=17486 / solSize=50311
  idx=50311  idx= / layers=129  idx=34859 / solSize= / solSize=24940LAYER= / solSize=  idx=42089 / solSize=82161.40223LAYER=LAYER=7519 / solSize=
503118150311129107 / layers=50311321891071265258
48181 / layers= / solSize= / layers=
  idx=
LAYER=102 / layers=129  idx=18919 / solSize=50311
 #verts= / solSize= / solSize= / layers=129  idx=16172 / solSize=50311
LAYER=93LAYER=LAYER= / layers=5031112964LAYER=129LAYER=
5031150311515050311 / solSize=129 / layers=118 / layers=129  idx=8461109
 / layers=129  idx=37967 / solSize=50311
32946  idx=50311LAYER=107 / layers=

50311
 / solSize= / solSize=50311
LAYER=86 / layers=129 / layers=LAYER=56 / layers= / layers=129  idx=LAYER=38043 / solSize=129  idx=16170 / solSize=50311
LAYER=
  idx=LAYER=89 / layers=129  idx=26396 / solSize=50311
LAYER=71 / layers=129  idx=35336129LAYER=10650311[BC] solutionVector finite after write?   idx=94
  idx=90 / solSize=50311104LAYER= / solSize=
 / solSize=50311
LAYER=59 / layers=129  idx=39938 / solSize=50311 / layers=
91 / solSize=LAYER=126 / layers=129  idx=27372786715707 / layers=129 / layers=  idx=125129408305031150311
129LAYER= / layers=129  idx=  idx= / solSize= / layers=50311
LAYER=100 / layers=129
 / solSize=12926237  idx= / solSize=

LAYER=119 / layers=129  idx=7936129129yes2522659 / solSize=LAYER=86 / layers=129  idx=27871 / solSize=50311
LAYER=121 / layers=129LAYER=50311
LAYER=125 / layers=LAYER=91 / layers=129  idx=LAYER= / solSize=50311
  idx=30771
24328 / solSize=50311
  idx=42473  idx=6263 / solSize=50311
LAYER=50311  idx=LAYER=  idx= / layers=UPDATE VOLTAGE END 
 / solSize=  idx=503112054260122 / solSize=17908 / solSize=6150311 / solSize=40169167671295031150311
LAYER=18 / layers=LAYER=14860 / solSize=50311

 / layers= / layers= / solSize=25399 / layers=

50311129  idx=
 / solSize=64LAYER=129UPDATE VOLTAGE START50311 / solSize= / solSize=50311
LAYER=127 / layers=129  idx=2066 / solSize=

LAYER=50311
LAYER=90 / layers=129  idx=25964 / solSize=LAYER=5031194 / layers=129  idx=37952 / solSize=
129LAYER=50311
  idx=50311118111LAYER=23747LAYER= / layers=50311 / layers=123 / layers=129129  idx=503113572 / layers= / layers=129  idx=13097 / solSize=63 / solSize=115 / layers=129129

LAYER=96 / layers= / solSize=129  idx=4688 / solSize=50311
  idx=[BC] updateElectrodeVoltage(
39442 / solSize=50311

12950311
LAYER=94  idx=50311
12950311LAYER=
12923728 / solSize=50311
  idx=LAYER=  idx=LAYER=  idx= / layers=78 / layers=28LAYER=  idx=
) V=553210039788 / solSize=5031145 / layers=129  idx=44266 / solSize=50311
LAYER=89 / layers=129  idx=26488 / solSize=50311
LAYER=93 / layers=8641 / solSize=12950311
10627LAYER= / layers=129  idx=47952  idx=129  idx=23649 / solSize=50311
LAYER=32 / layers=129LAYER=35 / solSize=LAYER=LAYER=LAYER= / solSize=50311
  idx=LAYER= / layers=LAYER=
LAYER= / layers=  idx=LAYER=LAYER=  idx=23568 / solSize=50311
 / layers=7250311
117LAYER=115 / layers=68129129129  idx=32285 / solSize=50311
129121 / layers=129  idx=6438 / solSize=50311
 / solSize=2247272 / solSize=50311
LAYER=LAYER=72 / layers=129  idx=34562 / solSize=129 / layers=113743932098  idx=2420450311
38230 / layers= / layers=8350311102  idx=46720 / solSize=12950311  idx= / layers=1290.832181 / solSize=  idx=49352 / solSize=50311
LAYER=63 / layers=129  idx=38495 / solSize=50311
  idx= / solSize=50311
LAYER=129 / layers=129  idx=19027 / solSize=
9083 / layers=LAYER=129  idx= / solSize=  idx=10507 / solSize=50311
LAYER=128 / layers=862257820330129 / layers= / layers=LAYER=125 / layers=129  idx= / solSize=70LAYER=LAYER= / layers= / solSize=5031150311 / solSize=129  idx=48858 / solSize=50311
LAYER=83 / layers=129  idx=29495LAYER=375811234063  idx= / layers= / layers=94 / layers=

 / solSize=5031150311
 / solSize=  idx=129129 / solSize=48129LAYER=50311
 / solSize=LAYER=78 / layers=129
  idx=LAYER=111 / layers=129
129LAYER=80 / layers=129  idx=308839250311
  idx=  idx=21487 / solSize=50311129 / layers=715031132075  idx=12950311LAYER=50311 #verts= / layers=12950311 / layers=  idx= / solSize=50311
LAYER=
LAYER=  idx=LAYER=108 / layers= / layers=12936400  idx=
LAYER=129
129
13231 / solSize=8734852  idx=29869129  idx=25178 / solSize=
35694  idx=LAYER=1197447LAYER=LAYER=106 / layers=129  idx=50311 / layers=24029 / solSize=50311
 / solSize=LAYER= / solSize=77LAYER=12335362 / solSize=50311
LAYER=107 / layers=129  idx=15998 / solSize=50311
86887 / layers=129  idx=27788 / solSize=50311  idx=2116733129
129  idx=50311110 / layers=129  idx=13915 / solSize=50311  idx=50311
LAYER= / layers= / solSize=81 / solSize= / solSize=
 / layers=  idx=LAYER= / solSize=
LAYER=43329129  idx=50311 / layers=2770050311
LAYER=82 / layers=129  idx=29946 / solSize=51 / solSize=129101537766  idx=50311
32369129
LAYER=31 / layers=50311LAYER=LAYER= / layers=50311
 / solSize=LAYER=100 / layers=129  idx=20245104129 / layers=50311
 / solSize=  idx= / solSize=11586 / solSize=129  idx=5080 / solSize=50311
LAYER=50311 / layers=129  idx=18050  idx=49045 / solSize=50311129LAYER=LAYER=109 / layers=129  idx=14748 / solSize=50311
27881 / layers=5031130733 / layers=50311 / solSize=50311 / solSize=
LAYER=92 / layers=129  idx=24769 / solSize=50311
LAYER=104 / layers=129  idx=17697 / layers=
LAYER=97129  idx=43543 / solSize=50311



129
5031150311
50311
LAYER=30 / layers=129129120 / solSize= / solSize=7559[BC] solutionVector finite after write? LAYER=

129LAYER= / solSize= / layers=129  idx=7377 / solSize=50311  idx=27865 / solSize=LAYER= / layers=129  idx=33575 / solSize=50311
50311
116LAYER=125  idx= / solSize=50311 / layers=
82 / layers=129  idx= / layers=LAYER=50311  idx=LAYER= / layers=129  idx=9970 / solSize=50311  idx=50311
LAYER=yesLAYER=5031112929945129  idx=
 / layers=  idx=6847564
70 / layers=129  idx=35416 / solSize=50311
LAYER=
LAYER=LAYER=398044447344 / solSize=50311
LAYER= / solSize=LAYER=LAYER=37415LAYER= / solSize=104 / layers=129  idx=17682
 / solSize=129 / layers= / layers=LAYER=69 / solSize=70 / solSize=50311
50 / solSize=12550311LAYER=109LAYER=93555031150311 / layers= / layers= / layers=


129129 / layers=129116 / layers= / layers=  idx=
LAYER=129129129  idx=3633 / solSize=50311
LAYER=10820LAYER=115 / layers=  idx=44438 / solSize=50311
LAYER=  idx=6255 / layers=50311129  idx=41227 / solSize=50311
 / layers=
LAYER=125 / layers=129  idx=31113303 / solSize=  idx=122 / solSize=12936580 / solSize=LAYER= / layers=LAYER=LAYER=
905031150311
129LAYER=11450311  idx=12812982 / layers=129  idx=30136 / solSize=50311
98 / layers=  idx=LAYER=107UPDATE VOLTAGE END  / solSize= / layers=129  idx=26096 / solSize= / layers=50311
88 / layers=  idx=10157 / solSize=50311

LAYER=50311 / layers=129  idx=935 / solSize=50311
LAYER=128 / layers=129  idx=1068 / solSize=50311  idx=
12935786 / solSize=50311


129  idx=38886 / solSize=50311
LAYER=LAYER= / layers=129  idx=5637 / solSize=50311
12942953LAYER=115 / layers=1050812936212 / solSize=50311
LAYER=68 / layers=12949LAYER=  idx=  idx= / layers=50311UPDATE VOLTAGE START76 / layers=129  idx=32782 / solSize=50311

56LAYER=LAYER=129
  idx=  idx= / layers=14869 / solSize=50311
 / layers=12921633 / solSize=50311
129LAYER=
LAYER= / layers=124  idx=123LAYER=4113236625 / solSize=50311
LAYER=LAYER=  idx= / layers=
 / layers=[BC] updateElectrodeVoltage(  idx=LAYER=12957 / layers=129  idx=40572 / solSize=50311
LAYER=89 / layers=129  idx=26779 / solSize=5031111477129  idx=4181 / solSize=50311
LAYER=129100 / layers=12922291127 / solSize=114  idx=41069 / solSize=50311
  idx=LAYER=129 / solSize=983  idx=  idx= / solSize=50311
129LAYER=50311  idx=120  idx=
50311 / layers=129  idx=21790 / solSize=50311
97 / solSize= / layers=112  idx=43088122105689870LAYER=27288) V=20099

LAYER= / layers=50311 / layers=129 / solSize= / layers=129  idx=5411 / solSize=50311
 / solSize= / layers=15932LAYER= / solSize=50311
LAYER=125 / solSize=LAYER=1.436774695129
 / layers=129 / solSize=LAYER=50311
LAYER= / solSize=5450311129  idx=21223 / solSize=50311
LAYER=123 #verts= / layers= / solSize=50311
LAYER=43 / layers=129  idx=LAYER= / layers=  idx=503112131
  idx=LAYER=98 / layers=129  idx=21383 / solSize=LAYER=50311
LAYER= / layers=129  idx=5137 / solSize=3560LAYER=  idx=12845 / solSize=50311
129129 / solSize=  idx=1002200442750311
5031150 / layers=129  idx=129 / layers=3956944661 / solSize=110  idx=11108 / solSize=503113807 / solSize=50311
 / layers=50311LAYER= / solSize=50311
 / layers=LAYER=122 / layers=129  idx=
LAYER=60 / layers= / layers=
LAYER=LAYER=50311 / layers=
LAYER=127 / layers=129  idx=1811 / solSize=50311
 / layers= / layers=129  idx=7405 / solSize=50311
129LAYER=124 / layers=129  idx=3983 / solSize=50311
LAYER=124 / layers=LAYER=129 / layers=50311
 / solSize=LAYER=LAYER=123129LAYER=93129129110  idx=41402 / solSize=50311

LAYER=68129125 / layers=129  idx=4739129  idx=129 / layers=
2408559  idx=3992  idx=12986LAYER=80 / layers=129  idx=31067 / solSize= / layers=50311  idx=39587  idx=120129[BC] solutionVector finite after write?  / layers=129  idx=39814 / solSize=50311
 / solSize=LAYER=111 / layers=129  idx=13466 / solSize=50311
LAYER=14 / layers=129  idx=49680 / solSize=50311
  idx=526124 / solSize=50311
LAYER=1295950177 / solSize= / layers=5745 / layers=  idx=50311yes129 / layers= / solSize=137635031150311
 / layers=
 / solSize=
50311
LAYER=108 / layers=LAYER=129116 / layers=129 / solSize=35784129  idx=20589 / solSize=50311
LAYER=LAYER=  idx=  idx= / solSize=50311
LAYER=54 / layers=129
  idx=LAYER=50311
LAYER=81 / layers=  idx=50311  idx= / solSize=3270  idx= / solSize=24382
46580 / solSize=50311
 / layers=LAYER=  idx=LAYER=129
 / layers=223660712978
698750311
9997 / solSize=50311UPDATE VOLTAGE END 129  idx=914501541455  idx=28366LAYER=65 / layers=129  idx=15268 / solSize=50311
LAYER=102 / layers=129  idx=19133 / solSize=129 / solSize=50311
 / layers=LAYER=12950311 / layers=1294115
 / solSize=50311
 / layers=  idx= / solSize=30776 / solSize= / solSize=5031150311  idx=129LAYER=  idx= / solSize=UPDATE VOLTAGE START / solSize=LAYER= / layers= / layers=LAYER=50311



  idx=  idx=49142495031112997101
50311LAYER=12963LAYER=3982912925705 / solSize=
20733
 / layers= / layers=
  idx=22332 / solSize=50311
LAYER=123 / layers=129  idx=34 / solSize=50311
37629  idx=9729 / solSize=50311
LAYER=41 / layers=129  idx=45172 / solSize=50311LAYER=  idx= / solSize=50311
LAYER=125129LAYER=36 / layers=129  idx=46388 / solSize=50311
LAYER=129129[BC] updateElectrodeVoltage(50311 / layers=4966 / layers= / layers=129  idx=46786 / solSize=50311 / solSize=50311
LAYER=
LAYER=92LAYER=  idx=32237 / solSize=50311
LAYER=81 / layers=129  idx=30398 / solSize=  idx=  idx=
129  idx=19778 / solSize=50311
LAYER=44 / layers=129  idx=95LAYER= / layers=25 / layers=129LAYER=62 / layers=129  idx=38747 / solSize=LAYER=443029 / solSize=50311
 / solSize=21957 / solSize=50311
 / solSize=116LAYER=
129124 / layers=  idx=LAYER=89 / layers=129944881450311
LAYER=96 / layers=129  idx=22855 / solSize=50311
LAYER=50503115031159 / layers=129 / layers=  idx=129 / layers=63129  idx=4091 / solSize=50311
LAYER=64 / layers=129  idx=38128) V=LAYER=12911550311

LAYER=129  idx=25187 / layers=129  idx=38531 / solSize=50311
LAYER=15 / layers=129  idx=49606 / solSize=LAYER= / layers=129  idx=522 / solSize=50311
 / layers= / layers=  idx=LAYER=32 / layers=129  idx=47259 / solSize=50311
LAYER=29 / layers=129  idx=47723 / solSize=50311
LAYER=104 / layers=129 / layers=3664 / solSize=50311
27 / solSize= / solSize=50311
44400
38344  idx=12926564 / solSize=50311
  idx=  idx=101LAYER= / layers=LAYER=50311
LAYER=LAYER=78 / layers=129 / solSize=50311 / solSize=5031139739  idx=-0.18416LAYER=2298210612950311 / solSize=12981  idx=
 / solSize=129118 / solSize= / layers=  idx=
  idx=23549 / solSize=50311
 / layers=129  idx=4831899 / solSize=50311
LAYER=1040150311 #verts= / layers= / layers=12961757812950311LAYER=48120 / solSize=5031150311LAYER=129LAYER=105 / layers=129  idx= / layers=
5031148 / solSize=
 / solSize=50311
LAYER=25 / layers= / layers=129100 / layers=129  idx=20409 / solSize=50311
LAYER=100 / layers=129  idx=20148 / solSize=50311
LAYER=106 / layers=48
LAYER=106 / layers=129  idx=16297 / solSize=50311
  idx=16942129  idx=43334 / solSize=50311 / layers=
LAYER=107 / layers=129  idx=16263 / solSize=50311
5050311
  idx=129  idx=  idx=  idx=12930519 / solSize=8587 / solSize=50311
 / solSize=50311
LAYER=
129129
LAYER=[BC] solutionVector finite after write? yes
UPDATE VOLTAGE END 
UPDATE VOLTAGE START
[BC] updateElectrodeVoltage(5 / layers=LAYER=48405 / solSize=50211  idx=LAYER=19619

LAYER=  idx=LAYER=) V=163290.889202LAYER=50311 / solSize=50311
48364 / solSize=124LAYER= / solSize=118LAYER=LAYER=102 / layers=16779123 #verts=57 / layers=129  idx=
  idx=50311503118350311 / solSize=50311 / layers=129  idx=8428 / solSize=8686 / layers=129 / solSize=50311
LAYER=112 / layers=129  idx=12756 / solSize=50311 / solSize=50
[BC] solutionVector finite after write? yes
UPDATE VOLTAGE END 7343280LAYER= / layers=LAYER=
LAYER= / layers=129  idx=
  idx=42789 / solSize=50311
  idx=
UPDATE VOLTAGE START
[BC] updateElectrodeVoltage(6 / layers= / solSize=50311
LAYER=75 / layers=126
119 / layers=129129  idx=  idx=12165 / layers=LAYER=
27872 / solSize=10011 / solSize=50311
 / layers=12912950311
LAYER=93129  idx=33349 / solSize=50311
LAYER= / layers=29851 / solSize=50311 / layers=40422 / layers=12958 / layers=129  idx=37530 / solSize=50311
LAYER=115 / layers=129  idx=10944 / solSize=50311LAYER=129  idx=  idx=90129  idx=2987 / solSize=129129LAYER=129  idx=6042 / solSize=50311
LAYER=123 / layers=129  idx=4733 / solSize=50311 / layers=129  idx=40364 / solSize=50311
  idx=
77LAYER=54 / layers=129  idx=41653 / solSize=50311
LAYER=127 / layers=129  idx=1863 / solSize=50311
 / layers=19312 / solSize=50311
LAYER=83 / layers=LAYER= / layers=129  idx=26089
50311
 / solSize=  idx=LAYER=
LAYER=79 / layers=) V=LAYER= / layers=129  idx=32708 / solSize=129LAYER=3428660 / solSize=
LAYER=50311
  idx=104129107  idx=27952119 / solSize=50311
LAYER=84 / layers=129  idx=29299 / solSize=50311
LAYER=50311
LAYER=119 / layers=129  idx=7806 / solSize=50311LAYER=65 / layers=129  idx=37508 / solSize=50311
43490LAYER=128117  idx= / layers=129  idx=15688 / solSize=24586 / solSize=50311LAYER= / layers=129  idx=7996 / solSize=50311
 / layers=104 / layers=129  idx=17578 / solSize=LAYER=
50311
LAYER=95 / layers= / solSize=129 / layers=0.182899129 / solSize= / layers=LAYER=5031183LAYER=LAYER=113 / layers=129  idx=11707 / solSize=50311
LAYER=102 / layers=1127579  idx=23121 / solSize=50311
LAYER=  idx=129122  idx=5031117928 / solSize=12982
LAYER=47 / layers=129  idx=5031179 / layers=129  idx=31741 / solSize=50311
 / layers=LAYER=45 / layers= #verts=50311
 / layers=
2971850311  idx=43819 / layers=129  idx=30329 / solSize=50311
LAYER=85 / layers=50311
129519812951 / layers=LAYER=12912931363 / solSize= / solSize=11439438 / solSize=50311
129
  idx= / solSize=1209  idx=12428 / solSize= / layers=105
[BC] solutionVector finite after write? yes
UPDATE VOLTAGE END 
UPDATE VOLTAGE START
[BC] updateElectrodeVoltage(7) V=LAYER= / solSize=50311 / solSize= / layers=LAYER=  idx=2860512912950311 / layers=129  idx=17337 / solSize=50311
5031141 / layers=129  idx=
50311
LAYER=99 / layers=129  idx=21063 / solSize=
129  idx=11625 / solSize=50311
LAYER=20 / layers=
129 / solSize=  idx=50311
-0.332438LAYER=
LAYER=LAYER=5031179129LAYER=5031190  idx=44172
  idx=503114536412318 / layers= / layers=129  idx=  idx=592450311  idx=  idx=129LAYER=9249324 / solSize=50311
LAYER=910531 / layers=
4351 / layers=  idx=
  idx=80 / layers=129LAYER= / solSize= / layers= / solSize=1880229843LAYER=LAYER=LAYER= / solSize=129 / solSize=49131LAYER=
 / solSize= / solSize=5031150311129118 #verts=63  idx= / layers=  idx= / solSize=50311
785031150311
LAYER= / solSize=461950
[BC] solutionVector finite after write?  / layers=129  idx=38519 / solSize=50311
50311 / solSize=LAYER=30983LAYER=


  idx= / layers=12950311 / layers=129  idx=129yes
LAYER=
LAYER=82 / layers=31564129121 / layers= / solSize=LAYER=
LAYER=  idx=50311
LAYER=127 / layers=129  idx=2076LAYER=471549175  idx=106 / layers=129  idx=16571 / solSize=50311
129 / solSize=  idx=25980 / layers=129  idx=6719 / solSize=50311
LAYER=16LAYER=110LAYER=112
 / layers=87 / solSize= / solSize=UPDATE VOLTAGE END 2493747427  idx=50311 / solSize=129 / layers=129  idx=4951232 / layers=129  idx=84117 / layers=43827 / solSize= / layers=12950311LAYER= / solSize=50311
 / solSize=LAYER=300283250311  idx=32057 / solSize=50311
 / layers=129  idx=12841 / solSize= / solSize=50311
LAYER=5150311129  idx=27493 / solSize=50311
 / solSize=

  idx=8550311
LAYER=119 / layers=50311 / layers=129  idx= / solSize= / layers=5031150311129
[RUN] begin: sol size=50311 / layers=LAYER= / layers=6713957
LAYER=118 / layers=129  idx=8357 / solSize=LAYER=50311
LAYER=118 / layers=47229129129LAYER=
LAYER=

12939 / layers=129
106 / layers=129  idx=1634750311  idx=54  idx=LAYER=121 / layers=129  idx=6636 / solSize=50311
LAYER=120 / layers=129  idx=7102 / solSize=LAYER=50311LAYER=
 / layers=  idx=9184 / solSize=50311
LAYER=50311106129129  idx=  idx=LAYER=8805 / layers=86
LAYER=88 / layers=129  idx=7526936 / solSize=50311
LAYER=124 / layers=129  idx=4527 / solSize=50311
LAYER=93 / layers=129  idx=24337 / solSize=50311
  idx=LAYER=94 / layers=12931 / layers=129  idx=47503 / solSize=50311 / layers=47184  idx=LAYER= / solSize=4264350311 / solSize=7953129  idx=41401 / solSize= / layers= / layers=12929054LAYER=  idx=36956 / solSize=50311129  idx= / solSize=
 / solSize=2848091 / solSize=
88 / solSize=129  idx=24070 / solSize=50311
50311 / solSize=50311
80LAYER=122 / layers=129  idx=5578 / solSize=50311
LAYER=57 / layers=129  idx=40452 / solSize=50311
50311LAYER=5031150311 / solSize= / layers= / layers= / layers=129  idx=27272 / solSize=50311
[RUN] solutionVector finite at entry? LAYER=yes  idx=
5031116700LAYER=LAYER=

LAYER=115 / layers=129  idx=10974 / solSize=50311
 / solSize=
129129  idx=107 / layers=129  idx=15924 / solSize=50311
LAYER=LAYER=
LAYER=28196 / solSize=
96129LAYER=119 / layers=129  idx=7476 / solSize=  idx=50311
LAYER=112 / layers=129  idx=12932 / solSize=5031145672102 / layers=129  idx=18993 / solSize=50311
LAYER=98 / layers=129  idx=21525 / solSize=50311
503116050311 / solSize=50311LAYER=60122LAYER=  idx=33359 / solSize=50311

LAYER=89 / layers=129  idx=26491 / solSize=50311
LAYER=32 / layers=129  idx=47146 / solSize=50311
LAYER=123 / layers=129  idx=49492538550311
101 / layers=129  idx=39555 / solSize= / solSize=LAYER=
50311
 / layers= / layers= / layers=
116
LAYER= / layers=LAYER= / solSize= / layers=50311

LAYER=7129  idx=5885 / solSize=50311
LAYER=129LAYER=
 / solSize=LAYER=LAYER=5031150311116 / layers=129  idx=97LAYER=1298062 / layers=129  idx=25 / layers=5031150311
125LAYER=84 / layers=129  idx=29150 / solSize=50311
LAYER=LAYER=
LAYER= / layers=96979253 / layers=22806  idx=19979 / solSize=LAYER= / layers=
 / layers=90129LAYER=129 / layers=12972129 / solSize=
12955129129 / layers=  idx=61  idx=39630 / solSize=50311
 / layers=  idx= / solSize=  idx=86LAYER= / layers=129  idx=41146 / solSize=  idx=50311

12931256LAYER=129  idx=42033 / solSize=50311
 / layers=129311655031120 / layers=129  idx=49143 / solSize=LAYER=LAYER=LAYER= / solSize=22094  idx= / layers=27LAYER=13 / layers=50311 / layers=  idx=39153 / solSize=50311  idx=
LAYER=109 / layers=129  idx=14471 / solSize=50311
11050311  idx=50311107101708342 / solSize=50311
LAYER=126 / layers=129  idx=
2945LAYER=76 / solSize=1231298738936LAYER= / layers=
48455
 / solSize=50311 / solSize=50311
129 / layers=129  idx=32799 / solSize=50311
12950311
 / layers= / layers=129  idx=27719 / solSize=50311
24943 / solSize=12950311 / solSize=50311

LAYER= / solSize=LAYER=LAYER=  idx= / layers=129110LAYER=50311

  idx=
13744 / solSize=50311
LAYER=LAYER=LAYER=3550311 / layers=
  idx=  idx=49765 / solSize=129  idx=48103 / solSize=50311
  idx=4799 / solSize=50311
LAYER=108LAYER=LAYER=90 / layers=LAYER=86LAYER=  idx=LAYER=50311
LAYER= / layers=45 / layers=12027895 / solSize=50311103122 / layers=12912974 / layers= / layers=26080316842 / layers=129  idx=45002 / solSize=94129 / layers=129
 / layers= / layers=  idx=5427 / solSize=50311
129  idx=50167 / solSize=50311
LAYER=111 / layers=129129  idx=28172 / solSize=50311
129 / solSize= / solSize= / solSize=LAYER= / layers=  idx=124129 / layers=129  idx=  idx=LAYER= / layers=5031150311LAYER=129  idx= / layers=4425850311LAYER=  idx=1396750129  idx=6794 / solSize=50311
LAYER=

112  idx=15126129129
11218483 / solSize=  idx=46634129LAYER=30 / layers=  idx= / layers=129128  idx=15702 / solSize= / solSize= / solSize=  idx=26090 / solSize=50311
LAYER=117 / layers=129  idx=8917 / layers= / solSize=12752 / solSize=  idx=338132375350311  idx=5031150311
129LAYER=119 / layers=129  idx=7738 / solSize=12950311 / layers= / layers=43 / solSize=
 / layers= / solSize=1293998  idx=
13044LAYER=
50311 / layers=129  idx=44788 / solSize=5031150311

 / layers=129  idx=LAYER=50311  idx=12674 / solSize=50311
34930 / solSize=50311
 / solSize=47541 / solSize=50311
LAYER= / solSize=50311LAYER=
50311104 / layers=129129  idx=42781 / solSize=50311
LAYER=73 / layers=129  idx=34185 / solSize=50311
LAYER=46 / layers=129LAYER=LAYER=11550311
LAYER=91 / layers=LAYER=76LAYER=
LAYER=42 / layers=129 / solSize=LAYER=
1295031150311  idx=
126 / layers=129129  idx=46 / layers=129116 / layers= / layers=129  idx=5031172  idx=42184
LAYER=LAYER= / layers=129  idx=83  idx=LAYER=25252 / solSize=50311
LAYER=77 / layers=129  idx=9972
 / layers=  idx=
77  idx=  idx=24903643898LAYER= / solSize=325881292912944938 / solSize=50311  idx=
LAYER=101 / layers=129LAYER=1375129 / layers=43870 / layers=129  idx=46478 / solSize=50311
62LAYER=116 / layers= / solSize=LAYER=LAYER= / solSize=  idx= / layers=17734  idx=12850107 / solSize= / solSize=  idx= / solSize= / layers=5031111250311
LAYER=69 / layers=129  idx=329201696  idx= / solSize= / layers=50311
LAYER=92 / layers=1295031112950311112
 / solSize=50311129  idx=38661 / solSize=50311
LAYER=106 / layers=129  idx=16397 / solSize=50311
120 / solSize=1943950311
LAYER=12950311  idx=32293 / solSize=50311
10903
  idx=50311LAYER= / solSize=
 / layers=88 / layers=129  idx=36023  idx=129LAYER= / solSize=50311
LAYER=48 / layers= / layers=LAYER=50311LAYER=478113471227162
 / solSize=15953112 / layers=129  idx=12888 / solSize= / solSize=
129  idx=
 / layers=95 / layers= / solSize=12927 / layers=50311
 / solSize=  idx=
LAYER=LAYER=35 / layers=129  idx=46667 / solSize=LAYER= / layers=129  idx=23497 / solSize=50311
129LAYER=97129 / solSize=105977050311 / solSize=7081117LAYER=50311
LAYER=5031110050311 / layers=12912950311 / layers=
LAYER=106 / layers=50311 / solSize=10480  idx=50311 / layers=129  idx=
  idx=  idx= / layers=25147LAYER= / solSize=129
 / layers=129  idx=
129129  idx=48044 / solSize=5031177  idx=4328012930908
  idx= / solSize=LAYER=74 / layers=129  idx=33815 / solSize=50311
LAYER=107 / layers=129  idx=16041 / solSize=12509LAYER=31 / layers=129 / solSize=50311 / layers=50311 / solSize=  idx=LAYER= / solSize=12601LAYER=
  idx=129 / solSize=50311
LAYER=102 / layers=2971050311
129
LAYER=9350311
LAYER=121 / layers=129  idx=6211 / solSize=50311  idx= / solSize=50311
50311 / solSize=50311
LAYER=LAYER=
LAYER=81 / layers=LAYER=17167 / layers=129  idx=LAYER=24598 / solSize=50311
LAYER=2208765  idx=LAYER=5031171 / layers=5031184129  idx=30600 / solSize= / solSize=
2050650311
LAYER=62 / layers=129  idx=38750 / solSize=50311
LAYER=11890
 / solSize= / layers=47401129  idx=  idx=
126 / layers=129  idx=250812950311
 / layers= / solSize=50311LAYER=108  idx= / layers= / solSize=32403 / solSize=50311
LAYER=12950311
129LAYER=83 / layers=129  idx=29877LAYER=
LAYER=129LAYER=16537
 / layers=  idx=25981 / solSize=50311
LAYER=  idx=50311116  idx=72 / solSize= / layers=129  idx=34639 / solSize=50311
LAYER=940443129  idx=17625 / solSize=50311
82 / solSize=35060 / solSize=50311LAYER=
 / layers=129  idx=9705 / solSize=50311
LAYER=29012LAYER=81 / layers=129  idx=LAYER= / layers=82 / layers=129LAYER= / layers=4531 / solSize=
50311126 / layers=129  idx=2868 / solSize=50311
 / layers=8412915 / layers=37767  idx=1730559
88129 / solSize=47 / layers=50311
LAYER=LAYER=50311LAYER= / layers=  idx= / solSize=19302 / layers=50311 / layers=129
9815 / layers= / layers=12910412944775 / solSize=  idx=129 / solSize=50311
LAYER=114
 / layers=LAYER=35 / layers=129  idx=49607LAYER= / layers=129129  idx=  idx= / layers=49638 / solSize=50311
LAYER=74 / layers=129  idx=338095031130188 / solSize=50311
LAYER=129  idx=
 / solSize=50311
LAYER=129  idx=21373 / solSize=50311
 / solSize=LAYER=108 / layers=129  idx=15061 / layers=15152129 / solSize= / solSize=126 / layers=129  idx=2635 / solSize=50311  idx=5031111193  idx=95 / layers=50311
129LAYER=LAYER=129
  idx=  idx=129
 / solSize=  idx= / solSize=LAYER=LAYER=  idx= / layers=  idx=83122  idx=44132 / solSize=30323  idx=50311 / solSize=
LAYER=43 / layers=47391 / solSize=50311117 / layers=129  idx=8968 / solSize=10512912927211  idx=503114947128922LAYER=46597
LAYER=8150311
 / layers=5031150311
8732 / layers=43635 / solSize=50311
 / layers=22957 / solSize=50311 / solSize= / solSize= / solSize=50311
LAYER=129129

 / layers=LAYER=LAYER= / solSize=  idx= / solSize=
129  idx= / solSize=
50311
126LAYER=50311
95  idx=44676 / solSize=50311
110LAYER=4992 / layers=129  idx=24899 / solSize=181471292950950311LAYER=LAYER=78 / layers=129 / layers=50311129LAYER= / layers=129  idx=42997 / solSize=50311
LAYER=125 / layers=129  idx=5031150311  idx=50311
LAYER=123 / layers=129  idx=4927 / solSize=50311
LAYER=124 / layers=129  idx=4553 / solSize= / layers=  idx=23430 / solSize=50311
46  idx=5874 / solSize=50311
44 / layers=
 / solSize=LAYER=17216 / solSize=50311
 / solSize=LAYER=LAYER=  idx= / layers=96 / layers=129  idx=43990 / solSize=50311
LAYER=LAYER=503113473
LAYER=11850311LAYER=LAYER=129 / layers=129  idx=22442 / solSize=50311
4LAYER= / solSize=1295031183 / layers=129
3075071110 / layers=129  idx=13731 / solSize=50311
LAYER=  idx=32
84118 / layers=129  idx=8831 / solSize=50311
LAYER=114 / layers=129  idx=11557 / solSize=50311
LAYER=  idx=LAYER=50311

 / layers=129  idx=29518 / solSize=50311
LAYER=108 / layers=129  idx=15336 / solSize=50311
129  idx=8364 / solSize=50311
LAYER=7 / layers=50311129  idx=106 / layers=LAYER=28 / layers=129  idx=47921109129 / layers=78
44457 / solSize=50311
LAYER= / solSize=LAYER= / layers=50145 / solSize=50311
 / layers=129  idx=50251 / solSize=50311 / solSize=50311
 / layers=  idx= / layers=126 / layers=129  idx=3185312979LAYER=107 / layers=129  idx=15727 / solSize=50311
LAYER=11689LAYER=LAYER=10798LAYER=LAYER=13830129  idx=16428 / solSize=50311
LAYER=LAYER=129129  idx= / layers=
  idx=
5031168 / layers= / layers=28 / layers= / solSize=70LAYER=
127 / layers= / solSize=4718712932218  idx=2340 / layers=
 / layers=12954 / layers=129503112355  idx= / solSize=50311
LAYER= / solSize=50311
 / layers= / solSize=50311
129LAYER=125LAYER=  idx=36417 / layers= / solSize=  idx=LAYER=87129
LAYER=120 / layers=129  idx=50311 / solSize=50311
LAYER=99111129  idx=10284 / solSize=50311
 / layers=125 / layers=129 / layers=129129129 / layers=  idx=55
12929173 / layers=LAYER=  idx=129  idx=35594 / solSize=50311
129  idx=  idx=26658 / solSize=50311
  idx=  idx=6817 / layers=35008503111295512931661  idx= / layers=12947948 / solSize=50311129  idx=LAYER= / solSize=50311
LAYER=96 / layers=129  idx=22493
LAYER=LAYER=LAYER=  idx= / layers=LAYER=129  idx=41212 / solSize=50311
LAYER=87 / layers=129  idx=27764 / solSize=50311
LAYER=80129 / solSize=21590  idx=14583
LAYER=105 / layers=12984 / solSize=LAYER=51 / layers=129  idx=42487 / solSize=45101 / layers=129  idx=19882 / solSize=50311
LAYER= / layers=91 / layers=129  idx=25538 / solSize=LAYER=  idx=50311  idx=
1572516093764 / layers=129  idx=  idx=50311
50311 / layers=129  idx=31297 / solSize= / solSize=12327476 / solSize=50311
LAYER=70 / layers=129  idx=35460 / solSize=50311
 / solSize=LAYER= / solSize=3073 / solSize=50311
LAYER=  idx= / solSize=12417457 / solSize=50311
LAYER=1360950311129  idx=44114 / solSize=50311
 / layers=129  idx=4979LAYER=  idx=10250311 / layers=12250311 / solSize=50311
LAYER=

118LAYER= / solSize=5031129063LAYER=1941128 / layers=129  idx=5482 / solSize=50311
275031150311
50311 / layers=129  idx=12676 / layers=129  idx=33030 / solSize= / solSize= / solSize=8112920835 / layers=129  idx=48196 / solSize=50311
LAYER=100 / layers=129  idx=20138
LAYER=LAYER=
8382LAYER=95 / layers=129  idx=23339 / solSize=50311 / solSize= / layers= / layers= / solSize=50311
LAYER=90 / layers=129  idx=25959 / solSize=50311
LAYER=97 / layers=129  idx=22223 / solSize=50311

LAYER=85 / layers=129 / layers= / solSize=LAYER= / solSize=50311 / solSize=
LAYER=50311
LAYER=54 / layers=129  idx=12950311129  idx=503114025  idx=
50311  idx=57 / layers=50311LAYER=50311127
LAYER=
LAYER=57 / layers=129  idx=40711 / solSize=50311129 / solSize=28801LAYER=23 / layers=129LAYER=
41518 / layers=1291291075941649
 / layers= / solSize=129  idx=1648 / solSize=72LAYER=98  idx=  idx= / solSize=50311
LAYER=123 / layers=129  idx=5085 / solSize=18800 / solSize=50311
50311 / layers=129 / solSize=  idx=LAYER=
 / layers=LAYER=50311
118 / solSize=50311

LAYER=50311

LAYER=54 / layers=129  idx=41661 / solSize=50311
LAYER=85 / layers=  idx=16052 / solSize=50311
LAYER=  idx=49207LAYER= / layers=50311 / layers=2648129LAYER= / layers=
114LAYER=
12950311 / solSize=40555129
LAYER=54 / layers=12612930722120LAYER=  idx=50311 / solSize=129 / solSize=  idx=80 / layers=129  idx=30947 / solSize=50311
LAYER=62 / layers=129  idx=38874 / solSize=50311 / layers=129  idx=3054 / solSize=50311
LAYER=79LAYER= / solSize=105 / layers=104 / layers=129  idx=17639 / solSize=50311
129  idx=5031185  idx=50311
LAYER=LAYER=  idx= / layers= / layers=123  idx=
125129  idx=LAYER=1148539814 / solSize=50311
LAYER=127 / layers=1292179099 / layers=129  idx=20966 / solSize=50311

LAYER=
10512912928636LAYER=28 / layers=129  idx=47974 / solSize=50311 / solSize=50311
48741  idx= / solSize=LAYER= / layers=34669LAYER=70 / layers=129  idx=35604 / solSize=50311
LAYER=62 / layers= / layers=  idx=129 / solSize=99
50311 / solSize=50311
LAYER=92 / layers=50311798278129  idx=129 / layers=  idx=  idx=38929 / solSize=50311
10LAYER=LAYER= / layers=129  idx=20946 / solSize=50311
17368 / layers=46129 / solSize=  idx=  idx=LAYER=  idx=LAYER=5236 / solSize= / solSize=77 / layers=
129 / layers=129  idx=67450311129 / solSize=  idx=24887 / solSize=5031112957

5031160 / layers=LAYER= / solSize=50311
50311 / layers=50311  idx=31675 / solSize=50311
LAYER=126 / layers=129  idx=2881 / solSize=50311
129LAYER=LAYER=17386 / layers=31776 / layers=129LAYER=
1601129
41496 / layers= / layers=123 / solSize=50311
129  idx=50020LAYER=
129  idx=6835 / solSize=84 / solSize=50311

LAYER=44 / layers=129  idx=  idx= / solSize=LAYER=129  idx=79 / layers=  idx= / solSize=  idx=12350311
LAYER=LAYER=3486LAYER=LAYER=12412944057129 / layers=129  idx=31740 / solSize=113 / solSize=50311
 / layers=LAYER=LAYER=44562 / solSize=50311
83  idx=40644 / solSize=LAYER=50311  idx=5227 / solSize= / layers= / layers=
28461129  idx=468211050311 / solSize=503115031150 / layers=129  idx=42867 / solSize=
325601185031112950311LAYER=40 / layers=129  idx=45498 / solSize=50311
 / solSize=116

5031139366 / solSize=50311
50311LAYER=122 / layers=129  idx=5415 / solSize=50311
LAYER=100 / layers=129
  idx=11879 / solSize=LAYER= / layers=LAYER=LAYER= / layers=LAYER=LAYER= / layers=
LAYER=90 / layers= / solSize= / layers=12950311
LAYER=42  idx=
129 / solSize=3812712948 / layers=129  idx=43282 / solSize=50311
LAYER=71 / layers=129  idx=34979 / solSize=5031112950311129  idx=28900 / solSize=50311
LAYER=13 / layers=129129129 / layers=LAYER=109 / layers=129  idx=14483LAYER=  idx=845010150311
114
LAYER=29 / layers=  idx=12925749
  idx=29633129  idx= / solSize=50311
 / layers= / layers= / solSize=34 / layers=

 / layers=  idx= / layers=LAYER=45072 / solSize=50311
LAYER=129  idx=237 / solSize=50311
LAYER=108 / layers=129  idx=15286 / solSize=12950311  idx=50311 / layers=
12920059LAYER=LAYER=LAYER=129100LAYER=6450311
LAYER=61
  idx=LAYER=9845  idx= / solSize=127 / layers=129  idx=10747762  idx=129 / solSize= / layers= / layers= / layers=129  idx=39228129 / layers=129  idx=406 / solSize= / solSize=4674350311 / layers=129  idx=15727 / solSize=50311
LAYER= / solSize=98  idx=129  idx=LAYER=129  idx=19821 / solSize=50311
129503115339 / layers=
4979250311  idx= / solSize= / layers=129 / solSize=4340 / solSize=50311
114127 / solSize=  idx= / layers= / solSize=LAYER= / solSize=50311165450311
LAYER= / layers=129  idx= / layers=
503115031112950311  idx=45838LAYER=2103
27 / layers=129  idx=48075 / solSize=50311
  idx=
2036321758129 / layers=
11173  idx=64 / solSize= / solSize=57LAYER=LAYER=46045LAYER=14120  idx=LAYER=50311
 / solSize=
 / solSize= / layers=1085031175 / layers=129  idx=33399 / solSize= / solSize= / layers=1807124LAYER=85 / layers=129  idx=28596 / solSize=50311
113655031150311LAYER=116 / layers=129  idx=9897 / solSize=50311
50311LAYER=129 / layers=129 / solSize=50311
50311LAYER=99 / layers=129  idx=50311 / solSize=50311
 / layers=129  idx=4451 / solSize=50311
 / solSize=LAYER=LAYER=5031178  idx= / layers=129  idx=31973 / solSize=50311
LAYER=  idx=115
 / solSize=129101
LAYER=
129


38166 / solSize= / solSize=50311
LAYER=LAYER=52 / layers=129  idx=42049 / solSize= / layers=
LAYER=12550311LAYER=101 / layers=129  idx=19698 / solSize=50311
LAYER=LAYER=10LAYER= / layers=50311  idx=50311129LAYER=  idx=1131963041898 / layers=129106 / layers=12981123LAYER=LAYER=74 / layers=87129
50311LAYER=96 / layers=
  idx= / layers= / solSize= / solSize=  idx= / layers= / layers=LAYER=61 / layers=129  idx=33875 / solSize=50311
129LAYER=54 / layers=  idx=10604 / solSize=50311


LAYER=12950311
40733
 / layers=129  idx=12938993129  idx=41517 / solSize=50311
 / layers=LAYER=98 / layers=92129 / layers=129  idx=24792LAYER=37966  idx=21200LAYER=129 / solSize=50311LAYER=  idx=  idx= / solSize=50311
129  idx=22648 / solSize=50311
LAYER= / solSize=LAYER=115 / solSize=112 / solSize=211298150039 / solSize=4641129116 / layers=129  idx=10050 / solSize=50311
LAYER=34 / layers=129  idx=46803 / solSize=5031115359LAYER=  idx=4781 / layers=129  idx=  idx=3284 / layers=129  idx=30866 / solSize=50311
 / layers= / solSize=
 / solSize=5031110634 / layers=129 / layers=129  idx=27345 / layers= / layers=LAYER=1638611855 / solSize=
  idx=49042 / solSize=LAYER=12950311
  idx=
 / layers=129  idx=1664150311  idx=46834 / solSize=43611 / solSize=50311
LAYER=99 / layers=129  idx=21137 / solSize=50311129129  idx=1034250311 / solSize=50311
LAYER=67 / layers=129  idx=367955031150311  idx=LAYER=21280LAYER=100 / layers=129  idx=20384 / solSize=50311
 / solSize=50311
  idx= / solSize=LAYER= / solSize=4983 / solSize=LAYER=
LAYER=90 / layers=129  idx=26211 / solSize=5031112740 / solSize=50311
 / solSize=5031150311
114

 / layers=129  idx=43135 / solSize=50311
LAYER=122 / layers=129  idx=30756 / layers=129  idx=29419 / solSize=50311
LAYER=73 / layers=50311122 / layers=129  idx=5369 / solSize=  idx= / solSize=LAYER=LAYER=
56
50311LAYER=72 / layers=129  idx=LAYER= / layers=129  idx=11128 / solSize=50311
LAYER=LAYER=LAYER=128 / solSize=503115031130574 / solSize=50311
LAYER=5031164
50311
29 / layers=LAYER=
3479950311125LAYER=46 / layers=129  idx=43881 / solSize= / layers=97

LAYER=124 / layers=50311LAYER=LAYER=88 / layers= / layers=72 / layers=129  idx=34705 / solSize=50311
50311 / solSize=50311
1236018 / layers=50311129 / layers=129
LAYER=129

LAYER=129129LAYER=128 / layers=129  idx=
LAYER=87 / layers=129  idx=27547 / solSize=129LAYER=107 / layers=129  idx=16156 / solSize=50311129  idx=1194 / solSize=50311 / layers=124LAYER=  idx=  idx=LAYER=1415 / solSize=50311
LAYER=119

LAYER=112 / layers=
  idx= / solSize=129  idx=38131 / solSize=50311
  idx=LAYER=99 / layers=129  idx=20985LAYER= / layers=129  idx=4427 / solSize=50311
LAYER=88 / layers=2684234116 / layers=48 / layers=129  idx=43352 / solSize= / layers=  idx=LAYER=67 / layers=129  idx=37043 / solSize=50311
LAYER=75 / layers=129  idx=3322140829LAYER=4233 / solSize=6612965 / solSize=50311
LAYER= / layers=6950311  idx=129  idx=47808
50311 / solSize=50311 / layers=50311129 / layers=129
12911934498 / solSize=50311
7475LAYER= / solSize= / layers=LAYER=87 / layers=
 / solSize=  idx=
  idx=129  idx=LAYER=12925 / layers=129 / solSize=50311
 / layers=129  idx=50311129  idx=46804 / solSize=5031112391129LAYER=84 / layers=129  idx=37077  idx=37467 / solSize=50311
222563608  idx=95  idx=50 / solSize=
50311 / layers=

  idx= / solSize= / solSize=50311
LAYER=68 / layers=129  idx= / solSize=50311
 / solSize=4752  idx= / layers=12950311
LAYER=118 / layers=129  idx=8360 / solSize=50311
LAYER=
LAYER=129  idx=361352919412950311LAYER= / solSize=27225LAYER=484937554LAYER=  idx=86LAYER= / solSize=50311
LAYER=113 / layers=LAYER=  idx=
503115031184 / solSize=120 / solSize= / layers=4295136315
114 / solSize= / layers=27478LAYER=
50311LAYER=972950311
LAYER=50311129 / solSize= / layers= / solSize=129  idx=23494 / solSize=50311
104 / solSize=50311
LAYER=103 / layers=129  idx=
94 / layers=129  idx= / layers=125 / layers=129LAYER=LAYER=
12950311LAYER=
81 / layers=
23877LAYER=35 / layers=129  idx=46668 / solSize=50311
LAYER=103 / layers=129  idx=3285 / solSize=50311
LAYER=1299018186 / solSize=  idx= / layers=76129LAYER=  idx= / solSize=LAYER=96 / layers=28 / layers= / solSize=129  idx=92  idx=50311 / solSize=5031150311117129LAYER=1350311
129LAYER=  idx=18140  idx=18480 / solSize=50311
29331 / layers=114186952  idx=28028 / solSize= / layers=
 / layers=129  idx=49782 / solSize=50311
LAYER=53 / layers=129  idx=42020 / layers=12162 / solSize=50311
50311

116 / solSize=120 / solSize=129 / solSize=129  idx= / solSize= / layers=LAYER= / solSize=50311
LAYER=
111LAYER=127 / layers=LAYER=129  idx=LAYER=41 / layers=5031150311LAYER=50311
  idx=LAYER=5031150311
LAYER=LAYER= / layers=129  idx=1327789 / layers=129  idx=26799 / solSize=50311
LAYER=66 / layers=129  idx=37213 / solSize=50311LAYER=50311170339111  idx=118 / layers=22670 / layers=116108 / layers=30700
 / layers=129 / layers=
 / layers=129  idx=8563 / solSize=87129129129
129101 / solSize=50311
LAYER=125 / layers=129  idx=  idx=129  idx= / solSize=9130 / layers=129129LAYER=
 / solSize= / layers=  idx=  idx=24996 / solSize=50311
LAYER=1031295031135036775 / solSize=45147 / solSize=LAYER= / solSize= / layers=  idx=  idx=48001 / solSize=50311
3050311  idx=129 / layers=  idx= / solSize=50311
LAYER=69 / layers=129
 / layers=LAYER=15 / layers=129  idx=49596 / solSize=50311
LAYER=111 / layers= / solSize=50311129LAYER= / layers=
50311
  idx=129  idx=129  idx=19771 / solSize=50311
LAYER=12998 / layers=12950311129
128LAYER=10210261324583232935 / solSize=50311
LAYER=32 / layers=129  idx=47257 / solSize=  idx=  idx=13126 / solSize=50311LAYER=  idx=  idx=LAYER=50311 / layers=50 / layers=129  idx=50311 / solSize=50311
LAYER= / solSize=50311
LAYER=65 / layers=129  idx=37568 / solSize=50311
18295 / solSize=  idx=30 / layers=129  idx=47634 / solSize=50311
LAYER=107 / layers=129  idx=15779 / solSize=50311
  idx=LAYER=88LAYER=129
129  idx=
LAYER=
LAYER=68 / layers=129  idx=36538 / solSize=50311
35865LAYER=42847
1013513487  idx=47650 / solSize=81480 / layers=129  idx=127 / solSize=116
 / solSize= / layers=274545031112931167 / solSize= / solSize=LAYER=21746LAYER=50311LAYER=50311
 / solSize=50311503115031150311 / layers= / solSize=LAYER= / solSize=100LAYER=LAYER=112 / layers=129  idx=12582 / solSize=50311
129 / solSize=71 / layers=94
 / solSize=LAYER=
50311452521
LAYER=40 / layers=129  idx=45623 / solSize=
  idx=LAYER=
 / layers=50311
5031169 / layers=124 / layers=
50311 / layers=129  idx=49004LAYER= / solSize=50311 / layers= / layers=LAYER=115 / layers=102LAYER=
5031115145129 / layers= / layers=129  idx=4257 / solSize=50311
LAYER= / layers=LAYER=43129129  idx=
129129
92 / layers=129
12927060129  idx=9980 / solSize=48110LAYER= / layers=  idx=
LAYER=20193  idx=2135 / solSize=50311
 / layers=LAYER=LAYER=12940 / layers=129  idx=  idx=3596150311129129  idx=129  idx= / layers= / solSize= / layers=94  idx=44839 / solSize=50311
LAYER=771 / solSize=50311
LAYER=79LAYER=  idx= / solSize=LAYER=8550311  idx=23954 / solSize=50311
12950311
LAYER=126 / layers=129  idx=LAYER= / solSize=58 / layers= / layers=45414  idx=91 / layers=2485750311 / layers=81 / layers=129  idx=30846 / solSize=50311 / layers=44131  idx=264050311
129107 / solSize= / layers=94 / solSize=129129  idx=25578 / solSize=

10497
LAYER= / solSize=50311
 / solSize=129  idx=  idx=40094129129 / layers=12950311LAYER= / solSize=LAYER= / solSize=
43520  idx=351655031112948473  idx=  idx=108 / solSize=LAYER=50311LAYER=115  idx=5031119167 / solSize=50311
 / solSize=LAYER=LAYER=12950311

LAYER=111 / layers=129  idx=13048 / solSize=50311
LAYER=122 / layers=129  idx=5384 / solSize=50311
LAYER=80

 / solSize=LAYER=
 / solSize=LAYER=85 / layers=12912850311503112403123987  idx=2839792 / layers= / layers=LAYER=LAYER=5031150311  idx= / layers=69 / layers=50311 / solSize= / solSize= / layers=12985107128113 / layers=129  idx=


35  idx= / layers= / solSize=
50311
LAYER=61  idx=10918 / solSize=50311
28667LAYER=  idx= / layers=LAYER=
 / layers=12912912912950311
LAYER= / solSize= / layers= / layers=75LAYER=LAYER=129  idx=28521 / solSize=10650311
LAYER=109 / layers=129  idx=14500 / solSize=50311
12911758  idx=46586 / solSize=50311
LAYER=119 / layers=129129  idx=  idx=3623231283 / solSize=  idx=LAYER=1291615331652 / layers=12982  idx=33451 / solSize=50311
  idx=  idx= / layers=8824837LAYER=129107 / layers=  idx= / solSize=1384583 / layers=50311LAYER=  idx=823129LAYER= / layers=129  idx=27252 / solSize=50311 / solSize=50311
61129103350311 / solSize=50311
LAYER=49 / layers= / layers=129129 / layers=8118153875
LAYER=50311LAYER=73 / layers= / solSize=  idx= / solSize= / solSize=50311LAYER=  idx=
129  idx=30366 / solSize=50311
LAYER=60 / solSize= / solSize= / layers=129  idx=94129  idx= / solSize=1585850311
 / layers=
77LAYER=73 / layers=129  idx= / layers=129  idx=39596 / solSize=50311
503115024150311
LAYER=42 / layers=129  idx=44943 / solSize=5031139030
  idx=127
LAYER=129 / solSize=  idx=LAYER= / layers=129  idx=  idx=34308 / solSize=

LAYER=114 / layers=129  idx=  idx= / solSize=LAYER=50311129 / layers=129  idx=1621 / solSize=50311
LAYER=103 / layers=129  idx=18197 / solSize=50311
29398LAYER=39173503115031132368 / solSize=50311 / layers=LAYER=168165031194
  idx=34343 / solSize=50311
LAYER= / solSize= / solSize=83

 / solSize=LAYER=
LAYER=129LAYER= / layers=
LAYER=61 / layers=129  idx=39153 / solSize=50311
LAYER=80 / layers=129  idx=31191 / solSize=50311
50311432219950311LAYER=101 / layers=129  idx=19920 / solSize=1141283LAYER=  idx=23611 / solSize=50311
LAYER=50 / layers=1626411212950311  idx=23582 / solSize=
1281245031150311 / solSize=119 / solSize=74 / layers=5031150311
 / solSize=LAYER=96 / layers=129  idx=22690 / solSize=50311

 / layers=LAYER=LAYER= / solSize= / layers=129  idx=3950 / solSize=50311
LAYER=49 / layers=129
 / layers=50311
50311LAYER=129
LAYER=129129  idx=941 / solSize=11350311 / layers=129  idx=12249 / solSize=50311
59LAYER=34 / layers=129 / layers=LAYER=105 / layers=129  idx=17522 / solSize=50311
 / solSize=85LAYER= / layers=116 / layers=129  idx=9794 / solSize=  idx=  idx=42912 / solSize=50311
 / layers=LAYER=63 / layers= / layers=

LAYER=124 / layers=129  idx=3831 / solSize=5031150311
129
LAYER=  idx=12950311129129  idx=38473 / solSize=50311
LAYER=75129  idx=LAYER=39965  idx= / layers=  idx=LAYER=79 / layers=LAYER=13006 / solSize=121LAYER=129  idx=5711151 / solSize=LAYER= / layers=20702 / solSize=50311
129LAYER=12995
50311  idx=7846802 / solSize=50311 / layers=129  idx=40714 / solSize=50311
 / layers=295975031150311  idx=  idx=5031129696 / layers= / layers=
LAYER=105 / layers=129  idx=17177 / solSize=50311
4315782129  idx=  idx=55LAYER= / layers=

129
LAYER=

129  idx=23365 / solSize=50311
LAYER= / solSize= / layers=12913207 / layers=88 / layers=LAYER=33731 / solSize=  idx=7572 / solSize=50311107LAYER=LAYER=96LAYER= / layers=3159428563
 / solSize= / layers=50311 / solSize=75 / layers=129  idx=33325
101 / layers=129  idx=19857 / solSize=LAYER=129 / layers=LAYER=50311
LAYER=12999 / solSize=50311
LAYER=12912950311
LAYER=95 / layers=129  idx=23235 / solSize=50311
LAYER=110 / layers=129  idx=13778 / solSize=50311
LAYER=111 / layers=129  idx=13286 / solSize=50311
LAYER=19 / layers=129  idx=LAYER=2091 / layers=98  idx=129123 / layers=129  idx=5191 / solSize=50311
LAYER=LAYER=57 / layers=  idx= / layers= / solSize=80  idx= / solSize=  idx=27280 / solSize=50311
 / solSize=LAYER=63 / layers=129  idx=38269 / solSize=50311
49210 / layers= / solSize=50311
LAYER=101 / layers=129  idx=19563 / solSize=50311
129 / layers=  idx=12912960  idx=40662 / solSize=50311
LAYER=71 / layers=5031141106
318451295031150311LAYER= / layers=129  idx=  idx=42500
 / solSize=50311
 / layers=LAYER= / solSize=  idx=608950311
LAYER=46 / layers=129  idx=44010 / solSize=50311
LAYER=93 / layers=129  idx=24248 / solSize=1245031112933485 / layers=1564922446 / solSize=LAYER=1291297550311
  idx=LAYER=101 / layers=129  idx=98 / solSize=129
  idx=
  idx=129 / layers=12999 / layers=12950311  idx=LAYER=LAYER= / solSize=50311LAYER=30180 / solSize= / solSize=50311  idx=49102 / solSize=50311
LAYER=64 / layers=129  idx= / solSize=  idx=
LAYER=125 / layers= / layers=  idx=20864 / solSize=50311
3106162
50311
LAYER=100
17256281293789639509129  idx=33467 / solSize=50311
50311102 / layers= / layers=129  idx=38650 / solSize=LAYER=110 / layers=129  idx= / layers=21736LAYER= / solSize=  idx=50311 / solSize=129LAYER=
 / layers=129  idx=21638 / solSize=50311
198691398212950311
LAYER=111 / layers=129LAYER=43
 / layers=50311
LAYER=124 / layers=129  idx=4304 / solSize=4324 / solSize=50311
123LAYER=129  idx=19085 / solSize=50311
LAYER=  idx=50311  idx=LAYER= / solSize=129  idx=LAYER=50311
  idx=LAYER= / solSize=109 / layers=129  idx=14922 / solSize=50311
 / solSize=106 / layers=129  idx=16403 / solSize=50311
LAYER=122 / layers=2040935146 / solSize= / layers=  idx=112
  idx=49428 / solSize=LAYER=LAYER=112 / layers=129  idx=13008 / solSize=69 / solSize=
503116850311 / solSize=12950311
 / solSize= / layers=129 / layers=129  idx=754 / solSize=50311
503113802 / layers=50311
13348LAYER= / layers=94 / layers=129LAYER=20661LAYER=50311124 / solSize=50311 / layers=12950311LAYER=
129 / solSize=129LAYER=
LAYER=5031150311

50311LAYER=  idx=  idx=
LAYER=  idx=50311 / solSize=  idx=LAYER=120114 / layers=129  idx=11164 / solSize=50311
12948LAYER=
12997 / layers=129  idx=21927 / solSize=50311
LAYER=12836417 / solSize=91LAYER=57633623193 / layers=
76 / layers=  idx=  idx=
LAYER=50311 / layers=  idx=111 / layers=129  idx=13154
 / solSize=50311
LAYER=67 / layers=782354212988LAYER= / layers=12907
12950311 / solSize= / layers=129  idx=32222 / solSize=50311
 / layers=LAYER= / solSize=50311
LAYER=  idx= / layers=129  idx=5117
LAYER= / solSize=50311
 / solSize=LAYER=
90129129  idx=25210LAYER=6912 / solSize=50311
124129  idx= / layers= / solSize=50311LAYER=LAYER=50311
LAYER=58 / layers=129  idx=5031170 / layers=129  idx=26223 / solSize=50311
LAYER=124 / layers=129  idx=3851 / solSize=50311
LAYER= / solSize=69 / layers=12927205 / solSize=50311106129
1292878 / layers=129  idx=12940338 / layers=129  idx=  idx=LAYER=30LAYER=43416129  idx=  idx=LAYER= / solSize=31938 / layers=448280LAYER=129 / layers= / layers=  idx= / solSize= / layers=35932
 / layers=
50311
129 / solSize= / layers=101 / layers= / layers= / layers=3666315359912933187 / solSize=50311
LAYER=50311LAYER= / solSize=50311129  idx=12916684  idx= / solSize=129 / solSize=50311
129 / solSize= / layers= / solSize=73 / layers=99
50311
4789150311129LAYER=129LAYER=12950311
50311LAYER=104 / layers=129  idx=18123 / solSize=50311
LAYER=92 / layers=129  idx=129  idx=LAYER=122 / layers=129  idx=LAYER=  idx=  idx=  idx=11281  idx=  idx=  idx=  idx=40120 / solSize=129129 / layers=129  idx= / layers=974163 / solSize=50311
LAYER=117 / layers=129  idx=8940 / solSize=50311
LAYER=81 / layers=129  idx=1970135530 / solSize=50311
LAYER=24
50311  idx=
3443855337524678 / solSize=129  idx=30425 / solSize=50311
 / layers= / layers=
14LAYER=24516
 / solSize=LAYER=LAYER=LAYER= / solSize=47551LAYER= / solSize=2091212982 / solSize=LAYER=108 / layers=129503117250311
 / solSize=5031150311
LAYER=45 / layers=129  idx=44277 / solSize=50311
  idx=LAYER=50311 / solSize= / solSize=65 / layers=LAYER=301295031150311
LAYER=116123  idx= / solSize=
5031150311
 / layers=LAYER=  idx=105 / layers=129  idx= / layers=17313  idx=12617 / solSize=50311

48582 / solSize= / layers=129  idx=77 / layers=10273129  idx=32698 / solSize=50311
LAYER=115 / layers=129  idx=10731 / solSize=50311
 / layers=LAYER=129
129  idx=37791 / solSize= / layers= / solSize=60 / layers= / solSize=21081LAYER= / solSize= / layers= / solSize=50311
LAYER=

 / layers=12950311129  idx=1275031150311 / layers=129LAYER=5031136 / layers=129  idx=46441 / solSize=50311
LAYER=10 / layers=129  idx=129  idx=97LAYER=  idx=30358 / solSize=
12915266LAYER=34685 / solSize=50311
LAYER=50311 / layers=129  idx=1940 / solSize= / solSize=

12912950039 / solSize=
12950311124LAYER= / solSize=50311
64LAYER=55LAYER=LAYER=  idx=  idx=5031150311LAYER=  idx=12 / layers=107 / layers=129  idx=38161
129 / layers= / solSize=  idx=4833126 / layers= / solSize=

50311
 / layers=129  idx=49892 / solSize=12950311
  idx=LAYER= / solSize=50311LAYER= / solSize=129  idx=240150311 / solSize=50311
LAYER=47522
LAYER=LAYER=55 / layers=LAYER=4308 / solSize=50311
 / layers=2950311
11250311
LAYER=129 / layers=129  idx=12933410128 / solSize=50311
LAYER=66 / layers=129  idx=37313 / solSize=50311
12968LAYER=LAYER=LAYER= / layers=129  idx=47869 / solSize=LAYER=50311 / layers=129  idx=12466 / solSize=50311
72
105 / layers=30506
13 / layers=361295031181 / layers=LAYER= / solSize=LAYER= / layers=129  idx=17385 / solSize=50311
LAYER=103 / layers=129  idx=18246 / solSize=50311
LAYER=  idx= / solSize=50311
LAYER=48 / layers=129  idx=43428 / solSize=50311
  idx= / layers=LAYER=129129  idx=0 / solSize=50311

 / layers=LAYER=72503118815856 / solSize=LAYER=129124110 / layers=129  idx=129118 / layers=  idx= / layers=129  idx=34554 / solSize=12990118  idx=40
 / layers=41215  idx=90234879 / solSize=50311
LAYER=36 / layers=129  idx=46520 / solSize=39481 / solSize=50311
LAYER=55 / layers=129  idx=4115950311
LAYER=52 / layers=129194 / layers=  idx=36596 / layers=129LAYER=
50311
LAYER=73 / layers=129  idx=34249 / solSize=50311
LAYER=9650311 / solSize=  idx= / layers=50311 / solSize=12950311 / layers=LAYER=  idx=LAYER=  idx= / layers=  idx= / layers=107LAYER=8335 / solSize=
129  idx=129129 / solSize=12941198 / solSize=50311
LAYER=68 / layers=129  idx=36274 / layers=129  idx=22918 / solSize=50311
LAYER=129 / solSize=  idx=LAYER=LAYER=
 / layers=1291294981050311 / solSize=1294650550311 / layers=129  idx=0 / solSize=8747111 / layers=129  idx=13071 / solSize=50311
  idx=LAYER=  idx=42253LAYER=109 / solSize=5031150311129  idx=25784 / solSize=
 / solSize= / solSize=5031197 / solSize=50311
LAYER=129 / layers=129  idx=194 / solSize=50311 / solSize=
119 / layers=129

LAYER=51 / layers=129  idx=42368 / solSize=50311 / layers=503113912129108 / solSize=50311LAYER=
 / layers=129  idx=8083
  idx= / layers=
129  idx=15990 / solSize=50311
50311LAYER=LAYER=129 / layers= / layers=5031113843
LAYER=128 / layers=45443129LAYER=  idx=129LAYER=  idx=50311
 / solSize=
LAYER=129 / solSize=  idx=  idx=1292714594  idx=0 / solSize=50311
12114846 / solSize=
LAYER=50311
LAYER=69 / layers=80  idx=LAYER=50311 / solSize= / layers=129  idx=
 / solSize= / layers=12050311120 / solSize=10619412930453 / layers=50311
LAYER=LAYER= / layers=129
50311
LAYER=97 / layers= / layers=
 / solSize=50311
128LAYER=75 / layers=129  idx=33496LAYER=129
LAYER=129129 / layers=LAYER=12912245031112950311 / layers=LAYER=  idx=129 / solSize=129LAYER= / layers=129 / layers=  idx=  idx=  idx=23761 / solSize=111 / layers=129  idx=13072LAYER=290  idx= / layers=12921879 / solSize=129  idx=6982 / solSize=50311  idx=30914 / solSize=50311
36032LAYER= / solSize=129129
93 / solSize= / layers=129129
50311
LAYER=16 / layers=129  idx=  idx=97 / solSize=50311

LAYER=89129 / layers=129  idx=194 / solSize=50311
LAYER=129 / layers=129  idx=290 / solSize= / solSize=  idx=  idx=15319LAYER=126 / layers=129  idx=2658 / solSize=50311
LAYER=64 / layers=129  idx=380565031116647 / solSize=50311 / layers=LAYER=5350311LAYER=116 / solSize=73061112 / solSize=50311 / solSize=50311 / solSize=50311
LAYER=50311  idx= / layers=12949507 / layers=  idx= / layers=129  idx=41784 / solSize=50311
LAYER=106 / layers=129  idx=168935031150311
LAYER=82 / layers=129  idx= / solSize= / solSize=
50311

 / layers=LAYER=LAYER=129
  idx=97 / solSize=118
3430249 / solSize=50311LAYER=
129  idx=9766 / solSize=50311
93LAYER=12925  idx=
129LAYER=54 / layers=129  idx=129 / solSize=50311
50311 / layers= / layers=129  idx=46933 / solSize=5031150311124LAYER=617290  idx=  idx=26809 / solSize= / solSize=50311
LAYER=129LAYER=129  idx=8414 / solSize=50311
50311
LAYER=
 / layers=129  idx= / layers=98 / solSize= / layers=LAYER=503112414150311
 / layers=129

LAYER= / layers=129  idx=24610 / solSize=50311668050311
LAYER= / solSize=41676 / solSize=
  idx=194 / solSize=50311
LAYER=96LAYER=62 / layers=129  idx=38854 / solSize=50311
3895104 / layers=129
129129 / solSize=50311
LAYER=52 / layers=129  idx=42288 / solSize=109LAYER=LAYER= / solSize=5031150311LAYER=
126LAYER= / layers=129  idx=22470 / solSize=50311129  idx=
  idx=50311
LAYER= / layers=129  idx=14354 / solSize=10450311
79LAYER= / layers=
LAYER=50311
 / layers=LAYER=LAYER=129129LAYER=122
111 / layers=129  idx=31655 / solSize=50311
  idx=LAYER=129129  idx=2511 / solSize=50311
LAYER=111 / layers=129  idx= / solSize=108
LAYER=120 / layers=129  idx= / layers=118129 / layers=LAYER=77 / layers=129  idx=5921 / solSize= / layers=503114091127LAYER=13431LAYER=387 / layers=100 / layers= / layers=129736117665
 / layers= / layers=118 / layers=82 / solSize=50311LAYER=129129129  idx= / solSize= / layers=129 / layers=129LAYER=1141291294837350311  idx=  idx=129 / solSize= / layers=387 / solSize=50311
50311
  idx=129  idx=  idx=  idx=

LAYER=72127 / layers= / solSize=20137503118233 / layers= / solSize=50311  idx=LAYER=129  idx=  idx=290 / layers= / layers=129129 / solSize=  idx=50311129  idx=50311
LAYER=88 / layers=129  idx=26890 / solSize=50311
17952 / solSize=50311LAYER= / layers=
12921258387129 / layers=290LAYER=
11006  idx=LAYER=195293 / solSize= / solSize=  idx= / solSize=129  idx=LAYER=32506854562 / solSize=129503115031129929 / solSize=50311
 / layers=LAYER=102 / layers=129  idx=18975 / solSize=
LAYER=  idx= / solSize=
45495 / solSize=50311
15287 / layers=129  idx=  idx=50311
12950311  idx=
LAYER=91 / solSize= / layers=50311129LAYER=79 / layers=129  idx=31709 / solSize=50311
LAYER=107 / layers=129  idx=16163 / solSize=50311
 / solSize=5031138608 / solSize=50311
LAYER=34 / layers=129  idx=46748 / solSize=12913093 / solSize=129LAYER= / layers=LAYER=
  idx=1753LAYER=50311
 / layers=LAYER=126 / layers=129  idx=2621 / solSize=50311
LAYER=73 / layers=  idx=129
LAYER=129129119 / solSize=50311
112484 / solSize=50311
LAYER=129 / layers=129  idx=387 / solSize=50311
LAYER=5031134792 / solSize=50311  idx=3423810925627LAYER=  idx=81 / layers= / solSize=129
 / layers= / solSize=107LAYER=50311
LAYER=
 / solSize=120 / solSize=  idx=129 / layers=12912925575LAYER=50311  idx=0 / solSize=
12950311121129 / solSize= / layers=1295031124233 / solSize=50311
LAYER=  idx= / layers=LAYER= / layers= / layers=2650311

 / layers=129  idx=  idx=
5031150311 / layers=484 / solSize=50311
43LAYER= / solSize=129  idx=129129 / layers=129  idx=48249 / solSize=LAYER=50311
  idx=LAYER=75876681 / solSize=50311
  idx=
LAYER=103
 / layers=129  idx=44835 / solSize=5031150311128
  idx=484 / solSize=50311
LAYER=129 / layers=129  idx=580 / solSize=50311
LAYER=110LAYER=7169129LAYER=32 / layers=50311
LAYER= / layers=129LAYER=LAYER=LAYER= / solSize=129129 / layers= / layers= / layers=  idx=129  idx=14463 / solSize=50311
LAYER=122 / layers=129  idx=580 / solSize=50311

LAYER=LAYER=129 / layers=50311129  idx=18752 / solSize=50311
12995LAYER=
484 / solSize=50311
 / layers=129  idx=580 / solSize=50311
LAYER=129 / layers=129  idx= / layers=677 / solSize=3082270118 / layers=129  idx=129  idx=387 / solSize=50311
LAYER=129 / layers=129  idx=48450311
 / solSize=LAYER= / layers=  idx= / solSize=827445LAYER=85LAYER= / solSize=48129129LAYER=129 / layers=110 / layers=129  idx=13907 / solSize=50311129
15680 / solSize= / layers= / layers=127 / layers=50311 / layers=129129  idx=12997  idx=1515129 / solSize=
LAYER=12 / layers=129  idx=49890 / solSize=LAYER= / solSize=1295031112950311129  idx=43334 / solSize=  idx=48  idx=
 / solSize=50311
LAYER=43 / layers=129  idx=44745 / solSize=50311LAYER= / layers=12950311 / layers=129
50311
LAYER=1175031147200 / layers=129  idx=43298 / solSize=3547650311
 / layers=LAYER=108 / layers=129  idx=129  idx=  idx=
125
 / layers=129  idx=8964 / solSize=  idx= / solSize=129  idx=580 / solSize=50311
LAYER=129 / layers=129  idx=677 / solSize=50311

108129  idx=15593 / solSize=LAYER=503111991 / solSize=50311
50311  idx= / solSize=44148 / solSize=50311 / layers= / solSize=  idx=129 / layers=129  idx=194 / solSize=13742
50311Update boundaries
28870 / solSize=50311
LAYER=UPDATE VOLTAGE START50311
50311LAYER=102 / layers=129  idx=19399LAYER=  idx=50311 / solSize=
LAYER=
106


LAYER=LAYER=129 / layers=129  idx=580 / solSize=50311
50311677 / solSize=50311
LAYER=91 / layers=129  idx=25293 / solSize=50311
LAYER=87 / layers=129  idx=27424 / solSize=5031180677 / solSize=50311
LAYER=129122LAYER=50311LAYER=89 / layers=129
LAYER= / layers=LAYER= / layers=129  idx=31198 / solSize=50311  idx=15588 / solSize=5031131 / layers=129  idx=5609 / solSize=50311
LAYER=41 / layers=5547129
Update boundaries
LAYER=
  idx=26310 / solSize=50311
LAYER=127 / layers=129  idx=1680 / solSize=50311
LAYER=10862
LAYER=
 / solSize=129 / layers=  idx= / solSize=50311
LAYER=105 / layers=129  idx=16998 / solSize=50311

LAYER=126 / layers=129  idx=2486 / solSize=UPDATE VOLTAGE STARTLAYER=[BC] updateElectrodeVoltage(
91 / layers=129  idx=25519 / solSize=50311
 / layers=
129 / layers=LAYER= / layers=LAYER= / layers=11189LAYER=0LAYER=LAYER=  idx=3180 / solSize=12950311129  idx=38857 / solSize=50311
61LAYER=113 / layers=Update boundaries129  idx=290
4515088 / layers=129  idx=LAYER=12950311  idx=15594 / solSize=50311
100 / layers=12950311111
50311UPDATE VOLTAGE START
[BC] updateElectrodeVoltage(0) V=[BC] updateElectrodeVoltage(LAYER= / layers=4987  idx=75

 / layers=12963  idx=39259
 / solSize= / layers=129 / solSize=129026977 / layers= / layers=16635 / solSize=50311
 / layers= / solSize=LAYER=LAYER=28 / layers=129LAYER=29 / layers=129  idx=47857 / solSize=50311
LAYER=7 / layers=129  idx=50143 / solSize= / layers=50311  idx=20206 / solSize=50311
LAYER=110 / layers=129  idx=13757 / solSize=050311129) V= / solSize=50311
12950311 / layers=129  idx=5031113032  idx=
50311
LAYER=128 #verts=
LAYER=
LAYER=1290 #verts=50
[BC] solutionVector finite after write? yes  idx=129
113
  idx= / solSize=LAYER=11960 / layers=LAYER=  idx=Update boundaries12934 / layers=129  idx=129129
LAYER=  idx=) V= / layers= / solSize=129431818926447 / solSize=LAYER=
  idx=UPDATE VOLTAGE START  idx= / layers=474800650311 / solSize=505031154 / layers=129  idx=50311129  idx=
3826912947446 / layers=129  idx= / layers=43798 / solSize=50311
125UPDATE VOLTAGE END 503110LAYER=  idx=
46788LAYER=41610127 / layers=  idx= / solSize= / solSize= / layers=13569 #verts=11150948
129 / solSize=
129  idx=26532 / solSize=12226[BC] updateElectrodeVoltage(LAYER= / solSize=33480 / layers= / solSize=129
 / solSize=  idx=  idx=50311
LAYER=122LAYER= / layers=50311050311
129 / solSize=50311[BC] solutionVector finite after write?  / solSize=677 / solSize=50311

50311
9120 / layers=UPDATE VOLTAGE START  idx=50311
  idx=
LAYER=102 / layers=129  idx=5031127701129LAYER= / layers=12950311129  idx=5662 / solSize=50311

LAYER=3351 / solSize=50311yes5031119162 / solSize=50311
LAYER=


71 / layers=129  idx=35106 / solSize=50311
) V=  idx=49090 / solSize=50311
LAYER=110129LAYER=96

 / layers=
  idx= / solSize=5031174LAYER=Update boundaries[BC] updateElectrodeVoltage( / solSize=LAYER=  idx=13354 / solSize=

UPDATE VOLTAGE END 
UPDATE VOLTAGE START1292075
 / layers=129  idx=34061 / solSize= / layers=387LAYER=[BC] solutionVector finite after write? 050311
LAYER=69 / layers=129  idx=36225 / solSize=50311
LAYER=110 / layers=129  idx=19 / layers=129  idx=49201 / solSize=50311

LAYER=50311 / layers=LAYER= / solSize=  idx=LAYER=115 / layers=129  idx=10786 / solSize=50311
LAYER=128 / layers=129  idx=1487 / solSize=503115031147 / layers=1291 #verts=LAYER=LAYER=LAYER=14307121 / layers=LAYER=
1296925410 / solSize=129

LAYER=85 / layers=129  idx=28650 / solSize=50311

LAYER=120 / layers=129  idx=7459 / solSize=) V=yes0.87207 #verts=50
LAYER=126113129  idx=109LAYER=  idx=13910UPDATE VOLTAGE START  idx=22769 / solSize=50311
LAYER=[BC] updateElectrodeVoltage(8350311
[BC] solutionVector finite after write? 82 / layers=91129  idx=30018 / solSize=50311
LAYER=45 / layers=6565 / layers= / layers=50311 / solSize=50311
 / layers=LAYER=50311  idx= / solSize=
50 / layers=129  idx=29839 / solSize=50311
yesLAYER=891291LAYER= / solSize=
109129  idx=35995 / solSize=
43795
LAYER=[BC] solutionVector finite after write? yes
UPDATE VOLTAGE END 117 / layers=129  idx=
114 / layers=129  idx=11104) V= / layers=50311
LAYER=36 / layers= / layers= / layers=42503115031135 / layers=129129
 / layers=129  idx=
LAYER=[BC] updateElectrodeVoltage(0) V= / solSize=50311
6112926730129  idx=14464 / layers=
 / solSize=UPDATE VOLTAGE END 
UPDATE VOLTAGE START
[BC] updateElectrodeVoltage(UPDATE VOLTAGE START98 / layers=LAYER=10612901291.12211129 / solSize=50311 / solSize=
LAYER=  idx=952050311
UPDATE VOLTAGE END  / layers=129 #verts=  idx=  idx=129LAYER=50311
LAYER=14771 / solSize=50311
LAYER=77 / layers= / solSize=50311[BC] updateElectrodeVoltage(1) V=
  idx= #verts=50  idx=21484 / solSize=50311
LAYER=76 / layers=129  idx=32764 / solSize=50311
  idx=45056 / solSize=LAYER=5031112992  idx=  idx=129  idx=  idx=
2LAYER=126 / layers=129  idx= / solSize=2669

 / layers=129-0.3291112311910255093263346679UPDATE VOLTAGE START) V=50311
LAYER=54LAYER=103 / layers=129  idx=18281 / solSize=50311
LAYER=LAYER= / layers=503047
 / solSize=
LAYER=
 / solSize= / layers= / solSize= #verts= / layers=44217 / solSize=
  idx= / layers=LAYER=50311[BC] solutionVector finite after write? 50311 / solSize=50
 / solSize=50311
12912916905 / solSize=50311
129LAYER=89 / layers=129  idx=26426 / solSize=50311
89 / solSize=113
83yes
[BC] updateElectrodeVoltage(5031112950311
LAYER=62 / layers=129  idx=38593 / solSize=50311
50311[BC] solutionVector finite after write? yes
UPDATE VOLTAGE END 
LAYER=[BC] solutionVector finite after write? 129LAYER=5050311 / layers=77LAYER=96 / layers=129  idx=22888 / layers=46511
1) V=
  idx=0.0698057 #verts=50
[BC] solutionVector finite after write? yes
UPDATE VOLTAGE END 
UPDATE VOLTAGE START
[BC] updateElectrodeVoltage(2) V=UPDATE VOLTAGE START0.203994 #verts=
88103yes / layers=  idx=129 / layers= / layers=-0.490968  idx=UPDATE VOLTAGE END  / solSize=129
[BC] updateElectrodeVoltage(LAYER=117 / layers=129  idx=9208  idx= / layers=129
24802129  idx=
129  idx=42716 / solSize=129 #verts=51
39043[BC] solutionVector finite after write? yes
UPDATE VOLTAGE END 
50311499051  idx=29848 / solSize=50311
LAYER=100 / layers=129  idx=20341 / solSize=50311 / solSize=
LAYER=110 / layers=129  idx=13966 / solSize=  idx=UPDATE VOLTAGE END 
UPDATE VOLTAGE START
[BC] updateElectrodeVoltage(41487 / solSize=50311
LAYER=125 / layers=129  idx=  idx= / solSize=18388LAYER= / layers=  idx=11766
 / solSize=UPDATE VOLTAGE START
 / solSize=LAYER=503115031126518 / solSize=  idx=503112 / solSize=103129 / layers=UPDATE VOLTAGE STARTLAYER=
[BC] updateElectrodeVoltage(3) V=3450311
2
341550311
 / solSize=) V=  idx=-0.393318503115227242 / layers=129  idx=46845 / solSize=50311) V=LAYER=-1.47195 / solSize=
[BC] solutionVector finite after write? 50311

LAYER=55 / layers=129 #verts=51
[BC] solutionVector finite after write? yes
UPDATE VOLTAGE END 
UPDATE VOLTAGE START
LAYER= / layers=1293248050311LAYER=
50311 #verts=50311

LAYER=104 / layers=129  idx= / solSize=LAYER=  idx=41210 / solSize=
484LAYER=103 / layers=129  idx=18264 / solSize=50311
0.318441LAYER=30 / layers=129  idx=47650 / solSize=50311
LAYER=111
123 / layers=129LAYER=51
LAYER=[BC] updateElectrodeVoltage(LAYER=  idx=41 / solSize=1LAYER= / solSize=96[BC] updateElectrodeVoltage(17835LAYER=  idx=
 / solSize=42273 / solSize=50311
LAYER=97 / layers=129  idx=21957 / solSize= / layers=375031150311) V=6950311129 #verts= / solSize=50311
3LAYER=5261 / solSize=50311
LAYER=
 / layers=129  idx=12946137116 / layers=50311 / layers=83  idx=11949 / layers=129  idx=42972 / solSize=50311
LAYER=1235031142 / layers=129  idx=44926 / solSize=50311
LAYER=127 / layers=129125[BC] solutionVector finite after write?   idx=129yes129  idx= / layers=18758 / solSize=-0.392965
50311  idx=1975 / solSize=50311) V=
 / layers= / solSize=45165 / solSize= / layers=
  idx=
22509 / solSize=5031150311
LAYER=

LAYER=125 / layers=129  idx=3216LAYER=0.0752477 / layers=12950311129  idx= / layers=LAYER=55 / layers=12936090UPDATE VOLTAGE END 
UPDATE VOLTAGE START
[BC] updateElectrodeVoltage(129
 #verts=LAYER=LAYER=LAYER= / solSize=50311
52LAYER= #verts=50
  idx=LAYER=129110  idx= / layers=50 / solSize=50311  idx=3774350129 / layers=129  idx=580 / solSize=50311125 / layers= / layers=1299889  idx=3316yes
) V= / layers=
129
129  idx=1327012929653129
 / solSize=50311
LAYER=61LAYER=61 / layers=50311-0.627077129  idx=3112 / solSize=50311

[BC] solutionVector finite after write?  / layers=129  idx=0 / solSize=50311
LAYER=LAYER=
 / solSize= / solSize=41079126  idx=14204 / solSize=50311
LAYER=65 / layers=129  idx=37579 / solSize=50311
LAYER= / layers=LAYER=129 / solSize=31 #verts=LAYER=
129[BC] solutionVector finite after write? 122 / layers=129  idx=50311 / solSize=50311 / layers=
120 / layers=129  idx=7351 / solSize=50311
LAYER=114  idx=129 / layers=50311yes129 / layers=
[BC] solutionVector finite after write? 
  idx=5787 / solSize=50311  idx=
129 / solSize=57LAYER=50
LAYER=
129  idx=47504 / solSize=50311
 / layers=LAYER=LAYER=5104
42084LAYER=50311LAYER=80129LAYER=UPDATE VOLTAGE END 
UPDATE VOLTAGE START
[BC] updateElectrodeVoltage(2) V=1.11414  idx=12939025 / solSize= / solSize=50311
yesLAYER=110 / layers=50311
  idx=  idx= / layers=129  idx=30976 / solSize=50311
LAYER=77 / layers=129  idx=yes28 / layers=129  idx=47907 / solSize=5031138995 / solSize=UPDATE VOLTAGE END 124 / layers=129

[BC] solutionVector finite after write? yes
UPDATE VOLTAGE END 
UPDATE VOLTAGE START / layers=111100
UPDATE VOLTAGE END 
UPDATE VOLTAGE START #verts=50311
 / layers=50311  idx=
[BC] updateElectrodeVoltage(2667LAYER=64 / layers=129118  idx= / layers=38180129  idx= / layers=1360132386129  idx=411239129677
LAYER=69 / layers=129  idx=4129UPDATE VOLTAGE END   idx= / solSize=

 / solSize= / solSize=UPDATE VOLTAGE START50311 / layers=  idx= / solSize=361401374051 / layers=

UPDATE VOLTAGE START12997LAYER=50311
LAYER=
12911111 / solSize=50311 / solSize=
) V= / solSize=50311
LAYER=8 / layers= / solSize=LAYER=110 / layers=129  idx=13957
50311 / solSize=  idx=20471 / solSize=50311
LAYER=LAYER= / solSize=94  idx=45820
[BC] updateElectrodeVoltage(3) V=[BC] updateElectrodeVoltage(0.9748550311LAYER=129 / solSize=5031150311 / layers=12998  idx=LAYER=4
 / solSize= #verts=50311
12950311
50311  idx=50105 / solSize= / layers=12923982
90101) V=50311  idx=50
115LAYER=


50311 / solSize=[BC] updateElectrodeVoltage(  idx= / layers=-1.4828 #verts=50
LAYER=[BC] solutionVector finite after write? 122-0.895511
[BC] solutionVector finite after write? yes
UPDATE VOLTAGE END LAYER=LAYER=
 / layers=[BC] solutionVector finite after write? 50311  idx=
LAYER=28 / layers=1292146183 / layers=129  idx= / layers= / layers=yes74LAYER=
48883yes129LAYER=29498 / solSize=5031112940548 #verts=
UPDATE VOLTAGE END 
UPDATE VOLTAGE START
[BC] updateElectrodeVoltage(5 / layers=LAYER=LAYER= / solSize= / solSize=  idx=122104
LAYER=121 / layers=129129  idx=25775 / solSize=5031112950) V=1190.47444 #verts=50
[BC] solutionVector finite after write? yes
UPDATE VOLTAGE END 
UPDATE VOLTAGE START
[BC] updateElectrodeVoltage() V=11474129503111996650311 / layers=
 / layers=129  idx=5987 / solSize=50311
LAYER=
 / layers=  idx=-0.131872 / solSize=Update boundaries
LAYER=59  idx=33845 / solSize=50311 / solSize=
 / solSize= / layers=  idx=  idx=6129
50311129

50311  idx= / layers=10954129LAYER=7047887) V=  idx=

 / layers=LAYER=
LAYER=
6047 / layers=5866 / solSize=LAYER=0.167132 #verts=51
[BC] solutionVector finite after write? UPDATE VOLTAGE END 12963LAYER=121 / layers=129  idx=6662 / solSize=126  idx=50311 / layers= / solSize=129  idx=35527 / solSize=50311
LAYER=74 / layers=UPDATE VOLTAGE START12179  idx= / layers=50311 / solSize=50311
UPDATE VOLTAGE START33845 / solSize=
50311[BC] solutionVector finite after write? yes

 / layers=129  idx=38578 / solSize=50311LAYER=194129LAYER=129
 / solSize=[BC] updateElectrodeVoltage(0 #verts=789750311UPDATE VOLTAGE START129  idx=50311 / layers=
 / solSize=  idx=128LAYER=LAYER=50
[BC] solutionVector finite after write? yes1293009
yes
50311
LAYER=  idx=129 / layers= / layers=

95  idx= / solSize=
UPDATE VOLTAGE END 
UPDATE VOLTAGE START
[BC] updateElectrodeVoltage(

UPDATE VOLTAGE END 
UPDATE VOLTAGE START33746 / solSize=50311
121 / layers=129LAYER=  idx=11535 / solSize=12912950311129LAYER=120 / layers=129  idx=7367 / solSize=
 / layers=129  idx=23239 / solSize=50311
503115[BC] updateElectrodeVoltage(4) V= / solSize=
  idx=12950311117  idx=31498 / solSize=  idx=50311

50311
LAYER=120 / layers=129  idx=6835 / solSize=LAYER=
21UPDATE VOLTAGE END 
UPDATE VOLTAGE START
[BC] updateElectrodeVoltage(5) V=) V=503110.352913[BC] updateElectrodeVoltage(39995 / layers=129  idx=0 / solSize=50311

LAYER=129 / layers=LAYER=6064LAYER=LAYER=83 / layers=129  idx=29426 / solSize=50311
LAYER=72 / layers=129  idx=34567 / solSize=50311
[BC] updateElectrodeVoltage(LAYER=121 / layers=129  idx=6598 / solSize=50311
LAYER=LAYER=6430 / solSize=50311
 / layers=129  idx=111-1.430967129117 / layers=176493) V=107 / layers=129  idx=156725 / solSize=LAYER=0.0604612LAYER= / layers=) V= #verts= / layers= / solSize=LAYER= / solSize=50311
LAYER=109 / layers=129  idx=14613 / solSize=
 / solSize=50311
-1.0099450311 #verts=) V=LAYER=-1.26424 #verts=50
[BC] solutionVector finite after write? yes
UPDATE VOLTAGE END 7050311
8978LAYER=35 / layers=
 #verts= #verts=90LAYER=129280 #verts=50
129 / layers=129
 / solSize=50311LAYER=50
50 / layers=129  idx=76  idx=LAYER=  idx=49006 / solSize=129 / layers=  idx=13575 / solSize=50311
LAYER=107 / layers=129  idx=16057 / solSize=50311
LAYER=96 / layers=1291295031112950119
 / layers= / layers=972624850311  idx=129  idx=[BC] solutionVector finite after write? 129UPDATE VOLTAGE START

LAYER=[BC] solutionVector finite after write?  / layers=[BC] solutionVector finite after write?   idx=129  idx=46615 / solSize=50311
LAYER=89 / layers=129  idx=26605 / solSize=50311
LAYER=53 / layers=129  idx=41761 / solSize= / solSize=  idx=yes50239LAYER=12950
yes[BC] updateElectrodeVoltage(
UPDATE VOLTAGE END 
UPDATE VOLTAGE START
[BC] updateElectrodeVoltage(5) V=124-0.04675011241yes5031135712 / layers=50311
LAYER=64
22694 / layers=50311  idx=6) V=0.788514 #verts=51
[BC] solutionVector finite after write? yes
UPDATE VOLTAGE END 
UPDATE VOLTAGE START #verts=50
129
  idx= / solSize=
129  idx=8091 / solSize= / layers= / layers=129  idx=37974 / solSize=

1299577 / solSize=50311
85LAYER=69
 / layers= / solSize=[BC] solutionVector finite after write? 50311290 / solSize=50311
LAYER=LAYER= / layers=50311
129
50311 / solSize=
 / layers=[BC] updateElectrodeVoltage(12912950311
93129 / layers=129  idx=387 / solSize=50311
LAYER=LAYER=129
50311
LAYER=35 / layers=129  idx=46571 / solSize=50311 / solSize=UPDATE VOLTAGE END   idx=  idx=35853LAYER=  idx= / layers=129  idx=3924201129129  idx=
LAYER=50311
UPDATE VOLTAGE START
[BC] updateElectrodeVoltage(285706) V=LAYER=-0.210488 #verts= / solSize=LAYER= / layers= / solSize=50311  idx=  idx=yes / solSize=
7 / solSize=50311
 / layers=10751
[BC] solutionVector finite after write? yes
UPDATE VOLTAGE END 
UPDATE VOLTAGE START50311
LAYER=129 / layers=129  idx=98 / solSize=12950311
UPDATE VOLTAGE END 
UPDATE VOLTAGE END 
UPDATE VOLTAGE START
[BC] updateElectrodeVoltage([BC] solutionVector finite after write? 50311
LAYER=124LAYER= / layers=12933138  idx=  idx=45773 / solSize=50311LAYER=0LAYER=
UPDATE VOLTAGE START
[BC] updateElectrodeVoltage(
yes06098  idx=) V= / solSize=91[BC] solutionVector finite after write? 1) V=
[BC] updateElectrodeVoltage(44786 / layers=484 / solSize=0.961948 / layers=129  idx=25369 / solSize=50311
 / layers=yes
UPDATE VOLTAGE END -0.1883331277) V=-1.08192 #verts=
 / solSize=125LAYER=) V=-0.338137 #verts=51
1295031150311 / solSize=12947909129  idx=LAYER= #verts=50
[BC] solutionVector finite after write? yes
UPDATE VOLTAGE END 
UPDATE VOLTAGE START
[BC] updateElectrodeVoltage(UPDATE VOLTAGE END  / layers=108
 / layers=129

LAYER=66 / layers=129  idx=37202 / solSize=5031150311415143 / layers=2) V=50311-0.277977 #verts=51
[BC] solutionVector finite after write? yes
UPDATE VOLTAGE END  #verts=129  idx=UPDATE VOLTAGE START129 / layers=[BC] solutionVector finite after write?  / layers=129  idx=194 / solSize=LAYER=LAYER=
LAYER=75 / layers=129
50 / solSize=
  idx=129  idx=LAYER=
50
2149
[BC] updateElectrodeVoltage(12950311
yes
85 / solSize=  idx=  idx=50311
44698LAYER= / layers=[BC] solutionVector finite after write? yes / solSize=4) V=  idx=
15222UPDATE VOLTAGE END  / layers=50311
LAYER=33594
LAYER=
39461 / solSize=50311
LAYER=42 / layers=129 / solSize=50311
129
100 / layers=12950311
LAYER=74 / layers=129  idx=33785 / solSize=50311
LAYER=16269 / solSize=[RUN] begin: sol size=50311129  idx=28832 / solSize=106[BC] solutionVector finite after write?   idx=LAYER= / layers=129  idx=97 / solSize=50311
LAYER= / layers=129LAYER=101 / layers=129129
50311
[RUN] solutionVector finite at entry? 50311 / solSize= / layers=LAYER=21733 / solSize=yes115 / layers=129LAYER=53129 / solSize=  idx=
UPDATE VOLTAGE START / layers=


LAYER=5031171 / layers=129  idx=35151 / solSize=50311
  idx=129 / layers=129  idx=50311
UPDATE VOLTAGE END LAYER=129yes-0.64160774129  idx=290 / solSize=50311
LAYER=
 / solSize=3649 / solSize=50311
LAYER=87 / layers=129  idx=27613 / solSize=50311129  idx=10413 / solSize=50311
50311

LAYER=  idx=LAYER= / layers=1750311129[BC] updateElectrodeVoltage( / layers=45022 / solSize=
9787 / layers=  idx=129580 / layers=129  idx=387 / solSize=129 / layers=  idx=129  idx=194 / solSize=503113) V=1.1682450311UPDATE VOLTAGE END  / layers=129  idx=22099 / solSize=50311
12920573 / solSize=  idx=
 #verts=  idx=12919757

UPDATE VOLTAGE START
[RUN] begin: sol size=50311
[RUN] solutionVector finite at entry? 
LAYER=
 / solSize=33685[RUN] begin: sol size=50
[BC] solutionVector finite after write? 97  idx=LAYER=50311115LAYER=5031150311 / layers= / solSize=LAYER= / solSize=  idx=49488
123 / layers=
yesLAYER=
LAYER=12950311
503111299227417[BC] updateElectrodeVoltage(7) V=LAYER=-0.83934 #verts=50
 / layers=
4643 / layers=129  idx=44736 / solSize=LAYER=16774LAYER=59 / layers=129  idx=
[RUN] solutionVector finite at entry? yes
50311
 / layers= / solSize= #verts=129129 / solSize=129 / layers=50311 / solSize=50311
LAYER=121 / layers=129  idx=40026  idx=LAYER=120 / layers=129  idx=7328 / solSize=50311
LAYER=54 / layers=129  idx=41482 / solSize=50311
LAYER=107 / layers=129  idx=105129  idx= / layers= / solSize=  idx=LAYER=yes / layers=6455503111574950  idx=461050311
5031145
UPDATE VOLTAGE END 
UPDATE VOLTAGE START
[BC] updateElectrodeVoltage(5) V=0.919217 #verts=50
[BC] solutionVector finite after write? yes
UPDATE VOLTAGE END 
UPDATE VOLTAGE START
[BC] updateElectrodeVoltage(6 / solSize=129  idx=677 / solSize=50311 / solSize=5031141987LAYER=129 / solSize=
25036 / layers=[BC] solutionVector finite after write? 
 / layers=129  idx=44178 / solSize=50311

 / solSize=
50311129  idx=LAYER=
129  idx=50311
LAYER=98 / layers=129
1039843874129[BC] solutionVector finite after write? yes
UPDATE VOLTAGE END 
UPDATE VOLTAGE START
[BC] updateElectrodeVoltage(4) V=LAYER=1.36327 #verts=50) V=LAYER= / solSize=
LAYER=yesLAYER= / solSize= / solSize=450.247249 #verts=51
105129LAYER=75 / layers=129  idx=33292 / solSize=50311
114 / layers=12917147107
50311  idx= / layers=129  idx=44124 / solSize=[BC] solutionVector finite after write? 50311LAYER= / layers=LAYER=102 / layers=129  idx=18798  idx=

 / layers= / layers=50311 / solSize=  idx=129  idx=484 / solSize=50311
50311[BC] solutionVector finite after write? LAYER=116 / layers=21221LAYER=95 / layers=129  idx=
129yes
50311
290LAYER= / solSize=94
yesUpdate boundaries23252 / solSize=
 / layers=UPDATE VOLTAGE END 

[RUN] begin: sol size=  idx=50311 / layers=129  idx=24028 / solSize=50311
LAYER=71 / layers=
LAYER=50311LAYER=LAYER=124503111291098850311129129129 / solSize= / solSize=UPDATE VOLTAGE END 12970
LAYER=41 / layers=  idx=194 / solSize=50311
LAYER=129 / layers=129 / solSize=15842  idx=5031194 / layers= / layers=
 / layers=
  idx=290 / solSize=50311 / solSize=10070
LAYER=129129UPDATE VOLTAGE END 129  idx=  idx=[RUN] solutionVector finite at entry? 

50311129 / solSize=108UPDATE VOLTAGE START / layers=50311
UPDATE VOLTAGE START
[BC] updateElectrodeVoltage(UPDATE VOLTAGE START17509 / solSize=yes  idx=LAYER=129  idx=
  idx= / layers=
[BC] updateElectrodeVoltage(7) V=1290.246482

 #verts=50
[BC] solutionVector finite after write? yes


503115 / layers=129  idx=387 / solSize=50311
LAYER=129 / layers=129  idx=484 / solSize=50311
4006129  idx=  idx=UPDATE VOLTAGE END 35586
[RUN] begin: sol size=50311
[RUN] solutionVector finite at entry? yes
50311
LAYER=LAYER=50311) V=  idx=580 / solSize=3506950311
LAYER=129 / layers=129  idx=387 / solSize=[BC] updateElectrodeVoltage(LAYER=113 / layers=129  idx=
15187-0.847935 / solSize=50311
LAYER=102LAYER=45292
LAYER=LAYER=0
 / solSize= / solSize=50311
 / solSize=LAYER=108 / solSize=129LAYER=) V=8250311LAYER=50311
 #verts=LAYER=127 / layers=1290503111221450311
LAYER=125 / layers=129  idx=3606 / solSize=50311
LAYER= / layers= / layers=12950116 / layers=129  idx=9735 / solSize=5050311 #verts=50
  idx=[BC] solutionVector finite after write? 88  idx= / layers=129 / solSize=93
[BC] solutionVector finite after write? yes
UPDATE VOLTAGE END 

LAYER=236831622 / layers=120580 / layers=12950311UPDATE VOLTAGE START109 / layers=129  idx=14871 / solSize= / solSize=50311
LAYER= / layers=129  idx=6950 / solSize=129 / solSize=50311
LAYER=129 / solSize= / layers=

 / solSize=129
67 / layers=129  idx=36934 / solSize=50311
LAYER=  idx=  idx=5031142774LAYER=LAYER=122 / layers=129  idx=5526 / solSize=50311
50311  idx=50311

LAYER=  idx=95yes29926 / solSize= / layers= / layers=
LAYER=[BC] updateElectrodeVoltage(
15221LAYER=129129 / layers=LAYER=26878
 / layers=129  idx=23161 / solSize=5031150311 / solSize=129  idx=677 / solSize=50311
105761056 / solSize=129  idx=484 / solSize=50311
LAYER=  idx=12950311
LAYER= / layers= / layers=129  idx=32860 / layers=12950311
123UPDATE VOLTAGE END 

8924631129  idx=17343 / solSize=50311 / solSize=50311
LAYER=67  idx= / layers=50311LAYER=LAYER=LAYER= / solSize=) V= / layers=19244 / solSize=50311
LAYER=17 / layers=129  idx=129129  idx=36681 / solSize=50311
LAYER=108 / layers=129  idx=15620
LAYER=LAYER=123 / layers=129  idx=4918 / solSize=50311
83121 / layers=129  idx= / layers=6400 / solSize=50311
LAYER=112 / layers=
49458129Update boundaries63
 / layers=129129  idx=26561 / solSize=50311
50311129  idx=12371 / solSize=50311
0.936708LAYER= / solSize=  idx=41
 / layers=UPDATE VOLTAGE START / layers= / solSize=129LAYER=5
LAYER=9 / layers=129  idx= / layers=50091497450311 / layers=LAYER=
50311  idx= #verts=129 / solSize=
LAYER=LAYER=129  idx=94
17478 / solSize=50311
LAYER=97 / layers=129  idx=2235451  idx=50311
LAYER=99 / layers=12927 / layers=129  idx= / solSize=48150LAYER=73 / layers=129 / solSize=76UPDATE VOLTAGE START
[BC] solutionVector finite after write? yes
UPDATE VOLTAGE END 
UPDATE VOLTAGE START
[BC] updateElectrodeVoltage(129  idx=122  idx=580 / solSize=50311
50311 / layers=[BC] updateElectrodeVoltage(50311 / layers=
 / layers=677  idx=29850 / layers=LAYER= / solSize=1290  idx=129129[BC] updateElectrodeVoltage(38228 / solSize=50311
12945236 / solSize=12950311  idx=  idx=) V=
 / solSize=  idx=  idx=1) V= / solSize= / solSize=50311
0.31168
LAYER=LAYER=5759 / solSize=50311
2370834337LAYER=122 / layers=129  idx=5476 / solSize=
32788105503117LAYER=129 / layers=129  idx= / solSize=5031150311
LAYER=107 / layers=129  idx=16004 / solSize=50246LAYER= / solSize=LAYER=) V=114
  idx=206460503116240 / solSize=50311 / layers=50311 / solSize= #verts=Update boundaries50311 / layers= / layers=
129  idx=11428 / solSize=50311
LAYER=115
 / layers=129  idx=50311-0.71178
UPDATE VOLTAGE START

LAYER=677LAYER=
1052896 #verts=50
[BC] solutionVector finite after write? yes

129LAYER=50311 #verts=LAYER=51 / layers=129  idx=42456 / solSize=50311
LAYER=55 / layers=129  idx=41299 / solSize=50311
 / solSize=6150 / layers=  idx=38894 / solSize=24 / layers=50LAYER=129LAYER=87 / layers=129  idx=27622 / solSize=50311
LAYER=43 / layers=129  idx=50311
129[BC] solutionVector finite after write? 

129 / solSize=61 / layers=129  idx=39023 / solSize=50311
LAYER=  idx=64 / layers=5031144696 / solSize=50311
LAYER= / layers=
LAYER=21 / layers=129  idx=49042 / solSize=12950311
LAYER=129 / layers=129  idx=0 / solSize=50311
  idx=LAYER=45425129 / solSize=50311
 / solSize=LAYER=12996 / layers= / layers=LAYER=[BC] updateElectrodeVoltage(  idx=1746850311

LAYER=103 / layers=129  idx=18346 / solSize=110  idx=50311yes
 / layers=129  idx=22491 / solSize=50311
UPDATE VOLTAGE END 129  idx=0 / solSize=50311
LAYER=129 / layers=129  idx=022801 / solSize=50311
50311127129LAYER=38098
) V=
[RUN] begin: sol size=50311
[RUN] solutionVector finite at entry? yes
 / solSize=
LAYER=100 / layers=129  idx=20581 / solSize=7050311 / layers= / layers=
129[BC] solutionVector finite after write?  / layers=97 / layers=50311
LAYER=
0129  idx=1591 / solSize=50311
LAYER=78 / layers=129  idx=  idx=32190 / solSize=50311
LAYER=70 / layers=129  idx=35700 / solSize=50311
129LAYER=Update boundaries / solSize=28129LAYER= #verts=LAYER=97 / solSize=50311
LAYER=129
yes94129  idx=UPDATE VOLTAGE START
[BC] updateElectrodeVoltage(LAYER=12550 / solSize= / layers=129  idx=194 / solSize=50311
LAYER= / layers= / layers=610LAYER=  idx=  idx=5031139181UPDATE VOLTAGE END 129LAYER=
503111372894129105
UPDATE VOLTAGE START
[BC] updateElectrodeVoltage( / solSize=50311
63 / layers=129  idx=[BC] solutionVector finite after write? yes
UPDATE VOLTAGE END 
) V=
  idx= / layers=129  idx=23566 / solSize=50311486412129  idx=3273 / solSize=50311
 / layers= / solSize= / layers=UPDATE VOLTAGE END LAYER=47883 / solSize=50311

 / solSize=50311
  idx=LAYER=129129LAYER=8635756
0) V=23853LAYER=
 / layers=104  idx=LAYER= / layers= #verts=LAYER=129 / layers=129  idx=-1.16748UPDATE VOLTAGE START129
[BC] updateElectrodeVoltage(39237 / solSize=50311
LAYER=
 / layers=129  idx=18004 / solSize=50311
 / layers=119 / layers=1295031151194 / solSize=50311
371) V=121  idx=0.426972 / solSize=12950
 / layers= / layers=129  idx=46200 / solSize= / layers=50311
17152LAYER=42 / layers=129  idx=45063 / solSize=UPDATE VOLTAGE START #verts=
  idx=5050311LAYER=LAYER= / solSize=LAYER=50311
 / solSize=28287 / solSize=50311
 #verts=  idx=84129  idx=129 / layers=129  idx=103[BC] updateElectrodeVoltage(50311129LAYER=12951 / layers=290 / layers=

1  idx=50 / layers=12942368  idx=290  idx=1298137 / solSize=50311
50311129  idx=18776 / solSize=50311
[BC] solutionVector finite after write? LAYER=LAYER=125  idx= / solSize=38294 / solSize=

[BC] solutionVector finite after write? 
29 / layers=129  idx=3376 / solSize=50311
LAYER=107) V=6043 / solSize=50311
LAYER=101 / layers=12942792  idx=50311
LAYER=LAYER= / solSize=LAYER=50311  idx=yesyes
UPDATE VOLTAGE END  / solSize= / layers=129 / layers= / solSize=0.66015 #verts=5019821[BC] solutionVector finite after write? 1295031129351 / solSize=50311


UPDATE VOLTAGE START
[BC] updateElectrodeVoltage(2) V=50311LAYER=
50311
LAYER=107 / layers=129  idx=15720 / solSize=50311
129 / solSize=50311
129  idx= / layers=129  idx=387 / solSize=50311
LAYER=129 / layers=129  idx=484 / solSize=50311
LAYER=LAYER=
33UPDATE VOLTAGE END -0.598415LAYER=61 / layers=129  idx=3910583 / layers=

88[BC] solutionVector finite after write? yes / layers=LAYER=  idx=129yesLAYER=10 / layers=
LAYER=47835 / solSize=129129 / layers=15899118 / layers=
 #verts= / layers=129  idx=109580 / solSize=50311
  idx=128129
 / layers= / layers= / solSize=
LAYER=LAYER=  idx=LAYER= / solSize= / solSize=LAYER=129  idx=129  idx=12950311  idx=129UPDATE VOLTAGE START10450311
LAYER=75 / layers=129  idx=33475 / solSize=1295031114364
46966518341 / solSize=50311
LAYER=91 / layers=129  idx=25562 / solSize=50311
LAYER=103 / layers=  idx=UPDATE VOLTAGE END 
 / solSize= / layers=UPDATE VOLTAGE END 
5003427072 / solSize=  idx= / layers=1051295031150311
UPDATE VOLTAGE START
[BC] updateElectrodeVoltage(2) V=1.01473 #verts=51
 / solSize=9850311
LAYER=62 / layers=
LAYER=129  idx=18075 / solSize=50311

LAYER=
LAYER=12950311 / solSize=
LAYER= / layers=129  idx=UPDATE VOLTAGE START
[BC] updateElectrodeVoltage(3) V=-1.02494122[BC] updateElectrodeVoltage(49[BC] solutionVector finite after write? 2963450311
129LAYER=387 #verts= / layers=1291 / layers=yes
UPDATE VOLTAGE END 
 / solSize= / layers=129  idx=43024 / solSize=50311

LAYER=122 / layers=129  idx=6005 / solSize=50311
  idx=  idx= / layers= / solSize=50311
LAYER=50
  idx=12912950311
50311LAYER=LAYER=592141918588 / solSize=129 / layers=129  idx=484 / solSize=90UPDATE VOLTAGE START  idx=86[BC] solutionVector finite after write? 124[BC] solutionVector finite after write?  / solSize= / layers=1295378LAYER=
[BC] updateElectrodeVoltage(3) V=
-0.266054 #verts=50
[BC] solutionVector finite after write?  / layers= / layers=129  idx=yes50311yes) V= / solSize=50311
129LAYER=105LAYER=129  idx=28227 / solSize=50311
UPDATE VOLTAGE END 
UPDATE VOLTAGE START
[BC] updateElectrodeVoltage(LAYER=  idx=11838880  idx= / layers=50311
  idx=
100
17199129
400825998LAYER=85 / layers=129  idx=28593 / solSize=50311
67731 / layers= / layers=UPDATE VOLTAGE END 
UPDATE VOLTAGE START
[BC] updateElectrodeVoltage(3) V=50311-0.491961 #verts=  idx= / solSize=yes-0.609886 / solSize=50311
LAYER=123 / layers=129  idx= / layers=129  idx=8424 / solSize=50311
LAYER=95 / layers=129  idx=23127 / solSize=50311

12939991
 #verts=50503114664 / solSize=50LAYER=LAYER= / solSize=LAYER=4UPDATE VOLTAGE END  / solSize=LAYER=  idx=50311
LAYER=123 / layers=122129 / layers= / solSize=89 / layers= / solSize=50311129 / layers=
12550311 / layers=129  idx=5480 / solSize=5031150311) V=
  idx=LAYER=50311129

LAYER=
129  idx=3102 / solSize=-1.26297107UPDATE VOLTAGE START
129
[BC] solutionVector finite after write? LAYER=
 / layers=129  idx=15985
 #verts=50

47340  idx=26311 / solSize=50311
LAYER=129 / layers=129  idx=126 / layers=129  idx=3034 / solSize=50311
LAYER=LAYER=109 / solSize=50311[BC] updateElectrodeVoltage(4) V= / layers=[BC] solutionVector finite after write? [BC] solutionVector finite after write? yes  idx=0 / solSize=50311
LAYER=129 / layers=129  idx=97 / solSize=50311
LAYER=129 / layers=129  idx=194 / solSize=5031111917174 / layers=LAYER=
129  idx=580 / solSize=50311yes
UPDATE VOLTAGE END 
UPDATE VOLTAGE START / layers=
LAYER=129 / layers=129  idx=290 / solSize=50311
LAYER=129 / layers=1295204LAYER=LAYER=50311
UPDATE VOLTAGE END 
UPDATE VOLTAGE START

129LAYER=129 / layers=129  idx= / solSize= / solSize=129  idx=Update boundaries125 / layers=129  idx=3284 / solSize=50311
99129  idx=20068
50311yes
-0.839201 / solSize=74
LAYER=UPDATE VOLTAGE START  idx=7968 / solSize=50311 / layers=[BC] updateElectrodeVoltage(LAYER=38759 / layers=

[BC] updateElectrodeVoltage(0) V= / solSize=50311  idx=129  idx=20854 / solSize=50311
LAYER=1090 #verts= #verts=503115 / solSize=50311
LAYER=129 / layers=129  idx=78LAYER=83 / layers=129  idx=29638 / solSize=50311
LAYER=106 / layers=129  idx=16551 / solSize=50311
LAYER= / layers=129  idx=14769 / solSize=50311
12250
50[BC] solutionVector finite after write? 
129) V=
67714459
 / layers=50311yesLAYER=  idx=39772 / solSize=LAYER=LAYER=92 / layers=129  idx=484 / solSize=129

 / layers=129 / layers=129  idx=0 / solSize=[BC] updateElectrodeVoltage(2473997 / solSize= / layers= / solSize=  idx=UPDATE VOLTAGE END LAYER=
1.4055031197 / solSize= / layers=LAYER=4) V=1.0440850311
503113373050311UPDATE VOLTAGE END 

UPDATE VOLTAGE START
[BC] updateElectrodeVoltage(5) V=-0.186163 #verts=50
 / layers=
12912981 #verts=UPDATE VOLTAGE START50311[BC] solutionVector finite after write? 
66
  idx=1295031150
[BC] solutionVector finite after write? 
 #verts=yes
UPDATE VOLTAGE END [BC] solutionVector finite after write? yes / solSize=LAYER=

LAYER=  idx=[BC] updateElectrodeVoltage(50yes

UPDATE VOLTAGE END 
UPDATE VOLTAGE START
[BC] updateElectrodeVoltage(50311129 / layers= / layers=LAYER=10621797 / solSize=5533  idx=UPDATE VOLTAGE END 


 / layers=6
 / layers=50311
LAYER=322411162129Update boundariesUPDATE VOLTAGE START
[BC] updateElectrodeVoltage(6129LAYER=LAYER= / layers= / solSize=71LAYER=  idx=
30525 / solSize=) V=50311) V=
92129129 / layers=129  idx=580 / solSize=50311
 / solSize=50311
129128
) V=0.142491 #verts=51
[BC] solutionVector finite after write? yes
UPDATE VOLTAGE END UPDATE VOLTAGE START / layers=  idx=12997UPDATE VOLTAGE STARTLAYER=LAYER=93 / layers=129 / layers=0.474996
[BC] updateElectrodeVoltage(1) V=LAYER=
UPDATE VOLTAGE START
[BC] updateElectrodeVoltage(  idx=-0.100351  idx= / layers=129  idx=24129 / solSize= #verts=50311-1.07633247933) V= / solSize=0.958584 #verts=50
[BC] solutionVector finite after write? yes
UPDATE VOLTAGE END 
UPDATE VOLTAGE START
[BC] updateElectrodeVoltage(4) V=10156 #verts=50
[BC] solutionVector finite after write? yes
UPDATE VOLTAGE END 
UPDATE VOLTAGE START
[BC] updateElectrodeVoltage(2) V=50311  idx=16438 / solSize=50311

  idx=129117 #verts=51
[BC] solutionVector finite after write?  / solSize=
129-1.17937-0.918759
[BC] updateElectrodeVoltage(LAYER=73 / layers=129  idx=34517 / solSize=50311
LAYER=47 / layers=129  idx=43755 / solSize=50311 / layers=129  idx=677 / solSize=503113741112950311129 #verts= / solSize=50
 #verts=[BC] solutionVector finite after write? 51yes
LAYER=[BC] solutionVector finite after write?   idx= / solSize=50311
LAYER=21 / layers=129  idx=48927 / solSize=50311
LAYER=113  idx=50311
LAYER=129 / layers=129

UPDATE VOLTAGE END 
UPDATE VOLTAGE START050311yes
UPDATE VOLTAGE END 
LAYER=3515551LAYER=
 / layers= / layers=) V=
49  idx=
0 #verts=50
yes[BC] solutionVector finite after write? yes
UPDATE VOLTAGE END 129129 / layers=73
 / layers=
LAYER=[BC] solutionVector finite after write? yes
  idx= / layers=129  idx=194 / solSize=
LAYER=108 / layers=129  idx=15602 / solSize=50311
LAYER=55 / layers=129  idx=41169 / solSize=UPDATE VOLTAGE START
[BC] updateElectrodeVoltage(1) V=-0.1367871165UPDATE VOLTAGE START129  idx=UPDATE VOLTAGE END 50311
[BC] updateElectrodeVoltage(0[BC] solutionVector finite after write? 103 / solSize=1299383
5) V=22181yes / layers=  idx=
Update boundaries
UPDATE VOLTAGE START
[BC] updateElectrodeVoltage(0) V= / solSize=50311UPDATE VOLTAGE END   idx=LAYER=129
129  idx=18333[BC] updateElectrodeVoltage(5) V=503110.984370.670282
UPDATE VOLTAGE START
[BC] updateElectrodeVoltage( / solSize=0  idx=34280 / solSize=UPDATE VOLTAGE END 
UPDATE VOLTAGE START
50311
43066 #verts= #verts= #verts=5012338977 #verts=50
 / solSize=
 / solSize=50311[BC] updateElectrodeVoltage(
 / solSize=LAYER= / solSize=50311
50LAYER=) V=50311
50311
50311
3104UPDATE VOLTAGE START / layers=129  idx=17802 / solSize=50
 / layers=[BC] solutionVector finite after write? LAYER=
LAYER=0.038093150311
[BC] updateElectrodeVoltage(7) V=
119[BC] solutionVector finite after write? yes) V=
50311-0.0925386129 #verts=129[BC] solutionVector finite after write? LAYER= / layers=
 #verts=50LAYER=  idx=LAYER=yesyes50

129  idx=8117 / solSize=50311
-1.1671995
21902
 / solSize=LAYER= / layers=[BC] solutionVector finite after write? LAYER= #verts=107LAYER=9569
UPDATE VOLTAGE END  / solSize=12911450 / layers=LAYER= / layers= / layers=50311 / layers=UPDATE VOLTAGE END yes  idx= / layers=84128129  idx=22996 / solSize=50311
129
LAYER=129

UPDATE VOLTAGE START
[BC] updateElectrodeVoltage(6) V=-0.276548 #verts=51
[BC] solutionVector finite after write? yes
290 / solSize=50311
LAYER=129 / layers=129  idx=387 / solSize= / layers=129 / layers=
129  idx=11605 / solSize=50311
129LAYER=101 / layers=LAYER=50311  idx=UPDATE VOLTAGE END 
[RUN] begin: sol size=50311
UPDATE VOLTAGE END   idx=[BC] solutionVector finite after write? yes129  idx=12723478

50311129
  idx=1125 / solSize=50311


UPDATE VOLTAGE START
[BC] updateElectrodeVoltage(1
 / layers=15788 / solSize=50311
UPDATE VOLTAGE END 
LAYER=12929048 / layers=129UPDATE VOLTAGE STARTUPDATE VOLTAGE END ) V=[BC] solutionVector finite after write? -1.26507129[BC] solutionVector finite after write?  / solSize= / layers=
UPDATE VOLTAGE START
[BC] updateElectrodeVoltage(7) V=-0.860113  idx=119LAYER=
 #verts=yes50  idx=LAYER=yes
UPDATE VOLTAGE END 
UPDATE VOLTAGE START
[BC] updateElectrodeVoltage(50311129  idx=  idx=
 / layers=
212390 / layers=4) V= / solSize=[RUN] solutionVector finite at entry? 36148121129  idx=8058 / solSize=50311

LAYER=LAYER= / solSize=50311
-0.36055550311yes #verts= / solSize=50311
484LAYER=95 / layers=129  idx=23242129 / layers=[BC] solutionVector finite after write? yes
UPDATE VOLTAGE END 
UPDATE VOLTAGE START
[BC] updateElectrodeVoltage(8136 #verts=50
129[BC] solutionVector finite after write? yes97
 / solSize=50311
 / solSize=LAYER=129 / layers=129  idx=580 / solSize=50311
UPDATE VOLTAGE END LAYER=129[RUN] begin: sol size=2) V=LAYER=-0.649902 #verts=51
[BC] solutionVector finite after write? yes
UPDATE VOLTAGE END 
UPDATE VOLTAGE START
[BC] updateElectrodeVoltage( / layers= / solSize=50311
LAYER=
UPDATE VOLTAGE END 
UPDATE VOLTAGE START
[BC] updateElectrodeVoltage(5) V=-0.410948 / layers=[BC] updateElectrodeVoltage(129
123
129  idx=3129 #verts=  idx= / layers=  idx=50311 / layers=1294641650) V= / layers=6
25863  idx=6696 / solSize=129-1.35149 #verts=LAYER=) V=
19835 / solSize=5031150  idx=50311-1.19892LAYER=UPDATE VOLTAGE START[RUN] solutionVector finite at entry?   idx= / solSize=50311


50311[BC] solutionVector finite after write? 
 / solSize=30752 / solSize=50311
LAYER=127
LAYER=yes50yes
UPDATE VOLTAGE END 
UPDATE VOLTAGE START112[BC] solutionVector finite after write? 1150311129
LAYER=1215149103


 #verts= / layers=  idx= / solSize= / layers=
[BC] updateElectrodeVoltage(LAYER=[BC] updateElectrodeVoltage(LAYER=126 / layers=129  idx= / layers=677
51yes6129 / solSize=[BC] solutionVector finite after write? 
 / layers=2518118129 / layers=
UPDATE VOLTAGE END 
[RUN] begin: sol size=50311
[RUN] solutionVector finite at entry? yes
12950311yes
2[BC] solutionVector finite after write?  / solSize=129 / layers=  idx=129) V=
LAYER=129yes  idx=129  idx=  idx=18681 / solSize=50311
LAYER=104 / layers=129  idx=18017 / solSize=50311
LAYER=) V=  idx=  idx=
194 / solSize=633250311UPDATE VOLTAGE END -0.429954 #verts=511292162 / solSize=50311
  idx=UPDATE VOLTAGE END 
UPDATE VOLTAGE START
[BC] updateElectrodeVoltage(7) V=-0.0528507 #verts=50
91-0.42074150311
[BC] solutionVector finite after write? yes
UPDATE VOLTAGE END 

UPDATE VOLTAGE START / layers=499428822 #verts=51 / layers=LAYER=UPDATE VOLTAGE START12591129 / solSize=50311
LAYER=96 / layers=[BC] solutionVector finite after write?  / solSize=50311

LAYER=
95
[BC] updateElectrodeVoltage(129  idx=  idx=22754LAYER=Update boundaries12903) V=-1.29094 #verts=50
 / solSize= / solSize=50311
LAYER=90 / layers=129  idx=26095 / solSize=5031150311[BC] updateElectrodeVoltage( / solSize= / layers= / solSize=[BC] solutionVector finite after write? 50311



4) V=129yes114
LAYER=LAYER=122[BC] solutionVector finite after write? yes
UPDATE VOLTAGE END 
UPDATE VOLTAGE START
[BC] updateElectrodeVoltage(50311LAYER=129 / layers=129  idx=290 / solSize=50311
LAYER=129 / layers=129  idx=387 / solSize=50311
LAYER=
  idx=126
 / layers=129  idx=7-0.01693yes
90UPDATE VOLTAGE END 
[RUN] begin: sol size=50311
[RUN] solutionVector finite at entry? yes
 / layers=5409 #verts=50311129UPDATE VOLTAGE START  idx=129  idx=11574 / solSize=
LAYER=

LAYER=) V=LAYER=50311
23157LAYER=70 / layers=129  idx=35611 / solSize= / layers= / solSize=UPDATE VOLTAGE END 12679 / solSize= / layers=5012950311
LAYER=129 / layers=129  idx=
1.3169950311 / layers=
129129503110UPDATE VOLTAGE START  idx= / layers= #verts=
129  idx=25988 / solSize=50311
25456 / layers=  idx=[BC] updateElectrodeVoltage( / solSize=
50311
LAYER=129[BC] solutionVector finite after write? LAYER=129 / layers=03030129 / layers=12950  idx=2788 / solSize=43 / layers=129  idx=129  idx=[BC] updateElectrodeVoltage(  idx=  idx=
[BC] solutionVector finite after write? 50311 / solSize=50311
LAYER=97 / solSize=484 / solSize=4468050311
LAYER=129 / layers=129  idx=580 / solSize= / solSize=5550311
LAYER=8797 / layers= / layers=yes) V= / solSize=129  idx=41093 / solSize=50311
LAYER=110 / layers=129  idx=13820 / solSize=50311
129yes
UPDATE VOLTAGE END 
UPDATE VOLTAGE START
LAYER=0LAYER=[BC] updateElectrodeVoltage(50311127 #verts=  idx=503114
115 / layers=12950311  idx=
3152227433) V=5LAYER=LAYER=125 / layers= / solSize=50311
LAYER=128 / layers=129

 / solSize=50311
 / layers=50129  idx=3470 / solSize=50311
LAYER=77 / layers=
UPDATE VOLTAGE END 
) V=129
  idx= / solSize=
[RUN] begin: sol size=LAYER=LAYER=-0.65461[BC] solutionVector finite after write?   idx=50311109150.929426129LAYER=129 / layers=129  idx=0 / solSize= #verts=50
LAYER=1599
 #verts= / solSize=50
73[BC] solutionVector finite after write? 2450311922  idx=LAYER= / layers=129yes / layers=50311
LAYER=129 / layers=129  idx= / solSize= / solSize=50311129129  idx=
129  idx=
[RUN] solutionVector finite at entry? yes
9732611
50311129 / layers=[BC] solutionVector finite after write? UPDATE VOLTAGE END 
UPDATE VOLTAGE START
[BC] updateElectrodeVoltage(5) V=1.12242 #verts=50
[BC] solutionVector finite after write? yes / solSize=
UPDATE VOLTAGE END  / solSize= / layers=LAYER=11148606yes / layers=
3418212950311 / layers=

UPDATE VOLTAGE END LAYER=124 / layers=129  idx=4153 / solSize=50311
LAYER=61 / layers=129  idx=yes / solSize=  idx=
1291295031150311UPDATE VOLTAGE START50311LAYER=16 / layers=129  idx=  idx=49563677
 / solSize=

[BC] updateElectrodeVoltage(LAYER=6 / solSize=50311
39180129 / solSize=50311
  idx=UPDATE VOLTAGE END 50311
124 / solSize=  idx=13118 / solSize=) V=
50311
LAYER=100LAYER= / layers= / layers=129  idx=
4401UPDATE VOLTAGE START
[BC] updateElectrodeVoltage(1) V=194-0.126766102LAYER=50311129  idx=20311 / solSize=LAYER=50311
LAYER=110 / layers=129  idx=13793 / solSize=50311194 #verts= / solSize=
 / solSize=129 / layers=129  idx=
-1.19646 / layers=5150311
LAYER=64 / layers=129  idx=50311LAYER=129  idx=19052 / solSize=50311
 / solSize=127
LAYER=129 / layers=LAYER=
194LAYER=45 / layers=129  idx=44114 / solSize=50311
 #verts=
 / layers=129 / solSize=50311
LAYER=129 / layers=129  idx=290115LAYER=11450311129  idx=2282 / solSize=50311
50 / solSize=  idx=116 / layers=
LAYER=50311290 / solSize=
50311[BC] solutionVector finite after write? 38141LAYER=103

LAYER=129
 / solSize=60yes / layers=[BC] solutionVector finite after write? 129129 / layers=UPDATE VOLTAGE START / layers=LAYER=
 / layers=LAYER=129  idx=129UPDATE VOLTAGE END 
UPDATE VOLTAGE START
[BC] updateElectrodeVoltage(2129129129 / layers=
yes10517) V=Update boundaries / layers=129[BC] updateElectrodeVoltage( / solSize= / layers=50311  idx=129  idx=
  idx=  idx=50311
LAYER=100129618220387
387 / solSize=UPDATE VOLTAGE START10287 / solSize=50311
 / layers=LAYER=39 / layers=129  idx=45691 / solSize=50311  idx=  idx=  idx=290 / solSize= / solSize=UPDATE VOLTAGE END 
UPDATE VOLTAGE START
[BC] updateElectrodeVoltage(


11390 / solSize=50311
LAYER=11250311
-0.98647150311503117) V=129LAYER=91 / layers=) V= / layers=129  idx= / solSize= #verts=39579
LAYER=129 / layers=-0.623615129  idx=129123860.894102 #verts=51
[BC] solutionVector finite after write? 50311 / solSize=50311
  idx=[BC] updateElectrodeVoltage(LAYER=yes
UPDATE VOLTAGE END 
UPDATE VOLTAGE START
[BC] updateElectrodeVoltage(LAYER= #verts=
LAYER=129 / layers=129  idx=484 / solSize=50311
LAYER=48412951
0) V=7) V=340 #verts= / layers= / solSize=50311

[BC] solutionVector finite after write? LAYER=LAYER= / solSize=12612950129yes
UPDATE VOLTAGE END 
UPDATE VOLTAGE START
[BC] updateElectrodeVoltage(  idx=0.553191 / layers=501293) V=25308 / layers=
  idx=129 / layers=50311LAYER= / layers= / solSize=
387 / solSize=50311
20099129
[BC] solutionVector finite after write? 50311[BC] solutionVector finite after write? yes
UPDATE VOLTAGE END 1.26624  idx=129yesLAYER=70
LAYER= #verts=
[RUN] begin: sol size=73  idx=2904580 / layers=50 / solSize=LAYER=129 / solSize=50311
 / solSize=129 / layers= #verts=  idx=580129LAYER=124 / layers=129
 / layers= / solSize=50311

31  idx=  idx=5050311[BC] solutionVector finite after write? yes / layers=1293565646834

12950311UPDATE VOLTAGE END 129  idx= / solSize=47438
  idx= / solSize=[BC] solutionVector finite after write? LAYER=  idx=4245 / solSize=50311
 / solSize=50311
LAYER=UPDATE VOLTAGE END 3418150311
LAYER=yes129
  idx=21 / layers=129  idx=
50311 / solSize=50311
LAYER=44
 / layers=LAYER=40 / layers=5031149017UPDATE VOLTAGE START
LAYER=129LAYER=
LAYER=
102 / layers=
484UPDATE VOLTAGE START[RUN] solutionVector finite at entry?  / layers=UPDATE VOLTAGE END 12956129 / solSize=
[BC] updateElectrodeVoltage([BC] updateElectrodeVoltage(129yes / layers=  idx=7414  idx=
129  idx=50311) V=129) V=
0.373302 #verts=50
[BC] solutionVector finite after write? 4450345625677 / solSize=
50311
[RUN] begin: sol size= / layers= / layers=LAYER=23 / layers=129  idx= / solSize=50311
  idx=1.22344129  idx=40800 / solSize=50311  idx=yes / solSize= #verts=50
 / solSize=50311LAYER=
[RUN] solutionVector finite at entry? 
503115031119054UPDATE VOLTAGE END yes

40
677 / layers=[BC] solutionVector finite after write? 12948719LAYER=129 / layers=
129
  idx=yes129 / solSize=  idx=45608 / solSize=50311
LAYER=LAYER=33736UPDATE VOLTAGE START50311Update boundaries

[BC] updateElectrodeVoltage( / solSize=8089
UPDATE VOLTAGE END 
LAYER=
 / solSize= / solSize= / layers=70 / layers=129  idx=35461 / solSize=50311
LAYER=58 / layers=129  idx=40192 / solSize=UPDATE VOLTAGE STARTUPDATE VOLTAGE START503111295

[BC] updateElectrodeVoltage(  idx=
  idx=LAYER= / layers=) V=580 / solSize=50311
LAYER=[BC] updateElectrodeVoltage(50311311992129  idx=503115031112999
 / solSize=0.645792
0 / layers=129  idx=677 / layers=) V=50311
LAYER=LAYER=
) V= / solSize=0.269274 #verts=LAYER=263029650311
LAYER=012955 / layers=129  idx=41331 / solSize=50311
5099LAYER= #verts=  idx= / layers=34 #verts=Update boundaries
 / layers= / solSize=UPDATE VOLTAGE START
[BC] updateElectrodeVoltage(0) V=
510 #verts=12950[BC] solutionVector finite after write?  / layers=  idx=21083101yes50129  idx=46882 / solSize=50311
 / solSize= / layers=22745
LAYER=50311

129
 / solSize=50311
96LAYER= / layers=[BC] solutionVector finite after write?   idx=19411 / solSize=50311
UPDATE VOLTAGE END 50311129  idx=22458 / solSize=50311
87LAYER=
yes
UPDATE VOLTAGE START
Update boundariesLAYER=LAYER=108[BC] updateElectrodeVoltage(
 / layers=UPDATE VOLTAGE START
[BC] updateElectrodeVoltage([BC] solutionVector finite after write? 98129
6107yes
[BC] solutionVector finite after write? 
  idx=0 / layers=) V=UPDATE VOLTAGE END  / layers=) V=129  idx=15840 / solSize=50311129yesLAYER=
-1.2433127679 / layers=  idx=

35UPDATE VOLTAGE END 
UPDATE VOLTAGE START
[BC] updateElectrodeVoltage(1) V= / solSize=UPDATE VOLTAGE START129 / layers=LAYER=3921039UPDATE VOLTAGE END 050311
[BC] updateElectrodeVoltage(3) V= #verts= / layers=
UPDATE VOLTAGE START
[BC] updateElectrodeVoltage(1) V=-1.398860.196425 #verts=50
[BC] solutionVector finite after write? -0.081727451 #verts=  idx=
 #verts=50
yes50
[BC] solutionVector finite after write? yes
UPDATE VOLTAGE END 
UPDATE VOLTAGE START
[BC] updateElectrodeVoltage(7) V=[BC] solutionVector finite after write?  / solSize=LAYER=129 #verts=-1.16643
[BC] solutionVector finite after write? yes
UPDATE VOLTAGE END 
yes50
 #verts=UPDATE VOLTAGE START
1299450311

UPDATE VOLTAGE END 
UPDATE VOLTAGE START
[BC] updateElectrodeVoltage(4) V=21773-1.32221 #verts=50129 / layers=
UPDATE VOLTAGE END [BC] updateElectrodeVoltage(  idx=  idx=  idx=129LAYER=72 / layers=129  idx=34563 / solSize=50311
LAYER=83 / layers=129  idx=29698 / solSize=50311
LAYER=34 / layers=
501291  idx=23848 / solSize=50311
LAYER=118 / layers=129  idx=
[BC] solutionVector finite after write? yes
UPDATE VOLTAGE END 
UPDATE VOLTAGE START
[BC] updateElectrodeVoltage(5[BC] solutionVector finite after write?   idx= / solSize=15546
8869 / solSize=50311UPDATE VOLTAGE START4682850311 / solSize=50311
LAYER=[BC] solutionVector finite after write? yes) V=46650) V= / solSize=yes
UPDATE VOLTAGE END 
[RUN] begin: sol size=50311
[RUN] solutionVector finite at entry?  / solSize=1.04841 #verts=yes


50311
LAYER=77 / layers=129  idx=32703 / solSize=50311
LAYER=18 / layers=129  idx=49357 / solSize=50311
LAYER=48 / layers=129  idx=43419 / solSize=50311
LAYER=99 / layers=129  idx=21010 / solSize=50311
LAYER=82 / layers=129  idx=30296 / solSize=50311
LAYER=129 / layers=129  idx=0 / solSize=50311
LAYER=129 / layers=129  idx=97 / solSize=50311
LAYER=129 / layers=129  idx=194 / solSize=50311
50LAYER=
129[BC] solutionVector finite after write?  / layers=12945857yes
UPDATE VOLTAGE END 
UPDATE VOLTAGE START
[BC] updateElectrodeVoltage(LAYER=  idx= / solSize=2) V=39290[BC] updateElectrodeVoltage(1.3051350311

LAYER=84 / layers=129  idx=28918 / solSize=50311 / layers=
 / solSize= #verts=2LAYER=UPDATE VOLTAGE END 50101-0.775084
UPDATE VOLTAGE START
[BC] updateElectrodeVoltage(
) V=129 / layers=129  idx=19580 / solSize=50311 #verts=50311  idx=LAYER=52 / layers=129  idx=42267
104
LAYER=129251 / solSize=
 / layers=129  idx=17606 / solSize=50311
45764 / layers=129  idx=387 / solSize=50311
LAYER=50311
[BC] solutionVector finite after write? yes
UPDATE VOLTAGE END 
UPDATE VOLTAGE START
[BC] updateElectrodeVoltage(3) V=[BC] solutionVector finite after write? LAYER=129-0.81829
1.1021LAYER=yesLAYER= / layers=) V=129  idx=48454 / solSize= #verts=34 / layers=129  idx= #verts=-1.2224550311 / layers=129  idx=41545 / solSize=50311
LAYER=70 / layers=129  idx=35753 / solSize=503114680751 #verts=51
50311
LAYER=123 / layers=
50 / solSize=42

 / solSize=LAYER= / layers=
[BC] solutionVector finite after write? 50311[BC] solutionVector finite after write? 129yes129
LAYER=129 / layers=129  idx=580 / solSize=50311
LAYER=129 / layers=129  idx=91

UPDATE VOLTAGE END 
UPDATE VOLTAGE START  idx=677 / layers=LAYER=  idx=4882 / solSize=50311
yes
[BC] updateElectrodeVoltage(3) V=0.255898 #verts=[BC] solutionVector finite after write? 45075UPDATE VOLTAGE END 
UPDATE VOLTAGE END 
UPDATE VOLTAGE START
[BC] updateElectrodeVoltage(4) V=12950311 / solSize=yes
-0.34679850311

5049  idx=LAYER= / solSize= / layers=
25442[BC] solutionVector finite after write? yes
UPDATE VOLTAGE END 
UPDATE VOLTAGE START
[BC] updateElectrodeVoltage(50311 / solSize=50311
UPDATE VOLTAGE START129  idx=43173 / solSize=50311

LAYER=98 / layers=129  idx=21371 / solSize= #verts=
LAYER=
UPDATE VOLTAGE END 50
[BC] solutionVector finite after write? LAYER=[BC] updateElectrodeVoltage(5031197106
yes
UPDATE VOLTAGE END 
UPDATE VOLTAGE START
[BC] updateElectrodeVoltage(5) V=1.07491 #verts=50

4UPDATE VOLTAGE START
[BC] updateElectrodeVoltage(36[BC] solutionVector finite after write? yes
UPDATE VOLTAGE END LAYER=LAYER= / layers= / layers=) V=) V=12947Update boundaries
119UPDATE VOLTAGE START
[BC] updateElectrodeVoltage(0) V=0.70691162) V= / layers= / layers= #verts=51 / layers=-1.3818129  idx=43633 / solSize=50311

129  idx=-1.22632 #verts=50
038868129LAYER= #verts=50
[BC] solutionVector finite after write? yes
129 #verts=50
[BC] solutionVector finite after write? yes[BC] solutionVector finite after write?   idx=
UPDATE VOLTAGE END   idx=
16684  idx=7500UPDATE VOLTAGE START
[BC] updateElectrodeVoltage(6) V= / solSize=UPDATE VOLTAGE START
 / solSize= / solSize=50311
LAYER=yes50311
LAYER=78 / layers=-0.10153150311
UPDATE VOLTAGE END 21903[BC] updateElectrodeVoltage(129


 / solSize=4 / layers=129  idx=0UPDATE VOLTAGE START #verts=UPDATE VOLTAGE END ) V=[BC] solutionVector finite after write? 5031195 / solSize=

 / layers=129  idx=50311
yesUPDATE VOLTAGE START
[BC] updateElectrodeVoltage([BC] updateElectrodeVoltage(5) V=51
LAYER=129 / layers=129  idx=97 / solSize=50311
LAYER=129 / layers=129
LAYER=1) V=23215-0.789884129  idx=
 / solSize=50311
LAYER=129 / layers=129 #verts=[BC] solutionVector finite after write? 0.073389UPDATE VOLTAGE END LAYER=1.20734  idx=0 / solSize=50311
LAYER=129 / layers=129  idx=97 / solSize=50311
LAYER=yes39194  idx=129 #verts=
UPDATE VOLTAGE END 
UPDATE VOLTAGE START
[BC] updateElectrodeVoltage(7) V=
 / solSize=3196550311 #verts= / layers=50UPDATE VOLTAGE START39
50
[BC] solutionVector finite after write? yes
UPDATE VOLTAGE END  / layers=50-1.06165
UPDATE VOLTAGE START
[BC] updateElectrodeVoltage(LAYER=

 #verts= / solSize=5[BC] updateElectrodeVoltage(
12950311) V=[BC] solutionVector finite after write? [BC] solutionVector finite after write?  / layers=7 / layers=
50-0.305569 #verts=50
[BC] solutionVector finite after write? yes
UPDATE VOLTAGE END 
UPDATE VOLTAGE START
[BC] updateElectrodeVoltage(6) V=129) V=LAYER=73 / layers=
0.395992yesyes[BC] solutionVector finite after write?  #verts=129129  idx=34117 / solSize=50311
LAYER=129
yes51  idx=74 / layers=129  idx=33945 / solSize=50311
LAYER=0.503497UPDATE VOLTAGE END 
UPDATE VOLTAGE START
[BC] updateElectrodeVoltage(2) V=
129194 / solSize=  idx= #verts=50
[BC] solutionVector finite after write? yes
UPDATE VOLTAGE END 
124 / layers=129  idx=4001
45850 / solSize=  idx=UPDATE VOLTAGE END  / solSize=  idx=
50311
[RUN] begin: sol size=50311290UPDATE VOLTAGE END 
[BC] solutionVector finite after write?  / solSize=50311
LAYER=[RUN] begin: sol size=
yes
UPDATE VOLTAGE END 
UPDATE VOLTAGE START50311
[BC] updateElectrodeVoltage(7) V=0.189369 #verts=50
[BC] solutionVector finite after write? yes
UPDATE VOLTAGE END 129 / layers=129
[RUN] solutionVector finite at entry? yes
503110.326863  idx=
[RUN] begin: sol size=50311

UPDATE VOLTAGE START
[BC] updateElectrodeVoltage(6) V=
38745757-0.705468LAYER=[RUN] solutionVector finite at entry?  / solSize=[RUN] solutionVector finite at entry? 50311 #verts= #verts=
91yes / solSize=51LAYER=
 / layers=
129503115031151129  idx=


 / layers=[BC] solutionVector finite after write? LAYER=25650129yes
UPDATE VOLTAGE END 
LAYER=47 / layers=129  idx=43692 / solSize=50311
[BC] solutionVector finite after write?  / solSize=50311
yesUPDATE VOLTAGE START83yesLAYER=  idx=
UPDATE VOLTAGE END 
UPDATE VOLTAGE START
[BC] updateElectrodeVoltage(7) V=
LAYER=1.48612LAYER=128 / layers=129  idx=122 #verts=484129 / layers=129
50 / solSize=50311
LAYER=129  idx=[BC] updateElectrodeVoltage(
[BC] solutionVector finite after write?  / layers= / layers=5774yes129
129  idx=580 / solSize=  idx=UPDATE VOLTAGE END 
[RUN] begin: sol size=50311
[RUN] solutionVector finite at entry? 50311
LAYER=129 / layers=yes
3 / solSize=) V=50311
-0.1842841229129  idx= / solSize= #verts=50
[BC] solutionVector finite after write? 50311
LAYER=64 / layers=129  idx=37849 / solSize=50311
LAYER=128 / layers=129  idx= / layers=LAYER=yes120 / layers=129
UPDATE VOLTAGE END   idx=
UPDATE VOLTAGE START6872
[BC] updateElectrodeVoltage(4 / solSize=) V=503110.619673 #verts=50
29790
677 / solSize=[BC] solutionVector finite after write? LAYER=71 / layers=129  idx=35063 / solSize=50311
LAYER=50311119yes / solSize=50311
129 / layers=129  idx=7995 / solSize=50311
LAYER=122 / layers=129  idx=5840 / solSize=50311
LAYER=  idx=129 / layers=129  idx=2900 / solSize=
 / solSize=50311
LAYER=129 / layers=LAYER=97
UPDATE VOLTAGE END 
UPDATE VOLTAGE START
[BC] updateElectrodeVoltage(5) V=0.524208 #verts=50
[BC] solutionVector finite after write? yes
UPDATE VOLTAGE END 
UPDATE VOLTAGE START / layers=129129
  idx=97 / solSize=50311[BC] updateElectrodeVoltage(6  idx=
LAYER=129 / layers=22049 / solSize=503111291102  idx=194 / solSize=50311 / solSize=50311
50311LAYER=


LAYER=127 / layers=LAYER=129129 / layers=129  idx=  idx=2901952 / solSize=50311 / solSize=LAYER=) V=101 / layers=129  idx=194950.347032 / solSize= #verts=51
50311
[BC] solutionVector finite after write? yes
UPDATE VOLTAGE END LAYER=
129UPDATE VOLTAGE START
[BC] updateElectrodeVoltage(50311 / layers=129  idx=7) V=
3871.09467LAYER= #verts=50

71[BC] solutionVector finite after write?  / layers=129  idx=yes35381 / solSize=50311
LAYER=
LAYER=129UPDATE VOLTAGE END 11981 / layers=
 / layers=[RUN] begin: sol size=12950311
129  idx= / layers=[RUN] solutionVector finite at entry?   idx= / solSize=129yes
7637  idx= / solSize=50311
30851LAYER=97 / layers= / solSize=50311129
  idx=LAYER=50311
22240129 / layers= / solSize=129  idx=050311
LAYER=LAYER=12943 / layers=129  idx= / layers=129  idx= / solSize=44872 / solSize=50311387 / solSize=
50311LAYER=
118 / layers=129LAYER=  idx=1298693 / layers=12950311
LAYER=129 / layers=129  idx=97 / solSize=50311
LAYER=129 / layers=129  idx=194 / solSize=50311
LAYER=129 / layers=129  idx=290 / solSize=50311
LAYER=129 / layers=129  idx=387 / solSize=50311
LAYER=129 / layers=129  idx=484 / solSize=50311
LAYER=129 / layers=129  idx=580 / solSize=50311
484LAYER= / solSize=50311
129LAYER= / layers=129  idx=677 / solSize=50311
129 / layers=129  idx=580 / solSize=50311
LAYER=129 / layers=  idx=129  idx=677 / solSize=50311
484 / solSize= / solSize=50311
50311LAYER=129 / layers=
129LAYER=  idx=111 / layers=129580Update boundaries  idx=13445 / solSize=50311
LAYER=61 / layers=129  idx=39223 / solSize=50311

LAYER=129 / layers=129  idx=0UPDATE VOLTAGE START / solSize=
[BC] updateElectrodeVoltage(503110) V=
0 #verts=LAYER= / solSize=129 / layers=1295050311
LAYER=129 / layers=129  idx=677 / solSize=50311

[BC] solutionVector finite after write? yes
UPDATE VOLTAGE END 
UPDATE VOLTAGE START
[BC] updateElectrodeVoltage(1) V=0.536717 #verts=50
[BC] solutionVector finite after write? yes
UPDATE VOLTAGE END 
UPDATE VOLTAGE START
[BC] updateElectrodeVoltage(2) V=  idx=97 / solSize=50311
LAYER=129 / layers=129  idx=194 / solSize=50311
LAYER=129 / layers=129  idx=290 / solSize=50311
LAYER=129 / layers=129  idx=387 / solSize=50311
LAYER=129 / layers=129  idx=484 / solSize=50311
LAYER=129 / layers=129  idx=580 / solSize=50311
LAYER=129 / layers=129  idx=677 / solSize=50311
-0.0664095 #verts=51
[BC] solutionVector finite after write? yes
UPDATE VOLTAGE END 
UPDATE VOLTAGE START
[BC] updateElectrodeVoltage(3) V=0.579412 #verts=50
[BC] solutionVector finite after write? yes
UPDATE VOLTAGE END 
UPDATE VOLTAGE START
[BC] updateElectrodeVoltage(4) V=0.133584 #verts=50
[BC] solutionVector finite after write? yes
UPDATE VOLTAGE END 
UPDATE VOLTAGE START
[BC] updateElectrodeVoltage(5) V=-1.25439 #verts=50
[BC] solutionVector finite after write? yes
UPDATE VOLTAGE END 
UPDATE VOLTAGE START
[BC] updateElectrodeVoltage(6) V=-1.00927 #verts=51
[BC] solutionVector finite after write? yes
UPDATE VOLTAGE END 
UPDATE VOLTAGE START
[BC] updateElectrodeVoltage(7) V=0.72677 #verts=50
[BC] solutionVector finite after write? yes
UPDATE VOLTAGE END 
[RUN] begin: sol size=50311
[RUN] solutionVector finite at entry? yes
Update boundaries
UPDATE VOLTAGE START
[BC] updateElectrodeVoltage(0) V=Update boundaries
UPDATE VOLTAGE START
[BC] updateElectrodeVoltage(0) V=0 #verts=50
[BC] solutionVector finite after write? yes
UPDATE VOLTAGE END 
UPDATE VOLTAGE START
[BC] updateElectrodeVoltage(1) V=0 #verts=500.177907
[BC] solutionVector finite after write? yes
UPDATE VOLTAGE END 
UPDATE VOLTAGE START
[BC] updateElectrodeVoltage(1) V=0.836232 #verts=50
[BC] solutionVector finite after write? yes
UPDATE VOLTAGE END 
UPDATE VOLTAGE START
[BC] updateElectrodeVoltage(2) V= #verts=-1.4368150 #verts=51

[BC] solutionVector finite after write? [BC] solutionVector finite after write? yesyes
UPDATE VOLTAGE END 

UPDATE VOLTAGE END UPDATE VOLTAGE START
UPDATE VOLTAGE START
[BC] updateElectrodeVoltage(2) V=0.0456873 #verts=51
[BC] solutionVector finite after write? yes
UPDATE VOLTAGE END 
UPDATE VOLTAGE START
[BC] updateElectrodeVoltage(3) V=-0.743567 #verts=50
[BC] solutionVector finite after write? 
yes
[BC] updateElectrodeVoltage(3) V=0.742604 #verts=50
[BC] solutionVector finite after write? yes
UPDATE VOLTAGE END 
UPDATE VOLTAGE START
[BC] updateElectrodeVoltage(4) V=-1.12407 #verts=50
[BC] solutionVector finite after write? yes
UPDATE VOLTAGE END 
UPDATE VOLTAGE STARTUPDATE VOLTAGE END 

[BC] updateElectrodeVoltage(5) V=UPDATE VOLTAGE START
[BC] updateElectrodeVoltage(4) V=-0.269864 #verts=50
1.16177 #verts=[BC] solutionVector finite after write? 50yes
UPDATE VOLTAGE END 
Update boundaries

[BC] solutionVector finite after write? UPDATE VOLTAGE START
[BC] updateElectrodeVoltage(yesUPDATE VOLTAGE START
[BC] updateElectrodeVoltage(
UPDATE VOLTAGE END 
60) V=) V=UPDATE VOLTAGE START1.11301
 #verts=[BC] updateElectrodeVoltage(515) V=
[BC] solutionVector finite after write? yes
UPDATE VOLTAGE END -0.117154
 #verts=50UPDATE VOLTAGE START0

 #verts=[BC] solutionVector finite after write? [BC] updateElectrodeVoltage(yes
7UPDATE VOLTAGE END 50
[BC] solutionVector finite after write? yes
UPDATE VOLTAGE END 
UPDATE VOLTAGE START
Update boundaries[BC] updateElectrodeVoltage(
1) V=
UPDATE VOLTAGE STARTUPDATE VOLTAGE START
[BC] updateElectrodeVoltage(0.999301
 #verts=0) V=) V=-0.253971 #verts=50
50[BC] solutionVector finite after write? 
yes
UPDATE VOLTAGE END [BC] solutionVector finite after write? yes
0UPDATE VOLTAGE END  #verts=50
[BC] updateElectrodeVoltage([BC] solutionVector finite after write? yes
UPDATE VOLTAGE END 
6UPDATE VOLTAGE START) V=
[BC] updateElectrodeVoltage(
1UPDATE VOLTAGE START) V=0.742722
 #verts=[BC] updateElectrodeVoltage(0.7284472) V=51

0.663857 #verts=[BC] solutionVector finite after write? 50[RUN] begin: sol size=yes

50311
[RUN] solutionVector finite at entry?  #verts=[BC] solutionVector finite after write? yesyes

UPDATE VOLTAGE END 
UPDATE VOLTAGE START
[BC] updateElectrodeVoltage(2) V=1.41363 #verts=51
51[BC] solutionVector finite after write? 
yes[BC] solutionVector finite after write? yes

UPDATE VOLTAGE END UPDATE VOLTAGE END 
UPDATE VOLTAGE START

UPDATE VOLTAGE START[BC] updateElectrodeVoltage(3) V=
[BC] updateElectrodeVoltage(3) V=-0.917539 #verts=UPDATE VOLTAGE END 50
[BC] solutionVector finite after write? yes
UPDATE VOLTAGE END 
UPDATE VOLTAGE START
[BC] updateElectrodeVoltage(4) V=-0.429833 #verts=50
[BC] solutionVector finite after write? yes
UPDATE VOLTAGE END 
UPDATE VOLTAGE START
[BC] updateElectrodeVoltage(5) V=-0.704215 #verts=50
[BC] solutionVector finite after write? yes
UPDATE VOLTAGE END 
UPDATE VOLTAGE START

[BC] updateElectrodeVoltage(UPDATE VOLTAGE START
[BC] updateElectrodeVoltage(7) V=6) V=-0.931297 #verts=50
1.0646 #verts=[BC] solutionVector finite after write? -1.42064yes51 #verts=50
[BC] solutionVector finite after write? 

UPDATE VOLTAGE END 
[RUN] begin: sol size=50311
[RUN] solutionVector finite at entry? yes
[BC] solutionVector finite after write? yes
UPDATE VOLTAGE END 
UPDATE VOLTAGE START
[BC] updateElectrodeVoltage(7) V=1.20282 #verts=50
[BC] solutionVector finite after write? yes
UPDATE VOLTAGE END 
[RUN] begin: sol size=50311
[RUN] solutionVector finite at entry? yes
yes
UPDATE VOLTAGE END 
UPDATE VOLTAGE START
[BC] updateElectrodeVoltage(4) V=1.01331 #verts=50
[BC] solutionVector finite after write? yes
UPDATE VOLTAGE END 
UPDATE VOLTAGE START
[BC] updateElectrodeVoltage(5) V=-1.15375 #verts=50
[BC] solutionVector finite after write? yes
UPDATE VOLTAGE END 
UPDATE VOLTAGE START
[BC] updateElectrodeVoltage(6) V=1.49222 #verts=51
[BC] solutionVector finite after write? yes
UPDATE VOLTAGE END 
UPDATE VOLTAGE START
[BC] updateElectrodeVoltage(7) V=1.06376 #verts=50
[BC] solutionVector finite after write? yes
UPDATE VOLTAGE END 
[RUN] begin: sol size=50311
[RUN] solutionVector finite at entry? yes
[RUN] formed: X.size=50311 B.size=50311 A? yes
[RUN] B finite? yes
[RUN] X finite pre-PCG? yes
[RUN] formed: X.size=50311 B.size=50311 A? yes
[RUN] B finite? yes
[RUN] X finite pre-PCG? yes
[RUN] formed: X.size=50311 B.size=50311 A? yes
[RUN] B finite? yes
[RUN] X finite pre-PCG? yes
[RUN] formed: X.size=50311 B.size=50311 A? yes
[RUN] B finite? yes
[RUN] X finite pre-PCG? yes
[RUN] formed: X.size=50311 B.size=50311 A? yes
[RUN] B finite? yes
[RUN] X finite pre-PCG? yes
[RUN] formed: X.size=50311 B.size=50311 A? yes
[RUN] B finite? yes
[RUN] X finite pre-PCG? yes
[RUN] formed: X.size=50311 B.size=50311 A? yes
[RUN] B finite? yes
[RUN] X finite pre-PCG? yes
[RUN] formed: X.size=50311 B.size=50311 A? yes
[RUN] B finite? yes
[RUN] X finite pre-PCG? yes
[RUN] formed: X.size=50311 B.size=50311 A? yes
[RUN] B finite? yes
[RUN] X finite pre-PCG? yes
[RUN] formed: X.size=50311 B.size=50311 A? yes
[RUN] B finite? yes
[RUN] X finite pre-PCG? yes
[RUN] formed: X.size=50311 B.size=50311 A? yes
[RUN] B finite? yes
[RUN] X finite pre-PCG? yes
[RUN] formed: X.size=50311 B.size=50311 A? yes
[RUN] B finite? yes
[RUN] X finite pre-PCG? yes
[RUN] formed: X.size=50311 B.size=50311 A? yes
[RUN] B finite? yes
[RUN] X finite pre-PCG? yes
[RUN] formed: X.size=50311 B.size=50311 A? yes
[RUN] B finite? yes
[RUN] X finite pre-PCG? yes
[RUN] formed: X.size=50311 B.size=50311 A? yes
[RUN] B finite? yes
[RUN] X finite pre-PCG? yes
[RUN] formed: X.size=50311 B.size=50311 A? yes
[RUN] B finite? yes
[RUN] X finite pre-PCG? yes
[RUN] formed: X.size=50311 B.size=50311 A? yes
[RUN] B finite? yes
[RUN] X finite pre-PCG? yes
[RUN] formed: X.size=50311 B.size=50311 A? yes
[RUN] B finite? yes
[RUN] X finite pre-PCG? yes
[RUN] formed: X.size=50311 B.size=50311 A? yes
[RUN] B finite? yes
[RUN] X finite pre-PCG? yes


Verification failed: (IsFinite(nom)) is false:
 --> nom = -nan
 ... in function: virtual void mfem::CGSolver::Mult(const mfem::Vector&, mfem::Vector&) const
 ... in file: /home/hd/hd_hd/hd_gy283/mfem/linalg/solvers.cpp:779

/var/spool/slurm/job10102864/slurm_script: line 10: 1738818 Aborted                 (core dumped) "$@"
