V_other_1,V_other_2,V_other_4,V_other_5,V_other_6,ndr_area_frac,min_g_norm,ndr_strength
0.5149795526764169,-0.6869043744702323,0.9857891626366495,0.8662061110136237,-1.19907699115497,0.1733,-1.0073426801420575,0.0828954547943938
1.4753736073367612,-0.9232052961935315,-0.36591751641589765,-0.5937199785968235,-1.3501916424119274,0.0973,-0.4152442652638574,0.007632969599080413
1.31412399457807,-1.051807733808768,-0.5244994137576975,-0.31891069734132715,1.3157633074424848,0.1584,-0.6763355121817033,0.022214032606586928
-1.3255734946199658,0.06059170955307769,-1.4196855930676564,-1.1071471353891011,-0.5924448498943448,0.1013,-3.9109820904017814,0.20261341704569144
-1.4790482234697355,0.40517406533602207,-0.6723801064425409,0.24056535347310737,0.18559746110180475,0.0793,-2.471721770738783,0.08138893517113266
0.7163252326191643,0.8090247197223959,0.36616170955059024,1.464385775630928,0.29078976993740024,0.1718,-1.2026160328051059,0.08847840560847682
-0.8889098384551191,0.7501200879411396,0.8946186392291584,1.190984725873502,-0.004999720042267342,0.1234,-0.5037545026311143,0.017276878614659028
0.15281510482892768,0.894872864586969,0.022523103859941385,-1.3164988049704895,0.9419344923624249,0.1905,-0.9174025225769994,0.07442471635031189
0.8470653690264895,1.4764944898630228,-0.2452992384094712,0.6930160746389413,0.7306906695054116,0.0976,-0.595722956287602,0.022156799330489963
0.5817959507010393,-0.9053086119858809,-0.1259120827501059,-0.5253401849623454,0.3179481226594034,0.1984,-1.208218007781309,0.11802756047172547
-0.43682300773203764,0.1622470878532174,0.8832639123888462,-0.6886008502960053,1.332389026486089,0.1908,-1.047033685885235,0.09449828140217999
0.33782818926655667,0.8372439785815495,-1.3314243647512725,-1.0432485268893983,-0.5430556842395333,0.2204,-1.245439770999362,0.14881300588961846
0.7599455981348431,0.10604624777586391,-0.5804323448871511,0.5760075541345668,-1.3456733727886006,0.0,0.07882049368282054,0.0
-0.5823759104382448,0.4147824937254514,1.0575130156843509,-0.945543378061972,1.243478582358303,0.216,-0.9724610541598155,0.096885726882765
1.034936351527377,0.14639488559152114,0.6165377957439899,-0.9191353241878367,0.326109430660126,0.1369,-2.0881024011908793,0.13528965911290342
0.4110230311174252,0.08011786919570874,-1.1180934870208379,1.373807956212866,0.4262938226819133,0.1496,-0.6223282079729257,0.028631135326349193
0.6611415265920555,-0.5537087978082615,-0.2076845642470404,0.3866534444091543,-0.20007993631688015,0.2349,-1.3788091229037323,0.1566224004431207
1.188798871144221,-0.2617859763620056,-1.2542495234252073,0.20726157056763306,-0.6934104720270586,0.1327,-0.6247046551662858,0.029427437531736166
0.4978956125668257,0.9432057835999093,-0.40848742747800704,0.8522767566747822,-0.502598920320495,0.1611,-2.1997631656085535,0.18781406129040823
1.4300854133608416,-1.0114345847694133,-0.9700426734113059,-0.545717964149915,-1.2647593641012365,0.0995,-0.40562850275167966,0.008455336401328848
0.6486768664492031,-1.0809985893531655,0.7350739242547824,0.7658914242551376,0.1793395939980167,0.0024,-0.25990507839686533,1.5120133953994197e-05
1.2598780949335389,-0.809647482298612,-0.1090370609477902,0.15849919120112643,1.4718245345630252,0.2442,-0.4798895675101596,0.029700779296666785
-0.2883875746346698,-0.6471636602279409,-1.137083960004254,0.7853255859881711,-0.7499779656250378,0.2553,-2.1120563482525134,0.3152082450138248
0.2017192521613882,-0.6534318049262695,-0.6518781610176372,0.7981466360569942,1.1515951163687728,0.2431,-1.4487804058547746,0.19494470888740265
0.2598081941577033,-0.6816995831378447,-0.2376576955762768,0.4772632025851655,-0.23147581479808577,0.236,-1.8890390368288297,0.24518143227084999
-1.0927277599958423,1.0460220323821479,-0.32907458631043474,0.5385318709277889,0.4973579551546139,0.0124,-0.483368005216834,0.00189684443716497
-0.10831596112154562,1.030690867426725,1.3915577389802358,1.1499310223056334,-1.4120436029598034,0.0,-0.18725530989731243,0.0
-0.7949507591403094,-1.3400404309452822,0.76396184618743,-0.21741975996649154,0.18024101286856675,0.2321,-4.274337661915813,0.4692116427874267
-1.097824340725629,-0.9675483217792413,-0.09169752635655515,1.0829990565562744,-0.7210589759485043,0.1744,-4.049399210956629,0.31884949845482563
0.9645449572610545,0.6162840030329222,0.1951044691742625,-1.4575799872089665,-1.4760085521162694,0.0,-0.06916918111827004,0.0
0.02207110358714104,-0.08846623463451841,-1.1843148723388859,0.7513519241091045,-0.3866404527426113,0.1853,-1.2053284801118234,0.08956013770182701
-0.6907887168568324,1.3859934407645338,0.2647593845988505,-0.303236487441386,-0.12576826585891965,0.2445,-1.6659664267985825,0.23388230547146172
-1.0398611812853522,0.8016327266367789,1.134551955432134,0.1269597962577247,0.40474476772557,0.0668,-0.5781498933047424,0.00708362224752683
-1.1760607759450243,0.46586879790729263,0.07004352285234461,-0.4867281448913825,-0.3236214578630858,0.1703,-3.7665344579134077,0.30515417656441185
-0.761085458879983,-0.5187829936599236,1.050324456673763,-0.5537549569907005,0.6508692480962739,0.2409,-1.6619261003817094,0.2214883184756582
0.23005471923420306,1.3206226523192095,-1.128369105157838,-0.5388958825659349,0.41184288528342394,0.2122,-1.1619520705240283,0.10888958990818565
-0.3211373657678882,-0.4365931523817088,0.9350682337883773,1.0843459206883592,0.8633735263807552,0.1967,-1.0525662233290307,0.08316752548614952
1.255701141947955,-1.4928496260833395,-0.5400905872586026,0.17045934837874643,-0.560303362056743,0.104,-0.439192656005177,0.011275592293789048
0.4874866852973265,-1.3216044731966508,0.9495151900000045,-1.3612683419813327,-1.4897235828112378,0.1248,-1.2749609467137162,0.07828847592130689
-0.9293963862531271,-0.2644003708531819,0.6983644165707346,0.5946294788259303,-1.2401333555188945,0.1639,-3.109659641457864,0.2368994014041261
-1.1622190633517615,0.5539343336461715,-0.9871248813630592,1.3848599997933615,-1.4399205365006928,0.1303,-3.607436018500914,0.22697149989754312
0.10578787385376853,0.3392051152109721,-0.7858043561232007,0.5228626522846138,1.0925094700100892,0.3424,-1.2398831387891724,0.13956851189761968
0.3461481915732538,0.8731558081214534,-0.48303804449376164,-0.39520968356676134,-0.179380978873259,0.3784,-1.646593652850818,0.24349090777024254
-0.01604407698326482,-0.5093896902831919,-1.0842843040534642,-0.20996595785576444,0.5764136931776038,0.2452,-1.6259468801944348,0.21380451066301093
-0.7412611801802842,-0.42920678701539017,0.9722942531796024,-0.4834079358118062,1.224486420602493,0.2497,-1.4335492407691426,0.2057391844600039
1.3539688072899958,-1.2522909900411707,-1.1247311029826534,0.03447218858737933,0.5398714874512205,0.0462,-0.5958490186748281,0.008432961015078273
1.308483719859483,-1.266748079922709,0.28876309088289687,0.6662556373183861,1.188331161936595,0.2138,-0.4503871128159231,0.01981828062487818
-1.0222923131603021,-0.3557677969927897,-0.14182073195857048,-0.8272375812084047,-0.9137865924720717,0.1345,-3.839126108746922,0.267351583380184
-0.9410049979069204,-0.07647495595658982,-0.4587838825443096,-0.06186904995292242,0.4329581044766311,0.1659,-2.5857789408114584,0.16644016551438556
-1.235626942202176,-0.17403626703295716,0.3641036144183605,0.22777120327126443,-0.12138954841877658,0.1667,-3.789143210736479,0.2616265363916493
1.1873602680982582,-0.21927729215334146,-1.197957821045043,-0.8650036299164894,0.8493632559275355,0.1165,-0.8155035426643917,0.01711374743075217
-0.23188263932201214,-0.42468941296913254,-1.398255423850452,1.162224394081694,0.7734670430210233,0.2432,-1.4819215535897954,0.169133655886745
-0.5155055076012383,-1.104632180092865,-0.9947124320035041,-0.640013505252282,1.1108294791086788,0.2759,-2.0844931901824766,0.32315593337726567
-1.108238161976004,-1.3121757497369555,1.4068700394319347,0.8175437337305596,-0.7660422127250436,0.1683,-3.9796814447775724,0.3070356900011525
-0.9013230195150429,0.00467543430812678,-1.093575359776648,0.13318964954700596,-0.06686489410521235,0.2246,-2.7625017456434047,0.2464270933899629
-0.02882502699327749,-1.0915174607130764,-1.3751219835234298,1.406147712879084,-0.9266994219646384,0.2362,-1.7011244724280736,0.22796629234007956
0.3904953329353509,0.8831244066565498,0.634753357654799,-0.3478388151504679,1.437730824950151,0.2289,-1.2944830700646333,0.17532213850666492
1.4506279390535264,1.4474082384945173,1.450654465586259,0.5057268893706599,-0.5904137059016323,0.0346,-1.157026043346713,0.023108929170540977
-1.1322102341800824,1.1702961577023752,-0.7218254594476987,0.0321847148482588,-1.3312509694822936,0.146,-3.005494712723805,0.19758683895884113
0.808631106621478,0.734530150551882,-0.886035633316016,0.5883032530305492,1.0965900695550772,0.1659,-0.9172187013215053,0.08421171765852019
-0.2765481290532581,1.4939868610176497,1.0860159503382407,-0.1861179333912495,-0.869074352324561,0.1425,-0.69004811206932,0.04005449335596328
1.4894538479679227,0.674965179557911,1.3999029125268172,1.2592330726786631,-0.7627877391448576,0.0528,-1.7285087676530972,0.0450708960895318
-0.9385958839986047,0.3497421297272938,-0.5862979782201835,0.5121941181219274,0.9595525044158855,0.1914,-1.1612904320207906,0.09287240847758321
-0.3354665028467685,1.1044300164169032,-0.04794897551713628,-0.524706822010449,-1.011094046712759,0.1602,-0.9139484847734238,0.06923741836040972
0.32489988147167903,-0.4123410979475224,0.6594866127830197,-0.528382273765279,1.3387712154210227,0.2066,-1.0997848493814095,0.10384647095550624
-0.6516238334638687,0.7882148887322824,0.39165437628118616,-1.2034421806578397,0.3825656401753741,0.2065,-1.1080620989120935,0.11507463794998803
-0.7174118838128457,-0.11154420821637245,0.43706120103113144,-0.5044044005624124,-0.4345956318655173,0.2334,-1.7761983737103724,0.28044137951924275
-0.6269875620078647,-0.01228335511556633,0.14620613602444577,-0.645384906768683,0.36911841666237866,0.2138,-1.354087525487919,0.12279391593281166
0.5466335026579077,-0.8053420437466139,-1.4431434424847898,-0.05221184383396782,-0.9562654752266897,0.1829,-0.9368313266821361,0.08405000724302925
1.499724393096698,0.1107820581120218,0.09642506223083802,0.31844167168771675,0.4432401642670749,0.0009,-0.2599493801961229,6.225703223352586e-06
-0.8770588928638335,-1.1603094437307129,-0.7043798587700875,-0.9925105431121571,1.21527922916989,0.2025,-4.25294501554428,0.40185159072825233
-1.2844157308032618,-0.06495501096576861,1.3364364619504014,0.1677065141598666,0.29787985284991625,0.0703,-1.445908040078659,0.04636970935522076
0.7104371349333247,-0.5888618208864445,1.2574238895870642,0.18123966583450968,0.026335621434865786,0.1576,-0.4924722551946897,0.015726886591713663
1.32644629051548,-0.7612181122364707,-1.3546540311687447,-1.2975443593744533,0.6048124778940225,0.1301,-1.2409268807180949,0.03821655995164689
0.9236335216930951,-0.3006269524933458,-0.7407172871073597,1.2136607971964541,0.9045367091072256,0.0202,-0.4653085442092186,0.0022367236898115277
0.18259912414068502,-1.3258232810479722,-0.26330673213925193,-0.6723249950064941,-0.09980424602603488,0.2677,-1.9592347200236386,0.30843069871519835
1.2863448111276883,-0.8308998230287212,-1.2628166250897028,-0.2599515103870573,0.9551788842028377,0.1476,-0.777628414924852,0.02646027993989418
1.29787385954043,0.7091147741778712,-0.4880733109464981,0.5282118902350392,-1.3981123157154296,0.0,0.041126035798375475,0.0
1.0103284649773672,-0.9650831497782889,0.3821155365211588,0.8746054470632192,-0.4414035508393901,0.1866,-0.7285828798896394,0.04991288713351089
0.22786832107268218,0.8143560469982769,-1.3697206525575436,0.21813917814437245,-1.4843241016986999,0.0,-0.25378240941821206,8.463086287597621e-07
0.6282937729411846,-0.8777730141172437,-0.2510270420380525,-0.2513426524914819,-0.5049417547594452,0.1877,-1.1501336117408014,0.10707190559291062
-0.5382698448339401,1.20020693195168,-1.1590501151395727,-0.9777310087472698,-1.1339133670479082,0.2149,-0.5957280532874298,0.04129830254390562
0.47073313742425205,-0.3802999581967055,1.0977258556268135,-0.1114920147550631,1.4499066643740597,0.2121,-0.9397629230039769,0.08083261089103698
-1.3576571415159107,-0.2442462843804527,-0.5967151991165331,1.1852741542636234,0.8370026265322039,0.0818,-2.3955335828009323,0.09013129284078492
0.9954904904011985,1.3638318790995032,-1.3363508380139753,-0.4802652517788428,0.45962406334964223,0.0935,-1.0855356953681405,0.04231807616155976
0.8999578940422124,-1.1751164022080887,0.6600283729577328,-0.8236918625382657,0.2000547801741661,0.2366,-1.3433959078617508,0.11006597937304793
0.6673657178220798,-0.6543250511779768,0.32930687346700127,0.22481866169127462,-0.7895039598118864,0.168,-0.9660070274307843,0.07572171796640471
-1.1409807238243708,1.480475032914243,0.6218049634993945,-0.3416157668238544,1.1253759927896905,0.1775,-1.5510629588633045,0.10074025415415346
1.3517813994663808,0.166090752860093,-0.650852439322816,-0.6919960179761787,-1.0645414572632155,0.0,-0.05337665315406055,0.0
0.6337275776595144,-1.3329345999572644,0.2262386461484902,-0.9654915499884115,-1.0925717721305437,0.1782,-0.8040367899660478,0.06917422941168748
1.134048415439628,1.1827635084803707,-0.7141316065952646,-0.5071032759688603,0.45458051094667007,0.0714,-0.8704702677187844,0.02266827709506173
0.471164599037722,0.5649286611741395,0.8431927129340209,0.6572263857232286,-0.10632295887413123,0.2424,-1.5964882496443087,0.23738130160680884
0.7854631724499779,0.2994647020870054,0.7285694650671619,1.3699396375460386,0.6409984739809591,0.1781,-0.7845895918487952,0.0628843385575916
-1.166942356552401,-0.3174423647296216,-0.20061643672639562,1.12971917329982,-0.14152726621551381,0.137,-4.385040917326355,0.28196180712956564
0.5943281873377657,-0.48359802879844005,1.0231894670238981,1.4473728791900458,1.4785048889115586,0.2145,-0.5501948146308583,0.029941849002996235
-1.1188857804101766,-1.1080118857374495,0.5044363225572424,0.20670160734117404,-1.2138719992070546,0.1518,-3.93189566428607,0.28294256142285373
0.3406085733410509,1.0725044309042264,0.559806667364044,1.4106990402058197,1.1609327401030436,0.2008,-1.0797648781684555,0.09295798846960636
1.1976865855684986,1.49522918493891,-0.13264327810960697,-0.8475187494931861,0.8562889819883557,0.025,-0.5869244922688478,0.005649152129560756
0.940229384108739,0.14355391710078003,-0.8988767727473329,0.810859007183347,0.9479987587641432,0.173,-0.9553255916952452,0.08064164383866042
-0.8053298365467269,-0.6440643922855563,-0.19218542141917316,-0.22399447076061874,-0.4825784788994736,0.2631,-2.591925436272023,0.3885409811024959
1.03089534178427,0.2199426924527197,-0.9076220105075851,-0.9594879675593146,0.631712178544213,0.1178,-1.3816581281903841,0.07064530765902843
0.27540007689598656,1.1514431928053246,-0.5288390141385052,-1.391810296050458,-1.0303532388910268,0.175,-1.3013237954858559,0.0958811257769994
0.5168212878695768,0.12662872519913648,0.16602073125384775,-1.091681002439115,0.9523918562682883,0.1785,-0.9125781758026669,0.06153259658662665
1.4832429860149436,0.25703170313254997,-0.31115236614560304,-0.8064466474844574,0.917516480549128,0.0497,-0.6459524879743462,0.01117153365918186
-0.25138110694391913,0.6892818555107385,-1.06873330381524,1.3258364643721343,0.5090350199310731,0.0,-0.12069781022113929,0.0
-0.7212405240564379,0.09170807937644287,1.317664939199287,0.4869546054734213,0.47255570402922387,0.0028,-0.3978766332501839,0.0007390848856166775
-0.6639566901844386,-1.2069682082882447,-0.3161900258200556,-1.010285967505801,1.0590730138523523,0.2441,-3.1724051640296578,0.3587466609800603
-1.4646148413645899,1.2600783829911668,-1.0576575555452168,-0.2639370866141846,1.41593903920311,0.1257,-3.0328051263029754,0.1695682246679307
0.12454629866296951,0.46118423114120777,1.4590866413096344,-0.3814259133049642,1.0025280983829603,0.181,-0.9633322812291247,0.07521119437465609
0.2811859027520527,-1.1240288170547017,0.0390629861243208,0.5689116924765338,1.4943323564492226,0.2361,-1.3367095851628277,0.17677133320059774
0.4318652745713596,-0.4006294281060183,0.029180995751199035,-1.2487521899624296,0.03710469282969209,0.2352,-1.6939759173686586,0.2063255180930526
-1.2969849776938465,0.511383242391374,-0.8044288291200278,-1.1046340662653324,0.26801525493200806,0.1732,-5.166493857044159,0.3229146633866831
-0.42756338509460523,-0.226889619717338,-0.5892331783420255,0.6747450922907285,0.6834917912193594,0.2069,-1.2473706637080932,0.11051464421914693
-1.2304464969644768,-0.8190041338778771,1.4098008309083356,0.5504958667409636,-0.41345884859516957,0.1493,-4.234934442689348,0.28320875774232174
-1.0904025910749109,0.7566239235592578,-1.0952000248189337,-0.34433183940174295,1.1447073577339824,0.1541,-2.2678119813505293,0.1479469584580646
-0.5124998622211122,0.8618914020844661,-1.1195916017500447,1.11409752867509,0.4256164570605536,0.0,-0.1760905210761434,0.0
-0.576528042743907,0.3421567496687006,0.5712519735486437,-0.2102981264343331,-0.7062738789290096,0.192,-1.3166058175283477,0.13624348461873048
-1.3097933316285362,-0.5784047606694719,0.4916059716036034,1.2045286177903538,0.8718060873101168,0.0741,-2.2260071767237295,0.07740562414558935
0.6697401502598916,1.142082975627353,1.1457243221057576,-1.3505659859121655,-0.3293351113809915,0.0895,-3.124999846368684,0.13229578584459545
-0.5290164654048329,0.29673183548671744,-0.9856437036568984,-1.0056960769258079,-1.3901080241462958,0.1859,-0.8748049494630705,0.0742758864725924
-0.2012466303610243,1.1853211754846913,-0.2926937426827809,-1.1836729104884307,-0.14645730759523268,0.1977,-1.213362901596927,0.12826957627019905
-0.9476112046752716,0.529682093482367,-0.9233827725336112,0.375717356275556,0.044625873148322004,0.2347,-0.9886753682235055,0.08476256471289746
0.656768062691274,-0.33740127012288745,0.19930399830948842,-0.7618824896365098,0.6684768023051397,0.2034,-0.8980620565391273,0.0585089366784591
-0.4482124533886802,0.7492916853444997,-0.46870838810183435,0.08563462822592327,0.00987079678922198,0.3487,-1.628696041746996,0.20531303241218352
1.1758857478502796,0.4397072986116146,0.22023277136181107,0.1462587494362113,-1.1212877540373896,0.0032,-0.8386976260838589,0.003497616080075993
1.4599646659657601,1.2273012906161376,-0.4983282197131256,0.9311028986391863,-1.374144687551765,0.0,-0.33588486097705084,9.36300310119893e-05
0.6757955131887181,-0.6887063282199801,0.1359514996052713,1.3119025315617625,0.6176793783975674,0.0,-0.17608789253278365,0.0
0.6586672528790136,-0.5955752155977558,0.3545815706829325,-0.8194733221962747,-0.02767604704496196,0.2427,-1.549130234575567,0.191756290537344
1.00279388468934,-0.18695090248680257,0.4450546398853952,-1.23053960144807,1.0806851595942844,0.2155,-0.982409283506598,0.048265163364737386
-0.7035559053596037,-0.6581275588402864,-1.1966806503838825,-1.2787648006029524,-1.369024046883907,0.2291,-1.546791533745647,0.21435321495466625
-0.27442082485335995,-1.3140706363801784,0.23505831525311516,-0.8534820577945479,-0.47386216487540667,0.267,-1.919650379302325,0.31763600695534416
-1.0484862666130714,0.3072727619018132,0.3479874801474847,0.3241972508862232,0.18909072353373046,0.0893,-0.8165142262392702,0.022378659063064157
-0.6478421147915088,-0.1369563466502497,0.19335492408892074,-0.7624581971404343,-1.0345817327348938,0.2202,-1.1871159963596394,0.14772768912925224
0.5711344551569972,-0.025989673894512455,0.6789902569733854,-0.3745213645519385,0.6009955694667832,0.1699,-0.6962442431002266,0.04938526702462358
0.41605291736550165,1.3669782585285555,-0.2690888975285006,-0.3787772400095646,1.1481105661442585,0.2043,-1.434176430427521,0.18489756877816457
1.2199135205469327,0.851070233906853,1.372645353925801,-0.9826516852144835,0.149821967533025,0.083,-1.0575320143592362,0.03440599001972103
-0.8698439141578655,0.2275511820501368,0.7577973857976934,-1.1902411132335018,1.3606368421206012,0.2138,-1.7222228114727987,0.15179342337547283
-0.45309028847057564,-1.1203970357128266,-0.3713984057909552,0.07193022895384837,-1.2906310715684293,0.2512,-1.789477463643365,0.29229523295304244
-0.29685798558681586,-0.4036949515903927,-1.2599945515657263,-1.1866210890103774,0.35160202987322364,0.2989,-2.155924201731816,0.33747721427368077
-0.26535714281653044,0.3156791496549678,-0.3224762679504385,0.12191053673265295,-0.07465264548265482,0.2601,-1.7492727723393213,0.19492122187775504
-0.7399753285608611,-0.9274976067927776,1.12481389936247,0.09065599667216295,1.1576045955880385,0.2605,-2.6055423431004243,0.38532490071913705
0.5761999765849808,1.4977241545742679,-1.0020179797652442,0.1626183619813082,0.5658676137442686,0.1793,-1.524487670649511,0.1595013033295534
0.9134845850417168,0.49799204200705915,-0.4166155530496405,0.6006484510257479,-0.5742400169153361,0.0927,-2.1827716695560464,0.10031579551579145
0.44140926692639537,0.7152708587863206,0.9655982355074664,-0.19542729936027348,0.6899662616070743,0.209,-1.2623616287915307,0.16098445871581796
0.40636088251857005,0.9620161369049214,0.23223069530520735,0.014584939529809215,-0.8365982784279018,0.0891,-2.2559874662619626,0.10737636632370327
0.2990512297262302,-1.066245434876821,0.21516144645800073,1.3927368912673121,-0.008799174555664369,0.1724,-0.7667082312812109,0.04112481200236731
1.3757931472626197,-0.11959152611727153,0.833926110349128,-1.3388939228607664,-0.6697636863973331,0.1207,-0.5378963051469995,0.018455571727151246
1.3952224943012768,1.3463702625922833,0.33809986579740436,0.9872918944881883,0.2707993810025655,0.0,-0.2948687856006371,2.4479643272432494e-05
-0.40495130415676606,0.03229377800503874,-0.3625269278430385,-1.1984567407468383,-1.21875673189417,0.1519,-0.5858856167864623,0.02870772169866197
-0.9890047261538648,0.9960132839919971,-1.2405910334904948,1.2936685274308082,-1.2386986969628637,0.1889,-1.684136800629038,0.13325040047091039
1.0788791110816245,0.3620692755325994,0.21628761899081717,0.8725737369742994,0.9824024480140867,0.1242,-0.5045623819398016,0.016194623642566224
1.1059107024165282,-0.10721811105996437,-0.161997345514294,1.3431580578444002,-0.7812488583025734,0.1165,-1.687979986993547,0.03529389212041624
1.191477141130329,-0.8604355541741455,1.3251964750687932,0.41903778481016074,0.8413004932536867,0.0546,-0.34129478388271284,0.002212375736978652
-0.4741272287380358,-0.035886524185942736,-0.2333390480560511,-0.19821078327606179,-1.0732839003275143,0.1935,-1.3422543582378628,0.1369799706470523
-1.1195583405185854,-1.0191498313337422,-0.7139315755122915,-0.5023837428760612,0.34661268736812256,0.1674,-4.75577240288402,0.36214472959092675
0.02552143131289908,-1.4210709921610631,-0.6004350873914904,-0.7393333220099125,0.8338315087025059,0.2306,-1.3665201038999235,0.17576523577539588
-0.5897352988452881,1.239135670884063,-0.8144688936386173,-0.047115298093957314,1.3123278670906764,0.1878,-0.9485724267944405,0.08722770395638865
0.8751083285293304,1.1886566116137915,-0.9725338421730472,0.5938151583588063,0.32952833548427796,0.1278,-0.5063030461324445,0.020012366540989035
-0.44105111052089985,-1.3598050007787033,-0.14862471733684135,0.624810263024913,-1.254578352891694,0.2456,-1.758868115420501,0.27688312470837345
-1.3277641585083886,-0.634953505896305,-0.7954493719640285,-1.3180632773588072,1.2398964994127377,0.0864,-3.339629059701286,0.15891510905250375
-0.7340425054264879,-0.6172542116422342,-1.3422446120964024,0.4508697870078022,1.3435137787470492,0.2742,-1.8046089579285578,0.3302062170246641
-1.0719466262928266,-1.1106824843925813,-1.2801807518450363,-0.8361624908766613,1.2293692658781765,0.1522,-4.19033670420765,0.3158626681181802
-1.0788011123471064,0.057145464840941074,-0.47770883022087895,-1.303454109352618,1.3985072499176106,0.1362,-3.5658938669825306,0.20935439251485208
1.2333690139957496,1.1280375505162903,0.5217584432971796,-1.1687497018930664,-0.04325748855113187,0.0639,-1.2590963689100245,0.03510619322475022
-0.7288409786977468,0.9139220355288682,-1.4617328171977764,-0.9013063070581926,0.29407613354986406,0.2746,-1.3990721337334817,0.17347871417189398
0.428924408802025,-0.8012618983016602,-0.21105604684491608,0.3659222253155252,0.7452587087848492,0.1962,-0.9397028564025249,0.08674776656749529
-0.20424431626143935,0.9320871171574656,-0.9993817512547498,0.4499557540913455,0.8934260301063848,0.1959,-0.8244194055114726,0.08078479089709692
0.9686975852398536,-0.29618320443571977,-1.4091173269057946,1.2338197495150691,-0.16967125219132106,0.2521,-0.9567372816868155,0.1009629645750657
0.8927630421719166,1.411406452301594,0.8723345900583821,0.9657846416234612,-0.533810927532492,0.0768,-1.0655430100895962,0.040166329269992126
-1.0614685287128103,0.6104632617364638,-0.6197374079344284,1.3481132570814776,-0.3509022524861234,0.1905,-1.685431992209296,0.16147311397653144
0.29575831932729946,1.0887203127996052,1.2552801066989532,0.26064837357487614,-1.1369892129636876,0.0442,-1.6907349264454365,0.03373524308140564
0.5915207304685342,1.147315151889317,0.4342195695450186,-0.2942686629174769,-1.4162533166052171,0.0,0.21182643979756732,0.0
1.1279837358716356,0.9395566208905648,1.0103484063877137,-1.211769104504258,0.15242880031211659,0.0826,-0.9542322887938457,0.03269081140972873
0.5980530362684902,-1.4311167120774562,-0.0231095003950732,-0.12652646952129842,-0.6410452829941854,0.1632,-0.7677593607716217,0.056975088409827686
0.7247382041283577,-0.40693720658355836,0.8867127537035824,-0.3210889089321698,-1.2835932296449142,0.1442,-0.7970064171287187,0.04136736472092839
-0.9255561444638709,-0.84081635179205,0.9534079579091572,1.008904201661014,1.0753607865739188,0.214,-3.559017130533478,0.32324092173107954
0.9114479716479544,0.7365318910485095,0.9466901211727969,-1.4048647934418854,0.9508729453274993,0.1137,-1.1342841533019323,0.06012775328376495
-1.122150522443088,-1.1431872354871015,0.0638905350382033,0.35513440331784807,0.7031209917984045,0.1383,-3.875578783730953,0.26952088210783115
-1.148250216080233,0.38935170329756996,-1.2078779966072375,-0.11770313760935514,-1.3535304844703215,0.1191,-4.183859356666886,0.25266479474984044
-1.0983941455249355,1.0273677169226456,1.030107013629641,-0.5854983585141202,-0.34316073153337534,0.202,-2.449542566750952,0.22154289663019416
0.45630491046231114,1.3485310270890998,-0.3942141043705285,0.23850144803611384,-1.4040768419087342,0.0023,-0.7790329558569944,0.002383846651430996
-1.1976240522051698,-1.3509679641187224,0.6874246898998226,0.7910910905416815,-0.6922472618182072,0.1526,-3.5709856577565824,0.25101903066349907
-0.43492364976745534,0.5431616366697094,-0.7051796368243439,1.1814426935747542,1.0019122050014877,0.1794,-1.1402803186726793,0.08312474092750437
-1.1679747367688196,-0.21082023993597243,-1.0486502667627764,1.022207989308662,-0.07597868328141644,0.1423,-4.49766270477842,0.24336093474367557
0.8005581223927574,0.34739454725899677,0.07812859670137562,-0.8672756284972601,-0.014648420951782759,0.2305,-3.0863356767092895,0.18213742449686643
-0.5819537890585389,0.480051640994843,0.7199514700425311,-0.7201430574957964,1.2577106507851283,0.2099,-0.9732183189747245,0.09562623494995483
-1.3777910395414563,-0.8618623331484966,1.2507124809487955,-0.6179078240316411,-1.2841429765205952,0.0864,-3.578917134045891,0.17185885008177473
0.7759178754788261,-1.0403664691390118,-0.8273153016828961,0.9711686206765235,0.3192723359855507,0.0,-0.2015712264726889,0.0
-0.11426864486932042,0.8869349046871227,-1.4245924770916008,-0.4258303087097943,-0.23878266939366966,0.2788,-1.3298586618278652,0.1286249644977294
1.0738568149285328,-0.43212944276691134,0.9060184170775463,-0.043499864677570166,-0.16453838467741622,0.2711,-1.3688848527439141,0.10962907594964695
-0.3630540895538865,0.021427373035938224,-0.6542816432897891,-0.8296508196460488,-0.9798957860386444,0.189,-1.0539561021500994,0.09372687806287561
-0.023760100468754652,-1.1369151653381269,1.330298394602416,1.1778148308193486,-1.0957729708182955,0.2199,-1.651178235523158,0.20559484869558556
-0.7765554287340164,0.513666261294826,0.2592343729821047,-0.2650406929369149,-0.5482418783595542,0.2252,-1.1925516463823378,0.14400313378724228
0.30680567582076534,0.8712362165715954,-1.2536210647305488,1.3807424597139515,-0.98605217988482,0.092,-2.130639419958437,0.09179631068663227
0.19862691705718194,-1.1790885758073468,-0.37282883422736823,0.6123566765077091,-1.448336105030509,0.2208,-1.1475296023650619,0.13960445702639973
-1.1889522353145177,-1.060630881988152,0.4389244460623507,0.7681535134199295,-1.0839554918094911,0.1381,-3.523406902547607,0.2328849666316493
-0.8959440694762459,-0.8867538448992878,0.495156229168741,-0.6444881404848907,-1.2269108946744938,0.204,-4.1424805180558355,0.3967989228966237
-0.15605798956129102,0.8344882578874309,0.8571868135659537,0.9789019920838449,-0.22354232150127062,0.3345,-0.9766064783923515,0.12028314985654924
-1.2700536833335185,0.11633810944146039,-1.0282954314102084,0.38129831973524153,0.80619475273186,0.1176,-3.1871967438070756,0.15742227778297446
-1.0539711032262018,-1.3809216898351007,-0.5498921915890765,0.5715688991531525,-0.6853427178551417,0.1628,-4.007422496810778,0.30338037219473774
-0.384807381774634,0.7533371921327321,-0.343960959728546,-0.08275390901225599,-0.35690953790962165,0.2105,-1.619180653652754,0.16224941580570343
1.0050948763227971,0.4041408192168672,-0.8077127589300445,0.7186311855485528,-0.7764541472989299,0.0688,-2.493906701109197,0.0891276202735251
-0.5924278502895635,-1.0455846931832555,0.2059685161086504,-1.4906322194480373,-0.28960219869330395,0.2708,-2.629385093567767,0.38018614266065703
1.3609717828621495,-1.113984809935677,-1.454485021173921,0.7144242518901844,-0.6961882049167027,0.1045,-0.48693423084453374,0.013562680626393674
-0.9599033404972834,-1.4972993890118045,0.6144805021686905,-0.020960791075177898,-0.03369683125641321,0.21,-4.85567948512846,0.4508714293132047
-0.3833477547523674,0.30395543818065685,-0.6143747570923851,0.8862561710310106,0.5431351837164828,0.0006,-0.27887040360424925,1.833789243686837e-05
0.11846210449237526,-1.477599669019543,0.17379258635013706,-0.776418070118953,-1.288094211899623,0.1982,-1.234393946118789,0.15392042866349184
1.4615808513624389,-0.6607623338478754,1.215358884717955,1.3637853439069048,0.4493810104077962,0.0,-0.08874242771342357,0.0
-0.048562495998530686,-0.843817189710266,0.9133043029253152,0.09747388984038663,-0.30430254527779566,0.2524,-2.0673585311223386,0.29339406386628913
0.03233061403152293,-0.5062929818730657,0.14764092658068462,0.4058702147704487,-0.25794993303824665,0.249,-2.0009688619248456,0.2772117585128268
1.0126090523004212,-0.19085507599348706,0.6458247425958161,0.7375988490645837,0.06708320865137063,0.157,-0.8825763838456895,0.0417396345325281
1.3072174904386467,0.5682991520740064,1.0941126957702716,-0.42203066890853247,1.4658159219738467,0.0256,-0.46659656085203743,0.0025473025980860303
-1.192523629694415,-0.4950109448618165,-0.22189570866991581,1.2408984612911933,-0.4210982707174318,0.1324,-3.968003119540316,0.2542735983002268
-0.6549283572244228,-0.49160965646215127,-0.36793940687969906,0.9003138649123619,-0.3470987513005408,0.2665,-2.0726543991362987,0.32179531039218917
-1.4148616373856076,-0.2761194987797255,0.17722978121247124,-0.621526321062688,0.9779445229974959,0.0769,-3.1447890339534283,0.14220652662297595
-0.8566813679458936,-0.7081788181228357,1.0380542040293625,0.7877883745704373,0.9898839045647705,0.2447,-2.399651515848372,0.27394100146706835
-0.9326042029524841,0.4511989205782456,-0.9777945169921168,0.9137651957586441,-1.4141963857091442,0.1683,-2.131369050333243,0.16373232253447173
-0.5563534288930055,-0.33984576139721745,0.4061141828872572,0.5344553981226028,0.8697802125403071,0.2283,-1.583415353350286,0.18948470519622912
-1.0363302064006932,-0.09554086760340219,-0.7888519202145731,1.1642032728734968,-1.2028025076287534,0.1366,-3.7242386440329223,0.24567371679232247
0.027605887391014328,1.388900881556431,-0.4551601154685534,-1.0503019883021243,-0.917981061646687,0.1119,-0.5362152594288798,0.010213916925124165
0.0631968210750391,0.1347557686470462,-0.8414218885987867,0.5139127194596895,-1.0677821626602144,0.0128,-0.3791984916020009,0.000853229446595887
0.7361106941840307,0.8160516648378904,-1.3450485028750325,-0.7859559632377726,-0.4676888441401328,0.0947,-1.6899348337341389,0.07385314670832605
0.4024423428196522,0.9877808639907659,0.9579920727828073,0.16049951515496752,-0.7413294670094353,0.1152,-2.220399900368303,0.13453262875150357
0.0983052641085318,-1.184491833648942,-1.385914073667603,1.396875801222091,0.6901050638444053,0.1835,-1.1913424361579292,0.07845480832267399
0.8511414994695778,-1.0831218240953973,-0.1554238178723759,-0.11557615099921814,1.1703597622785202,0.2063,-0.7062475893139337,0.05027156354697982
-0.05703448691877755,-0.28865998317546127,-0.8165854077721362,0.6785886257623934,-0.030357761944851847,0.2423,-1.5962272214650415,0.18838562106802093
1.4007953531355617,-1.470509135777774,-0.5845666596506867,-0.6007490992652149,-0.2636143216308342,0.1795,-0.7918831393087694,0.05770888705479432
-0.22366775763676516,1.0993125964983892,0.7502408615253309,0.5612959128167381,0.07907257504453469,0.1299,-0.489018148682678,0.01452305657046723
-1.3554985113034805,-1.3695248652451362,-0.7510785097482,1.1393650227002547,-1.3598304020252296,0.1037,-2.6208739579574547,0.13474672683870495
0.03576243093836706,-1.217372831912922,0.9256315378160771,0.564381670447804,0.3676648138557186,0.0767,-0.6626614480659614,0.014461232273694096
-0.47993853061653713,-0.5862904035167883,-0.5481083978592819,0.8977430295672937,-0.8719009007048125,0.2573,-2.1404044206337387,0.3310758473873604
0.08800582403365276,1.1381320046227117,-0.8716221520937959,0.6082697179435756,0.9723491792977379,0.2284,-0.9577624225117979,0.08275891418841792
-0.2844138597410497,0.07292942995426888,-1.281534999152551,0.4534677069512343,0.12159416588231675,0.143,-0.962925862535392,0.037012713107519954
-1.114299513577659,-1.1672312513006935,0.5681433742593747,-0.5158895098933107,1.3566377033552248,0.1388,-3.8877842087577266,0.27028718755327463
-0.944260909353568,-1.088862581732371,-0.77763089481234,-0.133703844815938,1.4325304144594115,0.1901,-4.626944272843495,0.40910187664967546
0.2438694707314064,-0.831745353839061,-0.12108508131678297,0.8698660628120658,-0.688024798715186,0.2089,-1.4954089538922717,0.1681499357988734
-0.1357377733060663,-0.22246108617611182,1.1488156723506147,1.3784162690881705,-0.41708029665251756,0.2249,-1.2365698280817163,0.14905220815574272
-1.0148437035211757,-0.23281620438588968,0.13001350607703643,0.18878169024384217,-0.8522838910993286,0.1373,-3.5594110094215763,0.24440879109108837
-0.26059453818902734,0.6387176956727476,-0.3491402038136706,1.317923072201424,0.4657062521187134,0.0,-0.04989631243468587,0.0
0.010507169957607143,-0.2745035357359553,0.16356368632913654,-0.6307434418622643,-1.204538752278574,0.1549,-0.8832505039621624,0.05658484074508793
-0.865481116645443,-1.254625613017758,0.8798999089501458,0.793670073703129,-0.8957608628291484,0.2201,-4.0305840734867076,0.39703163200875907
0.7479906304939927,0.3552313529930826,-0.678827122694108,0.11174861652040646,-1.4944806855750437,0.0,0.3607772144006619,0.0
-1.2999916660839204,0.5231550817961557,-0.7612952962574235,1.398468645850337,0.674094606918024,0.0464,-1.198999938777249,0.02096459819828247
-1.0744943316830065,0.7059332957021192,0.6183048999248526,0.008231014823984806,1.286310150497565,0.1624,-1.9841060404249795,0.13266978145513397
1.1470906376333985,-0.06995397832264638,-0.5632835423594585,-0.7373275624221083,-1.0520573828364546,0.0842,-0.5751719246849,0.012847683585232358
0.7658110861731617,-0.14102197116627946,0.0738351103930941,0.07239078078873495,-0.5656426291471186,0.1734,-1.2545709979338207,0.051657365051464066
-1.2534927683328045,0.6546624623591457,1.4838715315816122,-0.46597757418872265,-0.4277122547947614,0.1436,-3.9469232651825346,0.2588749358558957
-0.14035583470783286,0.15967201587842617,0.9110346564129115,-0.4030090368931458,0.3909877778961528,0.1424,-0.6910420334765216,0.02534777976864156
-1.2671431149447243,-1.1391649095136918,-0.4336298163026502,-0.7926375786467659,-0.29727683100267344,0.1664,-3.7416837226290527,0.2664572736216869
-0.7528672381080193,-1.1332143532266605,-0.17202878516471198,-0.9932012414778522,0.24552594069319178,0.2825,-4.100661037708083,0.500292526479791
-1.2390014011127364,-0.6983838685545226,-0.8112179970214279,-0.44549703469299073,0.7846527392443319,0.1056,-3.865279449988088,0.21838080629517712
0.6056127862906373,-1.0974749734474896,0.48064604838205804,0.7236506111624998,0.9969412511029336,0.1897,-0.9188513483101113,0.07878693100323114
1.2742317443782145,-0.74020060403882,-0.19631362847885425,-1.4168017526052672,0.7434200029762459,0.0997,-0.8105441887087366,0.01893301247225647
-0.2142532390378511,0.5751757957947539,-1.0169041090282003,1.011213954266593,-0.5237104118122909,0.1866,-1.1527452646120289,0.09146170009931467
0.4664194610975314,0.7026954013700006,1.352341614231844,-1.1948029903481596,-1.1494040194408632,0.0139,-0.8031183127804862,0.005780432786293363
-1.010388410172628,-1.2695555895251607,-1.0653697182889967,1.3092961607232043,-1.230406782949741,0.1754,-4.087189670594868,0.33182590393512384
0.9467009047329027,0.1535523869241524,-1.2048798309040656,0.004673380515288539,1.124940626680548,0.1614,-1.0516173974982561,0.09070483702278807
1.2223543136729287,-1.291807670338636,0.20350990630106103,0.17603512728737147,-0.08910680874556443,0.2365,-0.9283920803570856,0.06106961846419704
-0.18097625579849197,-1.2268044857563691,0.5821178939540141,-1.056488515516183,0.7118716976028852,0.2519,-1.5230841356538696,0.21654830450788673
-0.03727660077888317,0.9786809380155472,1.2382091975996543,0.8226053167648022,-1.1868829051669023,0.0022,-0.5500243104090625,0.0010404291532882422
-0.1736210872215196,-0.9808911839087078,-0.3873380113629423,-0.08056063533899205,-0.6463149139496351,0.2444,-1.7850139799630287,0.25502555019819406
1.2487589010843068,-0.6769138942208586,0.9822399495167349,-1.3370774910431973,1.3730774294575792,0.1291,-0.530442884189869,0.012220385422388706
0.26633232572176935,-0.4640238296136072,0.08901355223711405,-1.3333866779371428,0.46868206155716385,0.2157,-1.475891305088433,0.15927412947160238
-0.765499925112149,0.542185236940024,-0.1743978268926063,1.4441816599851172,1.0405429839895746,0.1382,-0.6860089538718348,0.03360447869634811
-1.3181721882607111,-1.3671708591784661,-0.25302597873323407,-0.14039370002142548,-1.069980801591786,0.109,-2.5904600974727856,0.1344181778007003
1.4484480773925585,-0.03081096224069957,-0.5271223325415029,0.02167848442389486,-1.0108522861389253,0.0652,-0.43761008064277235,0.005576980809892057
1.1459476328665965,0.149526816162181,0.3059328239727934,-0.43640521346748207,-0.965105625231278,0.0,0.007322824668616698,0.0
1.1524992838095613,-0.08043872022327303,-0.9504610258693479,0.20051425537712309,-0.37123697537418243,0.19,-1.2168666823311387,0.055882710351323805
0.7263856617151085,-0.9627803804208737,-1.2695142473175254,-1.0652213003543374,1.2813778551791084,0.164,-0.7401569787375434,0.05086101926101291
-1.3522576891810616,0.5557297388852316,-0.0874233977323784,-1.1278875641268153,-1.3671640344855485,0.096,-4.227849318923173,0.22585575092804439
-0.12785123404574072,-0.36053835157216785,0.5404785464787918,-1.2289050360872542,1.308024511301892,0.2293,-1.2732330887134626,0.1554550158531229
1.2617997153421263,-1.373985691091556,-1.1340783958263205,0.4448124799459916,1.0876022815153683,0.1477,-0.40293150436952957,0.010788880473911093
0.5862015937372731,-1.394371163368507,0.8771723501772213,-0.5173367697613429,0.22122712499096275,0.19,-1.0563813456394182,0.09039567017959296
0.6409448933204471,-0.9774389080421412,1.3084456448226378,0.6626382294145108,-1.1183192663712087,0.1657,-0.8850599004207452,0.06523984160939747
1.17181436881555,-0.7799520492828251,-0.27166631976342637,-1.283133183038604,0.118598209780026,0.2703,-1.7328867280949791,0.1616329605838303
1.196987723865365,1.2377771861613356,1.1289109649689495,1.4735290917605206,0.6858782598758824,0.0,-0.1262057271320992,0.0
1.0415326902599111,-0.20448118857500241,1.1894139639146273,0.4937257234500607,1.4295676198164635,0.327,-0.7610037929737881,0.06999703440709253
1.443664540081377,1.3598637266172604,0.7795395194665811,-0.9740203101582321,0.36335705468512236,0.0463,-0.9064983231725494,0.01594509849076088
-0.9116858075802854,-0.3359981329785202,-0.024241501985078573,1.1231682381013646,-0.31562062456612994,0.2157,-2.3395019763219573,0.2592979722674446
-0.1855684425435684,1.3432663093764798,-0.6634401486267447,1.482067959542979,-0.11276547857645136,0.3249,-0.9895820794007718,0.10887088931214775
-0.23742555455589076,-1.2454021424214434,-1.3395842838322283,-0.2807969414403313,1.1845459657549111,0.2702,-1.5791616964164166,0.2450733167056918
-0.6317626115970103,1.319354172309545,-1.2099312262085364,1.0396853776554447,1.0658748628075179,0.1851,-0.9791551416981018,0.09202167303989718
-0.008941394679124581,-1.260626282058941,0.03864834355162783,-0.011329018940967384,-0.20413746596992244,0.2649,-2.0672074660583566,0.3330903182565666
-0.020607783411523917,0.711892060729233,1.1628844719558686,-0.6533484556979818,-0.8059683169243788,0.0104,-0.42112620182794563,0.001611157485708236
1.217718210693155,-0.7620151857999494,-0.24182667973474525,-0.8396651713997707,-0.7582726564350795,0.1709,-0.8317833148557605,0.03678784833298712
-1.1128626394397871,-1.4617978740796151,-1.4689605057326502,1.4728723543815052,1.41842822165518,0.1343,-3.485325755278896,0.23073377859178598
-0.7838351293999448,1.0940357298516883,0.4992148894922468,1.491509954539346,-1.037346140232494,0.1932,-1.19218802223668,0.12320563566397955
-1.0017079518957477,0.07635963447652583,0.10251965460545609,0.9397284575884965,-0.5096995688145325,0.1713,-2.365522559921414,0.1875471841338607
-1.3466749228014123,-0.7868053248867862,-0.5357242356926774,0.462302248575992,0.8039763286580688,0.096,-3.5891204279927917,0.18134823821941704
-1.0643725132654667,0.9820636792957917,-0.44749901404513226,1.3213858989769212,-0.9119582392577638,0.189,-1.4240991398091638,0.12539188034370288
-0.21143401545520701,-0.5385879570923575,-0.4056104914844503,-0.6280116350939453,0.5354590208305408,0.2538,-1.8720502989696484,0.256464880359559
1.142433905022091,-1.1419109095326618,-0.18874320445445747,1.3551642811519091,-0.959202976250185,0.1241,-0.5611780374574775,0.022218526469638424
1.060823021142022,1.4239396049595099,-0.055821681058432215,-0.0293034849353484,-0.254295224804159,0.0551,-0.9996939742970355,0.026897070192271753
-1.3873007949775285,1.2317001314845268,0.05494611051283105,-0.7530122095702991,0.35774966710345324,0.1406,-3.4038588364179025,0.19570596169174898
1.0645289186888212,-1.4679387570283426,0.7293647436343917,0.5201570809542861,0.15932235771606362,0.0,-0.17682687717128087,0.0
0.39727348450551414,0.04959002062008144,0.9180343588288871,-0.2201314667417562,-1.208014927727843,0.0007,-0.4907504659725152,0.0010601117278727624
-0.31311803998156895,0.3324775911316129,0.38450792955082047,-1.161702132977974,-1.2754541967881856,0.1213,-0.5281906868630631,0.020090919675124597
-0.6035184703537524,0.13941030301347945,1.3778332561998932,-0.5419572718637781,-0.7447656665198026,0.2127,-1.2124173591337628,0.13886276727433208
0.11504968108687352,-0.3251359052148064,0.5631337605836619,1.2772715039958458,-1.4508086011918173,0.1589,-1.1300502263013552,0.07589862297132051
-0.41976292677071037,-1.1541491237244657,-1.2959927013685169,-1.451430359799061,-1.253287346240958,0.2093,-1.6463317069734476,0.20881087306131763
0.9538952028780683,0.1918719334460457,-1.4793094805921168,-0.03869489822508587,-0.3826226364876759,0.086,-1.876215411648525,0.06356601304478847
-0.06938616874300574,0.41868498351796424,-0.932279446878371,-0.5491465912583972,0.4204932854717005,0.1107,-0.8169223509157718,0.022886882275651724
0.42031644791106615,0.6650240596676436,1.0283387016404508,1.2884609845265027,0.9106196925115531,0.2152,-0.9402756945321729,0.09778947268984414
-1.2070230497593477,0.21493212027073683,1.176456124726395,0.2837574533365741,1.009566026774991,0.1344,-2.60462926128375,0.1589207564282653
1.3913029445735874,0.42685258944793514,1.2705797762745075,0.7430015152614673,1.1681193709790247,0.0,-0.15558781210129458,0.0
-0.2718766771903205,-0.6390791365747555,0.4228272887647888,0.06195494243931332,-0.9392753580683438,0.2425,-2.1141057014723725,0.29333847091048315
-0.07253596539879248,-1.3350208308567817,-0.009182165573911716,1.351865417183571,-1.0892137024440853,0.2275,-1.6557168870611487,0.21560204818651404
-1.4240446117567458,-0.9829378139885255,0.37277686884110595,-1.4418945628227309,-1.3163147031127558,0.0768,-2.5710819807240646,0.10603183017010306
-0.5595432188181513,1.2677347481760077,0.1436474228385265,-1.241488627313539,0.8301244618081136,0.2085,-0.8069945004577456,0.06788676750498966
1.2537629293043357,-1.1250465241686198,0.6522228806195041,1.490464425438645,0.35433815959969506,0.0,-0.14198901070203476,0.0
1.2244128052568426,-1.2343432295340588,0.6733729450256711,1.0671828610132739,1.327383647811696,0.1907,-0.4949074843991468,0.021385593844629933
-1.4432708008702997,0.2858284060972651,-0.9124902170026149,1.1673149665516012,-0.2176024767202469,0.1182,-3.7778296285522552,0.20688111104579757
0.23336735323825053,0.8112036517114514,-0.39824045648345496,0.06681272522780746,0.06917443967072656,0.2619,-1.6803692857355825,0.2421502570868086
0.2613267608976315,1.1269105030655795,0.8136950223000396,0.9057566014901912,0.19303390348343807,0.2221,-1.0553809861669734,0.10300082337595677
0.7137768619065681,1.474274402322556,0.7733964096911632,-1.4523281224204876,-0.6148275895234325,0.0436,-1.5294972507520268,0.03510541274099192
0.4915021433570217,1.0361751100565466,1.1005947028272285,-0.017556506454599274,-0.5836251792366975,0.1171,-2.6288155310607233,0.16069288399172946
0.9606259531287269,1.2209245236790682,0.3146388774956206,-1.3285442254825097,1.4082471414827538,0.048,-0.5345536913092208,0.00810082846980925
-0.6591255706707666,-1.0105898216487728,-0.7285095519924809,0.33637302658417934,1.3352329014854725,0.28,-2.5994109455137346,0.3911262948551961
1.3253821171144256,-1.1915610072544265,-0.27446332526922634,0.15233360053475087,-1.0987793855500785,0.087,-0.38473352076801465,0.006202401344985749
0.8664196299703031,-0.9141835931157156,0.8072968355040073,-0.3132492858025777,1.2300983132224137,0.2187,-0.64195975702661,0.04909078036803344
1.4239944185061955,-0.3728008862569161,0.0006950396900291533,-1.4973481933566297,-0.09227689807413464,0.1677,-0.7631665480311173,0.05621971112590472
0.2552101558683817,0.4474227779229776,-0.5440840224808472,1.018165805381678,1.4256648818271964,0.2349,-1.5957250947802,0.20870557610472396
1.4176952362538326,1.336523608658239,0.8607398819544709,-1.0722788341985208,-0.8176648256430356,0.0,-0.30225756575509705,0.000247432051699261
0.10141937491210151,0.21602067917850176,0.706196989406831,-0.443662673373056,0.9323030308488107,0.2167,-0.7932103282724136,0.04786021250858667
-0.9834562805622896,1.1926071993990712,-0.6995586251859685,0.2742613533458873,1.1395178908428214,0.1995,-0.8207753584444322,0.0815444942281354
1.024030694156679,-1.4400075177059892,0.5434446546160654,-0.6931515540775146,1.3292381805723137,0.1693,-0.5417166046676878,0.025813313374634515
0.35996860253301577,-0.4946666649460101,-1.2633311860014407,0.6387227598286072,-0.6594851439261784,0.1917,-1.3447099586052826,0.13168283007192136
0.8316819814569651,0.02643629557216265,-0.3089243842629812,-1.293900450767075,1.2510407568052067,0.1385,-0.952191781800958,0.05842724801579543
0.248470155697039,0.488870702268128,0.6776339008254921,-1.2739774499855403,0.1702694578678685,0.3181,-1.5399373983982279,0.23089358389517356
-1.2621412039706508,0.9752982046122782,0.4833773301415103,0.6700822266113815,1.0286491541285008,0.1254,-1.94625167597152,0.11172083016135306
0.45145597392892967,-1.4900090892366586,0.9804207086378378,1.4797953690416268,0.7098869713959144,0.0116,-0.3220468450805795,0.0004025859855017377
-1.4706121865803548,0.2591294911034401,0.9874033899774939,1.2812954360005486,-1.3433785367977062,0.0947,-3.827609571656189,0.20424928330996783
-1.3983736150777757,-0.14707515590127285,1.4390707177057571,0.30319371521891547,0.6769462359002545,0.0889,-2.2153797870872762,0.0983407493243147
-0.31818604003114004,1.3979154948438444,0.20956477121749062,1.3063056553883672,-1.1280081613755772,0.1566,-0.8245452241226375,0.050321846622211105
0.6247736578495204,-1.4802392569416687,0.869928711878571,-1.3453863139469595,1.485867743561628,0.1664,-0.7136210587637206,0.046496862441777594
1.2901976046745856,0.35276761597867123,-1.1400602405737665,-0.6837756090073017,-0.9939007727365375,0.0,0.19903594255952256,0.0
0.9355402440581768,0.6065679622539437,-0.5653114748993395,-1.0843230831380122,0.8172201530015037,0.1139,-1.4727602530335742,0.08187860967834394
-0.2003366324238598,-1.4731956022673978,-0.3840597899365745,-0.661080654973311,0.43942338869028763,0.2608,-1.6893333378767654,0.2630522435236112
-1.0335509219826435,0.6594374133044849,-0.06352340419760094,0.4819135544224593,-1.1771891366417162,0.1668,-2.3957302433894467,0.1820467122412358
-0.4973657877223603,-0.6672751618518733,-0.2958941776974695,0.47549499643756743,0.9077209264322597,0.2738,-1.9536237851458726,0.3177456516760441
0.3611111550743882,-0.17074256789541709,1.2026313281301926,0.8895899845503146,-1.1232370367608242,0.1157,-1.137565751753555,0.023902633115787515
-0.644739657718431,-0.1670199746782337,-0.20179836231595938,-1.029664617275321,-0.4091699787998637,0.2403,-1.458387239209314,0.20727424275530704
0.888003355867323,-1.1857286946396908,0.2751655377017532,-1.0156447439013818,-0.09746098554538873,0.2222,-1.1205851935610607,0.11825218919448635
0.4399216559936838,-1.4495052534698152,0.654240392084803,1.4762674942510525,0.16565427762213547,0.0,-0.2426788852610187,0.0
0.6177138301205627,0.9856840564268801,-1.1717761394915533,1.0060946806911106,-1.1488187781449608,0.052,-2.8423361737529977,0.07323223483423956
-0.3172653572247941,-0.25764816352028497,-0.3919901544969209,-1.2367062243066156,-1.005938345821209,0.1734,-0.8906426757712397,0.061899718145335736
-0.8002357746829745,1.0255984689875444,0.8160351569565876,1.148530842389258,-0.7833033259468825,0.1971,-1.1194740548552637,0.11606817846508523
0.4784292379000896,0.6468725361197283,-0.21705134725793807,-0.17720824145217584,-0.5955480617929334,0.0964,-2.7009721607393384,0.12199128609132433
-0.3750618364962033,0.619660470054463,-0.3263363439297722,-0.29270026035240226,-0.6259917456405202,0.1919,-1.385958854361727,0.12890340282794086
0.48284855936607673,-1.28229820683894,-1.497752133136704,-1.2467060615371715,0.47680220574818977,0.2041,-1.272943317382032,0.13536868967736637
0.6920123314808304,0.48529830457015954,-0.26067245573834197,-0.38640418418883615,1.0689854011861861,0.1612,-1.7491471846275293,0.11821298483230376
-0.7785704702013461,0.6782891080095133,-0.8364312511066525,0.1947274245890156,-0.13909647365772893,0.2342,-1.6936175511468228,0.21783893748762403
1.4382491008717238,0.3845458683404499,-1.2004178549715432,-0.49325254316295974,-0.4230512268949247,0.0348,-1.122593177294037,0.019803361533040315
0.13278780356747966,1.3328543077102526,-0.3053584448499578,1.2073549698178438,-0.4970654518104882,0.1298,-0.5357478924011414,0.018647647975135927
0.06754168490212464,-0.9527585341836048,0.8037671288243189,0.9437639299901543,-0.9316041101449272,0.2144,-1.614172620117327,0.19368446590381114
0.12680988949017347,0.6349479606283075,1.169411568205022,-0.5214394433841862,-1.1159110527542828,0.006,-0.5560933802167384,0.001978528490885056
0.3040550595652389,-0.8832204354652404,-0.5588324715007491,0.20114856499444134,0.09620447246142394,0.2123,-1.5026716571155063,0.1432181160833582
1.20760366447628,0.6288557005021835,0.8429507999274222,0.8137441337295099,-0.4400697450116362,0.0767,-1.0665013394052603,0.026280955170917785
-1.4767322072845568,-0.7279740027469339,-1.416262206282685,-0.9339530679837196,0.2855961284329185,0.1022,-3.291550637335969,0.1629294558338107
-0.08745161522040146,-1.4130443303942928,-1.3224914869391116,0.616271986240962,-0.6012997540298186,0.2487,-1.608216915321871,0.22899809733774937
1.2093668732421463,0.20989681765892865,-1.2312991270685791,-0.989601486358822,-0.634770675230472,0.0021,-0.3226491845975217,0.00015613427163503092
1.2707573110038384,-1.000922075473802,-0.9178688353197452,0.9669518540379407,-0.30196818501103984,0.1991,-1.0036754573743716,0.05995318639266145
-1.0264345288554826,0.08996651546301293,-0.8951633235352476,0.10276031557485776,0.07215896924873078,0.2038,-3.0904436625971,0.20146117104047293
-0.34687456884645274,1.0614675266994675,0.5268696624249625,-0.7895943492458712,0.0006775593033858662,0.2999,-1.5100981807195377,0.1994827399025203
-0.9908197678555066,0.7776892745376758,0.5485407769053001,0.06402323540157173,-0.9357264095095917,0.1918,-1.5620384705841284,0.14746327151953692
-1.3110214254488437,-0.7122944814950247,-1.2863866360225062,-0.10463266090457757,0.08318004306933968,0.1384,-5.1280449680493225,0.32516097083522666
-1.2385402462321422,0.23537519391009765,-0.04114493813866327,0.6050990262295741,-0.3518131960089699,0.1335,-3.2040222543357886,0.2078873267268404
-1.0569686808708283,1.3758227157670153,-0.08226354427187821,1.4639350510580575,0.6100883559932395,0.0,-0.17166506791464664,0.0
-0.9551240832077099,-0.007199662930952533,0.9546737531506255,0.8286581959657227,-0.47537011426916553,0.1942,-1.8993308665408326,0.1762469706328085
0.8062816338163268,0.6043347506945773,-0.6675756628991443,-0.5344141788111267,-1.1685984255740252,0.0,0.19616495213124288,0.0
-1.3769299955113117,-0.7728772372506326,0.15953928213012514,1.2307435735854866,0.6136989703541786,0.0549,-1.7202458015974431,0.04986692817457111
1.3861396156646633,0.31298728082864735,-0.7233634228589746,-0.452731786130117,-0.33090485472109865,0.1002,-1.366436078427705,0.03523034241536511
-0.19093852299177838,1.1448603117949427,0.9609139452723565,-0.8501432605909154,-1.3486669255538517,0.0254,-0.3352768059278321,0.0012525794844417887
0.1394201562382471,1.313110065650367,-1.00896500440422,-1.4022634675581453,0.9135418181582091,0.1419,-0.6878789680364052,0.0248737284477242
1.3008338458493203,-1.4165558760802224,0.7215588181091133,-0.023873016608888076,-1.0874657621808526,0.0652,-0.33483262500484134,0.0027384602835725073
-0.4294630637107395,1.400573567062438,0.9428551293323948,-0.33705517342049784,0.2350567410677149,0.2904,-0.8594970832579548,0.09468002108081626
-1.4011475706969199,1.1196175649871671,0.7387147274022468,0.12476240765160096,-0.7725717979478071,0.1188,-3.7480473356901185,0.21514627605654324
0.21867774685711883,1.4535274625492396,-0.1079331080721635,1.3340906344118104,-1.3647039571953383,0.0149,-0.9839054512407794,0.009177260916149527
0.6098683292007476,1.0540230028738908,0.41377496464384045,-1.2859541207831102,-0.9051079992343383,0.0502,-1.118019962894927,0.02823748401396422
-0.9628212245443265,1.3002282004845904,0.7765395276535143,-0.17533451408200484,-0.48908425655964605,0.2218,-1.1158433276486968,0.13645406099546825
-0.7895617751385764,0.15687567340939879,1.4568064153381912,-0.6335003513104374,0.9646329039220056,0.2164,-0.9955825411266098,0.1014893088417808
0.5093948910733976,-0.8140044191330256,-0.9647290321582827,0.5818406601228396,-0.083592043535208,0.2198,-1.4144517224330682,0.15110928314133476
1.4568564042955403,-0.06612744738215026,-0.07333543112441143,-1.0474588122168023,0.853947503700589,0.0695,-0.7646517961847702,0.020229902751679695
1.2298062829060963,0.8445539299826819,-0.38189138772537756,0.49997945954521317,-0.45626685163131,0.0394,-0.826425968838398,0.014561163635520529
0.6370245425325511,0.24454303300056424,-0.7765303507055223,0.2539571254701687,-0.5190799706379283,0.086,-2.2986016078812908,0.07455136886357028
1.349115166012048,1.109838114594162,1.3535996115663513,0.656137606224771,1.38476958378071,0.0,-0.15497702160755034,0.0
-0.6061758566039065,-0.7855216273738059,-1.0381261975963236,-1.4581923250593554,1.1087399580740271,0.2905,-1.8073349462707942,0.3335501500514278
0.8180887020496961,-1.116777884034219,1.3966728669780277,-0.9482677440966584,-0.4297878022651589,0.1945,-1.1878114332355545,0.12256411870009261
-1.126318397490567,-0.8721156310661105,-0.07681533152150655,0.5183896230775318,0.33247441741415296,0.1183,-3.598387125012971,0.17412423658301424
-0.7450706223657496,0.18006356567386828,1.0833835533102008,-1.4390085243276733,1.2484800289824376,0.2405,-0.9713239037507716,0.10974182174796228
-0.1051846011244808,1.0164867190102083,0.9055310567623218,-0.5839765760295706,-0.9924463287323497,0.0527,-0.34392289702504414,0.0024976655314487496
1.4132408483900312,-0.5428434736303401,0.44764628842156684,1.4392236543490213,0.2512950655782502,0.0,-0.0808672985039062,0.0
0.9190711700413008,0.055153680131821314,1.2732156451336043,0.09571437977291408,0.809238343791927,0.1511,-1.1177067798781972,0.08847103315133407
-0.6798649463954777,0.43537981189795305,-0.9537198231956538,-0.7964762817635143,0.6086771837712242,0.2214,-0.9672555637657895,0.08682751566726929
-0.8714346657039883,-0.12406795792058078,-0.88273284007243,1.3293476630695493,1.3494364461081845,0.2009,-1.7527782067811994,0.1346420994735624
-0.4143907377232774,1.4275753608025257,0.45386053196273424,1.1051075262180117,0.09096982542738741,0.0353,-0.2983869085985497,0.00101573472111095
1.2439626700275532,-0.7000868359985637,0.17454743382930005,0.22948669809490108,1.4050916683036236,0.2591,-0.45957642937709464,0.03178461023445093
-0.19502006188645482,1.075694941516336,-0.7190537732934283,-0.7486661584074821,-0.5630509510300035,0.2495,-0.7629731359216462,0.051113435962506004
-0.492727444088936,-0.12287683090317714,-1.3121669387176103,1.2612474220126058,0.8800367829250075,0.1812,-1.4002348461168732,0.09641327889003784
-0.715790217395835,-0.009063627289693788,1.2884973033537515,-1.0283909104505926,-0.29560890823468045,0.2346,-1.4438565157861192,0.18773520201516777
-0.6101256800760169,1.3313313511917735,1.376502637591042,0.8821875347856558,-1.1732547339318826,0.1871,-1.172219513527676,0.11858325683136543
-0.09403066674738136,0.8786042330014103,-0.08095792714203465,-1.0802250787568268,-1.3773128261707472,0.026,-0.5343547443374645,0.002943716245281587
0.5745506547396539,-0.5724788696378917,0.1577988739523457,-0.7817219570591462,-0.7162832569861963,0.2059,-0.9710565219058546,0.0789594660345248
0.12258990851778662,-0.8512903085753323,0.8360038608380567,0.6476143959806331,0.25395916352618064,0.0591,-0.449055765347726,0.005578507634126144
-0.9081939755647753,0.721646359476992,-0.9570341719970563,0.10008865219354801,-0.5259372071484796,0.206,-1.2644206336777928,0.14072687760980943
-0.811982072910368,-0.9116045579622384,-0.3458724223828047,-1.1589649730998635,-1.4267929482245663,0.2178,-3.4534060008585636,0.357140212102674
-0.9754959839430998,0.9508478078211038,0.7686978181447315,-1.1392692549906254,0.9425329220102268,0.1991,-1.1519093813731869,0.08936626211795351
0.29065869636126607,-1.197283109206083,-0.5576100693306956,0.40320264755661017,-0.8231967902252638,0.2008,-1.2869894256641041,0.14320723370431143
-0.04160754911162545,-0.19829261069025161,1.4236300702350504,-0.8186044705008477,1.293020932560136,0.1965,-0.8140963675713957,0.07223366720243335
-1.3221908192388916,-0.2928340911427294,0.9920347116100277,0.8960909386191891,-1.0151383409609802,0.0984,-3.948957753010306,0.21586592576022995
-0.7085731576559038,-0.8576762669297969,0.18120493476397437,-0.45885845025434246,0.7805143874555118,0.27,-2.0264299440157605,0.3450517463129123
0.9760561213875678,-1.0928325352024286,-0.790687198701811,-0.05627853842056951,-0.7506025190959565,0.1445,-0.7057096762677922,0.04089604206345041
0.9731853978340812,-0.02002410180990255,0.3588930115624711,-1.1102779491339545,1.1939642938693509,0.1578,-0.9796553963277954,0.06326692085644224
0.739839467839297,0.30971819283178625,-1.430625284098804,0.3802391787132273,0.3089197747205761,0.202,-0.9373799119742621,0.08233412995093309
-0.11222235556049243,-1.3173642802123233,-1.3604992207819617,-0.5760983107598978,0.17421728051312257,0.3291,-2.183250347310862,0.39099220950057095
-1.2193058964928545,-1.01481720904759,1.3137640346676585,-1.1439502529099908,-0.5516752746415279,0.154,-3.9619597907493027,0.26991175447609295
1.2391058603978369,-0.8794370315692561,0.3442985219860013,0.39382551429875434,-0.38710541852671154,0.1655,-0.729621251237254,0.037078974195612686
-1.3488216094092318,0.9699066492738635,-0.9288010310737352,0.880572932830959,-0.9870708528660047,0.1197,-3.898501140307627,0.22242976134745995
-1.0315723111793935,-0.5487080726332332,0.9401845443382344,-0.8701948696629092,0.7210798316437863,0.1366,-3.8320795478567233,0.2600311082610211
-0.6748391727783991,-1.4055851702626816,1.3456891843878247,-0.43292977159223867,-0.6731295383250411,0.233,-3.4098540917014364,0.3453470774741341
-0.042986776167779794,-1.3913175210863555,1.1567385951481248,-0.7295971738611735,0.4864498721343242,0.2368,-1.5227735057587422,0.20090822915065054
1.3460283845158258,0.12358321583163856,1.3563629318443895,-0.9372491333033757,0.1341940763567766,0.1973,-1.962004645968954,0.10248931468360706
0.19604463650924986,0.32495564880790395,0.7941173972798845,-1.4446042702109183,1.031361813245646,0.2051,-0.9879802361204035,0.08356370816797613
-1.4542277367954772,-0.021465644870224843,-1.0450421783195445,1.403204653164821,1.2075238255202096,0.1008,-2.9834916395465965,0.13978154495660225
-0.30570631713793617,1.0331785023951108,1.3854047308222506,-0.27844542133900907,0.28177069374766894,0.1704,-0.6989992605581002,0.04902278456402264
-1.49335207276595,1.4331131423437,-0.9093276678495605,-1.022901486682231,-1.3131388194984508,0.0978,-4.505543020461607,0.24387265435527014
-1.0676257458619083,-0.5829103749378539,-0.7685806917905615,-0.1492828771577952,-1.4858010949666949,0.1264,-4.650126020949296,0.31166457868615205
1.4078987458258263,-0.2862801648395954,-1.2298288738292875,1.4562080683025127,0.5596454311251078,0.0,-0.0936131617073105,0.0
1.2039706420377319,0.7299365658996835,0.05230134036771483,-0.6184613685367957,1.2620793116126854,0.0367,-0.40177966151694317,0.0035005831685202
1.4696239330292062,-0.3810185560018642,-0.09516475694067172,-0.10786835378543969,0.8243780669602838,0.0685,-0.5121366447486428,0.01229004357753288
-1.473897436492661,-0.05933848164141531,-1.0180279380751058,-1.1734238126492236,-0.2208563726722379,0.1053,-4.286805910923717,0.21701617431819942
-1.3391354418128198,1.0785704422949438,0.9021684366313321,0.26873927534982966,0.4562622662097291,0.0626,-0.9429902149280512,0.02300277745357608
0.7307865148422978,-1.3308420131123089,0.5506443720571372,0.6882367429129945,0.09587671050869506,0.0137,-0.28989744699928294,0.00026608053932522757
-0.5338205090396747,0.2120780501379913,-0.39912708914403705,0.6118499104164266,-0.48869359615836117,0.2039,-1.5324035245227792,0.1712539542480865
0.293502801104637,0.2717271676690052,1.365420034903269,1.1543342780733097,0.48049814679591285,0.2086,-0.8648894105181256,0.07526188605008328
0.5295325921008724,1.2775950309830564,0.08210189889096542,0.7816230300625993,-1.1621198583738435,0.0743,-3.003334530105374,0.12637434040014606
-0.4567556952900311,-0.7470188968390502,1.1216072067100056,-0.555982042307543,0.31429287345265977,0.2764,-2.202977509813545,0.3425506024262319
-0.12217463393885386,0.6701633368578843,0.7447961218257944,1.0343521687212238,-0.6666660544133852,0.1718,-0.7779977736970061,0.04168877578807237
-1.0257112557452017,0.7931675911231801,-1.1915892028363178,0.4118878477673964,-0.18389593458460496,0.235,-1.5492586770139114,0.22228462625168363
-1.4565498716621164,-1.2098458034698698,0.06033251112166793,1.423264447024457,-0.31407821425904725,0.1221,-2.8829301414877073,0.16730966204001615
1.3940732199001529,0.33774337537821975,-0.14051867892782943,1.2111964296218245,-0.2116837059398593,0.1213,-1.3340978900579887,0.041007386319891904
1.3042530967944743,-0.2588741259466465,1.1947471667984444,0.9625641670666343,1.2231117563834015,0.0,-0.20014285299758766,0.0
-0.7369104638342848,0.562909537446477,-1.190994313549508,0.458779173965576,0.03007914124259603,0.241,-1.0740239132179163,0.1023712310229037
-0.39961567795548514,-0.34590118645555634,-1.2160504452513163,-0.9710402004467967,-0.820065284086989,0.2114,-1.2736560154483925,0.14303414555091984
-1.0521860247122006,-0.9390247269569987,-0.6394163397899373,-0.0704913267429148,1.2786105461355008,0.1615,-4.43197801344185,0.35527431283388067
-0.33949475240700355,0.5975984436810475,-0.1466094228396404,0.041745304650746995,1.0784691047746033,0.2046,-1.0284665325604683,0.1084412501210134
-1.0411433282522249,0.902826695946398,-0.6836501573616284,0.7124115285268049,1.3556027672226962,0.1891,-1.2662953307197489,0.1030663128757484
0.014304916586465488,1.097736471244846,1.23200456850451,-0.2300499941445593,-0.5281397469038217,0.0362,-0.39599266367583386,0.0023349214737765182
-0.19413464583861484,-0.4536499508299625,0.10097881226192418,0.8037295253119914,1.2915869796165587,0.2665,-1.8057330838416341,0.2714326022248747
0.7433642187357314,-1.446628138219596,1.342164241896998,-0.15974101207592883,-0.15229731861598284,0.2153,-1.3039786248730987,0.13473704417154245
-1.1951262819060733,1.296386756381957,1.090915884024657,-0.2480630208481136,0.40612410603242743,0.1672,-1.9467153954641052,0.11313417812785242
-0.4212171346304783,0.6264290375790229,-0.05390140607347149,0.0878850679246117,-0.33658911610723496,0.2112,-1.544546531613673,0.16620082511495332
-0.062131635041351885,0.8003049311301584,-1.2477302030318378,0.508390767389967,0.12350060353945946,0.1434,-0.5399416189216586,0.019453196002661814
-0.7297826529442808,0.7896891975788907,-1.478035415023888,-0.19050877484103834,-0.6238010983653195,0.1989,-1.1223710740607498,0.12224275187146266
1.2831742512693842,-1.4254369187900515,0.353086082498717,0.7760248375875296,0.6570426615844589,0.0,-0.1421507401273653,0.0
-0.003197391909370406,0.9461576511114629,-0.8688202886474293,0.052175877990300545,1.4413529330615704,0.269,-0.6331955867451506,0.043665932593515325
-0.5083980664452906,-0.9597894916856943,0.41753225922615034,1.36734745059668,0.17178979470497002,0.2011,-1.0731033889050603,0.07902858200074729
-0.4088237096207983,-1.1718239737404277,0.8479739930654779,-0.7989058786051908,0.20342409055383404,0.2824,-2.086220070245307,0.36334604002605064
0.09440901028360682,-1.101505420066788,0.5240599849419496,0.40966100001677597,-1.2965075648591573,0.226,-1.3470577218532656,0.16987514122149575
0.8951845697780931,1.0696710590541652,-1.2878910837163318,-0.24078273946506457,-0.49964361946634606,0.0559,-1.7798503012319213,0.05567449080133613
-0.14206987869682886,-1.0262296574071246,1.1756158605124276,-1.1787067479215065,-0.4455052541848654,0.2567,-1.8243587831555412,0.27510160032039804
-0.4676472263050544,0.6629343152465701,0.18758957654316077,-1.3811998871629894,-0.5161780420139404,0.2537,-1.373520447854989,0.16026904614943735
-1.0025632118658474,-0.6218322422106125,1.368109136956543,-0.7502791172679178,0.9713960718232846,0.149,-3.9677997911612177,0.28339755725937293
-0.22043266582765764,-0.7828024086138173,0.8051453039901832,0.0014471866782459486,1.162404706664086,0.2634,-1.8548488518979616,0.2663054398936025
-1.1797566637209376,0.9909889193430512,0.17066794001232166,0.4202689956405523,1.0919827427630304,0.1484,-1.8973387279093485,0.12255031879444012
-0.8209044270137288,-0.9186561200675256,-1.1537912656469602,0.8388134030557581,-1.468180388665643,0.2228,-3.9705199332899395,0.41904710833347353
-0.3490933648682417,-0.592330216044346,-0.8929862513804824,1.356774110315536,-0.46823003039994404,0.2725,-2.140050991118427,0.3427529139735785
-0.9033136663592631,-0.6114803544577949,-0.6439952102108277,-0.6661867168377142,0.334954654223913,0.213,-4.788404190673899,0.4329091614203893
-1.3035831056837135,-0.8759719642475997,0.7917818860381507,-1.4712012307901283,0.7495604656210526,0.1008,-3.917870439027907,0.21453945101007535
0.929182058257358,0.5500459438130099,-0.46432917308614474,-0.12228835815201666,1.2963844671982714,0.1309,-1.1664476340191856,0.06683958191176526
1.123029954388251,-1.2772609815319313,-0.21582694850916462,0.08092289369329064,0.2558818524523869,0.0569,-0.5415754111176493,0.0037848097507894784
0.8413289944297953,1.3563680445217625,0.7111426581411178,-0.913664562749144,-1.3356733392677833,0.0,-0.1441385328514616,0.0
-1.283796072144706,-1.310605761875855,0.997710131066107,1.4177068076308532,0.7258460530471353,0.0791,-2.0826474316539376,0.08228419492137268
0.49281524934786947,-0.35272591652995366,-0.1309015785741945,1.408798170092667,0.5233503769873726,0.0,-0.25870420391605703,1.7923102378777145e-06
-0.6698190878820361,-0.41497297303399394,1.0352907771312725,0.43921980611369005,1.2113569042271113,0.2573,-1.5257376563199534,0.2126249225387874
0.45961413127226214,0.846849253827199,-0.6701884075015823,0.8257135100609276,0.08449645486084911,0.2304,-1.3020457141510284,0.19181901456379252
-0.768474166268627,1.2798455258862207,1.0746809824817598,-1.307657633993896,-1.0474586193322832,0.1769,-0.7624085342015737,0.05946170579490183
1.0363959658260784,1.353023826269049,1.0669697853390359,-0.10116140153246289,-0.4781041987568493,0.0397,-1.2710403318864114,0.029377690495647958
-0.3611116692454859,-1.305426907764823,0.2925200221329287,-0.6105151187188212,1.4028231273431961,0.2694,-1.5963887578603113,0.25604576951951713
-0.5688230028734569,1.3069688180260095,0.010434660165181242,0.6436618957105109,1.0210900894035748,0.1984,-1.0405219382017252,0.10698354550196158
-0.6484568781460383,-0.48624844386774346,-0.16394420261040543,-0.22582906405729442,0.30946598792972946,0.2645,-1.8306803596490988,0.2757645831334209
-0.1462996835846384,1.2894603860924816,-0.9457534952249892,-0.7278833551521839,0.14285825976798838,0.3834,-1.2398436978839782,0.21854082288862878
-1.3859437270980814,0.5185992253023142,-0.7987744159511837,-0.594266056566708,1.118645956104293,0.0999,-3.1179706102923905,0.15147234173927934
-1.224826179255211,-0.31251189131498003,-0.7084440073999276,1.0514752133588576,1.0518237252738825,0.1169,-3.367408711959377,0.17589329378310822
0.31745574423282363,-0.21632188884505377,-0.852373277957867,-0.6559025019181424,0.10246523769956406,0.4183,-1.6831303887010376,0.27379921186565453
0.251814442415085,-1.3015723916879107,1.410632361308941,-1.2446305191220592,-0.26686912096690785,0.2198,-1.4587174253419188,0.1822166384800011
0.6513956709607251,-0.06226551748523179,-0.24729513323384422,0.5825233812493167,1.0325691966984922,0.3093,-0.9569169642512428,0.0812785948894943
0.7201313405342216,0.881676145535145,-0.4712851893947134,-0.892839818150333,-0.5547971059884881,0.0793,-1.8032742924423457,0.06779095540856267
-0.35274669024578853,-1.2980566480986773,-0.1709725728779361,-1.4930774963891218,1.3785453182904557,0.26,-1.6743880174516819,0.2706621406171449
1.067072372844672,1.2541977324676474,0.6390127131331766,0.29301350813085225,-0.46145645633203003,0.0499,-1.0089886386328022,0.0217645602933086
-0.07631119844643197,0.822415428595852,-0.9928885290499576,0.7952814651443574,0.39874690906878674,0.0,-0.19562142971717567,0.0
0.3688097948787825,-1.428273059656787,-0.537837221421519,0.745806336075177,1.2468071238497878,0.2188,-1.2798592824589536,0.1510294264729759
0.510251559025833,0.692058699156112,0.3076170412478061,-1.4616218937051784,-0.7034555076851652,0.0886,-1.6369322621972007,0.06221976440132589
0.6861637689456388,-1.4090229099334741,0.04791816586921693,-0.1538765996531719,1.306088279660751,0.174,-0.7524090038282554,0.056659641500199656
-0.8013335083875663,-0.24119892295576895,0.22490146774391695,0.29466481482118034,-0.9475724358703028,0.2098,-1.6729306877507533,0.20039682596566216
0.07440208402086568,-0.9505307573012947,0.32030188584477903,-1.300854354684036,-0.17459358680298243,0.2432,-1.7246865734323773,0.2440969919674755
0.15609468194667686,-1.0647022029353712,-0.5915071290126181,-1.2924552271970238,1.1003809554416306,0.2267,-1.4192479241628646,0.17337956355917217
1.3622278213671248,0.07150184130100579,0.46548627929215747,0.6995675338454457,-1.4020288909953855,0.0,-0.10872130645362112,0.0
0.3559744296722154,0.2610434433714044,1.3056979227693017,0.37309295680381416,0.22505329471979652,0.1974,-0.8375195875069551,0.068974380135866
-0.547013558787756,0.9641061117899978,-0.31458218602074917,0.5878594691232921,0.7949395346270212,0.186,-1.0463211065466114,0.09595962678898844
0.3797483385132676,0.7387871000753896,-0.8224171602912902,1.1946161966060416,0.8488313071956024,0.2231,-1.0522174871852008,0.11773335672665142
0.26835382707607014,0.32066517252997007,-1.1771442251339237,1.2267590089490712,0.05694082919252752,0.2183,-1.0440998987222578,0.10521524082527194
0.2715158318953801,-0.9024065625098625,0.6485725229633195,0.19750493056067198,-1.104968488060424,0.1987,-1.286946878285967,0.13494200679279256
0.884086761476722,-0.28123499451408285,0.15261236440004522,0.41556848908780397,0.7681662401919374,0.2603,-0.7036176023723479,0.044595544853120006
0.0910429417638614,-0.9844348639701965,0.6246180992903234,0.8425369141574026,0.4934887448452656,0.0316,-0.4253499555951281,0.002799386269021188
1.1793494677694984,0.09344105482134601,0.3179597577362063,0.43102593639286724,-0.6568257107576716,0.0633,-1.8876716653610548,0.057623432762459674
-0.9783745041885338,1.1960784468643695,0.9953145426502181,-0.3319784547527085,0.8947306394355876,0.1989,-0.7486370160158357,0.06516244254023161
0.05940057960196388,1.204044476317029,1.4627020242237219,0.3286508774270611,0.7773649114603387,0.1395,-0.6033010926974016,0.026225699608226148
1.1570092800716791,0.4638237339323277,-1.31971176817207,-0.09284586095518477,0.7284839190605066,0.1262,-0.9150776796425278,0.04409786042403835
-0.6189281162962019,-0.6076374004443803,-1.4751043775686439,-1.2331548519006386,0.3606286993613792,0.3317,-2.2216502602738997,0.425661282261619
0.7523178524174203,-0.5308877787452666,0.3352958960995225,-0.5104182046021485,-0.16717327117859782,0.2164,-1.392197359825872,0.1538430950665442
-0.7543644015232713,-1.042483709286817,-0.659896305505681,0.9096242500819538,0.19555463146802587,0.2327,-2.559500533659515,0.25442300349664043
-0.29286986198843823,-1.3440094554542361,0.593890663060987,0.36667241928748595,-0.5698053497053528,0.2588,-1.7368219533970088,0.2681939710630117
0.8159377646997585,-0.9728418576691892,0.754825919687736,0.18361158154016177,-0.8617784004027031,0.1523,-0.8095167071964299,0.053285034830579295
0.9036599097023257,-1.3287720111719028,-0.954444467486404,-0.09877049245536229,0.6805710417583439,0.1509,-0.5214218541055603,0.025022436173425373
0.17352366458711943,-0.825793181937279,-1.4869561981431796,0.938385398016977,-0.9725488249657998,0.2185,-1.501978498032513,0.18133037246861622
1.184183711860574,1.1358327117384137,0.5867529152916724,-0.9069836878682677,-0.10329427459386586,0.0658,-1.277639439342529,0.03698644004551733
-0.9851224042966186,-0.9335371706677565,-0.9264339689104026,1.0276199108270454,1.0643213346092462,0.1909,-4.146499372026488,0.37731580742342397
0.778138755082808,-0.04250589634715185,1.363903234163104,-0.44939677382032106,1.121621279416026,0.1924,-1.0395856353861392,0.07119527867525771
0.8396376625505848,0.5483229505259049,1.386063275529403,-0.18380204237185782,-0.37624207664663434,0.0841,-2.0337832210869387,0.08742046194885714
0.9425884506687647,1.461380754953642,0.016521602593955187,0.255971945936716,0.5822306152497787,0.0841,-0.5095843399650851,0.01560283444529947
0.9170323369951765,0.011395366744288982,0.6823153039966114,-1.4102770559977567,-0.8592816056654509,0.091,-1.031137145559906,0.039053843058673564
-0.06874215682543716,-0.3861079055958969,-1.4590831686390975,1.2193773681178892,0.7982932822503659,0.2165,-1.3828435656893734,0.13558047458327996
-0.22623276734918707,-0.8994149020576974,0.5154635717245912,0.2216217067257238,0.18699590063575222,0.2036,-1.4290895405583017,0.11469535704401658
0.5646178429842057,-0.2143875992708444,0.10669766388812052,0.5413345875792404,-1.4929369429489292,0.0653,-0.4849059458233845,0.007391099841269263
0.07049652004605722,-0.7020945132442205,-1.4713866685389578,1.064836776087529,-0.9441631922041426,0.2238,-1.7672317780994593,0.21481700012735108
-1.012080764835836,1.4148865623166356,-0.40253629641613564,-0.47165107183619037,0.21012900602336293,0.2726,-1.5269715099300278,0.17919944374857139
0.4255801573329845,0.22828121489919329,-0.8514389223286659,0.9489355515585323,-1.1447780029014059,0.0351,-1.4815672547993128,0.026176905846275234
-0.6419383904850502,1.2834359920112375,-1.3776475811078464,-0.4393209772953077,0.520300497965188,0.1761,-0.8168393726718408,0.06256172532143178
-0.9235480888409411,1.1999333791734887,-1.4121898360788183,-0.8154091265346509,0.7897307770401532,0.1875,-1.047439720468935,0.06791677126697798
0.22044686288816506,-1.3877610212112832,0.7043875247085101,-1.4808143762224126,-1.2725754244434377,0.1489,-1.5240549333578912,0.10385643191839795
0.6930361524921018,-0.17972533666811485,-1.3340193319590934,0.8338271174092045,1.0195188151727486,0.3334,-0.8779995593049872,0.09970759798419827
0.1657175239221751,1.309061156118796,1.4685298282257007,1.2007714033039236,0.5991639146737278,0.1648,-0.622567538953225,0.03796131662127066
1.097034992655726,0.11991377198819198,0.4043335309777376,-0.8958293142674718,-0.6195910581530519,0.0459,-0.9105992705315266,0.017049736335154237
0.6023711980705011,-0.4819432727310051,1.185275699713031,-0.40594444609364433,1.0352873958152653,0.215,-0.794947368489757,0.06969760896736246
-0.48946458096111956,-0.32784398488682576,1.4156822457064488,-0.034263163793824436,1.322126136717765,0.2454,-1.5572888401594651,0.19962759192431137
0.007610310184211544,-0.7660822551667257,-0.838200979063005,-0.8859361682737485,-0.3802108252512264,0.2511,-1.7916315570210088,0.24831748995711372
0.6899382507818084,0.23147334605480907,0.24880370964402765,0.8777100382540115,-0.2870429483518151,0.1799,-1.5891611256922966,0.1442744864327045
-0.7065214736437333,0.10003936497945398,1.4750372377512124,-0.30008330608140565,-0.9061595983399571,0.2148,-1.1408529726254322,0.12274122197331426
-0.5622500584359722,0.4229999816926244,-0.16507191017077538,-0.49893615658597534,0.8876538038285182,0.1977,-1.0115871146364799,0.0916236508846685
1.0397741553855004,1.1599674257055992,-0.9200819052921235,-0.20114160711522966,1.4802511077403424,0.0229,-0.3957344383508523,0.0019461092749586413
-1.4499450537496732,-0.6903343554726783,1.4964773155665005,0.5751924149817191,1.3172023814273275,0.0881,-3.156299974579418,0.13827821321978492
1.021242434034649,0.2429561392007067,0.7961989440463881,1.1720901977331835,-0.8863814992269505,0.0795,-2.2503612208546935,0.0927320105602721
1.2682432682841736,0.08365594323080572,-0.7485427447406194,1.2632981155536074,0.6537040384389541,0.0471,-0.3880035109247974,0.0030455438740695866
-1.2131826954465015,1.2591106927039655,-1.3870266270778326,0.5565815811196417,1.3967087977206916,0.1468,-2.281503918550361,0.13794954367318796
0.6210077390336246,0.8936936246452705,-0.5080165719375879,0.028291967328773815,1.0411429223806241,0.1761,-1.8019934979066865,0.16228049197122837
-0.2983346339494628,0.38117330589310416,-0.6904046665324366,-0.680387025979148,1.2381155913218729,0.1809,-0.9435002777351458,0.07626116410185178
-1.4329380444275093,0.9236826823134678,0.28028834568298144,-0.9532206293371557,1.4348965508472489,0.1213,-3.1451679262140355,0.17023917090957078
-0.0026588988358264842,-0.5447748018202518,0.8890268548046265,-0.09518749869243326,-0.4504942765732316,0.2298,-1.8587184581712235,0.23848577381635783
0.1430202748123186,0.7767038077718853,-0.5180922260014102,0.12996342891188384,0.546840391797538,0.1938,-1.0574541114626197,0.09076083565160707
-0.3908010281519627,0.5784873543375166,0.21042707210100753,1.449712341883429,-0.29265634122940654,0.2304,-1.4429191187754158,0.18004753063597645
-0.2418671778567647,1.3285445759329986,1.1171055927510394,1.2426429775640884,-0.7276735179780804,0.1709,-0.7857725741711407,0.05213671553541353
0.7445705555852449,-0.25302955593647547,-1.0210966835890012,1.0926386183472743,-0.19623298128098332,0.2733,-1.1065690303105744,0.12389391023969511
0.7681760595234182,0.6234550201984561,-1.1730626339873522,0.9168065470137496,0.7514569731214036,0.1703,-0.7546509677601103,0.0702903594685191
-0.30191222667407014,-1.4535065482503948,0.44397878866310725,1.1195398675983337,0.9687045555553411,0.2255,-1.4460561294963798,0.15153442259266262
1.339978069944681,-0.9901234175837512,0.5790127734811255,0.8628551493414642,0.5410363745166542,0.0,-0.1894696105791434,0.0
-1.29021321859668,1.1731009932289034,0.5523966456488956,-0.8990464618370679,1.4464380437861561,0.1447,-2.8811389155271643,0.17065958147267807
-0.9700931782404408,-0.7416046695871723,0.49406560277753253,1.4147526631435436,0.8647144784658742,0.1591,-2.05763303007716,0.1441090139813761
-0.633582942837496,0.28064692847871564,-0.2563354803264024,0.2129424929364232,-0.736087365392414,0.2018,-1.2896036115533198,0.13940488770981832
1.265003824373562,0.29062139392087283,0.37916059138515834,0.36075097547898083,-0.7681784342371321,0.0535,-1.7520875778038894,0.05293867591227119
0.49926650051567734,0.4736686176542877,1.286891046417899,0.9208521767039399,-1.0216083609766806,0.1015,-2.4703426739156713,0.12878477595418203
0.5218627688538477,-1.265843030017381,1.0140978786800394,-0.0023288245809589547,-0.08414985465912439,0.2066,-1.2995116243511369,0.12221176384552841
0.16914767018597443,1.1562857160771056,-1.2224159775589651,-1.4221616088270908,-1.3041456625090722,0.1491,-1.1604060296033851,0.07699039245913987
1.4272614398003771,0.6869769754177297,0.4296646429906774,-1.024623295039592,0.004875051911244377,0.0756,-1.2324705878674573,0.04139828957004388
0.7003679241090719,-0.7898470015994289,-1.4317336684430788,-0.1942927710124629,-0.23612160115556513,0.2169,-1.3775441876197028,0.1592906963901388
-0.41189905694336915,-1.443507868753728,-0.6953871626295149,1.1168436156706623,0.9264051919828851,0.2701,-1.5553764025826793,0.22217988736982996
0.7336095492679395,0.199778244169043,0.8371727554697865,0.703463876836866,-0.6108648152533481,0.1268,-1.7724261078256742,0.10328296932359708
0.6469642451995044,-1.128272813288289,-1.3891907717509429,-0.026540650654908626,-0.5867315333149465,0.1716,-0.9198536715072585,0.07656592679612936
1.4019963892210003,1.370087858635364,-0.042829919990748255,1.299789341069117,-0.0005356864108267967,0.0514,-0.637380661665299,0.01230349124212283
-0.4837243797892743,-1.0200285872471384,0.6903137081069572,0.3166069274485057,-1.157689924350737,0.2631,-1.844732221013601,0.30092920961802366
-0.7719218331456869,-0.144420500944638,0.24914449221829127,-0.41011352915440913,0.7345297304829055,0.1951,-1.3167191419734376,0.13125099243864444
0.44657557893934197,-0.9981190798106445,-0.5146289490626981,0.5476220014554469,0.9790895918990707,0.2109,-1.077985555134559,0.11663002749207549
-0.7576352806480783,-0.5819200060857384,1.2232241072060477,-0.25743667889303,-1.4525900354023042,0.2341,-1.8865189526175543,0.2980296561433009
1.2002974521207808,0.6132882302191534,-0.6887634398411033,1.2237419768354623,-1.2603367088621071,0.012,-1.5110882795153153,0.014028219385733308
-0.09046640194188749,-0.7583556631470704,-1.3145127311662996,0.6828151343825679,1.205978736501629,0.2614,-1.811543530448547,0.2729497575445411
0.08242116719699366,-1.1901884659330002,-0.49125437976224595,0.40094261517409624,-0.7798299158766131,0.2221,-1.58221257240321,0.2000637708729251
-0.9358794075935071,-0.4986447626835151,0.1342386424522386,-1.4269164688258182,0.05955813826776213,0.2106,-4.344087887207628,0.3904984833780581
0.3187975960795122,1.2125135914888587,0.6664782888853589,1.1984066116443017,-0.970891137169372,0.1119,-2.087869669950092,0.08577325181020194
-0.3429701685426143,-0.5241633707674378,1.0559477032504931,-0.5678438717419937,1.3040052719263557,0.2734,-1.71986338698575,0.25567852823528936
-1.1721718323443244,0.18760000059686943,0.008744158055631779,-0.7030463904165032,0.6371697441376658,0.1161,-3.3739348993805827,0.18663927323220908
-1.155103136161788,0.3748568092617435,-0.9044061936760187,-1.2676341430795641,-0.04528108193628988,0.174,-4.286260840321921,0.29787880224102864
-0.2445911361036348,-1.2194450345954089,-0.01274663558066913,0.281859196109548,0.2743730079279123,0.2077,-1.4576788119268882,0.12781123481213125
-0.8392056160630186,-0.9455778462526242,0.970687275323062,-0.004656224727172864,1.0552345431504797,0.2377,-3.674338814667955,0.40865998066784287
0.3345229849706446,1.303134583205816,0.4511976299103888,-1.1134654326153803,-0.6659712312656345,0.1418,-1.5942715248048678,0.10020989902613162
-1.1848201942571206,-1.1627105642838895,1.2951595924677033,1.109193960144974,-0.18946647646839976,0.154,-4.689157914187244,0.3551644063792457
1.4711700819380136,-0.6505198574608448,-1.2965008746459283,-1.033796731901666,0.7170389985332251,0.0399,-1.0432639110532884,0.018580447516318314
-0.6824714479821417,0.36447484171416944,-0.5705403841789598,-1.1248509889087437,0.8883284149390667,0.2017,-0.8689799881291597,0.07358976888798224
-0.6124614894652604,1.1805297887329305,-0.05986131408476525,0.3010991181079474,-1.0793022252472526,0.186,-1.1374884502246339,0.11208007880184213
-0.3952521670454663,-0.08596180645333429,1.2778452771359445,1.0569475640207107,-0.9673347649361419,0.2039,-1.6089974732723873,0.1637873354938855
-0.9120813506475207,-0.2831085429202105,-0.6262125532749825,1.029695249946986,0.8350987015405016,0.1557,-1.664955948613288,0.07799950766016975
0.36917143972408395,-1.0558428350065703,-0.8561706628083745,0.9763262322527346,0.20869726814731626,0.0737,-0.49219740626179165,0.007948034170047401
0.10941383621408107,0.17960206921503774,0.8241296161802283,-0.4128671191858122,1.2677953806777085,0.2415,-0.9149605802777587,0.07030403999834657
-0.8154546750007886,-0.5675795911308965,-0.45935790497921114,0.2139475721778381,0.3013559661645875,0.2304,-2.3169053298127675,0.21529413314508816
-0.8426643692270366,0.7274144463659997,-1.1635217416302193,0.47082907235328975,1.2331387765141977,0.2024,-0.9586685423666029,0.09242979917280394
-1.2478985954688928,-1.3975101647452621,1.1535665639709305,0.7616389364165492,0.8457739486237879,0.1002,-2.9996193148291668,0.15680586465116983
1.2773036422433672,-0.37796915436017553,-1.395762519837953,-1.1310396061510142,0.696870117111656,0.0565,-0.8783802086753408,0.012953639290754547
-1.2630510437567894,1.3518072565867763,-0.5978248640536656,1.077481067844746,-1.040951776940584,0.1448,-3.0902556222218047,0.1858344989457353
-0.602293581762204,-1.3575017520794206,-0.0029373047922742757,0.13764375980265564,0.477142012210769,0.251,-2.643737417858908,0.3010611374590362
-1.4978037052832163,0.43201939749116036,1.033570487801157,0.24700588110255506,0.716759922022967,0.093,-2.337667994813109,0.11312275304494042
-0.032182747509166276,1.4175527212025596,-0.8885205342522364,-0.16552262601759815,-1.0036752246544896,0.0,-0.24574963908589417,0.0
-0.5021305554234221,1.4505935675909254,-0.6222575511168023,-1.3839451054861327,0.12657191751015873,0.2535,-1.52883471030006,0.18306486203014277
0.8231012564109967,1.4191478171712486,-0.23495443056498155,-0.648359263591443,-0.9774985079526572,0.0,-0.19110872347344376,0.0
-0.998996311126105,-0.3322087275240957,0.6694266717475634,0.6356138421918942,-0.5375685786944603,0.1666,-3.257936672992833,0.2526254474731264
-0.3667704691320506,1.4562515985480897,-0.265296063733375,-0.34861525866436116,-0.4161513211653425,0.2361,-1.2529595983258393,0.13186693360873467
-1.3978841359548533,-0.1826016872937004,0.3888946304418721,1.3591768375999727,-1.428477428293757,0.0941,-4.2134917822290685,0.22528001235834427
0.9386580115243879,-0.7185855720859178,1.4920861987921503,-1.3135968437941654,-0.038032630676547274,0.242,-1.2318374805825905,0.13154301882024103
1.0818833124400467,-0.19780255675787983,-0.7531858324660168,-1.3213002838490266,-0.25158038732001997,0.2255,-1.0244193689312535,0.09096983585810413
-0.3093643272761806,0.41315033461375816,-0.6094498873747223,-1.0933974524846157,-0.009695537808823262,0.2286,-1.8801992197802966,0.22550350048978754
0.3274763020668696,-1.048737014036277,-1.007520759853357,1.3881340360735552,0.08714352645443224,0.1441,-0.7377954794911891,0.029416148528265417
-0.5985393156593404,0.09867881893454111,0.3324141800201341,-0.4539626259697207,-0.6488388737803076,0.2074,-1.3824389775860972,0.14422123839007386
0.7945474862277875,-1.4640435705712078,-0.030986544885945433,-0.4913869059412199,-1.0559619283045598,0.1396,-0.5663833121382887,0.030096577690976956
-1.0838373722374008,-1.0320676531137285,-1.1152901819200614,1.060465278108076,-0.22675590695439096,0.2219,-4.3941560977889,0.41810541483903296
0.876444472280979,1.0633103285772187,1.3472166099783136,1.2923547343247952,-1.1250816384051001,0.0594,-2.1293560603803945,0.07160647679344272
-0.03399131229624475,-1.2744921708419101,-1.0808091305285523,-1.4342966851001344,0.58607338445437,0.2497,-1.677487138915199,0.24550125103844425
0.7903771455248316,0.7843751370187042,-0.02995457878733676,0.8201402471672816,-1.0602873373775872,0.0618,-2.5445157980608215,0.0875526434757868
-0.8830858498461949,0.49974811474663783,-1.3586856337784547,-1.2538329673730177,1.1819040517977508,0.1655,-1.964980382997826,0.12492863119052829
-1.1292639122718746,0.3288837289293369,-1.0717742616260113,1.0413452499408078,1.4750846608422776,0.1417,-2.757298931725942,0.16375990851208866
-1.4050805926338092,1.404368597158813,-1.4893587458571151,0.7094312062678392,-1.1100334354030381,0.1175,-4.245040981678924,0.239287757171978
0.8799662450176307,0.9196838874069653,-0.8584501408953229,-0.1313943966840465,-0.4020115336580883,0.0758,-1.9491084569394495,0.07931939948578434
-0.26736629321395466,0.6968471220461687,-0.22388524300499202,0.4716240474027025,1.015644945350188,0.2113,-1.0570826395310242,0.12089634506796361
1.1601790566297119,0.08606565799200117,-0.8435993801925995,-0.13790798337610588,0.9276306615779153,0.1274,-1.146581957569596,0.061742184194398725
0.04506652518897436,-0.16253570797052075,-0.12814282971111712,-0.788341550328909,-0.05594407434001192,0.3048,-1.6677472221556653,0.23203900544869266
0.9064195765592835,-0.4731861510149944,0.5366559066255405,-1.2227962077042083,-0.17297218840898632,0.2176,-1.1541506382513562,0.11672571660717494
-0.08199410316525624,1.0493020006791753,0.47635994252621283,0.8599616200383671,1.1738800360953188,0.2661,-0.7019496692304009,0.04311894965294236
-0.2631320091812819,1.0063244425467612,0.8754007630891554,1.0459832893488716,-1.4573347208686236,0.11,-0.5845574701645712,0.01719991492842722
-0.8181909653308128,0.9354508858482458,0.30903969814953225,-0.8089116354179475,0.24047116181010342,0.2597,-1.0596267970834496,0.12618430856500737
0.34324078364374655,1.251133711030353,0.1286690249262028,0.9254848399834863,-1.384005769647977,0.0317,-1.600416184348604,0.02636433892862893
-0.5221227825108283,0.4569921520493869,0.13808014707968752,1.486051063262516,-0.24534495407122248,0.2276,-1.585551775951052,0.1886208729685369
-0.12484238093538647,-0.9567542856056181,-0.17716871304792692,0.7061991863514825,0.2782432773746746,0.1759,-1.0011127600949057,0.057184593075692805
-0.6386835688960419,0.19575176869891786,-0.37859537738407734,0.7337510115401376,0.22830621074440272,0.0304,-0.31553634718841483,0.000723498627637257
1.1032509509680732,0.8191248174132264,-1.1460866758038217,-1.4961513608345423,0.5725998281605973,0.0835,-1.1750823442963505,0.04722910279154194
1.100452092529269,-0.13368954522599363,-0.7638723812177175,-0.7410122433882926,0.7598098764876182,0.1717,-1.1289844382389562,0.048866359970843896
-1.1525341889362912,1.4285241187644524,-0.46722413837777266,-0.8898541121643435,-0.8664687343310546,0.1423,-2.776905176219674,0.1734530553259188
1.485236501076498,-0.7502412710760051,-1.0776634675863068,-0.5752770859024742,-0.1354436568999664,0.1937,-0.9356888356396491,0.08319540490871216
-1.2230126314826273,-1.237460887245138,-0.5743688899169119,0.9593163499571089,-0.7994874725096415,0.144,-3.3470238034236472,0.2181666130459225
-0.7805760633470833,-1.0990981292330892,0.3947375438534739,-0.8126206614609478,0.49121755270630807,0.2388,-4.03891267737574,0.4158311057591191
-0.014460039246374512,0.5071409454406206,1.3405676282888432,-1.3752545139357677,0.0601490711550583,0.3337,-1.1935139404066106,0.12018192471000816
-1.1447449048292921,0.8302016265236296,-1.3042431636566776,0.3975806898012153,-0.7403295298967425,0.1462,-2.9125193013683415,0.19072766931378696
-0.17713887255624416,0.3783827204827772,-1.483900978677272,1.2518708973464179,0.9181629479592193,0.1454,-0.7036432091083122,0.029504303072060832
-1.3697758403232538,1.2907678101243873,1.2901836755990699,0.9544391982816705,-1.3329789344172007,0.1299,-3.4771580403959135,0.2115320527723653
-0.835546637614662,-0.47802602994592647,-0.4430445183647391,0.3899302569254275,1.3639526346861675,0.2441,-2.5495304956175313,0.2719013591365279
0.7568265067041469,0.8060821301727916,-1.3009112786837422,-0.5712660194952627,1.4556318197838527,0.1416,-1.288864033068343,0.09534908410005885
0.4199683863082395,0.37142332356306196,0.5179303870472092,0.4966317455444993,-0.598386105562102,0.1625,-1.277686818823536,0.11692961958532447
0.8685987816161456,0.39356594444356885,1.013741654238772,0.28922267816307756,0.1581076207496419,0.1756,-1.3413278299295122,0.10734027919828168
0.9921552513381151,0.2659039706838042,0.2863233333420343,-1.1359248390802237,0.4145490957915614,0.1416,-1.840029806594238,0.1268082082978281
-1.0692371052162501,-1.0311322164615282,0.9160139444899156,0.6410893748499138,-0.04042509419052953,0.1658,-4.04719948765427,0.322400306684083
0.4352232268531475,-0.7052122371890237,0.049609593118534745,-1.3541268354823812,-0.4055708979802428,0.1988,-1.1496099718174,0.11679962171557313
-0.08052493447490039,-0.9362593205194369,-0.15268438762498482,-0.9855963867138112,0.5572334467836249,0.247,-1.6969189899734556,0.23267555948523436
0.3954149688232287,-0.39117589031938804,-1.4468918527288777,0.7498419997195493,-1.228981152644452,0.1696,-0.9834573192130949,0.0731557016068321
1.4201768581192376,-1.364568196962033,-0.6044391145726771,1.37685737855631,-0.31948440563070335,0.1492,-0.7516637787765161,0.025275887230957278
-0.6999059786827073,0.4790993716782128,-1.2916092617438595,-0.30636928094918225,0.5735759289336846,0.2006,-0.9547347654869489,0.08437681097465863
0.8128798370980719,-1.4843343745881041,0.7234706929980277,0.11044763666783952,0.6463762676664988,0.1725,-0.5392968935153039,0.025975868526348415
-0.5645486219005472,1.438925447163764,-0.8313645965737586,0.18919734642447916,0.41022913919851645,0.134,-0.6439643507522697,0.02698455249772212
1.3710322897496718,-0.016809000298770638,0.42309762845482135,-0.9540791850114272,-1.1645195976242282,0.0,-0.25477571508161223,5.610416658208455e-06
-1.485691825583315,-0.46677721200583266,-0.3013550449261837,-1.4839430057395913,0.5275779163950647,0.0641,-3.2012108869289557,0.11906934665838353
0.10217354910928655,-0.1720979419768447,0.829636922646571,0.32333296169692294,-0.2593295926194972,0.2433,-1.0340308895207941,0.10643600280277922
-0.0972930669070855,1.222675607454276,-0.7710272791955733,-0.287265613269426,0.7655888397095749,0.0937,-0.33832668892663254,0.0032217256135468036
-0.23633665230231493,0.49292078950155593,-0.9418393212294448,-0.36851326015340646,-1.195658352492571,0.1382,-0.8404139578548812,0.0375647213819936
1.3825641138859228,-1.0370582481536066,0.8638459990200955,-0.46256879465581946,-1.2997971544632758,0.0698,-0.3997699270930945,0.004953493633228798
0.0530987206983522,0.7003780603084575,0.8271491462516245,1.1753559027487865,0.022330951760337836,0.2045,-0.9194427874008088,0.068573324160194
0.3656242576078095,-0.02947212194320281,-1.1797736829830132,1.280746973818705,-0.39312671559086754,0.2156,-0.6373364728590187,0.035630218642156646
-0.8285067142248745,-1.383805653876435,0.8542736711468653,1.0728913258783148,-1.138851634403402,0.2109,-3.729117268432881,0.3788010935026607
0.08547703251830008,-0.20122282289380222,1.0040447581013945,1.3272374483191332,-1.2796305435769686,0.1358,-0.8040169049405459,0.03736598814097082
-1.4180057478571237,-0.32350362415384515,1.279428687734364,-1.0370909328021687,-0.9008710579636896,0.078,-3.5409030771205643,0.160282001889271
-1.4300187068604768,0.008987579908095178,0.6293363366487776,-1.1562226096733141,1.007513344271516,0.0863,-2.964334235964014,0.13430704581842523
0.01856619171789009,0.18422614730784703,0.0676523441815704,0.35374095257974725,0.03544314747570221,0.2212,-0.8427581018361852,0.06252290137710222
-1.441725861867778,-0.6057839739557418,1.1974999250279907,0.0756229909137498,-0.6762139686057242,0.0902,-3.9450192528067896,0.19785337721924637
1.0531708966664026,-0.05113392507046233,0.01882980415414659,-0.6585697303843383,0.43190618824178184,0.1591,-1.277363474375589,0.07062843782163283
0.3135133712856981,-0.9693516564278845,-0.9793703739832247,-1.1176534780878724,0.8209743717156099,0.2048,-1.260197107243652,0.12807396508959956
0.5591763729564936,-0.054739998854630656,1.1125055108293371,-1.1402819779236173,-1.39602984526903,0.0331,-0.82318341609893,0.011121522580241126
-0.46393331335154375,0.16940282670111362,1.431122377501878,-0.26765146285481745,-0.3672252397989215,0.2127,-1.7301983546295592,0.19004801950633934
-0.8080225375424358,1.4655832322188984,0.03268978553578661,0.43449386102053245,0.26187697037544355,0.0001,-0.28660403388468364,3.1941453797216565e-05
-0.39614474242755504,0.37514642861164926,1.3617805621871444,-0.5901031556958332,1.0851174666866203,0.1963,-1.0264158627371578,0.09974098825586257
-0.47111670895369473,0.7696571659739608,-0.049477596643804134,0.11636751798869116,-0.8392643403878435,0.1922,-1.3260627839017776,0.13537130400990938
0.5330517027021084,-0.3086322069589762,1.1323110049115805,-0.5998988309231701,1.499986675491674,0.2224,-0.8716430027031526,0.06296838427149955
1.1670961214892137,-0.4613564632173346,0.0038415747312456894,-0.23330386489729382,0.5005849547984931,0.0998,-1.092689477612363,0.033735202168597926
0.9009239459769836,-0.4517266190806999,-0.1140132359449828,0.720054950085903,-0.28120538542267726,0.2357,-0.8612539059013972,0.08069697727366978
1.1148038123520907,-1.2882013446478224,0.923326301579598,0.6967866983001119,-1.465659313901981,0.086,-0.4272238334064802,0.007351431866721366
0.9552196157447987,-1.056663478652661,1.2118000201802097,0.3440249047749111,-0.8813718612701841,0.1445,-0.7349709171893283,0.04106195704585289
-0.6979510269275134,0.44354551689797717,-0.37504533585737,-0.4186026107483738,-1.4339870657640974,0.2024,-0.9993903731722272,0.10064415914686417
-1.2801340138045776,0.9959055160141821,-0.22839196146358987,-1.3934029466036515,-1.3255181063512964,0.1013,-3.888206708132329,0.20265805366550635
0.25472329166983076,0.02832716685073189,0.5753979352620164,0.5325483892195688,-0.10949958313743946,0.4032,-1.237955953858267,0.18721364681545807
-1.175355129351897,0.6424192701481415,1.3282282305163675,-0.6764955784946366,0.04028879086657566,0.1671,-3.510503404892649,0.23919814065260134
-1.3604965391279218,0.7809092138008196,-0.615352493178322,0.3507102453923159,0.10189143217536767,0.1148,-1.8352393955504964,0.08456625516468759
0.6786990374995261,1.2435824685183592,1.2530347106059523,-0.35885587643881434,-0.30958587085066025,0.1015,-2.6630037195851646,0.14466085261087935
-1.1360568778232814,0.32177749456338267,-0.35152410190755656,0.6191066996573937,0.2596470131814148,0.0753,-1.0526439393221365,0.02696756341879076
1.322245220687794,0.7434639047766027,1.1407752867407384,0.4363156259796024,0.22285188159172442,0.0241,-0.33650095776783695,0.0007959394048296714
-0.0560908468358714,-0.12722206887062137,-0.020152357710928825,-0.5633198443267977,-0.8402652083731272,0.1548,-1.044079730180966,0.05876477677575719
-0.8758372640343746,1.4875591201371137,-0.1816247006824243,0.15440137112878238,-0.8132965659268839,0.1979,-1.0951217044582173,0.10322588577969477
1.4067396976929878,1.2251342044999514,-1.3921268837135652,-0.9058452816510546,0.2050616524265969,0.0673,-1.4021262997369035,0.0454463082082367
0.27864876633947144,-0.4276770954853144,0.24050204140579656,1.2719027642944813,1.2204400799493946,0.1973,-1.143450128144114,0.08706495133886819
0.6818398370429151,1.1664537168717333,0.24370609031145962,0.6236078360588455,-0.7886639694576186,0.096,-2.6289221884177567,0.1356590625024107
0.9895834859082866,-0.8182456783490385,0.2546315280535949,-1.4077561138716153,-1.2490499519570015,0.1435,-0.9762902871977575,0.03375890855071753
-0.7249848250905584,0.4460252653114183,0.36293620175444086,-1.469358061419797,0.5171815213768203,0.2101,-0.9845275720468097,0.09669307900044032
0.3750366747677356,-0.03710392962860598,0.10927219460983206,0.7311198467705227,0.1538586198177343,0.1447,-0.7362347748717205,0.03705818572282982
-1.4696369245155805,-0.45683476971208137,0.45829869165464254,0.05542624527949469,-0.1558135120446198,0.0987,-3.9694265731649296,0.21555075977253882
0.20836281762014464,-0.8466333830605028,-1.3077754508501365,0.3080372027739746,-0.5403802598780896,0.2149,-1.471461438438814,0.17793505258888512
1.4417663325970365,-1.4020050812098568,0.09325223889154666,-1.3579955449152632,-1.3052945455428662,0.0,-0.31493997718740835,0.0001657112779768852
-0.7960292262964423,0.6822425356957149,-1.126066913214677,1.0981937779581705,0.0774111898562111,0.123,-0.6452146718340532,0.013968945986977331
1.4103119920982135,0.717274584304231,1.2441103927602688,1.0537548912921144,-1.4600262199692968,0.0032,-0.8998675069888129,0.004441070050941672
1.3690579628906736,-1.4129656960589965,-0.3381649629905441,-1.0766227121898673,0.5674557335066668,0.0518,-1.1803288923337578,0.030050748660365834
-0.8999563296339537,0.5812663990620428,0.8667211705098175,-0.7564691233581244,-1.023989814005922,0.179,-1.9476211387246303,0.16489456367928138
-0.7128772137098616,-0.36928471267854124,1.465126425136933,0.6637076396434671,0.7741409718698655,0.1541,-0.7874964066692214,0.04481967416860452
0.22474167938332634,-0.601984721369334,-0.49563699806355865,-0.548491029281667,0.8139977067533595,0.2221,-1.3390791849977757,0.14964347580618634
0.330205645888906,0.6323364743363467,-1.05493719443141,0.5522261178599956,-0.8082874793732491,0.0935,-2.2428503430190503,0.09908615247834845
-0.1605774701702365,0.3919361625232498,0.2983371182960264,-0.1242180609157515,-0.8311370498302044,0.144,-0.8823496657970527,0.047085242372874155
-1.0863324502373806,0.30164611151462606,-1.2345615245633554,-1.3237927369907276,0.21810885856996798,0.2286,-4.9112195363779,0.3882750521370752
-0.49975627355143626,0.12278486870099004,-0.31937576488783526,1.0900732974441976,0.4373810835580385,0.0,-0.2474723736960326,0.0
-0.1476303639822567,0.044092208559852075,-0.18990808466944076,-0.38767819302594586,1.0488563335218686,0.1718,-0.7994224885704079,0.043734544790635724
-1.4278481529539455,0.1945449862115065,-1.0903374231081853,0.13950333120404013,0.5930255373165294,0.0977,-3.108478003467687,0.14324829831681568
0.2836172240770458,1.1016158454431872,1.2392973180662974,-1.08673519651148,1.1052663554794737,0.2206,-1.1085113881081734,0.1286627794957268
1.0193655708303377,1.0105899042399331,-0.5063051784408019,-1.1506306307305032,-0.6276653830239871,0.0062,-0.5584051389529153,0.003543907651933629
0.4102901118255473,-0.8951400574885531,-0.34180771193785375,0.02508253333159227,0.34834751901978,0.1861,-0.9896368974653894,0.07854103302492765
-1.3143286517582884,-0.8691867508807255,-0.502654926109383,1.1412139960101868,0.5012599786802108,0.0825,-2.79390771310629,0.10101177666756792
-0.3258702090464076,-1.1967138224738876,0.503087377329031,-0.43016762827459565,-1.1826303750133487,0.2505,-1.628293376534802,0.2551214453783772
0.6978211581467915,0.8580153924247993,-1.2685653539186783,-0.8626685554459494,0.32245864604737484,0.1478,-2.788400169643935,0.1986397746663012
-0.6777226015727184,-0.7219842229532047,-0.9833127310020344,0.2722169258298752,0.5948353189562572,0.2801,-1.822034335132466,0.31783527773559267
0.7624630949656375,1.4081597497628602,1.1923216315408984,-0.3656151458537007,-0.6311379277025547,0.0629,-2.2084201939936494,0.08051516064676731
0.9303396862675894,-0.04925314044321771,0.2830776236339223,-1.3692618119095448,1.2994122034609,0.1968,-0.8742891546552223,0.05213093341607773
-1.3824139838114884,1.4886682496099994,0.37590217416256877,-0.7256913925891018,-1.4438103035139218,0.1135,-4.207582565320335,0.24684659055294586
-1.288522759872155,1.2101583649003023,1.4713516756730098,-0.9795386447488211,0.6690017168256954,0.1426,-2.626671655475211,0.15398363884357413
-0.6942650959342047,1.1685588842078527,-1.45751500247514,-1.3777739422461972,-1.4354926535383825,0.1078,-0.47327192198613327,0.008775746315954921
-1.2732238116486185,0.8419222170838765,-1.0503868839671018,-0.9663035964859343,-0.2155116977262892,0.1471,-4.270869336775433,0.2846891664708797
0.5896904305333068,-0.22938654736866182,1.1382927263620743,0.7778123483969113,0.13906058909207442,0.0673,-0.7535599214297259,0.011401730313642104
-0.8507738929546939,0.6391052473343568,-0.09990622502009305,0.3116799844889617,0.483357816314852,0.0922,-0.5628097388588343,0.012511582059917734
-1.3299599751566074,-0.5027426732226086,-1.4961514432873373,-0.6982091835303379,0.5304296147189378,0.0864,-3.588861359869923,0.16963594028605986
1.287148279083345,-0.08369705296910124,-1.2508008930294625,0.6919612871799359,-0.8836209725637444,0.0902,-0.5295028714305444,0.011159272927731405
0.14803454605176558,1.293593540891174,0.7878777167594326,1.421706668888529,0.2478954104626725,0.1775,-0.6906449595964367,0.04699136986222623
-0.574835922676717,1.2733265485927836,0.5960323290797382,-0.4742211860419332,1.1033780701755664,0.1836,-0.9258288649686385,0.07923353862309532
-0.11931334462080345,-0.34934172327837,0.48775765796837667,1.2388422694331673,-1.0746588340926717,0.2124,-1.654228728395035,0.1759253752112177
-0.37199148739585985,0.8526336813546083,-1.3087628535754519,0.8086912493893794,1.3679032548810555,0.207,-1.1555174161804176,0.12845872287601406
-0.047691184582270285,0.5933769527236481,-1.4362899109426868,-0.9283075415994967,-0.026381777693056385,0.3419,-1.8416517427275019,0.1956446441122171
0.11246428498544736,1.3736703318980363,0.39712740206158825,-1.349327918681709,0.26408898906182166,0.2019,-0.9057602105368492,0.0885530299175736
0.8536693070102652,-0.13852817965263498,-0.6286520756648823,-1.4872325785431777,0.2386237895650627,0.3054,-2.2820958649696954,0.2009440876362976
1.0928230815075493,0.26830283867331106,0.40059210748230534,-1.1026711422354958,0.10889365883875435,0.1411,-2.384759781872913,0.1572200603379572
0.8724539147324673,-1.0069217005057345,1.1803464044612566,-0.032255101533773534,1.3520731914887754,0.242,-0.6861418754784543,0.05485931358020116
0.13110339092329149,0.3683933841862723,-0.1362060088422683,-0.4269749088859234,0.5337283594611693,0.1972,-0.9449174573352209,0.08446185979796021
-0.7636083204065491,-0.39594011171148447,-0.8305348822957355,0.3914799556640445,-1.0179640061865458,0.2314,-1.9674462435705844,0.2612030287858177
-0.5274666858877334,0.8277903563321094,-0.6855405948715092,-1.1666090224288501,1.0242222564013201,0.1778,-0.9051444204295183,0.07463184956199415
-0.9496267642272346,0.8699866240797158,0.6932883788734312,-1.0469898447497603,0.11576770107714363,0.2536,-1.4106102422814173,0.189917746555428
0.03748684488662524,-0.09808347174292575,0.8009533284676191,-0.20690067579343174,0.9365067353229626,0.1801,-0.6128298574013994,0.04368266724791439
0.16005702061592664,-0.5496389047376832,1.080261562128471,-1.270799954480133,1.1858065062446115,0.2212,-1.3278067442592723,0.1493576997300868
-0.9515423904567029,-0.6194008206426664,-1.043705273419678,-0.8801680634127296,-0.015124837768379917,0.245,-5.37636740838469,0.5358993054378015
0.05448204440443849,-0.6383651311646898,-1.102077952102111,-0.7678081415686557,-1.310475598685239,0.2284,-1.3133785774289188,0.1584777956377218
0.8860846722493516,-0.6645147415567216,1.3164416233000722,-0.624746386569515,0.9943696444948018,0.2131,-0.8809036844969352,0.04445577873164552
1.0492284819382323,-0.0005011448291136755,1.2180396267931988,-1.2779679543994178,-0.3068874214058761,0.2059,-1.3377949726591114,0.07306291000167656
0.8436964445752646,-0.7745494492550876,0.7145065748474249,-0.08545810311113211,0.06568341650308773,0.282,-1.442407054674603,0.11573234043476689
-0.45975886643889274,0.034518339801508535,1.049436808187171,-0.4159641893000168,0.2843340538648875,0.1961,-1.4359989408207858,0.1202632400508418
0.302931170303145,-1.4854930403880084,0.40956944166496,-1.202711698420303,1.4677704988855593,0.205,-1.180865486888897,0.12308373897623397
-0.6608623990838355,1.1624189342108324,1.4253919483884445,-0.855397634378774,0.8776322271095625,0.1835,-0.8668649105917379,0.06976761101307905
-0.5170562398073963,1.4439743089426558,0.5765303851725361,-1.430593681914968,-0.8746738123283933,0.1731,-0.7010583223584667,0.047454503689835954
-0.4879179074588613,0.6014646567440227,-1.4927525583566421,-1.2619905637465456,0.1357700714819443,0.2924,-2.098282426311408,0.25813144492493356
0.7074832888547684,0.39997978920886457,1.4790539650448746,-0.49656126749948726,1.3814741995909214,0.1583,-1.7704127679320527,0.11763493728127614
0.969861963660164,-1.4950536130437513,-1.3522390887550744,-0.5803142675705008,-1.4407500207636272,0.1119,-0.7199026502595064,0.04059499901397838
-0.2472457380050106,0.8887675963409598,0.47005245999437273,-1.399368301158605,-0.3348853253247752,0.1946,-1.2214635870248511,0.1280637957157123
1.1174843846853304,0.49172780279848594,0.6852990756198052,-1.0116334759893684,-1.190885144795867,0.0,-0.03607563146981414,0.0
1.2135759037326208,-1.3030053155334371,1.073876505994071,-0.3242023589785932,0.6625368748548777,0.0917,-1.1010292665683346,0.036935905442662155
0.06125125556024846,1.0041030503121182,1.041367313544069,-0.9268344004283808,0.8756512630695661,0.1538,-0.6169847873705147,0.031753531019638036
0.04242965643425234,-0.9875229469012284,-1.4658091555360029,-1.2552368039102084,-0.608960076453306,0.2231,-1.3293109883694585,0.16040898838421716
-0.2284549953685855,-0.9165925325420466,-0.41722306840768253,1.248674992690872,1.424847828327481,0.2631,-1.8395787245927178,0.27239932635446773
-0.9744804333075472,0.5061431059749553,0.7679823460264634,1.4309660856693847,0.6950601455892098,0.0,-0.08783064148560572,0.0
1.4323125450711633,0.2501162970181341,-0.5772244278648366,0.24944111016923998,-1.40865490952743,0.0,0.0030893591805619502,0.0
-0.6160071188394224,-0.5756510119911528,-0.510782580399578,0.9867029528540456,0.6298330526834626,0.218,-1.3878032690923279,0.14100016490428965
-1.2046691146836024,0.6675943096773813,0.8117536006784247,-0.07632718786303005,-0.5111415623870921,0.1432,-3.32303338894388,0.22434168830115678
1.293132750911628,-0.5604340823029075,-0.9377021861203405,0.8069651410925438,-0.5563549949623284,0.1322,-0.882186694447187,0.02632563482275758
0.19485917793365148,-0.18479702258767894,-1.3828828983799883,1.4525575812243021,0.3423964965315742,0.0,-0.1769151022814503,0.0
0.9492209227385273,1.2497613683725604,-1.1433180339909512,1.4954901258585207,-0.8250123187656042,0.0384,-1.242000222079299,0.027267918772162274
-0.6283887179988284,0.15231598060409635,-0.9625919053634232,-0.1588551473596027,-0.18892896019605332,0.2523,-1.9191061101178013,0.2833100586717553
0.6319429809060351,0.7721308468710153,1.1721543222439617,-1.447498914309261,-1.1547674738655647,0.0026,-0.5937686409553126,0.0009529708144858575
0.46352965080837083,0.8324804670915595,-0.29777843810283655,-1.0020793040266915,-0.6619749348401387,0.1281,-2.0489405323618137,0.10952879825299754
-0.15340746221483936,1.1524977120110451,0.32161839821669513,-0.3609055992234178,-1.2334579056186623,0.0,-0.19286543093967212,0.0
-0.3557267244507034,-0.25159884536979216,-1.0127062427318252,-0.9966708536520104,-1.0018577740943333,0.1889,-1.0007598120574448,0.08056311868250533
-0.1524549322981157,-0.26768651385996556,-0.7826155801898427,1.0470551073639425,-0.5366163853302803,0.2254,-1.5762609011949427,0.1854895436368458
0.8604658929039193,-0.42103737536745633,0.7099646339477435,-1.0963910382870732,-0.8786627263706057,0.2453,-0.9435905426897307,0.07194826712494733
0.9256635578606822,0.9550394467554764,-1.2773644246926643,-1.3424828989634146,-0.5767372256497156,0.0405,-0.9710827012240372,0.019322818575521858
0.8296377040262133,-0.5568056852110869,0.5105668353183761,-1.4771943774695528,-1.470442584535505,0.1544,-0.8297415057912356,0.029447395121955083
1.435647167611442,-1.4580332302533712,0.26813357416066874,0.33234285692225973,-1.103360188262277,0.0,-0.25014196771072095,3.742565900605732e-08
-0.9955847217889809,-0.8344720238493641,-0.41357766731445866,1.144705892346269,-1.3937623935343921,0.1744,-4.222901157601277,0.3650535762743264
-0.45120444079457167,-1.232037009961509,1.2248501293541234,1.0869194245687614,1.492819675048453,0.2818,-1.7301289774933912,0.2576746100360467
1.3367807577955495,-0.5136092247331054,0.5394460141913195,1.3354535711457753,-1.0560496086364728,0.0065,-0.5356043498677302,0.002442168319438274
-1.3904814089647086,0.5346514404541405,-1.2377505157902626,-0.802005573172643,0.45084460425817463,0.109,-3.883083594542568,0.20127072175941443
-1.3631622720274301,1.3943631971820758,-1.367922182470414,-1.2659717369201127,-0.437350673129822,0.1333,-3.6155248347692424,0.20904201952860768
0.6657256876042195,1.28409910454163,0.7849980371611469,1.095399821283774,1.199691705382818,0.1654,-0.8112602811672555,0.07301983356280167
0.21212167356519362,-0.4757876601841666,-0.4448585845884887,0.5599954579721844,0.14568555929929294,0.1354,-0.5960692410202123,0.02198440985752956
1.4782164368017638,0.28395040953366935,0.35099667206744045,1.0359596829137345,0.7563999407517028,0.0,-0.09681663139716483,0.0
-1.3361196897617271,0.22492038918996293,-1.1314141973003382,1.0235036360591794,-1.1420503380187528,0.1041,-4.2277642203835,0.2326982053868965
0.28604158307674243,-0.3892704815607211,1.322771922163787,0.5444909765500618,-0.9185435625083,0.176,-1.3182357088574863,0.10862643378815579
1.176706302901387,0.5951272228642104,-0.8635229626727937,0.773649194411318,-0.9288002509122888,0.0423,-2.191060613593313,0.04865948074884675
-1.3079365422657572,1.1221730426173613,-0.22780691032861244,0.8563079782758498,1.2739732606557852,0.1218,-2.4084068093577593,0.1339664829244182
0.3522607605665451,-0.31162598326203894,1.0458995009474417,-0.6657239649791115,-0.019411144761963817,0.2648,-1.7262186861829822,0.20072417491368832
-0.6675419604541681,-0.09101000646905799,1.4983937239106284,-1.2147607170718722,0.014316467561156898,0.2464,-1.7726545433709178,0.24678409855598366
-0.25293992104756313,0.6501509122041513,0.9276872985981441,1.3911284694424264,0.6995994148132283,0.0,-0.055305506580686725,0.0
0.9987126518849649,0.7242207552040711,0.23955067935777463,1.285042205354515,-0.9968160540211023,0.0593,-2.126810270218509,0.06675971483376943
1.0573046113605917,-0.6295272153420381,1.3326107050096887,-0.5598495867368083,1.460257863278239,0.2231,-0.8655485626129671,0.044380477502936305
1.495573589342345,-0.1550047371562453,-0.934033122208361,0.7632487549850548,-1.1088731827034373,0.0,-0.21219675494594695,0.0
1.319631602610221,1.0818205327171633,-1.088990690415545,-0.7777322877656861,0.6208547441579548,0.0502,-0.722858425988945,0.015839894321476596
-1.1593115405936074,-0.1523788710054521,1.300435819080168,0.6480266750296373,0.7620323690396615,0.0859,-1.5936134987152244,0.04536687482587323
0.5490663698431018,-1.0738111481128114,1.4541910330719912,-0.7073489740703756,-0.11433402592592534,0.2138,-1.4700199502766012,0.1755298797542963
0.9802246993177581,0.9263770789212717,1.0000026280734322,1.4264449260048866,0.5043623452455703,0.0406,-0.31867486552801133,0.001537482202798392
0.6735306211184069,-1.0753128416042677,-0.8475546814460276,-0.23571651977983055,1.0110405805390568,0.1741,-0.8296771138217979,0.061299433507497614
-0.8222683515474521,0.046422391268754915,-1.1554078146229545,1.1035372052048351,1.4456566184984743,0.211,-1.2499223892774298,0.12191198059135475
0.4330256802627477,-0.9247197865404375,-0.07094974768426665,-0.28972112150934115,0.16201664257560688,0.2244,-1.578104149596788,0.19577600179627105
0.07712157403755171,0.5722771803705866,-1.1670308816626775,-0.2150952685898413,1.3939824213429248,0.2451,-0.8877930348486909,0.07762961023292453
-0.5069419356253994,-0.8116376920750492,0.4610465587474999,1.2558522085455635,-1.2938413064754148,0.2635,-2.052801336816848,0.32749977825051263
1.3842104142833902,0.03651765652079897,-1.1088181250155205,-1.1464579489310216,-0.7312958058259003,0.0,-0.25709934086028113,9.17453193921629e-06
-0.542912146864542,-0.12928379074315943,1.0059989642571945,-0.08753090450844958,-0.07834257342298567,0.2417,-2.0333747057967164,0.25293284632058766
-1.294425808926035,-0.4703751557884983,1.2474378215950601,0.9832515330562175,1.1335110903318624,0.0971,-3.012256184239799,0.13984238401493143
0.9593580467065856,1.4724157346967206,0.898690222707947,-0.3555716446821964,0.8277161166561093,0.0674,-0.881563880448264,0.02168247724317282
-0.21834490471430934,0.2385470249110062,0.8193513565209423,-1.3951678484122791,1.3696904018581804,0.1689,-0.7572799935093508,0.05346572611571046
-1.3670812474915102,-0.1084585119397703,-0.10426737512042039,-0.39086694221771756,1.2717482815221524,0.1049,-3.3941791487700557,0.17666713260048064
1.0013195914271753,-1.176128802122739,0.37016961859934217,-1.017195121955222,-0.20209936962613684,0.2106,-1.0250755868904546,0.09804311178271968
0.3485335443232054,-0.7319410293882731,-1.3251211966825185,0.7573167665140295,0.654647222415111,0.1683,-0.9517237700248816,0.05998954504330493
-0.8862126463440222,0.9379308140033826,0.012535834985595518,0.28697106019701657,-0.8911100014567155,0.2106,-1.033161829183401,0.11444879025708395
1.1308466118271916,-0.6264876982015539,-0.9981388026095394,-1.2080437415600997,-1.041052236538252,0.1878,-1.1682381270484936,0.06167077424307138
1.2382816279465838,-0.448631985755116,1.2054002041840448,-1.3291135989643594,1.1760236241172803,0.086,-0.5076078569762421,0.008492309173741878
-1.20216239400667,1.0439563184109946,1.1665684880625458,-0.008439498727720984,1.212137570407875,0.1404,-2.3774832740722043,0.1358659728926992
-0.4824966082772457,-0.41085016486538617,-0.03559784277347422,-0.40014511794834107,-0.9501177155652698,0.2289,-1.7783437260723594,0.22854395345085204
0.18952802603886942,-0.003260021738186847,0.29521120702495507,-0.46151717855479424,-0.7978051701982394,0.0362,-0.8396057001093186,0.009688481299738705
-1.229462923695603,0.27544131279614104,1.0185815582429303,-1.3716495172668526,1.2765380601079341,0.1283,-3.092436152101322,0.18450689548747154
0.015903741830612272,0.7666680739389093,-1.441076271099603,0.1432022831745403,1.3466833964198566,0.2928,-0.7325119319861308,0.06807029433209523
0.4844043483957896,-0.5328766906202536,1.2826870815736409,0.8355256542251466,0.5624641806037007,0.0,-0.22364040003083147,0.0
-0.8339636233847896,1.459809276596319,-0.7417246002058397,-1.365091243456936,1.194629965215113,0.1992,-0.710177666456043,0.05631762830062296
0.8205323621592853,0.9057817926847482,0.7343896585522991,0.8921589381853767,-0.19381316754055478,0.1497,-1.1435362346072087,0.09582128221053117
0.5573817852138325,-0.1577009363229891,-0.06731771454139812,0.6777636096535704,-0.050352242629069455,0.3303,-1.0103232052450177,0.09647199307633764
-1.0813346139635787,0.41019894795458933,-0.1119866332686843,0.14706076645842825,0.6645093995298201,0.1579,-1.8385121911771267,0.11924497057177709
-0.33080353793295103,1.0517565121778496,1.108133567072279,0.9726104881721724,-1.2474154319386732,0.1648,-0.924965269006485,0.06710547347896517
0.8024425746761263,-0.4465521287871068,-0.88116676155572,1.1339977933963423,0.6260680044833697,0.0,-0.24470632145350338,0.0
0.16236122127416364,-0.7360007951798102,0.6050976405973718,-0.3333458840152512,-0.12752889556708613,0.2568,-2.039033132472564,0.3035088927753708
-1.3922673998194737,-0.8235921555310165,0.11327914438282205,1.440523642734954,1.1529743310354617,0.0932,-2.885876335453801,0.14697971698608986
0.1742161353705205,-1.00209808890717,-0.017557905742548563,-0.9163132838690747,-0.36219465506840187,0.2387,-1.5444496301510575,0.21519365976341542
0.8610921297613388,1.3250352480180965,1.4906806333651614,1.1551827575892784,0.3899883576217773,0.1196,-0.5670715094547207,0.027564659705217723
1.3317922744159318,-0.9326243305185218,0.5984493526914609,0.49107987204555403,0.7541429914580751,0.0,-0.23047536443710495,0.0
-0.10172438342530343,-0.5647428144995172,-0.7949961168802849,-0.7320693077782809,-1.4793393556100682,0.2174,-1.3977774546634063,0.1573891852113378
-0.6871186412351558,-1.457505877741514,-1.3274453559126849,1.436477183010111,-0.6522631321870296,0.2417,-3.191873741235309,0.3564645079519589
-0.16965006897202262,-0.6736206075978337,-1.2145047237281186,-0.37064768314304275,1.134295794978045,0.2601,-1.8563687498067956,0.2745540221579945
0.7559327737390635,1.1762660093301145,1.4450904488186116,-0.6867472230173071,0.9239520993368373,0.1272,-1.4483843240166057,0.0914754893222676
-0.9675495280537865,-0.5118488872587346,-0.9026591791488996,1.001209637265065,-0.794388036139847,0.1664,-3.608234183540698,0.28958177951103997
1.1655706729323887,-0.8651195716325638,0.11525244436077253,0.043609252708630475,-0.7137415017662845,0.1283,-0.642460503890826,0.028359385050629515
1.4927234880612366,-0.769013574206959,-1.0326118185500608,1.33990884273362,0.37278136055836275,0.0,-0.024849813687487104,0.0
-0.2878116798995056,-1.0788696091277155,0.5332041417143993,-0.18126683687902978,0.707927621404659,0.2546,-1.7039145205561428,0.24029840261410282
-0.1329695710758776,-0.23706368123534904,-1.2265054816497334,-0.10853777934992603,1.04693669911968,0.2259,-1.1563851592256325,0.12674441212530285
-0.8438312573749857,0.4530557372102817,-1.1668451656159653,-0.8324391309692447,0.580370407065419,0.2,-1.7418500735204836,0.13146829547753447
-0.2567749750012631,0.796224494386272,0.04320177745177567,-1.0554226999328067,-1.2094251770322886,0.143,-0.8153037397453584,0.024449739376719605
0.45513077085144893,1.0406772543999327,0.9760338368781456,0.050917045147385265,0.23320539014318697,0.2157,-1.3016074599511638,0.17362617910819791
-1.0177863582779776,1.2078574587345727,-0.8769563249972787,-0.671405531380505,0.4170631339141644,0.1889,-1.8960247747453391,0.13836215427189896
0.7868285028153084,0.17104281863756277,-1.074728662678361,0.42720636147004676,-0.708673499861721,0.0547,-1.9241620407958775,0.05108740913933611
0.5628065900699468,-0.5362874026622876,1.380566097838111,-1.220985868176119,-1.3171430085481188,0.194,-0.7520449150157944,0.05176392498149289
-1.1051372139188218,0.865380007462623,-0.6981276372885663,-0.860370122299153,-0.05297395488952139,0.1935,-3.304239999646277,0.2876260226118846
-0.3871090485898301,0.3571534536766161,0.7439340442828328,1.1365919867632264,-1.3578025418475421,0.1798,-1.233939706477654,0.10933802112495723
0.40068856209775316,1.0589629450338172,0.1233083462579021,-1.2176534304838462,-0.9538628302734022,0.1076,-1.5302207025721162,0.07353233420497313
-0.06445289201952287,0.4747306436578249,-1.2201426932181787,-0.3104414444650643,-0.2732606070419825,0.3271,-1.5106829405750604,0.17724571290195967
-1.1850259947643154,-0.7977138836597023,0.4627605354952642,-1.4740459991962318,-0.6812248130170946,0.1349,-3.9561009717902618,0.254061500923233
-1.046075887683834,-1.4377872125846118,0.5553160297050503,0.4673588787789522,-0.48341817158051215,0.1894,-4.207436649408494,0.3461823124203472
0.381196650698449,-0.521336406651534,0.11818387438792799,-0.931753769066195,-0.7594730539914969,0.3241,-1.1501185159766765,0.11031445315515843
0.5838490121098401,0.20207382897409376,0.190662215720955,1.4601781758740104,0.9008506359108743,0.1942,-0.8415345045939604,0.06234694560169522
0.5260108192185902,-0.29843926652483166,-1.4058144972880713,1.229342443522793,-0.72367720055448,0.1735,-1.0885288890377047,0.0882445297406282
-1.4947947915750563,0.6534409631334288,-1.0354918283770254,-0.7118133243556091,0.7397215381933817,0.095,-2.9471905410287476,0.13649438027445718
-1.4840664427736445,0.06508109863639988,-0.4934075556956228,-1.4210208016739179,0.5884644435649022,0.0748,-3.157671879209944,0.13934667421936636
-0.5442704960167778,-0.04658284760398712,0.5891672194370448,-0.7095953849316633,-0.26944534059669234,0.2367,-1.688444755243576,0.21065413482985404
-0.8597427999640619,1.4358849740302677,1.0781578895952384,0.9272804675925888,0.9603059756332208,0.0926,-0.45822338260372486,0.010757371705283285
1.3417402599232457,1.2646462387784765,-0.45109084251573983,-0.614421946960177,-0.8475838058093177,0.0008,-0.34058788308102517,0.00033813191451108587
1.131914513316965,1.0118326604074386,0.3404387905930144,1.1844229488868918,-0.12929426474657357,0.0823,-0.4411738513086484,0.010029824494743607
-0.7481136199322671,0.9174153241318539,1.3923286997365807,0.23277697209784587,-0.3570403326006133,0.2083,-1.2707346948382658,0.1471917027092197
0.5037574129730613,0.9684596838303006,-1.2441765246214591,0.020907181839241007,-0.2306278829201842,0.3005,-2.8784729181588866,0.23794403758912627
-0.5713194986905076,0.5878312474544716,-0.2815123120256069,-1.1700065632122727,1.264120187193524,0.191,-0.9814397937317502,0.0899823263575046
-0.30627888663539826,0.03907536206191109,-0.6771760481262288,-0.1422470530460842,-1.2222925897910613,0.1596,-0.9882139527932995,0.06526340949183954
1.4655635252952317,-0.7325861547771142,-0.35696096509021147,1.302674751601283,-0.4486341763540609,0.0575,-0.6194070284299362,0.006338805049109468
0.7967667550430444,-0.30538213855629404,0.27759791743087314,-0.27118790272334214,-0.8973056165558245,0.1587,-0.9674930840589829,0.06176136347987942
1.3573929696935414,1.2331283149127668,0.08561220117957236,-0.5663862008159104,-0.37338480620578984,0.0533,-1.1774454641020016,0.02192291412715868
1.0441492477520682,1.0211406594372066,-0.8027842931880129,0.9936449003181149,-0.06435813868829388,0.0991,-0.7949593385443501,0.024370820537275316
-1.2168460283778826,0.2483946222454958,1.402663216847298,-1.4323947379335442,-0.5152786754442982,0.1299,-4.15189793436237,0.2685946328502249
-0.4050782721441153,-1.4359550231520846,-0.42438669269925433,-0.4789841991569077,-0.638540289671012,0.2536,-1.808383178670421,0.2944211821642952
0.5245119258066495,0.9078850408701289,-0.2044191880378312,1.0747538277405249,-0.3909833487102583,0.1808,-1.9945351641324718,0.1928928135684852
1.0741899817553482,-0.19475471036642467,0.12278784743117321,-0.3973763273520554,-1.193641457528427,0.1092,-0.6459084643436205,0.019544859932586603
-0.892842227585884,0.46912358476466687,-0.7332579492432718,-1.0386898925772907,-0.961208565500159,0.1579,-2.3391909509726685,0.16425730972115896
0.9843670703820218,1.112486084177427,-0.007103772716649859,0.7539889745052015,-1.3877120648765393,0.0,-0.7217969962975934,0.0029211693947128973
-0.53515086164545,-0.3439799419151284,1.11385873861329,0.2616695251733643,0.9355747221710331,0.2429,-1.573084937639199,0.1966231558493611
-1.4204937583157202,0.9739983418750384,1.4291018738707373,0.34703201886652524,0.053312528079160426,0.1081,-1.09514233457521,0.05384261608938548
1.016799370175189,0.1308361876871864,-0.33175918777437063,0.7394684476289815,-0.718420385919788,0.0713,-2.2663225947594245,0.08354528954046572
-1.3349594599623082,-0.7450009862163341,-1.3476964690227295,0.6524917314504428,-0.4001488983660275,0.1223,-4.028926558105031,0.24869686974920482
-1.2487145387553065,0.20524695458507392,-0.7300643653679787,0.29904057561993325,0.7374118880436598,0.1284,-3.0229216521602793,0.1507166290739929
0.6427751268815207,0.27692664707101655,1.4195907213548478,1.245576121618737,-0.8881801552149734,0.1093,-2.4005347904425514,0.11143391215652788
0.0025107986796539805,-0.6322954607706606,1.2356249714507976,-1.364253481594966,0.3956686319347458,0.2406,-1.8110586258901082,0.24441238294868717
0.3869118239074225,0.06727631919951405,-1.437277638961275,0.11768495759813247,0.00783254451384896,0.3727,-1.099983727045244,0.14229125703071963
0.6182884578289163,-0.7938288935998683,0.7496352404947695,-0.31609852887966605,-0.1480115105840123,0.2269,-1.553299300698839,0.18718404104193623
0.5380806010724486,-0.716927133697604,-0.6462395941933591,1.0140347233949774,-1.242934504694922,0.1744,-0.9191737576231293,0.07793145257156932
0.153859940419256,-1.2589164980022625,-0.28714569872083384,0.9524031114381448,0.553184523066145,0.1183,-0.7629114907403466,0.02252652372668224
-0.3380736304083183,-0.8396555338689617,-0.47521571344491265,-0.37734799267592933,-0.06008733129044219,0.3198,-2.600825669610857,0.5029262790373586
0.18461243858005405,0.2535089858604609,-0.7452745024181999,1.4312876621103134,-1.499317631962941,0.0,-0.33394365283136623,0.00010346989091300948
-0.3745798821343722,-1.1550982748739325,-1.2722776691704099,1.1604406491571777,-1.170284746669185,0.2579,-1.738096153578994,0.2781155496651424
1.070217968671023,-0.23516793709937045,-0.5337367796178445,0.35972553618656544,1.375530127520062,0.3242,-0.7228667907655971,0.06358576348014647
-0.3576215062158623,-0.6798779763751224,1.0645364647331346,0.4417854518752091,1.3909692101494517,0.2794,-1.9841851357156386,0.31261838150563515
-0.17651653564735348,0.6932020923346198,-1.1111737630728207,0.27675670977914213,-0.8493402829693875,0.1463,-0.9478559526198627,0.05101953827381855
1.026452150635639,-1.4240070552854294,0.32601336052011765,-0.15144170213197494,0.8980036851724398,0.1859,-0.5591901651818677,0.025641789314079722
-0.009968278348225779,-0.398410770395877,0.2569222454202915,0.9924272254662951,-1.1790560649377708,0.1997,-1.6064174898439005,0.16487198263094946
0.32135168482870835,1.1181286825441203,1.2143292026844925,-0.059706257070014424,0.4465939733024338,0.22,-1.1147759449977837,0.12689352281102323
0.5432279845497492,-1.2845412652191248,1.1845853417377477,-0.14611415802261174,-0.09321623359628295,0.2179,-1.5229864124093726,0.16450016703575912
-0.5495337177851904,-1.3428251468308265,0.932771277146232,0.6317516956553666,0.4004136246746077,0.1884,-0.8946725467929567,0.05412839391240638
0.24206603948979577,-0.4198237929870685,0.5302270956189008,0.3393053618110551,0.12963010543052356,0.074,-0.4216588131923716,0.005150798078585496
-0.9178050252161579,0.5591635243575008,1.3023857475671639,-1.079420828636759,0.8592676506869221,0.1934,-1.181418340244746,0.0947549817037538
-0.0528754717752018,0.8552073426724656,-0.3576658198418554,1.3151782810745711,-1.0803429582494557,0.0388,-0.40517884458848885,0.002616126286436988
-0.32752279095772807,-1.2048601825315401,-0.1582621957876511,-0.9219346069194344,1.4615740424991133,0.268,-1.619264082883836,0.2618905650331053
0.5528448412168299,-0.3682239925452251,-0.2885994888271992,-0.7196329306911337,-0.1828647891733226,0.2586,-1.556659022572946,0.18475796232286706
1.333119133567839,1.1156200214607814,1.1058060707680482,-0.32890209049713004,1.4824594134893507,0.0,-0.2155367864581038,0.0
-1.1024138254796596,0.4307105310385644,-0.43136055850657695,-0.8822827850598717,-0.3654064263548735,0.1738,-3.745996889250064,0.2912637112577114
0.4764697284411228,0.10333801210294036,0.9363532989553058,-0.25395770873973067,-0.3261092638026142,0.2295,-1.4501897391287468,0.08459608258794124
-0.44549437811380477,0.014567350702187287,-0.276105982062423,0.05960558834558727,-0.4532467504678279,0.2081,-1.504852799423568,0.16853451603841005
-1.2102652341578781,0.5828410469511986,1.0592288548227313,-0.9435234256740703,-1.4223029330952586,0.1185,-4.129771903151369,0.2519638954858382
1.2322394048846323,-1.2235301124711504,0.7800034634214357,-0.014746373334059593,0.04589156446348941,0.1944,-1.527088582238954,0.06488275788580493
1.1094076261914392,-1.398945975275235,0.18440474003385354,0.8436937272378202,-0.9225030585765246,0.1178,-0.511769620738937,0.018742690227210455
0.835182986100377,0.29231023921194343,-0.5699755429538391,0.9975377664187306,-0.938971875678529,0.0631,-2.749405146940552,0.08260572058928649
0.17930569717762568,-1.2800756348560363,0.27171353650970254,1.2668798779087633,-1.3713209168840619,0.2117,-1.2427645902255984,0.14294920902675717
-1.2755863497130726,0.6769044258584276,-1.3728691849745962,-1.4669324023748758,-1.3276912445559463,0.0914,-3.82882626449329,0.19727796307325607
0.1889664087509142,0.7633024292014037,1.0224678631431061,-0.2730311863667334,0.5141763700700825,0.2059,-0.9678423360685716,0.10017106830078432
1.3130349114253175,0.5318880117620073,0.2627661076184957,-1.2597276287161827,-1.0455140268895615,0.0,-0.02871485680324166,0.0
-0.46878995377501353,-1.3761391811381096,0.15365870265317438,-1.0708856281599062,0.5516903531550326,0.2508,-2.399640697918035,0.30819383698727326
-1.1388050026416345,0.5190038515612696,-0.5541733230541216,-1.1939643696014217,0.050156224104096925,0.1856,-4.207980283475158,0.29769812795989803
-0.4409059399520747,-1.069820223880002,-0.4409767276227958,0.010186909753069129,-1.3384885399062632,0.2513,-1.740885417716724,0.28845129941276426
-1.2442853710484858,-0.8912338866657926,-1.1043163238714868,0.935613290761363,-0.34145744211534845,0.1602,-4.09636695760663,0.28757763085627697
1.0505334048994137,-1.1658294232951094,-0.09618574006953207,0.5258344480474277,-0.1586655654672242,0.2545,-0.9866443389787953,0.11000028440894953
0.9818376441154033,1.01879319231998,0.7593054689403478,-0.03981395608822069,-1.2707168801775985,0.0,-0.12055599645484942,0.0
-0.7866739296834689,-0.6954969825344686,-0.4367267898663161,0.6298191873131969,0.020777295435014498,0.2693,-2.0024936855426927,0.3311474736141534
0.7181060653180826,-0.24664397697189444,1.1262875390012987,1.3445530372390473,0.3799422829214236,0.0715,-0.5211556103046158,0.006270274950509481
0.2050693924574123,1.269364716993917,1.4776615246933806,0.7280532336079393,-0.2070684530718392,0.2866,-1.2324063932793297,0.12188559605002779
-0.28160761917938837,-0.6712776937531351,-0.42176943221897445,-0.7729184082168973,0.8836481841106796,0.2584,-1.8468440283554795,0.27107014524035494
0.5401560915155543,1.4018226606087318,-1.0983981248255914,-0.07335873325885123,-0.1339468082138573,0.304,-2.871550109928923,0.26127186593398644
1.4809295014471302,-1.2147546453153963,-1.4251687406363878,-0.6992019038694166,0.33925767515102745,0.181,-1.889347939806459,0.08490844341144742
-0.8624247390335062,-0.5262460609523172,-0.11800050728334832,0.015627910611085483,0.3051711096280081,0.2103,-2.848681120422554,0.2465707505636573
0.7723493794888192,-0.4382966968777777,-0.6087015602368304,1.4992754422946373,-0.6436704017054727,0.1725,-0.8216232893498879,0.05761257350710123
-0.9656794928494675,0.9112847804373181,0.6006323202649226,0.1714084367495594,-0.8123189785030026,0.2096,-1.0965202846218467,0.12119777008673818
0.7806803276343657,0.39831906428670205,-1.0609369277539662,0.37022405241024336,-0.2760867668912388,0.1298,-2.289591062455459,0.1220823707418323
-1.439893805791576,-0.79806152446704,-0.7373141149732653,0.1060558817594246,0.4640635892478939,0.0858,-3.098026557227832,0.14642544847509417
0.14688390621631742,1.3153975883338669,1.265718450920665,-0.7699075416935053,0.7969291613149538,0.1684,-0.7476857694394816,0.04899304785452735
-0.8277522845361636,0.17423448121398444,0.47999286708214983,0.08306274243860612,-1.4735871820953383,0.1829,-1.7389105283207518,0.15449248973323138
0.23936467309397913,-0.908132900357151,-0.9682291674135929,-1.1201397598905443,-1.380040562743403,0.1822,-1.0329402850646638,0.10971955428538199
0.37448600689482836,-0.3643492634966834,-0.7673275986943021,-0.606155253327441,-1.419823086312609,0.149,-0.7975434423021949,0.044895209256544444
0.5683758184988359,0.5276696761592259,-1.1865076128714067,-1.0991073867503178,-0.7557917064425109,0.1471,-1.2519062857105874,0.0792985897302994
-1.2597102653654209,1.083387455053745,-1.3629397060913981,1.0702309866786237,-0.16058472897436182,0.1715,-2.672899320341217,0.19826254322948525
-1.4479455228166576,-0.07368098580599258,-1.402049283700761,-0.8457600576167776,-1.4634626935666022,0.0768,-4.116934563173637,0.1722062785588987
1.0832292823801315,-0.5973851022695782,-0.08661096999340501,0.6858944206918389,-0.6054881701139456,0.1607,-1.0259018447524126,0.04080071134437036
-0.025361163386163676,0.00017616839895207015,0.473736524832312,-0.3528954545572289,0.6352896213486976,0.132,-0.6294376277449025,0.019150613814587485
1.1190245798408744,0.4230712598926676,0.059554451136513364,0.33373976458324384,-0.6175029020954176,0.073,-1.8643167989184266,0.06819748022597936
1.0908201768007335,1.482649148065601,0.6656740709814115,-0.06622121021226368,-0.5797809327531049,0.0384,-1.2742875830399982,0.029808569254534508
-0.20921711281723532,-0.2720512030275395,1.4851644795859498,0.9475198832759442,-1.2164386042508553,0.196,-1.3491623755874427,0.13652493111690983
-0.5949046125687144,-1.2423866185404167,-0.3341314612868582,-0.6030610616496891,-0.6802435699043684,0.2508,-2.758782069074226,0.35997016322678355
0.3888747859499513,-1.0244229247980765,0.6093734151102428,-0.23913223574560183,1.1420940393924597,0.2091,-1.0602529630052002,0.11261484581253849
-0.08579542136154528,1.338793055396661,-0.0037482823116488095,-0.17011204782585332,0.2920043338782099,0.1846,-0.649605796804647,0.032809521267114894
-0.9187749946847275,-0.35917916806335426,0.0350448212220158,1.2974635765483278,-0.11835956232659628,0.2042,-2.6598035524150765,0.2549516199363369
-0.5522586213558789,-0.944989728621435,-0.4822207790672113,-1.1800535799512772,-0.28269186746788555,0.2879,-2.2392814898433255,0.3889768916483133
1.1124041934665407,0.3333773334764545,-1.0308523461070567,1.1106107256000435,-1.026297546130706,0.0322,-1.5902266325745418,0.03183240351525835
1.1381579284565473,0.7615029936741369,-0.8753259729949716,-0.745431649535023,-0.5722436227555554,0.0052,-0.6134580646850446,0.0028871035418235164
-0.1647187087421642,-0.7553911735176202,1.0687827356918582,-0.04921276024570487,0.01644944902463541,0.2638,-2.2132268062852436,0.2975627875624445
-1.4105100684429217,0.9522101082182104,0.8938813123041203,1.192263276760126,0.7881874930823978,0.0556,-0.9277357764824278,0.02328594850221553
0.8257458309370849,1.4696519310840586,1.2687808022203373,-1.225459411958626,1.3885934336489831,0.0962,-0.8928612018018628,0.03631915730893292
0.6145609749564045,1.0660833878874865,0.966223736856477,-1.059467499350657,0.9919708607256834,0.1621,-1.8153258077286578,0.15527988270569681
-0.18710778575173315,-0.11684220031843195,1.1589697507942782,-1.3092249671413083,1.1300114538883808,0.1738,-0.8397975482931535,0.05117023443845603
-1.3718412131120108,-1.2495892978135892,-0.6625575839112305,-0.5316075085517967,-1.2670587661975514,0.0903,-2.818509627084365,0.13171521765956065
1.1507179919653945,-1.1507118240363436,0.09152975334523084,1.2727536402337933,-0.2712038012495408,0.1994,-0.6879520665707549,0.05104577877672632
0.5053110704623922,-0.8549352987632293,0.5652459267250096,0.03867249082798674,0.10633933574002574,0.1547,-0.7734648379290622,0.037499254390286736
-0.6212742170140562,-0.7230256154548792,1.2601397527744203,-1.4144902373702957,-0.8577688991664474,0.256,-1.7071026669045288,0.26389353577690355
0.050528667119535964,-0.039947259409330416,-0.03698229208243653,-0.17295230951979468,-0.022989390939857746,0.377,-1.6976649384894573,0.2760999460731923
1.2450649759592536,1.3817304013265996,-1.4515715756423304,-0.9393514321789904,1.1138805572605297,0.0316,-0.7397405992938026,0.009814349116345088
1.0881315262704687,0.959566963701032,1.1037357095487055,0.907795888484582,1.0582829233695152,0.0,-0.04571622459271633,0.0
-1.4357809939544344,-0.20894694634330335,-1.4136319067286232,-0.46823666879225967,0.02828838521930832,0.1447,-5.534321405002418,0.32784097793172134
1.1636390323970431,-1.1468087034894558,-0.42718320023431255,-1.2883436500551406,0.21541242017367512,0.2669,-1.8718636032138538,0.14833555952024785
-0.10373020168783564,1.440572154884058,-0.8215247070357569,-0.24523774365150475,1.3254524492953124,0.2175,-0.3658599672648383,0.013441529750148897
0.2344290714055064,-1.200781384846322,0.22949639532578203,-0.06418789246844936,-0.46267785597895505,0.2193,-1.563331281121398,0.19124225249218338
-0.519712648812374,0.7462824857205592,1.2967638870517209,-0.29960579943230825,-0.8304630166562261,0.1879,-1.2814801751383653,0.12543689545705605
0.005452815341258965,-0.32088933483282966,-0.1851759893165903,1.2152318684148442,-0.05769755443681435,0.2379,-1.4385991904608502,0.16352863722254204
-0.6846620941890662,-0.10218808399806711,0.07734666370777932,1.1267456997810892,-0.7005390761194736,0.2208,-1.3714555814036276,0.15323709011616443
0.8550563295544764,1.3774270392264625,0.6380508678381691,0.8470764642710886,1.165845247321518,0.0978,-0.4419102843200003,0.012573861250094836
0.5357920953633135,0.11184416183751855,0.6300943179483456,-1.130228718085655,-0.07148392021444727,0.2741,-1.4997562862162506,0.09808738033764686
-0.12944419147956987,-0.09956956945964324,0.3029793744074416,1.4687758132347897,0.38542897924482733,0.0,-0.11532692837768001,0.0
1.3653181620983146,0.5384086902595979,1.436635005695321,0.23454589227237355,1.2891930926192856,0.0378,-0.47303922830134854,0.004789873076273267
0.07993163482369181,1.216826314226633,0.41586303351354226,-0.2833684868374451,1.2558282012825717,0.1562,-0.7266479080836107,0.04055795134454946
-1.14987931595909,0.9287906386440326,1.2089287607271926,-0.8404758650949706,1.4895698123334067,0.1545,-2.4667561983001214,0.14809408056038773
0.607577263444214,0.5898473950882073,1.2278425122667507,-0.8772461665117652,-0.4925816997500083,0.1294,-2.646024212926445,0.10904804088817502
0.2142268605123061,1.1314569787810287,-1.0624551516151948,0.46021475999359196,-0.8436485826894786,0.0631,-1.3752079450688666,0.04141203613246272
1.3770893430112592,0.5024263912623317,-0.6339209722218815,0.17859800035142914,1.2001543640004266,0.0495,-0.5868914737537473,0.006938540905196111
-1.4887691193383683,1.0917797310944342,-0.5191772586525653,-0.9098977783292316,1.419651371362244,0.1157,-2.9575824857407906,0.15456241270844462
-0.16624940324117699,-0.9933058086432228,1.4187999677653456,-1.386479412807291,-1.3210119895501033,0.2247,-1.1762319642273857,0.14149808955394996
-0.854455501996471,0.02084496572364447,1.4422805822738494,-1.0000115862484726,-1.2581720316921758,0.1606,-2.7778249182431454,0.21627110815656678
-0.37838380090897705,1.24692077405208,0.5096253256093104,0.5023949614777417,1.4102958083032133,0.2322,-0.9846865435904719,0.1037617163525124
0.4495596674590292,-1.3792002102094307,-0.6374907642561403,-0.8749420796231238,-0.24249262625899437,0.2256,-1.2923999376090922,0.15548223421113933
0.13570719247577845,-0.6135145737296912,0.4276719305248169,1.0040316165408623,-1.1595412180433848,0.2025,-1.5441769017833018,0.165696047770855
-1.4084235448751978,-0.1616269363606344,0.7009879107534265,-0.6375833939175479,0.33623318163380156,0.0864,-4.071285394142229,0.1788740600799628
0.041689238826506436,0.13745682807107995,-1.025419457929702,-0.16454951061930068,1.0735793529089812,0.2507,-0.733249387528751,0.044789269864360534
-1.4600073864641765,0.899597701380459,0.6086114172422468,0.5987753782240732,0.5100103329943435,0.0384,-0.8783549552451604,0.018842378358651518
1.2789980075478438,-1.354488619944014,-0.06028921999025805,0.2446221411052094,-0.8025423177582953,0.0926,-0.4179929646153081,0.00861516484310081
-0.846878230889023,-0.8886140560736344,0.8492582552364736,0.2659683786450491,-0.733331366550388,0.2411,-3.8740845860644364,0.42179587382201134
1.4549262401085081,0.05176561853209538,-0.6326061363124554,-0.7149673758860917,0.984712235855211,0.0657,-0.8045602441198522,0.018626814534717356
-1.0072370093976502,1.3908014814260543,1.1499424418196398,0.04600154957463354,0.3776797831636922,0.0951,-0.7681105210656062,0.012460010717953222
-1.463422019796302,-0.44255521591904246,-0.9423028040414803,0.851443659757884,-0.2485311911527932,0.0981,-3.873475723163253,0.2097632071950773
-1.3430897577413397,-1.349677805497867,-0.2825835737443265,-0.9616081208258305,0.8113105644207548,0.0928,-2.6456361943626763,0.12537549828921035
0.7026580419894155,-1.2395577929887978,0.643041168804313,-1.1525703506661444,0.11108799918954837,0.2281,-1.2353531304988183,0.13716240919354228
-0.8819567612306669,-1.2937089444064809,-1.1512883318819307,0.4837882209911144,0.6210148918423335,0.1915,-4.131210664219571,0.38207559874015085
-1.255691813565478,1.0006043617827323,-0.8656609157136086,0.9234758980509743,1.454862125081478,0.1318,-2.5244106689064827,0.14389223368261483
-0.5870724158025908,-1.2275588334754581,0.02634322835282088,-1.0628723481730358,-0.3972478092022087,0.2458,-3.0880710612751106,0.3634507615876224
0.3102601405073506,-0.5630027064307338,-0.7573228948743392,0.31281881356102703,0.6426228024901861,0.2057,-1.1153100640033464,0.10647908408391331
-0.42485905209509256,0.016189513117514487,1.4461382128101326,0.4256007672768485,-0.9824956137725634,0.1912,-1.5384498772660586,0.14907180516888097
