V_other_1,V_other_2,V_other_4,V_other_5,V_other_6,ndr_area_frac,min_g_norm,ndr_strength
0.5149795526764169,-0.6869043744702323,0.9857891626366495,0.8662061110136237,-1.19907699115497,0.1551,-4.4298485990231,0.1859398326407151
1.4753736073367612,-0.9232052961935315,-0.36591751641589765,-0.5937199785968235,-1.3501916424119274,0.2434,-2.347642035007558,0.148438049131881
1.31412399457807,-1.051807733808768,-0.5244994137576975,-0.31891069734132715,1.3157633074424848,0.1619,-3.8976982668083457,0.07085770505528896
-1.3255734946199658,0.06059170955307769,-1.4196855930676564,-1.1071471353891011,-0.5924448498943448,0.3409,-8.017786756651356,0.6127069355533804
-1.4790482234697355,0.40517406533602207,-0.6723801064425409,0.24056535347310737,0.18559746110180475,0.2844,-2.524467879529722,0.14569945103527712
0.7163252326191643,0.8090247197223959,0.36616170955059024,1.464385775630928,0.29078976993740024,0.2827,-2.6313468680377867,0.22580399199618095
-0.8889098384551191,0.7501200879411396,0.8946186392291584,1.190984725873502,-0.004999720042267342,0.2818,-3.6410465701170565,0.22930996717879099
0.15281510482892768,0.894872864586969,0.022523103859941385,-1.3164988049704895,0.9419344923624249,0.2392,-2.095133593914894,0.18100413630980297
0.8470653690264895,1.4764944898630228,-0.2452992384094712,0.6930160746389413,0.7306906695054116,0.264,-3.8104178959941852,0.1270279057348848
0.5817959507010393,-0.9053086119858809,-0.1259120827501059,-0.5253401849623454,0.3179481226594034,0.3171,-2.425571293303273,0.18201997462175307
-0.43682300773203764,0.1622470878532174,0.8832639123888462,-0.6886008502960053,1.332389026486089,0.0897,-3.499443307098832,0.07009018187473669
0.33782818926655667,0.8372439785815495,-1.3314243647512725,-1.0432485268893983,-0.5430556842395333,0.3109,-4.09201230489673,0.30449354914382837
0.7599455981348431,0.10604624777586391,-0.5804323448871511,0.5760075541345668,-1.3456733727886006,0.171,-3.6314583693992155,0.1630076342230536
-0.5823759104382448,0.4147824937254514,1.0575130156843509,-0.945543378061972,1.243478582358303,0.1066,-2.7262505623288544,0.06310771875781036
1.034936351527377,0.14639488559152114,0.6165377957439899,-0.9191353241878367,0.326109430660126,0.3507,-3.449503012309707,0.2317225339075321
0.4110230311174252,0.08011786919570874,-1.1180934870208379,1.373807956212866,0.4262938226819133,0.279,-2.3278312921889244,0.24660146180969833
0.6611415265920555,-0.5537087978082615,-0.2076845642470404,0.3866534444091543,-0.20007993631688015,0.4074,-3.294752325451488,0.7205729603426325
1.188798871144221,-0.2617859763620056,-1.2542495234252073,0.20726157056763306,-0.6934104720270586,0.2427,-6.590331201726749,0.19969788430615773
0.4978956125668257,0.9432057835999093,-0.40848742747800704,0.8522767566747822,-0.502598920320495,0.319,-3.9759187495700794,0.4781343896091986
1.4300854133608416,-1.0114345847694133,-0.9700426734113059,-0.545717964149915,-1.2647593641012365,0.2545,-1.54972320861493,0.11713642482990035
0.6486768664492031,-1.0809985893531655,0.7350739242547824,0.7658914242551376,0.1793395939980167,0.2984,-2.4524989764579526,0.26544383651422787
1.2598780949335389,-0.809647482298612,-0.1090370609477902,0.15849919120112643,1.4718245345630252,0.1561,-4.560259594169816,0.08197475603693356
-0.2883875746346698,-0.6471636602279409,-1.137083960004254,0.7853255859881711,-0.7499779656250378,0.3097,-4.62871693155273,0.29064606612889704
0.2017192521613882,-0.6534318049262695,-0.6518781610176372,0.7981466360569942,1.1515951163687728,0.1963,-5.324386517323456,0.14883040991479873
0.2598081941577033,-0.6816995831378447,-0.2376576955762768,0.4772632025851655,-0.23147581479808577,0.4335,-3.319643905108211,0.8250595644132167
-1.0927277599958423,1.0460220323821479,-0.32907458631043474,0.5385318709277889,0.4973579551546139,0.2056,-3.9340825479901245,0.17140168762826397
-0.10831596112154562,1.030690867426725,1.3915577389802358,1.1499310223056334,-1.4120436029598034,0.1197,-4.758851979037258,0.2133097228878601
-0.7949507591403094,-1.3400404309452822,0.76396184618743,-0.21741975996649154,0.18024101286856675,0.3945,-2.5430673630967235,0.2350177439476049
-1.097824340725629,-0.9675483217792413,-0.09169752635655515,1.0829990565562744,-0.7210589759485043,0.3098,-8.3911765603653,0.6342350989191495
0.9645449572610545,0.6162840030329222,0.1951044691742625,-1.4575799872089665,-1.4760085521162694,0.1731,-5.428394496097781,0.22529931604667677
0.02207110358714104,-0.08846623463451841,-1.1843148723388859,0.7513519241091045,-0.3866404527426113,0.402,-4.629073292256873,0.8354206688805349
-0.6907887168568324,1.3859934407645338,0.2647593845988505,-0.303236487441386,-0.12576826585891965,0.4449,-3.455474160998531,0.8509536961228663
-1.0398611812853522,0.8016327266367789,1.134551955432134,0.1269597962577247,0.40474476772557,0.2543,-4.161839786560987,0.2067208788543046
-1.1760607759450243,0.46586879790729263,0.07004352285234461,-0.4867281448913825,-0.3236214578630858,0.4351,-8.283954106061959,1.0615654019746525
-0.761085458879983,-0.5187829936599236,1.050324456673763,-0.5537549569907005,0.6508692480962739,0.192,-2.9099498606021794,0.1441313055057361
0.23005471923420306,1.3206226523192095,-1.128369105157838,-0.5388958825659349,0.41184288528342394,0.2668,-2.949890550383948,0.1705378784068105
-0.3211373657678882,-0.4365931523817088,0.9350682337883773,1.0843459206883592,0.8633735263807552,0.158,-3.831152171686886,0.09359600742114625
1.255701141947955,-1.4928496260833395,-0.5400905872586026,0.17045934837874643,-0.560303362056743,0.29,-3.8179013753379705,0.2812088760789894
0.4874866852973265,-1.3216044731966508,0.9495151900000045,-1.3612683419813327,-1.4897235828112378,0.2325,-4.712537405194241,0.2805833691892609
-0.9293963862531271,-0.2644003708531819,0.6983644165707346,0.5946294788259303,-1.2401333555188945,0.1388,-3.7122341690762712,0.16176253025260318
-1.1622190633517615,0.5539343336461715,-0.9871248813630592,1.3848599997933615,-1.4399205365006928,0.1457,-6.5600453444362525,0.16590580278487504
0.10578787385376853,0.3392051152109721,-0.7858043561232007,0.5228626522846138,1.0925094700100892,0.2271,-4.163053784358659,0.12467550140493686
0.3461481915732538,0.8731558081214534,-0.48303804449376164,-0.39520968356676134,-0.179380978873259,0.413,-4.464965713650454,0.8546716379479083
-0.01604407698326482,-0.5093896902831919,-1.0842843040534642,-0.20996595785576444,0.5764136931776038,0.1485,-2.5489612795712415,0.10946989711055913
-0.7412611801802842,-0.42920678701539017,0.9722942531796024,-0.4834079358118062,1.224486420602493,0.118,-2.457372927085338,0.06158190632452008
1.3539688072899958,-1.2522909900411707,-1.1247311029826534,0.03447218858737933,0.5398714874512205,0.1917,-1.5049822877050756,0.11435769877789935
1.308483719859483,-1.266748079922709,0.28876309088289687,0.6662556373183861,1.188331161936595,0.2634,-5.479339015294833,0.1370144267662983
-1.0222923131603021,-0.3557677969927897,-0.14182073195857048,-0.8272375812084047,-0.9137865924720717,0.2402,-5.835160469600774,0.3745457331552839
-0.9410049979069204,-0.07647495595658982,-0.4587838825443096,-0.06186904995292242,0.4329581044766311,0.2154,-2.82342014915349,0.12313340225699491
-1.235626942202176,-0.17403626703295716,0.3641036144183605,0.22777120327126443,-0.12138954841877658,0.5275,-3.474388908227054,0.782070106213761
1.1873602680982582,-0.21927729215334146,-1.197957821045043,-0.8650036299164894,0.8493632559275355,0.2392,-1.5129582845286262,0.1713744801211461
-0.23188263932201214,-0.42468941296913254,-1.398255423850452,1.162224394081694,0.7734670430210233,0.2052,-2.129103811911502,0.09955930262389391
-0.5155055076012383,-1.104632180092865,-0.9947124320035041,-0.640013505252282,1.1108294791086788,0.1661,-3.480853836945397,0.10541091354838471
-1.108238161976004,-1.3121757497369555,1.4068700394319347,0.8175437337305596,-0.7660422127250436,0.2833,-7.8732108259346845,0.5670232186233013
-0.9013230195150429,0.00467543430812678,-1.093575359776648,0.13318964954700596,-0.06686489410521235,0.5141,-3.3942806671480623,0.873263761733795
-0.02882502699327749,-1.0915174607130764,-1.3751219835234298,1.406147712879084,-0.9266994219646384,0.226,-2.7188533116550726,0.126962024990541
0.3904953329353509,0.8831244066565498,0.634753357654799,-0.3478388151504679,1.437730824950151,0.2175,-3.757882883460885,0.09917888866250235
1.4506279390535264,1.4474082384945173,1.450654465586259,0.5057268893706599,-0.5904137059016323,0.2332,-3.3300141249406683,0.2162620978152555
-1.1322102341800824,1.1702961577023752,-0.7218254594476987,0.0321847148482588,-1.3312509694822936,0.2449,-6.082704505944564,0.33511781885942016
0.808631106621478,0.734530150551882,-0.886035633316016,0.5883032530305492,1.0965900695550772,0.2515,-4.31439590653822,0.10052263866399423
-0.2765481290532581,1.4939868610176497,1.0860159503382407,-0.1861179333912495,-0.869074352324561,0.2373,-5.117229001198123,0.32633345035307804
1.4894538479679227,0.674965179557911,1.3999029125268172,1.2592330726786631,-0.7627877391448576,0.2002,-2.4814633297108486,0.1603634731088518
-0.9385958839986047,0.3497421297272938,-0.5862979782201835,0.5121941181219274,0.9595525044158855,0.1215,-2.521119825680288,0.05497745391987867
-0.3354665028467685,1.1044300164169032,-0.04794897551713628,-0.524706822010449,-1.011094046712759,0.269,-4.969324729378671,0.5325169670163118
0.32489988147167903,-0.4123410979475224,0.6594866127830197,-0.528382273765279,1.3387712154210227,0.2219,-3.9650872177899354,0.1368449190681442
-0.6516238334638687,0.7882148887322824,0.39165437628118616,-1.2034421806578397,0.3825656401753741,0.3201,-2.157367302402604,0.23403858697222504
-0.7174118838128457,-0.11154420821637245,0.43706120103113144,-0.5044044005624124,-0.4345956318655173,0.3811,-5.2705981807155,0.7284278407858348
-0.6269875620078647,-0.01228335511556633,0.14620613602444577,-0.645384906768683,0.36911841666237866,0.2905,-1.8753824981621916,0.146561870829553
0.5466335026579077,-0.8053420437466139,-1.4431434424847898,-0.05221184383396782,-0.9562654752266897,0.2609,-2.857396904737416,0.1809792447945937
1.499724393096698,0.1107820581120218,0.09642506223083802,0.31844167168771675,0.4432401642670749,0.3346,-2.3167868351586165,0.25289361566162816
-0.8770588928638335,-1.1603094437307129,-0.7043798587700875,-0.9925105431121571,1.21527922916989,0.1375,-3.85208019912667,0.10081167258354103
-1.2844157308032618,-0.06495501096576861,1.3364364619504014,0.1677065141598666,0.29787985284991625,0.245,-3.7790692971137303,0.1491344199560179
0.7104371349333247,-0.5888618208864445,1.2574238895870642,0.18123966583450968,0.026335621434865786,0.3588,-4.297517308034036,0.3564390337586474
1.32644629051548,-0.7612181122364707,-1.3546540311687447,-1.2975443593744533,0.6048124778940225,0.1332,-2.8737340961433895,0.07376299082235974
0.9236335216930951,-0.3006269524933458,-0.7407172871073597,1.2136607971964541,0.9045367091072256,0.2694,-4.427835183502426,0.15003032852273587
0.18259912414068502,-1.3258232810479722,-0.26330673213925193,-0.6723249950064941,-0.09980424602603488,0.3973,-4.652055632610132,0.8725679973242945
1.2863448111276883,-0.8308998230287212,-1.2628166250897028,-0.2599515103870573,0.9551788842028377,0.2775,-1.996940429313326,0.12520418102455624
1.29787385954043,0.7091147741778712,-0.4880733109464981,0.5282118902350392,-1.3981123157154296,0.1596,-4.77093086313299,0.18016476705819517
1.0103284649773672,-0.9650831497782889,0.3821155365211588,0.8746054470632192,-0.4414035508393901,0.3543,-2.8339461791475857,0.49521549589151237
0.22786832107268218,0.8143560469982769,-1.3697206525575436,0.21813917814437245,-1.4843241016986999,0.2131,-5.388570538459212,0.32310798895011655
0.6282937729411846,-0.8777730141172437,-0.2510270420380525,-0.2513426524914819,-0.5049417547594452,0.3591,-6.94972100753266,0.4661300586763414
-0.5382698448339401,1.20020693195168,-1.1590501151395727,-0.9777310087472698,-1.1339133670479082,0.2614,-7.204872747037406,0.40192572684979677
0.47073313742425205,-0.3802999581967055,1.0977258556268135,-0.1114920147550631,1.4499066643740597,0.217,-4.36186784199618,0.1333200985874944
-1.3576571415159107,-0.2442462843804527,-0.5967151991165331,1.1852741542636234,0.8370026265322039,0.0943,-3.5267984066415683,0.04535573936803694
0.9954904904011985,1.3638318790995032,-1.3363508380139753,-0.4802652517788428,0.45962406334964223,0.2302,-2.1904963694607784,0.14941159280741284
0.8999578940422124,-1.1751164022080887,0.6600283729577328,-0.8236918625382657,0.2000547801741661,0.3693,-2.1642279378367064,0.2631789450966011
0.6673657178220798,-0.6543250511779768,0.32930687346700127,0.22481866169127462,-0.7895039598118864,0.2133,-5.02538265387041,0.2099898351830669
-1.1409807238243708,1.480475032914243,0.6218049634993945,-0.3416157668238544,1.1253759927896905,0.0681,-2.998842335851198,0.04789474538278909
1.3517813994663808,0.166090752860093,-0.650852439322816,-0.6919960179761787,-1.0645414572632155,0.1943,-4.648364357841821,0.12328709768023123
0.6337275776595144,-1.3329345999572644,0.2262386461484902,-0.9654915499884115,-1.0925717721305437,0.2299,-1.8679760359013668,0.11414035234589429
1.134048415439628,1.1827635084803707,-0.7141316065952646,-0.5071032759688603,0.45458051094667007,0.2375,-1.5113948577377831,0.1515541484072
0.471164599037722,0.5649286611741395,0.8431927129340209,0.6572263857232286,-0.10632295887413123,0.3246,-4.304292646820846,0.31904383757699484
0.7854631724499779,0.2994647020870054,0.7285694650671619,1.3699396375460386,0.6409984739809591,0.2922,-3.9226197349211587,0.1573167896845265
-1.166942356552401,-0.3174423647296216,-0.20061643672639562,1.12971917329982,-0.14152726621551381,0.5282,-4.9790137451583085,0.6195237800926444
0.5943281873377657,-0.48359802879844005,1.0231894670238981,1.4473728791900458,1.4785048889115586,0.2041,-4.51324909293966,0.12391919758428216
-1.1188857804101766,-1.1080118857374495,0.5044363225572424,0.20670160734117404,-1.2138719992070546,0.1608,-4.362210566750233,0.14950991215801818
0.3406085733410509,1.0725044309042264,0.559806667364044,1.4106990402058197,1.1609327401030436,0.2735,-4.0715018948223625,0.167888470028666
1.1976865855684986,1.49522918493891,-0.13264327810960697,-0.8475187494931861,0.8562889819883557,0.2861,-3.8224991455497332,0.18251320876975188
0.940229384108739,0.14355391710078003,-0.8988767727473329,0.810859007183347,0.9479987587641432,0.2864,-4.033882618253118,0.1468181334205844
-0.8053298365467269,-0.6440643922855563,-0.19218542141917316,-0.22399447076061874,-0.4825784788994736,0.3877,-6.329472824019352,0.737174877739439
1.03089534178427,0.2199426924527197,-0.9076220105075851,-0.9594879675593146,0.631712178544213,0.1951,-1.7648716591012252,0.13420815234138173
0.27540007689598656,1.1514431928053246,-0.5288390141385052,-1.391810296050458,-1.0303532388910268,0.219,-5.523714497893327,0.3262009705190845
0.5168212878695768,0.12662872519913648,0.16602073125384775,-1.091681002439115,0.9523918562682883,0.2581,-1.7535705021568107,0.1901454028328047
1.4832429860149436,0.25703170313254997,-0.31115236614560304,-0.8064466474844574,0.917516480549128,0.2965,-3.3383121552524093,0.16336169051911856
-0.25138110694391913,0.6892818555107385,-1.06873330381524,1.3258364643721343,0.5090350199310731,0.2119,-4.121442326998362,0.13631113083715182
-0.7212405240564379,0.09170807937644287,1.317664939199287,0.4869546054734213,0.47255570402922387,0.1998,-4.249412340359047,0.15704641898810556
-0.6639566901844386,-1.2069682082882447,-0.3161900258200556,-1.010285967505801,1.0590730138523523,0.1778,-3.924989851606561,0.14307596558438454
-1.4646148413645899,1.2600783829911668,-1.0576575555452168,-0.2639370866141846,1.41593903920311,0.0288,-1.9510178463974088,0.020708425038420863
0.12454629866296951,0.46118423114120777,1.4590866413096344,-0.3814259133049642,1.0025280983829603,0.2482,-3.9374818957520423,0.11730797469875956
0.2811859027520527,-1.1240288170547017,0.0390629861243208,0.5689116924765338,1.4943323564492226,0.167,-5.535342573363983,0.14599313586024007
0.4318652745713596,-0.4006294281060183,0.029180995751199035,-1.2487521899624296,0.03710469282969209,0.3693,-3.80303666477302,0.6211116985627856
-1.2969849776938465,0.511383242391374,-0.8044288291200278,-1.1046340662653324,0.26801525493200806,0.4767,-2.5519488491441167,0.5625692759341692
-0.42756338509460523,-0.226889619717338,-0.5892331783420255,0.6747450922907285,0.6834917912193594,0.2138,-3.5024936664867896,0.15576063441928273
-1.2304464969644768,-0.8190041338778771,1.4098008309083356,0.5504958667409636,-0.41345884859516957,0.491,-2.956926877874318,0.9032775073718285
-1.0904025910749109,0.7566239235592578,-1.0952000248189337,-0.34433183940174295,1.1447073577339824,0.0919,-3.3503116518216594,0.061256294049411145
-0.5124998622211122,0.8618914020844661,-1.1195916017500447,1.11409752867509,0.4256164570605536,0.2279,-4.127321311587511,0.1750862877679082
-0.576528042743907,0.3421567496687006,0.5712519735486437,-0.2102981264343331,-0.7062738789290096,0.2981,-3.616340853469457,0.4001389502122322
-1.3097933316285362,-0.5784047606694719,0.4916059716036034,1.2045286177903538,0.8718060873101168,0.0707,-2.5552909475774244,0.02898873166677276
0.6697401502598916,1.142082975627353,1.1457243221057576,-1.3505659859121655,-0.3293351113809915,0.4146,-9.508767947402172,0.7028702199479597
-0.5290164654048329,0.29673183548671744,-0.9856437036568984,-1.0056960769258079,-1.3901080241462958,0.3164,-4.7219389611767175,0.4437225708913773
-0.2012466303610243,1.1853211754846913,-0.2926937426827809,-1.1836729104884307,-0.14645730759523268,0.381,-7.91433054820409,0.7263636820098515
-0.9476112046752716,0.529682093482367,-0.9233827725336112,0.375717356275556,0.044625873148322004,0.3492,-2.4292259896199107,0.2719507366399089
0.656768062691274,-0.33740127012288745,0.19930399830948842,-0.7618824896365098,0.6684768023051397,0.2328,-1.882156621570928,0.21177577323359598
-0.4482124533886802,0.7492916853444997,-0.46870838810183435,0.08563462822592327,0.00987079678922198,0.3677,-3.964048976499967,0.42329345347730585
1.1758857478502796,0.4397072986116146,0.22023277136181107,0.1462587494362113,-1.1212877540373896,0.143,-4.361438803075685,0.14639056847994042
1.4599646659657601,1.2273012906161376,-0.4983282197131256,0.9311028986391863,-1.374144687551765,0.1311,-4.152705309802763,0.11607824993788066
0.6757955131887181,-0.6887063282199801,0.1359514996052713,1.3119025315617625,0.6176793783975674,0.2629,-3.373492246104132,0.1814927361500096
0.6586672528790136,-0.5955752155977558,0.3545815706829325,-0.8194733221962747,-0.02767604704496196,0.3624,-3.899453071096594,0.5856550205994702
1.00279388468934,-0.18695090248680257,0.4450546398853952,-1.23053960144807,1.0806851595942844,0.2813,-3.243814623992706,0.1521020798787675
-0.7035559053596037,-0.6581275588402864,-1.1966806503838825,-1.2787648006029524,-1.369024046883907,0.2587,-6.0497543763975985,0.45380686505018064
-0.27442082485335995,-1.3140706363801784,0.23505831525311516,-0.8534820577945479,-0.47386216487540667,0.3374,-6.002285554367803,0.44609879629378774
-1.0484862666130714,0.3072727619018132,0.3479874801474847,0.3241972508862232,0.18909072353373046,0.293,-2.875335861359541,0.1760703608534318
-0.6478421147915088,-0.1369563466502497,0.19335492408892074,-0.7624581971404343,-1.0345817327348938,0.213,-5.404681950195299,0.3870885779694691
0.5711344551569972,-0.025989673894512455,0.6789902569733854,-0.3745213645519385,0.6009955694667832,0.2691,-2.339172783116004,0.2350464915117367
0.41605291736550165,1.3669782585285555,-0.2690888975285006,-0.3787772400095646,1.1481105661442585,0.2248,-3.513633013759191,0.10282895970166997
1.2199135205469327,0.851070233906853,1.372645353925801,-0.9826516852144835,0.149821967533025,0.3452,-2.8185332926260016,0.2684156518539308
-0.8698439141578655,0.2275511820501368,0.7577973857976934,-1.1902411132335018,1.3606368421206012,0.0924,-3.064323366702288,0.059778619267772795
-0.45309028847057564,-1.1203970357128266,-0.3713984057909552,0.07193022895384837,-1.2906310715684293,0.2722,-4.373414531790929,0.34521827913577346
-0.29685798558681586,-0.4036949515903927,-1.2599945515657263,-1.1866210890103774,0.35160202987322364,0.4757,-2.9493629006150326,0.4841978659975468
-0.26535714281653044,0.3156791496549678,-0.3224762679504385,0.12191053673265295,-0.07465264548265482,0.4139,-4.1088451878626335,0.6801772956187682
-0.7399753285608611,-0.9274976067927776,1.12481389936247,0.09065599667216295,1.1576045955880385,0.1407,-2.549357056815046,0.06685805586657129
0.5761999765849808,1.4977241545742679,-1.0020179797652442,0.1626183619813082,0.5658676137442686,0.2847,-2.0822530889584745,0.2230986934147351
0.9134845850417168,0.49799204200705915,-0.4166155530496405,0.6006484510257479,-0.5742400169153361,0.2397,-3.5037204314716974,0.25561815179166525
0.44140926692639537,0.7152708587863206,0.9655982355074664,-0.19542729936027348,0.6899662616070743,0.2848,-2.79892341262602,0.1806876806791548
0.40636088251857005,0.9620161369049214,0.23223069530520735,0.014584939529809215,-0.8365982784279018,0.1784,-4.0475490023724445,0.2226829967767675
0.2990512297262302,-1.066245434876821,0.21516144645800073,1.3927368912673121,-0.008799174555664369,0.2679,-3.666985968136532,0.2786245288098151
1.3757931472626197,-0.11959152611727153,0.833926110349128,-1.3388939228607664,-0.6697636863973331,0.1823,-4.412996353000331,0.15475426688043611
1.3952224943012768,1.3463702625922833,0.33809986579740436,0.9872918944881883,0.2707993810025655,0.345,-3.4495159299703944,0.2548091092020185
-0.40495130415676606,0.03229377800503874,-0.3625269278430385,-1.1984567407468383,-1.21875673189417,0.2241,-7.280372178514492,0.2885955177562925
-0.9890047261538648,0.9960132839919971,-1.2405910334904948,1.2936685274308082,-1.2386986969628637,0.1337,-2.726855577590989,0.13463995689801064
1.0788791110816245,0.3620692755325994,0.21628761899081717,0.8725737369742994,0.9824024480140867,0.2987,-3.981477511544848,0.12210794649651548
1.1059107024165282,-0.10721811105996437,-0.161997345514294,1.3431580578444002,-0.7812488583025734,0.1856,-3.409313397650913,0.14680287950314408
1.191477141130329,-0.8604355541741455,1.3251964750687932,0.41903778481016074,0.8413004932536867,0.282,-3.827390997243845,0.1503937932400247
-0.4741272287380358,-0.035886524185942736,-0.2333390480560511,-0.19821078327606179,-1.0732839003275143,0.2528,-3.4855150902657996,0.3329121241543008
-1.1195583405185854,-1.0191498313337422,-0.7139315755122915,-0.5023837428760612,0.34661268736812256,0.433,-2.4202623346169827,0.18803258290504363
0.02552143131289908,-1.4210709921610631,-0.6004350873914904,-0.7393333220099125,0.8338315087025059,0.1538,-3.00871222249828,0.09391694154965116
-0.5897352988452881,1.239135670884063,-0.8144688936386173,-0.047115298093957314,1.3123278670906764,0.0767,-3.437955400105548,0.05265608020662507
0.8751083285293304,1.1886566116137915,-0.9725338421730472,0.5938151583588063,0.32952833548427796,0.3076,-1.2610036029222265,0.1943028304821169
-0.44105111052089985,-1.3598050007787033,-0.14862471733684135,0.624810263024913,-1.254578352891694,0.1967,-1.9873211178696057,0.09834235956574683
-1.3277641585083886,-0.634953505896305,-0.7954493719640285,-1.3180632773588072,1.2398964994127377,0.1233,-3.6204109261490025,0.11181328293535635
-0.7340425054264879,-0.6172542116422342,-1.3422446120964024,0.4508697870078022,1.3435137787470492,0.0776,-3.292962871635198,0.05067230448202742
-1.0719466262928266,-1.1106824843925813,-1.2801807518450363,-0.8361624908766613,1.2293692658781765,0.1217,-3.6942209661774417,0.09900851084718781
-1.0788011123471064,0.057145464840941074,-0.47770883022087895,-1.303454109352618,1.3985072499176106,0.1106,-3.5765052034191323,0.06520178679908617
1.2333690139957496,1.1280375505162903,0.5217584432971796,-1.1687497018930664,-0.04325748855113187,0.2904,-3.52419671479178,0.3489956223816172
-0.7288409786977468,0.9139220355288682,-1.4617328171977764,-0.9013063070581926,0.29407613354986406,0.4373,-2.5621348824146053,0.4010016479869442
0.428924408802025,-0.8012618983016602,-0.21105604684491608,0.3659222253155252,0.7452587087848492,0.2787,-1.6822168051490816,0.21712703029485791
-0.20424431626143935,0.9320871171574656,-0.9993817512547498,0.4499557540913455,0.8934260301063848,0.2078,-2.944350816151636,0.0877901287564842
0.9686975852398536,-0.29618320443571977,-1.4091173269057946,1.2338197495150691,-0.16967125219132106,0.4003,-3.3686069255648303,0.4798692640967676
0.8927630421719166,1.411406452301594,0.8723345900583821,0.9657846416234612,-0.533810927532492,0.3079,-3.000216114875981,0.30788919320875396
-1.0614685287128103,0.6104632617364638,-0.6197374079344284,1.3481132570814776,-0.3509022524861234,0.5133,-2.947420365549876,0.8056203416718688
0.29575831932729946,1.0887203127996052,1.2552801066989532,0.26064837357487614,-1.1369892129636876,0.1244,-5.1635078268788925,0.2785836236751655
0.5915207304685342,1.147315151889317,0.4342195695450186,-0.2942686629174769,-1.4162533166052171,0.2265,-5.887619504881495,0.40469068211014253
1.1279837358716356,0.9395566208905648,1.0103484063877137,-1.211769104504258,0.15242880031211659,0.2945,-3.0633805375299725,0.2764275473352846
0.5980530362684902,-1.4311167120774562,-0.0231095003950732,-0.12652646952129842,-0.6410452829941854,0.3208,-7.031777523739504,0.3465438681243945
0.7247382041283577,-0.40693720658355836,0.8867127537035824,-0.3210889089321698,-1.2835932296449142,0.2415,-6.902632191499242,0.346372686185125
-0.9255561444638709,-0.84081635179205,0.9534079579091572,1.008904201661014,1.0753607865739188,0.1212,-4.0362833671284095,0.0950700970673654
0.9114479716479544,0.7365318910485095,0.9466901211727969,-1.4048647934418854,0.9508729453274993,0.2848,-2.930313738876722,0.17942910953614177
-1.122150522443088,-1.1431872354871015,0.0638905350382033,0.35513440331784807,0.7031209917984045,0.183,-4.234594541740804,0.15334357151777034
-1.148250216080233,0.38935170329756996,-1.2078779966072375,-0.11770313760935514,-1.3535304844703215,0.2451,-7.493710418543332,0.379658079356633
-1.0983941455249355,1.0273677169226456,1.030107013629641,-0.5854983585141202,-0.34316073153337534,0.4469,-7.5120954108569205,0.8881752104341991
0.45630491046231114,1.3485310270890998,-0.3942141043705285,0.23850144803611384,-1.4040768419087342,0.2072,-5.360655348971239,0.37897256705851345
-1.1976240522051698,-1.3509679641187224,0.6874246898998226,0.7910910905416815,-0.6922472618182072,0.3058,-8.371376774562307,0.6554040226376605
-0.43492364976745534,0.5431616366697094,-0.7051796368243439,1.1814426935747542,1.0019122050014877,0.1122,-3.8200058887203507,0.07891220153731424
-1.1679747367688196,-0.21082023993597243,-1.0486502667627764,1.022207989308662,-0.07597868328141644,0.5189,-3.6126631565850134,0.5842332156542047
0.8005581223927574,0.34739454725899677,0.07812859670137562,-0.8672756284972601,-0.014648420951782759,0.3255,-3.6937044536028756,0.4182602763154174
-0.5819537890585389,0.480051640994843,0.7199514700425311,-0.7201430574957964,1.2577106507851283,0.1038,-2.9567818610510854,0.06400447608700414
-1.3777910395414563,-0.8618623331484966,1.2507124809487955,-0.6179078240316411,-1.2841429765205952,0.3328,-6.127916711767631,0.4477015236438849
0.7759178754788261,-1.0403664691390118,-0.8273153016828961,0.9711686206765235,0.3192723359855507,0.2342,-2.038418407648856,0.18864657908829713
-0.11426864486932042,0.8869349046871227,-1.4245924770916008,-0.4258303087097943,-0.23878266939366966,0.4401,-5.373724430087121,0.896833355348061
1.0738568149285328,-0.43212944276691134,0.9060184170775463,-0.043499864677570166,-0.16453838467741622,0.3799,-3.5760529668499834,0.5853672843982246
-0.3630540895538865,0.021427373035938224,-0.6542816432897891,-0.8296508196460488,-0.9798957860386444,0.2479,-3.8890032112374953,0.2492480238605288
-0.023760100468754652,-1.1369151653381269,1.330298394602416,1.1778148308193486,-1.0957729708182955,0.1576,-3.468979023770787,0.13449728476483083
-0.7765554287340164,0.513666261294826,0.2592343729821047,-0.2650406929369149,-0.5482418783595542,0.3696,-4.279564999470039,0.5239315444200707
0.30680567582076534,0.8712362165715954,-1.2536210647305488,1.3807424597139515,-0.98605217988482,0.1594,-3.7205240790346727,0.1543368665639505
0.19862691705718194,-1.1790885758073468,-0.37282883422736823,0.6123566765077091,-1.448336105030509,0.2799,-4.615524157453359,0.32748840278489577
-1.1889522353145177,-1.060630881988152,0.4389244460623507,0.7681535134199295,-1.0839554918094911,0.1164,-4.327475062530642,0.1329577403941283
-0.8959440694762459,-0.8867538448992878,0.495156229168741,-0.6444881404848907,-1.2269108946744938,0.3053,-6.053339029943278,0.48394997439419013
-0.15605798956129102,0.8344882578874309,0.8571868135659537,0.9789019920838449,-0.22354232150127062,0.3375,-4.424876815043363,0.428195617743436
-1.2700536833335185,0.11633810944146039,-1.0282954314102084,0.38129831973524153,0.80619475273186,0.1592,-4.339692877343281,0.13746317733184069
-1.0539711032262018,-1.3809216898351007,-0.5498921915890765,0.5715688991531525,-0.6853427178551417,0.329,-7.949383505330041,0.5501315745529523
-0.384807381774634,0.7533371921327321,-0.343960959728546,-0.08275390901225599,-0.35690953790962165,0.4039,-5.430797002088775,0.7827156473551886
1.0050948763227971,0.4041408192168672,-0.8077127589300445,0.7186311855485528,-0.7764541472989299,0.17,-4.378990906063238,0.10158403657111398
-0.5924278502895635,-1.0455846931832555,0.2059685161086504,-1.4906322194480373,-0.28960219869330395,0.3759,-4.978238284442652,0.7378920928840969
1.3609717828621495,-1.113984809935677,-1.454485021173921,0.7144242518901844,-0.6961882049167027,0.2262,-4.665600554596988,0.17008256795751278
-0.9599033404972834,-1.4972993890118045,0.6144805021686905,-0.020960791075177898,-0.03369683125641321,0.5663,-3.2004661336976747,0.8135808768152621
-0.3833477547523674,0.30395543818065685,-0.6143747570923851,0.8862561710310106,0.5431351837164828,0.2045,-3.8441288434485186,0.16686761231203806
0.11846210449237526,-1.477599669019543,0.17379258635013706,-0.776418070118953,-1.288094211899623,0.3599,-5.1830635573999295,0.5194981390782055
1.4615808513624389,-0.6607623338478754,1.215358884717955,1.3637853439069048,0.4493810104077962,0.2517,-3.42019439851597,0.12026869774493257
-0.048562495998530686,-0.843817189710266,0.9133043029253152,0.09747388984038663,-0.30430254527779566,0.4312,-3.3523275789321185,0.8297155693255339
0.03233061403152293,-0.5062929818730657,0.14764092658068462,0.4058702147704487,-0.25794993303824665,0.4329,-3.1402286621803226,0.8064230658503899
1.0126090523004212,-0.19085507599348706,0.6458247425958161,0.7375988490645837,0.06708320865137063,0.353,-2.3681109421467563,0.27429272693033857
1.3072174904386467,0.5682991520740064,1.0941126957702716,-0.42203066890853247,1.4658159219738467,0.1733,-3.5227053139220965,0.04904386896252419
-1.192523629694415,-0.4950109448618165,-0.22189570866991581,1.2408984612911933,-0.4210982707174318,0.5385,-2.8613189594690756,0.9100876134693748
-0.6549283572244228,-0.49160965646215127,-0.36793940687969906,0.9003138649123619,-0.3470987513005408,0.4946,-3.13958444884412,0.9045628165091093
-1.4148616373856076,-0.2761194987797255,0.17722978121247124,-0.621526321062688,0.9779445229974959,0.1427,-4.347599593928104,0.13305258756799532
-0.8566813679458936,-0.7081788181228357,1.0380542040293625,0.7877883745704373,0.9898839045647705,0.1329,-3.1222686747244204,0.07061223262210828
-0.9326042029524841,0.4511989205782456,-0.9777945169921168,0.9137651957586441,-1.4141963857091442,0.1798,-6.234420057835872,0.20858553210707573
-0.5563534288930055,-0.33984576139721745,0.4061141828872572,0.5344553981226028,0.8697802125403071,0.1637,-1.4568243360176047,0.06166533668449499
-1.0363302064006932,-0.09554086760340219,-0.7888519202145731,1.1642032728734968,-1.2028025076287534,0.1823,-1.8409791638120194,0.1232275788258409
0.027605887391014328,1.388900881556431,-0.4551601154685534,-1.0503019883021243,-0.917981061646687,0.2402,-4.584301590927061,0.40744198813703125
0.0631968210750391,0.1347557686470462,-0.8414218885987867,0.5139127194596895,-1.0677821626602144,0.2085,-3.162868366895251,0.18972569007828846
0.7361106941840307,0.8160516648378904,-1.3450485028750325,-0.7859559632377726,-0.4676888441401328,0.3041,-4.748629344750407,0.26337204640395634
0.4024423428196522,0.9877808639907659,0.9579920727828073,0.16049951515496752,-0.7413294670094353,0.1779,-3.689512313863472,0.1544463271587342
0.0983052641085318,-1.184491833648942,-1.385914073667603,1.396875801222091,0.6901050638444053,0.2264,-2.710462507289335,0.11187176229177881
0.8511414994695778,-1.0831218240953973,-0.1554238178723759,-0.11557615099921814,1.1703597622785202,0.2401,-3.7749325816858317,0.1221141410625723
-0.05703448691877755,-0.28865998317546127,-0.8165854077721362,0.6785886257623934,-0.030357761944851847,0.4285,-3.1322651475060974,0.4499889615775026
1.4007953531355617,-1.470509135777774,-0.5845666596506867,-0.6007490992652149,-0.2636143216308342,0.3548,-5.205821379075641,0.6797862633518882
-0.22366775763676516,1.0993125964983892,0.7502408615253309,0.5612959128167381,0.07907257504453469,0.2892,-1.9877195445390146,0.23495286327469786
-1.3554985113034805,-1.3695248652451362,-0.7510785097482,1.1393650227002547,-1.3598304020252296,0.1929,-3.068154302676778,0.15823186279049783
0.03576243093836706,-1.217372831912922,0.9256315378160771,0.564381670447804,0.3676648138557186,0.2591,-3.472840748335048,0.23470055304146117
-0.47993853061653713,-0.5862904035167883,-0.5481083978592819,0.8977430295672937,-0.8719009007048125,0.2166,-2.688534189256705,0.1996210532497188
0.08800582403365276,1.1381320046227117,-0.8716221520937959,0.6082697179435756,0.9723491792977379,0.2567,-4.015885955203579,0.12183103463854361
-0.2844138597410497,0.07292942995426888,-1.281534999152551,0.4534677069512343,0.12159416588231675,0.3176,-1.8963656628092456,0.17903283944196732
-1.114299513577659,-1.1672312513006935,0.5681433742593747,-0.5158895098933107,1.3566377033552248,0.0613,-2.9973678944119464,0.03210499142289128
-0.944260909353568,-1.088862581732371,-0.77763089481234,-0.133703844815938,1.4325304144594115,0.0321,-1.3923001918821738,0.006173839282367973
0.2438694707314064,-0.831745353839061,-0.12108508131678297,0.8698660628120658,-0.688024798715186,0.3001,-3.8083829463734293,0.3071520819248116
-0.1357377733060663,-0.22246108617611182,1.1488156723506147,1.3784162690881705,-0.41708029665251756,0.4285,-3.05112255437844,0.6333353138940517
-1.0148437035211757,-0.23281620438588968,0.13001350607703643,0.18878169024384217,-0.8522838910993286,0.2042,-5.259297775956066,0.3227943589887203
-0.26059453818902734,0.6387176956727476,-0.3491402038136706,1.317923072201424,0.4657062521187134,0.2029,-3.6553929346559184,0.12851835888790264
0.010507169957607143,-0.2745035357359553,0.16356368632913654,-0.6307434418622643,-1.204538752278574,0.3071,-4.7463133562726245,0.5042877262503217
-0.865481116645443,-1.254625613017758,0.8798999089501458,0.793670073703129,-0.8957608628291484,0.1873,-4.170156368382859,0.2564833725535884
0.7479906304939927,0.3552313529930826,-0.678827122694108,0.11174861652040646,-1.4944806855750437,0.2097,-5.839724547577487,0.2587010710101741
-1.2999916660839204,0.5231550817961557,-0.7612952962574235,1.398468645850337,0.674094606918024,0.0959,-4.463133860751111,0.07099726786870776
-1.0744943316830065,0.7059332957021192,0.6183048999248526,0.008231014823984806,1.286310150497565,0.0699,-3.7271556937858974,0.06912082416328143
1.1470906376333985,-0.06995397832264638,-0.5632835423594585,-0.7373275624221083,-1.0520573828364546,0.2204,-4.127414967451103,0.12741080894373777
0.7658110861731617,-0.14102197116627946,0.0738351103930941,0.07239078078873495,-0.5656426291471186,0.2762,-5.500634783876221,0.2669954307477011
-1.2534927683328045,0.6546624623591457,1.4838715315816122,-0.46597757418872265,-0.4277122547947614,0.4388,-5.734241000403043,0.80364140130839
-0.14035583470783286,0.15967201587842617,0.9110346564129115,-0.4030090368931458,0.3909877778961528,0.2647,-2.5447349597018185,0.18422018881895388
-1.2671431149447243,-1.1391649095136918,-0.4336298163026502,-0.7926375786467659,-0.29727683100267344,0.433,-9.621997886664028,1.051810717848221
-0.7528672381080193,-1.1332143532266605,-0.17202878516471198,-0.9932012414778522,0.24552594069319178,0.5106,-2.2580471806868148,0.5744537516513761
-1.2390014011127364,-0.6983838685545226,-0.8112179970214279,-0.44549703469299073,0.7846527392443319,0.1227,-2.882756806573362,0.09517805172847384
0.6056127862906373,-1.0974749734474896,0.48064604838205804,0.7236506111624998,0.9969412511029336,0.2847,-4.256835525978551,0.22515764527724913
1.2742317443782145,-0.74020060403882,-0.19631362847885425,-1.4168017526052672,0.7434200029762459,0.2083,-1.566965428033652,0.1475206332765666
-0.2142532390378511,0.5751757957947539,-1.0169041090282003,1.011213954266593,-0.5237104118122909,0.3455,-4.726728944408561,0.629898099290508
0.4664194610975314,0.7026954013700006,1.352341614231844,-1.1948029903481596,-1.1494040194408632,0.215,-6.09577871240797,0.43217052355819763
-1.010388410172628,-1.2695555895251607,-1.0653697182889967,1.3092961607232043,-1.230406782949741,0.2304,-1.8652479151286085,0.11036583334684971
0.9467009047329027,0.1535523869241524,-1.2048798309040656,0.004673380515288539,1.124940626680548,0.2639,-4.003551857277394,0.12828798915504674
1.2223543136729287,-1.291807670338636,0.20350990630106103,0.17603512728737147,-0.08910680874556443,0.356,-3.253325200213175,0.5518909498667177
-0.18097625579849197,-1.2268044857563691,0.5821178939540141,-1.056488515516183,0.7118716976028852,0.1625,-2.5326049752971844,0.126541168731457
-0.03727660077888317,0.9786809380155472,1.2382091975996543,0.8226053167648022,-1.1868829051669023,0.1301,-4.207509180665035,0.21089811006521414
-0.1736210872215196,-0.9808911839087078,-0.3873380113629423,-0.08056063533899205,-0.6463149139496351,0.3466,-6.522893183623953,0.40048736031838655
1.2487589010843068,-0.6769138942208586,0.9822399495167349,-1.3370774910431973,1.3730774294575792,0.2256,-3.442673050019498,0.08381128981521918
0.26633232572176935,-0.4640238296136072,0.08901355223711405,-1.3333866779371428,0.46868206155716385,0.3171,-1.9978190708330332,0.2098704397909464
-0.765499925112149,0.542185236940024,-0.1743978268926063,1.4441816599851172,1.0405429839895746,0.094,-3.933732928387694,0.10648329038457836
-1.3181721882607111,-1.3671708591784661,-0.25302597873323407,-0.14039370002142548,-1.069980801591786,0.334,-4.123586241967613,0.47095721823144376
1.4484480773925585,-0.03081096224069957,-0.5271223325415029,0.02167848442389486,-1.0108522861389253,0.1451,-4.808898904421097,0.12868358210766187
1.1459476328665965,0.149526816162181,0.3059328239727934,-0.43640521346748207,-0.965105625231278,0.1905,-5.009797033095939,0.21208384495448154
1.1524992838095613,-0.08043872022327303,-0.9504610258693479,0.20051425537712309,-0.37123697537418243,0.3287,-4.463393694605685,0.514141457036889
0.7263856617151085,-0.9627803804208737,-1.2695142473175254,-1.0652213003543374,1.2813778551791084,0.2299,-1.117982508370272,0.09345611481423427
-1.3522576891810616,0.5557297388852316,-0.0874233977323784,-1.1278875641268153,-1.3671640344855485,0.2155,-7.834849771954437,0.3476169213156776
-0.12785123404574072,-0.36053835157216785,0.5404785464787918,-1.2289050360872542,1.308024511301892,0.1608,-2.697621646705412,0.07260572553857188
1.2617997153421263,-1.373985691091556,-1.1340783958263205,0.4448124799459916,1.0876022815153683,0.2295,-4.897701432464779,0.0964395211191387
0.5862015937372731,-1.394371163368507,0.8771723501772213,-0.5173367697613429,0.22122712499096275,0.3686,-2.453370118823075,0.26045144285867317
0.6409448933204471,-0.9774389080421412,1.3084456448226378,0.6626382294145108,-1.1183192663712087,0.1462,-4.466437000722436,0.17688225076887065
1.17181436881555,-0.7799520492828251,-0.27166631976342637,-1.283133183038604,0.118598209780026,0.3521,-2.873707133038338,0.4799823862417387
1.196987723865365,1.2377771861613356,1.1289109649689495,1.4735290917605206,0.6858782598758824,0.2738,-4.020605193368475,0.0905467282680351
1.0415326902599111,-0.20448118857500241,1.1894139639146273,0.4937257234500607,1.4295676198164635,0.2528,-4.819669804114751,0.11686748793483571
1.443664540081377,1.3598637266172604,0.7795395194665811,-0.9740203101582321,0.36335705468512236,0.3152,-2.565289479526997,0.21897064689172485
-0.9116858075802854,-0.3359981329785202,-0.024241501985078573,1.1231682381013646,-0.31562062456612994,0.5258,-2.881604479685701,0.8454825954656567
-0.1855684425435684,1.3432663093764798,-0.6634401486267447,1.482067959542979,-0.11276547857645136,0.3218,-4.342429886651758,0.3105244289665161
-0.23742555455589076,-1.2454021424214434,-1.3395842838322283,-0.2807969414403313,1.1845459657549111,0.1674,-2.363827962297395,0.05284889236531079
-0.6317626115970103,1.319354172309545,-1.2099312262085364,1.0396853776554447,1.0658748628075179,0.0907,-3.862749617323848,0.07840233187143698
-0.008941394679124581,-1.260626282058941,0.03864834355162783,-0.011329018940967384,-0.20413746596992244,0.4539,-3.2974467885560657,0.9565049831043329
-0.020607783411523917,0.711892060729233,1.1628844719558686,-0.6533484556979818,-0.8059683169243788,0.2515,-5.538832908567282,0.48738669519846956
1.217718210693155,-0.7620151857999494,-0.24182667973474525,-0.8396651713997707,-0.7582726564350795,0.1622,-4.794230842381336,0.0981063987749777
-1.1128626394397871,-1.4617978740796151,-1.4689605057326502,1.4728723543815052,1.41842822165518,0.0402,-2.691154737528305,0.022179453201693674
-0.7838351293999448,1.0940357298516883,0.4992148894922468,1.491509954539346,-1.037346140232494,0.1372,-2.6668886459781915,0.13354061062535905
-1.0017079518957477,0.07635963447652583,0.10251965460545609,0.9397284575884965,-0.5096995688145325,0.4246,-4.389033621776759,0.87397462010587
-1.3466749228014123,-0.7868053248867862,-0.5357242356926774,0.462302248575992,0.8039763286580688,0.1536,-4.417345478749523,0.12261025719484182
-1.0643725132654667,0.9820636792957917,-0.44749901404513226,1.3213858989769212,-0.9119582392577638,0.2069,-4.4337218499058615,0.26507799118771475
-0.21143401545520701,-0.5385879570923575,-0.4056104914844503,-0.6280116350939453,0.5354590208305408,0.1513,-2.5728328360384385,0.09124728096467452
1.142433905022091,-1.1419109095326618,-0.18874320445445747,1.3551642811519091,-0.959202976250185,0.1258,-4.374660796973163,0.0805814203853627
1.060823021142022,1.4239396049595099,-0.055821681058432215,-0.0293034849353484,-0.254295224804159,0.3964,-4.180760636871601,0.5460144542469514
-1.3873007949775285,1.2317001314845268,0.05494611051283105,-0.7530122095702991,0.35774966710345324,0.2975,-1.5088614471401853,0.14633378057723065
1.0645289186888212,-1.4679387570283426,0.7293647436343917,0.5201570809542861,0.15932235771606362,0.2916,-3.2268104845859997,0.2287207831821439
0.39727348450551414,0.04959002062008144,0.9180343588288871,-0.2201314667417562,-1.208014927727843,0.2096,-5.153474981717149,0.42974142099193613
-0.31311803998156895,0.3324775911316129,0.38450792955082047,-1.161702132977974,-1.2754541967881856,0.2402,-6.118459867624358,0.34369383158242345
-0.6035184703537524,0.13941030301347945,1.3778332561998932,-0.5419572718637781,-0.7447656665198026,0.267,-3.8206013558814447,0.4390024595633562
0.11504968108687352,-0.3251359052148064,0.5631337605836619,1.2772715039958458,-1.4508086011918173,0.1815,-4.999829595670658,0.25290002279833423
-0.41976292677071037,-1.1541491237244657,-1.2959927013685169,-1.451430359799061,-1.253287346240958,0.2124,-4.567440433437561,0.30818128740348555
0.9538952028780683,0.1918719334460457,-1.4793094805921168,-0.03869489822508587,-0.3826226364876759,0.3204,-4.9968480393916135,0.45044138105197534
-0.06938616874300574,0.41868498351796424,-0.932279446878371,-0.5491465912583972,0.4204932854717005,0.2815,-2.2499260191129866,0.1269637333392742
0.42031644791106615,0.6650240596676436,1.0283387016404508,1.2884609845265027,0.9106196925115531,0.278,-3.9864466731941177,0.17882519378769735
-1.2070230497593477,0.21493212027073683,1.176456124726395,0.2837574533365741,1.009566026774991,0.0635,-1.5268967818648729,0.019855297051289442
1.3913029445735874,0.42685258944793514,1.2705797762745075,0.7430015152614673,1.1681193709790247,0.3142,-3.951842759936712,0.13022338750877285
-0.2718766771903205,-0.6390791365747555,0.4228272887647888,0.06195494243931332,-0.9392753580683438,0.182,-4.139505849976304,0.24170190799748403
-0.07253596539879248,-1.3350208308567817,-0.009182165573911716,1.351865417183571,-1.0892137024440853,0.1334,-2.0141342349755638,0.048456046641208346
-1.4240446117567458,-0.9829378139885255,0.37277686884110595,-1.4418945628227309,-1.3163147031127558,0.2413,-7.49389633200855,0.40520724395485663
-0.5595432188181513,1.2677347481760077,0.1436474228385265,-1.241488627313539,0.8301244618081136,0.2035,-2.935260421584114,0.16806049119370803
1.2537629293043357,-1.1250465241686198,0.6522228806195041,1.490464425438645,0.35433815959969506,0.2748,-2.6019726520001094,0.17379786509721593
1.2244128052568426,-1.2343432295340588,0.6733729450256711,1.0671828610132739,1.327383647811696,0.2348,-4.615383745813805,0.09831903599542492
-1.4432708008702997,0.2858284060972651,-0.9124902170026149,1.1673149665516012,-0.2176024767202469,0.5613,-3.117629857836718,0.7876004873516149
0.23336735323825053,0.8112036517114514,-0.39824045648345496,0.06681272522780746,0.06917443967072656,0.3566,-3.212724038445554,0.3484959470631349
0.2613267608976315,1.1269105030655795,0.8136950223000396,0.9057566014901912,0.19303390348343807,0.2995,-2.324625146629924,0.28825067229162904
0.7137768619065681,1.474274402322556,0.7733964096911632,-1.4523281224204876,-0.6148275895234325,0.2754,-4.557170238151217,0.3603478039034883
0.4915021433570217,1.0361751100565466,1.1005947028272285,-0.017556506454599274,-0.5836251792366975,0.2632,-3.8941668122626716,0.2749549159886828
0.9606259531287269,1.2209245236790682,0.3146388774956206,-1.3285442254825097,1.4082471414827538,0.1801,-3.6884011382873667,0.05972735471192979
-0.6591255706707666,-1.0105898216487728,-0.7285095519924809,0.33637302658417934,1.3352329014854725,0.0811,-2.9992807280146327,0.05348605561047402
1.3253821171144256,-1.1915610072544265,-0.27446332526922634,0.15233360053475087,-1.0987793855500785,0.1732,-4.531688316289016,0.10895597218872477
0.8664196299703031,-0.9141835931157156,0.8072968355040073,-0.3132492858025777,1.2300983132224137,0.2321,-3.895504474120049,0.124306378417686
1.4239944185061955,-0.3728008862569161,0.0006950396900291533,-1.4973481933566297,-0.09227689807413464,0.3201,-4.184393835931786,0.4593952357932402
0.2552101558683817,0.4474227779229776,-0.5440840224808472,1.018165805381678,1.4256648818271964,0.1767,-5.2064572459266545,0.08561244462005549
1.4176952362538326,1.336523608658239,0.8607398819544709,-1.0722788341985208,-0.8176648256430356,0.1648,-4.659840826097941,0.136023987185311
0.10141937491210151,0.21602067917850176,0.706196989406831,-0.443662673373056,0.9323030308488107,0.2697,-2.561363816147839,0.1297504739166333
-0.9834562805622896,1.1926071993990712,-0.6995586251859685,0.2742613533458873,1.1395178908428214,0.0767,-2.5603851755200826,0.04828582189922465
1.024030694156679,-1.4400075177059892,0.5434446546160654,-0.6931515540775146,1.3292381805723137,0.2212,-4.4343704872375005,0.11600758866963222
0.35996860253301577,-0.4946666649460101,-1.2633311860014407,0.6387227598286072,-0.6594851439261784,0.31,-5.718783948033707,0.24937653312415836
0.8316819814569651,0.02643629557216265,-0.3089243842629812,-1.293900450767075,1.2510407568052067,0.2739,-3.2670477682676693,0.13762354050864736
0.248470155697039,0.488870702268128,0.6776339008254921,-1.2739774499855403,0.1702694578678685,0.3192,-3.7162285709794065,0.3933033618205416
-1.2621412039706508,0.9752982046122782,0.4833773301415103,0.6700822266113815,1.0286491541285008,0.0783,-3.0500570363019897,0.045131171688387005
0.45145597392892967,-1.4900090892366586,0.9804207086378378,1.4797953690416268,0.7098869713959144,0.2609,-3.82554737337909,0.2008245737652451
-1.4706121865803548,0.2591294911034401,0.9874033899774939,1.2812954360005486,-1.3433785367977062,0.1207,-3.246980456768839,0.12005225303918042
-1.3983736150777757,-0.14707515590127285,1.4390707177057571,0.30319371521891547,0.6769462359002545,0.1196,-4.86394503234268,0.0951352032292278
-0.31818604003114004,1.3979154948438444,0.20956477121749062,1.3063056553883672,-1.1280081613755772,0.1491,-3.4597160327991348,0.18623458079407382
0.6247736578495204,-1.4802392569416687,0.869928711878571,-1.3453863139469595,1.485867743561628,0.2073,-3.8697507721873814,0.12441083692701836
1.2901976046745856,0.35276761597867123,-1.1400602405737665,-0.6837756090073017,-0.9939007727365375,0.165,-4.579884800726124,0.08542211906263737
0.9355402440581768,0.6065679622539437,-0.5653114748993395,-1.0843230831380122,0.8172201530015037,0.2606,-1.9114811200242685,0.1903995273805602
-0.2003366324238598,-1.4731956022673978,-0.3840597899365745,-0.661080654973311,0.43942338869028763,0.2822,-1.8710608435078766,0.08140126393337893
-1.0335509219826435,0.6594374133044849,-0.06352340419760094,0.4819135544224593,-1.1771891366417162,0.1609,-7.191550891219757,0.2569913741212255
-0.4973657877223603,-0.6672751618518733,-0.2958941776974695,0.47549499643756743,0.9077209264322597,0.1984,-2.0919792425048516,0.08252707723496765
0.3611111550743882,-0.17074256789541709,1.2026313281301926,0.8895899845503146,-1.1232370367608242,0.1592,-4.294502931548289,0.19559255931121555
-0.644739657718431,-0.1670199746782337,-0.20179836231595938,-1.029664617275321,-0.4091699787998637,0.3836,-5.082291365899355,0.7505439672595337
0.888003355867323,-1.1857286946396908,0.2751655377017532,-1.0156447439013818,-0.09746098554538873,0.3584,-4.936545523017141,0.6405415890172544
0.4399216559936838,-1.4495052534698152,0.654240392084803,1.4762674942510525,0.16565427762213547,0.2797,-3.7280683203538625,0.3425782843249189
0.6177138301205627,0.9856840564268801,-1.1717761394915533,1.0060946806911106,-1.1488187781449608,0.1389,-4.061145499131249,0.15282778429105792
-0.3172653572247941,-0.25764816352028497,-0.3919901544969209,-1.2367062243066156,-1.005938345821209,0.2432,-4.926138077751306,0.23799372831043478
-0.8002357746829745,1.0255984689875444,0.8160351569565876,1.148530842389258,-0.7833033259468825,0.2972,-3.312314691699465,0.3477548627466478
0.4784292379000896,0.6468725361197283,-0.21705134725793807,-0.17720824145217584,-0.5955480617929334,0.3065,-5.951441049518977,0.3291328237396485
-0.3750618364962033,0.619660470054463,-0.3263363439297722,-0.29270026035240226,-0.6259917456405202,0.3527,-4.484239269296874,0.43885352594349636
0.48284855936607673,-1.28229820683894,-1.497752133136704,-1.2467060615371715,0.47680220574818977,0.3958,-1.9456474704733666,0.133274679373289
0.6920123314808304,0.48529830457015954,-0.26067245573834197,-0.38640418418883615,1.0689854011861861,0.2587,-3.687662389048188,0.1339359720225292
-0.7785704702013461,0.6782891080095133,-0.8364312511066525,0.1947274245890156,-0.13909647365772893,0.4627,-3.2967950718192407,0.8667069097269537
1.4382491008717238,0.3845458683404499,-1.2004178549715432,-0.49325254316295974,-0.4230512268949247,0.2411,-4.5085221972959495,0.23941349040477083
0.13278780356747966,1.3328543077102526,-0.3053584448499578,1.2073549698178438,-0.4970654518104882,0.368,-3.1244049552199455,0.559148384127044
0.06754168490212464,-0.9527585341836048,0.8037671288243189,0.9437639299901543,-0.9316041101449272,0.1781,-3.514040512231628,0.1834194789373306
0.12680988949017347,0.6349479606283075,1.169411568205022,-0.5214394433841862,-1.1159110527542828,0.2346,-5.654696967458626,0.5203830047688378
0.3040550595652389,-0.8832204354652404,-0.5588324715007491,0.20114856499444134,0.09620447246142394,0.3781,-2.1561580368024194,0.3073309595470066
1.20760366447628,0.6288557005021835,0.8429507999274222,0.8137441337295099,-0.4400697450116362,0.3261,-2.687750411365217,0.34827557510163154
-1.4767322072845568,-0.7279740027469339,-1.416262206282685,-0.9339530679837196,0.2855961284329185,0.5736,-2.231056255971854,0.6220770730382905
-0.08745161522040146,-1.4130443303942928,-1.3224914869391116,0.616271986240962,-0.6012997540298186,0.3342,-6.090425660081983,0.4614680174568955
1.2093668732421463,0.20989681765892865,-1.2312991270685791,-0.989601486358822,-0.634770675230472,0.1412,-4.304145815781697,0.09718134225353724
1.2707573110038384,-1.000922075473802,-0.9178688353197452,0.9669518540379407,-0.30196818501103984,0.4056,-2.9413241663761163,0.6670799915828493
-1.0264345288554826,0.08996651546301293,-0.8951633235352476,0.10276031557485776,0.07215896924873078,0.4512,-2.1258326707263806,0.3982328783227492
-0.34687456884645274,1.0614675266994675,0.5268696624249625,-0.7895943492458712,0.0006775593033858662,0.3729,-3.5565918321267698,0.6049307719810655
-0.9908197678555066,0.7776892745376758,0.5485407769053001,0.06402323540157173,-0.9357264095095917,0.1707,-5.619864996422246,0.3502980260617693
-1.3110214254488437,-0.7122944814950247,-1.2863866360225062,-0.10463266090457757,0.08318004306933968,0.5533,-2.571278541911837,0.7268579489992392
-1.2385402462321422,0.23537519391009765,-0.04114493813866327,0.6050990262295741,-0.3518131960089699,0.4878,-3.0608253777067063,0.8920925316484764
-1.0569686808708283,1.3758227157670153,-0.08226354427187821,1.4639350510580575,0.6100883559932395,0.0677,-2.8718226927334034,0.03487269520132414
-0.9551240832077099,-0.007199662930952533,0.9546737531506255,0.8286581959657227,-0.47537011426916553,0.4465,-3.2612732997390177,0.8242062819770541
0.8062816338163268,0.6043347506945773,-0.6675756628991443,-0.5344141788111267,-1.1685984255740252,0.2226,-3.3213800114275123,0.2684130593526522
-1.3769299955113117,-0.7728772372506326,0.15953928213012514,1.2307435735854866,0.6136989703541786,0.1376,-4.586548398135749,0.08723601323369469
1.3861396156646633,0.31298728082864735,-0.7233634228589746,-0.452731786130117,-0.33090485472109865,0.3079,-4.1233065180416535,0.4249981121945195
-0.19093852299177838,1.1448603117949427,0.9609139452723565,-0.8501432605909154,-1.3486669255538517,0.2822,-5.070072486634837,0.5409707410614231
0.1394201562382471,1.313110065650367,-1.00896500440422,-1.4022634675581453,0.9135418181582091,0.2043,-2.0901661391986806,0.18249367230786634
1.3008338458493203,-1.4165558760802224,0.7215588181091133,-0.023873016608888076,-1.0874657621808526,0.1655,-4.492876563995886,0.16976764620445509
-0.4294630637107395,1.400573567062438,0.9428551293323948,-0.33705517342049784,0.2350567410677149,0.3097,-2.925107410968413,0.2963776931896632
-1.4011475706969199,1.1196175649871671,0.7387147274022468,0.12476240765160096,-0.7725717979478071,0.227,-3.4445886701969415,0.32130894234529633
0.21867774685711883,1.4535274625492396,-0.1079331080721635,1.3340906344118104,-1.3647039571953383,0.1555,-5.263853535632907,0.3172966688554507
0.6098683292007476,1.0540230028738908,0.41377496464384045,-1.2859541207831102,-0.9051079992343383,0.2043,-4.978296263223578,0.4104721932777835
-0.9628212245443265,1.3002282004845904,0.7765395276535143,-0.17533451408200484,-0.48908425655964605,0.4287,-6.007636561170298,0.6498128554336451
-0.7895617751385764,0.15687567340939879,1.4568064153381912,-0.6335003513104374,0.9646329039220056,0.0933,-4.2386050296283875,0.0881508536340384
0.5093948910733976,-0.8140044191330256,-0.9647290321582827,0.5818406601228396,-0.083592043535208,0.459,-4.214808407186812,0.6738278632879895
1.4568564042955403,-0.06612744738215026,-0.07333543112441143,-1.0474588122168023,0.853947503700589,0.2993,-2.185178780695291,0.21114440707099139
1.2298062829060963,0.8445539299826819,-0.38189138772537756,0.49997945954521317,-0.45626685163131,0.3094,-3.687203554261112,0.37786356473719507
0.6370245425325511,0.24454303300056424,-0.7765303507055223,0.2539571254701687,-0.5190799706379283,0.2901,-5.595436168457137,0.3071647109437447
1.349115166012048,1.109838114594162,1.3535996115663513,0.656137606224771,1.38476958378071,0.2444,-5.112925132705827,0.09931672459978515
-0.6061758566039065,-0.7855216273738059,-1.0381261975963236,-1.4581923250593554,1.1087399580740271,0.1433,-3.1500881752838423,0.10983872049520614
0.8180887020496961,-1.116777884034219,1.3966728669780277,-0.9482677440966584,-0.4297878022651589,0.3387,-6.487202682296249,0.446694246661973
-1.126318397490567,-0.8721156310661105,-0.07681533152150655,0.5183896230775318,0.33247441741415296,0.2225,-3.436043862672622,0.12167495728899842
-0.7450706223657496,0.18006356567386828,1.0833835533102008,-1.4390085243276733,1.2484800289824376,0.0905,-3.7923122290046885,0.07522768090641342
-0.1051846011244808,1.0164867190102083,0.9055310567623218,-0.5839765760295706,-0.9924463287323497,0.2502,-5.076536314900683,0.49868446550987267
1.4132408483900312,-0.5428434736303401,0.44764628842156684,1.4392236543490213,0.2512950655782502,0.3078,-2.0307866160846038,0.25300592045210424
0.9190711700413008,0.055153680131821314,1.2732156451336043,0.09571437977291408,0.809238343791927,0.2749,-3.9978649301661138,0.15551846860653495
-0.6798649463954777,0.43537981189795305,-0.9537198231956538,-0.7964762817635143,0.6086771837712242,0.1683,-2.7860099127214064,0.09379311383904662
-0.8714346657039883,-0.12406795792058078,-0.88273284007243,1.3293476630695493,1.3494364461081845,0.1047,-5.290150656720322,0.14344256847211184
-0.4143907377232774,1.4275753608025257,0.45386053196273424,1.1051075262180117,0.09096982542738741,0.2966,-2.054299534503162,0.2473561143708608
1.2439626700275532,-0.7000868359985637,0.17454743382930005,0.22948669809490108,1.4050916683036236,0.1734,-5.211975425336691,0.08766291970562194
-0.19502006188645482,1.075694941516336,-0.7190537732934283,-0.7486661584074821,-0.5630509510300035,0.3222,-4.04380022936444,0.3062401364456938
-0.492727444088936,-0.12287683090317714,-1.3121669387176103,1.2612474220126058,0.8800367829250075,0.1603,-1.8222117200512464,0.04216291994320916
-0.715790217395835,-0.009063627289693788,1.2884973033537515,-1.0283909104505926,-0.29560890823468045,0.449,-6.199748381999937,1.0124678441382668
-0.6101256800760169,1.3313313511917735,1.376502637591042,0.8821875347856558,-1.1732547339318826,0.1254,-3.500588214443781,0.1629313861141446
-0.09403066674738136,0.8786042330014103,-0.08095792714203465,-1.0802250787568268,-1.3773128261707472,0.2875,-5.250419670922404,0.4105995637979143
0.5745506547396539,-0.5724788696378917,0.1577988739523457,-0.7817219570591462,-0.7162832569861963,0.2101,-5.287008943639332,0.23143721974406709
0.12258990851778662,-0.8512903085753323,0.8360038608380567,0.6476143959806331,0.25395916352618064,0.2747,-2.8139606628935514,0.2312368612702961
-0.9081939755647753,0.721646359476992,-0.9570341719970563,0.10008865219354801,-0.5259372071484796,0.3516,-6.496072258894936,0.5526415723199977
-0.811982072910368,-0.9116045579622384,-0.3458724223828047,-1.1589649730998635,-1.4267929482245663,0.3298,-9.733163202772191,0.6427639405124008
-0.9754959839430998,0.9508478078211038,0.7686978181447315,-1.1392692549906254,0.9425329220102268,0.158,-4.485618975178389,0.13097053140085319
0.29065869636126607,-1.197283109206083,-0.5576100693306956,0.40320264755661017,-0.8231967902252638,0.2882,-4.881746538211044,0.22919494078888847
-0.04160754911162545,-0.19829261069025161,1.4236300702350504,-0.8186044705008477,1.293020932560136,0.1121,-3.844447436870809,0.07583897669512735
-1.3221908192388916,-0.2928340911427294,0.9920347116100277,0.8960909386191891,-1.0151383409609802,0.127,-6.130434507910271,0.20867943563912777
-0.7085731576559038,-0.8576762669297969,0.18120493476397437,-0.45885845025434246,0.7805143874555118,0.1811,-3.6956271771821054,0.16959525918056
0.9760561213875678,-1.0928325352024286,-0.790687198701811,-0.05627853842056951,-0.7506025190959565,0.2782,-5.887312063745932,0.1942018151305692
0.9731853978340812,-0.02002410180990255,0.3588930115624711,-1.1102779491339545,1.1939642938693509,0.2664,-3.75705078941053,0.12998004516775277
0.739839467839297,0.30971819283178625,-1.430625284098804,0.3802391787132273,0.3089197747205761,0.283,-2.975226611885363,0.16577046375806095
-0.11222235556049243,-1.3173642802123233,-1.3604992207819617,-0.5760983107598978,0.17421728051312257,0.4832,-2.573095309572911,0.5428106464907266
-1.2193058964928545,-1.01481720904759,1.3137640346676585,-1.1439502529099908,-0.5516752746415279,0.3321,-7.745555370860319,0.6209547626708859
1.2391058603978369,-0.8794370315692561,0.3442985219860013,0.39382551429875434,-0.38710541852671154,0.3449,-3.0582390535556363,0.4832138510209165
-1.3488216094092318,0.9699066492738635,-0.9288010310737352,0.880572932830959,-0.9870708528660047,0.1592,-4.782285490205459,0.23454661415887545
-1.0315723111793935,-0.5487080726332332,0.9401845443382344,-0.8701948696629092,0.7210798316437863,0.1751,-2.668905833834414,0.11990609958276562
-0.6748391727783991,-1.4055851702626816,1.3456891843878247,-0.43292977159223867,-0.6731295383250411,0.3555,-4.275544738978372,0.5375725242718121
-0.042986776167779794,-1.3913175210863555,1.1567385951481248,-0.7295971738611735,0.4864498721343242,0.1926,-2.371313159338085,0.12284551355013403
1.3460283845158258,0.12358321583163856,1.3563629318443895,-0.9372491333033757,0.1341940763567766,0.3318,-2.5366059901422284,0.2751422371045822
0.19604463650924986,0.32495564880790395,0.7941173972798845,-1.4446042702109183,1.031361813245646,0.2553,-2.0394684731942814,0.15360812275200317
-1.4542277367954772,-0.021465644870224843,-1.0450421783195445,1.403204653164821,1.2075238255202096,0.0901,-2.3319127528823884,0.04169285067985555
-0.30570631713793617,1.0331785023951108,1.3854047308222506,-0.27844542133900907,0.28177069374766894,0.2962,-2.380708427269812,0.23447299387917636
-1.49335207276595,1.4331131423437,-0.9093276678495605,-1.022901486682231,-1.3131388194984508,0.2802,-8.039055019889156,0.4438368243874102
-1.0676257458619083,-0.5829103749378539,-0.7685806917905615,-0.1492828771577952,-1.4858010949666949,0.3262,-8.588073799552413,0.5496567467780579
1.4078987458258263,-0.2862801648395954,-1.2298288738292875,1.4562080683025127,0.5596454311251078,0.2978,-3.4405316103654635,0.1580083011385542
1.2039706420377319,0.7299365658996835,0.05230134036771483,-0.6184613685367957,1.2620793116126854,0.1708,-3.796299159291206,0.0693952732317015
1.4696239330292062,-0.3810185560018642,-0.09516475694067172,-0.10786835378543969,0.8243780669602838,0.3164,-3.7166010324186174,0.17339586112578523
-1.473897436492661,-0.05933848164141531,-1.0180279380751058,-1.1734238126492236,-0.2208563726722379,0.359,-6.568194713883381,0.8311714265519917
-1.3391354418128198,1.0785704422949438,0.9021684366313321,0.26873927534982966,0.4562622662097291,0.2057,-4.622641046455524,0.1730634573724358
0.7307865148422978,-1.3308420131123089,0.5506443720571372,0.6882367429129945,0.09587671050869506,0.3073,-3.216155099696306,0.2569685091428946
-0.5338205090396747,0.2120780501379913,-0.39912708914403705,0.6118499104164266,-0.48869359615836117,0.3836,-5.283902279846724,0.7663330566374307
0.293502801104637,0.2717271676690052,1.365420034903269,1.1543342780733097,0.48049814679591285,0.2781,-3.0688016766538944,0.16261397012702833
0.5295325921008724,1.2775950309830564,0.08210189889096542,0.7816230300625993,-1.1621198583738435,0.1308,-4.294825896565545,0.17435018538089228
-0.4567556952900311,-0.7470188968390502,1.1216072067100056,-0.555982042307543,0.31429287345265977,0.3001,-2.7731511709999697,0.17460788885662387
-0.12217463393885386,0.6701633368578843,0.7447961218257944,1.0343521687212238,-0.6666660544133852,0.3057,-3.91243384244748,0.4256468211735015
-1.0257112557452017,0.7931675911231801,-1.1915892028363178,0.4118878477673964,-0.18389593458460496,0.4912,-3.0319201649703,0.8953302156522642
-1.4565498716621164,-1.2098458034698698,0.06033251112166793,1.423264447024457,-0.31407821425904725,0.6056,-4.207519038632145,0.89453656665364
1.3940732199001529,0.33774337537821975,-0.14051867892782943,1.2111964296218245,-0.2116837059398593,0.2592,-4.499739063152205,0.34477816182585447
1.3042530967944743,-0.2588741259466465,1.1947471667984444,0.9625641670666343,1.2231117563834015,0.2771,-4.131790550468156,0.10125257021039487
-0.7369104638342848,0.562909537446477,-1.190994313549508,0.458779173965576,0.03007914124259603,0.3916,-2.391540071037694,0.3003371190345693
-0.39961567795548514,-0.34590118645555634,-1.2160504452513163,-0.9710402004467967,-0.820065284086989,0.312,-2.3688516736628373,0.23211717152050004
-1.0521860247122006,-0.9390247269569987,-0.6394163397899373,-0.0704913267429148,1.2786105461355008,0.0501,-2.3824076399846272,0.02112281488327421
-0.33949475240700355,0.5975984436810475,-0.1466094228396404,0.041745304650746995,1.0784691047746033,0.1563,-2.973621984227628,0.061045060049804055
-1.0411433282522249,0.902826695946398,-0.6836501573616284,0.7124115285268049,1.3556027672226962,0.0753,-4.394347709264279,0.1007813506181391
0.014304916586465488,1.097736471244846,1.23200456850451,-0.2300499941445593,-0.5281397469038217,0.3718,-3.599995541435759,0.4520273124998775
-0.19413464583861484,-0.4536499508299625,0.10097881226192418,0.8037295253119914,1.2915869796165587,0.15,-5.938824140759341,0.14754663762468173
0.7433642187357314,-1.446628138219596,1.342164241896998,-0.15974101207592883,-0.15229731861598284,0.4324,-3.3161604008572736,0.7538873370077814
-1.1951262819060733,1.296386756381957,1.090915884024657,-0.2480630208481136,0.40612410603242743,0.2555,-3.0787704576348167,0.1615003475874729
-0.4212171346304783,0.6264290375790229,-0.05390140607347149,0.0878850679246117,-0.33658911610723496,0.4068,-5.07875342263963,0.7777334387913118
-0.062131635041351885,0.8003049311301584,-1.2477302030318378,0.508390767389967,0.12350060353945946,0.3191,-2.01272268943694,0.19637013024279773
-0.7297826529442808,0.7896891975788907,-1.478035415023888,-0.19050877484103834,-0.6238010983653195,0.3075,-5.688611041171502,0.3936977356026895
1.2831742512693842,-1.4254369187900515,0.353086082498717,0.7760248375875296,0.6570426615844589,0.3188,-3.437682893935989,0.19993978088954564
-0.003197391909370406,0.9461576511114629,-0.8688202886474293,0.052175877990300545,1.4413529330615704,0.1045,-4.454973559224292,0.08392666646155722
-0.5083980664452906,-0.9597894916856943,0.41753225922615034,1.36734745059668,0.17178979470497002,0.2482,-3.845264798990833,0.22830239163321367
-0.4088237096207983,-1.1718239737404277,0.8479739930654779,-0.7989058786051908,0.20342409055383404,0.4092,-2.5955524152320564,0.363441623647922
0.09440901028360682,-1.101505420066788,0.5240599849419496,0.40966100001677597,-1.2965075648591573,0.229,-2.9818453549619752,0.18636558832400732
0.8951845697780931,1.0696710590541652,-1.2878910837163318,-0.24078273946506457,-0.49964361946634606,0.275,-6.562709232522475,0.27044960778770083
-0.14206987869682886,-1.0262296574071246,1.1756158605124276,-1.1787067479215065,-0.4455052541848654,0.3852,-5.411298714675526,0.6004527646531571
-0.4676472263050544,0.6629343152465701,0.18758957654316077,-1.3811998871629894,-0.5161780420139404,0.3724,-5.569296244641185,0.5467585034619519
-1.0025632118658474,-0.6218322422106125,1.368109136956543,-0.7502791172679178,0.9713960718232846,0.1231,-5.053460716711778,0.12370289337464485
-0.22043266582765764,-0.7828024086138173,0.8051453039901832,0.0014471866782459486,1.162404706664086,0.1314,-3.8791605466014825,0.0765458130838795
-1.1797566637209376,0.9909889193430512,0.17066794001232166,0.4202689956405523,1.0919827427630304,0.0699,-2.699467286029823,0.03959339241956408
-0.8209044270137288,-0.9186561200675256,-1.1537912656469602,0.8388134030557581,-1.468180388665643,0.2661,-5.624238745448364,0.2939561102583162
-0.3490933648682417,-0.592330216044346,-0.8929862513804824,1.356774110315536,-0.46823003039994404,0.4635,-3.0967395260400274,0.9148336106860218
-0.9033136663592631,-0.6114803544577949,-0.6439952102108277,-0.6661867168377142,0.334954654223913,0.4293,-2.1595340544017705,0.2463836985226554
-1.3035831056837135,-0.8759719642475997,0.7917818860381507,-1.4712012307901283,0.7495604656210526,0.1287,-2.678267911786506,0.06032425925553598
0.929182058257358,0.5500459438130099,-0.46432917308614474,-0.12228835815201666,1.2963844671982714,0.2097,-4.205926010872204,0.08110787896190311
1.123029954388251,-1.2772609815319313,-0.21582694850916462,0.08092289369329064,0.2558818524523869,0.2822,-3.4403006304119725,0.15984200950854568
0.8413289944297953,1.3563680445217625,0.7111426581411178,-0.913664562749144,-1.3356733392677833,0.1934,-6.573815215802999,0.4420835718081141
-1.283796072144706,-1.310605761875855,0.997710131066107,1.4177068076308532,0.7258460530471353,0.0818,-3.8411342964071893,0.03469956335474975
0.49281524934786947,-0.35272591652995366,-0.1309015785741945,1.408798170092667,0.5233503769873726,0.2516,-2.2288939901625127,0.1718729188247432
-0.6698190878820361,-0.41497297303399394,1.0352907771312725,0.43921980611369005,1.2113569042271113,0.1312,-3.958159853536378,0.12004042016243886
0.45961413127226214,0.846849253827199,-0.6701884075015823,0.8257135100609276,0.08449645486084911,0.3376,-3.6045106472993087,0.2570246633026829
-0.768474166268627,1.2798455258862207,1.0746809824817598,-1.307657633993896,-1.0474586193322832,0.2529,-5.773945205002465,0.44992530655960383
1.0363959658260784,1.353023826269049,1.0669697853390359,-0.10116140153246289,-0.4781041987568493,0.3138,-4.934130129325617,0.3364371436872945
-0.3611116692454859,-1.305426907764823,0.2925200221329287,-0.6105151187188212,1.4028231273431961,0.11,-2.354124676839818,0.03881708542257269
-0.5688230028734569,1.3069688180260095,0.010434660165181242,0.6436618957105109,1.0210900894035748,0.1277,-3.7928121646896753,0.08449436973872804
-0.6484568781460383,-0.48624844386774346,-0.16394420261040543,-0.22582906405729442,0.30946598792972946,0.3167,-2.013171740316898,0.16602557395089435
-0.1462996835846384,1.2894603860924816,-0.9457534952249892,-0.7278833551521839,0.14285825976798838,0.3786,-3.6690815474081733,0.5067086193033538
-1.3859437270980814,0.5185992253023142,-0.7987744159511837,-0.594266056566708,1.118645956104293,0.1175,-4.016718805435934,0.0959433781089139
-1.224826179255211,-0.31251189131498003,-0.7084440073999276,1.0514752133588576,1.0518237252738825,0.0823,-2.2023066508210776,0.02930988400626553
0.31745574423282363,-0.21632188884505377,-0.852373277957867,-0.6559025019181424,0.10246523769956406,0.4022,-3.3863653698552114,0.6250292871283576
0.251814442415085,-1.3015723916879107,1.410632361308941,-1.2446305191220592,-0.26686912096690785,0.4466,-5.727775827171776,0.9379242100222746
0.6513956709607251,-0.06226551748523179,-0.24729513323384422,0.5825233812493167,1.0325691966984922,0.2843,-4.435708004360853,0.19109722657284145
0.7201313405342216,0.881676145535145,-0.4712851893947134,-0.892839818150333,-0.5547971059884881,0.2718,-4.398723967530787,0.22207068608806116
-0.35274669024578853,-1.2980566480986773,-0.1709725728779361,-1.4930774963891218,1.3785453182904557,0.1813,-3.2258425640500485,0.08585672428138684
1.067072372844672,1.2541977324676474,0.6390127131331766,0.29301350813085225,-0.46145645633203003,0.3122,-3.278770972748423,0.33144147978817956
-0.07631119844643197,0.822415428595852,-0.9928885290499576,0.7952814651443574,0.39874690906878674,0.2579,-2.586953532013823,0.18615032946129306
0.3688097948787825,-1.428273059656787,-0.537837221421519,0.745806336075177,1.2468071238497878,0.1867,-5.634342134696642,0.1351036833328229
0.510251559025833,0.692058699156112,0.3076170412478061,-1.4616218937051784,-0.7034555076851652,0.2056,-4.642134729224283,0.29995022941026117
0.6861637689456388,-1.4090229099334741,0.04791816586921693,-0.1538765996531719,1.306088279660751,0.2221,-4.401199413521118,0.14484253532566108
-0.8013335083875663,-0.24119892295576895,0.22490146774391695,0.29466481482118034,-0.9475724358703028,0.1583,-3.5868559377932088,0.2176793720360002
0.07440208402086568,-0.9505307573012947,0.32030188584477903,-1.300854354684036,-0.17459358680298243,0.3891,-7.518272630449294,0.9366139127541461
0.15609468194667686,-1.0647022029353712,-0.5915071290126181,-1.2924552271970238,1.1003809554416306,0.2047,-2.7876757511354677,0.12512904497399882
1.3622278213671248,0.07150184130100579,0.46548627929215747,0.6995675338454457,-1.4020288909953855,0.1327,-4.430002955919244,0.1281837857363279
0.3559744296722154,0.2610434433714044,1.3056979227693017,0.37309295680381416,0.22505329471979652,0.3073,-2.3636097567928154,0.2728713294004788
-0.547013558787756,0.9641061117899978,-0.31458218602074917,0.5878594691232921,0.7949395346270212,0.1487,-1.751577916340874,0.06196651395133027
0.3797483385132676,0.7387871000753896,-0.8224171602912902,1.1946161966060416,0.8488313071956024,0.2679,-4.165912093185914,0.15501957024543098
0.26835382707607014,0.32066517252997007,-1.1771442251339237,1.2267590089490712,0.05694082919252752,0.3071,-3.261417476485666,0.23069579905854543
0.2715158318953801,-0.9024065625098625,0.6485725229633195,0.19750493056067198,-1.104968488060424,0.2011,-3.631347591620334,0.2199163525187356
0.884086761476722,-0.28123499451408285,0.15261236440004522,0.41556848908780397,0.7681662401919374,0.3121,-3.6719139153528784,0.19722014563947565
0.0910429417638614,-0.9844348639701965,0.6246180992903234,0.8425369141574026,0.4934887448452656,0.2741,-3.5777585657503597,0.22739541472389346
1.1793494677694984,0.09344105482134601,0.3179597577362063,0.43102593639286724,-0.6568257107576716,0.1958,-4.086593112359958,0.15563948880827078
-0.9783745041885338,1.1960784468643695,0.9953145426502181,-0.3319784547527085,0.8947306394355876,0.0887,-3.9255445991555615,0.07296830453423327
0.05940057960196388,1.204044476317029,1.4627020242237219,0.3286508774270611,0.7773649114603387,0.2949,-3.9552624602808755,0.13335786406507344
1.1570092800716791,0.4638237339323277,-1.31971176817207,-0.09284586095518477,0.7284839190605066,0.3055,-1.8922301968751125,0.18490633180902374
-0.6189281162962019,-0.6076374004443803,-1.4751043775686439,-1.2331548519006386,0.3606286993613792,0.5062,-2.2783122612753797,0.5031149838167155
0.7523178524174203,-0.5308877787452666,0.3352958960995225,-0.5104182046021485,-0.16717327117859782,0.3726,-3.782235355612389,0.77485751743778
-0.7543644015232713,-1.042483709286817,-0.659896305505681,0.9096242500819538,0.19555463146802587,0.2762,-2.707553561927922,0.1335932331546983
-0.29286986198843823,-1.3440094554542361,0.593890663060987,0.36667241928748595,-0.5698053497053528,0.3473,-5.082711898153523,0.6096983439780644
0.8159377646997585,-0.9728418576691892,0.754825919687736,0.18361158154016177,-0.8617784004027031,0.1911,-4.8860699764621085,0.19334313217835133
0.9036599097023257,-1.3287720111719028,-0.954444467486404,-0.09877049245536229,0.6805710417583439,0.2057,-1.7424762367129987,0.14170917304673608
0.17352366458711943,-0.825793181937279,-1.4869561981431796,0.938385398016977,-0.9725488249657998,0.2263,-3.7376572753949766,0.1557292686332045
1.184183711860574,1.1358327117384137,0.5867529152916724,-0.9069836878682677,-0.10329427459386586,0.3128,-3.634278273117332,0.4179063150394737
-0.9851224042966186,-0.9335371706677565,-0.9264339689104026,1.0276199108270454,1.0643213346092462,0.0896,-2.1611635018532844,0.028091248550107667
0.778138755082808,-0.04250589634715185,1.363903234163104,-0.44939677382032106,1.121621279416026,0.2272,-4.03374129421946,0.11362532016572363
0.8396376625505848,0.5483229505259049,1.386063275529403,-0.18380204237185782,-0.37624207664663434,0.3893,-5.443266493504934,0.5152811431749166
0.9425884506687647,1.461380754953642,0.016521602593955187,0.255971945936716,0.5822306152497787,0.3316,-3.77818069962659,0.21681935676774974
0.9170323369951765,0.011395366744288982,0.6823153039966114,-1.4102770559977567,-0.8592816056654509,0.1759,-4.688795492947369,0.1553974169370674
-0.06874215682543716,-0.3861079055958969,-1.4590831686390975,1.2193773681178892,0.7982932822503659,0.2097,-1.5017273690144066,0.08927391579351378
-0.22623276734918707,-0.8994149020576974,0.5154635717245912,0.2216217067257238,0.18699590063575222,0.2859,-2.651986329473099,0.1796759349444817
0.5646178429842057,-0.2143875992708444,0.10669766388812052,0.5413345875792404,-1.4929369429489292,0.1926,-4.9489254123730335,0.25030461102530277
0.07049652004605722,-0.7020945132442205,-1.4713866685389578,1.064836776087529,-0.9441631922041426,0.2372,-3.0949435646951415,0.14219703490131647
-1.012080764835836,1.4148865623166356,-0.40253629641613564,-0.47165107183619037,0.21012900602336293,0.3565,-2.4312479793002897,0.27890432741704074
0.4255801573329845,0.22828121489919329,-0.8514389223286659,0.9489355515585323,-1.1447780029014059,0.1518,-4.394247152799942,0.17884997788496004
-0.6419383904850502,1.2834359920112375,-1.3776475811078464,-0.4393209772953077,0.520300497965188,0.2091,-2.3246853401324628,0.11675989336769443
-0.9235480888409411,1.1999333791734887,-1.4121898360788183,-0.8154091265346509,0.7897307770401532,0.1667,-2.7454695173151222,0.1155982412652256
0.22044686288816506,-1.3877610212112832,0.7043875247085101,-1.4808143762224126,-1.2725754244434377,0.261,-5.101321901532043,0.3205011388155421
0.6930361524921018,-0.17972533666811485,-1.3340193319590934,0.8338271174092045,1.0195188151727486,0.2784,-5.058530473537966,0.1876971996000283
0.1657175239221751,1.309061156118796,1.4685298282257007,1.2007714033039236,0.5991639146737278,0.2694,-3.7499496245150477,0.13709136031008068
1.097034992655726,0.11991377198819198,0.4043335309777376,-0.8958293142674718,-0.6195910581530519,0.2246,-4.557170286087058,0.18442387855398407
0.6023711980705011,-0.4819432727310051,1.185275699713031,-0.40594444609364433,1.0352873958152653,0.2431,-3.7611543050575156,0.15808676151902953
-0.48946458096111956,-0.32784398488682576,1.4156822457064488,-0.034263163793824436,1.322126136717765,0.1056,-3.8125683837580104,0.08697074769428939
0.007610310184211544,-0.7660822551667257,-0.838200979063005,-0.8859361682737485,-0.3802108252512264,0.4147,-4.2146296012279985,0.6185933801106532
0.6899382507818084,0.23147334605480907,0.24880370964402765,0.8777100382540115,-0.2870429483518151,0.3776,-3.2530645346002935,0.5468529819656551
-0.7065214736437333,0.10003936497945398,1.4750372377512124,-0.30008330608140565,-0.9061595983399571,0.222,-5.256993046631065,0.43301857670183735
-0.5622500584359722,0.4229999816926244,-0.16507191017077538,-0.49893615658597534,0.8876538038285182,0.1811,-3.784129199004632,0.13600322298999823
1.0397741553855004,1.1599674257055992,-0.9200819052921235,-0.20114160711522966,1.4802511077403424,0.1374,-4.211230292199104,0.045351708329016034
-1.4499450537496732,-0.6903343554726783,1.4964773155665005,0.5751924149817191,1.3172023814273275,0.0835,-3.2454974224554234,0.059555677456760166
1.021242434034649,0.2429561392007067,0.7961989440463881,1.1720901977331835,-0.8863814992269505,0.1143,-2.903369828208647,0.07187085488665543
1.2682432682841736,0.08365594323080572,-0.7485427447406194,1.2632981155536074,0.6537040384389541,0.2824,-4.023293333098221,0.15674628752455227
-1.2131826954465015,1.2591106927039655,-1.3870266270778326,0.5565815811196417,1.3967087977206916,0.059,-4.02694864897153,0.0758274205881011
0.6210077390336246,0.8936936246452705,-0.5080165719375879,0.028291967328773815,1.0411429223806241,0.2632,-3.8868585941541163,0.13813948808114274
-0.2983346339494628,0.38117330589310416,-0.6904046665324366,-0.680387025979148,1.2381155913218729,0.1511,-1.7055435623633497,0.05156882642006397
-1.4329380444275093,0.9236826823134678,0.28028834568298144,-0.9532206293371557,1.4348965508472489,0.0479,-2.7949390687902995,0.03831914555254244
-0.0026588988358264842,-0.5447748018202518,0.8890268548046265,-0.09518749869243326,-0.4504942765732316,0.3973,-4.939447992248978,0.7062454346278049
0.1430202748123186,0.7767038077718853,-0.5180922260014102,0.12996342891188384,0.546840391797538,0.256,-1.963259896296085,0.20654819100666735
-0.3908010281519627,0.5784873543375166,0.21042707210100753,1.449712341883429,-0.29265634122940654,0.4143,-3.6986259040652674,0.5099059596398116
-0.2418671778567647,1.3285445759329986,1.1171055927510394,1.2426429775640884,-0.7276735179780804,0.2892,-3.337382505510397,0.3361199169006123
0.7445705555852449,-0.25302955593647547,-1.0210966835890012,1.0926386183472743,-0.19623298128098332,0.3871,-3.0607944464293055,0.5413635495252225
0.7681760595234182,0.6234550201984561,-1.1730626339873522,0.9168065470137496,0.7514569731214036,0.2903,-3.821168803379159,0.15674902974239677
-0.30191222667407014,-1.4535065482503948,0.44397878866310725,1.1195398675983337,0.9687045555553411,0.1707,-3.6430201279627394,0.08030261310322176
1.339978069944681,-0.9901234175837512,0.5790127734811255,0.8628551493414642,0.5410363745166542,0.3162,-3.350970725317193,0.19347916281767583
-1.29021321859668,1.1731009932289034,0.5523966456488956,-0.8990464618370679,1.4464380437861561,0.0617,-3.031439144417359,0.05011375876067195
-0.9700931782404408,-0.7416046695871723,0.49406560277753253,1.4147526631435436,0.8647144784658742,0.1182,-2.2397483153530535,0.044118201203779225
-0.633582942837496,0.28064692847871564,-0.2563354803264024,0.2129424929364232,-0.736087365392414,0.2712,-3.7509797119386095,0.32298573774863487
1.265003824373562,0.29062139392087283,0.37916059138515834,0.36075097547898083,-0.7681784342371321,0.1533,-4.363772328037404,0.1073757130824986
0.49926650051567734,0.4736686176542877,1.286891046417899,0.9208521767039399,-1.0216083609766806,0.0983,-3.9357490259835015,0.08953322521394451
0.5218627688538477,-1.265843030017381,1.0140978786800394,-0.0023288245809589547,-0.08414985465912439,0.4364,-3.94564190045947,0.6678964304491601
0.16914767018597443,1.1562857160771056,-1.2224159775589651,-1.4221616088270908,-1.3041456625090722,0.2409,-5.4357073350128955,0.3585259071999946
1.4272614398003771,0.6869769754177297,0.4296646429906774,-1.024623295039592,0.004875051911244377,0.2799,-2.9209510504697214,0.30334213313289266
0.7003679241090719,-0.7898470015994289,-1.4317336684430788,-0.1942927710124629,-0.23612160115556513,0.4043,-5.269107632521683,0.8571319646882183
-0.41189905694336915,-1.443507868753728,-0.6953871626295149,1.1168436156706623,0.9264051919828851,0.1678,-1.6962974809447906,0.03625381341953971
0.7336095492679395,0.199778244169043,0.8371727554697865,0.703463876836866,-0.6108648152533481,0.2486,-3.9817250929690533,0.31557486301387633
0.6469642451995044,-1.128272813288289,-1.3891907717509429,-0.026540650654908626,-0.5867315333149465,0.3185,-6.317460638002588,0.24644283740959178
1.4019963892210003,1.370087858635364,-0.042829919990748255,1.299789341069117,-0.0005356864108267967,0.3332,-2.4346020113374345,0.2610384982416699
-0.4837243797892743,-1.0200285872471384,0.6903137081069572,0.3166069274485057,-1.157689924350737,0.1502,-2.9247570080977843,0.10652971408568519
-0.7719218331456869,-0.144420500944638,0.24914449221829127,-0.41011352915440913,0.7345297304829055,0.1824,-3.5681232439622055,0.16483695394326936
0.44657557893934197,-0.9981190798106445,-0.5146289490626981,0.5476220014554469,0.9790895918990707,0.2584,-3.4946069464691827,0.15807331118197318
-0.7576352806480783,-0.5819200060857384,1.2232241072060477,-0.25743667889303,-1.4525900354023042,0.2951,-4.9185071613372875,0.3385310500803597
1.2002974521207808,0.6132882302191534,-0.6887634398411033,1.2237419768354623,-1.2603367088621071,0.1314,-3.739961048593955,0.11372189915827301
-0.09046640194188749,-0.7583556631470704,-1.3145127311662996,0.6828151343825679,1.205978736501629,0.1092,-4.612856603442489,0.07856497828305883
0.08242116719699366,-1.1901884659330002,-0.49125437976224595,0.40094261517409624,-0.7798299158766131,0.3064,-5.225116426867702,0.2620616469488076
-0.9358794075935071,-0.4986447626835151,0.1342386424522386,-1.4269164688258182,0.05955813826776213,0.41,-5.549178851166586,0.9835862387401412
0.3187975960795122,1.2125135914888587,0.6664782888853589,1.1984066116443017,-0.970891137169372,0.0969,-3.1759161553645856,0.0783325905425996
-0.3429701685426143,-0.5241633707674378,1.0559477032504931,-0.5678438717419937,1.3040052719263557,0.0911,-3.6218470743967406,0.06250484431892134
-1.1721718323443244,0.18760000059686943,0.008744158055631779,-0.7030463904165032,0.6371697441376658,0.1741,-2.939125213570695,0.10132830824448101
-1.155103136161788,0.3748568092617435,-0.9044061936760187,-1.2676341430795641,-0.04528108193628988,0.3795,-7.194294810765623,0.9906566176624932
-0.2445911361036348,-1.2194450345954089,-0.01274663558066913,0.281859196109548,0.2743730079279123,0.2644,-2.4419529589999214,0.13704342632428893
-0.8392056160630186,-0.9455778462526242,0.970687275323062,-0.004656224727172864,1.0552345431504797,0.1504,-2.9306752959873603,0.056739335786088634
0.3345229849706446,1.303134583205816,0.4511976299103888,-1.1134654326153803,-0.6659712312656345,0.2423,-4.509419769856993,0.4009565611772969
-1.1848201942571206,-1.1627105642838895,1.2951595924677033,1.109193960144974,-0.18946647646839976,0.5107,-3.8477605212299646,0.49938267590599034
1.4711700819380136,-0.6505198574608448,-1.2965008746459283,-1.033796731901666,0.7170389985332251,0.1406,-1.3820415868134799,0.07973113286137634
-0.6824714479821417,0.36447484171416944,-0.5705403841789598,-1.1248509889087437,0.8883284149390667,0.1789,-3.2517406520115926,0.14695044641143473
-0.6124614894652604,1.1805297887329305,-0.05986131408476525,0.3010991181079474,-1.0793022252472526,0.1838,-5.183015094963356,0.3397937076632752
-0.3952521670454663,-0.08596180645333429,1.2778452771359445,1.0569475640207107,-0.9673347649361419,0.1649,-3.056783156907424,0.1707833311052488
-0.9120813506475207,-0.2831085429202105,-0.6262125532749825,1.029695249946986,0.8350987015405016,0.1403,-2.9812924327022348,0.06046267388492429
0.36917143972408395,-1.0558428350065703,-0.8561706628083745,0.9763262322527346,0.20869726814731626,0.2335,-3.1205888606060532,0.1749127121366856
0.10941383621408107,0.17960206921503774,0.8241296161802283,-0.4128671191858122,1.2677953806777085,0.2037,-4.230321695234948,0.10559541863226207
-0.8154546750007886,-0.5675795911308965,-0.45935790497921114,0.2139475721778381,0.3013559661645875,0.2757,-2.569770742012414,0.14491679200644017
-0.8426643692270366,0.7274144463659997,-1.1635217416302193,0.47082907235328975,1.2331387765141977,0.0842,-3.698287479238894,0.08526200240476305
-1.2478985954688928,-1.3975101647452621,1.1535665639709305,0.7616389364165492,0.8457739486237879,0.1023,-3.8053215451625757,0.04184573030030647
1.2773036422433672,-0.37796915436017553,-1.395762519837953,-1.1310396061510142,0.696870117111656,0.1388,-1.5579445949376027,0.0872262506926508
-1.2630510437567894,1.3518072565867763,-0.5978248640536656,1.077481067844746,-1.040951776940584,0.1476,-4.417348954863707,0.2445139789359347
-0.602293581762204,-1.3575017520794206,-0.0029373047922742757,0.13764375980265564,0.477142012210769,0.2023,-3.00567066679436,0.13577429140950606
-1.4978037052832163,0.43201939749116036,1.033570487801157,0.24700588110255506,0.716759922022967,0.1285,-4.323820306428192,0.08437095776912684
-0.032182747509166276,1.4175527212025596,-0.8885205342522364,-0.16552262601759815,-1.0036752246544896,0.26,-4.886439595450668,0.48616482494030216
-0.5021305554234221,1.4505935675909254,-0.6222575511168023,-1.3839451054861327,0.12657191751015873,0.3969,-3.446184513114367,0.7506401290544688
0.8231012564109967,1.4191478171712486,-0.23495443056498155,-0.648359263591443,-0.9774985079526572,0.2167,-4.821389940165925,0.30973344076175097
-0.998996311126105,-0.3322087275240957,0.6694266717475634,0.6356138421918942,-0.5375685786944603,0.3861,-5.723766078503146,0.8479319775425717
-0.3667704691320506,1.4562515985480897,-0.265296063733375,-0.34861525866436116,-0.4161513211653425,0.4262,-4.016526972227529,0.6720809555306958
-1.3978841359548533,-0.1826016872937004,0.3888946304418721,1.3591768375999727,-1.428477428293757,0.1036,-2.267993251658307,0.08405357674762531
0.9386580115243879,-0.7185855720859178,1.4920861987921503,-1.3135968437941654,-0.038032630676547274,0.3168,-3.98217773472934,0.4532826702702227
1.0818833124400467,-0.19780255675787983,-0.7531858324660168,-1.3213002838490266,-0.25158038732001997,0.4078,-11.154377665761476,0.6736073980768221
-0.3093643272761806,0.41315033461375816,-0.6094498873747223,-1.0933974524846157,-0.009695537808823262,0.3867,-3.733752802140402,0.7789826620357662
0.3274763020668696,-1.048737014036277,-1.007520759853357,1.3881340360735552,0.08714352645443224,0.2606,-3.246153638808613,0.20722575749302197
-0.5985393156593404,0.09867881893454111,0.3324141800201341,-0.4539626259697207,-0.6488388737803076,0.3375,-5.381758873167444,0.46308440502336307
0.7945474862277875,-1.4640435705712078,-0.030986544885945433,-0.4913869059412199,-1.0559619283045598,0.2638,-2.618585184109862,0.23488039189641507
-1.0838373722374008,-1.0320676531137285,-1.1152901819200614,1.060465278108076,-0.22675590695439096,0.5956,-2.830516726348116,0.9138722889254733
0.876444472280979,1.0633103285772187,1.3472166099783136,1.2923547343247952,-1.1250816384051001,0.0457,-2.958221975542156,0.03694174914916703
-0.03399131229624475,-1.2744921708419101,-1.0808091305285523,-1.4342966851001344,0.58607338445437,0.3057,-2.2334598023686962,0.07902943255441416
0.7903771455248316,0.7843751370187042,-0.02995457878733676,0.8201402471672816,-1.0602873373775872,0.1256,-3.6910185123441948,0.11461180535556892
-0.8830858498461949,0.49974811474663783,-1.3586856337784547,-1.2538329673730177,1.1819040517977508,0.1435,-3.7328284245137273,0.12896410830840482
-1.1292639122718746,0.3288837289293369,-1.0717742616260113,1.0413452499408078,1.4750846608422776,0.0732,-4.59044013820748,0.10730462412765111
-1.4050805926338092,1.404368597158813,-1.4893587458571151,0.7094312062678392,-1.1100334354030381,0.1446,-2.8729107277711727,0.1708649209275813
0.8799662450176307,0.9196838874069653,-0.8584501408953229,-0.1313943966840465,-0.4020115336580883,0.3265,-5.095376175782105,0.40758367272026924
-0.26736629321395466,0.6968471220461687,-0.22388524300499202,0.4716240474027025,1.015644945350188,0.1745,-3.8940809656766144,0.09174693698708267
1.1601790566297119,0.08606565799200117,-0.8435993801925995,-0.13790798337610588,0.9276306615779153,0.2991,-3.4567170869053507,0.1506672650440538
0.04506652518897436,-0.16253570797052075,-0.12814282971111712,-0.788341550328909,-0.05594407434001192,0.3725,-3.838079964809477,0.8436154953034793
0.9064195765592835,-0.4731861510149944,0.5366559066255405,-1.2227962077042083,-0.17297218840898632,0.3803,-4.843556362556633,0.5915171581861064
-0.08199410316525624,1.0493020006791753,0.47635994252621283,0.8599616200383671,1.1738800360953188,0.2673,-4.396403631171536,0.1285361015646708
-0.2631320091812819,1.0063244425467612,0.8754007630891554,1.0459832893488716,-1.4573347208686236,0.1542,-4.80891123741637,0.25487347414072214
-0.8181909653308128,0.9354508858482458,0.30903969814953225,-0.8089116354179475,0.24047116181010342,0.3029,-2.6247655306819575,0.277503821010034
0.34324078364374655,1.251133711030353,0.1286690249262028,0.9254848399834863,-1.384005769647977,0.149,-5.231496397995749,0.32545012082682534
-0.5221227825108283,0.4569921520493869,0.13808014707968752,1.486051063262516,-0.24534495407122248,0.4028,-4.690105837171739,0.44341319686389635
-0.12484238093538647,-0.9567542856056181,-0.17716871304792692,0.7061991863514825,0.2782432773746746,0.2387,-3.026849572238188,0.16939028712614804
-0.6386835688960419,0.19575176869891786,-0.37859537738407734,0.7337510115401376,0.22830621074440272,0.2632,-3.0043634026078987,0.16992853407594052
1.1032509509680732,0.8191248174132264,-1.1460866758038217,-1.4961513608345423,0.5725998281605973,0.2958,-3.084574571088892,0.17555293487110374
1.100452092529269,-0.13368954522599363,-0.7638723812177175,-0.7410122433882926,0.7598098764876182,0.2346,-1.5196560315847112,0.17113136861402087
-1.1525341889362912,1.4285241187644524,-0.46722413837777266,-0.8898541121643435,-0.8664687343310546,0.2013,-5.777624167994727,0.39202627130296547
1.485236501076498,-0.7502412710760051,-1.0776634675863068,-0.5752770859024742,-0.1354436568999664,0.3435,-4.302834395911622,0.660251418141369
-1.2230126314826273,-1.237460887245138,-0.5743688899169119,0.9593163499571089,-0.7994874725096415,0.2774,-6.932299183595832,0.4383377575554664
-0.7805760633470833,-1.0990981292330892,0.3947375438534739,-0.8126206614609478,0.49121755270630807,0.2359,-2.258789430492009,0.08737700706689934
-0.014460039246374512,0.5071409454406206,1.3405676282888432,-1.3752545139357677,0.0601490711550583,0.3604,-3.608500049566358,0.5453368293712054
-1.1447449048292921,0.8302016265236296,-1.3042431636566776,0.3975806898012153,-0.7403295298967425,0.2495,-5.72420454417864,0.3833041444007014
-0.17713887255624416,0.3783827204827772,-1.483900978677272,1.2518708973464179,0.9181629479592193,0.1619,-3.466319598390345,0.07711609380948918
-1.3697758403232538,1.2907678101243873,1.2901836755990699,0.9544391982816705,-1.3329789344172007,0.1201,-2.2936235235440345,0.10130353495356392
-0.835546637614662,-0.47802602994592647,-0.4430445183647391,0.3899302569254275,1.3639526346861675,0.1039,-4.308128310555313,0.10066133676870341
0.7568265067041469,0.8060821301727916,-1.3009112786837422,-0.5712660194952627,1.4556318197838527,0.2043,-3.452860092042386,0.08457700718850397
0.4199683863082395,0.37142332356306196,0.5179303870472092,0.4966317455444993,-0.598386105562102,0.2636,-3.813752346479969,0.3248558869301314
0.8685987816161456,0.39356594444356885,1.013741654238772,0.28922267816307756,0.1581076207496419,0.334,-1.9111529420766917,0.23525457522090118
0.9921552513381151,0.2659039706838042,0.2863233333420343,-1.1359248390802237,0.4145490957915614,0.3292,-3.109892044996725,0.21529325589370638
-1.0692371052162501,-1.0311322164615282,0.9160139444899156,0.6410893748499138,-0.04042509419052953,0.4414,-3.3480504341828645,0.2729397226432666
0.4352232268531475,-0.7052122371890237,0.049609593118534745,-1.3541268354823812,-0.4055708979802428,0.4626,-6.180481112713665,0.7138282817732992
-0.08052493447490039,-0.9362593205194369,-0.15268438762498482,-0.9855963867138112,0.5572334467836249,0.1759,-2.272178567129518,0.08603606420846562
0.3954149688232287,-0.39117589031938804,-1.4468918527288777,0.7498419997195493,-1.228981152644452,0.1936,-2.565456502279825,0.16643826627620456
1.4201768581192376,-1.364568196962033,-0.6044391145726771,1.37685737855631,-0.31948440563070335,0.4295,-2.834738412168248,0.6253496070834895
-0.6999059786827073,0.4790993716782128,-1.2916092617438595,-0.30636928094918225,0.5735759289336846,0.1864,-2.7391378339231425,0.1145617346529774
0.8128798370980719,-1.4843343745881041,0.7234706929980277,0.11044763666783952,0.6463762676664988,0.2927,-1.9833321615352164,0.24533891598657956
-0.5645486219005472,1.438925447163764,-0.8313645965737586,0.18919734642447916,0.41022913919851645,0.249,-3.0643324127495446,0.18161690330869673
1.3710322897496718,-0.016809000298770638,0.42309762845482135,-0.9540791850114272,-1.1645195976242282,0.1712,-4.394116977951521,0.15032306130694056
-1.485691825583315,-0.46677721200583266,-0.3013550449261837,-1.4839430057395913,0.5275779163950647,0.403,-2.0056773167491158,0.15587900130053786
0.10217354910928655,-0.1720979419768447,0.829636922646571,0.32333296169692294,-0.2593295926194972,0.4296,-3.1784998827481137,0.6864955954509363
-0.0972930669070855,1.222675607454276,-0.7710272791955733,-0.287265613269426,0.7655888397095749,0.2218,-1.9213328523667728,0.142003410367998
-0.23633665230231493,0.49292078950155593,-0.9418393212294448,-0.36851326015340646,-1.195658352492571,0.3082,-5.489882633810745,0.4402831115961697
1.3825641138859228,-1.0370582481536066,0.8638459990200955,-0.46256879465581946,-1.2997971544632758,0.2219,-3.9770423272484363,0.1781664936933801
0.0530987206983522,0.7003780603084575,0.8271491462516245,1.1753559027487865,0.022330951760337836,0.2931,-2.4996889255160046,0.2721822051750102
0.3656242576078095,-0.02947212194320281,-1.1797736829830132,1.280746973818705,-0.39312671559086754,0.4074,-3.227029443989477,0.724307846975516
-0.8285067142248745,-1.383805653876435,0.8542736711468653,1.0728913258783148,-1.138851634403402,0.1265,-2.2443833718979436,0.06909083750788023
0.08547703251830008,-0.20122282289380222,1.0040447581013945,1.3272374483191332,-1.2796305435769686,0.1758,-3.779486594979608,0.22240637667620244
-1.4180057478571237,-0.32350362415384515,1.279428687734364,-1.0370909328021687,-0.9008710579636896,0.2124,-7.899764818978775,0.5406696732414603
-1.4300187068604768,0.008987579908095178,0.6293363366487776,-1.1562226096733141,1.007513344271516,0.1428,-4.242586692067815,0.14058099470835644
0.01856619171789009,0.18422614730784703,0.0676523441815704,0.35374095257974725,0.03544314747570221,0.3508,-2.7709338646159227,0.35341728776934633
-1.441725861867778,-0.6057839739557418,1.1974999250279907,0.0756229909137498,-0.6762139686057242,0.2958,-5.989879962674224,0.45435521957590935
1.0531708966664026,-0.05113392507046233,0.01882980415414659,-0.6585697303843383,0.43190618824178184,0.2485,-2.6220587958965704,0.1754667826743774
0.3135133712856981,-0.9693516564278845,-0.9793703739832247,-1.1176534780878724,0.8209743717156099,0.1126,-2.2116030648792693,0.0739314351441267
0.5591763729564936,-0.054739998854630656,1.1125055108293371,-1.1402819779236173,-1.39602984526903,0.2482,-5.476807447603531,0.34778205608056806
-0.46393331335154375,0.16940282670111362,1.431122377501878,-0.26765146285481745,-0.3672252397989215,0.449,-4.45506103301514,0.7913704055930482
-0.8080225375424358,1.4655832322188984,0.03268978553578661,0.43449386102053245,0.26187697037544355,0.2809,-3.0997162563861402,0.19924595007873686
-0.39614474242755504,0.37514642861164926,1.3617805621871444,-0.5901031556958332,1.0851174666866203,0.1151,-3.003528367198401,0.07265344978161793
-0.47111670895369473,0.7696571659739608,-0.049477596643804134,0.11636751798869116,-0.8392643403878435,0.1975,-3.727623840171855,0.33825420697076464
0.5330517027021084,-0.3086322069589762,1.1323110049115805,-0.5998988309231701,1.499986675491674,0.2082,-4.014907129934974,0.11748429612207315
1.1670961214892137,-0.4613564632173346,0.0038415747312456894,-0.23330386489729382,0.5005849547984931,0.2587,-1.5570265473796532,0.18035692986410462
0.9009239459769836,-0.4517266190806999,-0.1140132359449828,0.720054950085903,-0.28120538542267726,0.3916,-3.1010100907873084,0.6172480186940668
1.1148038123520907,-1.2882013446478224,0.923326301579598,0.6967866983001119,-1.465659313901981,0.1463,-3.8581156333052733,0.13330823314281826
0.9552196157447987,-1.056663478652661,1.2118000201802097,0.3440249047749111,-0.8813718612701841,0.1882,-4.49354529464323,0.15994340967926027
-0.6979510269275134,0.44354551689797717,-0.37504533585737,-0.4186026107483738,-1.4339870657640974,0.3083,-6.344958107316603,0.40223160847155875
-1.2801340138045776,0.9959055160141821,-0.22839196146358987,-1.3934029466036515,-1.3255181063512964,0.2064,-8.056072199786236,0.28471888545497465
0.25472329166983076,0.02832716685073189,0.5753979352620164,0.5325483892195688,-0.10949958313743946,0.4076,-3.5748649972834876,0.44048751413538983
-1.175355129351897,0.6424192701481415,1.3282282305163675,-0.6764955784946366,0.04028879086657566,0.4107,-3.714102144934707,0.5210757299112946
-1.3604965391279218,0.7809092138008196,-0.615352493178322,0.3507102453923159,0.10189143217536767,0.2672,-1.9744812105328755,0.18115546092043663
0.6786990374995261,1.2435824685183592,1.2530347106059523,-0.35885587643881434,-0.30958587085066025,0.417,-5.318258232626342,0.5721031659430014
-1.1360568778232814,0.32177749456338267,-0.35152410190755656,0.6191066996573937,0.2596470131814148,0.2437,-3.294492890211339,0.13711074232561435
1.322245220687794,0.7434639047766027,1.1407752867407384,0.4363156259796024,0.22285188159172442,0.3246,-1.9778800530670995,0.26163558438697954
-0.0560908468358714,-0.12722206887062137,-0.020152357710928825,-0.5633198443267977,-0.8402652083731272,0.2637,-6.942704585023439,0.40319325166583564
-0.8758372640343746,1.4875591201371137,-0.1816247006824243,0.15440137112878238,-0.8132965659268839,0.2216,-4.52168849414268,0.3805849317963383
1.4067396976929878,1.2251342044999514,-1.3921268837135652,-0.9058452816510546,0.2050616524265969,0.315,-2.0491090156491913,0.26972220063792485
0.27864876633947144,-0.4276770954853144,0.24050204140579656,1.2719027642944813,1.2204400799493946,0.2333,-5.426953820808476,0.1498713069510024
0.6818398370429151,1.1664537168717333,0.24370609031145962,0.6236078360588455,-0.7886639694576186,0.1496,-3.178062675698022,0.10217387255539838
0.9895834859082866,-0.8182456783490385,0.2546315280535949,-1.4077561138716153,-1.2490499519570015,0.1368,-2.0760363081080118,0.06903397986718103
-0.7249848250905584,0.4460252653114183,0.36293620175444086,-1.469358061419797,0.5171815213768203,0.3038,-1.398026524543439,0.15130440095924158
0.3750366747677356,-0.03710392962860598,0.10927219460983206,0.7311198467705227,0.1538586198177343,0.3166,-2.1139017487209975,0.25063872629218575
-1.4696369245155805,-0.45683476971208137,0.45829869165464254,0.05542624527949469,-0.1558135120446198,0.5578,-3.1643678736777874,0.8968915154451986
0.20836281762014464,-0.8466333830605028,-1.3077754508501365,0.3080372027739746,-0.5403802598780896,0.3386,-4.364238437573775,0.39741801625459494
1.4417663325970365,-1.4020050812098568,0.09325223889154666,-1.3579955449152632,-1.3052945455428662,0.1001,-1.5142347466997899,0.033947104536932025
-0.7960292262964423,0.6822425356957149,-1.126066913214677,1.0981937779581705,0.0774111898562111,0.2939,-2.77536295506114,0.1754472007977784
1.4103119920982135,0.717274584304231,1.2441103927602688,1.0537548912921144,-1.4600262199692968,0.0702,-3.9516428397280574,0.07846124915632259
1.3690579628906736,-1.4129656960589965,-0.3381649629905441,-1.0766227121898673,0.5674557335066668,0.1189,-2.574863095954274,0.07791851269293701
-0.8999563296339537,0.5812663990620428,0.8667211705098175,-0.7564691233581244,-1.023989814005922,0.2037,-7.780615976975332,0.48682078014059343
-0.7128772137098616,-0.36928471267854124,1.465126425136933,0.6637076396434671,0.7741409718698655,0.1068,-1.5556590459990438,0.0337449707251895
0.22474167938332634,-0.601984721369334,-0.49563699806355865,-0.548491029281667,0.8139977067533595,0.2125,-1.8902630526622175,0.16584738876405855
0.330205645888906,0.6323364743363467,-1.05493719443141,0.5522261178599956,-0.8082874793732491,0.2038,-4.283295354552179,0.22358510600144227
-0.1605774701702365,0.3919361625232498,0.2983371182960264,-0.1242180609157515,-0.8311370498302044,0.2292,-4.112924670235779,0.3823552932943234
-1.0863324502373806,0.30164611151462606,-1.2345615245633554,-1.3237927369907276,0.21810885856996798,0.4723,-2.91215391685933,0.8405540518158887
-0.49975627355143626,0.12278486870099004,-0.31937576488783526,1.0900732974441976,0.4373810835580385,0.2043,-4.260123831660234,0.18319653905225358
-0.1476303639822567,0.044092208559852075,-0.18990808466944076,-0.38767819302594586,1.0488563335218686,0.1972,-1.6020668442109605,0.07822696756393362
-1.4278481529539455,0.1945449862115065,-1.0903374231081853,0.13950333120404013,0.5930255373165294,0.1691,-3.162433578748884,0.11391262698358946
0.2836172240770458,1.1016158454431872,1.2392973180662974,-1.08673519651148,1.1052663554794737,0.248,-3.7096015505894315,0.11989089733576602
1.0193655708303377,1.0105899042399331,-0.5063051784408019,-1.1506306307305032,-0.6276653830239871,0.2072,-4.193657147041507,0.16925282958023558
0.4102901118255473,-0.8951400574885531,-0.34180771193785375,0.02508253333159227,0.34834751901978,0.251,-2.7147285352531,0.17805179220166664
-1.3143286517582884,-0.8691867508807255,-0.502654926109383,1.1412139960101868,0.5012599786802108,0.1585,-4.569559982969825,0.16705865147763016
-0.3258702090464076,-1.1967138224738876,0.503087377329031,-0.43016762827459565,-1.1826303750133487,0.3073,-5.983637861189858,0.4072113469377155
0.6978211581467915,0.8580153924247993,-1.2685653539186783,-0.8626685554459494,0.32245864604737484,0.3399,-2.3336110958222096,0.19544179053147795
-0.6777226015727184,-0.7219842229532047,-0.9833127310020344,0.2722169258298752,0.5948353189562572,0.1663,-3.174380857944695,0.12172417509601782
0.7624630949656375,1.4081597497628602,1.1923216315408984,-0.3656151458537007,-0.6311379277025547,0.2535,-3.7259417751289643,0.24895786485357527
0.9303396862675894,-0.04925314044321771,0.2830776236339223,-1.3692618119095448,1.2994122034609,0.2615,-3.7855826566684834,0.12122201377152923
-1.3824139838114884,1.4886682496099994,0.37590217416256877,-0.7256913925891018,-1.4438103035139218,0.2569,-5.6790795978908,0.3777973085907905
-1.288522759872155,1.2101583649003023,1.4713516756730098,-0.9795386447488211,0.6690017168256954,0.2013,-3.0198591926284055,0.13956702976527988
-0.6942650959342047,1.1685588842078527,-1.45751500247514,-1.3777739422461972,-1.4354926535383825,0.2573,-5.187362706210195,0.40298537252195804
-1.2732238116486185,0.8419222170838765,-1.0503868839671018,-0.9663035964859343,-0.2155116977262892,0.3966,-8.686947317332615,1.0716556211168462
0.5896904305333068,-0.22938654736866182,1.1382927263620743,0.7778123483969113,0.13906058909207442,0.3374,-2.6346157114854667,0.3059454175340937
-0.8507738929546939,0.6391052473343568,-0.09990622502009305,0.3116799844889617,0.483357816314852,0.2419,-3.352508425354569,0.18480242091067323
-1.3299599751566074,-0.5027426732226086,-1.4961514432873373,-0.6982091835303379,0.5304296147189378,0.2959,-2.657916443130453,0.07915548927551919
1.287148279083345,-0.08369705296910124,-1.2508008930294625,0.6919612871799359,-0.8836209725637444,0.1485,-5.503736661634112,0.12441703716990948
0.14803454605176558,1.293593540891174,0.7878777167594326,1.421706668888529,0.2478954104626725,0.2757,-1.9911585407031283,0.21163733082749694
-0.574835922676717,1.2733265485927836,0.5960323290797382,-0.4742211860419332,1.1033780701755664,0.1156,-3.2670141903831937,0.07516314159879424
-0.11931334462080345,-0.34934172327837,0.48775765796837667,1.2388422694331673,-1.0746588340926717,0.1654,-3.43076112605802,0.13755954180951666
-0.37199148739585985,0.8526336813546083,-1.3087628535754519,0.8086912493893794,1.3679032548810555,0.0976,-4.318008889698431,0.09625897111742766
-0.047691184582270285,0.5933769527236481,-1.4362899109426868,-0.9283075415994967,-0.026381777693056385,0.373,-3.5567121196595326,0.7236304791519624
0.11246428498544736,1.3736703318980363,0.39712740206158825,-1.349327918681709,0.26408898906182166,0.3202,-3.586644520343814,0.31468383125760946
0.8536693070102652,-0.13852817965263498,-0.6286520756648823,-1.4872325785431777,0.2386237895650627,0.3656,-2.8891280641634376,0.4725756695573409
1.0928230815075493,0.26830283867331106,0.40059210748230534,-1.1026711422354958,0.10889365883875435,0.2939,-3.0269724151493054,0.3073259908221786
0.8724539147324673,-1.0069217005057345,1.1803464044612566,-0.032255101533773534,1.3520731914887754,0.2184,-4.502075711868023,0.11265400531105271
0.13110339092329149,0.3683933841862723,-0.1362060088422683,-0.4269749088859234,0.5337283594611693,0.2195,-1.6325930595930456,0.18421611044392486
-0.7636083204065491,-0.39594011171148447,-0.8305348822957355,0.3914799556640445,-1.0179640061865458,0.2462,-3.2980336787868794,0.19026086432126485
-0.5274666858877334,0.8277903563321094,-0.6855405948715092,-1.1666090224288501,1.0242222564013201,0.1738,-3.668626447719926,0.14237456011328922
-0.9496267642272346,0.8699866240797158,0.6932883788734312,-1.0469898447497603,0.11576770107714363,0.4126,-3.4080593061784588,0.5587886175488186
0.03748684488662524,-0.09808347174292575,0.8009533284676191,-0.20690067579343174,0.9365067353229626,0.2545,-2.6402993327960016,0.11884400321931966
0.16005702061592664,-0.5496389047376832,1.080261562128471,-1.270799954480133,1.1858065062446115,0.2391,-2.7817560801173546,0.10888915661105725
-0.9515423904567029,-0.6194008206426664,-1.043705273419678,-0.8801680634127296,-0.015124837768379917,0.4013,-4.706261599372952,0.9289920561313353
0.05448204440443849,-0.6383651311646898,-1.102077952102111,-0.7678081415686557,-1.310475598685239,0.3698,-6.1912506215234595,0.5399706417049163
0.8860846722493516,-0.6645147415567216,1.3164416233000722,-0.624746386569515,0.9943696444948018,0.2563,-3.845813982585566,0.13142577704513386
1.0492284819382323,-0.0005011448291136755,1.2180396267931988,-1.2779679543994178,-0.3068874214058761,0.3986,-9.275703097532345,0.5815864849473074
0.8436964445752646,-0.7745494492550876,0.7145065748474249,-0.08545810311113211,0.06568341650308773,0.3855,-2.585602499207911,0.3569413826238094
-0.45975886643889274,0.034518339801508535,1.049436808187171,-0.4159641893000168,0.2843340538648875,0.2958,-2.5108658803154627,0.19987192775281978
0.302931170303145,-1.4854930403880084,0.40956944166496,-1.202711698420303,1.4677704988855593,0.1784,-3.357927336925443,0.08320974034393945
-0.6608623990838355,1.1624189342108324,1.4253919483884445,-0.855397634378774,0.8776322271095625,0.1643,-4.283736180900758,0.10588112058836782
-0.5170562398073963,1.4439743089426558,0.5765303851725361,-1.430593681914968,-0.8746738123283933,0.2315,-6.662620836213014,0.44346068930361204
-0.4879179074588613,0.6014646567440227,-1.4927525583566421,-1.2619905637465456,0.1357700714819443,0.4077,-3.39641497931287,0.8100268480657924
0.7074832888547684,0.39997978920886457,1.4790539650448746,-0.49656126749948726,1.3814741995909214,0.1926,-3.719292744887402,0.07728747031121179
0.969861963660164,-1.4950536130437513,-1.3522390887550744,-0.5803142675705008,-1.4407500207636272,0.324,-3.75920498507231,0.31003519184773803
-0.2472457380050106,0.8887675963409598,0.47005245999437273,-1.399368301158605,-0.3348853253247752,0.5153,-8.577663509937258,0.9323468383888117
1.1174843846853304,0.49172780279848594,0.6852990756198052,-1.0116334759893684,-1.190885144795867,0.184,-6.683777770028064,0.2922460161495579
1.2135759037326208,-1.3030053155334371,1.073876505994071,-0.3242023589785932,0.6625368748548777,0.2916,-1.7871365967224715,0.20498599418836433
0.06125125556024846,1.0041030503121182,1.041367313544069,-0.9268344004283808,0.8756512630695661,0.2628,-2.200609681718941,0.1421726662300714
0.04242965643425234,-0.9875229469012284,-1.4658091555360029,-1.2552368039102084,-0.608960076453306,0.3403,-4.202874527992522,0.39932149593643584
-0.2284549953685855,-0.9165925325420466,-0.41722306840768253,1.248674992690872,1.424847828327481,0.1132,-5.915551371759501,0.12704276623483884
-0.9744804333075472,0.5061431059749553,0.7679823460264634,1.4309660856693847,0.6950601455892098,0.0911,-1.9971142534045443,0.03325182204608571
1.4323125450711633,0.2501162970181341,-0.5772244278648366,0.24944111016923998,-1.40865490952743,0.1629,-4.42669405631955,0.15153401330723837
-0.6160071188394224,-0.5756510119911528,-0.510782580399578,0.9867029528540456,0.6298330526834626,0.1879,-4.457947184189918,0.16063156567472126
-1.2046691146836024,0.6675943096773813,0.8117536006784247,-0.07632718786303005,-0.5111415623870921,0.4069,-5.6411905532439555,0.6612809657810019
1.293132750911628,-0.5604340823029075,-0.9377021861203405,0.8069651410925438,-0.5563549949623284,0.2519,-3.777585235478417,0.3532433711934054
0.19485917793365148,-0.18479702258767894,-1.3828828983799883,1.4525575812243021,0.3423964965315742,0.2478,-3.1023794026380807,0.22151454666250137
0.9492209227385273,1.2497613683725604,-1.1433180339909512,1.4954901258585207,-0.8250123187656042,0.1529,-2.8659945439099936,0.08460351855649921
-0.6283887179988284,0.15231598060409635,-0.9625919053634232,-0.1588551473596027,-0.18892896019605332,0.4597,-4.76525920445767,0.9732306560198529
0.6319429809060351,0.7721308468710153,1.1721543222439617,-1.447498914309261,-1.1547674738655647,0.2066,-6.524043801802069,0.40417472262838605
0.46352965080837083,0.8324804670915595,-0.29777843810283655,-1.0020793040266915,-0.6619749348401387,0.2144,-4.899166215119907,0.2408836862199486
-0.15340746221483936,1.1524977120110451,0.32161839821669513,-0.3609055992234178,-1.2334579056186623,0.2669,-5.264524844306002,0.5292968031407259
-0.3557267244507034,-0.25159884536979216,-1.0127062427318252,-0.9966708536520104,-1.0018577740943333,0.3052,-4.577616838137386,0.3326205461191162
-0.1524549322981157,-0.26768651385996556,-0.7826155801898427,1.0470551073639425,-0.5366163853302803,0.3718,-4.854316042363206,0.7664243973151591
0.8604658929039193,-0.42103737536745633,0.7099646339477435,-1.0963910382870732,-0.8786627263706057,0.1932,-4.752373708408558,0.1647194385086943
0.9256635578606822,0.9550394467554764,-1.2773644246926643,-1.3424828989634146,-0.5767372256497156,0.2776,-3.977093387009441,0.24514163110120202
0.8296377040262133,-0.5568056852110869,0.5105668353183761,-1.4771943774695528,-1.470442584535505,0.1832,-6.377249162850301,0.19804663759076857
1.435647167611442,-1.4580332302533712,0.26813357416066874,0.33234285692225973,-1.103360188262277,0.1326,-4.292122023061317,0.11817359596966237
-0.9955847217889809,-0.8344720238493641,-0.41357766731445866,1.144705892346269,-1.3937623935343921,0.2107,-6.562785384449609,0.24017726240897483
-0.45120444079457167,-1.232037009961509,1.2248501293541234,1.0869194245687614,1.492819675048453,0.1096,-4.820694138535616,0.09968946819448275
1.3367807577955495,-0.5136092247331054,0.5394460141913195,1.3354535711457753,-1.0560496086364728,0.0773,-3.19263510046245,0.04221760180663429
-1.3904814089647086,0.5346514404541405,-1.2377505157902626,-0.802005573172643,0.45084460425817463,0.3393,-1.87513696045282,0.10524834767294056
-1.3631622720274301,1.3943631971820758,-1.367922182470414,-1.2659717369201127,-0.437350673129822,0.4587,-7.327273449925038,0.7859425681240616
0.6657256876042195,1.28409910454163,0.7849980371611469,1.095399821283774,1.199691705382818,0.2715,-3.9209563075923626,0.17361562296733402
0.21212167356519362,-0.4757876601841666,-0.4448585845884887,0.5599954579721844,0.14568555929929294,0.3105,-2.7623632172416355,0.20959474858290245
1.4782164368017638,0.28395040953366935,0.35099667206744045,1.0359596829137345,0.7563999407517028,0.3401,-3.646745342711136,0.11374703631641128
-1.3361196897617271,0.22492038918996293,-1.1314141973003382,1.0235036360591794,-1.1420503380187528,0.152,-1.9677091035800185,0.10308275673318931
0.28604158307674243,-0.3892704815607211,1.322771922163787,0.5444909765500618,-0.9185435625083,0.1988,-4.053204863795405,0.21990425113785478
1.176706302901387,0.5951272228642104,-0.8635229626727937,0.773649194411318,-0.9288002509122888,0.1384,-3.897969570994752,0.08369881129011167
-1.3079365422657572,1.1221730426173613,-0.22780691032861244,0.8563079782758498,1.2739732606557852,0.0717,-3.9162445335202776,0.08014856618828425
0.3522607605665451,-0.31162598326203894,1.0458995009474417,-0.6657239649791115,-0.019411144761963817,0.3824,-3.7961148711641717,0.5682361455866468
-0.6675419604541681,-0.09101000646905799,1.4983937239106284,-1.2147607170718722,0.014316467561156898,0.4096,-3.701185404416619,0.7671936788960305
-0.25293992104756313,0.6501509122041513,0.9276872985981441,1.3911284694424264,0.6995994148132283,0.1587,-4.048461489971751,0.10234951273343208
0.9987126518849649,0.7242207552040711,0.23955067935777463,1.285042205354515,-0.9968160540211023,0.0836,-2.6976888856570063,0.05104838621133115
1.0573046113605917,-0.6295272153420381,1.3326107050096887,-0.5598495867368083,1.460257863278239,0.1917,-3.9769849622607825,0.07187813186966124
1.495573589342345,-0.1550047371562453,-0.934033122208361,0.7632487549850548,-1.1088731827034373,0.1247,-4.284030538538714,0.103041624473815
1.319631602610221,1.0818205327171633,-1.088990690415545,-0.7777322877656861,0.6208547441579548,0.248,-1.4642281211838644,0.150452105351492
-1.1593115405936074,-0.1523788710054521,1.300435819080168,0.6480266750296373,0.7620323690396615,0.0833,-2.7011621123087948,0.0342982336080627
0.5490663698431018,-1.0738111481128114,1.4541910330719912,-0.7073489740703756,-0.11433402592592534,0.3993,-3.8617548157932253,0.8348155047556622
0.9802246993177581,0.9263770789212717,1.0000026280734322,1.4264449260048866,0.5043623452455703,0.2753,-3.7240507109060195,0.12085549103710573
0.6735306211184069,-1.0753128416042677,-0.8475546814460276,-0.23571651977983055,1.0110405805390568,0.251,-1.625056497813312,0.12406025295862678
-0.8222683515474521,0.046422391268754915,-1.1554078146229545,1.1035372052048351,1.4456566184984743,0.0992,-5.584620403009691,0.14649038489155322
0.4330256802627477,-0.9247197865404375,-0.07094974768426665,-0.28972112150934115,0.16201664257560688,0.3774,-2.363080448491582,0.3240087636771087
0.07712157403755171,0.5722771803705866,-1.1670308816626775,-0.2150952685898413,1.3939824213429248,0.1237,-3.7675079567732976,0.07834005816238314
-0.5069419356253994,-0.8116376920750492,0.4610465587474999,1.2558522085455635,-1.2938413064754148,0.105,-1.5627873232664213,0.0508189838874316
1.3842104142833902,0.03651765652079897,-1.1088181250155205,-1.1464579489310216,-0.7312958058259003,0.0835,-4.344158705775075,0.06128826500149397
-0.542912146864542,-0.12928379074315943,1.0059989642571945,-0.08753090450844958,-0.07834257342298567,0.443,-3.925765980087335,0.7189013128070189
-1.294425808926035,-0.4703751557884983,1.2474378215950601,0.9832515330562175,1.1335110903318624,0.0806,-3.33922957484299,0.06181684747686138
0.9593580467065856,1.4724157346967206,0.898690222707947,-0.3555716446821964,0.8277161166561093,0.2642,-3.9212343868255433,0.12669075811781408
-0.21834490471430934,0.2385470249110062,0.8193513565209423,-1.3951678484122791,1.3696904018581804,0.1185,-3.5183618717254994,0.07782108501690256
-1.3670812474915102,-0.1084585119397703,-0.10426737512042039,-0.39086694221771756,1.2717482815221524,0.0642,-3.094872174000798,0.037450103701262415
1.0013195914271753,-1.176128802122739,0.37016961859934217,-1.017195121955222,-0.20209936962613684,0.3941,-5.694501463834775,0.7755746043093215
0.3485335443232054,-0.7319410293882731,-1.3251211966825185,0.7573167665140295,0.654647222415111,0.2468,-1.950625379379595,0.19612289271740266
-0.8862126463440222,0.9379308140033826,0.012535834985595518,0.28697106019701657,-0.8911100014567155,0.1739,-5.042411154499238,0.34678992084201093
1.1308466118271916,-0.6264876982015539,-0.9981388026095394,-1.2080437415600997,-1.041052236538252,0.1485,-1.6364769101772756,0.046528478927187665
1.2382816279465838,-0.448631985755116,1.2054002041840448,-1.3291135989643594,1.1760236241172803,0.2604,-3.6387029464854574,0.11192188860751465
-1.20216239400667,1.0439563184109946,1.1665684880625458,-0.008439498727720984,1.212137570407875,0.0595,-3.504019551621859,0.04649906629142553
-0.4824966082772457,-0.41085016486538617,-0.03559784277347422,-0.40014511794834107,-0.9501177155652698,0.298,-8.013167089936813,0.4647434181079985
0.18952802603886942,-0.003260021738186847,0.29521120702495507,-0.46151717855479424,-0.7978051701982394,0.2511,-5.782574278809761,0.4987497485982074
-1.229462923695603,0.27544131279614104,1.0185815582429303,-1.3716495172668526,1.2765380601079341,0.0704,-4.040599759812011,0.06595413885321505
0.015903741830612272,0.7666680739389093,-1.441076271099603,0.1432022831745403,1.3466833964198566,0.1063,-4.382948835054882,0.09770430042141663
0.4844043483957896,-0.5328766906202536,1.2826870815736409,0.8355256542251466,0.5624641806037007,0.2732,-3.015014044900084,0.19238344041139274
-0.8339636233847896,1.459809276596319,-0.7417246002058397,-1.365091243456936,1.194629965215113,0.1361,-3.6736065274077028,0.10122554637625768
0.8205323621592853,0.9057817926847482,0.7343896585522991,0.8921589381853767,-0.19381316754055478,0.2251,-3.697572249230907,0.28871057555781693
0.5573817852138325,-0.1577009363229891,-0.06731771454139812,0.6777636096535704,-0.050352242629069455,0.3902,-3.37639511449448,0.41636126717218847
-1.0813346139635787,0.41019894795458933,-0.1119866332686843,0.14706076645842825,0.6645093995298201,0.1823,-3.857129209025371,0.16548940070130128
-0.33080353793295103,1.0517565121778496,1.108133567072279,0.9726104881721724,-1.2474154319386732,0.1345,-5.192283182296448,0.21943865736962326
0.8024425746761263,-0.4465521287871068,-0.88116676155572,1.1339977933963423,0.6260680044833697,0.2703,-2.596716588305194,0.168109924287044
0.16236122127416364,-0.7360007951798102,0.6050976405973718,-0.3333458840152512,-0.12752889556708613,0.4276,-3.353125505070444,0.8975838219203939
-1.3922673998194737,-0.8235921555310165,0.11327914438282205,1.440523642734954,1.1529743310354617,0.0965,-2.3463198240024843,0.04181688008368268
0.1742161353705205,-1.00209808890717,-0.017557905742548563,-0.9163132838690747,-0.36219465506840187,0.4012,-4.797032250188405,0.7264254211172705
0.8610921297613388,1.3250352480180965,1.4906806333651614,1.1551827575892784,0.3899883576217773,0.2626,-3.6324747344985235,0.12345147064094049
1.3317922744159318,-0.9326243305185218,0.5984493526914609,0.49107987204555403,0.7541429914580751,0.3077,-3.8705859700185172,0.17389909199209685
-0.10172438342530343,-0.5647428144995172,-0.7949961168802849,-0.7320693077782809,-1.4793393556100682,0.3667,-6.61719083488476,0.5813515322705601
-0.6871186412351558,-1.457505877741514,-1.3274453559126849,1.436477183010111,-0.6522631321870296,0.3752,-5.507353194333333,0.8159688918812875
-0.16965006897202262,-0.6736206075978337,-1.2145047237281186,-0.37064768314304275,1.134295794978045,0.1841,-2.171273961889559,0.06469625389651865
0.7559327737390635,1.1762660093301145,1.4450904488186116,-0.6867472230173071,0.9239520993368373,0.2503,-3.8232214464858325,0.12027451788370995
-0.9675495280537865,-0.5118488872587346,-0.9026591791488996,1.001209637265065,-0.794388036139847,0.2783,-4.483476712276586,0.35897779252856576
1.1655706729323887,-0.8651195716325638,0.11525244436077253,0.043609252708630475,-0.7137415017662845,0.2309,-5.982266151097073,0.19284561273154713
1.4927234880612366,-0.769013574206959,-1.0326118185500608,1.33990884273362,0.37278136055836275,0.2787,-1.7344731704883165,0.18840661349386728
-0.2878116798995056,-1.0788696091277155,0.5332041417143993,-0.18126683687902978,0.707927621404659,0.2087,-3.7039124303566924,0.18997212508677416
-0.1329695710758776,-0.23706368123534904,-1.2265054816497334,-0.10853777934992603,1.04693669911968,0.196,-1.7798366165459945,0.08233829281471318
-0.8438312573749857,0.4530557372102817,-1.1668451656159653,-0.8324391309692447,0.580370407065419,0.1818,-2.630311848515916,0.07509917663410533
-0.2567749750012631,0.796224494386272,0.04320177745177567,-1.0554226999328067,-1.2094251770322886,0.2696,-5.724818635463122,0.41197144846566996
0.45513077085144893,1.0406772543999327,0.9760338368781456,0.050917045147385265,0.23320539014318697,0.3248,-2.4885631654923306,0.24862910363769142
-1.0177863582779776,1.2078574587345727,-0.8769563249972787,-0.671405531380505,0.4170631339141644,0.2888,-1.803597046886539,0.10241662750437995
0.7868285028153084,0.17104281863756277,-1.074728662678361,0.42720636147004676,-0.708673499861721,0.2228,-5.990184771178353,0.18414618881113698
0.5628065900699468,-0.5362874026622876,1.380566097838111,-1.220985868176119,-1.3171430085481188,0.2636,-6.334764800151192,0.3386552610925191
-1.1051372139188218,0.865380007462623,-0.6981276372885663,-0.860370122299153,-0.05297395488952139,0.4123,-5.9332132336736185,1.0026023371751067
-0.3871090485898301,0.3571534536766161,0.7439340442828328,1.1365919867632264,-1.3578025418475421,0.147,-5.962533931721673,0.24607416974713042
0.40068856209775316,1.0589629450338172,0.1233083462579021,-1.2176534304838462,-0.9538628302734022,0.2079,-5.336622676633146,0.40056123409917727
-0.06445289201952287,0.4747306436578249,-1.2201426932181787,-0.3104414444650643,-0.2732606070419825,0.4372,-5.132579434188226,0.9059682990217438
-1.1850259947643154,-0.7977138836597023,0.4627605354952642,-1.4740459991962318,-0.6812248130170946,0.2432,-8.31907883401161,0.4544173129776449
-1.046075887683834,-1.4377872125846118,0.5553160297050503,0.4673588787789522,-0.48341817158051215,0.4215,-4.979183290271921,0.986794723629244
0.381196650698449,-0.521336406651534,0.11818387438792799,-0.931753769066195,-0.7594730539914969,0.2194,-4.247399538261499,0.22025329312703779
0.5838490121098401,0.20207382897409376,0.190662215720955,1.4601781758740104,0.9008506359108743,0.2766,-4.215923153286463,0.17186112140171986
0.5260108192185902,-0.29843926652483166,-1.4058144972880713,1.229342443522793,-0.72367720055448,0.2644,-4.844044552734631,0.24236898307504062
-1.4947947915750563,0.6534409631334288,-1.0354918283770254,-0.7118133243556091,0.7397215381933817,0.1338,-2.5658743779438686,0.08482348993688121
-1.4840664427736445,0.06508109863639988,-0.4934075556956228,-1.4210208016739179,0.5884644435649022,0.3335,-1.8395160204263297,0.08289865978701086
-0.5442704960167778,-0.04658284760398712,0.5891672194370448,-0.7095953849316633,-0.26944534059669234,0.4393,-6.921283691275034,0.985655467680479
-0.8597427999640619,1.4358849740302677,1.0781578895952384,0.9272804675925888,0.9603059756332208,0.1293,-4.076220256209723,0.08754705014665112
1.3417402599232457,1.2646462387784765,-0.45109084251573983,-0.614421946960177,-0.8475838058093177,0.1858,-4.531065399581371,0.16069409467665355
1.131914513316965,1.0118326604074386,0.3404387905930144,1.1844229488868918,-0.12929426474657357,0.2861,-2.5487772896982612,0.2061579504681316
-0.7481136199322671,0.9174153241318539,1.3923286997365807,0.23277697209784587,-0.3570403326006133,0.4369,-3.406573644166894,0.7559148877616804
0.5037574129730613,0.9684596838303006,-1.2441765246214591,0.020907181839241007,-0.2306278829201842,0.3673,-4.375728277394013,0.7186345602526312
-0.5713194986905076,0.5878312474544716,-0.2815123120256069,-1.1700065632122727,1.264120187193524,0.134,-2.892663250685685,0.07145911075479189
-0.30627888663539826,0.03907536206191109,-0.6771760481262288,-0.1422470530460842,-1.2222925897910613,0.2877,-4.865135634039147,0.3696848410866363
1.4655635252952317,-0.7325861547771142,-0.35696096509021147,1.302674751601283,-0.4486341763540609,0.3659,-2.5256301626241804,0.493963283685832
0.7967667550430444,-0.30538213855629404,0.27759791743087314,-0.27118790272334214,-0.8973056165558245,0.2204,-5.066428812286396,0.2633675459769475
1.3573929696935414,1.2331283149127668,0.08561220117957236,-0.5663862008159104,-0.37338480620578984,0.322,-4.38347678220203,0.41186319070764066
1.0441492477520682,1.0211406594372066,-0.8027842931880129,0.9936449003181149,-0.06435813868829388,0.3428,-4.893842723047205,0.2829179461345798
-1.2168460283778826,0.2483946222454958,1.402663216847298,-1.4323947379335442,-0.5152786754442982,0.3827,-7.3160225865402895,0.585704275721584
-0.4050782721441153,-1.4359550231520846,-0.42438669269925433,-0.4789841991569077,-0.638540289671012,0.3216,-6.343152800736571,0.43089991544164125
0.5245119258066495,0.9078850408701289,-0.2044191880378312,1.0747538277405249,-0.3909833487102583,0.3773,-3.2845758029039884,0.5636200609218953
1.0741899817553482,-0.19475471036642467,0.12278784743117321,-0.3973763273520554,-1.193641457528427,0.2057,-4.683383328519818,0.1998420123223106
-0.892842227585884,0.46912358476466687,-0.7332579492432718,-1.0386898925772907,-0.961208565500159,0.2274,-5.371875574481553,0.28375285618595275
0.9843670703820218,1.112486084177427,-0.007103772716649859,0.7539889745052015,-1.3877120648765393,0.1503,-4.660249011349433,0.19023940025485223
-0.53515086164545,-0.3439799419151284,1.11385873861329,0.2616695251733643,0.9355747221710331,0.1453,-1.8413623316116345,0.04883162431012542
-1.4204937583157202,0.9739983418750384,1.4291018738707373,0.34703201886652524,0.053312528079160426,0.2528,-3.2846727167150687,0.16092748968177617
1.016799370175189,0.1308361876871864,-0.33175918777437063,0.7394684476289815,-0.718420385919788,0.187,-4.331308154284534,0.12134534578093248
-1.3349594599623082,-0.7450009862163341,-1.3476964690227295,0.6524917314504428,-0.4001488983660275,0.4706,-4.9830263037792815,1.0440230092217708
-1.2487145387553065,0.20524695458507392,-0.7300643653679787,0.29904057561993325,0.7374118880436598,0.1678,-4.398650377280598,0.15722709995976897
0.6427751268815207,0.27692664707101655,1.4195907213548478,1.245576121618737,-0.8881801552149734,0.1711,-3.3514146877203315,0.10863156077799993
0.0025107986796539805,-0.6322954607706606,1.2356249714507976,-1.364253481594966,0.3956686319347458,0.3418,-2.066322210300374,0.24685571689822597
0.3869118239074225,0.06727631919951405,-1.437277638961275,0.11768495759813247,0.00783254451384896,0.4169,-3.3179629817689236,0.4626784314274222
0.6182884578289163,-0.7938288935998683,0.7496352404947695,-0.31609852887966605,-0.1480115105840123,0.4016,-3.433454575808688,0.8075262012956451
0.5380806010724486,-0.716927133697604,-0.6462395941933591,1.0140347233949774,-1.242934504694922,0.1737,-3.57397947654728,0.1349803345272072
0.153859940419256,-1.2589164980022625,-0.28714569872083384,0.9524031114381448,0.553184523066145,0.2545,-3.6983206904259727,0.20633168752917422
-0.3380736304083183,-0.8396555338689617,-0.47521571344491265,-0.37734799267592933,-0.06008733129044219,0.4469,-3.445758319591565,0.9040165351892745
0.18461243858005405,0.2535089858604609,-0.7452745024181999,1.4312876621103134,-1.499317631962941,0.1769,-5.124159299277629,0.24800693534542212
-0.3745798821343722,-1.1550982748739325,-1.2722776691704099,1.1604406491571777,-1.170284746669185,0.2578,-1.239034744006755,0.0894338423186516
1.070217968671023,-0.23516793709937045,-0.5337367796178445,0.35972553618656544,1.375530127520062,0.1567,-5.1128841044146105,0.08265248541711318
-0.3576215062158623,-0.6798779763751224,1.0645364647331346,0.4417854518752091,1.3909692101494517,0.1197,-5.014033592278151,0.133391728821603
-0.17651653564735348,0.6932020923346198,-1.1111737630728207,0.27675670977914213,-0.8493402829693875,0.2112,-4.619204539202393,0.3135954061278443
1.026452150635639,-1.4240070552854294,0.32601336052011765,-0.15144170213197494,0.8980036851724398,0.2956,-2.757772011438718,0.1646548561885134
-0.009968278348225779,-0.398410770395877,0.2569222454202915,0.9924272254662951,-1.1790560649377708,0.1864,-2.7261721811491353,0.14779701449905414
0.32135168482870835,1.1181286825441203,1.2143292026844925,-0.059706257070014424,0.4465939733024338,0.288,-2.334622235174626,0.23769747277008582
0.5432279845497492,-1.2845412652191248,1.1845853417377477,-0.14611415802261174,-0.09321623359628295,0.4315,-3.7620928121956005,0.7327498399373948
-0.5495337177851904,-1.3428251468308265,0.932771277146232,0.6317516956553666,0.4004136246746077,0.2178,-4.287988100049587,0.1958100168909251
0.24206603948979577,-0.4198237929870685,0.5302270956189008,0.3393053618110551,0.12963010543052356,0.3133,-2.7429615236873306,0.2717848486135364
-0.9178050252161579,0.5591635243575008,1.3023857475671639,-1.079420828636759,0.8592676506869221,0.1657,-4.450811888431208,0.14229201564912322
-0.0528754717752018,0.8552073426724656,-0.3576658198418554,1.3151782810745711,-1.0803429582494557,0.1823,-3.7231901224686137,0.20713995238092175
-0.32752279095772807,-1.2048601825315401,-0.1582621957876511,-0.9219346069194344,1.4615740424991133,0.0934,-1.2038104266397993,0.021654248561632745
0.5528448412168299,-0.3682239925452251,-0.2885994888271992,-0.7196329306911337,-0.1828647891733226,0.3749,-6.548669533968629,0.8547164178432922
1.333119133567839,1.1156200214607814,1.1058060707680482,-0.32890209049713004,1.4824594134893507,0.168,-3.4273635333726773,0.04920990851323922
-1.1024138254796596,0.4307105310385644,-0.43136055850657695,-0.8822827850598717,-0.3654064263548735,0.43,-7.181427019121912,0.9046921099973119
0.4764697284411228,0.10333801210294036,0.9363532989553058,-0.25395770873973067,-0.3261092638026142,0.4139,-6.700605860692044,0.6596789091673497
-0.44549437811380477,0.014567350702187287,-0.276105982062423,0.05960558834558727,-0.4532467504678279,0.3953,-5.561559354008973,0.717457540281502
-1.2102652341578781,0.5828410469511986,1.0592288548227313,-0.9435234256740703,-1.4223029330952586,0.2473,-8.514675119105727,0.4003053979707238
1.2322394048846323,-1.2235301124711504,0.7800034634214357,-0.014746373334059593,0.04589156446348941,0.3909,-3.736277956188397,0.33860159879244073
1.1094076261914392,-1.398945975275235,0.18440474003385354,0.8436937272378202,-0.9225030585765246,0.1417,-4.558010380430855,0.1283701678865386
0.835182986100377,0.29231023921194343,-0.5699755429538391,0.9975377664187306,-0.938971875678529,0.141,-3.972951468099032,0.09421192250595198
0.17930569717762568,-1.2800756348560363,0.27171353650970254,1.2668798779087633,-1.3713209168840619,0.1436,-1.9748264462212084,0.072313898415261
-1.2755863497130726,0.6769044258584276,-1.3728691849745962,-1.4669324023748758,-1.3276912445559463,0.1927,-4.694668628051708,0.29369933805768017
0.1889664087509142,0.7633024292014037,1.0224678631431061,-0.2730311863667334,0.5141763700700825,0.2698,-2.1910249323032267,0.2228954670827272
1.3130349114253175,0.5318880117620073,0.2627661076184957,-1.2597276287161827,-1.0455140268895615,0.1672,-4.766382808131566,0.13857191991659723
-0.46878995377501353,-1.3761391811381096,0.15365870265317438,-1.0708856281599062,0.5516903531550326,0.1939,-1.7187440394649462,0.05839534704088368
-1.1388050026416345,0.5190038515612696,-0.5541733230541216,-1.1939643696014217,0.050156224104096925,0.4255,-4.792615389509366,0.9516276837229725
-0.4409059399520747,-1.069820223880002,-0.4409767276227958,0.010186909753069129,-1.3384885399062632,0.2762,-5.806761302452822,0.39350288521125776
-1.2442853710484858,-0.8912338866657926,-1.1043163238714868,0.935613290761363,-0.34145744211534845,0.542,-2.794938928566673,0.9327813102216922
1.0505334048994137,-1.1658294232951094,-0.09618574006953207,0.5258344480474277,-0.1586655654672242,0.3967,-3.1956539755487854,0.6207659301977648
0.9818376441154033,1.01879319231998,0.7593054689403478,-0.03981395608822069,-1.2707168801775985,0.1545,-4.874625923112371,0.24278623996243354
-0.7866739296834689,-0.6954969825344686,-0.4367267898663161,0.6298191873131969,0.020777295435014498,0.4395,-2.7990067282337354,0.3545570943678543
0.7181060653180826,-0.24664397697189444,1.1262875390012987,1.3445530372390473,0.3799422829214236,0.2618,-2.972534490651422,0.17502208738430675
0.2050693924574123,1.269364716993917,1.4776615246933806,0.7280532336079393,-0.2070684530718392,0.2795,-4.910242169995891,0.3599135088755768
-0.28160761917938837,-0.6712776937531351,-0.42176943221897445,-0.7729184082168973,0.8836481841106796,0.1998,-3.065690506570842,0.1416303722474727
0.5401560915155543,1.4018226606087318,-1.0983981248255914,-0.07335873325885123,-0.1339468082138573,0.3761,-3.496307545416161,0.718757761975147
1.4809295014471302,-1.2147546453153963,-1.4251687406363878,-0.6992019038694166,0.33925767515102745,0.3254,-2.7179931770522905,0.13753140189184035
-0.8624247390335062,-0.5262460609523172,-0.11800050728334832,0.015627910611085483,0.3051711096280081,0.2973,-2.1698009000583953,0.14674773870321944
0.7723493794888192,-0.4382966968777777,-0.6087015602368304,1.4992754422946373,-0.6436704017054727,0.2897,-3.2856472479732903,0.43195687448306636
-0.9656794928494675,0.9112847804373181,0.6006323202649226,0.1714084367495594,-0.8123189785030026,0.2195,-4.206590657182313,0.3310892972792536
0.7806803276343657,0.39831906428670205,-1.0609369277539662,0.37022405241024336,-0.2760867668912388,0.3579,-4.225897432280247,0.5957761905617739
-1.439893805791576,-0.79806152446704,-0.7373141149732653,0.1060558817594246,0.4640635892478939,0.1653,-2.8279647943737616,0.07792862068973347
0.14688390621631742,1.3153975883338669,1.265718450920665,-0.7699075416935053,0.7969291613149538,0.2702,-2.2434388494691926,0.15453415665328274
-0.8277522845361636,0.17423448121398444,0.47999286708214983,0.08306274243860612,-1.4735871820953383,0.2268,-4.808570087009877,0.2756838825735525
0.23936467309397913,-0.908132900357151,-0.9682291674135929,-1.1201397598905443,-1.380040562743403,0.2518,-5.9989965404953045,0.4507615753261887
0.37448600689482836,-0.3643492634966834,-0.7673275986943021,-0.606155253327441,-1.419823086312609,0.3296,-5.8512931048650065,0.47474627261115454
0.5683758184988359,0.5276696761592259,-1.1865076128714067,-1.0991073867503178,-0.7557917064425109,0.1768,-3.3942181919612415,0.10347556999796384
-1.2597102653654209,1.083387455053745,-1.3629397060913981,1.0702309866786237,-0.16058472897436182,0.5086,-3.1754368683066048,0.6665718561362135
-1.4479455228166576,-0.07368098580599258,-1.402049283700761,-0.8457600576167776,-1.4634626935666022,0.3336,-10.150952322152698,0.6353468188901498
1.0832292823801315,-0.5973851022695782,-0.08661096999340501,0.6858944206918389,-0.6054881701139456,0.2376,-3.35712971565114,0.28578067776683835
-0.025361163386163676,0.00017616839895207015,0.473736524832312,-0.3528954545572289,0.6352896213486976,0.2333,-2.487267550355763,0.20187244914704885
1.1190245798408744,0.4230712598926676,0.059554451136513364,0.33373976458324384,-0.6175029020954176,0.2111,-4.034829367590443,0.17757376359666271
1.0908201768007335,1.482649148065601,0.6656740709814115,-0.06622121021226368,-0.5797809327531049,0.2193,-5.2520318963001,0.20740604849372385
-0.20921711281723532,-0.2720512030275395,1.4851644795859498,0.9475198832759442,-1.2164386042508553,0.1786,-3.054774628211693,0.1999238453658375
-0.5949046125687144,-1.2423866185404167,-0.3341314612868582,-0.6030610616496891,-0.6802435699043684,0.3072,-6.018950473791123,0.4206350570585637
0.3888747859499513,-1.0244229247980765,0.6093734151102428,-0.23913223574560183,1.1420940393924597,0.243,-3.704549546865188,0.14640772437806088
-0.08579542136154528,1.338793055396661,-0.0037482823116488095,-0.17011204782585332,0.2920043338782099,0.3002,-2.4526612328498114,0.24621468692698628
-0.9187749946847275,-0.35917916806335426,0.0350448212220158,1.2974635765483278,-0.11835956232659628,0.4195,-2.6403120346899054,0.3528621526694119
-0.5522586213558789,-0.944989728621435,-0.4822207790672113,-1.1800535799512772,-0.28269186746788555,0.3528,-5.488202084469178,0.6924869297855681
1.1124041934665407,0.3333773334764545,-1.0308523461070567,1.1106107256000435,-1.026297546130706,0.1133,-3.8229133974608915,0.08571795667488732
1.1381579284565473,0.7615029936741369,-0.8753259729949716,-0.745431649535023,-0.5722436227555554,0.2137,-4.694995690545262,0.15434537742556545
-0.1647187087421642,-0.7553911735176202,1.0687827356918582,-0.04921276024570487,0.01644944902463541,0.4272,-3.5817564745988797,0.4695568726566378
-1.4105100684429217,0.9522101082182104,0.8938813123041203,1.192263276760126,0.7881874930823978,0.0509,-1.8047811019438487,0.019139581028003404
0.8257458309370849,1.4696519310840586,1.2687808022203373,-1.225459411958626,1.3885934336489831,0.1727,-3.8659193502838023,0.059384938345581416
0.6145609749564045,1.0660833878874865,0.966223736856477,-1.059467499350657,0.9919708607256834,0.2688,-3.6384377868969824,0.14546120567158932
-0.18710778575173315,-0.11684220031843195,1.1589697507942782,-1.3092249671413083,1.1300114538883808,0.1774,-3.1694033928973586,0.1062514459975877
-1.3718412131120108,-1.2495892978135892,-0.6625575839112305,-0.5316075085517967,-1.2670587661975514,0.343,-8.740964313784595,0.7235284766658816
1.1507179919653945,-1.1507118240363436,0.09152975334523084,1.2727536402337933,-0.2712038012495408,0.3679,-2.774059913718425,0.47110712534099486
0.5053110704623922,-0.8549352987632293,0.5652459267250096,0.03867249082798674,0.10633933574002574,0.3725,-2.928278295972647,0.3421753720172762
-0.6212742170140562,-0.7230256154548792,1.2601397527744203,-1.4144902373702957,-0.8577688991664474,0.2301,-5.4542648732091665,0.37216086916848734
0.050528667119535964,-0.039947259409330416,-0.03698229208243653,-0.17295230951979468,-0.022989390939857746,0.3808,-4.212934998986699,0.6330524045631806
1.2450649759592536,1.3817304013265996,-1.4515715756423304,-0.9393514321789904,1.1138805572605297,0.272,-3.3382297496757403,0.11978683200811388
1.0881315262704687,0.959566963701032,1.1037357095487055,0.907795888484582,1.0582829233695152,0.2943,-3.996851648003714,0.14186311854190217
-1.4357809939544344,-0.20894694634330335,-1.4136319067286232,-0.46823666879225967,0.02828838521930832,0.521,-2.927535493333786,0.8927028584048395
1.1636390323970431,-1.1468087034894558,-0.42718320023431255,-1.2883436500551406,0.21541242017367512,0.3832,-2.571702418630845,0.4418422705009252
-0.10373020168783564,1.440572154884058,-0.8215247070357569,-0.24523774365150475,1.3254524492953124,0.1336,-3.732849037080839,0.06811239240506715
0.2344290714055064,-1.200781384846322,0.22949639532578203,-0.06418789246844936,-0.46267785597895505,0.3641,-4.948548006232056,0.6350787255766703
-0.519712648812374,0.7462824857205592,1.2967638870517209,-0.29960579943230825,-0.8304630166562261,0.2638,-4.848968310371825,0.40116557599053804
0.005452815341258965,-0.32088933483282966,-0.1851759893165903,1.2152318684148442,-0.05769755443681435,0.3536,-4.267931932103533,0.34826181286135655
-0.6846620941890662,-0.10218808399806711,0.07734666370777932,1.1267456997810892,-0.7005390761194736,0.3266,-5.102766638854019,0.5339177680662504
0.8550563295544764,1.3774270392264625,0.6380508678381691,0.8470764642710886,1.165845247321518,0.2868,-3.9565620751184736,0.15370674384922564
0.5357920953633135,0.11184416183751855,0.6300943179483456,-1.130228718085655,-0.07148392021444727,0.3393,-4.079967396830633,0.4879391229499766
-0.12944419147956987,-0.09956956945964324,0.3029793744074416,1.4687758132347897,0.38542897924482733,0.2158,-3.394490783109623,0.15753572377846997
1.3653181620983146,0.5384086902595979,1.436635005695321,0.23454589227237355,1.2891930926192856,0.2718,-3.633846776340733,0.09884673565015079
0.07993163482369181,1.216826314226633,0.41586303351354226,-0.2833684868374451,1.2558282012825717,0.2095,-3.983421939383219,0.10272718697442419
-1.14987931595909,0.9287906386440326,1.2089287607271926,-0.8404758650949706,1.4895698123334067,0.0691,-3.474721223429797,0.06291251950204667
0.607577263444214,0.5898473950882073,1.2278425122667507,-0.8772461665117652,-0.4925816997500083,0.3183,-5.202598688971593,0.3626703104312051
0.2142268605123061,1.1314569787810287,-1.0624551516151948,0.46021475999359196,-0.8436485826894786,0.2062,-4.0941160479012675,0.2561174523693965
1.3770893430112592,0.5024263912623317,-0.6339209722218815,0.17859800035142914,1.2001543640004266,0.1987,-4.2975478488685335,0.0588286198293443
-1.4887691193383683,1.0917797310944342,-0.5191772586525653,-0.9098977783292316,1.419651371362244,0.0397,-3.380553551548199,0.044320687843227694
-0.16624940324117699,-0.9933058086432228,1.4187999677653456,-1.386479412807291,-1.3210119895501033,0.2941,-8.058098022583843,0.4408434661070668
-0.854455501996471,0.02084496572364447,1.4422805822738494,-1.0000115862484726,-1.2581720316921758,0.2643,-6.730866597431639,0.4278328528911258
-0.37838380090897705,1.24692077405208,0.5096253256093104,0.5023949614777417,1.4102958083032133,0.1376,-3.9370779258837008,0.10118664155238748
0.4495596674590292,-1.3792002102094307,-0.6374907642561403,-0.8749420796231238,-0.24249262625899437,0.3655,-5.662486308736414,0.6717030630642078
0.13570719247577845,-0.6135145737296912,0.4276719305248169,1.0040316165408623,-1.1595412180433848,0.1741,-3.4295549457197048,0.1586840837743243
-1.4084235448751978,-0.1616269363606344,0.7009879107534265,-0.6375833939175479,0.33623318163380156,0.3012,-1.9882512994792518,0.1207833754389192
0.041689238826506436,0.13745682807107995,-1.025419457929702,-0.16454951061930068,1.0735793529089812,0.2205,-1.684089111493575,0.07196999802773266
-1.4600073864641765,0.899597701380459,0.6086114172422468,0.5987753782240732,0.5100103329943435,0.1709,-4.512806763488255,0.12896208088671324
1.2789980075478438,-1.354488619944014,-0.06028921999025805,0.2446221411052094,-0.8025423177582953,0.2073,-5.504358599925075,0.17629995373468715
-0.846878230889023,-0.8886140560736344,0.8492582552364736,0.2659683786450491,-0.733331366550388,0.2987,-4.317535999068158,0.3666665777711368
1.4549262401085081,0.05176561853209538,-0.6326061363124554,-0.7149673758860917,0.984712235855211,0.2986,-3.3001328363665383,0.14748639608303477
-1.0072370093976502,1.3908014814260543,1.1499424418196398,0.04600154957463354,0.3776797831636922,0.2628,-4.0442943604286805,0.217276673141835
-1.463422019796302,-0.44255521591904246,-0.9423028040414803,0.851443659757884,-0.2485311911527932,0.5799,-2.8569909671058964,0.8921839643178923
-1.3430897577413397,-1.349677805497867,-0.2825835737443265,-0.9616081208258305,0.8113105644207548,0.0995,-2.3075572256691044,0.06692134719330695
0.7026580419894155,-1.2395577929887978,0.643041168804313,-1.1525703506661444,0.11108799918954837,0.3577,-3.5050103741345886,0.5172705730511923
-0.8819567612306669,-1.2937089444064809,-1.1512883318819307,0.4837882209911144,0.6210148918423335,0.1477,-3.2732443475282875,0.11965068770421103
-1.255691813565478,1.0006043617827323,-0.8656609157136086,0.9234758980509743,1.454862125081478,0.0663,-4.140182116205128,0.09506667419752297
-0.5870724158025908,-1.2275588334754581,0.02634322835282088,-1.0628723481730358,-0.3972478092022087,0.3941,-5.58508402236478,0.798907584785782
0.3102601405073506,-0.5630027064307338,-0.7573228948743392,0.31281881356102703,0.6426228024901861,0.2467,-1.90826282589482,0.2169071794420222
-0.42485905209509256,0.016189513117514487,1.4461382128101326,0.4256007672768485,-0.9824956137725634,0.1799,-4.284328112992654,0.2675824695549419
